# Blender 5.1.0
# www.blender.org
o Chassis_havok_s_rightTrack_0
v 1.526022 0.499922 1.046932
v 1.290977 0.588865 1.037123
v 1.290977 0.499922 1.046932
v 1.526022 0.499922 0.049687
v 1.290977 0.588865 0.039878
v 1.290977 0.499922 0.049687
v 0.843239 0.533585 0.402810
v 0.788444 0.478788 0.324338
v 1.297106 0.478788 0.134699
v 1.297106 0.533585 0.059496
v 0.843239 0.533585 0.059496
v 0.788444 0.478788 0.134699
v 1.290977 0.478788 0.249136
v 1.297106 0.588865 0.255676
v 1.297106 0.499922 0.245867
v 1.297106 0.478788 0.249136
v 1.297106 0.478788 1.135213
v 1.297106 0.533585 1.060011
v 0.843239 0.533585 1.060011
v 0.788444 0.478788 1.135213
v 0.788444 0.478788 1.324853
v 0.843600 0.533585 1.403325
v 1.290977 0.478788 1.246381
v 1.297106 0.478788 1.246381
v 1.297106 0.499922 1.246381
v 1.297106 0.588865 1.256190
v 1.526022 0.499922 -0.751378
v 1.297106 0.533585 -0.941018
v 1.297106 0.588865 -0.741569
v 1.297106 0.478788 -0.865816
v 1.297106 0.499922 -0.751378
v 1.290977 0.588865 -0.960636
v 1.526022 0.499922 -0.950827
v 1.290977 0.499922 -0.950827
v 1.297106 0.478788 -0.748109
v 1.290977 0.478788 -0.748109
v 0.842879 0.533585 -0.941018
v 0.788083 0.478788 -0.865816
v 0.788444 0.478788 -0.676176
v 0.843239 0.533585 -0.597704
v 0.842879 0.533585 -1.598219
v 0.788083 0.478788 -1.673421
v 0.842879 0.533585 -1.941533
v 1.297106 0.478788 -1.863061
v 0.788083 0.478788 -1.863061
v 1.297106 0.588865 -1.738814
v 1.297106 0.533585 -1.941533
v 1.297106 0.499922 -1.748623
v 1.297106 0.478788 -1.748623
v 1.143466 0.055770 -2.618479
v 1.676568 0.055770 -2.618479
v 1.143466 0.146241 -2.589602
v 1.676568 0.146241 -2.589602
v 1.525928 0.410826 -2.739574
v 1.291067 0.410826 -2.739574
v 1.291067 0.326329 -2.709766
v 1.525928 0.326329 -2.709766
v 1.297145 0.478679 -2.747026
v 1.291067 0.478679 -2.747026
v 1.291067 0.250795 -2.662260
v 1.291067 0.478679 -2.675301
v 1.291067 0.533730 -2.597986
v 1.525928 0.250795 -2.662260
v 1.291067 0.187209 -2.598917
v 1.525928 0.187209 -2.598917
v 1.297145 0.500017 -2.749821
v 1.525928 0.500017 -2.749821
v 1.525928 0.588781 -2.739574
v 1.297145 0.588781 -2.739574
v 1.525928 0.673277 -2.709766
v 1.297145 0.673277 -2.709766
v 1.297145 0.683946 -2.942643
v 1.297145 0.533730 -2.942643
v 1.297145 0.478679 -2.865328
v 0.993693 0.683946 -2.942643
v 0.843053 0.533730 -2.597986
v 0.787919 0.478679 -2.675301
v 0.843053 0.533730 -2.942643
v 0.993693 0.683946 -2.597986
v 1.291067 0.683946 -2.597986
v 0.787919 0.478679 -2.865328
v 1.291067 0.326329 -1.989713
v 1.525928 0.326329 -1.989713
v 1.525928 0.250795 -2.037220
v 1.291067 0.250795 -2.037220
v 1.525928 0.187209 -2.100562
v 1.291067 0.187209 -2.100562
v 1.291067 0.673277 -1.989713
v 1.525928 0.673277 -1.989713
v 1.291067 0.139840 -2.523465
v 1.525928 0.139840 -2.523465
v 1.291067 0.139840 -2.176014
v 1.291067 0.749239 -2.037220
v 1.525928 0.812398 -2.598917
v 1.525928 0.749239 -2.662260
v 1.525928 0.109967 -2.260781
v 1.525928 0.860194 -2.523465
v 1.525928 0.139840 -2.176014
v 1.525928 0.096311 -2.312014
v 1.525928 0.112954 -2.452671
v 1.676568 0.112954 -2.452671
v 1.525928 0.121489 -2.488068
v 1.676568 0.020776 -2.475027
v 1.143466 0.020776 -2.475027
v 1.143466 0.112954 -2.452671
v 1.291067 0.112954 -2.452671
v 1.291067 0.096311 -2.312014
v 1.291067 0.109967 -2.260781
v 1.291067 0.121489 -2.488068
v 1.525928 0.749239 -2.037220
v 1.525928 0.812398 -2.100562
v 1.525928 0.860194 -2.176014
v 1.525928 0.894334 -2.446150
v 1.291067 0.812398 -2.100562
v 1.291067 0.860194 -2.176014
v 1.291067 0.860194 -2.523465
v 1.297145 0.738997 -2.865328
v 1.291067 0.749239 -2.662260
v 1.291067 0.812398 -2.598917
v 1.048827 0.738997 -2.865328
v 1.048827 0.738997 -2.675301
v 1.526022 0.749104 1.957438
v 1.290821 0.749104 1.957438
v 1.290821 0.812626 1.894400
v 1.526022 0.812626 1.894400
v 1.297304 0.703144 1.986578
v 1.526022 0.673251 2.005014
v 1.297304 0.673251 2.005014
v 1.290821 0.703144 1.986578
v 1.048777 0.738642 2.226837
v 1.297304 0.738642 2.226837
v 1.297304 0.684087 2.304148
v 0.994029 0.684087 2.304148
v 1.048777 0.738642 2.037128
v 1.297304 0.738642 2.037128
v 1.290821 0.684087 1.959817
v 0.994029 0.684087 1.959817
v 1.297304 0.588804 2.034749
v 0.843471 0.533502 1.959817
v 0.788723 0.478948 2.037128
v 1.290821 0.478948 2.037128
v 1.290821 0.533502 1.959817
v 0.788723 0.478948 2.226837
v 1.290821 0.478948 2.042480
v 1.297304 0.478948 2.226837
v 1.297304 0.499873 2.044859
v 1.297304 0.478948 2.042480
v 0.843471 0.533502 2.304148
v 1.297304 0.533502 2.304148
v 1.526022 0.588804 2.034749
v 1.526022 0.499873 2.044859
v 1.290821 0.410942 2.034749
v 1.526022 0.410942 2.034749
v 1.526022 0.326494 2.005014
v 1.290821 0.326494 2.005014
v 1.526022 0.250641 1.957438
v 1.290821 0.250641 1.957438
v 1.526022 0.187493 1.894400
v 1.290821 0.187493 1.894400
v 1.290821 0.139664 1.818279
v 1.526022 0.860081 1.818279
v 1.290821 0.095199 1.695771
v 1.290821 0.110145 1.733831
v 1.526022 0.890726 0.747614
v 1.526022 0.890953 0.535685
v 1.526022 0.891858 -0.256603
v 1.290962 0.891858 -0.256603
v 1.290962 0.890953 0.535685
v 1.290962 0.893216 -1.449925
v 1.290962 0.892084 -0.452229
v 1.290962 0.892990 -1.264080
v 1.526022 0.892084 -0.452229
v 1.526022 0.860099 -1.176048
v 1.290962 0.860099 -1.524915
v 1.290962 0.860099 -0.523959
v 1.290962 0.860099 -0.178352
v 1.526022 0.860099 -0.178352
v 1.526022 0.860099 0.819344
v 1.290962 0.860099 0.819344
v 1.290962 0.860099 0.473737
v 1.290962 0.860099 1.471432
v 1.290962 0.860099 -1.176048
v 1.290962 0.812423 1.396442
v 1.526022 0.749132 0.959543
v 1.526022 0.812423 0.894334
v 1.290962 0.812423 0.894334
v 1.290962 0.812423 0.395486
v 1.526022 0.749132 -0.038153
v 1.526022 0.812423 -0.100101
v 1.290962 0.812423 -0.100101
v 1.290962 0.812423 -0.598949
v 1.048674 0.738797 0.323756
v 1.290962 0.812423 -1.599905
v 1.290962 0.749132 -1.039109
v 1.526022 0.749132 -1.039109
v 1.526022 0.812423 -1.101058
v 1.048674 0.738797 -1.674896
v 1.048674 0.738797 -1.864002
v 1.048674 0.738797 -0.673939
v 1.526022 0.749132 -0.664158
v 1.526022 0.812423 -0.598949
v 1.526022 0.095250 0.700024
v 1.526022 0.095250 0.591156
v 1.526022 0.095250 -0.292231
v 1.290977 0.095363 -1.399576
v 1.290977 0.095363 -1.300039
v 1.290977 0.095363 -0.410431
v 1.290977 0.095250 0.591156
v 1.290977 0.095250 -0.292231
v 1.526022 0.110159 0.556940
v 1.290977 0.110159 0.556940
v 1.290977 0.110159 -0.438426
v 1.526022 0.095363 -0.410431
v 1.290977 0.110159 -0.261126
v 1.290977 0.139752 -0.177142
v 1.290977 0.095250 0.700024
v 1.290977 0.110159 0.734240
v 1.290977 0.139752 0.818224
v 1.526022 0.095363 -1.300039
v 1.526022 0.095363 -1.399576
v 1.526022 0.110159 -1.440013
v 1.290977 0.110159 -1.440013
v 1.290977 0.110159 -1.262713
v 1.290977 0.139752 -1.175619
v 1.290977 0.187418 -1.100966
v 1.290977 0.250671 -1.038756
v 1.526022 0.187418 -1.598649
v 1.290977 0.187418 -1.598649
v 1.290977 0.139752 -1.523996
v 1.526022 0.139752 -1.523996
v 1.526022 0.250671 -1.663970
v 1.290977 0.250671 -1.663970
v 1.526022 0.326461 -1.710628
v 1.290977 0.326461 -1.710628
v 1.290977 0.139752 -0.522410
v 1.290977 0.187418 -0.600173
v 1.290977 0.250671 -0.662383
v 1.290977 0.187418 -0.102490
v 1.290977 0.250671 -0.037169
v 1.290977 0.250671 0.958197
v 1.290977 0.187418 0.895986
v 1.526022 0.139752 0.472956
v 1.290977 0.139752 0.472956
v 1.290977 0.187418 0.398304
v 1.526022 0.326461 0.286325
v 1.526022 0.250671 0.332983
v 1.526022 0.187418 0.398304
v 1.290977 0.250671 0.332983
v 1.290977 0.139752 1.471432
v 1.290977 0.187418 1.396780
v 1.290977 0.250671 1.331459
v 1.526022 0.187418 1.396780
v 1.526022 0.139752 1.471432
v 1.526022 0.326461 1.284801
v 1.526022 0.250671 1.331459
v 1.145911 0.881985 -3.188474
v 1.145911 0.821655 -3.128058
v 1.145911 0.921041 -3.264426
v 1.145911 0.507623 -3.575136
v 1.145911 0.573986 -3.607933
v 1.145911 0.646699 -3.621742
v 1.145911 0.933107 -3.325992
v 1.145911 0.720683 -3.615413
v 1.145911 0.790220 -3.590096
v 1.672907 0.821655 -3.128058
v 1.672907 0.881985 -3.188474
v 1.672907 0.921041 -3.264426
v 1.672907 0.452374 -3.525652
v 1.672907 0.507623 -3.575136
v 1.672907 0.646699 -3.621742
v 1.672907 0.573986 -3.607933
v 1.672907 0.720683 -3.615413
v 1.672907 0.790220 -3.590096
v 1.672907 0.500638 -3.128058
v 1.145911 0.500638 -3.128058
v 1.672907 0.401252 -3.264426
v 1.145911 0.401252 -3.264426
v 1.145911 0.439990 -3.188474
v 1.672907 0.439990 -3.188474
v 1.099999 0.896274 -3.488252
v 1.099999 0.977560 -3.537160
v 1.099999 1.016298 -3.446249
v 1.099999 0.925169 -3.419781
v 1.099999 1.029317 -3.346706
v 1.099999 0.934377 -3.346131
v 1.145911 0.896274 -3.488252
v 1.145911 0.925169 -3.419781
v 1.145911 0.934377 -3.346131
v 1.145911 0.850233 -3.546366
v 1.672907 0.896274 -3.488252
v 1.672907 0.850233 -3.546366
v 1.676568 1.029317 -3.346706
v 1.676568 1.016298 -3.446249
v 1.676568 0.925169 -3.419781
v 1.672907 0.925169 -3.419781
v 1.676568 0.896274 -3.488252
v 1.676568 0.977560 -3.537160
v 1.676568 1.023284 -3.254644
v 1.099999 1.023284 -3.254644
v 1.099999 0.928344 -3.254644
v 1.676568 0.928344 -3.254644
v 1.099999 0.850233 -3.546366
v 1.099999 0.790220 -3.590096
v 1.099999 0.915325 -3.615413
v 1.099999 0.834356 -3.674103
v 1.676568 0.915325 -3.615413
v 1.676568 0.834356 -3.674103
v 1.676568 0.850233 -3.546366
v 1.676568 0.790220 -3.590096
v 1.676568 0.740687 -3.708626
v 1.099999 0.740687 -3.708626
v 1.676568 0.640984 -3.716681
v 1.099999 0.640984 -3.716681
v 1.099999 0.720683 -3.615413
v 1.099999 0.646699 -3.621742
v 1.676568 0.720683 -3.615413
v 1.676568 0.646699 -3.621742
v 1.676568 0.573986 -3.607933
v 1.099999 0.475553 -3.664321
v 1.099999 0.542868 -3.697694
v 1.099999 0.573986 -3.607933
v 1.099999 0.507623 -3.575136
v 1.143657 0.475553 -3.664321
v 1.099999 0.475553 -3.546366
v 1.676568 0.453326 -3.652813
v 1.676568 0.507623 -3.575136
v 1.676568 0.542868 -3.697694
v 1.676568 0.452374 -3.525652
v 1.143657 0.453326 -3.652813
v 1.676568 0.379343 -3.586068
v 1.143657 0.379343 -3.586068
v 1.526159 0.802536 2.978723
v 1.526159 0.259537 2.394435
v 1.526159 0.196452 2.457602
v 1.526159 0.726834 3.042679
v 1.526159 0.148788 2.533401
v 1.526159 0.119348 2.617886
v 1.526159 0.637580 3.086895
v 1.526159 0.441316 3.104266
v 1.526159 0.540383 3.107424
v 1.526159 0.346922 3.076631
v 1.526159 0.260939 3.026888
v 1.290968 0.259537 2.394435
v 1.290968 0.196452 2.457602
v 1.290968 0.726834 3.042679
v 1.290968 0.119348 2.617886
v 1.290968 0.148788 2.533401
v 1.290968 0.637580 3.086895
v 1.290968 0.540383 3.107424
v 1.290968 0.441316 3.104266
v 1.290968 0.346922 3.076631
v 1.290968 0.260939 3.026888
v 1.290968 0.802536 2.978723
v 1.290968 0.860481 2.898186
v 1.290968 0.896930 2.805806
v 1.290968 0.821695 2.457602
v 1.290968 0.869360 2.533401
v 1.526159 0.821695 2.457602
v 1.526159 0.860481 2.898186
v 1.526159 0.896930 2.805806
v 1.526159 0.869360 2.533401
v 1.143657 0.048319 2.902134
v 1.676568 0.048319 2.902134
v 1.290968 0.138507 2.872130
v 1.143657 0.138507 2.872130
v 1.676568 0.138507 2.872130
v 1.526159 0.138507 2.872130
v 1.526159 0.189910 2.957405
v 1.676568 0.189910 2.957405
v 1.290968 0.189910 2.957405
v 1.099999 0.910014 2.707108
v 1.290968 0.910014 2.707108
v 1.290968 0.900201 2.594988
v 1.099999 0.898799 2.577618
v 1.099999 0.993661 2.577618
v 1.099999 1.004876 2.708688
v 1.676568 0.910014 2.707108
v 1.676568 0.898799 2.577618
v 1.526159 0.900201 2.594988
v 1.526159 0.910014 2.707108
v 1.676568 0.896930 2.805806
v 1.676568 1.004876 2.708688
v 1.676568 0.993661 2.577618
v 1.099999 0.944127 2.943192
v 1.099999 0.988988 2.828703
v 1.676568 0.988988 2.828703
v 1.676568 0.944127 2.943192
v 1.676568 0.860481 2.898186
v 1.099999 0.896930 2.805806
v 1.099999 0.860481 2.898186
v 1.099999 0.726834 3.042679
v 1.099999 0.802536 2.978723
v 1.099999 0.873098 3.042679
v 1.099999 0.779171 3.122427
v 1.676568 0.726834 3.042679
v 1.676568 0.802536 2.978723
v 1.676568 0.779171 3.122427
v 1.676568 0.873098 3.042679
v 1.099999 0.669357 3.176118
v 1.676568 0.669357 3.176118
v 1.099999 0.637580 3.086895
v 1.676568 0.637580 3.086895
v 1.099999 0.549261 3.202174
v 1.676568 0.549261 3.202174
v 1.099999 0.540383 3.107424
v 1.143657 0.475428 3.105056
v 1.143657 0.441316 3.104266
v 1.099999 0.475428 3.105056
v 1.143657 0.426830 3.198226
v 1.143657 0.475428 3.199805
v 1.099999 0.475428 3.199805
v 1.676568 0.426830 3.198226
v 1.676568 0.540383 3.107424
v 1.676568 0.441316 3.104266
v 1.143657 0.116544 3.018202
v 1.676568 0.116544 3.018202
v 1.143657 0.203929 3.102687
v 1.676568 0.203929 3.102687
v 1.676568 0.260939 3.026888
v 1.676568 0.346922 3.076631
v 1.143657 0.189910 2.957405
v 1.143657 0.260939 3.026888
v 1.143657 0.346922 3.076631
v 1.676568 0.310005 3.164274
v 1.143657 0.310005 3.164274
v 1.526021 0.860081 0.472741
v 1.526021 0.139740 0.819638
v 1.526021 0.187366 0.895435
v 1.526021 0.250664 0.958735
v 1.526021 0.110174 0.735145
v 1.526021 0.326461 1.006361
v 1.526021 0.410956 1.035927
v 1.526021 0.588865 1.035927
v 1.526021 0.673360 0.286019
v 1.526021 0.588865 0.256454
v 1.526021 0.749156 0.333646
v 1.526021 0.812455 0.396944
v 1.290977 0.533611 0.402825
v 1.290977 0.749156 0.958735
v 1.290977 0.673360 1.006361
v 1.290977 0.410956 1.035927
v 1.290977 0.326461 1.006361
v 1.526021 0.673360 1.006361
v 1.526021 0.187366 -0.101212
v 1.526021 0.250664 -0.037913
v 1.526021 0.860081 -0.523907
v 1.526021 0.139740 -0.177007
v 1.526021 0.110174 -0.261503
v 1.526021 0.110174 -0.439412
v 1.526021 0.326461 0.009714
v 1.526021 0.410956 0.039279
v 1.526021 0.588865 0.039279
v 1.290977 0.673360 0.009714
v 1.290977 0.533611 -0.597381
v 1.290977 0.749156 -0.037913
v 1.290977 0.410956 0.039279
v 1.290977 0.326461 0.009714
v 1.526021 0.110174 1.733836
v 1.526021 0.749156 1.332337
v 1.526021 0.673360 1.284711
v 1.526021 0.588865 1.255145
v 1.526021 0.812455 1.395635
v 1.526021 0.860081 1.471432
v 1.526021 0.139740 1.818331
v 1.290977 0.533611 1.403324
v 1.290977 0.860081 1.818331
v 1.290977 0.110174 1.555927
v 1.290977 0.478788 0.325294
v 0.993690 0.683975 0.402825
v 1.290977 0.683975 0.402825
v 1.048674 0.738797 0.135741
v 0.993690 0.683975 0.058210
v 1.297275 0.683975 0.058210
v 1.297275 0.673360 0.286019
v 1.297275 0.738797 0.135741
v 1.290977 0.410956 0.256454
v 1.290977 0.326461 0.286019
v 1.526021 0.499910 0.246431
v 1.526021 0.410956 0.256454
v 1.526021 0.673360 0.009714
v 0.993727 0.683975 1.058709
v 1.297275 0.683975 1.058709
v 1.290977 0.478788 1.325794
v 0.993784 0.683975 1.403324
v 1.290977 0.683975 1.403324
v 1.048674 0.738797 1.136240
v 1.290977 0.326461 1.284711
v 1.290977 0.410956 1.255145
v 1.526021 0.410956 1.255145
v 1.526021 0.499910 1.245122
v 1.297275 0.673360 1.284711
v 1.297275 0.738797 1.136240
v 1.526021 0.326461 -0.710628
v 1.526021 0.250664 -0.663001
v 1.526021 0.410956 -0.740193
v 1.526021 0.588865 -0.740193
v 1.526021 0.187366 -0.599703
v 1.526021 0.139740 -0.523907
v 1.297275 0.683975 -0.941997
v 1.297275 0.673360 -0.710628
v 1.297275 0.738797 -0.864465
v 1.526021 0.588865 -0.960721
v 1.290977 0.410956 -0.740193
v 1.526021 0.673360 -0.710628
v 0.993690 0.683975 -0.941997
v 1.290977 0.478788 -0.674911
v 0.993690 0.683975 -0.597381
v 1.290977 0.683975 -0.597381
v 1.048674 0.738797 -0.864465
v 1.290977 0.326461 -0.710628
v 1.526021 0.860081 -1.523906
v 1.526021 0.139740 -1.177008
v 1.526021 0.187366 -1.101211
v 1.526021 0.250664 -1.037914
v 1.526021 0.110174 -1.261502
v 1.526021 0.326461 -0.990287
v 1.526021 0.410956 -0.960721
v 1.526021 0.749156 -1.663002
v 1.526021 0.673360 -1.710627
v 1.526021 0.588865 -1.740195
v 1.526021 0.812455 -1.599703
v 1.290977 0.812455 -1.101211
v 1.290977 0.673360 -0.990287
v 1.290977 0.533611 -1.596917
v 1.290977 0.683975 -1.596917
v 1.290977 0.326461 -0.990287
v 1.290977 0.410956 -0.960721
v 1.526021 0.673360 -0.990287
v 0.993690 0.683975 -1.941533
v 0.993690 0.683975 -1.596917
v 1.290977 0.478788 -1.674449
v 1.290977 0.478788 -1.747837
v 1.297275 0.683975 -1.941533
v 1.526021 0.410956 -1.740195
v 1.526021 0.499910 -1.750216
v 1.290977 0.410956 -1.740195
v 1.297275 0.673360 -1.710627
v 1.526021 0.410956 -1.960147
v 1.290977 0.410956 -1.960147
v 1.290977 0.499910 -1.950124
v 1.526021 0.499910 -1.950124
v 1.290977 0.588865 -1.960147
v 1.526021 0.588865 -1.960147
v 1.297275 0.738797 -1.864002
v 1.676568 0.322134 -3.492411
v 1.143568 0.322134 -3.492411
v 1.143568 0.412223 -3.462415
v 1.145962 0.412223 -3.462415
v 1.145962 0.383540 -3.368347
v 1.676568 0.412223 -3.462415
v 1.672946 0.412223 -3.462415
v 1.672946 0.383540 -3.368347
v 1.672946 0.576706 -3.089261
v 1.145962 0.576706 -3.089261
v 1.145962 0.661113 -3.075893
v 1.672946 0.661113 -3.075893
v 1.676568 0.095403 -2.306040
v 1.676568 0.001818 -2.322092
v 1.143568 0.001818 -2.322092
v 1.143568 0.095403 -2.306040
v 1.526021 0.894116 -2.252620
v 1.290977 0.894116 -2.252620
v 1.290977 0.894334 -2.446459
v 1.676568 0.894951 -2.995881
v 1.526021 0.893216 -1.450961
v 1.526021 0.893006 -1.263849
v 1.297275 0.735556 -2.670974
v 1.297275 0.738797 -2.675558
v 1.290977 0.735556 -2.670974
v 1.099999 0.894951 -2.995881
v 1.145962 0.745520 -3.089261
v 1.672946 0.745520 -3.089261
v 1.676568 0.989896 -2.995644
v 1.676568 1.008422 -3.133196
v 1.676568 0.913476 -3.133295
v 1.099999 0.913476 -3.133295
v 1.099999 1.008422 -3.133196
v 1.099999 0.989896 -2.995644
v 1.290977 0.682451 2.346808
v 1.526021 0.682451 2.346808
v 1.526021 0.758248 2.394435
v 1.290977 0.758248 2.394435
v 1.099999 0.888812 2.470272
v 1.676568 0.888812 2.470272
v 1.526021 0.889622 1.749509
v 1.290977 0.889622 1.749509
v 1.290977 0.509002 2.307220
v 1.526021 0.509002 2.307220
v 1.526021 0.597957 2.317243
v 1.290977 0.597957 2.317243
v 1.290977 0.420047 2.317243
v 1.526021 0.420047 2.317243
v 1.290977 0.335553 2.346808
v 1.526021 0.335553 2.346808
v 1.290977 0.095204 1.593979
v 1.526021 0.889862 1.535050
v 1.143568 0.020097 2.759924
v 1.676568 0.020097 2.759924
v 1.676568 0.000238 1.877517
v 1.143568 0.000238 1.877517
v 1.290977 0.112289 2.651592
v 1.143568 0.095190 1.877792
v 1.676568 0.095190 1.877792
v 1.526021 0.112289 2.651592
v 1.676568 0.114489 2.751156
v 1.526021 0.114489 2.751156
v 1.290977 0.114489 2.751156
v 1.143568 0.114489 2.751156
v 1.526021 0.095199 1.695771
v 1.526021 0.110174 1.555927
v 1.526021 0.095204 1.593979
v 1.676568 0.983757 2.470580
v 1.290977 0.890746 0.748922
v 1.290977 0.889862 1.535050
v 1.099999 0.983757 2.470580
v 1.048674 0.738797 1.325794
v 1.290977 0.738781 1.325818
v 1.297275 0.738797 1.325794
v 1.290977 0.749156 1.332337
v 1.290977 0.749156 0.333646
v 1.297275 0.737895 0.326570
v 1.297275 0.738797 0.325294
v 1.290977 0.737895 0.326570
v 1.297275 0.738797 -1.674449
v 1.290977 0.736380 -1.671029
v 1.290977 0.749156 -1.663002
v 1.297275 0.736380 -1.671029
v 1.297275 0.738797 -0.674911
v 1.297275 0.736153 -0.671172
v 1.290977 0.736153 -0.671172
v 1.290977 0.749156 -0.663001
v 1.145962 0.452419 -3.525416
v 1.672946 0.933020 -3.326008
v 1.676568 0.934368 -3.346215
v 1.672946 0.934368 -3.346215
v 1.143568 0.475655 -3.546336
v 1.143568 0.452419 -3.525416
vn 0.0004 0.8165 -0.5774
vn 0.0014 0.8194 -0.5732
vn -0.0000 -0.0000 -1.0000
vn 0.0007 0.0014 -1.0000
vn 0.7070 -0.7073 0.0004
vn 0.7064 -0.7078 -0.0005
vn -0.0000 0.0065 1.0000
vn -0.0060 -0.1096 0.9940
vn -0.0000 -0.1248 0.9922
vn -0.0000 -0.3439 0.9390
vn -0.0057 -0.3303 0.9439
vn -0.0000 0.8082 0.5889
vn 1.0000 -0.0000 -0.0000
vn -1.0000 -0.0000 -0.0000
vn -0.0000 1.0000 -0.0000
vn 0.7061 -0.7081 -0.0007
vn 0.7081 -0.7061 -0.0013
vn 0.7066 -0.7076 -0.0007
vn -1.0000 0.0017 0.0008
vn -1.0000 0.0007 -0.0005
vn -0.0051 -0.1228 -0.9924
vn -0.0000 -0.1096 -0.9940
vn -1.0000 0.0011 -0.0003
vn -0.0004 -0.1106 -0.9939
vn 0.0027 0.1247 0.9922
vn -0.0000 0.1529 0.9882
vn -0.0000 0.1159 0.9933
vn -1.0000 0.0017 0.0007
vn -0.0000 0.8199 0.5725
vn -0.0000 -0.0000 1.0000
vn -0.0034 0.1119 0.9937
vn 0.0070 -0.0000 1.0000
vn 0.7071 -0.7071 -0.0000
vn -0.0000 -0.1120 -0.9937
vn -1.0000 0.0018 0.0007
vn -0.0000 0.1120 -0.9937
vn 0.1113 0.4836 0.8682
vn -0.0000 0.1120 0.9937
vn 0.0069 -0.1119 0.9937
vn 0.0060 -0.1096 0.9940
vn -0.0000 -0.3164 0.9486
vn 0.0057 -0.3303 0.9439
vn 0.0016 0.8165 -0.5773
vn -0.0012 0.8086 -0.5883
vn 0.0029 0.0057 -1.0000
vn 0.7061 -0.7081 -0.0000
vn -0.0000 -0.3303 -0.9439
vn -0.0003 -0.3311 -0.9436
vn -0.0000 0.1105 -0.9939
vn 0.7061 -0.7081 -0.0004
vn 0.7067 -0.7075 0.0005
vn -0.0000 0.1228 -0.9924
vn 0.7070 -0.7072 -0.0000
vn 0.7070 -0.7072 0.0004
vn -0.0000 0.8165 -0.5774
vn 0.0011 0.8195 -0.5730
vn -0.0000 0.0001 -1.0000
vn -0.0048 -0.3421 -0.9397
vn 0.7069 -0.7073 -0.0007
vn 0.7048 -0.7094 -0.0000
vn 0.7076 -0.7066 0.0004
vn 0.7068 -0.7074 -0.0008
vn -0.0000 0.0087 1.0000
vn -0.0000 0.1281 0.9918
vn 0.0055 -0.1120 0.9937
vn 0.0045 -0.1096 0.9940
vn -0.0000 -0.3198 0.9475
vn 0.0043 -0.3303 0.9439
vn -0.0049 0.1120 0.9937
vn 0.0055 -0.0000 1.0000
vn -0.0000 -0.3380 0.9412
vn -0.0032 -0.3303 0.9439
vn -0.0000 0.0086 1.0000
vn -0.0025 -0.1162 -0.9932
vn -0.0024 -0.3362 -0.9418
vn -0.0000 0.1162 -0.9932
vn -0.0025 -0.1120 0.9937
vn -0.0034 -0.1096 0.9940
vn 0.0014 0.1120 0.9937
vn -0.0024 0.1529 0.9882
vn -0.0000 0.1072 0.9942
vn -0.0000 0.1073 0.9942
vn -0.0000 -0.9715 -0.2368
vn -0.0000 0.8878 0.4602
vn -1.0000 -0.0013 -0.0004
vn -0.0000 -0.9721 -0.2344
vn -0.0005 -0.9717 -0.2362
vn -0.0000 0.9715 0.2370
vn -0.0000 -0.5302 -0.8478
vn -0.0000 -0.8448 -0.5351
vn -0.0000 -0.9144 -0.4049
vn -1.0000 0.0039 0.0005
vn -0.0000 -0.7081 -0.7061
vn 0.0013 -0.9929 -0.1188
vn -0.0000 -0.9931 -0.1175
vn 1.0000 0.0001 -0.0007
vn 1.0000 0.0002 -0.0007
vn -0.0000 0.9924 0.1230
vn -0.0000 0.9663 -0.2576
vn -0.0000 -0.9886 -0.1503
vn 0.0004 -0.9717 -0.2362
vn -0.0000 0.8469 -0.5317
vn -0.0000 0.9431 -0.3324
vn -0.0013 -0.8165 -0.5773
vn -0.0000 -0.8146 -0.5800
vn -0.0000 1.0000 0.0011
vn -0.0006 -0.5302 0.8478
vn -0.0000 -0.5287 0.8488
vn -0.0000 -0.5372 0.8435
vn -0.0013 -0.8157 -0.5785
vn -0.0000 -0.9911 -0.1335
vn -0.0000 0.9910 0.1336
vn -0.0000 -0.1564 -0.9877
vn -0.0000 -0.8146 0.5800
vn 0.7066 -0.7076 -0.0000
vn -1.0000 0.0014 0.0010
vn -1.0000 0.0016 0.0007
vn 1.0000 -0.0040 -0.0041
vn 1.0000 0.0010 -0.0007
vn 1.0000 -0.0000 0.0003
vn 1.0000 0.0026 -0.0000
vn -0.0000 -0.9142 0.4053
vn -0.0005 -0.9148 0.4039
vn -0.0000 -0.7081 0.7061
vn -0.0008 -1.0000 -0.0000
vn -0.0000 -1.0000 -0.0011
vn 1.0000 -0.0001 0.0004
vn -0.0000 -0.8448 0.5351
vn -0.0000 0.1564 -0.9877
vn -0.0000 0.1299 0.9915
vn 0.0015 0.1141 0.9935
vn -0.0000 -0.3327 0.9430
vn 0.7061 -0.7081 -0.0002
vn 0.7064 -0.7078 0.0003
vn -0.0000 0.8146 -0.5800
vn -0.0000 -0.1147 0.9934
vn 0.0411 -0.9558 -0.2913
vn -0.0000 -0.9566 -0.2915
vn -0.0000 0.9566 0.2915
vn 1.0000 -0.0000 0.0001
vn -0.0595 -0.9548 -0.2912
vn -0.0000 0.7057 0.7085
vn -0.0000 0.5324 0.8465
vn -0.0000 0.3327 0.9430
vn -0.0000 0.1093 0.9940
vn -0.0000 0.1092 0.9940
vn -1.0000 -0.0000 0.0002
vn -0.0013 -0.9929 -0.1188
vn -1.0000 0.0008 0.0008
vn -0.0000 0.5324 -0.8465
vn -0.0000 0.3298 -0.9440
vn -0.0000 0.7058 -0.7085
vn -0.0000 0.7057 -0.7085
vn -0.0000 0.8146 0.5800
vn 1.0000 0.0010 0.0003
vn 1.0000 -0.0010 0.0002
vn -0.0000 -0.3306 -0.9438
vn -0.0000 0.8469 0.5317
vn 1.0000 -0.0006 0.0017
vn 1.0000 0.0001 0.0002
vn 1.0000 -0.0000 0.0004
vn -0.0001 -0.8486 -0.5290
vn -0.0000 -0.8484 -0.5293
vn -0.0000 -0.9189 -0.3944
vn -0.0001 -0.9188 -0.3947
vn 1.0000 0.0003 0.0001
vn 1.0000 -0.0009 0.0015
vn -0.0000 0.1130 -0.9936
vn -0.0000 0.5313 -0.8472
vn -0.0000 0.7065 -0.7077
vn -0.0002 0.8467 -0.5320
vn -0.0000 0.3303 0.9439
vn -0.0000 -1.0000 -0.0001
vn -0.0000 -1.0000 -0.0000
vn -0.0000 -0.9998 0.0221
vn -0.0001 0.9306 -0.3661
vn -0.0000 0.9308 -0.3655
vn -0.0002 0.9439 -0.3303
vn -0.0001 0.9440 -0.3300
vn -0.0000 0.9997 -0.0225
vn -0.0000 -0.8183 0.5747
vn -0.0000 -0.8184 0.5747
vn -0.0000 0.8171 0.5766
vn -0.0000 -0.5355 -0.8445
vn -0.0000 -0.5355 -0.8446
vn -0.0000 -0.5320 0.8467
vn -0.0000 -0.7044 -0.7098
vn -0.0000 -0.5249 -0.8511
vn -0.0012 -0.5313 -0.8472
vn -0.0000 -0.8171 0.5766
vn 0.0017 -0.8146 0.5801
vn -0.0000 -0.8171 -0.5766
vn 0.7059 -0.7084 -0.0000
vn -0.0000 -0.1130 -0.9936
vn -0.0000 0.1129 -0.9936
vn -0.0000 -0.3303 0.9439
vn -0.0000 0.3321 -0.9432
vn -0.0000 -0.1120 0.9937
vn -0.0000 0.8171 -0.5766
vn 0.7064 -0.7079 -0.0007
vn 0.7072 -0.7070 0.0005
vn -0.0000 -0.3321 -0.9432
vn 0.7072 -0.7070 -0.0000
vn -0.0000 -0.8165 0.5774
vn 1.0000 0.0001 0.0001
vn -0.0000 -0.8218 -0.5698
vn 0.0037 -0.8165 -0.5773
vn 1.0000 0.0010 0.0013
vn 0.0004 -0.6995 -0.7146
vn -0.0000 -0.7002 -0.7140
vn 0.0002 -0.8436 -0.5370
vn -0.0000 -0.8439 -0.5365
vn 1.0000 0.0001 -0.0000
vn -0.0003 -0.8467 0.5320
vn -0.0024 -0.8439 0.5365
vn -0.0000 -0.5416 -0.8406
vn 0.0035 -0.8245 -0.5658
vn -0.0000 -0.8540 -0.5203
vn -0.0000 -0.5320 -0.8467
vn -0.0009 -0.5341 -0.8454
vn 1.0000 0.0002 -0.0001
vn -0.0008 -0.7010 -0.7132
vn -0.0000 -0.6995 -0.7146
vn -0.0032 -0.8467 0.5320
vn 0.0021 -0.8540 0.5203
vn -0.0000 -0.5321 0.8467
vn 1.0000 0.0001 -0.0001
vn -0.0000 -0.7071 0.7071
vn -0.0043 -0.6990 0.7151
vn 0.0035 -0.5228 0.8525
vn 0.0041 -0.5306 0.8476
vn -0.0000 -0.8165 0.5773
vn -0.0000 -0.8442 0.5361
vn -0.0002 -0.8439 0.5365
vn -0.0023 -0.8147 -0.5798
vn -0.0023 -0.8165 -0.5774
vn -0.0000 -0.8130 -0.5822
vn 0.0034 -0.7176 0.6965
vn -0.0000 -0.7115 0.7027
vn 0.0010 -0.8175 -0.5760
vn 0.0011 -0.8165 -0.5774
vn -0.0000 -0.8181 -0.5751
vn -0.0005 -0.7062 0.7081
vn -0.0002 -0.9133 0.4073
vn -0.0000 -0.9131 0.4077
vn 0.0005 1.0000 0.0012
vn 0.0001 1.0000 0.0011
vn -0.0001 1.0000 0.0011
vn -0.0023 -0.9169 -0.3990
vn -0.0000 -0.9197 -0.3927
vn 0.0018 -0.8951 0.4458
vn -0.0000 -0.8978 0.4403
vn -0.0000 -0.9266 -0.3761
vn 0.0002 1.0000 0.0011
vn -0.0015 1.0000 0.0011
vn -0.0008 1.0000 0.0011
vn -0.0014 1.0000 0.0010
vn 0.0020 1.0000 0.0012
vn 0.0006 1.0000 0.0012
vn 0.0004 1.0000 0.0011
vn -0.0000 -0.9057 0.4240
vn -0.0001 -0.9058 0.4238
vn 0.0023 -0.7134 -0.7008
vn -0.0000 -0.7176 -0.6965
vn 1.0000 0.0002 -0.0003
vn 1.0000 -0.0002 0.0001
vn 0.0029 -0.5256 -0.8507
vn -0.0000 -0.8165 -0.5774
vn 0.7067 -0.7075 -0.0000
vn -0.0000 -0.9364 -0.3509
vn 0.0004 -0.9368 -0.3500
vn 1.0000 0.0008 0.0003
vn 0.0018 -0.9105 0.4136
vn -0.0018 -0.9148 0.4040
vn -0.0000 -0.5317 0.8469
vn -0.0001 -0.5320 0.8467
vn -0.0000 -0.5341 0.8454
vn 0.0025 -0.7117 0.7024
vn 0.0019 -0.8467 0.5320
vn -0.0001 -0.8439 0.5365
vn 0.0016 0.7071 -0.7071
vn -0.0015 0.7012 -0.7130
vn -0.0011 0.8467 -0.5320
vn 0.0032 0.8526 -0.5226
vn -0.0000 0.5320 -0.8467
vn 0.0019 0.5364 -0.8440
vn -0.0000 0.9432 0.3323
vn 0.0013 0.9439 0.3303
vn 0.0022 0.9432 0.3323
vn -0.0013 0.7071 0.7071
vn 0.0019 0.7012 0.7130
vn -0.0000 0.5370 0.8436
vn 0.0022 0.5320 0.8467
vn 0.0034 0.8467 0.5320
vn -0.0009 0.8526 0.5226
vn -0.0027 0.5261 -0.8504
vn -0.0022 0.7071 -0.7071
vn 0.0039 0.7184 -0.6956
vn 0.0031 0.8467 -0.5320
vn 0.0004 0.8428 -0.5382
vn -0.0000 0.9438 0.3304
vn -0.0000 0.8428 0.5382
vn -0.0004 0.3312 0.9436
vn -0.0000 0.7184 0.6956
vn -0.0000 0.3303 -0.9439
vn -0.0003 0.5250 0.8511
vn -0.0000 0.5242 0.8516
vn -0.0012 0.3333 0.9428
vn -0.0011 0.5267 0.8500
vn 0.0004 -1.0000 -0.0000
vn -0.0137 -0.9999 -0.0010
vn 0.0002 0.9439 -0.3303
vn -0.0006 0.9432 -0.3323
vn -0.0007 0.9018 -0.4322
vn -0.0000 0.8995 -0.4369
vn 0.0003 -1.0000 -0.0000
vn -0.0118 -0.9999 -0.0010
vn -0.0000 0.9306 0.3661
vn 0.0020 0.9439 -0.3303
vn 0.0012 0.9432 -0.3323
vn 0.0014 0.9203 -0.3911
vn -0.0000 0.9167 -0.3995
vn 0.0010 -1.0000 -0.0000
vn -0.0000 1.0000 0.0004
vn 0.0001 -1.0000 -0.0000
vn -0.0000 0.9167 0.3995
vn 0.0019 0.8904 0.4551
vn -0.0000 0.8841 0.4673
vn 0.0012 -1.0000 -0.0000
vn -0.0019 0.9439 -0.3303
vn 0.0016 0.9468 -0.3217
vn 0.0018 0.9296 -0.3685
vn -0.0000 0.9334 -0.3588
vn -0.0000 0.9391 0.3436
vn -0.0004 0.8467 -0.5320
vn -0.0031 0.8428 -0.5382
vn 0.0030 0.5388 -0.8425
vn 0.0026 0.7071 -0.7071
vn -0.0006 0.7012 -0.7130
vn -0.0000 0.3421 -0.9397
vn -0.0000 -0.5869 0.8097
vn -0.0000 -0.3458 0.9383
vn -0.0000 -0.0805 0.9968
vn -0.0000 -0.1866 -0.9824
vn -0.0000 0.0852 -0.9964
vn -0.0000 0.5889 -0.8082
vn -0.0000 -0.7076 -0.7066
vn -0.0000 0.7838 -0.6210
vn -0.0000 -0.7827 0.6225
vn -0.0000 0.1900 0.9818
vn -0.0000 0.8534 0.5213
vn -0.0000 0.6699 0.7425
vn -0.0006 0.4481 0.8940
vn -0.0000 0.4442 0.8959
vn -0.0000 0.4598 0.8880
vn 1.0000 0.0004 0.0008
vn -0.0000 -0.8442 -0.5360
vn 1.0000 0.0003 0.0011
vn -0.0000 -0.8430 -0.5379
vn 1.0000 0.0006 0.0007
vn 0.0021 -0.6678 -0.7444
vn -0.0000 -0.6693 -0.7430
vn -0.0022 -0.6692 -0.7430
vn -0.0023 1.0000 -0.0000
vn -0.0000 1.0000 -0.0009
vn -0.0000 -0.6672 -0.7449
vn -0.0000 -0.4431 -0.8965
vn -0.0000 -0.8893 -0.4573
vn -0.0000 0.4544 -0.8908
vn -0.0000 0.9858 -0.1680
vn -0.0000 0.8908 -0.4544
vn -1.0000 -0.0000 0.0001
vn -1.0000 -0.0001 0.0002
vn -0.0000 -0.4540 -0.8910
vn 1.0000 -0.0009 0.0004
vn 1.0000 -0.0002 0.0002
vn 1.0000 -0.0005 0.0002
vn -1.0000 0.0007 -0.0003
vn -1.0000 0.0002 -0.0002
vn -1.0000 -0.0008 -0.0002
vn -1.0000 0.0003 -0.0002
vn 1.0000 0.0004 -0.0006
vn 1.0000 0.0005 -0.0004
vn -1.0000 -0.0001 -0.0000
vn -1.0000 -0.0003 0.0005
vn -1.0000 -0.0004 0.0003
vn -1.0000 -0.0001 -0.0001
vn -0.0000 -0.9926 -0.1215
vn -0.0000 -0.9979 -0.0654
vn 0.0002 0.9979 0.0654
vn -0.0000 0.9978 0.0666
vn -0.0000 -0.9816 -0.1909
vn -0.0002 -0.9813 -0.1923
vn -0.0013 0.9978 0.0658
vn -0.0000 0.9980 0.0629
vn -0.0000 0.9923 -0.1241
vn -0.0000 0.9926 0.1216
vn -0.0050 0.9978 0.0656
vn -1.0000 -0.0002 0.0002
vn -0.0000 0.9213 -0.3888
vn -0.0000 -0.9200 0.3920
vn -0.0000 -0.9916 0.1297
vn -1.0000 0.0008 0.0001
vn -1.0000 -0.0018 0.0008
vn -0.0000 0.4439 0.8961
vn -0.0000 -0.8139 -0.5811
vn -0.0000 -0.6472 -0.7623
vn -0.0000 -0.4392 -0.8984
vn -0.0000 -0.0364 0.9993
vn -0.0000 -0.2120 -0.9773
vn -0.0000 0.2066 0.9784
vn -0.0000 0.2067 0.9784
vn -0.0000 -0.0231 0.9997
vn -0.0020 -0.0319 0.9995
vn -0.0000 0.6454 0.7639
vn -0.0000 -0.9957 0.0921
vn -0.0000 -0.8941 0.4478
vn -0.0000 0.9968 -0.0804
vn -0.0000 -0.8465 0.5323
vn -0.0000 0.8117 0.5840
vn -0.0000 -0.5008 0.8656
vn -0.0000 -0.2810 0.9597
vn -0.0000 -0.8564 0.5163
vn -0.0000 -0.6993 0.7148
vn -0.0000 0.5021 -0.8648
vn -0.0000 0.2791 -0.9603
vn -0.0000 -0.0319 0.9995
vn -0.0000 0.0325 -0.9995
vn -0.0000 0.0322 -0.9995
vn -0.0000 0.0321 -0.9995
vn -0.0000 0.8621 -0.5067
vn -0.0000 0.6951 -0.7189
vn 1.0000 0.0002 -0.0000
vn -0.0000 -0.7055 0.7087
vn -1.0000 0.0001 0.0002
vn -0.0000 0.9809 -0.1947
vn -0.0000 -0.9809 0.1947
vn 1.0000 0.0004 -0.0000
vn 1.0000 0.0009 -0.0001
vn -1.0000 0.0028 -0.0006
vn -1.0000 0.0002 0.0001
vn -1.0000 -0.0001 0.0003
vn -1.0000 -0.0003 0.0004
vn -1.0000 0.0003 0.0001
vn -0.0000 0.7076 0.7067
vn -1.0000 -0.0011 0.0011
vn 1.0000 -0.0001 0.0001
vn -0.0000 0.5309 0.8474
vn -0.0000 -0.9311 -0.3648
vn -0.0000 -0.9914 -0.1312
vn -0.0000 -0.9964 0.0853
vn -0.0000 0.9913 0.1314
vn -0.0000 0.9957 -0.0926
vn -0.0000 0.9302 0.3670
vn -0.0000 -0.8564 0.5162
vn 1.0000 -0.0001 -0.0007
vn 1.0000 -0.0002 -0.0006
vn -1.0000 0.0064 -0.0001
vn -0.9999 0.0143 -0.0011
vn -0.0000 0.9962 -0.0872
vn -0.0007 0.9963 -0.0863
vn 0.0005 0.9963 -0.0863
vn -0.0000 0.9443 0.3291
vn -0.0000 0.9788 0.2050
vn -0.0000 0.8465 0.5323
s 0
f 40//1 454//1 506//1
f 40//2 506//2 39//2
f 507//3 508//3 454//3
f 507//4 454//4 40//4
f 509//5 507//5 40//5
f 509//6 40//6 505//6
f 28//7 499//7 505//7
f 28//7 505//7 37//7
f 496//8 29//8 31//8
f 496//9 31//9 27//9
f 504//10 500//10 29//10
f 504//11 29//11 496//11
f 37//12 38//12 30//12
f 37//12 30//12 28//12
f 506//13 510//13 503//13
f 506//13 503//13 36//13
f 35//14 31//14 30//14
f 35//15 30//15 36//15
f 513//14 514//14 511//14
f 513//14 511//14 512//14
f 36//15 39//15 506//15
f 505//16 40//16 37//16
f 40//17 39//17 38//17
f 40//18 38//18 37//18
f 30//15 38//15 39//15
f 30//15 39//15 36//15
f 446//14 495//14 493//14
f 446//14 493//14 494//14
f 446//14 496//14 27//14
f 446//14 27//14 495//14
f 497//14 498//14 446//14
f 497//14 446//14 494//14
f 26//19 491//19 492//19
f 26//20 492//20 482//20
f 2//21 433//21 1//21
f 2//22 1//22 3//22
f 482//23 18//23 26//23
f 17//14 25//14 26//14
f 17//14 26//14 18//14
f 32//24 502//24 33//24
f 32//22 33//22 34//22
f 35//25 495//25 27//25
f 35//26 27//26 31//26
f 495//27 35//27 36//27
f 495//27 36//27 503//27
f 29//28 500//28 501//28
f 29//20 501//20 499//20
f 449//14 446//14 498//14
f 499//23 28//23 29//23
f 30//14 31//14 29//14
f 30//14 29//14 28//14
f 512//14 511//14 515//14
f 44//29 47//29 43//29
f 44//29 43//29 45//29
f 47//30 533//30 529//30
f 47//30 529//30 43//30
f 49//31 534//31 535//31
f 49//32 535//32 48//32
f 49//14 48//14 44//14
f 49//15 44//15 532//15
f 532//15 42//15 531//15
f 45//33 43//33 42//33
f 44//14 48//14 46//14
f 44//14 46//14 47//14
f 542//34 543//34 541//34
f 542//34 541//34 540//34
f 46//35 537//35 544//35
f 46//20 544//20 533//20
f 533//23 47//23 46//23
f 540//36 541//36 538//36
f 540//36 538//36 539//36
f 534//37 49//37 532//37
f 534//38 532//38 536//38
f 48//39 535//39 520//39
f 48//40 520//40 46//40
f 519//41 537//41 46//41
f 519//42 46//42 520//42
f 524//13 525//13 522//13
f 524//13 522//13 523//13
f 523//13 32//13 34//13
f 523//13 34//13 524//13
f 34//13 527//13 526//13
f 34//13 526//13 524//13
f 521//14 518//14 515//14
f 521//14 515//14 511//14
f 516//14 517//14 511//14
f 516//14 511//14 514//14
f 511//14 517//14 33//14
f 511//14 33//14 502//14
f 519//14 520//14 515//14
f 519//14 515//14 518//14
f 41//43 524//43 531//43
f 41//44 531//44 42//44
f 530//3 525//3 524//3
f 530//45 524//45 41//45
f 42//15 532//15 44//15
f 42//15 44//15 45//15
f 41//46 529//46 530//46
f 523//47 528//47 502//47
f 523//48 502//48 32//48
f 517//49 527//49 34//49
f 517//49 34//49 33//49
f 42//50 43//50 529//50
f 42//51 529//51 41//51
f 432//52 441//52 3//52
f 432//52 3//52 1//52
f 458//14 463//14 462//14
f 458//14 462//14 459//14
f 464//14 463//14 458//14
f 465//13 466//13 467//13
f 460//14 461//14 458//14
f 460//14 458//14 459//14
f 454//13 455//13 453//13
f 454//13 453//13 5//13
f 5//13 6//13 454//13
f 456//13 457//13 454//13
f 456//13 454//13 6//13
f 472//53 7//53 11//53
f 12//33 11//33 7//33
f 12//33 7//33 8//33
f 8//15 13//15 9//15
f 8//15 9//15 12//15
f 7//6 472//6 471//6
f 7//54 471//54 469//54
f 7//55 438//55 468//55
f 7//56 468//56 8//56
f 469//3 470//3 438//3
f 469//57 438//57 7//57
f 11//12 12//12 9//12
f 11//12 9//12 10//12
f 430//14 436//14 434//14
f 430//14 434//14 435//14
f 437//14 436//14 430//14
f 437//14 430//14 426//14
f 438//13 439//13 440//13
f 438//13 440//13 2//13
f 1//14 433//14 426//14
f 1//14 426//14 432//14
f 428//14 429//14 426//14
f 428//14 426//14 427//14
f 427//14 426//14 430//14
f 431//14 432//14 426//14
f 431//14 426//14 429//14
f 446//14 449//14 448//14
f 446//14 448//14 447//14
f 450//14 451//14 446//14
f 450//14 446//14 445//14
f 4//14 452//14 446//14
f 4//14 446//14 451//14
f 446//14 447//14 444//14
f 446//14 444//14 445//14
f 3//13 438//13 2//13
f 441//13 442//13 438//13
f 441//13 438//13 3//13
f 440//47 443//47 433//47
f 440//58 433//58 2//58
f 13//15 8//15 468//15
f 481//59 22//59 19//59
f 22//60 21//60 20//60
f 22//18 20//18 19//18
f 21//15 23//15 17//15
f 21//15 17//15 20//15
f 486//61 484//61 22//61
f 486//62 22//62 481//62
f 18//63 482//63 481//63
f 18//63 481//63 19//63
f 22//55 465//55 483//55
f 22//56 483//56 21//56
f 484//3 485//3 465//3
f 484//3 465//3 22//3
f 489//64 24//64 23//64
f 489//64 23//64 488//64
f 25//65 490//65 461//65
f 25//66 461//66 26//66
f 460//67 491//67 26//67
f 460//68 26//68 461//68
f 24//69 489//69 490//69
f 24//70 490//70 25//70
f 23//15 21//15 483//15
f 483//13 487//13 488//13
f 483//13 488//13 23//13
f 17//15 23//15 24//15
f 17//14 24//14 25//14
f 14//19 474//19 475//19
f 14//20 475//20 473//20
f 468//13 477//13 476//13
f 468//13 476//13 13//13
f 434//71 474//71 14//71
f 434//72 14//72 435//72
f 9//15 13//15 16//15
f 9//14 16//14 15//14
f 10//73 473//73 472//73
f 10//73 472//73 11//73
f 473//23 10//23 14//23
f 9//14 15//14 14//14
f 9//14 14//14 10//14
f 5//74 452//74 4//74
f 5//22 4//22 6//22
f 453//47 480//47 452//47
f 453//75 452//75 5//75
f 19//12 20//12 17//12
f 19//12 17//12 18//12
f 451//76 456//76 6//76
f 451//76 6//76 4//76
f 15//77 478//77 435//77
f 15//78 435//78 14//78
f 16//79 479//79 478//79
f 16//80 478//80 15//80
f 479//81 16//81 13//81
f 479//82 13//82 476//82
f 53//83 102//83 109//83
f 53//83 109//83 52//83
f 109//84 102//84 91//84
f 109//84 91//84 90//84
f 97//85 543//85 89//85
f 97//14 89//14 110//14
f 109//86 106//86 105//86
f 109//87 105//87 52//87
f 52//13 105//13 104//13
f 52//13 104//13 50//13
f 104//88 103//88 51//88
f 104//88 51//88 50//88
f 93//89 110//89 89//89
f 93//89 89//89 88//89
f 111//90 114//90 115//90
f 111//90 115//90 112//90
f 115//91 562//91 561//91
f 115//91 561//91 112//91
f 111//14 112//14 97//14
f 111//14 97//14 110//14
f 112//92 561//92 113//92
f 112//14 113//14 97//14
f 114//93 111//93 110//93
f 114//93 110//93 93//93
f 103//14 101//14 53//14
f 103//14 53//14 51//14
f 107//94 560//94 105//94
f 107//95 105//95 106//95
f 105//96 560//96 559//96
f 105//97 559//97 104//97
f 108//13 109//13 90//13
f 108//13 90//13 92//13
f 100//14 99//14 102//14
f 558//14 557//14 101//14
f 558//14 101//14 103//14
f 104//98 559//98 558//98
f 104//98 558//98 103//98
f 99//99 107//99 108//99
f 99//99 108//99 96//99
f 99//100 557//100 560//100
f 99//100 560//100 107//100
f 101//86 100//86 102//86
f 101//101 102//101 53//101
f 106//13 109//13 108//13
f 106//13 108//13 107//13
f 98//102 92//102 87//102
f 98//102 87//102 86//102
f 96//103 108//103 92//103
f 96//103 92//103 98//103
f 121//104 569//104 80//104
f 121//105 80//105 79//105
f 564//106 570//106 563//106
f 564//106 563//106 113//106
f 561//106 564//106 113//106
f 70//107 95//107 567//107
f 70//108 567//108 71//108
f 118//109 569//109 567//109
f 118//109 567//109 95//109
f 568//110 569//110 121//110
f 576//13 577//13 578//13
f 576//13 578//13 570//13
f 573//111 578//111 577//111
f 573//111 577//111 574//111
f 575//112 576//112 570//112
f 575//112 570//112 564//112
f 571//113 572//113 556//113
f 571//113 556//113 555//113
f 72//114 117//114 120//114
f 72//114 120//114 75//114
f 573//14 574//14 575//14
f 573//14 575//14 564//14
f 75//115 120//115 121//115
f 75//115 121//115 79//115
f 564//106 561//106 565//106
f 564//106 565//106 566//106
f 71//116 567//116 568//116
f 71//117 568//117 117//117
f 80//118 569//118 118//118
f 80//13 118//13 119//13
f 62//13 115//13 114//13
f 62//13 114//13 93//13
f 562//119 115//119 62//119
f 562//120 62//120 80//120
f 563//121 562//121 116//121
f 563//122 116//122 97//122
f 563//123 97//123 113//123
f 94//124 119//124 118//124
f 94//124 118//124 95//124
f 568//125 121//125 120//125
f 568//126 120//126 117//126
f 117//14 72//14 69//14
f 117//14 69//14 71//14
f 116//127 562//127 80//127
f 116//13 80//13 119//13
f 97//128 116//128 119//128
f 97//128 119//128 94//128
f 69//14 73//14 74//14
f 69//14 74//14 66//14
f 74//15 59//15 58//15
f 74//14 58//14 66//14
f 555//129 556//129 553//129
f 555//129 553//129 554//129
f 67//130 66//130 58//130
f 67//131 58//131 54//131
f 70//132 71//132 69//132
f 70//132 69//132 68//132
f 72//14 73//14 69//14
f 79//3 80//3 62//3
f 79//3 62//3 76//3
f 74//15 81//15 77//15
f 74//15 77//15 59//15
f 59//15 77//15 61//15
f 77//133 78//133 75//133
f 77//134 75//134 76//134
f 76//46 75//46 79//46
f 61//135 77//135 76//135
f 61//135 76//135 62//135
f 68//136 69//136 66//136
f 68//136 66//136 67//136
f 550//14 545//14 51//14
f 550//14 51//14 53//14
f 53//137 552//137 551//137
f 53//138 551//138 550//138
f 549//138 552//138 53//138
f 549//138 53//138 52//138
f 545//139 546//139 50//139
f 545//139 50//139 51//139
f 50//140 546//140 547//140
f 50//140 547//140 52//140
f 548//141 549//141 52//141
f 548//138 52//138 547//138
f 55//13 59//13 61//13
f 55//13 61//13 56//13
f 64//142 65//142 63//142
f 64//142 63//142 60//142
f 60//143 63//143 57//143
f 60//143 57//143 56//143
f 56//144 57//144 54//144
f 56//144 54//144 55//144
f 54//145 58//145 59//145
f 54//146 59//146 55//146
f 61//13 62//13 60//13
f 61//13 60//13 56//13
f 96//14 95//14 70//14
f 96//14 70//14 68//14
f 96//14 68//14 67//14
f 96//14 67//14 54//14
f 57//14 63//14 96//14
f 57//14 96//14 54//14
f 92//13 90//13 64//13
f 92//13 64//13 60//13
f 96//14 97//14 94//14
f 96//14 94//14 95//14
f 98//14 97//14 96//14
f 541//147 543//147 97//147
f 541//147 97//147 538//147
f 101//148 557//148 99//148
f 101//95 99//95 100//95
f 91//14 102//14 99//14
f 91//14 99//14 96//14
f 65//14 91//14 96//14
f 65//14 96//14 63//14
f 97//14 98//14 86//14
f 97//14 86//14 84//14
f 83//149 538//149 97//149
f 83//14 97//14 84//14
f 62//13 92//13 60//13
f 84//150 85//150 82//150
f 84//150 82//150 83//150
f 539//151 538//151 83//151
f 539//151 83//151 82//151
f 86//152 87//152 85//152
f 86//153 85//153 84//153
f 81//115 78//115 77//115
f 78//154 81//154 74//154
f 78//154 74//154 73//154
f 75//30 78//30 73//30
f 75//30 73//30 72//30
f 62//155 539//155 82//155
f 62//13 82//13 85//13
f 62//140 542//140 540//140
f 62//140 540//140 539//140
f 88//156 542//156 62//156
f 88//13 62//13 93//13
f 543//157 542//157 88//157
f 543//157 88//157 89//157
f 90//158 91//158 65//158
f 90//158 65//158 64//158
f 87//13 92//13 62//13
f 87//13 62//13 85//13
f 467//159 466//159 124//159
f 467//160 124//160 123//160
f 136//161 142//161 467//161
f 136//161 467//161 123//161
f 466//162 161//162 125//162
f 466//163 125//163 124//163
f 466//164 586//164 585//164
f 466//165 585//165 161//165
f 159//13 160//13 142//13
f 159//13 142//13 157//13
f 463//14 156//14 154//14
f 463//14 154//14 153//14
f 595//166 467//166 142//166
f 595//167 142//167 162//167
f 142//13 160//13 163//13
f 142//13 163//13 162//13
f 152//13 155//13 142//13
f 152//13 142//13 141//13
f 144//168 147//168 152//168
f 144//13 152//13 141//13
f 153//168 152//168 147//168
f 153//168 147//168 151//168
f 156//169 157//169 155//169
f 156//169 155//169 154//169
f 158//170 159//170 157//170
f 158//170 157//170 156//170
f 464//171 160//171 159//171
f 464//102 159//102 158//102
f 157//13 142//13 155//13
f 593//172 594//172 592//172
f 593//172 592//172 591//172
f 600//13 602//13 608//13
f 600//13 608//13 597//13
f 609//173 603//173 602//173
f 609//174 602//174 162//174
f 605//14 603//14 599//14
f 605//14 599//14 598//14
f 607//175 608//175 602//175
f 607//175 602//175 601//175
f 163//176 458//176 609//176
f 163//177 609//177 162//177
f 610//14 611//14 609//14
f 610//14 609//14 458//14
f 602//174 595//174 162//174
f 160//178 464//178 458//178
f 160//179 458//179 163//179
f 125//14 161//14 463//14
f 125//14 463//14 122//14
f 585//14 596//14 463//14
f 585//14 463//14 161//14
f 463//14 153//14 151//14
f 463//14 151//14 150//14
f 463//14 150//14 127//14
f 463//14 127//14 122//14
f 603//175 604//175 601//175
f 603//175 601//175 602//175
f 605//175 606//175 604//175
f 605//175 604//175 603//175
f 463//14 464//14 158//14
f 463//14 158//14 156//14
f 599//180 600//180 597//180
f 599//180 597//180 598//180
f 128//14 131//14 135//14
f 128//14 135//14 126//14
f 129//13 136//13 123//13
f 134//181 129//181 126//181
f 134//182 126//182 135//182
f 138//14 132//14 131//14
f 138//14 131//14 128//14
f 137//30 139//30 142//30
f 137//30 142//30 136//30
f 143//15 144//15 141//15
f 143//15 141//15 140//15
f 585//106 586//106 583//106
f 585//106 583//106 584//106
f 141//183 142//183 139//183
f 141//183 139//183 140//183
f 122//184 126//184 129//184
f 122//185 129//185 123//185
f 581//186 582//186 579//186
f 581//186 579//186 580//186
f 124//187 125//187 122//187
f 124//187 122//187 123//187
f 127//188 128//188 126//188
f 127//189 126//189 122//189
f 134//174 135//174 131//174
f 134//174 131//174 130//174
f 134//190 137//190 136//190
f 134//191 136//191 129//191
f 132//192 133//192 130//192
f 132//192 130//192 131//192
f 130//193 133//193 134//193
f 149//14 132//14 138//14
f 145//14 149//14 138//14
f 145//14 138//14 146//14
f 138//194 150//194 151//194
f 138//194 151//194 146//194
f 146//195 151//195 147//195
f 590//196 589//196 580//196
f 590//196 580//196 579//196
f 154//197 155//197 152//197
f 154//197 152//197 153//197
f 589//198 590//198 587//198
f 589//198 587//198 588//198
f 591//38 592//38 588//38
f 591//38 588//38 587//38
f 148//199 149//199 145//199
f 148//199 145//199 143//199
f 149//3 148//3 133//3
f 149//3 133//3 132//3
f 144//15 143//15 145//15
f 147//15 144//15 145//15
f 147//14 145//14 146//14
f 148//200 137//200 134//200
f 148//201 134//201 133//201
f 150//202 138//202 128//202
f 150//202 128//202 127//202
f 137//203 148//203 139//203
f 148//193 143//193 140//193
f 148//193 140//193 139//193
f 471//204 472//204 473//204
f 471//204 473//204 475//204
f 474//14 621//14 622//14
f 474//14 622//14 475//14
f 470//13 623//13 620//13
f 470//205 620//205 187//205
f 470//206 469//206 192//206
f 470//207 192//207 623//207
f 192//46 469//46 471//46
f 471//174 475//174 622//174
f 471//174 622//174 192//174
f 194//208 523//208 522//208
f 522//209 196//209 195//209
f 522//210 195//210 194//210
f 196//211 522//211 182//211
f 196//212 182//212 173//212
f 171//213 522//213 525//213
f 171//213 525//213 174//213
f 193//214 521//214 511//214
f 193//215 511//215 174//215
f 528//216 523//216 194//216
f 528//216 194//216 195//216
f 622//217 623//217 192//217
f 189//218 190//218 176//218
f 189//218 176//218 177//218
f 480//219 453//219 455//219
f 480//220 455//220 188//220
f 190//221 455//221 454//221
f 190//13 454//13 176//13
f 446//14 452//14 480//14
f 446//14 480//14 188//14
f 446//14 188//14 189//14
f 446//14 189//14 177//14
f 188//222 455//222 190//222
f 188//223 190//223 189//223
f 187//224 437//224 426//224
f 187//225 426//225 180//225
f 621//186 474//186 434//186
f 621//186 434//186 436//186
f 620//226 621//226 436//226
f 454//13 508//13 167//13
f 454//13 167//13 176//13
f 508//227 191//227 175//227
f 508//213 175//213 167//213
f 620//228 436//228 437//228
f 620//229 437//229 187//229
f 511//14 502//14 528//14
f 511//14 528//14 195//14
f 508//13 630//13 631//13
f 508//205 631//205 191//205
f 629//186 500//186 504//186
f 629//230 504//230 200//230
f 631//231 629//231 200//231
f 199//46 507//46 509//46
f 509//232 505//232 499//232
f 509//232 499//232 501//232
f 500//14 629//14 628//14
f 500//14 628//14 501//14
f 191//233 201//233 446//233
f 191//234 446//234 175//234
f 496//14 446//14 504//14
f 200//14 504//14 446//14
f 200//14 446//14 201//14
f 628//235 630//235 199//235
f 199//236 630//236 508//236
f 199//237 508//237 507//237
f 631//238 200//238 201//238
f 631//239 201//239 191//239
f 509//174 501//174 628//174
f 509//174 628//174 199//174
f 197//46 530//46 529//46
f 197//46 529//46 198//46
f 193//227 174//227 525//227
f 525//13 625//13 626//13
f 525//205 626//205 193//205
f 511//14 195//14 196//14
f 511//14 196//14 173//14
f 198//174 544//174 624//174
f 198//174 624//174 197//174
f 198//204 529//204 533//204
f 198//204 533//204 544//204
f 624//240 625//240 197//240
f 197//241 625//241 525//241
f 197//242 525//242 530//242
f 626//228 518//228 521//228
f 626//243 521//243 193//243
f 537//14 627//14 624//14
f 537//14 624//14 544//14
f 519//186 518//186 627//186
f 519//186 627//186 537//186
f 626//186 627//186 518//186
f 169//13 171//13 174//13
f 565//106 561//106 562//106
f 565//106 562//106 169//106
f 170//244 175//244 446//244
f 170//245 446//245 172//245
f 172//246 166//246 564//246
f 172//247 564//247 566//247
f 172//248 566//248 171//248
f 172//106 171//106 170//106
f 565//14 511//14 173//14
f 565//14 173//14 566//14
f 426//14 178//14 164//14
f 426//14 164//14 165//14
f 179//249 613//249 164//249
f 179//250 164//250 178//250
f 168//251 180//251 426//251
f 168//252 426//252 165//252
f 170//13 167//13 175//13
f 166//253 177//253 176//253
f 166//253 176//253 167//253
f 172//14 446//14 177//14
f 172//14 177//14 166//14
f 564//254 166//254 165//254
f 564//255 165//255 164//255
f 167//106 168//106 165//106
f 167//106 165//106 166//106
f 164//247 613//247 614//247
f 164//106 614//106 596//106
f 570//106 583//106 563//106
f 584//106 564//106 585//106
f 596//106 585//106 564//106
f 596//256 564//256 164//256
f 584//14 612//14 573//14
f 584//14 573//14 564//14
f 583//106 586//106 613//106
f 583//257 613//257 168//257
f 570//13 578//13 615//13
f 570//13 615//13 583//13
f 612//126 615//126 578//126
f 612//126 578//126 573//126
f 562//247 563//247 583//247
f 562//106 583//106 169//106
f 583//248 170//248 171//248
f 583//258 171//258 169//258
f 167//259 170//259 583//259
f 167//260 583//260 168//260
f 463//261 596//261 614//261
f 463//262 614//262 181//262
f 426//14 433//14 443//14
f 426//14 443//14 184//14
f 426//14 184//14 185//14
f 426//14 185//14 178//14
f 184//263 439//263 186//263
f 184//264 186//264 185//264
f 181//265 614//265 485//265
f 181//227 485//227 183//227
f 618//14 492//14 491//14
f 485//13 617//13 619//13
f 485//205 619//205 183//205
f 613//266 179//266 470//266
f 613//227 470//227 168//227
f 470//227 187//227 180//227
f 470//227 180//227 168//227
f 186//13 470//13 179//13
f 185//212 186//212 179//212
f 185//212 179//212 178//212
f 443//219 440//219 439//219
f 443//267 439//267 184//267
f 438//13 470//13 186//13
f 438//221 186//221 439//221
f 614//13 586//13 485//13
f 485//268 484//268 616//268
f 485//268 616//268 617//268
f 616//269 484//269 486//269
f 486//174 492//174 618//174
f 486//174 618//174 616//174
f 566//270 173//270 182//270
f 566//271 182//271 171//271
f 182//272 522//272 171//272
f 511//273 565//273 169//273
f 511//274 169//274 174//274
f 618//275 491//275 460//275
f 618//276 460//276 459//276
f 619//277 618//277 459//277
f 586//13 466//13 465//13
f 586//13 465//13 485//13
f 486//204 481//204 482//204
f 486//204 482//204 492//204
f 619//228 459//228 462//228
f 619//278 462//278 183//278
f 183//279 462//279 463//279
f 183//280 463//280 181//280
f 510//13 506//13 237//13
f 240//281 429//281 428//281
f 240//282 428//282 241//282
f 241//283 428//283 427//283
f 241//284 427//284 218//284
f 454//13 214//13 209//13
f 454//13 209//13 212//13
f 235//13 236//13 454//13
f 235//13 454//13 212//13
f 237//13 506//13 454//13
f 237//13 454//13 236//13
f 438//13 217//13 216//13
f 438//13 216//13 208//13
f 438//13 208//13 211//13
f 438//13 211//13 243//13
f 244//13 438//13 243//13
f 442//285 431//285 429//285
f 442//286 429//286 240//286
f 242//287 243//287 211//287
f 242//287 211//287 210//287
f 438//13 241//13 218//13
f 438//13 218//13 217//13
f 212//288 449//288 498//288
f 212//289 498//289 235//289
f 236//290 497//290 494//290
f 236//291 494//291 237//291
f 493//292 510//292 237//292
f 493//293 237//293 494//293
f 515//14 233//14 231//14
f 515//14 231//14 227//14
f 515//14 227//14 230//14
f 515//14 230//14 221//14
f 235//294 498//294 497//294
f 235//295 497//295 236//295
f 457//285 450//285 445//285
f 457//296 445//296 239//296
f 454//13 457//13 239//13
f 454//13 239//13 238//13
f 454//13 238//13 215//13
f 454//13 215//13 214//13
f 495//172 503//172 510//172
f 495//172 510//172 493//172
f 239//297 445//297 444//297
f 239//298 444//298 238//298
f 238//299 444//299 447//299
f 238//300 447//300 215//300
f 438//13 442//13 240//13
f 438//13 240//13 241//13
f 467//301 610//301 253//301
f 467//301 253//301 249//301
f 458//14 461//14 490//14
f 458//14 490//14 489//14
f 489//14 254//14 458//14
f 251//13 483//13 465//13
f 251//13 465//13 250//13
f 487//13 483//13 251//13
f 249//302 253//302 252//302
f 249//302 252//302 250//302
f 489//172 488//172 487//172
f 489//303 487//303 254//303
f 250//304 252//304 255//304
f 250//304 255//304 251//304
f 441//305 432//305 431//305
f 441//305 431//305 442//305
f 458//14 254//14 255//14
f 458//14 255//14 252//14
f 253//14 610//14 458//14
f 253//14 458//14 252//14
f 254//306 487//306 251//306
f 254//307 251//307 255//307
f 430//14 247//14 242//14
f 430//14 242//14 210//14
f 246//304 248//304 244//304
f 246//304 244//304 247//304
f 247//302 244//302 243//302
f 247//302 243//302 242//302
f 430//14 435//14 478//14
f 430//14 478//14 479//14
f 479//14 245//14 430//14
f 246//14 247//14 430//14
f 246//14 430//14 245//14
f 479//172 476//172 477//172
f 479//308 477//308 245//308
f 456//305 451//305 450//305
f 456//305 450//305 457//305
f 465//13 467//13 249//13
f 465//13 249//13 250//13
f 248//13 468//13 438//13
f 248//13 438//13 244//13
f 477//13 468//13 248//13
f 245//309 477//309 248//309
f 245//307 248//307 246//307
f 534//14 233//14 515//14
f 209//310 208//310 602//310
f 209//311 602//311 207//311
f 216//173 595//173 602//173
f 216//310 602//310 208//310
f 202//173 611//173 595//173
f 202//173 595//173 216//173
f 448//14 449//14 213//14
f 448//14 213//14 204//14
f 215//312 447//312 448//312
f 215//313 448//313 214//313
f 209//314 214//314 448//314
f 209//315 448//315 204//315
f 202//14 430//14 210//14
f 202//14 210//14 203//14
f 213//316 219//316 557//316
f 213//317 557//317 204//317
f 557//316 219//316 220//316
f 610//318 467//318 595//318
f 610//318 595//318 611//318
f 218//319 427//319 430//319
f 218//320 430//320 217//320
f 217//321 430//321 202//321
f 217//322 202//322 216//322
f 203//323 204//323 557//323
f 203//323 557//323 202//323
f 599//14 603//14 557//14
f 599//14 557//14 558//14
f 560//173 205//173 602//173
f 600//324 599//324 558//324
f 600//324 558//324 559//324
f 603//173 609//173 557//173
f 557//325 609//325 611//325
f 557//173 611//173 202//173
f 210//326 211//326 208//326
f 210//326 208//326 203//326
f 213//327 449//327 212//327
f 213//328 212//328 207//328
f 207//13 212//13 209//13
f 206//329 207//329 602//329
f 206//329 602//329 205//329
f 560//13 602//13 600//13
f 560//13 600//13 559//13
f 208//174 209//174 204//174
f 208//174 204//174 203//174
f 219//174 213//174 207//174
f 219//174 207//174 206//174
f 230//287 229//287 222//287
f 230//287 222//287 221//287
f 231//304 232//304 228//304
f 231//304 228//304 227//304
f 233//307 234//307 232//307
f 233//307 232//307 231//307
f 226//13 225//13 526//13
f 224//13 223//13 225//13
f 229//302 230//302 227//302
f 229//302 227//302 228//302
f 536//13 532//13 531//13
f 536//13 531//13 234//13
f 222//13 229//13 524//13
f 515//14 520//14 535//14
f 515//14 535//14 534//14
f 534//172 536//172 234//172
f 534//172 234//172 233//172
f 229//13 228//13 232//13
f 229//13 232//13 524//13
f 531//13 524//13 232//13
f 531//13 232//13 234//13
f 224//330 512//330 515//330
f 224//331 515//331 223//331
f 206//332 223//332 515//332
f 206//333 515//333 219//333
f 205//174 560//174 557//174
f 205//174 557//174 220//174
f 220//334 221//334 222//334
f 220//334 222//334 205//334
f 205//13 222//13 206//13
f 219//14 515//14 221//14
f 219//14 221//14 220//14
f 225//335 513//335 512//335
f 225//336 512//336 224//336
f 526//285 516//285 514//285
f 526//337 514//337 226//337
f 527//305 517//305 516//305
f 527//305 516//305 526//305
f 524//13 526//13 225//13
f 524//13 225//13 223//13
f 524//13 223//13 206//13
f 524//13 206//13 222//13
f 226//338 514//338 513//338
f 226//339 513//339 225//339
f 314//13 311//13 305//13
f 314//13 305//13 303//13
f 311//13 314//13 315//13
f 311//13 315//13 313//13
f 263//340 314//340 303//340
f 263//340 303//340 264//340
f 307//341 306//341 304//341
f 307//341 304//341 305//341
f 305//342 311//342 310//342
f 305//342 310//342 307//342
f 311//343 313//343 312//343
f 311//343 312//343 310//343
f 317//344 318//344 271//344
f 317//344 271//344 270//344
f 316//345 317//345 270//345
f 316//345 270//345 272//345
f 309//340 316//340 272//340
f 309//340 272//340 273//340
f 261//345 315//345 314//345
f 261//345 314//345 263//345
f 310//14 316//14 309//14
f 310//14 309//14 307//14
f 312//14 317//14 316//14
f 312//14 316//14 310//14
f 264//346 303//346 302//346
f 264//346 302//346 289//346
f 302//13 303//13 304//13
f 302//13 304//13 281//13
f 305//13 304//13 303//13
f 256//347 266//347 265//347
f 256//347 265//347 257//347
f 289//348 302//348 280//348
f 289//348 280//348 286//348
f 302//13 281//13 280//13
f 308//346 309//346 273//346
f 308//346 273//346 291//346
f 297//14 306//14 296//14
f 281//349 304//349 306//349
f 281//349 306//349 297//349
f 306//14 307//14 308//14
f 306//14 308//14 296//14
f 296//348 308//348 291//348
f 296//348 291//348 290//348
f 308//14 307//14 309//14
f 313//350 320//350 327//350
f 313//350 327//350 312//350
f 331//351 546//351 545//351
f 331//351 545//351 330//351
f 329//352 331//352 330//352
f 329//352 330//352 325//352
f 327//14 318//14 317//14
f 327//14 317//14 312//14
f 323//353 325//353 327//353
f 323//354 327//354 320//354
f 329//355 325//355 323//355
f 329//356 323//356 636//356
f 545//14 550//14 328//14
f 545//14 328//14 330//14
f 328//357 550//357 551//357
f 328//357 551//357 268//357
f 330//14 328//14 326//14
f 330//14 326//14 325//14
f 637//13 547//13 546//13
f 637//358 546//358 331//358
f 548//359 547//359 637//359
f 548//359 637//359 632//359
f 636//360 637//360 331//360
f 636//360 331//360 329//360
f 324//13 319//13 322//13
f 636//361 324//361 322//361
f 636//362 322//362 259//362
f 632//363 636//363 259//363
f 321//13 322//13 319//13
f 321//13 319//13 320//13
f 319//354 323//354 320//354
f 319//364 324//364 636//364
f 319//365 636//365 323//365
f 318//14 327//14 325//14
f 318//14 325//14 326//14
f 269//366 326//366 328//366
f 269//366 328//366 268//366
f 318//367 326//367 269//367
f 318//367 269//367 271//367
f 259//367 322//367 321//367
f 259//367 321//367 260//367
f 260//344 321//344 315//344
f 260//344 315//344 261//344
f 321//13 320//13 313//13
f 321//13 313//13 315//13
f 258//368 267//368 266//368
f 258//368 266//368 256//368
f 554//369 553//369 274//369
f 554//369 274//369 275//369
f 276//370 552//370 549//370
f 276//370 549//370 277//370
f 278//371 279//371 276//371
f 278//371 276//371 277//371
f 633//372 272//372 270//372
f 633//20 270//20 267//20
f 272//373 633//373 273//373
f 572//374 571//374 257//374
f 572//374 257//374 265//374
f 548//375 554//375 275//375
f 548//376 275//376 278//376
f 277//155 549//155 548//155
f 277//377 548//377 278//377
f 282//13 283//13 280//13
f 282//13 280//13 281//13
f 279//152 278//152 275//152
f 279//152 275//152 274//152
f 274//378 553//378 551//378
f 274//379 551//379 279//379
f 551//380 552//380 276//380
f 551//381 276//381 279//381
f 258//205 548//205 632//205
f 258//382 632//382 259//382
f 260//13 261//13 258//13
f 260//13 258//13 259//13
f 261//13 263//13 262//13
f 261//13 262//13 258//13
f 257//383 571//383 548//383
f 257//205 548//205 256//205
f 555//13 554//13 548//13
f 555//13 548//13 571//13
f 256//213 548//213 258//213
f 266//384 267//384 551//384
f 268//385 551//385 267//385
f 268//14 267//14 269//14
f 267//14 270//14 271//14
f 267//14 271//14 269//14
f 263//13 264//13 262//13
f 551//386 572//386 265//386
f 551//387 265//387 266//387
f 551//14 553//14 556//14
f 551//14 556//14 572//14
f 574//388 577//388 299//388
f 574//388 299//388 298//388
f 301//14 575//14 574//14
f 301//14 574//14 298//14
f 634//14 301//14 298//14
f 634//14 298//14 292//14
f 298//389 299//389 284//389
f 298//389 284//389 292//389
f 301//390 633//390 262//390
f 301//391 262//391 300//391
f 633//392 267//392 258//392
f 633//393 258//393 262//393
f 285//394 300//394 262//394
f 285//395 262//395 288//395
f 285//396 288//396 287//396
f 285//396 287//396 283//396
f 576//397 575//397 301//397
f 576//397 301//397 300//397
f 634//398 633//398 301//398
f 577//13 576//13 300//13
f 577//13 300//13 299//13
f 299//13 300//13 285//13
f 299//13 285//13 284//13
f 289//13 286//13 262//13
f 289//13 262//13 264//13
f 633//386 290//386 291//386
f 633//399 291//399 273//399
f 293//14 294//14 634//14
f 293//14 634//14 292//14
f 284//13 285//13 283//13
f 284//13 283//13 282//13
f 283//400 287//400 286//400
f 283//400 286//400 280//400
f 286//13 287//13 288//13
f 286//13 288//13 262//13
f 297//14 296//14 294//14
f 297//14 294//14 293//14
f 297//401 293//401 282//401
f 297//401 282//401 281//401
f 293//402 292//402 284//402
f 293//402 284//402 282//402
f 290//403 633//403 635//403
f 290//404 635//404 295//404
f 294//400 296//400 290//400
f 294//400 290//400 295//400
f 295//396 635//396 634//396
f 295//396 634//396 294//396
f 399//13 401//13 391//13
f 399//13 391//13 394//13
f 402//405 395//405 335//405
f 402//405 335//405 338//405
f 395//14 402//14 400//14
f 395//14 400//14 397//14
f 345//405 391//405 401//405
f 345//405 401//405 348//405
f 387//406 398//406 393//406
f 387//406 393//406 384//406
f 398//407 397//407 394//407
f 398//407 394//407 393//407
f 397//408 400//408 399//408
f 397//408 399//408 394//408
f 406//13 410//13 409//13
f 406//13 409//13 407//13
f 408//15 411//15 410//15
f 408//15 410//15 406//15
f 411//13 408//13 405//13
f 411//13 405//13 403//13
f 405//409 408//409 406//409
f 405//409 406//409 349//409
f 400//410 404//410 403//410
f 400//410 403//410 399//410
f 348//411 401//411 405//411
f 348//412 405//412 349//412
f 406//413 407//413 350//413
f 406//414 350//414 349//414
f 374//13 583//13 615//13
f 374//13 615//13 375//13
f 612//14 584//14 378//14
f 612//14 378//14 383//14
f 353//415 392//415 391//415
f 353//415 391//415 345//415
f 615//416 612//416 383//416
f 615//416 383//416 375//416
f 361//417 379//417 373//417
f 361//417 373//417 357//417
f 379//418 378//418 374//418
f 379//418 374//418 373//418
f 356//419 358//419 361//419
f 356//419 361//419 357//419
f 396//420 388//420 359//420
f 396//420 359//420 332//420
f 397//14 398//14 396//14
f 397//14 396//14 395//14
f 388//14 396//14 398//14
f 388//14 398//14 387//14
f 395//415 396//415 332//415
f 395//415 332//415 335//415
f 354//420 390//420 392//420
f 354//420 392//420 353//420
f 392//13 393//13 394//13
f 392//13 394//13 391//13
f 393//13 392//13 390//13
f 393//13 390//13 384//13
f 419//421 420//421 341//421
f 419//421 341//421 342//421
f 420//422 414//422 339//422
f 420//422 339//422 341//422
f 414//14 420//14 424//14
f 414//14 424//14 412//14
f 370//423 421//423 365//423
f 370//423 365//423 364//423
f 422//13 415//13 421//13
f 422//13 423//13 417//13
f 422//13 417//13 415//13
f 352//424 422//424 421//424
f 352//424 421//424 370//424
f 425//13 417//13 423//13
f 417//425 425//425 424//425
f 417//425 424//425 418//425
f 412//426 424//426 425//426
f 412//426 425//426 409//426
f 425//13 423//13 407//13
f 425//13 407//13 409//13
f 424//14 420//14 418//14
f 351//421 423//421 422//421
f 351//421 422//421 352//421
f 350//422 407//422 423//422
f 350//422 423//422 351//422
f 339//427 414//427 413//427
f 339//427 413//427 340//427
f 402//14 413//14 404//14
f 402//14 404//14 400//14
f 413//14 414//14 412//14
f 413//14 412//14 404//14
f 413//412 402//412 338//412
f 413//412 338//412 340//412
f 403//13 405//13 401//13
f 403//13 401//13 399//13
f 412//428 409//428 410//428
f 412//429 410//429 404//429
f 404//430 410//430 411//430
f 404//430 411//430 403//430
f 418//14 420//14 419//14
f 418//14 419//14 416//14
f 369//424 419//424 342//424
f 369//424 342//424 368//424
f 421//13 415//13 362//13
f 421//13 362//13 365//13
f 419//14 369//14 416//14
f 362//431 415//431 416//431
f 362//431 416//431 363//431
f 415//432 417//432 418//432
f 415//432 418//432 416//432
f 363//14 416//14 369//14
f 363//14 369//14 366//14
f 355//433 582//433 356//433
f 355//13 356//13 357//13
f 582//434 581//434 358//434
f 582//434 358//434 356//434
f 332//147 588//147 592//147
f 332//435 592//435 594//435
f 579//13 582//13 355//13
f 579//13 355//13 354//13
f 591//13 587//13 353//13
f 591//13 353//13 593//13
f 587//13 590//13 354//13
f 587//13 354//13 353//13
f 579//13 354//13 590//13
f 363//436 598//436 597//436
f 363//436 597//436 362//436
f 608//437 607//437 364//437
f 608//437 364//437 365//437
f 364//438 607//438 601//438
f 364//439 601//439 346//439
f 358//440 581//440 360//440
f 358//14 360//14 361//14
f 359//147 589//147 588//147
f 359//441 588//441 332//441
f 580//442 589//442 359//442
f 360//443 581//443 580//443
f 360//444 580//444 359//444
f 337//14 339//14 340//14
f 337//14 340//14 338//14
f 337//14 342//14 341//14
f 337//14 341//14 339//14
f 333//445 343//445 344//445
f 333//445 344//445 334//445
f 335//14 337//14 338//14
f 332//446 594//446 333//446
f 332//14 333//14 334//14
f 332//14 334//14 335//14
f 336//14 337//14 335//14
f 336//14 335//14 334//14
f 351//13 352//13 346//13
f 351//13 346//13 350//13
f 353//13 345//13 344//13
f 343//447 593//447 353//447
f 343//13 353//13 344//13
f 349//13 350//13 346//13
f 349//13 346//13 348//13
f 594//448 593//448 343//448
f 594//448 343//448 333//448
f 345//13 346//13 347//13
f 345//13 347//13 344//13
f 345//13 348//13 346//13
f 386//449 387//449 384//449
f 386//449 384//449 385//449
f 382//450 386//450 385//450
f 382//450 385//450 376//450
f 381//14 388//14 387//14
f 381//14 387//14 386//14
f 375//451 383//451 382//451
f 375//451 382//451 376//451
f 381//452 377//452 380//452
f 381//452 380//452 360//452
f 380//14 379//14 361//14
f 380//14 361//14 360//14
f 377//14 382//14 383//14
f 377//14 383//14 378//14
f 384//13 390//13 389//13
f 384//13 389//13 385//13
f 385//13 389//13 371//13
f 385//13 371//13 376//13
f 584//453 583//453 374//453
f 584//453 374//453 378//453
f 372//452 371//452 389//452
f 372//452 389//452 355//452
f 386//14 382//14 377//14
f 386//14 377//14 381//14
f 388//454 381//454 360//454
f 388//454 360//454 359//454
f 355//454 389//454 390//454
f 355//454 390//454 354//454
f 366//14 605//14 598//14
f 366//14 598//14 363//14
f 337//14 367//14 368//14
f 337//14 368//14 342//14
f 370//13 364//13 346//13
f 370//13 346//13 352//13
f 366//455 369//455 368//455
f 366//423 368//423 367//423
f 597//456 608//456 365//456
f 597//457 365//457 362//457
f 367//437 606//437 605//437
f 367//437 605//437 366//437
f 604//458 606//458 367//458
f 604//459 367//459 337//459
f 375//13 376//13 371//13
f 375//13 371//13 374//13
f 357//13 373//13 372//13
f 357//13 372//13 355//13
f 379//460 380//460 377//460
f 379//461 377//461 378//461
f 373//462 374//462 371//462
f 373//460 371//460 372//460
f 336//463 347//463 346//463
f 336//463 346//463 337//463
f 601//464 604//464 337//464
f 601//464 337//464 346//464
f 334//465 344//465 347//465
f 334//465 347//465 336//465
o Chassis_havok_s_leftTrack_1
v -0.843028 0.533682 -0.965475
v -0.843028 0.533682 -0.620671
v -0.788244 0.478830 -0.888480
v -0.788244 0.478830 -0.699340
v -1.297156 0.533682 -0.965475
v -1.297156 0.478830 -0.888480
v -1.291028 0.478830 -0.844961
v -1.291028 0.478830 -0.699340
v -1.297156 0.478830 -0.844961
v -1.291028 0.410926 -0.838266
v -1.297156 0.499978 -0.848309
v -1.526022 0.410926 -0.838266
v -1.526022 0.499978 -0.848309
v -1.297156 0.588865 -0.838266
v -1.291028 0.499978 -1.047492
v -1.291028 0.410926 -1.057534
v -1.526022 0.410926 -1.057534
v -1.526022 0.499978 -1.047492
v -1.526022 0.588865 -1.057534
v -1.291028 0.588865 -1.057534
v -1.526022 0.326499 -0.808137
v -1.526022 0.250665 -0.761271
v -1.291028 0.250665 -0.761271
v -1.291028 0.326499 -0.808137
v -1.291028 0.326499 -1.087663
v -1.526022 0.326499 -1.087663
v -1.291028 0.588865 -0.058272
v -1.291028 0.410926 -0.058272
v -1.291028 0.499978 -0.048229
v -1.291028 0.326499 -0.088401
v -1.291028 0.250665 -0.135267
v -1.526022 0.250665 -0.135267
v -1.526022 0.326499 -0.088401
v -1.526022 0.410926 -0.058272
v -1.526022 0.499978 -0.048229
v -1.291028 0.533682 -1.619933
v -1.526022 0.250665 -1.760533
v -1.291028 0.250665 -1.760533
v -0.843028 0.533682 -1.619933
v -1.291028 0.250665 -1.136203
v -1.526022 0.250665 -1.136203
v -1.291066 0.250482 -2.134642
v -1.291066 0.326619 -2.087382
v -1.291066 0.533764 -2.621627
v -1.291066 0.187530 -2.198341
v -1.291066 0.410838 -2.057588
v -1.291066 0.499736 -2.047313
v -1.291066 0.589060 -2.057588
v -1.291066 0.673279 -2.087382
v -1.525927 0.187530 -2.198341
v -1.525927 0.250482 -2.134642
v -1.525927 0.139891 -2.274368
v -1.291066 0.139891 -2.274368
v -1.525927 0.326619 -2.087382
v -1.525927 0.139891 -2.620600
v -1.525927 0.860007 -2.274368
v -1.525927 0.812368 -2.198341
v -1.525927 0.748991 -2.134642
v -1.525927 0.673279 -2.087382
v -1.525927 0.589060 -2.057588
v -1.525927 0.499736 -2.047313
v -1.525927 0.410838 -2.057588
v -1.297144 0.499736 -1.847999
v -1.297144 0.589060 -1.837725
v -1.297144 0.478894 -1.888067
v -1.297144 0.533764 -1.965122
v -1.291066 0.096080 -2.408957
v -1.525927 0.096080 -2.408957
v -1.525927 0.110117 -2.358614
v -1.291066 0.110117 -2.358614
v -1.297144 0.683912 -1.965122
v -1.297144 0.738782 -1.888067
v -1.291066 0.748991 -2.134642
v -1.291066 0.812368 -2.198341
v -1.291066 0.891483 -2.344231
v -1.291066 0.860007 -2.274368
v -0.993691 0.683912 -1.965122
v -1.291066 0.891483 -2.550737
v -1.291066 0.812368 -2.696627
v -1.291066 0.738782 -2.699709
v -1.291066 0.683912 -2.621627
v -1.291066 0.860007 -2.620600
v -1.291066 0.748991 -2.760325
v -1.525927 0.860007 -2.620600
v -1.525927 0.812368 -2.696627
v -1.048825 0.738782 -2.699709
v -1.297144 0.478894 -2.888750
v -0.787916 0.478894 -2.888750
v -1.291066 0.478894 -2.844572
v -1.297144 0.589060 -2.837380
v -1.297144 0.499736 -2.847654
v -1.297144 0.478894 -2.844572
v -1.291066 0.478894 -2.699709
v -0.787916 0.478894 -2.699709
v -0.843050 0.533764 -2.621627
v -0.993691 0.683912 -2.621627
v -1.048825 0.738782 -2.888750
v -1.297144 0.738782 -2.888750
v -1.525927 0.673279 -2.807586
v -1.297144 0.673279 -2.807586
v -1.525927 0.589060 -2.837380
v -1.525927 0.499736 -2.847654
v -1.525927 0.410838 -2.837380
v -1.291066 0.410838 -2.837380
v -1.676568 0.020794 -2.575394
v -1.143464 0.020794 -2.575394
v -1.525927 0.122027 -2.586696
v -1.291066 0.122027 -2.586696
v -1.291066 0.139891 -2.620600
v -1.143464 0.112669 -2.551764
v -1.291066 0.112669 -2.551764
v -1.676568 0.112669 -2.551764
v -1.525927 0.112669 -2.551764
v -1.525927 0.250482 -2.760325
v -1.525927 0.326619 -2.807586
v -1.525927 0.187530 -2.696627
v -1.291066 0.187530 -2.696627
v -1.291066 0.326619 -2.807586
v -1.291066 0.250482 -2.760325
v -1.297275 0.738797 2.013257
v -1.297275 0.682520 2.249262
v -1.297275 0.597866 2.219658
v -1.297275 0.683951 1.935959
v -1.297275 0.738797 2.202801
v -1.297275 0.698736 2.259541
v -1.291064 0.698736 2.259541
v -1.291064 0.683951 2.280510
v -1.048587 0.738797 2.013257
v -1.048836 0.738797 2.202801
v -0.993931 0.683951 1.935959
v -0.993931 0.683951 2.280510
v -0.843625 0.533720 2.280510
v -0.788720 0.478873 2.202801
v -0.788720 0.478873 2.013257
v -1.297275 0.478873 2.013257
v -0.843625 0.533720 1.935959
v -1.291064 0.527996 1.943771
v -1.297275 0.527996 1.943771
v -1.297275 0.508919 2.209790
v -1.297275 0.588804 1.937192
v -1.297275 0.592381 1.935959
v -1.291064 0.410911 1.937192
v -1.291064 0.499858 1.947060
v -1.291064 0.419973 2.219658
v -1.291064 0.250665 1.859894
v -1.291064 0.326496 1.907589
v -1.291064 0.335557 2.249262
v -1.290963 0.889137 0.653956
v -1.290963 0.888618 1.434838
v -1.290963 0.889879 -0.348698
v -1.290963 0.889359 0.435308
v -1.290963 0.890027 -0.554850
v -1.526022 0.889879 -0.348698
v -1.526022 0.889359 0.435308
v -1.526022 0.889137 0.653956
v -1.526022 0.890620 -1.354474
v -1.526022 0.890027 -0.554850
v -1.526022 0.860063 -1.619974
v -1.290963 0.860063 -1.619974
v -1.526022 0.812447 -1.698062
v -1.290963 0.860063 -1.273262
v -1.290963 0.860063 -0.273733
v -1.526022 0.860063 -0.620445
v -1.290963 0.860063 -0.620445
v -1.290963 0.860063 1.372367
v -1.526022 0.860063 1.372367
v -1.526022 0.860063 0.375961
v -1.290963 0.860063 0.722673
v -1.290963 0.860063 0.375961
v -1.297259 0.738797 -0.889068
v -1.290963 0.738797 -0.698533
v -1.048674 0.738797 0.113585
v -1.297259 0.738797 0.113585
v -1.526022 0.749181 -0.136297
v -1.526022 0.812447 -0.198768
v -1.290963 0.749181 -0.761003
v -1.290963 0.812447 -0.698533
v -1.526022 0.812447 -0.698533
v -1.290963 0.738797 -1.698062
v -1.290963 0.812447 -1.198298
v -1.290963 0.749181 -1.760533
v -1.290963 0.812447 -1.698062
v -1.290963 0.812447 0.797638
v -1.290963 0.749181 0.860108
v -1.526022 0.812447 0.297873
v -1.290963 0.749181 0.235402
v -1.290963 0.812447 0.297873
v -1.290963 0.738797 0.300997
v -1.048674 0.738797 0.300997
v -1.526022 0.812447 1.297403
v -1.290963 0.749181 1.234932
v -1.290963 0.812447 1.297403
v -1.290963 0.738797 1.303650
v -1.297259 0.738797 1.113114
v -1.048674 0.738797 1.303650
v -1.048674 0.738797 1.113114
v -1.526022 0.103514 0.623219
v -1.526022 0.105799 1.469409
v -1.526022 0.103130 0.476819
v -1.526022 0.100827 -0.378156
v -1.526022 0.100443 -0.518699
v -1.290977 0.100443 -0.518699
v -1.526022 0.110176 -1.359034
v -1.290977 0.100827 -0.378156
v -1.290977 0.103130 0.476819
v -1.290977 0.103514 0.623219
v -1.290977 0.110176 0.637858
v -1.526022 0.139740 -1.274122
v -1.290977 0.139740 -0.275676
v -1.290977 0.110176 -0.357660
v -1.526022 0.110176 0.637858
v -1.526022 0.139740 0.722770
v -1.290977 0.139740 0.722770
v -1.526022 0.110176 1.636305
v -1.297207 0.478830 1.112767
v -0.788408 0.478830 1.112767
v -0.843540 0.533682 1.035190
v -1.297207 0.533682 1.035190
v -1.291081 0.478830 1.149584
v -1.291081 0.478830 1.302109
v -0.788768 0.478830 1.302109
v -1.297207 0.478830 1.149584
v -1.291081 0.410926 1.157473
v -1.297207 0.499978 1.146954
v -0.843540 0.533682 1.379687
v -1.291081 0.326499 1.187715
v -1.291081 0.250665 1.235051
v -1.526022 0.410926 1.157473
v -1.526022 0.499978 1.146954
v -1.297207 0.588865 1.157473
v -1.526022 0.326499 1.187715
v -1.526022 0.250665 1.235051
v -1.526022 0.410926 0.937889
v -1.526022 0.499978 0.948408
v -1.291081 0.499978 0.948408
v -1.291081 0.410926 0.937889
v -1.526022 0.588865 0.937889
v -1.291081 0.588865 0.937889
v -1.291081 0.326499 0.908962
v -1.526022 0.326499 0.908962
v -0.843180 0.533682 0.034572
v -0.788408 0.478830 0.112149
v -0.788408 0.478830 0.301491
v -0.843180 0.533682 0.379068
v -1.291081 0.478830 0.301491
v -1.291081 0.478830 0.151595
v -1.297207 0.533682 0.034572
v -1.297207 0.478830 0.112149
v -1.297207 0.588865 0.159485
v -1.297207 0.499978 0.148965
v -1.526022 0.499978 0.148965
v -1.526022 0.410926 0.159485
v -1.291081 0.410926 0.159485
v -1.297207 0.478830 0.151595
v -1.291081 0.326499 0.188412
v -1.291081 0.250665 0.235747
v -1.526022 0.326499 0.188412
v -1.526022 0.250665 0.235747
v -1.526022 0.250665 0.861627
v -1.291081 0.250665 0.861627
v -1.143658 0.322909 -3.495164
v -1.676568 0.322909 -3.495164
v -1.143658 0.411986 -3.462575
v -1.145911 0.382294 -3.375461
v -1.145911 0.411986 -3.462575
v -1.676568 0.411986 -3.462575
v -1.672907 0.411986 -3.462575
v -1.672907 0.382294 -3.375461
v -1.672907 0.440298 -3.188700
v -1.672907 0.500718 -3.127909
v -1.145911 0.500718 -3.127909
v -1.145911 0.440298 -3.188700
v -1.676568 0.997895 -3.098454
v -1.100000 0.997895 -3.098454
v -1.100000 0.902948 -3.098454
v -1.676568 0.902948 -3.098454
v -1.676568 1.012742 -3.219409
v -1.100000 1.012742 -3.219409
v -1.676568 0.917795 -3.219409
v -1.100000 0.917795 -3.219409
v -1.145911 0.882233 -3.188700
v -1.145911 0.821812 -3.127909
v -1.672907 0.821812 -3.127909
v -1.672907 0.882233 -3.188700
v -1.145911 0.745509 -3.089053
v -1.672907 0.745509 -3.089053
v -1.145911 0.661265 -3.075892
v -1.145911 0.934713 -3.346006
v -1.145911 0.576676 -3.089053
v -1.672907 0.661265 -3.075892
v -1.672907 0.576676 -3.089053
v -1.145911 0.401283 -3.264533
v -1.145911 0.573914 -3.608599
v -1.145911 0.507278 -3.575383
v -1.145911 0.720650 -3.616120
v -1.145911 0.646764 -3.622387
v -1.145911 0.850469 -3.546554
v -1.145911 0.790393 -3.590425
v -1.672907 0.452036 -3.525873
v -1.672907 0.507278 -3.575383
v -1.672907 0.573914 -3.608599
v -1.672907 0.646764 -3.622387
v -1.672907 0.720650 -3.616120
v -1.672907 0.790393 -3.590425
v -1.672907 0.850469 -3.546554
v -1.676568 0.850469 -3.546554
v -1.676568 0.896734 -3.488270
v -1.672907 0.896734 -3.488270
v -1.672907 0.401283 -3.264533
v -1.676568 0.379186 -3.586037
v -1.676568 0.452036 -3.525873
v -1.143658 0.379186 -3.586037
v -1.145911 0.921938 -3.251372
v -1.672907 0.921938 -3.251372
v -1.672907 0.925390 -3.419958
v -1.672907 0.934713 -3.346006
v -1.676568 0.925390 -3.419958
v -1.145911 0.896734 -3.488270
v -1.100000 0.896734 -3.488270
v -1.100000 0.850469 -3.546554
v -1.100000 0.925390 -3.419958
v -1.145911 0.925390 -3.419958
v -1.100000 0.934713 -3.346006
v -1.100000 1.029660 -3.347259
v -1.100000 1.016540 -3.446280
v -1.100000 0.977870 -3.537154
v -1.676568 0.977870 -3.537154
v -1.676568 1.016540 -3.446280
v -1.676568 1.029660 -3.347259
v -1.676568 0.934713 -3.346006
v -1.100000 0.915723 -3.615493
v -1.100000 0.834587 -3.674404
v -1.100000 0.790393 -3.590425
v -1.676568 0.834587 -3.674404
v -1.676568 0.915723 -3.615493
v -1.676568 0.790393 -3.590425
v -1.676568 0.740675 -3.708874
v -1.100000 0.740675 -3.708874
v -1.100000 0.640895 -3.717021
v -1.676568 0.640895 -3.717021
v -1.100000 0.720650 -3.616120
v -1.100000 0.646764 -3.622387
v -1.676568 0.720650 -3.616120
v -1.676568 0.646764 -3.622387
v -1.676568 0.573914 -3.608599
v -1.143658 0.475514 -3.664377
v -1.676568 0.542840 -3.698219
v -1.676568 0.453418 -3.653096
v -1.143658 0.453418 -3.653096
v -1.100000 0.475514 -3.664377
v -1.100000 0.542840 -3.698219
v -1.100000 0.573914 -3.608599
v -1.100000 0.507278 -3.575383
v -1.100000 0.475514 -3.546554
v -1.676568 0.507278 -3.575383
v -1.290969 0.263974 2.929255
v -1.290969 0.138324 2.761159
v -1.290969 0.192710 2.860124
v -1.290969 0.148638 2.435882
v -1.290969 0.349772 2.978738
v -1.290969 0.544810 3.010028
v -1.526159 0.445416 3.006390
v -1.526159 0.349772 2.978738
v -1.526159 0.544810 3.010028
v -1.526159 0.148638 2.435882
v -1.526159 0.263974 2.929255
v -1.526159 0.119101 2.520294
v -1.526159 0.192710 2.860124
v -1.526159 0.138324 2.761159
v -1.676568 0.192710 2.860124
v -1.676568 0.138324 2.761159
v -1.676568 0.263974 2.929255
v -1.676568 0.119570 2.920522
v -1.676568 0.206775 3.004934
v -1.676568 0.049244 2.793177
v -1.143658 0.049244 2.793177
v -1.143658 0.119570 2.920522
v -1.143658 0.138324 2.761159
v -1.290969 0.108787 2.649095
v -1.143658 0.192710 2.860124
v -1.143658 0.263974 2.929255
v -1.290969 0.119101 2.520294
v -1.143658 0.445416 3.006390
v -1.143658 0.349772 2.978738
v -1.143658 0.313202 3.066788
v -1.143658 0.430881 3.100261
v -1.143658 0.206775 3.004934
v -1.676568 0.313202 3.066788
v -1.676568 0.430881 3.100261
v -1.676568 0.349772 2.978738
v -1.676568 0.445416 3.006390
v -1.676568 0.553718 3.104628
v -1.100000 0.553718 3.104628
v -1.143658 0.475421 3.101717
v -1.676568 0.544810 3.010028
v -1.290969 0.445416 3.006390
v -1.143658 0.475421 3.007845
v -1.100000 0.475421 3.007845
v -1.100000 0.544810 3.010028
v -1.100000 0.475421 3.101717
v -1.290969 0.730940 2.945264
v -1.290969 0.864561 2.800454
v -1.290969 0.914258 2.609799
v -1.290969 0.869249 2.435882
v -1.526159 0.821427 2.360202
v -1.526159 0.869249 2.435882
v -1.526159 0.641860 2.988925
v -1.526159 0.730940 2.945264
v -1.526159 0.806893 2.881227
v -1.526159 0.864561 2.800454
v -1.100000 0.806893 2.881227
v -1.100000 0.864561 2.800454
v -1.290969 0.806893 2.881227
v -1.676568 0.806893 2.881227
v -1.676568 0.864561 2.800454
v -1.100000 0.730940 2.945264
v -1.290969 0.641860 2.988925
v -1.100000 0.641860 2.988925
v -1.100000 0.783451 3.024582
v -1.100000 0.876750 2.945264
v -1.100000 0.673273 3.079159
v -1.676568 0.876750 2.945264
v -1.676568 0.783451 3.024582
v -1.676568 0.730940 2.945264
v -1.676568 0.673273 3.079159
v -1.676568 0.641860 2.988925
v -1.526159 0.903943 2.505012
v -1.290969 0.903943 2.505012
v -1.290969 0.901130 2.708037
v -1.526159 0.901130 2.708037
v -1.526159 0.914258 2.609799
v -1.100000 0.994430 2.457713
v -1.100000 0.899255 2.456257
v -1.100000 0.914258 2.609799
v -1.100000 1.008964 2.611255
v -1.100000 0.901130 2.708037
v -1.100000 0.993023 2.731323
v -1.676568 0.994430 2.457713
v -1.676568 1.008964 2.611255
v -1.676568 0.993023 2.731323
v -1.676568 0.899255 2.456257
v -1.676568 0.914258 2.609799
v -1.676568 0.901130 2.708037
v -1.100000 0.948483 2.845571
v -1.676568 0.948483 2.845571
v -1.048674 0.738797 -0.698549
v -1.048674 0.738797 -0.888103
v -0.993690 0.683975 -0.621018
v -0.993690 0.683975 -0.965634
v -1.297275 0.683975 -0.965634
v -1.290978 0.533611 -0.621018
v -1.290978 0.683975 -0.621018
v -1.526022 0.588865 -0.837725
v -1.297275 0.673360 -0.808159
v -1.526022 0.673360 -0.808159
v -1.290978 0.673360 -1.087818
v -1.526022 0.673360 -1.087818
v -1.526022 0.187366 -0.697235
v -1.290978 0.187366 -0.697235
v -1.290978 0.139740 -0.621438
v -1.290978 0.110174 -0.536944
v -1.290978 0.673360 -0.087818
v -1.290978 0.187366 -0.198742
v -1.290978 0.749156 -0.135444
v -1.290978 0.812455 -0.198742
v -1.526022 0.187366 -0.198742
v -1.526022 0.588865 -0.058252
v -1.526022 0.673360 -0.087818
v -1.526022 0.860081 -0.274539
v -1.526022 0.139740 -0.621438
v -1.526022 0.110174 -0.359035
v -1.526022 0.110174 -0.536944
v -1.526022 0.139740 -0.274539
v -1.290978 0.098087 -1.390794
v -1.290978 0.110174 -1.359034
v -1.290978 0.097780 -1.504377
v -1.290978 0.110174 -1.536943
v -1.290978 0.139740 -1.621438
v -1.290978 0.478788 -1.698086
v -1.290978 0.187366 -1.697234
v -1.526022 0.187366 -1.697234
v -1.526022 0.326461 -1.808159
v -1.290978 0.326461 -1.808159
v -1.290978 0.410956 -1.837726
v -1.290978 0.478788 -1.845368
v -1.297274 0.478788 -1.845368
v -1.526022 0.860081 -1.274540
v -1.526022 0.139740 -1.621438
v -1.526022 0.410956 -1.837726
v -1.526022 0.499911 -1.847748
v -1.526022 0.588865 -1.837726
v -0.842884 0.533611 -1.965171
v -0.993690 0.683975 -1.620555
v -1.048674 0.738797 -1.698086
v -1.048674 0.738797 -1.887640
v -0.788111 0.478788 -1.698086
v -0.788080 0.478788 -1.887640
v -1.290978 0.683975 -1.620555
v -1.290978 0.187366 -1.198743
v -1.290978 0.139740 -1.274540
v -1.290978 0.749156 -1.135444
v -1.526022 0.187366 -1.198743
v -1.526022 0.812455 -1.198743
v -1.526022 0.749156 -1.135444
v -1.526022 0.110174 -1.536943
v -1.526022 0.097780 -1.504377
v -1.676568 0.095361 -2.401101
v -1.143568 0.095361 -2.401101
v -1.526022 0.098087 -1.390794
v -1.297275 0.673360 -1.808159
v -1.297275 0.738797 -1.767042
v -1.290978 0.738797 -1.767042
v -1.526022 0.673360 -1.808159
v -1.526022 0.891334 -2.343923
v -1.526022 0.890764 -1.553892
v -1.290978 0.890764 -1.553892
v -1.290978 0.890620 -1.355089
v -1.100000 0.891766 -2.943856
v -1.676568 0.891766 -2.943856
v -1.526022 0.891483 -2.550388
v -1.290978 0.738797 -2.766468
v -1.526022 0.749156 -2.759959
v -0.842884 0.533611 -2.966281
v -1.297274 0.533611 -2.966281
v -0.993690 0.683975 -2.966281
v -1.297275 0.738797 -2.766468
v -1.297275 0.683975 -2.966281
v -1.143568 0.059194 -2.718655
v -1.676568 0.059194 -2.718655
v -1.676568 0.149073 -2.688033
v -1.143568 0.149073 -2.688033
v -1.143568 0.001021 -2.411859
v -1.676568 0.001021 -2.411859
v -1.290978 0.758248 2.296905
v -1.290978 0.533611 2.280510
v -1.290978 0.821547 2.360203
v -1.526022 0.749156 1.859894
v -1.526022 0.812455 1.796595
v -1.290978 0.812455 1.796595
v -1.290978 0.749156 1.859894
v -1.526022 0.860081 1.720798
v -1.290978 0.860081 1.720798
v -1.290978 0.673360 1.907521
v -1.526022 0.673360 1.907521
v -1.526022 0.682452 2.249277
v -1.526022 0.758248 2.296905
v -1.676568 0.887986 2.296147
v -1.100000 0.887986 2.296147
v -1.290978 0.888449 1.654709
v -1.526022 0.888449 1.654709
v -1.526022 0.888608 1.434838
v -1.297274 0.478788 2.202978
v -1.290978 0.485413 2.212348
v -1.290978 0.533611 1.935894
v -1.290978 0.592273 1.935894
v -1.297274 0.485413 2.212348
v -1.526022 0.499911 1.947110
v -1.526022 0.588865 1.937086
v -1.526022 0.410956 1.937086
v -1.526022 0.420047 2.219712
v -1.526022 0.509002 2.209688
v -1.526022 0.597957 2.219712
v -1.290978 0.108773 2.570972
v -1.526022 0.108773 2.570972
v -1.526022 0.106225 1.626267
v -1.290978 0.106225 1.626267
v -1.676568 0.108984 2.649269
v -1.526022 0.108984 2.649269
v -1.290978 0.105802 1.469508
v -1.143568 0.108984 2.649269
v -1.290978 0.110174 1.636305
v -1.290978 0.139740 1.720798
v -1.290978 0.187366 1.796595
v -1.526022 0.250664 1.859894
v -1.526022 0.326461 1.907521
v -1.526022 0.187366 1.796595
v -1.290978 0.259757 2.296905
v -1.526022 0.335553 2.249277
v -1.526022 0.259757 2.296905
v -1.526022 0.196458 2.360203
v -1.290978 0.196458 2.360203
v -1.676568 0.986710 -2.943536
v -1.100000 0.986710 -2.943536
v -1.100000 0.982928 2.297057
v -1.676568 0.982928 2.297057
v -1.526022 0.860081 0.722107
v -1.290978 0.738797 -0.767042
v -1.297275 0.738797 -0.767042
v -1.526022 0.749156 -0.760533
v -1.297275 0.683975 0.034572
v -0.993690 0.683975 0.034572
v -1.526022 0.749156 -1.760533
v -1.290978 0.533611 0.379187
v -1.290978 0.683975 0.379187
v -1.290978 0.673360 0.908828
v -1.526022 0.749156 0.861202
v -1.526022 0.812455 0.797904
v -1.526022 0.673360 0.908828
v -1.526022 0.673360 0.188488
v -1.526022 0.749156 0.236114
v -1.526022 0.588865 0.158921
v -1.297275 0.673360 0.188488
v -1.297275 0.738797 0.229605
v -1.290978 0.738797 0.229605
v -0.993690 0.683975 0.379187
v -1.290978 0.533611 1.379687
v -1.290978 0.683975 1.379687
v -1.526022 0.588865 1.157614
v -1.526022 0.673360 1.187179
v -1.526022 0.749156 1.234805
v -1.297275 0.673360 1.187179
v -1.297275 0.738797 1.228296
v -1.290978 0.738797 1.228296
v -1.297275 0.683975 1.035070
v -0.993780 0.683975 1.379687
v -0.993724 0.683975 1.035070
v -1.676568 0.014247 2.655145
v -1.143568 0.014247 2.655145
v -1.290978 0.110174 0.459704
v -1.290978 0.139740 0.375209
v -1.290978 0.187366 0.299413
v -1.526022 0.187366 0.299413
v -1.526022 0.139740 0.375209
v -1.290978 0.139740 1.373900
v -1.290978 0.187366 1.298105
v -1.526022 0.187366 1.298105
v -1.526022 0.139740 1.373900
v -1.290978 0.187366 0.797904
v -1.526022 0.187366 0.797904
v -1.526022 0.110174 0.459704
v -1.290978 0.110174 1.458395
v -1.526022 0.110174 1.458395
v -1.526022 0.139740 1.720798
v -1.145962 0.452157 -3.525632
v -1.143568 0.452157 -3.525632
v -1.143568 0.475654 -3.546790
vn -0.0000 0.7071 0.7071
vn -0.0000 0.5320 0.8467
vn -1.0000 -0.0001 -0.0000
vn -1.0000 -0.0000 -0.0000
vn -1.0000 -0.0001 -0.0006
vn -1.0000 0.0004 -0.0005
vn 1.0000 -0.0000 -0.0000
vn -0.0000 0.1120 0.9937
vn -1.0000 -0.0000 0.0008
vn -0.0000 -0.3303 -0.9439
vn -0.0001 -0.3301 -0.9440
vn -0.0000 0.5391 -0.8422
vn -1.0000 0.0006 -0.0001
vn -0.0000 0.7028 -0.7114
vn -1.0000 0.0003 -0.0000
vn -1.0000 0.0001 0.0001
vn -0.7062 -0.7080 -0.0001
vn -0.7071 -0.7071 -0.0001
vn -0.7061 -0.7081 -0.0000
vn -0.0000 0.8183 -0.5748
vn -1.0000 -0.0001 0.0001
vn -0.0000 -0.0041 -1.0000
vn -1.0000 -0.0005 -0.0003
vn -0.0000 0.1121 -0.9937
vn -0.0042 0.1121 0.9937
vn -0.0000 0.0981 0.9952
vn -0.0000 0.1564 0.9877
vn 0.0003 0.8194 -0.5732
vn -0.0000 0.8203 -0.5719
vn -0.0000 -0.0000 -1.0000
vn 0.0008 -0.0015 -1.0000
vn 0.0023 -0.1123 0.9937
vn -0.0000 -0.1182 0.9930
vn -0.0000 -0.3303 0.9439
vn 0.0022 -0.3356 0.9420
vn 1.0000 0.0014 0.0001
vn 1.0000 0.0008 -0.0003
vn -0.0000 1.0000 -0.0000
vn -0.7075 -0.7067 -0.0000
vn -0.7062 -0.7080 -0.0002
vn -0.7061 -0.7081 0.0001
vn -0.7062 -0.7080 -0.0000
vn -0.0000 0.0011 1.0000
vn -0.0000 0.8145 0.5802
vn -1.0000 -0.0010 0.0002
vn -1.0000 0.0001 -0.0002
vn -1.0000 -0.0000 -0.0001
vn -0.0000 0.7081 -0.7061
vn -0.0001 -0.1120 -0.9937
vn -0.0000 -0.1123 -0.9937
vn -0.0000 0.5257 -0.8507
vn -0.0000 0.3361 -0.9418
vn -0.0000 0.5257 0.8507
vn -0.0000 0.3361 0.9418
vn -0.0000 -0.3374 -0.9414
vn -0.0000 0.7112 0.7030
vn -1.0000 -0.0002 -0.0001
vn -1.0000 -0.0000 0.0006
vn -1.0000 -0.0002 0.0006
vn -0.0000 -0.1143 0.9935
vn -0.0000 -0.1143 0.9934
vn 1.0000 -0.0000 -0.0010
vn 1.0000 0.0003 -0.0008
vn 1.0000 -0.0011 -0.0009
vn 1.0000 0.0013 0.0011
vn -0.0000 -0.3335 0.9427
vn -0.0000 0.1051 0.9945
vn -0.0029 0.1148 0.9934
vn -0.0000 0.1463 0.9892
vn -0.0000 0.9659 0.2589
vn -0.0002 -0.9661 -0.2581
vn -0.0000 -0.9659 -0.2588
vn 0.0012 -0.9935 -0.1141
vn -0.0000 -0.9933 -0.1154
vn -1.0000 -0.0002 0.0007
vn -0.0000 -0.9662 -0.2579
vn -0.0000 0.8847 0.4662
vn -0.0000 0.9928 0.1200
vn -0.0000 -0.5316 0.8470
vn -0.0000 0.8182 -0.5750
vn -0.7058 -0.7084 -0.0000
vn -0.7056 -0.7086 0.0003
vn 1.0000 0.0001 -0.0011
vn 1.0000 0.0014 -0.0007
vn -0.7061 -0.7081 -0.0015
vn -0.0000 -1.0000 0.0001
vn -0.0000 -0.8182 -0.5750
vn -0.0000 -0.8166 0.5772
vn -0.7059 -0.7083 -0.0000
vn -0.7054 -0.7088 -0.0000
vn -0.7055 -0.7087 -0.0000
vn -0.0001 -1.0000 0.0001
vn -0.0000 -1.0000 -0.0000
vn -0.0000 -0.9125 0.4091
vn 0.0006 -0.9117 0.4108
vn -0.0000 0.8474 0.5310
vn -0.0000 0.5274 0.8496
vn -0.0000 0.3335 0.9427
vn -0.0000 0.7113 0.7029
vn -1.0000 0.0001 -0.0007
vn -1.0000 0.0002 -0.0006
vn 0.0002 -0.9661 -0.2581
vn -0.0012 -0.9935 -0.1141
vn 1.0000 -0.0017 0.0002
vn 1.0000 0.0030 -0.0000
vn 1.0000 0.0016 -0.0006
vn -0.0000 0.1148 -0.9934
vn -0.0000 -0.1143 -0.9935
vn -0.0000 -0.1143 -0.9934
vn -0.0000 0.3335 -0.9427
vn -0.0000 0.3303 0.9439
vn 1.0000 -0.0059 0.0031
vn -0.0000 1.0000 0.0025
vn -0.0000 -1.0000 0.0027
vn -0.0000 0.9428 -0.3332
vn 1.0000 0.0012 0.0009
vn 1.0000 -0.0007 0.0011
vn 1.0000 -0.0011 0.0008
vn -0.0000 0.9633 -0.2686
vn -0.0000 -0.9958 -0.0911
vn 0.0010 -0.1120 0.9937
vn 0.0001 -0.1143 0.9934
vn -0.0000 0.7113 -0.7029
vn -0.0000 0.8474 -0.5310
vn -0.0000 0.5274 -0.8496
vn 0.0012 0.1246 0.9922
vn -0.0000 1.0000 0.0007
vn -0.0015 1.0000 -0.0000
vn -0.0003 0.8164 0.5775
vn 0.0003 0.8146 0.5801
vn 0.0002 1.0000 0.0024
vn -1.0000 -0.0079 -0.0013
vn 0.0010 -0.5161 0.8565
vn 0.0006 -0.7078 0.7064
vn -0.0000 -0.7089 0.7053
vn -0.0000 0.8170 0.5766
vn -0.0000 -0.8474 0.5310
vn -0.0000 -1.0000 -0.0002
vn -0.0000 -0.8160 0.5780
vn -0.0009 -0.8146 0.5801
vn -0.0000 -0.3335 -0.9427
vn -0.0000 1.0000 0.0009
vn -0.0006 1.0000 0.0007
vn 0.0003 -0.3310 0.9436
vn -0.0000 -0.5295 -0.8483
vn -0.0000 -0.8474 -0.5310
vn -0.7059 -0.7083 0.0008
vn 0.0001 -0.0002 1.0000
vn -0.0000 -0.0000 1.0000
vn 0.0001 -1.0000 -0.0000
vn -0.0000 -0.9118 -0.4107
vn -0.0000 -0.9117 -0.4108
vn -0.0000 -0.7089 -0.7053
vn 0.0014 1.0000 0.0009
vn 0.0003 0.1111 0.9938
vn 0.0004 -0.3303 -0.9439
vn -0.0000 -0.3313 -0.9435
vn -0.0002 0.1120 -0.9937
vn 0.0005 0.1103 -0.9939
vn -0.0004 0.1082 0.9941
vn 0.0002 -0.3303 0.9439
vn 0.0001 -0.3301 0.9439
vn 0.0002 -0.1120 0.9937
vn -0.0005 -0.1103 0.9939
vn -0.9999 0.0006 -0.0106
vn -0.0000 0.8166 0.5772
vn 0.0103 -0.0000 0.9999
vn -0.0154 -0.3302 -0.9438
vn 0.0004 -0.3260 -0.9454
vn -0.0000 -0.1179 -0.9930
vn -0.0002 -0.1161 -0.9932
vn -0.0008 -0.1120 -0.9937
vn 0.0004 -0.1076 -0.9942
vn 0.0001 0.3303 0.9439
vn 0.0003 0.3309 0.9437
vn -0.0000 0.5321 0.8467
vn -0.0000 0.7071 -0.7071
vn -1.0000 0.0012 -0.0009
vn -1.0000 0.0003 0.0009
vn -1.0000 0.0001 0.0020
vn -0.0000 0.1110 0.9938
vn -1.0000 0.0009 -0.0023
vn 0.0005 0.3303 -0.9439
vn 0.0002 0.3309 -0.9437
vn 0.0002 0.5320 -0.8467
vn -0.0000 0.5324 -0.8465
vn -1.0000 0.0005 -0.0009
vn -1.0000 0.0007 -0.0019
vn -0.7083 -0.7059 -0.0000
vn -0.7061 -0.7081 -0.0009
vn -0.0000 -0.8156 0.5787
vn -0.0000 -0.8170 -0.5766
vn 0.0002 -0.8173 -0.5762
vn -0.0000 -0.5319 0.8468
vn -0.0000 -0.5317 0.8469
vn -0.0001 -0.5320 0.8467
vn 0.0002 -0.5354 0.8446
vn -0.0000 -0.8169 -0.5768
vn -1.0000 0.0010 0.0007
vn -1.0000 -0.0006 0.0021
vn -1.0000 0.0015 -0.0015
vn -0.0000 -0.5320 -0.8467
vn -0.0000 -0.8467 -0.5320
vn -0.0000 -0.7071 -0.7071
vn -0.0001 -0.0001 1.0000
vn -0.0003 0.8143 0.5805
vn -0.7069 -0.7073 -0.0000
vn -0.7068 -0.7074 0.0001
vn -0.0000 -0.0007 1.0000
vn -0.0002 -0.0000 1.0000
vn -0.0004 0.8166 0.5772
vn -0.0000 0.8156 0.5787
vn -0.7069 -0.7073 -0.0003
vn -0.0000 1.0000 0.0004
vn -0.0002 1.0000 -0.0000
vn -0.0002 0.8165 -0.5773
vn -0.0002 0.8166 -0.5772
vn -0.0003 0.8169 -0.5768
vn -0.0008 -0.7071 -0.7071
vn -0.0032 -0.7026 -0.7116
vn 0.0012 -0.8467 -0.5320
vn -0.0006 -0.8441 -0.5362
vn -0.0039 -0.5320 -0.8467
vn -0.0000 -0.5406 -0.8413
vn -1.0000 0.0001 -0.0000
vn -1.0000 0.0002 -0.0000
vn 0.0027 -0.4875 0.8731
vn -0.0000 -0.8538 0.5206
vn -1.0000 0.0001 -0.0001
vn 0.0022 -0.6984 0.7157
vn -0.0000 -0.7026 0.7116
vn -0.0000 -0.5320 0.8467
vn 0.0001 -0.7025 0.7117
vn -1.0000 -0.0002 0.0001
vn -1.0000 0.0001 -0.0003
vn -1.0000 0.0013 0.0002
vn 0.0028 -0.8467 -0.5320
vn 0.0010 -0.8441 -0.5362
vn 0.0001 -0.5312 0.8473
vn 0.0013 -0.7071 -0.7071
vn -0.0000 -0.7047 -0.7096
vn -0.0000 -0.8441 0.5362
vn -0.0004 -0.5385 0.8426
vn 1.0000 -0.0003 -0.0000
vn 1.0000 -0.0001 0.0001
vn -0.0000 -0.8111 -0.5848
vn -0.0000 -0.8183 0.5748
vn -0.7064 -0.7078 -0.0001
vn -0.7066 -0.7076 -0.0000
vn -0.0003 -0.7032 0.7110
vn -0.0000 -0.8188 -0.5741
vn 0.0018 -0.9368 -0.3498
vn -0.0009 -0.9341 -0.3569
vn 0.0012 -0.9292 -0.3696
vn -0.0000 -0.9279 -0.3728
vn -0.0009 1.0000 0.0007
vn 0.0001 1.0000 0.0007
vn -0.0003 1.0000 0.0007
vn 0.0034 1.0000 0.0010
vn -0.0000 -0.9096 0.4155
vn 0.0009 -0.9210 -0.3897
vn -0.0000 -0.9199 -0.3922
vn -0.0000 -0.8967 0.4427
vn -0.0000 -0.9189 -0.3944
vn -0.0000 -0.9095 0.4156
vn -0.0000 -0.9095 0.4157
vn -0.0001 1.0000 0.0007
vn 0.0005 1.0000 0.0007
vn 0.0054 1.0000 0.0010
vn 0.0002 1.0000 0.0007
vn -0.0000 -1.0000 -0.0007
vn -0.0012 1.0000 0.0007
vn 0.0011 1.0000 0.0008
vn -0.0000 -0.9069 0.4213
vn -1.0000 0.0002 -0.0001
vn -0.0000 -0.8165 -0.5774
vn -0.0001 -0.8164 -0.5775
vn -0.0000 -0.8165 0.5774
vn -0.0023 -0.8131 0.5822
vn 0.0018 -0.5027 0.8645
vn -0.0000 -0.8164 -0.5774
vn -0.0000 -0.8216 0.5701
vn 0.0030 -0.5387 -0.8425
vn 0.0015 -0.6998 0.7144
vn 0.0025 -0.7071 -0.7071
vn 0.0001 -0.7026 -0.7116
vn 0.0001 -0.8442 -0.5360
vn 0.0018 -0.8466 -0.5322
vn -0.0000 0.8467 0.5320
vn -0.0000 0.8446 -0.5354
vn -0.0000 0.9102 -0.4142
vn -0.0000 0.9444 -0.3288
vn -0.0000 0.8467 -0.5320
vn -0.0025 0.8503 -0.5264
vn -0.0000 0.8823 0.4706
vn -0.0000 0.9439 0.3303
vn -0.0000 0.9294 0.3692
vn -0.0002 0.9306 0.3661
vn -0.0000 0.9306 -0.3661
vn -0.0000 0.9305 -0.3662
vn -0.0000 0.9439 -0.3303
vn -0.0000 0.9247 0.3806
vn 0.0026 0.8984 -0.4392
vn -0.0000 0.9098 -0.4150
vn -0.0000 0.9346 -0.3557
vn -0.0000 0.9346 0.3557
vn -0.0005 -1.0000 0.0027
vn -0.0001 -1.0000 0.0027
vn -0.0000 1.0000 -0.0026
vn -0.0004 -1.0000 0.0027
vn 0.0001 -1.0000 0.0027
vn 0.0015 -1.0000 0.0026
vn -0.0006 0.9444 -0.3288
vn -0.0016 0.9439 -0.3303
vn 0.0020 0.9407 -0.3392
vn -0.0008 -1.0000 0.0027
vn -0.0009 0.8467 -0.5320
vn -0.0000 0.8454 -0.5341
vn 0.0011 -1.0000 0.0026
vn -0.0000 0.1234 0.9924
vn -0.0000 -0.1113 0.9938
vn -0.0024 -0.1175 0.9931
vn -0.0000 0.1154 0.9933
vn -0.0006 0.1173 0.9931
vn 1.0000 0.0008 0.0001
vn 1.0000 0.0005 -0.0002
vn -1.0000 -0.0004 -0.0002
vn -1.0000 -0.0000 0.0013
vn -0.0023 -0.3247 0.9458
vn -0.0003 0.8173 -0.5762
vn -0.0000 0.8165 -0.5773
vn -0.0003 0.0005 -1.0000
vn -0.7072 -0.7070 -0.0006
vn -0.7066 -0.7076 0.0015
vn -0.0000 0.8165 0.5773
vn -1.0000 -0.0000 -0.0002
vn -0.0000 0.7095 -0.7047
vn -0.0000 0.5295 -0.8483
vn -1.0000 -0.0021 0.0005
vn -1.0000 0.0002 -0.0003
vn -1.0000 0.0011 -0.0003
vn -0.0000 0.3241 0.9460
vn -0.0000 0.7092 0.7051
vn -1.0000 -0.0004 0.0013
vn -0.0000 0.5295 0.8483
vn -0.7072 -0.7070 0.0006
vn 0.0006 -0.3317 0.9434
vn 0.0006 -0.1175 0.9931
vn -0.0000 -0.1191 0.9929
vn -0.0000 0.0008 1.0000
vn -0.7074 -0.7069 -0.0001
vn -0.0001 0.8169 -0.5768
vn -0.7076 -0.7066 -0.0013
vn -0.7060 -0.7082 0.0010
vn -0.0000 0.7057 0.7085
vn -0.0000 0.1173 -0.9931
vn -0.0000 0.3372 0.9414
vn -0.0000 -0.1175 -0.9931
vn -0.0000 -0.3252 -0.9456
vn -0.0000 0.3241 -0.9460
vn -0.0000 0.5897 -0.8076
vn -0.0000 0.5898 -0.8076
vn -0.0000 -0.0814 0.9967
vn -0.0000 -0.7834 0.6215
vn -0.0000 -0.5875 0.8092
vn -0.0000 -0.3446 0.9388
vn -0.0000 0.9910 0.1338
vn -0.0028 0.9912 0.1325
vn -0.0000 0.9921 -0.1251
vn 0.0347 0.9906 0.1324
vn -0.0000 0.9917 0.1285
vn -0.0000 -0.9202 0.3916
vn -0.0000 -0.9914 -0.1312
vn -0.0000 -0.9913 0.1313
vn -0.0000 0.3457 -0.9383
vn 0.0019 -0.6706 -0.7418
vn -0.0000 -0.6721 -0.7405
vn 0.0157 -0.6699 -0.7423
vn 0.0032 1.0000 -0.0012
vn -1.0000 0.0004 0.0008
vn -0.0000 -0.6674 -0.7447
vn -1.0000 0.0006 0.0007
vn -0.0000 0.8502 0.5265
vn -0.0000 -0.4461 -0.8950
vn -0.0000 0.6703 0.7420
vn -0.0000 -0.1860 -0.9826
vn -0.0000 0.0845 -0.9964
vn -0.0000 0.4547 0.8907
vn 0.0002 0.4505 0.8928
vn -0.0000 0.4491 0.8935
vn -0.0000 0.1883 0.9821
vn -0.0000 -0.1544 -0.9880
vn -0.0000 -0.1543 -0.9880
vn -0.0000 -0.7093 -0.7049
vn -0.0000 -0.4538 -0.8911
vn -0.0000 0.1537 -0.9881
vn -1.0000 0.0003 -0.0006
vn -0.0000 0.4554 -0.8903
vn -0.2710 -0.9111 -0.3105
vn -0.0000 -0.9469 -0.3214
vn -0.0000 -0.9470 -0.3213
vn -0.0000 0.9469 0.3216
vn -1.0000 -0.0000 0.0001
vn 0.4026 -0.8664 -0.2954
vn -0.0000 0.7093 -0.7049
vn -0.0000 0.9926 0.1218
vn -0.0000 -0.9974 -0.0720
vn -0.0000 0.9974 0.0721
vn -0.0000 -0.9926 -0.1218
vn -1.0000 0.0008 0.0005
vn -1.0000 0.0004 -0.0012
vn -0.0000 -0.8447 -0.5352
vn -0.0000 -0.8451 -0.5347
vn -0.0000 -0.8450 -0.5347
vn -0.0000 0.9222 -0.3868
vn -0.0000 0.9221 -0.3868
vn -0.0000 0.7832 -0.6217
vn -0.0000 -0.8434 -0.5373
vn -0.0000 0.7833 -0.6217
vn -0.0000 0.9857 -0.1687
vn -0.0000 0.8892 -0.4575
vn -0.0000 -0.4439 -0.8961
vn -0.0000 -0.2084 -0.9781
vn -0.0000 0.4401 0.8979
vn -0.0000 0.6446 0.7645
vn -0.0000 -0.6477 -0.7619
vn -0.0000 0.2125 0.9772
vn -0.0000 0.0372 -0.9993
vn 1.0000 -0.0001 0.0002
vn 1.0000 0.0001 0.0002
vn 1.0000 0.0002 0.0002
vn 1.0000 0.0003 0.0002
vn 1.0000 0.0024 -0.0002
vn 0.0004 -0.8454 0.5342
vn -0.0000 -0.8460 0.5332
vn 1.0000 -0.0000 0.0002
vn -0.0000 0.8139 0.5811
vn -0.0000 -0.8938 0.4485
vn -0.0000 0.9912 0.1325
vn -0.0000 0.9975 -0.0702
vn -0.0000 -0.9317 -0.3632
vn 0.0005 0.9953 -0.0972
vn -0.0000 0.9952 -0.0980
vn -0.0000 0.9298 0.3679
vn -0.0000 -0.8117 -0.5841
vn -0.0000 0.9954 -0.0957
vn -0.0000 -0.9974 0.0714
vn -0.0000 -0.9955 0.0942
vn -0.0000 -0.9913 -0.1316
vn -0.0004 0.9953 -0.0972
vn -0.0000 0.8754 -0.4834
vn 0.0010 -0.9670 0.2549
vn -0.0000 -0.9673 0.2536
vn -0.0000 0.9693 -0.2458
vn -1.0000 -0.0000 -0.0008
vn -1.0000 -0.0002 -0.0006
vn -0.0000 -0.6963 0.7178
vn -1.0000 -0.0004 0.0001
vn 0.0013 -1.0000 0.0002
vn 1.0000 0.0047 -0.0000
vn 1.0000 0.0095 -0.0008
vn -0.0000 -0.8764 0.4816
vn -1.0000 -0.0001 -0.0001
vn -1.0000 0.0003 0.0003
vn 1.0000 -0.0018 0.0007
vn -0.0000 0.9799 0.1997
vn -0.0000 -0.2777 0.9607
vn -0.0002 0.0355 -0.9994
vn -0.0000 0.0326 -0.9995
vn -0.0000 -0.0366 0.9993
vn -0.0000 -0.0484 0.9988
vn -0.0024 -0.0366 0.9993
vn 0.0004 -0.7071 0.7071
vn -0.0000 -0.7078 0.7064
vn -0.0000 -0.0314 0.9995
vn -0.0000 -0.0315 0.9995
vn -1.0000 -0.0012 -0.0004
vn -0.0000 0.8454 0.5342
vn -0.0000 -0.4996 0.8663
vn -0.0000 0.6955 -0.7185
vn -0.0000 0.5025 -0.8646
vn -0.0000 0.2736 -0.9618
s 0
f 674//466 1118//466 1117//466
f 674//466 1117//466 675//466
f 675//467 1120//467 1119//467
f 675//467 1119//467 674//467
f 1114//468 1113//468 673//468
f 1114//468 673//468 1115//468
f 1116//469 1117//469 1115//469
f 1116//470 1115//470 673//470
f 1116//469 1121//469 1120//469
f 1116//471 1120//471 675//471
f 1124//472 1125//472 1118//472
f 1124//472 1118//472 674//472
f 1119//472 1126//472 1124//472
f 1119//472 1124//472 674//472
f 1121//469 1116//469 1122//469
f 1121//473 1122//473 1123//473
f 675//474 1117//474 1116//474
f 673//468 1113//468 1111//468
f 673//468 1111//468 1112//468
f 1106//472 659//472 658//472
f 1106//472 658//472 649//472
f 650//472 1090//472 1106//472
f 650//472 1106//472 649//472
f 1104//475 1105//475 1099//475
f 1104//476 1099//476 664//476
f 1106//472 1107//472 1095//472
f 1106//472 1095//472 659//472
f 1106//472 1108//472 1109//472
f 1106//472 1109//472 1107//472
f 1106//472 671//472 670//472
f 1106//472 670//472 669//472
f 1106//472 1104//472 672//472
f 1106//472 672//472 671//472
f 1103//472 1110//472 1106//472
f 1103//472 1106//472 669//472
f 1108//472 1106//472 1110//472
f 662//477 677//477 678//477
f 662//477 678//477 663//477
f 1140//472 1141//472 1142//472
f 1140//472 1142//472 1124//472
f 657//478 1093//478 673//478
f 657//469 673//469 652//469
f 677//479 1136//479 1139//479
f 677//479 1139//479 678//479
f 1125//472 1124//472 1142//472
f 654//472 663//472 1142//472
f 678//472 1139//472 1142//472
f 678//472 1142//472 663//472
f 1142//472 1141//472 1094//472
f 1142//472 1094//472 656//472
f 1142//472 656//472 655//472
f 1142//472 655//472 654//472
f 1138//480 1135//480 673//480
f 1138//481 673//481 1093//481
f 1130//482 1129//482 676//482
f 1129//483 1134//483 1133//483
f 1129//483 1133//483 676//483
f 1127//472 1128//472 1124//472
f 1127//472 1124//472 1126//472
f 1131//484 1132//484 1129//484
f 1131//484 1129//484 1130//484
f 676//485 1133//485 1116//485
f 676//485 1116//485 673//485
f 673//469 662//469 653//469
f 673//469 653//469 652//469
f 1137//486 1136//486 673//486
f 1137//468 673//468 1112//468
f 673//487 1135//487 1130//487
f 673//487 1130//487 676//487
f 673//488 1136//488 677//488
f 673//469 677//469 662//469
f 671//489 672//489 666//489
f 671//489 666//489 665//489
f 646//490 650//490 649//490
f 646//491 649//491 647//491
f 648//492 650//492 646//492
f 645//493 1088//493 639//493
f 645//494 639//494 641//494
f 1088//495 1089//495 1085//495
f 1088//496 1085//496 639//496
f 648//497 651//497 1090//497
f 648//498 1090//498 650//498
f 642//472 651//472 648//472
f 642//472 648//472 643//472
f 654//489 655//489 652//489
f 654//489 652//489 653//489
f 1091//499 1092//499 1090//499
f 1091//500 1090//500 651//500
f 1087//501 1091//501 651//501
f 1087//502 651//502 642//502
f 646//503 644//503 643//503
f 646//472 643//472 648//472
f 638//504 640//504 641//504
f 638//504 641//504 639//504
f 1086//505 638//505 1084//505
f 638//506 1085//506 1083//506
f 638//507 1083//507 1084//507
f 1085//507 638//507 639//507
f 1086//508 1087//508 642//508
f 1086//508 642//508 638//508
f 644//503 645//503 641//503
f 644//503 641//503 640//503
f 647//469 645//469 644//469
f 647//491 644//491 646//491
f 638//509 642//509 643//509
f 638//509 643//509 640//509
f 643//503 644//503 640//503
f 1098//510 1100//510 668//510
f 1098//511 668//511 667//511
f 1097//469 1098//469 1088//469
f 1098//512 665//512 666//512
f 1098//512 666//512 664//512
f 665//512 1098//512 667//512
f 1101//469 1102//469 1088//469
f 1101//469 1088//469 1099//469
f 668//513 1100//513 1103//513
f 668//513 1103//513 669//513
f 672//514 1104//514 664//514
f 672//515 664//515 666//515
f 669//516 670//516 667//516
f 669//516 667//516 668//516
f 670//517 671//517 665//517
f 670//517 665//517 667//517
f 1099//469 1088//469 1098//469
f 1099//471 1098//471 664//471
f 660//518 661//518 658//518
f 660//518 658//518 659//518
f 649//519 658//519 661//519
f 649//519 661//519 647//519
f 655//515 656//515 657//515
f 655//515 657//515 652//515
f 656//520 1094//520 1093//520
f 656//520 1093//520 657//520
f 659//521 1095//521 1096//521
f 659//521 1096//521 660//521
f 645//522 1096//522 1097//522
f 645//523 1097//523 1088//523
f 653//517 662//517 663//517
f 653//517 663//517 654//517
f 661//469 660//469 645//469
f 661//469 645//469 647//469
f 660//524 1096//524 645//524
f 738//525 739//525 728//525
f 738//526 728//526 727//526
f 727//527 1161//527 1164//527
f 727//528 1164//528 737//528
f 737//529 1164//529 735//529
f 737//530 735//530 1163//530
f 737//531 736//531 738//531
f 737//531 738//531 727//531
f 740//532 741//532 729//532
f 740//533 729//533 739//533
f 728//534 739//534 729//534
f 1165//535 1166//535 742//535
f 1165//535 742//535 743//535
f 745//536 1168//536 747//536
f 745//537 747//537 748//537
f 747//538 1145//538 704//538
f 747//539 704//539 748//539
f 747//540 1168//540 1165//540
f 747//540 1165//540 743//540
f 744//541 1167//541 1168//541
f 744//541 1168//541 745//541
f 744//542 745//542 746//542
f 744//542 746//542 692//542
f 742//543 1170//543 1169//543
f 742//543 1169//543 743//543
f 1163//544 1159//544 736//544
f 1163//544 736//544 737//544
f 732//545 731//545 730//545
f 732//545 730//545 681//545
f 733//495 732//495 681//495
f 733//495 681//495 718//495
f 723//546 734//546 1160//546
f 723//547 1160//547 733//547
f 1161//548 727//548 728//548
f 1161//549 728//549 724//549
f 729//503 726//503 724//503
f 729//472 724//472 728//472
f 726//503 730//503 731//503
f 726//503 731//503 725//503
f 1162//550 1160//550 734//550
f 1163//551 735//551 1158//551
f 723//552 733//552 718//552
f 723//552 718//552 717//552
f 1164//553 1162//553 734//553
f 1164//553 734//553 735//553
f 733//554 1160//554 732//554
f 731//555 732//555 1160//555
f 731//556 1160//556 725//556
f 723//557 1158//557 735//557
f 723//558 735//558 734//558
f 681//469 748//469 704//469
f 681//469 704//469 707//469
f 730//469 754//469 746//469
f 730//469 746//469 681//469
f 745//469 748//469 681//469
f 745//469 681//469 746//469
f 712//469 715//469 718//469
f 712//469 718//469 713//469
f 1157//559 721//559 719//559
f 1157//560 719//560 715//560
f 681//469 707//469 690//469
f 681//469 690//469 682//469
f 755//469 756//469 730//469
f 755//469 730//469 741//469
f 746//561 754//561 753//561
f 746//561 753//561 692//561
f 756//562 755//562 752//562
f 756//562 752//562 751//562
f 740//563 752//563 755//563
f 740//563 755//563 741//563
f 726//532 729//532 741//532
f 726//469 741//469 730//469
f 756//469 754//469 730//469
f 754//564 756//564 751//564
f 754//564 751//564 753//564
f 713//469 718//469 681//469
f 713//469 681//469 711//469
f 706//472 744//472 692//472
f 706//472 692//472 689//472
f 750//472 744//472 706//472
f 750//472 706//472 705//472
f 742//472 1166//472 1167//472
f 742//472 1167//472 749//472
f 1169//565 1145//565 747//565
f 1169//566 747//566 743//566
f 749//567 1167//567 744//567
f 749//537 744//537 750//537
f 705//568 1144//568 749//568
f 705//539 749//539 750//539
f 749//472 1144//472 1170//472
f 749//472 1170//472 742//472
f 693//569 1159//569 722//569
f 693//472 722//472 721//472
f 721//570 1157//570 1151//570
f 721//570 1151//570 693//570
f 753//472 751//472 693//472
f 753//472 693//472 692//472
f 693//472 751//472 752//472
f 693//472 752//472 740//472
f 693//472 740//472 739//472
f 693//472 739//472 738//472
f 736//571 1159//571 693//571
f 736//472 693//472 738//472
f 724//503 726//503 725//503
f 699//572 698//572 684//572
f 699//572 684//572 683//572
f 698//573 697//573 685//573
f 698//574 685//574 684//574
f 691//575 699//575 683//575
f 691//575 683//575 680//575
f 1126//576 1119//576 1120//576
f 1126//576 1120//576 1121//576
f 700//472 702//472 703//472
f 700//472 703//472 701//472
f 702//577 700//577 1123//577
f 702//578 1123//578 1122//578
f 1144//579 1145//579 1113//579
f 1144//579 1113//579 1143//579
f 690//580 707//580 706//580
f 690//580 706//580 689//580
f 708//581 1147//581 701//581
f 708//472 701//472 703//472
f 709//582 1148//582 1147//582
f 709//583 1147//583 708//583
f 1146//579 1144//579 1143//579
f 706//584 707//584 704//584
f 706//584 704//584 705//584
f 704//585 1145//585 1144//585
f 704//585 1144//585 705//585
f 1128//586 1127//586 700//586
f 1128//587 700//587 701//587
f 687//588 688//588 679//588
f 687//588 679//588 682//588
f 682//589 690//589 689//589
f 682//589 689//589 687//589
f 688//590 691//590 680//590
f 688//590 680//590 679//590
f 681//469 682//469 679//469
f 681//469 679//469 680//469
f 683//469 684//469 681//469
f 683//469 681//469 680//469
f 685//469 686//469 681//469
f 685//469 681//469 684//469
f 694//472 695//472 692//472
f 694//472 692//472 693//472
f 687//472 689//472 692//472
f 687//472 692//472 688//472
f 1126//473 1121//473 1123//473
f 1126//473 1123//473 1127//473
f 700//591 1127//591 1123//591
f 696//472 697//472 692//472
f 696//472 692//472 695//472
f 698//472 699//472 692//472
f 698//472 692//472 697//472
f 692//472 699//472 691//472
f 692//472 691//472 688//472
f 1155//592 1156//592 1157//592
f 1155//592 1157//592 715//592
f 1155//593 715//593 712//593
f 718//469 719//469 716//469
f 718//469 716//469 717//469
f 702//594 1134//594 1129//594
f 702//595 1129//595 703//595
f 702//596 1122//596 1134//596
f 1122//503 1116//503 1133//503
f 1122//503 1133//503 1134//503
f 720//597 1158//597 717//597
f 720//469 717//469 716//469
f 720//598 1159//598 1158//598
f 722//599 1159//599 720//599
f 722//600 720//600 716//600
f 1160//601 1161//601 724//601
f 1160//601 724//601 725//601
f 719//469 718//469 715//469
f 721//602 722//602 716//602
f 721//602 716//602 719//602
f 1158//603 723//603 717//603
f 708//604 714//604 1132//604
f 708//605 1132//605 709//605
f 697//606 696//606 686//606
f 697//606 686//606 685//606
f 710//469 711//469 681//469
f 710//469 681//469 686//469
f 1152//607 1153//607 712//607
f 1152//608 712//608 1151//608
f 1148//551 709//551 1149//551
f 1147//499 1150//499 1128//499
f 1147//609 1128//609 701//609
f 696//610 695//610 710//610
f 696//610 710//610 686//610
f 713//611 711//611 694//611
f 713//611 694//611 693//611
f 714//612 1129//612 1132//612
f 703//613 1129//613 714//613
f 703//614 714//614 708//614
f 709//615 1132//615 1131//615
f 709//551 1131//551 1149//551
f 693//616 1151//616 712//616
f 693//617 712//617 713//617
f 711//618 710//618 695//618
f 711//618 695//618 694//618
f 1155//619 712//619 1153//619
f 1155//592 1153//592 1154//592
f 1193//473 1198//473 1197//473
f 1193//620 1197//620 781//620
f 778//621 1195//621 1181//621
f 778//622 1181//622 1180//622
f 1196//623 1194//623 780//623
f 1196//624 780//624 779//624
f 776//625 1198//625 1193//625
f 1202//579 1203//579 1200//579
f 1202//579 1200//579 1201//579
f 758//626 1182//626 1199//626
f 758//627 1199//627 759//627
f 759//628 1199//628 1198//628
f 759//629 1198//629 776//629
f 778//472 760//472 759//472
f 774//630 1191//630 779//630
f 774//469 779//469 780//469
f 775//631 772//631 774//631
f 1192//632 760//632 778//632
f 1192//633 778//633 1180//633
f 777//634 1195//634 778//634
f 1194//635 775//635 774//635
f 1194//636 774//636 780//636
f 775//637 1194//637 1195//637
f 775//638 1195//638 777//638
f 1197//639 1215//639 784//639
f 1197//640 784//640 781//640
f 1215//467 1216//467 1214//467
f 1215//641 1214//641 784//641
f 1213//642 1211//642 782//642
f 1213//642 782//642 1210//642
f 1172//643 1190//643 781//643
f 1172//644 781//644 784//644
f 1216//466 1217//466 1218//466
f 1216//466 1218//466 1214//466
f 784//645 1214//645 1172//645
f 1190//646 1193//646 781//646
f 1191//469 1203//469 1208//469
f 1191//469 1208//469 1209//469
f 1207//579 1200//579 1203//579
f 1207//579 1203//579 1206//579
f 1201//579 1205//579 1204//579
f 1201//579 1204//579 1202//579
f 1191//469 1209//469 1210//469
f 1191//647 1210//647 782//647
f 1212//648 1196//648 779//648
f 1212//649 779//649 783//649
f 1211//650 1212//650 783//650
f 1211//651 783//651 782//651
f 1191//652 782//652 783//652
f 1191//653 783//653 779//653
f 759//472 775//472 777//472
f 759//472 777//472 778//472
f 765//654 767//654 768//654
f 765//655 768//655 766//655
f 760//656 767//656 765//656
f 760//656 765//656 757//656
f 757//558 765//558 766//558
f 757//558 766//558 761//558
f 766//657 768//657 764//657
f 766//658 764//658 763//658
f 1183//659 762//659 763//659
f 1183//660 763//660 1171//660
f 762//661 1183//661 1182//661
f 762//662 1182//662 758//662
f 766//663 763//663 762//663
f 766//663 762//663 761//663
f 763//664 764//664 1171//664
f 761//472 762//472 758//472
f 761//472 758//472 757//472
f 759//472 760//472 757//472
f 759//472 757//472 758//472
f 764//665 1172//665 1173//665
f 764//666 1173//666 1171//666
f 1177//667 1180//667 1181//667
f 1177//667 1181//667 1174//667
f 1175//668 1178//668 1179//668
f 1175//668 1179//668 1176//668
f 1176//669 1177//669 1174//669
f 1176//669 1174//669 1175//669
f 773//670 767//670 1191//670
f 773//671 1191//671 774//671
f 773//672 768//672 767//672
f 768//673 773//673 771//673
f 768//672 771//672 770//672
f 767//674 760//674 1192//674
f 767//675 1192//675 1191//675
f 776//472 1193//472 1189//472
f 776//472 1189//472 772//472
f 759//472 776//472 772//472
f 759//472 772//472 775//472
f 773//676 774//676 772//676
f 773//677 772//677 771//677
f 769//678 768//678 770//678
f 1188//592 1184//592 1187//592
f 1186//592 1187//592 1184//592
f 1186//592 1184//592 1185//592
f 768//495 769//495 1172//495
f 768//495 1172//495 764//495
f 771//679 772//679 1189//679
f 771//680 1189//680 770//680
f 1172//681 769//681 1190//681
f 1189//682 1190//682 769//682
f 1189//683 769//683 770//683
f 1233//684 1234//684 820//684
f 1233//685 820//685 821//685
f 1234//686 1223//686 805//686
f 1234//687 805//687 820//687
f 1235//688 1233//688 821//688
f 1235//689 821//689 1232//689
f 805//469 1231//469 1230//469
f 805//469 1230//469 820//469
f 1231//469 805//469 785//469
f 1231//690 785//690 788//690
f 1230//691 1232//691 821//691
f 1230//469 821//469 820//469
f 1223//472 1238//472 1236//472
f 1223//472 1236//472 1237//472
f 823//692 1237//692 1241//692
f 804//693 822//693 824//693
f 804//693 824//693 806//693
f 825//694 1231//694 806//694
f 825//469 806//469 824//469
f 1223//472 1237//472 822//472
f 1223//472 822//472 804//472
f 822//695 1237//695 823//695
f 822//696 823//696 824//696
f 1236//697 1239//697 1240//697
f 1236//697 1240//697 1237//697
f 1124//472 1150//472 1229//472
f 1124//472 1229//472 797//472
f 797//698 1229//698 818//698
f 797//696 818//696 819//696
f 795//693 797//693 819//693
f 795//693 819//693 796//693
f 816//694 1135//694 796//694
f 816//469 796//469 819//469
f 1135//691 1138//691 817//691
f 1135//469 817//469 798//469
f 1154//469 1153//469 1135//469
f 1154//699 1135//699 798//699
f 1153//700 796//700 1135//700
f 818//701 1149//701 816//701
f 818//469 816//469 819//469
f 1140//702 1124//702 798//702
f 1140//703 798//703 817//703
f 1138//667 1093//667 1094//667
f 1138//667 1094//667 1141//667
f 1150//472 1124//472 1128//472
f 1150//697 1147//697 1148//697
f 1150//697 1148//697 1229//697
f 818//704 1229//704 1149//704
f 1141//705 1140//705 817//705
f 1141//706 817//706 1138//706
f 830//694 1244//694 802//694
f 830//469 802//469 829//469
f 828//701 1250//701 830//701
f 828//469 830//469 829//469
f 802//690 1244//690 786//690
f 803//707 827//707 829//707
f 803//707 829//707 802//707
f 1246//697 1248//697 1249//697
f 1246//697 1249//697 1247//697
f 828//708 1247//708 1250//708
f 1248//709 1251//709 831//709
f 1248//710 831//710 1249//710
f 832//711 1252//711 1244//711
f 832//711 1244//711 830//711
f 1251//712 1253//712 833//712
f 1251//712 833//712 831//712
f 833//713 1253//713 1252//713
f 833//714 1252//714 832//714
f 1249//558 831//558 1250//558
f 832//558 1250//558 831//558
f 832//558 831//558 833//558
f 1250//558 832//558 830//558
f 827//715 1247//715 828//715
f 827//696 828//696 829//696
f 1240//558 810//558 1241//558
f 826//558 1241//558 810//558
f 826//558 810//558 809//558
f 1241//558 826//558 825//558
f 823//701 1241//701 825//701
f 823//469 825//469 824//469
f 806//690 1231//690 788//690
f 810//710 1240//710 1239//710
f 810//709 1239//709 1227//709
f 826//716 1242//716 1231//716
f 826//716 1231//716 825//716
f 1243//469 1180//469 1177//469
f 1243//469 1177//469 1176//469
f 1246//472 1247//472 1178//472
f 1246//472 1178//472 1245//472
f 1178//472 1247//472 827//472
f 1178//472 827//472 803//472
f 809//484 1228//484 1242//484
f 809//484 1242//484 826//484
f 1179//469 1244//469 1243//469
f 1179//469 1243//469 1176//469
f 1244//469 1179//469 1186//469
f 1244//694 1186//694 786//694
f 793//472 1124//472 797//472
f 793//472 797//472 795//472
f 1154//717 798//717 1124//717
f 1154//718 1124//718 793//718
f 787//719 799//719 1106//719
f 787//720 1106//720 790//720
f 1184//721 791//721 790//721
f 1184//722 790//722 794//722
f 1184//723 1188//723 792//723
f 1184//724 792//724 791//724
f 1222//472 1184//472 1156//472
f 1222//472 1156//472 1219//472
f 794//725 800//725 801//725
f 794//725 801//725 789//725
f 1187//472 1178//472 803//472
f 1187//472 803//472 1188//472
f 785//726 805//726 1223//726
f 785//727 1223//727 792//727
f 791//728 804//728 806//728
f 791//728 806//728 788//728
f 1178//729 1187//729 1186//729
f 1178//729 1186//729 1179//729
f 1188//730 803//730 802//730
f 1188//731 802//731 786//731
f 792//472 1223//472 804//472
f 792//472 804//472 791//472
f 793//732 1152//732 1184//732
f 793//733 1184//733 794//733
f 1155//721 787//721 788//721
f 1155//734 788//734 785//734
f 789//732 787//732 1155//732
f 789//735 1155//735 1154//735
f 1220//469 1155//469 1185//469
f 1220//469 1185//469 1221//469
f 1221//736 1222//736 1219//736
f 1221//736 1219//736 1220//736
f 1185//592 1155//592 1186//592
f 1155//737 785//737 786//737
f 1155//738 786//738 1186//738
f 790//592 791//592 788//592
f 790//592 788//592 787//592
f 1152//472 793//472 795//472
f 1156//592 1184//592 1157//592
f 1151//592 1157//592 1184//592
f 1151//592 1184//592 1152//592
f 792//592 1188//592 786//592
f 792//592 786//592 785//592
f 789//592 1154//592 793//592
f 789//592 793//592 794//592
f 796//739 1153//739 1152//739
f 796//739 1152//739 795//739
f 808//694 1089//694 801//694
f 808//469 801//469 814//469
f 813//701 1224//701 808//701
f 813//469 808//469 814//469
f 801//690 1089//690 789//690
f 800//693 815//693 814//693
f 800//693 814//693 801//693
f 1088//740 1102//740 799//740
f 1088//469 799//469 1089//469
f 1089//469 799//469 787//469
f 1089//690 787//690 789//690
f 1092//472 1106//472 1090//472
f 1131//741 1130//741 1135//741
f 1131//742 1135//742 816//742
f 1149//558 1131//558 816//558
f 1087//743 1086//743 1084//743
f 1087//744 1084//744 807//744
f 1092//472 1226//472 790//472
f 1092//472 790//472 1106//472
f 815//472 790//472 1226//472
f 790//472 815//472 800//472
f 790//472 800//472 794//472
f 813//745 1226//745 1224//745
f 1225//697 1226//697 1092//697
f 1225//697 1092//697 1091//697
f 1091//709 1087//709 807//709
f 1091//710 807//710 1225//710
f 1225//558 807//558 1224//558
f 807//558 1084//558 1083//558
f 807//558 1083//558 1224//558
f 1224//558 1083//558 808//558
f 1083//741 1085//741 1089//741
f 1083//746 1089//746 808//746
f 1227//747 1228//747 809//747
f 1227//747 809//747 810//747
f 1104//472 1106//472 1105//472
f 1101//667 1099//667 1105//667
f 1101//748 1105//748 811//748
f 815//749 1226//749 813//749
f 815//696 813//696 814//696
f 1102//750 1101//750 811//750
f 1102//751 811//751 812//751
f 799//752 1102//752 812//752
f 799//753 812//753 1106//753
f 811//472 1105//472 1106//472
f 811//472 1106//472 812//472
f 1263//754 1264//754 1261//754
f 1263//754 1261//754 1262//754
f 843//579 1206//579 835//579
f 843//579 835//579 834//579
f 1259//754 1260//754 1257//754
f 1259//754 1257//754 1258//754
f 849//755 1266//755 1265//755
f 849//755 1265//755 850//755
f 848//756 844//756 843//756
f 848//756 843//756 834//756
f 848//757 849//757 850//757
f 848//757 850//757 844//757
f 841//469 847//469 1098//469
f 841//469 1098//469 839//469
f 846//469 1100//469 1098//469
f 846//469 1098//469 847//469
f 1110//758 1103//758 1100//758
f 1110//759 1100//759 846//759
f 1097//754 1096//754 1095//754
f 1097//754 1095//754 1107//754
f 839//760 1098//760 1109//760
f 839//760 1109//760 838//760
f 1098//761 1097//761 1107//761
f 1098//761 1107//761 1109//761
f 1202//472 835//472 851//472
f 835//472 1269//472 1270//472
f 835//472 1270//472 851//472
f 1268//762 1269//762 835//762
f 1268//763 835//763 1206//763
f 1270//758 1213//758 1210//758
f 1270//758 1210//758 1209//758
f 851//764 1208//764 1203//764
f 851//765 1203//765 1202//765
f 1209//766 1208//766 851//766
f 1209//766 851//766 1270//766
f 836//472 1267//472 848//472
f 836//472 848//472 834//472
f 1267//472 1266//472 849//472
f 1267//472 849//472 848//472
f 850//469 1265//469 1256//469
f 850//469 1256//469 844//469
f 1264//761 1269//761 1268//761
f 1264//761 1268//761 1261//761
f 1256//767 1267//767 836//767
f 1256//767 836//767 842//767
f 1260//761 1267//761 1256//761
f 1260//761 1256//761 1257//761
f 837//768 1108//768 847//768
f 837//769 847//769 841//769
f 838//579 1146//579 1111//579
f 838//579 1111//579 839//579
f 1255//469 1207//469 1145//469
f 1255//469 1145//469 1169//469
f 1145//579 1207//579 1113//579
f 1112//770 1111//770 1146//770
f 1112//770 1146//770 840//770
f 1143//472 1142//472 840//472
f 1143//472 840//472 1146//472
f 1114//771 1142//771 1143//771
f 1114//771 1143//771 1113//771
f 835//772 1202//772 1144//772
f 835//773 1144//773 834//773
f 1204//579 1144//579 1202//579
f 1169//774 1170//774 1254//774
f 1169//774 1254//774 1255//774
f 1144//472 1204//472 1254//472
f 1144//472 1254//472 1170//472
f 1144//579 1146//579 838//579
f 1144//775 838//775 837//775
f 1144//776 837//776 836//776
f 1144//777 836//777 834//777
f 1114//761 1115//761 1125//761
f 1114//761 1125//761 1142//761
f 1118//754 1125//754 1115//754
f 1118//754 1115//754 1117//754
f 1137//766 1112//766 840//766
f 1137//778 840//778 845//778
f 1108//779 1110//779 846//779
f 1108//780 846//780 847//780
f 1109//472 1108//472 837//472
f 1109//472 837//472 838//472
f 1142//472 1139//472 845//472
f 1142//472 845//472 840//472
f 1207//579 842//579 841//579
f 1207//781 841//781 839//781
f 1111//579 1113//579 1207//579
f 1111//773 1207//773 839//773
f 841//579 842//579 836//579
f 841//579 836//579 837//579
f 1136//782 1137//782 845//782
f 1136//783 845//783 1139//783
f 843//469 844//469 1256//469
f 843//469 1256//469 842//469
f 843//784 842//784 1207//784
f 843//579 1207//579 1206//579
f 887//785 888//785 891//785
f 891//503 883//503 885//503
f 891//472 885//472 887//472
f 1238//786 888//786 887//786
f 1238//787 887//787 886//787
f 889//788 890//788 891//788
f 889//789 891//789 888//789
f 1227//790 1239//790 886//790
f 1227//791 886//791 884//791
f 882//792 1258//792 1257//792
f 882//793 1257//793 1230//793
f 892//469 893//469 882//469
f 892//469 882//469 890//469
f 884//472 886//472 887//472
f 884//472 887//472 885//472
f 1257//469 1256//469 1230//469
f 1239//499 1236//499 1238//499
f 1239//794 1238//794 886//794
f 882//795 1230//795 881//795
f 882//796 881//796 880//796
f 1230//495 1231//495 1242//495
f 1230//797 1242//797 881//797
f 879//672 880//672 1242//672
f 879//798 1242//798 878//798
f 878//714 1242//714 1228//714
f 881//799 1242//799 880//799
f 885//503 883//503 879//503
f 1228//614 1227//614 884//614
f 1228//614 884//614 878//614
f 883//503 882//503 880//503
f 883//503 880//503 879//503
f 878//800 884//800 885//800
f 878//800 885//800 879//800
f 890//469 882//469 883//469
f 890//788 883//788 891//788
f 1234//472 1233//472 1267//472
f 1234//472 1267//472 1223//472
f 875//801 1230//801 1256//801
f 875//801 1256//801 872//801
f 870//472 877//472 1267//472
f 896//472 1266//472 1267//472
f 896//472 1267//472 877//472
f 1256//700 876//700 873//700
f 1256//801 873//801 872//801
f 897//802 1265//802 1266//802
f 897//802 1266//802 896//802
f 876//803 897//803 896//803
f 876//803 896//803 877//803
f 1256//804 1265//804 897//804
f 1256//805 897//805 876//805
f 1232//806 1230//806 875//806
f 1267//472 874//472 871//472
f 1267//472 871//472 870//472
f 889//807 894//807 892//807
f 889//807 892//807 890//807
f 895//808 1259//808 1258//808
f 895//808 1258//808 893//808
f 893//809 1258//809 882//809
f 894//810 895//810 893//810
f 894//810 893//810 892//810
f 1223//472 1260//472 1259//472
f 1223//472 1259//472 895//472
f 888//472 1238//472 1223//472
f 888//472 1223//472 889//472
f 1267//472 1233//472 1235//472
f 1267//472 1235//472 874//472
f 1260//472 1223//472 1267//472
f 1223//472 895//472 894//472
f 1223//472 894//472 889//472
f 864//809 1262//809 857//809
f 857//792 1262//792 1261//792
f 857//793 1261//793 1243//793
f 862//811 1252//811 858//811
f 863//469 864//469 857//469
f 863//469 857//469 860//469
f 859//789 866//789 865//789
f 859//788 865//788 860//788
f 1248//499 1246//499 1245//499
f 1248//812 1245//812 867//812
f 1251//790 1248//790 867//790
f 1251//791 867//791 855//791
f 861//785 866//785 859//785
f 861//813 867//813 1245//813
f 861//814 1245//814 866//814
f 1243//495 1244//495 1252//495
f 1243//495 1252//495 862//495
f 1253//815 1251//815 855//815
f 1253//815 855//815 854//815
f 856//503 857//503 858//503
f 856//503 858//503 853//503
f 854//800 855//800 852//800
f 854//800 852//800 853//800
f 852//503 856//503 853//503
f 860//469 857//469 856//469
f 860//788 856//788 859//788
f 854//816 1252//816 1253//816
f 857//817 1243//817 862//817
f 857//796 862//796 858//796
f 859//503 856//503 852//503
f 859//472 852//472 861//472
f 853//818 858//818 1252//818
f 853//819 1252//819 854//819
f 855//472 867//472 861//472
f 855//472 861//472 852//472
f 1213//472 1270//472 1269//472
f 1213//472 1269//472 1211//472
f 1178//472 1264//472 1263//472
f 1178//472 1263//472 869//472
f 1194//472 1196//472 1269//472
f 1194//472 1269//472 1195//472
f 1212//472 1211//472 1269//472
f 1212//472 1269//472 1196//472
f 1178//472 869//472 868//472
f 1178//472 868//472 865//472
f 1206//469 1203//469 1191//469
f 1206//469 1191//469 1268//469
f 1192//469 1180//469 1243//469
f 1192//469 1243//469 1191//469
f 866//472 1245//472 1178//472
f 866//472 1178//472 865//472
f 1261//469 1268//469 1191//469
f 1261//469 1191//469 1243//469
f 1181//472 1195//472 1269//472
f 1181//472 1269//472 1174//472
f 869//820 1263//820 1262//820
f 869//820 1262//820 864//820
f 872//821 873//821 870//821
f 872//821 870//821 871//821
f 868//810 869//810 864//810
f 868//810 864//810 863//810
f 865//822 868//822 863//822
f 865//822 863//822 860//822
f 871//823 874//823 875//823
f 871//823 875//823 872//823
f 1175//472 1174//472 1269//472
f 1175//472 1269//472 1178//472
f 1264//472 1178//472 1269//472
f 874//824 1235//824 1232//824
f 874//824 1232//824 875//824
f 873//825 876//825 877//825
f 873//825 877//825 870//825
f 943//472 971//472 972//472
f 943//472 972//472 944//472
f 943//472 973//472 971//472
f 941//826 973//826 943//826
f 941//827 943//827 942//827
f 963//469 968//469 956//469
f 957//469 969//469 970//469
f 957//826 970//826 935//826
f 957//826 935//826 934//826
f 964//472 944//472 972//472
f 974//828 977//828 976//828
f 974//828 976//828 975//828
f 975//469 978//469 970//469
f 975//469 970//469 969//469
f 976//469 979//469 978//469
f 976//469 978//469 975//469
f 964//829 972//829 968//829
f 964//829 968//829 963//829
f 972//830 971//830 969//830
f 972//830 969//830 968//830
f 971//831 974//831 975//831
f 971//831 975//831 969//831
f 964//472 965//472 954//472
f 964//472 954//472 944//472
f 965//472 966//472 967//472
f 965//472 967//472 954//472
f 967//472 966//472 914//472
f 967//472 914//472 916//472
f 960//832 925//832 950//832
f 960//833 950//833 917//833
f 960//834 958//834 959//834
f 960//834 959//834 925//834
f 958//469 962//469 963//469
f 958//469 963//469 956//469
f 951//832 953//832 967//832
f 951//835 967//835 916//835
f 917//836 950//836 951//836
f 917//836 951//836 916//836
f 965//837 964//837 963//837
f 965//837 963//837 962//837
f 968//469 969//469 957//469
f 968//469 957//469 956//469
f 952//834 954//834 967//834
f 952//834 967//834 953//834
f 966//838 961//838 915//838
f 966//838 915//838 914//838
f 966//839 965//839 962//839
f 966//839 962//839 961//839
f 970//840 978//840 932//840
f 970//840 932//840 935//840
f 991//841 1273//841 931//841
f 991//842 931//842 990//842
f 1271//843 931//843 1273//843
f 982//472 992//472 985//472
f 982//472 985//472 984//472
f 983//844 1273//844 991//844
f 983//503 991//503 987//503
f 983//845 986//845 1273//845
f 991//469 990//469 987//469
f 936//846 948//846 992//846
f 936//846 992//846 937//846
f 949//847 1272//847 1273//847
f 949//847 1273//847 986//847
f 947//472 985//472 992//472
f 947//472 992//472 948//472
f 898//848 949//848 947//848
f 898//848 947//848 899//848
f 937//849 992//849 982//849
f 937//849 982//849 938//849
f 981//472 982//472 984//472
f 981//472 984//472 977//472
f 949//850 986//850 985//850
f 949//850 985//850 947//850
f 938//851 982//851 981//851
f 938//851 981//851 939//851
f 939//852 981//852 980//852
f 939//852 980//852 940//852
f 940//840 980//840 973//840
f 940//840 973//840 941//840
f 978//852 979//852 933//852
f 978//852 933//852 932//852
f 973//472 980//472 974//472
f 973//472 974//472 971//472
f 980//472 981//472 977//472
f 980//472 977//472 974//472
f 985//853 986//853 983//853
f 985//854 983//854 984//854
f 988//469 989//469 979//469
f 988//469 979//469 976//469
f 989//849 990//849 931//849
f 989//849 931//849 930//849
f 979//851 989//851 930//851
f 979//851 930//851 933//851
f 984//855 983//855 987//855
f 984//855 987//855 988//855
f 977//856 984//856 988//856
f 977//856 988//856 976//856
f 987//469 990//469 989//469
f 987//469 989//469 988//469
f 960//469 961//469 962//469
f 960//469 962//469 958//469
f 912//469 1155//469 1220//469
f 912//469 1220//469 911//469
f 911//469 915//469 917//469
f 911//469 917//469 912//469
f 922//857 924//857 927//857
f 922//858 927//858 923//858
f 920//859 921//859 918//859
f 920//859 918//859 919//859
f 919//860 922//860 923//860
f 919//860 923//860 920//860
f 925//469 926//469 924//469
f 925//469 924//469 922//469
f 928//861 927//861 924//861
f 928//861 924//861 926//861
f 919//469 925//469 922//469
f 929//469 909//469 925//469
f 929//469 925//469 901//469
f 931//862 1271//862 925//862
f 931//469 925//469 930//469
f 907//863 928//863 926//863
f 907//863 926//863 908//863
f 1161//614 1160//614 1162//614
f 1161//614 1162//614 1164//614
f 908//469 926//469 925//469
f 908//469 925//469 909//469
f 903//472 1167//472 1166//472
f 903//472 1166//472 899//472
f 904//864 905//864 1167//864
f 904//865 1167//865 903//865
f 1168//866 1167//866 905//866
f 1168//866 905//866 901//866
f 1166//867 1165//867 898//867
f 1166//867 898//867 899//867
f 1165//868 1168//868 900//868
f 1165//868 900//868 898//868
f 1168//869 901//869 902//869
f 1168//865 902//865 900//865
f 908//870 909//870 906//870
f 908//870 906//870 907//870
f 1219//472 1156//472 913//472
f 1219//472 913//472 910//472
f 916//472 914//472 910//472
f 916//472 910//472 913//472
f 917//871 916//871 913//871
f 917//871 913//871 912//871
f 1220//872 1219//872 910//872
f 1220//872 910//872 911//872
f 1156//873 1155//873 912//873
f 1156//873 912//873 913//873
f 914//874 915//874 911//874
f 914//874 911//874 910//874
f 925//469 932//469 933//469
f 925//469 933//469 930//469
f 1272//875 949//875 898//875
f 1272//876 898//876 900//876
f 921//877 951//877 950//877
f 921//877 950//877 918//877
f 945//472 952//472 921//472
f 945//472 921//472 942//472
f 904//472 906//472 946//472
f 904//472 946//472 905//472
f 899//472 947//472 948//472
f 899//472 948//472 903//472
f 948//878 936//878 904//878
f 948//879 904//879 903//879
f 921//472 952//472 953//472
f 921//472 953//472 951//472
f 925//469 959//469 955//469
f 925//469 955//469 934//469
f 918//469 950//469 925//469
f 918//469 925//469 919//469
f 915//469 961//469 960//469
f 915//469 960//469 917//469
f 954//880 952//880 945//880
f 954//881 945//881 944//881
f 956//882 957//882 934//882
f 956//882 934//882 955//882
f 955//881 959//881 958//881
f 955//881 958//881 956//881
f 920//472 923//472 904//472
f 920//472 904//472 921//472
f 927//472 928//472 904//472
f 927//472 904//472 923//472
f 904//472 928//472 907//472
f 904//472 907//472 906//472
f 925//469 934//469 935//469
f 925//469 935//469 932//469
f 925//540 1271//540 902//540
f 925//469 902//469 901//469
f 902//883 1271//883 1272//883
f 902//883 1272//883 900//883
f 904//472 936//472 921//472
f 944//882 945//882 942//882
f 944//884 942//884 943//884
f 905//885 946//885 929//885
f 905//885 929//885 901//885
f 909//886 929//886 946//886
f 909//886 946//886 906//886
f 937//472 938//472 921//472
f 937//472 921//472 936//472
f 939//472 940//472 921//472
f 939//472 921//472 938//472
f 941//472 942//472 921//472
f 941//472 921//472 940//472
f 1062//887 1060//887 1056//887
f 1062//887 1056//887 1058//887
f 1029//888 1062//888 1058//888
f 1029//888 1058//888 1030//888
f 1045//889 1061//889 1063//889
f 1045//889 1063//889 1044//889
f 1060//472 1062//472 1063//472
f 1060//472 1063//472 1061//472
f 1046//890 1051//890 1061//890
f 1046//890 1061//890 1045//890
f 1060//891 1059//891 1057//891
f 1060//891 1057//891 1056//891
f 1044//892 1063//892 1032//892
f 1044//892 1032//892 1001//892
f 1036//469 1035//469 1037//469
f 1036//469 1037//469 1030//469
f 1037//893 1031//893 1030//893
f 1030//469 1058//469 1055//469
f 1030//469 1055//469 1036//469
f 1032//472 1063//472 1062//472
f 1032//472 1062//472 1029//472
f 1036//892 1055//892 1054//892
f 1036//892 1054//892 998//892
f 1054//469 1038//469 998//469
f 1059//472 1060//472 1061//472
f 1059//472 1061//472 1051//472
f 1199//894 1182//894 1045//894
f 1199//895 1045//895 1044//895
f 1045//894 1182//894 1183//894
f 1045//896 1183//896 1046//896
f 1047//897 1046//897 1183//897
f 1047//898 1183//898 1042//898
f 1043//899 1042//899 1173//899
f 1043//900 1173//900 1041//900
f 1041//868 1173//868 1172//868
f 1001//901 1198//901 1199//901
f 1001//901 1199//901 1044//901
f 1039//902 1050//902 1048//902
f 1039//902 1048//902 1049//902
f 1038//889 1054//889 1055//889
f 1038//889 1055//889 1053//889
f 1056//469 1057//469 1048//469
f 1056//469 1048//469 1053//469
f 1058//469 1056//469 1053//469
f 1058//469 1053//469 1055//469
f 1050//469 1039//469 1038//469
f 1047//902 1052//902 1051//902
f 1047//902 1051//902 1046//902
f 1053//890 1048//890 1050//890
f 1053//890 1050//890 1038//890
f 1041//903 1065//903 1064//903
f 1041//903 1064//903 1043//903
f 1068//904 1079//904 1080//904
f 1068//904 1080//904 1067//904
f 1185//905 1184//905 1078//905
f 1185//905 1078//905 1070//905
f 1074//906 1081//906 1082//906
f 1074//906 1082//906 1077//906
f 1080//472 1079//472 1076//472
f 1080//472 1076//472 1077//472
f 1078//472 1184//472 1222//472
f 1078//472 1222//472 1075//472
f 1064//907 1078//907 1079//907
f 1064//908 1079//908 1068//908
f 1049//909 1073//909 1066//909
f 1049//909 1066//909 1039//909
f 1081//469 1074//469 1073//469
f 1081//469 1073//469 1049//469
f 1082//472 1059//472 1051//472
f 1082//472 1051//472 1052//472
f 1077//472 1082//472 1052//472
f 1077//472 1052//472 1080//472
f 1067//909 1080//909 1052//909
f 1067//909 1052//909 1047//909
f 1059//910 1082//910 1081//910
f 1059//910 1081//910 1057//910
f 1057//469 1081//469 1049//469
f 1057//469 1049//469 1048//469
f 1079//472 1078//472 1075//472
f 1079//472 1075//472 1076//472
f 1068//472 1067//472 1043//472
f 1068//472 1043//472 1064//472
f 1071//469 1072//469 1069//469
f 1071//469 1069//469 1070//469
f 1071//469 1073//469 1074//469
f 1071//469 1074//469 1072//469
f 1066//469 1040//469 1039//469
f 1065//469 1041//469 1040//469
f 1067//472 1047//472 1042//472
f 1067//472 1042//472 1043//472
f 1221//469 1185//469 1070//469
f 1221//469 1070//469 1069//469
f 1073//904 1071//904 1040//904
f 1073//904 1040//904 1066//904
f 1065//911 1070//911 1078//911
f 1065//911 1078//911 1064//911
f 1222//912 1221//912 1069//912
f 1222//912 1069//912 1075//912
f 1072//913 1076//913 1075//913
f 1072//913 1075//913 1069//913
f 1077//914 1076//914 1072//914
f 1077//914 1072//914 1074//914
f 1071//915 1070//915 1065//915
f 1071//908 1065//908 1040//908
f 1012//472 1254//472 1204//472
f 1012//472 1204//472 1008//472
f 1014//916 1013//916 1012//916
f 1014//916 1012//916 1010//916
f 994//917 1016//917 1207//917
f 994//918 1207//918 1015//918
f 1012//472 1008//472 1010//472
f 1013//919 1255//919 1254//919
f 1013//919 1254//919 1012//919
f 1204//918 1205//918 1006//918
f 1204//918 1006//918 1008//918
f 1015//920 1207//920 1255//920
f 1015//921 1255//921 1013//921
f 1017//922 1018//922 993//922
f 1017//922 993//922 995//922
f 1016//923 994//923 1200//923
f 1016//924 1200//924 1207//924
f 1006//925 1205//925 1201//925
f 1006//926 1201//926 1004//926
f 1015//927 1017//927 995//927
f 1015//927 995//927 994//927
f 1017//469 1015//469 1013//469
f 1017//469 1013//469 1014//469
f 1018//469 1017//469 1014//469
f 1007//472 1009//472 1011//472
f 997//469 998//469 1172//469
f 997//469 1172//469 993//469
f 1215//895 1197//895 999//895
f 1215//894 999//894 1000//894
f 1215//895 1000//895 1216//895
f 994//469 995//469 993//469
f 994//469 993//469 1172//469
f 1172//928 996//928 1200//928
f 1172//469 1200//469 994//469
f 1214//929 1218//929 996//929
f 1214//868 996//868 1172//868
f 1197//901 1198//901 1001//901
f 1197//901 1001//901 999//901
f 1005//927 1007//927 1008//927
f 1005//927 1008//927 1006//927
f 1003//922 1009//922 1007//922
f 1003//922 1007//922 1005//922
f 1007//472 1011//472 1010//472
f 1007//472 1010//472 1008//472
f 1217//896 1216//896 1000//896
f 1217//930 1000//930 1002//930
f 1000//472 1003//472 1004//472
f 1000//472 1004//472 1002//472
f 1005//472 1006//472 1004//472
f 1005//472 1004//472 1003//472
f 1201//931 1200//931 1019//931
f 1201//931 1019//931 1004//931
f 1028//472 1032//472 1029//472
f 1028//472 1029//472 1026//472
f 1021//932 1020//932 1033//932
f 1021//932 1033//932 997//932
f 1033//469 998//469 997//469
f 1029//893 1030//893 1031//893
f 1029//933 1031//933 1026//933
f 1023//934 1026//934 1031//934
f 1001//935 1032//935 1028//935
f 1001//935 1028//935 999//935
f 1033//936 1020//936 1034//936
f 1033//937 1034//937 998//937
f 1038//469 1039//469 1172//469
f 1038//469 1172//469 998//469
f 1040//469 1041//469 1172//469
f 1040//469 1172//469 1039//469
f 1171//938 1173//938 1042//938
f 1171//939 1042//939 1183//939
f 1035//940 1036//940 998//940
f 1035//941 998//941 1034//941
f 1023//469 1031//469 1034//469
f 1023//469 1034//469 1020//469
f 1037//503 1035//503 1034//503
f 1037//503 1034//503 1031//503
f 1027//472 1028//472 1026//472
f 1027//472 1026//472 1025//472
f 1022//469 1023//469 1020//469
f 1022//469 1020//469 1021//469
f 1022//469 1021//469 1024//469
f 1024//469 1021//469 1018//469
f 1024//469 1018//469 1014//469
f 1019//942 1200//942 996//942
f 1002//761 1004//761 1019//761
f 1002//761 1019//761 996//761
f 996//943 1218//943 1217//943
f 996//943 1217//943 1002//943
f 1018//944 1021//944 997//944
f 1018//944 997//944 993//944
f 1000//944 1027//944 1009//944
f 1000//944 1009//944 1003//944
f 999//932 1028//932 1027//932
f 999//932 1027//932 1000//932
f 1009//472 1027//472 1025//472
f 1009//472 1025//472 1011//472
f 1024//945 1014//945 1010//945
f 1024//945 1010//945 1011//945
f 1011//946 1025//946 1022//946
f 1011//946 1022//946 1024//946
f 1025//947 1026//947 1023//947
f 1025//947 1023//947 1022//947
o Turret_01_havok_s_armor_17_0
v -0.369796 2.705581 2.150727
v -0.472395 2.705581 2.178586
v -0.475364 2.758260 2.152717
v -0.380353 2.758260 2.126847
v -0.578623 2.705581 2.173280
v -0.573015 2.758260 2.147410
v -0.677593 2.705581 2.134807
v -0.664397 2.758260 2.112253
v -0.740604 2.758260 2.049900
v -0.760068 2.705581 2.067810
v -0.817801 2.705581 1.978260
v -0.794048 2.758260 1.967647
v -0.845182 2.705581 1.875444
v -0.819120 2.758260 1.872790
v -0.298208 2.758260 2.073117
v -0.236516 2.758260 1.996170
v -0.213753 2.705581 2.009437
v -0.280723 2.705581 2.092353
v -0.175485 2.705581 1.909937
v -0.201217 2.758260 1.904630
v -0.195939 2.758260 1.805794
v -0.169877 2.705581 1.803140
v -0.645263 2.705581 1.527857
v -0.542664 2.705581 1.499997
v -0.539695 2.758260 1.525867
v -0.634706 2.758260 1.551737
v -0.442044 2.758260 1.531174
v -0.436436 2.705581 1.505304
v -0.337466 2.705581 1.543777
v -0.350662 2.758260 1.566331
v -0.716851 2.758260 1.605467
v -0.274455 2.758260 1.628684
v -0.254991 2.705581 1.610774
v -0.197258 2.705581 1.700324
v -0.221011 2.758260 1.710937
v -0.801306 2.705581 1.669147
v -0.734336 2.705581 1.586231
v -0.778542 2.758260 1.682414
v -0.839574 2.705581 1.768647
v -0.813842 2.758260 1.773954
v -0.464784 2.647985 2.253291
v -0.339562 2.647985 2.219462
v -0.333444 2.605342 2.233310
v -0.463227 2.605341 2.268372
v -0.597347 2.605341 2.261432
v -0.594190 2.647985 2.246595
v -0.722674 2.605345 2.213169
v -0.715113 2.647985 2.200030
v -0.826942 2.605341 2.128311
v -0.815716 2.647985 2.118153
v -0.475593 2.782861 2.148599
v -0.382038 2.782861 2.123325
v -0.572275 2.782861 2.143596
v -0.359238 2.676783 2.174930
v -0.469791 2.676783 2.204796
v -0.584039 2.676783 2.198885
v -0.662619 2.782861 2.108806
v -0.690797 2.676783 2.157773
v -0.790406 2.782861 1.966068
v -0.737782 2.782861 2.047634
v -0.779616 2.676783 2.085488
v -0.841801 2.676783 1.989102
v -0.815340 2.782861 1.872093
v -0.871265 2.676783 1.878052
v -0.899942 2.605345 2.015159
v -0.886152 2.647985 2.008979
v -0.934533 2.605341 1.884794
v -0.919526 2.647985 1.883195
v -0.300766 2.782861 2.070247
v -0.239734 2.782861 1.994562
v -0.191079 2.676783 2.022773
v -0.263200 2.676783 2.112209
v -0.136037 2.605345 2.054687
v -0.220702 2.605343 2.159679
v -0.230783 2.647985 2.148419
v -0.149093 2.647985 2.047117
v -0.149934 2.676783 1.915376
v -0.204915 2.782861 1.903678
v -0.143793 2.676783 1.800532
v -0.199719 2.782861 1.806491
v -0.102489 2.647985 1.925471
v -0.087737 2.605346 1.928610
v -0.095533 2.647985 1.795389
v -0.080527 2.605346 1.793791
v -0.655821 2.676783 1.503654
v -0.545268 2.676783 1.473788
v -0.431020 2.676783 1.479699
v -0.442784 2.782861 1.534987
v -0.352440 2.782861 1.569778
v -0.324262 2.676783 1.520810
v -0.539466 2.782861 1.529985
v -0.633021 2.782861 1.555259
v -0.714293 2.782861 1.608337
v -0.550275 2.647985 1.425293
v -0.675497 2.647985 1.459122
v -0.683674 2.590994 1.440614
v -0.552495 2.587178 1.403789
v -0.416424 2.587935 1.411096
v -0.420869 2.647985 1.431988
v -0.290227 2.593175 1.461665
v -0.299946 2.647985 1.478554
v -0.277277 2.782861 1.630949
v -0.224653 2.782861 1.712516
v -0.173258 2.676783 1.689482
v -0.235443 2.676783 1.593096
v -0.128907 2.647985 1.669605
v -0.199343 2.647985 1.560431
v -0.169478 2.605352 1.579170
v -0.115118 2.605349 1.663425
v -0.187311 2.602282 1.549545
v -0.775325 2.782861 1.684022
v -0.823980 2.676783 1.655811
v -0.751859 2.676783 1.566375
v -0.795873 2.598931 1.517212
v -0.784277 2.647985 1.530165
v -0.865966 2.647985 1.631467
v -0.842950 2.605352 1.579170
v -0.879020 2.605350 1.623899
v -0.865124 2.676783 1.763208
v -0.810143 2.782861 1.774906
v -0.912570 2.647985 1.753113
v -0.927323 2.605346 1.749974
vn -0.8298 -0.1572 0.5354
vn -0.8297 -0.1448 0.5391
vn -0.6236 -0.6703 0.4023
vn -0.6233 -0.6708 0.4019
vn -0.7536 -0.4385 0.4897
vn -0.7533 -0.4435 0.4857
vn -0.0488 -0.3314 0.9422
vn -0.3391 -0.3314 0.8805
vn -0.3390 -0.3314 0.8805
vn -0.5671 -0.4451 0.6930
vn -0.5661 -0.4402 0.6969
vn -0.6248 -0.1424 0.7677
vn -0.6259 -0.1524 0.7649
vn -0.7177 -0.6698 0.1904
vn -0.7188 -0.6684 0.1914
vn -0.8686 -0.4382 0.2313
vn -0.8678 -0.4409 0.2294
vn -0.9550 -0.1540 0.2534
vn -0.9547 -0.1575 0.2524
vn -0.3225 -0.4397 0.8383
vn -0.3246 -0.4446 0.8349
vn -0.3550 -0.1548 0.9219
vn -0.3548 -0.1536 0.9222
vn -0.0385 -0.6680 0.7432
vn -0.0370 -0.6708 0.7407
vn -0.0447 -0.4442 0.8948
vn -0.0488 -0.4381 0.8976
vn 0.1936 -0.6699 0.7168
vn 0.1941 -0.6719 0.7148
vn 0.5402 -0.1554 0.8271
vn 0.5410 -0.1527 0.8271
vn 0.2461 -0.3311 0.9109
vn -0.0511 -0.1545 0.9867
vn -0.0535 -0.1644 0.9849
vn -0.2675 -0.6679 0.6946
vn -0.2680 -0.6728 0.6895
vn 0.2574 -0.1619 0.9527
vn 0.2596 -0.1543 0.9533
vn -0.4673 -0.6722 0.5742
vn -0.4676 -0.6708 0.5757
vn 0.6938 -0.6693 0.2658
vn 0.6952 -0.6673 0.2674
vn 0.9241 -0.1440 0.3540
vn 0.9221 -0.1524 0.3556
vn 0.8372 -0.4415 0.3228
vn 0.8369 -0.4427 0.3219
vn 0.7348 -0.3302 0.5925
vn 0.8815 -0.3299 0.3377
vn 0.9427 -0.3299 0.0504
vn 0.9872 -0.1505 0.0528
vn 0.9872 -0.1502 0.0527
vn 0.8956 -0.4423 0.0478
vn 0.8963 -0.4410 0.0471
vn 0.7424 -0.6688 0.0397
vn 0.7438 -0.6673 0.0391
vn -0.5956 -0.3311 0.7318
vn 0.6993 -0.4434 0.5607
vn 0.6992 -0.4383 0.5648
vn -0.9124 -0.3302 0.2421
vn -0.7930 -0.3306 0.5116
vn 0.4056 -0.6707 0.6210
vn 0.4054 -0.6731 0.6185
vn 0.5160 -0.3306 0.7902
vn 0.5161 -0.3306 0.7902
vn 0.4921 -0.4380 0.7523
vn 0.4924 -0.4393 0.7514
vn 0.7693 -0.1524 0.6204
vn 0.7724 -0.1415 0.6192
vn 0.5767 -0.6716 0.4651
vn 0.5772 -0.6704 0.4662
vn 0.2359 -0.4400 0.8664
vn 0.2354 -0.4391 0.8671
vn 0.7536 -0.4385 -0.4897
vn 0.7533 -0.4435 -0.4857
vn 0.8298 -0.1572 -0.5354
vn 0.8297 -0.1448 -0.5391
vn 0.2675 -0.6679 -0.6946
vn 0.2681 -0.6728 -0.6895
vn 0.3225 -0.4397 -0.8383
vn 0.3246 -0.4446 -0.8349
vn 0.3550 -0.1548 -0.9219
vn 0.3548 -0.1536 -0.9222
vn 0.7177 -0.6698 -0.1904
vn 0.7188 -0.6684 -0.1914
vn 0.5671 -0.4451 -0.6930
vn 0.5661 -0.4402 -0.6969
vn 0.9550 -0.1539 -0.2534
vn 0.9547 -0.1575 -0.2524
vn 0.6236 -0.6703 -0.4023
vn 0.6233 -0.6708 -0.4019
vn 0.8678 -0.4409 -0.2294
vn 0.8686 -0.4382 -0.2313
vn 0.5956 -0.3311 -0.7318
vn -0.2359 -0.4400 -0.8664
vn -0.2354 -0.4391 -0.8671
vn 0.3391 -0.3314 -0.8805
vn 0.3390 -0.3314 -0.8805
vn -0.2461 -0.3311 -0.9109
vn 0.0488 -0.3314 -0.9422
vn -0.1936 -0.6699 -0.7168
vn -0.1941 -0.6719 -0.7148
vn 0.0385 -0.6680 -0.7432
vn 0.0370 -0.6708 -0.7407
vn 0.0511 -0.1545 -0.9867
vn 0.0535 -0.1644 -0.9849
vn -0.2577 -0.1542 -0.9538
vn -0.2593 -0.1618 -0.9522
vn 0.0447 -0.4442 -0.8948
vn 0.0488 -0.4381 -0.8976
vn 0.6248 -0.1424 -0.7677
vn 0.6259 -0.1524 -0.7649
vn -0.6938 -0.6693 -0.2658
vn -0.6952 -0.6673 -0.2674
vn -0.9241 -0.1440 -0.3540
vn -0.9221 -0.1524 -0.3556
vn -0.8372 -0.4415 -0.3228
vn -0.8369 -0.4427 -0.3219
vn -0.7348 -0.3302 -0.5925
vn -0.5160 -0.3306 -0.7902
vn -0.8815 -0.3299 -0.3377
vn -0.9427 -0.3299 -0.0504
vn -0.9872 -0.1505 -0.0528
vn -0.9872 -0.1502 -0.0527
vn -0.8963 -0.4410 -0.0471
vn -0.8956 -0.4423 -0.0478
vn -0.7424 -0.6688 -0.0397
vn -0.7438 -0.6673 -0.0391
vn 0.9124 -0.3302 -0.2421
vn -0.6992 -0.4383 -0.5648
vn -0.6993 -0.4434 -0.5607
vn 0.7930 -0.3306 -0.5116
vn 0.4673 -0.6722 -0.5742
vn 0.4676 -0.6708 -0.5757
vn -0.5404 -0.1527 -0.8274
vn -0.5407 -0.1554 -0.8267
vn -0.4056 -0.6707 -0.6211
vn -0.4054 -0.6731 -0.6185
vn -0.4921 -0.4380 -0.7523
vn -0.4924 -0.4393 -0.7514
vn -0.7693 -0.1524 -0.6204
vn -0.7724 -0.1415 -0.6192
vn -0.5767 -0.6716 -0.4651
vn -0.5772 -0.6704 -0.4662
s 0
f 1308//948 1376//948 1375//948
f 1308//949 1375//949 1305//949
f 1306//950 1378//950 1377//950
f 1306//951 1377//951 1307//951
f 1307//952 1308//952 1305//952
f 1307//953 1305//953 1306//953
f 1371//954 1372//954 1367//954
f 1371//954 1367//954 1370//954
f 1373//955 1374//955 1372//955
f 1373//956 1372//956 1371//956
f 1306//957 1305//957 1303//957
f 1306//958 1303//958 1302//958
f 1305//959 1375//959 1362//959
f 1305//960 1362//960 1303//960
f 1307//961 1377//961 1352//961
f 1307//962 1352//962 1295//962
f 1308//963 1307//963 1295//963
f 1308//964 1295//964 1294//964
f 1294//965 1353//965 1376//965
f 1294//966 1376//966 1308//966
f 1302//967 1303//967 1300//967
f 1302//968 1300//968 1301//968
f 1303//969 1362//969 1361//969
f 1303//970 1361//970 1300//970
f 1359//971 1360//971 1301//971
f 1359//972 1301//972 1297//972
f 1297//973 1301//973 1300//973
f 1297//974 1300//974 1298//974
f 1358//975 1359//975 1297//975
f 1358//976 1297//976 1296//976
f 1299//977 1365//977 1366//977
f 1299//978 1366//978 1304//978
f 1369//979 1370//979 1367//979
f 1369//979 1367//979 1368//979
f 1300//980 1361//980 1364//980
f 1300//981 1364//981 1298//981
f 1301//982 1360//982 1363//982
f 1301//983 1363//983 1302//983
f 1298//984 1364//984 1365//984
f 1298//985 1365//985 1299//985
f 1302//986 1363//986 1378//986
f 1302//987 1378//987 1306//987
f 1392//988 1385//988 1309//988
f 1392//989 1309//989 1312//989
f 1311//990 1384//990 1393//990
f 1311//991 1393//991 1313//991
f 1311//992 1313//992 1312//992
f 1311//993 1312//993 1309//993
f 1388//994 1389//994 1390//994
f 1388//994 1390//994 1387//994
f 1390//994 1389//994 1391//994
f 1394//995 1395//995 1391//995
f 1394//995 1391//995 1389//995
f 1395//996 1394//996 1341//996
f 1395//996 1341//996 1340//996
f 1313//997 1393//997 1336//997
f 1313//998 1336//998 1287//998
f 1312//999 1313//999 1287//999
f 1312//1000 1287//1000 1286//1000
f 1286//1001 1337//1001 1392//1001
f 1286//1002 1392//1002 1312//1002
f 1383//1003 1380//1003 1374//1003
f 1383//1003 1374//1003 1373//1003
f 1304//1004 1311//1004 1309//1004
f 1304//1005 1309//1005 1310//1005
f 1379//1006 1382//1006 1357//1006
f 1379//1006 1357//1006 1356//1006
f 1381//1007 1382//1007 1379//1007
f 1381//1007 1379//1007 1380//1007
f 1383//1007 1381//1007 1380//1007
f 1386//1008 1358//1008 1296//1008
f 1386//1009 1296//1009 1310//1009
f 1368//1010 1388//1010 1387//1010
f 1368//1011 1387//1011 1369//1011
f 1299//1012 1304//1012 1310//1012
f 1299//1013 1310//1013 1296//1013
f 1304//1014 1366//1014 1384//1014
f 1304//1015 1384//1015 1311//1015
f 1385//1016 1386//1016 1310//1016
f 1385//1017 1310//1017 1309//1017
f 1298//1018 1299//1018 1296//1018
f 1298//1019 1296//1019 1297//1019
f 1284//1020 1285//1020 1282//1020
f 1284//1021 1282//1021 1283//1021
f 1285//1022 1332//1022 1333//1022
f 1285//1023 1333//1023 1282//1023
f 1278//1024 1329//1024 1331//1024
f 1278//1025 1331//1025 1280//1025
f 1280//1026 1281//1026 1279//1026
f 1280//1027 1279//1027 1278//1027
f 1281//1028 1330//1028 1326//1028
f 1281//1029 1326//1029 1279//1029
f 1284//1030 1335//1030 1337//1030
f 1284//1031 1337//1031 1286//1031
f 1283//1032 1282//1032 1281//1032
f 1283//1033 1281//1033 1280//1033
f 1287//1034 1336//1034 1332//1034
f 1287//1035 1332//1035 1285//1035
f 1283//1036 1334//1036 1335//1036
f 1283//1037 1335//1037 1284//1037
f 1286//1038 1287//1038 1285//1038
f 1286//1039 1285//1039 1284//1039
f 1322//1040 1323//1040 1321//1040
f 1322//1040 1321//1040 1320//1040
f 1276//1041 1277//1041 1274//1041
f 1276//1042 1274//1042 1275//1042
f 1320//1043 1321//1043 1319//1043
f 1320//1044 1319//1044 1318//1044
f 1316//1045 1317//1045 1314//1045
f 1316//1045 1314//1045 1315//1045
f 1318//1046 1319//1046 1314//1046
f 1318//1046 1314//1046 1317//1046
f 1327//1047 1328//1047 1275//1047
f 1327//1048 1275//1048 1274//1048
f 1328//1049 1329//1049 1278//1049
f 1328//1050 1278//1050 1275//1050
f 1279//1051 1326//1051 1324//1051
f 1279//1052 1324//1052 1276//1052
f 1324//1053 1325//1053 1277//1053
f 1324//1054 1277//1054 1276//1054
f 1275//1055 1278//1055 1279//1055
f 1275//1056 1279//1056 1276//1056
f 1282//1057 1333//1057 1330//1057
f 1282//1058 1330//1058 1281//1058
f 1350//1059 1344//1059 1290//1059
f 1350//1060 1290//1060 1292//1060
f 1289//1061 1343//1061 1351//1061
f 1289//1062 1351//1062 1293//1062
f 1289//1063 1293//1063 1292//1063
f 1289//1064 1292//1064 1290//1064
f 1348//1065 1349//1065 1346//1065
f 1348//1065 1346//1065 1347//1065
f 1315//1066 1348//1066 1347//1066
f 1315//1066 1347//1066 1316//1066
f 1354//1067 1355//1067 1346//1067
f 1354//1067 1346//1067 1349//1067
f 1356//1068 1357//1068 1355//1068
f 1356//1068 1355//1068 1354//1068
f 1293//1069 1351//1069 1353//1069
f 1293//1070 1353//1070 1294//1070
f 1294//1071 1295//1071 1292//1071
f 1294//1072 1292//1072 1293//1072
f 1295//1073 1352//1073 1350//1073
f 1295//1074 1350//1074 1292//1074
f 1340//1075 1341//1075 1339//1075
f 1340//1075 1339//1075 1338//1075
f 1290//1076 1291//1076 1288//1076
f 1290//1077 1288//1077 1289//1077
f 1338//1078 1339//1078 1323//1078
f 1338//1078 1323//1078 1322//1078
f 1280//1079 1331//1079 1334//1079
f 1283//1080 1280//1080 1334//1080
f 1325//1081 1342//1081 1288//1081
f 1325//1082 1288//1082 1277//1082
f 1345//1083 1327//1083 1274//1083
f 1345//1084 1274//1084 1291//1084
f 1277//1085 1288//1085 1291//1085
f 1277//1086 1291//1086 1274//1086
f 1288//1087 1342//1087 1343//1087
f 1288//1088 1343//1088 1289//1088
f 1344//1089 1345//1089 1291//1089
f 1344//1090 1291//1090 1290//1090
o Turret_01_havok_s_surveyingDevice_1
v -0.132465 2.681697 1.724037
v -0.155177 2.698579 1.735865
v -0.109754 2.664815 1.735865
v -0.603030 2.836628 1.734790
v -0.412971 2.836628 1.734790
v -0.412971 2.876589 1.695005
v -0.412971 2.876589 1.685866
v -0.603030 2.876589 1.695005
v -0.603030 2.876589 1.685866
v -0.883535 2.681697 1.724037
v -0.906247 2.664815 1.735865
v -0.860824 2.698579 1.735865
v -0.100191 2.657870 1.914360
v -0.126887 2.692595 1.839091
v -0.100191 2.657870 1.764360
v -0.109754 2.664815 1.942317
v -0.132465 2.681697 1.954144
v -0.164341 2.705631 1.764360
v -0.155177 2.698579 1.942317
v -0.851660 2.705631 1.914360
v -0.915810 2.657870 1.764360
v -0.893497 2.694946 1.839091
v -0.915810 2.657870 1.914360
v -0.883535 2.681697 1.954144
v -0.906247 2.664815 1.942317
v -0.860824 2.698579 1.942317
v -0.773963 2.698579 2.093391
v -0.744876 2.705631 2.099305
v -0.700250 2.693664 2.172423
v -0.795479 2.681697 2.106832
v -0.614983 2.705631 2.174037
v -0.776752 2.657870 2.154682
v -0.796674 2.664815 2.132639
v -0.646859 2.657870 2.229950
v -0.596256 2.681697 2.221886
v -0.617772 2.664815 2.235864
v -0.595061 2.698579 2.196617
v -0.419745 2.681697 2.221886
v -0.420940 2.698579 2.196617
v -0.316149 2.692595 2.171348
v -0.220522 2.681697 2.106832
v -0.219326 2.664815 2.132639
v -0.239249 2.657870 2.154682
v -0.242038 2.698579 2.093391
v -0.401018 2.705631 2.174037
v -0.369142 2.657870 2.229950
v -0.398229 2.664815 2.235864
v 0.630497 2.684604 1.270329
v 0.387178 2.684604 1.270329
v 0.387178 2.684604 1.192941
v 0.630497 2.684604 1.192941
v -0.617471 2.664862 1.442470
v -0.646753 2.657870 1.448510
v -0.316285 2.692552 1.507023
v -0.220771 2.681714 1.571198
v -0.270968 2.705581 1.579125
v -0.401342 2.705581 1.504003
v -0.238897 2.657870 1.523633
v -0.219376 2.664862 1.545905
v -0.419469 2.681714 1.456437
v -0.398554 2.664862 1.442470
v -0.369272 2.657870 1.448510
v -0.420864 2.698589 1.481730
v -0.595161 2.698589 1.481730
v -0.614682 2.705581 1.504003
v -0.596555 2.681714 1.456437
v -0.699739 2.692505 1.507023
v -0.795254 2.681714 1.571198
v -0.796648 2.664862 1.545905
v -0.777127 2.657870 1.523633
v -0.166648 2.682913 1.735911
v -0.161771 2.676783 1.732775
v -0.144428 2.665397 1.724196
v -0.118873 2.652370 1.735911
v -0.242053 2.698594 1.585123
v -0.239559 2.676783 1.589747
v -0.246981 2.685330 1.593659
v -0.274481 2.696879 1.584726
v -0.602999 2.782861 1.734867
v -0.413000 2.782861 1.734867
v -0.413000 2.782861 1.685865
v -0.602999 2.782861 1.685865
v -0.897434 2.652781 1.735911
v -0.871247 2.664959 1.724196
v -0.906276 2.651805 1.754452
v -0.853552 2.676783 1.733001
v -0.849096 2.682568 1.735911
v -0.741864 2.697806 1.584129
v -0.768104 2.682866 1.595244
v -0.773947 2.698594 1.585123
v -0.744753 2.705581 1.579125
v -0.103849 2.652947 1.796276
v -0.105794 2.650330 1.914193
v -0.106414 2.649496 1.764193
v -0.164399 2.705581 1.914193
v -0.169484 2.698738 1.911217
v -0.166867 2.702259 1.802991
v -0.171436 2.696111 1.764193
v -0.848709 2.701687 1.875648
v -0.844171 2.695580 1.914193
v -0.911862 2.652557 1.882378
v -0.909913 2.649935 1.764193
v -0.909319 2.649135 1.914193
v -0.851602 2.705581 1.764193
v -0.845577 2.697473 1.764193
v -0.846088 2.698161 1.767258
v -0.848958 2.682382 1.942475
v -0.853412 2.676783 1.945339
v -0.871305 2.665037 1.954190
v -0.896861 2.652010 1.942475
v -0.768920 2.685061 2.084554
v -0.741420 2.696609 2.093487
v -0.776108 2.676783 2.088343
v -0.118268 2.653184 1.942475
v -0.144454 2.665362 1.954190
v -0.161547 2.676783 1.945686
v -0.109452 2.652211 1.923989
v -0.166462 2.683164 1.942475
v -0.169980 2.698070 1.914193
v -0.678386 2.703981 2.136205
v -0.611645 2.696956 2.168711
v -0.773695 2.649359 2.149390
v -0.792423 2.653483 2.125263
v -0.790038 2.667176 2.097703
v -0.709711 2.654383 2.190641
v -0.643883 2.649608 2.224550
v -0.590182 2.685472 2.188101
v -0.589858 2.676783 2.196644
v -0.590970 2.667478 2.212894
v -0.613640 2.653772 2.228731
v -0.425644 2.665828 2.211832
v -0.426851 2.676783 2.193196
v -0.426551 2.683499 2.186832
v -0.271248 2.705581 2.099261
v -0.247697 2.683404 2.083488
v -0.242260 2.676783 2.086241
v -0.226575 2.665531 2.096644
v -0.273937 2.698344 2.094604
v -0.223615 2.653385 2.125200
v -0.235744 2.652392 2.142877
v -0.241813 2.650685 2.150243
v -0.276825 2.699179 2.096989
v -0.368838 2.702781 2.153202
v -0.404458 2.696680 2.168533
v -0.343248 2.653380 2.211119
v -0.371982 2.649971 2.224783
v -0.402709 2.652834 2.228127
v 0.630497 2.573341 1.270267
v 0.387292 2.573341 1.270267
v 0.630497 2.565328 1.192941
v 0.387292 2.565328 1.192941
v -0.643951 2.649788 1.453721
v -0.613224 2.652652 1.450377
v -0.336756 2.704161 1.542522
v -0.404321 2.697050 1.509615
v -0.242237 2.649543 1.528879
v -0.305453 2.654506 1.488123
v -0.223509 2.653667 1.553005
v -0.225895 2.667360 1.580566
v -0.425007 2.667542 1.465452
v -0.402336 2.653836 1.449614
v -0.372093 2.649672 1.453795
v -0.589349 2.683230 1.491728
v -0.611442 2.696411 1.510027
v -0.590289 2.665645 1.466672
v -0.589062 2.676783 1.485619
v -0.646365 2.702392 1.525057
v -0.425783 2.685566 1.490225
v -0.426111 2.676783 1.481590
v -0.789291 2.665168 1.581976
v -0.792251 2.653022 1.553420
v -0.774082 2.650403 1.528325
v -0.779758 2.651999 1.535212
v -0.773099 2.676783 1.592715
v -0.738472 2.698787 1.581329
v -0.671991 2.653115 1.467056
vn 0.4218 -0.5407 -0.7279
vn 0.4075 0.5826 -0.7033
vn 0.4073 0.5833 -0.7028
vn 0.6476 -0.2319 0.7258
vn 0.6370 -0.2249 0.7373
vn 0.7004 0.5549 -0.4488
vn 0.7018 0.5406 -0.4640
vn 0.9523 0.2324 0.1979
vn 0.9533 0.2307 0.1951
vn 0.4009 0.5980 -0.6940
vn -0.9531 -0.2299 -0.1968
vn -0.9532 -0.2293 -0.1970
vn -0.9538 -0.2271 -0.1968
vn -0.7017 -0.5530 0.4492
vn -0.7048 -0.5479 0.4507
vn 0.2028 -0.7648 -0.6115
vn 0.2979 -0.6616 -0.6881
vn 0.1633 -0.8239 -0.5427
vn 0.1347 -0.9058 -0.4017
vn 0.4474 -0.6537 -0.6103
vn 0.4275 -0.7655 -0.4810
vn -0.7495 0.5396 -0.3835
vn -0.7352 0.5549 -0.3893
vn -0.7472 0.5417 -0.3849
vn 0.3047 -0.2319 -0.9238
vn 0.3097 -0.2299 -0.9226
vn -0.0361 -0.5562 0.8302
vn 0.6489 -0.2317 0.7248
vn -0.3091 0.2243 -0.9242
vn -0.3172 0.2196 -0.9226
vn 0.7439 -0.5485 -0.3817
vn 0.7422 -0.5515 -0.3807
vn 0.1393 -0.9602 -0.2422
vn -0.4064 -0.5796 0.7063
vn -0.4037 -0.5865 0.7022
vn -0.0358 -0.5513 0.8336
vn -0.3995 -0.6000 0.6931
vn 0.3032 -0.2315 -0.9244
vn 0.3882 -0.8237 -0.4133
vn 0.2843 -0.9033 -0.3214
vn -0.4117 -0.5707 -0.7105
vn -0.4075 0.5808 -0.7047
vn -0.4035 0.5935 -0.6963
vn 0.4028 -0.5867 0.7025
vn -0.1546 -0.9511 -0.2676
vn 0.4241 -0.5380 0.7285
vn 0.4007 -0.5961 0.6958
vn -0.2985 -0.6780 -0.6717
vn -0.2127 -0.7696 -0.6020
vn -0.1510 -0.8978 -0.4136
vn -0.1774 -0.8222 -0.5409
vn 0.7019 -0.5527 0.4493
vn 0.7047 -0.5480 0.4506
vn 0.6454 0.2229 -0.7306
vn 0.6492 0.2261 -0.7262
vn -0.0391 0.5524 -0.8327
vn -0.0360 0.5561 -0.8303
vn -0.4010 0.5981 -0.6939
vn -0.7001 0.5550 -0.4492
vn 0.9538 -0.2271 -0.1969
vn -0.4332 -0.6701 -0.6027
vn -0.4147 -0.7702 -0.4846
vn 0.9533 -0.2292 -0.1969
vn 0.9532 -0.2297 -0.1968
vn -0.6451 0.2224 -0.7310
vn -0.6492 0.2261 -0.7262
vn 0.0391 0.5525 -0.8326
vn 0.0361 0.5559 -0.8305
vn -0.2831 -0.8976 -0.3380
vn -0.3799 -0.8220 -0.4243
vn -0.9524 0.2322 0.1975
vn -0.9533 0.2307 0.1951
vn -0.7001 0.5560 -0.4480
vn -0.7026 0.5383 -0.4654
vn 0.0357 -0.5555 0.8308
vn 0.0358 -0.5502 0.8343
vn -0.6440 -0.2205 0.7325
vn -0.6432 -0.2236 0.7324
vn -0.6416 -0.2369 0.7296
vn -0.3124 -0.2262 0.9226
vn -0.0394 -0.5511 -0.8335
vn -0.0394 -0.5510 -0.8335
vn -0.3126 -0.2237 0.9232
vn -0.3124 -0.2206 0.9240
vn 0.3050 0.2326 0.9235
vn 0.3094 0.2301 0.9227
vn 0.7443 0.5466 0.3837
vn -0.7928 -0.6095 -0.0000
vn -0.7132 -0.6975 0.0693
vn -0.6275 -0.7717 0.1035
vn -0.6275 -0.7717 -0.1035
vn -0.7119 -0.6988 -0.0699
vn -0.7443 0.5468 0.3835
vn -0.7451 0.5460 0.3831
vn -0.8027 0.5964 -0.0000
vn -0.8026 0.5965 -0.0000
vn 1.0000 0.0003 -0.0000
vn -0.6465 -0.2282 -0.7280
vn 0.0394 -0.5510 -0.8335
vn -0.0000 -0.0014 -1.0000
vn -0.3048 0.2327 0.9236
vn -0.3094 0.2301 0.9227
vn 0.3125 -0.2203 0.9240
vn 0.3127 -0.2235 0.9232
vn 0.3124 -0.2261 0.9226
vn -1.0000 0.0003 -0.0000
vn -0.0000 -0.0000 1.0000
vn 1.0000 0.0006 -0.0000
vn 1.0000 0.0003 0.0003
vn -0.0000 -1.0000 -0.0000
vn -1.0000 0.0005 0.0005
vn -0.0000 -0.7055 -0.7087
vn 0.2467 -0.9691 0.0004
vn -0.8026 -0.5965 -0.0001
vn -0.7997 -0.6003 0.0002
vn -0.7430 -0.5521 0.3783
vn -0.7466 -0.5458 0.3805
vn 0.6372 -0.7574 -0.1424
vn 0.7540 -0.6497 -0.0965
vn 0.4008 -0.9113 0.0948
vn 0.5417 -0.8284 0.1423
vn 0.5417 -0.8284 -0.1423
vn 0.4055 -0.9090 -0.0964
vn 0.3092 0.2245 -0.9241
vn 0.3165 0.2206 -0.9226
vn 0.7469 0.5427 -0.3842
vn 0.7358 0.5542 -0.3893
vn -0.7438 -0.5486 -0.3819
vn -0.7441 -0.5480 -0.3821
vn -0.3073 -0.2281 -0.9239
vn -0.3073 -0.2282 -0.9239
vn -0.3067 -0.2338 -0.9226
vn 0.7558 -0.6478 0.0957
vn 0.6372 -0.7574 0.1424
vn -0.4551 -0.8874 0.0733
vn -0.5575 -0.8235 0.1050
vn 0.7465 -0.5455 0.3809
vn 0.7398 -0.5579 0.3760
vn 0.8018 -0.5976 0.0003
vn -0.3279 -0.9447 -0.0004
vn 0.7991 -0.6013 -0.0002
vn 0.8026 -0.5965 0.0001
vn -0.4531 -0.8885 -0.0727
vn -0.5575 -0.8235 -0.1050
vn 0.8027 0.5964 -0.0000
vn 0.7453 0.5457 0.3831
vn 0.8026 0.5965 -0.0000
vn -0.8019 -0.5975 -0.0003
vn 0.8568 -0.5156 -0.0000
vn 0.9524 -0.2268 0.2038
vn 0.9499 -0.2365 0.2045
vn 0.9489 -0.2415 0.2032
vn 0.4317 -0.6806 0.5920
vn 0.4150 -0.7676 0.4885
vn 0.9565 0.2193 -0.1924
vn 0.9530 0.2253 -0.2027
vn 0.2844 -0.8964 0.3401
vn 0.3770 -0.8243 0.4224
vn -0.9524 -0.2309 0.1989
vn -0.9526 -0.2312 0.1976
vn -0.9487 -0.2363 0.2099
vn -0.6440 0.2163 0.7339
vn -0.6622 0.2312 0.7127
vn 0.7010 -0.5561 -0.4465
vn 0.7084 -0.5435 -0.4502
vn -0.4011 -0.5977 -0.6942
vn 0.7037 0.5474 0.4529
vn 0.7016 0.5617 0.4386
vn 0.4003 0.5990 0.6935
vn 0.4034 0.5893 0.7000
vn 0.4090 -0.5735 0.7098
vn 0.4027 0.5906 0.6994
vn 0.1783 -0.8230 0.5393
vn 0.1526 -0.8968 0.4153
vn 0.2155 -0.7677 0.6035
vn 0.3003 -0.6766 0.6724
vn 0.6502 -0.2334 -0.7230
vn 0.6493 -0.2369 -0.7228
vn 0.7037 0.5482 0.4520
vn 0.6514 -0.2244 -0.7248
vn -0.4014 -0.5965 -0.6950
vn -0.3988 -0.6024 -0.6914
vn 0.1557 -0.9503 0.2695
vn -0.7013 -0.5559 -0.4463
vn -0.7078 -0.5452 -0.4492
vn -0.2872 -0.8947 0.3422
vn -0.3773 -0.8242 0.4224
vn 0.0391 0.5527 0.8325
vn 0.0402 0.5513 0.8333
vn 0.0394 -0.5519 -0.8330
vn 0.3972 -0.6046 -0.6904
vn 0.4012 -0.5971 -0.6947
vn -0.1552 -0.9505 0.2693
vn 0.3906 -0.6228 -0.6779
vn -0.0000 0.0006 -1.0000
vn -1.0000 -0.0000 -0.0000
vn 1.0000 0.0010 -0.0001
vn 1.0000 0.0010 -0.0000
vn -0.4320 -0.6803 0.5922
vn -0.4153 -0.7675 0.4884
vn 0.6435 0.2157 0.7344
vn 0.6630 0.2334 0.7113
vn -0.1780 -0.8231 0.5393
vn -0.1521 -0.8970 0.4150
vn -0.0390 0.5528 0.8324
vn -0.0403 0.5512 0.8334
vn -0.4092 -0.5729 0.7101
vn -0.4029 0.5904 0.6993
vn -0.4032 0.5899 0.6996
vn -0.7039 0.5471 0.4529
vn -0.7025 0.5592 0.4402
vn -0.4006 0.5980 0.6942
vn -0.9573 0.2172 -0.1908
vn -0.9535 0.2240 -0.2018
vn -0.3002 -0.6762 0.6727
vn -0.2153 -0.7676 0.6037
vn -0.6556 -0.2344 -0.7178
s 0
f 1427//1091 1424//1091 1429//1091
f 1427//1092 1429//1092 1520//1092
f 1517//1093 1427//1093 1520//1093
f 1519//1094 1508//1094 1422//1094
f 1519//1095 1422//1095 1425//1095
f 1517//1096 1518//1096 1428//1096
f 1517//1097 1428//1097 1427//1097
f 1518//1098 1519//1098 1425//1098
f 1518//1099 1425//1099 1428//1099
f 1429//1100 1521//1100 1520//1100
f 1523//1101 1524//1101 1430//1101
f 1523//1102 1430//1102 1522//1102
f 1432//1103 1522//1103 1430//1103
f 1516//1104 1522//1104 1432//1104
f 1516//1105 1432//1105 1426//1105
f 1424//1106 1430//1106 1431//1106
f 1424//1107 1431//1107 1429//1107
f 1432//1108 1430//1108 1424//1108
f 1432//1109 1424//1109 1426//1109
f 1424//1110 1427//1110 1428//1110
f 1424//1111 1428//1111 1425//1111
f 1488//1112 1512//1112 1411//1112
f 1488//1113 1411//1113 1408//1113
f 1509//1114 1411//1114 1512//1114
f 1510//1115 1511//1115 1414//1115
f 1510//1116 1414//1116 1412//1116
f 1506//1117 1507//1117 1422//1117
f 1506//1118 1422//1118 1508//1118
f 1509//1119 1510//1119 1412//1119
f 1509//1120 1412//1120 1411//1120
f 1414//1121 1513//1121 1514//1121
f 1414//1122 1514//1122 1490//1122
f 1426//1123 1424//1123 1423//1123
f 1426//1124 1423//1124 1515//1124
f 1516//1125 1426//1125 1515//1125
f 1423//1126 1422//1126 1507//1126
f 1423//1127 1507//1127 1515//1127
f 1513//1128 1414//1128 1511//1128
f 1424//1129 1425//1129 1422//1129
f 1424//1130 1422//1130 1423//1130
f 1441//1131 1435//1131 1438//1131
f 1438//1132 1536//1132 1540//1132
f 1438//1133 1540//1133 1441//1133
f 1440//1134 1539//1134 1538//1134
f 1529//1135 1435//1135 1440//1135
f 1440//1136 1538//1136 1537//1136
f 1440//1137 1537//1137 1529//1137
f 1435//1138 1441//1138 1442//1138
f 1435//1139 1442//1139 1433//1139
f 1434//1140 1440//1140 1435//1140
f 1434//1141 1435//1141 1433//1141
f 1434//1142 1528//1142 1539//1142
f 1434//1143 1539//1143 1440//1143
f 1542//1144 1526//1144 1433//1144
f 1542//1145 1433//1145 1442//1145
f 1541//1146 1542//1146 1442//1146
f 1541//1147 1442//1147 1441//1147
f 1541//1148 1441//1148 1540//1148
f 1534//1149 1535//1149 1437//1149
f 1434//1150 1433//1150 1528//1150
f 1437//1151 1438//1151 1435//1151
f 1437//1152 1435//1152 1436//1152
f 1527//1153 1528//1153 1433//1153
f 1527//1154 1433//1154 1526//1154
f 1430//1155 1524//1155 1525//1155
f 1430//1156 1525//1156 1431//1156
f 1431//1157 1525//1157 1521//1157
f 1431//1158 1521//1158 1429//1158
f 1435//1159 1529//1159 1439//1159
f 1435//1160 1439//1160 1436//1160
f 1436//1161 1532//1161 1534//1161
f 1436//1162 1534//1162 1437//1162
f 1437//1163 1535//1163 1536//1163
f 1437//1164 1536//1164 1438//1164
f 1533//1165 1530//1165 1439//1165
f 1533//1166 1439//1166 1529//1166
f 1531//1167 1532//1167 1436//1167
f 1531//1168 1436//1168 1530//1168
f 1439//1169 1530//1169 1436//1169
f 1407//1170 1405//1170 1482//1170
f 1485//1171 1486//1171 1483//1171
f 1485//1172 1483//1172 1484//1172
f 1481//1173 1482//1173 1405//1173
f 1481//1174 1405//1174 1479//1174
f 1478//1175 1479//1175 1405//1175
f 1478//1176 1405//1176 1406//1176
f 1478//1177 1406//1177 1480//1177
f 1408//1178 1409//1178 1410//1178
f 1398//1179 1410//1179 1409//1179
f 1398//1180 1409//1180 1396//1180
f 1411//1181 1412//1181 1409//1181
f 1411//1182 1409//1182 1408//1182
f 1398//1183 1469//1183 1489//1183
f 1398//1184 1489//1184 1410//1184
f 1487//1185 1488//1185 1408//1185
f 1487//1186 1408//1186 1410//1186
f 1489//1185 1487//1185 1410//1185
f 1404//1187 1403//1187 1477//1187
f 1470//1188 1471//1188 1472//1188
f 1470//1189 1472//1189 1473//1189
f 1400//1190 1475//1190 1474//1190
f 1400//1190 1474//1190 1399//1190
f 1396//1191 1468//1191 1469//1191
f 1396//1192 1469//1192 1398//1192
f 1467//1193 1468//1193 1396//1193
f 1467//1194 1396//1194 1466//1194
f 1397//1195 1466//1195 1396//1195
f 1402//1196 1476//1196 1475//1196
f 1402//1196 1475//1196 1401//1196
f 1404//1197 1477//1197 1476//1197
f 1404//1197 1476//1197 1402//1197
f 1399//1198 1474//1198 1477//1198
f 1399//1199 1477//1199 1403//1199
f 1403//1200 1404//1200 1402//1200
f 1403//1200 1402//1200 1401//1200
f 1401//1201 1475//1201 1400//1201
f 1399//1202 1403//1202 1401//1202
f 1399//1202 1401//1202 1400//1202
f 1415//1203 1417//1203 1499//1203
f 1415//1204 1499//1204 1501//1204
f 1415//1205 1501//1205 1494//1205
f 1500//1206 1499//1206 1407//1206
f 1500//1207 1407//1207 1482//1207
f 1417//1208 1419//1208 1420//1208
f 1417//1209 1420//1209 1418//1209
f 1407//1210 1499//1210 1417//1210
f 1407//1211 1417//1211 1405//1211
f 1421//1212 1419//1212 1417//1212
f 1421//1213 1417//1213 1415//1213
f 1419//1214 1504//1214 1505//1214
f 1419//1215 1505//1215 1420//1215
f 1420//1216 1505//1216 1498//1216
f 1420//1217 1498//1217 1418//1217
f 1495//1218 1502//1218 1421//1218
f 1495//1219 1421//1219 1415//1219
f 1503//1220 1504//1220 1419//1220
f 1503//1221 1419//1221 1502//1221
f 1421//1222 1502//1222 1419//1222
f 1417//1223 1416//1223 1406//1223
f 1417//1224 1406//1224 1405//1224
f 1409//1225 1413//1225 1397//1225
f 1409//1226 1397//1226 1396//1226
f 1493//1227 1466//1227 1397//1227
f 1493//1228 1397//1228 1413//1228
f 1413//1229 1492//1229 1493//1229
f 1413//1230 1409//1230 1490//1230
f 1491//1231 1492//1231 1413//1231
f 1491//1232 1413//1232 1490//1232
f 1414//1233 1490//1233 1409//1233
f 1414//1234 1409//1234 1412//1234
f 1498//1235 1496//1235 1418//1235
f 1497//1236 1480//1236 1406//1236
f 1497//1236 1406//1236 1416//1236
f 1496//1237 1497//1237 1416//1237
f 1496//1237 1416//1237 1418//1237
f 1415//1238 1494//1238 1495//1238
f 1416//1239 1417//1239 1418//1239
f 1458//1240 1563//1240 1455//1240
f 1455//1241 1563//1241 1564//1241
f 1455//1242 1564//1242 1555//1242
f 1464//1243 1465//1243 1462//1243
f 1464//1244 1462//1244 1463//1244
f 1463//1245 1565//1245 1566//1245
f 1463//1246 1566//1246 1464//1246
f 1462//1247 1486//1247 1485//1247
f 1462//1248 1485//1248 1463//1248
f 1459//1249 1561//1249 1558//1249
f 1560//1250 1561//1250 1459//1250
f 1560//1251 1459//1251 1461//1251
f 1548//1252 1560//1252 1461//1252
f 1548//1253 1461//1253 1447//1253
f 1550//1254 1563//1254 1458//1254
f 1550//1255 1458//1255 1452//1255
f 1460//1256 1559//1256 1562//1256
f 1464//1257 1568//1257 1567//1257
f 1464//1258 1567//1258 1465//1258
f 1465//1259 1567//1259 1571//1259
f 1465//1260 1571//1260 1448//1260
f 1448//1261 1462//1261 1465//1261
f 1547//1262 1448//1262 1571//1262
f 1462//1263 1461//1263 1459//1263
f 1462//1264 1459//1264 1460//1264
f 1447//1265 1461//1265 1462//1265
f 1447//1266 1462//1266 1448//1266
f 1463//1267 1484//1267 1569//1267
f 1463//1268 1569//1268 1565//1268
f 1566//1269 1568//1269 1464//1269
f 1485//1270 1484//1270 1463//1270
f 1570//1271 1486//1271 1460//1271
f 1570//1272 1460//1272 1562//1272
f 1486//1273 1462//1273 1460//1273
f 1459//1274 1558//1274 1559//1274
f 1459//1275 1559//1275 1460//1275
f 1470//1276 1451//1276 1449//1276
f 1470//1277 1449//1277 1450//1277
f 1547//1278 1548//1278 1447//1278
f 1547//1279 1447//1279 1448//1279
f 1451//1280 1470//1280 1473//1280
f 1451//1281 1473//1281 1549//1281
f 1550//1282 1452//1282 1549//1282
f 1452//1283 1449//1283 1451//1283
f 1452//1284 1451//1284 1549//1284
f 1444//1200 1445//1200 1446//1200
f 1444//1200 1446//1200 1443//1200
f 1443//1285 1543//1285 1544//1285
f 1443//1285 1544//1285 1444//1285
f 1446//1286 1545//1286 1543//1286
f 1446//1286 1543//1286 1443//1286
f 1544//1287 1546//1287 1445//1287
f 1544//1288 1445//1288 1444//1288
f 1445//1197 1546//1197 1545//1197
f 1445//1197 1545//1197 1446//1197
f 1449//1289 1453//1289 1454//1289
f 1449//1290 1454//1290 1450//1290
f 1455//1291 1555//1291 1556//1291
f 1455//1292 1556//1292 1456//1292
f 1458//1293 1455//1293 1449//1293
f 1458//1294 1449//1294 1452//1294
f 1456//1295 1556//1295 1557//1295
f 1456//1296 1557//1296 1457//1296
f 1453//1297 1449//1297 1457//1297
f 1453//1298 1457//1298 1552//1298
f 1457//1299 1557//1299 1552//1299
f 1551//1300 1553//1300 1454//1300
f 1551//1301 1454//1301 1453//1301
f 1551//1302 1453//1302 1552//1302
f 1553//1303 1554//1303 1450//1303
f 1553//1304 1450//1304 1454//1304
f 1456//1305 1457//1305 1449//1305
f 1456//1306 1449//1306 1455//1306
f 1554//1188 1471//1188 1470//1188
f 1554//1307 1470//1307 1450//1307
o Turret_01_havok_s_armor_8_2
v -0.780331 1.574123 0.600666
v 0.978505 1.574123 2.359501
v 1.127611 1.574123 2.122199
v 1.220175 1.574123 1.857667
v 1.251554 1.574123 1.579170
v 1.220175 1.574123 1.300673
v 1.127611 1.574123 1.036142
v 0.978503 1.574123 0.798839
v 0.780330 1.574123 0.600666
v 0.543029 1.574123 0.451559
v 0.278497 1.574123 0.358996
v 0.780331 1.574123 2.557674
v 0.543029 1.574123 2.706781
v 0.278497 1.574123 2.799345
v -0.000000 1.574123 2.830724
v -0.278497 1.574123 2.799345
v -0.543029 1.574123 2.706781
v -0.780331 1.574123 2.557674
v -1.127610 1.574123 2.122199
v -0.978504 1.574123 2.359501
v -1.220174 1.574123 1.857667
v -1.251553 1.574123 1.579170
v -1.220174 1.574123 1.300673
v -1.127610 1.574123 1.036142
v -0.978504 1.574123 0.798839
v 0.201010 2.203704 -0.352079
v 0.200049 2.251895 -0.332339
v -0.200050 2.251895 -0.332339
v -0.201010 2.203704 -0.352079
v -0.201029 2.150748 -0.364745
v 0.201029 2.150749 -0.364745
v -0.201230 2.100985 -0.368401
v -0.200257 2.046878 -0.364357
v 0.200257 2.046878 -0.364357
v 0.201231 2.100985 -0.368401
v 0.177225 1.948029 -0.332537
v 0.196587 1.999751 -0.353123
v -0.196587 1.999751 -0.353123
v -0.177225 1.948029 -0.332537
v 0.157950 1.904650 -0.306378
v -0.157950 1.904650 -0.306378
v 0.196523 2.295323 -0.306433
v 0.177138 2.337684 -0.270556
v -0.177138 2.337684 -0.270556
v -0.196522 2.295323 -0.306433
v 0.157408 2.371436 -0.231799
v -0.157409 2.371436 -0.231799
v -0.000000 1.574123 0.327616
v -0.278497 1.574123 0.358996
v -0.543028 1.574123 0.451559
vn -0.0000 -0.0733 0.9973
vn -0.0000 0.3698 0.9291
vn -0.0000 0.2319 0.9727
vn -0.0000 -0.3791 0.9254
vn -0.0000 -0.2326 0.9726
vn -0.0000 0.0745 0.9972
vn -0.0000 -0.7541 0.6567
vn -0.0000 1.0000 -0.0000
vn -0.0000 0.5164 0.8563
vn -0.0000 -0.6463 0.7631
vn -0.0000 -0.5123 0.8588
s 0
f 1601//1308 1603//1308 1606//1308
f 1601//1308 1606//1308 1602//1308
f 1609//1309 1610//1309 1607//1309
f 1609//1309 1607//1309 1608//1309
f 1604//1310 1609//1310 1608//1310
f 1604//1310 1608//1310 1605//1310
f 1599//1311 1600//1311 1597//1311
f 1599//1311 1597//1311 1598//1311
f 1600//1312 1601//1312 1602//1312
f 1600//1312 1602//1312 1597//1312
f 1605//1313 1606//1313 1603//1313
f 1605//1313 1603//1313 1604//1313
f 1614//1314 1617//1314 1618//1314
f 1614//1314 1618//1314 1615//1314
f 1619//1315 1620//1315 1572//1315
f 1619//1315 1572//1315 1582//1315
f 1621//1315 1572//1315 1620//1315
f 1610//1316 1612//1316 1611//1316
f 1610//1316 1611//1316 1607//1316
f 1615//1317 1616//1317 1613//1317
f 1615//1317 1613//1317 1614//1317
f 1598//1318 1613//1318 1616//1318
f 1598//1318 1616//1318 1599//1318
f 1589//1315 1572//1315 1591//1315
f 1579//1315 1580//1315 1572//1315
f 1579//1315 1572//1315 1578//1315
f 1581//1315 1582//1315 1572//1315
f 1581//1315 1572//1315 1580//1315
f 1573//1315 1572//1315 1583//1315
f 1574//1315 1575//1315 1572//1315
f 1574//1315 1572//1315 1573//1315
f 1576//1315 1577//1315 1572//1315
f 1576//1315 1572//1315 1575//1315
f 1578//1315 1572//1315 1577//1315
f 1572//1315 1592//1315 1590//1315
f 1572//1315 1590//1315 1591//1315
f 1572//1315 1594//1315 1593//1315
f 1572//1315 1593//1315 1592//1315
f 1572//1315 1596//1315 1595//1315
f 1572//1315 1595//1315 1594//1315
f 1572//1315 1585//1315 1584//1315
f 1572//1315 1584//1315 1583//1315
f 1572//1315 1587//1315 1586//1315
f 1572//1315 1586//1315 1585//1315
f 1572//1315 1589//1315 1588//1315
f 1572//1315 1588//1315 1587//1315
o Turret_01_havok_s_armor_1_3
v -0.543028 1.603628 0.451559
v -0.543028 1.574123 0.451559
v -0.278497 1.574123 0.358996
v -0.278497 1.603628 0.358996
v 0.000000 1.574123 0.327617
v 0.000000 1.603628 0.327617
v -0.780331 1.603628 0.600666
v -0.780331 1.574123 0.600666
v 0.543029 1.603628 0.451559
v 0.543029 1.574123 0.451559
v 0.780331 1.574123 0.600666
v 0.780331 1.603628 0.600666
v 0.278497 1.603628 0.358996
v 0.278497 1.574123 0.358996
v 0.310620 1.603628 0.117817
v 0.461672 1.603628 0.158291
v 0.461671 1.735743 0.158291
v 0.310621 1.741327 0.117816
v 0.156165 1.744614 0.093354
v 0.156165 1.603628 0.093354
v 0.000000 1.603628 0.085169
v 0.000000 1.745715 0.085169
v -0.156165 1.744614 0.093354
v -0.156165 1.603628 0.093354
v -0.461671 1.735743 0.158291
v -0.461671 1.603628 0.158291
v -0.310620 1.603628 0.117817
v -0.310621 1.741327 0.117816
v -0.607666 1.718962 0.214333
v -0.747000 1.731602 0.285327
v -0.747000 1.603628 0.285327
v -0.607665 1.603628 0.214332
v 0.607666 1.735803 0.214332
v 0.607665 1.603628 0.214332
v 0.747000 1.603628 0.285327
v 0.747001 1.736169 0.285327
vn 0.1564 -0.0000 0.9877
vn 0.4540 -0.0000 0.8910
vn 0.0523 -0.0000 0.9986
vn 0.2588 -0.0000 0.9659
vn -0.3584 -0.0000 0.9336
vn -0.1120 -0.0000 0.9937
vn 0.3584 -0.0000 0.9336
vn -0.4540 -0.0000 0.8910
vn 0.5320 -0.0000 0.8467
vn -0.5320 -0.0000 0.8467
vn 0.3303 -0.0000 0.9439
vn 0.1120 -0.0000 0.9937
vn -0.1564 -0.0000 0.9877
vn -0.0523 -0.0000 0.9986
vn -0.3303 -0.0000 0.9439
vn -0.2588 -0.0000 0.9659
s 0
f 1649//1319 1648//1319 1645//1319
f 1649//1319 1645//1319 1644//1319
f 1652//1320 1653//1320 1650//1320
f 1652//1320 1650//1320 1651//1320
f 1644//1321 1645//1321 1642//1321
f 1644//1321 1642//1321 1643//1321
f 1648//1322 1649//1322 1646//1322
f 1648//1322 1646//1322 1647//1322
f 1655//1323 1654//1323 1638//1323
f 1655//1323 1638//1323 1637//1323
f 1635//1324 1634//1324 1627//1324
f 1635//1324 1627//1324 1626//1324
f 1650//1325 1653//1325 1647//1325
f 1650//1325 1647//1325 1646//1325
f 1656//1326 1657//1326 1654//1326
f 1656//1326 1654//1326 1655//1326
f 1628//1327 1629//1327 1623//1327
f 1628//1327 1623//1327 1622//1327
f 1632//1328 1633//1328 1630//1328
f 1632//1328 1630//1328 1631//1328
f 1624//1329 1625//1329 1622//1329
f 1624//1329 1622//1329 1623//1329
f 1626//1330 1627//1330 1625//1330
f 1626//1330 1625//1330 1624//1330
f 1639//1331 1640//1331 1641//1331
f 1639//1331 1641//1331 1636//1331
f 1640//1332 1643//1332 1642//1332
f 1640//1332 1642//1332 1641//1332
f 1634//1333 1635//1333 1631//1333
f 1634//1333 1631//1333 1630//1333
f 1638//1334 1639//1334 1636//1334
f 1638//1334 1636//1334 1637//1334
o Turret_01_havok_s_armor_2_4
v -0.720954 1.881984 0.105586
v -1.000835 1.838978 0.441006
v -0.705602 1.826032 0.116598
v -0.672536 1.767550 0.143702
v -0.690250 1.792103 0.128456
v -0.735125 1.969632 0.094575
v -0.993749 1.937490 0.421524
v -0.741030 2.069930 0.091187
v -0.994930 2.042549 0.418136
v -0.559167 1.826924 -0.044336
v -0.540272 1.772311 0.009873
v -0.552081 1.794484 -0.017231
v -1.208678 1.929603 0.701041
v 0.672544 1.767550 0.143702
v 0.690258 1.792103 0.128456
v 0.705610 1.826032 0.116598
v 1.000842 1.838978 0.441006
v 0.720962 1.881984 0.105586
v 0.993757 1.937490 0.421524
v 0.735133 1.969632 0.094575
v 0.741038 2.069930 0.091187
v 0.994938 2.042549 0.418136
v 0.552089 1.794484 -0.017231
v 0.540280 1.772311 0.009873
v 0.559174 1.826924 -0.044336
v 1.208686 1.929603 0.701041
v -0.543815 2.072162 -0.165460
v -0.556805 1.971864 -0.130732
v 0.543822 2.072162 -0.165460
v 0.556813 1.971864 -0.130732
v -0.562709 1.882579 -0.082452
v 0.562717 1.882579 -0.082452
v -0.999681 1.738397 0.468911
v -0.878153 1.737162 0.370498
v -0.653222 1.750264 0.159655
v -0.980015 2.149315 0.403428
v -0.736849 2.154110 0.087170
v -0.524980 1.758106 0.038485
v -1.208688 2.154552 0.701039
v -1.194109 1.832255 0.678593
v -1.110259 1.788569 0.579488
v -1.194109 1.603629 0.678596
v -1.293843 2.154633 0.832170
v -1.293843 1.603628 0.832170
v 0.653221 1.750264 0.159655
v 0.994240 1.797677 0.445396
v 0.980015 2.149315 0.403428
v 0.736850 2.154110 0.087170
v 0.524981 1.758106 0.038485
v 1.208695 2.154552 0.701053
v 1.110259 1.788569 0.579488
v 1.194115 1.832259 0.678601
v 0.999681 1.757427 0.468911
v 1.293843 2.154633 0.832170
v 1.208672 1.603628 0.701019
v 1.293843 1.603628 0.832170
v -0.539048 2.195207 -0.169475
v -0.390015 2.100985 -0.368401
v -0.389624 2.150749 -0.364745
v -0.389587 2.203704 -0.352079
v -0.389830 2.046878 -0.364357
v -0.389425 2.251895 -0.332339
v -0.389392 2.295323 -0.306433
v -0.389520 1.999751 -0.353123
v -0.389400 1.948029 -0.332537
v 0.539048 2.195207 -0.169475
v 0.389624 2.150749 -0.364745
v 0.390015 2.100985 -0.368401
v 0.389586 2.203704 -0.352079
v 0.389830 2.046878 -0.364357
v 0.389392 2.295323 -0.306433
v 0.389425 2.251895 -0.332339
v 0.389520 1.999751 -0.353123
v 0.389056 2.399431 -0.187209
v 0.390896 2.420661 -0.136742
v -0.390896 2.420661 -0.136742
v -0.389056 2.399431 -0.187209
v -0.390108 1.827974 -0.231621
v -0.389957 1.861768 -0.270720
v -0.389466 1.904651 -0.306378
v -0.391054 1.798705 -0.184845
v -0.390806 1.778645 -0.136909
v 0.390806 1.778645 -0.136909
v 0.391054 1.798705 -0.184845
v 0.389400 1.948029 -0.332537
v 0.389466 1.904651 -0.306378
v 0.389957 1.861768 -0.270720
v 0.390110 1.827974 -0.231621
vn 0.6851 0.4408 0.5799
vn 0.5851 0.6124 0.5316
vn 0.6770 0.4660 0.5697
vn -0.7810 0.1497 0.6063
vn -0.7927 0.1052 0.6004
vn -0.0000 -0.9218 0.3878
vn -0.0000 0.9225 0.3860
vn -0.7215 0.3568 0.5934
vn -0.7562 0.2718 0.5952
vn 0.4739 0.7421 0.4740
vn 0.5998 0.5861 0.5447
vn 0.7215 0.3568 0.5934
vn 0.7562 0.2718 0.5952
vn 0.7810 0.1496 0.6063
vn 0.7928 0.1052 0.6004
vn 0.7607 0.2416 0.6025
vn 0.7928 0.0481 0.6076
vn 0.7485 -0.3401 0.5693
vn 0.7548 -0.2508 0.6061
vn -0.7927 0.0481 0.6077
vn -0.7485 -0.3401 0.5693
vn -0.7548 -0.2508 0.6061
vn -0.7874 -0.0513 0.6142
vn -0.7977 -0.0113 0.6030
vn -0.7686 -0.1493 0.6221
vn -0.7607 0.2416 0.6025
vn 0.6579 0.4536 0.6012
vn 0.7246 0.3190 0.6108
vn 0.5791 0.5935 0.5589
vn -0.4739 0.7422 0.4740
vn -0.5998 0.5861 0.5447
vn 0.7328 0.2855 0.6176
vn 0.7672 0.2006 0.6092
vn 0.7928 -0.0108 0.6093
vn 0.7929 -0.0103 0.6092
vn 0.7786 0.1129 0.6173
vn 0.7909 0.0671 0.6083
vn 0.3206 0.8744 0.3642
vn 0.4423 0.7790 0.4445
vn 0.2664 0.9124 0.3106
vn -0.7928 -0.0109 0.6093
vn -0.7929 -0.0104 0.6092
vn -0.7786 0.1129 0.6173
vn -0.7909 0.0671 0.6083
vn -0.6851 0.4408 0.5799
vn -0.5851 0.6124 0.5316
vn -0.6770 0.4660 0.5697
vn -0.3206 0.8744 0.3642
vn -0.4423 0.7790 0.4445
vn -0.2664 0.9125 0.3106
vn -0.7328 0.2855 0.6176
vn -0.7672 0.2006 0.6092
vn -0.6579 0.4536 0.6012
vn -0.7246 0.3190 0.6108
vn 0.7924 -0.0268 0.6094
vn 0.7751 0.0608 0.6290
vn 0.7928 -0.0218 0.6090
vn 0.2478 0.9140 0.3214
vn 0.3912 0.8210 0.4159
vn 0.7979 -0.0000 0.6028
vn 0.7920 0.0286 0.6098
vn 0.8387 -0.0000 0.5446
vn 0.8385 -0.0001 0.5448
vn -0.5290 0.6891 0.4952
vn -0.4277 0.8230 0.3738
vn 0.7701 0.0700 0.6340
vn 0.7359 0.1888 0.6502
vn 0.3670 0.8183 0.4424
vn 0.7395 0.2003 0.6427
vn 0.7793 0.0672 0.6230
vn 0.7423 0.1870 0.6434
vn 0.6878 0.3172 0.6530
vn 0.3658 0.8194 0.4414
vn 0.4813 0.6860 0.5456
vn 0.6413 0.4951 0.5862
vn 0.6040 0.4924 0.6267
vn 0.4295 0.7816 0.4523
vn 0.5203 0.6888 0.5047
vn 0.7883 0.0287 0.6146
vn 0.7793 0.0669 0.6230
vn 0.7928 -0.0103 0.6094
vn 0.7906 -0.0262 0.6118
vn -0.6316 0.4945 0.5971
vn -0.7702 0.0700 0.6340
vn -0.7174 0.2766 0.6395
vn -0.7366 0.1869 0.6500
vn -0.7924 -0.0268 0.6093
vn -0.7751 0.0608 0.6290
vn -0.7928 -0.0217 0.6090
vn 0.7874 -0.0513 0.6142
vn 0.7977 -0.0112 0.6029
vn 0.7686 -0.1493 0.6221
vn -0.8387 -0.0000 0.5446
vn -0.8387 -0.0000 0.5447
vn -0.7883 0.0287 0.6146
vn -0.7793 0.0669 0.6230
vn -0.7928 -0.0104 0.6094
vn -0.7906 -0.0262 0.6118
vn -0.7423 0.1871 0.6434
vn -0.6988 0.3179 0.6408
vn -0.7395 0.2003 0.6427
vn -0.7793 0.0672 0.6230
vn -0.5791 0.5935 0.5589
vn -0.6413 0.4951 0.5862
vn -0.7979 -0.0000 0.6028
vn -0.7920 0.0286 0.6098
vn -0.4295 0.7816 0.4523
vn -0.5203 0.6888 0.5047
vn -0.2477 0.9140 0.3213
vn -0.3912 0.8210 0.4158
s 0
f 1736//1335 1688//1335 1667//1335
f 1736//1336 1667//1336 1735//1336
f 1688//1337 1736//1337 1737//1337
f 1727//1338 1730//1338 1687//1338
f 1727//1339 1687//1339 1686//1339
f 1733//1340 1734//1340 1731//1340
f 1733//1340 1731//1340 1732//1340
f 1740//1341 1741//1341 1738//1341
f 1740//1341 1738//1341 1739//1341
f 1742//1342 1743//1342 1689//1342
f 1742//1343 1689//1343 1687//1343
f 1669//1344 1738//1344 1735//1344
f 1669//1345 1735//1345 1667//1345
f 1688//1346 1737//1346 1722//1346
f 1688//1347 1722//1347 1685//1347
f 1685//1348 1721//1348 1718//1348
f 1685//1349 1718//1349 1684//1349
f 1685//1350 1722//1350 1721//1350
f 1684//1351 1718//1351 1715//1351
f 1719//1352 1720//1352 1714//1352
f 1719//1353 1714//1353 1717//1353
f 1686//1354 1725//1354 1727//1354
f 1723//1355 1728//1355 1729//1355
f 1723//1356 1729//1356 1726//1356
f 1723//1357 1724//1357 1725//1357
f 1723//1358 1725//1358 1686//1358
f 1724//1359 1723//1359 1726//1359
f 1687//1360 1730//1360 1742//1360
f 1660//1361 1667//1361 1688//1361
f 1660//1362 1688//1362 1658//1362
f 1662//1363 1669//1363 1667//1363
f 1745//1364 1741//1364 1680//1364
f 1745//1365 1680//1365 1682//1365
f 1658//1366 1688//1366 1685//1366
f 1658//1367 1685//1367 1663//1367
f 1684//1368 1714//1368 1694//1368
f 1684//1369 1694//1369 1665//1369
f 1663//1370 1685//1370 1684//1370
f 1663//1371 1684//1371 1665//1371
f 1668//1372 1739//1372 1738//1372
f 1668//1373 1738//1373 1669//1373
f 1739//1374 1668//1374 1695//1374
f 1705//1375 1723//1375 1686//1375
f 1705//1376 1686//1376 1678//1376
f 1686//1377 1687//1377 1677//1377
f 1686//1378 1677//1378 1678//1378
f 1682//1379 1689//1379 1744//1379
f 1682//1380 1744//1380 1745//1380
f 1689//1381 1743//1381 1744//1381
f 1741//1382 1740//1382 1681//1382
f 1741//1383 1681//1383 1680//1383
f 1681//1384 1740//1384 1706//1384
f 1687//1385 1689//1385 1675//1385
f 1687//1386 1675//1386 1677//1386
f 1689//1387 1682//1387 1673//1387
f 1689//1388 1673//1388 1675//1388
f 1693//1389 1696//1389 1666//1389
f 1697//1390 1698//1390 1664//1390
f 1697//1391 1664//1391 1670//1391
f 1692//1392 1695//1392 1668//1392
f 1692//1393 1668//1393 1661//1393
f 1666//1394 1696//1394 1670//1394
f 1666//1395 1670//1395 1664//1395
f 1670//1396 1696//1396 1700//1396
f 1670//1397 1700//1397 1697//1397
f 1703//1398 1672//1398 1671//1398
f 1703//1399 1671//1399 1702//1399
f 1659//1400 1664//1400 1698//1400
f 1659//1401 1698//1401 1690//1401
f 1700//1396 1701//1396 1699//1396
f 1700//1396 1699//1396 1697//1396
f 1692//1402 1661//1402 1691//1402
f 1659//1403 1658//1403 1663//1403
f 1659//1404 1663//1404 1664//1404
f 1658//1405 1659//1405 1690//1405
f 1658//1406 1690//1406 1660//1406
f 1690//1407 1691//1407 1661//1407
f 1690//1408 1661//1408 1662//1408
f 1662//1409 1667//1409 1660//1409
f 1662//1410 1660//1410 1690//1410
f 1661//1411 1668//1411 1669//1411
f 1661//1412 1669//1412 1662//1412
f 1665//1413 1666//1413 1664//1413
f 1665//1414 1664//1414 1663//1414
f 1665//1415 1694//1415 1693//1415
f 1665//1416 1693//1416 1666//1416
f 1672//1417 1703//1417 1673//1417
f 1674//1418 1708//1418 1676//1418
f 1703//1419 1710//1419 1708//1419
f 1703//1420 1708//1420 1674//1420
f 1679//1421 1707//1421 1704//1421
f 1676//1422 1708//1422 1709//1422
f 1676//1423 1709//1423 1683//1423
f 1715//1424 1716//1424 1714//1424
f 1715//1425 1714//1425 1684//1425
f 1716//1426 1717//1426 1714//1426
f 1712//1427 1713//1427 1711//1427
f 1712//1427 1711//1427 1709//1427
f 1711//1427 1707//1427 1683//1427
f 1711//1428 1683//1428 1709//1428
f 1676//1429 1679//1429 1678//1429
f 1676//1430 1678//1430 1677//1430
f 1704//1431 1705//1431 1678//1431
f 1704//1432 1678//1432 1679//1432
f 1703//1433 1674//1433 1675//1433
f 1703//1434 1675//1434 1673//1434
f 1677//1435 1675//1435 1674//1435
f 1677//1436 1674//1436 1676//1436
f 1682//1437 1680//1437 1672//1437
f 1682//1438 1672//1438 1673//1438
f 1683//1439 1707//1439 1679//1439
f 1683//1440 1679//1440 1676//1440
f 1680//1441 1681//1441 1671//1441
f 1680//1442 1671//1442 1672//1442
f 1681//1443 1706//1443 1702//1443
f 1681//1444 1702//1444 1671//1444
o Turret_01_havok_s_armor_3_5
v -1.110260 2.151194 2.578851
v -0.999681 2.151196 2.689428
v -0.999681 1.603628 2.689429
v -1.110258 1.603628 2.578852
v -1.208671 1.603628 2.457322
v -1.208670 2.151200 2.457320
v -1.293844 2.151191 2.326171
v -1.293842 1.603628 2.326170
v -1.364837 2.151197 2.186836
v -1.364837 1.603628 2.186835
v -0.978503 1.574123 2.359501
v -0.978503 1.603628 2.359501
v -0.780330 1.603628 2.557674
v -0.780330 1.574123 2.557674
v -1.127611 1.574123 2.122199
v -1.127611 1.603628 2.122199
v -0.878150 2.151202 2.787843
v -0.746997 2.151206 2.873008
v -0.747000 1.603628 2.873013
v -0.878151 1.603628 2.787842
v -0.607664 1.603628 2.944007
v -0.607666 2.151186 2.944008
v -1.461355 2.151194 1.889791
v -1.420878 2.151196 2.040842
v -1.420878 1.603628 2.040842
v -1.461352 1.603628 1.889790
v -1.485816 1.603628 1.735336
v -1.485815 2.151558 1.735335
v -1.485816 1.603628 1.423005
v -1.485816 2.152607 1.423005
v -1.494001 2.152162 1.579171
v -1.494000 1.603628 1.579170
v -1.461352 1.603628 1.268550
v -1.461354 2.153524 1.268549
v -1.220175 1.574123 1.857667
v -1.220175 1.603628 1.857667
v -1.251553 1.603628 1.579170
v -1.251553 1.574123 1.579170
v -1.220175 1.574123 1.300673
v -1.220175 1.603628 1.300673
v 0.878150 2.151202 2.787843
v 0.878151 1.603628 2.787842
v 0.747000 1.603628 2.873013
v 0.746998 2.151206 2.873008
v 0.607664 1.603628 2.944007
v 0.607666 2.151186 2.944008
v 0.999681 2.151196 2.689428
v 0.999681 1.603628 2.689429
v 1.110260 2.151194 2.578851
v 1.110258 1.603628 2.578852
v 1.208671 2.151200 2.457320
v 1.208671 1.603628 2.457322
v 0.780330 1.574123 2.557674
v 0.780330 1.603628 2.557674
v 0.978505 1.603628 2.359501
v 0.978505 1.574123 2.359501
v 0.543029 1.574123 2.706781
v 0.543029 1.603628 2.706781
v -0.543029 1.603628 2.706781
v -0.543029 1.574123 2.706781
v 1.494001 2.152162 1.579171
v 1.485816 2.152607 1.423005
v 1.485816 1.603628 1.423005
v 1.494000 1.603628 1.579170
v 1.485816 1.603628 1.735336
v 1.485815 2.151558 1.735335
v 1.461354 2.153524 1.268549
v 1.461352 1.603628 1.268550
v 1.461355 2.151194 1.889791
v 1.461352 1.603628 1.889790
v 1.420878 1.603628 2.040842
v 1.420878 2.151196 2.040842
v 1.293842 1.603628 2.326170
v 1.293844 2.151191 2.326171
v 1.364837 2.151197 2.186836
v 1.364837 1.603628 2.186835
v 1.127611 1.574123 2.122199
v 1.127611 1.603628 2.122199
v 1.220175 1.603628 1.857667
v 1.220175 1.574123 1.857667
v 1.220175 1.603628 1.300673
v 1.220175 1.574123 1.300673
v 1.251554 1.574123 1.579170
v 1.251554 1.603628 1.579170
vn 0.5320 -0.0000 -0.8467
vn -0.5320 -0.0000 -0.8467
vn -0.9986 -0.0000 -0.0523
vn -0.9986 -0.0000 -0.0524
vn -0.9986 -0.0000 0.0523
vn -0.7071 -0.0000 -0.7071
vn -0.6293 -0.0000 -0.7771
vn -0.4540 -0.0000 -0.8910
vn -0.7771 -0.0000 -0.6293
vn -0.7772 -0.0000 -0.6293
vn -0.9877 -0.0000 0.1564
vn -0.9937 -0.0000 0.1120
vn -0.9439 -0.0000 -0.3303
vn -0.8467 -0.0000 -0.5320
vn -0.9937 -0.0000 -0.1120
vn -0.8387 -0.0000 -0.5446
vn -0.8387 -0.0000 -0.5447
vn -0.9877 -0.0000 -0.1564
vn -0.9659 -0.0000 -0.2588
vn -0.9336 -0.0000 -0.3584
vn -0.8910 -0.0000 -0.4540
vn 0.5446 -0.0000 -0.8387
vn 0.8467 -0.0000 -0.5320
vn 0.6293 -0.0000 -0.7771
vn 0.4540 -0.0000 -0.8910
vn 0.7071 -0.0000 -0.7071
vn 0.7771 -0.0000 -0.6293
vn 0.7772 -0.0000 -0.6293
vn 0.8910 -0.0000 -0.4540
vn 0.8387 -0.0000 -0.5446
vn 0.8387 -0.0000 -0.5447
vn 0.9659 -0.0000 -0.2588
vn 0.9937 -0.0000 0.1120
vn 0.9439 -0.0000 -0.3303
vn -0.5446 -0.0000 -0.8387
vn 0.9937 -0.0000 -0.1120
vn 0.9877 -0.0000 0.1564
vn 0.9336 -0.0000 -0.3584
vn 0.9877 -0.0000 -0.1564
vn 0.9986 -0.0000 -0.0524
vn 0.9986 -0.0000 -0.0523
vn 0.9986 -0.0000 0.0523
s 0
f 1804//1445 1805//1445 1759//1445
f 1804//1445 1759//1445 1758//1445
f 1802//1446 1803//1446 1799//1446
f 1802//1446 1799//1446 1798//1446
f 1809//1447 1810//1447 1811//1447
f 1809//1448 1811//1448 1806//1448
f 1808//1449 1809//1449 1806//1449
f 1808//1449 1806//1449 1807//1449
f 1800//1450 1801//1450 1798//1450
f 1800//1450 1798//1450 1799//1450
f 1792//1451 1793//1451 1787//1451
f 1792//1451 1787//1451 1786//1451
f 1790//1452 1791//1452 1789//1452
f 1790//1452 1789//1452 1788//1452
f 1796//1453 1797//1453 1795//1453
f 1796//1454 1795//1454 1794//1454
f 1794//1450 1795//1450 1793//1450
f 1794//1450 1793//1450 1792//1450
f 1807//1455 1812//1455 1813//1455
f 1807//1455 1813//1455 1808//1455
f 1828//1456 1829//1456 1826//1456
f 1828//1456 1826//1456 1827//1456
f 1824//1457 1825//1457 1822//1457
f 1824//1457 1822//1457 1823//1457
f 1823//1458 1822//1458 1801//1458
f 1823//1458 1801//1458 1800//1458
f 1829//1459 1828//1459 1825//1459
f 1829//1459 1825//1459 1824//1459
f 1819//1460 1818//1460 1797//1460
f 1819//1461 1797//1461 1796//1461
f 1810//1462 1815//1462 1814//1462
f 1810//1462 1814//1462 1811//1462
f 1816//1463 1817//1463 1814//1463
f 1816//1463 1814//1463 1815//1463
f 1821//1464 1820//1464 1817//1464
f 1821//1464 1817//1464 1816//1464
f 1820//1465 1821//1465 1818//1465
f 1820//1465 1818//1465 1819//1465
f 1764//1466 1765//1466 1762//1466
f 1764//1466 1762//1466 1763//1466
f 1760//1467 1761//1467 1757//1467
f 1760//1467 1757//1467 1756//1467
f 1747//1468 1762//1468 1765//1468
f 1747//1468 1765//1468 1748//1468
f 1763//1469 1767//1469 1766//1469
f 1763//1469 1766//1469 1764//1469
f 1758//1470 1759//1470 1756//1470
f 1758//1470 1756//1470 1757//1470
f 1749//1471 1750//1471 1751//1471
f 1749//1472 1751//1472 1746//1472
f 1748//1470 1749//1470 1746//1470
f 1748//1470 1746//1470 1747//1470
f 1753//1473 1755//1473 1754//1473
f 1753//1473 1754//1473 1752//1473
f 1750//1474 1753//1474 1752//1474
f 1750//1475 1752//1475 1751//1475
f 1770//1476 1771//1476 1768//1476
f 1770//1476 1768//1476 1769//1476
f 1784//1477 1785//1477 1782//1477
f 1784//1477 1782//1477 1783//1477
f 1780//1478 1781//1478 1761//1478
f 1780//1478 1761//1478 1760//1478
f 1788//1479 1789//1479 1786//1479
f 1788//1479 1786//1479 1787//1479
f 1783//1480 1782//1480 1781//1480
f 1783//1480 1781//1480 1780//1480
f 1778//1481 1779//1481 1775//1481
f 1778//1481 1775//1481 1774//1481
f 1755//1482 1770//1482 1769//1482
f 1755//1482 1769//1482 1754//1482
f 1772//1483 1773//1483 1768//1483
f 1772//1483 1768//1483 1771//1483
f 1777//1484 1776//1484 1773//1484
f 1777//1485 1773//1485 1772//1485
f 1776//1486 1777//1486 1774//1486
f 1776//1486 1774//1486 1775//1486
o Turret_01_havok_s_armor_4_6
v -0.461670 2.151211 3.000044
v -0.310621 2.151191 3.040524
v -0.310620 1.603628 3.040523
v -0.461671 1.603628 3.000049
v -0.156165 2.151000 3.064986
v -0.156165 1.603628 3.064986
v -0.607666 2.151186 2.944008
v -0.607665 1.603628 2.944007
v -0.278497 1.603628 2.799345
v -0.278497 1.574123 2.799345
v -0.543029 1.574123 2.706781
v -0.543029 1.603628 2.706781
v 0.000000 1.603628 2.830724
v 0.000000 1.574123 2.830724
v 0.310620 1.603628 3.040523
v 0.310621 2.151191 3.040524
v 0.461670 2.151211 3.000044
v 0.461671 1.603628 3.000049
v 0.156165 1.603628 3.064986
v 0.156165 2.151000 3.064986
v 0.607666 2.151186 2.944008
v 0.607665 1.603628 2.944007
v 0.000000 1.603628 3.073171
v 0.000000 2.151000 3.073171
v 0.543029 1.603628 2.706781
v 0.543029 1.574123 2.706781
v 0.278497 1.574123 2.799345
v 0.278497 1.603628 2.799345
vn -0.0523 -0.0000 -0.9986
vn -0.3584 -0.0000 -0.9336
vn -0.3583 -0.0000 -0.9336
vn -0.1564 -0.0000 -0.9877
vn -0.1120 -0.0000 -0.9937
vn -0.3303 -0.0000 -0.9439
vn 0.0523 -0.0000 -0.9986
vn 0.3584 -0.0000 -0.9336
vn 0.3583 -0.0000 -0.9336
vn 0.1564 -0.0000 -0.9877
vn 0.2588 -0.0000 -0.9659
vn 0.2589 -0.0000 -0.9659
vn -0.2588 -0.0000 -0.9659
vn -0.2589 -0.0000 -0.9659
vn 0.1120 -0.0000 -0.9937
vn 0.3303 -0.0000 -0.9439
s 0
f 1852//1487 1853//1487 1849//1487
f 1852//1487 1849//1487 1848//1487
f 1850//1488 1851//1488 1847//1488
f 1850//1489 1847//1489 1846//1489
f 1844//1490 1848//1490 1849//1490
f 1844//1490 1849//1490 1845//1490
f 1857//1491 1856//1491 1843//1491
f 1857//1491 1843//1491 1842//1491
f 1856//1492 1857//1492 1854//1492
f 1856//1492 1854//1492 1855//1492
f 1834//1493 1853//1493 1852//1493
f 1834//1493 1852//1493 1835//1493
f 1833//1494 1837//1494 1836//1494
f 1833//1495 1836//1495 1830//1495
f 1834//1496 1835//1496 1832//1496
f 1834//1496 1832//1496 1831//1496
f 1832//1497 1833//1497 1830//1497
f 1832//1498 1830//1498 1831//1498
f 1846//1499 1847//1499 1844//1499
f 1846//1500 1844//1500 1845//1500
f 1842//1501 1843//1501 1839//1501
f 1842//1501 1839//1501 1838//1501
f 1840//1502 1841//1502 1838//1502
f 1840//1502 1838//1502 1839//1502
o Turret_01_havok_s_armor_5_7
v -0.602999 2.782861 1.734867
v -0.602999 2.782861 1.685866
v -0.413000 2.782861 1.734867
v -0.413000 2.782861 1.685866
v -1.149408 2.605345 1.775591
v -0.927323 2.605346 1.749974
v -0.934533 2.605341 1.884794
v -1.154945 2.605345 1.824663
v -1.122958 2.605339 1.944038
v -0.899942 2.605345 2.015159
v -1.078668 2.605345 2.059422
v -1.022557 2.605339 2.169545
v -0.826942 2.605341 2.128311
v -1.079251 2.605352 1.579169
v -0.879020 2.605350 1.623898
v -0.842950 2.605352 1.579169
v -0.737782 2.782861 2.047635
v -0.790406 2.782861 1.966068
v -0.662619 2.782861 2.108806
v -0.815339 2.782861 1.872093
v -0.810144 2.782861 1.774906
v -0.775325 2.782861 1.684022
v -0.382038 2.782861 2.123325
v -0.475593 2.782861 2.148599
v -0.572275 2.782861 2.143597
v -0.539466 2.782861 1.529985
v -0.442783 2.782861 1.534987
v -0.633021 2.782861 1.555259
v -0.714293 2.782861 1.608337
v -0.352440 2.782861 1.569778
v -0.300766 2.782861 2.070247
v -0.277277 2.782861 1.630950
v -0.224653 2.782861 1.712516
v -0.199719 2.782861 1.806491
v -0.204916 2.782861 1.903678
v -0.239734 2.782861 1.994562
v -0.790074 2.605339 2.456639
v -0.722674 2.605345 2.213169
v -0.597346 2.605341 2.261432
v -0.694028 2.605339 2.534416
v -0.590374 2.605339 2.601729
v -0.463227 2.605341 2.268372
v -0.480254 2.605339 2.657838
v -0.333444 2.605342 2.233310
v -0.364872 2.605339 2.702132
v -0.245491 2.605339 2.734117
v -0.877468 2.605339 2.369246
v -0.955248 2.605345 2.273195
v 0.790076 2.605339 2.456639
v 0.694028 2.605339 2.534416
v -0.087736 2.605346 1.928610
v 0.877468 2.605339 2.369246
v 0.590375 2.605339 2.601729
v -0.136037 2.605345 2.054687
v 0.955248 2.605345 2.273195
v 1.022557 2.605339 2.169545
v 1.078668 2.605345 2.059422
v 1.122958 2.605339 1.944038
v 0.480254 2.605339 2.657838
v 0.364872 2.605339 2.702132
v 0.245491 2.605339 2.734117
v 0.123421 2.605339 2.753450
v -0.220702 2.605343 2.159679
v 0.000001 2.605339 2.759920
v -0.123421 2.605339 2.753450
v -0.080527 2.605346 1.793790
v -0.115118 2.605349 1.663425
v 1.079251 2.605352 1.579169
v 1.149408 2.605345 1.775591
v -0.169478 2.605352 1.579169
v 1.154945 2.605345 1.824663
vn -0.0000 -1.0000 -0.0000
vn -0.0000 -1.0000 -0.0001
vn -0.0000 -1.0000 0.0001
s 0
f 1870//1503 1895//1503 1905//1503
f 1870//1503 1905//1503 1869//1503
f 1904//1504 1905//1504 1895//1504
f 1904//1503 1895//1503 1894//1503
f 1908//1503 1909//1503 1906//1503
f 1908//1503 1906//1503 1907//1503
f 1908//1503 1913//1503 1912//1503
f 1908//1504 1912//1504 1909//1504
f 1910//1503 1911//1503 1908//1503
f 1910//1503 1908//1503 1907//1503
f 1896//1503 1898//1503 1897//1503
f 1896//1503 1897//1503 1894//1503
f 1896//1503 1894//1503 1895//1503
f 1899//1503 1900//1503 1898//1503
f 1899//1503 1898//1503 1896//1503
f 1903//1503 1902//1503 1901//1503
f 1899//1503 1901//1503 1902//1503
f 1899//1503 1902//1503 1900//1503
f 1925//1503 1926//1503 1923//1503
f 1925//1503 1923//1503 1924//1503
f 1901//1503 1920//1503 1922//1503
f 1901//1503 1922//1503 1903//1503
f 1927//1503 1925//1503 1924//1503
f 1928//1504 1915//1504 1908//1504
f 1926//1503 1928//1503 1908//1503
f 1926//1503 1908//1503 1923//1503
f 1910//1503 1916//1503 1911//1503
f 1908//1505 1915//1505 1914//1505
f 1908//1504 1914//1504 1913//1504
f 1917//1503 1918//1503 1911//1503
f 1917//1503 1911//1503 1916//1503
f 1921//1503 1922//1503 1920//1503
f 1921//1503 1920//1503 1919//1503
f 1918//1503 1919//1503 1920//1503
f 1918//1503 1920//1503 1911//1503
f 1858//1503 1876//1503 1874//1503
f 1858//1503 1874//1503 1875//1503
f 1873//1503 1872//1503 1871//1503
f 1877//1503 1878//1503 1858//1503
f 1877//1503 1858//1503 1875//1503
f 1880//1503 1881//1503 1858//1503
f 1880//1503 1858//1503 1860//1503
f 1858//1503 1878//1503 1879//1503
f 1858//1503 1879//1503 1859//1503
f 1865//1504 1864//1504 1866//1504
f 1864//1503 1865//1503 1862//1503
f 1864//1503 1862//1503 1863//1503
f 1867//1503 1868//1503 1866//1503
f 1867//1503 1866//1503 1864//1503
f 1871//1503 1872//1503 1863//1503
f 1871//1503 1863//1503 1862//1503
f 1867//1503 1870//1503 1869//1503
f 1867//1503 1869//1503 1868//1503
f 1888//1503 1880//1503 1860//1503
f 1888//1503 1860//1503 1861//1503
f 1884//1503 1887//1503 1888//1503
f 1884//1503 1888//1503 1861//1503
f 1889//1503 1890//1503 1888//1503
f 1889//1503 1888//1503 1887//1503
f 1893//1503 1888//1503 1892//1503
f 1891//1503 1892//1503 1888//1503
f 1891//1503 1888//1503 1890//1503
f 1859//1503 1883//1503 1884//1503
f 1859//1503 1884//1503 1861//1503
f 1858//1503 1881//1503 1882//1503
f 1858//1503 1882//1503 1876//1503
f 1883//1503 1859//1503 1885//1503
f 1886//1503 1885//1503 1859//1503
f 1886//1503 1859//1503 1879//1503
f 1859//1503 1861//1503 1860//1503
f 1859//1503 1860//1503 1858//1503
o Turret_01_havok_s_armor_9_8
v -0.945256 2.427302 0.946131
v -0.542295 2.421946 0.198933
v -0.997588 2.480358 1.158509
v -0.699293 2.338281 0.305897
v -0.605094 2.382154 0.228387
v -0.818349 2.306269 0.453167
v -1.064312 2.554075 1.440646
v -1.153277 2.502677 1.443746
v -1.328591 2.359580 1.515056
v -1.339058 2.361365 1.648373
v -1.282800 2.355753 1.344533
v -1.201685 2.567339 1.784791
v -1.168977 2.550249 1.635972
v 1.064312 2.554075 1.440646
v 0.997588 2.480358 1.158509
v 0.605094 2.382154 0.228387
v 0.699293 2.338281 0.305897
v 0.945255 2.427302 0.946131
v 0.542295 2.421946 0.198933
v 0.818349 2.306269 0.453167
v 1.201685 2.567339 1.784791
v 1.339058 2.361365 1.648373
v 1.328591 2.359580 1.515056
v 1.168977 2.550249 1.635972
v 1.282800 2.355753 1.344533
v 1.153277 2.502677 1.443746
v -0.494812 2.462496 0.200598
v -0.557807 2.377730 0.069907
v -0.689747 2.323935 0.215910
v -0.958610 2.325875 0.682910
v -0.851918 2.276046 0.414505
v -1.091756 2.442369 1.172574
v -1.031399 2.381332 0.921146
v -1.079250 2.605352 1.579169
v -1.494001 2.152162 1.579170
v -1.485815 2.151558 1.735335
v -1.485816 2.152607 1.423005
v -1.461354 2.153523 1.268549
v -1.420880 2.154274 1.117496
v -1.202230 2.352552 1.145259
v -1.364837 2.154189 0.971506
v -1.149407 2.605345 1.775591
v -1.128465 2.565386 2.081594
v -1.069764 2.565385 2.196800
v -1.293844 2.151191 2.326170
v -1.364837 2.151197 2.186836
v -1.420878 2.151196 2.040842
v -1.174797 2.565392 1.960885
v -0.999345 2.565386 2.305239
v -1.208670 2.151200 2.457320
v -1.208262 2.565392 1.835995
v -1.461355 2.151194 1.889791
v -1.154945 2.605345 1.824663
v -0.999681 2.151195 2.689428
v -0.917968 2.565404 2.405707
v -0.826546 2.565391 2.497144
v -0.878150 2.151202 2.787843
v -1.110260 2.151194 2.578851
v -0.726067 2.565385 2.578516
v -0.746997 2.151206 2.873008
v -0.617621 2.565415 2.648915
v -0.607666 2.151186 2.944008
v 1.079250 2.605352 1.579169
v 0.494814 2.462496 0.200598
v 0.958611 2.325875 0.682910
v 0.689748 2.323935 0.215910
v 0.851918 2.276046 0.414505
v 0.557806 2.377730 0.069907
v 0.461204 2.420121 -0.002638
v -0.391729 2.432759 -0.086348
v -0.461204 2.420121 -0.002638
v 0.391730 2.432759 -0.086348
v 0.826546 2.565391 2.497144
v 0.917968 2.565404 2.405707
v 0.999681 2.151195 2.689428
v 0.878150 2.151202 2.787843
v 0.746998 2.151206 2.873008
v 0.726067 2.565385 2.578516
v 0.607666 2.151186 2.944008
v 0.617621 2.565415 2.648915
v 0.502418 2.565408 2.707623
v -0.502418 2.565408 2.707623
v 1.485815 2.151558 1.735335
v 1.461355 2.151194 1.889791
v 1.208262 2.565392 1.835995
v 1.494001 2.152162 1.579170
v 1.149407 2.605345 1.775591
v 1.154945 2.605345 1.824663
v 1.174797 2.565392 1.960885
v 1.420878 2.151196 2.040842
v 1.364837 2.151197 2.186836
v 1.128465 2.565386 2.081594
v 1.208671 2.151200 2.457320
v 0.999345 2.565386 2.305239
v 1.069764 2.565385 2.196800
v 1.293844 2.151191 2.326170
v 1.110260 2.151194 2.578851
v 1.202231 2.352552 1.145259
v 1.091756 2.442369 1.172574
v 1.031399 2.381332 0.921146
v 1.420880 2.154274 1.117496
v 1.461354 2.153523 1.268549
v 1.364837 2.154189 0.971506
v 1.485816 2.152607 1.423005
vn -0.4621 -0.5293 -0.7116
vn -0.3851 -0.5293 -0.7560
vn -0.3852 -0.5293 -0.7560
vn -0.6000 -0.5293 -0.5999
vn -0.5340 -0.5293 -0.6593
vn -0.5339 -0.5293 -0.6594
vn 0.3852 -0.5293 -0.7560
vn -0.7904 -0.6086 0.0702
vn -0.8098 -0.5850 -0.0447
vn -0.8074 -0.5857 0.0712
vn -0.6704 -0.7060 0.2284
vn -0.8181 -0.5690 0.0835
vn -0.8378 -0.5293 -0.1339
vn -0.8240 -0.5661 0.0249
vn -0.5385 -0.8224 0.1836
vn -0.5891 -0.7835 0.1977
vn -0.5376 -0.8220 0.1881
vn -0.4824 -0.8556 0.1876
vn -0.4992 -0.8377 0.2214
vn -0.4037 -0.8573 0.3196
vn -0.5251 -0.8224 0.2187
vn -0.6224 -0.7393 0.2571
vn 0.5251 -0.8224 0.2187
vn 0.6224 -0.7393 0.2571
vn -0.4602 -0.8508 0.2535
vn -0.6058 -0.7230 0.3319
vn -0.6030 -0.7263 0.3300
vn 0.4602 -0.8508 0.2535
vn -0.3952 -0.8616 0.3186
vn -0.4859 -0.8233 0.2933
vn -0.3951 -0.8664 0.3052
vn -0.3758 -0.8731 0.3107
vn -0.4778 -0.8058 0.3498
vn -0.6128 -0.7540 0.2366
vn -0.6273 -0.7322 0.2654
vn -0.5565 -0.7753 0.2987
vn -0.3733 -0.8719 0.3170
vn -0.6952 -0.6898 0.2022
vn -0.7650 -0.6333 0.1174
vn -0.7871 -0.6155 0.0395
vn -0.6288 -0.7307 0.2660
vn -0.7013 -0.6885 0.1845
vn -0.6343 -0.7336 0.2439
vn -0.7921 -0.5293 -0.3041
vn -0.7921 -0.5293 -0.3040
vn -0.8195 -0.5293 -0.2196
vn -0.6068 -0.7647 0.2167
vn -0.5987 -0.7702 0.2200
vn -0.5944 -0.8014 0.0671
vn -0.6054 -0.7945 0.0476
vn -0.7116 -0.5293 -0.4621
vn -0.5999 -0.5293 -0.5999
vn -0.6462 -0.7268 0.2327
vn -0.6853 -0.7003 0.1997
vn -0.7560 -0.5293 -0.3852
vn -0.6594 -0.5293 -0.5340
vn -0.6593 -0.5293 -0.5340
vn 0.7904 -0.6086 0.0702
vn 0.8098 -0.5850 -0.0447
vn 0.7871 -0.6155 0.0395
vn 0.3952 -0.8616 0.3186
vn 0.4859 -0.8233 0.2933
vn 0.6080 -0.7210 0.3325
vn 0.6073 -0.7217 0.3322
vn 0.6952 -0.6898 0.2022
vn 0.7650 -0.6333 0.1174
vn 0.8240 -0.5660 0.0249
vn 0.6853 -0.7003 0.1997
vn 0.6462 -0.7268 0.2327
vn 0.7013 -0.6885 0.1845
vn 0.6288 -0.7307 0.2660
vn 0.6343 -0.7336 0.2439
vn 0.5385 -0.8224 0.1836
vn 0.5891 -0.7835 0.1977
vn 0.5376 -0.8220 0.1881
vn 0.6030 -0.7263 0.3300
vn 0.6058 -0.7230 0.3319
vn 0.6097 -0.7187 0.3342
vn 0.6114 -0.7170 0.3349
vn 0.6064 -0.7219 0.3334
vn 0.3923 -0.8648 0.3133
vn 0.3951 -0.8664 0.3052
vn 0.3758 -0.8731 0.3107
vn 0.3733 -0.8719 0.3170
vn 0.4824 -0.8556 0.1876
vn 0.4992 -0.8377 0.2214
vn 0.4037 -0.8573 0.3196
vn 0.5999 -0.5293 -0.5999
vn 0.6593 -0.5293 -0.5340
vn 0.6594 -0.5293 -0.5339
vn 0.8195 -0.5293 -0.2196
vn 0.5340 -0.5293 -0.6593
vn 0.5339 -0.5293 -0.6594
vn 0.4621 -0.5293 -0.7116
vn -0.6114 -0.7170 0.3349
vn -0.6097 -0.7187 0.3342
vn -0.6064 -0.7219 0.3334
vn -0.3923 -0.8648 0.3133
vn 0.3851 -0.5293 -0.7560
vn -0.6080 -0.7210 0.3325
vn -0.6073 -0.7217 0.3322
vn 0.6068 -0.7647 0.2167
vn 0.5987 -0.7702 0.2200
vn 0.6273 -0.7322 0.2654
vn 0.5565 -0.7753 0.2987
vn 0.8074 -0.5857 0.0712
vn 0.6704 -0.7060 0.2284
vn 0.4777 -0.8058 0.3498
vn 0.6128 -0.7540 0.2366
vn 0.7560 -0.5293 -0.3852
vn 0.8181 -0.5690 0.0835
vn 0.8378 -0.5293 -0.1339
vn 0.6054 -0.7945 0.0476
vn 0.5944 -0.8014 0.0671
vn 0.7921 -0.5293 -0.3040
vn 0.7921 -0.5293 -0.3041
vn 0.7116 -0.5293 -0.4621
s 0
f 2008//1506 2006//1506 2005//1506
f 2008//1507 2005//1507 2007//1507
f 2009//1508 2008//1508 2007//1508
f 2001//1509 2002//1509 2003//1509
f 2001//1510 2003//1510 2004//1510
f 2006//1511 2001//1511 2004//1511
f 2006//1506 2004//1506 2005//1506
f 1989//1512 2010//1512 1990//1512
f 1950//1513 1951//1513 2014//1513
f 1950//1514 2014//1514 2011//1514
f 1951//1515 1950//1515 1949//1515
f 1951//1516 1949//1516 1952//1516
f 2013//1517 1949//1517 2011//1517
f 2013//1518 2011//1518 2012//1518
f 1950//1519 2011//1519 1949//1519
f 1996//1520 1994//1520 1944//1520
f 1996//1521 1944//1521 1947//1521
f 1994//1522 1945//1522 1944//1522
f 1945//1523 1994//1523 1995//1523
f 1945//1524 1995//1524 1948//1524
f 1993//1525 1948//1525 1995//1525
f 1997//1526 1996//1526 1947//1526
f 1997//1527 1947//1527 1992//1527
f 1930//1528 1956//1528 1999//1528
f 1930//1529 1999//1529 1955//1529
f 1997//1530 1992//1530 2000//1530
f 1992//1531 1947//1531 1946//1531
f 1992//1532 1946//1532 1943//1532
f 1998//1533 1955//1533 1999//1533
f 1942//1534 1943//1534 2027//1534
f 1942//1535 2027//1535 1954//1535
f 2028//1536 2027//1536 1943//1536
f 2028//1537 1943//1537 1946//1537
f 1991//1538 1942//1538 1954//1538
f 1991//1539 1954//1539 1952//1539
f 2026//1540 1953//1540 1954//1540
f 2026//1541 1954//1541 2027//1541
f 2028//1542 1946//1542 1993//1542
f 1951//1543 1953//1543 2030//1543
f 1951//1544 2030//1544 2032//1544
f 2032//1545 2014//1545 1951//1545
f 1953//1546 2026//1546 2029//1546
f 1953//1547 2029//1547 2030//1547
f 2031//1548 2029//1548 2026//1548
f 2019//1549 2020//1549 2017//1549
f 2019//1550 2017//1550 2018//1550
f 2018//1551 2017//1551 2013//1551
f 2018//1551 2013//1551 2012//1551
f 2015//1552 1991//1552 1952//1552
f 2015//1553 1952//1553 1949//1553
f 2016//1554 2015//1554 1949//1554
f 2016//1555 1949//1555 2013//1555
f 2023//1556 2024//1556 2021//1556
f 2023//1556 2021//1556 2022//1556
f 2002//1557 2025//1557 2003//1557
f 1952//1558 1954//1558 1953//1558
f 1952//1559 1953//1559 1951//1559
f 2024//1560 2023//1560 2020//1560
f 2024//1560 2020//1560 2019//1560
f 2022//1561 2021//1561 2025//1561
f 2022//1562 2025//1562 2002//1562
f 1963//1563 1937//1563 1938//1563
f 1963//1564 1938//1564 1964//1564
f 1965//1565 1937//1565 1963//1565
f 1960//1566 1931//1566 1935//1566
f 1960//1567 1935//1567 1936//1567
f 1955//1568 1962//1568 1935//1568
f 1955//1569 1935//1569 1931//1569
f 1966//1570 1939//1570 1937//1570
f 1966//1571 1937//1571 1965//1571
f 1938//1572 1940//1572 1964//1572
f 1941//1573 1937//1573 1939//1573
f 1941//1574 1939//1574 1936//1574
f 1939//1575 1966//1575 1967//1575
f 1939//1576 1967//1576 1968//1576
f 1969//1577 1968//1577 1967//1577
f 1933//1578 1957//1578 1956//1578
f 1933//1579 1956//1579 1930//1579
f 1933//1580 1932//1580 1957//1580
f 1955//1581 1931//1581 1929//1581
f 1955//1582 1929//1582 1930//1582
f 1929//1583 1932//1583 1933//1583
f 1929//1584 1933//1584 1930//1584
f 1934//1585 1932//1585 1929//1585
f 1934//1586 1929//1586 1958//1586
f 1931//1587 1960//1587 1961//1587
f 1931//1588 1961//1588 1929//1588
f 1929//1589 1961//1589 1958//1589
f 1959//1590 1957//1590 1932//1590
f 1959//1591 1932//1591 1934//1591
f 1934//1592 1958//1592 1959//1592
f 1986//1593 1983//1593 1982//1593
f 1977//1594 1983//1594 1986//1594
f 1977//1595 1986//1595 1978//1595
f 1975//1596 1980//1596 1979//1596
f 1975//1596 1979//1596 1976//1596
f 1982//1593 1983//1593 1984//1593
f 1982//1597 1984//1597 1985//1597
f 1985//1598 1984//1598 1987//1598
f 1985//1599 1987//1599 1988//1599
f 1946//1600 1947//1600 1944//1600
f 1946//1601 1944//1601 1945//1601
f 1946//1602 1945//1602 1948//1602
f 1946//1603 1948//1603 1993//1603
f 1988//1599 1987//1599 1989//1599
f 1988//1604 1989//1604 1990//1604
f 1942//1605 1991//1605 1992//1605
f 1942//1606 1992//1606 1943//1606
f 1941//1607 1962//1607 1970//1607
f 1941//1608 1970//1608 1940//1608
f 1936//1609 1939//1609 1968//1609
f 1936//1610 1968//1610 1960//1610
f 1940//1611 1938//1611 1937//1611
f 1940//1612 1937//1612 1941//1612
f 1936//1613 1935//1613 1962//1613
f 1936//1614 1962//1614 1941//1614
f 1973//1615 1974//1615 1971//1615
f 1973//1615 1971//1615 1972//1615
f 1964//1616 1940//1616 1979//1616
f 1964//1617 1979//1617 1980//1617
f 1981//1618 1979//1618 1940//1618
f 1981//1619 1940//1619 1970//1619
f 1974//1620 1975//1620 1976//1620
f 1974//1621 1976//1621 1971//1621
f 1972//1622 1977//1622 1978//1622
f 1972//1622 1978//1622 1973//1622
o Turret_01_havok_s_armor_10_9
v -1.220174 1.603628 1.857667
v -1.461353 1.603628 1.889790
v -1.420879 1.603628 2.040842
v -1.127611 1.603628 2.122198
v -1.364838 1.603628 2.186835
v -1.251554 1.603628 1.579170
v -1.485817 1.603628 1.735336
v -1.293842 1.603628 2.326170
v -0.978504 1.603628 2.359501
v -1.208672 1.603628 2.457321
v 1.420879 1.603628 2.040842
v 1.461353 1.603628 1.889790
v 1.220174 1.603628 1.857667
v 1.364838 1.603628 2.186835
v 1.127611 1.603628 2.122198
v 1.485817 1.603628 1.735336
v 1.251554 1.603628 1.579170
v 1.293842 1.603628 2.326170
v 1.208672 1.603628 2.457321
v 0.978504 1.603628 2.359501
v 0.543028 1.603628 2.706781
v 0.607664 1.603628 2.944008
v 0.747000 1.603628 2.873013
v 0.780331 1.603628 2.557674
v 0.878152 1.603628 2.787841
v 0.278497 1.603628 2.799345
v 0.310619 1.603628 3.040523
v 0.461671 1.603628 3.000048
v -0.000001 1.603628 2.830724
v -0.000001 1.603628 3.073171
v 0.156165 1.603628 3.064987
v -0.310619 1.603628 3.040523
v -0.156165 1.603628 3.064987
v -0.278497 1.603628 2.799345
v 0.999681 1.603628 2.689429
v 1.110259 1.603628 2.578852
v -0.543028 1.603628 2.706781
v -0.878152 1.603628 2.787841
v -0.747000 1.603628 2.873013
v -0.607664 1.603628 2.944008
v -0.780331 1.603628 2.557674
v -0.461671 1.603628 3.000048
v -1.110259 1.603628 2.578852
v -0.999681 1.603628 2.689429
v -1.127610 1.603628 1.036141
v -0.747000 1.603628 0.285327
v -0.878152 1.603628 0.370498
v -0.978504 1.603628 0.798839
v -0.780331 1.603628 0.600666
v -0.999682 1.603628 0.468912
v -1.110259 1.603628 0.579488
v -1.194109 1.603630 0.678596
v -1.293843 1.603628 0.832170
v -1.220174 1.603628 1.300673
v -1.364838 1.603628 0.971505
v -1.420879 1.603628 1.117498
v -1.461353 1.603628 1.268550
v -1.485817 1.603628 1.423005
v -1.494001 1.603628 1.579170
v -0.278497 1.603628 0.358995
v -0.310621 1.603628 0.117816
v -0.461671 1.603628 0.158291
v -0.607665 1.603628 0.214332
v -0.543028 1.603628 0.451559
v -0.156166 1.603628 0.093353
v -0.000001 1.603628 0.327617
v -0.000001 1.603628 0.085169
v 0.978504 1.603628 0.798839
v 1.208672 1.603628 0.701018
v 1.110259 1.603628 0.579488
v 0.780331 1.603628 0.600666
v 0.999681 1.603628 0.468912
v 0.878152 1.603628 0.370498
v 1.293843 1.603628 0.832170
v 1.127610 1.603628 1.036141
v 1.364838 1.603628 0.971505
v 1.485817 1.603628 1.423005
v 1.220174 1.603628 1.300673
v 1.494001 1.603628 1.579170
v 1.461353 1.603628 1.268550
v 1.420879 1.603628 1.117498
v 0.461671 1.603628 0.158291
v 0.310621 1.603628 0.117816
v 0.278497 1.603628 0.358995
v 0.607665 1.603628 0.214332
v 0.543028 1.603628 0.451559
v 0.156166 1.603628 0.093353
v 0.747000 1.603628 0.285327
vn -0.0000 1.0000 -0.0000
s 0
f 2098//1623 2099//1623 2097//1623
f 2098//1623 2097//1623 2092//1623
f 2096//1623 2092//1623 2095//1623
f 2094//1623 2095//1623 2092//1623
f 2094//1623 2092//1623 2093//1623
f 2102//1623 2103//1623 2100//1623
f 2102//1623 2100//1623 2101//1623
f 2096//1623 2095//1623 2078//1623
f 2096//1623 2078//1623 2081//1623
f 2092//1623 2097//1623 2093//1623
f 2090//1623 2091//1623 2039//1623
f 2090//1623 2039//1623 2089//1623
f 2084//1623 2085//1623 2039//1623
f 2084//1623 2039//1623 2083//1623
f 2082//1623 2083//1623 2039//1623
f 2082//1623 2039//1623 2079//1623
f 2078//1623 2077//1623 2080//1623
f 2078//1623 2080//1623 2081//1623
f 2088//1623 2089//1623 2039//1623
f 2088//1623 2039//1623 2087//1623
f 2087//1623 2039//1623 2085//1623
f 2039//1623 2038//1623 2086//1623
f 2039//1623 2086//1623 2077//1623
f 2104//1623 2105//1623 2103//1623
f 2104//1623 2103//1623 2102//1623
f 2115//1623 2119//1623 2098//1623
f 2115//1623 2098//1623 2116//1623
f 2118//1623 2117//1623 2116//1623
f 2116//1623 2117//1623 2114//1623
f 2116//1623 2114//1623 2115//1623
f 2103//1623 2105//1623 2118//1623
f 2120//1623 2117//1623 2118//1623
f 2120//1623 2118//1623 2105//1623
f 2119//1623 2099//1623 2098//1623
f 2113//1623 2108//1623 2107//1623
f 2049//1623 2111//1623 2109//1623
f 2049//1623 2109//1623 2110//1623
f 2106//1623 2101//1623 2100//1623
f 2107//1623 2108//1623 2106//1623
f 2107//1623 2106//1623 2100//1623
f 2110//1623 2112//1623 2113//1623
f 2110//1623 2113//1623 2107//1623
f 2048//1623 2111//1623 2049//1623
f 2109//1623 2112//1623 2110//1623
f 2052//1623 2051//1623 2047//1623
f 2047//1623 2051//1623 2050//1623
f 2047//1623 2050//1623 2046//1623
f 2044//1623 2048//1623 2049//1623
f 2044//1623 2049//1623 2045//1623
f 2058//1623 2059//1623 2060//1623
f 2058//1623 2060//1623 2053//1623
f 2055//1623 2057//1623 2056//1623
f 2055//1623 2056//1623 2053//1623
f 2055//1623 2053//1623 2054//1623
f 2047//1623 2046//1623 2045//1623
f 2033//1623 2038//1623 2039//1623
f 2033//1623 2039//1623 2034//1623
f 2035//1623 2037//1623 2036//1623
f 2035//1623 2036//1623 2033//1623
f 2035//1623 2033//1623 2034//1623
f 2045//1623 2046//1623 2043//1623
f 2045//1623 2043//1623 2044//1623
f 2040//1623 2042//1623 2041//1623
f 2040//1623 2041//1623 2036//1623
f 2040//1623 2036//1623 2037//1623
f 2060//1623 2054//1623 2053//1623
f 2069//1623 2072//1623 2066//1623
f 2066//1623 2072//1623 2074//1623
f 2066//1623 2074//1623 2064//1623
f 2073//1623 2070//1623 2069//1623
f 2039//1623 2077//1623 2078//1623
f 2039//1623 2078//1623 2079//1623
f 2073//1623 2075//1623 2076//1623
f 2073//1623 2076//1623 2070//1623
f 2075//1623 2073//1623 2041//1623
f 2075//1623 2041//1623 2042//1623
f 2071//1623 2072//1623 2069//1623
f 2071//1623 2069//1623 2070//1623
f 2061//1623 2066//1623 2064//1623
f 2061//1623 2064//1623 2065//1623
f 2063//1623 2059//1623 2058//1623
f 2061//1623 2062//1623 2063//1623
f 2061//1623 2063//1623 2058//1623
f 2052//1623 2067//1623 2068//1623
f 2052//1623 2068//1623 2051//1623
f 2056//1623 2057//1623 2067//1623
f 2056//1623 2067//1623 2052//1623
f 2065//1623 2062//1623 2061//1623
o Turret_01_havok_s_armor_11_10
v 0.630497 2.573341 1.270267
v 0.630497 2.565328 1.192941
v 0.387293 2.565328 1.192941
v 0.387293 2.573341 1.270267
v 0.494813 2.462495 0.200598
v -0.290228 2.593175 1.461665
v -0.416423 2.587935 1.411096
v -0.494812 2.462495 0.200598
v -0.391730 2.432759 -0.086348
v 0.391729 2.432759 -0.086348
v -1.079251 2.605352 1.579170
v -0.842950 2.605352 1.579170
v -0.683673 2.590994 1.440614
v -0.795872 2.598931 1.517212
v -0.552495 2.587178 1.403789
v 1.079251 2.605352 1.579170
v -0.169479 2.605352 1.579170
v -0.187311 2.602282 1.549545
vn -0.0000 -0.9947 0.1031
s 0
f 2121//1624 2136//1624 2137//1624
f 2121//1624 2137//1624 2124//1624
f 2123//1624 2125//1624 2122//1624
f 2124//1624 2137//1624 2138//1624
f 2124//1624 2138//1624 2123//1624
f 2138//1624 2126//1624 2125//1624
f 2138//1624 2125//1624 2123//1624
f 2121//1624 2124//1624 2123//1624
f 2121//1624 2123//1624 2122//1624
f 2136//1624 2121//1624 2122//1624
f 2136//1624 2122//1624 2125//1624
f 2129//1624 2130//1624 2125//1624
f 2129//1624 2125//1624 2128//1624
f 2127//1624 2128//1624 2125//1624
f 2127//1624 2125//1624 2126//1624
f 2131//1624 2128//1624 2132//1624
f 2128//1624 2127//1624 2135//1624
f 2128//1624 2135//1624 2133//1624
f 2134//1624 2132//1624 2128//1624
f 2134//1624 2128//1624 2133//1624
o Turret_01_havok_s_armor_13_11
v -0.790074 2.605339 2.456639
v -0.826545 2.565390 2.497144
v -0.917968 2.565404 2.405707
v -0.877469 2.605339 2.369246
v -0.999345 2.565386 2.305239
v -0.955247 2.605345 2.273195
v -0.694028 2.605339 2.534416
v -0.726067 2.565384 2.578516
v -0.590375 2.605339 2.601729
v -0.617621 2.565415 2.648915
v -1.069765 2.565384 2.196799
v -1.022557 2.605339 2.169545
v -1.128466 2.565386 2.081594
v -1.078668 2.605345 2.059422
v -1.174796 2.565392 1.960885
v -1.122958 2.605339 1.944038
v -1.208262 2.565392 1.835995
v -1.154944 2.605345 1.824663
v 0.790074 2.605339 2.456639
v 0.877469 2.605339 2.369246
v 0.917968 2.565404 2.405707
v 0.826545 2.565390 2.497144
v 0.726067 2.565384 2.578516
v 0.694028 2.605339 2.534416
v 0.617621 2.565415 2.648915
v 0.590375 2.605339 2.601729
v 0.480255 2.605339 2.657838
v 0.502418 2.565408 2.707623
v -0.480254 2.605339 2.657838
v -0.502417 2.565408 2.707623
v 0.955248 2.605345 2.273195
v 1.022557 2.605339 2.169545
v 1.069765 2.565384 2.196799
v 0.999345 2.565386 2.305239
v 1.128466 2.565386 2.081594
v 1.078668 2.605345 2.059422
v 1.122958 2.605339 1.944038
v 1.174796 2.565392 1.960885
v 1.154944 2.605345 1.824663
v 1.208262 2.565392 1.835995
vn -0.2686 -0.8062 -0.5271
vn -0.2686 -0.8063 -0.5271
vn 0.2686 -0.8062 -0.5271
vn 0.2686 -0.8063 -0.5271
vn -0.3724 -0.8062 -0.4599
vn -0.3724 -0.8062 -0.4598
vn -0.3223 -0.8063 -0.4961
vn -0.3223 -0.8062 -0.4962
vn -0.4963 -0.8061 -0.3223
vn -0.4963 -0.8062 -0.3222
vn -0.5524 -0.8062 -0.2120
vn -0.5524 -0.8061 -0.2121
vn -0.5715 -0.8062 -0.1531
vn -0.5715 -0.8062 -0.1532
vn -0.5272 -0.8061 -0.2687
vn -0.5272 -0.8062 -0.2686
vn -0.4599 -0.8061 -0.3724
vn -0.4598 -0.8062 -0.3723
vn 0.3724 -0.8062 -0.4599
vn 0.3724 -0.8062 -0.4598
vn 0.3223 -0.8063 -0.4961
vn 0.3223 -0.8062 -0.4962
vn 0.4183 -0.8062 -0.4183
vn 0.4184 -0.8062 -0.4184
vn 0.4599 -0.8061 -0.3724
vn 0.4598 -0.8062 -0.3723
vn 0.4963 -0.8062 -0.3222
vn 0.4963 -0.8061 -0.3223
vn 0.5715 -0.8062 -0.1531
vn 0.5715 -0.8062 -0.1532
vn -0.4184 -0.8062 -0.4184
vn -0.4183 -0.8062 -0.4183
vn 0.5272 -0.8061 -0.2687
vn 0.5272 -0.8062 -0.2686
vn 0.5524 -0.8062 -0.2120
vn 0.5524 -0.8061 -0.2121
s 0
f 2163//1625 2166//1625 2165//1625
f 2163//1626 2165//1626 2164//1626
f 2167//1627 2168//1627 2148//1627
f 2167//1628 2148//1628 2147//1628
f 2160//1629 2161//1629 2162//1629
f 2160//1630 2162//1630 2157//1630
f 2161//1631 2163//1631 2164//1631
f 2161//1632 2164//1632 2162//1632
f 2171//1633 2172//1633 2169//1633
f 2171//1634 2169//1634 2170//1634
f 2174//1635 2175//1635 2176//1635
f 2174//1636 2176//1636 2173//1636
f 2177//1637 2178//1637 2176//1637
f 2177//1638 2176//1638 2175//1638
f 2170//1639 2174//1639 2173//1639
f 2170//1640 2173//1640 2171//1640
f 2169//1641 2172//1641 2159//1641
f 2169//1642 2159//1642 2158//1642
f 2145//1643 2146//1643 2140//1643
f 2145//1644 2140//1644 2139//1644
f 2147//1645 2148//1645 2146//1645
f 2147//1646 2146//1646 2145//1646
f 2141//1647 2142//1647 2139//1647
f 2141//1648 2139//1648 2140//1648
f 2141//1649 2143//1649 2144//1649
f 2141//1650 2144//1650 2142//1650
f 2149//1651 2150//1651 2144//1651
f 2149//1652 2144//1652 2143//1652
f 2153//1653 2155//1653 2156//1653
f 2153//1654 2156//1654 2154//1654
f 2159//1655 2160//1655 2157//1655
f 2159//1656 2157//1656 2158//1656
f 2151//1657 2152//1657 2150//1657
f 2151//1658 2150//1658 2149//1658
f 2153//1659 2154//1659 2152//1659
f 2153//1660 2152//1660 2151//1660
o Turret_01_havok_s_armor_14_12
v -0.310621 2.151191 3.040524
v -0.461670 2.151211 3.000044
v -0.381714 2.565396 2.753965
v -0.256824 2.565385 2.787437
v -0.156165 2.151000 3.064986
v -0.129118 2.565397 2.807652
v -0.607666 2.151186 2.944008
v -0.502418 2.565408 2.707623
v 0.310621 2.151191 3.040524
v 0.256824 2.565385 2.787437
v 0.381714 2.565396 2.753965
v 0.461670 2.151211 3.000044
v 0.156165 2.151000 3.064986
v 0.129119 2.565397 2.807652
v 0.502418 2.565408 2.707623
v 0.607666 2.151186 2.944008
v 0.000000 2.565396 2.814420
v 0.000000 2.151000 3.073171
vn -0.3041 -0.5293 -0.7921
vn -0.1327 -0.5291 -0.8381
vn -0.1321 -0.5293 -0.8381
vn 0.0444 -0.5291 -0.8474
vn -0.0444 -0.5291 -0.8474
vn 0.1327 -0.5291 -0.8381
vn 0.1321 -0.5293 -0.8381
vn 0.2196 -0.5293 -0.8195
vn -0.2196 -0.5293 -0.8195
vn 0.3041 -0.5293 -0.7921
s 0
f 2193//1661 2194//1661 2190//1661
f 2193//1661 2190//1661 2189//1661
f 2191//1662 2192//1662 2188//1662
f 2191//1663 2188//1663 2187//1663
f 2195//1664 2196//1664 2183//1664
f 2195//1664 2183//1664 2184//1664
f 2191//1665 2196//1665 2195//1665
f 2191//1665 2195//1665 2192//1665
f 2182//1666 2184//1666 2183//1666
f 2182//1667 2183//1667 2179//1667
f 2181//1668 2182//1668 2179//1668
f 2181//1668 2179//1668 2180//1668
f 2189//1669 2190//1669 2187//1669
f 2189//1669 2187//1669 2188//1669
f 2180//1670 2185//1670 2186//1670
f 2180//1670 2186//1670 2181//1670
o Turret_01_havok_s_armor_15_13
v -0.245491 2.605339 2.734117
v -0.256824 2.565384 2.787437
v -0.381714 2.565396 2.753965
v -0.364872 2.605339 2.702132
v -0.123422 2.605339 2.753450
v -0.129118 2.565397 2.807652
v -0.502418 2.565408 2.707623
v -0.480254 2.605339 2.657838
v 0.381714 2.565396 2.753965
v 0.256824 2.565384 2.787437
v 0.245491 2.605339 2.734117
v 0.364872 2.605339 2.702132
v 0.123422 2.605339 2.753450
v 0.129118 2.565397 2.807652
v 0.502418 2.565408 2.707623
v 0.480254 2.605339 2.657838
v 0.000000 2.565396 2.814420
v 0.000000 2.605339 2.759920
vn -0.2120 -0.8062 -0.5523
vn -0.2120 -0.8062 -0.5524
vn -0.0926 -0.8062 -0.5844
vn 0.0310 -0.8062 -0.5908
vn -0.0310 -0.8062 -0.5908
vn -0.1531 -0.8062 -0.5715
vn 0.0926 -0.8062 -0.5844
vn 0.1531 -0.8062 -0.5715
vn 0.2120 -0.8062 -0.5523
vn 0.2120 -0.8062 -0.5524
s 0
f 2208//1671 2212//1671 2211//1671
f 2208//1672 2211//1672 2205//1672
f 2206//1673 2210//1673 2209//1673
f 2206//1673 2209//1673 2207//1673
f 2214//1674 2213//1674 2202//1674
f 2214//1674 2202//1674 2201//1674
f 2210//1675 2213//1675 2214//1675
f 2210//1675 2214//1675 2209//1675
f 2207//1676 2208//1676 2205//1676
f 2207//1676 2205//1676 2206//1676
f 2201//1677 2202//1677 2198//1677
f 2201//1677 2198//1677 2197//1677
f 2199//1678 2200//1678 2197//1678
f 2199//1678 2197//1678 2198//1678
f 2204//1679 2200//1679 2203//1679
f 2200//1680 2199//1680 2203//1680
o Turret_01_havok_s_armor_16_14
v 1.110259 1.603628 0.579489
v 1.110259 1.788569 0.579488
v 0.999682 1.757427 0.468911
v 0.999682 1.603628 0.468911
v -1.110259 1.603628 0.579489
v -0.999682 1.603628 0.468911
v -0.999682 1.738397 0.468911
v -1.110259 1.788569 0.579488
v -0.196587 1.999751 -0.353123
v -0.389519 1.999751 -0.353123
v -0.389400 1.948029 -0.332537
v -0.177225 1.948029 -0.332537
v -0.200256 2.046878 -0.364357
v -0.389830 2.046878 -0.364357
v -0.389465 1.904650 -0.306378
v -0.157950 1.904650 -0.306378
v -0.201230 2.100985 -0.368401
v -0.390014 2.100985 -0.368401
v -0.389624 2.150749 -0.364745
v -0.201029 2.150748 -0.364745
v 0.177225 1.948029 -0.332537
v 0.157950 1.904650 -0.306378
v 0.389465 1.904650 -0.306378
v 0.389400 1.948029 -0.332537
v 0.196587 1.999751 -0.353123
v 0.389519 1.999751 -0.353123
v 0.389830 2.046878 -0.364357
v 0.200256 2.046878 -0.364357
v 0.390014 2.100985 -0.368401
v 0.201230 2.100985 -0.368401
v 0.391055 1.798704 -0.184845
v 0.390109 1.827974 -0.231621
v -0.390109 1.827974 -0.231621
v -0.391054 1.798704 -0.184845
v 0.389957 1.861768 -0.270720
v -0.389957 1.861768 -0.270720
v 0.200049 2.251895 -0.332339
v 0.389425 2.251895 -0.332339
v 0.389392 2.295324 -0.306433
v 0.196523 2.295324 -0.306433
v 0.201010 2.203704 -0.352079
v 0.389587 2.203704 -0.352079
v 0.389624 2.150749 -0.364745
v 0.201029 2.150749 -0.364745
v 0.389209 2.337684 -0.270556
v 0.177138 2.337684 -0.270556
v 0.388130 2.371436 -0.231799
v 0.157409 2.371436 -0.231799
v -0.196523 2.295324 -0.306433
v -0.177138 2.337684 -0.270556
v -0.389208 2.337684 -0.270556
v -0.389392 2.295324 -0.306433
v -0.200049 2.251895 -0.332339
v -0.389425 2.251895 -0.332339
v -0.388130 2.371436 -0.231799
v -0.157409 2.371436 -0.231799
v -0.201010 2.203704 -0.352079
v -0.389587 2.203704 -0.352079
v 0.389057 2.399431 -0.187209
v -0.389057 2.399431 -0.187209
vn -0.0000 -0.0733 0.9973
vn -0.0000 -0.6463 0.7631
vn -0.0000 -0.7541 0.6567
vn -0.0000 -0.2326 0.9726
vn -0.0000 0.6394 0.7689
vn -0.0000 -0.5123 0.8588
vn -0.0000 -0.3791 0.9254
vn -0.0000 -0.8469 0.5317
vn -0.0000 0.5164 0.8563
vn -0.0000 0.0745 0.9972
vn -0.0000 0.2319 0.9727
vn -0.7071 -0.0000 0.7071
vn 0.7071 -0.0000 0.7071
vn -0.0000 0.3698 0.9291
vn -0.0000 0.8477 0.5305
vn -0.0000 0.7566 0.6539
s 0
f 2257//1681 2258//1681 2244//1681
f 2257//1681 2244//1681 2243//1681
f 2259//1682 2260//1682 2254//1682
f 2259//1682 2254//1682 2253//1682
f 2261//1683 2262//1683 2260//1683
f 2261//1683 2260//1683 2259//1683
f 2255//1684 2258//1684 2257//1684
f 2255//1684 2257//1684 2256//1684
f 2249//1685 2237//1685 2236//1685
f 2249//1685 2236//1685 2230//1685
f 2253//1686 2254//1686 2251//1686
f 2253//1686 2251//1686 2252//1686
f 2255//1687 2256//1687 2252//1687
f 2255//1687 2252//1687 2251//1687
f 2234//1684 2271//1684 2272//1684
f 2234//1684 2272//1684 2233//1684
f 2273//1688 2274//1688 2269//1688
f 2273//1688 2269//1688 2270//1688
f 2273//1688 2270//1688 2262//1688
f 2273//1688 2262//1688 2261//1688
f 2268//1687 2272//1687 2271//1687
f 2268//1687 2271//1687 2267//1687
f 2265//1682 2266//1682 2263//1682
f 2265//1682 2263//1682 2264//1682
f 2266//1686 2268//1686 2267//1686
f 2266//1686 2267//1686 2263//1686
f 2264//1683 2270//1683 2269//1683
f 2264//1683 2269//1683 2265//1683
f 2229//1689 2230//1689 2226//1689
f 2229//1689 2226//1689 2225//1689
f 2231//1690 2232//1690 2228//1690
f 2231//1690 2228//1690 2227//1690
f 2231//1681 2234//1681 2233//1681
f 2231//1681 2233//1681 2232//1681
f 2227//1691 2228//1691 2224//1691
f 2227//1691 2224//1691 2223//1691
f 2217//1692 2218//1692 2215//1692
f 2217//1692 2215//1692 2216//1692
f 2221//1693 2222//1693 2219//1693
f 2221//1693 2219//1693 2220//1693
f 2225//1694 2226//1694 2223//1694
f 2225//1694 2223//1694 2224//1694
f 2247//1695 2248//1695 2245//1695
f 2247//1695 2245//1695 2246//1695
f 2246//1696 2249//1696 2250//1696
f 2246//1696 2250//1696 2247//1696
f 2229//1685 2250//1685 2249//1685
f 2229//1685 2249//1685 2230//1685
f 2241//1690 2243//1690 2244//1690
f 2241//1690 2244//1690 2242//1690
f 2237//1689 2238//1689 2235//1689
f 2237//1689 2235//1689 2236//1689
f 2238//1694 2240//1694 2239//1694
f 2238//1694 2239//1694 2235//1694
f 2240//1691 2241//1691 2242//1691
f 2240//1691 2242//1691 2239//1691
o Turret_01_havok_s_armor_19_15
v -0.689747 2.323935 0.215910
v -0.851917 2.276046 0.414505
v -0.980015 2.149315 0.403428
v -0.736849 2.154110 0.087170
v -0.506974 2.249045 -0.155129
v -0.539048 2.195207 -0.169475
v -1.208688 2.154552 0.701039
v 0.980016 2.149315 0.403428
v 0.851917 2.276046 0.414505
v 0.689748 2.323935 0.215910
v 0.736850 2.154110 0.087170
v 1.208695 2.154552 0.701053
v 0.557807 2.377730 0.069907
v 0.485130 2.302431 -0.144007
v 0.506975 2.249045 -0.155129
v 0.467213 2.354586 -0.116089
v 0.450615 2.388937 -0.093349
v 0.461205 2.420121 -0.002638
v 0.442560 2.413513 -0.058660
v 0.539048 2.195207 -0.169475
v -0.485131 2.302431 -0.144007
v -0.557806 2.377730 0.069907
v -0.467212 2.354586 -0.116089
v -0.450614 2.388937 -0.093349
v -0.442560 2.413513 -0.058660
v -0.461204 2.420121 -0.002638
vn -0.7054 -0.5419 0.4569
vn -0.7054 -0.5420 0.4569
vn -0.5527 -0.7861 0.2767
vn -0.6152 -0.7036 0.3556
vn -0.6858 -0.6021 0.4089
vn -0.7578 -0.4906 0.4302
vn 0.5527 -0.7861 0.2767
vn 0.6152 -0.7036 0.3556
vn 0.6858 -0.6021 0.4089
vn 0.7578 -0.4906 0.4302
vn 0.7087 -0.5547 0.4360
vn 0.7795 -0.4164 0.4680
vn 0.5992 -0.6469 0.4718
vn 0.7054 -0.5420 0.4569
vn 0.6405 -0.6788 0.3593
vn 0.6601 -0.5614 0.4991
vn -0.7087 -0.5547 0.4360
vn -0.7795 -0.4164 0.4680
vn -0.5992 -0.6469 0.4718
vn -0.6405 -0.6788 0.3593
vn -0.6601 -0.5614 0.4991
s 0
f 2289//1697 2294//1697 2285//1697
f 2289//1698 2285//1698 2284//1698
f 2287//1699 2292//1699 2293//1699
f 2287//1700 2293//1700 2291//1700
f 2287//1701 2291//1701 2290//1701
f 2287//1702 2290//1702 2288//1702
f 2299//1703 2300//1703 2296//1703
f 2299//1704 2296//1704 2298//1704
f 2297//1705 2298//1705 2296//1705
f 2297//1706 2296//1706 2295//1706
f 2295//1707 2296//1707 2275//1707
f 2295//1708 2275//1708 2279//1708
f 2277//1709 2276//1709 2281//1709
f 2278//1710 2280//1710 2279//1710
f 2278//1710 2279//1710 2275//1710
f 2275//1711 2276//1711 2277//1711
f 2275//1712 2277//1712 2278//1712
f 2284//1713 2287//1713 2288//1713
f 2284//1714 2288//1714 2289//1714
f 2282//1715 2286//1715 2283//1715
f 2282//1716 2283//1716 2284//1716
f 2282//1717 2284//1717 2285//1717
o Turret_01_havok_s_armor_20_16
v -0.389392 2.295324 -0.306433
v -0.506975 2.249045 -0.155129
v -0.539048 2.195207 -0.169475
v -0.389209 2.337684 -0.270556
v -0.485130 2.302431 -0.144007
v -0.388131 2.371436 -0.231799
v -0.467212 2.354586 -0.116089
v -0.389056 2.399431 -0.187209
v -0.450615 2.388937 -0.093349
v 0.389209 2.337684 -0.270556
v 0.389392 2.295324 -0.306433
v 0.506975 2.249045 -0.155129
v 0.485130 2.302431 -0.144007
v 0.467212 2.354586 -0.116089
v 0.388131 2.371436 -0.231799
v 0.539048 2.195207 -0.169475
v 0.389056 2.399431 -0.187209
v 0.450615 2.388937 -0.093349
v 0.390896 2.420661 -0.136742
v 0.442560 2.413513 -0.058659
v 0.391729 2.432759 -0.086348
v 0.461204 2.420121 -0.002638
v -0.390896 2.420661 -0.136742
v -0.442560 2.413513 -0.058659
v -0.391729 2.432759 -0.086348
v -0.461204 2.420121 -0.002638
vn -0.4603 -0.8508 0.2535
vn -0.6248 -0.6981 0.3495
vn -0.4464 -0.8684 0.2159
vn -0.6167 -0.7173 0.3242
vn -0.6995 -0.5975 0.3920
vn -0.6991 -0.5990 0.3906
vn 0.4603 -0.8508 0.2535
vn 0.6248 -0.6981 0.3495
vn 0.4464 -0.8684 0.2159
vn 0.6167 -0.7173 0.3242
vn 0.7499 -0.4935 0.4406
vn 0.7475 -0.5111 0.4243
vn 0.7767 -0.4163 0.4727
vn 0.7770 -0.4088 0.4787
vn 0.7345 -0.5452 0.4040
vn 0.6995 -0.5975 0.3920
vn 0.6991 -0.5990 0.3906
vn -0.7345 -0.5452 0.4040
vn -0.7499 -0.4935 0.4406
vn -0.7475 -0.5111 0.4243
vn -0.7767 -0.4163 0.4727
vn -0.7770 -0.4088 0.4787
s 0
f 2322//1718 2321//1718 2320//1718
f 2319//1719 2318//1719 2320//1719
f 2319//1720 2320//1720 2321//1720
f 2317//1721 2318//1721 2319//1721
f 2314//1722 2318//1722 2317//1722
f 2314//1723 2317//1723 2315//1723
f 2325//1724 2326//1724 2324//1724
f 2324//1725 2309//1725 2323//1725
f 2324//1726 2323//1726 2325//1726
f 2308//1727 2323//1727 2309//1727
f 2306//1728 2307//1728 2305//1728
f 2306//1729 2305//1729 2304//1729
f 2304//1730 2305//1730 2302//1730
f 2304//1731 2302//1731 2301//1731
f 2301//1732 2302//1732 2303//1732
f 2308//1733 2309//1733 2307//1733
f 2308//1734 2307//1734 2306//1734
f 2316//1735 2312//1735 2311//1735
f 2313//1736 2314//1736 2315//1736
f 2313//1737 2315//1737 2310//1737
f 2312//1738 2313//1738 2310//1738
f 2312//1739 2310//1739 2311//1739
o Turret_01_havok_s_armor_23_17
v -0.339562 2.647985 2.219462
v -0.464784 2.647985 2.253291
v -0.469791 2.676783 2.204796
v -0.359238 2.676783 2.174930
v -0.584039 2.676783 2.198885
v -0.594190 2.647985 2.246595
v -0.230782 2.647985 2.148419
v -0.263200 2.676783 2.112209
v -0.149092 2.647985 2.047117
v -0.191079 2.676783 2.022773
v -0.102489 2.647985 1.925471
v -0.149935 2.676783 1.915376
v -0.690797 2.676783 2.157774
v -0.715113 2.647985 2.200030
v -0.815716 2.647985 2.118153
v -0.779616 2.676783 2.085488
v -0.886152 2.647985 2.008979
v -0.841801 2.676783 1.989102
v -0.919525 2.647985 1.883195
v -0.871265 2.676783 1.878052
v -0.199343 2.647985 1.560431
v -0.235443 2.676783 1.593096
v -0.324262 2.676783 1.520810
v -0.299946 2.647985 1.478554
v -0.431020 2.676783 1.479699
v -0.420869 2.647985 1.431989
v -0.675497 2.647985 1.459122
v -0.550275 2.647985 1.425293
v -0.545268 2.676783 1.473788
v -0.655821 2.676783 1.503654
v -0.173258 2.676783 1.689482
v -0.128907 2.647985 1.669605
v -0.095533 2.647985 1.795389
v -0.143794 2.676783 1.800532
v -0.751859 2.676783 1.566375
v -0.823980 2.676783 1.655811
v -0.865966 2.647985 1.631467
v -0.784276 2.647985 1.530165
v -0.865125 2.676783 1.763208
v -0.912570 2.647985 1.753113
vn -0.4975 -0.8573 0.1320
vn -0.5144 -0.8571 -0.0275
vn -0.0265 -0.8583 0.5124
vn -0.1844 -0.8583 0.4788
vn 0.1339 -0.8581 0.4957
vn 0.4810 -0.8571 0.1843
vn 0.5144 -0.8571 0.0275
vn 0.2811 -0.8577 0.4305
vn -0.4320 -0.8577 0.2787
vn 0.4007 -0.8573 0.3231
vn -0.4007 -0.8573 -0.3231
vn -0.4810 -0.8571 -0.1843
vn -0.2811 -0.8577 -0.4305
vn -0.1339 -0.8581 -0.4957
vn 0.0265 -0.8583 -0.5124
vn 0.4975 -0.8573 -0.1320
vn -0.3241 -0.8581 0.3983
vn 0.4320 -0.8577 -0.2787
vn 0.3241 -0.8581 -0.3983
vn 0.1844 -0.8583 -0.4788
s 0
f 2359//1740 2360//1740 2357//1740
f 2359//1740 2357//1740 2358//1740
f 2360//1741 2359//1741 2337//1741
f 2360//1741 2337//1741 2338//1741
f 2351//1742 2355//1742 2354//1742
f 2351//1742 2354//1742 2352//1742
f 2351//1743 2352//1743 2350//1743
f 2351//1743 2350//1743 2349//1743
f 2355//1744 2356//1744 2353//1744
f 2355//1744 2353//1744 2354//1744
f 2362//1745 2365//1745 2366//1745
f 2362//1745 2366//1745 2363//1745
f 2366//1746 2365//1746 2346//1746
f 2366//1746 2346//1746 2345//1746
f 2356//1747 2361//1747 2364//1747
f 2356//1747 2364//1747 2353//1747
f 2358//1748 2357//1748 2348//1748
f 2358//1748 2348//1748 2347//1748
f 2363//1749 2364//1749 2361//1749
f 2363//1749 2361//1749 2362//1749
f 2334//1750 2336//1750 2335//1750
f 2334//1750 2335//1750 2333//1750
f 2336//1751 2338//1751 2337//1751
f 2336//1751 2337//1751 2335//1751
f 2330//1752 2334//1752 2333//1752
f 2330//1752 2333//1752 2327//1752
f 2329//1753 2330//1753 2327//1753
f 2329//1753 2327//1753 2328//1753
f 2328//1754 2332//1754 2331//1754
f 2328//1754 2331//1754 2329//1754
f 2345//1755 2346//1755 2344//1755
f 2345//1755 2344//1755 2343//1755
f 2349//1756 2350//1756 2347//1756
f 2349//1756 2347//1756 2348//1756
f 2343//1757 2344//1757 2342//1757
f 2343//1757 2342//1757 2341//1757
f 2341//1758 2342//1758 2339//1758
f 2341//1758 2339//1758 2340//1758
f 2340//1759 2339//1759 2331//1759
f 2340//1759 2331//1759 2332//1759
o Turret_01_havok_s_armor_26_18
v 1.364836 2.154189 0.971506
v 1.293844 2.154633 0.832170
v 1.293842 1.603628 0.832170
v 1.364837 1.603628 0.971505
v -1.293842 1.603628 0.832170
v -1.293844 2.154633 0.832170
v -1.364836 2.154189 0.971506
v -1.364837 1.603628 0.971505
vn 0.8910 -0.0000 0.4540
vn -0.8910 -0.0000 0.4540
s 0
f 2373//1760 2374//1760 2371//1760
f 2373//1760 2371//1760 2372//1760
f 2369//1761 2370//1761 2367//1761
f 2369//1761 2367//1761 2368//1761
o Turret_01_havok_s_armor_27_19
v -0.878153 1.737162 0.370498
v -0.999682 1.738397 0.468911
v -0.999682 1.603628 0.468911
v -0.878152 1.603628 0.370498
v 0.878153 1.733138 0.370499
v 0.878152 1.603628 0.370498
v 0.999682 1.603628 0.468911
v 0.999682 1.757427 0.468911
vn -0.6293 -0.0000 0.7771
vn 0.6293 -0.0000 0.7771
s 0
f 2381//1762 2382//1762 2379//1762
f 2381//1762 2379//1762 2380//1762
f 2377//1763 2378//1763 2375//1763
f 2377//1763 2375//1763 2376//1763
o Turret_01_havok_s_armor_22_20
v 0.434707 1.761224 -0.030289
v -0.434550 1.761224 -0.030289
v 0.483597 1.740040 0.126340
v -0.483597 1.740040 0.126340
v -0.310620 1.741327 0.117816
v -0.156165 1.744614 0.093354
v 0.000000 1.745715 0.085169
v 0.156166 1.744614 0.093354
v 0.310621 1.741327 0.117816
v 0.388525 1.766472 -0.087717
v -0.388526 1.766472 -0.087717
v -0.524980 1.758106 0.038485
v -0.461671 1.735743 0.158291
v -0.607666 1.718962 0.214333
v 0.524980 1.758106 0.038485
v 0.607667 1.735803 0.214332
v 0.653221 1.750264 0.159656
v 0.461671 1.735743 0.158291
v 0.747000 1.736169 0.285327
v 0.878152 1.733138 0.370499
vn 0.0008 0.9910 0.1338
vn -0.0409 0.9936 0.1055
vn -0.1034 0.9795 0.1729
vn -0.0823 0.9831 0.1634
vn -0.0008 0.9910 0.1338
vn -0.0494 0.9848 0.1663
vn -0.0944 0.9791 0.1803
vn -0.0945 0.9791 0.1803
vn -0.0890 0.9829 0.1614
vn -0.0884 0.9831 0.1605
vn -0.0000 0.9911 0.1331
vn -0.0000 0.9911 0.1332
vn -0.0011 0.9918 0.1278
vn -0.0000 0.9910 0.1340
vn 0.0882 0.9831 0.1606
vn 0.0882 0.9831 0.1605
vn -0.0000 0.9959 0.0910
s 0
f 2385//1764 2391//1764 2400//1764
f 2385//1765 2400//1765 2398//1765
f 2398//1766 2399//1766 2397//1766
f 2398//1767 2397//1767 2385//1767
f 2395//1768 2387//1768 2386//1768
f 2395//1769 2386//1769 2396//1769
f 2399//1770 2398//1770 2401//1770
f 2399//1771 2401//1771 2402//1771
f 2397//1772 2392//1772 2383//1772
f 2383//1764 2391//1764 2385//1764
f 2383//1773 2385//1773 2397//1773
f 2383//1774 2388//1774 2389//1774
f 2383//1775 2389//1775 2390//1775
f 2387//1774 2388//1774 2383//1774
f 2386//1776 2387//1776 2383//1776
f 2386//1777 2383//1777 2384//1777
f 2394//1778 2386//1778 2384//1778
f 2394//1779 2384//1779 2393//1779
f 2383//1780 2392//1780 2393//1780
f 2383//1780 2393//1780 2384//1780
f 2390//1774 2391//1774 2383//1774
o Turret_01_havok_s_armor_21_21
v -1.194109 1.832255 0.678593
v -1.194109 1.603630 0.678596
v -1.110259 1.603628 0.579489
v -1.110259 1.788569 0.579488
v 1.110259 1.603628 0.579489
v 1.208672 1.603628 0.701019
v 1.194115 1.832259 0.678601
v 1.110259 1.788569 0.579488
vn -0.7634 -0.0000 0.6459
vn -0.7771 0.0122 0.6293
vn 0.7634 -0.0000 0.6459
s 0
f 2409//1781 2410//1781 2407//1781
f 2409//1782 2407//1782 2408//1782
f 2405//1783 2406//1783 2403//1783
f 2405//1783 2403//1783 2404//1783
o Turret_01_havok_s_armor_18_22
v -0.978504 1.603628 0.798839
v -0.978504 1.574123 0.798839
v -0.780331 1.574123 0.600666
v -0.780331 1.603628 0.600666
v -0.746999 1.731602 0.285327
v -0.878153 1.737162 0.370498
v -0.878152 1.603628 0.370498
v -0.747001 1.603628 0.285327
v 0.780331 1.603628 0.600666
v 0.780331 1.574123 0.600666
v 0.978504 1.574123 0.798839
v 0.978504 1.603628 0.798839
v 0.878152 1.733138 0.370499
v 0.747001 1.736169 0.285327
v 0.747001 1.603628 0.285327
v 0.878152 1.603628 0.370498
vn -0.7071 -0.0000 0.7071
vn -0.5446 -0.0000 0.8387
vn 0.7071 -0.0000 0.7071
vn 0.5446 -0.0000 0.8387
s 0
f 2421//1784 2422//1784 2419//1784
f 2421//1784 2419//1784 2420//1784
f 2425//1785 2426//1785 2423//1785
f 2425//1785 2423//1785 2424//1785
f 2413//1786 2414//1786 2411//1786
f 2413//1786 2411//1786 2412//1786
f 2417//1787 2418//1787 2415//1787
f 2417//1787 2415//1787 2416//1787
o Turret_01_havok_s_armor_30_23
v -1.127611 1.603628 1.036141
v -1.127611 1.574123 1.036141
v -0.978504 1.574123 0.798839
v -0.978504 1.603628 0.798839
v 0.878153 1.733138 0.370499
v 0.999682 1.757427 0.468911
v 0.994241 1.797677 0.445396
v 0.653221 1.750264 0.159656
v 0.978504 1.603628 0.798839
v 0.978504 1.574123 0.798839
v 1.127611 1.574123 1.036141
v 1.127611 1.603628 1.036141
vn -0.8467 -0.0000 0.5320
vn -0.6336 0.3246 0.7023
vn 0.8467 -0.0000 0.5320
s 0
f 2437//1788 2438//1788 2435//1788
f 2437//1788 2435//1788 2436//1788
f 2433//1789 2434//1789 2431//1789
f 2433//1789 2431//1789 2432//1789
f 2429//1790 2430//1790 2427//1790
f 2429//1790 2427//1790 2428//1790
o Turret_01_havok_s_armor_28_24
v -0.746999 1.731602 0.285327
v -0.607666 1.718962 0.214333
v -0.653221 1.750264 0.159656
v -0.878153 1.737162 0.370498
v -0.524980 1.758106 0.038485
vn 0.2457 0.9153 0.3193
vn 0.2464 0.9149 0.3198
s 0
f 2441//1791 2440//1791 2443//1791
f 2439//1791 2440//1791 2441//1791
f 2439//1792 2441//1792 2442//1792
o Turret_01_havok_s_armor_7_25
v -0.607666 1.718962 0.214333
v -0.483597 1.740040 0.126340
v -0.524980 1.758106 0.038485
vn -0.0176 0.9777 0.2093
s 0
f 2444//1793 2445//1793 2446//1793
o Turret_01_havok_s_armor_29_26
v -0.388525 1.766472 -0.087717
v -0.390806 1.778645 -0.136909
v -0.524980 1.758106 0.038485
v 0.388526 1.766472 -0.087717
v 0.390806 1.778645 -0.136909
v 0.524980 1.758106 0.038485
vn -0.1544 0.9607 0.2306
vn -0.0000 0.9707 0.2402
vn 0.1544 0.9607 0.2306
s 0
f 2452//1794 2451//1794 2450//1794
f 2450//1795 2451//1795 2448//1795
f 2450//1795 2448//1795 2447//1795
f 2447//1796 2448//1796 2449//1796
o Turret_01_havok_s_armor_12_27
v -1.202230 2.352553 1.145260
v -1.364837 2.154189 0.971506
v -1.293843 2.154633 0.832170
v -1.031399 2.381332 0.921146
v -1.091756 2.442369 1.172574
v -1.208688 2.154552 0.701039
v -0.958611 2.325874 0.682910
v 1.208696 2.154552 0.701053
v 0.958611 2.325874 0.682910
v 0.851917 2.276046 0.414505
v 1.031399 2.381332 0.921146
v 1.293843 2.154633 0.832170
v 1.202230 2.352553 1.145260
v 1.364837 2.154189 0.971506
v 1.091756 2.442369 1.172574
v -0.851918 2.276046 0.414505
vn -0.5534 -0.7676 0.3233
vn -0.5924 -0.7479 0.2995
vn -0.5408 -0.7641 0.3517
vn -0.5474 -0.7626 0.3448
vn 0.5453 -0.7582 0.3575
vn -0.5490 -0.7724 0.3193
vn 0.5490 -0.7724 0.3193
vn 0.5534 -0.7676 0.3233
vn 0.5924 -0.7479 0.2995
vn -0.5453 -0.7582 0.3575
vn 0.5474 -0.7626 0.3448
vn 0.5408 -0.7641 0.3517
s 0
f 2465//1797 2463//1797 2464//1797
f 2465//1798 2464//1798 2466//1798
f 2460//1799 2464//1799 2463//1799
f 2460//1800 2463//1800 2461//1800
f 2458//1801 2468//1801 2459//1801
f 2465//1802 2467//1802 2463//1802
f 2456//1803 2457//1803 2453//1803
f 2455//1804 2456//1804 2453//1804
f 2455//1805 2453//1805 2454//1805
f 2460//1806 2461//1806 2462//1806
f 2458//1807 2459//1807 2456//1807
f 2458//1808 2456//1808 2455//1808
o Turret_01_havok_s_armor_24_28
v -0.391729 2.432759 -0.086348
v -0.390896 2.420661 -0.136742
v 0.390896 2.420661 -0.136742
v 0.391729 2.432759 -0.086348
vn -0.0000 -0.9724 0.2334
s 0
f 2471//1809 2472//1809 2469//1809
f 2471//1809 2469//1809 2470//1809
o Turret_01_havok_s_armor_6_29
v -1.364837 2.154189 0.971506
v -1.420880 2.154274 1.117496
v -1.420878 1.603628 1.117499
v -1.364837 1.603628 0.971505
v 1.420880 1.603628 1.117499
v 1.420880 2.154274 1.117496
v 1.364837 2.154189 0.971506
v 1.364837 1.603628 0.971505
v 1.127610 1.603628 1.036141
v 1.127610 1.574123 1.036141
v 1.220174 1.574123 1.300673
v 1.220174 1.603628 1.300673
v -1.220174 1.603628 1.300673
v -1.220174 1.574123 1.300673
v -1.127610 1.574123 1.036141
v -1.127610 1.603628 1.036141
vn -0.9439 -0.0000 0.3303
vn 0.9439 -0.0000 0.3303
vn 0.9336 -0.0000 0.3584
vn -0.9336 -0.0000 0.3584
s 0
f 2483//1810 2484//1810 2481//1810
f 2483//1810 2481//1810 2482//1810
f 2487//1811 2488//1811 2485//1811
f 2487//1811 2485//1811 2486//1811
f 2475//1812 2476//1812 2473//1812
f 2475//1812 2473//1812 2474//1812
f 2479//1813 2480//1813 2477//1813
f 2479//1813 2477//1813 2478//1813
o Turret_01_havok_s_armor_31_30
v -1.420879 1.603628 1.117499
v -1.420880 2.154274 1.117496
v -1.461353 2.153524 1.268549
v -1.461353 1.603628 1.268550
v 1.420879 1.603628 1.117499
v 1.461353 1.603628 1.268550
v 1.461353 2.153524 1.268549
v 1.420880 2.154274 1.117496
vn -0.9659 -0.0000 0.2588
vn 0.9659 -0.0000 0.2588
s 0
f 2495//1814 2496//1814 2493//1814
f 2495//1814 2493//1814 2494//1814
f 2491//1815 2492//1815 2489//1815
f 2491//1815 2489//1815 2490//1815
o Hull_havok_s_armor_13_0
v -0.817065 1.574123 0.130115
v -0.908775 1.574123 0.182993
v -0.935277 1.621943 0.105225
v -0.840894 1.621943 0.049400
v -0.743191 1.621943 -0.000388
v -0.722129 1.574123 0.082953
v -0.642556 1.621943 -0.043943
v -0.624346 1.574123 0.041699
v -0.539385 1.621943 -0.081091
v -0.524099 1.574123 0.006509
v -0.996893 1.574123 0.241385
v -1.100000 1.574123 0.321358
v -1.100000 1.621943 0.224272
v -1.025970 1.621943 0.166868
v -0.421784 1.574123 -0.022473
v -0.434085 1.621943 -0.111688
v -0.317802 1.574123 -0.045132
v -0.327071 1.621943 -0.135611
v -0.218767 1.621943 -0.152767
v -0.212568 1.574123 -0.061384
v -0.109600 1.621943 -0.163087
v -0.106493 1.574123 -0.071161
v 0.743191 1.621943 -0.000388
v 0.722128 1.574123 0.082953
v 0.624345 1.574123 0.041699
v 0.642555 1.621943 -0.043943
v 0.524098 1.574123 0.006509
v 0.539384 1.621943 -0.081091
v 0.421783 1.574123 -0.022473
v 0.434084 1.621943 -0.111688
v 0.317801 1.574123 -0.045132
v 0.327070 1.621943 -0.135611
v 0.212568 1.574123 -0.061384
v 0.218766 1.621943 -0.152767
v 0.106494 1.574123 -0.071161
v 0.109599 1.621943 -0.163087
v 0.000000 1.574123 -0.074425
v 0.000000 1.621943 -0.166532
v 0.996892 1.574123 0.241385
v 1.025969 1.621943 0.166868
v 1.099999 1.621943 0.224272
v 1.099999 1.574123 0.321358
v 0.908775 1.574123 0.182993
v 0.935278 1.621943 0.105225
v 0.817064 1.574123 0.130115
v 0.840893 1.621943 0.049400
vn 0.0726 -0.8857 -0.4586
vn 0.0711 -0.8849 -0.4604
vn 0.0435 -0.8869 -0.4599
vn 0.0425 -0.8864 -0.4610
vn 0.1021 -0.8838 -0.4566
vn 0.1001 -0.8826 -0.4593
vn 0.1623 -0.8777 -0.4508
vn 0.1598 -0.8760 -0.4551
vn 0.1319 -0.8811 -0.4541
vn 0.1296 -0.8797 -0.4576
vn -0.0145 -0.8874 -0.4607
vn -0.0141 -0.8873 -0.4611
vn 0.2574 -0.8628 -0.4352
vn 0.2548 -0.8601 -0.4420
vn 0.2223 -0.8662 -0.4475
vn 0.2250 -0.8686 -0.4415
vn 0.2905 -0.8561 -0.4274
vn 0.2882 -0.8531 -0.4350
vn 0.0145 -0.8874 -0.4607
vn 0.0141 -0.8873 -0.4611
vn 0.3242 -0.8486 -0.4180
vn 0.3242 -0.8486 -0.4181
vn -0.1623 -0.8777 -0.4508
vn -0.1598 -0.8760 -0.4551
vn -0.3242 -0.8486 -0.4181
vn -0.3242 -0.8486 -0.4180
vn -0.1933 -0.8736 -0.4467
vn -0.1906 -0.8715 -0.4519
vn -0.2574 -0.8628 -0.4352
vn -0.2548 -0.8601 -0.4420
vn -0.2250 -0.8686 -0.4415
vn -0.2223 -0.8662 -0.4475
vn -0.2882 -0.8531 -0.4350
vn -0.2905 -0.8561 -0.4274
vn -0.0435 -0.8869 -0.4599
vn -0.0425 -0.8864 -0.4610
vn 0.1933 -0.8736 -0.4467
vn 0.1906 -0.8715 -0.4519
vn -0.0726 -0.8857 -0.4586
vn -0.0711 -0.8849 -0.4604
vn -0.1319 -0.8811 -0.4541
vn -0.1296 -0.8797 -0.4576
vn -0.1021 -0.8838 -0.4566
vn -0.1001 -0.8826 -0.4593
s 0
f 2529//1816 2530//1816 2528//1816
f 2529//1817 2528//1817 2527//1817
f 2531//1818 2532//1818 2530//1818
f 2531//1819 2530//1819 2529//1819
f 2527//1820 2528//1820 2526//1820
f 2527//1821 2526//1821 2525//1821
f 2523//1822 2524//1822 2522//1822
f 2523//1823 2522//1823 2521//1823
f 2525//1824 2526//1824 2524//1824
f 2525//1825 2524//1825 2523//1825
f 2517//1826 2534//1826 2533//1826
f 2517//1827 2533//1827 2518//1827
f 2541//1828 2542//1828 2540//1828
f 2541//1829 2540//1829 2539//1829
f 2542//1830 2541//1830 2520//1830
f 2542//1831 2520//1831 2519//1831
f 2539//1832 2540//1832 2536//1832
f 2539//1833 2536//1833 2535//1833
f 2533//1834 2534//1834 2532//1834
f 2533//1835 2532//1835 2531//1835
f 2537//1836 2538//1836 2535//1836
f 2537//1837 2535//1837 2536//1837
f 2503//1838 2505//1838 2506//1838
f 2503//1839 2506//1839 2504//1839
f 2509//1840 2510//1840 2507//1840
f 2509//1841 2507//1841 2508//1841
f 2501//1842 2503//1842 2504//1842
f 2501//1843 2504//1843 2502//1843
f 2499//1844 2500//1844 2497//1844
f 2499//1845 2497//1845 2498//1845
f 2500//1846 2501//1846 2502//1846
f 2500//1847 2502//1847 2497//1847
f 2498//1848 2507//1848 2510//1848
f 2498//1849 2510//1849 2499//1849
f 2515//1850 2517//1850 2518//1850
f 2515//1851 2518//1851 2516//1851
f 2521//1852 2522//1852 2519//1852
f 2521//1853 2519//1853 2520//1853
f 2514//1854 2515//1854 2516//1854
f 2514//1855 2516//1855 2513//1855
f 2505//1856 2512//1856 2511//1856
f 2505//1857 2511//1857 2506//1857
f 2512//1858 2514//1858 2513//1858
f 2512//1859 2513//1859 2511//1859
o Hull_havok_s_surveyingDevice_1
v -0.094876 1.599320 -2.240764
v -0.094876 1.640517 -2.282987
v 0.095077 1.640517 -2.282987
v 0.095077 1.599320 -2.240764
v 0.095077 1.640517 -2.290990
v -0.094876 1.640517 -2.290990
v 0.095077 1.580530 -2.240766
v -0.094876 1.580530 -2.240766
v 0.095077 1.562784 -2.291000
v -0.094877 1.562784 -2.291000
vn 1.0000 -0.0000 -0.0000
vn -0.0000 -0.0001 1.0000
vn -0.0000 -1.0000 -0.0000
vn -0.0000 0.0001 -1.0000
vn -0.0000 -0.7157 -0.6984
vn -1.0000 -0.0000 -0.0000
s 0
f 2543//1860 2550//1860 2552//1860
f 2543//1860 2552//1860 2544//1860
f 2548//1861 2552//1861 2551//1861
f 2548//1861 2551//1861 2547//1861
f 2548//1862 2547//1862 2545//1862
f 2548//1862 2545//1862 2544//1862
f 2548//1860 2544//1860 2552//1860
f 2546//1863 2549//1863 2550//1863
f 2546//1863 2550//1863 2543//1863
f 2545//1864 2546//1864 2543//1864
f 2545//1864 2543//1864 2544//1864
f 2547//1865 2551//1865 2545//1865
f 2551//1865 2549//1865 2546//1865
f 2551//1865 2546//1865 2545//1865
o Hull_havok_s_armor_1_2
v 0.095077 1.562784 -2.291000
v -0.094877 1.562784 -2.291000
v 0.095077 1.580530 -2.240766
v -0.094877 1.580530 -2.240766
v 1.099999 1.074436 -3.673387
v -1.100000 1.074482 -3.673253
v 1.099999 1.621943 -2.123536
v -1.100000 1.621943 -2.123536
vn -0.0000 -0.9429 0.3331
s 0
f 2556//1866 2555//1866 2559//1866
f 2556//1866 2559//1866 2560//1866
f 2553//1866 2555//1866 2556//1866
f 2553//1866 2556//1866 2554//1866
f 2558//1866 2554//1866 2556//1866
f 2558//1866 2556//1866 2560//1866
f 2557//1866 2553//1866 2554//1866
f 2557//1866 2554//1866 2558//1866
f 2555//1866 2553//1866 2557//1866
f 2555//1866 2557//1866 2559//1866
o Hull_havok_s_armor_2_3
v 0.784755 0.475655 -3.047828
v -1.100000 0.789973 -3.376197
v -0.784756 0.475655 -3.047828
v 1.099999 0.789973 -3.376197
v -1.100000 1.074482 -3.673253
v 1.099999 1.074436 -3.673387
vn 0.0001 0.7224 0.6915
vn -0.0000 0.7224 0.6915
vn -0.0001 0.7222 0.6917
s 0
f 2566//1867 2565//1867 2564//1867
f 2561//1868 2564//1868 2565//1868
f 2561//1869 2565//1869 2562//1869
f 2561//1868 2562//1868 2563//1868
o Hull_havok_s_armor_3_4
v 1.099999 1.302085 2.214257
v 1.099999 1.232119 1.909119
v 1.099999 0.789972 2.805394
v 1.099999 1.433563 2.593275
v 1.099999 1.234880 3.084840
v 1.099999 1.574123 3.084838
v 1.099999 1.574123 2.593275
v 1.099999 1.232119 1.249223
v 1.099999 1.574123 0.565067
v 1.099999 1.574123 0.321358
v 1.099999 1.433563 0.565067
v -1.100000 1.302085 2.214257
v -1.100000 1.433563 2.593275
v -1.100000 0.789972 2.805394
v -1.100000 1.232119 1.909119
v -1.100000 1.234880 3.084840
v -1.100000 1.574123 2.593275
v -1.100000 1.574123 3.084838
v -1.100000 1.232119 1.249223
v 1.099999 1.621943 -2.123537
v 1.099999 0.789972 -3.376199
v 1.099999 1.302086 0.944085
v 1.099999 1.621943 0.224272
v 1.099999 1.074436 -3.673387
v -1.100000 1.621943 -2.123537
v -1.100000 0.789972 -3.376199
v -1.100000 1.433563 0.565067
v -1.100000 1.302086 0.944085
v -1.100000 1.574123 0.321358
v -1.100000 1.621943 0.224272
v -1.100000 1.574123 0.565067
v -1.100000 1.074482 -3.673254
vn -1.0000 -0.0000 -0.0000
vn 1.0000 -0.0000 -0.0000
s 0
f 2576//1870 2589//1870 2586//1870
f 2576//1870 2586//1870 2577//1870
f 2590//1870 2587//1870 2586//1870
f 2586//1870 2587//1870 2569//1870
f 2586//1870 2569//1870 2574//1870
f 2586//1870 2574//1870 2588//1870
f 2586//1870 2588//1870 2577//1870
f 2580//1871 2592//1871 2591//1871
f 2580//1871 2591//1871 2585//1871
f 2597//1871 2593//1871 2595//1871
f 2598//1871 2591//1871 2592//1871
f 2594//1871 2585//1871 2591//1871
f 2594//1871 2591//1871 2593//1871
f 2591//1871 2596//1871 2595//1871
f 2591//1871 2595//1871 2593//1871
f 2572//1870 2573//1870 2570//1870
f 2572//1870 2570//1870 2571//1870
f 2568//1870 2574//1870 2569//1870
f 2567//1870 2568//1870 2569//1870
f 2567//1870 2569//1870 2570//1870
f 2571//1870 2570//1870 2569//1870
f 2575//1870 2576//1870 2577//1870
f 2583//1871 2584//1871 2582//1871
f 2583//1871 2582//1871 2579//1871
f 2581//1871 2580//1871 2585//1871
f 2578//1871 2579//1871 2580//1871
f 2578//1871 2580//1871 2581//1871
f 2582//1871 2580//1871 2579//1871
o Hull_havok_s_armor_4_5
v -1.100000 1.574123 3.084839
v 1.099999 1.574123 3.084839
v 1.099999 1.234880 3.084840
v -1.100000 1.234880 3.084840
vn -0.0000 -0.0000 -1.0000
s 0
f 2601//1872 2602//1872 2599//1872
f 2601//1872 2599//1872 2600//1872
o Hull_havok_s_armor_5_6
v 0.948037 1.574123 0.823136
v 1.100000 1.574123 0.565067
v 1.211057 1.574123 0.699286
v 1.296395 1.574123 0.830696
v 0.756035 1.574123 0.631134
v 1.367531 1.574123 0.970307
v 1.092502 1.574123 1.053050
v 1.423683 1.574123 1.116588
v 0.526120 1.574123 0.486670
v 0.996893 1.574123 0.241385
v 1.212586 1.574123 1.579171
v 1.182183 1.574123 1.309346
v 1.488749 1.574123 1.422697
v 1.496949 1.574123 1.579171
v 1.464237 1.574123 1.267938
v 1.488749 1.574123 1.735644
v 1.182184 1.574123 1.848997
v -1.182183 1.574123 1.309345
v -1.488749 1.574123 1.422697
v -1.464237 1.574123 1.267938
v -1.423683 1.574123 1.116588
v -1.212585 1.574123 1.579171
v -1.496949 1.574123 1.579171
v -1.488749 1.574123 1.735644
v -1.182183 1.574123 1.848996
v -1.464237 1.574123 1.890404
v -1.367532 1.574123 0.970307
v -1.092501 1.574123 1.053050
v -1.296397 1.574123 0.830696
v -1.211058 1.574123 0.699286
v -0.948038 1.574123 0.823136
v -1.100000 1.574123 0.565067
v -0.756035 1.574123 0.631134
v -0.526121 1.574123 2.671672
v -0.269826 1.574123 2.761354
v -1.100000 1.574123 2.593275
v -0.756035 1.574123 2.527208
v -1.211058 1.574123 2.459056
v -1.296396 1.574123 2.327646
v -0.948038 1.574123 2.335206
v -1.092501 1.574123 2.105292
v -1.423683 1.574123 2.041754
v -1.367532 1.574123 2.188035
v 1.367531 1.574123 2.188035
v 1.092502 1.574123 2.105292
v 1.423683 1.574123 2.041754
v 1.464237 1.574123 1.890404
v 1.296395 1.574123 2.327646
v 1.211057 1.574123 2.459056
v 0.948037 1.574123 2.335206
v 1.100000 1.574123 2.593275
v 0.756035 1.574123 2.527208
v 0.526120 1.574123 2.671672
v 1.100000 1.574123 3.084839
v -1.100000 1.574123 3.084839
v 0.000000 1.574123 2.791757
v 0.269826 1.574123 2.761354
v -1.100000 1.621943 -2.123536
v 1.100000 1.621943 -2.123536
v 0.642556 1.621943 -0.043943
v 0.539384 1.621943 -0.081091
v 0.434084 1.621943 -0.111688
v 0.327071 1.621943 -0.135612
v 0.218766 1.621943 -0.152767
v 0.109599 1.621943 -0.163087
v -0.000001 1.621943 -0.166532
v -0.109599 1.621943 -0.163087
v -0.218767 1.621943 -0.152767
v -0.327072 1.621943 -0.135612
v -0.434085 1.621943 -0.111688
v -0.539385 1.621943 -0.081091
v -0.642556 1.621943 -0.043943
v -0.743191 1.621943 -0.000389
v -0.840895 1.621943 0.049399
v -0.935278 1.621943 0.105225
v -1.025970 1.621943 0.166867
v -1.100000 1.621943 0.224272
v 0.743191 1.621943 -0.000389
v 0.840894 1.621943 0.049399
v 0.935277 1.621943 0.105225
v 1.025970 1.621943 0.166867
v 1.100000 1.621943 0.224272
v 0.000000 1.574123 0.366585
v -0.000001 1.574123 -0.074426
v 0.106492 1.574123 -0.071161
v 0.212568 1.574123 -0.061384
v -0.106493 1.574123 -0.071161
v -0.269825 1.574123 0.396987
v -0.212568 1.574123 -0.061384
v -0.317802 1.574123 -0.045132
v 0.317802 1.574123 -0.045132
v 0.269826 1.574123 0.396987
v -0.526121 1.574123 0.486670
v -0.421783 1.574123 -0.022474
v -0.624346 1.574123 0.041699
v -0.524098 1.574123 0.006508
v -1.100000 1.574123 0.321358
v -0.996893 1.574123 0.241385
v -0.908776 1.574123 0.182993
v -0.817065 1.574123 0.130114
v -0.722128 1.574123 0.082953
v 0.908775 1.574123 0.182993
v 0.817065 1.574123 0.130114
v 0.624346 1.574123 0.041699
v 0.722128 1.574123 0.082953
v 1.100000 1.574123 0.321358
v 0.524098 1.574123 0.006508
v 0.421783 1.574123 -0.022474
vn -0.0000 -1.0000 -0.0000
s 0
f 2660//1873 2677//1873 2678//1873
f 2660//1873 2678//1873 2679//1873
f 2660//1873 2675//1873 2676//1873
f 2660//1873 2676//1873 2677//1873
f 2660//1873 2673//1873 2674//1873
f 2660//1873 2674//1873 2675//1873
f 2680//1873 2662//1873 2661//1873
f 2687//1873 2688//1873 2685//1873
f 2687//1873 2685//1873 2686//1873
f 2683//1873 2682//1873 2661//1873
f 2683//1873 2661//1873 2684//1873
f 2681//1873 2680//1873 2661//1873
f 2681//1873 2661//1873 2682//1873
f 2660//1873 2671//1873 2672//1873
f 2660//1873 2672//1873 2673//1873
f 2662//1873 2663//1873 2660//1873
f 2662//1873 2660//1873 2661//1873
f 2656//1873 2659//1873 2655//1873
f 2656//1873 2655//1873 2653//1873
f 2656//1873 2637//1873 2658//1873
f 2656//1873 2658//1873 2659//1873
f 2660//1873 2663//1873 2664//1873
f 2660//1873 2664//1873 2665//1873
f 2660//1873 2669//1873 2670//1873
f 2660//1873 2670//1873 2671//1873
f 2660//1873 2667//1873 2668//1873
f 2660//1873 2668//1873 2669//1873
f 2660//1873 2665//1873 2666//1873
f 2660//1873 2666//1873 2667//1873
f 2611//1873 2705//1873 2704//1873
f 2611//1873 2704//1873 2612//1873
f 2695//1873 2702//1873 2703//1873
f 2695//1873 2703//1873 2697//1873
f 2695//1873 2635//1873 2702//1873
f 2611//1873 2706//1873 2707//1873
f 2611//1873 2707//1873 2705//1873
f 2710//1873 2709//1873 2694//1873
f 2710//1873 2694//1873 2693//1873
f 2694//1873 2709//1873 2706//1873
f 2694//1873 2706//1873 2611//1873
f 2607//1873 2612//1873 2708//1873
f 2607//1873 2708//1873 2604//1873
f 2701//1873 2702//1873 2635//1873
f 2701//1873 2635//1873 2700//1873
f 2691//1873 2690//1873 2692//1873
f 2686//1873 2685//1873 2689//1873
f 2690//1873 2691//1873 2689//1873
f 2690//1873 2689//1873 2685//1873
f 2693//1873 2694//1873 2685//1873
f 2693//1873 2685//1873 2688//1873
f 2699//1873 2700//1873 2635//1873
f 2699//1873 2635//1873 2634//1873
f 2695//1873 2697//1873 2698//1873
f 2695//1873 2698//1873 2696//1873
f 2690//1873 2695//1873 2696//1873
f 2690//1873 2696//1873 2692//1873
f 2624//1873 2625//1873 2621//1873
f 2624//1873 2621//1873 2620//1873
f 2622//1873 2623//1873 2620//1873
f 2622//1873 2620//1873 2621//1873
f 2610//1873 2617//1873 2614//1873
f 2610//1873 2614//1873 2609//1873
f 2624//1873 2627//1873 2626//1873
f 2624//1873 2626//1873 2625//1873
f 2631//1873 2632//1873 2630//1873
f 2631//1873 2630//1873 2629//1873
f 2629//1873 2630//1873 2620//1873
f 2629//1873 2620//1873 2623//1873
f 2626//1873 2627//1873 2628//1873
f 2618//1873 2619//1873 2613//1873
f 2618//1873 2613//1873 2616//1873
f 2606//1873 2608//1873 2609//1873
f 2606//1873 2609//1873 2603//1873
f 2603//1873 2607//1873 2604//1873
f 2605//1873 2606//1873 2603//1873
f 2605//1873 2603//1873 2604//1873
f 2610//1873 2609//1873 2608//1873
f 2615//1873 2614//1873 2617//1873
f 2615//1873 2616//1873 2613//1873
f 2615//1873 2613//1873 2614//1873
f 2607//1873 2611//1873 2612//1873
f 2650//1873 2651//1873 2647//1873
f 2650//1873 2647//1873 2646//1873
f 2649//1873 2648//1873 2619//1873
f 2649//1873 2619//1873 2618//1873
f 2619//1873 2648//1873 2646//1873
f 2619//1873 2646//1873 2647//1873
f 2652//1873 2647//1873 2651//1873
f 2638//1873 2637//1873 2656//1873
f 2638//1873 2656//1873 2657//1873
f 2655//1873 2654//1873 2653//1873
f 2653//1873 2654//1873 2652//1873
f 2653//1873 2652//1873 2651//1873
f 2641//1873 2645//1873 2643//1873
f 2641//1873 2643//1873 2642//1873
f 2636//1873 2637//1873 2638//1873
f 2636//1873 2638//1873 2639//1873
f 2634//1873 2635//1873 2633//1873
f 2634//1873 2633//1873 2632//1873
f 2633//1873 2630//1873 2632//1873
f 2640//1873 2641//1873 2642//1873
f 2640//1873 2642//1873 2638//1873
f 2644//1873 2643//1873 2645//1873
f 2627//1873 2643//1873 2644//1873
f 2627//1873 2644//1873 2628//1873
f 2642//1873 2639//1873 2638//1873
o Hull_havok_s_armor_6_7
v -0.784756 0.475655 -3.047829
v -1.100000 0.789972 -3.376197
v -1.100000 0.789972 2.805394
v -0.785684 0.475655 2.607972
v 1.099999 0.789972 2.805394
v 1.099999 0.789972 -3.376197
v 0.784755 0.475655 -3.047829
v 0.785683 0.475655 2.607972
vn -0.7071 0.7071 0.0001
vn -0.7061 0.7081 -0.0000
vn 0.7071 0.7071 0.0001
vn 0.7061 0.7081 -0.0000
s 0
f 2717//1874 2718//1874 2715//1874
f 2717//1875 2715//1875 2716//1875
f 2713//1876 2714//1876 2711//1876
f 2713//1877 2711//1877 2712//1877
o Hull_havok_s_armor_7_8
v -1.423683 1.574123 2.041753
v -1.423683 1.433563 2.041753
v -1.464237 1.433563 1.890404
v -1.464237 1.574123 1.890404
v -1.488749 1.433563 1.735645
v -1.488749 1.574123 1.735645
v -1.496949 1.433563 1.579171
v -1.496949 1.574123 1.579171
v -1.488749 1.433563 1.422697
v -1.488749 1.574123 1.422697
v -1.423683 1.433563 1.116588
v -1.423683 1.574123 1.116588
v -1.464237 1.574123 1.267938
v -1.464237 1.433563 1.267938
v -1.296396 1.574123 2.327646
v -1.296396 1.433563 2.327646
v -1.367532 1.433563 2.188035
v -1.367532 1.574123 2.188035
v -1.211058 1.574123 2.459055
v -1.211058 1.433563 2.459055
v 1.100000 1.574123 2.593275
v 1.211057 1.574123 2.459055
v 1.211057 1.433563 2.459055
v 1.100000 1.433563 2.593275
v 1.296395 1.433563 2.327646
v 1.296395 1.574123 2.327646
v 1.367531 1.574123 2.188035
v 1.367531 1.433563 2.188035
v 1.423683 1.433563 2.041753
v 1.423683 1.574123 2.041753
v 1.464237 1.574123 1.890404
v 1.464237 1.433563 1.890404
v 1.488749 1.574123 1.735645
v 1.488749 1.433563 1.735645
v 1.496949 1.433563 1.579171
v 1.496949 1.574123 1.579171
v 1.488749 1.574123 1.422697
v 1.488749 1.433563 1.422697
v 1.423683 1.433563 1.116588
v 1.464237 1.433563 1.267938
v 1.464237 1.574123 1.267938
v 1.423683 1.574123 1.116588
v -1.100000 1.574123 2.593275
v -1.100000 1.433563 2.593275
vn -0.9659 -0.0000 -0.2588
vn -0.9877 -0.0000 -0.1564
vn -0.9336 -0.0000 -0.3584
vn -0.8387 -0.0000 -0.5446
vn -0.8910 -0.0000 -0.4540
vn -0.9877 -0.0000 0.1564
vn 0.7705 -0.0000 -0.6375
vn -0.9659 -0.0000 0.2588
vn -0.9986 -0.0000 -0.0523
vn -0.9986 -0.0000 0.0523
vn 0.9986 -0.0000 0.0523
vn 0.9659 -0.0000 0.2588
vn 0.9986 -0.0000 -0.0523
vn 0.9659 -0.0000 -0.2588
vn 0.9877 -0.0000 -0.1564
vn 0.8387 -0.0000 -0.5446
vn -0.7705 -0.0000 -0.6375
vn 0.9336 -0.0000 -0.3584
vn 0.9877 -0.0000 0.1564
vn 0.8910 -0.0000 -0.4540
s 0
f 2748//1878 2749//1878 2750//1878
f 2748//1878 2750//1878 2747//1878
f 2749//1879 2751//1879 2752//1879
f 2749//1879 2752//1879 2750//1879
f 2745//1880 2748//1880 2747//1880
f 2745//1880 2747//1880 2746//1880
f 2740//1881 2744//1881 2743//1881
f 2740//1881 2743//1881 2741//1881
f 2744//1882 2745//1882 2746//1882
f 2744//1882 2746//1882 2743//1882
f 2755//1883 2759//1883 2758//1883
f 2755//1883 2758//1883 2756//1883
f 2761//1884 2762//1884 2738//1884
f 2761//1884 2738//1884 2737//1884
f 2759//1885 2760//1885 2757//1885
f 2759//1885 2757//1885 2758//1885
f 2751//1886 2754//1886 2753//1886
f 2751//1886 2753//1886 2752//1886
f 2754//1887 2755//1887 2756//1887
f 2754//1887 2756//1887 2753//1887
f 2727//1888 2728//1888 2726//1888
f 2727//1888 2726//1888 2725//1888
f 2731//1889 2732//1889 2729//1889
f 2731//1889 2729//1889 2730//1889
f 2725//1890 2726//1890 2724//1890
f 2725//1890 2724//1890 2723//1890
f 2721//1891 2722//1891 2719//1891
f 2721//1891 2719//1891 2720//1891
f 2723//1892 2724//1892 2722//1892
f 2723//1892 2722//1892 2721//1892
f 2737//1893 2738//1893 2734//1893
f 2737//1893 2734//1893 2733//1893
f 2741//1894 2742//1894 2739//1894
f 2741//1894 2739//1894 2740//1894
f 2736//1895 2735//1895 2720//1895
f 2736//1895 2720//1895 2719//1895
f 2732//1896 2731//1896 2728//1896
f 2732//1896 2728//1896 2727//1896
f 2735//1897 2736//1897 2733//1897
f 2735//1897 2733//1897 2734//1897
o Hull_havok_s_armor_9_9
v 1.464237 1.433563 1.890404
v 1.488749 1.433563 1.735644
v 1.133783 1.232119 1.758744
v 1.100000 1.232119 1.909120
v 1.149490 1.232119 1.579171
v 1.496949 1.433563 1.579171
v 1.423683 1.433563 2.041754
v 1.100000 1.302085 2.214256
v 1.367531 1.433563 2.188035
v 1.211057 1.433563 2.459055
v 1.296395 1.433563 2.327646
v 1.100000 1.433563 2.593275
v -1.423683 1.433563 2.041754
v -1.367532 1.433563 2.188035
v -1.100000 1.302085 2.214256
v -1.100000 1.232119 1.909120
v -1.464237 1.433563 1.890404
v -1.133784 1.232119 1.758744
v -1.488749 1.433563 1.735644
v -1.211058 1.433563 2.459055
v -1.100000 1.433563 2.593275
v -1.296396 1.433563 2.327646
v -1.100000 1.302085 0.944085
v -1.367532 1.433563 0.970307
v -1.423683 1.433563 1.116588
v -1.100000 1.232119 1.249223
v -1.464237 1.433563 1.267937
v -1.488749 1.433563 1.422697
v -1.133784 1.232119 1.399597
v -1.149492 1.232119 1.579171
v -1.496949 1.433563 1.579171
v -1.100000 1.433563 0.565067
v -1.211058 1.433563 0.699286
v -1.296397 1.433563 0.830696
v 1.133783 1.232119 1.399597
v 1.488749 1.433563 1.422697
v 1.464237 1.433563 1.267937
v 1.100000 1.232119 1.249223
v 1.423683 1.433563 1.116588
v 1.367531 1.433563 0.970307
v 1.100000 1.302085 0.944085
v 1.296395 1.433563 0.830696
v 1.211057 1.433563 0.699286
v 1.100000 1.433563 0.565067
vn 0.5014 0.8648 -0.0263
vn 0.4952 0.8677 -0.0433
vn 0.3682 0.8784 0.3047
vn 0.4211 0.8648 0.2735
vn 0.4474 0.8648 0.2279
vn 0.4850 0.8648 0.1299
vn 0.4959 0.8648 0.0785
vn 0.4854 0.8675 0.1090
vn 0.5014 0.8648 0.0263
vn 0.4952 0.8677 0.0433
vn -0.4850 0.8648 0.1299
vn -0.3682 0.8784 0.3047
vn -0.4211 0.8648 0.2735
vn -0.4474 0.8648 0.2279
vn -0.4854 0.8675 0.1090
vn -0.4959 0.8648 0.0785
vn -0.4952 0.8677 0.0433
vn -0.5014 0.8648 0.0263
vn -0.4480 0.8773 0.1720
vn -0.4579 0.8665 0.1987
vn -0.4850 0.8648 -0.1299
vn -0.3682 0.8784 -0.3047
vn -0.4211 0.8648 -0.2735
vn -0.4474 0.8648 -0.2279
vn -0.4854 0.8675 -0.1090
vn -0.4959 0.8648 -0.0785
vn -0.5014 0.8648 -0.0263
vn -0.4952 0.8677 -0.0433
vn -0.4480 0.8773 -0.1720
vn -0.4579 0.8665 -0.1987
vn 0.3682 0.8784 -0.3047
vn 0.4211 0.8648 -0.2735
vn 0.4474 0.8648 -0.2279
vn 0.4579 0.8665 0.1987
vn 0.4480 0.8773 0.1720
vn 0.4579 0.8665 -0.1987
vn 0.4480 0.8773 -0.1720
vn 0.4850 0.8648 -0.1299
vn 0.4959 0.8648 -0.0785
vn 0.4854 0.8675 -0.1090
s 0
f 2792//1898 2793//1898 2781//1898
f 2792//1899 2781//1899 2780//1899
f 2785//1900 2794//1900 2795//1900
f 2785//1901 2795//1901 2796//1901
f 2796//1902 2786//1902 2785//1902
f 2787//1903 2789//1903 2788//1903
f 2789//1904 2790//1904 2791//1904
f 2789//1905 2791//1905 2788//1905
f 2790//1906 2793//1906 2792//1906
f 2790//1907 2792//1907 2791//1907
f 2799//1908 2801//1908 2800//1908
f 2805//1909 2806//1909 2803//1909
f 2805//1910 2803//1910 2804//1910
f 2803//1911 2802//1911 2804//1911
f 2799//1912 2800//1912 2797//1912
f 2799//1913 2797//1913 2798//1913
f 2798//1914 2797//1914 2767//1914
f 2798//1915 2767//1915 2768//1915
f 2801//1916 2802//1916 2803//1916
f 2801//1917 2803//1917 2800//1917
f 2766//1918 2769//1918 2763//1918
f 2770//1919 2774//1919 2772//1919
f 2770//1920 2772//1920 2773//1920
f 2771//1921 2770//1921 2773//1921
f 2765//1922 2766//1922 2763//1922
f 2765//1923 2763//1923 2764//1923
f 2764//1924 2768//1924 2767//1924
f 2764//1925 2767//1925 2765//1925
f 2770//1926 2771//1926 2769//1926
f 2770//1927 2769//1927 2766//1927
f 2782//1928 2783//1928 2777//1928
f 2782//1929 2777//1929 2784//1929
f 2776//1930 2784//1930 2777//1930
f 2787//1931 2788//1931 2785//1931
f 2787//1932 2785//1932 2786//1932
f 2777//1933 2778//1933 2775//1933
f 2777//1934 2775//1934 2776//1934
f 2779//1935 2775//1935 2778//1935
f 2780//1936 2781//1936 2779//1936
f 2780//1937 2779//1937 2778//1937
o Hull_havok_s_armor_10_10
v -1.133784 1.232119 1.399597
v -1.133784 1.232119 1.758744
v -1.100000 1.232119 1.909119
v -1.100000 1.232119 1.249222
v -1.149492 1.232119 1.579170
v -0.785683 0.475655 2.607971
v 0.785683 0.475655 2.607971
v 0.784755 0.475655 -3.047828
v -0.784756 0.475655 -3.047828
v 1.133783 1.232119 1.399597
v 1.099999 1.232119 1.249222
v 1.099999 1.232119 1.909119
v 1.133783 1.232119 1.758744
v 1.149491 1.232119 1.579170
vn -0.0000 1.0000 -0.0000
s 0
f 2818//1938 2819//1938 2816//1938
f 2818//1938 2816//1938 2817//1938
f 2816//1938 2819//1938 2820//1938
f 2814//1938 2815//1938 2812//1938
f 2814//1938 2812//1938 2813//1938
f 2809//1938 2810//1938 2807//1938
f 2809//1938 2807//1938 2808//1938
f 2808//1938 2807//1938 2811//1938
o Hull_havok_s_armor_8_11
v -1.092501 1.574123 1.053050
v 0.756034 1.574123 2.527208
v 0.526121 1.574123 2.671673
v 0.269825 1.574123 2.761354
v -0.000000 1.574123 2.791757
v -0.269826 1.574123 2.761354
v -0.526122 1.574123 2.671673
v -0.756035 1.574123 2.527208
v -0.948037 1.574123 2.335206
v -1.092501 1.574123 2.105292
v -1.182183 1.574123 1.848996
v -1.212585 1.574123 1.579171
v -1.182183 1.574123 1.309345
v 1.092502 1.574123 2.105292
v 0.948038 1.574123 2.335206
v 1.182184 1.574123 1.848996
v 1.182184 1.574123 1.309345
v 1.212586 1.574123 1.579171
v 0.269825 1.574123 0.396988
v 0.526121 1.574123 0.486669
v 0.756034 1.574123 0.631133
v -0.269826 1.574123 0.396988
v -0.000000 1.574123 0.366586
v -0.526120 1.574123 0.486669
v -0.948037 1.574123 0.823136
v -0.756035 1.574123 0.631133
v 0.948038 1.574123 0.823136
v 1.092502 1.574123 1.053050
vn -0.0000 -1.0000 -0.0000
s 0
f 2821//1939 2842//1939 2843//1939
f 2821//1939 2843//1939 2839//1939
f 2840//1939 2841//1939 2821//1939
f 2840//1939 2821//1939 2839//1939
f 2821//1939 2837//1939 2838//1939
f 2821//1939 2838//1939 2836//1939
f 2842//1939 2821//1939 2844//1939
f 2837//1939 2821//1939 2848//1939
f 2847//1939 2848//1939 2821//1939
f 2847//1939 2821//1939 2841//1939
f 2821//1939 2845//1939 2846//1939
f 2821//1939 2846//1939 2844//1939
f 2834//1939 2821//1939 2836//1939
f 2827//1939 2828//1939 2821//1939
f 2827//1939 2821//1939 2826//1939
f 2825//1939 2826//1939 2821//1939
f 2825//1939 2821//1939 2824//1939
f 2823//1939 2824//1939 2821//1939
f 2823//1939 2821//1939 2822//1939
f 2829//1939 2830//1939 2821//1939
f 2829//1939 2821//1939 2828//1939
f 2821//1939 2834//1939 2835//1939
f 2821//1939 2835//1939 2822//1939
f 2831//1939 2821//1939 2830//1939
f 2832//1939 2833//1939 2821//1939
f 2832//1939 2821//1939 2831//1939
o Hull_havok_s_armor_11_12
v -0.785684 0.475655 2.607971
v -1.100000 0.789973 2.805394
v 0.785683 0.475655 2.607971
v -1.100000 1.234880 3.084840
v 1.099999 0.789973 2.805394
v 1.099999 1.234880 3.084840
vn -0.0000 0.5319 -0.8468
s 0
f 2854//1940 2853//1940 2852//1940
f 2852//1940 2853//1940 2851//1940
f 2852//1940 2851//1940 2850//1940
f 2849//1940 2850//1940 2851//1940
o Hull_havok_s_armor_12_13
v -0.800124 1.688500 3.392018
v -0.800120 1.583200 3.392024
v -0.800122 0.880218 2.872940
v -0.800120 1.551624 3.399609
v -0.800123 0.836980 2.940671
v -0.800122 0.775629 3.036783
v -0.800122 0.773318 3.040410
v -0.800122 0.718530 3.005436
v -0.800123 0.820626 2.966293
v -0.800122 1.401302 3.625670
v -0.800122 1.401302 3.747252
v 0.800329 0.775629 3.036783
v 0.800331 1.401305 3.747252
v 0.800332 1.401302 3.625670
v 0.800329 0.820626 2.966293
v 0.800329 1.688500 3.392018
v 0.800329 0.880218 2.872940
v 0.800329 1.583200 3.392024
v 0.800329 1.551624 3.399609
v 0.800329 0.836980 2.940671
v 1.500000 1.485114 3.430848
v 1.500002 1.448581 3.462046
v -1.499999 1.448581 3.462046
v -1.500000 1.485114 3.430848
v -1.499999 1.526067 3.405741
v 1.500002 1.526067 3.405741
v -1.499999 1.583200 3.392024
v -1.499996 1.401313 3.556519
v -1.500000 1.423473 3.503020
v 1.500000 1.423473 3.503020
v 1.500000 1.401313 3.556519
v 1.469998 1.401315 3.764434
v -1.469997 1.401315 3.764434
v 1.500000 1.401315 3.764434
v -1.500000 1.401315 3.764434
v 1.469998 1.401317 3.776229
v 1.470000 1.311314 3.669093
v -1.469995 1.311314 3.669093
v -1.469997 1.401317 3.776229
v 1.500002 1.804090 3.392025
v -1.499999 1.804090 3.392025
v 1.500002 1.583200 3.392024
v 1.500000 1.863569 3.342116
v -1.500000 1.863569 3.342116
v 0.800331 0.664994 2.726896
v 0.800329 0.618315 2.737395
v 0.800329 0.596302 2.752905
v 0.800329 0.581900 2.775660
v 0.800329 0.577302 2.802193
v 0.800329 0.583208 2.828465
v 0.800331 0.885174 2.865189
v 0.800329 0.718530 3.005436
v 0.800329 0.773318 3.040410
v -0.800122 0.618315 2.737395
v -0.800122 0.664994 2.726896
v -0.800122 0.596302 2.752905
v -0.800122 0.577302 2.802193
v -0.800122 0.581900 2.775660
v -0.800122 0.583208 2.828465
v -0.800122 0.885174 2.865189
vn -1.0000 -0.0000 -0.0000
vn -0.0000 -0.6428 -0.7660
vn -0.0000 -0.0000 -1.0000
vn -0.0000 -1.0000 0.0002
vn -0.0000 -0.2335 -0.9724
vn 1.0000 -0.0000 -0.0000
vn -1.0000 0.0001 -0.0001
vn -0.0000 0.7657 -0.6432
vn -0.0000 -0.6494 -0.7604
vn 1.0000 -0.0000 -0.0001
vn -0.0000 -1.0000 -0.0000
vn -0.0000 -0.8526 -0.5225
vn -0.0000 -0.5226 -0.8525
vn -0.0000 -0.5227 -0.8525
vn -0.0000 -0.9239 -0.3827
s 0
f 2900//1941 2901//1941 2874//1941
f 2900//1941 2874//1941 2899//1941
f 2895//1942 2898//1942 2897//1942
f 2895//1942 2897//1942 2894//1942
f 2874//1941 2903//1941 2904//1941
f 2902//1941 2903//1941 2874//1941
f 2902//1941 2874//1941 2901//1941
f 2881//1943 2895//1943 2894//1943
f 2881//1943 2894//1943 2856//1943
f 2890//1944 2893//1944 2887//1944
f 2890//1944 2887//1944 2886//1944
f 2896//1945 2880//1945 2872//1945
f 2896//1943 2872//1943 2894//1943
f 2856//1943 2894//1943 2872//1943
f 2911//1946 2859//1946 2913//1946
f 2859//1946 2911//1946 2912//1946
f 2859//1946 2912//1946 2910//1946
f 2863//1946 2862//1946 2913//1946
f 2863//1946 2913//1946 2859//1946
f 2857//1946 2859//1946 2909//1946
f 2857//1946 2909//1946 2914//1946
f 2904//1941 2906//1941 2869//1941
f 2904//1941 2869//1941 2874//1941
f 2899//1941 2874//1941 2871//1941
f 2899//1947 2871//1947 2905//1947
f 2859//1946 2910//1946 2908//1946
f 2859//1946 2908//1946 2909//1946
f 2866//1941 2869//1941 2906//1941
f 2866//1941 2906//1941 2907//1941
f 2892//1948 2893//1948 2890//1948
f 2892//1948 2890//1948 2891//1948
f 2870//1941 2871//1941 2872//1941
f 2868//1941 2869//1941 2866//1941
f 2868//1941 2866//1941 2867//1941
f 2877//1949 2878//1949 2875//1949
f 2877//1949 2875//1949 2876//1949
f 2871//1941 2874//1941 2873//1941
f 2871//1941 2873//1941 2872//1941
f 2858//1946 2859//1946 2857//1946
f 2858//1946 2857//1946 2856//1946
f 2855//1950 2856//1950 2857//1950
f 2864//1946 2865//1946 2860//1946
f 2864//1946 2860//1946 2863//1946
f 2860//1946 2861//1946 2862//1946
f 2860//1946 2862//1946 2863//1946
f 2886//1951 2887//1951 2882//1951
f 2886//1951 2882//1951 2885//1951
f 2876//1952 2884//1952 2883//1952
f 2876//1952 2883//1952 2877//1952
f 2889//1951 2882//1951 2887//1951
f 2888//1951 2886//1951 2885//1951
f 2880//1945 2879//1945 2856//1945
f 2880//1945 2856//1945 2872//1945
f 2878//1953 2879//1953 2880//1953
f 2878//1954 2880//1954 2875//1954
f 2884//1955 2885//1955 2882//1955
f 2884//1955 2882//1955 2883//1955
f 2881//1945 2856//1945 2879//1945
o Hull_havok_s_armor_14_14
v -1.367532 1.433563 0.970307
v -1.367532 1.574123 0.970307
v -1.423683 1.574123 1.116588
v -1.423683 1.433563 1.116588
v 1.367531 1.433563 0.970307
v 1.423683 1.433563 1.116588
v 1.423683 1.574123 1.116588
v 1.367531 1.574123 0.970307
vn -0.9336 -0.0000 0.3584
vn 0.9336 -0.0000 0.3584
s 0
f 2921//1956 2922//1956 2919//1956
f 2921//1956 2919//1956 2920//1956
f 2917//1957 2918//1957 2915//1957
f 2917//1957 2915//1957 2916//1957
o Hull_havok_s_armor_15_15
v -1.100001 1.433563 0.565067
v -1.100001 1.574123 0.565067
v -1.211057 1.574123 0.699286
v -1.211057 1.433563 0.699286
v 1.100000 1.433563 0.565067
v 1.211057 1.433563 0.699286
v 1.211057 1.574123 0.699286
v 1.100000 1.574123 0.565067
vn -0.7705 -0.0000 0.6375
vn 0.7705 -0.0000 0.6375
s 0
f 2929//1958 2930//1958 2927//1958
f 2929//1958 2927//1958 2928//1958
f 2925//1959 2926//1959 2923//1959
f 2925//1959 2923//1959 2924//1959
o Hull_havok_s_armor_16_16
v -1.367531 1.574123 0.970307
v -1.367531 1.433563 0.970307
v -1.296396 1.433563 0.830696
v -1.296396 1.574123 0.830696
v 1.296396 1.574123 0.830696
v 1.211057 1.574123 0.699286
v 1.211057 1.433563 0.699286
v 1.296396 1.433563 0.830696
v 1.367531 1.433563 0.970307
v 1.367531 1.574123 0.970307
v -1.211057 1.433563 0.699286
v -1.211057 1.574123 0.699286
vn -0.8910 -0.0000 0.4540
vn 0.8387 -0.0000 0.5446
vn 0.8910 -0.0000 0.4540
vn -0.8387 -0.0000 0.5446
s 0
f 2938//1960 2939//1960 2940//1960
f 2938//1960 2940//1960 2935//1960
f 2941//1961 2942//1961 2934//1961
f 2941//1961 2934//1961 2933//1961
f 2933//1962 2934//1962 2931//1962
f 2933//1962 2931//1962 2932//1962
f 2937//1963 2938//1963 2935//1963
f 2937//1963 2935//1963 2936//1963
o Gun_01_havok_s_armor_2_0
v -0.065095 1.902476 -0.603915
v -0.095209 1.915214 -0.603915
v -0.268364 1.778502 -0.246522
v -0.188074 1.739697 -0.213465
v -0.324950 1.818525 -0.275701
v -0.122817 1.932932 -0.603915
v -0.351563 1.843899 -0.292070
v -0.147780 1.954664 -0.603915
v -0.360959 1.863621 -0.310428
v -0.387806 1.912251 -0.342549
v -0.100081 1.715482 -0.191749
v -0.032905 1.894993 -0.603915
v -0.000000 1.892478 -0.603915
v -0.000000 1.705926 -0.181492
v -0.204548 2.067713 -0.603915
v -0.206803 2.099598 -0.603915
v -0.435157 2.099597 -0.389967
v -0.432349 2.052320 -0.386696
v -0.196776 2.035712 -0.603915
v -0.424008 2.005613 -0.377658
v -0.185050 2.005527 -0.603915
v -0.204548 2.131483 -0.603915
v -0.432337 2.146873 -0.386707
v -0.168938 1.979487 -0.603915
v -0.407845 1.959761 -0.364963
v -0.297528 2.400815 -0.262506
v -0.325431 2.378822 -0.277768
v -0.095209 2.283979 -0.603915
v -0.267742 2.420196 -0.247807
v -0.232174 2.439819 -0.231955
v -0.348368 2.354049 -0.296425
v -0.122817 2.266263 -0.603915
v -0.147780 2.244529 -0.603915
v -0.360959 2.335571 -0.310427
v -0.065095 2.296717 -0.603915
v -0.187622 2.458899 -0.214900
v -0.149508 2.471885 -0.203006
v -0.032905 2.304200 -0.603915
v -0.100129 2.483839 -0.191454
v -0.052366 2.490576 -0.184519
v -0.388439 2.285351 -0.343229
v -0.408283 2.237881 -0.365458
v -0.168938 2.219709 -0.603915
v -0.424398 2.191518 -0.378045
v -0.196776 2.163480 -0.603915
v -0.185050 2.193668 -0.603915
v 0.065095 1.902476 -0.603915
v 0.188073 1.739697 -0.213465
v 0.268364 1.778502 -0.246522
v 0.095209 1.915214 -0.603915
v 0.324950 1.818525 -0.275701
v 0.351563 1.843899 -0.292070
v 0.122817 1.932932 -0.603915
v 0.147780 1.954664 -0.603915
v 0.360959 1.863621 -0.310428
v 0.387806 1.912251 -0.342549
v 0.032905 1.894993 -0.603915
v 0.100081 1.715482 -0.191749
v 0.204548 2.067713 -0.603915
v 0.432349 2.052320 -0.386696
v 0.435157 2.099597 -0.389967
v 0.206803 2.099598 -0.603915
v 0.196776 2.035712 -0.603915
v 0.424008 2.005613 -0.377658
v 0.185050 2.005527 -0.603915
v 0.204548 2.131483 -0.603915
v 0.432337 2.146873 -0.386707
v 0.168938 1.979487 -0.603915
v 0.407845 1.959761 -0.364963
v 0.095209 2.283979 -0.603915
v 0.325431 2.378822 -0.277768
v 0.297529 2.400815 -0.262506
v 0.267742 2.420196 -0.247807
v 0.232174 2.439819 -0.231955
v 0.122817 2.266263 -0.603915
v 0.348368 2.354049 -0.296425
v 0.147780 2.244529 -0.603915
v 0.360959 2.335571 -0.310427
v 0.388439 2.285351 -0.343229
v 0.168938 2.219709 -0.603915
v 0.408283 2.237881 -0.365458
v 0.424398 2.191518 -0.378045
v 0.185050 2.193668 -0.603915
v 0.196776 2.163480 -0.603915
v 0.032905 2.304200 -0.603915
v 0.065095 2.296717 -0.603915
v 0.149508 2.471885 -0.203006
v 0.100129 2.483839 -0.191454
v 0.187622 2.458899 -0.214900
v 0.052366 2.490576 -0.184519
v -0.000000 2.493266 -0.181491
v -0.000000 2.306715 -0.603915
v -0.046159 2.397925 -0.183669
v -0.000000 2.399429 -0.181491
v 0.046159 2.397925 -0.183669
vn -0.5751 0.5347 0.6192
vn -0.5931 0.5055 0.6267
vn -0.6840 -0.0907 0.7238
vn -0.6829 -0.0483 0.7289
vn -0.6643 0.2581 0.7015
vn -0.6652 0.2546 0.7019
vn -0.2665 -0.8501 0.4543
vn -0.3089 -0.8287 0.4667
vn -0.3611 -0.7957 0.4863
vn -0.6341 0.3923 0.6664
vn -0.6286 0.4054 0.6637
vn -0.6749 0.1639 0.7194
vn -0.5026 0.6523 0.5674
vn -0.4412 0.7150 0.5423
vn -0.5387 0.6188 0.5718
vn -0.4054 0.7564 0.5133
vn -0.4578 0.7133 0.5306
vn -0.6829 0.0483 0.7289
vn -0.6840 0.0907 0.7238
vn -0.0696 0.9104 0.4078
vn -0.0459 0.9138 0.4036
vn -0.1448 0.8983 0.4148
vn -0.2043 0.8790 0.4308
vn -0.4028 -0.7586 0.5121
vn -0.4578 -0.7134 0.5306
vn -0.0692 -0.9104 0.4078
vn -0.2103 -0.8771 0.4319
vn -0.3443 -0.8140 0.4678
vn -0.1705 -0.8893 0.4244
vn -0.0000 0.8228 -0.5683
vn 0.0236 -0.9145 0.4039
vn 0.0696 -0.9104 0.4078
vn -0.0236 -0.9145 0.4039
vn -0.0696 -0.9104 0.4078
vn -0.1219 -0.9026 0.4130
vn -0.2047 -0.8804 0.4278
vn -0.5772 -0.5316 0.6199
vn -0.5930 -0.5056 0.6267
vn -0.5061 -0.6484 0.5687
vn -0.4430 -0.7133 0.5431
vn -0.5387 -0.6187 0.5718
vn -0.6310 -0.3998 0.6648
vn -0.6341 -0.3923 0.6663
vn -0.6749 -0.1639 0.7194
vn -0.6643 -0.2580 0.7015
vn -0.6652 -0.2545 0.7020
vn -0.3328 0.8156 0.4733
vn 0.6643 0.2581 0.7015
vn 0.6652 0.2546 0.7019
vn 0.6749 0.1639 0.7194
vn 0.6840 0.0907 0.7238
vn 0.6829 0.0483 0.7289
vn 0.6341 0.3923 0.6664
vn 0.6286 0.4054 0.6637
vn 0.5751 0.5347 0.6192
vn 0.5931 0.5055 0.6267
vn 0.6840 -0.0907 0.7238
vn 0.6829 -0.0483 0.7289
vn 0.0459 0.9138 0.4036
vn 0.0696 0.9104 0.4078
vn 0.4054 0.7564 0.5133
vn 0.4578 0.7133 0.5306
vn 0.3328 0.8156 0.4733
vn 0.2392 0.8671 0.4369
vn 0.3426 0.8100 0.4759
vn 0.1448 0.8983 0.4148
vn 0.2043 0.8790 0.4308
vn 0.5026 0.6523 0.5674
vn 0.4412 0.7150 0.5423
vn 0.5387 0.6188 0.5718
vn 0.3089 -0.8287 0.4667
vn 0.3611 -0.7957 0.4863
vn 0.6643 -0.2580 0.7015
vn 0.6652 -0.2545 0.7020
vn 0.5772 -0.5316 0.6199
vn 0.5931 -0.5056 0.6267
vn 0.5061 -0.6484 0.5687
vn -0.2392 0.8671 0.4369
vn -0.3426 0.8100 0.4759
vn 0.6310 -0.3998 0.6648
vn 0.6341 -0.3923 0.6663
vn 0.6749 -0.1639 0.7194
vn 0.0692 -0.9104 0.4078
vn 0.4430 -0.7133 0.5431
vn 0.5387 -0.6187 0.5718
vn 0.4028 -0.7586 0.5121
vn 0.4578 -0.7134 0.5306
vn 0.2665 -0.8501 0.4543
vn 0.1219 -0.9026 0.4130
vn 0.2047 -0.8804 0.4278
vn 0.1705 -0.8893 0.4244
vn 0.2103 -0.8771 0.4319
vn 0.3443 -0.8140 0.4678
s 0
f 2998//1964 3011//1964 3010//1964
f 2998//1965 3010//1965 2996//1965
f 3003//1966 3009//1966 3008//1966
f 3003//1967 3008//1967 3004//1967
f 3005//1968 3007//1968 3006//1968
f 3005//1969 3006//1969 3002//1969
f 3016//1970 3012//1970 3015//1970
f 3014//1971 3015//1971 3012//1971
f 3014//1972 3012//1972 3013//1972
f 3007//1973 3010//1973 3011//1973
f 3007//1974 3011//1974 3006//1974
f 3005//1975 3002//1975 3001//1975
f 2997//1976 2998//1976 2996//1976
f 2994//1977 2997//1977 2996//1977
f 2994//1978 2996//1978 2995//1978
f 2993//1979 2994//1979 2995//1979
f 2993//1980 2995//1980 2992//1980
f 3003//1981 3004//1981 3001//1981
f 3003//1982 3001//1982 3002//1982
f 3000//1983 2999//1983 2955//1983
f 3000//1984 2955//1984 2956//1984
f 2999//1985 3000//1985 2990//1985
f 2999//1986 2990//1986 2989//1986
f 3017//1987 3018//1987 3013//1987
f 3017//1988 3013//1988 3012//1988
f 3030//1989 3032//1989 3027//1989
f 3016//1990 3031//1990 3028//1990
f 3016//1991 3028//1991 3012//1991
f 3029//1992 3028//1992 3031//1992
f 3035//1993 3036//1993 3037//1993
f 3034//1994 3033//1994 2982//1994
f 3034//1995 2982//1995 2980//1995
f 3032//1996 3033//1996 3034//1996
f 3032//1997 3034//1997 3027//1997
f 3029//1998 3030//1998 3027//1998
f 3029//1999 3027//1999 3028//1999
f 3022//2000 3023//2000 3021//2000
f 3022//2001 3021//2001 3019//2001
f 3019//2002 3021//2002 3020//2002
f 3019//2003 3020//2003 3018//2003
f 3019//2004 3018//2004 3017//2004
f 3025//2005 3024//2005 3023//2005
f 3025//2006 3023//2006 3022//2006
f 3008//2007 3009//2007 3026//2007
f 3024//2008 3025//2008 3026//2008
f 3024//2009 3026//2009 3009//2009
f 2991//2010 2993//2010 2992//2010
f 2962//2011 2963//2011 2961//2011
f 2962//2012 2961//2012 2960//2012
f 2961//2013 2957//2013 2960//2013
f 2959//2014 2960//2014 2957//2014
f 2959//2015 2957//2015 2958//2015
f 2967//2016 2966//2016 2963//2016
f 2967//2017 2963//2017 2962//2017
f 2966//2018 2967//2018 2952//2018
f 2966//2019 2952//2019 2950//2019
f 2964//2020 2965//2020 2959//2020
f 2964//2021 2959//2021 2958//2021
f 2953//2022 2956//2022 2955//2022
f 2953//2023 2955//2023 2954//2023
f 2948//2024 2949//2024 2947//2024
f 2948//2025 2947//2025 2944//2025
f 2947//2026 2945//2026 2944//2026
f 2945//2027 2946//2027 2943//2027
f 2945//2028 2943//2028 2944//2028
f 2946//2029 2953//2029 2954//2029
f 2946//2030 2954//2030 2943//2030
f 2951//2031 2950//2031 2952//2031
f 2950//2032 2951//2032 2949//2032
f 2950//2033 2949//2033 2948//2033
f 2970//2034 2971//2034 2968//2034
f 2970//2035 2968//2035 2969//2035
f 2987//2036 2988//2036 2986//2036
f 2987//2037 2986//2037 2965//2037
f 2983//2038 2984//2038 2985//2038
f 2983//2039 2985//2039 2975//2039
f 2975//2040 2976//2040 2983//2040
f 2989//2041 2990//2041 2991//2041
f 2989//2042 2991//2042 2992//2042
f 2984//2043 2986//2043 2988//2043
f 2984//2044 2988//2044 2985//2044
f 2964//2045 2987//2045 2965//2045
f 2982//2046 2981//2046 2980//2046
f 2973//2047 2976//2047 2975//2047
f 2973//2048 2975//2048 2974//2048
f 2969//2049 2973//2049 2974//2049
f 2969//2050 2974//2050 2970//2050
f 2972//2051 2971//2051 2970//2051
f 2980//2052 2981//2052 2979//2052
f 2980//2053 2979//2053 2977//2053
f 2979//2054 2978//2054 2977//2054
f 2977//2055 2978//2055 2972//2055
f 2977//2056 2972//2056 2970//2056
o Gun_01_havok_s_armor_1_1
v -0.147780 2.244529 -0.603915
v -0.204548 2.067713 -0.603915
v -0.196776 2.035712 -0.603915
v -0.185050 2.005527 -0.603915
v -0.204548 2.131483 -0.603915
v -0.206803 2.099598 -0.603915
v -0.196776 2.163480 -0.603915
v -0.168938 2.219709 -0.603915
v -0.185050 2.193668 -0.603915
v -0.168938 1.979487 -0.603915
v -0.147780 1.954664 -0.603915
v -0.122816 2.266263 -0.603915
v 0.095209 1.915214 -0.603915
v 0.122817 1.932932 -0.603915
v -0.095209 2.283979 -0.603915
v 0.147780 1.954664 -0.603915
v -0.065095 2.296717 -0.603915
v 0.065095 1.902476 -0.603915
v 0.032905 1.894993 -0.603915
v -0.032905 1.894993 -0.603915
v 0.000000 1.892478 -0.603915
v -0.065095 1.902476 -0.603915
v -0.095209 1.915214 -0.603915
v -0.122816 1.932932 -0.603915
v 0.168938 1.979487 -0.603915
v 0.185050 2.005527 -0.603915
v 0.196776 2.035712 -0.603915
v 0.204548 2.067713 -0.603915
v 0.206803 2.099598 -0.603915
v 0.204548 2.131483 -0.603915
v 0.196776 2.163480 -0.603915
v 0.185050 2.193668 -0.603915
v 0.168938 2.219709 -0.603915
v 0.147780 2.244529 -0.603915
v -0.032905 2.304200 -0.603915
v 0.122817 2.266263 -0.603915
v 0.095209 2.283979 -0.603915
v 0.065095 2.296717 -0.603915
v 0.032905 2.304200 -0.603915
v 0.000000 2.306715 -0.603915
vn -0.0000 -0.0000 1.0000
s 0
f 3066//2057 3067//2057 3054//2057
f 3066//2057 3054//2057 3065//2057
f 3068//2057 3054//2057 3067//2057
f 3064//2057 3065//2057 3054//2057
f 3064//2057 3054//2057 3063//2057
f 3061//2057 3060//2057 3038//2057
f 3061//2057 3038//2057 3048//2057
f 3062//2057 3063//2057 3054//2057
f 3062//2057 3054//2057 3053//2057
f 3074//2057 3075//2057 3072//2057
f 3074//2057 3072//2057 3073//2057
f 3076//2057 3077//2057 3072//2057
f 3076//2057 3072//2057 3075//2057
f 3073//2057 3072//2057 3071//2057
f 3069//2057 3070//2057 3054//2057
f 3069//2057 3054//2057 3068//2057
f 3070//2057 3071//2057 3072//2057
f 3070//2057 3072//2057 3054//2057
f 3038//2057 3060//2057 3059//2057
f 3038//2057 3059//2057 3057//2057
f 3045//2057 3046//2057 3044//2057
f 3045//2057 3044//2057 3038//2057
f 3047//2057 3048//2057 3038//2057
f 3047//2057 3038//2057 3041//2057
f 3042//2057 3038//2057 3044//2057
f 3040//2057 3041//2057 3038//2057
f 3040//2057 3038//2057 3039//2057
f 3038//2057 3042//2057 3043//2057
f 3038//2057 3043//2057 3039//2057
f 3055//2057 3038//2057 3056//2057
f 3038//2057 3057//2057 3058//2057
f 3038//2057 3058//2057 3056//2057
f 3038//2057 3055//2057 3050//2057
f 3038//2057 3050//2057 3049//2057
f 3051//2057 3052//2057 3049//2057
f 3051//2057 3049//2057 3050//2057
f 3053//2057 3054//2057 3052//2057
f 3053//2057 3052//2057 3051//2057
o Gun_01_havok_s_armor_4_2
v 0.313787 1.861888 -0.268759
v -0.313787 1.861888 -0.268759
v -0.335808 1.890195 -0.292718
v 0.335808 1.890195 -0.292718
v 0.253376 1.837449 -0.239878
v -0.253376 1.837449 -0.239878
v 0.175269 1.817010 -0.209941
v -0.175269 1.817010 -0.209941
v 0.091939 1.804774 -0.189601
v -0.091939 1.804774 -0.189601
v 0.000000 1.799762 -0.181491
v -0.362268 1.933520 -0.322872
v 0.362268 1.933520 -0.322872
v -0.380634 1.972189 -0.341650
v 0.380634 1.972189 -0.341650
v -0.394474 2.018831 -0.356944
v 0.394474 2.018831 -0.356944
v -0.404186 2.059225 -0.364632
v 0.404186 2.059225 -0.364632
v 0.407724 2.099596 -0.367202
v -0.407724 2.099596 -0.367202
v -0.404186 2.139966 -0.364632
v 0.404186 2.139966 -0.364632
v -0.362268 2.265671 -0.322872
v -0.335808 2.308996 -0.292718
v 0.362268 2.265671 -0.322872
v 0.335808 2.308996 -0.292718
v 0.380634 2.227003 -0.341650
v -0.380634 2.227003 -0.341650
v 0.394474 2.180360 -0.356944
v -0.394474 2.180360 -0.356944
v -0.313787 2.337303 -0.268759
v 0.313787 2.337303 -0.268759
v -0.285566 2.350279 -0.254797
v 0.285566 2.350279 -0.254797
v -0.253376 2.361743 -0.239878
v 0.253376 2.361743 -0.239878
v -0.218078 2.372224 -0.225201
v 0.218078 2.372224 -0.225201
v -0.175269 2.382182 -0.209941
v 0.175269 2.382182 -0.209941
v -0.134254 2.389573 -0.198361
v 0.134254 2.389573 -0.198361
v -0.091939 2.394418 -0.189601
v 0.091939 2.394418 -0.189601
v -0.046159 2.397925 -0.183669
v 0.046159 2.397925 -0.183669
vn -0.0000 0.1870 -0.9824
vn -0.0000 0.6460 -0.7633
vn -0.0000 0.7325 -0.6807
vn -0.0000 0.5713 -0.8208
vn -0.0000 0.4368 -0.8995
vn -0.0000 0.3116 -0.9502
vn -0.0000 0.8429 -0.5380
vn -0.0000 0.8750 -0.4840
vn -0.0000 0.8608 -0.5089
vn -0.0000 0.7929 -0.6093
vn -0.0000 0.8138 -0.5812
vn -0.0000 0.8375 -0.5465
vn -0.0000 -0.8569 -0.5155
vn -0.0000 -0.8507 -0.5257
vn -0.0000 -0.5713 -0.8208
vn -0.0000 -0.6460 -0.7633
vn -0.0000 -0.7634 -0.6460
vn -0.0000 -0.8259 -0.5639
vn -0.0000 0.0635 -0.9980
vn -0.0000 -0.0635 -0.9980
vn -0.0000 -0.4368 -0.8995
vn -0.0000 -0.3116 -0.9502
vn -0.0000 -0.1870 -0.9824
s 0
f 3108//2058 3107//2058 3100//2058
f 3108//2058 3100//2058 3099//2058
f 3109//2059 3110//2059 3104//2059
f 3109//2059 3104//2059 3102//2059
f 3111//2060 3112//2060 3110//2060
f 3111//2060 3110//2060 3109//2060
f 3102//2061 3104//2061 3103//2061
f 3105//2062 3106//2062 3101//2062
f 3105//2062 3101//2062 3103//2062
f 3107//2063 3108//2063 3106//2063
f 3107//2063 3106//2063 3105//2063
f 3117//2064 3119//2064 3120//2064
f 3117//2064 3120//2064 3118//2064
f 3121//2065 3122//2065 3120//2065
f 3121//2065 3120//2065 3119//2065
f 3123//2066 3124//2066 3122//2066
f 3123//2066 3122//2066 3121//2066
f 3113//2067 3114//2067 3112//2067
f 3113//2067 3112//2067 3111//2067
f 3115//2068 3116//2068 3114//2068
f 3115//2068 3114//2068 3113//2068
f 3117//2069 3118//2069 3116//2069
f 3117//2069 3116//2069 3115//2069
f 3084//2070 3086//2070 3087//2070
f 3084//2070 3087//2070 3085//2070
f 3087//2071 3086//2071 3088//2071
f 3089//2072 3090//2072 3081//2072
f 3089//2072 3081//2072 3080//2072
f 3080//2073 3081//2073 3078//2073
f 3080//2073 3078//2073 3079//2073
f 3082//2074 3083//2074 3079//2074
f 3082//2074 3079//2074 3078//2074
f 3084//2075 3085//2075 3083//2075
f 3084//2075 3083//2075 3082//2075
f 3099//2076 3100//2076 3097//2076
f 3099//2076 3097//2076 3098//2076
f 3098//2077 3097//2077 3096//2077
f 3098//2077 3096//2077 3095//2077
f 3101//2061 3102//2061 3103//2061
f 3091//2078 3092//2078 3090//2078
f 3091//2078 3090//2078 3089//2078
f 3093//2079 3094//2079 3092//2079
f 3093//2079 3092//2079 3091//2079
f 3095//2080 3096//2080 3094//2080
f 3095//2080 3094//2080 3093//2080
o Gun_01_havok_s_armor_3_3
v -0.175269 1.817010 -0.209941
v -0.188074 1.739697 -0.213465
v -0.268364 1.778502 -0.246522
v -0.253376 1.837449 -0.239878
v -0.324950 1.818525 -0.275701
v -0.313787 1.861888 -0.268759
v -0.091939 1.804773 -0.189601
v -0.100081 1.715482 -0.191749
v -0.000000 1.799762 -0.181491
v -0.000000 1.705926 -0.181492
v -0.175269 2.382182 -0.209941
v -0.218078 2.372224 -0.225201
v -0.232174 2.439819 -0.231955
v -0.187622 2.458899 -0.214900
v -0.253376 2.361742 -0.239878
v -0.267742 2.420196 -0.247806
v -0.285566 2.350279 -0.254797
v -0.297528 2.400815 -0.262506
v -0.313787 2.337303 -0.268759
v -0.325431 2.378822 -0.277768
v -0.091939 2.394418 -0.189601
v -0.134254 2.389573 -0.198361
v -0.149508 2.471885 -0.203006
v -0.100129 2.483839 -0.191454
v -0.046159 2.397925 -0.183669
v -0.052366 2.490576 -0.184519
v -0.362268 2.265671 -0.322872
v -0.380634 2.227003 -0.341650
v -0.388439 2.285351 -0.343229
v -0.360959 2.335571 -0.310428
v -0.408283 2.237881 -0.365458
v -0.394474 2.180360 -0.356944
v -0.348368 2.354049 -0.296425
v -0.335808 2.308996 -0.292718
v -0.360959 1.863621 -0.310428
v -0.362268 1.933520 -0.322872
v -0.335808 1.890196 -0.292718
v -0.351563 1.843899 -0.292070
v -0.387806 1.912251 -0.342549
v -0.380634 1.972189 -0.341650
v -0.432349 2.052320 -0.386696
v -0.404186 2.059225 -0.364632
v -0.394474 2.018831 -0.356944
v -0.424008 2.005613 -0.377658
v -0.407845 1.959761 -0.364963
v -0.404186 2.139966 -0.364632
v -0.432337 2.146873 -0.386707
v -0.424398 2.191518 -0.378045
v -0.435157 2.099597 -0.389967
v -0.407724 2.099596 -0.367202
v 0.268364 1.778502 -0.246522
v 0.188073 1.739697 -0.213465
v 0.175269 1.817010 -0.209941
v 0.253376 1.837449 -0.239878
v 0.313787 1.861888 -0.268759
v 0.324950 1.818525 -0.275701
v 0.100081 1.715482 -0.191749
v 0.091939 1.804773 -0.189601
v 0.232174 2.439819 -0.231955
v 0.218078 2.372224 -0.225201
v 0.175269 2.382182 -0.209941
v 0.187622 2.458899 -0.214900
v 0.134254 2.389573 -0.198361
v 0.149508 2.471885 -0.203006
v 0.267742 2.420196 -0.247806
v 0.253376 2.361742 -0.239878
v 0.297529 2.400815 -0.262506
v 0.285566 2.350279 -0.254797
v 0.091939 2.394418 -0.189601
v 0.100129 2.483839 -0.191454
v 0.046159 2.397925 -0.183669
v 0.052366 2.490576 -0.184519
v -0.000000 2.493266 -0.181491
v -0.000000 2.399429 -0.181491
v 0.362268 2.265671 -0.322872
v 0.360959 2.335571 -0.310428
v 0.388439 2.285351 -0.343229
v 0.380634 2.227003 -0.341650
v 0.335808 2.308996 -0.292718
v 0.348368 2.354049 -0.296425
v 0.313787 2.337303 -0.268759
v 0.325431 2.378822 -0.277768
v 0.335808 1.890196 -0.292718
v 0.362268 1.933520 -0.322872
v 0.360959 1.863621 -0.310428
v 0.351563 1.843899 -0.292070
v 0.387806 1.912251 -0.342549
v 0.380634 1.972189 -0.341650
v 0.432337 2.146873 -0.386707
v 0.404186 2.139966 -0.364632
v 0.394474 2.180360 -0.356944
v 0.424398 2.191518 -0.378045
v 0.408283 2.237881 -0.365458
v 0.435157 2.099597 -0.389967
v 0.407724 2.099596 -0.367202
v 0.432349 2.052320 -0.386696
v 0.404186 2.059225 -0.364632
v 0.424008 2.005613 -0.377658
v 0.394474 2.018831 -0.356944
v 0.407845 1.959761 -0.364963
vn 0.0577 -0.0000 -0.9983
vn 0.0473 -0.0060 -0.9989
vn -0.1436 0.0005 -0.9896
vn -0.1292 -0.0087 -0.9916
vn -0.2277 0.0007 -0.9737
vn -0.2046 -0.0173 -0.9787
vn -0.6537 0.1208 -0.7471
vn -0.6428 0.0653 -0.7632
vn -0.6638 0.1190 -0.7384
vn -0.0577 -0.0000 -0.9983
vn -0.0473 -0.0060 -0.9989
vn -0.4306 -0.0356 -0.9018
vn -0.4483 -0.0111 -0.8938
vn -0.0887 0.0159 -0.9959
vn -0.1020 -0.0000 -0.9948
vn -0.2400 0.0015 -0.9708
vn -0.2378 0.0049 -0.9713
vn -0.4410 0.0301 -0.8970
vn -0.4505 -0.0139 -0.8927
vn -0.3910 -0.0287 -0.9199
vn -0.4097 -0.0057 -0.9122
vn -0.2975 0.0013 -0.9547
vn -0.2747 -0.0179 -0.9614
vn -0.3585 -0.0026 -0.9335
vn -0.3404 -0.0229 -0.9400
vn -0.5887 -0.0510 -0.8068
vn -0.6169 -0.0015 -0.7870
vn -0.6193 -0.0175 -0.7850
vn -0.6386 0.0070 -0.7695
vn -0.6386 -0.0070 -0.7695
vn -0.6196 0.0172 -0.7848
vn -0.6625 -0.0485 -0.7475
vn -0.6670 -0.0687 -0.7419
vn -0.6626 0.0484 -0.7474
vn -0.6664 0.0691 -0.7424
vn -0.5803 -0.0208 -0.8141
vn -0.5809 0.0190 -0.8137
vn -0.6537 -0.1208 -0.7471
vn -0.7221 -0.2547 -0.6432
vn -0.4651 -0.0612 -0.8831
vn -0.4901 -0.0169 -0.8715
vn -0.6267 0.0066 -0.7793
vn -0.6553 0.1213 -0.7456
vn -0.5884 0.0519 -0.8069
vn -0.6173 0.0013 -0.7868
vn -0.6427 -0.0654 -0.7633
vn -0.6661 -0.1186 -0.7363
vn -0.5838 -0.2097 -0.7843
vn -0.5247 0.0012 -0.8513
vn 0.1436 0.0005 -0.9896
vn 0.1292 -0.0087 -0.9916
vn 0.2277 0.0007 -0.9737
vn 0.2046 -0.0173 -0.9787
vn 0.4651 -0.0612 -0.8831
vn 0.4901 -0.0169 -0.8715
vn 0.6626 0.0484 -0.7474
vn 0.6664 0.0691 -0.7424
vn 0.6638 0.1190 -0.7384
vn 0.6428 0.0653 -0.7632
vn 0.2975 0.0013 -0.9547
vn 0.2747 -0.0179 -0.9614
vn 0.4306 -0.0356 -0.9018
vn 0.4483 -0.0111 -0.8938
vn 0.2400 0.0015 -0.9708
vn 0.2378 0.0049 -0.9713
vn 0.4410 0.0301 -0.8970
vn 0.4505 -0.0139 -0.8927
vn 0.3609 0.0133 -0.9325
vn 0.3726 -0.0194 -0.9278
vn 0.3910 -0.0287 -0.9199
vn 0.4097 -0.0057 -0.9122
vn 0.3585 -0.0026 -0.9335
vn 0.3404 -0.0229 -0.9400
vn 0.1020 -0.0000 -0.9948
vn 0.0887 0.0159 -0.9959
vn 0.5809 0.0190 -0.8137
vn 0.5884 0.0519 -0.8069
vn 0.6173 0.0013 -0.7868
vn 0.6625 -0.0485 -0.7475
vn 0.6670 -0.0687 -0.7419
vn -0.3609 0.0133 -0.9325
vn -0.3726 -0.0194 -0.9278
vn 0.6386 0.0070 -0.7695
vn 0.6193 -0.0175 -0.7850
vn 0.6386 -0.0070 -0.7695
vn 0.6196 0.0172 -0.7848
vn 0.5803 -0.0208 -0.8141
vn 0.6537 -0.1208 -0.7471
vn 0.7221 -0.2547 -0.6432
vn 0.6553 0.1213 -0.7456
vn 0.6267 0.0066 -0.7793
vn 0.6537 0.1208 -0.7471
vn 0.5887 -0.0510 -0.8068
vn 0.6169 -0.0015 -0.7870
vn 0.6427 -0.0654 -0.7633
vn 0.6661 -0.1186 -0.7363
vn 0.5838 -0.2097 -0.7843
vn 0.5247 0.0012 -0.8513
s 0
f 3150//2081 3197//2081 3198//2081
f 3150//2082 3198//2082 3149//2082
f 3195//2083 3196//2083 3194//2083
f 3195//2084 3194//2084 3193//2084
f 3193//2085 3194//2085 3188//2085
f 3193//2086 3188//2086 3187//2086
f 3203//2087 3204//2087 3200//2087
f 3203//2087 3200//2087 3199//2087
f 3201//2088 3202//2088 3199//2088
f 3201//2089 3199//2089 3200//2089
f 3198//2090 3197//2090 3196//2090
f 3198//2091 3196//2091 3195//2091
f 3191//2092 3192//2092 3190//2092
f 3191//2093 3190//2093 3189//2093
f 3133//2094 3182//2094 3181//2094
f 3133//2095 3181//2095 3134//2095
f 3176//2096 3181//2096 3182//2096
f 3176//2097 3182//2097 3177//2097
f 3178//2098 3179//2098 3180//2098
f 3178//2099 3180//2099 3175//2099
f 3189//2100 3190//2100 3184//2100
f 3189//2101 3184//2101 3183//2101
f 3187//2102 3188//2102 3186//2102
f 3187//2103 3186//2103 3185//2103
f 3185//2104 3186//2104 3183//2104
f 3185//2105 3183//2105 3184//2105
f 3220//2106 3222//2106 3223//2106
f 3220//2107 3223//2107 3221//2107
f 3218//2108 3220//2108 3221//2108
f 3218//2109 3221//2109 3219//2109
f 3218//2110 3219//2110 3214//2110
f 3218//2111 3214//2111 3213//2111
f 3212//2112 3223//2112 3224//2112
f 3212//2113 3224//2113 3211//2113
f 3217//2114 3215//2114 3202//2114
f 3217//2115 3202//2115 3201//2115
f 3224//2116 3223//2116 3222//2116
f 3216//2117 3215//2117 3217//2117
f 3207//2118 3208//2118 3209//2118
f 3207//2119 3209//2119 3210//2119
f 3206//2120 3205//2120 3192//2120
f 3206//2121 3192//2121 3191//2121
f 3205//2122 3206//2122 3204//2122
f 3205//2123 3204//2123 3203//2123
f 3215//2124 3216//2124 3213//2124
f 3215//2125 3213//2125 3214//2125
f 3208//2126 3212//2126 3211//2126
f 3208//2127 3211//2127 3209//2127
f 3179//2128 3207//2128 3210//2128
f 3179//2129 3210//2129 3180//2129
f 3148//2130 3150//2130 3149//2130
f 3148//2131 3149//2131 3145//2131
f 3147//2132 3148//2132 3145//2132
f 3147//2133 3145//2133 3146//2133
f 3141//2134 3143//2134 3144//2134
f 3141//2135 3144//2135 3142//2135
f 3152//2136 3156//2136 3155//2136
f 3152//2137 3155//2137 3153//2137
f 3153//2138 3154//2138 3151//2138
f 3153//2139 3151//2139 3152//2139
f 3138//2140 3147//2140 3146//2140
f 3138//2141 3146//2141 3135//2141
f 3139//2142 3141//2142 3142//2142
f 3139//2143 3142//2143 3140//2143
f 3131//2144 3132//2144 3126//2144
f 3131//2145 3126//2145 3125//2145
f 3129//2146 3130//2146 3128//2146
f 3129//2147 3128//2147 3127//2147
f 3127//2148 3128//2148 3125//2148
f 3127//2149 3125//2149 3126//2149
f 3136//2150 3139//2150 3140//2150
f 3136//2151 3140//2151 3137//2151
f 3137//2152 3138//2152 3135//2152
f 3137//2153 3135//2153 3136//2153
f 3133//2154 3134//2154 3132//2154
f 3133//2155 3132//2155 3131//2155
f 3172//2156 3155//2156 3156//2156
f 3171//2157 3172//2157 3156//2157
f 3171//2158 3156//2158 3170//2158
f 3169//2159 3167//2159 3164//2159
f 3169//2160 3164//2160 3163//2160
f 3177//2161 3178//2161 3175//2161
f 3177//2162 3175//2162 3176//2162
f 3173//2163 3174//2163 3166//2163
f 3173//2164 3166//2164 3165//2164
f 3170//2165 3174//2165 3173//2165
f 3170//2166 3173//2166 3171//2166
f 3169//2167 3168//2167 3167//2167
f 3159//2168 3160//2168 3161//2168
f 3159//2169 3161//2169 3162//2169
f 3143//2170 3158//2170 3157//2170
f 3143//2171 3157//2171 3144//2171
f 3154//2172 3157//2172 3158//2172
f 3154//2172 3158//2172 3151//2172
f 3167//2173 3168//2173 3165//2173
f 3167//2174 3165//2174 3166//2174
f 3163//2175 3164//2175 3160//2175
f 3163//2176 3160//2176 3159//2176
f 3162//2177 3161//2177 3130//2177
f 3162//2178 3130//2178 3129//2178
o Gun_01_havok_s_gun_4
v -0.096009 2.044163 -5.354047
v -0.096009 2.044163 -1.411827
v -0.107126 2.070891 -1.411827
v -0.110866 2.099569 -1.411827
v -0.107126 2.128328 -1.411827
v -0.107126 2.070891 -5.354047
v -0.107126 2.128328 -5.354047
v -0.110866 2.099569 -5.354047
v -0.096009 2.155056 -5.354047
v -0.096009 2.155056 -1.411827
v 0.096013 2.155056 -5.354047
v 0.078428 2.177966 -5.354047
v 0.028704 2.206725 -5.354047
v 0.055385 2.195595 -5.354047
v 0.055385 2.195595 -1.411827
v 0.028704 2.206725 -1.411827
v 0.000002 2.210462 -1.411827
v -0.028700 2.206725 -1.411827
v -0.078424 2.177966 -1.411827
v -0.078424 2.177966 -5.354047
v -0.055482 2.195595 -1.411827
v 0.125169 2.099567 -5.354047
v 0.120889 2.067230 -5.354047
v 0.108415 2.037057 -5.354047
v 0.062554 2.207998 -5.997235
v -0.125169 2.099567 -5.997235
v -0.032347 2.220500 -5.354047
v -0.088480 2.011092 -5.997235
v -0.062554 1.991137 -5.354047
v -0.062554 1.991137 -5.997235
v -0.032347 1.978635 -5.354047
v -0.000061 1.974427 -5.354047
v 0.032347 1.978635 -5.354047
v 0.032347 1.978635 -5.997235
v -0.102666 2.029484 -5.997235
v 0.088480 2.011092 -5.354047
v 0.062554 1.991137 -5.997235
v 0.062554 1.991137 -5.354047
v 0.078343 2.178033 0.234219
v 0.055419 2.195561 0.234219
v 0.028717 2.206679 0.234219
v 0.000062 2.210473 0.234219
v -0.028724 2.206679 0.234219
v -0.078350 2.178033 0.234219
v -0.055426 2.195561 0.234219
v -0.096064 2.155011 0.234219
v 0.132528 2.239380 0.234219
v -0.134098 2.239380 0.234219
v 0.096058 2.155011 0.234219
v 0.107129 2.128327 -0.601645
v 0.107129 2.128327 0.234219
v 0.110906 2.099550 0.234219
v 0.110906 2.099550 -0.601645
v 0.107129 2.070904 -0.601645
v 0.107129 2.070904 0.234219
v -0.107136 2.128327 0.234219
v -0.110913 2.099550 0.234219
v -0.107136 2.070904 0.234219
v -0.134098 1.971623 0.234219
v 0.078343 2.021198 0.234219
v 0.078343 2.021198 -0.601645
v 0.055419 2.003539 -0.601645
v 0.055419 2.003539 0.234219
v 0.028717 1.992552 0.234219
v 0.000062 1.988758 0.234219
v -0.028724 1.992552 -0.601645
v -0.028724 1.992552 0.234219
v 0.096058 2.044219 0.234219
v 0.096058 2.044219 -0.601645
v -0.096064 2.044219 0.234219
v -0.078350 2.021198 0.234219
v -0.078350 2.021198 -0.601645
v -0.055426 2.003539 0.234219
v -0.055426 2.003539 -0.601645
v 0.132528 2.239380 0.705830
v -0.134098 2.239380 0.705830
v 0.132528 1.971623 0.705830
v -0.134098 1.971623 0.705830
v 0.132528 1.971623 0.234219
v 0.108075 2.021025 -6.218912
v 0.148501 2.207464 -6.455697
v 0.174579 2.156352 -6.455697
v 0.129801 2.229406 -6.455697
v 0.163587 2.016206 -6.419589
v 0.119030 2.038908 -6.394128
v 0.127034 2.058313 -6.398294
v 0.174579 2.042840 -6.424450
v 0.131940 2.078732 -6.400378
v 0.181329 2.070869 -6.427922
v 0.174579 2.156352 -6.424450
v 0.181329 2.128323 -6.427922
v 0.131940 2.120459 -6.400378
v 0.127034 2.140879 -6.398294
v 0.133600 2.099659 -6.400609
v 0.183579 2.099659 -6.428848
v 0.133600 2.099659 -6.328625
v 0.131940 2.078732 -6.328625
v 0.131940 2.120459 -6.328625
v 0.127034 2.140879 -6.328625
v 0.127034 2.058313 -6.328625
v 0.181329 2.070869 -6.324227
v 0.183579 2.099659 -6.324227
v 0.181329 2.128323 -6.324227
v 0.174579 2.156352 -6.324227
v 0.181329 2.070869 -6.296683
v 0.183579 2.099659 -6.298303
v 0.163587 2.016206 -6.324459
v 0.174579 2.042840 -6.324227
v 0.183579 2.099659 -6.455697
v 0.181329 2.070869 -6.455697
v 0.181329 2.128323 -6.455697
v 0.174579 2.042840 -6.455697
v 0.148501 1.991728 -6.455697
v 0.163587 2.016206 -6.455697
v 0.133600 2.099659 -6.267056
v 0.131940 2.078732 -6.265899
v 0.131940 2.120459 -6.265899
v 0.181329 2.128323 -6.296683
v 0.174579 2.156352 -6.291591
v 0.127034 2.140879 -6.261964
v 0.174579 2.042840 -6.291591
v 0.127034 2.058313 -6.261964
v 0.119030 2.038908 -6.256872
v 0.119030 2.160284 -6.256872
v 0.163587 2.016206 -6.283490
v 0.156063 2.004030 -6.274926
v 0.114604 2.031679 -6.251085
v 0.151637 1.996801 -6.262427
v 0.156063 2.004030 -6.325153
v 0.151415 1.996420 -6.330708
v 0.148501 1.991728 -6.244836
v 0.110547 2.025084 -6.238818
v 0.156063 2.004030 -6.411719
v 0.151194 1.996040 -6.395980
v 0.113534 2.030030 -6.385564
v 0.108075 2.021025 -6.358715
v 0.110805 2.025591 -6.376537
v 0.148501 1.991728 -6.380240
v 0.108075 2.021025 -6.344133
v 0.148501 1.991728 -6.342744
v 0.129801 1.969786 -6.455697
v 0.163587 2.182986 -6.283490
v 0.163587 2.182986 -6.324459
v 0.156063 2.195162 -6.274926
v 0.156063 2.195162 -6.325153
v 0.114604 2.167513 -6.251085
v 0.151637 2.202391 -6.262427
v 0.108075 2.178167 -6.218912
v 0.148501 2.207464 -6.244836
v 0.110547 2.174108 -6.238818
v 0.156063 2.195162 -6.411719
v 0.119030 2.160284 -6.394128
v 0.113534 2.169162 -6.385564
v 0.151194 2.203152 -6.395980
v 0.163587 2.182986 -6.419589
v 0.163587 2.182986 -6.455697
v 0.110805 2.173601 -6.376537
v 0.108075 2.178167 -6.358715
v 0.148501 2.207464 -6.380240
v 0.148501 2.207464 -6.342744
v 0.108075 2.178167 -6.344133
v 0.151415 2.202772 -6.330708
v 0.089843 1.975950 -6.045006
v 0.107973 1.991620 -6.045006
v 0.123598 2.009828 -6.045006
v 0.136127 2.030274 -5.997234
v 0.136127 2.030274 -6.045006
v 0.145266 2.052361 -6.045006
v 0.150868 2.075643 -6.045006
v 0.047243 1.954310 -6.045006
v 0.069354 1.963563 -6.045006
v 0.023953 1.948788 -6.045006
v 0.000074 1.946848 -6.045006
v -0.023953 1.948788 -6.045006
v -0.089842 1.975950 -6.045006
v -0.107973 1.991620 -6.045006
v -0.069353 1.963563 -6.045006
v -0.123598 2.009828 -6.045006
v -0.047243 1.954310 -6.045006
v -0.136127 2.030274 -6.045006
v -0.145266 2.052361 -6.045006
v -0.136127 2.030274 -5.997234
v -0.150867 2.075643 -6.045006
v -0.123598 2.009828 -5.997234
v 0.023953 2.250404 -5.997234
v 0.000074 2.252344 -5.997234
v 0.136127 2.168918 -5.997234
v 0.145266 2.146831 -5.997234
v 0.150868 2.123549 -5.997234
v -0.069353 2.235629 -5.997234
v -0.089842 2.223242 -5.997234
v -0.047243 2.244882 -5.997234
v -0.107973 2.207572 -5.997234
v -0.023953 2.250404 -5.997234
v -0.123598 2.189364 -5.997234
v -0.136127 2.168918 -5.997234
v 0.000073 2.249535 -1.007132
v 0.000073 2.249535 -0.601645
v -0.038748 2.244408 -0.601645
v -0.038748 2.244408 -1.007132
v 0.038749 2.244408 -1.007132
v 0.038749 2.244408 -0.601645
v 0.074933 2.229465 -1.007132
v 0.074933 2.229465 -0.601645
v -0.074933 2.229465 -1.007132
v -0.074933 2.229465 -0.601645
v -0.105990 2.205586 -0.601645
v -0.105990 2.205586 -1.007132
v -0.129869 2.174529 -0.601645
v -0.129869 2.174529 -1.007132
v -0.144812 2.138344 -0.601645
v -0.144812 2.138344 -1.007132
v -0.149939 2.099669 -0.601645
v -0.144812 2.060848 -0.601645
v -0.144812 2.060848 -1.007132
v -0.149939 2.099669 -1.007132
v -0.129869 2.024663 -1.007132
v -0.129869 2.024663 -0.601645
v -0.105990 1.993606 -1.007132
v -0.074933 1.969727 -1.007132
v 0.038749 1.954784 -1.007132
v -0.000073 1.949657 -1.007132
v -0.038748 1.954784 -1.007132
v 0.074933 1.969727 -1.007132
v -0.000073 1.967822 -1.411827
v -0.034060 1.972364 -1.411827
v 0.034061 1.972364 -1.411827
v -0.065850 1.985548 -1.411827
v 0.065850 1.985548 -1.411827
v 0.105990 1.993606 -1.007132
v 0.129869 2.024663 -1.007132
v 0.144812 2.060848 -1.007132
v 0.149939 2.099669 -1.007132
v 0.144812 2.138344 -1.007132
v 0.105990 2.205586 -1.007132
v 0.129869 2.174529 -1.007132
v 0.114048 2.033746 -1.411827
v 0.093099 2.006497 -1.411827
v 0.127232 2.065536 -1.411827
v 0.131774 2.099669 -1.411827
v 0.127232 2.133656 -1.411827
v 0.114048 2.165446 -1.411827
v -0.000024 1.959452 -6.136654
v -0.021923 1.961232 -6.136654
v 0.021960 1.961232 -6.136654
v 0.063654 1.974787 -6.136654
v 0.043270 1.966298 -6.136654
v 0.082352 1.986152 -6.136654
v 0.099114 2.000530 -6.136654
v 0.113349 2.017235 -6.136654
v 0.082352 2.213040 -6.136654
v 0.099114 2.198662 -6.136654
v 0.099114 2.198662 -6.045006
v 0.082352 2.213040 -6.045006
v 0.063654 2.224405 -6.136654
v 0.063654 2.224405 -6.045006
v 0.043270 2.232894 -6.136654
v 0.043270 2.232894 -6.045006
v 0.021960 2.237960 -6.045006
v -0.000024 2.239740 -6.136654
v -0.000024 2.239740 -6.045006
v -0.021923 2.237960 -6.045006
v -0.021923 2.237960 -6.136654
v 0.021960 2.237960 -6.136654
v 0.138449 2.077619 -6.136654
v 0.133311 2.056259 -6.136654
v 0.140302 2.099664 -6.136654
v 0.124888 2.035994 -6.136654
v 0.138449 2.121573 -6.045006
v 0.138449 2.121573 -6.136654
v 0.133311 2.142933 -6.136654
v 0.133311 2.142933 -6.045006
v 0.113349 2.181957 -6.136654
v 0.113349 2.181957 -6.045006
v 0.124888 2.163198 -6.136654
v 0.124888 2.163198 -6.045006
v 0.150494 1.996285 -6.162055
v 0.148304 2.003953 -6.159194
v 0.145946 2.016276 -6.156106
v 0.148557 1.991629 -6.136654
v 0.150494 1.996285 -6.136654
v 0.145946 2.016276 -6.136654
v 0.140555 2.042840 -6.136654
v 0.140555 2.042840 -6.155648
v 0.140555 2.156352 -6.136654
v 0.148557 2.207563 -6.136654
v 0.150494 2.202907 -6.136654
v 0.145946 2.182916 -6.136654
v 0.145946 2.182916 -6.156106
v -0.108075 2.178167 -6.218912
v -0.148501 2.207464 -6.455697
v -0.129800 2.229406 -6.455697
v -0.174579 2.156352 -6.455697
v -0.163587 2.182986 -6.455697
v -0.183579 2.099659 -6.455697
v -0.174579 2.042840 -6.455697
v -0.163587 2.016206 -6.455697
v -0.148501 1.991728 -6.455697
v -0.129800 1.969786 -6.455697
v -0.163587 2.016206 -6.283490
v -0.156063 2.004030 -6.274926
v -0.156063 2.004030 -6.325153
v -0.163587 2.016206 -6.324459
v -0.151415 1.996420 -6.330708
v -0.151636 1.996801 -6.262427
v -0.174579 2.042840 -6.291591
v -0.174579 2.042840 -6.324227
v -0.127034 2.058313 -6.328625
v -0.127034 2.058313 -6.261964
v -0.119030 2.038908 -6.256872
v -0.114604 2.031679 -6.251085
v -0.148501 1.991728 -6.244836
v -0.108075 2.021025 -6.218912
v -0.110546 2.025084 -6.238818
v -0.113534 2.030030 -6.385564
v -0.151194 1.996040 -6.395980
v -0.156063 2.004030 -6.411719
v -0.119030 2.038908 -6.394128
v -0.163587 2.016206 -6.419589
v -0.127034 2.058313 -6.398294
v -0.174579 2.042840 -6.424450
v -0.110805 2.025591 -6.376537
v -0.108075 2.021025 -6.358715
v -0.148501 1.991728 -6.380240
v -0.108075 2.021025 -6.344133
v -0.148501 1.991728 -6.342744
v -0.133600 2.099659 -6.267056
v -0.131940 2.078732 -6.265899
v -0.181329 2.070869 -6.296683
v -0.183579 2.099659 -6.298303
v -0.183579 2.099659 -6.324227
v -0.181329 2.070869 -6.324227
v -0.131940 2.078732 -6.328625
v -0.133600 2.099659 -6.328625
v -0.131940 2.078732 -6.400378
v -0.133600 2.099659 -6.400609
v -0.131940 2.120459 -6.400378
v -0.131940 2.120459 -6.328625
v -0.181329 2.070869 -6.427922
v -0.183579 2.099659 -6.428848
v -0.181329 2.070869 -6.455697
v -0.163587 2.182986 -6.324459
v -0.163587 2.182986 -6.283490
v -0.174579 2.156352 -6.291591
v -0.174579 2.156352 -6.324227
v -0.156063 2.195162 -6.325153
v -0.156063 2.195162 -6.274926
v -0.127034 2.140879 -6.328625
v -0.119030 2.160284 -6.256872
v -0.127034 2.140879 -6.261964
v -0.151636 2.202391 -6.262427
v -0.114604 2.167513 -6.251085
v -0.148501 2.207464 -6.244836
v -0.110546 2.174108 -6.238818
v -0.113534 2.169162 -6.385564
v -0.119030 2.160284 -6.394128
v -0.156063 2.195162 -6.411719
v -0.151194 2.203152 -6.395980
v -0.163587 2.182986 -6.419589
v -0.127034 2.140879 -6.398294
v -0.174579 2.156352 -6.424450
v -0.108075 2.178167 -6.358715
v -0.110805 2.173601 -6.376537
v -0.148501 2.207464 -6.380240
v -0.148501 2.207464 -6.342744
v -0.108075 2.178167 -6.344133
v -0.151415 2.202772 -6.330708
v -0.181329 2.128323 -6.427922
v -0.181329 2.128323 -6.455697
v -0.181329 2.128323 -6.324227
v -0.181329 2.128323 -6.296683
v -0.131940 2.120459 -6.265899
v -0.133264 2.056346 -6.136654
v -0.138399 2.077696 -6.136654
v -0.140351 2.099657 -6.136654
v -0.138399 2.121495 -6.136654
v -0.138399 2.121495 -6.045006
v -0.133264 2.142846 -6.045006
v -0.133264 2.142846 -6.136654
v -0.124861 2.163220 -6.136654
v -0.124861 2.163220 -6.045006
v -0.113361 2.182009 -6.136654
v -0.113361 2.182009 -6.045006
v -0.099102 2.198723 -6.136654
v -0.148499 2.207507 -6.136654
v -0.145910 2.182985 -6.136654
v -0.150494 2.202871 -6.136654
v -0.145910 2.182985 -6.156106
v -0.140521 2.156266 -6.155648
v -0.140521 2.156266 -6.136654
v -0.140521 2.042926 -6.136654
v -0.099102 2.198723 -6.045006
v -0.082381 2.212997 -6.136654
v -0.082381 2.212997 -6.045006
v -0.063624 2.224466 -6.136654
v -0.063624 2.224466 -6.045006
v -0.145910 2.016207 -6.136654
v -0.124861 2.035972 -6.136654
v -0.113361 2.017183 -6.136654
v -0.145910 2.016207 -6.156106
v -0.148499 1.991685 -6.136654
v -0.099102 2.000469 -6.136654
v -0.150494 1.996321 -6.136654
v -0.150494 1.996199 -6.162055
v -0.148329 2.004007 -6.159194
v -0.082381 1.986194 -6.136654
v -0.063624 1.974726 -6.136654
v 0.078394 2.021202 -1.411828
v 0.078394 2.021202 -5.354047
v 0.055433 2.003584 -5.354047
v 0.055433 2.003584 -1.411828
v 0.028694 1.992508 -5.354047
v 0.028694 1.992508 -1.411828
v 0.000000 1.988730 -1.411828
v 0.000000 1.988730 -5.354047
v -0.028694 1.992508 -5.354047
v -0.028694 1.992508 -1.411828
v -0.055433 2.003584 -1.411828
v -0.055433 2.003584 -5.354047
v -0.078394 2.021202 -5.354047
v -0.078394 2.021202 -1.411828
v 0.096013 2.044163 -1.411828
v 0.096013 2.044163 -5.354047
v 0.107088 2.070902 -1.411828
v 0.107088 2.070902 -5.354047
v 0.110866 2.099596 -1.411828
v 0.110866 2.099596 -5.354047
v 0.107088 2.128290 -1.411828
v 0.107088 2.128290 -5.354047
v -0.114103 2.033718 -1.411828
v -0.093165 2.006431 -1.411828
v -0.127266 2.065495 -1.411828
v -0.131755 2.099596 -1.411828
v -0.127266 2.133697 -1.411828
v -0.088508 2.011088 -5.354047
v -0.108399 2.037012 -5.354047
v -0.120904 2.067200 -5.354047
v -0.120904 2.131992 -5.354047
v -0.125169 2.099596 -5.354047
v 0.096013 2.155029 -1.411828
v 0.078394 2.177990 -1.411828
v 0.032396 2.220500 -5.354047
v 0.062585 2.207995 -5.354047
v 0.000000 2.210462 -5.354047
v 0.000000 2.224764 -5.354047
v 0.088508 2.188104 -5.354047
v 0.108399 2.162180 -5.354047
v 0.120904 2.131992 -5.354047
v -0.028694 2.206684 -5.354047
v 0.065878 2.213700 -1.411828
v 0.034101 2.226862 -1.411828
v 0.000000 2.231351 -1.411828
v 0.093165 2.192761 -1.411828
v -0.055433 2.195609 -5.354047
v -0.108399 2.162180 -5.354047
v -0.088508 2.188104 -5.354047
v -0.062584 2.207995 -5.354047
v -0.034101 2.226862 -1.411828
v -0.065878 2.213700 -1.411828
v -0.093165 2.192761 -1.411828
v -0.114103 2.165474 -1.411828
v 0.120904 2.131992 -5.997234
v 0.125169 2.099596 -5.997235
v 0.120904 2.067200 -5.997235
v 0.108399 2.162180 -5.997235
v 0.088508 2.188104 -5.997235
v 0.032396 2.220500 -5.997234
v 0.000000 2.224764 -5.997234
v 0.069346 2.235696 -5.997234
v 0.089783 2.223172 -5.997234
v 0.108010 2.207605 -5.997235
v 0.123576 2.189379 -5.997235
v 0.047202 2.244868 -5.997234
v 0.152748 2.099596 -5.997235
v 0.150868 2.075701 -5.997234
v 0.145272 2.052394 -5.997235
v -0.120904 2.067200 -5.997235
v -0.119416 2.063610 -5.997235
v -0.120904 2.131992 -5.997235
v -0.150868 2.075701 -5.997234
v -0.152748 2.099596 -5.997235
v -0.145272 2.052394 -5.997235
v -0.150868 2.123491 -5.997234
v -0.145272 2.146798 -5.997235
v -0.108399 2.162180 -5.997235
v -0.088508 2.188104 -5.997235
v -0.032396 2.220500 -5.997235
v -0.062584 2.207995 -5.997235
v -0.032396 1.978692 -5.997235
v 0.000000 1.974427 -5.997235
v -0.047202 1.954324 -5.997234
v -0.069346 1.963496 -5.997234
v -0.023895 1.948728 -5.997235
v 0.023895 1.948728 -5.997235
v 0.000000 1.946848 -5.997235
v -0.089783 1.976020 -5.997234
v -0.108009 1.991587 -5.997235
v -0.108399 2.037012 -5.997235
v 0.088508 2.011088 -5.997235
v 0.108399 2.037012 -5.997235
v 0.089783 1.976020 -5.997234
v 0.069346 1.963496 -5.997234
v 0.108010 1.991587 -5.997235
v 0.123576 2.009813 -5.997235
v 0.047202 1.954324 -5.997234
v 0.078394 2.177990 -0.601645
v 0.055433 2.195609 -0.601645
v 0.028694 2.206684 -0.601645
v 0.000000 2.210462 -0.601645
v -0.028694 2.206684 -0.601645
v -0.078394 2.177990 -0.601645
v -0.055433 2.195609 -0.601645
v -0.096012 2.155029 -0.601645
v 0.096013 2.155029 -0.601645
v 0.129851 2.174565 -0.601645
v 0.144830 2.138403 -0.601645
v 0.149939 2.099596 -0.601645
v 0.144830 2.060789 -0.601645
v 0.106023 2.205619 -0.601645
v -0.107088 2.128290 -0.601645
v -0.110866 2.099596 -0.601645
v -0.107088 2.070902 -0.601645
v 0.028694 1.992508 -0.601645
v 0.000000 1.988730 -0.601645
v 0.129851 2.024626 -0.601645
v 0.106023 1.993573 -0.601645
v 0.074970 1.969745 -0.601645
v 0.038807 1.954766 -0.601645
v -0.096012 2.044163 -0.601645
v -0.038807 1.954766 -0.601645
v -0.074969 1.969745 -0.601645
v 0.000000 1.949657 -0.601645
v -0.106023 1.993573 -0.601645
v 0.121308 1.966856 -6.136689
v 0.121308 1.966856 -6.455697
v 0.030432 1.942307 -6.455697
v 0.030432 1.942307 -6.136687
v 0.015485 1.939013 -6.455697
v 0.015485 1.939013 -6.136689
v 0.000000 1.937940 -6.455697
v 0.000000 1.937940 -6.136687
v 0.113552 2.030011 -6.156953
v 0.108075 2.021075 -6.167312
v 0.030432 2.256885 -6.455697
v 0.121308 2.232336 -6.455697
v 0.121308 2.232336 -6.136689
v 0.030432 2.256885 -6.136687
v -0.015484 2.260179 -6.136689
v -0.015484 2.260179 -6.455697
v 0.000000 2.261252 -6.455697
v 0.000000 2.261252 -6.136687
v 0.015485 2.260179 -6.455697
v 0.015485 2.260179 -6.136689
v 0.119028 2.038948 -6.328716
v 0.127050 2.058315 -6.155643
v 0.119028 2.038948 -6.156147
v 0.131944 2.078698 -6.155643
v 0.133588 2.099596 -6.155643
v 0.131944 2.120494 -6.155643
v 0.127050 2.140877 -6.155643
v 0.119028 2.160244 -6.156147
v 0.148519 1.991691 -6.181767
v 0.110814 2.025543 -6.334950
v 0.113552 2.030011 -6.330306
v 0.129810 1.969786 -6.136689
v 0.119028 2.160244 -6.328716
v 0.108075 2.178117 -6.167312
v 0.148519 2.207501 -6.181767
v 0.148333 2.195220 -6.159245
v 0.150494 2.202955 -6.162055
v 0.113552 2.169181 -6.156953
v 0.113552 2.169181 -6.330306
v 0.110814 2.173649 -6.334950
v 0.129810 2.229406 -6.136689
v 0.099097 2.000499 -6.045006
v 0.082375 1.986217 -6.045006
v 0.113379 2.017221 -6.045006
v 0.124870 2.035972 -6.045006
v 0.133285 2.056289 -6.045006
v 0.152748 2.099596 -6.045006
v 0.138419 2.077672 -6.045006
v 0.140145 2.099596 -6.045006
v 0.063624 1.974726 -6.045006
v 0.043307 1.966311 -6.045006
v 0.021924 1.961177 -6.045006
v 0.000000 1.959452 -6.045006
v -0.021923 1.961177 -6.045006
v -0.082375 1.986217 -6.045006
v -0.099097 2.000499 -6.045006
v -0.063624 1.974726 -6.045006
v -0.113379 2.017221 -6.045006
v -0.043307 1.966311 -6.045006
v -0.152748 2.099596 -6.045006
v -0.150868 2.123491 -6.045006
v -0.124869 2.035972 -6.045006
v -0.133285 2.056289 -6.045006
v -0.138419 2.077672 -6.045006
v -0.140144 2.099596 -6.045006
v 0.023895 2.250463 -6.045006
v 0.047202 2.244868 -6.045006
v 0.000000 2.252344 -6.045006
v 0.069346 2.235696 -6.045006
v 0.089783 2.223172 -6.045006
v 0.108010 2.207605 -6.045006
v 0.123576 2.189379 -6.045006
v 0.136100 2.168942 -6.045006
v 0.145272 2.146798 -6.045006
v 0.150868 2.123491 -6.045006
v -0.069346 2.235696 -6.045006
v -0.089783 2.223172 -6.045006
v -0.047202 2.244868 -6.045006
v -0.108009 2.207605 -6.045006
v -0.023895 2.250463 -6.045006
v -0.123576 2.189379 -6.045006
v -0.136099 2.168942 -6.045006
v -0.145272 2.146798 -6.045006
v -0.043307 1.966311 -6.136689
v -0.015484 1.939013 -6.136689
v -0.030432 1.942307 -6.136687
v -0.043307 2.232881 -6.045006
v -0.043307 2.232881 -6.136689
v -0.030432 2.256885 -6.136687
v 0.140529 2.156325 -6.155643
v -0.121308 2.232336 -6.136689
v -0.121308 2.232336 -6.455697
v -0.030432 2.256885 -6.455697
v -0.113551 2.169181 -6.156953
v -0.108075 2.178117 -6.167312
v -0.121308 1.966856 -6.136689
v -0.030432 1.942307 -6.455697
v -0.121308 1.966856 -6.455697
v -0.015484 1.939013 -6.455697
v -0.119028 2.038948 -6.328716
v -0.148518 1.991691 -6.181767
v -0.108075 2.021075 -6.167312
v -0.119028 2.038948 -6.156147
v -0.113551 2.030011 -6.156953
v -0.113551 2.030011 -6.330306
v -0.110813 2.025543 -6.334950
v -0.129810 1.969786 -6.136689
v -0.131944 2.078698 -6.155643
v -0.127050 2.058315 -6.155643
v -0.133588 2.099596 -6.155643
v -0.119028 2.160244 -6.328716
v -0.148518 2.207501 -6.181767
v -0.150494 2.202955 -6.162055
v -0.148333 2.195220 -6.159245
v -0.119028 2.160244 -6.156147
v -0.113551 2.169181 -6.330306
v -0.110813 2.173649 -6.334950
v -0.129810 2.229406 -6.136689
v -0.127050 2.140877 -6.155643
v -0.131944 2.120494 -6.155643
v -0.140529 2.042867 -6.155643
vn -0.1291 -0.9916 -0.0000
vn -0.3850 -0.9229 -0.0000
vn -0.6077 -0.7942 -0.0000
vn -0.6076 -0.7942 -0.0000
vn -0.0000 -0.0000 1.0000
vn 0.1305 -0.9914 -0.0000
vn 0.1291 -0.9916 -0.0000
vn -0.0000 -0.0000 -1.0000
vn -0.0000 -0.0001 -1.0000
vn -0.9239 -0.3827 -0.0000
vn -0.9240 -0.3824 -0.0000
vn 0.3827 -0.9239 -0.0000
vn 0.3838 -0.9234 -0.0000
vn 0.6093 -0.7929 -0.0000
vn 0.6088 -0.7933 -0.0000
vn 0.7933 -0.6089 -0.0000
vn -0.9239 0.3827 -0.0000
vn -0.7934 0.6088 -0.0000
vn 0.7934 0.6087 -0.0000
vn -0.9914 -0.1305 -0.0000
vn -0.9914 0.1305 -0.0000
vn 0.1305 0.9914 -0.0000
vn -0.3827 0.9239 -0.0000
vn -0.6088 0.7934 -0.0000
vn 0.3827 0.9239 -0.0000
vn 0.6088 0.7934 -0.0000
vn -0.1305 0.9914 -0.0000
vn 0.9917 -0.1289 -0.0000
vn 0.9916 0.1293 -0.0000
vn -0.7934 -0.6088 -0.0000
vn -0.7933 -0.6089 -0.0000
vn 0.9233 0.3840 -0.0000
vn 0.9233 -0.3840 -0.0000
vn -0.0001 -0.0000 -1.0000
vn 0.0001 -0.0000 -1.0000
vn 0.3814 0.9244 0.0001
vn 0.3824 0.9240 -0.0000
vn 0.6095 0.7928 -0.0000
vn 0.6099 0.7925 -0.0000
vn 0.6088 -0.7934 -0.0000
vn -0.1290 0.9916 -0.0000
vn -0.1287 0.9917 -0.0000
vn 0.1292 0.9916 0.0001
vn -0.9241 0.3821 -0.0000
vn -0.7932 0.6090 -0.0000
vn 0.9239 0.3827 -0.0000
vn 0.7934 0.6088 -0.0001
vn 0.7918 0.6107 -0.0000
vn 0.7956 0.6059 -0.0000
vn -0.6095 0.7928 -0.0000
vn -0.6099 0.7925 -0.0000
vn -0.3824 0.9240 -0.0000
vn -0.1305 -0.9914 -0.0000
vn -0.3829 -0.9238 -0.0000
vn -0.3827 -0.9239 -0.0000
vn -0.6088 -0.7934 -0.0000
vn -0.6084 -0.7937 -0.0000
vn -0.9914 0.1312 -0.0000
vn -0.9915 -0.1304 -0.0000
vn 0.7934 -0.6088 -0.0000
vn 0.9239 -0.3827 -0.0000
vn 0.1307 -0.9914 -0.0000
vn 0.3822 -0.9241 -0.0000
vn 0.9914 0.1305 -0.0000
vn 0.9914 0.1306 -0.0000
vn 0.9914 -0.1305 -0.0000
vn 0.9915 -0.1304 -0.0000
vn 0.3805 0.9248 -0.0000
vn 0.6102 0.7922 -0.0000
vn 0.9237 0.3832 0.0001
vn -0.9237 0.3832 -0.0000
vn 0.7927 0.6096 -0.0000
vn 0.7925 0.6098 -0.0000
vn 1.0000 -0.0000 -0.0000
vn -1.0000 -0.0000 -0.0000
vn -0.0000 1.0000 -0.0000
vn -0.0000 -1.0000 -0.0000
vn -0.7925 0.6098 -0.0000
vn -0.9914 0.1307 -0.0000
vn -0.9232 -0.3843 -0.0000
vn -0.9237 -0.3832 -0.0000
vn -0.7925 -0.6098 -0.0000
vn -0.1312 -0.9914 -0.0000
vn -0.3844 -0.9232 -0.0001
vn -0.6088 -0.7934 -0.0001
vn -0.6074 -0.7944 -0.0000
vn 0.1306 -0.9914 -0.0000
vn 0.7925 -0.6098 -0.0000
vn 0.3827 -0.9239 -0.0001
vn 0.3844 -0.9232 -0.0000
vn 0.6074 -0.7944 -0.0001
vn -0.9915 -0.1301 -0.0000
vn -0.6102 0.7922 -0.0000
vn 0.1319 0.9913 -0.0000
vn 0.1306 0.9914 -0.0000
vn -0.1312 0.9914 -0.0000
vn -0.3805 0.9248 -0.0000
vn -0.3815 0.9243 -0.0000
vn 0.9239 -0.3827 0.0001
vn 0.9237 -0.3832 -0.0000
vn 0.9914 0.1305 0.0001
vn 0.9914 0.1307 0.0001
vn 0.9915 -0.1301 0.0001
vn -0.8532 0.5215 0.0008
vn -0.8482 0.5296 -0.0000
vn -0.8507 0.5257 -0.0000
vn -0.8493 0.5279 -0.0002
vn -0.7611 0.6487 -0.0000
vn -0.7604 0.6495 -0.0000
vn -0.7638 0.6454 0.0006
vn -0.3259 0.9454 -0.0000
vn -0.3262 0.9453 -0.0000
vn -0.6595 0.5255 -0.5375
vn -0.6001 0.2427 -0.7622
vn -0.5367 0.0350 -0.8430
vn -0.5876 0.8092 0.0008
vn -0.5870 0.8096 -0.0003
vn -0.5759 0.2014 -0.7923
vn -0.5171 0.0113 -0.8559
vn -0.9244 -0.3815 -0.0000
vn -0.8507 -0.5257 -0.0000
vn -0.0823 -0.0253 0.9963
vn -0.0826 -0.0294 0.9962
vn -0.8509 0.5254 -0.0007
vn -0.8513 0.5247 -0.0000
vn -0.9244 0.3815 -0.0000
vn -0.6566 -0.7003 -0.2800
vn -0.8548 0.5190 0.0020
vn -0.5558 -0.1809 -0.8114
vn -0.8526 0.5225 -0.0004
vn -0.8536 0.5209 0.0002
vn -0.8520 0.5235 -0.0004
vn -0.8529 0.5220 -0.0002
vn -0.6540 -0.5734 -0.4934
vn -0.6269 -0.3039 -0.7174
vn -0.4392 -0.5040 0.7437
vn -0.3493 -0.4038 0.8455
vn -0.1645 -0.0742 0.9836
vn -0.0943 0.0015 0.9955
vn -0.5204 -0.6945 0.4969
vn -0.5585 -0.7181 0.4152
vn -0.6533 -0.6942 -0.3020
vn -0.6565 -0.5792 -0.4833
vn -0.8518 0.5239 0.0001
vn -0.8504 0.5261 -0.0003
vn -0.8519 0.5237 -0.0037
vn -0.8533 0.5215 -0.0000
vn -0.5869 -0.8097 -0.0000
vn -0.5868 -0.8097 -0.0000
vn -0.8518 -0.5239 0.0001
vn -0.8504 -0.5261 -0.0003
vn -0.8519 -0.5237 -0.0036
vn -0.8533 -0.5215 -0.0000
vn -0.9241 -0.3821 -0.0003
vn -0.9244 -0.3813 -0.0000
vn -0.5585 0.7181 0.4152
vn -0.5204 0.6945 0.4969
vn -0.6533 0.6943 -0.3020
vn -0.6564 0.5792 -0.4833
vn -0.4392 0.5039 0.7438
vn -0.3493 0.4038 0.8455
vn -0.1645 0.0742 0.9836
vn -0.0943 -0.0015 0.9955
vn -0.8530 -0.5220 -0.0001
vn -0.8534 -0.5212 -0.0000
vn -0.8493 -0.5279 -0.0002
vn -0.8532 -0.5215 0.0008
vn -0.8482 -0.5296 -0.0000
vn -0.3258 -0.9454 -0.0000
vn -0.3262 -0.9453 -0.0000
vn -0.7604 -0.6495 -0.0000
vn -0.7638 -0.6454 0.0006
vn -0.7611 -0.6487 -0.0000
vn -0.8524 -0.5229 -0.0005
vn -0.8520 -0.5235 -0.0004
vn -0.8529 -0.5220 -0.0002
vn -0.6540 0.5734 -0.4934
vn -0.6269 0.3039 -0.7174
vn -0.8526 -0.5225 -0.0004
vn -0.8536 -0.5209 0.0002
vn -0.5125 0.8241 0.2414
vn -0.3416 0.4039 0.8486
vn -0.6542 0.6876 -0.3149
vn -0.6669 0.5417 -0.5117
vn -0.6629 0.7132 -0.2277
vn -0.8513 -0.5247 -0.0000
vn -0.8509 -0.5254 -0.0007
vn -0.6566 0.7003 -0.2800
vn -0.8548 -0.5190 0.0020
vn -0.5869 0.8097 -0.0000
vn -0.5868 0.8097 -0.0000
vn -0.5558 0.1809 -0.8114
vn -0.4903 -0.0151 -0.8714
vn -0.4731 -0.0345 -0.8804
vn -0.6629 -0.7132 -0.2277
vn -0.9241 0.3821 -0.0003
vn -0.9244 0.3813 -0.0000
vn -0.9723 0.2336 -0.0000
vn -0.0877 0.0068 0.9961
vn -0.0876 0.0070 0.9961
vn -0.9723 -0.2336 -0.0000
vn -0.4919 -0.0105 -0.8706
vn -0.4834 -0.0289 -0.8749
vn -0.9969 0.0791 -0.0000
vn -0.9968 -0.0795 -0.0000
vn -0.0854 0.0206 0.9961
vn -0.0855 0.0205 0.9961
vn -0.9970 0.0779 -0.0000
vn -0.9969 -0.0783 -0.0000
vn -0.0806 0.0286 0.9963
vn -0.0837 0.0259 0.9962
vn -0.0876 -0.0069 0.9961
vn -0.0877 -0.0070 0.9961
vn -0.0854 -0.0205 0.9961
vn -0.0854 -0.0206 0.9961
vn -0.2608 -0.9654 -0.0000
vn 0.0691 -0.9976 -0.0000
vn -0.0691 -0.9976 -0.0000
vn -0.8524 0.5229 -0.0005
vn -0.2608 0.9654 -0.0000
vn -0.2152 0.9766 -0.0000
vn -0.0691 0.9976 -0.0000
vn -0.4731 0.0345 -0.8804
vn -0.4903 0.0151 -0.8714
vn -0.4860 0.0088 -0.8739
vn -0.4757 0.0246 -0.8793
vn -0.4757 -0.0246 -0.8793
vn -0.4860 -0.0088 -0.8739
vn -0.0000 -0.0001 1.0000
vn -0.2152 -0.9766 -0.0000
vn -0.9239 -0.3827 -0.0002
vn -0.9244 -0.3813 0.0001
vn -0.9724 -0.2334 0.0001
vn -0.9723 -0.2336 0.0001
vn -0.5759 -0.2014 -0.7923
vn -0.5171 -0.0113 -0.8559
vn -0.9969 -0.0785 0.0001
vn -0.9968 -0.0795 -0.0001
vn -0.9239 0.3827 -0.0002
vn -0.9244 0.3813 0.0001
vn -0.9724 0.2335 0.0001
vn -0.9723 0.2336 0.0001
vn -0.9969 0.0785 0.0001
vn -0.9969 0.0791 -0.0001
vn -0.5876 -0.8091 0.0008
vn -0.5870 -0.8096 -0.0003
vn -0.6542 -0.6876 -0.3149
vn -0.6668 -0.5417 -0.5117
vn -0.8534 0.5212 -0.0000
vn -0.8530 0.5220 -0.0001
vn -0.6595 -0.5255 -0.5375
vn -0.6001 -0.2427 -0.7622
vn -0.5367 -0.0350 -0.8430
vn -0.4919 0.0104 -0.8706
vn -0.4834 0.0287 -0.8749
vn -0.0000 0.0001 1.0000
vn -0.9722 0.2341 -0.0000
vn -0.9722 -0.2341 -0.0000
vn -0.5364 -0.0336 -0.8433
vn -0.5317 -0.0257 -0.8465
vn -0.5295 -0.0049 -0.8483
vn -0.5301 -0.0063 -0.8479
vn -0.5295 0.0049 -0.8483
vn -0.5301 0.0063 -0.8479
vn -0.5364 0.0336 -0.8433
vn -0.5317 0.0257 -0.8465
vn -0.6494 -0.7604 -0.0000
vn -0.6495 -0.7604 -0.0000
vn -0.5225 -0.8526 -0.0000
vn -0.7604 -0.6494 -0.0000
vn -0.9724 -0.2334 0.0003
vn -0.9723 -0.2339 -0.0000
vn -0.9969 -0.0785 -0.0000
vn -0.9969 -0.0783 0.0001
vn -0.8526 -0.5225 0.0002
vn -0.8524 -0.5229 -0.0000
vn -0.9239 -0.3827 0.0002
vn -0.9240 -0.3823 0.0003
vn 0.7602 0.6497 0.0010
vn 0.7589 0.6512 -0.0000
vn 0.8526 0.5225 -0.0000
vn -0.2334 -0.9724 -0.0000
vn -0.2316 -0.9728 -0.0009
vn -0.0784 -0.9969 -0.0012
vn -0.0810 -0.9967 0.0001
vn -0.0000 0.0001 -1.0000
vn 0.7604 -0.6494 0.0002
vn 0.7589 -0.6512 -0.0010
vn 0.8526 -0.5225 0.0002
vn 0.2334 -0.9724 0.0005
vn 0.2307 -0.9730 -0.0009
vn 0.0784 -0.9969 -0.0012
vn 0.0805 -0.9968 -0.0001
vn 0.9724 -0.2334 -0.0000
vn 0.9241 -0.3820 0.0003
vn 0.5225 -0.8526 0.0019
vn 0.5174 -0.8558 -0.0011
vn 0.3827 -0.9239 -0.0012
vn 0.3860 -0.9225 0.0006
vn 0.6495 -0.7604 -0.0010
vn 0.6539 -0.7566 0.0019
vn -0.9724 0.2334 -0.0000
vn -0.9723 0.2339 -0.0003
vn -0.9969 0.0783 -0.0000
vn -0.9969 0.0785 -0.0001
vn -0.3827 0.9239 -0.0006
vn -0.3860 0.9225 0.0012
vn -0.5225 0.8526 0.0011
vn -0.5174 0.8558 -0.0019
vn -0.2334 0.9724 0.0009
vn -0.2307 0.9730 -0.0005
vn -0.7604 0.6494 0.0010
vn -0.7589 0.6512 -0.0001
vn -0.6495 0.7604 -0.0019
vn -0.6539 0.7566 0.0010
vn -0.9240 0.3823 -0.0001
vn -0.9241 0.3820 -0.0000
vn -0.8524 0.5229 -0.0002
vn -0.8526 0.5225 -0.0000
vn 0.3827 0.9239 -0.0006
vn 0.3860 0.9225 0.0012
vn 0.2334 0.9724 0.0009
vn 0.2307 0.9730 -0.0005
vn 0.9241 0.3820 -0.0000
vn 0.9240 0.3823 -0.0002
vn 0.9969 -0.0785 -0.0000
vn 0.9724 0.2334 -0.0000
vn 0.9723 0.2339 -0.0003
vn 0.9969 0.0783 -0.0000
vn 0.9969 0.0785 -0.0001
vn 0.0785 0.9969 0.0001
vn 0.0805 0.9968 0.0011
vn -0.0785 0.9969 -0.0001
vn -0.0810 0.9967 0.0011
vn 0.6495 0.7604 -0.0019
vn 0.6539 0.7566 0.0010
vn 0.5225 0.8526 0.0011
vn 0.5174 0.8558 -0.0019
vn -0.7934 0.6088 0.0001
vn -0.7928 0.6095 -0.0000
vn 0.9230 0.3823 0.0444
vn 0.9234 0.3813 0.0445
vn 0.6067 0.7937 0.0444
vn 0.6089 0.7920 0.0446
vn -0.9243 0.3817 0.0001
vn -0.6095 0.7928 0.0001
vn -0.6086 -0.7935 0.0001
vn -0.6095 -0.7928 -0.0000
vn -0.9914 0.1305 0.0001
vn -0.9914 0.1309 -0.0000
vn -0.9913 -0.1314 0.0001
vn 0.3827 0.9228 0.0447
vn 0.3813 0.9234 0.0445
vn -0.3827 0.9228 0.0445
vn -0.3813 0.9234 0.0447
vn 0.1323 0.9902 0.0445
vn 0.1313 0.9903 0.0445
vn -0.1318 0.9903 0.0445
vn -0.1308 0.9904 0.0445
vn 0.7926 0.6082 0.0445
vn 0.7920 0.6089 0.0444
vn -0.6089 0.7920 0.0446
vn -0.7936 -0.6067 0.0446
vn -0.7920 -0.6089 0.0444
vn -0.6082 -0.7926 0.0444
vn -0.6089 -0.7920 0.0445
vn -0.9228 -0.3827 0.0445
vn -0.9234 -0.3813 0.0447
vn -0.9239 -0.3827 0.0001
vn -0.9243 -0.3817 -0.0000
vn -0.7920 0.6089 0.0446
vn -0.7928 -0.6095 0.0001
vn -0.9228 0.3827 0.0447
vn -0.9234 0.3813 0.0445
vn -0.9903 0.1318 0.0445
vn -0.9904 0.1308 0.0445
vn -0.9902 -0.1323 0.0444
vn -0.9903 -0.1313 0.0445
vn -0.1304 -0.9905 0.0444
vn -0.1313 -0.9903 0.0445
vn -0.3823 -0.9230 0.0445
vn -0.3813 -0.9234 0.0444
vn 0.1304 -0.9905 0.0445
vn 0.1308 -0.9904 0.0444
vn 0.6082 -0.7926 0.0445
vn 0.6089 -0.7920 0.0444
vn 0.9243 -0.3817 -0.0000
vn 0.3823 -0.9230 0.0444
vn 0.3813 -0.9234 0.0445
vn 0.7928 -0.6095 -0.0000
vn -0.3817 -0.9243 -0.0000
vn 0.6095 -0.7928 -0.0000
vn 0.1309 -0.9914 -0.0000
vn -0.1314 -0.9913 -0.0000
vn 0.3817 -0.9243 -0.0000
vn 0.6088 0.7934 0.0001
vn -0.1309 0.9914 0.0001
vn -0.3827 0.9239 0.0001
vn -0.3817 0.9243 -0.0000
vn 0.1305 0.9914 0.0001
vn 0.1314 0.9913 -0.0000
vn 0.3817 0.9243 0.0001
vn 0.9913 -0.1314 -0.0000
vn 0.7926 -0.6082 0.0444
vn 0.7920 -0.6089 0.0445
vn 0.9914 0.1309 -0.0000
vn 0.9230 -0.3823 0.0444
vn 0.9234 -0.3813 0.0445
vn 0.7928 0.6095 0.0001
vn 0.7935 0.6086 -0.0000
vn 0.9243 0.3817 -0.0000
vn 0.9905 0.1304 0.0445
vn 0.9904 0.1308 0.0444
vn 0.9905 -0.1304 0.0445
vn 0.9903 -0.1313 0.0444
vn -0.9749 -0.2218 0.0193
vn -0.9822 -0.1880 -0.0000
vn -0.9207 0.3903 0.0013
vn -0.9233 0.3842 -0.0000
vn -0.9616 -0.2746 -0.0000
vn -0.9800 -0.1989 -0.0000
vn 0.0007 0.0010 -1.0000
vn -0.7589 0.6513 0.0015
vn -0.0510 -0.0586 0.9970
vn -0.0194 -0.0212 0.9996
vn -0.3920 -0.5839 0.7109
vn -0.1375 -0.2656 0.9542
vn -0.8518 -0.5239 -0.0000
vn -0.9234 -0.3838 -0.0000
vn -0.8526 0.5225 0.0004
vn -0.8518 0.5239 -0.0000
vn -0.7611 -0.6486 -0.0000
vn -0.5117 -0.8240 0.2433
vn -0.3458 -0.4131 0.8425
vn -0.0003 0.0009 -1.0000
vn -0.0006 0.0005 -1.0000
vn -0.9631 0.2692 0.0005
vn -0.9817 0.1905 -0.0000
vn -0.9749 0.2218 0.0178
vn 0.0007 -0.0010 -1.0000
vn -0.7589 -0.6513 0.0015
vn -0.9192 -0.3937 0.0013
vn -0.9233 -0.3842 -0.0007
vn -0.0510 0.0586 0.9970
vn -0.0195 0.0214 0.9996
vn -0.0202 0.0176 0.9996
vn -0.9799 0.1996 -0.0000
vn -0.9800 0.1989 0.0011
vn -0.3909 0.5846 0.7110
vn -0.1394 0.2702 0.9527
vn -1.0000 -0.0002 0.0014
vn -0.9996 0.0045 -0.0266
vn -1.0000 -0.0044 -0.0000
vn 0.0003 -0.0000 1.0000
vn -0.0003 -0.0009 -1.0000
vn -0.0006 -0.0005 -1.0000
vn -0.0200 -0.0178 0.9996
vn 0.0002 -0.0000 1.0000
vn 0.0002 0.0017 -1.0000
vn 0.0018 0.0010 -1.0000
vn -0.0002 0.0017 -1.0000
vn -0.0004 0.0015 -1.0000
vn 0.0002 0.0015 -1.0000
vn 0.0001 0.0016 -1.0000
vn -0.0002 0.0016 -1.0000
vn -0.0001 0.0016 -1.0000
vn -0.6511 -0.7590 -0.0000
vn -0.5194 -0.8545 -0.0000
vn -0.3845 -0.9231 -0.0000
vn -0.0007 0.0018 -1.0000
vn -0.0016 0.0027 -1.0000
vn 0.2311 0.9729 -0.0000
vn 0.2335 0.9724 0.0006
vn -0.3845 0.9231 0.0005
vn 0.0785 0.9969 -0.0000
vn 0.0810 0.9967 0.0006
vn -0.0785 0.9969 -0.0000
vn -0.0807 0.9967 0.0006
vn -0.2335 0.9724 0.0005
vn -0.2313 0.9729 -0.0000
vn -0.7604 0.6495 0.0001
vn -0.7611 0.6486 0.0003
vn -0.0006 0.0006 -1.0000
vn -0.0003 0.0011 -1.0000
vn -0.6495 0.7604 -0.0004
vn -0.6511 0.7590 0.0001
vn -0.5225 0.8526 0.0004
vn -0.5194 0.8545 -0.0005
vn 0.0002 -0.0017 -1.0000
vn 0.0018 -0.0009 -1.0000
vn -0.0002 -0.0016 -1.0000
vn -0.0004 -0.0015 -1.0000
vn 0.0002 -0.0015 -1.0000
vn 0.0001 -0.0016 -1.0000
vn -0.0001 -0.0016 -1.0000
vn -0.9724 0.2334 -0.0003
vn -0.9723 0.2339 -0.0005
vn -0.9970 -0.0769 -0.0000
vn -0.9964 -0.0843 -0.0018
vn -0.9969 0.0785 -0.0004
vn -0.9965 0.0838 -0.0017
vn -0.9239 0.3827 -0.0001
vn -0.9234 0.3838 -0.0004
vn -0.0016 -0.0027 -1.0000
vn -0.0007 -0.0018 -1.0000
vn 0.0810 -0.9967 -0.0000
vn -0.0006 -0.0007 -1.0000
vn -0.0003 -0.0011 -1.0000
vn -0.0807 -0.9967 -0.0000
vn 0.2311 -0.9729 -0.0000
vn -0.2313 -0.9729 -0.0000
vn 0.8526 -0.5225 -0.0004
vn 0.8536 -0.5209 0.0002
vn 0.8520 -0.5235 -0.0004
vn 0.8529 -0.5220 -0.0002
vn 0.6540 0.5734 -0.4934
vn 0.6269 0.3039 -0.7174
vn 0.5124 0.8241 0.2414
vn 0.3416 0.4038 0.8487
vn 0.6542 0.6876 -0.3149
vn 0.6669 0.5417 -0.5117
vn 0.6629 0.7132 -0.2277
vn 0.5558 0.1809 -0.8114
vn 0.6566 0.7003 -0.2800
vn 0.8548 -0.5190 0.0020
vn 0.5868 0.8097 -0.0000
vn 0.6533 0.6942 -0.3020
vn 0.6564 0.5792 -0.4833
vn 0.4731 -0.0345 -0.8804
vn 0.4903 -0.0151 -0.8714
vn 0.8509 -0.5254 -0.0007
vn 0.8513 -0.5247 -0.0000
vn 0.9244 -0.3815 -0.0000
vn 0.5876 0.8092 0.0008
vn 0.5869 0.8096 -0.0003
vn 0.4919 0.0104 -0.8706
vn 0.4834 0.0287 -0.8749
vn 0.9970 0.0779 -0.0000
vn 0.9723 0.2336 -0.0000
vn 0.0854 0.0206 0.9961
vn 0.0854 0.0205 0.9961
vn 0.4860 0.0088 -0.8739
vn 0.4757 0.0246 -0.8793
vn 0.9722 0.2341 -0.0000
vn 0.5171 0.0113 -0.8559
vn 0.5759 0.2014 -0.7923
vn 0.6595 0.5255 -0.5375
vn 0.6001 0.2426 -0.7622
vn 0.5367 0.0350 -0.8430
vn 0.8507 -0.5257 -0.0000
vn 0.0806 -0.0286 0.9963
vn 0.0837 -0.0259 0.9962
vn 0.4392 0.5038 0.7438
vn 0.3493 0.4038 0.8455
vn 0.9723 -0.2336 -0.0000
vn 0.0854 -0.0206 0.9961
vn 0.0855 -0.0205 0.9961
vn 0.0876 -0.0070 0.9961
vn 0.0877 -0.0069 0.9961
vn 0.9969 -0.0783 -0.0000
vn 0.9722 -0.2341 -0.0000
vn 0.9724 -0.2334 0.0001
vn 0.9723 -0.2336 0.0001
vn 0.9969 -0.0785 0.0001
vn 0.9968 -0.0795 -0.0001
vn 0.9239 -0.3827 -0.0002
vn 0.9244 -0.3813 0.0001
vn 0.5317 0.0257 -0.8465
vn 0.5364 0.0336 -0.8433
vn 0.5295 0.0049 -0.8483
vn 0.5301 0.0063 -0.8479
vn 0.4919 -0.0105 -0.8706
vn 0.4834 -0.0289 -0.8749
vn 0.8519 -0.5236 -0.0036
vn 0.8533 -0.5215 -0.0000
vn 0.9241 -0.3821 -0.0003
vn 0.9244 -0.3813 -0.0000
vn 0.7604 -0.6495 -0.0000
vn 0.7638 -0.6454 0.0006
vn 0.1645 0.0742 0.9836
vn 0.0943 -0.0015 0.9955
vn 0.5585 0.7181 0.4152
vn 0.5204 0.6945 0.4969
vn 0.8517 -0.5240 0.0001
vn 0.8504 -0.5261 -0.0003
vn 0.7611 -0.6487 -0.0000
vn 0.8493 -0.5279 -0.0002
vn 0.8532 -0.5215 0.0008
vn 0.8482 -0.5296 -0.0000
vn 0.4860 -0.0088 -0.8739
vn 0.4757 -0.0246 -0.8793
vn 0.3258 -0.9454 -0.0000
vn 0.3262 -0.9453 -0.0000
vn 0.8530 -0.5220 -0.0001
vn 0.8534 -0.5212 -0.0000
vn 0.6001 -0.2426 -0.7622
vn 0.6595 -0.5255 -0.5375
vn 0.5367 -0.0350 -0.8430
vn 0.5876 -0.8092 0.0008
vn 0.5870 -0.8096 -0.0003
vn 0.9244 0.3815 -0.0000
vn 0.0826 0.0294 0.9962
vn 0.0823 0.0253 0.9963
vn 0.5171 -0.0113 -0.8559
vn 0.5759 -0.2014 -0.7923
vn 0.6542 -0.6876 -0.3149
vn 0.6669 -0.5417 -0.5118
vn 0.8520 0.5235 -0.0004
vn 0.8529 0.5220 -0.0002
vn 0.6269 -0.3039 -0.7174
vn 0.6540 -0.5734 -0.4934
vn 0.5558 -0.1809 -0.8114
vn 0.6629 -0.7132 -0.2277
vn 0.8526 0.5225 -0.0004
vn 0.8536 0.5209 0.0002
vn 0.8524 0.5229 -0.0005
vn 0.8530 0.5220 -0.0001
vn 0.8534 0.5212 -0.0000
vn 0.2608 0.9654 -0.0000
vn 0.2152 0.9766 -0.0000
vn 0.0691 0.9976 -0.0000
vn 0.2608 -0.9654 -0.0000
vn 0.2152 -0.9766 -0.0000
vn 0.8524 -0.5229 -0.0005
vn 0.8507 0.5257 -0.0000
vn 0.4731 0.0346 -0.8804
vn 0.4903 0.0151 -0.8714
vn 0.5301 -0.0063 -0.8479
vn 0.5295 -0.0049 -0.8483
vn 0.0877 0.0069 0.9961
vn 0.0876 0.0069 0.9961
vn 0.3259 0.9454 -0.0000
vn 0.3262 0.9453 -0.0000
vn 0.8532 0.5215 0.0008
vn 0.8482 0.5296 -0.0000
vn 0.8493 0.5279 -0.0002
vn 0.9239 0.3827 -0.0002
vn 0.9244 0.3813 0.0001
vn 0.9969 0.0791 -0.0000
vn 0.9968 -0.0795 -0.0000
vn 0.5317 -0.0257 -0.8465
vn 0.5364 -0.0336 -0.8433
vn 0.9724 0.2335 0.0001
vn 0.9723 0.2336 0.0001
vn 0.9969 0.0785 0.0001
vn 0.9969 0.0791 -0.0001
vn 0.7611 0.6487 -0.0000
vn 0.5868 -0.8097 -0.0000
vn 0.6533 -0.6942 -0.3020
vn 0.6564 -0.5792 -0.4833
vn 0.4392 -0.5039 0.7438
vn 0.3493 -0.4039 0.8455
vn 0.8509 0.5254 -0.0007
vn 0.8513 0.5247 -0.0000
vn 0.6566 -0.7003 -0.2800
vn 0.8548 0.5190 0.0020
vn 0.1645 -0.0742 0.9836
vn 0.0943 0.0016 0.9955
vn 0.9241 0.3821 -0.0003
vn 0.9244 0.3813 -0.0000
vn 0.7604 0.6495 -0.0000
vn 0.7638 0.6454 0.0006
vn 0.5204 -0.6945 0.4969
vn 0.5585 -0.7181 0.4152
vn 0.8517 0.5240 0.0001
vn 0.8504 0.5261 -0.0003
vn 0.8519 0.5237 -0.0037
vn 0.8533 0.5215 -0.0000
vn 0.9802 -0.1979 -0.0000
vn 0.9803 -0.1977 0.0002
vn 0.0511 -0.0586 0.9970
vn 0.0195 -0.0213 0.9996
vn 0.0003 0.0009 -1.0000
vn -0.0002 0.0013 -1.0000
vn 0.0202 -0.0176 0.9996
vn 0.5216 -0.8532 -0.0000
vn 0.0006 -0.0006 -1.0000
vn 0.0005 -0.0008 -1.0000
vn -0.0000 -0.0042 -1.0000
vn 0.5225 0.8526 -0.0000
vn 0.5216 0.8532 -0.0002
vn 0.7604 0.6495 -0.0003
vn 0.7608 0.6490 -0.0001
vn 0.6494 0.7604 -0.0002
vn 0.6493 0.7605 -0.0003
vn 0.0006 0.0006 -1.0000
vn 0.0005 0.0008 -1.0000
vn -0.0000 0.0042 -1.0000
vn 0.9239 0.3827 0.0001
vn 0.9245 0.3813 0.0005
vn 0.9635 -0.2676 0.0013
vn 0.9154 0.4026 -0.0003
vn 0.9186 0.3952 -0.0019
vn 0.7606 0.6492 -0.0002
vn 0.9743 -0.2246 0.0170
vn 0.9809 -0.1945 -0.0000
vn 0.8529 0.5221 0.0001
vn 0.3912 -0.5844 0.7110
vn 0.1397 -0.2691 0.9529
vn 0.5131 -0.8242 0.2399
vn 0.3428 -0.4055 0.8474
vn 0.0003 -0.0009 -1.0000
vn -0.0002 -0.0013 -1.0000
vn 0.8529 -0.5221 -0.0000
vn 0.7606 -0.6492 -0.0002
vn 0.3909 0.5846 0.7110
vn 0.1410 0.2722 0.9519
vn 0.9968 -0.0794 -0.0000
vn 0.9960 -0.0890 -0.0023
vn 0.9969 0.0785 0.0002
vn 0.9961 0.0885 -0.0022
vn 0.9724 0.2334 0.0004
vn 0.9723 0.2338 0.0003
vn 0.9723 -0.2338 -0.0000
vn 0.9245 -0.3813 -0.0000
vn 0.9166 -0.3997 -0.0003
vn 0.9186 -0.3952 -0.0013
vn 1.0000 0.0030 -0.0000
vn -0.0003 -0.0000 1.0000
vn 0.7608 -0.6490 -0.0000
vn 0.6493 -0.7605 -0.0000
vn 1.0000 -0.0030 -0.0004
vn 1.0000 -0.0001 -0.0091
vn 0.0511 0.0586 0.9970
vn 0.0193 0.0210 0.9996
vn 0.9810 0.1942 -0.0000
vn 0.9743 0.2246 0.0171
vn 0.9630 0.2694 0.0009
vn 0.9803 0.1977 -0.0000
vn 0.0199 0.0177 0.9996
vn -0.0003 0.0001 1.0000
s 0
f 3241//2179 3668//2179 3237//2179
f 3241//2179 3237//2179 3240//2179
f 3238//2180 3239//2180 3240//2180
f 3238//2180 3240//2180 3237//2180
f 3236//2181 3665//2181 3239//2181
f 3236//2182 3239//2182 3238//2182
f 3675//2183 3676//2183 3241//2183
f 3675//2183 3241//2183 3240//2183
f 3674//2183 3675//2183 3240//2183
f 3674//2183 3240//2183 3239//2183
f 3242//2184 3673//2184 3668//2184
f 3242//2185 3668//2185 3241//2185
f 3668//2186 3669//2186 3666//2186
f 3668//2186 3666//2186 3237//2186
f 3237//2187 3666//2187 3667//2187
f 3237//2187 3667//2187 3238//2187
f 3653//2188 3652//2188 3664//2188
f 3653//2189 3664//2189 3235//2189
f 3235//2186 3671//2186 3672//2186
f 3235//2186 3672//2186 3653//2186
f 3236//2186 3670//2186 3671//2186
f 3236//2186 3671//2186 3235//2186
f 3238//2186 3667//2186 3670//2186
f 3238//2187 3670//2187 3236//2187
f 3676//2183 3682//2183 3242//2183
f 3676//2183 3242//2183 3241//2183
f 3682//2183 3683//2183 3245//2183
f 3682//2183 3245//2183 3242//2183
f 3244//2186 3680//2186 3681//2186
f 3244//2186 3681//2186 3678//2186
f 3685//2183 3658//2183 3229//2183
f 3685//2183 3229//2183 3234//2183
f 3684//2183 3685//2183 3234//2183
f 3684//2183 3234//2183 3243//2183
f 3683//2183 3684//2183 3243//2183
f 3683//2183 3243//2183 3245//2183
f 3245//2190 3678//2190 3673//2190
f 3245//2191 3673//2191 3242//2191
f 3678//2192 3245//2192 3243//2192
f 3678//2193 3243//2193 3244//2193
f 3677//2183 3674//2183 3239//2183
f 3677//2183 3239//2183 3665//2183
f 3231//2186 3662//2186 3679//2186
f 3231//2186 3679//2186 3233//2186
f 3233//2186 3679//2186 3680//2186
f 3233//2186 3680//2186 3244//2186
f 3244//2194 3243//2194 3234//2194
f 3244//2194 3234//2194 3233//2194
f 3648//2195 3649//2195 3647//2195
f 3648//2195 3647//2195 3646//2195
f 3646//2196 3647//2196 3633//2196
f 3646//2196 3633//2196 3632//2196
f 3645//2197 3644//2197 3225//2197
f 3645//2197 3225//2197 3226//2197
f 3226//2183 3654//2183 3655//2183
f 3226//2183 3655//2183 3645//2183
f 3652//2198 3653//2198 3651//2198
f 3652//2198 3651//2198 3650//2198
f 3650//2199 3651//2199 3649//2199
f 3650//2199 3649//2199 3648//2199
f 3640//2200 3641//2200 3638//2200
f 3640//2200 3638//2200 3639//2200
f 3636//2201 3637//2201 3635//2201
f 3636//2201 3635//2201 3634//2201
f 3634//2202 3635//2202 3632//2202
f 3634//2202 3632//2202 3633//2202
f 3643//2203 3642//2203 3641//2203
f 3643//2203 3641//2203 3640//2203
f 3644//2204 3645//2204 3642//2204
f 3644//2204 3642//2204 3643//2204
f 3639//2205 3638//2205 3637//2205
f 3639//2205 3637//2205 3636//2205
f 3228//2206 3232//2206 3231//2206
f 3228//2206 3231//2206 3229//2206
f 3227//2207 3230//2207 3232//2207
f 3227//2207 3232//2207 3228//2207
f 3661//2186 3663//2186 3232//2186
f 3661//2186 3232//2186 3230//2186
f 3235//2208 3664//2208 3665//2208
f 3235//2209 3665//2209 3236//2209
f 3230//2210 3227//2210 3226//2210
f 3230//2210 3226//2210 3225//2210
f 3233//2211 3234//2211 3229//2211
f 3233//2211 3229//2211 3231//2211
f 3658//2183 3657//2183 3228//2183
f 3658//2183 3228//2183 3229//2183
f 3228//2183 3657//2183 3656//2183
f 3228//2183 3656//2183 3227//2183
f 3227//2183 3656//2183 3654//2183
f 3227//2183 3654//2183 3226//2183
f 3232//2186 3663//2186 3662//2186
f 3232//2186 3662//2186 3231//2186
f 3660//2186 3661//2186 3230//2186
f 3660//2186 3230//2186 3225//2186
f 3659//2186 3660//2186 3225//2186
f 3659//2186 3225//2186 3644//2186
f 3713//2186 3715//2186 3716//2186
f 3713//2186 3716//2186 3254//2186
f 3639//2186 3636//2186 3257//2186
f 3639//2186 3257//2186 3256//2186
f 3640//2186 3639//2186 3256//2186
f 3640//2187 3256//2187 3255//2187
f 3715//2212 3713//2212 3717//2212
f 3720//2213 3721//2213 3259//2213
f 3720//2212 3259//2212 3252//2212
f 3254//2186 3716//2186 3720//2186
f 3254//2186 3720//2186 3252//2186
f 3718//2186 3719//2186 3714//2186
f 3718//2186 3714//2186 3258//2186
f 3255//2214 3713//2214 3254//2214
f 3255//2215 3254//2215 3253//2215
f 3252//2216 3659//2216 3253//2216
f 3252//2217 3253//2217 3254//2217
f 3712//2218 3681//2218 3680//2218
f 3712//2218 3680//2218 3710//2218
f 3257//2219 3258//2219 3714//2219
f 3257//2220 3714//2220 3256//2220
f 3643//2186 3640//2186 3255//2186
f 3643//2187 3255//2187 3253//2187
f 3644//2186 3643//2186 3253//2186
f 3644//2186 3253//2186 3659//2186
f 3256//2200 3714//2200 3713//2200
f 3256//2221 3713//2221 3255//2221
f 3247//2195 3688//2195 3724//2195
f 3247//2222 3724//2222 3248//2222
f 3248//2196 3724//2196 3723//2196
f 3248//2223 3723//2223 3260//2223
f 3633//2186 3647//2186 3248//2186
f 3633//2186 3248//2186 3260//2186
f 3725//2186 3726//2186 3261//2186
f 3725//2186 3261//2186 3723//2186
f 3718//2213 3258//2213 3729//2213
f 3261//2187 3726//2187 3729//2187
f 3261//2186 3729//2186 3258//2186
f 3723//2186 3728//2186 3727//2186
f 3723//2186 3727//2186 3725//2186
f 3660//2224 3722//2224 3702//2224
f 3660//2224 3702//2224 3661//2224
f 3259//2225 3660//2225 3659//2225
f 3259//2226 3659//2226 3252//2226
f 3259//2186 3721//2186 3722//2186
f 3259//2227 3722//2227 3660//2227
f 3260//2228 3723//2228 3261//2228
f 3260//2229 3261//2229 3262//2229
f 3636//2186 3634//2186 3262//2186
f 3636//2186 3262//2186 3257//2186
f 3634//2186 3633//2186 3260//2186
f 3634//2187 3260//2187 3262//2187
f 3262//2230 3261//2230 3258//2230
f 3262//2230 3258//2230 3257//2230
f 3669//2186 3668//2186 3673//2186
f 3669//2186 3673//2186 3251//2186
f 3669//2231 3692//2231 3691//2231
f 3669//2231 3691//2231 3666//2231
f 3666//2232 3691//2232 3249//2232
f 3666//2233 3249//2233 3667//2233
f 3671//2188 3689//2188 3686//2188
f 3671//2188 3686//2188 3672//2188
f 3690//2234 3670//2234 3667//2234
f 3690//2235 3667//2235 3249//2235
f 3691//2186 3697//2186 3693//2186
f 3691//2186 3693//2186 3249//2186
f 3695//2186 3696//2186 3690//2186
f 3695//2186 3690//2186 3694//2186
f 3249//2186 3693//2186 3694//2186
f 3249//2186 3694//2186 3690//2186
f 3247//2213 3651//2213 3653//2213
f 3247//2186 3653//2186 3246//2186
f 3246//2199 3687//2199 3688//2199
f 3246//2236 3688//2236 3247//2236
f 3672//2198 3686//2198 3687//2198
f 3672//2237 3687//2237 3246//2237
f 3651//2186 3247//2186 3649//2186
f 3670//2208 3690//2208 3689//2208
f 3670//2208 3689//2208 3671//2208
f 3647//2186 3649//2186 3247//2186
f 3647//2186 3247//2186 3248//2186
f 3246//2186 3653//2186 3672//2186
f 3710//2238 3680//2238 3679//2238
f 3710//2238 3679//2238 3709//2238
f 3708//2186 3703//2186 3707//2186
f 3250//2186 3705//2186 3707//2186
f 3250//2186 3707//2186 3703//2186
f 3709//2239 3679//2239 3662//2239
f 3709//2239 3662//2239 3703//2239
f 3251//2186 3673//2186 3678//2186
f 3251//2186 3678//2186 3681//2186
f 3251//2184 3711//2184 3692//2184
f 3251//2240 3692//2240 3669//2240
f 3681//2190 3712//2190 3711//2190
f 3681//2241 3711//2241 3251//2241
f 3250//2242 3663//2242 3661//2242
f 3250//2243 3661//2243 3701//2243
f 3700//2186 3688//2186 3699//2186
f 3687//2186 3698//2186 3699//2186
f 3687//2186 3699//2186 3688//2186
f 3701//2224 3661//2224 3702//2224
f 3706//2186 3704//2186 3702//2186
f 3704//2186 3705//2186 3250//2186
f 3704//2186 3250//2186 3701//2186
f 3703//2244 3662//2244 3663//2244
f 3703//2245 3663//2245 3250//2245
f 3298//2246 3297//2246 3291//2246
f 3298//2246 3291//2246 3290//2246
f 3297//2247 3298//2247 3296//2247
f 3297//2247 3296//2247 3295//2247
f 3294//2224 3753//2224 3746//2224
f 3294//2248 3746//2248 3282//2248
f 3754//2186 3755//2186 3298//2186
f 3754//2186 3298//2186 3290//2186
f 3296//2186 3755//2186 3757//2186
f 3296//2186 3757//2186 3753//2186
f 3756//2186 3754//2186 3290//2186
f 3756//2186 3290//2186 3748//2186
f 3296//2186 3298//2186 3755//2186
f 3285//2186 3293//2186 3749//2186
f 3742//2186 3749//2186 3293//2186
f 3742//2186 3293//2186 3278//2186
f 3293//2249 3292//2249 3279//2249
f 3293//2249 3279//2249 3278//2249
f 3285//2186 3749//2186 3750//2186
f 3285//2186 3750//2186 3286//2186
f 3295//2250 3296//2250 3753//2250
f 3295//2251 3753//2251 3294//2251
f 3751//2186 3286//2186 3750//2186
f 3751//2186 3752//2186 3747//2186
f 3751//2186 3747//2186 3286//2186
f 3295//2183 3294//2183 3283//2183
f 3295//2183 3283//2183 3297//2183
f 3271//2183 3273//2183 3275//2183
f 3271//2183 3275//2183 3276//2183
f 3303//2183 3276//2183 3279//2183
f 3303//2183 3279//2183 3292//2183
f 3271//2183 3276//2183 3303//2183
f 3273//2183 3271//2183 3263//2183
f 3272//2252 3300//2252 3302//2252
f 3272//2252 3302//2252 3283//2252
f 3303//2253 3301//2253 3299//2253
f 3303//2253 3299//2253 3271//2253
f 3302//2254 3301//2254 3303//2254
f 3302//2254 3303//2254 3283//2254
f 3301//2186 3302//2186 3300//2186
f 3301//2186 3300//2186 3299//2186
f 3299//2255 3300//2255 3272//2255
f 3299//2255 3272//2255 3271//2255
f 3282//2183 3281//2183 3283//2183
f 3282//2183 3283//2183 3294//2183
f 3283//2183 3289//2183 3291//2183
f 3283//2183 3291//2183 3297//2183
f 3284//2183 3287//2183 3303//2183
f 3284//2183 3303//2183 3292//2183
f 3303//2183 3289//2183 3283//2183
f 3303//2183 3287//2183 3288//2183
f 3303//2183 3288//2183 3289//2183
f 3292//2256 3293//2256 3285//2256
f 3292//2256 3285//2256 3284//2256
f 3269//2183 3267//2183 3272//2183
f 3269//2183 3272//2183 3268//2183
f 3266//2183 3265//2183 3272//2183
f 3266//2183 3272//2183 3267//2183
f 3271//2183 3272//2183 3265//2183
f 3264//2183 3263//2183 3271//2183
f 3264//2183 3271//2183 3265//2183
f 3278//2257 3279//2257 3276//2257
f 3278//2257 3276//2257 3277//2257
f 3273//2258 3738//2258 3274//2258
f 3273//2259 3274//2259 3275//2259
f 3263//2208 3730//2208 3738//2208
f 3263//2260 3738//2260 3273//2260
f 3266//2231 3733//2231 3732//2231
f 3266//2261 3732//2261 3265//2261
f 3265//2233 3732//2233 3731//2233
f 3265//2262 3731//2262 3264//2262
f 3264//2263 3731//2263 3730//2263
f 3264//2264 3730//2264 3263//2264
f 3267//2184 3734//2184 3733//2184
f 3267//2265 3733//2265 3266//2265
f 3270//2238 3737//2238 3735//2238
f 3270//2266 3735//2266 3268//2266
f 3269//2267 3736//2267 3734//2267
f 3269//2268 3734//2268 3267//2268
f 3268//2218 3735//2218 3736//2218
f 3268//2269 3736//2269 3269//2269
f 3277//2270 3276//2270 3275//2270
f 3277//2270 3275//2270 3274//2270
f 3283//2183 3281//2183 3272//2183
f 3270//2183 3268//2183 3272//2183
f 3280//2183 3270//2183 3272//2183
f 3280//2183 3272//2183 3281//2183
f 3286//2271 3287//2271 3284//2271
f 3286//2271 3284//2271 3285//2271
f 3289//2272 3748//2272 3290//2272
f 3289//2273 3290//2273 3291//2273
f 3288//2205 3747//2205 3748//2205
f 3288//2274 3748//2274 3289//2274
f 3747//2275 3288//2275 3287//2275
f 3747//2276 3287//2276 3286//2276
f 3741//2186 3742//2186 3278//2186
f 3741//2186 3278//2186 3277//2186
f 3740//2186 3741//2186 3277//2186
f 3739//2186 3740//2186 3277//2186
f 3739//2186 3277//2186 3274//2186
f 3738//2186 3743//2186 3739//2186
f 3738//2186 3739//2186 3274//2186
f 3280//2277 3744//2277 3737//2277
f 3280//2278 3737//2278 3270//2278
f 3282//2279 3746//2279 3745//2279
f 3282//2280 3745//2280 3281//2280
f 3281//2244 3745//2244 3744//2244
f 3281//2281 3744//2281 3280//2281
f 3365//2183 3337//2183 3759//2183
f 3358//2282 3357//2282 3337//2282
f 3358//2283 3337//2283 3362//2283
f 3364//2284 3355//2284 3352//2284
f 3364//2285 3352//2285 3354//2285
f 3365//2286 3364//2286 3362//2286
f 3365//2286 3362//2286 3337//2286
f 3365//2287 3789//2287 3786//2287
f 3365//2288 3786//2288 3355//2288
f 3759//2289 3758//2289 3789//2289
f 3759//2290 3789//2290 3365//2290
f 3355//2286 3364//2286 3365//2286
f 3370//2291 3371//2291 3368//2291
f 3370//2292 3368//2292 3348//2292
f 3366//2293 3343//2293 3344//2293
f 3372//2294 3791//2294 3792//2294
f 3372//2295 3792//2295 3373//2295
f 3348//2296 3368//2296 3366//2296
f 3348//2297 3366//2297 3344//2297
f 3343//2298 3366//2298 3367//2298
f 3343//2298 3367//2298 3328//2298
f 3366//2299 3368//2299 3369//2299
f 3366//2299 3369//2299 3367//2299
f 3328//2300 3367//2300 3790//2300
f 3328//2301 3790//2301 3323//2301
f 3337//2302 3357//2302 3308//2302
f 3337//2303 3308//2303 3338//2303
f 3311//2304 3336//2304 3338//2304
f 3311//2304 3338//2304 3308//2304
f 3361//2305 3362//2305 3360//2305
f 3361//2306 3360//2306 3778//2306
f 3357//2307 3309//2307 3308//2307
f 3304//2308 3766//2308 3780//2308
f 3304//2309 3780//2309 3356//2309
f 3351//2310 3356//2310 3780//2310
f 3351//2311 3780//2311 3347//2311
f 3357//2312 3358//2312 3359//2312
f 3357//2313 3359//2313 3309//2313
f 3788//2314 3787//2314 3354//2314
f 3788//2315 3354//2315 3353//2315
f 3778//2316 3788//2316 3353//2316
f 3778//2317 3353//2317 3331//2317
f 3787//2318 3363//2318 3364//2318
f 3787//2319 3364//2319 3354//2319
f 3358//2320 3362//2320 3361//2320
f 3358//2321 3361//2321 3359//2321
f 3359//2322 3361//2322 3778//2322
f 3359//2323 3778//2323 3309//2323
f 3363//2324 3787//2324 3778//2324
f 3363//2325 3778//2325 3360//2325
f 3364//2326 3363//2326 3360//2326
f 3364//2327 3360//2327 3362//2327
f 3790//2328 3381//2328 3377//2328
f 3790//2329 3377//2329 3376//2329
f 3790//2330 3797//2330 3385//2330
f 3790//2331 3385//2331 3382//2331
f 3323//2332 3790//2332 3376//2332
f 3323//2333 3376//2333 3317//2333
f 3797//2334 3386//2334 3384//2334
f 3797//2335 3384//2335 3385//2335
f 3381//2336 3383//2336 3378//2336
f 3381//2337 3378//2337 3377//2337
f 3386//2338 3797//2338 3796//2338
f 3386//2339 3796//2339 3369//2339
f 3369//2340 3796//2340 3790//2340
f 3369//2341 3790//2341 3367//2341
f 3368//2342 3371//2342 3386//2342
f 3368//2343 3386//2343 3369//2343
f 3384//2344 3386//2344 3371//2344
f 3384//2299 3371//2299 3373//2299
f 3305//2345 3375//2345 3378//2345
f 3305//2346 3378//2346 3383//2346
f 3798//2347 3770//2347 3769//2347
f 3798//2348 3769//2348 3307//2348
f 3792//2349 3798//2349 3307//2349
f 3792//2350 3307//2350 3373//2350
f 3373//2351 3307//2351 3384//2351
f 3383//2351 3384//2351 3307//2351
f 3383//2351 3307//2351 3305//2351
f 3372//2352 3795//2352 3791//2352
f 3785//2353 3374//2353 3370//2353
f 3785//2354 3370//2354 3348//2354
f 3377//2355 3378//2355 3375//2355
f 3377//2356 3375//2356 3376//2356
f 3785//2357 3795//2357 3372//2357
f 3785//2358 3372//2358 3374//2358
f 3794//2359 3792//2359 3791//2359
f 3794//2360 3791//2360 3793//2360
f 3374//2361 3373//2361 3371//2361
f 3374//2362 3371//2362 3370//2362
f 3372//2363 3373//2363 3374//2363
f 3305//2364 3380//2364 3379//2364
f 3305//2365 3379//2365 3375//2365
f 3382//2366 3383//2366 3381//2366
f 3382//2367 3381//2367 3790//2367
f 3382//2368 3385//2368 3384//2368
f 3382//2369 3384//2369 3383//2369
f 3380//2183 3305//2183 3306//2183
f 3376//2370 3375//2370 3379//2370
f 3317//2371 3376//2371 3379//2371
f 3317//2372 3379//2372 3314//2372
f 3314//2298 3379//2298 3380//2298
f 3314//2298 3380//2298 3306//2298
f 3304//2373 3356//2373 3355//2373
f 3309//2374 3778//2374 3324//2374
f 3309//2375 3324//2375 3310//2375
f 3310//2376 3324//2376 3321//2376
f 3310//2376 3321//2376 3312//2376
f 3325//2377 3326//2377 3320//2377
f 3325//2378 3320//2378 3321//2378
f 3322//2379 3323//2379 3317//2379
f 3322//2379 3317//2379 3316//2379
f 3315//2380 3319//2380 3318//2380
f 3315//2381 3318//2381 3316//2381
f 3312//2382 3321//2382 3320//2382
f 3312//2382 3320//2382 3318//2382
f 3320//2383 3322//2383 3316//2383
f 3320//2383 3316//2383 3318//2383
f 3332//2384 3325//2384 3321//2384
f 3332//2385 3321//2385 3324//2385
f 3319//2386 3333//2386 3334//2386
f 3319//2386 3334//2386 3313//2386
f 3335//2387 3333//2387 3319//2387
f 3335//2387 3319//2387 3315//2387
f 3324//2388 3778//2388 3331//2388
f 3324//2389 3331//2389 3332//2389
f 3326//2390 3327//2390 3322//2390
f 3326//2391 3322//2391 3320//2391
f 3327//2392 3328//2392 3323//2392
f 3327//2393 3323//2393 3322//2393
f 3325//2386 3329//2386 3330//2386
f 3325//2386 3330//2386 3326//2386
f 3770//2394 3771//2394 3768//2394
f 3770//2394 3768//2394 3769//2394
f 3774//2395 3775//2395 3772//2395
f 3774//2395 3772//2395 3773//2395
f 3774//2396 3776//2396 3777//2396
f 3774//2396 3777//2396 3775//2396
f 3766//2397 3304//2397 3767//2397
f 3760//2398 3761//2398 3758//2398
f 3760//2398 3758//2398 3759//2398
f 3762//2399 3763//2399 3761//2399
f 3762//2399 3761//2399 3760//2399
f 3764//2400 3765//2400 3763//2400
f 3764//2400 3763//2400 3762//2400
f 3310//2401 3311//2401 3308//2401
f 3310//2402 3308//2402 3309//2402
f 3312//2403 3313//2403 3311//2403
f 3312//2404 3311//2404 3310//2404
f 3316//2405 3317//2405 3314//2405
f 3316//2406 3314//2406 3315//2406
f 3305//2183 3307//2183 3769//2183
f 3305//2407 3769//2407 3776//2407
f 3771//2408 3777//2408 3776//2408
f 3771//2408 3776//2408 3768//2408
f 3776//2183 3773//2183 3762//2183
f 3776//2183 3762//2183 3305//2183
f 3762//2183 3759//2183 3306//2183
f 3762//2183 3306//2183 3305//2183
f 3784//2409 3785//2409 3348//2409
f 3784//2410 3348//2410 3344//2410
f 3783//2411 3784//2411 3344//2411
f 3783//2412 3344//2412 3341//2412
f 3349//2413 3350//2413 3347//2413
f 3349//2414 3347//2414 3346//2414
f 3782//2415 3783//2415 3341//2415
f 3782//2416 3341//2416 3339//2416
f 3347//2417 3780//2417 3779//2417
f 3347//2418 3779//2418 3346//2418
f 3346//2419 3779//2419 3781//2419
f 3346//2420 3781//2420 3340//2420
f 3340//2421 3781//2421 3782//2421
f 3340//2422 3782//2422 3339//2422
f 3331//2304 3349//2304 3345//2304
f 3331//2304 3345//2304 3332//2304
f 3786//2423 3767//2423 3304//2423
f 3786//2424 3304//2424 3355//2424
f 3352//2425 3355//2425 3356//2425
f 3352//2426 3356//2426 3351//2426
f 3350//2427 3353//2427 3354//2427
f 3350//2428 3354//2428 3352//2428
f 3350//2429 3352//2429 3351//2429
f 3350//2430 3351//2430 3347//2430
f 3345//2431 3349//2431 3346//2431
f 3353//2284 3350//2284 3349//2284
f 3353//2284 3349//2284 3331//2284
f 3318//2432 3319//2432 3313//2432
f 3318//2433 3313//2433 3312//2433
f 3759//2183 3337//2183 3333//2183
f 3759//2183 3333//2183 3306//2183
f 3337//2434 3338//2434 3336//2434
f 3337//2183 3336//2183 3333//2183
f 3335//2183 3306//2183 3333//2183
f 3313//2435 3334//2435 3336//2435
f 3313//2435 3336//2435 3311//2435
f 3306//2436 3335//2436 3315//2436
f 3306//2436 3315//2436 3314//2436
f 3334//2183 3333//2183 3336//2183
f 3342//2436 3343//2436 3328//2436
f 3342//2436 3328//2436 3327//2436
f 3330//2387 3342//2387 3327//2387
f 3330//2387 3327//2387 3326//2387
f 3332//2435 3345//2435 3329//2435
f 3332//2435 3329//2435 3325//2435
f 3345//2437 3346//2437 3340//2437
f 3345//2438 3340//2438 3329//2438
f 3329//2439 3340//2439 3339//2439
f 3329//2440 3339//2440 3330//2440
f 3339//2441 3341//2441 3342//2441
f 3339//2442 3342//2442 3330//2442
f 3341//2443 3344//2443 3343//2443
f 3341//2444 3343//2444 3342//2444
f 3824//2233 3826//2233 3693//2233
f 3824//2233 3693//2233 3697//2233
f 3827//2445 3828//2445 3695//2445
f 3827//2446 3695//2446 3694//2446
f 3697//2186 3691//2186 3409//2186
f 3694//2447 3693//2447 3826//2447
f 3694//2447 3826//2447 3827//2447
f 3828//2349 3829//2349 3696//2349
f 3828//2448 3696//2448 3695//2448
f 3831//2449 3832//2449 3413//2449
f 3831//2450 3413//2450 3412//2450
f 3832//2451 3804//2451 3698//2451
f 3832//2452 3698//2452 3413//2452
f 3829//2453 3830//2453 3411//2453
f 3829//2454 3411//2454 3696//2454
f 3830//2455 3831//2455 3412//2455
f 3830//2456 3412//2456 3411//2456
f 3409//2186 3691//2186 3692//2186
f 3409//2186 3692//2186 3410//2186
f 3407//2183 3821//2183 3822//2183
f 3407//2183 3822//2183 3817//2183
f 3408//2457 3721//2457 3400//2457
f 3408//2458 3400//2458 3402//2458
f 3404//2183 3819//2183 3820//2183
f 3404//2183 3820//2183 3405//2183
f 3405//2183 3820//2183 3821//2183
f 3405//2183 3821//2183 3407//2183
f 3406//2459 3408//2459 3402//2459
f 3406//2459 3402//2459 3404//2459
f 3823//2460 3824//2460 3697//2460
f 3823//2461 3697//2461 3409//2461
f 3825//2462 3823//2462 3409//2462
f 3825//2463 3409//2463 3410//2463
f 3406//2186 3706//2186 3702//2186
f 3406//2186 3702//2186 3408//2186
f 3702//2186 3722//2186 3721//2186
f 3702//2212 3721//2212 3408//2212
f 3687//2464 3686//2464 3413//2464
f 3687//2186 3413//2186 3698//2186
f 3419//2465 3838//2465 3836//2465
f 3419//2466 3836//2466 3417//2466
f 3420//2467 3839//2467 3838//2467
f 3420//2467 3838//2467 3419//2467
f 3416//2468 3835//2468 3837//2468
f 3416//2469 3837//2469 3418//2469
f 3418//2470 3837//2470 3825//2470
f 3418//2471 3825//2471 3410//2471
f 3419//2186 3710//2186 3709//2186
f 3419//2186 3709//2186 3420//2186
f 3840//2472 3708//2472 3707//2472
f 3840//2472 3707//2472 3818//2472
f 3703//2186 3708//2186 3420//2186
f 3703//2186 3420//2186 3709//2186
f 3710//2186 3419//2186 3417//2186
f 3710//2186 3417//2186 3415//2186
f 3708//2239 3840//2239 3839//2239
f 3708//2473 3839//2473 3420//2473
f 3416//2186 3711//2186 3712//2186
f 3416//2186 3712//2186 3414//2186
f 3689//2186 3690//2186 3696//2186
f 3689//2186 3696//2186 3411//2186
f 3415//2474 3834//2474 3833//2474
f 3415//2475 3833//2475 3414//2475
f 3413//2186 3686//2186 3412//2186
f 3412//2187 3686//2187 3689//2187
f 3412//2186 3689//2186 3411//2186
f 3414//2476 3833//2476 3835//2476
f 3414//2477 3835//2477 3416//2477
f 3692//2464 3711//2464 3418//2464
f 3692//2186 3418//2186 3410//2186
f 3418//2186 3711//2186 3416//2186
f 3417//2478 3836//2478 3834//2478
f 3417//2479 3834//2479 3415//2479
f 3712//2186 3710//2186 3415//2186
f 3712//2186 3415//2186 3414//2186
f 3393//2183 3805//2183 3803//2183
f 3393//2183 3803//2183 3392//2183
f 3804//2183 3806//2183 3805//2183
f 3804//2183 3805//2183 3393//2183
f 3392//2480 3700//2480 3699//2480
f 3392//2481 3699//2481 3393//2481
f 3698//2482 3804//2482 3393//2482
f 3698//2483 3393//2483 3699//2483
f 3394//2484 3729//2484 3726//2484
f 3394//2485 3726//2485 3395//2485
f 3394//2434 3808//2434 3809//2434
f 3394//2407 3809//2407 3396//2407
f 3395//2486 3726//2486 3725//2486
f 3395//2487 3725//2487 3387//2487
f 3396//2488 3718//2488 3729//2488
f 3396//2489 3729//2489 3394//2489
f 3395//2183 3807//2183 3808//2183
f 3395//2183 3808//2183 3394//2183
f 3392//2183 3803//2183 3802//2183
f 3392//2183 3802//2183 3391//2183
f 3388//2490 3727//2490 3728//2490
f 3388//2491 3728//2491 3389//2491
f 3389//2183 3801//2183 3799//2183
f 3389//2183 3799//2183 3388//2183
f 3387//2492 3725//2492 3727//2492
f 3387//2493 3727//2493 3388//2493
f 3799//2183 3800//2183 3387//2183
f 3799//2183 3387//2183 3388//2183
f 3688//2186 3700//2186 3390//2186
f 3688//2186 3390//2186 3724//2186
f 3700//2494 3392//2494 3391//2494
f 3700//2495 3391//2495 3390//2495
f 3391//2183 3802//2183 3801//2183
f 3391//2183 3801//2183 3389//2183
f 3728//2186 3723//2186 3724//2186
f 3728//2186 3724//2186 3390//2186
f 3389//2496 3728//2496 3390//2496
f 3389//2497 3390//2497 3391//2497
f 3800//2183 3807//2183 3395//2183
f 3800//2183 3395//2183 3387//2183
f 3403//2407 3816//2407 3814//2407
f 3403//2183 3814//2183 3401//2183
f 3398//2183 3811//2183 3816//2183
f 3398//2183 3816//2183 3403//2183
f 3716//2498 3715//2498 3403//2498
f 3716//2499 3403//2499 3401//2499
f 3715//2500 3717//2500 3398//2500
f 3715//2501 3398//2501 3403//2501
f 3706//2502 3406//2502 3404//2502
f 3706//2503 3404//2503 3405//2503
f 3818//2504 3707//2504 3705//2504
f 3818//2504 3705//2504 3817//2504
f 3402//2183 3815//2183 3819//2183
f 3402//2183 3819//2183 3404//2183
f 3704//2505 3706//2505 3405//2505
f 3704//2506 3405//2506 3407//2506
f 3407//2507 3817//2507 3705//2507
f 3407//2508 3705//2508 3704//2508
f 3400//2183 3813//2183 3815//2183
f 3400//2183 3815//2183 3402//2183
f 3397//2183 3810//2183 3811//2183
f 3397//2183 3811//2183 3398//2183
f 3396//2183 3809//2183 3810//2183
f 3396//2183 3810//2183 3397//2183
f 3717//2509 3719//2509 3397//2509
f 3717//2510 3397//2510 3398//2510
f 3397//2511 3719//2511 3718//2511
f 3397//2512 3718//2512 3396//2512
f 3717//2186 3713//2186 3714//2186
f 3717//2186 3714//2186 3719//2186
f 3399//2183 3812//2183 3813//2183
f 3399//2183 3813//2183 3400//2183
f 3401//2183 3814//2183 3812//2183
f 3401//2183 3812//2183 3399//2183
f 3721//2513 3720//2513 3399//2513
f 3721//2514 3399//2514 3400//2514
f 3720//2515 3716//2515 3401//2515
f 3720//2516 3401//2516 3399//2516
f 3645//2183 3655//2183 3452//2183
f 3645//2183 3452//2183 3642//2183
f 3454//2517 3750//2517 3749//2517
f 3454//2518 3749//2518 3455//2518
f 3654//2519 3656//2519 3439//2519
f 3654//2520 3439//2520 3441//2520
f 3452//2521 3655//2521 3443//2521
f 3452//2522 3443//2522 3444//2522
f 3455//2195 3749//2195 3742//2195
f 3455//2523 3742//2523 3456//2523
f 3448//2202 3751//2202 3750//2202
f 3448//2524 3750//2524 3454//2524
f 3459//2525 3743//2525 3428//2525
f 3459//2526 3428//2526 3427//2526
f 3456//2527 3742//2527 3741//2527
f 3456//2528 3741//2528 3457//2528
f 3457//2198 3741//2198 3740//2198
f 3457//2529 3740//2529 3458//2529
f 3450//2530 3452//2530 3444//2530
f 3450//2531 3444//2531 3447//2531
f 3453//2532 3451//2532 3445//2532
f 3453//2533 3445//2533 3448//2533
f 3449//2534 3450//2534 3447//2534
f 3449//2535 3447//2535 3446//2535
f 3451//2536 3449//2536 3446//2536
f 3451//2537 3446//2537 3445//2537
f 3449//2183 3638//2183 3641//2183
f 3449//2183 3641//2183 3450//2183
f 3450//2183 3641//2183 3642//2183
f 3450//2183 3642//2183 3452//2183
f 3655//2538 3654//2538 3441//2538
f 3655//2539 3441//2539 3443//2539
f 3451//2183 3637//2183 3638//2183
f 3451//2183 3638//2183 3449//2183
f 3453//2183 3635//2183 3637//2183
f 3453//2183 3637//2183 3451//2183
f 3743//2186 3738//2186 3730//2186
f 3743//2186 3730//2186 3428//2186
f 3465//2183 3652//2183 3650//2183
f 3465//2183 3650//2183 3464//2183
f 3448//2540 3454//2540 3462//2540
f 3448//2540 3462//2540 3453//2540
f 3462//2183 3632//2183 3635//2183
f 3462//2183 3635//2183 3453//2183
f 3464//2183 3650//2183 3648//2183
f 3464//2183 3648//2183 3463//2183
f 3677//2541 3466//2541 3460//2541
f 3677//2542 3460//2542 3459//2542
f 3664//2183 3652//2183 3465//2183
f 3664//2183 3465//2183 3466//2183
f 3674//2543 3677//2543 3459//2543
f 3674//2544 3459//2544 3427//2544
f 3466//2545 3465//2545 3458//2545
f 3466//2546 3458//2546 3460//2546
f 3665//2183 3664//2183 3466//2183
f 3665//2183 3466//2183 3677//2183
f 3458//2547 3740//2547 3739//2547
f 3458//2548 3739//2548 3460//2548
f 3461//2549 3462//2549 3454//2549
f 3461//2549 3454//2549 3455//2549
f 3730//2186 3731//2186 3428//2186
f 3460//2208 3739//2208 3743//2208
f 3460//2550 3743//2550 3459//2550
f 3463//2551 3461//2551 3455//2551
f 3463//2552 3455//2552 3456//2552
f 3461//2183 3646//2183 3632//2183
f 3461//2183 3632//2183 3462//2183
f 3463//2183 3648//2183 3646//2183
f 3463//2183 3646//2183 3461//2183
f 3464//2553 3463//2553 3456//2553
f 3464//2554 3456//2554 3457//2554
f 3465//2555 3464//2555 3457//2555
f 3465//2556 3457//2556 3458//2556
f 3676//2557 3675//2557 3425//2557
f 3676//2558 3425//2558 3421//2558
f 3675//2559 3674//2559 3427//2559
f 3675//2560 3427//2560 3425//2560
f 3734//2186 3736//2186 3430//2186
f 3734//2186 3430//2186 3423//2186
f 3682//2561 3676//2561 3421//2561
f 3682//2562 3421//2562 3424//2562
f 3684//2563 3683//2563 3429//2563
f 3684//2564 3429//2564 3432//2564
f 3435//2565 3436//2565 3434//2565
f 3435//2565 3434//2565 3433//2565
f 3433//2186 3737//2186 3744//2186
f 3433//2186 3744//2186 3435//2186
f 3683//2566 3682//2566 3424//2566
f 3683//2567 3424//2567 3429//2567
f 3433//2568 3434//2568 3432//2568
f 3433//2568 3432//2568 3431//2568
f 3427//2569 3428//2569 3426//2569
f 3427//2569 3426//2569 3425//2569
f 3431//2570 3432//2570 3429//2570
f 3431//2570 3429//2570 3430//2570
f 3423//2571 3424//2571 3421//2571
f 3423//2571 3421//2571 3422//2571
f 3425//2572 3426//2572 3422//2572
f 3425//2572 3422//2572 3421//2572
f 3430//2573 3429//2573 3424//2573
f 3430//2573 3424//2573 3423//2573
f 3731//2186 3732//2186 3426//2186
f 3731//2186 3426//2186 3428//2186
f 3736//2186 3735//2186 3431//2186
f 3736//2186 3431//2186 3430//2186
f 3732//2186 3733//2186 3422//2186
f 3732//2186 3422//2186 3426//2186
f 3733//2186 3734//2186 3423//2186
f 3733//2186 3423//2186 3422//2186
f 3435//2186 3744//2186 3745//2186
f 3435//2186 3745//2186 3437//2186
f 3745//2186 3746//2186 3438//2186
f 3745//2186 3438//2186 3437//2186
f 3443//2574 3757//2574 3755//2574
f 3443//2216 3755//2216 3444//2216
f 3746//2186 3753//2186 3442//2186
f 3746//2186 3442//2186 3438//2186
f 3442//2186 3753//2186 3757//2186
f 3446//2205 3756//2205 3752//2205
f 3446//2575 3752//2575 3445//2575
f 3445//2576 3752//2576 3751//2576
f 3445//2577 3751//2577 3448//2577
f 3748//2186 3747//2186 3752//2186
f 3748//2186 3752//2186 3756//2186
f 3447//2578 3754//2578 3756//2578
f 3447//2579 3756//2579 3446//2579
f 3444//2203 3755//2203 3754//2203
f 3444//2580 3754//2580 3447//2580
f 3437//2581 3440//2581 3436//2581
f 3437//2581 3436//2581 3435//2581
f 3685//2582 3684//2582 3432//2582
f 3685//2583 3432//2583 3434//2583
f 3431//2186 3735//2186 3737//2186
f 3431//2186 3737//2186 3433//2186
f 3438//2584 3439//2584 3440//2584
f 3438//2584 3440//2584 3437//2584
f 3436//2585 3658//2585 3685//2585
f 3436//2586 3685//2586 3434//2586
f 3757//2587 3443//2587 3441//2587
f 3757//2588 3441//2588 3442//2588
f 3442//2589 3441//2589 3439//2589
f 3442//2589 3439//2589 3438//2589
f 3656//2590 3657//2590 3440//2590
f 3656//2591 3440//2591 3439//2591
f 3440//2592 3657//2592 3658//2592
f 3440//2593 3658//2593 3436//2593
f 3502//2594 3505//2594 3506//2594
f 3502//2595 3506//2595 3503//2595
f 3492//2186 3507//2186 3506//2186
f 3492//2186 3506//2186 3474//2186
f 3501//2596 3786//2596 3504//2596
f 3501//2597 3504//2597 3505//2597
f 3502//2598 3501//2598 3505//2598
f 3490//2186 3507//2186 3492//2186
f 3506//2599 3507//2599 3508//2599
f 3506//2599 3508//2599 3503//2599
f 3789//2600 3474//2600 3504//2600
f 3789//2601 3504//2601 3786//2601
f 3474//2186 3506//2186 3505//2186
f 3474//2186 3505//2186 3504//2186
f 3780//2602 3766//2602 3503//2602
f 3780//2603 3503//2603 3508//2603
f 3766//2604 3767//2604 3502//2604
f 3766//2605 3502//2605 3503//2605
f 3497//2606 3499//2606 3500//2606
f 3497//2606 3500//2606 3498//2606
f 3496//2607 3500//2607 3499//2607
f 3496//2607 3499//2607 3495//2607
f 3474//2608 3801//2608 3802//2608
f 3474//2609 3802//2609 3492//2609
f 3476//2610 3497//2610 3498//2610
f 3476//2610 3498//2610 3477//2610
f 3498//2183 3829//2183 3828//2183
f 3498//2183 3828//2183 3477//2183
f 3493//2183 3832//2183 3831//2183
f 3493//2183 3831//2183 3496//2183
f 3767//2611 3786//2611 3501//2611
f 3767//2612 3501//2612 3502//2612
f 3500//2183 3830//2183 3829//2183
f 3500//2183 3829//2183 3498//2183
f 3496//2183 3831//2183 3830//2183
f 3496//2183 3830//2183 3500//2183
f 3789//2613 3758//2613 3473//2613
f 3789//2614 3473//2614 3474//2614
f 3793//2615 3511//2615 3794//2615
f 3793//2616 3513//2616 3512//2616
f 3793//2617 3512//2617 3511//2617
f 3510//2618 3497//2618 3798//2618
f 3510//2619 3798//2619 3792//2619
f 3510//2620 3792//2620 3794//2620
f 3510//2621 3794//2621 3511//2621
f 3512//2186 3509//2186 3499//2186
f 3512//2186 3499//2186 3497//2186
f 3513//2622 3795//2622 3785//2622
f 3513//2623 3785//2623 3847//2623
f 3785//2624 3784//2624 3847//2624
f 3495//2186 3499//2186 3509//2186
f 3512//2625 3513//2625 3847//2625
f 3512//2626 3847//2626 3509//2626
f 3793//2627 3791//2627 3795//2627
f 3793//2628 3795//2628 3513//2628
f 3507//2186 3490//2186 3489//2186
f 3507//2186 3489//2186 3491//2186
f 3509//2186 3491//2186 3494//2186
f 3509//2186 3494//2186 3495//2186
f 3509//2629 3847//2629 3508//2629
f 3509//2630 3508//2630 3491//2630
f 3491//2631 3508//2631 3507//2631
f 3508//2632 3847//2632 3781//2632
f 3476//2633 3770//2633 3798//2633
f 3476//2634 3798//2634 3497//2634
f 3511//2186 3512//2186 3497//2186
f 3511//2186 3497//2186 3510//2186
f 3783//2183 3782//2183 3847//2183
f 3783//2183 3847//2183 3784//2183
f 3779//2635 3780//2635 3508//2635
f 3779//2636 3508//2636 3781//2636
f 3493//2450 3496//2450 3495//2450
f 3493//2450 3495//2450 3494//2450
f 3468//2637 3842//2637 3843//2637
f 3468//2638 3843//2638 3841//2638
f 3761//2639 3763//2639 3469//2639
f 3761//2640 3469//2640 3471//2640
f 3467//2641 3765//2641 3842//2641
f 3467//2642 3842//2642 3468//2642
f 3763//2643 3765//2643 3467//2643
f 3763//2644 3467//2644 3469//2644
f 3477//2645 3478//2645 3475//2645
f 3477//2645 3475//2645 3476//2645
f 3477//2183 3828//2183 3827//2183
f 3477//2183 3827//2183 3478//2183
f 3478//2183 3827//2183 3826//2183
f 3478//2183 3826//2183 3480//2183
f 3478//2646 3480//2646 3479//2646
f 3478//2646 3479//2646 3475//2646
f 3480//2647 3482//2647 3481//2647
f 3480//2647 3481//2647 3479//2647
f 3761//2648 3471//2648 3470//2648
f 3761//2649 3470//2649 3472//2649
f 3468//2650 3841//2650 3816//2650
f 3468//2651 3816//2651 3811//2651
f 3471//2201 3808//2201 3807//2201
f 3471//2652 3807//2652 3470//2652
f 3811//2653 3810//2653 3467//2653
f 3811//2654 3467//2654 3468//2654
f 3467//2655 3810//2655 3809//2655
f 3467//2656 3809//2656 3469//2656
f 3469//2657 3809//2657 3808//2657
f 3469//2658 3808//2658 3471//2658
f 3473//2659 3799//2659 3801//2659
f 3473//2660 3801//2660 3474//2660
f 3472//2661 3473//2661 3758//2661
f 3472//2662 3758//2662 3761//2662
f 3472//2663 3800//2663 3799//2663
f 3472//2664 3799//2664 3473//2664
f 3470//2665 3807//2665 3800//2665
f 3470//2666 3800//2666 3472//2666
f 3480//2183 3826//2183 3824//2183
f 3480//2183 3824//2183 3482//2183
f 3846//2667 3772//2667 3487//2667
f 3846//2668 3487//2668 3845//2668
f 3488//2669 3777//2669 3771//2669
f 3488//2670 3771//2670 3481//2670
f 3772//2671 3775//2671 3484//2671
f 3772//2672 3484//2672 3487//2672
f 3484//2669 3775//2669 3777//2669
f 3484//2673 3777//2673 3488//2673
f 3490//2674 3803//2674 3805//2674
f 3490//2675 3805//2675 3489//2675
f 3806//2676 3493//2676 3494//2676
f 3806//2677 3494//2677 3491//2677
f 3806//2183 3804//2183 3832//2183
f 3806//2183 3832//2183 3493//2183
f 3489//2678 3805//2678 3806//2678
f 3489//2679 3806//2679 3491//2679
f 3492//2680 3802//2680 3803//2680
f 3492//2681 3803//2681 3490//2681
f 3486//2183 3837//2183 3835//2183
f 3486//2183 3835//2183 3844//2183
f 3771//2682 3475//2682 3479//2682
f 3771//2683 3479//2683 3481//2683
f 3486//2684 3487//2684 3484//2684
f 3486//2684 3484//2684 3485//2684
f 3482//2183 3824//2183 3823//2183
f 3482//2183 3823//2183 3483//2183
f 3770//2685 3476//2685 3475//2685
f 3770//2686 3475//2686 3771//2686
f 3484//2687 3488//2687 3483//2687
f 3484//2687 3483//2687 3485//2687
f 3485//2183 3825//2183 3837//2183
f 3485//2183 3837//2183 3486//2183
f 3483//2434 3823//2434 3825//2434
f 3483//2183 3825//2183 3485//2183
f 3844//2688 3845//2688 3487//2688
f 3844//2688 3487//2688 3486//2688
f 3482//2689 3483//2689 3488//2689
f 3482//2689 3488//2689 3481//2689
f 3514//2690 3851//2690 3872//2690
f 3514//2691 3872//2691 3578//2691
f 3576//2692 3578//2692 3872//2692
f 3576//2693 3872//2693 3573//2693
f 3581//2694 3582//2694 3579//2694
f 3581//2695 3579//2695 3580//2695
f 3852//2696 3869//2696 3870//2696
f 3852//2697 3870//2697 3871//2697
f 3575//2698 3577//2698 3578//2698
f 3575//2699 3578//2699 3576//2699
f 3514//2700 3578//2700 3577//2700
f 3580//2701 3583//2701 3581//2701
f 3587//2702 3588//2702 3586//2702
f 3587//2703 3586//2703 3868//2703
f 3589//2704 3590//2704 3586//2704
f 3589//2704 3586//2704 3588//2704
f 3582//2705 3588//2705 3587//2705
f 3582//2706 3587//2706 3579//2706
f 3584//2707 3585//2707 3583//2707
f 3584//2708 3583//2708 3580//2708
f 3515//2709 3581//2709 3583//2709
f 3515//2710 3583//2710 3518//2710
f 3518//2711 3583//2711 3585//2711
f 3518//2711 3585//2711 3517//2711
f 3869//2712 3852//2712 3514//2712
f 3869//2713 3514//2713 3577//2713
f 3563//2714 3564//2714 3560//2714
f 3563//2715 3560//2715 3559//2715
f 3564//2716 3563//2716 3565//2716
f 3564//2716 3565//2716 3519//2716
f 3565//2183 3520//2183 3519//2183
f 3544//2717 3559//2717 3557//2717
f 3544//2717 3557//2717 3532//2717
f 3532//2718 3557//2718 3556//2718
f 3532//2719 3556//2719 3531//2719
f 3545//2720 3563//2720 3559//2720
f 3545//2721 3559//2721 3544//2721
f 3520//2722 3565//2722 3563//2722
f 3520//2722 3563//2722 3545//2722
f 3573//2723 3574//2723 3567//2723
f 3573//2724 3567//2724 3571//2724
f 3571//2725 3575//2725 3576//2725
f 3571//2726 3576//2726 3573//2726
f 3567//2727 3574//2727 3568//2727
f 3568//2711 3569//2711 3566//2711
f 3568//2711 3566//2711 3567//2711
f 3570//2728 3571//2728 3567//2728
f 3570//2728 3567//2728 3566//2728
f 3572//2729 3868//2729 3566//2729
f 3572//2730 3566//2730 3569//2730
f 3873//2731 3874//2731 3591//2731
f 3873//2732 3591//2732 3570//2732
f 3584//2733 3572//2733 3562//2733
f 3584//2733 3562//2733 3561//2733
f 3569//2734 3594//2734 3562//2734
f 3569//2735 3562//2735 3572//2735
f 3558//2736 3562//2736 3594//2736
f 3558//2737 3594//2737 3555//2737
f 3593//2738 3592//2738 3564//2738
f 3593//2738 3564//2738 3519//2738
f 3593//2183 3519//2183 3517//2183
f 3592//2739 3593//2739 3517//2739
f 3592//2739 3517//2739 3585//2739
f 3595//2739 3594//2739 3569//2739
f 3595//2739 3569//2739 3568//2739
f 3574//2740 3876//2740 3877//2740
f 3574//2741 3877//2741 3596//2741
f 3596//2742 3877//2742 3867//2742
f 3596//2743 3867//2743 3551//2743
f 3573//2744 3872//2744 3876//2744
f 3573//2745 3876//2745 3574//2745
f 3594//2738 3595//2738 3554//2738
f 3594//2738 3554//2738 3555//2738
f 3596//2746 3595//2746 3568//2746
f 3596//2747 3568//2747 3574//2747
f 3595//2748 3596//2748 3551//2748
f 3595//2749 3551//2749 3554//2749
f 3560//2750 3564//2750 3592//2750
f 3560//2751 3592//2751 3561//2751
f 3590//2752 3874//2752 3868//2752
f 3590//2753 3868//2753 3586//2753
f 3580//2754 3868//2754 3572//2754
f 3580//2755 3572//2755 3584//2755
f 3516//2756 3875//2756 3869//2756
f 3516//2757 3869//2757 3577//2757
f 3868//2758 3873//2758 3570//2758
f 3868//2759 3570//2759 3566//2759
f 3589//2760 3591//2760 3874//2760
f 3589//2761 3874//2761 3590//2761
f 3579//2762 3587//2762 3868//2762
f 3579//2763 3868//2763 3580//2763
f 3577//2764 3589//2764 3516//2764
f 3575//2765 3591//2765 3589//2765
f 3575//2728 3589//2728 3577//2728
f 3582//2766 3581//2766 3515//2766
f 3582//2767 3515//2767 3588//2767
f 3561//2768 3592//2768 3585//2768
f 3561//2769 3585//2769 3584//2769
f 3516//2764 3589//2764 3588//2764
f 3516//2764 3588//2764 3515//2764
f 3849//2770 3848//2770 3875//2770
f 3849//2771 3875//2771 3516//2771
f 3591//2772 3575//2772 3571//2772
f 3591//2773 3571//2773 3570//2773
f 3525//2774 3534//2774 3535//2774
f 3525//2775 3535//2775 3529//2775
f 3533//2776 3524//2776 3530//2776
f 3537//2777 3859//2777 3858//2777
f 3537//2778 3858//2778 3536//2778
f 3527//2779 3531//2779 3530//2779
f 3527//2779 3530//2779 3524//2779
f 3857//2780 3532//2780 3531//2780
f 3857//2781 3531//2781 3527//2781
f 3524//2782 3533//2782 3534//2782
f 3524//2783 3534//2783 3525//2783
f 3538//2784 3536//2784 3529//2784
f 3538//2785 3529//2785 3535//2785
f 3860//2786 3538//2786 3535//2786
f 3860//2787 3535//2787 3534//2787
f 3541//2788 3542//2788 3539//2788
f 3541//2789 3539//2789 3540//2789
f 3541//2790 3543//2790 3542//2790
f 3537//2791 3536//2791 3538//2791
f 3860//2792 3861//2792 3537//2792
f 3860//2793 3537//2793 3538//2793
f 3537//2794 3861//2794 3859//2794
f 3525//2795 3529//2795 3528//2795
f 3525//2796 3528//2796 3526//2796
f 3854//2797 3855//2797 3853//2797
f 3854//2797 3853//2797 3843//2797
f 3843//2798 3842//2798 3856//2798
f 3843//2798 3856//2798 3854//2798
f 3842//2799 3765//2799 3764//2799
f 3842//2799 3764//2799 3856//2799
f 3850//2800 3846//2800 3848//2800
f 3850//2800 3848//2800 3849//2800
f 3773//2801 3772//2801 3846//2801
f 3773//2801 3846//2801 3850//2801
f 3851//2802 3514//2802 3852//2802
f 3515//2183 3856//2183 3762//2183
f 3515//2183 3762//2183 3773//2183
f 3520//2407 3521//2407 3522//2407
f 3520//2183 3522//2183 3856//2183
f 3522//2434 3523//2434 3855//2434
f 3522//2183 3855//2183 3856//2183
f 3526//2803 3527//2803 3524//2803
f 3526//2803 3524//2803 3525//2803
f 3849//2407 3516//2407 3515//2407
f 3849//2183 3515//2183 3773//2183
f 3515//2434 3518//2434 3517//2434
f 3515//2183 3517//2183 3856//2183
f 3519//2183 3520//2183 3856//2183
f 3519//2183 3856//2183 3517//2183
f 3543//2804 3545//2804 3544//2804
f 3543//2805 3544//2805 3542//2805
f 3553//2806 3554//2806 3551//2806
f 3553//2807 3551//2807 3552//2807
f 3557//2808 3558//2808 3555//2808
f 3557//2809 3555//2809 3556//2809
f 3531//2722 3556//2722 3553//2722
f 3531//2722 3553//2722 3530//2722
f 3864//2810 3853//2810 3855//2810
f 3864//2811 3855//2811 3523//2811
f 3522//2812 3541//2812 3540//2812
f 3522//2813 3540//2813 3548//2813
f 3529//2803 3536//2803 3550//2803
f 3529//2814 3550//2814 3528//2814
f 3556//2716 3555//2716 3554//2716
f 3556//2716 3554//2716 3553//2716
f 3866//2815 3860//2815 3534//2815
f 3866//2816 3534//2816 3533//2816
f 3559//2817 3560//2817 3558//2817
f 3559//2817 3558//2817 3557//2817
f 3561//2818 3562//2818 3558//2818
f 3561//2818 3558//2818 3560//2818
f 3530//2819 3553//2819 3552//2819
f 3530//2820 3552//2820 3533//2820
f 3865//2821 3866//2821 3533//2821
f 3865//2822 3533//2822 3552//2822
f 3867//2823 3865//2823 3552//2823
f 3867//2824 3552//2824 3551//2824
f 3548//2825 3550//2825 3523//2825
f 3548//2825 3523//2825 3522//2825
f 3547//2826 3549//2826 3550//2826
f 3547//2826 3550//2826 3548//2826
f 3546//2827 3548//2827 3540//2827
f 3546//2828 3540//2828 3539//2828
f 3528//2829 3863//2829 3862//2829
f 3528//2830 3862//2830 3526//2830
f 3543//2831 3541//2831 3522//2831
f 3543//2832 3522//2832 3521//2832
f 3545//2779 3543//2779 3521//2779
f 3545//2779 3521//2779 3520//2779
f 3547//2833 3548//2833 3546//2833
f 3547//2834 3546//2834 3857//2834
f 3526//2835 3862//2835 3857//2835
f 3526//2836 3857//2836 3527//2836
f 3532//2837 3857//2837 3542//2837
f 3532//2838 3542//2838 3544//2838
f 3858//2839 3864//2839 3523//2839
f 3858//2840 3523//2840 3536//2840
f 3536//2825 3523//2825 3550//2825
f 3550//2841 3549//2841 3863//2841
f 3550//2842 3863//2842 3528//2842
f 3857//2843 3546//2843 3539//2843
f 3857//2844 3539//2844 3542//2844
f 3857//2845 3863//2845 3549//2845
f 3857//2846 3549//2846 3547//2846
f 3621//2847 3624//2847 3878//2847
f 3621//2848 3878//2848 3615//2848
f 3597//2186 3622//2186 3615//2186
f 3622//2186 3623//2186 3621//2186
f 3622//2186 3621//2186 3615//2186
f 3624//2849 3861//2849 3860//2849
f 3624//2850 3860//2850 3878//2850
f 3626//2186 3625//2186 3623//2186
f 3626//2851 3853//2851 3864//2851
f 3626//2852 3864//2852 3625//2852
f 3866//2853 3878//2853 3860//2853
f 3846//2464 3845//2464 3848//2464
f 3845//2190 3844//2190 3620//2190
f 3845//2190 3620//2190 3619//2190
f 3619//2854 3620//2854 3618//2854
f 3619//2854 3618//2854 3617//2854
f 3616//2183 3836//2183 3838//2183
f 3616//2183 3838//2183 3607//2183
f 3620//2183 3833//2183 3834//2183
f 3620//2183 3834//2183 3618//2183
f 3617//2855 3608//2855 3848//2855
f 3619//2856 3617//2856 3848//2856
f 3619//2857 3848//2857 3845//2857
f 3844//2183 3835//2183 3833//2183
f 3844//2434 3833//2434 3620//2434
f 3623//2186 3625//2186 3627//2186
f 3623//2186 3627//2186 3621//2186
f 3812//2858 3814//2858 3631//2858
f 3812//2859 3631//2859 3630//2859
f 3815//2860 3813//2860 3626//2860
f 3815//2861 3626//2861 3623//2861
f 3813//2862 3812//2862 3630//2862
f 3813//2863 3630//2863 3626//2863
f 3814//2203 3816//2203 3841//2203
f 3814//2203 3841//2203 3631//2203
f 3843//2187 3853//2187 3841//2187
f 3630//2864 3853//2864 3626//2864
f 3853//2865 3630//2865 3631//2865
f 3853//2866 3631//2866 3841//2866
f 3820//2867 3819//2867 3622//2867
f 3820//2868 3622//2868 3597//2868
f 3629//2869 3627//2869 3628//2869
f 3625//2870 3858//2870 3628//2870
f 3625//2871 3628//2871 3627//2871
f 3625//2872 3864//2872 3858//2872
f 3621//2873 3627//2873 3629//2873
f 3621//2874 3629//2874 3624//2874
f 3819//2459 3815//2459 3623//2459
f 3819//2875 3623//2875 3622//2875
f 3629//2876 3859//2876 3861//2876
f 3629//2877 3861//2877 3624//2877
f 3628//2878 3858//2878 3859//2878
f 3628//2879 3859//2879 3629//2879
f 3618//2183 3834//2183 3836//2183
f 3618//2183 3836//2183 3616//2183
f 3875//2880 3848//2880 3608//2880
f 3875//2881 3608//2881 3609//2881
f 3607//2183 3838//2183 3839//2183
f 3607//2183 3839//2183 3605//2183
f 3606//2882 3607//2882 3605//2882
f 3606//2882 3605//2882 3604//2882
f 3608//2186 3606//2186 3609//2186
f 3609//2883 3869//2883 3875//2883
f 3851//2884 3852//2884 3871//2884
f 3851//2885 3871//2885 3612//2885
f 3606//2186 3610//2186 3611//2186
f 3606//2186 3611//2186 3609//2186
f 3602//2183 3840//2183 3818//2183
f 3602//2183 3818//2183 3601//2183
f 3600//2886 3601//2886 3822//2886
f 3600//2887 3822//2887 3599//2887
f 3822//2888 3821//2888 3598//2888
f 3822//2889 3598//2889 3599//2889
f 3821//2890 3820//2890 3597//2890
f 3821//2891 3597//2891 3598//2891
f 3601//2183 3818//2183 3817//2183
f 3601//2183 3817//2183 3822//2183
f 3605//2183 3839//2183 3840//2183
f 3605//2183 3840//2183 3602//2183
f 3603//2892 3602//2892 3601//2892
f 3603//2892 3601//2892 3600//2892
f 3604//2893 3605//2893 3602//2893
f 3604//2893 3602//2893 3603//2893
f 3870//2894 3869//2894 3609//2894
f 3870//2895 3609//2895 3611//2895
f 3600//2186 3599//2186 3614//2186
f 3600//2186 3614//2186 3603//2186
f 3598//2186 3597//2186 3615//2186
f 3598//2186 3615//2186 3599//2186
f 3614//2896 3599//2896 3613//2896
f 3613//2897 3878//2897 3877//2897
f 3608//2898 3616//2898 3607//2898
f 3608//2898 3607//2898 3606//2898
f 3617//2899 3618//2899 3616//2899
f 3617//2899 3616//2899 3608//2899
f 3878//2183 3866//2183 3865//2183
f 3878//2183 3865//2183 3867//2183
f 3599//2900 3615//2900 3878//2900
f 3599//2901 3878//2901 3613//2901
f 3872//2902 3851//2902 3612//2902
f 3872//2903 3612//2903 3613//2903
f 3610//2904 3612//2904 3871//2904
f 3610//2905 3871//2905 3611//2905
f 3871//2906 3870//2906 3611//2906
f 3610//2907 3614//2907 3613//2907
f 3610//2907 3613//2907 3612//2907
f 3876//2908 3872//2908 3613//2908
f 3876//2909 3613//2909 3877//2909
f 3603//2186 3614//2186 3604//2186
f 3604//2186 3614//2186 3610//2186
f 3604//2186 3610//2186 3606//2186
