# Blender 5.1.0
# www.blender.org
o Chassis_havok_s_rightTrack_0
v 1.431923 0.548451 2.288048
v 1.431923 0.548451 1.960816
v 1.167319 0.548451 1.960816
v 1.167319 0.506968 1.919458
v 1.431923 0.506968 1.919458
v 1.431923 0.579352 2.010880
v 1.167319 0.109068 2.010880
v 1.167319 0.181452 1.919458
v 1.167319 0.579352 2.237984
v 1.167319 0.085786 2.118990
v 1.167319 0.139968 1.960816
v 1.167319 0.099755 2.196626
v 1.167319 0.286006 1.868668
v 1.167319 0.402413 1.868668
v 1.167319 0.457442 1.888258
v 1.167319 0.579352 2.010880
v 1.431923 0.598824 2.066023
v 1.431923 0.402413 1.868668
v 1.431923 0.286006 1.868668
v 1.431923 0.181452 1.919458
v 1.431923 0.230978 1.888258
v 1.431923 0.109068 2.010880
v 1.431923 0.139968 1.960816
v 1.431923 0.343998 1.862138
v 1.167319 0.343998 1.862138
v 1.167319 0.230978 1.888258
v 1.431923 0.457442 1.888258
v 1.167319 0.085786 2.049335
v 1.542780 0.015942 2.218393
v 1.063024 0.015942 2.218393
v 1.063024 0.099755 2.196626
v 1.431923 0.085786 2.118990
v 1.542780 0.099755 2.196626
v 1.431923 0.099755 2.196626
v 1.417157 0.882433 1.685824
v 1.172475 0.882433 1.685824
v 1.417157 0.854919 1.711945
v 1.417157 0.823595 1.743144
v 1.172475 0.823595 1.743144
v 1.172475 0.854919 1.711945
v 1.417157 0.784228 1.762735
v 1.172475 0.784228 1.762735
v 1.172475 0.854919 1.545789
v 1.431923 0.605173 2.124795
v 1.167319 0.605173 2.124795
v 1.167319 0.598824 2.066023
v 1.431923 0.598824 2.182840
v 1.167319 0.598824 2.182840
v 1.431923 0.579352 2.237984
v 1.172475 0.626761 1.545789
v 1.172475 0.606443 1.584970
v 1.417157 0.606443 1.584970
v 1.417157 0.599670 1.628504
v 1.172475 0.599670 1.628504
v 1.172475 0.606443 1.672038
v 1.417157 0.606443 1.672038
v 1.172475 0.626761 1.711945
v 1.172475 0.657662 1.743144
v 1.417157 0.657662 1.743144
v 1.417157 0.626761 1.711945
v 1.417157 0.697029 1.762735
v 1.417157 0.740629 1.769990
v 1.172475 0.697029 1.762735
v 1.172475 0.740629 1.769990
v 1.172530 0.882152 -0.132122
v 1.172530 0.882152 -0.018674
v 1.417228 0.882152 -0.132122
v 1.417228 0.882152 -0.018674
v 1.172530 0.859118 0.006351
v 1.417228 0.859118 0.006351
v 1.172530 0.733331 -0.212202
v 1.172530 0.777329 -0.207197
v 1.172530 0.690160 -0.202192
v 1.172530 0.817603 -0.188845
v 1.172530 0.791397 0.059738
v 1.172530 0.748227 0.069748
v 1.172530 0.704228 0.064743
v 1.172530 0.829602 0.038049
v 1.172530 0.599819 -0.063720
v 1.172530 0.609060 -0.020343
v 1.417228 0.609060 -0.020343
v 1.417228 0.599819 -0.063720
v 1.172530 0.604371 -0.107096
v 1.417228 0.604371 -0.107096
v 1.172530 0.631128 0.018029
v 1.172530 0.663954 0.046391
v 1.417228 0.663954 0.046391
v 1.417228 0.631128 0.018029
v 1.417228 0.704228 0.064743
v 1.417228 0.791397 0.059738
v 1.417228 0.748227 0.069748
v 1.417228 0.829602 0.038049
v 1.417228 0.817603 -0.188845
v 1.172530 0.651955 -0.180503
v 1.172530 0.622439 -0.148805
v 1.417228 0.622439 -0.148805
v 1.417228 0.651955 -0.180503
v 1.417228 0.690160 -0.202192
v 1.417228 0.733331 -0.212202
v 1.417228 0.777329 -0.207197
v 1.417228 0.740779 1.487840
v 1.417228 0.784363 1.494513
v 1.417228 0.697194 1.494513
v 1.542780 0.140684 2.542919
v 1.062995 0.140684 2.542919
v 1.542780 0.222128 2.512241
v 1.062995 0.222128 2.512241
v 1.102926 0.475789 2.577980
v 1.507149 0.428070 2.613440
v 1.507149 0.494804 2.563637
v 1.102926 0.494804 2.563637
v 1.097090 0.475789 2.577980
v 1.097090 0.428070 2.613440
v 1.097090 0.379993 2.681569
v 1.097090 0.355596 2.761253
v 1.097090 0.403314 2.696709
v 1.097090 0.388245 2.731372
v 1.097090 0.379276 2.768425
v 1.507149 0.573737 2.536943
v 0.914022 0.422689 2.663640
v 1.097090 0.422689 2.663640
v 1.097090 0.465025 2.601089
v 0.914022 0.465025 2.601089
v 1.102926 0.489064 2.549692
v 0.914022 0.489064 2.549692
v 0.914022 0.403314 2.696709
v 0.914022 0.388245 2.731372
v 1.102926 0.506644 2.483156
v 0.914022 0.506644 2.483156
v 1.102926 0.527454 2.456064
v 0.914022 0.527454 2.456064
v 1.431895 0.402238 2.380364
v 1.167430 0.344115 2.386739
v 1.167430 0.402238 2.380364
v 1.167430 0.230739 2.360842
v 1.167430 0.285992 2.380364
v 1.431895 0.285992 2.380364
v 1.507149 0.804795 2.608659
v 1.507149 0.736626 2.560450
v 1.507149 0.656975 2.535748
v 1.102926 0.863277 2.694319
v 1.097090 0.863277 2.694319
v 1.097090 0.857895 2.731372
v 1.102926 0.804795 2.608659
v 1.102926 0.854666 2.675195
v 1.102926 0.736626 2.560450
v 1.102926 0.857536 2.542521
v 1.102926 0.870811 2.573996
v 1.102926 0.875117 2.608659
v 1.102926 0.867941 2.664039
v 1.102926 0.656975 2.535748
v 1.102926 0.573737 2.536943
v 1.102926 0.809100 2.493914
v 1.102926 0.687472 2.434948
v 1.102926 0.654823 2.422198
v 1.102926 0.836009 2.515827
v 1.102926 0.621456 2.417019
v 1.102926 0.586653 2.421402
v 1.102926 0.555080 2.434948
v 0.914022 0.857895 2.731372
v 0.914022 0.867941 2.664039
v 0.914022 0.870811 2.573996
v 0.914022 0.875117 2.608659
v 0.914022 0.621456 2.417019
v 0.914022 0.586653 2.421402
v 0.914022 0.654823 2.422198
v 0.914022 0.687472 2.434948
v 0.914022 0.555080 2.434948
v 0.914022 0.809100 2.493914
v 0.914022 0.836009 2.515827
v 0.914022 0.857536 2.542521
v 1.431923 0.128724 -2.289730
v 1.167319 0.128724 -2.289730
v 1.431923 0.264111 -2.375124
v 1.431923 0.321265 -2.387323
v 1.167319 0.321265 -2.387323
v 1.167319 0.264111 -2.375124
v 1.063024 0.127103 -2.283630
v 1.063024 0.044007 -2.310316
v 1.542780 0.044007 -2.310316
v 1.542780 0.127103 -2.283630
v 1.431923 0.210605 -2.351488
v 1.167319 0.210605 -2.351488
v 1.167319 0.379635 -2.385798
v 1.167319 0.488268 -2.343863
v 1.063024 0.100350 -2.208911
v 1.167319 0.100350 -2.208911
v 1.167319 0.086163 -2.132667
v 1.167319 0.127103 -2.283630
v 1.431923 0.127103 -2.283630
v 1.431923 0.086163 -2.132667
v 1.542780 0.100350 -2.208911
v 1.431923 0.100350 -2.208911
v 1.542780 0.016038 -2.229497
v 1.063024 0.016038 -2.229497
v 1.190053 0.845785 -2.812765
v 1.410126 0.845785 -2.812765
v 1.410126 0.804034 -2.758632
v 1.190053 0.804034 -2.758632
v 1.410126 0.750123 -2.716697
v 1.190053 0.750123 -2.716697
v 1.410126 0.686889 -2.690774
v 1.190053 0.686889 -2.690774
v 1.190053 0.619195 -2.681625
v 1.190053 0.551502 -2.690774
v 1.410126 0.619195 -2.681625
v 1.410126 0.551502 -2.690774
v 1.167319 0.436384 -2.371311
v 1.431923 0.379635 -2.385798
v 1.431923 0.436384 -2.371311
v 1.190053 0.433951 -2.758632
v 1.410126 0.433951 -2.758632
v 1.410126 0.392606 -2.812765
v 1.190053 0.392606 -2.812765
v 1.190053 0.488268 -2.716697
v 1.410126 0.488268 -2.716697
v 1.167319 0.533262 -2.306504
v 1.431923 0.533262 -2.306504
v 1.431923 0.568527 -2.259232
v 1.167319 0.568527 -2.259232
v 1.431923 0.592442 -2.205861
v 1.167319 0.592442 -2.205861
v 1.167319 0.604198 -2.148678
v 1.431923 0.488268 -2.343863
v 1.431923 0.588389 -2.032787
v 1.431923 0.602576 -2.089970
v 1.167319 0.602576 -2.089970
v 1.431923 0.604198 -2.148678
v 1.167367 0.086128 -0.504369
v 1.097090 0.379445 2.844443
v 1.097090 0.388353 2.881428
v 1.097090 0.402720 2.916610
v 1.097090 0.422833 2.948784
v 1.097090 0.434327 2.983064
v 1.507149 0.434327 2.983064
v 1.507149 0.482599 3.023357
v 1.507149 0.852687 2.923827
v 1.507149 0.874812 2.864589
v 1.542780 0.959289 2.885338
v 1.542780 0.929693 2.963819
v 1.000027 0.929693 2.963819
v 1.000027 0.959289 2.885338
v 1.542780 0.874812 2.864589
v 1.542780 0.852687 2.923827
v 1.097090 0.849814 2.881428
v 1.097090 0.856997 2.844142
v 1.097090 0.874812 2.864589
v 1.097090 0.852687 2.923827
v 1.097090 0.836022 2.916911
v 1.097090 0.817058 2.975847
v 1.097090 0.815334 2.948784
v 1.542780 0.820218 3.089209
v 1.542780 0.746373 3.128901
v 1.000027 0.746373 3.128901
v 1.000027 0.820218 3.089209
v 1.542780 0.665344 3.150251
v 1.000027 0.665344 3.150251
v 1.000027 0.510471 3.133412
v 1.000027 0.581442 3.151754
v 1.542780 0.581442 3.151754
v 1.542780 0.510471 3.133412
v 1.000027 0.882570 3.032979
v 1.542780 0.882570 3.032979
v 1.097090 0.657012 3.046210
v 1.097090 0.694078 3.037189
v 1.097090 0.714479 3.048315
v 1.097090 0.653276 3.064252
v 1.097090 0.590350 3.065454
v 1.097090 0.619083 3.048916
v 1.097090 0.528573 3.051622
v 1.097090 0.544089 3.037189
v 1.097090 0.482599 3.023357
v 1.097090 0.509034 3.022756
v 1.097090 0.476565 3.002609
v 1.097090 0.770222 3.018245
v 1.097090 0.761602 3.002609
v 1.097090 0.790623 2.977952
v 1.097090 0.729133 3.022756
v 1.507149 0.770222 3.018245
v 1.507149 0.817058 2.975847
v 1.542780 0.770222 3.018245
v 1.542780 0.714479 3.048315
v 1.507149 0.714479 3.048315
v 1.542780 0.653276 3.064252
v 1.542780 0.590350 3.065454
v 1.542780 0.528573 3.051622
v 1.507149 0.590350 3.065454
v 1.507149 0.528573 3.051622
v 1.507149 0.653276 3.064252
v 1.542780 0.482599 3.023357
v 1.542780 0.817058 2.975847
v 1.062995 0.371113 3.042301
v 1.542780 0.371113 3.042301
v 1.097090 0.447544 2.977952
v 1.062995 0.398697 3.065454
v 1.542780 0.434327 2.983064
v 1.542780 0.435476 3.096125
v 1.000027 0.398697 3.065454
v 1.000027 0.435476 3.096125
v 0.914022 0.476565 3.002609
v 0.914022 0.447544 2.977952
v 0.914022 0.509034 3.022756
v 0.914022 0.619083 3.048916
v 0.914022 0.544089 3.037189
v 0.914022 0.849814 2.881428
v 0.914022 0.657012 3.046210
v 0.914022 0.836022 2.916911
v 0.914022 0.815334 2.948784
v 0.914022 0.694078 3.037189
v 0.914022 0.729133 3.022756
v 0.914022 0.790623 2.977952
v 0.914022 0.761602 3.002609
v 0.914022 0.422833 2.948784
v 0.914022 0.402720 2.916610
v 0.914022 0.388353 2.881428
v 0.914022 0.379445 2.844443
v 1.000027 0.434327 2.982763
v 1.000027 0.398697 2.934351
v 1.000027 0.482599 3.023357
v 1.000027 0.770222 3.018245
v 1.000027 0.714479 3.048315
v 1.000027 0.653276 3.064252
v 1.000027 0.590350 3.065454
v 1.000027 0.528573 3.051622
v 1.000027 0.817058 2.975847
v 1.000027 0.852687 2.923827
v 1.000027 0.874812 2.864589
v 1.417243 0.599467 -1.770869
v 1.417243 0.606392 -1.814306
v 1.172538 0.606392 -1.814306
v 1.172538 0.599467 -1.770869
v 1.172538 0.606392 -1.727432
v 1.417243 0.606392 -1.727432
v 1.172538 0.626438 -1.687885
v 1.417243 0.626438 -1.687885
v 1.167367 0.343966 -1.534883
v 1.167367 0.286014 -1.528400
v 1.431980 0.286014 -1.528400
v 1.431980 0.343966 -1.534883
v 1.431980 0.402283 -1.528400
v 1.167367 0.402283 -1.528400
v 1.167367 0.251753 -1.880433
v 1.167367 0.308611 -1.865522
v 1.431980 0.366928 -1.864226
v 1.167367 0.366928 -1.864226
v 1.167367 0.424152 -1.875895
v 1.167367 0.524019 -1.935540
v 1.167367 0.477730 -1.899883
v 1.431980 0.477730 -1.899883
v 1.172538 0.657783 -1.884972
v 1.172538 0.626438 -1.853853
v 1.417243 0.626438 -1.853853
v 1.417243 0.657783 -1.884972
v 1.431980 0.548075 -1.435692
v 1.431980 0.506889 -1.477184
v 1.431980 0.579420 -1.386420
v 1.431980 0.598738 -1.330666
v 1.431980 0.605298 -1.272318
v 1.431980 0.457319 -1.508951
v 1.431980 0.230977 -1.508951
v 1.431980 0.181408 -1.477184
v 1.167367 0.181408 -1.477184
v 1.167367 0.230977 -1.508951
v 1.431980 0.139857 -1.435692
v 1.167367 0.139857 -1.435692
v 1.167367 0.457319 -1.508951
v 1.167367 0.548075 -1.435692
v 1.167367 0.598738 -1.330666
v 1.167367 0.108876 -1.386420
v 1.431980 0.108876 -1.386420
v 1.167367 0.579420 -1.386420
v 1.167367 0.605298 -1.272318
v 1.167367 0.506889 -1.477184
v 1.417243 0.854967 -1.853853
v 1.417243 0.657783 -1.656766
v 1.417243 0.697147 -1.636668
v 1.417243 0.740885 -1.629537
v 1.417243 0.784258 -1.636668
v 1.172538 0.657783 -1.656766
v 1.172538 0.697147 -1.905069
v 1.172538 0.854967 -1.687885
v 1.172538 0.740885 -1.912201
v 1.172538 0.784258 -1.905069
v 1.417243 0.740885 -1.912201
v 1.417243 0.784258 -1.905069
v 1.417243 0.697147 -1.905069
v 1.417243 0.823622 -1.884972
v 1.172538 0.823622 -1.884972
v 1.172538 0.740885 -1.629537
v 1.172538 0.784258 -1.636668
v 1.172538 0.697147 -1.636668
v 1.172538 0.854967 -1.853853
v 1.172538 0.823622 -1.656766
v 1.417243 0.823622 -1.656766
v 1.417243 0.854967 -1.687885
v 1.190107 0.658329 -3.210897
v 1.190107 0.718286 -3.194170
v 1.190107 0.772651 -3.164129
v 1.190107 0.596197 -3.212945
v 1.190107 0.535308 -3.200315
v 1.190107 0.488398 -3.174029
v 1.190107 0.397375 -3.085613
v 1.190107 0.435275 -3.135112
v 1.190107 0.818318 -3.121799
v 1.190107 0.853112 -3.070251
v 1.190107 0.874548 -3.011877
v 1.410196 0.535308 -3.200315
v 1.410196 0.488398 -3.174029
v 1.410196 0.435275 -3.135112
v 1.410196 0.596197 -3.212945
v 1.410196 0.658329 -3.210897
v 1.410196 0.718286 -3.194170
v 1.410196 0.772651 -3.164129
v 1.410196 0.818318 -3.121799
v 1.410196 0.397375 -3.085613
v 1.410196 0.372212 -3.028945
v 1.063092 0.397375 -3.085613
v 1.063092 0.398618 -3.086979
v 1.542780 0.397375 -3.085613
v 0.999983 0.442110 -3.247424
v 1.542780 0.442110 -3.247424
v 1.542780 0.518221 -3.282585
v 0.999983 0.518221 -3.282585
v 1.542780 0.588430 -3.299313
v 0.999983 0.588430 -3.299313
v 1.542780 0.488398 -3.174029
v 1.542780 0.535308 -3.200315
v 1.542780 0.596197 -3.212945
v 0.999983 0.535308 -3.200315
v 0.999983 0.488398 -3.174029
v 0.999983 0.596197 -3.212945
v 0.999983 0.435275 -3.135112
v 0.999983 0.398618 -3.214652
v 1.063092 0.398618 -3.214652
v 1.542780 0.373144 -3.195535
v 1.063092 0.373144 -3.195535
v 1.063092 0.322817 -3.129992
v 1.542780 0.322817 -3.129992
v 0.999983 0.398618 -3.086979
v 1.542780 0.435275 -3.135112
v 1.542780 0.671066 -3.296582
v 0.999983 0.750905 -3.274734
v 0.999983 0.671066 -3.296582
v 1.542780 0.750905 -3.274734
v 1.542780 0.823289 -3.234452
v 0.999983 0.823289 -3.234452
v 0.999983 0.818318 -3.121799
v 0.999983 0.772651 -3.164129
v 0.999983 0.718286 -3.194170
v 0.999983 0.658329 -3.210897
v 1.542780 0.658329 -3.210897
v 1.542780 0.718286 -3.194170
v 1.542780 0.772651 -3.164129
v 1.542780 0.818318 -3.121799
v 1.542780 0.884178 -3.178467
v 1.542780 0.930156 -3.109851
v 1.542780 0.958736 -3.032700
v 0.999983 0.958736 -3.032700
v 0.999983 0.930156 -3.109851
v 0.999983 0.853112 -3.070251
v 0.999983 0.874548 -3.011877
v 1.410196 0.881693 -2.950088
v 1.542780 0.874548 -3.011877
v 1.410196 0.874548 -3.011877
v 1.542780 0.853112 -3.070251
v 1.410196 0.853112 -3.070251
v 0.999983 0.884178 -3.178467
v 1.167367 0.524158 1.078107
v 1.431980 0.524158 1.078107
v 1.431980 0.155060 1.087203
v 1.167367 0.155060 1.087203
v 1.167367 0.477535 1.041722
v 1.431980 0.477535 1.041722
v 1.431980 0.424307 1.018331
v 1.431980 0.367000 1.006636
v 1.431980 0.308527 1.007935
v 1.431980 0.251802 1.022229
v 1.431980 0.199740 1.049519
v 1.167367 0.251802 1.022229
v 1.167367 0.199740 1.049519
v 1.167367 0.308527 1.007935
v 1.167367 0.424307 1.018331
v 1.167367 0.367000 1.006636
v 1.167367 0.126503 1.413372
v 1.431980 0.126503 1.413372
v 1.167367 0.488414 1.486143
v 1.167367 0.436351 1.513432
v 1.167367 0.264041 1.517331
v 1.167367 0.210619 1.492641
v 1.167367 0.163996 1.457555
v 1.431980 0.163996 1.457555
v 1.431980 0.210619 1.492641
v 1.431980 0.264041 1.517331
v 1.431980 0.488414 1.486143
v 1.431980 0.436351 1.513432
v 1.431980 0.344077 0.686964
v 1.431980 0.285993 0.680467
v 1.167367 0.285993 0.680467
v 1.167367 0.344077 0.686964
v 1.431980 0.402161 0.680467
v 1.167367 0.402161 0.680467
v 1.431980 0.506868 0.219152
v 1.431980 0.506868 0.629787
v 1.431980 0.457332 0.187965
v 1.431980 0.230822 0.187965
v 1.167367 0.506868 0.219152
v 1.167367 0.506868 0.629787
v 1.167367 0.457332 0.660975
v 1.167367 0.230822 0.660975
v 1.167367 0.457332 0.187965
v 1.167367 0.230822 0.187965
v 1.167367 0.181285 0.219152
v 1.431980 0.457332 0.660975
v 1.167367 0.181285 0.629787
v 1.431980 0.230822 0.660975
v 1.431980 0.181285 0.629787
v 1.431980 0.139908 0.260735
v 1.431980 0.181285 0.219152
v 1.167367 0.131702 -0.272707
v 1.431980 0.131702 -0.272707
v 1.431980 0.469552 -0.656087
v 1.431980 0.415473 -0.678258
v 1.431980 0.517412 -0.621906
v 1.431980 0.357814 -0.687496
v 1.431980 0.299402 -0.683801
v 1.431980 0.243439 -0.668096
v 1.431980 0.192375 -0.639458
v 1.167367 0.495932 -0.212659
v 1.167367 0.444868 -0.184021
v 1.167367 0.388717 -0.167392
v 1.167367 0.330304 -0.163697
v 1.167367 0.272645 -0.172935
v 1.167367 0.218567 -0.196030
v 1.167367 0.170895 -0.229288
v 1.167367 0.517412 -0.621906
v 1.431980 0.444868 -0.184021
v 1.431980 0.495932 -0.212659
v 1.431980 0.388717 -0.167392
v 1.431980 0.330304 -0.163697
v 1.431980 0.272645 -0.172935
v 1.431980 0.218567 -0.196030
v 1.431980 0.170895 -0.229288
v 1.167367 0.243439 -0.668096
v 1.167367 0.192375 -0.639458
v 1.167367 0.299402 -0.683801
v 1.167367 0.415473 -0.678258
v 1.167367 0.357814 -0.687496
v 1.431980 0.148849 -0.599734
v 1.167367 0.148849 -0.599734
v 1.167367 0.469552 -0.656087
v 1.431980 0.402283 -1.016371
v 1.431980 0.344059 -1.009905
v 1.167367 0.344059 -1.009905
v 1.167367 0.402283 -1.016371
v 1.167367 0.139993 -1.108752
v 1.431980 0.139993 -1.108752
v 1.431980 0.181258 -1.067181
v 1.431980 0.457304 -1.035771
v 1.431980 0.506860 -1.067181
v 1.167367 0.457304 -1.035771
v 1.167367 0.506860 -1.067181
v 1.167367 0.286024 -1.016371
v 1.167367 0.230814 -1.035771
v 1.431980 0.230814 -1.035771
v 1.431980 0.286024 -1.016371
v 1.167367 0.548243 2.288049
v 1.431980 0.506901 2.329587
v 1.167367 0.506901 2.329587
v 1.167367 0.457397 2.360842
v 1.431980 0.139982 2.288049
v 1.167367 0.139982 2.288049
v 1.167367 0.181324 2.329587
v 1.431980 0.181324 2.329587
v 1.167367 0.128648 2.275377
v 1.431980 0.128648 2.275375
v 1.167367 0.126898 2.270930
v 1.431980 0.126898 2.270932
v 1.431980 0.230829 2.360842
v 1.431980 0.344113 2.386821
v 1.431980 0.457397 2.360842
v 1.167367 0.321248 1.528947
v 1.167367 0.379699 1.527458
v 1.431980 0.379699 1.527458
v 1.431980 0.321248 1.528947
v 1.431980 0.086023 1.334816
v 1.431980 0.085982 2.049489
v 1.167367 0.086023 1.334816
v 1.063024 0.085978 2.118718
v 1.167367 0.086030 1.207096
v 1.063024 0.045145 2.300200
v 1.542780 0.045145 2.300200
v 1.542780 -0.000000 2.133018
v 1.063024 -0.000000 2.133018
v 1.063024 0.126898 2.270930
v 1.542780 0.085978 2.118720
v 1.542780 0.126899 2.270932
v 1.507040 0.882607 2.735837
v 1.097040 0.882607 2.735837
v 1.172530 0.882414 1.571305
v 1.417229 0.882414 1.571305
v 1.417229 0.854967 1.545788
v 1.417229 0.823741 1.514561
v 1.172530 0.823741 1.514561
v 1.172530 0.784392 1.494513
v 1.172530 0.657810 1.514561
v 1.417229 0.626583 1.545788
v 1.417229 0.657810 1.514561
v 1.172530 0.697158 1.494513
v 1.172530 0.740775 1.487605
v 0.999985 0.968621 -2.951088
v 1.542780 0.968621 -2.951088
v 1.542780 0.968621 2.803072
v 0.999985 0.968621 2.803072
v 0.999985 0.881667 -2.950087
v 0.999985 0.882618 2.802037
v 1.190071 0.881667 -2.950087
v 1.172530 0.881872 -1.713569
v 1.172530 0.881853 -1.828268
v 1.542780 0.882618 2.802036
v 1.542780 0.881667 -2.950088
v 1.410162 0.881674 -2.910251
v 1.417229 0.881853 -1.828268
v 1.417229 0.881872 -1.713569
v 1.190071 0.881674 -2.910251
v 1.190071 0.357373 -2.943635
v 1.167367 0.548243 0.260757
v 1.431980 0.548243 0.260757
v 1.431980 0.579349 0.310500
v 1.167367 0.579349 0.310500
v 1.167367 0.556524 -0.578334
v 1.431980 0.556524 -0.578334
v 1.431980 0.584983 -0.527034
v 1.167367 0.584983 -0.527034
v 1.167367 0.601365 -0.470650
v 1.431980 0.601365 -0.470650
v 1.431980 0.595255 -0.354058
v 1.167367 0.595255 -0.354058
v 1.167367 0.604847 -0.412012
v 1.431980 0.604847 -0.412012
v 1.167367 0.573069 -0.299697
v 1.431980 0.573069 -0.299697
v 1.431980 0.539403 -0.251652
v 1.167367 0.539403 -0.251652
v 1.431980 0.548243 -1.108752
v 1.167367 0.548243 -1.108752
v 1.167367 0.579349 -1.158493
v 1.431980 0.579349 -1.158493
v 1.167367 0.598659 -1.213942
v 1.431980 0.598659 -1.213942
v 1.167367 0.598659 0.365948
v 1.431980 0.598659 0.365948
v 1.431980 0.605205 0.424324
v 1.167367 0.605205 0.424324
v 1.431980 0.598659 0.482699
v 1.167367 0.598659 0.482699
v 1.431980 0.548243 0.587889
v 1.167367 0.548243 0.587889
v 1.167367 0.579349 0.538147
v 1.431980 0.579349 0.538147
v 1.431980 0.592603 1.347945
v 1.167367 0.592603 1.347945
v 1.167367 0.604212 1.290362
v 1.431980 0.604212 1.290362
v 1.167367 0.602778 1.231638
v 1.431980 0.602778 1.231638
v 1.167367 0.568533 1.401499
v 1.431980 0.568533 1.401499
v 1.431980 0.588374 1.174717
v 1.167367 0.588374 1.174717
v 1.167367 0.561722 1.122454
v 1.431980 0.561722 1.122454
v 1.431980 0.533211 1.448340
v 1.167367 0.533211 1.448340
v 1.542780 0.321460 2.975007
v 1.063024 0.321460 2.975007
v 1.507040 0.348965 2.817007
v 1.097040 0.348965 2.817009
v 1.063024 0.396918 2.932038
v 1.097040 0.396918 2.932038
v 1.542780 0.396919 2.932040
v 1.507040 0.396919 2.932040
v 1.507040 0.380129 2.681542
v 1.507040 0.355442 2.761104
v 1.097040 0.376487 2.806310
v 0.914022 0.379205 2.768425
v 0.914022 0.376487 2.806310
v 1.507040 0.854563 2.675234
v 1.507040 0.882618 2.802036
v 0.914022 0.857059 2.844142
v 0.914022 0.859744 2.806206
v 1.097040 0.859744 2.806206
v 1.097040 0.882618 2.802037
v 1.190071 0.356707 -2.981466
v 1.410162 0.356707 -2.981466
v 1.190071 0.372298 -3.028807
v 1.063024 0.372298 -3.028807
v 1.063024 0.290087 -3.056765
v 1.542780 0.290087 -3.056765
v 1.542780 0.372297 -3.028806
v 1.431980 0.308526 -1.865824
v 1.431980 0.199820 -1.907164
v 1.431980 0.251860 -1.880344
v 1.167367 0.119692 -1.991783
v 1.063024 0.086220 -2.133024
v 1.167367 0.086216 -2.066395
v 1.431980 0.119692 -1.991783
v 1.431980 0.086216 -2.066395
v 1.431980 0.155015 -1.944942
v 1.542780 0.086220 -2.133024
v 1.063024 -0.000000 -2.133024
v 1.542780 -0.000000 -2.133024
v 1.190071 0.871933 -2.875893
v 1.410162 0.871933 -2.875893
v 1.410162 0.366292 -2.875891
v 1.190071 0.366292 -2.875891
v 1.410162 0.357373 -2.943635
v 1.431980 0.561722 -1.980525
v 1.167367 0.561722 -1.980525
v 1.167367 0.588374 -2.032788
v 1.167367 0.199820 -1.907164
v 1.167367 0.155015 -1.944942
v 1.431980 0.524158 -1.935540
v 1.431980 0.424281 -1.875951
v 1.167367 0.086176 -1.354182
v 1.167367 0.086166 -1.190468
v 1.167367 0.086119 -0.351184
v 1.431980 0.086119 -0.351184
v 1.431980 0.086079 0.348067
v 1.167367 0.086079 0.348067
v 1.431980 0.086166 -1.190468
v 1.431980 0.086128 -0.504369
v 1.167367 0.086070 0.500565
v 1.431980 0.086070 0.500565
v 1.431980 0.086030 1.207095
v 1.167367 0.095623 1.187268
v 1.431980 0.095623 1.187268
v 1.167367 0.099851 1.360494
v 1.431980 0.103242 -0.324320
v 1.167367 0.103242 -0.324320
v 1.431980 0.115156 -0.551657
v 1.167367 0.115156 -0.551657
v 1.431980 0.108876 -1.158493
v 1.167367 0.108876 -1.158493
v 1.167367 0.139982 0.260757
v 1.167367 0.139982 0.587889
v 1.431980 0.099851 1.360494
v 1.431980 0.119692 1.133713
v 1.167367 0.119692 1.133713
v 1.431980 0.139982 0.587889
v 1.063024 0.398594 2.934315
v 1.431980 0.086176 -1.354182
v 1.167367 0.181324 -1.067213
v 1.431980 0.402211 0.168562
v 1.431980 0.344113 0.161985
v 1.431980 0.286014 0.168562
v 1.167367 0.402211 0.168562
v 1.167367 0.286014 0.168562
v 1.167367 0.344113 0.161985
vn 1.0000 -0.0024 0.0005
vn 1.0000 -0.0000 -0.0000
vn -0.0000 -0.9942 0.1074
vn -0.0000 -0.6809 0.7324
vn 0.0001 -0.6802 0.7330
vn 1.0000 -0.0018 0.0036
vn 1.0000 0.0008 -0.0000
vn -0.0000 -0.9941 -0.1087
vn -0.0000 -0.9429 0.3330
vn 0.0007 -0.8494 -0.5278
vn -0.0000 -0.8510 -0.5252
vn -0.0000 -0.8510 0.5252
vn -0.0000 -0.7077 0.7065
vn 0.0001 -0.7071 0.7071
vn -0.0000 1.0000 -0.0002
vn -0.0001 1.0000 -0.0002
vn -1.0000 -0.0000 -0.0000
vn -0.0000 -0.9393 0.3431
vn -1.0000 -0.0003 -0.0004
vn -1.0000 0.0004 -0.0004
vn -1.0000 -0.0006 -0.0006
vn -0.0000 -0.4455 -0.8953
vn -0.0000 -0.7057 -0.7085
vn -0.0000 -0.6885 -0.7252
vn -0.0000 -0.9429 -0.3330
vn -1.0000 -0.0000 -0.0018
vn -0.0000 0.4455 -0.8953
vn -0.0000 0.1642 -0.9864
vn -0.0000 -0.1642 -0.9864
vn 1.0000 -0.0000 0.0002
vn 1.0000 -0.0000 0.0003
vn 1.0000 0.0001 0.0002
vn 1.0000 -0.0007 0.0010
vn -1.0000 0.0003 -0.0000
vn 0.0006 0.8894 0.4572
vn -0.0000 0.8877 0.4604
vn -0.0000 0.9881 0.1537
vn -0.0000 0.7071 0.7071
vn 0.0005 0.7091 0.7051
vn -0.0000 0.9881 -0.1537
vn -1.0000 -0.0000 -0.0003
vn -1.0000 -0.0001 -0.0003
vn -1.0000 0.0002 -0.0001
vn -1.0000 0.0001 -0.0002
vn -1.0000 0.0002 -0.0002
vn -0.0000 0.7105 -0.7037
vn -0.0000 0.8911 -0.4537
vn -1.0000 0.0001 0.0002
vn -1.0000 -0.0003 0.0002
vn -1.0000 0.0002 0.0002
vn -1.0000 -0.0000 0.0001
vn -1.0000 -0.0001 0.0001
vn 1.0000 -0.0000 -0.0009
vn -1.0000 -0.0001 -0.0000
vn -0.0000 0.1119 0.9937
vn -0.0000 -0.1111 0.9938
vn -1.0000 0.0023 0.0037
vn -1.0000 -0.0008 -0.0002
vn -1.0000 -0.0000 0.0002
vn -0.0000 0.7454 -0.6666
vn -0.0000 0.7454 -0.6667
vn -0.0000 -0.7060 0.7082
vn -0.0000 0.7088 -0.7054
vn -0.0000 -0.7088 -0.7054
vn 0.0006 -0.7070 -0.7072
vn 1.0000 -0.0035 0.0006
vn 1.0000 0.0001 -0.0003
vn -0.0018 -1.0000 -0.0000
vn -0.0000 -0.9847 0.1741
vn -0.0023 -0.9842 0.1771
vn -0.0000 0.9830 -0.1836
vn -0.0000 -1.0000 -0.0001
vn -0.0021 -1.0000 -0.0003
vn -0.0000 0.9418 -0.3362
vn 0.0021 -0.9847 0.1741
vn -0.0000 -0.9842 0.1771
vn -1.0000 0.0041 -0.0007
vn -1.0000 0.0008 0.0002
vn -1.0000 -0.0038 -0.0008
vn 0.0017 -1.0000 -0.0028
vn -0.0009 0.8583 0.5132
vn -0.0000 0.8554 0.5179
vn -0.0000 -0.3354 0.9421
vn -0.0000 -0.5330 0.8461
vn -0.0000 0.5330 0.8461
vn -0.0000 -1.0000 -0.0003
vn 0.0007 -1.0000 -0.0001
vn -0.0000 0.8510 0.5252
vn -0.0000 -0.0255 -0.9997
vn -0.0000 0.3354 0.9421
vn -0.0000 0.7060 0.7082
vn -0.0000 0.2259 0.9742
vn -0.0000 -0.1130 0.9936
vn -0.0000 -0.9938 -0.1114
vn -0.0000 -0.9444 0.3289
vn -0.0000 -0.4147 0.9100
vn -0.0000 -0.9938 0.1114
vn -0.0000 0.9176 0.3975
vn -0.0000 0.4937 0.8696
vn -0.0000 0.7319 0.6815
vn -0.0000 -0.8479 -0.5302
vn -0.0000 -0.4537 0.8912
vn -0.0001 -0.4540 0.8910
vn -0.0000 -0.7984 -0.6021
vn -0.0000 -0.7319 -0.6815
vn -0.0000 -0.6601 0.7512
vn -0.0000 -0.9997 0.0244
vn -0.0000 -0.9121 -0.4099
vn -0.0000 -0.9444 -0.3289
vn -0.0000 -0.9803 -0.1976
vn -0.0000 -0.8909 0.4543
vn -0.0000 -0.8908 0.4543
vn -0.0000 0.1564 0.9877
vn -0.0009 0.1513 0.9885
vn -0.0000 0.4540 0.8910
vn -0.0001 0.4536 0.8912
vn -0.0000 -0.9694 0.2453
vn -0.0009 -0.1564 0.9877
vn -0.0000 -0.1513 0.9885
vn -0.0000 -0.7358 -0.6772
vn -0.0007 1.0000 -0.0002
vn 0.0003 1.0000 -0.0002
vn 0.0060 1.0000 -0.0000
vn -0.0000 -1.0000 -0.0000
vn 0.0006 1.0000 -0.0002
vn -0.0050 1.0000 -0.0000
vn -0.0000 0.9781 -0.2084
vn -0.0000 0.4147 -0.9100
vn -0.0000 0.8669 -0.4985
vn -0.0000 0.6538 -0.7567
vn -0.0000 -0.2259 -0.9742
vn -0.0000 0.1130 -0.9936
vn -0.0000 -0.4937 -0.8696
vn -0.0000 -0.8744 0.4851
vn -0.0000 -0.9603 0.2790
vn -0.0000 0.9945 0.1044
vn -0.0000 -0.8479 0.5302
vn -0.0000 -0.9866 -0.1633
vn -0.0000 -0.9259 -0.3779
vn -0.0000 -0.9982 0.0593
vn -0.0000 -0.8190 -0.5739
vn -0.0000 0.0144 0.9999
vn -0.0000 0.3204 0.9473
vn -0.0003 -0.8002 0.5998
vn -0.0000 -0.8009 0.5987
vn -0.0003 -0.9118 0.4106
vn -0.0000 -0.9075 0.4200
vn 0.0004 -0.9065 0.4221
vn 1.0000 0.0020 0.0003
vn -0.0000 -0.9066 0.4221
vn -0.0000 -0.9883 -0.1522
vn -0.0000 -0.2962 0.9551
vn -0.0000 -0.5774 0.8165
vn -0.0000 -0.7784 0.6277
vn -0.0000 -0.9214 0.3886
vn -0.0000 -0.9924 0.1233
vn -0.0000 0.3943 0.9190
vn -0.0000 -0.4362 0.8998
vn -0.0000 -0.6315 0.7754
vn -0.0000 -0.9917 -0.1285
vn -0.0000 -0.9997 0.0247
vn -0.0000 -0.9891 -0.1476
vn -0.0014 -0.9896 -0.1437
vn -0.0000 -0.1534 0.9882
vn -0.0000 -0.3637 0.9315
vn -0.0000 -0.3638 0.9315
vn -0.0000 0.6073 0.7945
vn 1.0000 0.0019 0.0006
vn -0.0000 0.1249 0.9922
vn -1.0000 0.0021 -0.0001
vn -0.0000 0.8281 0.5605
vn -0.0000 0.9058 0.4237
vn 0.0004 0.9052 0.4249
vn 1.0000 0.0005 0.0013
vn 1.0000 -0.0003 0.0009
vn -0.0000 0.8628 0.5055
vn -0.0000 0.9171 0.3987
vn -0.0000 0.9715 0.2370
vn -0.0004 0.9719 0.2353
vn -0.0000 0.9065 0.4222
vn -0.0000 -0.9232 0.3844
vn -0.0058 -0.9230 0.3848
vn -0.0000 -0.9230 0.3848
vn 0.0015 -0.9232 0.3844
vn -0.0000 0.9225 -0.3860
vn -0.0000 -0.9232 0.3842
vn 1.0000 -0.0000 -0.0001
vn 0.0005 0.9551 0.2963
vn -0.0003 0.9562 0.2928
vn 0.0004 0.9934 0.1151
vn -0.0000 0.9930 0.1181
vn -0.0000 0.6022 0.7984
vn 0.0003 0.5981 0.8014
vn -0.0000 0.5964 0.8027
vn -0.0000 0.5965 0.8026
vn -0.0002 0.8177 0.5756
vn -0.0000 0.8170 0.5766
vn -0.9999 -0.0028 -0.0123
vn -0.0000 -0.5339 -0.8456
vn -0.0000 -0.3337 -0.9427
vn -0.0000 -0.3336 -0.9427
vn -0.0000 0.1104 -0.9939
vn 0.0003 0.1090 -0.9940
vn -0.0000 0.5339 -0.8456
vn -0.0002 0.5345 -0.8451
vn -0.9999 0.0028 -0.0123
vn 1.0000 -0.0005 -0.0046
vn -1.0000 -0.0006 -0.0012
vn 1.0000 0.0003 -0.0011
vn 1.0000 -0.0005 0.0004
vn 1.0000 0.0003 -0.0012
vn 1.0000 -0.0034 0.0034
vn 0.0016 -0.9305 0.3664
vn -0.0000 -0.9302 0.3671
vn -0.0000 -0.9305 0.3663
vn -0.0004 0.9974 0.0716
vn -0.0000 0.9973 0.0734
vn -0.0000 0.9305 -0.3663
vn -0.0000 0.7931 0.6091
vn 0.0003 -0.1104 -0.9939
vn -0.0000 -0.1090 -0.9940
vn -0.0000 0.3336 -0.9427
vn -0.0001 0.3331 -0.9429
vn 1.0000 -0.0000 0.0001
vn -0.0000 0.9668 0.2555
vn -0.0000 0.9053 0.4248
vn -0.0000 0.3793 -0.9253
vn -0.0000 0.9230 -0.3848
vn -0.0000 0.6111 -0.7915
vn -0.0000 0.6111 -0.7916
vn -0.0000 -0.8015 0.5980
vn -0.0000 -0.9126 0.4089
vn -1.0000 0.0001 -0.0005
vn -1.0000 -0.0000 -0.0006
vn -0.0000 -0.2473 0.9689
vn -0.0000 -0.0261 0.9997
vn 1.0000 0.0002 0.0003
vn 1.0000 0.0008 0.0006
vn -0.0000 -0.1339 -0.9910
vn -0.0000 -0.1340 -0.9910
vn -0.0000 0.7947 -0.6070
vn -0.0000 0.1339 -0.9910
vn -0.0000 0.1340 -0.9910
vn -1.0000 -0.0003 0.0004
vn -1.0000 0.0033 0.0028
vn -1.0000 0.0001 0.0001
vn -0.0000 -0.4676 0.8839
vn -0.0000 -0.8908 -0.4543
vn 0.0001 -0.8907 -0.4545
vn -0.0000 -0.6388 0.7694
vn 1.0000 0.0001 -0.0000
vn 1.0000 0.0001 -0.0001
vn 1.0000 0.0038 0.0001
vn 1.0000 -0.0000 -0.0004
vn -0.0000 -0.9996 -0.0276
vn -0.0000 -0.9705 -0.2410
vn 0.0001 -0.9706 -0.2408
vn -0.0000 -0.9795 0.2014
vn -0.0000 -0.9415 -0.3371
vn 0.0001 -0.9831 -0.1831
vn -0.0000 -0.9831 -0.1829
vn 1.0000 -0.0001 -0.0002
vn -0.0000 -0.9664 -0.2569
vn -0.0000 0.9124 -0.4094
vn 1.0000 0.0016 -0.0007
vn -0.0006 -1.0000 0.0008
vn 1.0000 -0.0004 -0.0002
vn -0.0035 -0.9497 -0.3131
vn -0.0016 -0.9498 -0.3128
vn -0.0000 -0.9499 -0.3126
vn -0.0000 -0.9497 -0.3130
vn -0.0000 0.2087 0.9780
vn -0.0000 0.4041 0.9147
vn -0.0000 0.9497 0.3131
vn -0.0001 -0.9497 -0.3130
vn 0.0033 -0.9499 -0.3126
vn -0.0000 -0.7918 -0.6107
vn -0.0000 -0.9831 -0.1831
vn -0.0001 -0.9831 -0.1829
vn -0.0000 -0.3793 -0.9253
vn -0.0000 -0.9239 -0.3827
vn -0.0000 -0.6140 -0.7893
vn -1.0000 0.0005 0.0003
vn -0.0000 0.9450 0.3270
vn -1.0000 -0.0019 0.0009
vn 0.0005 -1.0000 0.0008
vn -0.0000 0.9865 0.1640
vn -0.0000 0.8522 0.5232
vn -0.0000 0.8153 -0.5791
vn -0.0000 0.8433 -0.5375
vn -0.0000 0.9121 0.4099
vn -0.0000 0.8509 -0.5253
vn -0.0000 0.8804 -0.4742
vn -0.0000 0.8804 -0.4741
vn -0.0000 1.0000 -0.0000
vn -0.0000 0.9002 0.4355
vn -0.0010 -0.8054 0.5927
vn -0.0018 -0.8059 0.5920
vn -0.0000 -0.6436 0.7654
vn -0.0024 -0.6408 0.7677
vn -0.0000 0.6475 -0.7621
vn -0.0000 0.7630 -0.6464
vn -0.0000 0.5272 -0.8497
vn -0.0000 0.8479 -0.5301
vn -0.0000 0.9258 -0.3781
vn -0.0000 0.4748 0.8801
vn -0.0000 0.2520 0.9677
vn -0.0000 0.9722 -0.2341
vn -0.0000 0.9970 -0.0774
vn 0.0016 1.0000 -0.0008
vn -0.0000 -0.6475 -0.7621
vn -0.0000 0.4452 -0.8954
vn -0.0001 0.6415 -0.7671
vn -0.0000 0.6429 -0.7659
vn -0.0000 0.6405 -0.7680
vn -0.0000 -0.9816 -0.1907
vn -0.0003 -0.9819 -0.1892
vn -0.0003 -0.9975 -0.0706
vn -0.0000 -0.9974 -0.0722
vn -0.0000 0.9923 0.1238
vn -0.0000 -0.8388 -0.5444
vn -0.0000 0.6711 0.7414
vn -0.0000 0.6711 0.7413
vn -0.0000 -0.7630 -0.6464
vn -0.0000 0.8250 0.5651
vn 1.0000 -0.0000 -0.0007
vn 1.0000 0.0001 -0.0005
vn -0.0000 -0.9321 -0.3623
vn -0.0000 0.9368 0.3499
vn -0.0000 0.1545 -0.9880
vn -0.0000 -0.2185 0.9758
vn -0.0000 0.0191 0.9998
vn -0.0000 -0.0712 -0.9975
vn -0.0000 -0.5272 -0.8497
vn -0.0000 -0.3807 -0.9247
vn -0.0000 -0.2365 -0.9716
vn -0.0000 0.3807 -0.9247
vn -0.0000 -0.5237 0.8519
vn -0.0000 0.2502 -0.9682
vn -0.0000 -0.0179 -0.9998
vn -0.0000 -0.6697 -0.7426
vn -0.0000 -0.2548 -0.9670
vn 1.0000 -0.0001 -0.0008
vn 1.0000 0.0014 -0.0012
vn -0.0000 -0.4734 -0.8808
vn -0.0000 -0.8264 -0.5631
vn -1.0000 0.0009 0.0015
vn -1.0000 -0.0001 0.0002
vn -1.0000 -0.0003 -0.0000
vn -1.0000 -0.0002 0.0001
vn -1.0000 0.0007 0.0018
vn 1.0000 -0.0026 0.0011
vn 1.0000 -0.0005 -0.0013
vn 0.9999 -0.0137 0.0033
vn 1.0000 -0.0041 0.0017
vn 1.0000 -0.0024 0.0008
vn 1.0000 -0.0032 0.0020
vn -0.0000 -0.9357 -0.3528
vn -0.0000 -0.9936 -0.1127
vn -0.0000 0.8047 -0.5937
vn -0.0002 -0.8065 0.5913
vn -0.0000 -0.6408 0.7677
vn -0.0000 -0.8065 0.5913
vn 1.0000 -0.0002 0.0002
vn -0.0000 0.7045 -0.7097
vn -0.0000 -0.9937 0.1117
vn -0.0000 -0.9936 -0.1130
vn -0.0000 -0.9449 0.3274
vn -0.0000 -0.8437 0.5368
vn -0.0000 -0.7097 0.7045
vn -0.0000 -0.5396 0.8419
vn -0.0000 -0.1622 0.9868
vn -1.0000 -0.0005 -0.0000
vn 1.0000 0.0003 -0.0000
vn -0.0000 -0.7045 0.7097
vn -0.0000 -0.6894 0.7244
vn -0.0000 -0.4547 -0.8906
vn -0.0000 -0.7045 -0.7097
vn -0.0000 -0.6905 -0.7233
vn -0.0000 -0.4547 0.8906
vn -0.0000 0.1609 0.9870
vn -0.0000 0.4547 0.8906
vn -0.0000 0.4547 -0.8906
vn -0.0000 -0.1622 -0.9868
vn -0.0000 0.1609 -0.9870
vn -0.0000 0.6446 -0.7645
vn -0.0000 0.7984 -0.6021
vn -0.0000 -0.4087 -0.9127
vn -0.0000 -0.4086 -0.9127
vn 0.0003 -0.6091 -0.7931
vn -0.0000 -0.6102 -0.7922
vn -0.0000 -0.7676 -0.6410
vn 0.0004 -0.7664 -0.6423
vn -0.0001 -0.2003 -0.9797
vn -0.0000 -0.1998 -0.9798
vn -0.0000 0.1112 0.9938
vn -0.0000 -0.1105 0.9939
vn -0.0000 0.8920 -0.4521
vn -0.0000 0.9875 0.1574
vn -0.0000 0.9875 -0.1574
vn -0.0011 0.0274 -0.9996
vn -0.0000 0.0222 -0.9998
vn -0.0010 0.2482 -0.9687
vn 0.0002 0.2537 -0.9673
vn -0.0000 0.4581 -0.8889
vn 0.0001 0.4577 -0.8891
vn -0.0000 0.7045 0.7097
vn -0.0000 0.8466 0.5323
vn -0.0000 0.8176 0.5757
vn -0.0000 -0.3332 0.9429
vn -0.0000 0.8920 0.4521
vn -0.0000 0.3332 0.9429
vn -0.0000 0.7066 0.7076
vn -0.0000 0.5396 0.8419
vn -0.0000 0.2687 -0.9632
vn -0.0000 0.0329 -0.9995
vn -0.0000 0.4836 -0.8753
vn -0.0000 0.4837 -0.8753
vn -0.0000 0.6798 -0.7334
vn -0.0000 -0.7940 -0.6079
vn -0.0000 -0.2639 0.9645
vn -0.0000 -0.5910 -0.8067
vn -1.0000 -0.0000 -0.0001
vn -0.0000 -0.0330 0.9995
vn -0.0000 0.0330 -0.9995
vn -0.0000 -0.4863 0.8738
vn -0.0000 -0.9377 0.3474
vn -0.0000 -0.9621 -0.2728
vn -0.0000 -0.6768 0.7361
vn -1.0000 -0.0030 -0.0008
vn -1.0000 0.0019 -0.0002
vn -0.0000 -0.8307 0.5567
vn -0.0000 0.8289 -0.5595
vn -0.0000 0.9934 -0.1145
vn -0.0000 -0.9927 0.1202
vn -0.0000 0.9387 -0.3447
vn -1.0000 0.0006 -0.0002
vn -1.0000 0.0003 -0.0002
vn 0.0002 1.0000 0.0005
vn 0.0002 0.9934 -0.1145
vn -0.0000 0.9934 -0.1149
vn -0.0000 -0.7396 -0.6730
vn 1.0000 -0.0004 0.0010
vn -0.0000 -0.9148 -0.4039
vn -1.0000 0.0001 -0.0007
vn 1.0000 -0.0024 -0.0004
vn 0.0009 -0.9506 -0.3104
vn 0.0010 -0.9139 -0.4058
vn -0.0000 0.9914 -0.1305
vn -0.0000 0.9998 -0.0176
vn 1.0000 0.0005 0.0004
vn 1.0000 -0.0001 -0.0000
vn 1.0000 -0.0001 0.0001
vn 1.0000 -0.0000 0.0006
vn -1.0000 0.0001 -0.0001
vn -0.0000 0.4194 0.9078
vn -0.0000 -0.7956 -0.6059
vn -0.0000 0.9130 0.4081
vn -0.0012 -0.7940 -0.6079
vn 1.0000 -0.0004 0.0007
vn 0.0001 0.6012 0.7991
vn -0.0000 0.6018 0.7987
vn -0.0000 0.6002 0.7998
vn -0.0000 -0.4888 -0.8724
vn -0.0000 -0.2031 -0.9792
vn -0.0000 0.2318 0.9728
vn -0.0000 0.7932 0.6090
vn -0.0000 -0.7091 0.7051
vn -0.0000 -0.5328 0.8463
vn -0.0000 0.0222 0.9998
vn -0.0000 -0.1112 -0.9938
vn -0.0000 0.1112 -0.9938
vn 0.0003 0.7097 0.7045
vn -0.0000 0.7089 0.7054
vn -0.0000 0.5328 0.8463
vn -0.0000 0.7121 -0.7020
vn -0.0000 0.8509 0.5253
vn 0.0003 0.8513 0.5247
vn -0.0000 0.3331 -0.9429
vn -0.0000 -0.3320 0.9433
vn -0.0000 0.3317 0.9434
vn -0.0000 -0.7115 -0.7026
vn -0.0000 0.5328 -0.8463
vn -0.0000 -0.3331 -0.9429
vn -0.0000 -0.5328 -0.8463
vn -0.0000 0.2444 0.9697
vn -0.0000 0.6447 0.7644
vn -0.0000 0.4643 0.8857
vn -0.0000 -0.4023 0.9155
vn -0.0000 -0.2000 0.9798
vn -0.0000 -0.7630 0.6463
vn -0.0000 0.7960 0.6053
vn -0.0000 -0.4643 -0.8857
vn -0.0000 -0.2403 -0.9707
vn -0.0000 0.1990 -0.9800
vn -0.0000 0.6013 -0.7990
vn -0.0000 0.4195 -0.9077
vn -0.0000 -0.6449 -0.7642
vn -0.0000 0.7625 -0.6470
vn -0.0000 0.8930 -0.4501
vn -0.0000 -0.6152 0.7883
vn -0.0000 -0.5812 0.8138
vn -0.0000 -0.3793 0.9253
vn -0.0000 0.8478 -0.5303
vn -0.0000 -0.7442 0.6680
vn -0.0000 -0.1104 -0.9939
vn -0.0000 0.0631 0.9980
vn -0.0000 0.8189 0.5739
vn -0.0000 0.2702 0.9628
vn -0.0000 -0.1582 0.9874
vn -0.0000 0.6741 0.7386
vn -0.0000 0.3315 -0.9434
vn -0.0000 0.1107 -0.9938
vn -0.0000 0.5362 -0.8441
vn 0.0002 0.5353 -0.8446
vn 0.0003 0.7097 -0.7045
vn -0.0000 0.7089 -0.7053
vn -0.0000 -0.7087 -0.7055
vn -0.0000 -0.5353 -0.8446
vn -0.0000 -0.3325 -0.9431
vn -0.0000 0.8757 -0.4829
vn -0.0000 -0.1125 0.9937
vn -0.0000 0.4892 0.8722
vn -0.0000 0.1125 0.9937
vn -0.0000 -0.6677 -0.7444
vn -0.0000 0.1582 -0.9874
vn -0.0000 -0.4892 -0.8722
vn -0.0000 -0.2839 -0.9588
vn -0.0000 0.3927 -0.9196
vn -0.0000 0.7423 -0.6701
vn -0.0000 -0.0631 -0.9980
vn -0.0000 0.5722 -0.8201
s 0
f 43//1 599//1 36//1
f 43//2 36//2 40//2
f 44//3 45//3 46//3
f 44//3 46//3 17//3
f 42//2 40//2 39//2
f 601//4 600//4 599//4
f 601//5 599//5 43//5
f 604//6 603//6 43//6
f 604//7 43//7 40//7
f 47//8 48//8 45//8
f 47//8 45//8 44//8
f 6//9 17//9 46//9
f 6//9 46//9 16//9
f 1//10 566//10 9//10
f 1//11 9//11 49//11
f 6//12 16//12 3//12
f 6//12 3//12 2//12
f 16//2 46//2 45//2
f 16//2 45//2 9//2
f 48//2 9//2 45//2
f 43//13 603//13 602//13
f 43//14 602//14 601//14
f 36//15 598//15 597//15
f 36//15 597//15 35//15
f 36//16 599//16 598//16
f 33//17 595//17 592//17
f 33//17 592//17 29//17
f 596//18 577//18 34//18
f 596//18 34//18 33//18
f 591//17 596//17 33//17
f 591//17 33//17 29//17
f 35//15 597//15 600//15
f 41//17 38//17 37//17
f 41//19 37//19 601//19
f 600//20 601//20 37//20
f 600//21 37//21 35//21
f 38//22 41//22 42//22
f 38//22 42//22 39//22
f 39//23 40//23 37//23
f 39//23 37//23 38//23
f 35//24 37//24 40//24
f 35//24 40//24 36//24
f 47//25 49//25 9//25
f 47//25 9//25 48//25
f 40//2 55//2 54//2
f 40//2 54//2 51//2
f 40//2 63//2 58//2
f 40//2 58//2 57//2
f 50//2 40//2 51//2
f 52//26 601//26 606//26
f 58//27 63//27 61//27
f 58//27 61//27 59//27
f 64//2 63//2 40//2
f 64//2 40//2 42//2
f 63//28 64//28 62//28
f 63//28 62//28 61//28
f 41//29 62//29 64//29
f 41//29 64//29 42//29
f 40//30 608//30 609//30
f 40//31 609//31 604//31
f 55//2 40//2 57//2
f 605//32 608//32 40//32
f 605//33 40//33 50//33
f 53//34 56//34 601//34
f 53//34 601//34 52//34
f 52//35 606//35 50//35
f 52//36 50//36 51//36
f 51//37 54//37 53//37
f 51//37 53//37 52//37
f 606//38 607//38 605//38
f 606//39 605//39 50//39
f 1//17 49//17 47//17
f 1//17 47//17 17//17
f 44//17 17//17 47//17
f 54//40 55//40 56//40
f 54//40 56//40 53//40
f 601//41 61//41 62//41
f 601//42 62//42 41//42
f 60//43 601//43 56//43
f 59//44 61//44 601//44
f 59//45 601//45 60//45
f 59//46 60//46 57//46
f 59//46 57//46 58//46
f 55//47 57//47 60//47
f 55//47 60//47 56//47
f 19//17 21//17 20//17
f 19//48 20//48 570//48
f 22//49 577//49 570//49
f 22//50 570//50 20//50
f 18//51 19//51 570//51
f 18//52 570//52 5//52
f 9//53 566//53 576//53
f 570//54 17//54 6//54
f 570//52 6//52 5//52
f 23//17 22//17 20//17
f 19//55 24//55 25//55
f 19//55 25//55 13//55
f 14//56 25//56 24//56
f 14//56 24//56 18//56
f 580//57 567//57 1//57
f 580//58 1//58 17//58
f 570//17 573//17 578//17
f 570//52 578//52 17//52
f 579//59 580//59 17//59
f 579//59 17//59 578//59
f 4//2 3//2 16//2
f 4//2 16//2 9//2
f 570//60 575//60 574//60
f 570//61 574//61 571//61
f 4//62 5//62 2//62
f 4//62 2//62 3//62
f 572//63 573//63 570//63
f 572//63 570//63 571//63
f 567//64 568//64 566//64
f 567//65 566//65 1//65
f 568//2 569//2 566//2
f 2//17 5//17 6//17
f 13//2 14//2 9//2
f 13//2 9//2 8//2
f 14//2 15//2 4//2
f 14//2 4//2 9//2
f 576//66 12//66 10//66
f 576//67 10//67 9//67
f 9//2 10//2 7//2
f 9//2 7//2 8//2
f 11//2 8//2 7//2
f 26//2 13//2 8//2
f 28//2 7//2 10//2
f 28//68 10//68 588//68
f 12//69 31//69 588//69
f 12//70 588//70 10//70
f 29//71 592//71 593//71
f 29//71 593//71 30//71
f 588//72 589//72 587//72
f 588//73 587//73 28//73
f 590//74 591//74 29//74
f 590//74 29//74 30//74
f 576//18 594//18 31//18
f 576//18 31//18 12//18
f 32//75 595//75 33//75
f 32//76 33//76 34//76
f 32//77 34//77 577//77
f 32//78 577//78 22//78
f 32//79 22//79 586//79
f 32//80 586//80 595//80
f 594//2 590//2 30//2
f 594//2 30//2 31//2
f 593//2 588//2 31//2
f 593//2 31//2 30//2
f 28//81 586//81 22//81
f 28//82 22//82 7//82
f 27//17 18//17 5//17
f 24//17 19//17 18//17
f 18//83 27//83 15//83
f 18//83 15//83 14//83
f 25//2 14//2 13//2
f 15//84 27//84 5//84
f 15//84 5//84 4//84
f 21//85 26//85 8//85
f 21//85 8//85 20//85
f 28//86 587//86 585//86
f 28//87 585//87 586//87
f 7//88 22//88 23//88
f 7//88 23//88 11//88
f 583//89 584//89 581//89
f 583//89 581//89 582//89
f 13//90 26//90 21//90
f 13//90 21//90 19//90
f 23//91 20//91 8//91
f 23//91 8//91 11//91
f 93//17 100//17 99//17
f 93//17 99//17 98//17
f 98//92 99//92 71//92
f 98//92 71//92 73//92
f 93//17 97//17 96//17
f 93//17 96//17 84//17
f 97//17 93//17 98//17
f 99//93 100//93 72//93
f 99//93 72//93 71//93
f 654//94 655//94 653//94
f 654//94 653//94 652//94
f 628//95 651//95 650//95
f 628//95 650//95 629//95
f 100//96 93//96 74//96
f 100//96 74//96 72//96
f 652//97 653//97 650//97
f 652//97 650//97 651//97
f 69//2 95//2 94//2
f 69//2 94//2 73//2
f 83//2 95//2 69//2
f 83//2 69//2 79//2
f 90//17 92//17 93//17
f 90//17 93//17 91//17
f 70//17 93//17 92//17
f 69//2 85//2 80//2
f 69//2 80//2 79//2
f 84//98 96//98 95//98
f 84//98 95//98 83//98
f 97//99 98//99 73//99
f 97//99 73//99 94//99
f 86//2 85//2 69//2
f 86//2 69//2 77//2
f 96//100 97//100 94//100
f 96//100 94//100 95//100
f 658//101 659//101 656//101
f 658//101 656//101 657//101
f 101//17 103//17 601//17
f 101//17 601//17 102//17
f 102//17 601//17 602//17
f 102//102 602//102 603//102
f 102//103 603//103 604//103
f 607//17 606//17 601//17
f 607//17 601//17 103//17
f 672//104 673//104 666//104
f 672//104 666//104 667//104
f 66//2 69//2 74//2
f 66//2 74//2 65//2
f 70//105 92//105 78//105
f 70//105 78//105 69//105
f 74//106 93//106 67//106
f 74//106 67//106 65//106
f 93//17 70//17 68//17
f 93//17 68//17 67//17
f 664//107 665//107 663//107
f 664//107 663//107 662//107
f 660//108 667//108 666//108
f 660//108 666//108 661//108
f 654//109 659//109 658//109
f 654//109 658//109 655//109
f 662//110 663//110 660//110
f 662//110 660//110 661//110
f 670//111 671//111 668//111
f 670//112 668//112 669//112
f 609//113 608//113 103//113
f 609//114 103//114 101//114
f 608//115 605//115 607//115
f 608//116 607//116 103//116
f 664//117 669//117 668//117
f 664//117 668//117 665//117
f 604//118 609//118 101//118
f 604//119 101//119 102//119
f 89//17 91//17 93//17
f 89//17 93//17 87//17
f 68//120 70//120 69//120
f 68//120 69//120 66//120
f 67//15 623//15 617//15
f 67//15 617//15 65//15
f 620//17 619//17 612//17
f 620//17 612//17 611//17
f 599//15 600//15 68//15
f 599//15 68//15 66//15
f 616//2 624//2 625//2
f 76//2 77//2 69//2
f 76//2 69//2 75//2
f 75//2 69//2 78//2
f 69//2 73//2 71//2
f 69//2 71//2 72//2
f 74//2 69//2 72//2
f 598//121 65//121 617//121
f 598//122 617//122 618//122
f 66//123 65//123 598//123
f 66//15 598//15 599//15
f 612//124 613//124 610//124
f 612//124 610//124 611//124
f 598//15 616//15 614//15
f 598//15 614//15 615//15
f 615//2 614//2 610//2
f 615//2 610//2 613//2
f 623//125 67//125 597//125
f 623//16 597//16 622//16
f 597//126 67//126 68//126
f 597//15 68//15 600//15
f 621//15 597//15 619//15
f 621//15 619//15 620//15
f 621//15 622//15 597//15
f 81//127 82//127 79//127
f 81//127 79//127 80//127
f 89//128 87//128 86//128
f 89//128 86//128 77//128
f 80//129 85//129 88//129
f 80//129 88//129 81//129
f 646//109 648//109 649//109
f 646//109 649//109 647//109
f 87//130 88//130 85//130
f 87//130 85//130 86//130
f 90//131 91//131 76//131
f 90//131 76//131 75//131
f 88//17 87//17 93//17
f 88//17 93//17 81//17
f 93//17 84//17 82//17
f 93//17 82//17 81//17
f 91//132 89//132 77//132
f 91//132 77//132 76//132
f 92//133 90//133 75//133
f 92//133 75//133 78//133
f 632//134 633//134 630//134
f 632//134 630//134 631//134
f 632//135 635//135 634//135
f 632//135 634//135 633//135
f 82//136 84//136 83//136
f 82//136 83//136 79//136
f 628//137 629//137 626//137
f 628//137 626//137 627//137
f 638//138 639//138 636//138
f 638//138 636//138 637//138
f 636//139 641//139 640//139
f 636//139 640//139 637//139
f 646//101 647//101 644//101
f 646//101 644//101 645//101
f 639//140 638//140 634//140
f 639//140 634//140 635//140
f 642//141 643//141 640//141
f 642//141 640//141 641//141
f 154//17 155//17 151//17
f 154//17 151//17 146//17
f 156//17 153//17 146//17
f 156//17 146//17 147//17
f 155//17 157//17 152//17
f 155//17 152//17 151//17
f 140//142 151//142 152//142
f 140//142 152//142 119//142
f 119//143 152//143 111//143
f 119//143 111//143 110//143
f 153//17 154//17 146//17
f 120//2 690//2 689//2
f 120//2 689//2 126//2
f 160//2 690//2 120//2
f 689//2 685//2 127//2
f 689//2 127//2 126//2
f 158//17 159//17 152//17
f 158//17 152//17 157//17
f 152//17 159//17 130//17
f 152//17 130//17 128//17
f 152//17 128//17 124//17
f 152//17 124//17 111//17
f 688//15 619//15 597//15
f 687//144 145//144 144//144
f 687//145 144//145 138//145
f 145//146 687//146 141//146
f 681//44 139//44 140//44
f 681//41 140//41 119//41
f 687//147 597//147 598//147
f 687//148 598//148 141//148
f 598//149 143//149 142//149
f 598//150 142//150 141//150
f 150//17 149//17 144//17
f 150//17 144//17 145//17
f 150//17 145//17 141//17
f 150//151 141//151 142//151
f 139//152 146//152 151//152
f 139//152 151//152 140//152
f 138//153 144//153 146//153
f 138//153 146//153 139//153
f 144//17 147//17 146//17
f 144//17 149//17 148//17
f 144//17 148//17 147//17
f 147//154 171//154 170//154
f 147//154 170//154 156//154
f 148//155 162//155 171//155
f 148//155 171//155 147//155
f 149//156 163//156 162//156
f 149//156 162//156 148//156
f 158//157 165//157 168//157
f 158//157 168//157 159//157
f 153//158 169//158 167//158
f 153//158 167//158 154//158
f 156//159 170//159 169//159
f 156//159 169//159 153//159
f 164//2 166//2 125//2
f 164//2 125//2 165//2
f 168//2 165//2 125//2
f 131//2 168//2 125//2
f 131//2 125//2 129//2
f 169//2 170//2 123//2
f 169//2 123//2 125//2
f 123//2 170//2 171//2
f 123//2 171//2 162//2
f 167//2 169//2 125//2
f 167//2 125//2 166//2
f 142//151 161//151 150//151
f 150//160 161//160 163//160
f 150//160 163//160 149//160
f 691//161 690//161 160//161
f 691//161 160//161 143//161
f 123//2 161//2 160//2
f 123//2 160//2 120//2
f 123//2 162//2 163//2
f 123//2 163//2 161//2
f 143//162 160//162 161//162
f 143//163 161//163 142//163
f 155//164 166//164 164//164
f 155//164 164//164 157//164
f 154//165 167//165 166//165
f 154//166 166//166 155//166
f 159//167 168//167 131//167
f 159//167 131//167 130//167
f 692//15 598//15 615//15
f 598//2 692//2 691//2
f 598//168 691//168 143//168
f 157//169 164//169 165//169
f 157//169 165//169 158//169
f 109//170 682//170 681//170
f 109//19 681//19 110//19
f 122//171 123//171 120//171
f 122//171 120//171 121//171
f 124//172 125//172 123//172
f 124//173 123//173 112//173
f 118//174 684//174 677//174
f 118//175 677//175 115//175
f 117//2 118//2 115//2
f 110//42 681//42 119//42
f 121//176 120//176 126//176
f 121//176 126//176 116//176
f 116//177 126//177 127//177
f 116//177 127//177 117//177
f 117//178 127//178 685//178
f 117//179 685//179 118//179
f 122//180 112//180 123//180
f 122//2 121//2 113//2
f 122//2 113//2 112//2
f 121//2 116//2 114//2
f 121//2 114//2 113//2
f 679//181 678//181 107//181
f 679//182 107//182 677//182
f 104//17 674//17 680//17
f 104//17 680//17 106//17
f 680//183 681//183 676//183
f 680//184 676//184 106//184
f 105//185 675//185 674//185
f 105//185 674//185 104//185
f 106//186 676//186 677//186
f 106//186 677//186 107//186
f 678//187 675//187 105//187
f 678//187 105//187 107//187
f 115//188 683//188 682//188
f 115//189 682//189 114//189
f 676//190 683//190 115//190
f 676//191 115//191 677//191
f 116//2 117//2 115//2
f 116//2 115//2 114//2
f 110//192 111//192 108//192
f 110//193 108//193 109//193
f 109//194 108//194 112//194
f 109//195 112//195 113//195
f 114//196 682//196 109//196
f 114//197 109//197 113//197
f 132//198 580//198 579//198
f 568//199 567//199 580//199
f 568//199 580//199 569//199
f 569//200 580//200 132//200
f 569//201 132//201 134//201
f 579//202 137//202 136//202
f 579//203 136//203 133//203
f 578//204 573//204 572//204
f 578//205 572//205 135//205
f 137//206 579//206 578//206
f 136//2 135//2 133//2
f 134//207 133//207 569//207
f 681//208 687//208 138//208
f 681//44 138//44 139//44
f 576//2 566//2 569//2
f 576//209 569//209 133//209
f 571//210 576//210 133//210
f 571//211 133//211 135//211
f 572//212 571//212 135//212
f 106//213 575//213 577//213
f 106//214 577//214 596//214
f 596//17 591//17 104//17
f 596//17 104//17 106//17
f 594//215 576//215 574//215
f 594//214 574//214 107//214
f 118//216 685//216 686//216
f 118//217 686//217 684//217
f 591//218 590//218 105//218
f 591//218 105//218 104//218
f 574//214 575//214 106//214
f 574//214 106//214 107//214
f 130//219 131//219 129//219
f 130//219 129//219 128//219
f 132//220 579//220 133//220
f 132//221 133//221 134//221
f 136//222 137//222 578//222
f 136//223 578//223 135//223
f 105//224 590//224 594//224
f 105//224 594//224 107//224
f 128//225 129//225 125//225
f 128//225 125//225 124//225
f 108//17 111//17 124//17
f 108//226 124//226 112//226
f 215//2 211//2 712//2
f 215//224 712//224 205//224
f 214//31 715//31 712//31
f 214//2 712//2 211//2
f 216//227 215//227 205//227
f 216//227 205//227 207//227
f 714//228 715//228 214//228
f 714//228 214//228 213//228
f 215//229 216//229 212//229
f 215//230 212//230 211//230
f 219//231 220//231 217//231
f 219//231 217//231 218//231
f 219//232 221//232 222//232
f 219//232 222//232 220//232
f 716//54 714//54 197//54
f 716//233 197//233 713//233
f 197//234 714//234 213//234
f 197//17 213//17 212//17
f 197//17 212//17 216//17
f 197//17 216//17 207//17
f 209//235 210//235 208//235
f 209//235 208//235 184//235
f 175//236 209//236 184//236
f 175//236 184//236 176//236
f 197//17 202//17 200//17
f 197//17 200//17 198//17
f 199//237 201//237 712//237
f 199//238 712//238 196//238
f 197//17 207//17 206//17
f 197//17 206//17 202//17
f 206//239 204//239 203//239
f 206//240 203//240 202//240
f 213//241 214//241 211//241
f 213//241 211//241 212//241
f 204//242 206//242 207//242
f 204//243 207//243 205//243
f 208//2 185//2 184//2
f 176//2 184//2 177//2
f 228//17 221//17 175//17
f 228//17 175//17 174//17
f 221//17 210//17 209//17
f 221//17 209//17 175//17
f 182//17 228//17 174//17
f 719//2 720//2 721//2
f 719//2 721//2 703//2
f 182//244 722//244 225//244
f 182//17 225//17 228//17
f 717//245 225//245 722//245
f 226//17 228//17 225//17
f 218//17 224//17 221//17
f 218//17 221//17 219//17
f 723//246 722//246 182//246
f 723//51 182//51 700//51
f 210//17 221//17 224//17
f 208//247 210//247 224//247
f 208//247 224//247 185//247
f 717//248 718//248 719//248
f 717//249 719//249 225//249
f 185//250 224//250 218//250
f 185//250 218//250 217//250
f 217//2 220//2 185//2
f 222//2 223//2 220//2
f 220//251 223//251 703//251
f 220//252 703//252 185//252
f 223//253 227//253 719//253
f 223//254 719//254 703//254
f 223//255 228//255 226//255
f 223//255 226//255 227//255
f 719//256 227//256 226//256
f 719//257 226//257 225//257
f 228//258 223//258 222//258
f 228//258 222//258 221//258
f 187//2 189//2 188//2
f 178//259 189//259 187//259
f 178//259 187//259 186//259
f 188//260 704//260 186//260
f 188//261 186//261 187//261
f 184//187 185//187 703//187
f 184//187 703//187 177//187
f 183//262 177//262 703//262
f 182//192 183//192 173//192
f 182//192 173//192 172//192
f 189//263 178//263 173//263
f 189//2 173//2 183//2
f 703//264 706//264 707//264
f 703//264 707//264 705//264
f 188//265 703//265 705//265
f 188//266 705//266 704//266
f 183//267 703//267 188//267
f 183//2 188//2 189//2
f 178//268 693//268 173//268
f 179//2 697//2 696//2
f 179//2 696//2 178//2
f 695//269 693//269 178//269
f 695//270 178//270 696//270
f 693//271 694//271 172//271
f 693//271 172//271 173//271
f 176//272 177//272 174//272
f 176//272 174//272 175//272
f 701//17 702//17 700//17
f 701//51 700//51 182//51
f 177//273 183//273 182//273
f 177//273 182//273 174//273
f 181//17 699//17 698//17
f 181//17 698//17 180//17
f 698//274 697//274 179//274
f 698//274 179//274 180//274
f 172//275 694//275 699//275
f 172//276 699//276 181//276
f 622//15 621//15 624//15
f 622//15 624//15 618//15
f 198//277 199//277 196//277
f 198//277 196//277 197//277
f 186//2 704//2 710//2
f 186//2 710//2 195//2
f 193//278 192//278 709//278
f 193//279 709//279 191//279
f 186//2 195//2 179//2
f 186//2 179//2 178//2
f 204//224 205//224 712//224
f 204//224 712//224 203//224
f 201//32 203//32 712//32
f 202//280 203//280 201//280
f 202//280 201//280 200//280
f 712//281 713//281 197//281
f 712//281 197//281 196//281
f 200//282 201//282 199//282
f 200//282 199//282 198//282
f 192//259 193//259 190//259
f 192//259 190//259 181//259
f 193//17 191//17 190//17
f 706//17 708//17 701//17
f 706//52 701//52 182//52
f 172//263 181//263 190//263
f 172//17 190//17 182//17
f 191//283 706//283 182//283
f 191//17 182//17 190//17
f 180//17 194//17 192//17
f 180//17 192//17 181//17
f 194//17 711//17 709//17
f 194//17 709//17 192//17
f 179//284 195//284 194//284
f 179//284 194//284 180//284
f 707//285 706//285 191//285
f 707//286 191//286 709//286
f 710//287 711//287 194//287
f 710//287 194//287 195//287
f 740//288 741//288 229//288
f 740//288 229//288 731//288
f 725//289 743//289 742//289
f 725//289 742//289 730//289
f 738//17 740//17 731//17
f 738//17 731//17 727//17
f 737//2 587//2 589//2
f 737//2 589//2 735//2
f 726//290 739//290 738//290
f 726//290 738//290 727//290
f 729//2 744//2 745//2
f 729//2 745//2 732//2
f 747//291 748//291 735//291
f 747//291 735//291 736//291
f 745//292 749//292 733//292
f 745//292 733//292 732//292
f 585//17 746//17 736//17
f 585//17 736//17 734//17
f 229//2 741//2 739//2
f 229//2 739//2 726//2
f 746//293 585//293 587//293
f 746//294 587//294 737//294
f 588//72 704//72 705//72
f 588//72 705//72 724//72
f 725//72 229//72 588//72
f 725//72 588//72 724//72
f 595//17 709//17 711//17
f 595//17 711//17 592//17
f 593//295 592//295 711//295
f 593//295 711//295 710//295
f 586//72 707//72 709//72
f 586//72 709//72 595//72
f 588//72 229//72 726//72
f 588//72 726//72 589//72
f 733//72 734//72 589//72
f 733//72 589//72 732//72
f 734//296 736//296 735//296
f 734//296 735//296 589//296
f 730//72 731//72 229//72
f 730//72 229//72 725//72
f 710//2 704//2 588//2
f 710//2 588//2 593//2
f 728//72 729//72 726//72
f 728//72 726//72 727//72
f 317//297 318//297 750//297
f 317//298 750//298 234//298
f 272//299 319//299 317//299
f 272//300 317//300 234//300
f 294//301 301//301 300//301
f 294//301 300//301 274//301
f 233//302 313//302 301//302
f 233//302 301//302 294//302
f 274//303 300//303 302//303
f 274//303 302//303 273//303
f 232//304 314//304 313//304
f 232//304 313//304 233//304
f 231//305 315//305 314//305
f 231//305 314//305 232//305
f 675//187 678//187 750//187
f 675//237 750//237 292//237
f 275//306 320//306 321//306
f 275//306 321//306 266//306
f 266//307 321//307 322//307
f 266//307 322//307 267//307
f 318//2 317//2 298//2
f 230//308 316//308 315//308
f 230//308 315//308 231//308
f 684//309 686//309 316//309
f 684//309 316//309 230//309
f 295//310 750//310 318//310
f 295//295 318//295 298//295
f 276//311 312//311 311//311
f 276//311 311//311 277//311
f 689//2 302//2 300//2
f 689//2 300//2 301//2
f 689//2 303//2 304//2
f 689//2 304//2 302//2
f 689//2 305//2 303//2
f 297//312 299//312 258//312
f 297//312 258//312 261//312
f 297//17 290//17 293//17
f 295//313 297//313 293//313
f 295//314 293//314 292//314
f 295//315 298//315 299//315
f 295//315 299//315 297//315
f 313//2 314//2 689//2
f 313//2 689//2 301//2
f 315//2 316//2 689//2
f 315//2 689//2 314//2
f 686//2 685//2 689//2
f 686//2 689//2 316//2
f 308//2 311//2 312//2
f 308//2 312//2 310//2
f 305//2 307//2 306//2
f 305//2 306//2 303//2
f 307//2 308//2 306//2
f 308//2 310//2 309//2
f 308//2 309//2 306//2
f 245//316 305//316 689//316
f 245//317 689//317 246//317
f 246//318 689//318 690//318
f 246//319 690//319 691//319
f 692//320 615//320 327//320
f 692//320 327//320 247//320
f 251//321 308//321 307//321
f 251//321 307//321 249//321
f 250//322 325//322 320//322
f 250//323 320//323 275//323
f 277//324 311//324 308//324
f 277//324 308//324 251//324
f 248//325 326//325 325//325
f 248//325 325//325 250//325
f 327//326 615//326 613//326
f 327//327 613//327 242//327
f 262//2 320//2 325//2
f 262//2 325//2 241//2
f 255//2 320//2 262//2
f 325//2 326//2 241//2
f 249//328 307//328 305//328
f 249//328 305//328 245//328
f 247//329 327//329 326//329
f 247//329 326//329 248//329
f 326//2 327//2 242//2
f 326//2 242//2 241//2
f 322//2 321//2 254//2
f 322//2 254//2 257//2
f 271//330 304//330 303//330
f 271//330 303//330 269//330
f 268//331 323//331 324//331
f 268//331 324//331 270//331
f 267//332 322//332 323//332
f 267//332 323//332 268//332
f 269//333 303//333 306//333
f 269//333 306//333 264//333
f 278//334 310//334 312//334
f 278//334 312//334 276//334
f 265//335 309//335 310//335
f 265//335 310//335 278//335
f 264//336 306//336 309//336
f 264//336 309//336 265//336
f 258//2 324//2 323//2
f 258//2 323//2 259//2
f 323//2 322//2 257//2
f 323//2 257//2 259//2
f 321//2 320//2 255//2
f 321//2 255//2 254//2
f 298//2 317//2 319//2
f 298//2 319//2 299//2
f 273//337 302//337 304//337
f 273//337 304//337 271//337
f 270//338 324//338 319//338
f 270//338 319//338 272//338
f 319//2 324//2 258//2
f 319//2 258//2 299//2
f 286//17 290//17 297//17
f 286//17 297//17 261//17
f 260//339 261//339 258//339
f 260//339 258//339 259//339
f 256//340 260//340 259//340
f 256//340 259//340 257//340
f 255//341 262//341 263//341
f 255//341 263//341 252//341
f 253//342 256//342 257//342
f 253//342 257//342 254//342
f 691//343 692//343 247//343
f 691//344 247//344 246//344
f 250//2 251//2 249//2
f 250//2 249//2 248//2
f 254//345 255//345 252//345
f 254//345 252//345 253//345
f 270//2 272//2 273//2
f 270//2 273//2 271//2
f 274//2 273//2 272//2
f 275//2 276//2 277//2
f 275//2 277//2 250//2
f 268//2 270//2 271//2
f 268//2 271//2 269//2
f 240//346 263//346 262//346
f 240//346 262//346 241//346
f 266//2 267//2 264//2
f 266//2 264//2 265//2
f 267//2 268//2 269//2
f 267//2 269//2 264//2
f 245//2 248//2 249//2
f 687//347 681//347 235//347
f 687//348 235//348 236//348
f 236//349 688//349 597//349
f 236//350 597//350 687//350
f 238//351 688//351 236//351
f 238//17 236//17 237//17
f 683//17 676//17 681//17
f 683//17 681//17 682//17
f 230//352 679//352 677//352
f 230//353 677//353 684//353
f 679//354 230//354 231//354
f 679//355 231//355 232//355
f 233//356 234//356 679//356
f 233//357 679//357 232//357
f 237//329 244//329 243//329
f 237//329 243//329 238//329
f 619//320 688//320 238//320
f 619//320 238//320 243//320
f 247//2 248//2 245//2
f 247//2 245//2 246//2
f 239//17 612//17 619//17
f 239//17 619//17 243//17
f 241//358 242//358 239//358
f 241//358 239//358 240//358
f 242//359 613//359 612//359
f 242//359 612//359 239//359
f 243//17 244//17 240//17
f 243//17 240//17 239//17
f 240//17 244//17 263//17
f 674//360 675//360 292//360
f 674//360 292//360 293//360
f 750//361 679//361 234//361
f 291//17 252//17 263//17
f 291//17 263//17 244//17
f 279//323 281//323 291//323
f 279//322 291//322 280//322
f 280//325 291//325 244//325
f 280//325 244//325 237//325
f 252//17 291//17 281//17
f 252//17 281//17 253//17
f 235//362 296//362 290//362
f 235//362 290//362 236//362
f 296//17 680//17 674//17
f 681//363 680//363 296//363
f 681//363 296//363 235//363
f 296//17 674//17 293//17
f 296//17 293//17 290//17
f 294//2 274//2 272//2
f 294//2 272//2 234//2
f 233//2 294//2 234//2
f 295//364 292//364 750//364
f 287//17 289//17 236//17
f 287//17 236//17 288//17
f 281//17 282//17 253//17
f 283//306 282//306 281//306
f 283//306 281//306 279//306
f 282//17 284//17 256//17
f 282//17 256//17 253//17
f 236//17 279//17 280//17
f 236//17 280//17 237//17
f 251//2 250//2 277//2
f 278//2 275//2 266//2
f 278//2 266//2 265//2
f 275//2 278//2 276//2
f 289//307 284//307 282//307
f 289//307 282//307 283//307
f 236//338 290//338 286//338
f 236//338 286//338 288//338
f 236//17 289//17 283//17
f 236//17 283//17 279//17
f 284//332 289//332 287//332
f 284//332 287//332 285//332
f 285//17 286//17 261//17
f 285//17 261//17 260//17
f 284//17 285//17 260//17
f 284//17 260//17 256//17
f 285//331 287//331 288//331
f 285//331 288//331 286//331
f 329//17 374//17 352//17
f 334//365 379//365 375//365
f 334//365 375//365 335//365
f 328//17 333//17 374//17
f 328//17 374//17 329//17
f 377//17 378//17 374//17
f 377//17 374//17 376//17
f 335//17 374//17 333//17
f 381//2 332//2 331//2
f 381//2 331//2 330//2
f 332//2 381//2 334//2
f 351//2 381//2 330//2
f 350//2 380//2 381//2
f 350//2 381//2 351//2
f 382//2 383//2 381//2
f 382//2 381//2 380//2
f 375//17 376//17 374//17
f 375//17 374//17 335//17
f 358//366 372//366 368//366
f 358//366 368//366 357//366
f 649//367 648//367 372//367
f 649//367 372//367 358//367
f 368//368 371//368 356//368
f 368//368 356//368 357//368
f 369//2 743//2 725//2
f 369//2 725//2 724//2
f 356//369 371//369 367//369
f 356//369 367//369 354//369
f 354//370 367//370 373//370
f 354//370 373//370 355//370
f 355//371 373//371 366//371
f 355//371 366//371 359//371
f 373//2 367//2 366//2
f 371//2 368//2 367//2
f 372//2 648//2 368//2
f 384//372 385//372 383//372
f 384//372 383//372 382//372
f 385//17 374//17 387//17
f 395//373 623//373 622//373
f 395//373 622//373 374//373
f 394//17 395//17 374//17
f 394//17 374//17 378//17
f 390//2 381//2 393//2
f 392//374 618//374 617//374
f 392//374 617//374 381//374
f 392//375 388//375 387//375
f 392//375 387//375 374//375
f 374//376 622//376 618//376
f 374//376 618//376 392//376
f 390//377 393//377 394//377
f 390//377 394//377 378//377
f 395//378 394//378 393//378
f 395//378 393//378 381//378
f 381//379 617//379 623//379
f 381//379 623//379 395//379
f 388//2 392//2 381//2
f 388//2 381//2 383//2
f 374//17 386//17 353//17
f 374//17 353//17 352//17
f 384//17 386//17 374//17
f 384//17 374//17 385//17
f 385//380 387//380 388//380
f 385//380 388//380 383//380
f 386//381 384//381 382//381
f 386//381 382//381 380//381
f 353//382 386//382 380//382
f 353//382 380//382 350//382
f 381//2 391//2 379//2
f 381//2 379//2 334//2
f 389//2 391//2 381//2
f 389//2 381//2 390//2
f 379//383 391//383 376//383
f 379//383 376//383 375//383
f 389//384 390//384 378//384
f 389//384 378//384 377//384
f 391//385 389//385 377//385
f 391//385 377//385 376//385
f 342//2 718//2 343//2
f 718//2 346//2 345//2
f 718//2 345//2 343//2
f 719//2 718//2 342//2
f 719//2 342//2 720//2
f 708//386 721//386 720//386
f 708//386 720//386 701//386
f 706//387 703//387 721//387
f 706//387 721//387 708//387
f 349//17 722//17 723//17
f 348//388 349//388 723//388
f 348//389 723//389 346//389
f 347//390 722//390 349//390
f 347//391 349//391 348//391
f 718//392 717//392 722//392
f 718//393 722//393 347//393
f 718//2 347//2 348//2
f 718//2 348//2 346//2
f 346//394 723//394 344//394
f 346//395 344//395 345//395
f 338//396 339//396 336//396
f 338//396 336//396 337//396
f 339//397 340//397 341//397
f 339//397 341//397 336//397
f 332//398 334//398 335//398
f 332//398 335//398 333//398
f 330//399 331//399 328//399
f 330//399 328//399 329//399
f 331//400 332//400 333//400
f 331//400 333//400 328//400
f 344//401 700//401 343//401
f 344//402 343//402 345//402
f 344//17 723//17 700//17
f 343//403 700//403 702//403
f 343//404 702//404 342//404
f 707//72 751//72 724//72
f 707//72 724//72 705//72
f 702//405 701//405 720//405
f 702//406 720//406 342//406
f 352//407 353//407 350//407
f 352//407 350//407 351//407
f 365//2 362//2 363//2
f 365//2 363//2 752//2
f 368//2 648//2 752//2
f 368//2 752//2 367//2
f 363//2 337//2 336//2
f 363//2 336//2 752//2
f 341//2 366//2 336//2
f 366//2 367//2 752//2
f 366//2 752//2 336//2
f 730//17 742//17 370//17
f 730//17 370//17 751//17
f 752//2 743//2 369//2
f 752//2 369//2 365//2
f 361//17 364//17 370//17
f 361//17 370//17 742//17
f 369//408 370//408 364//408
f 369//408 364//408 365//408
f 724//409 751//409 370//409
f 724//409 370//409 369//409
f 359//410 366//410 341//410
f 359//410 341//410 340//410
f 742//17 649//17 358//17
f 742//17 358//17 357//17
f 742//17 355//17 359//17
f 742//17 359//17 340//17
f 356//17 742//17 357//17
f 329//411 352//411 351//411
f 329//411 351//411 330//411
f 742//17 356//17 354//17
f 742//17 354//17 355//17
f 337//412 363//412 360//412
f 337//412 360//412 338//412
f 362//413 365//413 364//413
f 362//413 364//413 361//413
f 360//414 363//414 362//414
f 360//414 362//414 361//414
f 742//17 340//17 339//17
f 742//17 339//17 338//17
f 360//17 361//17 742//17
f 360//17 742//17 338//17
f 412//415 452//415 451//415
f 412//415 451//415 411//415
f 411//416 451//416 428//416
f 411//416 428//416 410//416
f 446//2 448//2 449//2
f 446//2 449//2 442//2
f 442//2 449//2 450//2
f 442//2 450//2 443//2
f 443//2 450//2 431//2
f 443//2 431//2 425//2
f 413//417 453//417 452//417
f 413//418 452//418 412//418
f 452//17 453//17 445//17
f 452//17 445//17 444//17
f 445//17 453//17 455//17
f 451//17 452//17 444//17
f 451//17 444//17 441//17
f 414//419 454//419 453//419
f 414//419 453//419 413//419
f 441//17 427//17 428//17
f 441//17 428//17 451//17
f 409//420 440//420 419//420
f 409//420 419//420 415//420
f 441//421 444//421 442//421
f 441//421 442//421 443//421
f 408//422 426//422 440//422
f 408//422 440//422 409//422
f 427//423 441//423 426//423
f 698//17 426//17 441//17
f 698//17 441//17 424//17
f 441//424 443//424 425//424
f 441//424 425//424 424//424
f 396//415 450//415 449//415
f 396//415 449//415 397//415
f 399//416 431//416 450//416
f 399//425 450//425 396//425
f 397//417 449//417 448//417
f 397//418 448//418 398//418
f 444//426 445//426 446//426
f 444//426 446//426 442//426
f 398//419 448//419 447//419
f 398//419 447//419 404//419
f 458//427 459//427 456//427
f 458//427 456//427 457//427
f 621//428 713//428 712//428
f 621//428 712//428 624//428
f 445//429 455//429 467//429
f 445//429 467//429 446//429
f 463//17 620//17 611//17
f 463//17 611//17 457//17
f 713//430 621//430 462//430
f 713//431 462//431 464//431
f 465//17 463//17 457//17
f 465//17 457//17 456//17
f 459//432 467//432 455//432
f 459//432 455//432 456//432
f 454//17 465//17 456//17
f 466//433 465//433 454//433
f 466//433 454//433 414//433
f 454//17 456//17 455//17
f 454//17 455//17 453//17
f 467//2 459//2 447//2
f 467//2 447//2 448//2
f 446//2 467//2 448//2
f 404//433 447//433 460//433
f 404//433 460//433 405//433
f 458//2 461//2 460//2
f 458//2 460//2 459//2
f 614//434 616//434 406//434
f 614//434 406//434 461//434
f 457//435 611//435 610//435
f 457//435 610//435 458//435
f 405//436 460//436 461//436
f 405//436 461//436 406//436
f 447//2 459//2 460//2
f 465//436 466//436 464//436
f 465//436 464//436 463//436
f 713//437 464//437 466//437
f 713//438 466//438 414//438
f 462//439 621//439 620//439
f 610//2 614//2 461//2
f 610//2 461//2 458//2
f 462//440 620//440 463//440
f 462//441 463//441 464//441
f 417//442 418//442 402//442
f 417//443 696//443 697//443
f 695//444 696//444 417//444
f 695//444 417//444 402//444
f 415//54 416//54 713//54
f 415//54 713//54 409//54
f 694//17 716//17 713//17
f 694//445 713//445 416//445
f 625//2 693//2 695//2
f 625//446 695//446 402//446
f 416//447 699//447 694//447
f 699//17 419//17 698//17
f 415//444 419//444 699//444
f 415//448 699//448 416//448
f 715//449 714//449 716//449
f 715//449 716//449 625//449
f 716//450 694//450 693//450
f 716//450 693//450 625//450
f 625//451 402//451 403//451
f 625//237 403//237 401//237
f 404//452 405//452 625//452
f 404//453 625//453 398//453
f 400//32 625//32 401//32
f 397//224 398//224 625//224
f 397//224 625//224 396//224
f 625//30 400//30 399//30
f 625//224 399//224 396//224
f 406//454 616//454 625//454
f 406//452 625//452 405//452
f 411//423 713//423 412//423
f 713//45 414//45 413//45
f 713//455 413//455 412//455
f 713//423 411//423 410//423
f 713//423 410//423 407//423
f 712//2 715//2 625//2
f 712//2 625//2 624//2
f 408//423 409//423 713//423
f 408//423 713//423 407//423
f 422//456 423//456 420//456
f 422//456 420//456 421//456
f 433//295 439//295 418//295
f 433//295 418//295 434//295
f 418//2 437//2 436//2
f 418//2 436//2 434//2
f 432//457 418//457 439//457
f 432//2 439//2 433//2
f 437//458 697//458 698//458
f 437//458 698//458 438//458
f 418//457 432//457 403//457
f 418//459 403//459 402//459
f 437//2 418//2 417//2
f 437//460 417//460 697//460
f 438//17 698//17 421//17
f 438//17 421//17 435//17
f 698//17 419//17 440//17
f 698//17 440//17 426//17
f 698//17 424//17 422//17
f 698//17 422//17 421//17
f 434//461 435//461 421//461
f 434//462 421//462 420//462
f 435//463 434//463 436//463
f 401//464 430//464 429//464
f 401//464 429//464 400//464
f 400//465 429//465 431//465
f 400//465 431//465 399//465
f 410//465 428//465 427//465
f 410//465 427//465 407//465
f 424//466 425//466 423//466
f 424//466 423//466 422//466
f 407//464 427//464 426//464
f 407//464 426//464 408//464
f 403//422 432//422 430//422
f 403//422 430//422 401//422
f 431//2 429//2 423//2
f 431//2 423//2 425//2
f 437//467 438//467 435//467
f 437//467 435//467 436//467
f 423//2 429//2 430//2
f 423//2 430//2 420//2
f 430//2 432//2 433//2
f 430//2 433//2 420//2
f 433//462 434//462 420//462
f 744//2 650//2 653//2
f 744//2 653//2 655//2
f 629//2 650//2 744//2
f 629//2 744//2 626//2
f 658//2 657//2 744//2
f 658//2 744//2 655//2
f 505//17 749//17 755//17
f 627//468 626//468 506//468
f 627//468 506//468 502//468
f 509//2 744//2 498//2
f 502//469 506//469 510//469
f 502//469 510//469 504//469
f 744//2 501//2 499//2
f 744//2 499//2 498//2
f 507//2 744//2 657//2
f 744//2 507//2 508//2
f 744//2 508//2 501//2
f 754//17 755//17 749//17
f 754//17 749//17 753//17
f 483//470 481//470 476//470
f 483//470 476//470 475//470
f 502//17 749//17 627//17
f 499//471 501//471 500//471
f 499//471 500//471 496//471
f 672//17 667//17 746//17
f 672//17 746//17 494//17
f 498//472 499//472 496//472
f 498//472 496//472 497//472
f 656//17 749//17 503//17
f 504//17 753//17 749//17
f 504//17 749//17 502//17
f 749//17 656//17 659//17
f 749//17 659//17 654//17
f 749//17 651//17 628//17
f 749//17 628//17 627//17
f 749//17 654//17 652//17
f 749//17 652//17 651//17
f 512//473 744//473 517//473
f 512//474 517//474 518//474
f 512//475 518//475 505//475
f 512//475 505//475 511//475
f 749//17 516//17 515//17
f 749//17 515//17 497//17
f 513//17 503//17 749//17
f 513//17 749//17 500//17
f 496//17 500//17 749//17
f 496//17 749//17 497//17
f 514//2 745//2 744//2
f 514//2 744//2 509//2
f 749//476 745//476 514//476
f 749//476 514//476 516//476
f 517//17 728//17 733//17
f 517//17 733//17 749//17
f 744//477 729//477 728//477
f 744//478 728//478 517//478
f 518//17 517//17 749//17
f 518//17 749//17 505//17
f 515//479 509//479 498//479
f 515//479 498//479 497//479
f 744//2 757//2 758//2
f 744//2 758//2 756//2
f 511//2 757//2 744//2
f 511//2 744//2 512//2
f 744//2 756//2 510//2
f 744//2 510//2 506//2
f 510//480 756//480 753//480
f 510//480 753//480 504//480
f 505//481 755//481 757//481
f 505//481 757//481 511//481
f 657//482 656//482 503//482
f 657//482 503//482 507//482
f 515//483 516//483 514//483
f 515//483 514//483 509//483
f 508//484 513//484 500//484
f 508//484 500//484 501//484
f 626//2 744//2 506//2
f 513//485 508//485 507//485
f 513//485 507//485 503//485
f 481//486 479//486 477//486
f 481//486 477//486 476//486
f 470//487 478//487 480//487
f 470//487 480//487 471//487
f 477//488 479//488 480//488
f 477//488 480//488 478//488
f 746//17 668//17 671//17
f 746//17 671//17 469//17
f 746//17 663//17 665//17
f 746//17 665//17 668//17
f 482//489 474//489 473//489
f 482//489 473//489 472//489
f 482//490 483//490 475//490
f 482//490 475//490 474//490
f 479//2 481//2 471//2
f 479//2 471//2 480//2
f 472//2 471//2 482//2
f 483//2 482//2 471//2
f 483//2 471//2 481//2
f 747//17 736//17 746//17
f 747//17 746//17 470//17
f 664//2 735//2 669//2
f 748//2 471//2 472//2
f 748//2 472//2 468//2
f 670//2 669//2 735//2
f 670//2 735//2 748//2
f 671//491 670//491 468//491
f 671//491 468//491 469//491
f 748//492 747//492 470//492
f 748//492 470//492 471//492
f 477//17 746//17 476//17
f 746//17 477//17 478//17
f 746//17 478//17 470//17
f 475//17 476//17 746//17
f 475//17 746//17 474//17
f 670//2 748//2 468//2
f 473//17 474//17 746//17
f 473//17 746//17 469//17
f 486//493 494//493 495//493
f 486//493 495//493 487//493
f 583//494 582//494 487//494
f 583//494 487//494 495//494
f 488//495 581//495 584//495
f 488//495 584//495 493//495
f 492//496 491//496 490//496
f 492//496 490//496 489//496
f 488//497 493//497 492//497
f 488//497 492//497 489//497
f 584//17 583//17 485//17
f 584//17 485//17 493//17
f 492//17 493//17 485//17
f 492//17 485//17 491//17
f 495//17 485//17 583//17
f 673//498 672//498 494//498
f 673//498 494//498 486//498
f 495//17 494//17 746//17
f 495//17 746//17 485//17
f 490//499 491//499 485//499
f 490//499 485//499 484//499
f 735//2 673//2 486//2
f 735//2 486//2 487//2
f 582//2 581//2 735//2
f 582//2 735//2 487//2
f 746//500 737//500 484//500
f 746//500 484//500 485//500
f 472//501 473//501 469//501
f 472//501 469//501 468//501
f 746//17 667//17 660//17
f 746//17 660//17 663//17
f 735//2 661//2 666//2
f 735//2 666//2 673//2
f 662//2 661//2 735//2
f 662//2 735//2 664//2
f 484//2 737//2 735//2
f 484//2 735//2 490//2
f 488//2 735//2 581//2
f 489//2 490//2 735//2
f 489//2 735//2 488//2
f 523//502 535//502 550//502
f 523//502 550//502 521//502
f 521//503 550//503 546//503
f 521//503 546//503 522//503
f 547//2 546//2 549//2
f 547//2 549//2 545//2
f 543//2 545//2 549//2
f 543//2 549//2 544//2
f 648//2 646//2 645//2
f 648//2 645//2 752//2
f 742//504 743//504 555//504
f 742//504 555//504 556//504
f 631//505 630//505 535//505
f 631//505 535//505 523//505
f 553//506 554//506 551//506
f 553//506 551//506 552//506
f 547//507 545//507 525//507
f 547//507 525//507 524//507
f 741//508 740//508 548//508
f 741//508 548//508 549//508
f 545//509 543//509 526//509
f 545//509 526//509 525//509
f 546//510 547//510 524//510
f 546//510 524//510 522//510
f 741//2 549//2 550//2
f 741//2 550//2 535//2
f 550//2 549//2 546//2
f 548//17 740//17 527//17
f 544//511 549//511 548//511
f 544//511 548//511 527//511
f 555//2 743//2 752//2
f 562//512 565//512 564//512
f 562//512 564//512 563//512
f 552//513 565//513 562//513
f 552//513 562//513 553//513
f 553//2 562//2 645//2
f 553//2 645//2 554//2
f 645//2 561//2 560//2
f 645//2 560//2 554//2
f 556//17 565//17 552//17
f 556//17 552//17 551//17
f 564//17 565//17 556//17
f 564//17 556//17 557//17
f 752//514 563//514 564//514
f 752//515 564//515 557//515
f 558//17 556//17 551//17
f 644//17 647//17 742//17
f 644//17 742//17 559//17
f 649//17 742//17 647//17
f 752//516 557//516 556//516
f 752//517 556//517 555//517
f 558//17 559//17 742//17
f 558//17 742//17 556//17
f 645//518 644//518 559//518
f 645//518 559//518 561//518
f 563//2 752//2 645//2
f 563//2 645//2 562//2
f 558//519 560//519 561//519
f 558//519 561//519 559//519
f 560//520 558//520 551//520
f 560//520 551//520 554//520
f 529//2 530//2 741//2
f 529//2 741//2 528//2
f 531//2 532//2 741//2
f 531//2 741//2 530//2
f 741//2 640//2 643//2
f 741//2 643//2 528//2
f 640//2 741//2 637//2
f 741//2 634//2 638//2
f 741//2 638//2 637//2
f 630//2 633//2 741//2
f 630//2 741//2 535//2
f 533//2 534//2 741//2
f 533//2 741//2 532//2
f 534//2 519//2 739//2
f 534//2 739//2 741//2
f 738//521 739//521 519//521
f 738//521 519//521 520//521
f 738//17 523//17 521//17
f 738//17 521//17 522//17
f 738//17 639//17 635//17
f 738//17 635//17 632//17
f 738//17 641//17 636//17
f 738//17 636//17 639//17
f 527//17 740//17 738//17
f 527//17 738//17 526//17
f 738//17 632//17 631//17
f 738//17 631//17 523//17
f 524//17 525//17 738//17
f 524//17 738//17 522//17
f 526//17 738//17 525//17
f 634//2 741//2 633//2
f 520//17 540//17 539//17
f 520//17 539//17 538//17
f 520//17 542//17 541//17
f 520//17 541//17 540//17
f 536//17 537//17 738//17
f 536//17 738//17 520//17
f 536//17 520//17 538//17
f 754//522 753//522 756//522
f 754//522 756//522 758//522
f 526//523 543//523 544//523
f 526//523 544//523 527//523
f 642//17 641//17 738//17
f 642//17 738//17 537//17
f 755//524 754//524 758//524
f 755//524 758//524 757//524
f 643//525 642//525 537//525
f 643//525 537//525 528//525
f 539//526 540//526 532//526
f 539//526 532//526 531//526
f 528//527 537//527 536//527
f 528//527 536//527 529//527
f 529//528 536//528 538//528
f 529//528 538//528 530//528
f 532//529 540//529 541//529
f 532//529 541//529 533//529
f 534//530 542//530 520//530
f 534//530 520//530 519//530
f 538//531 539//531 531//531
f 538//531 531//531 530//531
f 533//532 541//532 542//532
f 533//532 542//532 534//532
o Chassis_havok_s_leftTrack_1
v -1.172621 0.882433 1.686102
v -1.431980 0.579344 2.237876
v -1.167308 0.579344 2.237876
v -1.167308 0.548319 2.288124
v -1.167308 0.598620 2.182889
v -1.167308 0.506831 2.329839
v -1.431980 0.506831 2.329839
v -1.167308 0.598620 2.066277
v -1.431980 0.605229 2.124109
v -1.431980 0.598620 2.066277
v -1.431980 0.579344 2.010341
v -1.431980 0.548319 1.961041
v -0.914022 0.621200 2.417061
v -1.107086 0.621200 2.417061
v -1.107086 0.586687 2.421801
v -0.914022 0.586687 2.421801
v -1.107086 0.809002 2.493854
v -1.107086 0.687472 2.435074
v -1.107086 0.654795 2.422749
v -1.107086 0.835804 2.515660
v -0.914022 0.687472 2.435074
v -0.914022 0.654795 2.422749
v -0.914022 0.506647 2.483425
v -1.107086 0.506647 2.483425
v -0.914022 0.527391 2.455931
v -1.107086 0.527391 2.455931
v -0.914022 0.555112 2.435074
v -1.107086 0.555112 2.435074
v -1.417304 0.626524 1.711700
v -1.172621 0.626524 1.711700
v -1.172621 0.606514 1.672829
v -1.417304 0.606514 1.672829
v -1.172621 0.599538 1.629218
v -1.417304 0.599538 1.629218
v -1.417304 0.657733 1.742986
v -1.172621 0.657733 1.742986
v -1.417304 0.626524 1.545789
v -1.417304 0.606514 1.585607
v -1.172621 0.606514 1.585607
v -1.417304 0.854896 1.711700
v -1.172621 0.697202 1.762896
v -1.172621 0.740710 1.769532
v -1.172621 0.784402 1.762896
v -1.417304 0.740710 1.769532
v -1.417304 0.697202 1.762896
v -1.417304 0.784402 1.762896
v -1.172621 0.854896 1.711700
v -1.172621 0.823688 1.742986
v -1.417304 0.823688 1.742986
v -1.417304 0.854896 1.545789
v -1.167308 0.548319 1.961041
v -1.172530 0.882152 -0.132122
v -1.172530 0.882152 -0.018674
v -1.417228 0.882152 -0.018674
v -1.417228 0.882152 -0.132122
v -1.417228 0.859122 0.006351
v -1.172530 0.859122 0.006351
v -1.172530 0.697165 1.494513
v -1.172530 0.740773 1.487840
v -1.172530 0.784381 1.494513
v -1.172530 0.748130 0.069748
v -1.417228 0.748130 0.069748
v -1.417228 0.791311 0.059738
v -1.172530 0.791311 0.059738
v -1.172530 0.704202 0.064743
v -1.417228 0.704202 0.064743
v -1.172530 0.663899 0.046391
v -1.417228 0.663899 0.046391
v -1.172530 0.690235 -0.202192
v -1.417228 0.690235 -0.202192
v -1.172530 0.817646 -0.188845
v -1.172530 0.777344 -0.207197
v -1.172530 0.733416 -0.212202
v -1.172530 0.829588 0.038049
v -1.417228 0.829588 0.038049
v -1.417228 0.817646 -0.188845
v -1.417228 0.777344 -0.207197
v -1.417228 0.733416 -0.212202
v -1.507073 0.396865 2.931965
v -1.507073 0.736812 2.560433
v -1.507073 0.804739 2.608606
v -1.507073 0.854594 2.675446
v -1.507073 0.573849 2.536949
v -1.507073 0.657044 2.535744
v -1.507073 0.482865 3.023494
v -1.507073 0.434256 2.983149
v -1.507073 0.495017 2.563444
v -1.107062 0.804739 2.608606
v -1.107062 0.854594 2.675446
v -1.107062 0.863318 2.694715
v -1.543021 0.959288 2.885599
v -1.543021 0.874847 2.864523
v -1.507073 0.874847 2.864523
v -1.543021 0.882637 3.033128
v -1.543021 0.929687 2.963880
v -1.543021 0.820318 3.089129
v -1.543021 0.746471 3.128872
v -1.507073 0.714377 3.048182
v -1.507073 0.653305 3.064440
v -1.507073 0.770152 3.018074
v -1.507073 0.590364 3.065645
v -1.507073 0.528669 3.051795
v -1.543021 0.510596 3.133689
v -1.543021 0.581639 3.151754
v -1.543021 0.665457 3.149947
v -1.507073 0.852724 2.923535
v -1.507073 0.816891 2.975923
v -1.543021 0.590364 3.065645
v -1.543021 0.528669 3.051795
v -1.543021 0.653305 3.064440
v -1.543021 0.714377 3.048182
v -1.543021 0.770152 3.018074
v -1.543021 0.852724 2.923535
v -1.543021 0.816891 2.975923
v -1.543021 0.321460 2.974719
v -1.097040 0.348880 2.816953
v -1.507073 0.348880 2.816953
v -1.543021 0.396865 2.931965
v -1.507073 0.428336 2.613423
v -1.097040 0.428336 2.613423
v -1.107062 0.475698 2.577896
v -1.097040 0.380039 2.681467
v -1.507073 0.380039 2.681467
v -1.507073 0.355424 2.760952
v -1.097040 0.355424 2.760952
v -1.543021 0.371003 3.042161
v -1.543021 0.482865 3.023494
v -1.543021 0.434256 2.983149
v -1.543021 0.435503 3.096355
v -1.431930 0.085966 2.118585
v -1.431930 0.108829 2.010880
v -1.543021 0.126732 2.270910
v -1.543021 0.099554 2.196543
v -1.431930 0.099554 2.196543
v -1.431930 0.139890 1.961130
v -1.167326 0.085966 2.118585
v -1.167326 0.108829 2.010880
v -1.063265 0.099554 2.196543
v -1.167326 0.099554 2.196543
v -1.063265 0.126732 2.270910
v -1.167326 0.181304 2.329379
v -1.167326 0.181304 1.919587
v -1.167326 0.139890 1.961130
v -1.063265 0.015864 2.218084
v -1.543021 0.015864 2.218084
v -1.543021 0.044983 2.300145
v -1.063265 0.044983 2.300145
v -1.431930 0.181304 2.329379
v -1.431930 0.230914 2.360665
v -1.167326 0.230914 2.360665
v -1.167326 0.457396 1.888301
v -1.167326 0.285917 2.380154
v -1.167326 0.402178 1.868811
v -1.167326 0.285917 1.868811
v -1.167326 0.230914 1.888301
v -1.431930 0.344155 2.386822
v -1.431930 0.181304 1.919587
v -1.431930 0.230914 1.888301
v -1.431930 0.344155 1.862144
v -1.431930 0.285917 2.380154
v -1.167326 0.344155 2.386822
v -1.431930 0.402178 2.380154
v -1.167326 0.344155 1.862144
v -1.431930 0.285917 1.868811
v -1.431930 0.402178 1.868811
v -1.417243 0.881853 -1.828486
v -1.431980 0.604292 -2.148292
v -1.431980 0.592529 -2.205925
v -1.167367 0.592529 -2.205925
v -1.167367 0.604292 -2.148292
v -1.431980 0.602892 -2.089529
v -1.167367 0.602892 -2.089529
v -1.167367 0.588328 -2.033026
v -1.190118 0.686916 -2.690719
v -1.190118 0.619137 -2.681679
v -1.410133 0.619137 -2.681679
v -1.410133 0.686916 -2.690719
v -1.167367 0.524189 -1.935842
v -1.167367 0.424200 -1.875949
v -1.167367 0.561720 -1.981044
v -1.431980 0.561720 -1.981044
v -1.431980 0.588328 -2.033026
v -1.431980 0.568442 -2.259037
v -1.431980 0.488339 -2.343792
v -1.431980 0.379667 -2.385604
v -1.167367 0.321130 -2.386734
v -1.431980 0.321130 -2.386734
v -1.167367 0.379667 -2.385604
v -1.431980 0.436243 -2.370913
v -1.167367 0.436243 -2.370913
v -1.167367 0.488339 -2.343792
v -1.431980 0.533152 -2.306500
v -1.167367 0.533152 -2.306500
v -1.167367 0.568442 -2.259037
v -1.190118 0.488339 -2.716711
v -1.190118 0.551357 -2.690719
v -1.190118 0.434003 -2.758523
v -1.190118 0.392551 -2.812765
v -1.410133 0.488339 -2.716711
v -1.410133 0.551357 -2.690719
v -1.410133 0.434003 -2.758523
v -1.410133 0.392551 -2.812765
v -1.190118 0.804270 -2.758523
v -1.190118 0.749934 -2.716711
v -1.410133 0.749934 -2.716711
v -1.410133 0.804270 -2.758523
v -1.190118 0.845722 -2.812765
v -1.410133 0.845722 -2.812765
v -1.167367 0.367063 -1.864648
v -1.431980 0.367063 -1.864648
v -1.431980 0.424200 -1.875949
v -1.431980 0.308526 -1.865778
v -1.167367 0.477695 -1.899680
v -1.431980 0.477695 -1.899680
v -1.431980 0.524189 -1.935842
v -1.172538 0.606533 -1.814926
v -1.417243 0.606533 -1.814926
v -1.417243 0.599531 -1.770853
v -1.172538 0.599531 -1.770853
v -1.172538 0.854965 -1.853347
v -1.172538 0.626699 -1.688359
v -1.172538 0.657788 -1.656718
v -1.172538 0.606533 -1.726781
v -1.172538 0.626699 -1.853347
v -1.417243 0.657788 -1.656718
v -1.417243 0.626699 -1.853347
v -1.417243 0.854965 -1.688359
v -1.417243 0.606533 -1.726781
v -1.417243 0.626699 -1.688359
v -1.417243 0.657788 -1.884989
v -1.417243 0.697279 -1.905330
v -1.417243 0.740692 -1.912110
v -1.417243 0.784384 -1.905330
v -1.172538 0.740692 -1.912110
v -1.172538 0.784384 -1.905330
v -1.172538 0.697279 -1.905330
v -1.172538 0.823876 -1.884989
v -1.417243 0.823876 -1.884989
v -1.172538 0.657788 -1.884989
v -1.417243 0.854965 -1.853347
v -1.417243 0.823876 -1.656718
v -1.172538 0.823876 -1.656718
v -1.172538 0.854965 -1.688359
v -1.167367 0.085969 1.207457
v -1.167367 0.086018 0.501332
v -1.431980 0.099857 1.360495
v -1.167367 0.095623 1.185978
v -1.431980 0.103234 -0.325613
v -1.167367 0.108868 -1.386142
v -1.167367 0.119692 1.134965
v -0.914022 0.859770 2.806005
v -0.914022 0.857822 2.731082
v -0.914022 0.857091 2.843947
v -0.914022 0.849783 2.881409
v -0.999987 0.874873 2.864599
v -0.914022 0.403282 2.696502
v -0.914022 0.388423 2.731562
v -0.914022 0.379166 2.768543
v -0.914022 0.379410 2.844427
v -0.914022 0.376487 2.806485
v -0.914022 0.388423 2.881409
v -0.914022 0.402795 2.916469
v -0.914022 0.422769 2.663843
v -0.914022 0.465154 2.600927
v -0.914022 0.870732 2.574031
v -0.914022 0.875117 2.608611
v -0.914022 0.868052 2.664323
v -0.999987 0.817142 2.976023
v -0.999987 0.852706 2.923673
v -0.914022 0.815437 2.949128
v -0.914022 0.835899 2.916949
v -0.914022 0.790591 2.977944
v -0.999987 0.770129 3.018288
v -0.914022 0.761603 3.002439
v -0.914022 0.509000 3.022610
v -0.914022 0.476603 3.002439
v -0.914022 0.447615 2.977944
v -0.914022 0.422769 2.949128
v -0.914022 0.544077 3.037019
v -0.914022 0.619103 3.049025
v -0.914022 0.656860 3.046144
v -0.914022 0.694129 3.037019
v -0.914022 0.729206 3.022610
v -0.999987 0.398654 2.934239
v -0.999987 0.434461 2.982747
v -0.999987 0.482692 3.023571
v -0.999987 0.714590 3.048065
v -0.999987 0.653449 3.064394
v -0.999987 0.590359 3.065355
v -0.999987 0.528731 3.051427
v -1.190195 0.372212 -3.028725
v -1.063389 0.397375 -3.085484
v -1.190195 0.397375 -3.085765
v -1.063389 0.398618 -3.086889
v -1.190195 0.535308 -3.200125
v -1.190195 0.488398 -3.173994
v -1.190195 0.435275 -3.134937
v -1.190195 0.596197 -3.212770
v -1.190195 0.658329 -3.210803
v -1.190195 0.718286 -3.194225
v -1.190195 0.772651 -3.164159
v -1.190195 0.818318 -3.122012
v -1.410114 0.718286 -3.194225
v -1.410114 0.772651 -3.164159
v -1.410114 0.658329 -3.210803
v -1.410114 0.596197 -3.212770
v -1.410114 0.535308 -3.200125
v -1.410114 0.488398 -3.173994
v -1.410114 0.435275 -3.134937
v -1.410114 0.397375 -3.085765
v -1.410114 0.818318 -3.122012
v -1.410114 0.853112 -3.070311
v -1.410114 0.874548 -3.011866
v -1.543021 0.397375 -3.085765
v -0.999987 0.518221 -3.282454
v -1.543021 0.518221 -3.282454
v -1.543021 0.442110 -3.247612
v -0.999987 0.442110 -3.247612
v -1.063389 0.398618 -3.214736
v -0.999987 0.398618 -3.214736
v -0.999987 0.488398 -3.173994
v -0.999987 0.435275 -3.134937
v -1.543021 0.488398 -3.173994
v -1.543021 0.435275 -3.134937
v -0.999987 0.588430 -3.299313
v -1.543021 0.588430 -3.299313
v -0.999987 0.535308 -3.200125
v -0.999987 0.596197 -3.212770
v -1.543021 0.322817 -3.129879
v -1.063389 0.322817 -3.129879
v -1.063389 0.373144 -3.195630
v -1.543021 0.373144 -3.195630
v -0.999987 0.398618 -3.086889
v -1.543021 0.671066 -3.296784
v -1.543021 0.535308 -3.200125
v -1.543021 0.596197 -3.212770
v -0.999987 0.671066 -3.296784
v -0.999987 0.750905 -3.274586
v -1.543021 0.750905 -3.274586
v -1.543021 0.658329 -3.210803
v -1.543021 0.718286 -3.194225
v -0.999987 0.718286 -3.194225
v -0.999987 0.658329 -3.210803
v -0.999987 0.772651 -3.164159
v -1.543021 0.823289 -3.234405
v -0.999987 0.823289 -3.234405
v -1.543021 0.818318 -3.122012
v -1.543021 0.772651 -3.164159
v -0.999987 0.818318 -3.122012
v -0.999987 0.884178 -3.178489
v -0.999987 0.930156 -3.109648
v -0.999987 0.958736 -3.032940
v -1.543021 0.958736 -3.032940
v -1.543021 0.930156 -3.109648
v -1.543021 0.853112 -3.070311
v -1.543021 0.874548 -3.011866
v -0.999987 0.853112 -3.070311
v -1.190195 0.853112 -3.070311
v -1.190195 0.874548 -3.011866
v -0.999987 0.874548 -3.011866
v -1.543021 0.884178 -3.178489
v -1.543021 0.044180 -2.310022
v -1.063265 0.044180 -2.310022
v -1.543021 0.126992 -2.283975
v -1.431930 0.128799 -2.289618
v -1.167326 0.128799 -2.289618
v -1.431930 0.210660 -2.351263
v -1.063265 0.126992 -2.283975
v -1.167326 0.199821 -1.907164
v -1.167326 0.155040 -1.944932
v -1.167326 0.119671 -1.991816
v -1.431930 0.086204 -2.132903
v -1.431930 0.126992 -2.283975
v -1.167326 0.126992 -2.283975
v -1.167326 0.086204 -2.132903
v -1.167326 0.086204 -2.066484
v -1.063265 0.100181 -2.209307
v -1.167326 0.100181 -2.209307
v -1.063265 0.016038 -2.229711
v -1.543021 0.016038 -2.229711
v -1.543021 0.100181 -2.209307
v -1.431930 0.100181 -2.209307
v -1.431980 0.561673 1.122518
v -1.431980 0.588396 1.174188
v -1.431980 0.602835 1.231158
v -1.431980 0.477627 1.041701
v -1.431980 0.524176 1.077473
v -1.167367 0.524176 1.077473
v -1.167367 0.561673 1.122518
v -1.167367 0.588396 1.174188
v -1.167367 0.602835 1.231158
v -1.431980 0.604128 1.290777
v -1.167367 0.604128 1.290777
v -1.167367 0.477627 1.041701
v -1.167367 0.424181 1.017853
v -1.167367 0.367073 1.005929
v -1.167367 0.308456 1.007254
v -1.167367 0.251778 1.021828
v -1.167367 0.199841 1.049650
v -1.167367 0.568569 1.402067
v -1.167367 0.592706 1.347747
v -1.431980 0.592706 1.347747
v -1.431980 0.568569 1.402067
v -1.431980 0.533227 1.448437
v -1.431980 0.488402 1.485534
v -1.431980 0.436465 1.513356
v -1.431980 0.263846 1.517331
v -1.431980 0.210617 1.493483
v -1.167367 0.488402 1.485534
v -1.167367 0.436465 1.513356
v -1.167367 0.263846 1.517331
v -1.167367 0.210617 1.493483
v -1.167367 0.164068 1.457711
v -1.167367 0.533227 1.448437
v -1.431980 0.251778 1.021828
v -1.431980 0.199841 1.049650
v -1.431980 0.308456 1.007254
v -1.431980 0.424181 1.017853
v -1.431980 0.367073 1.005929
v -1.431980 0.402200 0.680010
v -1.167367 0.402200 0.680010
v -1.167367 0.344014 0.686635
v -1.431980 0.344014 0.686635
v -1.167367 0.598740 0.366015
v -1.167367 0.579345 0.310371
v -1.167367 0.548312 0.261350
v -1.167367 0.598740 0.482604
v -1.167367 0.605205 0.424310
v -1.167367 0.579345 0.538249
v -1.167367 0.548312 0.587269
v -1.167367 0.506935 0.218954
v -1.167367 0.457369 0.188482
v -1.167367 0.402200 0.168609
v -1.167367 0.344014 0.161985
v -1.167367 0.286043 0.168609
v -1.167367 0.230874 0.188482
v -1.167367 0.181308 0.218954
v -1.431980 0.598740 0.482604
v -1.431980 0.579345 0.538249
v -1.431980 0.548312 0.587269
v -1.431980 0.605205 0.424310
v -1.431980 0.598740 0.366015
v -1.431980 0.579345 0.310371
v -1.431980 0.548312 0.261350
v -1.431980 0.506935 0.629665
v -1.431980 0.457369 0.660137
v -1.431980 0.286043 0.680010
v -1.431980 0.230874 0.660137
v -1.431980 0.181308 0.629665
v -1.167367 0.181308 0.629665
v -1.167367 0.230874 0.660137
v -1.167367 0.286043 0.680010
v -1.167367 0.457369 0.660137
v -1.167367 0.506935 0.629665
v -1.431980 0.506935 0.218954
v -1.431980 0.457369 0.188482
v -1.431980 0.402200 0.168609
v -1.431980 0.286043 0.168609
v -1.431980 0.344014 0.161985
v -1.431980 0.230874 0.188482
v -1.431980 0.181308 0.218954
v -1.167367 0.457295 -1.036126
v -1.167367 0.506952 -1.066949
v -1.167367 0.548333 -1.108493
v -1.167367 0.579316 -1.158078
v -1.167367 0.598627 -1.214364
v -1.167367 0.181424 -1.066949
v -1.431980 0.181424 -1.066949
v -1.431980 0.579316 -1.158078
v -1.431980 0.598627 -1.214364
v -1.167367 0.605205 -1.271990
v -1.431980 0.605205 -1.271990
v -1.431980 0.548333 -1.108493
v -1.431980 0.506952 -1.066949
v -1.431980 0.457295 -1.036126
v -1.431980 0.402121 -1.016024
v -1.431980 0.344188 -1.009323
v -1.431980 0.286043 -1.016024
v -1.431980 0.230868 -1.036126
v -1.431980 0.598627 -1.330956
v -1.431980 0.579316 -1.385902
v -1.167367 0.598627 -1.330956
v -1.167367 0.579316 -1.385902
v -1.167367 0.548333 -1.435487
v -1.167367 0.506952 -1.477031
v -1.167367 0.457295 -1.509194
v -1.167367 0.402121 -1.527956
v -1.167367 0.344188 -1.534657
v -1.167367 0.286043 -1.527956
v -1.167367 0.230868 -1.509194
v -1.431980 0.506952 -1.477031
v -1.431980 0.457295 -1.509194
v -1.431980 0.402121 -1.527956
v -1.431980 0.286043 -1.527956
v -1.431980 0.344188 -1.534657
v -1.431980 0.230868 -1.509194
v -1.431980 0.181424 -1.477031
v -1.431980 0.548333 -1.435487
v -1.167367 0.230868 -1.036126
v -1.167367 0.286043 -1.016024
v -1.167367 0.344188 -1.009323
v -1.167367 0.402121 -1.016024
v -1.431980 0.357769 -0.687691
v -1.167367 0.357769 -0.687691
v -1.167367 0.415490 -0.678310
v -1.431980 0.415490 -0.678310
v -1.431980 0.299412 -0.683670
v -1.167367 0.299412 -0.683670
v -1.167367 0.601385 -0.470588
v -1.167367 0.585045 -0.526874
v -1.167367 0.604781 -0.411622
v -1.167367 0.595231 -0.353997
v -1.167367 0.573162 -0.299051
v -1.167367 0.444775 -0.183799
v -1.167367 0.495917 -0.211942
v -1.167367 0.539420 -0.252146
v -1.431980 0.495917 -0.211942
v -1.431980 0.539420 -0.252146
v -1.167367 0.170813 -0.229364
v -1.431980 0.573162 -0.299051
v -1.431980 0.595231 -0.353997
v -1.431980 0.444775 -0.183799
v -1.431980 0.388752 -0.167718
v -1.431980 0.330394 -0.163697
v -1.431980 0.272673 -0.173078
v -1.431980 0.218560 -0.195861
v -1.167367 0.388752 -0.167718
v -1.167367 0.330394 -0.163697
v -1.167367 0.272673 -0.173078
v -1.167367 0.218560 -0.195861
v -1.431980 0.604781 -0.411622
v -1.431980 0.601385 -0.470588
v -1.431980 0.517351 -0.622024
v -1.431980 0.556609 -0.577799
v -1.431980 0.585045 -0.526874
v -1.431980 0.469604 -0.655527
v -1.167367 0.517351 -0.622024
v -1.167367 0.556609 -0.577799
v -1.167367 0.469604 -0.655527
v -1.167367 0.243389 -0.667588
v -1.167367 0.192246 -0.639446
v -1.431980 0.243389 -0.667588
v -1.431980 0.192246 -0.639446
v -1.507040 0.882607 2.735837
v -1.097040 0.882607 2.735837
v -1.417228 0.882434 1.686187
v -1.172530 0.882414 1.571305
v -1.431980 0.548243 2.288049
v -1.431980 0.598659 2.182858
v -1.167367 0.605205 2.124483
v -1.167367 0.579349 2.010658
v -1.431980 0.457396 1.888124
v -1.431980 0.506901 1.919377
v -1.167367 0.402211 2.380244
v -1.167367 0.457396 2.360842
v -1.431980 0.457396 2.360842
v -1.107151 0.736667 2.560432
v -1.107151 0.657105 2.535745
v -1.107151 0.857382 2.542443
v -0.914022 0.808932 2.493993
v -0.914022 0.835861 2.515659
v -0.914022 0.857382 2.542443
v -0.914022 0.488913 2.549526
v -1.107151 0.488913 2.549526
v -1.107151 0.573808 2.536852
v -1.107151 0.494930 2.563647
v -1.172530 0.626583 1.545788
v -1.172530 0.657810 1.514561
v -1.417228 0.657810 1.514561
v -1.417228 0.697157 1.494513
v -1.417228 0.740775 1.487605
v -1.417228 0.784393 1.494513
v -1.172530 0.854967 1.545788
v -1.417228 0.823741 1.514561
v -1.172530 0.823741 1.514561
v -1.417228 0.882415 1.571305
v -1.167367 0.506901 1.919377
v -1.543021 0.968621 -2.951088
v -0.999988 0.968621 -2.951088
v -0.999988 0.968621 2.803072
v -1.543021 0.968621 2.803072
v -1.190071 0.881667 -2.950088
v -1.190071 0.881674 -2.910251
v -0.999988 0.882617 2.802036
v -0.999988 0.881667 -2.950088
v -1.172530 0.881853 -1.828268
v -1.172530 0.881872 -1.713569
v -1.543021 0.881667 -2.950087
v -1.417228 0.881872 -1.713569
v -1.543021 0.882618 2.802037
v -1.507040 0.882618 2.802037
v -1.172530 0.631081 0.017582
v -1.417228 0.631081 0.017582
v -1.417228 0.651947 -0.180939
v -1.172530 0.651947 -0.180939
v -1.172530 0.609001 -0.020663
v -1.172530 0.604435 -0.107779
v -1.172530 0.599819 -0.063860
v -1.172530 0.622397 -0.148122
v -1.417228 0.604435 -0.107779
v -1.417228 0.622397 -0.148122
v -1.417228 0.599819 -0.063860
v -1.417228 0.609001 -0.020663
v -1.172530 0.740774 -1.629761
v -1.417228 0.740774 -1.629761
v -1.417228 0.784392 -1.636670
v -1.172530 0.784392 -1.636670
v -1.172530 0.697157 -1.636670
v -1.417228 0.697157 -1.636670
v -1.097040 0.863449 2.694437
v -1.097040 0.882617 2.802037
v -1.097040 0.857905 2.731242
v -1.097040 0.859744 2.806206
v -1.097040 0.874939 2.864718
v -1.097040 0.857059 2.844142
v -1.107151 0.875116 2.608627
v -1.107151 0.868001 2.664217
v -1.107151 0.870656 2.574032
v -0.999988 0.959289 2.885342
v -0.999988 0.929746 2.963787
v -0.999988 0.882504 3.033033
v -1.097040 0.835981 2.916763
v -1.097040 0.815378 2.948915
v -1.097040 0.817041 2.975982
v -1.097040 0.852656 2.923819
v -1.097040 0.790599 2.978023
v -1.097040 0.849839 2.881283
v -1.097040 0.761705 3.002589
v -1.097040 0.770110 3.018254
v -1.097040 0.729210 3.022694
v -0.999988 0.820239 3.089157
v -0.999988 0.746476 3.128979
v -1.097040 0.656948 3.046116
v -1.097040 0.653418 3.064242
v -1.097040 0.714519 3.048239
v -1.097040 0.694072 3.037049
v -1.097040 0.619100 3.048924
v -1.097040 0.590266 3.065356
v -1.097040 0.544129 3.037049
v -1.097040 0.528638 3.051515
v -1.097040 0.508999 3.022685
v -1.097040 0.482741 3.023507
v -0.999988 0.581581 3.151754
v -0.999988 0.510502 3.133416
v -0.999988 0.665394 3.150248
v -1.063265 0.321460 2.975007
v -1.063265 0.140386 2.542898
v -1.543021 0.140369 2.542860
v -1.063265 0.221653 2.512366
v -1.543021 0.221653 2.512365
v -1.063265 0.396919 2.932040
v -1.097040 0.396919 2.932040
v -1.097040 0.422822 2.663706
v -1.097040 0.403235 2.696595
v -1.097040 0.465182 2.600889
v -1.097040 0.475780 2.577952
v -1.097040 0.388361 2.731339
v -1.097040 0.379205 2.768425
v -1.097040 0.376487 2.806310
v -1.063265 0.371113 3.042423
v -1.097040 0.476496 3.002589
v -1.097040 0.447525 2.978071
v -1.097040 0.434350 2.982914
v -1.063265 0.398594 3.065460
v -0.999988 0.435355 3.096272
v -0.999988 0.398594 3.065460
v -1.063265 0.398594 2.934319
v -1.097040 0.422822 2.948915
v -1.097040 0.402843 2.916646
v -1.097040 0.379348 2.844420
v -1.097040 0.388361 2.881283
v -1.543021 0.085900 2.118718
v -1.431980 0.085905 2.049620
v -1.431980 0.126752 2.270930
v -1.431980 0.139982 2.288049
v -1.167367 0.139982 2.288049
v -1.167367 0.128383 2.275080
v -1.431980 0.128383 2.275080
v -1.167367 0.085905 2.049620
v -1.063265 0.085900 2.118720
v -1.167367 0.126753 2.270932
v -1.063265 -0.000078 2.133018
v -1.543021 -0.000078 2.133018
v -1.431980 0.379699 1.527458
v -1.167367 0.379699 1.527458
v -1.167367 0.321248 1.528947
v -1.431980 0.321248 1.528947
v -1.431980 0.085959 1.334698
v -1.167367 0.085959 1.334698
v -1.410162 0.881674 -2.910251
v -1.410162 0.881667 -2.950087
v -1.410162 0.357373 -2.943635
v -1.167367 0.210660 -2.351262
v -1.167367 0.308526 -1.865824
v -1.431980 0.119692 -1.991783
v -1.431980 0.263944 -2.375400
v -1.167367 0.263944 -2.375400
v -1.190071 0.871933 -2.875893
v -1.190071 0.366292 -2.875891
v -1.410162 0.871933 -2.875893
v -1.410162 0.366292 -2.875891
v -1.190071 0.357373 -2.943635
v -1.167367 0.251860 -1.880344
v -1.431980 0.251860 -1.880344
v -1.431980 0.199820 -1.907164
v -1.431980 0.155015 -1.944942
v -1.063265 -0.000000 -2.133024
v -1.543021 -0.000000 -2.133024
v -1.543021 0.086220 -2.133024
v -1.431980 0.086215 -2.066397
v -1.063265 0.086220 -2.133024
v -1.167367 0.086033 0.348142
v -1.167367 0.086149 -1.190492
v -1.431980 0.086086 -0.351234
v -1.167367 0.086086 -0.351234
v -1.431980 0.086033 0.348142
v -1.167367 0.086097 -0.504320
v -1.431980 0.086097 -0.504320
v -1.431980 0.086149 -1.190492
v -1.431980 0.085969 1.207223
v -1.431980 0.086022 0.500485
v -1.167367 0.099851 1.360494
v -1.431980 0.095623 1.187268
v -1.431980 0.131702 -0.273018
v -1.167367 0.131702 -0.273018
v -1.167367 0.103242 -0.324320
v -1.167367 0.115156 -0.551657
v -1.431980 0.148822 -0.599701
v -1.431980 0.115156 -0.551657
v -1.167367 0.148822 -0.599701
v -1.431980 0.170813 -0.229373
v -1.431980 0.086162 -1.354162
v -1.431980 0.108877 -1.386142
v -1.431980 0.108877 -1.158493
v -1.167367 0.139982 -1.108752
v -1.167367 0.108877 -1.158493
v -1.431980 0.139982 -1.108752
v -1.167367 0.139982 -1.435883
v -1.431980 0.139982 -1.435883
v -1.167367 0.086161 -1.354162
v -1.167367 0.181324 -1.477422
v -1.431980 0.139982 0.587889
v -1.167367 0.139982 0.587889
v -1.167367 0.139982 0.260757
v -1.431980 0.139982 0.260757
v -1.167367 0.155015 1.086873
v -1.431980 0.155015 1.086873
v -1.431980 0.119692 1.133713
v -1.167367 0.126503 1.412757
v -1.431980 0.126504 1.412757
v -1.431980 0.164068 1.457742
v -1.063265 0.372297 -3.028806
v -1.190071 0.356707 -2.981466
v -1.410162 0.372298 -3.028807
v -1.543021 0.372298 -3.028807
v -1.543021 0.290087 -3.056765
v -1.063265 0.290087 -3.056765
v -1.410162 0.356707 -2.981466
vn 1.0000 -0.0000 -0.0000
vn -1.0000 0.0002 -0.0003
vn -1.0000 0.0002 -0.0002
vn -1.0000 -0.0001 -0.0004
vn -1.0000 0.0001 -0.0004
vn -1.0000 -0.0000 -0.0023
vn -0.0000 0.1508 -0.9886
vn -1.0000 0.0003 -0.0002
vn -1.0000 0.0004 0.0001
vn -1.0000 0.0003 -0.0001
vn -0.0000 0.8891 -0.4577
vn -0.0000 0.9874 -0.1580
vn 1.0000 0.0004 0.0006
vn 1.0000 0.0006 0.0005
vn 1.0000 0.0002 0.0010
vn -0.0000 0.7080 -0.7062
vn 1.0000 0.0001 0.0002
vn 1.0000 -0.0010 0.0014
vn 1.0000 -0.0001 0.0004
vn 1.0000 -0.0000 0.0003
vn -0.0000 0.7064 0.7078
vn -0.0002 0.7071 0.7071
vn -0.0000 0.8930 0.4501
vn -0.0002 0.8935 0.4490
vn 1.0000 -0.0025 0.0049
vn 1.0000 0.0011 -0.0000
vn -0.0000 -0.7071 0.7071
vn 0.0002 -0.7079 0.7063
vn -0.0000 -0.6809 0.7324
vn 0.0002 -0.6799 0.7333
vn 1.0000 -0.0027 -0.0000
vn -0.0006 -0.8479 0.5302
vn -0.0000 -0.8464 0.5326
vn -0.0000 0.9874 0.1580
vn -0.0000 -0.7092 0.7050
vn -1.0000 0.0071 -0.0056
vn -0.0000 -0.1502 -0.9887
vn -0.0000 0.4504 -0.8928
vn -0.0000 -0.7080 -0.7062
vn -1.0000 -0.0000 -0.0000
vn -1.0000 -0.0004 -0.0006
vn -1.0000 0.0005 -0.0005
vn -1.0000 -0.0007 -0.0008
vn -0.0003 -0.6796 -0.7335
vn -0.0000 -0.6809 -0.7324
vn -0.0000 -0.4520 -0.8920
vn 1.0000 0.0003 0.0006
vn 1.0000 0.0001 0.0006
vn -1.0000 -0.0015 -0.0044
vn -1.0000 0.0009 0.0007
vn -0.0000 -0.5313 -0.8472
vn -1.0000 0.0089 -0.0020
vn -1.0000 0.0043 0.0015
vn 0.0004 -0.8509 -0.5254
vn -0.0000 -0.8499 -0.5269
vn -0.0001 -0.9437 -0.3308
vn -0.0000 -0.9435 -0.3312
vn -0.0000 1.0000 -0.0002
vn 0.0004 -0.7103 -0.7039
vn -0.0000 -0.7090 -0.7052
vn -0.0004 -0.9449 0.3274
vn -0.0000 -0.9454 0.3258
vn -0.0002 -0.9937 0.1124
vn -0.0000 -0.9935 0.1135
vn 0.0001 -0.9938 -0.1111
vn -0.0001 -0.9937 -0.1120
vn -0.0000 0.7983 0.6023
vn -0.0000 0.6012 0.7991
vn -0.0000 0.9658 0.2591
vn -0.0000 0.3875 0.9219
vn 1.0000 -0.0000 0.0006
vn 1.0000 -0.0001 0.0005
vn 1.0000 -0.0002 0.0006
vn 1.0000 0.0003 0.0022
vn 1.0000 -0.0004 0.0005
vn -0.0000 0.1361 0.9907
vn 1.0000 -0.0003 0.0006
vn -0.0008 -0.6269 0.7791
vn 0.0002 -0.6311 0.7757
vn -0.0000 -0.3529 0.9357
vn -0.0000 -0.1669 0.9860
vn 0.0002 -0.7795 0.6264
vn -0.0000 -0.7787 0.6274
vn -0.0000 -0.4364 0.8997
vn -0.0008 -0.4354 0.9002
vn -0.0000 -0.4930 -0.8700
vn -0.0000 -0.7316 -0.6817
vn -0.0000 -0.4144 0.9101
vn -0.0000 -0.6604 0.7510
vn -0.0000 0.2258 0.9742
vn -0.0000 0.1565 -0.9877
vn -0.0000 -0.1565 -0.9877
vn -0.0000 -0.1132 0.9936
vn -0.0038 1.0000 -0.0000
vn 0.0001 1.0000 -0.0002
vn -0.0000 -0.7358 -0.6772
vn 0.0006 1.0000 -0.0002
vn 0.0003 1.0000 -0.0002
vn -0.0000 -1.0000 -0.0000
vn -0.0060 1.0000 -0.0000
vn 0.0007 1.0000 -0.0002
vn -0.0000 0.1132 -0.9936
vn -0.0000 -0.2258 -0.9742
vn -0.0000 0.4853 0.8743
vn -0.0000 0.6597 -0.7515
vn -0.0000 0.4144 -0.9101
vn -0.0000 -0.1564 0.9877
vn -0.0009 -0.1513 0.9885
vn -0.0009 0.1564 0.9877
vn -0.0000 0.1513 0.9885
vn -0.0000 -0.4540 0.8910
vn -0.0000 -0.4539 0.8911
vn -0.0000 0.4539 0.8910
vn -0.0000 0.4540 0.8910
vn -0.0000 0.6001 0.8000
vn 0.0001 0.5998 0.8002
vn -0.0003 0.5953 0.8035
vn -0.0000 0.8155 0.5788
vn -0.0000 -0.9228 0.3853
vn 0.0038 -0.9229 0.3850
vn -0.0000 -0.9228 0.3852
vn -0.0007 -0.9228 0.3854
vn 1.0000 0.0035 -0.0015
vn -0.0097 0.9064 0.4223
vn -0.0000 0.9552 0.2958
vn -0.0000 0.9932 0.1161
vn -0.0094 0.5988 0.8009
vn -0.0000 0.9364 0.3510
vn -0.0000 0.6697 0.7426
vn -0.0000 0.4750 0.8800
vn -0.0000 0.8254 0.5646
vn -0.0000 0.9223 -0.3865
vn 0.0002 0.9222 -0.3867
vn -0.0000 -0.9227 0.3854
vn -0.0000 0.6424 -0.7664
vn 0.0001 0.6423 -0.7664
vn -0.0004 0.4431 -0.8965
vn -0.0000 0.4452 -0.8954
vn -0.0000 -0.8055 0.5926
vn 0.0003 0.6424 -0.7664
vn 0.0002 0.6433 -0.7656
vn -0.0000 -0.8075 0.5899
vn -0.0000 -0.6387 0.7695
vn -0.0000 -0.5256 0.8507
vn 0.0001 0.8052 -0.5930
vn 0.0004 0.8059 -0.5920
vn 1.0000 0.0013 0.0002
vn 1.0000 0.0041 -0.0030
vn 1.0000 0.0048 -0.0022
vn 0.0087 -0.9884 -0.1518
vn 1.0000 0.0013 -0.0002
vn 1.0000 0.0011 -0.0005
vn -0.0003 -0.8261 -0.5636
vn -0.0000 -0.8271 -0.5620
vn -0.0000 -0.9358 -0.3524
vn -0.0002 -0.9354 -0.3537
vn -0.0001 -0.9936 -0.1127
vn -0.0000 -0.9937 -0.1124
vn -0.0000 0.9924 0.1234
vn 1.0000 -0.0001 -0.0000
vn 1.0000 -0.0004 -0.0004
vn -0.0000 -0.2963 0.9551
vn -0.0001 -0.2957 0.9553
vn 0.0002 0.0133 0.9999
vn -0.0000 0.0145 0.9999
vn -0.0000 -0.8016 0.5979
vn -0.0015 -0.9110 0.4125
vn -0.0000 -0.9072 0.4208
vn 0.0276 -0.7744 0.6321
vn -0.0000 -0.9075 0.4200
vn -0.0004 0.3216 0.9469
vn 0.0003 0.3186 0.9479
vn -0.0002 -0.5777 0.8163
vn -0.0000 -0.5785 0.8157
vn 1.0000 -0.0002 -0.0015
vn -0.0000 -0.0180 -0.9998
vn 0.0006 -0.0215 -0.9998
vn 0.0005 -0.2537 -0.9673
vn 0.0002 -0.2518 -0.9678
vn 1.0000 0.0002 0.0005
vn -0.0004 0.2498 -0.9683
vn -0.0000 0.2464 -0.9692
vn -0.0000 -0.2190 0.9757
vn -0.0000 0.0191 0.9998
vn -0.0000 0.2573 0.9663
vn -0.0001 -0.6695 -0.7428
vn -0.0003 -0.6684 -0.7438
vn 0.0002 -0.4751 -0.8800
vn -0.0000 -0.4739 -0.8806
vn -0.0000 0.3340 -0.9426
vn 0.0004 -0.1126 -0.9936
vn -0.0000 -0.1142 -0.9935
vn -0.0000 0.1137 -0.9935
vn -0.0000 -0.3301 -0.9439
vn 0.0004 -0.3317 -0.9434
vn 1.0000 -0.0004 -0.0038
vn 1.0000 0.0001 -0.0000
vn 1.0000 0.0001 0.0001
vn -1.0000 -0.0003 -0.0002
vn 1.0000 0.0004 -0.0002
vn 1.0000 0.0005 -0.0002
vn 1.0000 -0.0000 0.0001
vn 1.0000 0.0021 -0.0033
vn 1.0000 -0.0007 0.0002
vn -1.0000 -0.0004 0.0031
vn -0.0000 -0.0255 -0.9997
vn -1.0000 0.0011 -0.0030
vn -0.0000 -1.0000 -0.0001
vn -0.0000 0.7082 0.7060
vn -0.0000 0.8606 0.5093
vn -0.0000 0.8483 0.5296
vn -0.0006 -0.3301 0.9439
vn -0.0000 -0.3328 0.9430
vn -0.0000 -0.1142 0.9935
vn -0.0000 0.1137 0.9935
vn -0.0000 0.3340 0.9426
vn -0.0000 0.5334 0.8459
vn 1.0000 -0.0004 0.0038
vn -1.0000 0.0005 -0.0004
vn -1.0000 -0.0029 0.0005
vn -1.0000 0.0018 -0.0008
vn -0.0001 -0.9392 0.3434
vn -0.0000 -0.9392 0.3432
vn -0.0000 0.9829 -0.1842
vn -0.0000 0.9424 -0.3344
vn 1.0000 0.0035 -0.0006
vn 1.0000 0.0007 0.0001
vn -0.0000 -0.9392 0.3434
vn 0.0001 -0.9392 0.3432
vn 1.0000 -0.0034 -0.0007
vn 0.0006 -1.0000 0.0009
vn 1.0000 -0.0003 0.0002
vn 1.0000 0.0002 0.0002
vn -0.0008 -0.9850 0.1728
vn -0.0000 -0.9851 0.1717
vn -1.0000 0.0028 0.0006
vn -0.0006 -1.0000 0.0009
vn -0.0000 0.7454 -0.6667
vn 0.0001 -0.9307 0.3658
vn 0.0001 -0.9307 0.3659
vn -0.0000 0.5334 -0.8459
vn -1.0000 -0.0004 -0.0003
vn -1.0000 -0.0000 0.0001
vn -1.0000 -0.0001 -0.0000
vn -0.0000 -0.5317 0.8470
vn -0.0006 -0.5338 0.8456
vn -0.0000 -0.9850 0.1728
vn 0.0008 -0.9851 0.1717
vn -0.0000 0.9307 -0.3658
vn -0.0000 -0.9307 0.3658
vn -0.0001 -0.9307 0.3659
vn -0.0000 0.7072 -0.7070
vn -0.0000 -0.7694 -0.6388
vn -0.0000 0.9876 0.1569
vn -1.0000 0.0001 0.0001
vn 1.0000 -0.0001 -0.0006
vn 1.0000 -0.0001 -0.0004
vn 1.0000 -0.0000 -0.0002
vn -0.0000 0.4538 -0.8911
vn -0.0000 -0.4055 -0.9141
vn -0.0000 -0.1940 -0.9810
vn -0.0002 0.0193 -0.9998
vn -0.0000 0.0201 -0.9998
vn -0.0000 0.2482 -0.9687
vn -0.0002 0.2489 -0.9685
vn -0.0000 -0.6139 -0.7893
vn -0.0000 -0.6139 -0.7894
vn 1.0000 -0.0005 -0.0000
vn 1.0000 0.0001 -0.0001
vn -1.0000 -0.0002 -0.0000
vn 1.0000 0.0007 0.0007
vn -0.0000 -0.4527 -0.8916
vn -0.0000 -0.7133 0.7008
vn -0.0000 -0.7133 0.7009
vn -0.0007 -0.6821 0.7313
vn -0.0000 -0.6789 0.7342
vn -1.0000 0.0003 -0.0000
vn -0.0000 -0.7133 -0.7009
vn -0.0000 -0.7133 -0.7008
vn -0.0000 -0.6837 -0.7297
vn -0.0000 0.8855 -0.4647
vn -0.0000 0.9876 -0.1569
vn -0.0000 0.7133 -0.7009
vn -0.0000 0.7133 -0.7008
vn -0.0000 -0.4579 0.8890
vn -0.0000 0.7133 0.7009
vn -0.0000 0.7133 0.7008
vn -0.0000 0.4579 0.8890
vn -0.0000 0.8855 0.4647
vn -0.0000 -0.1533 0.9882
vn -0.0000 0.1543 0.9880
vn -0.0000 0.7946 -0.6072
vn -0.0000 -0.4618 0.8870
vn -0.0000 0.1944 0.9809
vn -0.0000 -0.0193 0.9998
vn -0.0000 -0.9107 0.4130
vn -0.0000 -0.2513 0.9679
vn -0.0000 -0.6397 0.7687
vn -0.0000 -0.8025 0.5967
vn -0.0000 -0.9997 -0.0238
vn -0.0000 -0.1322 -0.9912
vn -0.0000 -0.9798 0.2000
vn -0.0000 -0.8902 -0.4556
vn -0.0000 -0.9683 -0.2496
vn -0.0013 1.0000 -0.0002
vn -1.0000 -0.0002 -0.0004
vn -1.0000 -0.0022 -0.0016
vn -1.0000 -0.0006 -0.0007
vn 1.0000 -0.0001 -0.0003
vn 1.0000 -0.0000 -0.0005
vn -0.0000 -0.6099 -0.7925
vn -0.0000 -0.3813 -0.9245
vn -0.0000 -0.7946 -0.6072
vn -0.0000 0.9233 -0.3841
vn -0.0000 0.9914 -0.1305
vn 1.0000 -0.0008 -0.0008
vn -0.0000 -0.9236 -0.3835
vn -0.0000 -0.9621 -0.2728
vn 1.0000 -0.0000 -0.0001
vn -1.0000 0.0001 -0.0001
vn -1.0000 0.0001 -0.0002
vn -0.0000 0.1322 -0.9912
vn -0.0000 0.6098 -0.7925
vn -0.0000 0.6099 -0.7925
vn -1.0000 -0.0000 -0.0002
vn -1.0000 -0.0000 -0.0003
vn -1.0000 -0.0000 -0.0008
vn -0.0000 0.3813 -0.9245
vn -0.0000 0.8509 0.5253
vn -0.0000 0.8509 -0.5253
vn 0.0017 0.8486 -0.5291
vn -0.0000 0.8153 0.5791
vn -0.0000 0.8154 0.5789
vn -0.0000 0.8479 -0.5302
vn -0.0000 0.8478 0.5303
vn -0.0000 0.8479 0.5302
vn -0.0000 0.8153 -0.5791
vn -0.0000 0.8909 -0.4542
vn -0.0000 0.8909 -0.4543
vn 0.0020 0.9121 0.4099
vn -0.0020 0.9044 0.4267
vn -0.0028 0.7984 0.6021
vn -0.0000 0.8060 0.5920
vn -0.0005 -1.0000 -0.0001
vn 0.0002 -1.0000 -0.0001
vn -0.0000 1.0000 -0.0000
vn -0.0000 0.8189 0.5739
vn -0.0000 0.8522 0.5232
vn -0.0000 0.8433 -0.5375
vn 0.0027 0.8310 -0.5562
vn -0.0000 0.8804 -0.4741
vn -0.0000 0.8804 -0.4743
vn 0.0023 0.8745 -0.4851
vn -0.0000 0.8794 -0.4760
vn -0.0004 0.9002 0.4355
vn 0.0020 0.9121 0.4100
vn -0.0008 -0.6427 0.7661
vn 0.0021 -0.6461 0.7633
vn -0.0008 0.6460 -0.7633
vn -0.0010 0.6454 -0.7638
vn 0.0019 -0.8048 0.5935
vn 0.0015 -0.8045 0.5939
vn -0.0003 0.8502 -0.5264
vn 0.0009 0.8531 -0.5218
vn -0.0001 0.9254 -0.3790
vn -0.0001 0.9253 -0.3793
vn -0.0003 0.9714 -0.2375
vn -0.0002 0.9716 -0.2368
vn -0.0009 1.0000 0.0005
vn 0.0010 0.7630 -0.6464
vn -0.0008 0.7574 -0.6530
vn -0.0004 0.3785 -0.9256
vn -0.0000 0.3800 -0.9250
vn 0.0013 -0.5209 0.8536
vn -0.0008 -0.5177 0.8556
vn -0.0004 -0.5262 -0.8504
vn -0.0010 -0.5285 -0.8489
vn -0.0000 -0.3782 -0.9257
vn -0.0004 -0.3800 -0.9250
vn -0.0004 0.4747 0.8801
vn 0.0012 0.4725 0.8813
vn 0.0015 0.2534 0.9674
vn -0.0016 0.2580 0.9661
vn -0.0000 -0.2373 -0.9714
vn -0.0001 -0.2378 -0.9713
vn 0.0002 -0.2191 0.9757
vn 0.0011 -0.2204 0.9754
vn -0.0016 0.0176 0.9998
vn -0.0000 0.0152 0.9999
vn 0.0006 -0.0740 -0.9973
vn 0.0001 -0.0761 -0.9971
vn -0.0001 0.1565 -0.9877
vn 0.0005 0.1580 -0.9874
vn 0.0002 0.9974 0.0716
vn -0.0001 0.9975 0.0704
vn -0.0000 0.9078 0.4194
vn 0.0001 0.9077 0.4196
vn -0.0000 0.8291 0.5591
vn -0.0002 0.8294 0.5587
vn -0.0001 0.8592 0.5117
vn -0.0000 0.8587 0.5124
vn -0.0002 -0.9816 -0.1908
vn -0.0000 -0.9815 -0.1915
vn 0.0001 -0.9975 -0.0706
vn 0.0001 -0.9975 -0.0704
vn 0.0002 -0.9997 0.0245
vn -0.0004 -0.9997 0.0260
vn -0.0006 -0.9888 -0.1490
vn -0.0000 0.9926 0.1216
vn 0.0008 0.9924 0.1228
vn -0.0006 0.9709 0.2397
vn -0.0000 0.9701 0.2428
vn 0.0001 0.9972 -0.0749
vn -0.0003 0.9970 -0.0768
vn -0.0000 0.9193 0.3936
vn -0.0008 0.9207 0.3902
vn -0.0000 -0.9211 0.3893
vn 0.0004 -0.9219 0.3874
vn -0.0010 -0.6477 -0.7619
vn -0.0004 -0.6454 -0.7638
vn -0.0001 -0.9315 -0.3638
vn -0.0000 -0.9314 -0.3639
vn -0.0003 -0.7615 -0.6482
vn 0.0010 -0.7574 -0.6530
vn -0.0010 0.6693 0.7430
vn -0.0004 0.6686 0.7437
vn 0.0011 0.9357 0.3528
vn -0.0000 0.9363 0.3513
vn -0.0010 0.5259 -0.8506
vn -0.0004 0.5286 -0.8489
vn -0.0006 -0.9889 -0.1487
vn 0.0003 -0.9885 -0.1515
vn -0.0000 -0.9918 0.1279
vn 0.0004 -0.9921 0.1258
vn 0.0003 -0.9919 -0.1270
vn -0.0000 -0.9921 -0.1258
vn 0.0004 0.8259 0.5639
vn -0.0011 0.8272 0.5619
vn 0.0009 -0.8420 -0.5395
vn 0.0002 -0.8438 -0.5366
vn -0.0000 -0.4853 0.8743
vn -0.0000 0.0316 -0.9995
vn -0.0000 0.4840 -0.8751
vn -0.0000 0.6782 -0.7349
vn -0.0000 0.4839 -0.8751
vn -0.0000 0.2665 -0.9638
vn -0.0000 -0.2679 0.9635
vn -0.0000 -0.2033 -0.9791
vn -0.0000 -0.4866 -0.8736
vn -0.0000 -0.4867 -0.8736
vn -0.0000 -0.0306 0.9995
vn -0.0000 -0.6764 0.7365
vn -0.0000 -0.8316 0.5554
vn -1.0000 0.0082 0.0011
vn -1.0000 -0.0024 0.0009
vn -1.0000 -0.0011 0.0007
vn -0.0000 0.8296 -0.5583
vn -0.0000 0.9934 -0.1145
vn -0.0000 0.9388 -0.3443
vn -0.0000 -0.9371 0.3491
vn -0.0000 -0.9928 0.1199
vn -0.0000 -0.9152 -0.4029
vn -0.0000 -0.9152 -0.4030
vn 1.0000 -0.0000 0.0008
vn 1.0000 0.0007 0.0005
vn 1.0000 0.0003 0.0004
vn 1.0000 -0.0001 0.0001
vn -0.0000 0.9998 -0.0176
vn 1.0000 -0.0032 -0.0006
vn -1.0000 -0.0006 0.0019
vn 0.0009 -0.9145 -0.4046
vn 0.0004 -0.9149 -0.4036
vn 1.0000 0.0002 0.0003
vn -1.0000 -0.0000 0.0004
vn -1.0000 0.0001 0.0003
vn -1.0000 -0.0001 0.0005
vn -1.0000 0.0002 0.0002
vn -1.0000 0.0001 0.0002
vn 0.0004 -0.9502 -0.3117
vn -1.0000 -0.0005 0.0025
vn 0.0015 -0.7491 -0.6625
vn 1.0000 -0.0000 0.0002
vn -1.0000 -0.0006 0.0006
vn -1.0000 -0.0003 0.0005
vn -1.0000 0.0002 0.0001
vn -0.0000 0.4162 0.9093
vn -1.0000 -0.0008 0.0013
vn -0.0000 -0.7950 -0.6066
vn 0.0024 -0.7920 -0.6105
vn -0.0000 0.6000 0.8000
vn -0.0002 0.6019 0.7986
vn -0.0000 -0.7920 -0.6105
vn -0.0000 0.9127 0.4086
vn -0.0000 0.2335 0.9724
vn -0.0000 -0.5924 -0.8057
vn -0.0000 0.6030 0.7978
vn -0.0000 0.6030 0.7977
vn -0.0000 -0.5923 -0.8057
vn -0.0000 0.7941 0.6078
vn 0.0001 -1.0000 -0.0000
vn -0.0000 -0.9837 -0.1800
vn -0.0001 -0.9837 -0.1799
vn -0.0000 -0.9524 -0.3049
vn -0.0000 -0.9412 -0.3380
vn 0.0001 -1.0000 -0.0001
vn 1.0000 -0.0017 0.0007
vn -0.0001 -1.0000 0.0002
vn -0.0000 0.9865 0.1636
vn -0.0000 0.9124 -0.4094
vn -0.0001 0.9125 -0.4090
vn 0.0001 -0.9837 -0.1800
vn -0.0000 -0.9837 -0.1799
vn -0.0000 0.9437 0.3307
vn -0.0000 -0.9498 -0.3129
vn 0.0005 -0.9498 -0.3128
vn -0.0000 0.4126 0.9109
vn -0.0000 0.6446 -0.7645
vn -0.0000 0.6447 -0.7644
vn 0.0001 -0.9498 -0.3128
vn -0.0000 -0.9498 -0.3128
vn -0.0000 0.9498 0.3128
vn -0.0004 -0.9498 -0.3129
vn -1.0000 0.0008 -0.0031
vn -1.0000 -0.0004 0.0001
vn -1.0000 -0.0001 0.0001
vn -1.0000 -0.0007 -0.0002
vn -0.0000 0.6015 0.7988
vn -1.0000 -0.0006 -0.0002
vn -1.0000 -0.0002 0.0001
vn -0.0001 0.7984 -0.6021
vn -0.0000 0.7983 -0.6022
vn -0.0000 0.4581 -0.8889
vn 1.0000 0.0004 0.0002
vn 1.0000 0.0011 0.0004
vn -0.0000 -0.9939 0.1102
vn -0.0000 -0.9939 -0.1102
vn -0.0000 0.7109 -0.7033
vn -0.0000 0.5237 -0.8519
vn -0.0000 -0.9443 -0.3291
vn -0.0000 -0.9443 0.3291
vn -0.0000 -0.8449 -0.5349
vn -0.0000 0.7112 0.7030
vn -0.0000 0.3389 0.9408
vn -0.0000 -0.1131 0.9936
vn -0.0000 0.5237 0.8519
vn -0.0000 -0.8449 0.5349
vn -0.0000 0.8660 -0.5000
vn -0.0000 -0.7157 0.6985
vn -0.0000 0.1135 0.9935
vn -0.0000 0.3389 -0.9408
vn -0.0000 0.1135 -0.9935
vn -0.0000 -0.5237 0.8519
vn -0.0000 -0.3389 0.9408
vn -0.0000 -0.7157 -0.6985
vn -0.0000 -0.5237 -0.8519
vn -0.0000 -0.3389 -0.9408
vn -0.0000 -0.1131 -0.9936
vn -0.0000 -0.9138 -0.4061
vn -0.0000 -0.9805 -0.1966
vn -0.0000 -0.7686 0.6398
vn -0.0000 -0.8882 0.4594
vn -0.0000 -0.9694 0.2457
vn -0.0000 -0.9998 0.0217
vn -0.0000 0.6388 0.7693
vn -0.0000 0.2490 0.9685
vn -0.0000 0.4722 0.8815
vn -0.0000 -0.2044 0.9789
vn -0.0000 0.0226 0.9997
vn -0.0000 -0.4075 0.9132
vn -0.0000 -0.6093 0.7929
vn -0.0000 0.1983 -0.9801
vn -0.0000 0.7674 -0.6412
vn -0.0001 0.7676 -0.6410
vn -0.0000 0.4089 -0.9126
vn -0.0000 -0.4722 -0.8815
vn -0.0000 -0.2411 -0.9705
vn -0.0001 0.6090 -0.7932
vn -0.0000 0.6093 -0.7929
vn -0.0000 -0.6376 -0.7704
vn -0.0000 -0.7953 -0.6062
vn -0.0000 0.5745 -0.8185
vn -0.0000 0.5744 -0.8186
vn -0.0000 0.3880 -0.9216
vn -0.0000 -0.2759 -0.9612
vn -0.0000 0.1604 -0.9870
vn -0.0000 -0.0687 -0.9976
vn -0.0000 -0.6787 -0.7344
vn -0.0000 0.7447 -0.6674
vn -0.0000 0.7448 -0.6673
vn -0.0000 -0.4821 -0.8761
vn -0.0000 -0.7478 0.6639
vn -0.0000 -0.9604 0.2788
vn -0.0000 -0.9865 -0.1635
vn -0.0000 -0.9983 0.0575
vn -0.0000 -0.5744 0.8186
vn -0.0000 -0.3880 0.9216
vn -0.0000 -0.8731 0.4875
vn -0.0000 0.9135 0.4067
vn -0.0000 0.9781 -0.2079
vn -0.0000 0.9945 0.1045
vn -0.0000 -0.8118 -0.5840
vn -0.0000 -0.9279 -0.3727
vn -0.0000 0.7431 0.6691
vn -0.0000 0.4821 0.8761
vn -0.0000 0.2759 0.9612
vn -0.0000 0.6752 0.7377
vn -0.0000 -0.9434 0.3316
vn -0.0000 -0.9938 0.1109
vn -0.0000 -0.5436 0.8393
vn -0.0000 0.7102 -0.7040
vn -0.0000 -0.9459 -0.3245
vn -0.0000 -0.9935 -0.1134
vn -0.0000 -0.8481 -0.5299
vn -0.0000 -0.3219 0.9468
vn -0.0000 -0.1149 -0.9934
vn -0.0000 0.5290 -0.8486
vn -0.0000 0.3423 -0.9396
vn -0.0000 0.1145 -0.9934
vn -0.0000 -0.7085 -0.7057
vn -0.0000 -0.1604 0.9870
vn -0.0000 0.0687 0.9976
vn -0.0000 -0.5274 -0.8496
vn -0.0000 -0.3423 -0.9396
vn -0.0000 0.3219 0.9468
vn -0.0000 0.7088 0.7054
vn 0.0013 0.7046 0.7096
vn -0.0000 -0.7085 0.7057
vn -0.0000 0.1145 0.9934
vn -0.0000 -0.1149 0.9934
vn 0.0014 0.5453 0.8383
vn -0.0000 0.5398 0.8418
vn -0.0000 -0.8481 0.5299
s 0
f 790//533 798//533 787//533
f 794//534 799//534 1331//534
f 794//535 1331//535 788//535
f 795//533 798//533 796//533
f 792//533 796//533 798//533
f 792//533 798//533 790//533
f 800//536 801//536 1331//536
f 800//537 1331//537 799//537
f 797//538 1331//538 1325//538
f 799//539 803//539 802//539
f 799//539 802//539 800//539
f 788//540 1331//540 789//540
f 1331//541 797//541 791//541
f 1331//542 791//542 789//542
f 789//543 790//543 787//543
f 789//543 787//543 788//543
f 791//544 792//544 790//544
f 791//544 790//544 789//544
f 784//545 786//545 1323//545
f 784//546 1323//546 782//546
f 1323//533 1324//533 1322//533
f 1323//547 1322//547 782//547
f 793//548 794//548 788//548
f 793//548 788//548 787//548
f 1327//549 1328//549 798//549
f 1327//550 798//550 795//550
f 1329//551 1330//551 798//551
f 1329//552 798//552 1328//552
f 1326//553 1327//553 795//553
f 1326//554 795//554 1325//554
f 796//555 797//555 1325//555
f 796//556 1325//556 795//556
f 1330//557 1332//557 808//557
f 1330//558 808//558 798//558
f 804//533 798//533 807//533
f 1332//559 1333//559 1331//559
f 1332//560 1331//560 808//560
f 1331//561 1305//561 1334//561
f 1331//562 1334//562 808//562
f 808//563 1334//563 1304//563
f 808//563 1304//563 798//563
f 809//564 1309//564 769//564
f 809//565 769//565 770//565
f 797//566 796//566 792//566
f 797//566 792//566 791//566
f 770//567 1311//567 1335//567
f 770//567 1335//567 809//567
f 809//568 1335//568 1309//568
f 798//533 803//533 793//533
f 798//533 793//533 787//533
f 798//533 804//533 802//533
f 798//533 802//533 803//533
f 800//569 802//569 804//569
f 800//569 804//569 801//569
f 803//570 799//570 794//570
f 803//570 794//570 793//570
f 806//571 807//571 798//571
f 806//571 798//571 805//571
f 801//572 806//572 805//572
f 801//573 805//573 1331//573
f 1305//574 1331//574 805//574
f 1305//575 805//575 759//575
f 798//576 1304//576 759//576
f 798//577 759//577 805//577
f 807//578 806//578 801//578
f 807//578 801//578 804//578
f 1323//579 786//579 773//579
f 1323//580 773//580 772//580
f 760//533 1306//533 1307//533
f 1312//581 1313//581 764//581
f 1312//582 764//582 1308//582
f 768//533 1307//533 770//533
f 768//533 770//533 769//533
f 767//533 1307//533 768//533
f 761//582 1308//582 764//582
f 761//572 764//572 762//572
f 764//583 1313//583 1314//583
f 764//583 1314//583 765//583
f 765//533 1314//533 1306//533
f 766//584 1309//584 1308//584
f 763//585 1308//585 761//585
f 761//586 762//586 1306//586
f 761//587 1306//587 760//587
f 1307//588 763//588 761//588
f 1307//589 761//589 760//589
f 759//590 1304//590 1302//590
f 759//590 1302//590 1303//590
f 759//590 1303//590 1305//590
f 765//591 1306//591 762//591
f 765//592 762//592 764//592
f 769//593 1309//593 766//593
f 769//594 766//594 768//594
f 1310//533 1311//533 770//533
f 1310//533 770//533 1307//533
f 766//595 1308//595 767//595
f 766//596 767//596 768//596
f 1307//597 767//597 1308//597
f 1307//598 1308//598 763//598
f 783//599 784//599 782//599
f 783//599 782//599 781//599
f 785//600 786//600 784//600
f 785//600 784//600 783//600
f 1321//572 1318//572 779//572
f 1321//572 779//572 780//572
f 1322//601 1321//601 781//601
f 1322//601 781//601 782//601
f 786//602 785//602 774//602
f 786//602 774//602 773//602
f 1321//572 785//572 783//572
f 1321//572 783//572 781//572
f 777//603 1316//603 1323//603
f 777//604 1323//604 772//604
f 1321//572 780//572 771//572
f 1321//572 771//572 774//572
f 785//572 1321//572 774//572
f 776//605 1315//605 1316//605
f 776//605 1316//605 777//605
f 778//606 1317//606 1315//606
f 778//607 1315//607 775//607
f 773//608 774//608 771//608
f 773//608 771//608 772//608
f 775//609 1315//609 776//609
f 775//610 1318//610 1319//610
f 775//611 1319//611 778//611
f 777//612 780//612 779//612
f 777//612 779//612 776//612
f 771//613 780//613 777//613
f 771//613 777//613 772//613
f 778//614 1319//614 1320//614
f 778//615 1320//615 1317//615
f 776//616 779//616 1318//616
f 776//617 1318//617 775//617
f 829//572 815//572 811//572
f 829//572 811//572 810//572
f 833//618 832//618 822//618
f 833//618 822//618 821//618
f 832//619 833//619 814//619
f 832//619 814//619 815//619
f 829//620 834//620 835//620
f 829//620 835//620 830//620
f 834//621 829//621 810//621
f 834//621 810//621 813//621
f 815//572 829//572 832//572
f 822//572 832//572 829//572
f 822//572 829//572 819//572
f 1357//572 1355//572 829//572
f 1357//572 829//572 1353//572
f 829//572 1355//572 1356//572
f 829//572 1356//572 1354//572
f 829//572 1354//572 1350//572
f 829//572 1350//572 825//572
f 829//572 825//572 823//572
f 829//572 823//572 819//572
f 829//572 830//572 831//572
f 829//572 831//572 827//572
f 1353//572 829//572 827//572
f 831//622 836//622 828//622
f 831//622 828//622 827//622
f 812//533 814//533 834//533
f 812//533 834//533 813//533
f 821//533 814//533 833//533
f 1366//623 1367//623 1363//623
f 1366//623 1363//623 1362//623
f 1364//624 1365//624 1362//624
f 1364//624 1362//624 1363//624
f 830//625 835//625 836//625
f 830//625 836//625 831//625
f 834//533 814//533 835//533
f 826//533 1351//533 814//533
f 826//533 814//533 824//533
f 1361//533 1360//533 814//533
f 1361//533 814//533 1351//533
f 814//533 1360//533 1358//533
f 814//533 1358//533 1359//533
f 836//533 835//533 814//533
f 836//533 814//533 828//533
f 814//533 1359//533 1352//533
f 814//533 1352//533 828//533
f 820//533 824//533 814//533
f 820//533 814//533 821//533
f 1339//533 1348//533 1346//533
f 1339//533 1346//533 1336//533
f 1346//626 812//626 813//626
f 1346//627 813//627 1347//627
f 1346//590 1304//590 1334//590
f 1346//590 1334//590 812//590
f 811//628 815//628 814//628
f 811//628 814//628 812//628
f 812//590 1334//590 1305//590
f 812//590 1305//590 811//590
f 1348//590 1349//590 1302//590
f 1348//590 1302//590 1346//590
f 1302//590 1304//590 1346//590
f 1341//629 1344//629 1303//629
f 1341//590 1303//590 1342//590
f 1340//630 1341//630 1342//630
f 1340//590 1342//590 1343//590
f 1338//631 1339//631 1336//631
f 1338//631 1336//631 1337//631
f 1337//572 1343//572 1342//572
f 1337//572 1342//572 1338//572
f 1303//632 810//632 811//632
f 1303//590 811//590 1305//590
f 1345//633 810//633 1303//633
f 1345//590 1303//590 1344//590
f 823//634 824//634 820//634
f 823//634 820//634 819//634
f 821//635 822//635 819//635
f 821//635 819//635 820//635
f 818//572 1331//572 1333//572
f 1352//636 1353//636 827//636
f 1352//636 827//636 828//636
f 1350//637 1351//637 826//637
f 1350//637 826//637 825//637
f 825//638 826//638 824//638
f 825//638 824//638 823//638
f 1331//572 818//572 817//572
f 1331//572 817//572 816//572
f 818//639 1330//639 1329//639
f 818//640 1329//640 817//640
f 817//641 1329//641 1328//641
f 817//642 1328//642 816//642
f 1345//590 1347//590 813//590
f 1345//590 813//590 810//590
f 1326//572 1325//572 1331//572
f 1326//572 1331//572 816//572
f 1333//643 1332//643 1330//643
f 1333//644 1330//644 818//644
f 1327//645 1326//645 816//645
f 1327//646 816//646 1328//646
f 877//647 878//647 879//647
f 877//648 879//648 845//648
f 1324//649 845//649 879//649
f 877//650 881//650 880//650
f 877//650 880//650 878//650
f 837//651 876//651 1408//651
f 837//652 1408//652 875//652
f 1409//572 1407//572 1405//572
f 1409//572 1405//572 1404//572
f 1409//653 1410//653 874//653
f 1409//654 874//654 1407//654
f 1322//655 1324//655 879//655
f 1322//656 879//656 1414//656
f 881//657 882//657 883//657
f 881//657 883//657 880//657
f 874//658 883//658 882//658
f 874//658 882//658 875//658
f 880//572 1412//572 1411//572
f 880//572 1411//572 878//572
f 1413//572 878//572 1411//572
f 1414//659 879//659 878//659
f 1414//572 878//572 1413//572
f 871//660 864//660 851//660
f 871//660 851//660 850//660
f 865//661 872//661 870//661
f 865//661 870//661 858//661
f 853//533 871//533 850//533
f 853//533 850//533 849//533
f 858//662 870//662 869//662
f 858//662 869//662 856//662
f 863//533 868//533 869//533
f 863//533 869//533 855//533
f 864//663 871//663 872//663
f 864//663 872//663 865//663
f 1404//664 1405//664 1406//664
f 1404//665 1406//665 873//665
f 875//666 1408//666 1407//666
f 875//666 1407//666 874//666
f 1406//533 1408//533 876//533
f 1406//533 876//533 873//533
f 853//533 852//533 871//533
f 870//533 872//533 854//533
f 870//533 854//533 855//533
f 872//533 871//533 852//533
f 872//533 852//533 854//533
f 1423//667 1424//667 1422//667
f 1423//668 1422//668 887//668
f 861//669 1402//669 1423//669
f 861//670 1423//670 887//670
f 1425//671 1421//671 1410//671
f 886//533 885//533 884//533
f 886//533 884//533 873//533
f 887//533 884//533 885//533
f 1422//672 1418//672 884//672
f 1422//673 884//673 887//673
f 1410//572 1427//572 1429//572
f 1410//572 1429//572 1428//572
f 886//533 873//533 876//533
f 844//674 886//674 876//674
f 844//674 876//674 837//674
f 1426//572 1427//572 1410//572
f 1426//572 1410//572 1421//572
f 1426//572 1421//572 1420//572
f 874//572 1410//572 1428//572
f 874//572 1428//572 1417//572
f 845//533 841//533 837//533
f 837//533 881//533 877//533
f 837//533 877//533 845//533
f 882//533 881//533 837//533
f 882//533 837//533 875//533
f 883//572 1415//572 1412//572
f 883//572 1412//572 880//572
f 874//572 1417//572 1416//572
f 874//572 1416//572 883//572
f 1415//572 883//572 1416//572
f 843//675 885//675 886//675
f 843//675 886//675 844//675
f 860//676 867//676 885//676
f 860//676 885//676 843//676
f 887//533 885//533 867//533
f 887//533 867//533 861//533
f 884//677 1418//677 1404//677
f 884//678 1404//678 873//678
f 1420//572 1421//572 1400//572
f 1420//572 1400//572 1419//572
f 1419//572 1400//572 1399//572
f 870//533 855//533 869//533
f 846//679 1374//679 1375//679
f 846//680 1375//680 847//680
f 848//681 847//681 1375//681
f 848//682 1375//682 1368//682
f 1376//683 1374//683 846//683
f 1376//684 846//684 1317//684
f 1369//590 1342//590 1303//590
f 1303//572 1370//572 1371//572
f 1303//572 1371//572 1369//572
f 1371//572 1373//572 1372//572
f 1371//572 1372//572 1369//572
f 1378//685 1379//685 852//685
f 1378//686 852//686 853//686
f 1377//687 1378//687 853//687
f 1377//688 853//688 849//688
f 1382//572 1383//572 1380//572
f 1382//572 1380//572 1381//572
f 1338//689 1377//689 849//689
f 1338//690 849//690 1339//690
f 1348//533 1339//533 849//533
f 1348//533 849//533 850//533
f 1349//691 1348//691 850//691
f 1349//691 850//691 851//691
f 1302//692 1349//692 843//692
f 1302//693 843//693 840//693
f 842//694 1316//694 1315//694
f 842//695 1315//695 838//695
f 841//696 1323//696 1316//696
f 841//697 1316//697 842//697
f 839//533 840//533 837//533
f 839//533 837//533 838//533
f 837//533 841//533 842//533
f 837//533 842//533 838//533
f 840//533 843//533 844//533
f 840//533 844//533 837//533
f 839//698 846//698 847//698
f 839//698 847//698 840//698
f 847//699 848//699 1302//699
f 847//700 1302//700 840//700
f 1302//701 848//701 1368//701
f 1302//702 1368//702 1303//702
f 845//703 1324//703 1323//703
f 845//704 1323//704 841//704
f 838//705 1315//705 846//705
f 838//706 846//706 839//706
f 846//707 1315//707 1317//707
f 1403//708 1401//708 862//708
f 1403//709 862//709 863//709
f 1390//710 1403//710 863//710
f 1390//711 863//711 855//711
f 843//712 1349//712 851//712
f 843//533 851//533 864//533
f 843//533 858//533 856//533
f 843//533 856//533 857//533
f 859//533 860//533 843//533
f 859//533 843//533 857//533
f 1401//713 1402//713 861//713
f 1401//714 861//714 862//714
f 859//715 866//715 867//715
f 859//715 867//715 860//715
f 857//716 868//716 866//716
f 857//716 866//716 859//716
f 856//717 869//717 868//717
f 856//717 868//717 857//717
f 843//533 864//533 865//533
f 843//533 865//533 858//533
f 861//533 867//533 866//533
f 861//533 866//533 862//533
f 862//533 866//533 868//533
f 862//533 868//533 863//533
f 1384//572 1386//572 1387//572
f 1384//572 1387//572 1382//572
f 1388//572 1387//572 1386//572
f 1379//718 1389//718 854//718
f 1379//719 854//719 852//719
f 1381//572 1384//572 1382//572
f 1385//572 1383//572 1372//572
f 1385//572 1372//572 1373//572
f 1385//572 1380//572 1383//572
f 1388//572 1394//572 1393//572
f 1388//572 1393//572 1387//572
f 1397//572 1398//572 1396//572
f 1397//572 1396//572 1395//572
f 1399//572 1400//572 1398//572
f 1399//572 1398//572 1397//572
f 1389//720 1390//720 855//720
f 1389//721 855//721 854//721
f 1393//572 1394//572 1391//572
f 1393//572 1391//572 1392//572
f 1395//572 1396//572 1392//572
f 1395//572 1392//572 1391//572
f 907//722 918//722 910//722
f 907//722 910//722 908//722
f 920//723 1312//723 919//723
f 920//724 919//724 914//724
f 914//725 919//725 910//725
f 914//725 910//725 918//725
f 920//726 1314//726 1313//726
f 920//727 1313//727 1312//727
f 908//572 910//572 899//572
f 920//728 914//728 1314//728
f 918//533 907//533 914//533
f 893//729 1307//729 1306//729
f 893//730 1306//730 1314//730
f 912//572 913//572 900//572
f 912//572 900//572 899//572
f 899//731 1335//731 911//731
f 899//572 911//572 912//572
f 893//732 1314//732 914//732
f 893//533 914//533 907//533
f 917//733 1310//733 1307//733
f 917//734 1307//734 916//734
f 893//533 915//533 916//533
f 893//730 916//730 1307//730
f 907//735 906//735 1433//735
f 907//736 1433//736 893//736
f 919//737 1312//737 910//737
f 1444//738 1445//738 1442//738
f 1444//738 1442//738 1443//738
f 921//572 912//572 911//572
f 909//739 911//739 1335//739
f 1431//740 1446//740 1447//740
f 1431//740 1447//740 1437//740
f 900//741 915//741 893//741
f 900//741 893//741 901//741
f 1431//742 1437//742 895//742
f 1431//742 895//742 889//742
f 895//743 901//743 893//743
f 895//743 893//743 889//743
f 909//744 1310//744 923//744
f 909//745 923//745 911//745
f 911//746 923//746 917//746
f 911//746 917//746 921//746
f 921//747 917//747 922//747
f 921//747 922//747 912//747
f 922//533 917//533 916//533
f 912//748 922//748 916//748
f 912//748 916//748 913//748
f 916//749 915//749 900//749
f 916//749 900//749 913//749
f 923//750 1310//750 917//750
f 1439//751 1434//751 894//751
f 1439//752 894//752 897//752
f 894//753 1434//753 899//753
f 894//572 899//572 895//572
f 898//754 1439//754 897//754
f 898//755 897//755 896//755
f 900//572 901//572 895//572
f 900//572 895//572 899//572
f 896//572 902//572 905//572
f 896//572 905//572 898//572
f 902//756 1440//756 1441//756
f 902//756 1441//756 903//756
f 904//757 905//757 902//757
f 904//757 902//757 903//757
f 1432//758 892//758 888//758
f 1432//759 888//759 889//759
f 891//760 892//760 1432//760
f 891//761 1432//761 890//761
f 1431//762 889//762 888//762
f 1431//763 888//763 1430//763
f 1433//764 1432//764 889//764
f 1433//765 889//765 893//765
f 894//766 1438//766 896//766
f 894//767 896//767 897//767
f 894//768 895//768 1437//768
f 894//769 1437//769 1438//769
f 1434//770 1435//770 1436//770
f 1434//770 1436//770 1433//770
f 896//572 1438//572 1440//572
f 896//572 1440//572 902//572
f 890//533 1408//533 1406//533
f 890//533 1406//533 904//533
f 890//771 1432//771 1436//771
f 890//772 1436//772 1408//772
f 1405//572 1407//572 898//572
f 1405//572 898//572 905//572
f 907//773 908//773 899//773
f 907//773 899//773 906//773
f 910//774 1312//774 1308//774
f 910//775 1308//775 899//775
f 899//776 1308//776 1309//776
f 899//776 1309//776 1335//776
f 909//777 1335//777 1311//777
f 909//778 1311//778 1310//778
f 892//779 891//779 1430//779
f 892//780 1430//780 888//780
f 1441//533 1430//533 891//533
f 1441//533 891//533 903//533
f 890//533 904//533 903//533
f 890//533 903//533 891//533
f 1406//781 1405//781 905//781
f 1406//781 905//781 904//781
f 1407//782 1435//782 1439//782
f 1407//783 1439//783 898//783
f 899//784 1434//784 1433//784
f 899//784 1433//784 906//784
f 1407//782 1408//782 1436//782
f 1407//782 1436//782 1435//782
f 1362//572 1365//572 978//572
f 1362//572 978//572 1366//572
f 979//572 978//572 981//572
f 977//572 981//572 978//572
f 977//572 978//572 974//572
f 973//785 939//785 938//785
f 973//785 938//785 936//785
f 976//786 977//786 974//786
f 976//786 974//786 975//786
f 980//787 1366//787 978//787
f 980//572 978//572 979//572
f 985//533 986//533 976//533
f 985//533 976//533 975//533
f 985//788 1367//788 983//788
f 985//533 983//533 987//533
f 985//789 1364//789 1363//789
f 985//790 1363//790 1367//790
f 974//572 978//572 982//572
f 1367//791 1366//791 980//791
f 1367//791 980//791 983//791
f 984//533 985//533 975//533
f 969//792 972//792 971//792
f 969//792 971//792 937//792
f 971//572 936//572 937//572
f 967//572 937//572 1452//572
f 938//572 931//572 936//572
f 968//793 969//793 937//793
f 968//793 937//793 967//793
f 1452//794 970//794 968//794
f 1452//795 968//795 967//795
f 1452//796 1461//796 1462//796
f 1452//797 1462//797 970//797
f 939//533 973//533 972//533
f 939//533 972//533 969//533
f 940//533 1463//533 1464//533
f 940//533 1464//533 1453//533
f 972//798 973//798 936//798
f 972//799 936//799 971//799
f 1462//533 1463//533 940//533
f 1462//533 940//533 939//533
f 1462//533 939//533 970//533
f 968//533 970//533 939//533
f 968//533 939//533 969//533
f 1347//800 985//800 998//800
f 1347//801 998//801 924//801
f 978//802 1365//802 1000//802
f 978//572 1000//572 1001//572
f 993//572 978//572 995//572
f 992//572 994//572 978//572
f 992//572 978//572 993//572
f 996//533 998//533 985//533
f 996//533 985//533 991//533
f 1364//803 985//803 999//803
f 1365//804 1364//804 999//804
f 1365//804 999//804 1000//804
f 978//805 998//805 996//805
f 978//806 996//806 995//806
f 978//807 1344//807 924//807
f 978//808 924//808 998//808
f 1001//809 1345//809 1344//809
f 1001//809 1344//809 978//809
f 985//810 1001//810 1000//810
f 985//811 1000//811 999//811
f 985//812 1347//812 1345//812
f 985//812 1345//812 1001//812
f 978//572 994//572 997//572
f 978//572 997//572 982//572
f 981//813 986//813 987//813
f 981//813 987//813 979//813
f 986//814 981//814 977//814
f 986//814 977//814 976//814
f 979//815 987//815 983//815
f 979//816 983//816 980//816
f 986//533 985//533 987//533
f 988//533 989//533 985//533
f 988//533 985//533 984//533
f 990//533 991//533 985//533
f 990//533 985//533 989//533
f 995//817 996//817 991//817
f 995//817 991//817 993//817
f 997//818 988//818 984//818
f 997//819 984//819 982//819
f 988//820 997//820 994//820
f 988//820 994//820 989//820
f 982//821 984//821 975//821
f 982//821 975//821 974//821
f 990//822 992//822 993//822
f 990//822 993//822 991//822
f 989//823 994//823 992//823
f 989//823 992//823 990//823
f 960//824 959//824 955//824
f 960//824 955//824 956//824
f 947//533 942//533 943//533
f 945//533 943//533 1454//533
f 948//825 949//825 942//825
f 948//825 942//825 947//825
f 1453//533 1454//533 943//533
f 1453//533 943//533 942//533
f 1454//826 1455//826 944//826
f 1454//826 944//826 945//826
f 945//827 944//827 946//827
f 945//827 946//827 943//827
f 941//828 952//828 927//828
f 941//828 927//828 926//828
f 950//533 941//533 942//533
f 926//533 925//533 941//533
f 948//829 947//829 943//829
f 948//829 943//829 946//829
f 949//830 951//830 950//830
f 949//830 950//830 942//830
f 951//831 952//831 941//831
f 951//831 941//831 950//831
f 925//533 929//533 940//533
f 925//533 940//533 1453//533
f 928//832 930//832 929//832
f 928//832 929//832 925//832
f 930//572 928//572 931//572
f 934//833 935//833 932//833
f 934//833 932//833 933//833
f 1344//590 1341//590 1448//590
f 1344//590 1448//590 924//590
f 1346//590 1347//590 924//590
f 1346//590 924//590 1449//590
f 927//834 928//834 925//834
f 927//834 925//834 926//834
f 939//835 940//835 931//835
f 939//835 931//835 938//835
f 931//836 940//836 929//836
f 931//836 929//836 930//836
f 1453//533 942//533 941//533
f 1453//533 941//533 925//533
f 1449//837 924//837 1448//837
f 1449//533 1448//533 1450//533
f 1451//572 936//572 931//572
f 1451//572 931//572 928//572
f 1451//572 1452//572 937//572
f 1451//572 937//572 936//572
f 962//838 1456//838 932//838
f 961//839 965//839 1456//839
f 961//840 1456//840 962//840
f 963//841 935//841 1458//841
f 960//842 1459//842 1458//842
f 960//729 1458//729 959//729
f 963//843 964//843 961//843
f 963//843 961//843 962//843
f 935//844 963//844 962//844
f 935//844 962//844 932//844
f 964//845 966//845 965//845
f 964//845 965//845 961//845
f 956//846 1457//846 1459//846
f 956//846 1459//846 960//846
f 1457//847 1460//847 1450//847
f 1457//847 1450//847 1459//847
f 963//848 1458//848 966//848
f 963//533 966//533 964//533
f 966//849 1458//849 1456//849
f 966//849 1456//849 965//849
f 1341//850 1456//850 1458//850
f 1341//850 1458//850 1448//850
f 934//851 958//851 1458//851
f 934//790 1458//790 935//790
f 948//572 927//572 949//572
f 927//572 952//572 951//572
f 927//572 951//572 949//572
f 1456//852 955//852 953//852
f 1456//853 953//853 954//853
f 1451//572 928//572 1455//572
f 944//572 1455//572 928//572
f 944//572 928//572 927//572
f 927//572 948//572 946//572
f 927//572 946//572 944//572
f 933//854 954//854 958//854
f 933//854 958//854 934//854
f 959//855 957//855 953//855
f 959//856 953//856 955//856
f 957//851 959//851 1458//851
f 957//851 1458//851 958//851
f 1456//857 954//857 933//857
f 1456//858 933//858 932//858
f 1456//859 1457//859 956//859
f 1456//852 956//852 955//852
f 957//860 958//860 954//860
f 957//860 954//860 953//860
f 1007//572 1498//572 1471//572
f 1007//572 1471//572 1494//572
f 1499//572 1496//572 1007//572
f 1499//572 1007//572 1494//572
f 1470//861 1502//861 1503//861
f 1470//861 1503//861 1474//861
f 1479//862 1500//862 1501//862
f 1479//863 1501//863 1003//863
f 1491//864 1490//864 1498//864
f 1491//865 1498//865 1007//865
f 1492//866 1495//866 1493//866
f 1492//866 1493//866 1494//866
f 1490//533 1491//533 1492//533
f 1490//533 1492//533 1477//533
f 1007//867 1496//867 1497//867
f 1007//868 1497//868 1491//868
f 1477//869 1492//869 1494//869
f 1477//869 1494//869 1471//869
f 1481//533 1509//533 1508//533
f 1481//533 1508//533 1004//533
f 1004//870 1508//870 1507//870
f 1004//871 1507//871 1480//871
f 1474//533 1503//533 1500//533
f 1474//533 1500//533 1479//533
f 1478//533 1481//533 1004//533
f 1478//533 1004//533 1446//533
f 1506//872 1481//872 1005//872
f 1506//873 1005//873 1008//873
f 1447//572 1480//572 1005//572
f 1447//572 1005//572 1002//572
f 1480//572 1504//572 1008//572
f 1480//572 1008//572 1005//572
f 1505//874 1506//874 1008//874
f 1505//875 1008//875 1504//875
f 1003//572 1501//572 1502//572
f 1003//572 1502//572 1470//572
f 1476//533 1487//533 1006//533
f 1476//533 1006//533 1472//533
f 1438//572 1469//572 1465//572
f 1438//572 1465//572 1440//572
f 1469//876 1003//876 1470//876
f 1469//740 1470//740 1471//740
f 1476//740 1477//740 1471//740
f 1476//740 1471//740 1475//740
f 1470//740 1474//740 1472//740
f 1470//740 1472//740 1473//740
f 1002//877 1003//877 1469//877
f 1002//740 1469//740 1447//740
f 1468//740 1431//740 1430//740
f 1468//740 1430//740 1467//740
f 1441//878 1440//878 1465//878
f 1441//878 1465//878 1466//878
f 1469//740 1438//740 1437//740
f 1469//740 1437//740 1447//740
f 1466//533 1467//533 1430//533
f 1466//533 1430//533 1441//533
f 1485//879 1488//879 1486//879
f 1485//879 1486//879 1487//879
f 1484//572 1485//572 1475//572
f 1484//572 1475//572 1473//572
f 1489//533 1482//533 1006//533
f 1489//533 1006//533 1487//533
f 1475//880 1485//880 1487//880
f 1475//880 1487//880 1476//880
f 1484//881 1473//881 1472//881
f 1484//882 1472//882 1006//882
f 1480//883 1447//883 1446//883
f 1480//884 1446//884 1004//884
f 1478//740 1479//740 1003//740
f 1478//740 1003//740 1002//740
f 1483//885 1484//885 1006//885
f 1483//886 1006//886 1482//886
f 1481//887 1478//887 1002//887
f 1481//888 1002//888 1005//888
f 1044//889 1400//889 1421//889
f 1044//890 1421//890 1043//890
f 1035//891 1420//891 1419//891
f 1035//892 1419//892 1034//892
f 1043//893 1421//893 1425//893
f 1043//894 1425//894 1042//894
f 1020//895 1427//895 1426//895
f 1020//896 1426//896 1036//896
f 1019//897 1429//897 1427//897
f 1019//898 1427//898 1020//898
f 1042//572 1424//572 1043//572
f 1425//775 1409//775 1404//775
f 1425//572 1404//572 1418//572
f 1017//899 1428//899 1429//899
f 1017//900 1429//900 1019//900
f 1425//878 1422//878 1424//878
f 1425//901 1424//901 1042//901
f 1037//572 1038//572 1009//572
f 1037//572 1009//572 1033//572
f 1039//572 1040//572 1009//572
f 1039//572 1009//572 1038//572
f 1009//572 1035//572 1034//572
f 1009//572 1034//572 1033//572
f 1036//572 1035//572 1009//572
f 1036//572 1009//572 1020//572
f 1009//572 1040//572 1041//572
f 1009//572 1041//572 1032//572
f 1029//572 1012//572 1028//572
f 1036//902 1426//902 1420//902
f 1036//903 1420//903 1035//903
f 1009//572 1032//572 1030//572
f 1009//572 1030//572 1028//572
f 1028//572 1012//572 1011//572
f 1028//572 1011//572 1009//572
f 1422//572 1425//572 1418//572
f 1044//572 1423//572 1402//572
f 1044//572 1402//572 1048//572
f 1424//572 1423//572 1044//572
f 1424//572 1044//572 1043//572
f 1033//904 1399//904 1397//904
f 1033//905 1397//905 1037//905
f 1048//906 1398//906 1400//906
f 1048//907 1400//907 1044//907
f 1402//572 1401//572 1047//572
f 1402//572 1047//572 1048//572
f 1389//572 1379//572 1031//572
f 1046//572 1403//572 1390//572
f 1046//572 1390//572 1045//572
f 1047//572 1401//572 1403//572
f 1047//572 1403//572 1046//572
f 1045//572 1390//572 1389//572
f 1045//572 1389//572 1031//572
f 1041//908 1388//908 1386//908
f 1041//909 1386//909 1032//909
f 1040//910 1394//910 1388//910
f 1040//911 1388//911 1041//911
f 1031//912 1387//912 1393//912
f 1031//913 1393//913 1045//913
f 1045//914 1393//914 1392//914
f 1045//915 1392//915 1046//915
f 1039//916 1391//916 1394//916
f 1039//917 1394//917 1040//917
f 1047//918 1396//918 1398//918
f 1047//919 1398//919 1048//919
f 1046//920 1392//920 1396//920
f 1046//921 1396//921 1047//921
f 1038//922 1395//922 1391//922
f 1038//923 1391//923 1039//923
f 1037//924 1397//924 1395//924
f 1037//925 1395//925 1038//925
f 1018//572 1017//572 1009//572
f 1018//572 1009//572 1016//572
f 1021//572 1014//572 1009//572
f 1021//572 1009//572 1010//572
f 1016//926 1416//926 1417//926
f 1016//927 1417//927 1018//927
f 1019//572 1020//572 1009//572
f 1019//572 1009//572 1017//572
f 1015//572 1016//572 1009//572
f 1015//572 1009//572 1014//572
f 1321//928 1414//928 1413//928
f 1321//929 1413//929 1022//929
f 1414//928 1321//928 1322//928
f 1022//930 1413//930 1411//930
f 1022//931 1411//931 1021//931
f 1021//932 1411//932 1412//932
f 1021//933 1412//933 1014//933
f 1012//934 1385//934 1373//934
f 1012//935 1373//935 1011//935
f 1011//936 1373//936 1371//936
f 1011//937 1371//937 1009//937
f 1009//938 1371//938 1370//938
f 1009//939 1370//939 1010//939
f 1368//940 1010//940 1370//940
f 1368//572 1370//572 1303//572
f 1342//941 1369//941 1372//941
f 1342//942 1372//942 1013//942
f 1015//943 1415//943 1416//943
f 1015//944 1416//944 1016//944
f 1018//945 1417//945 1428//945
f 1018//946 1428//946 1017//946
f 1013//572 1377//572 1338//572
f 1013//572 1338//572 1342//572
f 1014//947 1412//947 1415//947
f 1014//948 1415//948 1015//948
f 1317//949 1320//949 1023//949
f 1317//950 1023//950 1376//950
f 1032//951 1386//951 1384//951
f 1032//952 1384//952 1030//952
f 1029//953 1380//953 1385//953
f 1029//954 1385//954 1012//954
f 1030//955 1384//955 1381//955
f 1030//956 1381//956 1028//956
f 1026//957 1382//957 1387//957
f 1026//958 1387//958 1031//958
f 1013//959 1372//959 1383//959
f 1013//960 1383//960 1027//960
f 1379//572 1378//572 1026//572
f 1379//572 1026//572 1031//572
f 1034//961 1419//961 1399//961
f 1034//962 1399//962 1033//962
f 1027//572 1378//572 1377//572
f 1027//572 1377//572 1013//572
f 1026//572 1378//572 1027//572
f 1010//963 1368//963 1375//963
f 1010//964 1375//964 1025//964
f 1022//572 1319//572 1318//572
f 1022//572 1318//572 1321//572
f 1024//965 1374//965 1376//965
f 1024//966 1376//966 1023//966
f 1025//967 1375//967 1374//967
f 1025//968 1374//968 1024//968
f 1320//572 1319//572 1022//572
f 1320//572 1022//572 1023//572
f 1027//969 1383//969 1382//969
f 1027//970 1382//970 1026//970
f 1028//971 1381//971 1380//971
f 1028//972 1380//972 1029//972
f 1022//572 1025//572 1024//572
f 1022//572 1024//572 1023//572
f 1010//572 1025//572 1022//572
f 1010//572 1022//572 1021//572
f 1086//572 1101//572 1095//572
f 1086//572 1095//572 1083//572
f 1096//973 1104//973 1103//973
f 1096//973 1103//973 1097//973
f 1101//572 1100//572 1096//572
f 1101//572 1096//572 1095//572
f 1057//974 1101//974 1086//974
f 1057//974 1086//974 1056//974
f 1059//975 1102//975 1100//975
f 1059//975 1100//975 1058//975
f 1060//976 1107//976 1102//976
f 1060//976 1102//976 1059//976
f 1100//572 1102//572 1104//572
f 1100//572 1104//572 1096//572
f 1103//533 1106//533 1099//533
f 1103//533 1099//533 1097//533
f 1062//976 1106//976 1105//976
f 1062//976 1105//976 1069//976
f 1061//977 1099//977 1106//977
f 1061//975 1106//975 1062//975
f 1058//978 1100//978 1101//978
f 1058//978 1101//978 1057//978
f 1093//533 1081//533 1092//533
f 1095//979 1096//979 1097//979
f 1095//979 1097//979 1092//979
f 1065//980 1093//980 1094//980
f 1065//980 1094//980 1064//980
f 1082//533 1072//533 1514//533
f 1082//533 1514//533 1081//533
f 1066//981 1081//981 1093//981
f 1066//982 1093//982 1065//982
f 1063//978 1098//978 1099//978
f 1063//978 1099//978 1061//978
f 1064//974 1094//974 1098//974
f 1064//974 1098//974 1063//974
f 1097//533 1099//533 1098//533
f 1097//533 1098//533 1092//533
f 1095//983 1092//983 1084//983
f 1095//983 1084//983 1083//983
f 1094//533 1093//533 1092//533
f 1094//533 1092//533 1098//533
f 1104//572 1102//572 1108//572
f 1104//984 1108//984 1119//984
f 1104//984 1119//984 1103//984
f 1112//985 1119//985 1108//985
f 1112//985 1108//985 1109//985
f 1456//572 1341//572 1340//572
f 1456//986 1340//986 1117//986
f 1118//572 1343//572 1337//572
f 1118//572 1337//572 1110//572
f 1456//987 1117//987 1116//987
f 1456//988 1116//988 1060//988
f 1107//572 1109//572 1108//572
f 1107//572 1108//572 1102//572
f 1107//572 1115//572 1109//572
f 1116//989 1115//989 1107//989
f 1116//989 1107//989 1060//989
f 1119//533 1112//533 1105//533
f 1119//533 1105//533 1106//533
f 1103//533 1119//533 1106//533
f 1115//572 1118//572 1110//572
f 1115//572 1110//572 1109//572
f 1346//990 1449//990 1071//990
f 1346//990 1071//990 1114//990
f 1069//989 1105//989 1113//989
f 1069//989 1113//989 1070//989
f 1070//991 1113//991 1114//991
f 1070//991 1114//991 1071//991
f 1111//992 1112//992 1109//992
f 1111//992 1109//992 1110//992
f 1110//993 1337//993 1336//993
f 1110//993 1336//993 1111//993
f 1117//991 1118//991 1115//991
f 1117//991 1115//991 1116//991
f 1340//990 1343//990 1118//990
f 1340//990 1118//990 1117//990
f 1336//533 1346//533 1114//533
f 1336//533 1114//533 1111//533
f 1111//533 1114//533 1113//533
f 1111//533 1113//533 1112//533
f 1105//533 1112//533 1113//533
f 1458//533 1459//533 1450//533
f 1458//533 1450//533 1448//533
f 1512//994 1513//994 1072//994
f 1512//995 1072//995 1068//995
f 1071//996 1449//996 1450//996
f 1071//692 1450//692 1070//692
f 1450//997 1068//997 1067//997
f 1450//998 1067//998 1066//998
f 1069//999 1070//999 1450//999
f 1069//999 1450//999 1062//999
f 1516//1000 1450//1000 1460//1000
f 1516//1000 1460//1000 1511//1000
f 1450//533 1516//533 1512//533
f 1450//1001 1512//1001 1068//1001
f 1050//1002 1515//1002 1510//1002
f 1513//533 1514//533 1072//533
f 1051//1003 1050//1003 1510//1003
f 1051//1004 1510//1004 1049//1004
f 1065//1005 1450//1005 1066//1005
f 1456//1006 1057//1006 1056//1006
f 1456//1007 1056//1007 1053//1007
f 1057//1008 1456//1008 1058//1008
f 1054//1009 1055//1009 1456//1009
f 1054//1010 1456//1010 1053//1010
f 1049//1011 1510//1011 1511//1011
f 1049//1012 1511//1012 1456//1012
f 1050//1013 1051//1013 1052//1013
f 1450//734 1063//734 1061//734
f 1450//999 1061//999 1062//999
f 1450//1014 1065//1014 1064//1014
f 1450//1014 1064//1014 1063//1014
f 1460//572 1457//572 1456//572
f 1460//572 1456//572 1511//572
f 1456//1015 1060//1015 1059//1015
f 1456//1016 1059//1016 1058//1016
f 1456//1009 1055//1009 1051//1009
f 1456//1017 1051//1017 1049//1017
f 1075//1018 1076//1018 1073//1018
f 1075//1018 1073//1018 1074//1018
f 1089//572 1088//572 1052//572
f 1089//572 1052//572 1077//572
f 1050//572 1052//572 1088//572
f 1050//1019 1088//1019 1515//1019
f 1091//878 1078//878 1077//878
f 1091//878 1077//878 1052//878
f 1055//1020 1080//1020 1052//1020
f 1055//1021 1052//1021 1051//1021
f 1091//1020 1052//1020 1080//1020
f 1091//572 1080//572 1078//572
f 1074//533 1084//533 1514//533
f 1074//533 1514//533 1075//533
f 1075//533 1514//533 1087//533
f 1075//533 1087//533 1090//533
f 1514//533 1084//533 1092//533
f 1514//533 1092//533 1081//533
f 1090//1022 1089//1022 1077//1022
f 1090//1023 1077//1023 1075//1023
f 1068//1024 1072//1024 1082//1024
f 1068//1024 1082//1024 1067//1024
f 1087//1025 1514//1025 1515//1025
f 1087//1025 1515//1025 1088//1025
f 1083//1026 1084//1026 1074//1026
f 1083//1026 1074//1026 1073//1026
f 1079//572 1085//572 1073//572
f 1079//572 1073//572 1076//572
f 1067//1027 1082//1027 1081//1027
f 1067//1027 1081//1027 1066//1027
f 1075//1028 1077//1028 1078//1028
f 1075//1029 1078//1029 1076//1029
f 1054//1030 1079//1030 1080//1030
f 1054//1030 1080//1030 1055//1030
f 1056//980 1086//980 1085//980
f 1056//980 1085//980 1053//980
f 1089//1031 1090//1031 1087//1031
f 1089//1031 1087//1031 1088//1031
f 1053//981 1085//981 1079//981
f 1053//981 1079//981 1054//981
f 1073//572 1085//572 1086//572
f 1073//572 1086//572 1083//572
f 1078//572 1080//572 1079//572
f 1078//572 1079//572 1076//572
f 1134//572 1129//572 1133//572
f 1134//1032 1133//1032 1469//1032
f 1136//1033 1135//1033 1469//1033
f 1136//1034 1469//1034 1133//1034
f 1137//572 1465//572 1469//572
f 1137//572 1469//572 1135//572
f 1121//572 1137//572 1135//572
f 1121//572 1135//572 1126//572
f 1136//572 1133//572 1132//572
f 1134//740 1498//740 1490//740
f 1134//740 1490//740 1468//740
f 1131//1035 1122//1035 1123//1035
f 1131//533 1123//533 1125//533
f 1135//1036 1136//1036 1132//1036
f 1135//1036 1132//1036 1126//1036
f 1469//740 1471//740 1498//740
f 1469//1037 1498//1037 1134//1037
f 1130//1038 1453//1038 1468//1038
f 1130//1039 1468//1039 1467//1039
f 1140//1036 1139//1036 1122//1036
f 1140//1036 1122//1036 1131//1036
f 1467//533 1466//533 1138//533
f 1467//533 1138//533 1139//533
f 1139//533 1138//533 1120//533
f 1139//533 1120//533 1122//533
f 1140//533 1131//533 1130//533
f 1466//1040 1465//1040 1137//1040
f 1466//1040 1137//1040 1138//1040
f 1468//1041 1453//1041 1129//1041
f 1468//1042 1129//1042 1134//1042
f 1130//1043 1467//1043 1139//1043
f 1130//1044 1139//1044 1140//1044
f 1120//1045 1138//1045 1137//1045
f 1120//1045 1137//1045 1121//1045
f 1124//1046 1511//1046 1510//1046
f 1124//1047 1510//1047 1126//1047
f 1455//1048 1454//1048 1125//1048
f 1455//1048 1125//1048 1451//1048
f 1464//1049 1463//1049 1127//1049
f 1464//1050 1127//1050 1128//1050
f 1126//572 1510//572 1515//572
f 1126//572 1515//572 1121//572
f 1516//1046 1511//1046 1124//1046
f 1516//1046 1124//1046 1123//1046
f 1512//1051 1516//1051 1122//1051
f 1512//1052 1122//1052 1513//1052
f 1515//1053 1514//1053 1120//1053
f 1515//1053 1120//1053 1121//1053
f 1514//533 1513//533 1122//533
f 1514//533 1122//533 1120//533
f 1122//1054 1516//1054 1123//1054
f 1127//1055 1461//1055 1452//1055
f 1127//1056 1452//1056 1451//1056
f 1129//572 1128//572 1127//572
f 1129//1057 1127//1057 1451//1057
f 1124//1035 1126//1035 1132//1035
f 1124//1058 1132//1058 1451//1058
f 1451//1059 1125//1059 1123//1059
f 1451//1059 1123//1059 1124//1059
f 1451//1060 1132//1060 1133//1060
f 1451//1061 1133//1061 1129//1061
f 1453//1062 1464//1062 1128//1062
f 1453//1063 1128//1063 1129//1063
f 1462//1064 1461//1064 1127//1064
f 1462//1064 1127//1064 1463//1064
f 1125//1065 1453//1065 1130//1065
f 1125//533 1130//533 1131//533
f 1125//1066 1454//1066 1453//1066
f 1207//533 1500//533 1503//533
f 1207//533 1503//533 1206//533
f 1199//1067 1200//1067 1182//1067
f 1199//1067 1182//1067 1186//1067
f 1206//533 1503//533 1205//533
f 1503//533 1203//533 1204//533
f 1503//533 1204//533 1178//533
f 1181//533 1205//533 1503//533
f 1181//533 1503//533 1178//533
f 1196//1068 1199//1068 1186//1068
f 1196//1068 1186//1068 1185//1068
f 1208//1069 1501//1069 1500//1069
f 1208//1069 1500//1069 1207//1069
f 1206//1070 1209//1070 1208//1070
f 1206//1070 1208//1070 1207//1070
f 1187//1071 1197//1071 1196//1071
f 1187//1071 1196//1071 1185//1071
f 1182//1072 1200//1072 1201//1072
f 1182//1072 1201//1072 1183//1072
f 1198//1073 1197//1073 1187//1073
f 1198//1073 1187//1073 1188//1073
f 1203//533 1503//533 1198//533
f 1189//572 1501//572 1184//572
f 1190//572 1191//572 1501//572
f 1190//572 1501//572 1189//572
f 1501//572 1188//572 1187//572
f 1501//572 1187//572 1185//572
f 1183//572 1184//572 1501//572
f 1183//572 1501//572 1182//572
f 1501//572 1185//572 1186//572
f 1501//572 1186//572 1182//572
f 1192//572 1193//572 1501//572
f 1192//572 1501//572 1191//572
f 1503//533 1200//533 1199//533
f 1503//533 1199//533 1196//533
f 1503//533 1202//533 1201//533
f 1503//533 1201//533 1200//533
f 1197//533 1198//533 1503//533
f 1197//533 1503//533 1196//533
f 1194//572 1501//572 1193//572
f 1195//572 1502//572 1501//572
f 1195//572 1501//572 1194//572
f 1503//1074 1502//1074 1195//1074
f 1503//1074 1195//1074 1219//1074
f 1503//533 1215//533 1214//533
f 1503//533 1214//533 1213//533
f 1193//1075 1216//1075 1218//1075
f 1193//1075 1218//1075 1194//1075
f 1191//1076 1215//1076 1217//1076
f 1191//1076 1217//1076 1192//1076
f 1218//1077 1219//1077 1195//1077
f 1218//1077 1195//1077 1194//1077
f 1503//533 1216//533 1217//533
f 1503//533 1217//533 1215//533
f 1201//1078 1202//1078 1184//1078
f 1201//1078 1184//1078 1183//1078
f 1354//1079 1361//1079 1351//1079
f 1354//1079 1351//1079 1350//1079
f 1202//1080 1213//1080 1189//1080
f 1202//1080 1189//1080 1184//1080
f 1503//533 1219//533 1218//533
f 1503//533 1218//533 1216//533
f 1202//533 1503//533 1213//533
f 1192//1081 1217//1081 1216//1081
f 1192//1081 1216//1081 1193//1081
f 1501//572 1210//572 1180//572
f 1501//572 1180//572 1179//572
f 1209//572 1210//572 1501//572
f 1209//572 1501//572 1208//572
f 1211//572 1212//572 1501//572
f 1211//572 1501//572 1179//572
f 1210//1082 1209//1082 1206//1082
f 1210//1082 1206//1082 1205//1082
f 1210//1083 1205//1083 1181//1083
f 1210//1083 1181//1083 1180//1083
f 1188//572 1501//572 1212//572
f 1213//1084 1214//1084 1190//1084
f 1213//1084 1190//1084 1189//1084
f 1190//1085 1214//1085 1215//1085
f 1190//1085 1215//1085 1191//1085
f 1188//1086 1212//1086 1203//1086
f 1188//1086 1203//1086 1198//1086
f 1212//1087 1211//1087 1204//1087
f 1212//1087 1204//1087 1203//1087
f 1178//1088 1204//1088 1211//1088
f 1178//1088 1211//1088 1179//1088
f 1180//1089 1181//1089 1178//1089
f 1180//1089 1178//1089 1179//1089
f 1158//1090 1161//1090 1160//1090
f 1158//1090 1160//1090 1159//1090
f 1151//1091 1159//1091 1160//1091
f 1151//1091 1160//1091 1150//1091
f 1480//572 1158//572 1159//572
f 1480//572 1159//572 1151//572
f 1480//572 1148//572 1147//572
f 1480//572 1147//572 1146//572
f 1480//572 1151//572 1149//572
f 1480//572 1149//572 1148//572
f 1163//533 1164//533 1481//533
f 1163//533 1481//533 1162//533
f 1161//533 1162//533 1481//533
f 1161//533 1481//533 1160//533
f 1150//533 1160//533 1481//533
f 1150//533 1481//533 1143//533
f 1166//533 1509//533 1481//533
f 1166//533 1481//533 1165//533
f 1442//533 1445//533 1481//533
f 1442//533 1481//533 1164//533
f 1165//533 1481//533 1445//533
f 1157//572 1504//572 1480//572
f 1157//572 1480//572 1156//572
f 1141//533 1506//533 1145//533
f 1146//1092 1147//1092 1141//1092
f 1146//1092 1141//1092 1145//1092
f 1506//533 1505//533 1144//533
f 1506//533 1144//533 1145//533
f 1481//533 1506//533 1141//533
f 1481//533 1141//533 1142//533
f 1143//533 1481//533 1142//533
f 1147//1093 1148//1093 1142//1093
f 1147//1093 1142//1093 1141//1093
f 1154//572 1155//572 1480//572
f 1154//572 1480//572 1153//572
f 1156//572 1480//572 1155//572
f 1152//572 1153//572 1480//572
f 1152//572 1480//572 1146//572
f 1142//1094 1148//1094 1149//1094
f 1142//1094 1149//1094 1143//1094
f 1149//1095 1151//1095 1150//1095
f 1149//1095 1150//1095 1143//1095
f 1505//1096 1504//1096 1157//1096
f 1505//1096 1157//1096 1174//1096
f 1144//533 1505//533 1176//533
f 1155//1097 1175//1097 1173//1097
f 1155//1097 1173//1097 1156//1097
f 1480//572 1167//572 1172//572
f 1480//572 1172//572 1158//572
f 1173//1098 1174//1098 1157//1098
f 1173//1098 1157//1098 1156//1098
f 1177//533 1176//533 1505//533
f 1177//533 1505//533 1175//533
f 1153//1099 1176//1099 1177//1099
f 1153//1099 1177//1099 1154//1099
f 1154//1100 1177//1100 1175//1100
f 1154//1100 1175//1100 1155//1100
f 1144//1101 1176//1101 1153//1101
f 1144//1101 1153//1101 1152//1101
f 1173//533 1175//533 1505//533
f 1173//533 1505//533 1174//533
f 1152//1102 1146//1102 1145//1102
f 1152//1102 1145//1102 1144//1102
f 1507//572 1171//572 1170//572
f 1507//572 1170//572 1169//572
f 1445//1103 1444//1103 1169//1103
f 1445//1103 1169//1103 1165//1103
f 1171//1104 1507//1104 1508//1104
f 1171//1105 1508//1105 1509//1105
f 1169//1106 1170//1106 1166//1106
f 1169//1106 1166//1106 1165//1106
f 1167//1107 1168//1107 1164//1107
f 1167//1107 1164//1107 1163//1107
f 1168//1108 1443//1108 1442//1108
f 1168//1108 1442//1108 1164//1108
f 1171//1109 1509//1109 1166//1109
f 1171//1110 1166//1110 1170//1110
f 1168//572 1507//572 1443//572
f 1444//572 1443//572 1507//572
f 1444//572 1507//572 1169//572
f 1480//572 1507//572 1168//572
f 1480//572 1168//572 1167//572
f 1172//1111 1167//1111 1163//1111
f 1172//1111 1163//1111 1162//1111
f 1158//1112 1172//1112 1162//1112
f 1158//1112 1162//1112 1161//1112
f 1489//1113 1284//1113 1288//1113
f 1489//1114 1288//1114 1277//1114
f 1287//1115 1288//1115 1284//1115
f 1287//1115 1284//1115 1283//1115
f 1272//572 1483//572 1285//572
f 1272//1116 1285//1116 1281//1116
f 1272//1116 1281//1116 1280//1116
f 1282//1117 1286//1117 1287//1117
f 1282//1117 1287//1117 1283//1117
f 1281//1118 1285//1118 1286//1118
f 1281//1118 1286//1118 1282//1118
f 1292//533 1293//533 1487//533
f 1292//533 1487//533 1291//533
f 1487//533 1486//533 1294//533
f 1487//533 1294//533 1291//533
f 1290//533 1487//533 1293//533
f 1483//572 1287//572 1286//572
f 1483//572 1286//572 1285//572
f 1288//572 1287//572 1483//572
f 1288//572 1483//572 1277//572
f 1487//533 1290//533 1289//533
f 1487//533 1289//533 1279//533
f 1484//572 1273//572 1274//572
f 1484//572 1274//572 1271//572
f 1275//1119 1276//1119 1274//1119
f 1275//1119 1274//1119 1273//1119
f 1482//1120 1489//1120 1277//1120
f 1482//1121 1277//1121 1483//1121
f 1484//572 1269//572 1267//572
f 1484//572 1267//572 1268//572
f 1484//572 1271//572 1270//572
f 1484//572 1270//572 1269//572
f 1484//572 1483//572 1272//572
f 1484//572 1272//572 1273//572
f 1282//533 1283//533 1487//533
f 1282//533 1487//533 1281//533
f 1284//533 1489//533 1487//533
f 1284//533 1487//533 1283//533
f 1280//1122 1275//1122 1273//1122
f 1280//1122 1273//1122 1272//1122
f 1487//533 1278//533 1276//533
f 1487//533 1276//533 1275//533
f 1278//533 1487//533 1279//533
f 1280//533 1281//533 1487//533
f 1280//533 1487//533 1275//533
f 1295//1123 1296//1123 1292//1123
f 1295//1123 1292//1123 1291//1123
f 1267//1124 1290//1124 1293//1124
f 1267//1124 1293//1124 1268//1124
f 1279//1125 1289//1125 1269//1125
f 1279//1125 1269//1125 1270//1125
f 1289//1126 1290//1126 1267//1126
f 1289//1126 1267//1126 1269//1126
f 1297//1127 1295//1127 1291//1127
f 1297//1127 1291//1127 1294//1127
f 1263//1128 1297//1128 1294//1128
f 1263//1128 1294//1128 1264//1128
f 1293//1129 1292//1129 1296//1129
f 1293//1129 1296//1129 1268//1129
f 1358//1130 1355//1130 1357//1130
f 1358//1130 1357//1130 1359//1130
f 1356//1131 1360//1131 1361//1131
f 1356//1131 1361//1131 1354//1131
f 1360//1132 1356//1132 1355//1132
f 1360//1132 1355//1132 1358//1132
f 1276//1133 1278//1133 1271//1133
f 1276//1133 1271//1133 1274//1133
f 1271//1134 1278//1134 1279//1134
f 1271//1134 1279//1134 1270//1134
f 1359//1135 1357//1135 1353//1135
f 1359//1135 1353//1135 1352//1135
f 1299//572 1485//572 1484//572
f 1299//572 1484//572 1298//572
f 1488//572 1485//572 1299//572
f 1296//572 1295//572 1484//572
f 1296//572 1484//572 1268//572
f 1484//572 1295//572 1297//572
f 1484//572 1297//572 1263//572
f 1262//572 1266//572 1484//572
f 1262//572 1484//572 1263//572
f 1298//572 1484//572 1266//572
f 1294//533 1486//533 1264//533
f 1486//533 1265//533 1261//533
f 1486//533 1261//533 1264//533
f 1486//533 1301//533 1300//533
f 1486//533 1300//533 1265//533
f 1300//1136 1301//1136 1299//1136
f 1300//1136 1299//1136 1298//1136
f 1300//1137 1298//1137 1266//1137
f 1300//1137 1266//1137 1265//1137
f 1486//1138 1488//1138 1299//1138
f 1486//1138 1299//1138 1301//1138
f 1239//1139 1241//1139 1240//1139
f 1239//1139 1240//1139 1238//1139
f 1230//1140 1238//1140 1240//1140
f 1230//1140 1240//1140 1229//1140
f 1242//572 1243//572 1494//572
f 1242//572 1494//572 1241//572
f 1227//533 1491//533 1228//533
f 1491//533 1238//533 1230//533
f 1491//533 1230//533 1228//533
f 1238//533 1491//533 1239//533
f 1246//572 1247//572 1494//572
f 1246//572 1494//572 1245//572
f 1248//572 1499//572 1494//572
f 1248//572 1494//572 1247//572
f 1249//1141 1250//1141 1244//1141
f 1249//1141 1244//1141 1243//1141
f 1241//572 1494//572 1240//572
f 1229//572 1240//572 1494//572
f 1229//572 1494//572 1224//572
f 1244//572 1245//572 1494//572
f 1244//572 1494//572 1243//572
f 1225//1142 1493//1142 1495//1142
f 1225//1142 1495//1142 1226//1142
f 1223//1143 1227//1143 1228//1143
f 1223//1143 1228//1143 1224//1143
f 1228//1144 1230//1144 1229//1144
f 1228//1144 1229//1144 1224//1144
f 1494//572 1493//572 1220//572
f 1494//572 1220//572 1221//572
f 1222//572 1223//572 1494//572
f 1222//572 1494//572 1221//572
f 1224//572 1494//572 1223//572
f 1235//533 1236//533 1491//533
f 1235//533 1491//533 1234//533
f 1491//533 1236//533 1237//533
f 1491//533 1237//533 1226//533
f 1226//533 1495//533 1492//533
f 1226//533 1492//533 1491//533
f 1231//1145 1227//1145 1223//1145
f 1231//1145 1223//1145 1222//1145
f 1231//533 1232//533 1491//533
f 1231//533 1491//533 1227//533
f 1233//533 1234//533 1491//533
f 1233//533 1491//533 1232//533
f 1250//1146 1251//1146 1245//1146
f 1250//1146 1245//1146 1244//1146
f 1234//1147 1260//1147 1259//1147
f 1234//1147 1259//1147 1235//1147
f 1220//572 1493//572 1260//572
f 1259//572 1260//572 1493//572
f 1259//572 1493//572 1258//572
f 1237//1148 1257//1148 1225//1148
f 1237//1148 1225//1148 1226//1148
f 1258//1149 1257//1149 1237//1149
f 1258//1149 1237//1149 1236//1149
f 1235//1150 1259//1150 1258//1150
f 1235//1150 1258//1150 1236//1150
f 1232//1151 1231//1151 1222//1151
f 1232//1151 1222//1151 1221//1151
f 1263//1152 1264//1152 1261//1152
f 1263//1152 1261//1152 1262//1152
f 1265//1153 1266//1153 1262//1153
f 1265//1153 1262//1153 1261//1153
f 1257//572 1258//572 1493//572
f 1257//572 1493//572 1225//572
f 1233//1154 1232//1154 1221//1154
f 1233//1154 1221//1154 1220//1154
f 1220//1155 1260//1155 1234//1155
f 1220//1155 1234//1155 1233//1155
f 1247//1156 1252//1156 1254//1156
f 1247//1156 1254//1156 1248//1156
f 1497//1157 1496//1157 1499//1157
f 1497//1158 1499//1158 1255//1158
f 1256//1159 1249//1159 1243//1159
f 1256//1159 1243//1159 1242//1159
f 1246//1160 1253//1160 1252//1160
f 1246//1160 1252//1160 1247//1160
f 1245//1161 1251//1161 1253//1161
f 1245//1161 1253//1161 1246//1161
f 1254//1162 1255//1162 1499//1162
f 1254//1163 1499//1163 1248//1163
f 1250//533 1497//533 1251//533
f 1497//533 1252//533 1253//533
f 1497//533 1253//533 1251//533
f 1497//533 1255//533 1254//533
f 1497//533 1254//533 1252//533
f 1239//1164 1256//1164 1242//1164
f 1239//1164 1242//1164 1241//1164
f 1491//533 1497//533 1250//533
f 1491//533 1250//533 1249//533
f 1491//533 1249//533 1256//533
f 1491//533 1256//533 1239//533
o Turret_01_havok_s_surveyingDevice_0
v 0.805172 2.727495 0.407461
v 0.899825 2.727495 0.243127
v 0.951701 2.783137 0.273866
v 0.857049 2.783137 0.438199
v 0.898914 2.727495 0.092980
v 0.951701 2.782984 0.062242
v 0.856139 2.782984 -0.102092
v 0.804262 2.727343 -0.072536
v 0.483902 2.781914 -0.196673
v 0.483902 2.727343 -0.147018
v 0.674116 2.727343 -0.147018
v 0.673206 2.781914 -0.196673
v 0.674116 2.781914 -0.207313
v 0.483902 2.781914 -0.207313
v 0.207227 2.782984 0.063424
v 0.301879 2.782984 -0.100910
v 0.353755 2.727343 -0.071353
v 0.259103 2.727343 0.092980
v 0.259103 2.727495 0.244309
v 0.207227 2.782984 0.273866
v 0.301879 2.783137 0.438199
v 0.354665 2.727495 0.408643
v -0.680136 2.685000 -0.651842
v -0.519956 2.685000 -0.650659
v 0.482082 2.472522 -0.765338
v 0.482082 2.493923 -0.746422
v 0.482082 2.493923 -0.728688
v 0.482082 2.472522 -0.708590
v -0.446236 2.645103 -0.544256
v -0.415292 2.685153 -0.584453
v -0.289696 2.685153 -0.485143
v -0.519956 2.645103 -0.601005
v -0.680136 2.645103 -0.601005
v -0.754765 2.645103 -0.544256
v -0.911305 2.685153 -0.485143
v -0.784799 2.685000 -0.584453
v 0.700509 2.512878 -0.740511
v 0.511205 2.512878 -0.740511
v 0.511205 2.512878 -0.771250
v 0.700509 2.512878 -0.771250
v 0.697779 2.475580 -0.702679
v 0.507565 2.475580 -0.702679
v 0.711431 2.470229 -0.715684
v 0.711431 2.506458 -0.746422
v 0.711431 2.506458 -0.771250
v 0.502104 2.472522 -0.771250
v 0.502104 2.504012 -0.771250
v 0.502104 2.493923 -0.746422
v 0.502104 2.504012 -0.746422
v 0.503014 2.493923 -0.728688
v 0.899915 2.713296 0.243027
v 0.804919 2.713296 0.407543
v 0.856707 2.713296 0.437867
v 0.951703 2.713296 0.273351
v 0.951499 2.713297 0.062806
v 0.899339 2.713296 0.092499
v 0.804361 2.713297 -0.072029
v 0.856522 2.713297 -0.101721
v 0.483873 2.713297 -0.201463
v 0.483739 2.713297 -0.146805
v 0.673712 2.713297 -0.146794
v 0.673847 2.713297 -0.201453
v 0.674083 2.713297 -0.206816
v 0.206879 2.713297 0.063139
v 0.301875 2.713297 -0.101378
v 0.353665 2.713297 -0.071041
v 0.258669 2.713297 0.093475
v 0.207083 2.713296 0.273683
v 0.259245 2.713297 0.244003
v 0.354222 2.713297 0.408531
v 0.302060 2.713297 0.438211
v -0.680148 2.622046 -0.651390
v -0.520148 2.622046 -0.651074
v -0.320295 2.645161 -0.446125
v -0.289486 2.622046 -0.485491
v -0.415480 2.622046 -0.584110
v -0.446289 2.622046 -0.544742
v -0.320295 2.624423 -0.446124
v -0.323964 2.622046 -0.448995
v -0.318048 2.622046 -0.448995
v -0.680246 2.622046 -0.601399
v -0.520247 2.622046 -0.601083
v -0.880530 2.645130 -0.446303
v -0.785216 2.622046 -0.584197
v -0.911304 2.622046 -0.485698
v -0.754443 2.622046 -0.544800
v -0.880530 2.624301 -0.446302
v -0.877042 2.622046 -0.449026
v -0.882659 2.622046 -0.449027
v 0.484109 2.713297 -0.206827
v 0.507135 2.440396 -0.702848
v 0.698221 2.440393 -0.702837
v 0.710988 2.440393 -0.715989
v 0.707423 2.440393 -0.712080
v 0.710991 2.440392 -0.771226
v 0.496157 2.440396 -0.771235
v 0.489393 2.440396 -0.706271
v 0.481988 2.440396 -0.706635
v 0.481991 2.440397 -0.766771
vn -0.0001 0.0071 1.0000
vn -0.0000 0.0072 1.0000
vn 0.9990 0.0033 0.0440
vn 1.0000 -0.0004 -0.0000
vn -0.6156 0.0100 -0.7880
vn 0.7881 -0.0000 -0.6156
vn 0.7865 0.0055 -0.6176
vn 0.0001 0.0045 -1.0000
vn -0.0000 0.0048 -1.0000
vn -0.7388 0.0179 -0.6737
vn -0.9999 0.0148 -0.0000
vn -0.0000 -1.0000 -0.0000
vn -0.0000 -0.7121 -0.7021
vn 0.0020 0.0034 -1.0000
vn -0.0000 0.0171 -0.9999
vn -0.9999 0.0126 -0.0020
vn -1.0000 0.0030 0.0024
vn -0.0000 -0.7867 -0.6174
vn 0.0046 -0.7795 -0.6263
vn 1.0000 -0.0048 0.0020
vn 1.0000 -0.0002 -0.0002
vn -0.7878 -0.0255 0.6154
vn -0.7974 0.0077 0.6034
vn -0.6147 0.0021 -0.7887
vn -0.6145 -0.0000 -0.7889
vn -0.3862 -0.7779 -0.4956
vn -0.3850 -0.7826 -0.4892
vn 0.6156 -0.0069 0.7880
vn 0.6175 -0.0009 0.7866
vn -0.7086 0.0100 -0.7055
vn -0.6909 -0.0054 -0.7230
vn 1.0000 -0.0028 0.0001
vn 1.0000 -0.0029 -0.0000
vn 0.1893 -0.7438 0.6411
vn -0.0000 -0.6623 0.7493
vn 0.1894 0.0024 -0.9819
vn 0.2280 -0.0184 -0.9735
vn 0.0490 -0.0608 -0.9969
vn 0.6123 -0.5917 -0.5244
vn 0.7603 -0.5470 -0.3502
vn 0.3003 -0.0434 0.9529
vn 0.2828 -0.0519 0.9578
vn 0.9987 -0.0000 -0.0513
vn 1.0000 -0.0000 -0.0000
vn -0.5068 -0.8621 -0.0000
vn -0.0000 0.0005 1.0000
vn -0.0001 0.0004 1.0000
vn -1.0000 0.0067 -0.0000
vn -1.0000 0.0046 0.0054
vn -0.6214 -0.5069 -0.5975
vn -0.6951 -0.4863 -0.5296
vn 0.6978 -0.7163 -0.0000
vn 0.2294 -0.7761 -0.5875
vn -0.0000 -0.6846 -0.7289
vn -0.0000 -0.0000 1.0000
vn -0.7875 -0.0001 -0.6163
vn -0.7873 0.0008 -0.6166
vn 0.9999 -0.0116 0.0025
vn 1.0000 -0.0004 -0.0004
vn 0.0001 -0.0159 -0.9999
vn -0.0000 -0.0152 -0.9999
vn 0.4944 0.0348 0.8685
vn 0.4891 0.0073 0.8722
vn -0.8660 0.0066 0.4999
vn -0.8645 -0.0021 0.5027
vn -0.0000 -0.6730 -0.7396
vn -0.9996 0.0287 -0.0025
vn -0.9999 -0.0099 0.0075
vn -0.9990 0.0002 -0.0439
vn -0.9964 -0.0034 -0.0852
vn 0.5052 -0.0141 -0.8629
vn 0.5085 0.0016 -0.8611
vn -0.8660 0.0066 -0.5000
vn -0.8665 0.0037 -0.4991
vn 0.5877 -0.7349 0.3385
vn 0.8659 -0.0125 0.5000
vn 0.8665 0.0020 0.4991
vn 0.5921 -0.7316 -0.3379
vn 0.5813 -0.7402 -0.3380
vn 0.8653 0.0428 -0.4995
vn 0.8680 -0.0118 -0.4964
vn -0.5053 -0.0093 0.8629
vn -0.5047 -0.0064 0.8633
vn -0.4947 0.0147 -0.8690
vn -0.4988 -0.0056 -0.8667
vn -0.5908 -0.7316 -0.3403
vn 0.3894 -0.7784 -0.4924
vn 0.3811 -0.7849 -0.4886
vn 0.8661 0.0022 -0.4999
vn 0.8665 -0.0005 -0.4991
vn -0.0020 0.0072 1.0000
vn -0.0074 -0.0066 1.0000
vn 0.6150 0.0034 -0.7885
vn 0.6146 -0.0000 -0.7888
vn 0.6163 0.0152 -0.7874
vn -0.6164 0.0061 0.7874
vn -0.6202 -0.0064 0.7844
vn 0.7874 -0.0148 0.6162
vn 0.7919 0.0010 0.6106
vn -0.5053 0.0224 0.8627
vn -0.4997 -0.0058 0.8662
vn 0.5049 -0.0460 -0.8620
vn 0.4959 0.0011 -0.8684
vn 0.8660 -0.0034 0.5000
vn 0.8665 -0.0064 0.4991
vn -0.8660 -0.0056 -0.5000
vn -0.8665 0.0092 -0.4991
vn -0.8659 -0.0194 0.4999
vn -0.8642 0.0230 0.5026
vn -0.4944 0.0223 -0.8689
vn -0.4897 -0.0014 -0.8719
vn 0.4945 -0.0138 0.8691
vn 0.4924 -0.0033 0.8704
vn -0.5852 -0.7360 0.3403
vn -0.5896 -0.7325 0.3403
s 0
f 1530//1165 1606//1165 1579//1165
f 1530//1166 1579//1166 1529//1166
f 1575//1167 1606//1167 1530//1167
f 1575//1168 1530//1168 1525//1168
f 1602//1169 1604//1169 1550//1169
f 1599//1170 1605//1170 1601//1170
f 1599//1171 1601//1171 1551//1171
f 1557//1172 1608//1172 1607//1172
f 1557//1173 1607//1173 1558//1173
f 1609//1174 1610//1174 1559//1174
f 1609//1175 1559//1175 1611//1175
f 1555//1176 1556//1176 1553//1176
f 1555//1176 1553//1176 1554//1176
f 1557//1177 1558//1177 1554//1177
f 1557//1177 1554//1177 1553//1177
f 1548//1178 1598//1178 1597//1178
f 1548//1179 1597//1179 1549//1179
f 1589//1180 1598//1180 1548//1180
f 1589//1181 1548//1181 1540//1181
f 1548//1182 1549//1182 1539//1182
f 1548//1183 1539//1183 1540//1183
f 1549//1184 1597//1184 1588//1184
f 1549//1185 1588//1185 1539//1185
f 1600//1186 1602//1186 1550//1186
f 1600//1187 1550//1187 1552//1187
f 1550//1188 1604//1188 1603//1188
f 1550//1189 1603//1189 1599//1189
f 1550//1190 1599//1190 1551//1190
f 1550//1191 1551//1191 1552//1191
f 1551//1192 1601//1192 1600//1192
f 1551//1193 1600//1193 1552//1193
f 1559//1194 1610//1194 1608//1194
f 1559//1195 1608//1195 1557//1195
f 1614//1196 1615//1196 1541//1196
f 1614//1197 1541//1197 1544//1197
f 1541//1198 1562//1198 1564//1198
f 1541//1199 1564//1199 1542//1199
f 1558//1200 1607//1200 1613//1200
f 1558//1201 1613//1201 1544//1201
f 1613//1202 1614//1202 1544//1202
f 1564//1176 1566//1176 1543//1176
f 1564//1176 1543//1176 1542//1176
f 1554//1203 1558//1203 1566//1203
f 1554//1204 1566//1204 1565//1204
f 1541//1205 1615//1205 1612//1205
f 1541//1206 1612//1206 1562//1206
f 1565//1207 1566//1207 1564//1207
f 1565//1208 1564//1208 1563//1208
f 1556//1209 1561//1209 1560//1209
f 1556//1209 1560//1209 1553//1209
f 1562//1210 1612//1210 1611//1210
f 1562//1211 1611//1211 1561//1211
f 1560//1212 1561//1212 1611//1212
f 1560//1213 1611//1213 1559//1213
f 1553//1214 1560//1214 1559//1214
f 1553//1215 1559//1215 1557//1215
f 1565//1216 1563//1216 1555//1216
f 1565//1216 1555//1216 1554//1216
f 1566//1217 1558//1217 1544//1217
f 1566//1218 1544//1218 1543//1218
f 1562//1219 1561//1219 1556//1219
f 1562//1219 1556//1219 1555//1219
f 1562//1219 1555//1219 1563//1219
f 1562//1208 1563//1208 1564//1208
f 1591//1220 1596//1220 1590//1220
f 1591//1221 1590//1221 1547//1221
f 1526//1222 1576//1222 1575//1222
f 1526//1223 1575//1223 1525//1223
f 1527//1224 1577//1224 1576//1224
f 1527//1225 1576//1225 1526//1225
f 1524//1226 1573//1226 1574//1226
f 1524//1227 1574//1227 1523//1227
f 1574//1228 1571//1228 1522//1228
f 1574//1229 1522//1229 1523//1229
f 1528//1230 1527//1230 1526//1230
f 1528//1230 1526//1230 1525//1230
f 1530//1176 1529//1176 1528//1176
f 1530//1176 1528//1176 1525//1176
f 1578//1231 1577//1231 1527//1231
f 1578//1232 1527//1232 1528//1232
f 1529//1233 1579//1233 1578//1233
f 1529//1234 1578//1234 1528//1234
f 1569//1235 1568//1235 1517//1235
f 1569//1236 1517//1236 1520//1236
f 1570//1237 1569//1237 1520//1237
f 1570//1238 1520//1238 1519//1238
f 1519//1239 1520//1239 1517//1239
f 1519//1239 1517//1239 1518//1239
f 1517//1240 1568//1240 1567//1240
f 1517//1241 1567//1241 1518//1241
f 1521//1242 1524//1242 1523//1242
f 1521//1243 1523//1243 1522//1243
f 1521//1244 1572//1244 1573//1244
f 1521//1245 1573//1245 1524//1245
f 1518//1246 1567//1246 1570//1246
f 1518//1247 1570//1247 1519//1247
f 1571//1248 1572//1248 1521//1248
f 1571//1249 1521//1249 1522//1249
f 1533//1250 1534//1250 1531//1250
f 1533//1250 1531//1250 1532//1250
f 1543//1208 1544//1208 1541//1208
f 1543//1208 1541//1208 1542//1208
f 1546//1251 1547//1251 1590//1251
f 1546//1252 1590//1252 1545//1252
f 1537//1253 1587//1253 1584//1253
f 1537//1254 1584//1254 1536//1254
f 1539//1255 1588//1255 1589//1255
f 1539//1256 1589//1256 1540//1256
f 1594//1257 1595//1257 1545//1257
f 1594//1258 1545//1258 1590//1258
f 1545//1259 1595//1259 1593//1259
f 1546//1260 1592//1260 1591//1260
f 1546//1261 1591//1261 1547//1261
f 1545//1262 1593//1262 1592//1262
f 1545//1263 1592//1263 1546//1263
f 1581//1264 1582//1264 1533//1264
f 1581//1265 1533//1265 1532//1265
f 1534//1266 1583//1266 1580//1266
f 1534//1267 1580//1267 1531//1267
f 1580//1268 1581//1268 1532//1268
f 1580//1269 1532//1269 1531//1269
f 1533//1270 1582//1270 1583//1270
f 1533//1271 1583//1271 1534//1271
f 1535//1272 1585//1272 1586//1272
f 1535//1273 1586//1273 1538//1273
f 1538//1274 1586//1274 1587//1274
f 1538//1275 1587//1275 1537//1275
f 1584//1276 1585//1276 1535//1276
f 1584//1277 1535//1277 1536//1277
f 1535//1278 1538//1278 1537//1278
f 1535//1279 1537//1279 1536//1279
o Turret_01_havok_s_armor_2_1
v -0.673543 1.736135 -1.703184
v -0.972035 1.800892 -1.450332
v -0.966136 1.611884 -1.698648
v -0.852874 1.439469 -2.007060
v -0.253530 1.441898 -2.225896
v -0.563820 1.444731 -2.139722
v -1.075858 1.441088 -1.832444
v -1.207997 1.443921 -1.685042
v -1.107713 1.624430 -1.561450
v -0.616912 2.267949 -1.086361
v 0.851953 1.439469 -2.007060
v 1.074938 1.441088 -1.831311
v 0.954597 1.599337 -1.726995
v 0.752849 1.596909 -1.852854
v 0.877909 1.723184 -1.615876
v 0.730433 1.729255 -1.687310
v 1.096174 1.607027 -1.595466
v 0.998250 1.740183 -1.509293
v 1.207077 1.444326 -1.685042
v 1.018307 1.863220 -1.326740
v 0.562900 1.444731 -2.139722
v 0.252609 1.441898 -2.225896
v 0.001309 1.440683 -2.246305
v 0.567619 1.794416 -1.664632
v -0.532258 1.798784 -1.670228
v -0.678626 1.920381 -1.469931
v -0.560096 1.591232 -1.937670
v -0.358016 1.768503 -1.782685
v -0.360455 1.767615 -1.782873
v -0.360769 1.787328 -1.756254
v -0.530475 1.317648 -2.324223
v -0.362652 1.315913 -2.372878
v -0.185614 1.316072 -2.403277
v -0.684846 1.318179 -2.250226
v -0.890950 1.317122 -2.132505
v -0.978066 1.316040 -2.068862
v -0.294449 1.588127 -2.004104
v -1.219788 1.316594 -1.825926
v -1.321024 1.316868 -1.688305
v -1.107466 1.316328 -1.954913
v -1.316451 1.447864 -1.518158
v -1.395795 1.317085 -1.543243
v -1.395795 1.225837 -1.543243
v -1.321024 1.225835 -1.688306
v -1.238218 1.642381 -1.370923
v -1.107275 1.833512 -1.274045
v -0.361484 2.323905 -1.145724
v -0.951189 2.000968 -1.199223
v -0.740860 2.373664 -0.865670
v -0.539021 2.444572 -0.909222
v -0.361872 2.383659 -1.073235
v -0.409753 2.466031 -0.948176
v -0.309117 2.379262 -1.097915
v -0.182697 2.480472 -0.998966
v -0.329140 2.474164 -0.971158
v -0.348984 2.382176 -1.081555
v -0.332316 2.380576 -1.090540
v 0.977206 1.316148 -2.068749
v 1.106589 1.316449 -1.954790
v 0.890137 1.317226 -2.132379
v 1.218901 1.316732 -1.825790
v 1.320113 1.317013 -1.688158
v 1.315506 1.448010 -1.518010
v 1.394868 1.317242 -1.543085
v 1.394868 1.225835 -1.543085
v 1.320113 1.225835 -1.688158
v 1.214559 1.623396 -1.434903
v 0.939416 1.979800 -1.237362
v 0.930757 1.888953 -1.357438
v 1.058096 1.917671 -1.207742
v 1.104459 1.769317 -1.367532
v 0.960216 2.054458 -1.112130
v 0.797862 1.898325 -1.501244
v 0.829892 1.811869 -1.536710
v 0.836526 1.985422 -1.378233
v 0.702052 1.821583 -1.581816
v 0.504961 1.593990 -1.952178
v 0.281849 1.589880 -2.005289
v 0.529641 1.317707 -2.324163
v 0.361823 1.315953 -2.372837
v 0.684005 1.318255 -2.250150
v 0.001126 1.593511 -2.025913
v 0.001163 1.319572 -2.412583
v 0.184788 1.316094 -2.403256
v 0.358836 1.768031 -1.782784
v 0.355026 1.769418 -1.782491
v 0.359451 1.820855 -1.689288
v 0.358616 1.790941 -1.752896
v 0.561922 1.839433 -1.609817
v 0.358940 1.864460 -1.634487
v 0.312802 1.776392 -1.781014
v -0.320374 1.775684 -1.781164
vn -0.4062 -0.7365 0.5410
vn -0.5049 -0.6891 0.5199
vn -0.4960 -0.7071 0.5039
vn -0.4969 -0.7142 0.4930
vn -0.4092 -0.7132 0.5691
vn -0.5238 -0.6947 0.4930
vn -0.4963 -0.6986 0.5154
vn -0.5726 -0.6579 0.4892
vn -0.2792 -0.7192 0.6363
vn -0.3107 -0.7551 0.5773
vn -0.4023 -0.7370 0.5432
vn -0.6592 -0.4812 0.5778
vn -0.6477 -0.5108 0.5653
vn -0.5672 -0.6333 0.5265
vn -0.6504 -0.5892 0.4795
vn -0.5760 -0.6445 0.5029
vn -0.3068 -0.7632 0.5686
vn -0.3517 -0.7364 0.5780
vn -0.3869 -0.7369 0.5543
vn -0.4678 -0.6963 0.5443
vn -0.4614 -0.7055 0.5379
vn -0.5514 -0.6581 0.5127
vn -0.5718 -0.6589 0.4888
vn -0.6676 -0.5958 0.4465
vn -0.6644 -0.6008 0.4446
vn -0.7527 -0.5313 0.3887
vn -0.8889 -0.0000 0.4581
vn -0.3993 -0.7213 0.5659
vn -0.2279 -0.7748 0.5897
vn -0.2270 -0.7755 0.5892
vn -0.2362 -0.7723 0.5898
vn -0.2357 -0.7722 0.5901
vn -0.1040 -0.7920 0.6016
vn 0.0444 -0.8075 0.5881
vn 0.0433 -0.8070 0.5890
vn -0.2185 -0.7651 0.6057
vn -0.2205 -0.7626 0.6081
vn 0.0008 -0.8017 0.5977
vn -0.1632 -0.8920 0.4216
vn -0.2363 -0.7720 0.5900
vn -0.1696 -0.7719 0.6126
vn -0.1706 -0.7701 0.6147
vn -0.1576 -0.8046 0.5725
vn -0.1535 -0.8007 0.5791
vn -0.2746 -0.7681 0.5785
vn -0.2843 -0.7562 0.5894
vn -0.2174 -0.7953 0.5658
vn -0.1266 -0.7948 0.5935
vn -0.1493 -0.8119 0.5644
vn -0.0519 -0.8261 0.5611
vn -0.0423 -0.8210 0.5693
vn -0.0452 -0.8075 0.5882
vn -0.0439 -0.8069 0.5891
vn -0.2782 -0.7689 0.5756
vn -0.3459 -0.7222 0.5991
vn 0.0562 -0.8288 0.5568
vn 0.0417 -0.8210 0.5694
vn 0.1356 -0.8033 0.5799
vn 0.1490 -0.8127 0.5633
vn 0.2720 -0.7814 0.5616
vn 0.2782 -0.7688 0.5758
vn 0.3459 -0.7220 0.5992
vn 0.4212 -0.7099 0.5645
vn 0.6633 -0.6015 0.4453
vn 0.7527 -0.5313 0.3888
vn 0.8889 -0.0000 0.4582
vn 0.5707 -0.6324 0.5238
vn 0.6497 -0.5903 0.4791
vn 0.5778 -0.6416 0.5045
vn 0.2388 -0.7790 0.5797
vn 0.3414 -0.7440 0.5744
vn 0.3231 -0.7392 0.5909
vn 0.2105 -0.7828 0.5856
vn 0.1978 -0.7671 0.6103
vn 0.2389 -0.7791 0.5796
vn 0.1040 -0.7920 0.6016
vn 0.2747 -0.7679 0.5786
vn 0.3336 -0.7654 0.5504
vn 0.2545 -0.7628 0.5945
vn 0.1577 -0.8046 0.5726
vn 0.1535 -0.8006 0.5792
vn 0.4300 -0.7116 0.5557
vn 0.1490 -0.7801 0.6076
vn 0.2465 -0.7659 0.5938
vn 0.3041 -0.7380 0.6025
vn 0.3019 -0.7382 0.6033
vn 0.3794 -0.7332 0.5643
vn 0.3041 -0.7379 0.6025
vn 0.3089 -0.7331 0.6059
vn -0.4304 -0.7136 0.5527
vn -0.4875 -0.6739 0.5552
vn -0.4212 -0.7101 0.5643
vn -0.4373 -0.7026 0.5613
vn -0.3383 -0.7585 0.5570
vn 0.4554 -0.7116 0.5350
vn 0.5548 -0.6574 0.5100
vn 0.4958 -0.7026 0.5104
vn 0.5982 -0.6485 0.4708
vn 0.4291 -0.7129 0.5546
vn 0.4892 -0.6709 0.5572
vn 0.5954 -0.6521 0.4693
vn 0.6623 -0.6030 0.4447
vn 0.3427 -0.7484 0.5678
vn 0.5012 -0.6966 0.5134
vn 0.3734 -0.7165 0.5892
vn 0.3890 -0.7265 0.5665
vn 0.4645 -0.6993 0.5433
vn 0.3024 -0.7300 0.6129
s 0
f 1635//1280 1684//1280 1633//1280
f 1635//1281 1633//1281 1686//1281
f 1685//1282 1687//1282 1683//1282
f 1635//1283 1685//1283 1683//1283
f 1635//1284 1683//1284 1684//1284
f 1635//1285 1686//1285 1685//1285
f 1686//1286 1633//1286 1632//1286
f 1686//1287 1632//1287 1682//1287
f 1630//1288 1689//1288 1691//1288
f 1630//1289 1691//1289 1631//1289
f 1689//1290 1633//1290 1684//1290
f 1689//1291 1684//1291 1688//1291
f 1684//1292 1690//1292 1688//1292
f 1634//1293 1627//1293 1676//1293
f 1634//1294 1676//1294 1677//1294
f 1674//1295 1676//1295 1627//1295
f 1630//1296 1631//1296 1629//1296
f 1630//1297 1629//1297 1628//1297
f 1633//1298 1630//1298 1628//1298
f 1633//1299 1628//1299 1632//1299
f 1632//1300 1628//1300 1627//1300
f 1632//1301 1627//1301 1634//1301
f 1682//1302 1632//1302 1634//1302
f 1682//1303 1634//1303 1678//1303
f 1678//1304 1634//1304 1677//1304
f 1678//1305 1677//1305 1679//1305
f 1677//1306 1681//1306 1680//1306
f 1677//1306 1680//1306 1679//1306
f 1689//1307 1630//1307 1633//1307
f 1631//1308 1639//1308 1692//1308
f 1631//1309 1692//1309 1629//1309
f 1692//1310 1639//1310 1700//1310
f 1692//1311 1700//1311 1701//1311
f 1699//1312 1695//1312 1637//1312
f 1648//1313 1698//1313 1638//1313
f 1648//1314 1638//1314 1620//1314
f 1691//1315 1704//1315 1639//1315
f 1691//1316 1639//1316 1631//1316
f 1706//1317 1707//1317 1697//1317
f 1639//1318 1702//1318 1703//1318
f 1639//1319 1703//1319 1700//1319
f 1704//1320 1705//1320 1702//1320
f 1704//1321 1702//1321 1639//1321
f 1637//1322 1695//1322 1694//1322
f 1637//1323 1694//1323 1636//1323
f 1636//1324 1694//1324 1696//1324
f 1636//1325 1626//1325 1629//1325
f 1636//1326 1629//1326 1692//1326
f 1636//1327 1692//1327 1693//1327
f 1636//1328 1693//1328 1637//1328
f 1637//1329 1693//1329 1697//1329
f 1637//1330 1697//1330 1638//1330
f 1638//1331 1698//1331 1699//1331
f 1638//1332 1699//1332 1637//1332
f 1626//1333 1636//1333 1696//1333
f 1626//1334 1696//1334 1675//1334
f 1697//1335 1652//1335 1620//1335
f 1697//1336 1620//1336 1638//1336
f 1652//1337 1642//1337 1621//1337
f 1652//1338 1621//1338 1620//1338
f 1619//1339 1621//1339 1642//1339
f 1649//1340 1621//1340 1619//1340
f 1649//1341 1619//1341 1650//1341
f 1651//1342 1650//1342 1619//1342
f 1654//1343 1623//1343 1656//1343
f 1654//1344 1656//1344 1657//1344
f 1658//1345 1659//1345 1654//1345
f 1658//1345 1654//1345 1657//1345
f 1653//1346 1622//1346 1623//1346
f 1653//1347 1623//1347 1654//1347
f 1655//1348 1622//1348 1653//1348
f 1645//1349 1640//1349 1644//1349
f 1641//1350 1617//1350 1618//1350
f 1641//1351 1618//1351 1616//1351
f 1616//1352 1642//1352 1640//1352
f 1616//1353 1640//1353 1641//1353
f 1644//1349 1640//1349 1642//1349
f 1644//1354 1642//1354 1643//1354
f 1648//1355 1620//1355 1647//1355
f 1649//1356 1646//1356 1621//1356
f 1616//1357 1618//1357 1619//1357
f 1616//1358 1619//1358 1642//1358
f 1646//1359 1647//1359 1620//1359
f 1646//1360 1620//1360 1621//1360
f 1618//1361 1622//1361 1619//1361
f 1668//1362 1669//1362 1670//1362
f 1671//1363 1670//1363 1667//1363
f 1671//1364 1667//1364 1666//1364
f 1625//1365 1662//1365 1665//1365
f 1625//1366 1665//1366 1664//1366
f 1666//1367 1667//1367 1665//1367
f 1666//1368 1665//1368 1662//1368
f 1627//1369 1626//1369 1673//1369
f 1627//1370 1673//1370 1674//1370
f 1673//1371 1626//1371 1675//1371
f 1670//1363 1671//1363 1672//1363
f 1670//1362 1672//1362 1668//1362
f 1626//1372 1627//1372 1628//1372
f 1626//1373 1628//1373 1629//1373
f 1622//1374 1618//1374 1624//1374
f 1622//1375 1624//1375 1623//1375
f 1624//1376 1617//1376 1661//1376
f 1624//1377 1661//1377 1660//1377
f 1651//1378 1619//1378 1622//1378
f 1651//1379 1622//1379 1655//1379
f 1623//1380 1624//1380 1660//1380
f 1623//1381 1660//1381 1656//1381
f 1617//1382 1641//1382 1663//1382
f 1617//1383 1663//1383 1661//1383
f 1663//1384 1641//1384 1625//1384
f 1663//1385 1625//1385 1664//1385
f 1617//1386 1624//1386 1618//1386
f 1641//1387 1662//1387 1625//1387
o Turret_01_havok_s_armor_1_2
v -0.530475 1.317648 -2.324223
v -0.536470 1.225836 -2.342051
v -0.367358 1.225836 -2.389625
v -0.362651 1.315913 -2.372878
v -0.188424 1.225836 -2.420859
v -0.185614 1.316072 -2.403277
v 0.001170 1.225836 -2.431003
v 0.001164 1.319572 -2.412583
v 0.187611 1.225836 -2.420838
v 0.184788 1.316095 -2.403256
v 0.529641 1.317706 -2.324163
v 0.361824 1.315954 -2.372837
v 0.366542 1.225836 -2.389583
v 0.535648 1.225836 -2.341990
v 0.352771 1.870270 -1.761136
v 0.332568 1.774593 -1.781395
v 0.355026 1.769418 -1.782491
v 0.358836 1.768031 -1.782785
v -0.354066 1.870270 -1.761140
v -0.360455 1.767616 -1.782872
v -0.358017 1.768503 -1.782685
v -0.335687 1.774171 -1.781485
v 0.340208 2.078453 -1.721753
v 0.334672 2.189425 -1.675243
v -0.335457 2.189425 -1.675242
v -0.340784 2.078452 -1.721755
v -0.347219 1.976260 -1.742328
v 0.346318 1.976259 -1.742325
v 0.312802 1.776393 -1.781014
v -0.320374 1.775684 -1.781164
vn -0.0000 -0.1973 0.9803
vn -0.0000 -0.1974 0.9803
vn -0.0000 -0.3866 0.9223
vn -0.0000 -0.3865 0.9223
vn -0.0000 -0.2071 0.9783
vn -0.0000 -0.2072 0.9783
vn -0.0000 -0.1747 0.9846
vn 0.0524 -0.1926 0.9799
vn 0.1662 -0.1936 0.9669
vn 0.1689 -0.1887 0.9674
vn 0.2716 -0.1896 0.9435
vn 0.2653 -0.2005 0.9431
vn -0.1690 -0.1886 0.9674
vn -0.1663 -0.1935 0.9669
vn -0.2654 -0.2004 0.9431
vn -0.2717 -0.1896 0.9435
vn -0.0534 -0.1925 0.9798
vn -0.0534 -0.1926 0.9798
s 0
f 1734//1388 1735//1388 1730//1388
f 1734//1389 1730//1389 1733//1389
f 1732//1390 1733//1390 1730//1390
f 1732//1391 1730//1391 1731//1391
f 1726//1392 1727//1392 1728//1392
f 1726//1392 1728//1392 1729//1392
f 1726//1392 1729//1392 1737//1392
f 1726//1392 1737//1392 1736//1392
f 1726//1392 1736//1392 1723//1392
f 1726//1393 1723//1393 1722//1393
f 1722//1394 1735//1394 1734//1394
f 1722//1394 1734//1394 1726//1394
f 1722//1393 1723//1393 1724//1393
f 1722//1393 1724//1393 1725//1393
f 1714//1395 1715//1395 1713//1395
f 1714//1395 1713//1395 1712//1395
f 1712//1396 1713//1396 1711//1396
f 1712//1397 1711//1397 1710//1397
f 1710//1398 1711//1398 1708//1398
f 1710//1399 1708//1399 1709//1399
f 1716//1400 1720//1400 1719//1400
f 1716//1401 1719//1401 1717//1401
f 1720//1402 1721//1402 1718//1402
f 1720//1403 1718//1403 1719//1403
f 1714//1404 1716//1404 1717//1404
f 1714//1405 1717//1405 1715//1405
o Turret_01_havok_s_armor_3_3
v -1.271184 1.912209 -0.173920
v -1.306520 1.856426 -0.338639
v -1.235848 1.968606 -0.120975
v -1.082009 2.172123 0.081982
v -1.167332 2.058104 -0.012143
v -1.135874 2.101015 0.099630
v -1.236710 1.962476 0.076099
v -1.265151 1.924469 -0.525418
v -1.068650 2.150055 0.645261
v -1.191032 1.986996 0.679087
v -1.215595 1.976575 0.465835
v -1.088042 2.146990 0.458481
v -1.088473 2.154346 0.320235
v -1.220766 1.979640 0.254054
v -1.039347 2.146990 0.843805
v -1.158282 1.988835 0.890868
v -1.239727 1.868686 0.887926
v -1.279372 1.849683 0.702618
v -1.303934 1.840488 0.468776
v -1.320309 1.827615 0.237876
v -1.064772 2.188674 0.176107
v -1.005304 2.242005 0.505544
v -0.963936 2.264074 0.679087
v -0.979018 2.287981 0.248171
v -0.999272 2.267752 0.158458
v -0.900159 2.372575 0.295234
v -0.893264 2.363993 0.492308
v -0.856636 2.373801 0.646731
v -0.918258 2.357863 0.212874
v -0.838537 2.438167 0.258466
v -0.825178 2.446136 0.327589
v -0.747612 2.508662 0.304058
v -0.795014 2.454718 0.489366
v -0.751491 2.461461 0.620259
v -0.650654 2.518470 0.590845
v -0.697194 2.517858 0.483483
v -0.639881 2.565059 0.304058
v -0.713569 2.536860 0.284939
v -1.505607 1.446326 -0.535713
v -1.429333 1.625936 -0.468061
v -1.498712 1.459199 -0.312166
v -1.501297 1.367248 -0.338639
v -1.521982 1.310239 -0.582776
v -1.474580 1.310239 -0.359229
v -1.498712 1.393607 -0.168038
v -1.460360 1.321886 -0.182745
v -1.498281 1.392994 -0.009202
v -1.458205 1.327403 -0.007731
v -1.495264 1.472685 -0.148918
v -1.496126 1.467168 0.001093
v -1.428471 1.627775 -0.095973
v -1.475442 1.521112 0.014329
v -1.492248 1.463490 0.204050
v -1.471564 1.520499 0.209933
v -1.492679 1.396059 0.198167
v -1.450017 1.320660 0.176107
v -1.456481 1.565862 0.018742
v -1.432781 1.619806 0.027566
v -1.450017 1.571992 0.215816
v -1.424162 1.318208 0.430538
v -1.340994 1.798803 -0.415116
v -1.344872 1.792060 -0.084208
v -1.390119 1.706853 0.036390
v -1.376329 1.727082 0.227581
v -1.418560 1.642487 0.220228
v -1.299194 1.313304 0.861454
v -1.379777 1.390542 0.909987
v -1.403047 1.466555 0.921753
v -1.391412 1.535824 0.921753
v -1.369004 1.313304 0.670263
v -1.437090 1.395446 0.704089
v -1.446139 1.464716 0.720266
v -1.429333 1.527855 0.724678
v -1.474580 1.394833 0.449657
v -1.477597 1.464103 0.461423
v -1.458205 1.521725 0.467306
v -1.336254 1.746085 0.715854
v -1.363402 1.733212 0.471718
v -1.403478 1.651682 0.471718
v -1.375468 1.664555 0.721737
v -1.409080 1.584865 0.726149
v -1.436659 1.577509 0.471718
v -1.303503 1.758345 0.899692
v -1.340994 1.676815 0.909987
v -1.373313 1.594060 0.918811
v 1.332658 1.810225 -0.349004
v 1.316414 1.848362 0.278192
v 1.298190 1.858923 0.398117
v 1.260552 1.908794 0.467039
v 1.169428 2.044325 0.555260
v 1.335828 1.775022 0.530448
v 1.316018 1.793210 0.657266
v 1.207463 1.970399 0.624183
v 1.085040 2.132333 0.628318
v 1.152392 2.070727 0.563531
v 1.188445 1.973332 0.774434
v 1.292247 1.804358 0.803382
v 1.348902 1.692295 0.818544
v 1.019669 2.216820 0.650373
v 1.036705 2.194525 0.646238
v 0.953902 2.279599 0.679321
v 0.968957 2.264344 0.673807
v 0.910717 2.327123 0.687592
v 0.880211 2.361152 0.691727
v 0.855251 2.391661 0.688970
v 0.837026 2.356458 0.779948
v 0.824744 2.430385 0.682078
v 0.703510 2.495510 0.719296
v 1.422593 1.635970 -0.088476
v 1.502623 1.438247 -0.277324
v 1.468947 1.520974 0.140347
v 1.441214 1.573778 0.360899
v 1.420612 1.641251 -0.350382
v 1.505396 1.440007 -0.422062
v 1.501831 1.422405 -0.116045
v 1.497473 1.420645 0.125184
v 1.483606 1.445874 0.360899
v 1.489153 1.377815 -0.118802
v 1.484002 1.374295 0.043855
v 1.492322 1.381335 -0.269054
v 1.478456 1.374881 0.203755
v 1.470928 1.377228 0.356763
v 1.504208 1.384269 -0.415169
v 1.514509 1.384269 -0.577827
v 1.466174 1.294501 -0.373816
v 1.403576 1.376055 0.821301
v 1.435667 1.374295 0.666915
v 1.421404 1.455848 0.832329
v 1.411500 1.526841 0.830951
v 1.451911 1.451155 0.675186
v 1.437648 1.520974 0.676564
v 1.468155 1.458782 0.513907
v 1.422197 1.595487 0.509771
v 1.455081 1.377228 0.509771
v 1.382974 1.611328 0.825437
v 1.385747 1.652398 0.660023
v -1.060851 2.584973 -0.330873
v -1.052202 2.584974 -0.243572
v -1.026801 2.584978 -0.158146
v -1.309068 1.849491 -0.656260
v -1.246551 1.958234 -0.543771
v -1.051549 2.584976 -0.426568
v -1.201638 2.012552 -0.618472
v -1.021047 2.584976 -0.518954
v -1.074972 2.062025 0.986952
v -1.132469 1.981947 1.019320
v -1.191139 1.886564 1.051287
v -0.931359 2.258500 0.843182
v -0.996145 2.167819 0.931220
v -0.804074 2.378749 0.784011
v -0.980188 2.584980 -0.070665
v -0.855973 2.584977 0.064024
v -0.692519 2.463056 0.730893
v -0.598241 2.517594 0.668099
v -0.592195 2.554850 0.477928
v -0.535875 2.551765 0.577654
v -0.554374 2.584980 0.347540
v -0.452993 2.584967 0.474091
v -1.502095 1.453951 -0.760224
v -1.417645 1.648887 -0.716414
v -1.474613 1.225836 -0.359398
v -1.521983 1.225836 -0.582776
v -1.543023 1.317744 -0.770819
v -1.543023 1.225836 -0.770819
v -1.387860 1.275850 -0.173091
v -1.387860 1.225837 -0.173091
v -1.369280 1.275850 0.162989
v -1.328827 1.275850 0.408972
v -1.288921 1.393289 1.100170
v -1.198970 1.321191 1.038712
v -1.329873 1.470729 1.117298
v -1.327687 1.550554 1.113753
v -1.259640 1.275850 0.619658
v -1.182632 1.275850 0.787357
v -0.994897 1.286315 1.046653
v -1.251702 1.774923 1.075935
v -1.287879 1.689515 1.093517
v -1.313244 1.613721 1.106009
v 1.103540 2.166558 -0.270089
v 1.196650 2.014419 -0.590873
v 1.333562 1.809413 -0.623063
v 1.227124 1.977980 -0.173466
v 1.160700 2.079107 -0.229709
v 1.308269 1.855852 -0.036433
v 1.281593 1.895128 -0.105187
v 1.016783 2.265838 -0.356884
v 1.065622 2.181276 -0.568452
v 0.924501 2.388414 -0.445223
v 0.911636 2.385617 -0.582110
v 0.986097 2.276755 -0.557828
v 1.002887 2.278746 -0.373067
v 0.888182 2.440415 -0.477823
v 0.878089 2.440392 -0.572421
v 1.012056 2.270799 -0.361956
v 1.081696 2.584979 0.265138
v 1.090774 2.584978 0.192436
v 1.368259 1.739715 0.142481
v 1.060427 2.584974 0.339563
v 1.028087 2.584976 0.411351
v 1.242588 1.842510 0.956665
v 1.136973 2.001541 0.935375
v 1.309772 1.715565 0.967756
v 1.027783 2.147241 0.883871
v 0.980485 2.584976 0.483506
v 0.932270 2.584985 0.536453
v 0.856795 2.584978 0.595532
v 0.922125 2.266059 0.840936
v 0.752847 2.378472 0.871636
v 0.719379 2.433178 0.785103
v 0.576572 2.484024 0.802866
v 0.701226 2.584981 0.658558
v 0.783036 2.584980 0.636214
v 0.551794 2.584982 0.668745
v 0.424812 2.497657 0.833003
v 1.319885 1.833413 -0.015136
v 1.424000 1.635474 -0.637292
v 1.509034 1.437574 -0.645389
v 1.369277 1.275686 -0.136415
v 1.390954 1.286116 0.049313
v 1.422618 1.285946 -0.242209
v 1.401930 1.294644 0.210045
v 1.397920 1.301602 0.358541
v 1.466321 1.225835 -0.373852
v 1.422618 1.225836 -0.242209
v 1.514508 1.225836 -0.577827
v 1.539827 1.317969 -0.729177
v 1.539827 1.225836 -0.729177
v 1.296243 1.296837 0.773813
v 1.232534 1.298940 0.906251
v 1.344332 1.384307 0.991945
v 1.345602 1.298764 0.644045
v 1.377312 1.463493 0.986717
v 1.372990 1.536724 0.987522
v 1.378258 1.300328 0.504144
v 1.346915 1.624840 0.978344
vn 0.8740 -0.4858 -0.0116
vn 0.8752 -0.4836 -0.0134
vn 0.8908 -0.4542 0.0133
vn 0.8978 -0.4403 0.0029
vn 0.8952 -0.4454 -0.0174
vn 0.8984 -0.4388 -0.0147
vn 0.8584 -0.5130 -0.0004
vn 0.8509 -0.5253 -0.0046
vn 0.8502 -0.5264 -0.0067
vn 0.8584 -0.5130 0.0058
vn 0.8569 -0.5154 0.0020
vn 0.9135 -0.4064 -0.0196
vn 0.9164 -0.3998 -0.0176
vn 0.9361 -0.0412 -0.3494
vn 0.9407 -0.1580 -0.3001
vn 0.6027 0.7670 -0.2201
vn 0.7182 0.6711 -0.1839
vn 0.9152 0.3184 -0.2472
vn 0.9626 0.1742 -0.2075
vn 0.8468 -0.5319 -0.0059
vn 0.8496 -0.5273 -0.0127
vn 0.5693 0.7718 -0.2831
vn 0.4638 0.8338 -0.2993
vn 0.8841 0.3229 -0.3377
vn 0.7803 0.4967 -0.3800
vn 0.9176 -0.3974 0.0065
vn 0.9343 -0.3564 -0.0077
vn 0.9405 -0.3392 -0.0197
vn 0.9354 -0.3527 -0.0243
vn 0.9996 -0.0040 -0.0269
vn 0.9995 -0.0263 -0.0196
vn 0.5428 0.8341 -0.0988
vn 0.5389 0.8417 -0.0332
vn 0.9065 -0.0000 -0.4221
vn 0.9065 0.0005 -0.4222
vn 0.9167 -0.3994 0.0136
vn 0.9232 -0.3844 -0.0002
vn 0.8676 0.4969 -0.0204
vn 0.8532 0.5206 -0.0307
vn 0.3929 0.9173 -0.0646
vn 0.4799 0.8764 -0.0403
vn 0.8798 -0.4754 -0.0025
vn 0.8877 -0.4600 0.0208
vn 0.8912 -0.4536 0.0012
vn 0.8904 -0.4551 0.0002
vn 0.9202 -0.3912 0.0135
vn 0.9152 -0.4030 0.0059
vn 0.9231 -0.3842 -0.0183
vn 0.9213 -0.3884 -0.0195
vn 0.5439 0.8386 -0.0301
vn 0.4865 0.8736 0.0104
vn 0.9546 -0.2419 -0.1739
vn 0.9652 -0.1621 -0.2050
vn 0.9331 -0.3572 -0.0410
vn 0.9234 -0.3811 -0.0461
vn 0.8968 -0.4408 -0.0364
vn 0.8954 -0.4437 -0.0375
vn 0.8432 -0.5007 -0.1960
vn 0.8391 -0.5062 -0.1990
vn 0.9314 -0.3526 -0.0908
vn 0.9386 -0.3309 -0.0974
vn 0.8947 -0.4398 -0.0776
vn 0.8964 -0.4367 -0.0767
vn 0.9121 -0.4080 -0.0398
vn 0.9134 -0.4052 -0.0389
vn 0.8813 -0.4185 -0.2197
vn 0.8746 -0.4304 -0.2233
vn 0.9252 -0.2469 -0.2881
vn 0.9175 -0.2984 -0.2631
vn 0.9166 -0.3733 -0.1435
vn 0.9080 -0.3913 -0.1499
vn 0.9318 -0.3270 -0.1574
vn 0.9388 -0.3003 -0.1685
vn 0.8635 -0.4896 -0.1212
vn 0.8523 -0.5065 -0.1304
vn 0.8944 -0.4278 -0.1308
vn 0.8892 -0.4374 -0.1344
vn 0.9083 -0.3434 -0.2391
vn 0.8933 -0.3752 -0.2472
vn 0.9481 -0.3136 -0.0532
vn 0.9405 -0.3364 -0.0472
vn 0.9959 0.0555 -0.0714
vn 0.9984 -0.0014 -0.0568
vn 0.8237 0.5615 -0.0783
vn 0.8612 0.5047 -0.0595
vn 0.7286 0.6674 -0.1540
vn 0.8150 0.5666 -0.1215
vn 0.9907 0.0636 -0.1205
vn 0.9763 0.1612 -0.1442
vn 0.9461 -0.3083 -0.0988
vn 0.9618 -0.2479 -0.1163
vn 0.3915 0.9174 -0.0713
vn 0.2837 0.9544 -0.0932
vn 0.8745 -0.4838 -0.0342
vn 0.8737 -0.4853 -0.0349
vn 0.8377 -0.5454 -0.0290
vn 0.8382 -0.5447 -0.0283
vn 0.9094 -0.4068 -0.0868
vn 0.9166 -0.3912 -0.0825
vn 0.2697 0.9549 -0.1239
vn 0.2513 0.9636 -0.0918
vn 0.1724 0.9713 -0.1640
vn 0.2080 0.9649 -0.1605
vn 0.8715 -0.4851 -0.0713
vn 0.8703 -0.4871 -0.0723
vn 0.9995 -0.0297 0.0047
vn 0.9991 -0.0429 -0.0029
vn 0.7993 -0.6008 -0.0117
vn 0.7933 -0.6074 -0.0413
vn 0.7470 -0.6581 -0.0944
vn 0.7691 -0.6353 -0.0694
vn 0.7082 -0.6867 -0.1639
vn 0.7487 -0.6518 -0.1206
vn 0.8059 -0.5601 -0.1920
vn 0.8159 -0.5486 -0.1826
vn 0.8363 -0.5443 -0.0664
vn 0.8335 -0.5481 -0.0692
vn 0.8375 -0.5460 -0.0224
vn 0.8097 -0.5866 -0.0160
vn 0.7054 -0.6841 -0.1856
vn 0.7299 -0.6520 -0.2054
vn 0.7324 -0.6786 -0.0552
vn 0.7427 -0.6682 -0.0435
vn 0.6921 -0.7119 -0.1190
vn 0.7289 -0.6790 -0.0874
vn 0.6403 -0.7528 -0.1527
vn 0.6618 -0.7143 -0.2276
vn 0.7627 -0.6456 -0.0374
vn 0.7633 -0.6450 -0.0367
vn 0.7667 -0.6414 -0.0285
vn 0.7662 -0.6421 -0.0269
vn 0.7668 -0.6413 -0.0276
vn 0.7920 -0.6093 -0.0379
vn 0.8087 -0.5883 -0.0017
vn 0.8027 -0.5962 -0.0150
vn 0.7979 -0.6027 0.0068
vn 0.8727 -0.4880 -0.0133
vn 0.8957 -0.3337 0.2939
vn 0.9438 -0.3169 -0.0935
vn 0.9436 -0.3172 -0.0950
vn 0.9069 -0.3238 -0.2696
vn 0.9092 -0.3231 -0.2626
vn 0.8978 -0.3226 -0.2999
vn 0.8635 -0.3348 -0.3772
vn 0.8951 -0.3338 0.2955
vn 0.7772 -0.6187 -0.1148
vn 0.7810 -0.6120 -0.1247
vn 0.7609 -0.6216 -0.1862
vn 0.7591 -0.6250 -0.1821
vn 0.8254 -0.5516 -0.1200
vn 0.8229 -0.5548 -0.1224
vn 0.9434 -0.3188 0.0917
vn 0.9432 -0.3190 0.0927
vn 0.7969 -0.5996 -0.0729
vn 0.7921 -0.6073 -0.0616
vn 0.8020 -0.5966 -0.0282
vn 0.7994 -0.5998 -0.0344
vn 0.7368 -0.4400 -0.5134
vn 0.7744 -0.4004 -0.4899
vn 0.4132 -0.7972 -0.4400
vn 0.4183 -0.7932 -0.4424
vn 0.9175 -0.3977 0.0008
vn 0.9195 -0.3931 0.0069
vn 0.9212 -0.3889 -0.0060
vn 0.9994 -0.0196 -0.0297
vn 0.5328 -0.8371 -0.1241
vn 0.6116 -0.7878 -0.0729
vn 0.6218 -0.7826 -0.0299
vn 0.6125 -0.7871 -0.0725
vn 0.4078 -0.8035 -0.4338
vn 0.9933 -0.0984 -0.0612
vn 0.8631 0.4706 -0.1830
vn 0.8684 0.4853 -0.1020
vn 0.8906 0.4472 -0.0826
vn 0.8533 0.5207 -0.0269
vn 0.8818 0.4716 -0.0006
vn 0.9991 -0.0392 -0.0179
vn 0.9996 -0.0249 -0.0113
vn 0.9782 -0.0000 -0.2074
vn 0.9903 -0.0797 -0.1140
vn 0.9576 -0.2881 0.0052
vn 0.9938 -0.0000 -0.1112
vn 0.8215 -0.3655 -0.4377
vn 0.8232 -0.3636 -0.4359
vn 0.6722 -0.7317 -0.1130
vn 0.6075 -0.7776 -0.1619
vn 0.6744 -0.7332 -0.0869
vn 0.7113 -0.7007 -0.0554
vn 0.7428 -0.6680 -0.0439
vn 0.7495 -0.6617 -0.0200
vn 0.7116 -0.7003 -0.0568
vn 0.7188 -0.6944 -0.0339
vn 0.6703 -0.5262 -0.5232
vn 0.4973 -0.7364 -0.4586
vn 0.5970 -0.7767 -0.2006
vn 0.5024 -0.8259 -0.2559
vn 0.2544 -0.9496 -0.1834
vn 0.2043 -0.9651 -0.1638
vn 0.2894 -0.9476 -0.1350
vn 0.3221 -0.9358 -0.1433
vn 0.3817 -0.9166 -0.1192
vn 0.3543 -0.9009 -0.2506
vn 0.4316 -0.8755 -0.2174
vn 0.5317 -0.8363 -0.1337
vn 0.4417 -0.8775 -0.1865
vn 0.2559 -0.9509 -0.1739
vn 0.3229 -0.9368 -0.1346
vn -0.9616 0.2742 -0.0139
vn -0.9836 0.1799 0.0128
vn -0.9830 0.1668 -0.0766
vn -0.9996 0.0190 -0.0189
vn -0.9422 0.3333 -0.0339
vn -0.9504 0.3066 -0.0515
vn -0.9796 0.1856 -0.0775
vn -0.9612 0.2748 -0.0245
vn -0.9528 0.3032 -0.0150
vn -0.9286 0.3664 -0.0588
vn -0.9731 -0.0000 -0.2305
vn -0.9732 -0.0020 -0.2299
vn -0.9491 -0.0000 -0.3151
vn -0.9493 -0.0019 -0.3143
vn -0.9926 -0.1208 -0.0149
vn -0.9979 0.0135 -0.0632
vn -0.9295 0.3624 -0.0683
vn -0.8151 0.5294 -0.2353
vn -0.7191 0.6930 -0.0519
vn -0.7247 0.6875 -0.0462
vn -0.9241 -0.3814 -0.0223
vn -0.9271 -0.3747 -0.0005
vn -0.9189 -0.3944 -0.0107
vn -0.9219 -0.3873 -0.0031
vn -0.8873 -0.4612 -0.0012
vn -0.8870 -0.4617 -0.0016
vn -0.8874 -0.4609 -0.0020
vn -0.8870 -0.4617 -0.0026
vn -0.8874 -0.4610 -0.0017
vn -0.8078 0.5894 -0.0032
vn -0.6103 0.7567 -0.2343
vn -0.7231 0.6906 0.0127
vn -0.6884 0.7248 -0.0265
vn -0.6510 0.7584 0.0334
vn -0.6880 0.7257 -0.0061
vn -0.9625 -0.2707 -0.0194
vn -0.9685 -0.2475 -0.0291
vn -0.9626 -0.2695 -0.0278
vn -0.9483 -0.3143 -0.0440
vn -0.9863 -0.0000 -0.1650
vn -0.9123 -0.3935 -0.1130
vn -0.8913 -0.4432 -0.0956
vn -0.8812 -0.4602 -0.1083
vn -0.9198 -0.3770 -0.1090
vn -0.9344 -0.3250 -0.1459
vn -0.7029 0.7075 -0.0736
vn -0.6163 0.7758 -0.1352
vn -0.7014 0.7072 -0.0885
vn -0.7183 0.6917 -0.0744
vn -0.9313 -0.2975 -0.2103
vn -0.9264 -0.3252 -0.1897
vn -0.9023 -0.4280 -0.0528
vn -0.9027 -0.4267 -0.0546
vn -0.9036 -0.3905 -0.1761
vn -0.9015 -0.3945 -0.1777
vn -0.9022 -0.4275 -0.0570
vn -0.8930 -0.4437 -0.0759
vn -0.9234 -0.3750 -0.0820
vn -0.9825 0.1621 -0.0913
vn -0.9692 0.2173 -0.1157
vn -0.8811 0.3457 -0.3226
vn -0.9288 0.2459 -0.2774
vn -0.9609 -0.0537 -0.2718
vn -0.9636 -0.1389 -0.2282
vn -0.6159 0.7759 -0.1369
vn -0.5278 0.8282 -0.1885
vn -0.9772 -0.1978 -0.0768
vn -0.4674 0.8513 -0.2383
vn -0.5149 0.8288 -0.2188
vn -0.9802 0.1629 -0.1127
vn -0.9772 0.1866 -0.1012
vn -0.9459 -0.3197 -0.0552
vn -0.9745 -0.1970 -0.1075
vn -0.9446 -0.3198 -0.0740
vn -0.9469 -0.3139 -0.0692
vn -0.9558 0.2227 -0.1922
vn -0.9499 0.2399 -0.2002
vn -0.9642 -0.1934 -0.1814
vn -0.9772 -0.1394 -0.1602
vn -0.8516 -0.5173 -0.0849
vn -0.7745 -0.5790 -0.2546
vn -0.8494 -0.5201 -0.0892
vn -0.8528 -0.5154 -0.0842
vn -0.8497 -0.5198 -0.0879
vn -0.8612 -0.3284 -0.3880
vn -0.8620 -0.3280 -0.3865
vn -0.8466 -0.5292 -0.0563
vn -0.8508 -0.5187 -0.0841
vn -0.7690 -0.6245 -0.1365
vn -0.7726 -0.6153 -0.1565
vn -0.7984 -0.5963 -0.0839
vn -0.7992 -0.5955 -0.0816
vn -0.8661 -0.4726 -0.1630
vn -0.8727 -0.4624 -0.1567
vn -0.8120 -0.5609 -0.1614
vn -0.8334 -0.5354 -0.1368
vn -0.8407 -0.5329 -0.0961
vn -0.8407 -0.5330 -0.0960
vn -0.9113 -0.3188 -0.2604
vn -0.9096 -0.3198 -0.2653
vn -0.7801 -0.6219 0.0685
vn -0.7802 -0.6218 0.0685
vn -0.8355 -0.5434 0.0818
vn -0.8313 -0.5487 0.0893
vn -0.8403 -0.5420 0.0127
vn -0.8385 -0.5448 0.0141
vn -0.8317 -0.5553 -0.0011
vn -0.8397 -0.5429 0.0138
vn -0.8397 -0.5428 0.0131
vn -0.8394 -0.5433 0.0145
vn -0.9455 -0.3034 -0.1183
vn -0.9455 -0.3034 -0.1181
vn -0.9457 -0.3034 -0.1170
vn -0.7013 -0.7093 0.0714
vn -0.8421 -0.5317 0.0900
vn -0.7617 -0.6428 0.0811
vn -0.7614 -0.6432 0.0813
vn -0.7956 -0.5992 -0.0890
vn -0.4879 -0.4988 -0.7164
vn -0.2481 -0.3364 -0.9084
vn -0.4454 -0.3867 -0.8075
vn -0.2108 -0.3299 -0.9202
vn -0.4927 -0.7230 -0.4843
vn -0.5307 -0.7939 -0.2966
vn -0.6990 -0.6898 -0.1888
vn -0.7153 -0.6762 -0.1766
vn -0.5229 -0.6782 -0.5163
vn -0.3328 -0.7234 -0.6049
vn -0.9271 -0.3748 -0.0005
vn -0.9082 -0.4178 -0.0260
vn -0.9083 -0.4180 -0.0141
vn -0.9088 -0.4171 -0.0133
vn 0.2053 -0.9678 -0.1459
vn -0.1850 -0.8013 -0.5690
vn -0.2854 -0.7903 -0.5422
vn -0.0563 -0.5618 -0.8254
vn -0.5626 -0.7557 -0.3351
vn -0.6384 -0.3618 -0.6794
vn -0.6425 -0.3616 -0.6756
vn -0.7145 -0.5478 -0.4351
vn -0.6896 -0.3610 -0.6279
vn -0.7842 -0.3427 -0.5173
vn -0.7832 -0.3428 -0.5188
vn -0.7951 -0.3436 -0.4998
vn -0.6941 -0.3598 -0.6235
vn -0.7325 -0.6512 -0.1986
vn -0.7422 -0.6397 -0.1995
vn -0.7005 -0.6070 -0.3752
vn -0.6940 -0.6137 -0.3765
vn -0.5723 -0.7549 -0.3203
vn -0.7415 -0.6405 -0.1999
vn -0.5703 -0.3794 -0.7286
vn -0.5618 -0.3829 -0.7333
vn -0.3942 -0.3974 -0.8287
vn -0.5282 -0.3813 -0.7587
s 0
f 1757//1406 1801//1406 1800//1406
f 1757//1407 1800//1407 1799//1407
f 1788//1408 1799//1408 1800//1408
f 1788//1409 1800//1409 1795//1409
f 1800//1410 1801//1410 1802//1410
f 1800//1411 1802//1411 1795//1411
f 1799//1412 1798//1412 1739//1412
f 1799//1413 1739//1413 1738//1413
f 1738//1414 1740//1414 1799//1414
f 1798//1415 1877//1415 1745//1415
f 1798//1416 1745//1416 1739//1416
f 1795//1417 1802//1417 1796//1417
f 1795//1418 1796//1418 1794//1418
f 1909//1419 1908//1419 1805//1419
f 1909//1420 1805//1420 1806//1420
f 1804//1421 1803//1421 1807//1421
f 1804//1422 1807//1422 1808//1422
f 1805//1423 1804//1423 1808//1423
f 1805//1424 1808//1424 1809//1424
f 1744//1425 1757//1425 1799//1425
f 1744//1426 1799//1426 1740//1426
f 1803//1427 1804//1427 1906//1427
f 1803//1428 1906//1428 1907//1428
f 1804//1429 1805//1429 1908//1429
f 1804//1430 1908//1430 1906//1430
f 1786//1431 1788//1431 1789//1431
f 1786//1432 1789//1432 1787//1432
f 1789//1433 1791//1433 1790//1433
f 1789//1434 1790//1434 1787//1434
f 1790//1435 1792//1435 1784//1435
f 1790//1436 1784//1436 1787//1436
f 1902//1437 1781//1437 1783//1437
f 1902//1438 1783//1438 1785//1438
f 1902//1439 1903//1439 1898//1439
f 1902//1440 1898//1440 1781//1440
f 1788//1441 1786//1441 1778//1441
f 1788//1442 1778//1442 1777//1442
f 1792//1443 1793//1443 1785//1443
f 1792//1444 1785//1444 1784//1444
f 1797//1445 1905//1445 1904//1445
f 1797//1446 1904//1446 1793//1446
f 1777//1447 1897//1447 1877//1447
f 1777//1448 1877//1448 1798//1448
f 1798//1449 1799//1449 1788//1449
f 1798//1450 1788//1450 1777//1450
f 1794//1451 1789//1451 1788//1451
f 1794//1452 1788//1452 1795//1452
f 1794//1453 1796//1453 1791//1453
f 1794//1454 1791//1454 1789//1454
f 1904//1455 1902//1455 1785//1455
f 1904//1456 1785//1456 1793//1456
f 1809//1457 1810//1457 1806//1457
f 1809//1458 1806//1458 1805//1458
f 1796//1459 1819//1459 1813//1459
f 1796//1460 1813//1460 1791//1460
f 1801//1461 1815//1461 1816//1461
f 1801//1462 1816//1462 1802//1462
f 1754//1463 1884//1463 1913//1463
f 1754//1464 1913//1464 1820//1464
f 1813//1465 1819//1465 1818//1465
f 1813//1466 1818//1466 1810//1466
f 1817//1467 1816//1467 1815//1467
f 1817//1468 1815//1468 1814//1468
f 1802//1469 1816//1469 1819//1469
f 1802//1470 1819//1470 1796//1470
f 1820//1471 1913//1471 1914//1471
f 1820//1472 1914//1472 1821//1472
f 1915//1473 1909//1473 1806//1473
f 1915//1474 1806//1474 1822//1474
f 1817//1475 1821//1475 1822//1475
f 1817//1476 1822//1476 1818//1476
f 1810//1477 1818//1477 1822//1477
f 1810//1478 1822//1478 1806//1478
f 1820//1479 1814//1479 1755//1479
f 1820//1480 1755//1480 1754//1480
f 1814//1481 1820//1481 1821//1481
f 1814//1482 1821//1482 1817//1482
f 1821//1483 1914//1483 1915//1483
f 1821//1484 1915//1484 1822//1484
f 1813//1485 1812//1485 1790//1485
f 1813//1486 1790//1486 1791//1486
f 1812//1487 1811//1487 1792//1487
f 1812//1488 1792//1488 1790//1488
f 1811//1489 1797//1489 1793//1489
f 1811//1490 1793//1490 1792//1490
f 1808//1491 1807//1491 1797//1491
f 1808//1492 1797//1492 1811//1492
f 1811//1493 1812//1493 1809//1493
f 1811//1494 1809//1494 1808//1494
f 1812//1495 1813//1495 1810//1495
f 1812//1496 1810//1496 1809//1496
f 1905//1497 1797//1497 1807//1497
f 1905//1498 1807//1498 1910//1498
f 1815//1499 1801//1499 1757//1499
f 1815//1500 1757//1500 1756//1500
f 1756//1501 1757//1501 1751//1501
f 1756//1502 1751//1502 1748//1502
f 1818//1503 1819//1503 1816//1503
f 1818//1504 1816//1504 1817//1504
f 1911//1505 1910//1505 1807//1505
f 1911//1506 1807//1506 1803//1506
f 1907//1507 1912//1507 1911//1507
f 1907//1508 1911//1508 1803//1508
f 1814//1509 1815//1509 1756//1509
f 1814//1510 1756//1510 1755//1510
f 1786//1511 1787//1511 1784//1511
f 1786//1512 1784//1512 1782//1512
f 1758//1513 1750//1513 1751//1513
f 1758//1514 1751//1514 1743//1514
f 1759//1515 1760//1515 1746//1515
f 1759//1516 1746//1516 1749//1516
f 1760//1517 1885//1517 1752//1517
f 1760//1518 1752//1518 1746//1518
f 1753//1519 1883//1519 1884//1519
f 1753//1520 1884//1520 1754//1520
f 1755//1521 1756//1521 1748//1521
f 1755//1522 1748//1522 1747//1522
f 1751//1523 1757//1523 1744//1523
f 1751//1524 1744//1524 1743//1524
f 1752//1525 1885//1525 1886//1525
f 1752//1526 1886//1526 1882//1526
f 1763//1527 1764//1527 1759//1527
f 1763//1528 1759//1528 1761//1528
f 1764//1529 1765//1529 1760//1529
f 1764//1530 1760//1530 1759//1530
f 1887//1531 1885//1531 1760//1531
f 1887//1532 1760//1532 1765//1532
f 1761//1533 1759//1533 1749//1533
f 1761//1534 1749//1534 1750//1534
f 1758//1535 1762//1535 1761//1535
f 1758//1536 1761//1536 1750//1536
f 1741//1537 1762//1537 1758//1537
f 1741//1538 1758//1538 1743//1538
f 1742//1539 1743//1539 1744//1539
f 1742//1540 1744//1540 1740//1540
f 1741//1541 1743//1541 1742//1541
f 1745//1542 1877//1542 1878//1542
f 1745//1543 1878//1543 1879//1543
f 1874//1544 1875//1544 1738//1544
f 1874//1545 1738//1545 1739//1545
f 1875//1546 1876//1546 1740//1546
f 1875//1547 1740//1547 1738//1547
f 1742//1548 1740//1548 1876//1548
f 1742//1549 1876//1549 1741//1549
f 1880//1550 1881//1550 1879//1550
f 1880//1550 1879//1550 1878//1550
f 1752//1551 1753//1551 1747//1551
f 1752//1552 1747//1552 1746//1552
f 1882//1553 1883//1553 1753//1553
f 1882//1554 1753//1554 1752//1554
f 1754//1555 1755//1555 1747//1555
f 1754//1556 1747//1556 1753//1556
f 1745//1557 1879//1557 1874//1557
f 1745//1558 1874//1558 1739//1558
f 1748//1559 1749//1559 1746//1559
f 1748//1560 1746//1560 1747//1560
f 1748//1561 1751//1561 1750//1561
f 1748//1562 1750//1562 1749//1562
f 1888//1563 1767//1563 1766//1563
f 1888//1564 1766//1564 1762//1564
f 1775//1565 1769//1565 1889//1565
f 1775//1566 1889//1566 1774//1566
f 1776//1567 1896//1567 1897//1567
f 1776//1568 1897//1568 1777//1568
f 1776//1569 1777//1569 1778//1569
f 1776//1570 1778//1570 1779//1570
f 1775//1571 1773//1571 1770//1571
f 1775//1572 1770//1572 1769//1572
f 1768//1573 1767//1573 1769//1573
f 1768//1574 1769//1574 1770//1574
f 1894//1575 1774//1575 1889//1575
f 1780//1576 1776//1576 1779//1576
f 1780//1577 1779//1577 1781//1577
f 1782//1578 1783//1578 1781//1578
f 1782//1579 1781//1579 1779//1579
f 1784//1580 1785//1580 1783//1580
f 1784//1581 1783//1581 1782//1581
f 1778//1582 1786//1582 1782//1582
f 1778//1583 1782//1583 1779//1583
f 1781//1584 1898//1584 1899//1584
f 1781//1584 1899//1584 1780//1584
f 1776//1585 1780//1585 1900//1585
f 1776//1586 1900//1586 1896//1586
f 1901//1587 1900//1587 1780//1587
f 1901//1587 1780//1587 1899//1587
f 1876//1588 1888//1588 1762//1588
f 1876//1589 1762//1589 1741//1589
f 1765//1590 1764//1590 1770//1590
f 1765//1591 1770//1591 1771//1591
f 1768//1592 1770//1592 1764//1592
f 1768//1593 1764//1593 1763//1593
f 1766//1594 1763//1594 1761//1594
f 1766//1595 1761//1595 1762//1595
f 1767//1596 1768//1596 1763//1596
f 1767//1597 1763//1597 1766//1597
f 1769//1598 1767//1598 1888//1598
f 1769//1599 1888//1599 1889//1599
f 1887//1600 1765//1600 1771//1600
f 1887//1601 1771//1601 1890//1601
f 1893//1602 1891//1602 1772//1602
f 1894//1603 1895//1603 1892//1603
f 1894//1604 1892//1604 1774//1604
f 1774//1605 1892//1605 1773//1605
f 1774//1606 1773//1606 1775//1606
f 1772//1607 1891//1607 1890//1607
f 1772//1608 1890//1608 1771//1608
f 1771//1609 1770//1609 1773//1609
f 1771//1610 1773//1610 1772//1610
f 1892//1611 1893//1611 1772//1611
f 1892//1612 1772//1612 1773//1612
f 1857//1613 1855//1613 1852//1613
f 1857//1614 1852//1614 1847//1614
f 1860//1615 1857//1615 1847//1615
f 1860//1616 1847//1616 1851//1616
f 1853//1617 1856//1617 1858//1617
f 1853//1618 1858//1618 1859//1618
f 1853//1619 1859//1619 1854//1619
f 1852//1620 1855//1620 1856//1620
f 1852//1621 1856//1621 1853//1621
f 1862//1622 1860//1622 1861//1622
f 1862//1623 1861//1623 1962//1623
f 1960//1624 1862//1624 1962//1624
f 1960//1625 1961//1625 1957//1625
f 1960//1626 1957//1626 1862//1626
f 1851//1627 1954//1627 1861//1627
f 1851//1628 1861//1628 1860//1628
f 1857//1629 1860//1629 1862//1629
f 1857//1630 1862//1630 1957//1630
f 1958//1631 1959//1631 1859//1631
f 1958//1632 1859//1632 1858//1632
f 1850//1633 1851//1633 1847//1633
f 1850//1634 1847//1634 1846//1634
f 1953//1635 1954//1635 1851//1635
f 1953//1636 1851//1636 1850//1636
f 1918//1637 1953//1637 1850//1637
f 1918//1638 1850//1638 1823//1638
f 1846//1639 1921//1639 1823//1639
f 1846//1640 1823//1640 1850//1640
f 1952//1641 1921//1641 1846//1641
f 1952//1641 1846//1641 1934//1641
f 1855//1642 1857//1642 1957//1642
f 1855//1643 1957//1643 1955//1643
f 1956//1644 1958//1644 1858//1644
f 1956//1645 1858//1645 1856//1645
f 1855//1646 1955//1646 1956//1646
f 1855//1647 1956//1647 1856//1647
f 1852//1648 1853//1648 1848//1648
f 1852//1649 1848//1649 1847//1649
f 1848//1650 1853//1650 1854//1650
f 1848//1651 1854//1651 1849//1651
f 1963//1652 1964//1652 1962//1652
f 1963//1652 1962//1652 1861//1652
f 1873//1653 1872//1653 1835//1653
f 1829//1654 1873//1654 1835//1654
f 1829//1655 1835//1655 1834//1655
f 1872//1656 1873//1656 1868//1656
f 1872//1657 1868//1657 1866//1657
f 1864//1658 1871//1658 1971//1658
f 1864//1659 1971//1659 1968//1659
f 1959//1660 1971//1660 1871//1660
f 1959//1661 1871//1661 1859//1661
f 1866//1662 1970//1662 1972//1662
f 1866//1663 1972//1663 1872//1663
f 1849//1664 1870//1664 1828//1664
f 1849//1665 1828//1665 1824//1665
f 1972//1666 1939//1666 1835//1666
f 1972//1667 1835//1667 1872//1667
f 1828//1668 1870//1668 1873//1668
f 1828//1669 1873//1669 1829//1669
f 1870//1670 1868//1670 1873//1670
f 1867//1671 1869//1671 1871//1671
f 1867//1672 1871//1672 1864//1672
f 1863//1673 1967//1673 1969//1673
f 1863//1674 1969//1674 1865//1674
f 1865//1675 1969//1675 1970//1675
f 1865//1676 1970//1676 1866//1676
f 1863//1677 1864//1677 1968//1677
f 1863//1678 1968//1678 1965//1678
f 1954//1679 1963//1679 1861//1679
f 1965//1680 1966//1680 1967//1680
f 1965//1681 1967//1681 1863//1681
f 1871//1682 1869//1682 1854//1682
f 1871//1683 1854//1683 1859//1683
f 1868//1684 1870//1684 1869//1684
f 1868//1685 1869//1685 1867//1685
f 1869//1686 1870//1686 1849//1686
f 1869//1687 1849//1687 1854//1687
f 1865//1688 1867//1688 1864//1688
f 1865//1689 1864//1689 1863//1689
f 1868//1690 1867//1690 1865//1690
f 1868//1691 1865//1691 1866//1691
f 1827//1692 1826//1692 1830//1692
f 1830//1693 1831//1693 1832//1693
f 1830//1694 1832//1694 1827//1694
f 1825//1695 1824//1695 1828//1695
f 1825//1696 1828//1696 1826//1696
f 1827//1697 1936//1697 1935//1697
f 1827//1698 1935//1698 1826//1698
f 1828//1699 1829//1699 1830//1699
f 1828//1700 1830//1700 1826//1700
f 1833//1701 1938//1701 1940//1701
f 1833//1702 1940//1702 1836//1702
f 1837//1703 1831//1703 1833//1703
f 1837//1704 1833//1704 1836//1704
f 1939//1705 1937//1705 1834//1705
f 1939//1706 1834//1706 1835//1706
f 1937//1707 1938//1707 1833//1707
f 1937//1708 1833//1708 1834//1708
f 1829//1709 1834//1709 1833//1709
f 1829//1710 1833//1710 1830//1710
f 1826//1711 1935//1711 1932//1711
f 1826//1712 1932//1712 1825//1712
f 1916//1713 1923//1713 1924//1713
f 1916//1714 1924//1714 1917//1714
f 1927//1715 1928//1715 1925//1715
f 1927//1716 1925//1716 1926//1716
f 1922//1717 1919//1717 1823//1717
f 1922//1718 1823//1718 1921//1718
f 1917//1719 1918//1719 1823//1719
f 1917//1720 1823//1720 1916//1720
f 1920//1721 1916//1721 1823//1721
f 1920//1722 1823//1722 1919//1722
f 1933//1723 1934//1723 1824//1723
f 1933//1724 1824//1724 1932//1724
f 1932//1725 1824//1725 1825//1725
f 1931//1726 1928//1726 1927//1726
f 1929//1727 1930//1727 1926//1727
f 1929//1727 1926//1727 1925//1727
f 1924//1728 1923//1728 1931//1728
f 1924//1729 1931//1729 1927//1729
f 1833//1730 1831//1730 1830//1730
f 1844//1731 1845//1731 1948//1731
f 1844//1732 1948//1732 1949//1732
f 1949//1733 1943//1733 1842//1733
f 1949//1734 1842//1734 1844//1734
f 1946//1735 1844//1735 1843//1735
f 1946//1736 1843//1736 1945//1736
f 1940//1737 1944//1737 1839//1737
f 1940//1738 1839//1738 1836//1738
f 1845//1739 1844//1739 1946//1739
f 1845//1740 1946//1740 1947//1740
f 1846//1741 1847//1741 1848//1741
f 1846//1742 1848//1742 1934//1742
f 1934//1743 1848//1743 1849//1743
f 1934//1744 1849//1744 1824//1744
f 1893//1745 1892//1745 1895//1745
f 1950//1746 1947//1746 1951//1746
f 1845//1747 1947//1747 1950//1747
f 1845//1748 1950//1748 1948//1748
f 1944//1749 1945//1749 1843//1749
f 1942//1750 1837//1750 1836//1750
f 1942//1751 1836//1751 1838//1751
f 1836//1752 1839//1752 1838//1752
f 1837//1753 1942//1753 1941//1753
f 1832//1754 1941//1754 1936//1754
f 1832//1755 1936//1755 1827//1755
f 1941//1756 1832//1756 1831//1756
f 1941//1757 1831//1757 1837//1757
f 1838//1758 1839//1758 1944//1758
f 1838//1759 1944//1759 1840//1759
f 1842//1760 1841//1760 1843//1760
f 1842//1761 1843//1761 1844//1761
f 1944//1762 1843//1762 1841//1762
f 1944//1763 1841//1763 1840//1763
f 1840//1764 1943//1764 1942//1764
f 1840//1765 1942//1765 1838//1765
f 1841//1766 1842//1766 1943//1766
f 1841//1767 1943//1767 1840//1767
o Turret_01_havok_s_armor_4_4
v -0.177551 2.216817 1.338493
v -0.062654 2.080238 1.502397
v -0.222009 2.160124 1.405725
v -0.234711 2.080238 1.494048
v -0.324781 2.211233 1.332781
v -0.357691 2.087539 1.470759
v -0.544183 2.097847 1.427696
v -0.230669 1.949243 1.613571
v -0.062654 1.949243 1.620162
v -0.370393 2.001211 1.555128
v -0.379054 1.903717 1.639936
v -0.597878 1.905864 1.600388
v -0.582867 2.006795 1.513822
v -0.062076 1.790760 1.741003
v -0.204110 1.806651 1.727381
v -0.377322 1.813953 1.708046
v -0.067273 1.724618 1.762095
v -0.219699 1.731061 1.756382
v -0.073624 1.659335 1.766050
v -0.222586 1.660624 1.761216
v -0.385982 1.736214 1.741881
v -0.390601 1.661483 1.747594
v -0.548224 1.739650 1.715077
v -0.559772 1.661483 1.720789
v -0.396375 1.600065 1.731335
v -0.561504 1.601354 1.705849
v -0.537831 1.817389 1.682120
v -0.178128 1.349241 1.443515
v -0.357691 1.346664 1.428574
v -0.524552 1.344517 1.406603
v -0.696032 1.342799 1.371889
v -0.375012 1.418819 1.566113
v -0.559772 1.417960 1.543263
v -0.197181 1.423544 1.583251
v 0.010673 1.425262 1.588084
v -0.212193 1.468211 1.643012
v -0.222009 1.532205 1.715956
v -0.066695 1.533494 1.720789
v -0.383673 1.467352 1.630708
v -0.391756 1.533064 1.703652
v -0.561504 1.469929 1.610934
v -0.562659 1.536500 1.682999
v -0.225473 1.592334 1.745397
v -0.073624 1.591046 1.750231
v -1.042455 1.902428 1.344645
v -0.809774 2.009372 1.424180
v -0.891184 1.898563 1.491851
v -1.010700 1.810946 1.466804
v -0.930445 1.818677 1.529641
v -0.823054 1.817389 1.594236
v -0.686794 1.819106 1.645209
v -0.702383 1.740080 1.675529
v -0.717394 1.661483 1.680362
v -0.839220 1.740080 1.621041
v -0.835179 1.676515 1.632905
v -0.949498 1.740080 1.555567
v -0.958159 1.661053 1.567871
v -1.113472 1.811376 1.346403
v -1.143496 1.719464 1.371889
v -1.159085 1.647739 1.386390
v -1.045342 1.734067 1.478229
v -1.060931 1.662771 1.487457
v -0.985296 1.604790 1.546339
v -0.957004 1.505577 1.519974
v -1.060354 1.493980 1.455818
v -1.089800 1.605219 1.462849
v -1.145228 1.492262 1.384193
v -1.171210 1.585462 1.381557
v -0.936796 1.417101 1.431211
v -0.814393 1.473365 1.551612
v -0.754346 1.425691 1.511625
v -0.716817 1.471647 1.579735
v -0.847881 1.337645 1.316522
v -0.716240 1.536500 1.647406
v -0.849036 1.535212 1.601267
v -0.738180 1.606508 1.662786
v -0.873863 1.611661 1.610055
v 1.169121 1.315360 1.054325
v -1.101694 1.331029 1.165406
v 1.318065 1.547388 1.141496
v 1.305062 1.470849 1.150961
v 1.244775 1.385872 1.152455
v 1.296787 1.637186 1.130538
v 1.263689 1.723367 1.120077
v 1.189216 1.854147 1.121572
v 1.100559 1.323195 1.141994
v 0.829858 2.191039 1.161919
v 0.755386 2.269989 1.096666
v 0.825130 2.288069 0.983592
v 0.958707 2.159700 1.040378
v 0.998898 2.081353 1.124062
v 0.662000 2.269989 1.158432
v 1.055639 1.996377 1.179852
v 1.062732 2.056644 1.037389
v 1.117108 1.980708 1.069269
v 0.334558 2.351349 1.135021
v 0.498870 2.347733 1.103639
v 0.677367 2.322421 1.061797
v -0.003523 2.360390 1.142991
v 0.173792 2.354363 1.147474
v -0.176109 2.356773 1.143489
v -0.774252 2.296506 1.021948
v -0.604029 2.286864 1.162417
v -0.858181 2.206106 1.098160
v -0.664317 2.382688 0.949720
v -0.518918 2.368224 1.062793
v -0.358153 2.347733 1.137511
v 0.469317 2.418849 0.989072
v 0.625355 2.401371 0.945735
v 0.315644 2.421862 1.020453
v 0.159607 2.426081 1.029917
v -0.003523 2.428491 1.029917
v 0.131237 2.509852 0.851591
v -0.118186 2.514071 0.841628
v 0.293185 2.504428 0.847606
v -0.154831 2.430902 1.021948
v -0.234032 2.519495 0.815228
v -0.302594 2.434518 0.999532
v -0.354606 2.524919 0.777371
v -0.541378 2.450187 0.888950
v -0.503551 2.514071 0.755952
v -0.420804 2.549025 0.670275
v 0.377188 1.423362 1.572040
v 0.555807 1.425906 1.549688
v 0.535271 1.350004 1.417234
v 0.363815 1.351276 1.438758
v 0.519510 1.472550 1.617571
v 0.370501 1.467885 1.631230
v 0.617895 1.472550 1.600186
v 0.583508 1.895737 1.615915
v 0.381008 1.915667 1.631230
v 0.389605 1.999202 1.555483
v 0.586373 2.005986 1.512849
v 0.389605 2.094185 1.459868
v 0.350442 2.181961 1.365495
v 0.565837 2.105634 1.413509
v 0.234387 1.947045 1.625849
v 0.229611 2.151430 1.413509
v 0.172778 2.218004 1.337762
v 0.211940 1.807538 1.726431
v 0.367158 1.810930 1.712358
v 0.507571 1.811354 1.693317
v 0.219582 1.536579 1.719394
v 0.370024 1.534883 1.706149
v 0.514257 1.534883 1.686281
v 0.371934 1.585767 1.733468
v 0.517600 1.587463 1.714427
v 0.370979 1.661669 1.750024
v 0.221015 1.585343 1.745057
v 0.222447 1.660397 1.761200
v 0.369068 1.735452 1.743815
v 0.220059 1.732059 1.756647
v 0.516167 1.663366 1.729328
v 0.513302 1.736724 1.723119
v 1.147068 1.574318 1.413095
v 1.141337 1.662094 1.402333
v 1.124143 1.735452 1.387846
v 1.150411 1.512833 1.391985
v 1.017640 1.410217 1.384535
v 1.039609 1.530643 1.488428
v 1.040087 1.591280 1.508710
v 1.025282 1.467037 1.444139
v 0.908271 1.473398 1.509952
v 0.906838 1.421242 1.450762
v 1.036744 1.664214 1.509124
v 1.025759 1.741388 1.493809
v 0.744934 1.421242 1.508296
v 0.797947 1.997081 1.439172
v 0.904451 1.921603 1.457798
v 1.081160 1.833828 1.367978
v 0.978955 1.837644 1.478908
v 0.761173 1.470854 1.564589
v 0.781231 1.534035 1.624193
v 0.910182 1.536579 1.569970
v 0.919733 1.665062 1.591080
v 0.911137 1.743508 1.579490
v 0.913047 1.596368 1.590252
v 0.869586 1.830011 1.564175
v 0.791261 1.899977 1.545963
v 0.777411 1.818987 1.617157
v 0.642729 1.813050 1.663101
v 0.650849 1.739692 1.690834
v 0.645117 1.535731 1.662688
v 0.650849 1.588735 1.687109
v 0.653714 1.665486 1.697870
v 0.784575 1.741388 1.644475
v 0.789828 1.665062 1.653581
v 0.788873 1.588735 1.645303
v -0.059454 2.243317 1.309628
v 0.090077 2.236694 1.317889
v 0.087845 2.080273 1.502370
v -0.498361 2.194941 1.323141
v -0.455988 2.272363 1.230301
v -0.330658 2.277328 1.245193
v -0.189795 2.275120 1.261280
v -0.004102 2.293184 1.241487
v 0.087845 1.949047 1.620361
v 0.088408 1.791125 1.740393
v 0.083170 1.724271 1.763369
v 0.075554 1.659464 1.766078
v -0.479649 1.299127 1.272060
v 0.197742 1.352207 1.449927
v 0.269561 1.302999 1.305252
v -0.704599 1.293644 1.208650
v 0.201633 1.422220 1.581539
v -0.048429 1.470408 1.649038
v 0.067186 1.537709 1.723250
v 0.069195 1.595347 1.751311
v 0.210137 1.469872 1.644031
v -1.012996 2.002186 1.238116
v -0.943735 2.098568 1.176272
v -0.740649 2.107327 1.345710
v -0.673395 2.207037 1.248588
v -1.179659 1.795360 1.242892
v -1.124976 1.896897 1.217167
v -1.213178 1.702935 1.267629
v -1.230709 1.635331 1.281592
v -1.062295 1.413946 1.360710
v -1.180660 1.401544 1.245239
v -1.235527 1.481038 1.279322
v -1.239275 1.566464 1.292478
v -0.996778 1.335902 1.246582
v -1.039447 1.275850 0.277385
v -1.039447 1.225836 0.277385
v -1.258243 1.225836 0.037146
v -1.258243 1.275850 0.037146
v -1.387859 1.225837 -0.173091
v -1.387859 1.275850 -0.173091
v -0.624018 1.225836 0.546370
v -0.893608 1.225836 0.397393
v -0.893608 1.275850 0.397393
v -0.624018 1.275850 0.546370
v -0.237239 1.225836 0.654327
v -0.442346 1.225836 0.606899
v -0.442346 1.275850 0.606899
v -0.237239 1.275850 0.654327
v 0.002504 1.275850 0.673947
v 0.002504 1.225836 0.673947
v 0.382332 1.275850 0.622410
v 0.382332 1.225836 0.622410
v 0.568317 1.275850 0.560736
v 0.568317 1.225836 0.560736
v 1.159050 1.225836 0.144909
v 1.005121 1.225836 0.304457
v 1.005120 1.273546 0.304457
v 1.159051 1.275756 0.144909
v 1.269103 1.276215 0.007900
v 1.269103 1.225836 0.007900
v 1.369278 1.275687 -0.136415
v 1.369278 1.225837 -0.136415
v 1.422618 1.225836 -0.242209
v 1.422618 1.285946 -0.242209
v 0.737302 1.225836 0.489572
v 0.868921 1.275850 0.398597
v 0.737302 1.275850 0.489572
v 1.232534 1.298940 0.906251
v 0.980959 1.285257 1.056004
v 1.344332 1.384307 0.991945
v -1.198970 1.321191 1.038711
v -1.288920 1.393289 1.100170
v -0.994896 1.286315 1.046653
v -1.329874 1.470730 1.117298
v -1.327688 1.550554 1.113753
v -1.313244 1.613721 1.106010
v -1.251703 1.774923 1.075935
v -1.287879 1.689514 1.093517
v 0.698368 1.344192 1.373966
v 0.860606 1.340577 1.318233
v 0.777703 1.290030 1.171034
v 0.570657 1.298040 1.254118
v 1.244348 1.499689 1.272032
v 1.242830 1.559339 1.286132
v 1.238742 1.450573 1.240558
v 1.150194 1.400021 1.292605
v 1.148562 1.456611 1.347119
v 1.229238 1.649290 1.273858
v 1.206438 1.723071 1.260824
v 1.242587 1.842509 0.956665
v 1.309771 1.715565 0.967755
v 1.160064 1.824536 1.243108
v 1.377312 1.463494 0.986718
v 1.346915 1.624840 0.978345
v 1.372990 1.536725 0.987522
v 0.993466 1.332157 1.238064
v 0.885212 2.105967 1.238411
v 0.740121 2.108565 1.342354
v 0.695148 2.196309 1.251065
v 0.922124 2.266059 0.840936
v 1.027783 2.147241 0.883871
v 0.752846 2.378472 0.871637
v 0.946276 2.012415 1.304652
v 1.115546 1.902753 1.223371
v 1.022953 1.923730 1.342770
v 1.136972 2.001541 0.935375
v 0.512922 2.274427 1.212283
v 0.534732 2.192915 1.317203
v 0.350166 2.270455 1.251976
v 0.204046 2.266696 1.271753
v -0.804075 2.378749 0.784011
v -0.931359 2.258499 0.843182
v -0.996145 2.167819 0.931219
v -1.191139 1.886564 1.051287
v -1.132470 1.981947 1.019319
v -1.074972 2.062025 0.986953
v 0.424811 2.497656 0.833003
v 0.576573 2.484024 0.802866
v 0.719379 2.433178 0.785103
v -0.103380 2.584981 0.667330
v 0.336540 2.584978 0.655734
v 0.551795 2.584982 0.668744
v -0.692519 2.463056 0.730893
v -0.598242 2.517594 0.668099
v -0.535875 2.551765 0.577654
v -0.452993 2.584967 0.474091
v -0.294349 2.584977 0.627099
v -0.223734 2.584979 0.659234
vn 0.7579 -0.5109 -0.4056
vn 0.7066 -0.5595 -0.4331
vn 0.6657 -0.6276 -0.4037
vn 0.7873 -0.4090 -0.4614
vn 0.8026 -0.3878 -0.4532
vn 0.3659 -0.1482 -0.9188
vn 0.3570 -0.1251 -0.9257
vn 0.4728 -0.3773 -0.7963
vn 0.4744 -0.3753 -0.7963
vn 0.4775 -0.1860 -0.8587
vn 0.5064 -0.1270 -0.8529
vn 0.7139 -0.2412 -0.6574
vn 0.7236 -0.2844 -0.6289
vn 0.5964 -0.3743 -0.7101
vn 0.5930 -0.3782 -0.7108
vn 0.6196 -0.2325 -0.7497
vn 0.6034 -0.1868 -0.7752
vn 0.8119 -0.3124 -0.4931
vn 0.8076 -0.2804 -0.5188
vn 0.7018 -0.3938 -0.5936
vn 0.6957 -0.4020 -0.5953
vn 0.6499 -0.5176 -0.5566
vn 0.4562 -0.7298 -0.5091
vn 0.5002 -0.6928 -0.5195
vn 0.2221 -0.7531 -0.6193
vn 0.2092 -0.7606 -0.6146
vn 0.2528 -0.7073 -0.6602
vn 0.2379 -0.7189 -0.6532
vn 0.0112 0.8023 -0.5968
vn 0.0071 0.8068 -0.5907
vn 0.4970 -0.6977 -0.5159
vn 0.4970 -0.6880 -0.5288
vn 0.5428 -0.5620 -0.6241
vn 0.5553 -0.5899 -0.5862
vn 0.2280 -0.3877 -0.8931
vn 0.2155 -0.4054 -0.8884
vn 0.2470 -0.1064 -0.9631
vn 0.2468 -0.1068 -0.9632
vn 0.3435 -0.3710 -0.8628
vn 0.3264 -0.3940 -0.8592
vn 0.2765 -0.6549 -0.7033
vn 0.4258 -0.5494 -0.7189
vn 0.1868 -0.5952 -0.7816
vn 0.2740 -0.6480 -0.7107
vn 0.2801 -0.6418 -0.7139
vn 0.2730 -0.6494 -0.7098
vn 0.4657 0.3489 -0.8133
vn 0.6108 0.2099 -0.7635
vn 0.2276 0.7021 -0.6748
vn 0.2137 0.6816 -0.6998
vn 0.1293 0.7875 -0.6026
vn 0.1296 0.7880 -0.6019
vn 0.3637 0.1090 -0.9251
vn 0.3857 0.1455 -0.9111
vn 0.1668 0.8663 -0.4709
vn 0.1387 0.8761 -0.4618
vn 0.1115 0.8744 -0.4722
vn 0.0832 0.8866 -0.4550
vn 0.1455 0.7137 -0.6852
vn 0.1550 0.7269 -0.6690
vn 0.4991 0.3527 -0.7915
vn 0.4690 0.2497 -0.8472
vn 0.3018 0.6939 -0.6538
vn 0.4897 0.0955 -0.8667
vn 0.4637 0.0353 -0.8853
vn 0.3606 0.2213 -0.9061
vn 0.3109 0.2959 -0.9032
vn 0.2351 0.2783 -0.9313
vn 0.2138 0.3212 -0.9225
vn 0.2372 0.2133 -0.9477
vn 0.2419 0.2274 -0.9433
vn 0.4779 0.6747 -0.5624
vn 0.5596 0.6214 -0.5484
vn 0.7744 0.1294 -0.6193
vn 0.7346 0.1863 -0.6524
vn 0.8212 -0.1874 -0.5390
vn 0.8009 -0.1103 -0.5885
vn 0.6242 -0.0021 -0.7813
vn 0.6163 0.0274 -0.7870
vn 0.6758 0.1681 -0.7176
vn 0.6276 0.2134 -0.7487
vn 0.7125 -0.0584 -0.6993
vn 0.7211 -0.0870 -0.6874
vn 0.4706 0.6704 -0.5737
vn 0.2334 0.8599 -0.4540
vn 0.2003 0.8712 -0.4482
vn 0.1066 0.9621 -0.2509
vn 0.0738 0.9538 -0.2911
vn 0.3016 0.7087 -0.6378
vn 0.2234 0.7761 -0.5898
vn 0.1919 0.7613 -0.6194
vn 0.3260 0.7200 -0.6126
vn 0.3139 0.7072 -0.6335
vn -0.0018 -0.6051 -0.7961
vn 0.0003 -0.6063 -0.7952
vn 0.0634 -0.6025 -0.7956
vn 0.0499 -0.6173 -0.7851
vn 0.0688 -0.6582 -0.7497
vn 0.1273 -0.6566 -0.7434
vn 0.1278 -0.6574 -0.7427
vn 0.1167 -0.7082 -0.6963
vn 0.1229 -0.7028 -0.7006
vn 0.0084 -0.6063 -0.7952
vn 0.0308 -0.6200 -0.7840
vn 0.0084 -0.0427 -0.9991
vn 0.0002 -0.0605 -0.9982
vn 0.0670 -0.4045 -0.9121
vn 0.0874 -0.3725 -0.9239
vn 0.0801 -0.0809 -0.9935
vn 0.0844 -0.0717 -0.9938
vn 0.0196 -0.3617 -0.9321
vn 0.0567 -0.3074 -0.9499
vn 0.0318 -0.0697 -0.9971
vn 0.0347 -0.0638 -0.9974
vn -0.0030 -0.3248 -0.9458
vn 0.0074 -0.3043 -0.9525
vn 0.1087 -0.7517 -0.6505
vn 0.1067 -0.7529 -0.6495
vn 0.0894 -0.7521 -0.6529
vn 0.0812 -0.7450 -0.6621
vn 0.1030 -0.7906 -0.6035
vn 0.1076 -0.7871 -0.6073
vn 0.0135 -0.7635 -0.6457
vn 0.0056 -0.7663 -0.6425
vn 0.0324 -0.7436 -0.6679
vn 0.0001 -0.7627 -0.6467
vn 0.0019 -0.7635 -0.6458
vn 0.0292 -0.6683 -0.7433
vn 0.0358 -0.6730 -0.7388
vn -0.0000 -0.6686 -0.7436
vn 0.0001 -0.6686 -0.7437
vn 0.0589 -0.6719 -0.7383
vn 0.0918 -0.7029 -0.7054
vn 0.0172 -0.8135 -0.5814
vn 0.0305 -0.7953 -0.6054
vn 0.0565 -0.7951 -0.6038
vn 0.0536 -0.7928 -0.6071
vn 0.0538 -0.7806 -0.6227
vn 0.1558 -0.0949 -0.9832
vn 0.1607 -0.0851 -0.9833
vn 0.0323 0.4410 -0.8969
vn 0.0239 0.4576 -0.8888
vn 0.0027 0.4377 -0.8991
vn -0.0070 0.4547 -0.8906
vn 0.0329 0.2242 -0.9740
vn 0.0335 0.2255 -0.9737
vn 0.0520 0.7448 -0.6652
vn 0.0433 0.7539 -0.6556
vn 0.0857 0.7325 -0.6753
vn 0.0948 0.7448 -0.6605
vn 0.1198 0.3280 -0.9370
vn 0.1436 0.3863 -0.9111
vn 0.0775 0.8020 -0.5922
vn 0.0713 0.7920 -0.6064
vn 0.0388 0.8014 -0.5969
vn 0.0357 0.8048 -0.5925
vn -0.0100 0.7989 -0.6014
vn -0.0081 0.7957 -0.6056
vn -0.0000 0.2244 -0.9745
vn 0.0006 0.2257 -0.9742
vn 0.0671 0.4419 -0.8946
vn 0.0930 0.3857 -0.9179
vn 0.0906 0.2469 -0.9648
vn 0.0799 0.2217 -0.9718
vn 0.0092 0.9481 -0.3179
vn -0.0029 0.9612 -0.2759
vn 0.0287 0.9500 -0.3109
vn 0.0111 0.9543 -0.2985
vn 0.0587 0.9550 -0.2907
vn 0.0519 0.9514 -0.3036
vn 0.1501 0.2343 -0.9605
vn 0.1519 0.2396 -0.9589
vn 0.1409 -0.4023 -0.9046
vn 0.1370 -0.4081 -0.9026
vn 0.1152 -0.5990 -0.7924
vn 0.1333 -0.6222 -0.7714
vn 0.0036 0.8831 -0.4691
vn 0.0141 0.7527 -0.6582
vn 0.0142 0.7526 -0.6583
vn -0.0114 0.7495 -0.6619
vn 0.0530 0.8853 -0.4621
vn 0.0490 0.8870 -0.4592
vn 0.0210 0.8864 -0.4624
vn 0.0261 0.8841 -0.4665
vn -0.0020 0.8829 -0.4696
vn 0.0010 0.8846 -0.4664
vn 0.0516 -0.8235 -0.5649
vn 0.0594 -0.8285 -0.5569
vn 0.0993 -0.8210 -0.5622
vn 0.2723 -0.8460 -0.4583
vn 0.3369 -0.8190 -0.4645
vn 0.4298 -0.8354 -0.3426
vn 0.5615 -0.7578 -0.3323
vn 0.5942 -0.7371 -0.3220
vn 0.5474 -0.7748 -0.3163
vn 0.1402 -0.8357 -0.5310
vn 0.1646 -0.8282 -0.5358
vn 0.8096 -0.5098 -0.2911
vn 0.8132 -0.5050 -0.2891
vn 0.6045 -0.7233 -0.3337
vn -0.1617 -0.8987 -0.4077
vn -0.2180 -0.8752 -0.4319
vn -0.3520 -0.8573 -0.3758
vn -0.3761 -0.8420 -0.3868
vn 0.7755 -0.5688 -0.2739
vn 0.7014 -0.6347 -0.3243
vn 0.6813 -0.6628 -0.3107
vn 0.6572 -0.6804 -0.3243
vn 0.6646 -0.6697 -0.3314
vn -0.1152 -0.8241 -0.5546
vn -0.1222 -0.8300 -0.5442
vn -0.2149 -0.8223 -0.5270
vn -0.2343 -0.8384 -0.4921
vn -0.3945 -0.8379 -0.3773
vn -0.3244 -0.8088 -0.4904
vn -0.7253 -0.6113 -0.3166
vn -0.8022 -0.5603 -0.2062
vn -0.8050 -0.5503 -0.2217
vn -0.2183 -0.7921 -0.5700
vn -0.2247 -0.8002 -0.5561
vn -0.0210 -0.8194 -0.5729
vn -0.0138 -0.8259 -0.5636
vn 0.3985 -0.7786 -0.4847
vn 0.3447 -0.8106 -0.4734
vn 0.1869 -0.7947 -0.5774
vn 0.1920 -0.7922 -0.5793
vn 0.4553 -0.7312 -0.5080
vn 0.4103 -0.7631 -0.4993
vn -0.0550 -0.8246 -0.5630
vn -0.0592 -0.8225 -0.5657
vn 0.0195 -0.8227 -0.5681
vn 0.0157 -0.8260 -0.5635
vn -0.0030 -0.8058 -0.5921
vn -0.0196 -0.8153 -0.5787
vn -0.3809 -0.8349 -0.3973
vn -0.4040 -0.8215 -0.4025
vn 0.1442 -0.8877 -0.4372
vn 0.1196 -0.8614 -0.4936
vn 0.2558 -0.8612 -0.4391
vn 0.0568 -0.8568 -0.5126
vn 0.0594 -0.8556 -0.5142
vn 0.1238 -0.9078 -0.4008
vn 0.1251 -0.9084 -0.3989
vn 0.3043 -0.8808 -0.3627
vn 0.4482 -0.8189 -0.3585
vn 0.2870 -0.8936 -0.3452
vn 0.2871 -0.8928 -0.3472
vn 0.0135 -0.8566 -0.5159
vn 0.0164 -0.8549 -0.5185
vn 0.0783 -0.9211 -0.3815
vn 0.1442 -0.9375 -0.3168
vn 0.1605 -0.9370 -0.3101
vn 0.0259 -0.9224 -0.3855
vn 0.0417 -0.9267 -0.3735
vn 0.1100 -0.9529 -0.2825
vn 0.1726 -0.9591 -0.2245
vn 0.1721 -0.9549 -0.2421
vn 0.2010 -0.9572 -0.2083
vn 0.1382 -0.9699 -0.2004
vn -0.0127 -0.8566 -0.5159
vn -0.0159 -0.8544 -0.5193
vn -0.0097 -0.9302 -0.3669
vn -0.0006 -0.9263 -0.3769
vn -0.0916 -0.9106 -0.4030
vn 0.0274 -0.8913 -0.4527
vn -0.2263 -0.8527 -0.4709
vn -0.2316 -0.8495 -0.4741
vn -0.1201 -0.8542 -0.5059
vn -0.1148 -0.8570 -0.5024
vn -0.0544 -0.8553 -0.5152
vn -0.0560 -0.8544 -0.5166
vn -0.0405 -0.9180 -0.3945
vn 0.0075 -0.9086 -0.4176
vn 0.0393 -0.9129 -0.4063
vn 0.0507 -0.9108 -0.4098
vn 0.0819 -0.9163 -0.3920
vn -0.0407 -0.9068 -0.4195
vn -0.0502 -0.9037 -0.4252
vn -0.0930 -0.9031 -0.4193
vn -0.1043 -0.8994 -0.4244
vn 0.0012 -0.9101 -0.4144
vn -0.0134 -0.9058 -0.4234
vn -0.7874 -0.5283 -0.3176
vn -0.7741 -0.5617 -0.2920
vn -0.1571 0.9720 -0.1750
vn -0.4365 0.8545 -0.2817
vn 0.4204 0.8324 -0.3611
vn 0.3882 0.8467 -0.3638
vn 0.1388 0.9615 -0.2372
vn 0.1726 0.9629 -0.2073
vn -0.5686 -0.0000 -0.8226
vn -0.3881 -0.0000 -0.9216
vn 0.2872 0.8595 -0.4228
vn 0.3255 0.8450 -0.4244
vn 0.6063 0.6278 -0.4882
vn 0.7382 0.4924 -0.4612
vn 0.8433 -0.4249 -0.3291
vn 0.8591 -0.3978 -0.3220
vn 0.8841 -0.3028 -0.3560
vn 0.8639 -0.3490 -0.3631
vn 0.1086 0.9651 -0.2383
vn 0.8970 -0.0441 -0.4398
vn 0.8552 0.1153 -0.5053
vn 0.8877 -0.2504 -0.3865
vn 0.8883 -0.1775 -0.4236
vn 0.6354 -0.0000 -0.7722
vn 0.2253 -0.0000 -0.9743
vn 0.0816 -0.0000 -0.9967
vn 0.7393 -0.0000 -0.6733
vn 0.8512 -0.0000 -0.5248
vn 0.4837 -0.0000 -0.8753
vn 0.3161 -0.0000 -0.9487
vn -0.7796 -0.0000 -0.6262
vn -0.8215 -0.0000 -0.5702
vn -0.8929 -0.0000 -0.4502
vn -0.1345 -0.0000 -0.9909
vn -0.3148 -0.0000 -0.9492
vn -0.7197 -0.0000 -0.6943
vn -0.0775 0.9553 -0.2853
vn -0.0766 0.9555 -0.2850
vn -0.5602 -0.7249 -0.4009
vn -0.5596 -0.7219 -0.4071
vn -0.3927 -0.7520 -0.5294
vn -0.3894 -0.7429 -0.5445
vn -0.3369 -0.7919 -0.5093
vn -0.3703 -0.7739 -0.5138
vn -0.1336 0.9619 -0.2386
vn -0.1563 0.9654 -0.2085
vn -0.1027 0.9571 -0.2708
vn -0.1135 0.9640 -0.2405
vn -0.5471 -0.7413 -0.3888
vn -0.4670 -0.7819 -0.4130
vn -0.5962 -0.7487 -0.2899
vn -0.6790 -0.6922 -0.2446
vn -0.7478 -0.6321 -0.2028
vn -0.7515 -0.6258 -0.2089
vn -0.7094 -0.6357 -0.3043
vn -0.6817 -0.6610 -0.3136
vn -0.6854 -0.6846 -0.2480
vn -0.6746 -0.6721 -0.3052
vn -0.5663 -0.7805 -0.2646
vn -0.5837 -0.6872 -0.4324
vn -0.5928 -0.6796 -0.4322
vn -0.5863 -0.6896 -0.4251
vn -0.6695 -0.6192 -0.4104
vn -0.8770 -0.1926 -0.4403
vn -0.8823 -0.2572 -0.3941
vn -0.8633 -0.3337 -0.3787
vn -0.8593 -0.3726 -0.3503
vn -0.8509 -0.4707 -0.2333
vn -0.8448 -0.4784 -0.2397
vn -0.8808 0.0876 -0.4654
vn -0.8811 0.0923 -0.4638
vn -0.7397 0.5172 -0.4305
vn -0.7777 0.3997 -0.4852
vn -0.6310 0.6041 -0.4868
vn -0.6337 0.5271 -0.5662
vn -0.8318 -0.4394 -0.3393
vn -0.8271 -0.4674 -0.3123
vn -0.9086 0.1044 -0.4044
vn -0.9417 -0.0519 -0.3323
vn -0.8860 -0.3917 -0.2480
vn -0.8896 -0.3736 -0.2627
vn -0.3563 0.8746 -0.3287
vn -0.2576 0.8925 -0.3704
vn -0.3514 0.8674 -0.3523
vn -0.4360 0.8557 -0.2788
vn -0.7291 0.5092 -0.4572
vn -0.8580 0.3315 -0.3923
vn -0.9133 -0.2991 -0.2765
vn -0.9162 -0.2548 -0.3092
vn -0.7747 -0.4343 -0.4596
vn -0.7766 -0.4319 -0.4586
vn -0.7359 -0.5263 -0.4259
vn -0.6938 -0.5719 -0.4376
vn -0.6740 -0.4216 -0.6065
vn -0.6772 -0.4182 -0.6054
vn -0.4192 -0.7261 -0.5450
vn -0.5097 -0.6717 -0.5375
vn -0.5398 -0.6217 -0.5676
vn -0.6204 -0.5566 -0.5525
vn -0.2871 0.7040 -0.6496
vn -0.2694 0.6675 -0.6941
vn -0.5373 0.0624 -0.8411
vn -0.5737 -0.0216 -0.8188
vn -0.5070 0.2986 -0.8086
vn -0.5029 0.2777 -0.8185
vn -0.5910 -0.1809 -0.7861
vn -0.5585 -0.2372 -0.7949
vn -0.2371 0.7617 -0.6029
vn -0.2277 0.7333 -0.6407
vn -0.1474 0.7627 -0.6297
vn -0.1111 0.7944 -0.5972
vn -0.6685 -0.0264 -0.7433
vn -0.7095 -0.1312 -0.6923
vn -0.1446 0.8668 -0.4772
vn -0.1595 0.8792 -0.4490
vn -0.7192 -0.2323 -0.6548
vn -0.6861 -0.2924 -0.6662
vn -0.3731 0.5853 -0.7199
vn -0.3119 0.7166 -0.6239
vn -0.3092 0.7078 -0.6351
vn -0.2060 0.8773 -0.4335
vn -0.1895 0.8667 -0.4614
vn -0.2357 -0.7561 -0.6106
vn -0.2361 -0.7568 -0.6096
vn -0.4441 -0.6925 -0.5686
vn -0.4188 -0.7095 -0.5668
vn -0.2591 -0.7064 -0.6587
vn -0.2565 -0.7084 -0.6576
vn -0.0936 0.8773 -0.4707
vn -0.0848 0.8701 -0.4855
vn -0.0492 0.9485 -0.3128
vn -0.3074 0.1064 -0.9456
vn -0.2869 0.1435 -0.9472
vn -0.3006 -0.3662 -0.8806
vn -0.2899 -0.3415 -0.8940
vn -0.3070 -0.1336 -0.9423
vn -0.3247 -0.1017 -0.9403
vn -0.2227 0.1435 -0.9643
vn -0.1991 0.1852 -0.9623
vn -0.2253 -0.1006 -0.9691
vn -0.2207 -0.0908 -0.9711
vn -0.1849 0.7048 -0.6849
vn -0.1572 0.7279 -0.6674
vn -0.4084 0.1035 -0.9069
vn -0.4329 0.0530 -0.8999
vn -0.3945 0.3783 -0.8374
vn -0.3733 0.3140 -0.8730
vn -0.4507 -0.1363 -0.8822
vn -0.4267 -0.1778 -0.8868
vn -0.2621 0.4271 -0.8654
vn -0.2475 0.3787 -0.8918
vn -0.4393 -0.3341 -0.8339
vn -0.4230 -0.3511 -0.8353
vn -0.3511 -0.5836 -0.7322
vn -0.3678 -0.6764 -0.6381
vn -0.4022 -0.6245 -0.6695
vn -0.4728 -0.5852 -0.6588
vn -0.3879 0.6409 -0.6624
vn -0.5479 -0.3938 -0.7380
vn -0.5572 -0.3848 -0.7358
vn -0.2270 -0.6619 -0.7144
vn -0.2591 -0.7065 -0.6586
vn -0.1259 0.7299 -0.6718
vn -0.1201 0.7239 -0.6794
vn -0.1631 0.4274 -0.8893
vn -0.1813 0.4731 -0.8622
vn -0.2286 -0.6204 -0.7502
vn -0.2427 -0.6061 -0.7575
vn -0.1711 -0.5779 -0.7979
vn -0.1987 -0.3657 -0.9093
vn -0.2040 -0.3765 -0.9037
vn -0.4849 0.5552 -0.6758
vn -0.4141 0.6848 -0.5997
vn -0.0626 -0.7279 -0.6828
vn -0.0227 -0.7624 -0.6467
vn -0.0137 -0.7561 -0.6543
vn -0.0573 -0.7708 -0.6345
vn -0.0748 -0.7455 -0.6623
vn 0.0187 -0.6685 -0.7435
vn -0.1142 -0.6609 -0.7418
vn -0.0628 -0.7872 -0.6135
vn -0.0644 -0.7883 -0.6120
vn -0.0612 -0.5772 -0.8143
vn -0.0995 -0.6011 -0.7930
vn -0.1057 -0.6002 -0.7929
vn -0.1193 -0.6107 -0.7828
vn -0.0096 -0.6051 -0.7961
vn 0.0223 -0.5870 -0.8093
vn -0.0348 -0.7963 -0.6039
vn -0.1250 -0.7959 -0.5924
vn -0.1134 -0.7837 -0.6107
vn -0.1062 0.7921 -0.6011
vn -0.0382 0.7971 -0.6026
vn -0.0378 0.7965 -0.6034
vn -0.0803 0.7922 -0.6050
vn -0.0858 0.7991 -0.5950
vn -0.0526 0.8806 -0.4710
vn -0.0734 0.8702 -0.4873
vn -0.0266 0.8829 -0.4689
vn -0.0313 0.8805 -0.4731
vn -0.0380 0.9480 -0.3160
vn -0.0318 0.9503 -0.3096
vn -0.1346 -0.7134 -0.6878
vn -0.1272 -0.7037 -0.6990
vn -0.0649 -0.7158 -0.6953
vn -0.0808 -0.7071 -0.7025
vn -0.1206 -0.7546 -0.6450
vn -0.1250 -0.7518 -0.6474
vn -0.0169 0.9440 -0.3295
vn -0.1340 -0.6749 -0.7257
vn -0.1210 -0.6599 -0.7415
vn -0.1278 -0.3843 -0.9143
vn -0.1234 -0.3762 -0.9183
vn -0.8181 -0.1973 -0.5401
vn -0.7992 -0.1243 -0.5881
vn -0.1395 -0.0889 -0.9862
vn -0.1408 -0.0866 -0.9862
vn -0.0281 -0.3229 -0.9460
vn -0.0546 -0.3761 -0.9250
vn -0.1408 0.1882 -0.9720
vn -0.1291 0.2098 -0.9692
vn -0.7929 -0.3349 -0.5091
vn -0.8158 -0.2900 -0.5003
vn -0.6222 0.2527 -0.7410
vn -0.6189 0.2247 -0.7526
vn -0.4850 0.5707 -0.6626
vn -0.4112 0.6262 -0.6624
vn -0.2296 0.8741 -0.4280
vn -0.7742 0.1269 -0.6202
vn -0.7778 0.1659 -0.6062
vn -0.6671 0.4544 -0.5903
vn -0.6648 0.4792 -0.5731
vn -0.1196 0.4731 -0.8728
vn -0.1201 0.4744 -0.8721
vn -0.0751 0.2110 -0.9746
vn -0.0754 0.2116 -0.9744
vn -0.0915 0.7420 -0.6641
vn -0.0847 0.7347 -0.6730
vn -0.0113 0.7494 -0.6620
vn -0.0112 0.7494 -0.6620
vn -0.0495 0.7510 -0.6585
vn -0.0439 0.7446 -0.6661
vn -0.0841 -0.0660 -0.9943
vn -0.0740 -0.0855 -0.9936
vn -0.0690 0.4662 -0.8820
vn -0.0719 0.4739 -0.8776
vn -0.0705 -0.3853 -0.9201
vn -0.0754 -0.3776 -0.9229
vn -0.0082 0.4379 -0.8990
vn -0.0189 0.4661 -0.8845
vn -0.0252 0.2267 -0.9736
vn -0.0338 0.2108 -0.9770
vn -0.0329 -0.0379 -0.9987
vn -0.0453 -0.0649 -0.9969
s 0
f 2030//1768 2186//1768 2187//1768
f 2030//1769 2187//1769 2017//1769
f 2182//1770 2017//1770 2187//1770
f 2031//1771 2188//1771 2186//1771
f 2031//1772 2186//1772 2030//1772
f 2027//1773 2026//1773 2024//1773
f 2027//1774 2024//1774 2025//1774
f 2026//1775 2028//1775 2021//1775
f 2026//1776 2021//1776 2022//1776
f 2027//1777 2029//1777 2028//1777
f 2027//1778 2028//1778 2026//1778
f 2033//1779 2034//1779 2032//1779
f 2033//1780 2032//1780 2031//1780
f 2028//1781 2033//1781 2020//1781
f 2028//1782 2020//1782 2021//1782
f 2034//1783 2033//1783 2028//1783
f 2034//1784 2028//1784 2029//1784
f 2189//1785 2188//1785 2031//1785
f 2189//1786 2031//1786 2032//1786
f 2033//1787 2031//1787 2030//1787
f 2033//1788 2030//1788 2020//1788
f 2020//1789 2030//1789 2017//1789
f 2183//1790 2184//1790 2018//1790
f 2183//1791 2018//1791 2182//1791
f 1979//1792 2184//1792 2185//1792
f 1979//1793 2185//1793 2164//1793
f 1985//1794 2018//1794 2184//1794
f 1985//1795 2184//1795 1979//1795
f 2006//1796 2008//1796 2178//1796
f 2006//1797 2178//1797 2007//1797
f 2017//1798 2182//1798 2018//1798
f 2017//1799 2018//1799 2019//1799
f 2019//1800 2021//1800 2020//1800
f 2019//1801 2020//1801 2017//1801
f 1995//1802 2024//1802 2023//1802
f 1995//1803 2023//1803 1999//1803
f 1996//1804 2025//1804 2024//1804
f 1996//1805 2024//1805 1995//1805
f 2024//1806 2026//1806 2022//1806
f 2024//1807 2022//1807 2023//1807
f 2019//1808 1984//1808 2022//1808
f 2019//1809 2022//1809 2021//1809
f 1984//1810 1999//1810 2023//1810
f 1984//1811 2023//1811 2022//1811
f 1984//1812 2019//1812 2018//1812
f 1984//1813 2018//1813 1985//1813
f 2035//1814 2036//1814 2037//1814
f 2035//1815 2037//1815 2038//1815
f 2047//1816 2046//1816 2044//1816
f 2047//1817 2044//1817 2042//1817
f 2005//1818 2043//1818 2044//1818
f 2005//1819 2044//1819 2013//1819
f 2048//1820 2049//1820 2027//1820
f 2048//1821 2027//1821 2025//1821
f 2045//1822 2041//1822 2043//1822
f 2045//1823 2043//1823 2003//1823
f 2003//1824 2043//1824 2005//1824
f 2003//1825 2005//1825 2002//1825
f 2013//1826 2044//1826 2046//1826
f 2013//1827 2046//1827 2014//1827
f 2047//1828 2036//1828 2035//1828
f 2047//1829 2035//1829 2049//1829
f 2042//1830 2036//1830 2047//1830
f 2049//1831 2035//1831 2029//1831
f 2049//1832 2029//1832 2027//1832
f 2047//1833 2049//1833 2048//1833
f 2047//1834 2048//1834 2046//1834
f 2046//1835 2048//1835 1998//1835
f 2046//1836 1998//1836 2014//1836
f 1998//1837 2048//1837 2025//1837
f 1998//1838 2025//1838 1996//1838
f 2039//1839 2190//1839 2191//1839
f 2039//1840 2191//1840 2192//1840
f 2192//1841 2193//1841 2040//1841
f 2192//1842 2040//1842 2039//1842
f 2193//1843 2189//1843 2032//1843
f 2193//1844 2032//1844 2040//1844
f 2029//1845 2035//1845 2038//1845
f 2029//1846 2038//1846 2034//1846
f 2039//1847 2040//1847 2038//1847
f 2039//1848 2038//1848 2037//1848
f 2034//1849 2038//1849 2040//1849
f 2034//1850 2040//1850 2032//1850
f 2039//1851 2037//1851 2190//1851
f 2194//1852 2190//1852 2041//1852
f 2194//1853 2041//1853 2045//1853
f 2176//1854 2194//1854 2045//1854
f 2176//1855 2045//1855 2003//1855
f 2041//1856 2036//1856 2042//1856
f 2041//1857 2042//1857 2043//1857
f 2043//1858 2042//1858 2044//1858
f 2041//1859 2190//1859 2037//1859
f 2041//1860 2037//1860 2036//1860
f 2169//1861 2170//1861 1986//1861
f 2169//1862 1986//1862 1981//1862
f 1987//1863 1988//1863 1983//1863
f 1987//1864 1983//1864 1980//1864
f 1980//1865 1983//1865 1982//1865
f 1984//1866 1985//1866 1982//1866
f 1984//1867 1982//1867 1983//1867
f 1982//1868 1985//1868 1979//1868
f 1982//1869 1979//1869 1978//1869
f 1981//1870 1986//1870 1987//1870
f 1981//1871 1987//1871 1980//1871
f 1989//1872 2171//1872 2172//1872
f 1989//1873 2172//1873 1991//1873
f 1990//1874 1993//1874 1988//1874
f 1990//1875 1988//1875 1987//1875
f 1992//1876 1994//1876 1993//1876
f 1992//1877 1993//1877 1990//1877
f 1989//1878 1990//1878 1987//1878
f 1989//1879 1987//1879 1986//1879
f 1991//1880 1992//1880 1990//1880
f 1991//1881 1990//1881 1989//1881
f 1986//1882 2170//1882 2171//1882
f 1986//1883 2171//1883 1989//1883
f 1978//1884 1979//1884 2164//1884
f 1978//1885 2164//1885 1977//1885
f 1978//1886 1977//1886 1975//1886
f 1978//1887 1975//1887 1976//1887
f 2165//1888 2166//1888 1977//1888
f 2165//1889 1977//1889 2164//1889
f 1973//1890 2161//1890 1974//1890
f 1973//1891 1974//1891 1975//1891
f 1976//1892 1975//1892 1974//1892
f 2162//1893 2163//1893 1974//1893
f 2162//1894 1974//1894 2161//1894
f 1974//1895 1981//1895 1980//1895
f 1974//1896 1980//1896 1976//1896
f 1974//1897 2163//1897 2169//1897
f 1974//1898 2169//1898 1981//1898
f 1976//1899 1980//1899 1982//1899
f 1976//1900 1982//1900 1978//1900
f 2167//1901 2168//1901 2161//1901
f 2167//1902 2161//1902 1973//1902
f 1977//1903 2166//1903 2167//1903
f 1977//1904 2167//1904 1973//1904
f 1973//1905 1975//1905 1977//1905
f 1994//1906 1996//1906 1995//1906
f 1994//1907 1995//1907 1993//1907
f 2009//1908 2015//1908 2016//1908
f 2009//1909 2016//1909 2010//1909
f 2180//1910 2179//1910 2010//1910
f 2180//1911 2010//1911 2016//1911
f 2016//1912 2015//1912 1992//1912
f 2016//1913 1992//1913 1991//1913
f 2011//1914 2012//1914 2009//1914
f 2011//1915 2009//1915 2008//1915
f 2011//1916 2013//1916 2014//1916
f 2011//1917 2014//1917 2012//1917
f 2012//1918 2014//1918 1998//1918
f 2012//1919 1998//1919 1997//1919
f 2013//1920 2011//1920 2004//1920
f 2013//1921 2004//1921 2005//1921
f 2004//1922 2011//1922 2008//1922
f 2004//1923 2008//1923 2006//1923
f 2007//1924 2178//1924 2181//1924
f 2007//1925 2181//1925 2177//1925
f 1991//1926 2172//1926 2180//1926
f 1991//1927 2180//1927 2016//1927
f 2015//1928 2009//1928 2012//1928
f 2015//1929 2012//1929 1997//1929
f 2015//1930 1997//1930 1994//1930
f 2015//1931 1994//1931 1992//1931
f 2174//1932 2175//1932 2173//1932
f 2174//1933 2173//1933 2000//1933
f 2173//1934 2002//1934 2001//1934
f 2173//1935 2001//1935 2000//1935
f 2173//1936 2176//1936 2003//1936
f 2173//1937 2003//1937 2002//1937
f 1997//1938 1998//1938 1996//1938
f 1997//1939 1996//1939 1994//1939
f 1993//1940 1995//1940 1999//1940
f 1993//1941 1999//1941 1988//1941
f 1983//1942 1988//1942 1999//1942
f 1983//1943 1999//1943 1984//1943
f 2006//1944 2007//1944 2000//1944
f 2010//1945 2178//1945 2008//1945
f 2010//1946 2008//1946 2009//1946
f 2010//1947 2179//1947 2178//1947
f 2002//1948 2005//1948 2004//1948
f 2002//1949 2004//1949 2001//1949
f 2001//1950 2004//1950 2006//1950
f 2001//1951 2006//1951 2000//1951
f 2007//1952 2177//1952 2174//1952
f 2007//1953 2174//1953 2000//1953
f 2073//1954 2167//1954 2166//1954
f 2073//1955 2166//1955 2079//1955
f 2165//1956 2079//1956 2166//1956
f 2077//1957 2078//1957 2075//1957
f 2077//1958 2075//1958 2074//1958
f 2271//1959 2077//1959 2074//1959
f 2271//1960 2074//1960 2272//1960
f 2076//1961 2273//1961 2272//1961
f 2076//1962 2272//1962 2074//1962
f 2078//1963 2079//1963 2165//1963
f 2078//1964 2165//1964 2075//1964
f 2274//1965 2187//1965 2186//1965
f 2274//1966 2186//1966 2237//1966
f 2076//1967 2183//1967 2273//1967
f 2080//1968 2277//1968 2278//1968
f 2080//1969 2278//1969 2081//1969
f 2081//1970 2278//1970 2279//1970
f 2081//1971 2279//1971 2262//1971
f 2187//1972 2274//1972 2275//1972
f 2275//1973 2276//1973 2182//1973
f 2275//1974 2182//1974 2187//1974
f 2183//1975 2182//1975 2276//1975
f 2183//1976 2276//1976 2273//1976
f 2267//1977 2269//1977 2068//1977
f 2267//1978 2068//1978 2069//1978
f 2064//1979 2267//1979 2069//1979
f 2064//1980 2069//1980 2070//1980
f 2070//1981 2061//1981 2060//1981
f 2070//1982 2060//1982 2064//1982
f 2264//1983 2065//1983 2067//1983
f 2067//1984 2266//1984 2250//1984
f 2067//1985 2250//1985 2057//1985
f 2259//1986 2268//1986 2267//1986
f 2259//1987 2267//1987 2064//1987
f 2072//1988 2270//1988 2168//1988
f 2072//1989 2168//1989 2071//1989
f 2185//1990 2076//1990 2074//1990
f 2185//1991 2074//1991 2075//1991
f 2075//1992 2165//1992 2164//1992
f 2075//1993 2164//1993 2185//1993
f 2184//1994 2183//1994 2076//1994
f 2184//1995 2076//1995 2185//1995
f 2068//1996 2269//1996 2270//1996
f 2068//1997 2270//1997 2072//1997
f 2168//1998 2167//1998 2073//1998
f 2168//1999 2073//1999 2071//1999
f 2162//2000 2161//2000 2168//2000
f 2162//2001 2168//2001 2270//2001
f 2070//2002 2081//2002 2262//2002
f 2070//2003 2262//2003 2061//2003
f 2078//2004 2092//2004 2090//2004
f 2078//2005 2090//2005 2079//2005
f 2092//2006 2078//2006 2077//2006
f 2090//2007 2088//2007 2073//2007
f 2090//2008 2073//2008 2079//2008
f 2092//2009 2093//2009 2091//2009
f 2092//2010 2091//2010 2090//2010
f 2283//2011 2092//2011 2077//2011
f 2283//2012 2077//2012 2271//2012
f 2283//2013 2284//2013 2093//2013
f 2283//2014 2093//2014 2092//2014
f 2088//2015 2084//2015 2071//2015
f 2088//2016 2071//2016 2073//2016
f 2288//2017 2089//2017 2091//2017
f 2288//2018 2091//2018 2287//2018
f 2094//2019 2287//2019 2091//2019
f 2089//2020 2288//2020 2280//2020
f 2089//2021 2280//2021 2086//2021
f 2094//2022 2091//2022 2093//2022
f 2094//2023 2093//2023 2284//2023
f 2285//2024 2094//2024 2284//2024
f 2286//2025 2287//2025 2094//2025
f 2286//2026 2094//2026 2285//2026
f 2071//2027 2084//2027 2083//2027
f 2071//2028 2083//2028 2072//2028
f 2280//2029 2281//2029 2085//2029
f 2280//2030 2085//2030 2086//2030
f 2277//2031 2087//2031 2281//2031
f 2277//2032 2281//2032 2282//2032
f 2069//2033 2080//2033 2081//2033
f 2069//2034 2081//2034 2070//2034
f 2068//2035 2082//2035 2080//2035
f 2068//2036 2080//2036 2069//2036
f 2072//2037 2083//2037 2082//2037
f 2072//2038 2082//2038 2068//2038
f 2087//2039 2085//2039 2281//2039
f 2088//2040 2086//2040 2084//2040
f 2088//2041 2090//2041 2089//2041
f 2088//2042 2089//2042 2086//2042
f 2089//2043 2090//2043 2091//2043
f 2083//2044 2085//2044 2087//2044
f 2083//2045 2087//2045 2082//2045
f 2082//2046 2087//2046 2277//2046
f 2082//2047 2277//2047 2080//2047
f 2084//2048 2086//2048 2085//2048
f 2084//2049 2085//2049 2083//2049
f 2057//2050 2252//2050 2264//2050
f 2057//2051 2264//2051 2067//2051
f 2228//2052 2229//2052 2050//2052
f 2228//2053 2050//2053 2230//2053
f 2231//2054 2232//2054 2191//2054
f 2231//2055 2191//2055 2051//2055
f 2051//2056 2194//2056 2233//2056
f 2051//2057 2233//2057 2231//2057
f 2216//2058 2225//2058 2226//2058
f 2216//2058 2226//2058 2217//2058
f 2213//2059 2227//2059 2225//2059
f 2213//2059 2225//2059 2214//2059
f 2227//2058 2226//2058 2225//2058
f 2190//2060 2194//2060 2051//2060
f 2190//2061 2051//2061 2191//2061
f 2192//2062 2191//2062 2232//2062
f 2192//2063 2232//2063 2234//2063
f 2188//2064 2238//2064 2237//2064
f 2188//2065 2237//2065 2186//2065
f 2238//2066 2188//2066 2189//2066
f 2238//2067 2189//2067 2236//2067
f 2233//2068 2194//2068 2176//2068
f 2234//2069 2235//2069 2193//2069
f 2234//2070 2193//2070 2192//2070
f 2235//2071 2236//2071 2189//2071
f 2235//2072 2189//2072 2193//2072
f 2195//2073 2203//2073 2202//2073
f 2195//2073 2202//2073 2196//2073
f 2207//2074 2208//2074 2205//2074
f 2207//2074 2205//2074 2206//2074
f 2208//2075 2209//2075 2210//2075
f 2208//2075 2210//2075 2205//2075
f 2197//2076 2198//2076 2195//2076
f 2197//2076 2195//2076 2196//2076
f 2197//2077 2199//2077 2200//2077
f 2197//2077 2200//2077 2198//2077
f 2203//2078 2204//2078 2201//2078
f 2203//2078 2201//2078 2202//2078
f 2207//2079 2206//2079 2201//2079
f 2207//2079 2201//2079 2204//2079
f 2218//2080 2219//2080 2220//2080
f 2218//2080 2220//2080 2215//2080
f 2221//2081 2222//2081 2220//2081
f 2221//2081 2220//2081 2219//2081
f 2221//2082 2224//2082 2223//2082
f 2221//2082 2223//2082 2222//2082
f 2209//2083 2211//2083 2212//2083
f 2209//2083 2212//2083 2210//2083
f 2213//2084 2214//2084 2212//2084
f 2213//2084 2212//2084 2211//2084
f 2217//2085 2218//2085 2215//2085
f 2217//2085 2215//2085 2216//2085
f 2241//2086 2242//2086 2239//2086
f 2241//2087 2239//2087 2240//2087
f 2063//2088 2257//2088 2059//2088
f 2063//2089 2059//2089 2062//2089
f 2257//2090 2258//2090 2259//2090
f 2257//2091 2259//2091 2059//2091
f 2259//2092 2064//2092 2060//2092
f 2259//2093 2060//2093 2059//2093
f 2229//2094 2256//2094 2058//2094
f 2229//2095 2058//2095 2050//2095
f 2241//2096 2240//2096 2256//2096
f 2241//2097 2256//2097 2229//2097
f 2061//2098 2062//2098 2059//2098
f 2061//2099 2059//2099 2060//2099
f 2062//2100 2061//2100 2260//2100
f 2062//2101 2260//2101 2261//2101
f 2066//2102 2261//2102 2266//2102
f 2066//2103 2266//2103 2067//2103
f 2066//2104 2067//2104 2065//2104
f 2066//2105 2065//2105 2063//2105
f 2062//2106 2261//2106 2066//2106
f 2062//2107 2066//2107 2063//2107
f 2260//2108 2061//2108 2262//2108
f 2263//2109 2257//2109 2063//2109
f 2263//2110 2063//2110 2065//2110
f 2265//2111 2263//2111 2065//2111
f 2265//2112 2065//2112 2264//2112
f 2052//2113 2244//2113 2248//2113
f 2052//2114 2248//2114 2055//2114
f 2055//2115 2248//2115 2249//2115
f 2055//2116 2249//2116 2056//2116
f 2250//2117 2251//2117 2056//2117
f 2250//2118 2056//2118 2057//2118
f 2243//2119 2244//2119 2052//2119
f 2243//2120 2052//2120 2053//2120
f 2053//2121 2054//2121 2245//2121
f 2053//2122 2245//2122 2243//2122
f 2245//2123 2054//2123 2246//2123
f 2245//2124 2246//2124 2247//2124
f 2056//2125 2249//2125 2252//2125
f 2056//2126 2252//2126 2057//2126
f 2253//2127 2053//2127 2052//2127
f 2253//2128 2052//2128 2255//2128
f 2056//2129 2251//2129 2254//2129
f 2056//2130 2254//2130 2055//2130
f 2246//2131 2054//2131 2058//2131
f 2246//2132 2058//2132 2256//2132
f 2050//2133 2058//2133 2054//2133
f 2050//2134 2054//2134 2230//2134
f 2230//2135 2054//2135 2053//2135
f 2230//2136 2053//2136 2253//2136
f 2055//2137 2254//2137 2255//2137
f 2055//2138 2255//2138 2052//2138
f 2252//2139 2249//2139 2129//2139
f 2252//2140 2129//2140 2142//2140
f 2264//2141 2252//2141 2142//2141
f 2264//2142 2142//2142 2265//2142
f 2138//2143 2143//2143 2142//2143
f 2138//2144 2142//2144 2129//2144
f 2141//2145 2140//2145 2263//2145
f 2141//2146 2263//2146 2265//2146
f 2143//2147 2141//2147 2265//2147
f 2143//2148 2265//2148 2142//2148
f 2144//2149 2145//2149 2146//2149
f 2144//2150 2146//2150 2135//2150
f 2133//2151 2149//2151 2147//2151
f 2133//2152 2147//2152 2137//2152
f 2146//2153 2149//2153 2133//2153
f 2146//2154 2133//2154 2132//2154
f 2147//2155 2148//2155 2138//2155
f 2147//2156 2138//2156 2137//2156
f 2139//2157 2144//2157 2135//2157
f 2139//2158 2135//2158 2136//2158
f 2101//2159 2144//2159 2139//2159
f 2101//2160 2139//2160 2096//2160
f 2127//2161 2133//2161 2137//2161
f 2127//2162 2137//2162 2128//2162
f 2136//2163 2240//2163 2239//2163
f 2136//2164 2239//2164 2139//2164
f 2137//2165 2138//2165 2129//2165
f 2137//2166 2129//2166 2128//2166
f 2135//2167 2132//2167 2134//2167
f 2135//2168 2134//2168 2136//2168
f 2134//2169 2131//2169 2136//2169
f 2131//2170 2256//2170 2240//2170
f 2131//2171 2240//2171 2136//2171
f 2268//2172 2259//2172 2258//2172
f 2268//2173 2258//2173 2108//2173
f 2257//2174 2263//2174 2140//2174
f 2257//2175 2140//2175 2258//2175
f 2258//2176 2140//2176 2105//2176
f 2258//2177 2105//2177 2108//2177
f 2139//2178 2239//2178 2097//2178
f 2139//2179 2097//2179 2096//2179
f 2239//2180 2242//2180 2097//2180
f 2157//2181 2159//2181 2160//2181
f 2157//2182 2160//2182 2156//2182
f 2158//2183 2154//2183 2153//2183
f 2158//2184 2153//2184 2152//2184
f 2158//2185 2159//2185 2157//2185
f 2158//2186 2157//2186 2154//2186
f 2125//2187 2157//2187 2156//2187
f 2125//2188 2156//2188 2119//2188
f 2126//2189 2154//2189 2157//2189
f 2126//2190 2157//2190 2125//2190
f 2155//2191 2145//2191 2144//2191
f 2155//2192 2144//2192 2101//2192
f 2149//2193 2160//2193 2159//2193
f 2149//2194 2159//2194 2147//2194
f 2145//2195 2160//2195 2149//2195
f 2145//2196 2149//2196 2146//2196
f 2159//2197 2158//2197 2148//2197
f 2159//2198 2148//2198 2147//2198
f 2155//2199 2156//2199 2160//2199
f 2155//2200 2160//2200 2145//2200
f 2158//2201 2152//2201 2150//2201
f 2158//2202 2150//2202 2148//2202
f 2151//2203 2150//2203 2152//2203
f 2140//2204 2141//2204 2151//2204
f 2150//2205 2151//2205 2141//2205
f 2150//2206 2141//2206 2143//2206
f 2135//2207 2146//2207 2132//2207
f 2148//2208 2150//2208 2143//2208
f 2148//2209 2143//2209 2138//2209
f 2151//2210 2102//2210 2105//2210
f 2151//2211 2105//2211 2140//2211
f 2099//2212 2117//2212 2155//2212
f 2099//2213 2155//2213 2101//2213
f 2156//2214 2155//2214 2117//2214
f 2156//2215 2117//2215 2119//2215
f 2151//2216 2152//2216 2153//2216
f 2151//2217 2153//2217 2102//2217
f 2114//2218 2102//2218 2153//2218
f 2114//2219 2153//2219 2154//2219
f 2114//2220 2154//2220 2126//2220
f 2134//2221 2130//2221 2247//2221
f 2134//2222 2247//2222 2131//2222
f 2110//2223 2106//2223 2163//2223
f 2110//2224 2163//2224 2162//2224
f 2110//2225 2162//2225 2111//2225
f 2110//2226 2111//2226 2107//2226
f 2110//2227 2107//2227 2106//2227
f 2169//2228 2163//2228 2109//2228
f 2109//2229 2104//2229 2103//2229
f 2270//2230 2269//2230 2107//2230
f 2270//2231 2107//2231 2111//2231
f 2113//2232 2112//2232 2109//2232
f 2113//2233 2109//2233 2103//2233
f 2114//2234 2113//2234 2103//2234
f 2114//2235 2103//2235 2102//2235
f 2112//2236 2170//2236 2169//2236
f 2112//2237 2169//2237 2109//2237
f 2111//2238 2162//2238 2270//2238
f 2269//2239 2267//2239 2268//2239
f 2269//2240 2268//2240 2107//2240
f 2099//2241 2101//2241 2096//2241
f 2177//2242 2181//2242 2100//2242
f 2177//2243 2100//2243 2095//2243
f 2095//2244 2100//2244 2099//2244
f 2095//2245 2099//2245 2096//2245
f 2097//2246 2098//2246 2095//2246
f 2097//2247 2095//2247 2096//2247
f 2098//2248 2174//2248 2177//2248
f 2098//2249 2177//2249 2095//2249
f 2242//2250 2175//2250 2098//2250
f 2242//2251 2098//2251 2097//2251
f 2106//2252 2108//2252 2105//2252
f 2106//2253 2105//2253 2104//2253
f 2109//2254 2163//2254 2106//2254
f 2109//2255 2106//2255 2104//2255
f 2268//2256 2108//2256 2106//2256
f 2268//2257 2106//2257 2107//2257
f 2098//2258 2175//2258 2174//2258
f 2104//2259 2105//2259 2102//2259
f 2104//2260 2102//2260 2103//2260
f 2126//2261 2123//2261 2113//2261
f 2126//2262 2113//2262 2114//2262
f 2128//2263 2248//2263 2244//2263
f 2128//2264 2244//2264 2127//2264
f 2126//2265 2125//2265 2120//2265
f 2126//2266 2120//2266 2123//2266
f 2124//2267 2171//2267 2170//2267
f 2124//2268 2170//2268 2112//2268
f 2120//2269 2125//2269 2119//2269
f 2120//2270 2119//2270 2118//2270
f 2249//2271 2248//2271 2128//2271
f 2249//2272 2128//2272 2129//2272
f 2132//2273 2133//2273 2127//2273
f 2132//2274 2127//2274 2130//2274
f 2134//2275 2132//2275 2130//2275
f 2131//2276 2247//2276 2246//2276
f 2131//2277 2246//2277 2256//2277
f 2244//2278 2243//2278 2130//2278
f 2244//2279 2130//2279 2127//2279
f 2243//2280 2245//2280 2247//2280
f 2243//2281 2247//2281 2130//2281
f 2116//2282 2118//2282 2119//2282
f 2116//2283 2119//2283 2117//2283
f 2121//2284 2122//2284 2120//2284
f 2121//2285 2120//2285 2118//2285
f 2100//2286 2116//2286 2117//2286
f 2100//2287 2117//2287 2099//2287
f 2181//2288 2178//2288 2179//2288
f 2181//2289 2179//2289 2115//2289
f 2181//2290 2115//2290 2116//2290
f 2181//2291 2116//2291 2100//2291
f 2122//2292 2124//2292 2123//2292
f 2122//2293 2123//2293 2120//2293
f 2115//2294 2121//2294 2118//2294
f 2115//2295 2118//2295 2116//2295
f 2113//2296 2123//2296 2124//2296
f 2113//2297 2124//2297 2112//2297
f 2179//2298 2180//2298 2121//2298
f 2179//2299 2121//2299 2115//2299
f 2121//2300 2180//2300 2172//2300
f 2121//2301 2172//2301 2122//2301
f 2122//2302 2172//2302 2171//2302
f 2122//2303 2171//2303 2124//2303
o Turret_01_havok_s_armor_10_5
v -0.785028 1.275850 0.869103
v -0.128688 1.275850 1.039210
v 0.396190 1.275850 1.018430
v 0.917202 1.275850 0.701895
v 1.145325 1.294326 0.544836
v 1.193657 1.294335 0.765202
v -0.704598 1.293644 1.208649
v -0.479649 1.299127 1.272059
v 0.269562 1.302999 1.305251
v -0.237238 1.275850 0.654327
v 0.002504 1.275850 0.673947
v 0.382334 1.275850 0.622410
v -0.624017 1.275850 0.546370
v -0.893607 1.275850 0.397393
v -0.624017 1.225836 0.546370
v -0.570171 1.225836 0.445801
v -0.709750 1.225836 0.376726
v -0.893609 1.225837 0.397393
v -0.442345 1.275850 0.606899
v -0.237238 1.225836 0.654327
v -0.211935 1.225836 0.547357
v -0.409022 1.225836 0.503936
v -0.442345 1.225836 0.606899
v 0.002504 1.225836 0.673947
v 0.072755 1.225836 0.561043
v -1.369280 1.275850 0.162989
v -1.328827 1.275850 0.408971
v -1.039446 1.275850 0.277385
v -1.258244 1.275850 0.037146
v -1.134500 1.225836 0.012904
v -1.258244 1.225836 0.037146
v -1.039447 1.225836 0.277385
v -0.957642 1.225836 0.200069
v -1.280658 1.225837 -0.212884
v -1.387859 1.225837 -0.173091
v -1.387859 1.275850 -0.173091
v -1.259640 1.275850 0.619658
v -1.182632 1.275850 0.787356
v -0.994896 1.286315 1.046653
v 0.777704 1.290030 1.171034
v 0.980958 1.285257 1.056004
v 0.737303 1.275850 0.489572
v 0.568317 1.275850 0.560736
v 0.570657 1.298040 1.254118
v 0.738206 1.225836 0.359742
v 0.523304 1.225836 0.464626
v 0.568317 1.225836 0.560736
v 0.737303 1.225836 0.489572
v 0.313271 1.225836 0.528355
v 0.382332 1.225837 0.622410
v 1.005120 1.225836 0.304457
v 0.940921 1.225836 0.213898
v 0.868922 1.275850 0.398597
v 1.005120 1.273546 0.304457
v 1.232533 1.298940 0.906251
v 1.345601 1.298764 0.644044
v 1.296242 1.296837 0.773813
v 1.378260 1.300328 0.504145
v 1.182464 1.225835 -0.052854
v 1.269103 1.225836 0.007901
v 1.369277 1.225837 -0.136416
v 1.268114 1.225835 -0.191174
v 1.369277 1.275687 -0.136416
v 1.269103 1.276215 0.007901
v 1.390954 1.286115 0.049313
v 1.159050 1.275756 0.144908
v 1.401931 1.294644 0.210045
v 1.159050 1.225836 0.144908
v 1.081082 1.225835 0.075785
v 1.397921 1.301602 0.358541
v 1.545779 1.225835 -0.901044
v 1.531651 1.225837 -1.086092
v 1.433367 1.225836 -1.052741
v 1.443527 1.225836 -0.895522
v 1.539827 1.225837 -0.729177
v 1.437295 1.225836 -0.745825
v 1.420550 1.225835 -0.623985
v 1.514508 1.225835 -0.577827
v 1.369229 1.225836 -1.338948
v 1.406623 1.225836 -1.205867
v 1.499328 1.225835 -1.245776
v 1.441582 1.225835 -1.443964
v 1.317639 1.225835 -0.291135
v 1.422617 1.225836 -0.242209
v 1.466322 1.225835 -0.373852
v 1.364605 1.225835 -0.410082
v -1.362281 1.225836 -0.400492
v -1.474612 1.225836 -0.359398
v -1.406567 1.225836 -0.551818
v -1.521982 1.225835 -0.582776
v -1.424019 1.225836 -0.638451
v -1.436810 1.225836 -0.732467
v -1.543023 1.225836 -0.770819
v -1.546282 1.225837 -0.927354
v -1.442887 1.225836 -0.812574
v -1.443580 1.225837 -0.933197
v -1.434803 1.225836 -1.048412
v -1.532630 1.225835 -1.086265
v -1.415035 1.225836 -1.171533
v -1.500289 1.225836 -1.245944
v -1.388851 1.225836 -1.278333
v -1.345610 1.225835 -1.406543
v -1.442517 1.225835 -1.444127
v 1.262779 1.225835 -1.571422
v 1.394867 1.225835 -1.543085
v 1.320113 1.225836 -1.688158
v 1.200062 1.225835 -1.683734
v 1.218901 1.225835 -1.825791
v 1.124729 1.225835 -1.786386
v 1.323516 1.225836 -1.457926
v 0.932203 1.225836 -1.983694
v 1.035532 1.225835 -1.887315
v 1.114297 1.225836 -1.962931
v 0.984546 1.225836 -2.077702
v -0.985400 1.225836 -2.077815
v -1.115163 1.225836 -1.963059
v -1.049525 1.225836 -1.863639
v -0.908717 1.225836 -2.003879
v -1.219788 1.225835 -1.825926
v -1.184175 1.225835 -1.708367
v -1.274994 1.225836 -1.560344
v -1.321024 1.225835 -1.688307
v -1.395794 1.225837 -1.543243
v 0.366541 1.225836 -2.389583
v 0.187610 1.225836 -2.420838
v -0.693738 1.225836 -2.267493
v -0.137537 1.225836 -2.318749
v 0.019995 1.225836 -2.325125
v 0.174199 1.225836 -2.314676
v 0.331468 1.225836 -2.286616
v 0.001169 1.225836 -2.431003
v -0.188424 1.225836 -2.420859
v -0.367358 1.225836 -2.389625
v -0.536470 1.225836 -2.342051
v -0.449729 1.225836 -2.253608
v -0.295320 1.225836 -2.294849
v -0.843491 1.225836 -2.181772
v -0.755865 1.225836 -2.112023
v -0.599640 1.225836 -2.195100
v 0.842650 1.225835 -2.181678
v 0.658722 1.225836 -2.166131
v 0.812813 1.225836 -2.074483
v 0.692909 1.225836 -2.267413
v 0.535649 1.225836 -2.341990
v 0.476128 1.225836 -2.244430
vn -0.0000 1.0000 -0.0000
vn -0.0224 0.9991 -0.0369
vn 0.0077 0.9996 -0.0279
vn 0.0097 0.9988 -0.0474
vn 0.0046 0.9986 -0.0534
vn 0.0186 0.9973 -0.0717
vn -0.0103 0.9987 -0.0499
vn -0.0007 0.9949 -0.1005
vn -0.0038 0.9954 -0.0959
vn -0.0645 0.9967 -0.0484
vn -0.0645 0.9967 -0.0485
vn -0.0248 0.9997 0.0054
vn -0.0222 0.9994 -0.0265
vn 0.0007 0.9955 -0.0942
vn 0.0004 0.9956 -0.0940
vn -0.0633 0.9979 -0.0151
vn -0.0702 0.9974 0.0154
vn -0.0728 0.9973 0.0116
vn -0.0304 0.9972 -0.0684
s 0
f 2387//2304 2388//2304 2386//2304
f 2387//2304 2386//2304 2385//2304
f 2389//2304 2388//2304 2387//2304
f 2385//2304 2386//2304 2382//2304
f 2385//2304 2382//2304 2384//2304
f 2383//2304 2384//2304 2382//2304
f 2383//2304 2382//2304 2381//2304
f 2383//2304 2381//2304 2380//2304
f 2393//2304 2392//2304 2398//2304
f 2393//2304 2398//2304 2370//2304
f 2398//2304 2367//2304 2370//2304
f 2396//2304 2397//2304 2395//2304
f 2396//2304 2395//2304 2394//2304
f 2390//2304 2391//2304 2388//2304
f 2390//2304 2388//2304 2389//2304
f 2394//2304 2395//2304 2392//2304
f 2394//2304 2392//2304 2393//2304
f 2373//2304 2374//2304 2371//2304
f 2373//2304 2371//2304 2372//2304
f 2372//2304 2371//2304 2350//2304
f 2372//2304 2350//2304 2349//2304
f 2360//2304 2369//2304 2368//2304
f 2360//2304 2368//2304 2361//2304
f 2365//2304 2366//2304 2363//2304
f 2365//2304 2363//2304 2364//2304
f 2369//2304 2370//2304 2367//2304
f 2369//2304 2367//2304 2368//2304
f 2380//2304 2381//2304 2378//2304
f 2380//2304 2378//2304 2379//2304
f 2379//2304 2378//2304 2377//2304
f 2377//2304 2378//2304 2376//2304
f 2377//2304 2376//2304 2375//2304
f 2374//2304 2373//2304 2366//2304
f 2374//2304 2366//2304 2365//2304
f 2375//2304 2376//2304 2323//2304
f 2375//2304 2323//2304 2322//2304
f 2401//2304 2402//2304 2399//2304
f 2401//2304 2399//2304 2400//2304
f 2423//2304 2414//2304 2427//2304
f 2406//2304 2426//2304 2425//2304
f 2406//2304 2425//2304 2403//2304
f 2426//2304 2427//2304 2414//2304
f 2426//2304 2414//2304 2425//2304
f 2421//2304 2422//2304 2414//2304
f 2421//2304 2414//2304 2420//2304
f 2424//2304 2415//2304 2414//2304
f 2424//2304 2414//2304 2423//2304
f 2432//2304 2433//2304 2429//2304
f 2432//2304 2429//2304 2431//2304
f 2433//2304 2432//2304 2412//2304
f 2433//2304 2412//2304 2418//2304
f 2430//2304 2399//2304 2402//2304
f 2428//2304 2429//2304 2430//2304
f 2428//2304 2430//2304 2402//2304
f 2431//2304 2429//2304 2428//2304
f 2410//2304 2411//2304 2409//2304
f 2410//2304 2409//2304 2408//2304
f 2407//2304 2410//2304 2408//2304
f 2407//2304 2408//2304 2405//2304
f 2407//2304 2405//2304 2404//2304
f 2396//2304 2401//2304 2400//2304
f 2396//2304 2400//2304 2397//2304
f 2405//2304 2406//2304 2403//2304
f 2405//2304 2403//2304 2404//2304
f 2417//2304 2418//2304 2412//2304
f 2419//2304 2420//2304 2414//2304
f 2419//2304 2414//2304 2413//2304
f 2412//2304 2415//2304 2416//2304
f 2412//2304 2416//2304 2417//2304
f 2390//2304 2409//2304 2411//2304
f 2390//2304 2411//2304 2391//2304
f 2414//2304 2415//2304 2412//2304
f 2414//2304 2412//2304 2413//2304
f 2362//2304 2364//2304 2363//2304
f 2362//2304 2363//2304 2359//2304
f 2324//2304 2314//2304 2317//2304
f 2316//2304 2315//2304 2325//2304
f 2316//2304 2325//2304 2302//2304
f 2322//2304 2323//2304 2319//2304
f 2322//2304 2319//2304 2318//2304
f 2316//2304 2317//2304 2314//2304
f 2316//2304 2314//2304 2315//2304
f 2320//2304 2321//2304 2318//2304
f 2320//2304 2318//2304 2319//2304
f 2292//2305 2291//2305 2328//2305
f 2292//2306 2328//2306 2329//2306
f 2330//2304 2331//2304 2291//2304
f 2330//2304 2291//2304 2292//2304
f 2289//2307 2326//2307 2327//2307
f 2289//2308 2327//2308 2295//2308
f 2321//2304 2320//2304 2306//2304
f 2321//2304 2306//2304 2305//2304
f 2302//2304 2325//2304 2326//2304
f 2302//2304 2326//2304 2289//2304
f 2291//2304 2300//2304 2299//2304
f 2291//2304 2299//2304 2290//2304
f 2301//2304 2302//2304 2289//2304
f 2290//2304 2299//2304 2298//2304
f 2290//2304 2298//2304 2289//2304
f 2296//2309 2290//2309 2289//2309
f 2296//2310 2289//2310 2295//2310
f 2290//2311 2296//2311 2297//2311
f 2290//2312 2297//2312 2291//2312
f 2311//2304 2310//2304 2304//2304
f 2311//2304 2304//2304 2303//2304
f 2312//2304 2313//2304 2309//2304
f 2312//2304 2309//2304 2308//2304
f 2310//2304 2311//2304 2308//2304
f 2310//2304 2308//2304 2309//2304
f 2305//2304 2306//2304 2303//2304
f 2305//2304 2303//2304 2304//2304
f 2289//2304 2298//2304 2307//2304
f 2289//2304 2307//2304 2301//2304
f 2331//2304 2300//2304 2291//2304
f 2351//2313 2352//2313 2353//2313
f 2352//2314 2354//2314 2355//2314
f 2352//2314 2355//2314 2353//2314
f 2349//2304 2350//2304 2347//2304
f 2349//2304 2347//2304 2348//2304
f 2346//2315 2293//2315 2344//2315
f 2345//2316 2294//2316 2343//2316
f 2358//2313 2355//2313 2354//2313
f 2358//2313 2354//2313 2342//2313
f 2361//2304 2362//2304 2359//2304
f 2361//2304 2359//2304 2360//2304
f 2358//2314 2342//2314 2293//2314
f 2358//2315 2293//2315 2346//2315
f 2356//2304 2357//2304 2340//2304
f 2356//2304 2340//2304 2339//2304
f 2357//2304 2356//2304 2348//2304
f 2357//2304 2348//2304 2347//2304
f 2338//2304 2337//2304 2313//2304
f 2338//2304 2313//2304 2312//2304
f 2339//2304 2340//2304 2333//2304
f 2339//2304 2333//2304 2336//2304
f 2334//2304 2337//2304 2338//2304
f 2334//2304 2338//2304 2335//2304
f 2332//2317 2328//2317 2291//2317
f 2332//2318 2291//2318 2297//2318
f 2335//2304 2336//2304 2333//2304
f 2335//2304 2333//2304 2334//2304
f 2329//2319 2343//2319 2294//2319
f 2329//2319 2294//2319 2292//2319
f 2294//2315 2345//2315 2344//2315
f 2294//2315 2344//2315 2293//2315
f 2292//2320 2294//2320 2293//2320
f 2341//2304 2330//2304 2292//2304
f 2341//2321 2292//2321 2293//2321
f 2341//2322 2293//2322 2342//2322
o Turret_01_havok_s_armor_6_6
v 0.378434 2.584972 -0.245042
v 0.309737 2.584972 -0.203843
v -0.352154 2.584966 -0.819628
v 0.386957 2.584970 -0.475851
v 0.249237 2.584973 -0.151340
v -0.338078 2.584976 -0.829115
v -0.176984 2.584975 -0.852962
v -0.027897 2.584976 -0.858242
v 0.119718 2.584975 -0.849785
v 0.257104 2.584976 -0.828774
v 0.354007 2.584980 -0.797282
v -0.392736 2.584969 -0.638594
v -0.474969 2.584968 -0.682002
v -0.469268 2.584967 -0.805093
v -0.331368 2.584969 -0.585197
v -0.541032 2.584969 -0.698202
v 0.159880 2.584974 -0.019101
v 0.198774 2.584974 -0.089130
v -0.274327 2.584970 -0.507022
v -0.302179 2.584969 -0.550317
v -0.255783 2.584970 -0.467151
v -0.237474 2.584970 -0.408237
v -0.249801 2.584970 -0.448991
v -0.238509 2.584972 -0.254370
v -0.229370 2.584971 -0.331303
v -0.262418 2.584973 -0.180800
v -0.855974 2.584977 0.064024
v -0.564896 2.584976 0.037516
v 0.133737 2.584975 0.056618
v -0.486124 2.584976 0.020603
v -0.415453 2.584975 -0.010857
v -0.352866 2.584975 -0.056323
v -0.301101 2.584974 -0.113808
v -0.908526 2.584975 -0.672446
v -0.753283 2.584974 -0.763328
v -0.725955 2.584974 -0.682016
v -0.659890 2.584972 -0.698209
v -0.683861 2.584971 -0.778924
v -0.811686 2.584975 -0.639077
v -0.869567 2.584975 -0.585227
v -0.836612 2.584977 -0.722678
v -0.785547 2.584976 -0.010878
v -0.714879 2.584976 0.020590
v -0.848128 2.584977 -0.056351
v -0.899888 2.584977 -0.113842
v -0.636108 2.584976 0.037512
v -0.963481 2.584976 -0.408279
v -1.060851 2.584973 -0.330873
v -1.021047 2.584975 -0.518954
v -0.951149 2.584976 -0.449031
v -0.926617 2.584976 -0.507059
v -0.945165 2.584976 -0.467190
v -0.898760 2.584975 -0.550351
v -0.971767 2.584980 -0.602921
v -0.962463 2.584977 -0.254411
v -0.938562 2.584977 -0.180838
v -0.971594 2.584977 -0.331345
v -1.052202 2.584975 -0.243572
v -1.026802 2.584978 -0.158146
v -1.051548 2.584976 -0.426568
v -0.980189 2.584980 -0.070665
v -0.294349 2.584977 0.627099
v -0.554374 2.584980 0.347540
v 0.137689 2.584977 0.294466
v -0.103380 2.584981 0.667330
v -0.452993 2.584967 0.474092
v -0.223734 2.584979 0.659234
v 0.166334 2.584977 0.369275
v 0.207533 2.584977 0.437973
v 0.260036 2.584977 0.498473
v 0.322247 2.584977 0.548938
v 0.336540 2.584977 0.655734
v 0.121139 2.584976 0.135726
v 0.122470 2.584976 0.215820
v 0.426792 2.440398 -0.610078
v 0.387894 2.440404 -0.989520
v 0.623762 2.440392 -0.955717
v 0.878089 2.440392 -0.572421
v 0.865122 2.440396 -0.673585
v 0.846805 2.440396 -0.771869
v 0.630277 2.440395 -0.954299
v 0.699570 2.440399 -0.935053
v 0.738671 2.440396 -0.917941
v 0.793874 2.440390 -0.869561
v 0.888182 2.440415 -0.477822
v 0.908089 2.584956 -0.326524
v 0.981169 2.584977 -0.180342
v 0.836836 2.584976 -0.212599
v 0.766807 2.584975 -0.251494
v 0.691089 2.584974 -0.277637
v 0.611981 2.584973 -0.290235
v 0.531887 2.584971 -0.288905
v 0.453242 2.584972 -0.273686
v 0.951549 2.584977 -0.101634
v 0.899047 2.584977 -0.162135
v 1.050096 2.584978 -0.029951
v 1.073667 2.584979 0.038404
v 0.992748 2.584978 -0.032936
v 1.021392 2.584978 0.041873
v 1.081695 2.584979 0.265138
v 1.037942 2.584978 0.200613
v 1.036612 2.584978 0.120519
v 1.090774 2.584977 0.192436
v 1.028088 2.584975 0.411351
v 1.025345 2.584977 0.279721
v 1.060428 2.584975 0.339563
v 0.980484 2.584975 0.483506
v 0.932269 2.584985 0.536453
v 0.960309 2.584979 0.425469
v 0.909845 2.584984 0.487680
v 0.999203 2.584975 0.355440
v 0.701226 2.584981 0.658558
v 0.780647 2.584979 0.581382
v 0.856795 2.584978 0.595532
v 0.783036 2.584980 0.636214
v 0.705839 2.584981 0.610025
v 0.627194 2.584980 0.625244
v 0.849346 2.584979 0.540182
v 0.467993 2.584979 0.613976
v 0.547101 2.584980 0.626574
v 0.392275 2.584978 0.587833
v 0.551794 2.584982 0.668745
vn 0.0001 -1.0000 -0.0001
vn 0.0007 -1.0000 -0.0008
vn -0.0003 -1.0000 0.0002
vn -0.0001 -1.0000 0.0001
vn -0.0000 -1.0000 -0.0000
vn 0.0001 -1.0000 -0.0000
vn -0.0000 -1.0000 0.0002
vn -0.0001 -1.0000 0.0002
vn 0.0007 -1.0000 -0.0007
vn -0.0001 -1.0000 -0.0000
vn -0.0002 -1.0000 0.0001
vn -0.0007 -1.0000 -0.0005
vn -0.0004 -1.0000 -0.0002
vn -0.0000 -1.0000 -0.0001
vn -0.0000 -1.0000 0.0001
vn -0.0002 -1.0000 -0.0014
vn -0.0003 -1.0000 -0.0002
vn -0.0002 -1.0000 -0.0001
vn -0.0001 -1.0000 -0.0002
s 0
f 2514//2323 2515//2323 2513//2323
f 2514//2324 2513//2324 2510//2324
f 2516//2325 2517//2325 2513//2325
f 2516//2326 2513//2326 2515//2326
f 2510//2327 2511//2327 2508//2327
f 2510//2327 2508//2327 2509//2327
f 2510//2327 2513//2327 2512//2327
f 2510//2328 2512//2328 2511//2328
f 2518//2329 2508//2329 2511//2329
f 2437//2327 2523//2327 2524//2327
f 2437//2327 2524//2327 2525//2327
f 2526//2327 2434//2327 2437//2327
f 2526//2327 2437//2327 2525//2327
f 2520//2327 2521//2327 2437//2327
f 2520//2330 2437//2330 2519//2330
f 2437//2328 2521//2328 2522//2328
f 2437//2327 2522//2327 2523//2327
f 2500//2327 2495//2327 2498//2327
f 2498//2327 2497//2327 2501//2327
f 2498//2327 2501//2327 2502//2327
f 2497//2327 2498//2327 2495//2327
f 2497//2327 2495//2327 2496//2327
f 2499//2331 2496//2331 2495//2331
f 2503//2327 2498//2327 2502//2327
f 2496//2327 2462//2327 2506//2327
f 2496//2327 2506//2327 2507//2327
f 2497//2327 2496//2327 2507//2327
f 2504//2327 2505//2327 2498//2327
f 2504//2327 2498//2327 2503//2327
f 2496//2327 2460//2327 2462//2327
f 2528//2327 2521//2327 2520//2327
f 2528//2327 2520//2327 2527//2327
f 2549//2327 2546//2327 2545//2327
f 2549//2327 2545//2327 2550//2327
f 2541//2328 2547//2328 2551//2328
f 2541//2328 2551//2328 2543//2328
f 2544//2327 2538//2327 2537//2327
f 2544//2327 2537//2327 2542//2327
f 2547//2327 2548//2327 2545//2327
f 2547//2327 2545//2327 2546//2327
f 2551//2327 2547//2327 2546//2327
f 2505//2327 2553//2327 2550//2327
f 2505//2327 2550//2327 2545//2327
f 2555//2329 2505//2329 2545//2329
f 2552//2327 2553//2327 2505//2327
f 2552//2327 2505//2327 2554//2327
f 2554//2327 2505//2327 2504//2327
f 2533//2327 2534//2327 2535//2327
f 2533//2327 2535//2327 2530//2327
f 2536//2332 2533//2332 2530//2332
f 2520//2333 2529//2333 2530//2333
f 2520//2327 2530//2327 2527//2327
f 2531//2327 2527//2327 2530//2327
f 2531//2327 2530//2327 2532//2327
f 2532//2327 2530//2327 2535//2327
f 2541//2327 2542//2327 2537//2327
f 2541//2334 2537//2334 2540//2334
f 2542//2327 2541//2327 2543//2327
f 2533//2335 2539//2335 2537//2335
f 2533//2327 2537//2327 2538//2327
f 2534//2327 2533//2327 2538//2327
f 2494//2326 2492//2326 2460//2326
f 2456//2327 2454//2327 2450//2327
f 2456//2327 2450//2327 2455//2327
f 2458//2327 2455//2327 2450//2327
f 2458//2327 2450//2327 2457//2327
f 2453//2336 2448//2336 2450//2336
f 2453//2327 2450//2327 2452//2327
f 2454//2327 2452//2327 2450//2327
f 2459//2327 2457//2327 2450//2327
f 2465//2327 2450//2327 2464//2327
f 2466//2327 2459//2327 2450//2327
f 2466//2327 2450//2327 2465//2327
f 2460//2337 2461//2337 2450//2337
f 2460//2327 2450//2327 2462//2327
f 2450//2327 2461//2327 2463//2327
f 2450//2327 2463//2327 2464//2327
f 2436//2338 2439//2338 2440//2338
f 2436//2336 2440//2336 2437//2336
f 2441//2327 2442//2327 2437//2327
f 2441//2327 2437//2327 2440//2327
f 2436//2327 2437//2327 2434//2327
f 2436//2327 2434//2327 2435//2327
f 2435//2327 2438//2327 2436//2327
f 2443//2327 2444//2327 2437//2327
f 2443//2327 2437//2327 2442//2327
f 2450//2327 2448//2327 2447//2327
f 2450//2327 2447//2327 2436//2327
f 2436//2327 2438//2327 2451//2327
f 2436//2327 2451//2327 2450//2327
f 2445//2327 2446//2327 2447//2327
f 2445//2327 2447//2327 2448//2327
f 2449//2327 2447//2327 2446//2327
f 2447//2327 2469//2327 2467//2327
f 2447//2327 2467//2327 2468//2327
f 2487//2339 2467//2339 2482//2339
f 2488//2328 2489//2328 2481//2328
f 2488//2327 2481//2327 2490//2327
f 2485//2327 2483//2327 2467//2327
f 2485//2327 2467//2327 2484//2327
f 2467//2327 2473//2327 2486//2327
f 2467//2327 2486//2327 2484//2327
f 2491//2328 2481//2328 2492//2328
f 2478//2323 2481//2323 2489//2323
f 2460//2332 2492//2332 2481//2332
f 2460//2327 2481//2327 2478//2327
f 2490//2327 2481//2327 2480//2327
f 2493//2340 2482//2340 2481//2340
f 2467//2327 2469//2327 2472//2327
f 2467//2327 2472//2327 2473//2327
f 2474//2341 2468//2341 2467//2341
f 2447//2327 2449//2327 2470//2327
f 2447//2327 2470//2327 2469//2327
f 2471//2329 2447//2329 2468//2329
f 2475//2327 2476//2327 2460//2327
f 2475//2327 2460//2327 2477//2327
f 2481//2327 2482//2327 2467//2327
f 2481//2327 2467//2327 2480//2327
f 2480//2327 2467//2327 2483//2327
f 2477//2327 2460//2327 2478//2327
f 2479//2327 2461//2327 2460//2327
f 2479//2327 2460//2327 2476//2327
o Turret_01_havok_s_armor_5_7
v 0.260455 2.713297 -0.140489
v 0.318900 2.713296 -0.191209
v 0.840182 2.713297 0.527548
v 0.211705 2.713297 -0.080391
v 0.385264 2.713296 -0.231009
v 0.457531 2.713297 -0.258680
v 0.533506 2.713297 -0.273381
v 0.610880 2.713297 -0.274667
v 0.687301 2.713297 -0.262497
v 0.148877 2.713297 0.060406
v 0.174133 2.713296 -0.012741
v 0.136708 2.713297 0.136828
v 0.137994 2.713297 0.214202
v 0.152696 2.713296 0.290177
v 0.220167 2.713297 0.428810
v 0.180367 2.713297 0.362445
v 0.330985 2.713296 0.536006
v 0.270887 2.713297 0.487256
v 0.398634 2.713297 0.573580
v 0.471781 2.713297 0.598836
v 0.625575 2.713296 0.609721
v 0.548202 2.713297 0.611006
v 0.701550 2.713297 0.595019
v 0.773817 2.713297 0.567348
v 0.888196 2.713296 -0.150917
v 0.938915 2.713297 -0.092471
v 0.978716 2.713297 -0.026106
v 0.828098 2.713297 -0.199667
v 1.006387 2.713297 0.046162
v 1.021089 2.713297 0.122138
v 1.022374 2.713296 0.199511
v 1.010205 2.713296 0.275933
v 0.984950 2.713297 0.349080
v 0.947377 2.713297 0.416731
v 0.898627 2.713296 0.476828
v 0.760447 2.713297 -0.237241
v -0.262418 2.655774 -0.180800
v -0.971594 2.655775 -0.331345
v -0.963481 2.655774 -0.408279
v -0.238509 2.655775 -0.254370
v -0.962463 2.655775 -0.254411
v -0.938562 2.655774 -0.180838
v -0.229369 2.655775 -0.331303
v -0.237474 2.655774 -0.408238
v -0.301102 2.645491 -0.113808
v -0.352867 2.637265 -0.056323
v -0.899887 2.645491 -0.113842
v -0.848128 2.637265 -0.056351
v -0.415453 2.633563 -0.010857
v -0.785547 2.633563 -0.010878
v -0.564897 2.633563 0.037516
v -0.714879 2.633563 0.020590
v -0.486124 2.633563 0.020603
v -0.636109 2.633563 0.037512
v -0.811685 2.622046 -0.639077
v -0.725955 2.622046 -0.682017
v -0.249801 2.622046 -0.448991
v -0.869567 2.622046 -0.585227
v -0.659890 2.622046 -0.698209
v -0.541032 2.622046 -0.698202
v -0.474968 2.622046 -0.682002
v -0.392736 2.622046 -0.638595
v -0.331368 2.622046 -0.585197
v -0.302179 2.622046 -0.550317
v -0.274327 2.622046 -0.507022
v -0.255784 2.622046 -0.467151
v -0.926617 2.622046 -0.507059
v -0.898760 2.622046 -0.550351
v -0.945165 2.622046 -0.467190
v -0.951149 2.622046 -0.449031
vn -0.0000 -0.9967 -0.0812
vn -0.0000 -0.9884 -0.1517
vn -0.0000 -1.0000 -0.0000
vn 0.0012 -0.9883 -0.1524
vn -0.0010 -0.9898 -0.1425
vn -0.0002 -1.0000 0.0001
vn -0.0001 -1.0000 0.0001
vn -0.0000 -0.9899 -0.1416
s 0
f 2604//2342 2605//2342 2603//2342
f 2604//2342 2603//2342 2601//2342
f 2592//2343 2600//2343 2597//2343
f 2607//2344 2606//2344 2609//2344
f 2605//2344 2608//2344 2606//2344
f 2605//2344 2606//2344 2607//2344
f 2601//2345 2602//2345 2597//2345
f 2601//2346 2597//2346 2600//2346
f 2594//2344 2595//2344 2592//2344
f 2594//2344 2592//2344 2593//2344
f 2591//2344 2583//2344 2558//2344
f 2591//2344 2558//2344 2564//2344
f 2594//2344 2599//2344 2598//2344
f 2594//2344 2598//2344 2595//2344
f 2592//2344 2597//2344 2596//2344
f 2592//2344 2596//2344 2593//2344
f 2619//2344 2620//2344 2621//2344
f 2619//2347 2621//2347 2612//2347
f 2618//2348 2619//2348 2612//2348
f 2618//2344 2612//2344 2617//2344
f 2612//2344 2625//2344 2624//2344
f 2612//2344 2624//2344 2622//2344
f 2612//2344 2622//2344 2623//2344
f 2612//2344 2623//2344 2613//2344
f 2616//2344 2617//2344 2612//2344
f 2616//2344 2612//2344 2615//2344
f 2602//2349 2601//2349 2603//2349
f 2604//2344 2608//2344 2605//2344
f 2614//2344 2615//2344 2612//2344
f 2614//2344 2612//2344 2611//2344
f 2612//2344 2613//2344 2610//2344
f 2612//2344 2610//2344 2611//2344
f 2568//2344 2558//2344 2569//2344
f 2558//2344 2568//2344 2567//2344
f 2558//2344 2567//2344 2565//2344
f 2558//2344 2572//2344 2573//2344
f 2558//2344 2573//2344 2570//2344
f 2558//2344 2570//2344 2571//2344
f 2558//2344 2571//2344 2569//2344
f 2558//2344 2565//2344 2566//2344
f 2558//2344 2566//2344 2559//2344
f 2560//2344 2561//2344 2558//2344
f 2560//2344 2558//2344 2557//2344
f 2558//2344 2559//2344 2556//2344
f 2558//2344 2556//2344 2557//2344
f 2564//2344 2558//2344 2563//2344
f 2562//2344 2563//2344 2558//2344
f 2562//2344 2558//2344 2561//2344
f 2586//2344 2587//2344 2558//2344
f 2586//2344 2558//2344 2585//2344
f 2584//2344 2585//2344 2558//2344
f 2584//2344 2558//2344 2582//2344
f 2589//2344 2590//2344 2558//2344
f 2589//2344 2558//2344 2588//2344
f 2588//2344 2558//2344 2587//2344
f 2580//2344 2558//2344 2583//2344
f 2558//2344 2576//2344 2577//2344
f 2558//2344 2577//2344 2575//2344
f 2558//2344 2575//2344 2574//2344
f 2558//2344 2574//2344 2572//2344
f 2581//2344 2582//2344 2558//2344
f 2581//2344 2558//2344 2580//2344
f 2558//2344 2579//2344 2578//2344
f 2558//2344 2578//2344 2576//2344
o Turret_01_havok_s_armor_7_8
v -0.341304 2.317002 -1.447358
v -0.361872 2.383659 -1.073235
v -0.361484 2.323905 -1.145724
v -0.360768 1.787328 -1.756254
v -0.354067 1.870270 -1.761140
v -0.347219 1.976261 -1.742328
v -0.340784 2.078452 -1.721756
v -0.337042 2.294104 -1.535063
v -0.335250 2.274193 -1.583439
v -0.334677 2.233320 -1.637498
v -0.335457 2.189425 -1.675242
v -0.360455 1.767616 -1.782873
v 0.340208 2.078453 -1.721753
v 0.346318 1.976259 -1.742326
v 0.356759 1.940192 -1.567726
v 0.349441 2.063518 -1.541650
v 0.347265 2.105423 -1.525982
v 0.334672 2.189425 -1.675243
v 0.357221 1.931647 -1.570505
v 0.358437 1.883317 -1.616988
v 0.352771 1.870270 -1.761136
v 0.358940 1.864460 -1.634487
v 0.358617 1.790941 -1.752896
v 0.359451 1.820855 -1.689287
v 0.358836 1.768031 -1.782785
v 0.333008 2.274193 -1.583441
v 0.333365 2.233320 -1.637500
v 0.344961 2.180663 -1.462631
v 0.333839 2.294108 -1.535064
v 0.345026 2.207812 -1.420116
v 0.336254 2.317002 -1.447359
v 0.346420 2.221821 -1.368305
v 0.426791 2.440398 -0.610078
v 0.354006 2.584980 -0.797282
v 0.357964 2.554669 -0.868285
v 0.387894 2.440404 -0.989520
v 0.386957 2.584970 -0.475851
v 0.350024 2.272048 -1.213146
v 0.349103 2.325000 -1.153193
v 0.348702 2.345743 -1.130583
v 0.348953 2.239427 -1.286040
v 0.349270 2.374583 -1.074446
v 0.349066 2.385619 -1.062235
vn -0.9966 -0.0687 0.0454
vn -0.9333 -0.3460 0.0957
vn 0.9947 -0.0764 0.0683
s 0
f 2655//2350 2656//2350 2654//2350
f 2655//2350 2654//2350 2653//2350
f 2657//2350 2656//2350 2655//2350
f 2653//2350 2654//2350 2651//2350
f 2653//2350 2651//2350 2642//2350
f 2650//2350 2648//2350 2646//2350
f 2642//2350 2651//2350 2652//2350
f 2642//2350 2652//2350 2643//2350
f 2666//2350 2663//2350 2656//2350
f 2666//2350 2656//2350 2657//2350
f 2667//2350 2668//2350 2656//2350
f 2667//2350 2656//2350 2665//2350
f 2664//2350 2665//2350 2656//2350
f 2664//2350 2656//2350 2663//2350
f 2660//2351 2661//2351 2658//2351
f 2660//2351 2658//2351 2659//2351
f 2658//2351 2662//2351 2659//2351
f 2646//2350 2648//2350 2649//2350
f 2646//2350 2649//2350 2647//2350
f 2632//2352 2635//2352 2634//2352
f 2632//2352 2634//2352 2633//2352
f 2635//2352 2632//2352 2636//2352
f 2632//2352 2633//2352 2626//2352
f 2632//2352 2626//2352 2631//2352
f 2626//2352 2627//2352 2628//2352
f 2626//2352 2628//2352 2629//2352
f 2630//2352 2631//2352 2626//2352
f 2630//2352 2626//2352 2629//2352
f 2639//2350 2645//2350 2644//2350
f 2639//2350 2644//2350 2640//2350
f 2646//2350 2647//2350 2645//2350
f 2646//2350 2645//2350 2639//2350
f 2642//2350 2643//2350 2638//2350
f 2642//2350 2638//2350 2641//2350
f 2637//2352 2630//2352 2629//2352
f 2640//2350 2641//2350 2638//2350
f 2640//2350 2638//2350 2639//2350
o Turret_01_havok_s_armor_9_9
v 0.386957 2.584970 -0.475851
v 0.426791 2.440398 -0.610078
v 0.888182 2.440415 -0.477822
v 0.908089 2.584956 -0.326524
vn -0.1979 -0.6956 0.6906
vn -0.1979 -0.6957 0.6906
s 0
f 2671//2353 2672//2353 2669//2353
f 2671//2354 2669//2354 2670//2354
o Turret_01_havok_s_armor_11_10
v 0.999202 2.663272 0.355440
v 0.960308 2.663272 0.425469
v 0.947376 2.713297 0.416731
v 0.984950 2.713297 0.349080
v 1.025345 2.663272 0.279721
v 1.010205 2.713296 0.275933
v 0.898627 2.713296 0.476829
v 0.909844 2.663272 0.487680
v 1.006387 2.713297 0.046162
v 0.978715 2.713297 -0.026106
v 0.992748 2.663272 -0.032936
v 1.021393 2.663272 0.041873
v 1.021089 2.713297 0.122138
v 1.036611 2.663272 0.120519
v 1.022374 2.713296 0.199511
v 1.037943 2.663272 0.200613
v 0.701550 2.713297 0.595019
v 0.773818 2.713297 0.567348
v 0.780648 2.663272 0.581381
v 0.705840 2.663272 0.610025
v 0.625576 2.713296 0.609721
v 0.627195 2.663272 0.625244
v 0.547100 2.663272 0.626574
v 0.467993 2.663272 0.613976
v 0.471781 2.713297 0.598836
v 0.548203 2.713297 0.611006
v 0.840182 2.713297 0.527548
v 0.849345 2.663272 0.540182
v 0.330984 2.713296 0.536006
v 0.398634 2.713297 0.573580
v 0.392275 2.663272 0.587833
v 0.322246 2.663272 0.548938
v 0.260036 2.663272 0.498473
v 0.270887 2.713297 0.487256
v 0.220167 2.713297 0.428810
v 0.207533 2.663272 0.437973
v 0.166333 2.663272 0.369275
v 0.180367 2.713297 0.362445
v 0.137689 2.663272 0.294466
v 0.152696 2.713296 0.290177
v 0.122470 2.663272 0.215820
v 0.137994 2.713297 0.214202
v 0.121139 2.663272 0.135726
v 0.133736 2.663272 0.056618
v 0.148877 2.713297 0.060406
v 0.136707 2.713297 0.136828
v 0.211705 2.713297 -0.080391
v 0.174132 2.713296 -0.012741
v 0.159879 2.663272 -0.019101
v 0.198774 2.663272 -0.089130
v 0.318900 2.713296 -0.191209
v 0.260455 2.713297 -0.140489
v 0.249237 2.663272 -0.151340
v 0.309736 2.663272 -0.203843
v 0.378434 2.663272 -0.245042
v 0.385264 2.713296 -0.231009
v 0.457531 2.713297 -0.258680
v 0.453243 2.663272 -0.273686
v 0.531888 2.663272 -0.288905
v 0.533506 2.713297 -0.273381
v 0.611981 2.663272 -0.290235
v 0.691089 2.663272 -0.277637
v 0.687301 2.713297 -0.262496
v 0.610879 2.713297 -0.274667
v 0.828097 2.713297 -0.199667
v 0.760447 2.713297 -0.237241
v 0.766807 2.663272 -0.251494
v 0.836835 2.663272 -0.212599
v 0.888195 2.713296 -0.150917
v 0.899046 2.663272 -0.162134
v 0.938915 2.713297 -0.092471
v 0.951549 2.663272 -0.101634
v -0.951150 2.622046 -0.449031
v -0.249801 2.622046 -0.448991
v -0.237475 2.655774 -0.408238
v -0.963481 2.655774 -0.408279
vn 0.4911 -0.2968 0.8190
vn 0.6259 -0.2968 0.7212
vn 0.3415 -0.2968 0.8918
vn 0.7416 -0.2968 0.6016
vn 0.9027 -0.2968 0.3116
vn 0.9027 -0.2968 0.3117
vn 0.9431 -0.2968 0.1502
vn 0.9375 -0.2968 -0.1814
vn 0.8348 -0.2968 0.4637
vn 0.9548 -0.2968 -0.0159
vn -0.7212 -0.2968 0.6259
vn -0.6016 -0.2968 0.7416
vn -0.0000 -0.7704 0.6376
vn -0.8190 -0.2968 0.4911
vn -0.3117 -0.2968 0.9027
vn -0.1502 -0.2968 0.9431
vn 0.1814 -0.2968 0.9375
vn -0.4637 -0.2968 0.8348
vn 0.0159 -0.2968 0.9548
vn 0.8918 -0.2968 -0.3415
vn -0.9548 -0.2968 0.0159
vn -0.9431 -0.2968 -0.1502
vn -0.1814 -0.2968 -0.9375
vn -0.3415 -0.2968 -0.8918
vn -0.9376 -0.2968 0.1814
vn -0.9375 -0.2968 0.1814
vn -0.9027 -0.2968 -0.3117
vn -0.9027 -0.2968 -0.3116
vn -0.8348 -0.2968 -0.4637
vn -0.8918 -0.2968 0.3415
vn -0.7416 -0.2968 -0.6016
vn 0.6016 -0.2968 -0.7416
vn 0.3117 -0.2968 -0.9027
vn 0.8190 -0.2968 -0.4911
vn 0.7212 -0.2968 -0.6259
vn 0.4637 -0.2968 -0.8348
vn -0.0159 -0.2968 -0.9548
vn 0.1502 -0.2968 -0.9431
vn -0.4911 -0.2968 -0.8190
vn -0.6259 -0.2968 -0.7212
s 0
f 2726//2355 2727//2355 2728//2355
f 2726//2355 2728//2355 2723//2355
f 2725//2356 2726//2356 2723//2356
f 2725//2356 2723//2356 2724//2356
f 2727//2357 2730//2357 2729//2357
f 2727//2357 2729//2357 2728//2357
f 2725//2358 2724//2358 2719//2358
f 2725//2358 2719//2358 2722//2358
f 2716//2359 2721//2359 2720//2359
f 2716//2360 2720//2360 2717//2360
f 2717//2361 2718//2361 2715//2361
f 2717//2361 2715//2361 2716//2361
f 2711//2362 2713//2362 2714//2362
f 2711//2362 2714//2362 2712//2362
f 2721//2363 2722//2363 2719//2363
f 2721//2363 2719//2363 2720//2363
f 2713//2364 2715//2364 2718//2364
f 2713//2364 2718//2364 2714//2364
f 2742//2365 2744//2365 2743//2365
f 2742//2365 2743//2365 2741//2365
f 2740//2366 2742//2366 2741//2366
f 2740//2366 2741//2366 2737//2366
f 2747//2367 2748//2367 2745//2367
f 2747//2367 2745//2367 2746//2367
f 2682//2368 2743//2368 2744//2368
f 2682//2368 2744//2368 2683//2368
f 2734//2369 2739//2369 2738//2369
f 2734//2369 2738//2369 2735//2369
f 2735//2370 2736//2370 2733//2370
f 2735//2370 2733//2370 2734//2370
f 2731//2371 2732//2371 2729//2371
f 2731//2371 2729//2371 2730//2371
f 2739//2372 2740//2372 2737//2372
f 2739//2372 2737//2372 2738//2372
f 2733//2373 2736//2373 2732//2373
f 2733//2373 2732//2373 2731//2373
f 2709//2374 2711//2374 2712//2374
f 2709//2374 2712//2374 2710//2374
f 2686//2375 2688//2375 2687//2375
f 2686//2375 2687//2375 2685//2375
f 2678//2376 2687//2376 2688//2376
f 2678//2376 2688//2376 2677//2376
f 2692//2377 2694//2377 2693//2377
f 2692//2377 2693//2377 2689//2377
f 2691//2378 2692//2378 2689//2378
f 2691//2378 2689//2378 2690//2378
f 2684//2379 2686//2379 2685//2379
f 2684//2380 2685//2380 2681//2380
f 2676//2381 2678//2381 2677//2381
f 2676//2382 2677//2382 2673//2382
f 2675//2383 2676//2383 2673//2383
f 2675//2383 2673//2383 2674//2383
f 2683//2384 2684//2384 2681//2384
f 2683//2384 2681//2384 2682//2384
f 2674//2385 2680//2385 2679//2385
f 2674//2385 2679//2385 2675//2385
f 2704//2386 2705//2386 2706//2386
f 2704//2386 2706//2386 2701//2386
f 2696//2387 2703//2387 2702//2387
f 2696//2387 2702//2387 2697//2387
f 2708//2388 2709//2388 2710//2388
f 2708//2388 2710//2388 2707//2388
f 2705//2389 2708//2389 2707//2389
f 2705//2389 2707//2389 2706//2389
f 2703//2390 2704//2390 2701//2390
f 2703//2390 2701//2390 2702//2390
f 2694//2391 2695//2391 2698//2391
f 2694//2391 2698//2391 2693//2391
f 2697//2392 2698//2392 2695//2392
f 2697//2392 2695//2392 2696//2392
f 2690//2393 2699//2393 2700//2393
f 2690//2393 2700//2393 2691//2393
f 2680//2394 2700//2394 2699//2394
f 2680//2394 2699//2394 2679//2394
o Turret_01_havok_s_armor_12_11
v -0.352866 2.584975 -0.056323
v -0.415453 2.584975 -0.010857
v -0.415453 2.633563 -0.010857
v -0.352866 2.637265 -0.056323
v -0.486124 2.584976 0.020603
v -0.486124 2.633563 0.020603
v -0.301101 2.645491 -0.113808
v -0.301101 2.584974 -0.113808
v -0.564897 2.584976 0.037516
v -0.564897 2.633563 0.037516
v -0.636108 2.584976 0.037512
v -0.636108 2.633563 0.037512
v -0.262419 2.584973 -0.180800
v -0.262419 2.655774 -0.180800
v -0.238509 2.655775 -0.254370
v -0.238509 2.584972 -0.254370
v -0.229370 2.655775 -0.331303
v -0.229370 2.584971 -0.331303
v -0.237474 2.655774 -0.408238
v -0.237474 2.584970 -0.408238
v -0.249801 2.622046 -0.448991
v -0.249801 2.584970 -0.448991
v -0.255783 2.622046 -0.467151
v -0.255783 2.584970 -0.467151
v -0.848128 2.637265 -0.056351
v -0.848128 2.584977 -0.056351
v -0.899887 2.584977 -0.113842
v -0.899887 2.645491 -0.113842
v -0.785547 2.633563 -0.010878
v -0.785547 2.584976 -0.010878
v -0.938563 2.584977 -0.180838
v -0.938563 2.655774 -0.180838
v -0.714879 2.633563 0.020590
v -0.714879 2.584976 0.020590
v -0.962463 2.584977 -0.254411
v -0.962463 2.655775 -0.254411
v -0.971594 2.584977 -0.331345
v -0.971594 2.655775 -0.331345
v -0.963481 2.584976 -0.408279
v -0.963481 2.655774 -0.408279
v -0.951150 2.584976 -0.449031
v -0.951150 2.622046 -0.449031
v -0.725955 2.622046 -0.682016
v -0.811685 2.622046 -0.639077
v -0.811685 2.584975 -0.639077
v -0.725955 2.584974 -0.682016
v -0.869567 2.622046 -0.585227
v -0.869567 2.584975 -0.585227
v -0.541032 2.584969 -0.698202
v -0.541032 2.622046 -0.698202
v -0.659890 2.622046 -0.698209
v -0.659890 2.584972 -0.698209
v -0.474969 2.584968 -0.682002
v -0.474969 2.622046 -0.682002
v -0.898760 2.584975 -0.550351
v -0.898760 2.622046 -0.550351
v -0.926617 2.622046 -0.507059
v -0.926617 2.584976 -0.507059
v -0.945165 2.622046 -0.467190
v -0.945165 2.584976 -0.467190
v -0.392735 2.622046 -0.638594
v -0.392735 2.584969 -0.638594
v -0.331369 2.584969 -0.585197
v -0.331369 2.622046 -0.585197
v -0.302179 2.584969 -0.550317
v -0.302179 2.622046 -0.550317
v -0.274327 2.584970 -0.507022
v -0.274327 2.622046 -0.507022
v 0.705840 2.584981 0.610025
v 0.705840 2.663272 0.610025
v 0.780647 2.663272 0.581381
v 0.780647 2.584979 0.581381
v 0.627194 2.584980 0.625244
v 0.627194 2.663272 0.625244
v 0.467993 2.584979 0.613976
v 0.467993 2.663272 0.613976
v 0.547101 2.663272 0.626574
v 0.547101 2.584980 0.626574
v 0.322246 2.584977 0.548938
v 0.322246 2.663272 0.548938
v 0.392274 2.663272 0.587833
v 0.392274 2.584978 0.587833
v 0.260036 2.663272 0.498473
v 0.260036 2.584977 0.498473
v 0.207533 2.584977 0.437973
v 0.207533 2.663272 0.437973
v 0.166333 2.663272 0.369275
v 0.166333 2.584977 0.369275
v 0.137689 2.584977 0.294466
v 0.137689 2.663272 0.294466
v 0.122470 2.584976 0.215820
v 0.122470 2.663272 0.215820
v 0.133737 2.584975 0.056618
v 0.133737 2.663272 0.056618
v 0.121139 2.663272 0.135726
v 0.121139 2.584976 0.135726
v 0.960308 2.584979 0.425469
v 0.960308 2.663272 0.425469
v 0.999203 2.663272 0.355440
v 0.999203 2.584975 0.355440
v 1.025346 2.663272 0.279722
v 1.025346 2.584977 0.279722
v 1.037943 2.663272 0.200613
v 1.037943 2.584978 0.200613
v 1.036612 2.663272 0.120519
v 1.036612 2.584978 0.120519
v 1.021393 2.663272 0.041873
v 1.021393 2.584978 0.041873
v 0.909844 2.663272 0.487680
v 0.909844 2.584984 0.487680
v 0.849345 2.584979 0.540182
v 0.849345 2.663272 0.540182
v 0.951549 2.584977 -0.101634
v 0.951549 2.663272 -0.101634
v 0.899046 2.663272 -0.162134
v 0.899046 2.584977 -0.162134
v 0.836836 2.663272 -0.212599
v 0.836836 2.584976 -0.212599
v 0.992749 2.584978 -0.032936
v 0.992749 2.663272 -0.032936
v 0.378434 2.663272 -0.245042
v 0.378434 2.584972 -0.245042
v 0.453242 2.584972 -0.273686
v 0.453242 2.663272 -0.273686
v 0.531888 2.584971 -0.288905
v 0.531888 2.663272 -0.288905
v 0.611981 2.663272 -0.290235
v 0.611981 2.584973 -0.290235
v 0.691089 2.584974 -0.277637
v 0.691089 2.663272 -0.277637
v 0.766807 2.663272 -0.251494
v 0.766807 2.584975 -0.251494
v 0.198774 2.584974 -0.089130
v 0.198774 2.663272 -0.089130
v 0.159879 2.663272 -0.019101
v 0.159879 2.584974 -0.019101
v 0.249237 2.584973 -0.151341
v 0.249237 2.663272 -0.151341
v 0.309737 2.584972 -0.203843
v 0.309737 2.663272 -0.203843
vn 0.8576 -0.0000 -0.5143
vn -0.8742 -0.0000 -0.4855
vn 0.9876 -0.0000 0.1573
vn 0.9999 -0.0000 -0.0166
vn -0.9999 -0.0000 0.0166
vn -0.9818 -0.0000 0.1900
vn -0.9452 -0.0000 -0.3264
vn -0.9876 -0.0000 -0.1573
vn 0.9818 -0.0000 -0.1900
vn -0.0166 -0.0000 -0.9999
vn 0.4856 -0.0000 -0.8742
vn -0.1900 -0.0000 -0.9818
vn 0.1573 -0.0000 -0.9876
vn 0.6300 -0.0000 -0.7766
vn 0.9339 -0.0000 -0.3576
vn 0.3264 -0.0000 -0.9452
vn 0.7553 -0.0000 -0.6554
vn -0.6554 -0.0000 -0.7553
vn -0.3264 -0.0000 0.9452
vn 0.8742 -0.0000 0.4855
vn 0.0166 -0.0000 0.9999
vn -0.4855 -0.0000 0.8742
vn -0.4856 -0.0000 0.8742
vn 0.6554 -0.0000 0.7553
vn 0.5143 -0.0000 0.8576
vn 0.9452 -0.0000 0.3264
vn 0.7766 -0.0000 0.6300
vn -0.1573 -0.0000 0.9876
vn -0.7553 -0.0000 0.6554
vn -0.6300 -0.0000 0.7766
vn -0.5143 -0.0000 -0.8576
vn -0.7766 -0.0000 -0.6300
vn 0.3576 -0.0000 0.9339
vn 0.1900 -0.0000 0.9818
vn -0.8576 -0.0000 0.5143
vn -0.9339 -0.0000 0.3576
vn 0.7432 -0.0000 -0.6691
vn 0.5878 -0.0000 -0.8090
vn -0.9572 -0.0000 0.2895
vn -0.9498 -0.0000 0.3129
vn 0.2100 -0.0000 -0.9777
vn 0.9511 -0.0000 -0.3090
vn 0.8660 -0.0000 -0.5000
vn 0.4068 -0.0000 -0.9135
vn -0.9945 -0.0000 0.1048
vn -0.7431 -0.0000 -0.6692
vn -0.2099 -0.0000 -0.9777
vn -0.5877 -0.0000 -0.8090
vn -0.4067 -0.0000 -0.9136
vn -0.9510 -0.0000 -0.3091
vn -0.9930 -0.0000 -0.1180
vn 0.0001 -0.0000 -1.0000
vn -0.8660 -0.0000 -0.5000
vn 0.9930 -0.0000 -0.1179
vn -0.6564 -0.0000 0.7544
vn -0.7669 -0.0000 0.6418
vn 0.9067 -0.0000 0.4218
vn 0.9497 -0.0000 0.3130
vn -0.9067 -0.0000 0.4217
vn -0.3576 -0.0000 -0.9339
vn -0.4668 -0.0000 0.8844
vn -0.8410 -0.0000 0.5410
vn 0.7668 -0.0000 0.6419
vn 0.4478 -0.0000 0.8941
vn 0.6811 -0.0000 0.7321
vn 0.9945 -0.0000 0.1049
vn 0.9571 -0.0000 0.2896
vn -0.2382 -0.0000 0.9712
vn 0.8409 -0.0000 0.5411
vn -0.0001 -0.0000 1.0000
vn 0.2381 -0.0000 0.9713
s 0
f 2836//2395 2835//2395 2834//2395
f 2836//2395 2834//2395 2833//2395
f 2847//2396 2848//2396 2845//2396
f 2847//2396 2845//2396 2846//2396
f 2843//2397 2844//2397 2841//2397
f 2843//2397 2841//2397 2842//2397
f 2844//2398 2843//2398 2840//2398
f 2844//2398 2840//2398 2839//2398
f 2853//2399 2854//2399 2852//2399
f 2853//2399 2852//2399 2851//2399
f 2855//2400 2856//2400 2854//2400
f 2855//2400 2854//2400 2853//2400
f 2849//2401 2850//2401 2848//2401
f 2849//2401 2848//2401 2847//2401
f 2851//2402 2852//2402 2850//2402
f 2851//2402 2850//2402 2849//2402
f 2839//2403 2840//2403 2838//2403
f 2839//2403 2838//2403 2837//2403
f 2826//2404 2825//2404 2822//2404
f 2826//2404 2822//2404 2821//2404
f 2829//2405 2830//2405 2827//2405
f 2829//2405 2827//2405 2828//2405
f 2821//2406 2822//2406 2818//2406
f 2821//2406 2818//2406 2817//2406
f 2825//2407 2826//2407 2823//2407
f 2825//2407 2823//2407 2824//2407
f 2832//2408 2831//2408 2828//2408
f 2832//2408 2828//2408 2827//2408
f 2837//2409 2838//2409 2835//2409
f 2837//2409 2835//2409 2836//2409
f 2830//2410 2829//2410 2824//2410
f 2830//2410 2824//2410 2823//2410
f 2833//2411 2834//2411 2831//2411
f 2833//2411 2831//2411 2832//2411
f 2859//2412 2860//2412 2857//2412
f 2859//2412 2857//2412 2858//2412
f 2880//2413 2879//2413 2878//2413
f 2880//2413 2878//2413 2877//2413
f 2883//2414 2884//2414 2881//2414
f 2883//2414 2881//2414 2882//2414
f 2876//2415 2875//2415 2874//2415
f 2876//2415 2874//2415 2873//2415
f 2879//2416 2880//2416 2866//2416
f 2879//2417 2866//2417 2865//2417
f 2887//2418 2888//2418 2886//2418
f 2887//2418 2886//2418 2885//2418
f 2888//2419 2887//2419 2870//2419
f 2888//2419 2870//2419 2869//2419
f 2884//2420 2883//2420 2842//2420
f 2884//2420 2842//2420 2841//2420
f 2885//2421 2886//2421 2882//2421
f 2885//2421 2882//2421 2881//2421
f 2877//2422 2878//2422 2875//2422
f 2877//2422 2875//2422 2876//2422
f 2863//2423 2864//2423 2861//2423
f 2863//2423 2861//2423 2862//2423
f 2865//2424 2866//2424 2864//2424
f 2865//2424 2864//2424 2863//2424
f 2860//2425 2859//2425 2820//2425
f 2860//2425 2820//2425 2819//2425
f 2858//2426 2857//2426 2846//2426
f 2858//2426 2846//2426 2845//2426
f 2871//2427 2872//2427 2869//2427
f 2871//2427 2869//2427 2870//2427
f 2871//2428 2873//2428 2874//2428
f 2871//2428 2874//2428 2872//2428
f 2867//2429 2868//2429 2862//2429
f 2867//2429 2862//2429 2861//2429
f 2868//2430 2867//2430 2856//2430
f 2868//2430 2856//2430 2855//2430
f 2775//2431 2776//2431 2773//2431
f 2775//2431 2773//2431 2774//2431
f 2777//2432 2778//2432 2774//2432
f 2777//2432 2774//2432 2773//2432
f 2769//2433 2770//2433 2768//2433
f 2769//2433 2768//2433 2767//2433
f 2771//2434 2772//2434 2770//2434
f 2771//2434 2770//2434 2769//2434
f 2782//2435 2781//2435 2760//2435
f 2782//2435 2760//2435 2759//2435
f 2783//2436 2784//2436 2780//2436
f 2783//2436 2780//2436 2779//2436
f 2779//2437 2780//2437 2776//2437
f 2779//2437 2776//2437 2775//2437
f 2781//2438 2782//2438 2778//2438
f 2781//2438 2778//2438 2777//2438
f 2765//2439 2767//2439 2768//2439
f 2765//2439 2768//2439 2766//2439
f 2752//2440 2755//2440 2756//2440
f 2752//2440 2756//2440 2749//2440
f 2757//2441 2758//2441 2754//2441
f 2757//2441 2754//2441 2753//2441
f 2751//2442 2752//2442 2749//2442
f 2751//2442 2749//2442 2750//2442
f 2753//2443 2754//2443 2751//2443
f 2753//2443 2751//2443 2750//2443
f 2763//2444 2764//2444 2761//2444
f 2763//2444 2761//2444 2762//2444
f 2765//2445 2766//2445 2764//2445
f 2765//2445 2764//2445 2763//2445
f 2759//2446 2760//2446 2758//2446
f 2759//2446 2758//2446 2757//2446
f 2755//2447 2762//2447 2761//2447
f 2755//2447 2761//2447 2756//2447
f 2785//2448 2786//2448 2784//2448
f 2785//2448 2784//2448 2783//2448
f 2811//2449 2812//2449 2809//2449
f 2811//2449 2809//2449 2810//2449
f 2813//2450 2814//2450 2812//2450
f 2813//2450 2812//2450 2811//2450
f 2807//2451 2808//2451 2806//2451
f 2807//2451 2806//2451 2805//2451
f 2808//2452 2807//2452 2790//2452
f 2808//2452 2790//2452 2789//2452
f 2816//2453 2815//2453 2772//2453
f 2816//2453 2772//2453 2771//2453
f 2819//2454 2820//2454 2817//2454
f 2819//2454 2817//2454 2818//2454
f 2810//2455 2809//2455 2802//2455
f 2810//2455 2802//2455 2801//2455
f 2815//2456 2816//2456 2814//2456
f 2815//2456 2814//2456 2813//2456
f 2804//2457 2803//2457 2796//2457
f 2804//2457 2796//2457 2795//2457
f 2793//2458 2794//2458 2791//2458
f 2793//2458 2791//2458 2792//2458
f 2795//2459 2796//2459 2793//2459
f 2795//2459 2793//2459 2792//2459
f 2785//2460 2787//2460 2788//2460
f 2785//2460 2788//2460 2786//2460
f 2787//2461 2789//2461 2790//2461
f 2787//2461 2790//2461 2788//2461
f 2801//2462 2802//2462 2798//2462
f 2801//2462 2798//2462 2797//2462
f 2805//2463 2806//2463 2803//2463
f 2805//2463 2803//2463 2804//2463
f 2799//2464 2800//2464 2797//2464
f 2799//2464 2797//2464 2798//2464
f 2800//2465 2799//2465 2791//2465
f 2800//2465 2791//2465 2794//2465
o Turret_01_havok_s_armor_13_12
v 0.333365 2.233320 -1.637500
v -0.334677 2.233320 -1.637498
v -0.335456 2.189425 -1.675242
v 0.334672 2.189425 -1.675243
vn -0.0000 -0.6520 0.7582
s 0
f 2891//2466 2892//2466 2889//2466
f 2891//2466 2889//2466 2890//2466
o Turret_01_havok_s_armor_14_13
v 0.333008 2.274193 -1.583441
v -0.335250 2.274192 -1.583439
v -0.334677 2.233320 -1.637498
v 0.333365 2.233320 -1.637500
vn -0.0000 -0.7977 0.6031
s 0
f 2895//2467 2896//2467 2893//2467
f 2895//2467 2893//2467 2894//2467
o Turret_01_havok_s_armor_15_14
v 0.333839 2.294107 -1.535064
v -0.337043 2.294104 -1.535062
v -0.335250 2.274192 -1.583439
v 0.333008 2.274193 -1.583441
vn -0.0000 -0.9247 0.3807
vn -0.0000 -0.9247 0.3806
s 0
f 2899//2468 2900//2468 2897//2468
f 2899//2469 2897//2469 2898//2469
o Turret_01_havok_s_armor_16_15
v 0.336254 2.317002 -1.447359
v -0.341305 2.317002 -1.447358
v -0.337043 2.294104 -1.535062
v 0.333839 2.294107 -1.535064
vn -0.0000 -0.9676 0.2526
s 0
f 2903//2470 2904//2470 2901//2470
f 2903//2470 2901//2470 2902//2470
o Turret_01_havok_s_armor_17_16
v -0.341305 2.317002 -1.447358
v -0.202664 2.378389 -1.102814
v -0.309118 2.379261 -1.097915
v -0.332316 2.380576 -1.090539
v -0.348984 2.382176 -1.081555
v -0.361872 2.383659 -1.073235
v 0.128409 2.376980 -1.110717
v -0.062041 2.375610 -1.118412
v 0.336254 2.317002 -1.447359
v 0.349066 2.385618 -1.062235
v 0.322479 2.383827 -1.072291
vn -0.0000 -0.9845 0.1754
s 0
f 2912//2471 2906//2471 2905//2471
f 2915//2471 2911//2471 2913//2471
f 2915//2471 2913//2471 2914//2471
f 2905//2471 2913//2471 2911//2471
f 2905//2471 2911//2471 2912//2471
f 2905//2471 2906//2471 2907//2471
f 2905//2471 2907//2471 2908//2471
f 2905//2471 2908//2471 2909//2471
f 2905//2471 2909//2471 2910//2471
o Turret_01_havok_s_armor_18_17
v -0.693738 1.225836 -2.267493
v -0.536470 1.225836 -2.342051
v -0.530474 1.317648 -2.324223
v -0.684846 1.318179 -2.250226
v 0.529641 1.317707 -2.324163
v 0.535648 1.225836 -2.341990
v 0.692909 1.225836 -2.267413
v 0.684005 1.318255 -2.250150
vn -0.4225 -0.2056 0.8827
vn -0.4199 -0.1993 0.8854
vn 0.4224 -0.2057 0.8827
vn 0.4198 -0.1993 0.8855
s 0
f 2922//2472 2923//2472 2920//2472
f 2922//2473 2920//2473 2921//2473
f 2918//2474 2919//2474 2916//2474
f 2918//2475 2916//2475 2917//2475
o Turret_01_havok_s_armor_19_18
v -0.684846 1.318179 -2.250226
v -0.890949 1.317122 -2.132504
v -0.843491 1.225836 -2.181772
v -0.693739 1.225836 -2.267493
v 0.684005 1.318255 -2.250150
v 0.692910 1.225836 -2.267413
v 0.842650 1.225835 -2.181677
v 0.890138 1.317226 -2.132378
vn -0.4863 -0.2055 0.8493
vn 0.4862 -0.2056 0.8493
s 0
f 2930//2476 2931//2476 2928//2476
f 2930//2476 2928//2476 2929//2476
f 2926//2477 2927//2477 2924//2477
f 2926//2477 2924//2477 2925//2477
o Turret_01_havok_s_armor_20_19
v -0.985399 1.225836 -2.077815
v -0.843491 1.225836 -2.181772
v -0.890949 1.317122 -2.132504
v -0.978067 1.316040 -2.068861
v 0.984547 1.225836 -2.077701
v 0.977206 1.316148 -2.068749
v 0.890137 1.317226 -2.132378
v 0.842650 1.225835 -2.181677
vn -0.5863 -0.1270 0.8001
vn 0.5861 -0.1271 0.8002
vn 0.5862 -0.1271 0.8002
s 0
f 2938//2478 2939//2478 2936//2478
f 2938//2478 2936//2478 2937//2478
f 2934//2479 2935//2479 2932//2479
f 2934//2480 2932//2480 2933//2480
o Turret_01_havok_s_armor_21_20
v -1.115162 1.225836 -1.963058
v -0.985399 1.225836 -2.077815
v -0.978067 1.316040 -2.068861
v -1.107465 1.316328 -1.954913
v 0.977206 1.316148 -2.068749
v 0.984547 1.225836 -2.077701
v 1.114297 1.225836 -1.962930
v 1.106589 1.316449 -1.954790
vn -0.6558 -0.1227 0.7449
vn -0.6572 -0.1271 0.7429
vn 0.6557 -0.1228 0.7449
vn 0.6571 -0.1272 0.7430
s 0
f 2946//2481 2947//2481 2944//2481
f 2946//2482 2944//2482 2945//2482
f 2942//2483 2943//2483 2940//2483
f 2942//2484 2940//2484 2941//2484
o Turret_01_havok_s_armor_22_21
v -1.219788 1.316594 -1.825926
v -1.219788 1.225835 -1.825926
v -1.115162 1.225836 -1.963058
v -1.107465 1.316328 -1.954913
v -1.321024 1.316868 -1.688305
v -1.321024 1.225835 -1.688306
v 1.218900 1.316732 -1.825790
v 1.106590 1.316449 -1.954790
v 1.114297 1.225836 -1.962930
v 1.218900 1.225835 -1.825790
v 1.320114 1.225835 -1.688158
v 1.320114 1.317013 -1.688158
vn -0.7484 -0.1222 0.6519
vn -0.7951 -0.0000 0.6065
vn -0.8056 -0.0000 0.5924
vn 0.7950 -0.0000 0.6066
vn 0.7484 -0.1223 0.6519
vn 0.8055 -0.0000 0.5926
s 0
f 2954//2485 2955//2485 2956//2485
f 2954//2486 2956//2486 2957//2486
f 2958//2487 2959//2487 2954//2487
f 2958//2487 2954//2487 2957//2487
f 2948//2488 2949//2488 2950//2488
f 2948//2489 2950//2489 2951//2489
f 2948//2490 2952//2490 2953//2490
f 2948//2490 2953//2490 2949//2490
o Turret_01_havok_s_armor_23_22
v 0.624655 2.145103 -1.462236
v 0.621731 2.162427 -1.383066
v 0.973878 2.094750 -1.033865
v 0.837457 2.061816 -1.286351
v 0.825243 2.097986 -1.250832
v 0.719788 2.172707 -1.255111
v 0.762452 2.103412 -1.386490
v 0.802019 1.992045 -1.458384
v 0.770021 2.041636 -1.464375
v 0.706370 2.144056 -1.385206
v 0.695532 2.132158 -1.452821
v 0.743529 2.081234 -1.471651
v 0.644439 2.186890 -1.261530
v -0.908527 2.584975 -0.672446
v -0.971767 2.584980 -0.602921
v -1.037383 2.175558 -0.758746
v -0.352154 2.584966 -0.819628
v -0.409752 2.466031 -0.948176
v -0.316163 2.573666 -0.859837
v -0.338079 2.584976 -0.829116
v -0.951190 2.000968 -1.199223
v -0.740859 2.373664 -0.865670
v -0.850982 2.309290 -0.841280
v -0.904919 2.288214 -0.813440
v -1.081194 2.010570 -1.027876
v 0.471126 2.159580 -1.430812
v 0.433118 2.144141 -1.474506
v 0.617943 2.129806 -1.503845
v 0.483374 2.171863 -1.371287
v -1.238217 1.642381 -1.370923
v -1.107275 1.833511 -1.274045
v -1.221005 1.844704 -1.077689
v -1.338984 1.656625 -1.149889
v -1.316451 1.447864 -1.518158
v -1.428373 1.451438 -1.265741
v -1.442517 1.319083 -1.444127
v 1.315507 1.448010 -1.518010
v 1.427400 1.451596 -1.265581
v 1.321481 1.650232 -1.207307
v 1.214558 1.623396 -1.434903
v 1.441582 1.319246 -1.443964
v 1.179568 1.846256 -1.150731
v 1.104459 1.769318 -1.367532
v 1.078835 2.001277 -1.046530
v 0.960216 2.054459 -1.112130
v 1.058096 1.917671 -1.207742
v 0.988801 2.126234 -0.961242
v 0.912682 2.141306 -1.035622
v 0.863420 2.103933 -1.152087
v 0.939415 1.979800 -1.237362
v 0.836526 1.985422 -1.378233
v 0.930757 1.888953 -1.357438
v 0.743170 2.215402 -1.079387
v 0.800956 2.207806 -1.058002
v 0.736047 1.995080 -1.525442
v 0.720420 2.036414 -1.518814
v 0.704230 2.084011 -1.511178
v 0.797861 1.898325 -1.501244
v 0.487888 2.192525 -1.272329
v 0.666243 2.117634 -1.505792
v 0.628724 2.241667 -1.095623
vn -0.5672 -0.7900 0.2325
vn -0.5687 -0.7893 0.2316
vn -0.8148 -0.4898 0.3103
vn -0.8158 -0.4891 0.3086
vn -0.8158 -0.4891 0.3087
vn -0.6258 -0.7096 0.3239
vn -0.5676 -0.7905 0.2301
vn -0.7896 -0.4679 0.3970
vn -0.7521 -0.5733 0.3252
vn -0.6789 -0.5611 0.4735
vn -0.6789 -0.5612 0.4735
vn -0.5362 -0.7702 0.3453
vn -0.7520 -0.5733 0.3253
vn -0.5213 -0.7235 0.4526
vn -0.5644 -0.7818 0.2650
vn -0.5646 -0.7816 0.2653
vn -0.6728 -0.3582 0.6474
vn -0.6740 -0.3567 0.6469
vn -0.2029 -0.9583 0.2012
vn -0.2019 -0.9583 0.2022
vn -0.2133 -0.9053 0.3673
vn -0.2141 -0.9054 0.3666
vn -0.2509 -0.9325 0.2599
vn -0.2008 -0.9357 0.2899
vn -0.0554 -0.9497 0.3083
vn -0.5393 -0.6873 0.4866
vn -0.5385 -0.6876 0.4871
vn -0.9141 -0.1344 0.3825
vn -0.6916 -0.2748 0.6680
vn -0.6797 -0.3358 0.6521
vn -0.6802 -0.3353 0.6519
vn -0.1989 -0.9526 0.2303
vn -0.2009 -0.9524 0.2292
vn -0.0491 -0.9773 0.2063
vn -0.0494 -0.9773 0.2059
vn 0.6427 -0.6477 0.4092
vn 0.7188 -0.5913 0.3658
vn -0.0486 -0.9762 0.2114
vn -0.0487 -0.9761 0.2118
vn 0.7707 -0.5330 0.3493
vn 0.7305 -0.5739 0.3700
vn 0.5430 -0.7079 0.4517
vn 0.6353 -0.6573 0.4054
vn -0.0177 -0.9378 0.3467
vn -0.0173 -0.9375 0.3475
vn 0.3641 -0.7594 0.5393
vn 0.3641 -0.7593 0.5393
vn 0.6927 -0.3508 0.6301
vn 0.5490 -0.7006 0.4558
vn 0.5209 -0.7134 0.4687
vn 0.5208 -0.7135 0.4688
vn 0.7622 -0.5474 0.3457
vn -0.5471 -0.7016 0.4565
vn -0.5469 -0.7017 0.4567
vn -0.5740 -0.7017 0.4221
vn -0.5613 -0.6918 0.4541
vn -0.6806 -0.5741 0.4553
vn -0.5560 -0.7148 0.4241
vn -0.5998 -0.6657 0.4440
vn -0.7621 -0.5475 0.3456
vn -0.7788 -0.5187 0.3526
vn -0.7003 -0.5921 0.3988
vn -0.5581 -0.7051 0.4375
vn -0.5988 -0.6769 0.4281
vn -0.6865 -0.6108 0.3945
vn -0.6046 -0.6612 0.4441
s 0
f 2965//2491 2969//2491 2966//2491
f 2965//2492 2966//2492 2964//2492
f 2967//2493 3010//2493 2966//2493
f 2967//2494 2966//2494 2968//2494
f 2968//2495 2966//2495 2971//2495
f 2970//2496 2971//2496 2966//2496
f 2970//2497 2966//2497 2969//2497
f 2966//2498 3010//2498 2963//2498
f 2966//2499 2963//2499 2964//2499
f 3010//2500 3011//2500 3009//2500
f 3010//2501 3009//2501 2963//2501
f 2963//2502 3004//2502 3008//2502
f 2963//2503 3008//2503 2964//2503
f 3008//2504 3007//2504 3013//2504
f 3008//2505 3012//2505 2965//2505
f 3008//2506 2965//2506 2964//2506
f 2968//2507 3015//2507 3014//2507
f 2968//2508 3014//2508 2967//2508
f 2970//2509 2969//2509 2961//2509
f 2970//2510 2961//2510 2960//2510
f 2960//2511 2987//2511 3019//2511
f 2960//2512 3019//2512 2970//2512
f 2965//2513 3012//2513 3020//2513
f 2965//2514 3020//2514 2972//2514
f 2972//2515 3020//2515 3018//2515
f 2970//2516 3019//2516 3016//2516
f 2970//2517 3016//2517 2971//2517
f 3017//2518 3010//2518 2967//2518
f 3017//2519 2967//2519 3014//2519
f 2971//2520 3016//2520 3015//2520
f 2971//2521 3015//2521 2968//2521
f 2969//2522 2965//2522 2972//2522
f 2969//2523 2972//2523 2961//2523
f 3018//2524 2988//2524 2961//2524
f 3018//2525 2961//2525 2972//2525
f 2989//2526 2990//2526 2991//2526
f 2989//2527 2991//2527 2992//2527
f 2961//2528 2988//2528 2985//2528
f 2961//2529 2985//2529 2960//2529
f 2992//2530 2994//2530 2993//2530
f 2992//2531 2993//2531 2989//2531
f 2990//2532 2980//2532 2984//2532
f 2990//2533 2984//2533 2991//2533
f 2985//2534 2986//2534 2987//2534
f 2985//2535 2987//2535 2960//2535
f 2978//2536 2979//2536 2976//2536
f 2978//2537 2976//2537 2977//2537
f 2973//2538 2974//2538 2975//2538
f 2983//2539 2984//2539 2980//2539
f 2980//2540 2981//2540 2982//2540
f 2980//2541 2982//2541 2983//2541
f 2994//2542 2995//2542 2993//2542
f 3007//2543 3008//2543 3004//2543
f 3007//2544 3004//2544 2962//2544
f 3003//2545 3006//2545 2962//2545
f 3003//2546 2962//2546 3004//2546
f 2963//2547 3009//2547 3004//2547
f 3007//2548 2962//2548 3006//2548
f 3001//2549 3005//2549 3002//2549
f 2997//2550 2996//2550 3000//2550
f 2996//2551 2997//2551 2998//2551
f 2996//2552 2998//2552 2999//2552
f 3003//2553 3004//2553 3005//2553
f 3003//2554 3005//2554 3001//2554
f 2999//2555 2998//2555 3001//2555
f 2999//2556 3001//2556 3002//2556
o Turret_01_havok_s_armor_24_23
v -0.361484 2.323905 -1.145724
v -0.678626 1.920381 -1.469930
v -0.532257 1.798784 -1.670228
v -0.360768 1.787328 -1.756254
v -0.294448 1.588127 -2.004104
v 0.001127 1.593512 -2.025913
v -0.320374 1.775684 -1.781164
v -0.358016 1.768503 -1.782685
v -0.560095 1.591232 -1.937670
v -0.335687 1.774171 -1.781485
v 0.312802 1.776392 -1.781014
v 0.281849 1.589880 -2.005289
v 0.355026 1.769418 -1.782491
v 0.504961 1.593990 -1.952178
v 0.332568 1.774593 -1.781395
v -0.329140 2.474163 -0.971157
v -0.182697 2.480472 -0.998966
v -0.175544 2.563608 -0.905071
v -0.316163 2.573666 -0.859837
v -0.409753 2.466031 -0.948176
v -0.031434 2.557102 -0.926038
v -0.034060 2.485853 -1.006838
v 0.114649 2.486328 -1.001428
v 0.113339 2.554354 -0.924408
v 0.261059 2.477508 -0.986698
v 0.387893 2.440404 -0.989520
v 0.357964 2.554669 -0.868285
v 0.253828 2.556122 -0.898656
v 0.772610 2.293463 -1.000225
v 0.800956 2.207807 -1.058002
v 0.896778 2.190294 -0.989485
v 0.859601 2.287877 -0.929908
v 0.912681 2.141306 -1.035622
v 0.988800 2.126233 -0.961242
v 0.738671 2.440396 -0.917941
v 0.821709 2.389776 -0.883432
v 0.793875 2.440390 -0.869561
vn -0.1981 -0.7392 0.6437
vn -0.2013 -0.7371 0.6451
vn -0.1110 -0.7458 0.6568
vn 0.0620 -0.7496 0.6590
vn -0.0217 -0.7495 0.6616
vn -0.5640 -0.4988 0.6581
vn -0.5730 -0.4943 0.6538
vn -0.5756 -0.5068 0.6418
vn -0.5346 -0.5793 0.6153
vn -0.5394 -0.5862 0.6045
vn -0.5080 -0.6722 0.5386
vn -0.5958 -0.6446 0.4791
vn 0.2533 -0.7357 0.6281
vn 0.1539 -0.7440 0.6503
vn 0.0616 -0.7602 0.6467
vn 0.2706 -0.7230 0.6357
vn 0.2697 -0.7230 0.6360
vn -0.1407 -0.7478 0.6488
vn -0.0571 -0.7637 0.6430
vn 0.1552 -0.7455 0.6482
s 0
f 3047//2557 3048//2557 3045//2557
f 3047//2558 3045//2558 3046//2558
f 3045//2559 3048//2559 3044//2559
f 3045//2559 3044//2559 3043//2559
f 3037//2560 3042//2560 3041//2560
f 3037//2560 3041//2560 3038//2560
f 3043//2561 3044//2561 3041//2561
f 3043//2561 3041//2561 3042//2561
f 3049//2562 3052//2562 3055//2562
f 3056//2563 3057//2563 3055//2563
f 3056//2564 3055//2564 3052//2564
f 3051//2565 3052//2565 3049//2565
f 3051//2566 3049//2566 3050//2566
f 3051//2567 3050//2567 3053//2567
f 3051//2568 3053//2568 3054//2568
f 3036//2569 3039//2569 3040//2569
f 3028//2570 3029//2570 3025//2570
f 3030//2570 3028//2570 3025//2570
f 3030//2571 3025//2571 3027//2571
f 3023//2572 3024//2572 3021//2572
f 3023//2573 3021//2573 3022//2573
f 3025//2571 3026//2571 3027//2571
f 3032//2574 3033//2574 3035//2574
f 3032//2575 3035//2575 3031//2575
f 3038//2576 3039//2576 3036//2576
f 3038//2576 3036//2576 3037//2576
f 3031//2575 3026//2575 3032//2575
f 3033//2574 3032//2574 3034//2574
o Turret_01_havok_s_armor_25_24
v 0.456068 2.246921 -1.179073
v 0.449684 2.308533 -1.112580
v 0.438997 2.109921 -1.502600
v 0.701162 2.310036 -1.020942
v 0.628994 2.332077 -1.026530
v 0.537534 2.352614 -1.033794
v 0.508112 1.932597 -1.535567
v 0.481465 1.967160 -1.529980
v 0.453986 2.072853 -1.513216
v 0.719481 1.876244 -1.544508
v 0.435389 2.386927 -1.034911
v 0.630104 2.388429 -0.990768
v 0.692696 2.388930 -0.972888
v 0.350024 2.272048 -1.213146
v 0.348953 2.239427 -1.286039
v 0.487888 2.192525 -1.272329
v 0.483374 2.171863 -1.371287
v 0.346420 2.221821 -1.368305
v 0.349102 2.325000 -1.153193
v 0.628724 2.241667 -1.095623
v 0.345026 2.207812 -1.420116
v 0.471126 2.159579 -1.430812
v 0.344962 2.180663 -1.462631
v 0.433118 2.144141 -1.474507
v 0.347265 2.105423 -1.525982
v 0.743171 2.215402 -1.079387
v 0.800956 2.207807 -1.058003
v 0.772610 2.293463 -1.000225
v 0.863420 2.103933 -1.152087
v 0.704229 2.084011 -1.511178
v 0.666243 2.117635 -1.505791
v 0.617944 2.129806 -1.503845
v 0.720420 2.036414 -1.518814
v 0.736047 1.995080 -1.525442
v 0.797862 1.898325 -1.501244
v 0.561922 1.839432 -1.609817
v 0.702052 1.821583 -1.581816
v 0.829891 1.811869 -1.536710
v 0.358940 1.864460 -1.634487
v 0.358437 1.883317 -1.616987
v 0.357221 1.931647 -1.570505
v 0.349441 2.063518 -1.541650
v 0.356758 1.940192 -1.567726
v -0.409752 2.466031 -0.948177
v -0.352155 2.584966 -0.819628
v -0.469269 2.584967 -0.805093
v -0.539021 2.444572 -0.909222
v -0.599702 2.475055 -0.849618
v -0.740860 2.373664 -0.865670
v 0.128409 2.376980 -1.110717
v 0.322480 2.383827 -1.072291
v 0.261059 2.477508 -0.986698
v 0.114650 2.486328 -1.001428
v -0.034060 2.485853 -1.006838
v -0.062041 2.375610 -1.118412
v -0.182697 2.480472 -0.998966
v -0.202664 2.378389 -1.102814
v -0.309118 2.379261 -1.097915
v 0.623763 2.440392 -0.955717
v 0.387894 2.440404 -0.989520
v 0.349066 2.385618 -1.062235
v 0.349271 2.374583 -1.074446
v 0.348702 2.345743 -1.130583
v 0.630277 2.440395 -0.954300
v 0.699570 2.440399 -0.935053
v 0.738670 2.440396 -0.917941
vn 0.0627 -0.7177 0.6935
vn 0.0627 -0.7178 0.6935
vn -0.0234 -0.7082 0.7056
vn 0.0263 -0.7154 0.6982
vn -0.1847 -0.5226 0.8323
vn -0.1837 -0.5241 0.8316
vn -0.1783 -0.5651 0.8055
vn -0.1021 -0.6949 0.7119
vn 0.0815 -0.7495 0.6569
vn 0.3149 -0.6614 0.6807
vn -0.2150 -0.3518 0.9111
vn -0.2168 -0.3488 0.9118
vn 0.3285 -0.6625 0.6732
vn -0.1127 -0.7095 0.6957
vn -0.1127 -0.7095 0.6956
vn 0.3676 -0.6213 0.6920
vn -0.1986 -0.7289 0.6552
vn -0.1751 -0.5652 0.8062
vn -0.2221 -0.5581 0.7995
vn -0.2235 -0.5594 0.7982
vn -0.3408 -0.5269 0.7786
vn -0.3469 -0.5180 0.7819
vn -0.3575 -0.5135 0.7801
vn -0.2311 -0.5181 0.8235
vn -0.2238 -0.5244 0.8215
vn -0.1965 -0.7291 0.6556
vn -0.1962 -0.7300 0.6547
vn -0.1987 -0.7288 0.6552
vn -0.3653 -0.6879 0.6271
vn -0.0824 -0.8861 0.4561
vn -0.2440 -0.7046 0.6663
vn -0.3655 -0.6891 0.6257
vn 0.0358 -0.2618 0.9645
vn 0.0749 -0.6250 0.7770
vn -0.1631 -0.6384 0.7522
vn -0.1595 -0.6426 0.7494
vn -0.2665 -0.8121 0.5190
vn -0.2666 -0.8122 0.5189
vn -0.2441 -0.5857 0.7729
vn -0.2397 -0.5891 0.7717
vn -0.3066 -0.6431 0.7017
vn -0.1955 -0.5951 0.7795
vn -0.3457 -0.6007 0.7209
vn -0.3480 -0.5996 0.7207
vn -0.3313 -0.9205 0.2072
vn -0.3312 -0.9205 0.2073
vn -0.3289 -0.8603 0.3896
vn -0.3290 -0.8601 0.3898
vn -0.3633 -0.7011 0.6136
vn -0.3628 -0.7007 0.6144
vn -0.3265 -0.9102 0.2550
vn -0.3265 -0.9102 0.2549
vn -0.3242 -0.7092 0.6260
vn -0.2339 -0.8724 0.4291
vn -0.3184 -0.7344 0.5994
vn -0.1704 -0.6725 0.7202
vn -0.3263 -0.4597 0.8259
vn -0.3264 -0.4597 0.8259
vn -0.1600 -0.6864 0.7095
vn -0.1702 -0.6727 0.7200
vn -0.2126 -0.3126 0.9258
vn -0.2123 -0.3133 0.9256
vn -0.2402 -0.2144 0.9467
vn -0.2388 -0.2124 0.9476
vn -0.0004 -0.1585 0.9874
vn -0.0002 -0.1587 0.9873
vn -0.0004 -0.1586 0.9873
vn -0.0019 -0.1571 0.9876
vn 0.0006 -0.1591 0.9873
vn -0.1469 -0.6670 0.7304
vn -0.2305 -0.4974 0.8364
vn -0.0005 -0.1583 0.9874
vn -0.4652 -0.0766 0.8819
s 0
f 3113//2577 3114//2577 3112//2577
f 3113//2578 3112//2578 3111//2578
f 3111//2579 3112//2579 3107//2579
f 3111//2579 3107//2579 3110//2579
f 3115//2580 3114//2580 3113//2580
f 3069//2581 3068//2581 3063//2581
f 3069//2582 3063//2582 3062//2582
f 3068//2583 3069//2583 3116//2583
f 3068//2584 3116//2584 3117//2584
f 3101//2585 3102//2585 3103//2585
f 3101//2586 3103//2586 3104//2586
f 3060//2587 3082//2587 3099//2587
f 3060//2588 3099//2588 3066//2588
f 3105//2589 3104//2589 3103//2589
f 3109//2590 3110//2590 3107//2590
f 3109//2591 3107//2591 3108//2591
f 3104//2592 3105//2592 3106//2592
f 3109//2593 3108//2593 3117//2593
f 3121//2594 3116//2594 3069//2594
f 3070//2595 3122//2595 3121//2595
f 3070//2596 3121//2596 3069//2596
f 3123//2597 3122//2597 3070//2597
f 3061//2598 3085//2598 3123//2598
f 3061//2599 3123//2599 3070//2599
f 3070//2600 3069//2600 3062//2600
f 3070//2601 3062//2601 3061//2601
f 3119//2602 3068//2602 3118//2602
f 3118//2603 3068//2603 3117//2603
f 3118//2604 3117//2604 3108//2604
f 3120//2605 3059//2605 3068//2605
f 3120//2606 3068//2606 3119//2606
f 3059//2607 3063//2607 3068//2607
f 3076//2608 3059//2608 3120//2608
f 3060//2609 3066//2609 3089//2609
f 3060//2610 3089//2610 3081//2610
f 3081//2611 3080//2611 3082//2611
f 3081//2612 3082//2612 3060//2612
f 3078//2613 3080//2613 3081//2613
f 3078//2614 3081//2614 3079//2614
f 3077//2615 3083//2615 3061//2615
f 3077//2616 3061//2616 3062//2616
f 3063//2617 3059//2617 3077//2617
f 3063//2618 3077//2618 3062//2618
f 3083//2619 3084//2619 3085//2619
f 3083//2620 3085//2620 3061//2620
f 3072//2621 3075//2621 3074//2621
f 3072//2622 3074//2622 3073//2622
f 3072//2623 3073//2623 3058//2623
f 3072//2624 3058//2624 3071//2624
f 3076//2625 3071//2625 3058//2625
f 3076//2626 3058//2626 3059//2626
f 3078//2627 3079//2627 3074//2627
f 3078//2628 3074//2628 3075//2628
f 3077//2629 3059//2629 3058//2629
f 3077//2630 3058//2630 3073//2630
f 3083//2631 3086//2631 3084//2631
f 3096//2632 3093//2632 3064//2632
f 3067//2633 3094//2633 3095//2633
f 3067//2634 3095//2634 3092//2634
f 3064//2635 3098//2635 3097//2635
f 3064//2636 3097//2636 3096//2636
f 3065//2637 3100//2637 3098//2637
f 3065//2638 3098//2638 3064//2638
f 3099//2639 3100//2639 3065//2639
f 3099//2640 3065//2640 3066//2640
f 3090//2641 3087//2641 3064//2641
f 3090//2641 3064//2641 3091//2641
f 3088//2642 3089//2642 3064//2642
f 3088//2643 3064//2643 3087//2643
f 3089//2644 3066//2644 3065//2644
f 3089//2645 3065//2645 3064//2645
f 3067//2646 3064//2646 3093//2646
f 3067//2647 3093//2647 3094//2647
f 3091//2648 3064//2648 3067//2648
f 3091//2649 3067//2649 3092//2649
o Turret_01_havok_s_armor_26_25
v -0.176985 2.584975 -0.852962
v -0.338078 2.584976 -0.829116
v -0.316163 2.573666 -0.859837
v -0.175544 2.563608 -0.905071
v -0.031434 2.557102 -0.926038
v -0.027897 2.584976 -0.858242
v 0.253828 2.556121 -0.898656
v 0.257103 2.584976 -0.828774
v 0.119718 2.584975 -0.849785
v 0.113339 2.554354 -0.924408
v 0.357964 2.554668 -0.868285
v 0.354007 2.584980 -0.797282
vn -0.0218 -0.9243 0.3811
vn -0.1247 -0.9150 0.3837
vn -0.0587 -0.9218 0.3833
vn -0.0586 -0.9217 0.3833
vn 0.0562 -0.9232 0.3801
vn 0.0563 -0.9233 0.3800
vn 0.0135 -0.9250 0.3796
vn 0.0135 -0.9250 0.3797
s 0
f 3133//2650 3132//2650 3129//2650
f 3133//2650 3129//2650 3128//2650
f 3134//2651 3135//2651 3131//2651
f 3134//2651 3131//2651 3130//2651
f 3132//2652 3133//2652 3130//2652
f 3132//2653 3130//2653 3131//2653
f 3126//2654 3127//2654 3124//2654
f 3126//2655 3124//2655 3125//2655
f 3127//2656 3128//2656 3129//2656
f 3127//2657 3129//2657 3124//2657
o Turret_01_havok_s_armor_8_26
v 0.940920 1.225836 0.213898
v 1.081082 1.225835 0.075785
v -1.442887 1.225836 -0.812574
v 0.738206 1.225836 0.359742
v 1.182463 1.225835 -0.052854
v 1.268115 1.225835 -0.191174
v 1.317638 1.225835 -0.291134
v 1.364606 1.225835 -0.410082
v 1.420550 1.225835 -0.623985
v 0.313271 1.225836 0.528355
v 0.523303 1.225836 0.464626
v -0.211934 1.225836 0.547357
v 0.072755 1.225836 0.561043
v -0.570170 1.225836 0.445801
v -0.409022 1.225836 0.503936
v -0.957642 1.225836 0.200069
v -0.709750 1.225836 0.376726
v -1.134498 1.225836 0.012904
v -1.362280 1.225836 -0.400492
v -1.280658 1.225837 -0.212884
v -1.436811 1.225836 -0.732467
v -1.424019 1.225836 -0.638452
v -1.406566 1.225836 -0.551819
v 1.323516 1.225836 -1.457926
v 1.262780 1.225835 -1.571422
v -1.443580 1.225837 -0.933197
v -1.415036 1.225836 -1.171533
v -1.434803 1.225836 -1.048412
v -1.345611 1.225835 -1.406544
v -1.388851 1.225836 -1.278333
v 1.369229 1.225836 -1.338949
v 1.406623 1.225836 -1.205867
v 1.443527 1.225836 -0.895522
v 1.433367 1.225836 -1.052742
v 1.437295 1.225836 -0.745825
v 0.932205 1.225836 -1.983694
v 0.812813 1.225836 -2.074483
v -1.274994 1.225836 -1.560345
v 1.035531 1.225835 -1.887315
v 1.124728 1.225835 -1.786386
v 1.200062 1.225835 -1.683734
v 0.658723 1.225836 -2.166132
v 0.476130 1.225836 -2.244430
v 0.331468 1.225836 -2.286615
v 0.174199 1.225836 -2.314676
v 0.019995 1.225836 -2.325125
v -0.137537 1.225836 -2.318750
v -0.295321 1.225836 -2.294849
v -0.449729 1.225836 -2.253609
v -0.599639 1.225836 -2.195100
v -0.755865 1.225836 -2.112023
v -0.908717 1.225836 -2.003879
v -1.049524 1.225836 -1.863639
v -1.184176 1.225835 -1.708367
vn -0.0000 1.0000 -0.0000
vn -0.0001 1.0000 -0.0000
s 0
f 3172//2658 3173//2658 3164//2658
f 3172//2658 3164//2658 3171//2658
f 3164//2658 3175//2658 3174//2658
f 3164//2658 3174//2658 3171//2658
f 3176//2658 3175//2658 3164//2658
f 3176//2658 3164//2658 3160//2658
f 3170//2658 3168//2658 3138//2658
f 3170//2658 3138//2658 3144//2658
f 3160//2658 3164//2658 3165//2658
f 3160//2658 3165//2658 3162//2658
f 3138//2658 3167//2658 3166//2658
f 3138//2658 3166//2658 3159//2658
f 3138//2658 3168//2658 3169//2658
f 3138//2658 3169//2658 3167//2658
f 3185//2658 3173//2658 3184//2658
f 3186//2658 3187//2658 3173//2658
f 3186//2658 3173//2658 3185//2658
f 3188//2658 3189//2658 3173//2658
f 3188//2658 3173//2658 3187//2658
f 3183//2658 3184//2658 3173//2658
f 3183//2658 3173//2658 3182//2658
f 3177//2658 3178//2658 3173//2658
f 3177//2658 3173//2658 3172//2658
f 3179//2658 3180//2658 3173//2658
f 3179//2658 3173//2658 3178//2658
f 3181//2658 3182//2658 3173//2658
f 3181//2658 3173//2658 3180//2658
f 3138//2658 3145//2658 3146//2658
f 3138//2658 3146//2658 3139//2658
f 3138//2658 3147//2658 3148//2658
f 3138//2658 3148//2658 3145//2658
f 3138//2658 3149//2658 3150//2658
f 3138//2658 3150//2658 3147//2658
f 3144//2658 3138//2658 3143//2658
f 3138//2658 3139//2658 3136//2658
f 3138//2658 3136//2658 3137//2658
f 3140//2658 3141//2658 3138//2658
f 3140//2658 3138//2658 3137//2658
f 3142//2658 3143//2658 3138//2658
f 3142//2658 3138//2658 3141//2658
f 3154//2659 3157//2659 3158//2659
f 3160//2658 3161//2658 3138//2658
f 3160//2658 3138//2658 3159//2658
f 3160//2658 3162//2658 3163//2658
f 3160//2658 3163//2658 3161//2658
f 3156//2658 3157//2658 3154//2658
f 3156//2658 3154//2658 3138//2658
f 3138//2658 3151//2658 3152//2658
f 3138//2658 3152//2658 3149//2658
f 3151//2658 3138//2658 3153//2658
f 3138//2658 3154//2658 3155//2658
f 3138//2658 3155//2658 3153//2658
o Turret_01_havok_s_armor_28_27
v 1.474077 1.317487 -1.335143
v -1.475027 1.317326 -1.335312
v 1.441583 1.225835 -1.443964
v 1.499328 1.225835 -1.245775
v 1.499328 1.317203 -1.245775
v 1.427398 1.451596 -1.265581
v 1.441583 1.319245 -1.443964
v -1.442518 1.319083 -1.444127
v -1.428372 1.451438 -1.265741
v -1.500288 1.317035 -1.245944
v -1.500288 1.225836 -1.245944
v -1.442518 1.225835 -1.444127
vn 0.8695 -0.4293 0.2444
vn 0.8661 -0.4319 0.2518
vn 0.9600 -0.0000 0.2799
vn 0.9621 0.0183 0.2720
vn 0.9582 -0.0000 0.2863
vn -0.9601 -0.0000 0.2797
vn -0.9621 0.0183 0.2719
vn -0.8695 -0.4294 0.2443
vn -0.9582 -0.0000 0.2861
vn -0.8661 -0.4320 0.2516
s 0
f 3198//2660 3199//2660 3191//2660
f 3198//2661 3191//2661 3197//2661
f 3199//2662 3200//2662 3201//2662
f 3199//2663 3201//2663 3191//2663
f 3191//2664 3201//2664 3197//2664
f 3192//2665 3193//2665 3194//2665
f 3192//2666 3194//2666 3190//2666
f 3190//2667 3194//2667 3195//2667
f 3196//2668 3192//2668 3190//2668
f 3196//2669 3190//2669 3195//2669
o Turret_01_havok_s_armor_29_28
v 1.011419 2.177575 -0.810463
v 0.944100 2.283064 -0.766296
v 0.859601 2.287878 -0.929908
v 0.896777 2.190294 -0.989485
v 0.988800 2.126233 -0.961242
v 0.878102 2.389575 -0.779600
v 0.821708 2.389776 -0.883431
v 0.846805 2.440396 -0.771869
v 0.793875 2.440390 -0.869562
v 1.155371 2.019039 -0.843846
v 1.078835 2.001277 -1.046530
v -1.081193 2.010569 -1.027876
v -0.904920 2.288215 -0.813440
v -0.949368 2.248240 -0.801043
v -1.023847 2.188451 -0.764413
v -1.177233 1.995570 -0.840776
v 1.321481 1.650232 -1.207307
v 1.401744 1.649231 -0.933967
v 1.285587 1.843383 -0.891025
v 1.179568 1.846256 -1.150731
v 1.427399 1.451597 -1.265581
v 1.492779 1.449690 -0.966987
v 1.531651 1.317726 -1.086092
v 1.499328 1.317204 -1.245775
v 1.499328 1.225835 -1.245775
v 1.531651 1.225837 -1.086092
v -1.338985 1.656625 -1.149889
v -1.221005 1.844704 -1.077689
v -1.291899 1.841446 -0.873529
v -1.401816 1.653064 -0.921513
v -1.494760 1.452627 -0.952677
v -1.428372 1.451438 -1.265741
v -1.532630 1.317557 -1.086266
v -1.500289 1.317035 -1.245944
v -1.532630 1.225835 -1.086265
v -1.500289 1.225836 -1.245944
vn -0.9801 -0.0000 0.1984
vn 0.7706 -0.5826 0.2583
vn 0.8181 -0.5326 0.2168
vn -0.8254 -0.5107 0.2405
vn -0.8809 -0.4334 0.1901
vn -0.8781 -0.4436 0.1792
vn -0.8818 -0.4315 0.1903
vn 0.8782 -0.4435 0.1793
vn 0.8812 -0.4335 0.1885
vn 0.9801 -0.0000 0.1985
vn 0.6840 -0.6660 0.2977
vn 0.7504 -0.6116 0.2508
vn 0.8410 -0.4927 0.2237
vn 0.8795 -0.4371 0.1882
vn -0.7295 -0.6190 0.2910
vn -0.6844 -0.6571 0.3160
vn -0.7722 -0.4780 0.4185
vn -0.8005 -0.4460 0.4003
vn -0.7492 -0.5233 0.4060
vn -0.7493 -0.5232 0.4060
vn -0.7154 -0.6038 0.3517
vn -0.7268 -0.5377 0.4272
vn -0.6054 -0.7213 0.3364
vn 0.6858 -0.6637 0.2988
vn -0.8101 -0.5368 0.2359
vn -0.7326 -0.6147 0.2923
vn -0.6590 -0.6857 0.3090
vn -0.6638 -0.6719 0.3284
vn 0.6827 -0.6658 0.3009
vn 0.6826 -0.6659 0.3010
s 0
f 3225//2670 3226//2670 3227//2670
f 3225//2670 3227//2670 3224//2670
f 3228//2671 3229//2671 3230//2671
f 3228//2672 3230//2672 3231//2672
f 3219//2673 3218//2673 3222//2673
f 3219//2674 3222//2674 3223//2674
f 3222//2675 3225//2675 3224//2675
f 3222//2676 3224//2676 3223//2676
f 3234//2677 3235//2677 3233//2677
f 3234//2678 3233//2678 3232//2678
f 3236//2679 3237//2679 3235//2679
f 3236//2679 3235//2679 3234//2679
f 3229//2680 3213//2680 3217//2680
f 3229//2681 3217//2681 3230//2681
f 3233//2682 3228//2682 3231//2682
f 3233//2683 3231//2683 3232//2683
f 3221//2684 3220//2684 3211//2684
f 3221//2685 3211//2685 3212//2685
f 3207//2686 3208//2686 3204//2686
f 3207//2687 3204//2687 3203//2687
f 3209//2688 3210//2688 3208//2688
f 3209//2689 3208//2689 3207//2689
f 3202//2690 3203//2690 3204//2690
f 3202//2691 3204//2691 3205//2691
f 3205//2692 3206//2692 3202//2692
f 3213//2693 3216//2693 3217//2693
f 3218//2694 3219//2694 3220//2694
f 3218//2695 3220//2695 3221//2695
f 3206//2696 3212//2696 3211//2696
f 3206//2697 3211//2697 3202//2697
f 3213//2698 3214//2698 3215//2698
f 3213//2699 3215//2699 3216//2699
o Turret_01_havok_s_armor_30_29
v 1.227125 1.977980 -0.173466
v 1.073667 2.584979 0.038405
v 1.050096 2.584978 -0.029951
v 1.160700 2.079107 -0.229709
v 0.981169 2.584977 -0.180342
v 1.281594 1.895128 -0.105187
v 1.531651 1.317727 -1.086092
v 1.545779 1.317854 -0.901043
v 1.492778 1.449690 -0.966987
v -1.532630 1.317557 -1.086266
v -1.494760 1.452627 -0.952677
v -1.546282 1.317807 -0.927354
v -1.546282 1.225837 -0.927354
v -1.532630 1.225835 -1.086265
v 1.531651 1.225837 -1.086092
v 1.545779 1.225835 -0.901043
vn 0.9360 -0.3425 0.0810
vn 0.9963 -0.0000 0.0856
vn -0.9971 -0.0000 0.0761
vn -0.9373 -0.3409 0.0718
vn -0.8535 -0.3419 0.3933
vn -0.8915 -0.3327 0.3074
vn -0.8544 -0.3415 0.3916
vn -0.8915 -0.3327 0.3075
s 0
f 3247//2700 3248//2700 3249//2700
f 3250//2701 3251//2701 3247//2701
f 3250//2701 3247//2701 3249//2701
f 3252//2702 3253//2702 3245//2702
f 3252//2702 3245//2702 3244//2702
f 3244//2703 3245//2703 3246//2703
f 3240//2704 3241//2704 3238//2704
f 3240//2705 3238//2705 3239//2705
f 3240//2706 3242//2706 3241//2706
f 3243//2707 3239//2707 3238//2707
o Turret_01_havok_s_armor_31_30
v 0.897091 2.385911 -0.687591
v -1.494760 1.452627 -0.952677
v -1.401816 1.653064 -0.921513
v -1.417645 1.648887 -0.716414
v -1.502095 1.453951 -0.760224
v -1.546282 1.317807 -0.927354
v -1.543023 1.317744 -0.770819
v -1.543023 1.225836 -0.770819
v -1.546282 1.225837 -0.927354
v -1.309068 1.849490 -0.656260
v -1.291899 1.841446 -0.873529
v -1.168216 2.057655 -0.643535
v -1.177232 1.995570 -0.840776
v -1.201638 2.012552 -0.618473
v -1.246550 1.958234 -0.543771
v -1.037383 2.175558 -0.758746
v -1.124575 2.105292 -0.683817
v -1.023848 2.188451 -0.764414
v -1.125683 2.104513 -0.682507
v 1.196649 2.014418 -0.590873
v 1.155371 2.019039 -0.843847
v 1.285588 1.843383 -0.891025
v 1.333563 1.809413 -0.623063
v 1.401744 1.649231 -0.933967
v 1.424000 1.635474 -0.637292
v 1.492778 1.449690 -0.966987
v 1.509035 1.437574 -0.645389
v 1.545779 1.317854 -0.901043
v 1.539827 1.317969 -0.729177
v 1.545779 1.225835 -0.901043
v 1.539827 1.225837 -0.729177
v 1.319886 1.833413 -0.015135
v 1.368259 1.739714 0.142481
v 1.090775 2.584977 0.192436
v 1.074799 2.584959 0.044417
v 1.308269 1.855852 -0.036433
v 1.073667 2.584979 0.038405
v 1.281594 1.895128 -0.105187
v 0.986097 2.276754 -0.557828
v 0.911637 2.385617 -0.582110
v 0.944100 2.283064 -0.766295
v 0.878103 2.389575 -0.779600
v 0.865122 2.440396 -0.673586
v 0.878089 2.440392 -0.572421
v 0.846805 2.440396 -0.771869
v 1.065623 2.181276 -0.568452
v 1.011419 2.177575 -0.810463
vn -0.9309 -0.3180 0.1795
vn -0.9320 -0.3178 0.1744
vn -0.9321 -0.3177 0.1737
vn -0.9434 -0.3157 0.1019
vn -0.9434 -0.3157 0.1018
vn -0.9330 -0.3583 0.0337
vn -0.9733 -0.2271 -0.0336
vn -0.9994 -0.0000 -0.0346
vn -0.8480 -0.5066 0.1555
vn -0.8317 -0.5436 0.1132
vn -0.7911 -0.5827 0.1861
vn -0.7543 -0.6430 0.1325
vn -0.7737 -0.6230 0.1149
vn -0.7115 -0.6818 0.1698
vn -0.8341 -0.5293 0.1554
vn -0.8314 -0.5349 0.1503
vn -0.8483 -0.5063 0.1549
vn -0.8392 -0.5330 0.1076
vn -0.8436 -0.5245 0.1149
vn 0.8508 -0.5184 0.0864
vn 0.8707 -0.4884 0.0573
vn 0.8227 -0.5619 0.0858
vn 0.7761 -0.6108 0.1568
vn 0.9998 -0.0000 -0.0208
vn 0.9138 -0.4043 0.0376
vn 0.9019 -0.4277 0.0609
vn 0.9358 -0.3505 0.0381
vn 0.9579 -0.2863 -0.0201
vn 0.8227 -0.5619 0.0859
vn 0.8227 -0.5619 0.0860
vn -0.8466 -0.5253 0.0850
vn -0.8848 -0.4637 0.0449
vn -0.9179 -0.3957 0.0315
vn -0.9057 -0.4212 0.0484
vn -0.7826 -0.6115 0.1165
vn -0.8236 -0.5620 0.0762
vn 0.7195 -0.6590 0.2193
vn 0.7195 -0.6590 0.2192
vn 0.7208 -0.6579 0.2181
vn 0.7911 -0.5929 0.1505
s 0
f 3289//2708 3290//2708 3291//2708
f 3288//2709 3290//2709 3289//2709
f 3288//2710 3289//2710 3285//2710
f 3287//2711 3288//2711 3285//2711
f 3287//2712 3285//2712 3286//2712
f 3280//2713 3279//2713 3281//2713
f 3280//2714 3281//2714 3282//2714
f 3281//2715 3283//2715 3284//2715
f 3281//2715 3284//2715 3282//2715
f 3254//2716 3294//2716 3292//2716
f 3254//2717 3292//2717 3293//2717
f 3294//2718 3300//2718 3299//2718
f 3294//2719 3299//2719 3292//2719
f 3274//2720 3273//2720 3299//2720
f 3274//2721 3299//2721 3300//2721
f 3254//2722 3296//2722 3298//2722
f 3254//2723 3298//2723 3295//2723
f 3295//2724 3294//2724 3254//2724
f 3293//2725 3297//2725 3296//2725
f 3293//2726 3296//2726 3254//2726
f 3256//2727 3264//2727 3263//2727
f 3256//2728 3263//2728 3257//2728
f 3265//2729 3263//2729 3264//2729
f 3265//2730 3264//2730 3266//2730
f 3261//2731 3262//2731 3259//2731
f 3261//2731 3259//2731 3260//2731
f 3257//2732 3258//2732 3255//2732
f 3257//2733 3255//2733 3256//2733
f 3259//2734 3255//2734 3258//2734
f 3259//2735 3258//2735 3260//2735
f 3263//2736 3265//2736 3267//2736
f 3263//2737 3267//2737 3268//2737
f 3276//2738 3275//2738 3277//2738
f 3276//2739 3277//2739 3278//2739
f 3279//2740 3280//2740 3278//2740
f 3279//2741 3278//2741 3277//2741
f 3273//2742 3274//2742 3275//2742
f 3273//2743 3275//2743 3276//2743
f 3269//2744 3270//2744 3266//2744
f 3269//2745 3266//2745 3271//2745
f 3266//2746 3270//2746 3272//2746
f 3266//2747 3272//2747 3265//2747
o Turret_01_havok_s_armor_32_31
v -0.753283 2.584974 -0.763328
v -0.740860 2.373664 -0.865670
v -0.599702 2.475055 -0.849618
v -0.683861 2.584971 -0.778924
v -0.469269 2.584967 -0.805093
vn 0.1062 -0.4791 0.8713
vn 0.1991 -0.4177 0.8865
vn 0.1992 -0.4176 0.8865
s 0
f 3305//2748 3304//2748 3303//2748
f 3303//2749 3304//2749 3301//2749
f 3303//2750 3301//2750 3302//2750
o Turret_01_havok_s_armor_33_32
v 0.981168 2.584977 -0.180342
v 0.908089 2.584956 -0.326524
v 1.002886 2.278747 -0.373067
v 0.924500 2.388414 -0.445222
v 0.888182 2.440415 -0.477822
v 1.016782 2.265838 -0.356884
v 1.103540 2.166558 -0.270089
v 1.160699 2.079107 -0.229709
v 1.012057 2.270799 -0.361956
vn -0.8302 -0.3379 0.4434
vn -0.8301 -0.3380 0.4434
vn -0.8303 -0.3378 0.4432
vn -0.8456 -0.3260 0.4228
vn -0.8458 -0.3258 0.4225
vn -0.8455 -0.3260 0.4229
s 0
f 3306//2751 3311//2751 3312//2751
f 3306//2751 3312//2751 3313//2751
f 3306//2752 3308//2752 3314//2752
f 3306//2753 3314//2753 3311//2753
f 3306//2754 3307//2754 3308//2754
f 3307//2755 3310//2755 3309//2755
f 3307//2756 3309//2756 3308//2756
o Turret_01_havok_s_armor_27_33
v -0.740860 2.373664 -0.865670
v -0.753283 2.584974 -0.763328
v -0.836611 2.584977 -0.722678
v -0.850982 2.309290 -0.841280
vn 0.4057 -0.3790 0.8317
s 0
f 3317//2757 3318//2757 3315//2757
f 3317//2757 3315//2757 3316//2757
o Turret_01_havok_s_armor_34_34
v -0.904920 2.288214 -0.813440
v -0.850982 2.309290 -0.841280
v -0.836611 2.584977 -0.722678
v -0.908526 2.584975 -0.672447
v -0.949368 2.248240 -0.801043
vn 0.5349 -0.3573 0.7657
vn 0.5348 -0.3573 0.7657
s 0
f 3323//2758 3319//2758 3322//2758
f 3321//2759 3322//2759 3319//2759
f 3321//2759 3319//2759 3320//2759
o Turret_01_havok_s_armor_35_35
v -1.023847 2.188451 -0.764413
v -0.949368 2.248240 -0.801043
v -0.908526 2.584975 -0.672447
v -1.037384 2.175558 -0.758746
vn 0.6221 -0.3440 0.7033
s 0
f 3324//2760 3325//2760 3326//2760
f 3324//2760 3326//2760 3327//2760
o Turret_01_havok_s_armor_36_36
v -0.971767 2.584980 -0.602921
v -1.124576 2.105292 -0.683817
v -1.037384 2.175558 -0.758746
vn 0.7548 -0.3355 0.5637
s 0
f 3328//2761 3329//2761 3330//2761
o Turret_01_havok_s_armor_37_37
v -1.021047 2.584976 -0.518954
v -1.125682 2.104513 -0.682507
v -1.124576 2.105292 -0.683817
v -0.971767 2.584980 -0.602921
v -1.168217 2.057655 -0.643535
v -1.201638 2.012552 -0.618472
vn 0.8107 -0.3390 0.4772
vn 0.8127 -0.3388 0.4740
vn 0.8085 -0.3396 0.4807
vn 0.8114 -0.3388 0.4762
s 0
f 3335//2762 3332//2762 3331//2762
f 3335//2763 3331//2763 3336//2763
f 3331//2764 3332//2764 3333//2764
f 3331//2765 3333//2765 3334//2765
o Turret_01_havok_s_armor_38_38
v -1.442517 1.225835 -1.444127
v -1.395794 1.225837 -1.543243
v -1.395794 1.317085 -1.543243
v -1.442517 1.319083 -1.444127
v 1.315507 1.448010 -1.518010
v 1.394867 1.317242 -1.543085
v 1.441583 1.319245 -1.443964
v 1.394867 1.225835 -1.543085
v 1.441583 1.225835 -1.443964
v -1.316451 1.447864 -1.518158
vn -0.9046 -0.0000 0.4263
vn 0.7613 -0.5328 0.3696
vn 0.9045 -0.0000 0.4264
vn -0.7613 -0.5328 0.3696
s 0
f 3342//2766 3344//2766 3345//2766
f 3342//2766 3345//2766 3343//2766
f 3346//2767 3340//2767 3339//2767
f 3339//2768 3340//2768 3337//2768
f 3339//2768 3337//2768 3338//2768
f 3341//2769 3342//2769 3343//2769
o Hull_havok_s_armor_13_0
v 1.097173 1.225837 0.224090
v 0.999985 1.047533 0.309323
v 0.944717 1.047533 0.357790
v 0.944717 1.225837 0.357790
v 1.097173 1.047533 0.224090
v 1.230873 1.225837 0.071635
v 1.230873 1.047533 0.071635
v 0.776116 1.047533 0.470446
v 0.776116 1.225837 0.470446
v 0.594250 1.047533 0.560133
v 0.594250 1.225837 0.560133
v 0.402235 1.225837 0.625313
v 0.402235 1.047533 0.625313
v 0.203355 1.225837 0.664872
v 0.203355 1.047533 0.664872
v -0.000001 1.047533 0.678134
v -0.000001 1.225837 0.678134
v -0.203359 1.047533 0.664872
v -0.203359 1.225837 0.664872
v 1.542616 1.047533 -0.872069
v 1.533673 1.047533 -0.669727
v 1.533673 1.225837 -0.669727
v 1.542616 1.225837 -0.872069
v 1.534950 1.225837 -1.074412
v 1.534950 1.047533 -1.074412
v 1.494260 1.225837 -1.344965
v 1.494260 1.047533 -1.344965
v 1.433215 1.225837 -0.278832
v 1.498396 1.225837 -0.470847
v 1.498396 1.047533 -0.470847
v 1.433215 1.047533 -0.278832
v 1.343529 1.047533 -0.096967
v 1.343529 1.225837 -0.096967
v -0.944721 1.047533 0.357790
v -0.999988 1.047533 0.309323
v -1.097177 1.225837 0.224090
v -0.944721 1.225837 0.357790
v -1.097177 1.047533 0.224090
v -1.230877 1.047533 0.071635
v -1.230877 1.225837 0.071635
v -1.343532 1.047533 -0.096967
v -1.343532 1.225837 -0.096967
v -1.433218 1.047533 -0.278832
v -1.433218 1.225837 -0.278832
v -1.494264 1.047533 -1.344965
v -1.494264 1.225837 -1.344965
v -1.534953 1.225837 -1.074412
v -1.534953 1.047533 -1.074412
v -1.460779 1.047533 -1.439032
v -1.460779 1.225837 -1.439032
v -1.533676 1.225837 -0.669727
v -1.533676 1.047533 -0.669727
v -1.542619 1.047533 -0.872069
v -1.542619 1.225837 -0.872069
v -1.498399 1.047533 -0.470847
v -1.498399 1.225837 -0.470847
v -0.776120 1.225837 0.470446
v -0.776120 1.047533 0.470446
v -0.594254 1.225837 0.560133
v -0.594254 1.047533 0.560133
v -0.402239 1.225837 0.625313
v -0.402239 1.047533 0.625313
v 0.540504 1.225837 -2.343649
v 0.372514 1.225837 -2.394776
v 0.372514 1.047533 -2.394776
v 0.540504 1.047533 -2.343649
v 0.192260 1.225837 -2.426772
v 0.192260 1.047533 -2.426772
v -0.000001 1.047533 -2.440614
v -0.000001 1.225837 -2.440614
v -0.192263 1.225837 -2.426772
v -0.192263 1.047533 -2.426772
v -0.540508 1.225837 -2.343649
v -0.540508 1.047533 -2.343649
v -0.372517 1.047533 -2.394776
v -0.372517 1.225837 -2.394776
v 0.854116 1.225837 -2.186806
v 0.701714 1.225837 -2.274033
v 0.701714 1.047533 -2.274033
v 0.854116 1.047533 -2.186806
v 0.995793 1.047533 -2.083064
v 0.995793 1.225837 -2.083064
v 1.240003 1.047533 -1.831444
v 1.339883 1.047533 -1.691019
v 1.339883 1.225837 -1.691019
v 1.240003 1.225837 -1.831444
v 1.418197 1.047533 -1.546687
v 1.418197 1.225837 -1.546687
v 1.460775 1.047533 -1.439032
v 1.460775 1.225837 -1.439032
v 1.124964 1.225837 -1.964112
v 0.999983 1.047533 -2.079206
v 1.124964 1.047533 -1.964112
v -1.124967 1.047533 -1.964112
v -1.124967 1.225837 -1.964112
v -1.240006 1.225837 -1.831444
v -1.240006 1.047533 -1.831444
v -1.339887 1.225837 -1.691019
v -1.339887 1.047533 -1.691019
v -0.999987 1.047533 -2.079206
v -0.995797 1.225837 -2.083064
v -1.418201 1.225837 -1.546687
v -1.418201 1.047533 -1.546687
v -0.701717 1.047533 -2.274033
v -0.701717 1.225837 -2.274033
v -0.854120 1.225837 -2.186806
v -0.854120 1.047533 -2.186806
v -0.995797 1.047533 -2.083064
vn -0.4967 -0.0000 0.8679
vn 0.1748 -0.0000 0.9846
vn 0.2912 -0.0000 0.9567
vn -0.3964 -0.0000 0.9181
vn -0.8789 -0.0000 0.4769
vn -0.8149 -0.0000 0.5796
vn -0.5908 -0.0000 0.8068
vn 0.1951 -0.0000 -0.9808
vn 0.3214 -0.0000 -0.9469
vn 0.4423 -0.0000 -0.8969
vn -0.2912 -0.0000 0.9567
vn 0.0718 -0.0000 0.9974
vn -0.0718 -0.0000 0.9974
vn -0.1748 -0.0000 0.9846
vn 0.9299 -0.0000 0.3678
vn 0.8790 -0.0000 0.4769
vn 0.8789 -0.0000 0.4769
vn 0.6774 -0.0000 0.7356
vn 0.4967 -0.0000 0.8679
vn 0.5908 -0.0000 0.8068
vn 0.3964 -0.0000 0.9181
vn -0.6774 -0.0000 0.7356
vn -0.9421 -0.0000 0.3354
vn -0.9299 -0.0000 0.3678
vn 0.8149 -0.0000 0.5796
vn 0.7555 -0.0000 0.6551
vn -0.7555 -0.0000 0.6551
vn -0.9990 -0.0000 -0.0442
vn 0.0651 -0.0000 -0.9979
vn -0.0651 -0.0000 -0.9979
vn -0.9993 -0.0000 0.0379
vn -0.9846 -0.0000 -0.1747
vn -0.9469 -0.0000 -0.3214
vn -0.9889 -0.0000 0.1487
vn -0.7518 -0.0000 -0.6593
vn -0.6593 -0.0000 -0.7518
vn -0.5556 -0.0000 -0.8315
vn -0.1951 -0.0000 -0.9808
vn -0.3214 -0.0000 -0.9469
vn -0.4423 -0.0000 -0.8969
vn 0.9990 -0.0000 -0.0442
vn 0.9421 -0.0000 0.3354
vn 0.9889 -0.0000 0.1487
vn 0.9993 -0.0000 0.0379
vn 0.5556 -0.0000 -0.8315
vn 0.9846 -0.0000 -0.1747
vn 0.9469 -0.0000 -0.3214
vn 0.6593 -0.0000 -0.7518
vn -0.8969 -0.0000 -0.4423
vn -0.8315 -0.0000 -0.5556
vn 0.8969 -0.0000 -0.4423
vn 0.8315 -0.0000 -0.5556
vn 0.7518 -0.0000 -0.6593
s 0
f 3425//2770 3426//2770 3423//2770
f 3425//2770 3423//2770 3424//2770
f 3422//2771 3421//2771 3418//2771
f 3422//2771 3418//2771 3417//2771
f 3421//2772 3422//2772 3419//2772
f 3421//2772 3419//2772 3420//2772
f 3412//2773 3425//2773 3424//2773
f 3412//2773 3424//2773 3409//2773
f 3430//2774 3433//2774 3434//2774
f 3430//2774 3434//2774 3431//2774
f 3431//2775 3432//2775 3429//2775
f 3431//2775 3429//2775 3430//2775
f 3426//2776 3427//2776 3428//2776
f 3426//2776 3428//2776 3423//2776
f 3408//2777 3407//2777 3365//2777
f 3408//2777 3365//2777 3364//2777
f 3407//2778 3408//2778 3406//2778
f 3407//2778 3406//2778 3405//2778
f 3405//2779 3406//2779 3404//2779
f 3405//2779 3404//2779 3403//2779
f 3411//2780 3412//2780 3409//2780
f 3411//2780 3409//2780 3410//2780
f 3417//2781 3418//2781 3415//2781
f 3417//2781 3415//2781 3416//2781
f 3413//2782 3416//2782 3415//2782
f 3413//2782 3415//2782 3414//2782
f 3410//2783 3413//2783 3414//2783
f 3410//2783 3414//2783 3411//2783
f 3449//2784 3448//2784 3396//2784
f 3449//2784 3396//2784 3395//2784
f 3448//2785 3449//2785 3445//2785
f 3448//2786 3445//2786 3444//2786
f 3440//2787 3446//2787 3447//2787
f 3440//2787 3447//2787 3441//2787
f 3452//2788 3453//2788 3450//2788
f 3452//2788 3450//2788 3451//2788
f 3454//2787 3447//2787 3446//2787
f 3447//2789 3454//2789 3453//2789
f 3447//2789 3453//2789 3452//2789
f 3451//2790 3450//2790 3420//2790
f 3451//2790 3420//2790 3419//2790
f 3427//2791 3438//2791 3437//2791
f 3427//2791 3437//2791 3428//2791
f 3372//2792 3436//2792 3435//2792
f 3372//2792 3435//2792 3373//2792
f 3433//2793 3435//2793 3436//2793
f 3433//2793 3436//2793 3434//2793
f 3438//2791 3439//2791 3437//2791
f 3444//2794 3445//2794 3443//2794
f 3444//2794 3443//2794 3442//2794
f 3442//2795 3443//2795 3440//2795
f 3442//2795 3440//2795 3441//2795
f 3432//2796 3437//2796 3439//2796
f 3432//2796 3439//2796 3429//2796
f 3368//2797 3369//2797 3366//2797
f 3368//2797 3366//2797 3367//2797
f 3364//2798 3365//2798 3363//2798
f 3364//2798 3363//2798 3362//2798
f 3361//2799 3362//2799 3363//2799
f 3361//2799 3363//2799 3360//2799
f 3369//2800 3370//2800 3371//2800
f 3369//2800 3371//2800 3366//2800
f 3367//2801 3376//2801 3375//2801
f 3367//2801 3375//2801 3368//2801
f 3376//2802 3377//2802 3374//2802
f 3376//2802 3374//2802 3375//2802
f 3370//2803 3372//2803 3373//2803
f 3370//2803 3373//2803 3371//2803
f 3347//2804 3352//2804 3353//2804
f 3347//2804 3353//2804 3351//2804
f 3348//2805 3347//2805 3351//2805
f 3349//2805 3350//2805 3347//2805
f 3349//2805 3347//2805 3348//2805
f 3349//2806 3354//2806 3355//2806
f 3349//2806 3355//2806 3350//2806
f 3359//2807 3361//2807 3360//2807
f 3359//2807 3360//2807 3358//2807
f 3356//2808 3359//2808 3358//2808
f 3356//2808 3358//2808 3357//2808
f 3354//2809 3356//2809 3357//2809
f 3354//2809 3357//2809 3355//2809
f 3399//2810 3400//2810 3397//2810
f 3399//2810 3397//2810 3398//2810
f 3395//2811 3396//2811 3392//2811
f 3395//2811 3392//2811 3391//2811
f 3393//2812 3394//2812 3391//2812
f 3393//2812 3391//2812 3392//2812
f 3400//2813 3399//2813 3394//2813
f 3400//2813 3394//2813 3393//2813
f 3403//2814 3404//2814 3380//2814
f 3403//2814 3380//2814 3383//2814
f 3402//2815 3401//2815 3398//2815
f 3402//2815 3398//2815 3397//2815
f 3401//2816 3402//2816 3390//2816
f 3401//2816 3390//2816 3389//2816
f 3382//2817 3383//2817 3380//2817
f 3382//2817 3380//2817 3381//2817
f 3377//2818 3378//2818 3379//2818
f 3377//2818 3379//2818 3374//2818
f 3352//2819 3379//2819 3378//2819
f 3352//2819 3378//2819 3353//2819
f 3382//2817 3381//2817 3384//2817
f 3389//2820 3390//2820 3388//2820
f 3389//2820 3388//2820 3387//2820
f 3387//2821 3388//2821 3386//2821
f 3387//2821 3386//2821 3385//2821
f 3385//2822 3386//2822 3382//2822
f 3385//2822 3382//2822 3384//2822
o Hull_havok_s_armor_14_1
v -0.999987 0.981301 -2.961088
v -0.780157 0.981301 -2.961088
v -0.780157 0.463783 -2.661888
v -0.999987 0.463783 -2.661888
v -0.999987 0.758695 -3.061197
v -0.780157 0.758695 -3.061197
v -0.780157 0.731082 -3.061197
v -0.999987 0.731082 -3.061197
v -0.999987 0.705178 -3.049948
v -0.780157 0.705178 -3.049948
v -0.999987 0.398595 -2.485854
v -0.999987 0.398595 -2.684946
v -0.780157 0.398595 -2.684946
v -0.780157 0.398595 -2.485854
v 0.780153 0.463783 -2.661888
v 0.780153 0.398595 -2.485854
v 0.780153 0.398595 -2.684946
v 0.780153 0.705178 -3.049948
v 0.780153 0.981301 -2.961088
v 0.999984 0.981301 -2.961088
v 0.999984 0.463783 -2.661888
v 0.999984 0.758695 -3.061197
v 0.780153 0.758695 -3.061197
v 0.780153 0.731082 -3.061197
v 0.999984 0.705178 -3.049948
v 0.999984 0.731082 -3.061197
v 0.999984 0.398595 -2.684946
v 0.999984 0.398595 -2.485854
vn -0.0000 0.3983 0.9173
vn -0.0000 -0.0000 1.0000
vn 1.0000 -0.0000 -0.0000
vn -0.0000 -0.5005 -0.8657
vn -0.0000 -0.4101 0.9120
vn -0.0000 0.7657 0.6432
vn -0.0000 -0.9378 -0.3473
vn -0.0000 1.0000 -0.0000
vn -1.0000 -0.0000 -0.0000
s 0
f 3479//2823 3480//2823 3478//2823
f 3479//2823 3478//2823 3472//2823
f 3477//2824 3478//2824 3480//2824
f 3477//2824 3480//2824 3476//2824
f 3473//2825 3469//2825 3477//2825
f 3469//2825 3470//2825 3471//2825
f 3469//2825 3471//2825 3472//2825
f 3474//2826 3475//2826 3469//2826
f 3474//2826 3469//2826 3473//2826
f 3473//2827 3477//2827 3476//2827
f 3473//2827 3476//2827 3474//2827
f 3478//2825 3477//2825 3469//2825
f 3478//2825 3469//2825 3472//2825
f 3481//2828 3479//2828 3472//2828
f 3481//2828 3472//2828 3471//2828
f 3475//2829 3482//2829 3470//2829
f 3475//2829 3470//2829 3469//2829
f 3482//2830 3481//2830 3471//2830
f 3482//2830 3471//2830 3470//2830
f 3474//2831 3476//2831 3475//2831
f 3480//2831 3479//2831 3475//2831
f 3480//2831 3475//2831 3476//2831
f 3475//2831 3479//2831 3481//2831
f 3475//2831 3481//2831 3482//2831
f 3462//2824 3461//2824 3460//2824
f 3462//2824 3460//2824 3459//2824
f 3455//2825 3458//2825 3459//2825
f 3458//2825 3463//2825 3462//2825
f 3458//2825 3462//2825 3459//2825
f 3457//2826 3458//2826 3455//2826
f 3457//2826 3455//2826 3456//2826
f 3459//2827 3460//2827 3456//2827
f 3459//2827 3456//2827 3455//2827
f 3463//2823 3464//2823 3461//2823
f 3463//2823 3461//2823 3462//2823
f 3466//2825 3463//2825 3458//2825
f 3466//2825 3458//2825 3465//2825
f 3466//2828 3467//2828 3464//2828
f 3466//2828 3464//2828 3463//2828
f 3468//2829 3465//2829 3458//2829
f 3468//2829 3458//2829 3457//2829
f 3465//2830 3468//2830 3467//2830
f 3465//2830 3467//2830 3466//2830
f 3456//2831 3460//2831 3457//2831
f 3461//2831 3464//2831 3457//2831
f 3461//2831 3457//2831 3460//2831
f 3457//2831 3464//2831 3467//2831
f 3457//2831 3467//2831 3468//2831
o Hull_havok_s_armor_19_2
v -1.342281 1.064814 -2.176295
v -1.187979 1.064814 -2.318391
v -1.012088 1.257535 -2.104467
v -1.143545 1.257535 -1.983410
v -1.260619 1.257535 -1.848395
v -1.018737 1.064814 -2.442317
v -0.867903 1.257535 -2.210046
v -1.479702 1.064814 -2.017816
v -1.362266 1.257535 -1.705486
v -1.402116 1.257535 -1.632043
v -1.535169 1.062193 -1.932196
v -0.712805 1.257535 -2.298816
v -0.836683 1.064814 -2.546515
v -0.644107 1.064814 -2.629675
v -0.548742 1.257535 -2.369663
v -0.377779 1.257535 -2.421695
v -0.443433 1.064814 -2.690749
v -0.229452 1.064814 -2.728971
v -0.194335 1.257535 -2.454258
v 0.377775 1.257535 -2.421695
v 0.443429 1.064814 -2.690749
v 0.644105 1.064814 -2.629675
v 0.548739 1.257535 -2.369663
v 0.229448 1.064814 -2.728971
v 0.194331 1.257535 -2.454258
v -0.000001 1.257535 -2.468345
v -0.000001 1.064814 -2.743861
v 0.712801 1.257535 -2.298816
v 0.836679 1.064814 -2.546515
v 1.018734 1.064814 -2.442317
v 0.867900 1.257535 -2.210046
v 1.012084 1.257535 -2.104467
v 1.187975 1.064814 -2.318391
v 1.342277 1.064814 -2.176295
v 1.143541 1.257535 -1.983410
v 1.260615 1.257535 -1.848395
v 1.479699 1.064814 -2.017816
v 1.362263 1.257535 -1.705486
v 1.535166 1.062193 -1.932196
v 1.402113 1.257535 -1.632043
vn -0.2840 -0.8204 0.4963
vn -0.2267 -0.8204 0.5249
vn 0.0372 -0.8189 0.5728
vn 0.0413 -0.8204 0.5703
vn -0.0999 -0.8205 0.5628
vn -0.1006 -0.8203 0.5630
vn -0.0372 -0.8189 0.5728
vn -0.0413 -0.8204 0.5703
vn -0.4320 -0.8204 0.3746
vn -0.4657 -0.8206 0.3312
vn -0.5278 -0.7996 0.2864
vn -0.5091 -0.8048 0.3052
vn -0.3378 -0.8204 0.4613
vn -0.3873 -0.8204 0.4206
vn 0.4320 -0.8204 0.3746
vn 0.4657 -0.8206 0.3312
vn 0.5278 -0.7996 0.2864
vn 0.5091 -0.8048 0.3052
vn 0.3378 -0.8204 0.4613
vn 0.3873 -0.8204 0.4206
vn 0.0999 -0.8205 0.5628
vn 0.1006 -0.8203 0.5630
vn -0.1665 -0.8204 0.5470
vn 0.1665 -0.8204 0.5470
vn 0.2840 -0.8204 0.4963
vn 0.2267 -0.8204 0.5249
s 0
f 3512//2832 3513//2832 3510//2832
f 3512//2832 3510//2832 3511//2832
f 3504//2833 3511//2833 3510//2833
f 3504//2833 3510//2833 3505//2833
f 3500//2834 3509//2834 3508//2834
f 3500//2835 3508//2835 3501//2835
f 3502//2836 3507//2836 3506//2836
f 3502//2837 3506//2837 3503//2837
f 3508//2838 3509//2838 3506//2838
f 3508//2839 3506//2839 3507//2839
f 3518//2840 3516//2840 3519//2840
f 3518//2841 3519//2841 3520//2841
f 3521//2842 3522//2842 3520//2842
f 3521//2843 3520//2843 3519//2843
f 3512//2844 3515//2844 3514//2844
f 3512//2844 3514//2844 3513//2844
f 3516//2845 3517//2845 3514//2845
f 3516//2845 3514//2845 3515//2845
f 3517//2840 3516//2840 3518//2840
f 3490//2846 3483//2846 3487//2846
f 3490//2847 3487//2847 3491//2847
f 3491//2848 3492//2848 3493//2848
f 3491//2849 3493//2849 3490//2849
f 3488//2850 3489//2850 3485//2850
f 3488//2850 3485//2850 3484//2850
f 3485//2851 3486//2851 3483//2851
f 3485//2851 3483//2851 3484//2851
f 3486//2846 3487//2846 3483//2846
f 3500//2852 3501//2852 3498//2852
f 3500//2853 3498//2853 3499//2853
f 3504//2854 3505//2854 3502//2854
f 3504//2854 3502//2854 3503//2854
f 3496//2855 3499//2855 3498//2855
f 3496//2855 3498//2855 3497//2855
f 3488//2856 3495//2856 3494//2856
f 3488//2856 3494//2856 3489//2856
f 3496//2857 3497//2857 3494//2857
f 3496//2857 3494//2857 3495//2857
o Hull_havok_s_armor_1_3
v -0.999987 0.463833 -2.661978
v -0.780048 0.463833 -2.661978
v -0.780048 0.981301 -2.961083
v -0.999987 0.981301 -2.961083
v 0.780045 0.463833 -2.661978
v 0.780045 0.981301 -2.961083
v 0.999984 0.463833 -2.661978
v 0.999984 0.981301 -2.961083
vn -0.0000 0.5004 0.8658
s 0
f 3529//2858 3530//2858 3528//2858
f 3529//2858 3528//2858 3527//2858
f 3527//2858 3528//2858 3525//2858
f 3527//2858 3525//2858 3524//2858
f 3525//2858 3526//2858 3523//2858
f 3525//2858 3523//2858 3524//2858
o Hull_havok_s_armor_2_4
v -0.999987 0.981301 -2.961083
v -0.780048 0.981301 -2.961083
v -0.999987 1.047533 -2.931304
v 0.780045 0.981301 -2.961083
v 0.999984 1.047533 -2.931304
v 0.999984 0.981301 -2.961083
vn -0.0000 -0.4101 0.9121
s 0
f 3536//2859 3535//2859 3534//2859
f 3532//2859 3534//2859 3535//2859
f 3532//2859 3535//2859 3533//2859
f 3531//2859 3532//2859 3533//2859
o Hull_havok_s_armor_3_5
v -0.999988 1.047533 0.309323
v -0.999988 1.047532 0.765947
v -0.999988 1.025974 0.760150
v -0.999988 0.656564 2.399595
v -0.999988 0.822064 2.476489
v -0.999988 0.693069 2.413724
v -0.999988 1.025974 3.166401
v -0.999988 0.897663 2.811564
v -0.999988 0.896674 2.599517
v -0.999988 0.888307 2.562387
v -0.999988 0.874062 2.528485
v -0.999988 0.850964 2.499740
v -0.999988 0.763793 3.166405
v -0.999988 0.884230 2.892138
v -1.553512 1.238833 0.817370
v -1.553512 1.238833 3.166405
v -1.553512 1.025974 3.166399
v -1.553512 1.025974 0.760150
v -0.914023 0.569395 3.071126
v -0.914023 0.398595 2.607133
v -0.914023 0.884230 2.892138
v -0.914023 0.763794 3.166405
v -0.914023 0.896674 2.599517
v -0.914023 0.897663 2.811564
v -0.914023 0.691700 2.413059
v -0.914023 0.822064 2.476489
v -0.914023 0.656563 2.399595
v -0.914023 0.583561 2.398664
v -0.914023 0.620669 2.394026
v -0.914023 0.398595 2.501754
v -0.914023 0.549639 2.413059
v -0.914023 0.850964 2.499740
v -0.914023 0.874062 2.528485
v -0.914023 0.888307 2.562387
v 0.999984 1.025974 0.760150
v 0.999984 0.656564 2.399595
v 0.999984 0.693069 2.413724
v 0.999984 0.822064 2.476489
v 0.999984 0.896674 2.599517
v 0.999984 0.897663 2.811564
v 0.999984 1.025974 3.166401
v 0.999984 0.874062 2.528485
v 0.999984 0.888307 2.562387
v 0.999984 0.850964 2.499740
v 0.914019 0.897663 2.811564
v 0.914019 0.896674 2.599517
v 0.914019 0.398595 2.607133
v 0.914019 0.884230 2.892138
v 0.999984 0.884230 2.892138
v 0.999984 0.763793 3.166405
v 1.553508 1.025974 3.166399
v 1.553508 1.238833 3.166405
v 1.553508 1.238833 0.817370
v 1.553508 1.025974 0.760150
v 0.914019 0.569395 3.071126
v 0.914019 0.763794 3.166405
v 0.914019 0.691700 2.413059
v 0.914019 0.656563 2.399595
v 0.914019 0.822064 2.476489
v 0.914019 0.620669 2.394026
v 0.914019 0.583561 2.398664
v 0.914019 0.549639 2.413059
v 0.914019 0.398595 2.501754
v 0.914019 0.850964 2.499740
v 0.914019 0.874062 2.528485
v 0.914019 0.888307 2.562387
v 0.999984 1.047533 0.309323
v 0.999984 1.047533 -2.079206
v 0.999984 0.398595 -2.485855
v 0.999984 1.047532 0.765947
v 0.999984 0.583561 2.398664
v 0.999984 0.620670 2.394026
v 0.999984 0.549640 2.413059
v 0.999984 0.398595 2.501870
v 0.999984 0.981301 -2.961083
v 0.999984 0.463833 -2.661978
v 0.999984 1.047533 -2.931305
v -0.999988 0.398595 -2.485855
v -0.999988 1.047533 -2.079206
v -0.999988 0.620670 2.394026
v -0.999988 0.583561 2.398664
v -0.999988 0.549640 2.413059
v -0.999988 0.398595 2.501870
v -0.999988 0.463833 -2.661978
v -0.999988 0.981301 -2.961083
v -0.999988 1.047533 -2.931305
vn -1.0000 -0.0000 -0.0000
vn 1.0000 -0.0000 -0.0000
s 0
f 3583//2860 3601//2860 3600//2860
f 3583//2860 3600//2860 3595//2860
f 3598//2860 3599//2860 3583//2860
f 3598//2860 3583//2860 3597//2860
f 3604//2860 3605//2860 3572//2860
f 3604//2860 3572//2860 3603//2860
f 3602//2860 3601//2860 3583//2860
f 3602//2860 3583//2860 3582//2860
f 3596//2860 3597//2860 3583//2860
f 3596//2860 3583//2860 3594//2860
f 3589//2860 3590//2860 3587//2860
f 3589//2860 3587//2860 3588//2860
f 3577//2860 3576//2860 3585//2860
f 3577//2860 3585//2860 3586//2860
f 3583//2860 3595//2860 3593//2860
f 3583//2860 3593//2860 3594//2860
f 3591//2860 3592//2860 3584//2860
f 3591//2860 3584//2860 3583//2860
f 3603//2860 3572//2860 3571//2860
f 3603//2860 3571//2860 3606//2860
f 3614//2861 3617//2861 3618//2861
f 3614//2861 3618//2861 3619//2861
f 3614//2861 3540//2861 3616//2861
f 3614//2861 3616//2861 3617//2861
f 3622//2861 3615//2861 3621//2861
f 3620//2861 3621//2861 3615//2861
f 3620//2861 3615//2861 3614//2861
f 3540//2861 3614//2861 3615//2861
f 3540//2861 3615//2861 3537//2861
f 3609//2860 3607//2860 3605//2860
f 3609//2860 3605//2860 3610//2860
f 3608//2860 3572//2860 3605//2860
f 3608//2860 3605//2860 3607//2860
f 3613//2860 3611//2860 3604//2860
f 3604//2860 3611//2860 3612//2860
f 3604//2860 3612//2860 3605//2860
f 3553//2861 3554//2861 3551//2861
f 3553//2861 3551//2861 3552//2861
f 3550//2861 3544//2861 3543//2861
f 3550//2861 3543//2861 3549//2861
f 3556//2861 3559//2861 3560//2861
f 3556//2861 3560//2861 3557//2861
f 3557//2861 3558//2861 3555//2861
f 3557//2861 3555//2861 3556//2861
f 3548//2861 3541//2861 3539//2861
f 3548//2861 3539//2861 3547//2861
f 3542//2861 3540//2861 3539//2861
f 3542//2861 3539//2861 3541//2861
f 3537//2861 3538//2861 3539//2861
f 3537//2861 3539//2861 3540//2861
f 3539//2861 3545//2861 3546//2861
f 3539//2861 3546//2861 3547//2861
f 3544//2861 3545//2861 3539//2861
f 3544//2861 3539//2861 3543//2861
f 3556//2861 3563//2861 3561//2861
f 3556//2861 3561//2861 3562//2861
f 3579//2860 3575//2860 3571//2860
f 3579//2860 3571//2860 3578//2860
f 3571//2860 3575//2860 3576//2860
f 3571//2860 3576//2860 3577//2860
f 3583//2860 3584//2860 3581//2860
f 3583//2860 3581//2860 3582//2860
f 3571//2860 3574//2860 3580//2860
f 3571//2860 3580//2860 3578//2860
f 3571//2860 3572//2860 3573//2860
f 3571//2860 3573//2860 3574//2860
f 3556//2861 3566//2861 3567//2861
f 3556//2861 3567//2861 3564//2861
f 3556//2861 3564//2861 3565//2861
f 3556//2861 3565//2861 3563//2861
f 3556//2861 3569//2861 3570//2861
f 3556//2861 3570//2861 3559//2861
f 3568//2861 3569//2861 3556//2861
f 3568//2861 3556//2861 3562//2861
o Hull_havok_s_armor_4_6
v -0.914023 0.763794 3.166405
v 0.914019 0.763794 3.166405
v 0.914019 0.569395 3.071127
v -0.914023 0.569395 3.071127
v -0.999988 0.763793 3.166405
v -0.999988 1.025974 3.166400
v 0.999984 1.025974 3.166400
v 0.999984 0.763793 3.166405
v 0.999984 0.884230 2.892138
v 0.914019 0.884230 2.892138
v 0.999984 0.897663 2.811563
v 0.914019 0.897663 2.811563
v -0.999988 0.884230 2.892138
v -0.914023 0.884230 2.892138
v -1.553512 1.238833 3.166405
v 1.553508 1.238833 3.166405
v 1.553508 1.025974 3.166399
v -1.553512 1.025974 3.166399
v -0.999988 0.693069 2.413724
v -0.999988 0.822064 2.476488
v -0.914023 0.822064 2.476488
v -0.914023 0.691700 2.413059
v -0.999988 0.656564 2.399595
v -0.914023 0.656563 2.399595
v -0.914023 0.620669 2.394027
v -0.999988 0.620670 2.394027
v -0.914023 0.583561 2.398665
v -0.999988 0.583561 2.398665
v -0.914023 0.549639 2.413059
v -0.999988 0.549640 2.413059
v -0.914023 0.398595 2.501754
v -0.999988 0.398595 2.501871
v -0.999988 0.897663 2.811563
v -0.914023 0.897663 2.811563
v -0.914023 0.896674 2.599517
v -0.999988 0.896674 2.599517
v -0.999988 0.850964 2.499741
v -0.914023 0.850964 2.499741
v -0.999988 0.874062 2.528486
v -0.914023 0.874062 2.528486
v -0.999988 0.888307 2.562387
v -0.914023 0.888307 2.562387
v 0.999984 0.549640 2.413059
v 0.999984 0.398595 2.501871
v 0.914019 0.398595 2.501754
v 0.914019 0.549639 2.413059
v 0.999984 0.656564 2.399595
v 0.999984 0.620670 2.394027
v 0.914019 0.620669 2.394027
v 0.914019 0.656563 2.399595
v 0.999984 0.583561 2.398665
v 0.914019 0.583561 2.398665
v 0.914019 0.691700 2.413059
v 0.999984 0.693069 2.413724
v 0.914019 0.822064 2.476488
v 0.999984 0.822064 2.476488
v 0.914019 0.850964 2.499741
v 0.999984 0.850964 2.499741
v 0.914019 0.896674 2.599517
v 0.999984 0.896674 2.599517
v 0.999984 0.888307 2.562387
v 0.999984 0.874062 2.528486
v 0.914019 0.874062 2.528486
v 0.914019 0.888307 2.562387
vn -0.0000 -0.5064 -0.8623
vn 0.0012 -0.5069 -0.8620
vn -0.0000 0.1533 -0.9882
vn -0.0000 -0.1240 -0.9923
vn -0.0000 0.9755 -0.2198
vn -0.0000 0.6269 -0.7791
vn -0.0000 0.7795 -0.6264
vn -0.0000 0.9219 -0.3874
vn -0.0000 -0.3906 -0.9206
vn -0.0000 1.0000 -0.0047
vn 0.0015 0.3610 -0.9326
vn -0.0000 0.3578 -0.9338
vn -0.0000 0.4375 -0.8992
vn -0.0000 0.9864 0.1644
vn -0.0000 0.9156 0.4021
vn -0.0000 -0.0000 -1.0000
vn -0.0000 0.4401 -0.8979
vn -0.0015 0.3610 -0.9326
vn -0.0012 -0.5069 -0.8620
s 0
f 3667//2862 3668//2862 3665//2862
f 3667//2863 3665//2863 3666//2863
f 3671//2864 3672//2864 3669//2864
f 3671//2864 3669//2864 3670//2864
f 3670//2865 3673//2865 3674//2865
f 3670//2865 3674//2865 3671//2865
f 3664//2866 3663//2866 3658//2866
f 3664//2866 3658//2866 3657//2866
f 3659//2867 3660//2867 3643//2867
f 3659//2867 3643//2867 3642//2867
f 3661//2868 3662//2868 3660//2868
f 3661//2868 3660//2868 3659//2868
f 3663//2869 3664//2869 3662//2869
f 3663//2869 3662//2869 3661//2869
f 3668//2870 3674//2870 3673//2870
f 3668//2870 3673//2870 3665//2870
f 3685//2869 3686//2869 3683//2869
f 3685//2869 3683//2869 3684//2869
f 3682//2866 3683//2866 3686//2866
f 3682//2866 3686//2866 3681//2866
f 3679//2868 3685//2868 3684//2868
f 3679//2868 3684//2868 3680//2868
f 3633//2871 3682//2871 3681//2871
f 3633//2871 3681//2871 3634//2871
f 3675//2872 3676//2872 3669//2872
f 3675//2873 3669//2873 3672//2873
f 3677//2874 3678//2874 3676//2874
f 3677//2874 3676//2874 3675//2874
f 3677//2867 3679//2867 3680//2867
f 3677//2867 3680//2867 3678//2867
f 3636//2875 3656//2875 3655//2875
f 3636//2875 3655//2875 3635//2875
f 3633//2875 3634//2875 3632//2875
f 3633//2875 3632//2875 3631//2875
f 3623//2876 3636//2876 3635//2876
f 3623//2876 3635//2876 3627//2876
f 3637//2877 3638//2877 3639//2877
f 3637//2877 3639//2877 3629//2877
f 3631//2876 3632//2876 3624//2876
f 3631//2876 3624//2876 3630//2876
f 3625//2878 3626//2878 3623//2878
f 3625//2878 3623//2878 3624//2878
f 3629//2877 3623//2877 3627//2877
f 3629//2877 3627//2877 3628//2877
f 3624//2877 3623//2877 3629//2877
f 3624//2877 3629//2877 3630//2877
f 3637//2877 3629//2877 3628//2877
f 3637//2877 3628//2877 3640//2877
f 3644//2873 3646//2873 3645//2873
f 3644//2879 3645//2879 3641//2879
f 3653//2880 3654//2880 3652//2880
f 3653//2862 3652//2862 3651//2862
f 3657//2871 3658//2871 3655//2871
f 3657//2871 3655//2871 3656//2871
f 3651//2870 3652//2870 3650//2870
f 3651//2870 3650//2870 3649//2870
f 3643//2874 3644//2874 3641//2874
f 3643//2874 3641//2874 3642//2874
f 3647//2864 3648//2864 3645//2864
f 3647//2864 3645//2864 3646//2864
f 3649//2865 3650//2865 3648//2865
f 3649//2865 3648//2865 3647//2865
o Hull_havok_s_armor_5_7
v -1.553512 1.238833 3.166405
v -1.553512 1.238833 0.817370
v 1.553508 1.238833 0.817370
v 1.553508 1.238833 3.166405
vn -0.0000 -1.0000 -0.0000
s 0
f 3689//2881 3690//2881 3687//2881
f 3689//2881 3687//2881 3688//2881
o Hull_havok_s_armor_6_8
v 1.533673 1.225837 -0.669727
v 1.498396 1.225837 -0.470847
v 1.420551 1.225837 -0.623978
v 1.437297 1.225837 -0.745819
v 1.364607 1.225837 -0.410074
v 1.443529 1.225837 -0.895516
v 1.542616 1.225837 -0.872070
v 1.433369 1.225837 -1.052734
v 1.534950 1.225837 -1.074411
v 1.369230 1.225837 -1.338941
v 1.323518 1.225837 -1.457919
v 1.460775 1.225837 -1.439031
v 1.494260 1.225837 -1.344965
v 1.406624 1.225837 -1.205860
v 1.433215 1.225837 -0.278832
v 1.317639 1.225837 -0.291127
v 1.343529 1.225837 -0.096968
v 1.268116 1.225837 -0.191167
v -1.362279 1.225837 -0.400485
v -1.280657 1.225837 -0.212877
v -1.343532 1.225837 -0.096968
v -1.406566 1.225837 -0.551812
v -1.433218 1.225837 -0.278832
v -1.534953 1.225837 -1.074411
v -1.436810 1.225837 -0.732459
v -1.424016 1.225837 -0.638445
v -1.443578 1.225837 -0.933190
v -1.442885 1.225837 -0.812567
v -1.434801 1.225837 -1.048405
v -1.498399 1.225837 -0.470847
v -1.533676 1.225837 -0.669727
v -1.542619 1.225837 -0.872070
v -1.345610 1.225837 -1.406537
v -1.388850 1.225837 -1.278326
v -1.494264 1.225837 -1.344965
v -1.460779 1.225837 -1.439031
v -1.415035 1.225837 -1.171526
v -1.418201 1.225837 -1.546688
v -1.274993 1.225837 -1.560338
v 0.738207 1.225837 0.359749
v 0.776116 1.225837 0.470446
v 0.594250 1.225837 0.560132
v 0.523305 1.225837 0.464633
v 0.402235 1.225837 0.625312
v 0.313273 1.225837 0.528361
v 0.940922 1.225837 0.213905
v 0.944717 1.225837 0.357791
v 0.944717 1.047533 0.357791
v 0.999985 1.047533 0.309323
v 0.999985 1.047531 0.765948
v 0.776116 1.047533 0.470446
v -0.594254 1.225837 0.560132
v -0.776120 1.225837 0.470446
v -0.709748 1.225837 0.376733
v -0.570168 1.225837 0.445809
v -0.409021 1.225837 0.503943
v -0.402239 1.225837 0.625312
v -0.944721 1.225837 0.357791
v -0.957641 1.225837 0.200076
v -0.999987 1.047531 0.765948
v -0.999988 1.047533 0.309323
v -0.944721 1.047533 0.357791
v -0.776120 1.047533 0.470446
v 0.203355 1.047533 0.664872
v 0.402235 1.047533 0.625312
v 0.594250 1.047533 0.560132
v -0.203359 1.047533 0.664872
v -0.000001 1.047533 0.678134
v -0.402239 1.047533 0.625312
v -0.594254 1.047533 0.560132
v -0.203359 1.225837 0.664872
v -0.211933 1.225837 0.547364
v 0.072756 1.225837 0.561050
v -0.000001 1.225837 0.678134
v 0.203355 1.225837 0.664872
v -1.134497 1.225837 0.012910
v -1.097177 1.225837 0.224090
v -1.230877 1.225837 0.071635
v 1.230873 1.225837 0.071635
v 1.182465 1.225837 -0.052847
v 1.097173 1.225837 0.224090
v 1.081082 1.225837 0.075792
v -0.999987 1.047533 -2.931304
v 0.999985 1.047533 -2.931304
v -0.540508 1.047533 -2.343649
v -0.192263 1.047533 -2.426772
v -0.372517 1.047533 -2.394775
v -0.000001 1.047533 -2.440614
v 0.192260 1.047533 -2.426772
v 0.540504 1.047533 -2.343649
v 0.372514 1.047533 -2.394775
v 0.701714 1.047533 -2.274034
v 0.854116 1.047533 -2.186806
v 0.999983 1.047533 -2.079206
v 0.995793 1.047533 -2.083064
v -0.701717 1.047533 -2.274034
v -0.854120 1.047533 -2.186806
v -0.995797 1.047533 -2.083064
v -0.999987 1.047533 -2.079206
v -0.000001 1.225837 -2.440614
v 0.019996 1.225837 -2.325119
v -0.137535 1.225837 -2.318742
v -0.192263 1.225837 -2.426772
v 0.192260 1.225837 -2.426772
v 0.174200 1.225837 -2.314669
v -0.372517 1.225837 -2.394775
v -0.295319 1.225837 -2.294842
v -0.449729 1.225837 -2.253601
v -0.540508 1.225837 -2.343649
v 0.476130 1.225837 -2.244422
v 0.331469 1.225837 -2.286608
v 0.372514 1.225837 -2.394775
v 0.540504 1.225837 -2.343649
v -0.755863 1.225837 -2.112016
v -0.854120 1.225837 -2.186806
v -0.701717 1.225837 -2.274034
v -0.599638 1.225837 -2.195093
v 0.701714 1.225837 -2.274034
v 0.658723 1.225837 -2.166125
v 0.854116 1.225837 -2.186806
v 0.995793 1.225837 -2.083064
v 0.812814 1.225837 -2.074476
v -1.339887 1.225837 -1.691020
v -1.184174 1.225837 -1.708360
v -1.240006 1.225837 -1.831444
v -1.049523 1.225837 -1.863631
v -1.124967 1.225837 -1.964112
v -0.908716 1.225837 -2.003871
v -0.995797 1.225837 -2.083064
v 1.124964 1.225837 -1.964112
v 1.240003 1.225837 -1.831444
v 1.124730 1.225837 -1.786379
v 1.035533 1.225837 -1.887307
v 1.339883 1.225837 -1.691020
v 1.200064 1.225837 -1.683726
v 0.932205 1.225837 -1.983686
v 1.418197 1.225837 -1.546688
v 1.262780 1.225837 -1.571414
vn -0.0000 -1.0000 -0.0000
vn -0.0001 -1.0000 -0.0000
vn 0.0001 -1.0000 -0.0000
vn -0.0000 -1.0000 -0.0001
s 0
f 3782//2882 3780//2882 3774//2882
f 3782//2882 3774//2882 3783//2882
f 3785//2882 3783//2882 3774//2882
f 3785//2883 3774//2883 3784//2883
f 3778//2882 3776//2882 3774//2882
f 3778//2882 3774//2882 3779//2882
f 3781//2882 3779//2882 3774//2882
f 3781//2882 3774//2882 3780//2882
f 3773//2882 3775//2882 3786//2882
f 3773//2882 3786//2882 3787//2882
f 3794//2882 3795//2882 3791//2882
f 3794//2882 3791//2882 3790//2882
f 3798//2882 3799//2882 3796//2882
f 3798//2882 3796//2882 3797//2882
f 3773//2882 3787//2882 3788//2882
f 3773//2884 3788//2884 3789//2884
f 3792//2882 3793//2882 3790//2882
f 3792//2882 3790//2882 3791//2882
f 3767//2882 3749//2882 3748//2882
f 3766//2882 3768//2882 3711//2882
f 3766//2882 3711//2882 3710//2882
f 3762//2882 3761//2882 3747//2882
f 3762//2882 3747//2882 3746//2882
f 3767//2882 3768//2882 3766//2882
f 3767//2882 3766//2882 3749//2882
f 3707//2882 3769//2882 3770//2882
f 3707//2882 3770//2882 3708//2882
f 3773//2882 3774//2882 3775//2882
f 3777//2882 3775//2882 3774//2882
f 3777//2882 3774//2882 3776//2882
f 3769//2882 3771//2882 3772//2882
f 3769//2882 3772//2882 3770//2882
f 3736//2882 3772//2882 3771//2882
f 3736//2882 3771//2882 3737//2882
f 3797//2882 3796//2882 3793//2882
f 3797//2882 3793//2882 3792//2882
f 3818//2882 3819//2882 3805//2882
f 3818//2882 3805//2882 3804//2882
f 3822//2882 3823//2882 3820//2882
f 3822//2882 3820//2882 3821//2882
f 3815//2882 3817//2882 3816//2882
f 3815//2882 3816//2882 3814//2882
f 3817//2882 3819//2882 3818//2882
f 3817//2882 3818//2882 3816//2882
f 3821//2882 3824//2882 3825//2882
f 3821//2882 3825//2882 3822//2882
f 3824//2882 3827//2882 3828//2882
f 3824//2882 3828//2882 3825//2882
f 3701//2882 3828//2882 3827//2882
f 3701//2882 3827//2882 3702//2882
f 3823//2882 3826//2882 3811//2882
f 3823//2882 3811//2882 3820//2882
f 3826//2882 3812//2882 3811//2882
f 3806//2882 3807//2882 3804//2882
f 3806//2882 3804//2882 3805//2882
f 3807//2882 3806//2882 3799//2882
f 3807//2882 3799//2882 3798//2882
f 3802//2882 3803//2882 3800//2882
f 3802//2882 3800//2882 3801//2882
f 3794//2882 3802//2882 3801//2882
f 3794//2882 3801//2882 3795//2882
f 3808//2882 3809//2882 3800//2882
f 3808//2882 3800//2882 3803//2882
f 3813//2882 3814//2882 3729//2882
f 3813//2882 3729//2882 3728//2882
f 3813//2882 3815//2882 3814//2882
f 3810//2882 3809//2882 3808//2882
f 3810//2882 3811//2882 3812//2882
f 3810//2882 3812//2882 3809//2882
f 3716//2882 3712//2882 3714//2882
f 3716//2882 3714//2882 3715//2882
f 3718//2882 3715//2882 3714//2882
f 3718//2882 3714//2882 3717//2882
f 3709//2882 3710//2882 3711//2882
f 3709//2882 3711//2882 3712//2882
f 3711//2882 3713//2882 3714//2882
f 3711//2882 3714//2882 3712//2882
f 3717//2882 3714//2882 3719//2882
f 3725//2882 3726//2882 3723//2882
f 3725//2882 3723//2882 3724//2882
f 3727//2882 3725//2882 3724//2882
f 3721//2882 3722//2882 3714//2882
f 3721//2882 3714//2882 3720//2882
f 3720//2882 3714//2882 3713//2882
f 3694//2882 3696//2882 3697//2882
f 3694//2882 3697//2882 3691//2882
f 3696//2882 3698//2882 3699//2882
f 3696//2882 3699//2882 3697//2882
f 3693//2882 3694//2882 3691//2882
f 3693//2882 3691//2882 3692//2882
f 3695//2882 3693//2882 3692//2882
f 3702//2882 3703//2882 3700//2882
f 3702//2882 3700//2882 3701//2882
f 3705//2882 3706//2882 3695//2882
f 3705//2882 3695//2882 3692//2882
f 3705//2882 3707//2882 3708//2882
f 3705//2882 3708//2882 3706//2882
f 3704//2882 3700//2882 3703//2882
f 3704//2882 3703//2882 3699//2882
f 3704//2882 3699//2882 3698//2882
f 3714//2882 3725//2882 3727//2882
f 3714//2882 3727//2882 3719//2882
f 3740//2882 3750//2882 3754//2882
f 3758//2885 3754//2885 3750//2885
f 3758//2882 3750//2882 3757//2882
f 3740//2882 3754//2882 3755//2882
f 3740//2882 3755//2882 3756//2882
f 3741//2882 3740//2882 3756//2882
f 3759//2882 3757//2882 3750//2882
f 3759//2882 3750//2882 3760//2882
f 3764//2882 3763//2882 3765//2882
f 3765//2882 3763//2882 3735//2882
f 3765//2882 3735//2882 3734//2882
f 3753//2882 3760//2882 3750//2882
f 3763//2882 3764//2882 3761//2882
f 3763//2882 3761//2882 3762//2882
f 3734//2882 3735//2882 3733//2882
f 3734//2882 3733//2882 3732//2882
f 3730//2882 3736//2882 3737//2882
f 3730//2882 3737//2882 3731//2882
f 3728//2882 3729//2882 3723//2882
f 3728//2882 3723//2882 3726//2882
f 3732//2882 3733//2882 3730//2882
f 3732//2882 3730//2882 3731//2882
f 3738//2882 3739//2882 3740//2882
f 3738//2882 3740//2882 3741//2882
f 3748//2882 3749//2882 3744//2882
f 3748//2882 3744//2882 3743//2882
f 3750//2882 3751//2882 3752//2882
f 3750//2882 3752//2882 3753//2882
f 3744//2882 3745//2882 3742//2882
f 3744//2882 3742//2882 3743//2882
f 3746//2882 3747//2882 3742//2882
f 3746//2882 3742//2882 3745//2882
o Hull_havok_s_armor_7_9
v -1.553512 1.025974 0.760150
v -0.999988 1.025974 0.760150
v -0.999988 1.047531 0.765948
v -1.553512 1.238833 0.817370
v 0.999984 1.047531 0.765948
v 1.553508 1.238833 0.817370
v 1.553508 1.025974 0.760150
v 0.999984 1.025974 0.760150
vn -0.0000 -0.2597 0.9657
vn -0.0000 -0.2596 0.9657
s 0
f 3833//2886 3836//2886 3835//2886
f 3833//2887 3835//2887 3834//2887
f 3833//2887 3834//2887 3832//2887
f 3833//2887 3832//2887 3831//2887
f 3831//2887 3832//2887 3829//2887
f 3831//2886 3829//2886 3830//2886
o Hull_havok_s_armor_8_10
v -1.443578 1.225837 -0.933190
v 1.081083 1.225837 0.075791
v 0.940922 1.225837 0.213905
v 0.738207 1.225837 0.359749
v 1.268116 1.225837 -0.191167
v 1.182464 1.225837 -0.052847
v 1.317639 1.225837 -0.291127
v 1.364608 1.225837 -0.410075
v 1.420552 1.225837 -0.623978
v 1.437296 1.225837 -0.745819
v 1.443528 1.225837 -0.895516
v 0.523304 1.225837 0.464633
v 0.313272 1.225837 0.528361
v 0.072757 1.225837 0.561050
v -0.211933 1.225837 0.547364
v -0.409021 1.225837 0.503943
v -0.570168 1.225837 0.445808
v -0.709749 1.225837 0.376733
v -0.957641 1.225837 0.200076
v -1.134497 1.225837 0.012911
v -1.280657 1.225837 -0.212877
v -1.362279 1.225837 -0.400485
v -1.406565 1.225837 -0.551812
v -1.424017 1.225837 -0.638444
v -1.436809 1.225837 -0.732460
v -1.442886 1.225837 -0.812567
v -1.434802 1.225837 -1.048405
v 1.262781 1.225837 -1.571415
v 1.323518 1.225837 -1.457918
v -1.415034 1.225837 -1.171526
v -1.388850 1.225837 -1.278326
v -1.345608 1.225837 -1.406537
v -1.274993 1.225837 -1.560337
v 1.369230 1.225837 -1.338942
v 1.406624 1.225837 -1.205860
v 1.433368 1.225837 -1.052734
v -0.599638 1.225837 -2.195093
v -0.449728 1.225837 -2.253602
v -0.755863 1.225837 -2.112016
v -0.295320 1.225837 -2.294842
v -0.137535 1.225837 -2.318742
v 0.019997 1.225837 -2.325118
v 0.174200 1.225837 -2.314669
v 0.331469 1.225837 -2.286608
v 1.200064 1.225837 -1.683727
v 1.124729 1.225837 -1.786378
v 1.035533 1.225837 -1.887308
v 0.932204 1.225837 -1.983686
v 0.812814 1.225837 -2.074476
v 0.476131 1.225837 -2.244422
v 0.658724 1.225837 -2.166124
v -1.049523 1.225837 -1.863632
v -0.908716 1.225837 -2.003872
v -1.184175 1.225837 -1.708360
vn -0.0000 -1.0000 -0.0000
s 0
f 3837//2888 3871//2888 3872//2888
f 3837//2888 3872//2888 3847//2888
f 3864//2888 3875//2888 3873//2888
f 3864//2888 3873//2888 3874//2888
f 3876//2888 3877//2888 3864//2888
f 3876//2888 3864//2888 3874//2888
f 3870//2888 3871//2888 3837//2888
f 3870//2888 3837//2888 3865//2888
f 3863//2888 3866//2888 3864//2888
f 3867//2888 3868//2888 3864//2888
f 3867//2888 3864//2888 3866//2888
f 3868//2888 3869//2888 3864//2888
f 3886//2888 3887//2888 3885//2888
f 3886//2888 3885//2888 3880//2888
f 3864//2888 3888//2888 3889//2888
f 3864//2888 3889//2888 3875//2888
f 3890//2888 3888//2888 3864//2888
f 3890//2888 3864//2888 3869//2888
f 3880//2888 3885//2888 3884//2888
f 3880//2888 3884//2888 3883//2888
f 3878//2888 3879//2888 3864//2888
f 3878//2888 3864//2888 3877//2888
f 3880//2888 3881//2888 3864//2888
f 3880//2888 3864//2888 3879//2888
f 3880//2888 3883//2888 3882//2888
f 3880//2888 3882//2888 3881//2888
f 3837//2888 3847//2888 3846//2888
f 3837//2888 3846//2888 3845//2888
f 3848//2888 3849//2888 3837//2888
f 3848//2888 3837//2888 3840//2888
f 3850//2888 3851//2888 3837//2888
f 3850//2888 3837//2888 3849//2888
f 3844//2888 3837//2888 3845//2888
f 3839//2888 3840//2888 3837//2888
f 3839//2888 3837//2888 3838//2888
f 3837//2888 3841//2888 3842//2888
f 3837//2888 3842//2888 3838//2888
f 3837//2888 3844//2888 3843//2888
f 3837//2888 3843//2888 3841//2888
f 3859//2888 3860//2888 3837//2888
f 3859//2888 3837//2888 3858//2888
f 3861//2888 3862//2888 3837//2888
f 3861//2888 3837//2888 3860//2888
f 3864//2888 3865//2888 3837//2888
f 3864//2888 3837//2888 3863//2888
f 3857//2888 3858//2888 3837//2888
f 3857//2888 3837//2888 3856//2888
f 3852//2888 3853//2888 3837//2888
f 3852//2888 3837//2888 3851//2888
f 3854//2888 3855//2888 3837//2888
f 3854//2888 3837//2888 3853//2888
f 3856//2888 3837//2888 3855//2888
o Hull_havok_s_armor_9_11
v -0.780048 0.463833 -2.661978
v -0.780048 0.398595 -2.485854
v 0.780045 0.398595 -2.485855
v 0.780045 0.463833 -2.661978
v -0.999987 0.463833 -2.661978
v -0.999987 0.398595 -2.485855
v 0.999984 0.398595 -2.485855
v 0.999984 0.463833 -2.661978
vn -0.0000 0.9377 0.3473
s 0
f 3897//2889 3898//2889 3894//2889
f 3897//2889 3894//2889 3893//2889
f 3891//2889 3895//2889 3896//2889
f 3891//2889 3896//2889 3892//2889
f 3893//2889 3894//2889 3891//2889
f 3893//2889 3891//2889 3892//2889
o Hull_havok_s_armor_10_12
v -0.914022 0.398595 2.607133
v 0.914019 0.398595 2.607133
v 0.914019 0.398595 2.501755
v -0.914022 0.398595 2.501755
v 0.780045 0.398595 -2.485855
v -0.780048 0.398595 -2.485855
v 0.999984 0.398595 2.501871
v 0.999984 0.398595 -2.485855
v -0.999987 0.398595 -2.485855
v -0.999987 0.398595 2.501871
vn -0.0000 1.0000 -0.0000
s 0
f 3905//2890 3906//2890 3903//2890
f 3905//2890 3903//2890 3901//2890
f 3904//2890 3907//2890 3908//2890
f 3904//2890 3908//2890 3902//2890
f 3901//2890 3902//2890 3899//2890
f 3901//2890 3899//2890 3900//2890
f 3903//2890 3904//2890 3902//2890
f 3903//2890 3902//2890 3901//2890
o Hull_havok_s_armor_11_13
v -0.999988 1.025974 0.760150
v -1.553511 1.025974 0.760150
v -1.553511 1.025974 3.166399
v -0.999988 1.025974 3.166400
v -0.999988 1.047533 -2.079206
v -1.533676 1.047533 -0.669727
v -1.498399 1.047533 -0.470847
v -1.433219 1.047533 -0.278832
v -1.542619 1.047533 -0.872069
v -1.534953 1.047533 -1.074412
v -1.494264 1.047533 -1.344965
v -1.418200 1.047533 -1.546687
v -1.460778 1.047533 -1.439032
v -1.339886 1.047533 -1.691019
v -1.240006 1.047533 -1.831445
v -1.124966 1.047533 -1.964111
v -1.343532 1.047533 -0.096968
v -1.230877 1.047533 0.071635
v 1.553507 1.025974 3.166399
v 1.553507 1.025974 0.760150
v 0.999984 1.025974 0.760150
v 0.999984 1.025974 3.166400
v 1.343530 1.047533 -0.096968
v 1.433215 1.047533 -0.278832
v 0.999984 1.047533 -2.079206
v 1.230873 1.047533 0.071635
v 1.097173 1.047533 0.224091
v 0.999984 1.047533 0.309324
v 1.498395 1.047533 -0.470847
v 1.533672 1.047533 -0.669727
v 1.542617 1.047533 -0.872069
v 1.124964 1.047533 -1.964111
v 1.240003 1.047533 -1.831445
v 1.339882 1.047533 -1.691019
v 1.534950 1.047533 -1.074412
v 1.418197 1.047533 -1.546687
v 1.460775 1.047533 -1.439032
v 1.494261 1.047533 -1.344965
v -1.097177 1.047533 0.224091
v -0.999988 1.047533 0.309324
vn -0.0000 1.0000 -0.0000
s 0
f 3937//2891 3938//2891 3933//2891
f 3937//2891 3933//2891 3932//2891
f 3939//2891 3940//2891 3933//2891
f 3939//2891 3933//2891 3938//2891
f 3933//2891 3934//2891 3931//2891
f 3933//2891 3931//2891 3932//2891
f 3933//2891 3936//2891 3935//2891
f 3933//2891 3935//2891 3934//2891
f 3943//2891 3946//2891 3945//2891
f 3943//2891 3945//2891 3944//2891
f 3947//2891 3948//2891 3913//2891
f 3947//2891 3913//2891 3926//2891
f 3939//2891 3942//2891 3941//2891
f 3939//2891 3941//2891 3940//2891
f 3943//2891 3944//2891 3942//2891
f 3943//2891 3942//2891 3939//2891
f 3929//2891 3930//2891 3927//2891
f 3929//2891 3927//2891 3928//2891
f 3913//2891 3918//2891 3917//2891
f 3913//2891 3917//2891 3914//2891
f 3918//2891 3913//2891 3919//2891
f 3911//2891 3912//2891 3909//2891
f 3911//2891 3909//2891 3910//2891
f 3915//2891 3916//2891 3913//2891
f 3915//2891 3913//2891 3914//2891
f 3913//2891 3924//2891 3923//2891
f 3913//2891 3923//2891 3922//2891
f 3925//2891 3926//2891 3913//2891
f 3925//2891 3913//2891 3916//2891
f 3913//2891 3920//2891 3921//2891
f 3913//2891 3921//2891 3919//2891
f 3920//2891 3913//2891 3922//2891
o Hull_havok_s_armor_12_14
v -0.914023 0.569395 3.071127
v 0.914019 0.569395 3.071127
v 0.914019 0.398595 2.607133
v -0.914023 0.398595 2.607133
vn -0.0000 0.9384 -0.3454
s 0
f 3951//2892 3952//2892 3949//2892
f 3951//2892 3949//2892 3950//2892
o Hull_havok_s_armor_15_15
v -1.197804 1.047531 -2.327051
v -1.187979 1.064814 -2.318391
v -1.342280 1.064814 -2.176295
v -1.353382 1.047531 -2.183783
v -1.027161 1.047531 -2.452002
v -1.018736 1.064814 -2.442317
v -1.479702 1.064814 -2.017816
v -1.491940 1.047531 -2.023987
v -1.535169 1.062193 -1.932196
v -1.550431 1.047531 -1.929529
v 1.479698 1.064814 -2.017816
v 1.342277 1.064814 -2.176295
v 1.353378 1.047531 -2.183783
v 1.491938 1.047531 -2.023987
v 1.550427 1.047531 -1.929529
v 1.535165 1.062193 -1.932196
v 1.187975 1.064814 -2.318391
v 1.197801 1.047531 -2.327051
v 0.649432 1.047531 -2.640912
v 0.644105 1.064814 -2.629674
v 0.443430 1.064814 -2.690749
v 0.441411 1.047531 -2.704224
v 0.229447 1.064814 -2.728971
v 0.235346 1.047531 -2.741028
v -0.000001 1.047531 -2.756043
v -0.000001 1.064814 -2.743861
v -0.229451 1.064814 -2.728971
v -0.235349 1.047531 -2.741028
v -0.649435 1.047531 -2.640912
v -0.441415 1.047531 -2.704224
v -0.443433 1.064814 -2.690749
v -0.644108 1.064814 -2.629674
v -0.843601 1.047531 -2.557062
v -0.836683 1.064814 -2.546515
v 1.018733 1.064814 -2.442317
v 0.836680 1.064814 -2.546515
v 0.843598 1.047531 -2.557062
v 1.027158 1.047531 -2.452002
vn 0.2372 -0.5799 0.7794
vn 0.1409 -0.5985 0.7887
vn 0.1409 -0.5984 0.7888
vn -0.0530 -0.5753 0.8162
vn -0.0517 -0.5832 0.8107
vn 0.0517 -0.5832 0.8107
vn 0.0530 -0.5753 0.8162
vn 0.4015 -0.5888 0.7015
vn -0.3219 -0.5837 0.7454
vn -0.3219 -0.5839 0.7453
vn -0.4749 -0.5949 0.6485
vn 0.3219 -0.5837 0.7454
vn 0.3219 -0.5839 0.7453
vn -0.4015 -0.5888 0.7015
vn 0.5989 -0.6096 0.5193
vn 0.5989 -0.6097 0.5193
vn 0.6674 -0.6195 0.4133
vn 0.6671 -0.6199 0.4132
vn 0.5409 -0.6020 0.5874
vn 0.5410 -0.6019 0.5874
vn 0.4749 -0.5949 0.6485
vn -0.5989 -0.6096 0.5193
vn -0.5989 -0.6097 0.5193
vn -0.2372 -0.5799 0.7794
vn -0.1409 -0.5984 0.7888
vn -0.1409 -0.5984 0.7887
vn -0.6674 -0.6195 0.4132
vn -0.6671 -0.6200 0.4132
vn -0.5410 -0.6019 0.5874
vn -0.5409 -0.6020 0.5874
s 0
f 3983//2893 3984//2893 3981//2893
f 3983//2893 3981//2893 3982//2893
f 3979//2894 3983//2894 3982//2894
f 3979//2895 3982//2895 3980//2895
f 3975//2896 3978//2896 3977//2896
f 3975//2897 3977//2897 3976//2897
f 3979//2898 3980//2898 3977//2898
f 3979//2899 3977//2899 3978//2899
f 3985//2900 3986//2900 3958//2900
f 3985//2900 3958//2900 3957//2900
f 3971//2901 3989//2901 3988//2901
f 3971//2902 3988//2902 3972//2902
f 3969//2903 3987//2903 3990//2903
f 3969//2903 3990//2903 3970//2903
f 3986//2904 3985//2904 3981//2904
f 3986//2905 3981//2905 3984//2905
f 3989//2906 3990//2906 3987//2906
f 3989//2906 3987//2906 3988//2906
f 3959//2907 3960//2907 3956//2907
f 3959//2908 3956//2908 3955//2908
f 3961//2909 3962//2909 3960//2909
f 3961//2910 3960//2910 3959//2910
f 3955//2911 3956//2911 3953//2911
f 3955//2912 3953//2912 3954//2912
f 3957//2913 3958//2913 3954//2913
f 3957//2913 3954//2913 3953//2913
f 3965//2914 3966//2914 3963//2914
f 3965//2915 3963//2915 3964//2915
f 3973//2916 3974//2916 3971//2916
f 3973//2916 3971//2916 3972//2916
f 3975//2917 3976//2917 3974//2917
f 3975//2918 3974//2918 3973//2918
f 3966//2919 3967//2919 3968//2919
f 3966//2920 3968//2920 3963//2920
f 3964//2921 3969//2921 3970//2921
f 3964//2922 3970//2922 3965//2922
o Hull_havok_s_armor_16_16
v -1.546671 1.047531 -1.665226
v -1.529804 1.063680 -1.664305
v -1.530940 1.064794 -1.490342
v -1.543124 1.047531 -1.352365
v -1.550431 1.047531 -1.929529
v -1.535169 1.062193 -1.932196
v 1.530936 1.064794 -1.490342
v 1.529801 1.063680 -1.664305
v 1.546667 1.047531 -1.665226
v 1.543120 1.047531 -1.352365
v 1.535165 1.062193 -1.932196
v 1.550427 1.047531 -1.929529
vn -0.7822 -0.6230 -0.0089
vn -0.6913 -0.7225 0.0091
vn -0.6918 -0.7220 -0.0098
vn 0.7822 -0.6230 -0.0089
vn 0.6913 -0.7225 0.0091
vn 0.6918 -0.7220 -0.0098
s 0
f 3999//2923 4000//2923 3997//2923
f 3999//2924 3997//2924 3998//2924
f 3998//2925 4001//2925 4002//2925
f 3998//2925 4002//2925 3999//2925
f 3993//2926 3994//2926 3991//2926
f 3993//2927 3991//2927 3992//2927
f 3995//2928 3996//2928 3992//2928
f 3995//2928 3992//2928 3991//2928
o Hull_havok_s_armor_17_17
v -1.473582 1.171265 -1.499309
v -1.498471 1.134023 -1.453826
v 1.473579 1.171265 -1.499309
v 1.498468 1.134023 -1.453826
v -1.530940 1.064794 -1.490342
v -1.529804 1.063680 -1.664305
v -1.441966 1.257535 -1.558599
v -1.489902 1.257539 -1.456050
v -1.526766 1.257417 -1.347084
v -1.543123 1.047531 -1.352365
v 1.402112 1.257535 -1.632043
v 1.529800 1.063680 -1.664305
v 1.441962 1.257535 -1.558599
v 1.530936 1.064794 -1.490342
v 1.489899 1.257539 -1.456050
v 1.526762 1.257417 -1.347084
v 1.543120 1.047531 -1.352365
v 1.535166 1.062193 -1.932196
v -1.535169 1.062193 -1.932196
v -1.402116 1.257535 -1.632043
vn -0.9000 -0.4353 0.0250
vn -0.9360 -0.0816 0.3424
vn -0.9456 -0.0598 0.3198
vn -0.9045 -0.0551 0.4228
vn -0.8704 0.0191 0.4919
vn 0.8259 -0.5577 0.0822
vn 0.8789 0.0056 0.4769
vn 0.8361 -0.5484 -0.0137
vn -0.8361 -0.5484 -0.0137
vn 0.9360 -0.0816 0.3424
vn 0.9456 -0.0598 0.3198
vn 0.9045 -0.0551 0.4228
vn 0.8704 0.0191 0.4920
vn 0.8807 -0.4737 0.0088
vn 0.8794 -0.4653 0.1002
vn -0.8807 -0.4737 0.0088
vn -0.8794 -0.4653 0.1002
vn -0.8259 -0.5577 0.0822
vn -0.8789 0.0056 0.4769
vn 0.9000 -0.4353 0.0250
s 0
f 4019//2929 4006//2929 4016//2929
f 4006//2930 4019//2930 4018//2930
f 4006//2931 4018//2931 4017//2931
f 4006//2932 4017//2932 4015//2932
f 4006//2933 4015//2933 4005//2933
f 4003//2934 4008//2934 4022//2934
f 4003//2935 4022//2935 4009//2935
f 4008//2936 4021//2936 4022//2936
f 4014//2937 4013//2937 4020//2937
f 4011//2938 4012//2938 4004//2938
f 4011//2939 4004//2939 4010//2939
f 4009//2940 4010//2940 4004//2940
f 4009//2941 4004//2941 4003//2941
f 4007//2942 4008//2942 4003//2942
f 4007//2943 4003//2943 4004//2943
f 4005//2944 4014//2944 4016//2944
f 4005//2945 4016//2945 4006//2945
f 4013//2946 4014//2946 4005//2946
f 4013//2947 4005//2947 4015//2947
f 4012//2948 4007//2948 4004//2948
o Hull_havok_s_armor_18_18
v -1.238705 1.257535 -1.831444
v -1.338585 1.257535 -1.691020
v -1.362265 1.257535 -1.705486
v -1.260619 1.257535 -1.848395
v -1.416900 1.257535 -1.546687
v -1.402116 1.257535 -1.632043
v -1.441966 1.257535 -1.558599
v -1.143543 1.257535 -1.983410
v -1.123666 1.257535 -1.964111
v -1.459477 1.257535 -1.439032
v -1.489902 1.257540 -1.456050
v -1.494489 1.257571 -1.344330
v -1.526766 1.257417 -1.347084
v -1.492985 1.049719 -1.348557
v -1.543123 1.047531 -1.352365
v 1.416896 1.257535 -1.546687
v 1.441962 1.257535 -1.558599
v 1.489899 1.257540 -1.456050
v 1.459473 1.257535 -1.439032
v 1.494485 1.257571 -1.344330
v 1.526762 1.257417 -1.347084
v 1.492981 1.049719 -1.348557
v 1.543120 1.047531 -1.352365
v 1.338581 1.257535 -1.691020
v 1.238701 1.257535 -1.831444
v 1.260616 1.257535 -1.848395
v 1.362263 1.257535 -1.705486
v 1.402112 1.257535 -1.632043
v -0.994495 1.257535 -2.083064
v -1.012088 1.257535 -2.104467
v -0.852819 1.257535 -2.186806
v -0.867903 1.257535 -2.210046
v -0.712804 1.257535 -2.298816
v -0.700416 1.257535 -2.274033
v -0.539207 1.257535 -2.343648
v -0.548742 1.257535 -2.369663
v -0.371215 1.257535 -2.394775
v -0.377779 1.257535 -2.421695
v -0.194335 1.257535 -2.454258
v -0.190962 1.257535 -2.426772
v 0.194331 1.257535 -2.454258
v 0.190958 1.257535 -2.426772
v -0.000001 1.257535 -2.440614
v -0.000001 1.257535 -2.468344
v 0.377775 1.257535 -2.421695
v 0.548739 1.257535 -2.369663
v 0.539203 1.257535 -2.343648
v 0.371213 1.257535 -2.394775
v 1.123662 1.257535 -1.964111
v 0.994491 1.257535 -2.083064
v 1.012084 1.257535 -2.104467
v 1.143540 1.257535 -1.983410
v 0.867901 1.257535 -2.210046
v 0.852815 1.257535 -2.186806
v 0.712801 1.257535 -2.298816
v 0.700412 1.257535 -2.274033
vn -0.0000 -1.0000 -0.0000
vn -0.0001 -1.0000 -0.0000
vn 0.0047 -1.0000 0.0005
vn -0.0003 -1.0000 0.0003
vn 0.0749 0.0192 -0.9970
vn 0.0849 0.0209 -0.9962
vn 0.0001 -1.0000 -0.0000
vn -0.0047 -1.0000 0.0005
vn 0.0003 -1.0000 0.0003
vn -0.0749 0.0192 -0.9970
vn -0.0849 0.0209 -0.9962
s 0
f 4060//2949 4061//2949 4062//2949
f 4060//2949 4062//2949 4059//2949
f 4065//2949 4066//2949 4063//2949
f 4065//2949 4063//2949 4064//2949
f 4061//2949 4066//2949 4065//2949
f 4061//2949 4065//2949 4062//2949
f 4058//2949 4060//2949 4059//2949
f 4058//2949 4059//2949 4057//2949
f 4052//2949 4054//2949 4053//2949
f 4052//2949 4053//2949 4051//2949
f 4054//2949 4055//2949 4056//2949
f 4054//2949 4056//2949 4053//2949
f 4055//2949 4058//2949 4057//2949
f 4055//2949 4057//2949 4056//2949
f 4047//2949 4071//2949 4074//2949
f 4047//2949 4074//2949 4048//2949
f 4076//2949 4078//2949 4077//2949
f 4076//2949 4077//2949 4075//2949
f 4068//2949 4077//2949 4078//2949
f 4068//2949 4078//2949 4069//2949
f 4072//2949 4076//2949 4075//2949
f 4072//2949 4075//2949 4073//2949
f 4069//2949 4070//2949 4067//2949
f 4069//2949 4067//2949 4068//2949
f 4063//2949 4067//2949 4070//2949
f 4063//2949 4070//2949 4064//2949
f 4073//2949 4074//2949 4071//2949
f 4073//2949 4071//2949 4072//2949
f 4027//2950 4032//2950 4033//2950
f 4027//2949 4033//2949 4029//2949
f 4034//2951 4035//2951 4033//2951
f 4034//2952 4033//2952 4032//2952
f 4036//2953 4037//2953 4035//2953
f 4036//2954 4035//2954 4034//2954
f 4026//2949 4030//2949 4031//2949
f 4026//2949 4031//2949 4023//2949
f 4025//2949 4026//2949 4023//2949
f 4025//2949 4023//2949 4024//2949
f 4024//2949 4027//2949 4028//2949
f 4024//2949 4028//2949 4025//2949
f 4027//2949 4029//2949 4028//2949
f 4046//2949 4049//2949 4050//2949
f 4046//2949 4050//2949 4038//2949
f 4039//2949 4038//2949 4050//2949
f 4030//2949 4052//2949 4051//2949
f 4030//2949 4051//2949 4031//2949
f 4048//2949 4049//2949 4046//2949
f 4048//2949 4046//2949 4047//2949
f 4040//2955 4041//2955 4038//2955
f 4040//2949 4038//2949 4039//2949
f 4040//2956 4043//2956 4042//2956
f 4040//2957 4042//2957 4041//2957
f 4043//2958 4045//2958 4044//2958
f 4043//2959 4044//2959 4042//2959
o Gun_01_havok_s_gun_0
v 0.066988 1.980083 -2.781595
v 0.054746 1.963945 -2.781595
v 0.068115 1.950551 -2.130606
v 0.083579 1.970562 -2.130606
v 0.093244 1.993801 -2.130606
v 0.074720 1.998642 -2.781595
v 0.096466 2.018654 -2.130606
v 0.093244 2.043668 -2.130606
v 0.024946 1.925537 -2.130606
v 0.048141 1.935220 -2.130606
v 0.038638 1.951680 -2.781595
v 0.019952 1.943934 -2.781595
v -0.000022 1.922309 -2.130606
v -0.000022 1.941352 -2.781595
v -0.067032 1.980083 -2.781595
v -0.074763 1.998642 -2.781595
v -0.093288 1.993801 -2.130606
v -0.083623 1.970562 -2.130606
v -0.096509 2.018654 -2.130606
v -0.113584 2.018654 -2.130606
v -0.109718 1.989282 -2.130606
v -0.056883 1.920372 -2.130606
v -0.068320 1.950551 -2.130606
v -0.048346 1.935220 -2.130606
v -0.038681 1.951680 -2.781595
v -0.054789 1.963945 -2.781595
v -0.024989 1.925537 -2.130606
v -0.020157 1.943934 -2.781595
v -0.048346 2.102249 -2.130606
v -0.068320 2.086918 -2.130606
v -0.024989 2.111932 -2.130606
v -0.000022 2.115159 -2.130606
v 0.024946 2.111932 -2.130606
v -0.083623 2.066906 -2.130606
v -0.093288 2.043668 -2.130606
v 0.068115 2.086918 -2.130606
v 0.048141 2.102249 -2.130606
v 0.083579 2.066906 -2.130606
v -0.056883 2.117096 -2.130606
v -0.080401 2.099021 -2.130606
v -0.029500 2.128393 -2.130606
v -0.000183 2.132266 -2.130606
v 0.028973 2.128393 -2.130606
v -0.098442 2.075460 -2.130606
v -0.109718 2.048186 -2.130606
v 0.109191 2.048186 -2.130606
v 0.097915 2.075460 -2.130606
v 0.113057 2.018654 -2.130606
v 0.079874 2.099021 -2.130606
v 0.056356 2.117096 -2.130606
v 0.042181 2.178259 -1.577324
v -0.000344 2.183908 -1.577324
v -0.000183 2.183908 -2.077632
v 0.042181 2.178259 -2.077632
v -0.042708 2.178259 -1.577324
v -0.042708 2.178259 -2.077632
v 0.081968 2.161798 -1.577324
v 0.081968 2.161798 -2.077632
v -0.082495 2.161798 -1.577324
v -0.082495 2.161798 -2.077632
v -0.116806 2.135493 -2.077632
v 0.142535 2.101281 -1.577324
v -0.116806 2.135493 -1.577324
v -0.159492 2.061419 -2.077632
v -0.143062 2.101281 -2.077632
v -0.165130 2.018654 -2.077632
v 0.116279 2.135493 -1.577324
v 0.116279 2.135493 -2.077632
v 0.142535 2.101281 -2.077632
v 0.158965 2.061419 -2.077632
v 0.158965 2.061419 -1.577324
v 0.164603 2.018654 -2.077632
v 0.164603 2.018654 -1.577324
v 0.109191 1.989282 -2.130606
v 0.142535 1.936188 -1.577324
v 0.142535 1.936188 -2.077632
v 0.116279 1.901975 -2.077632
v 0.081968 1.875670 -2.077632
v 0.042181 1.859209 -2.077632
v -0.000344 1.853561 -2.077632
v 0.158965 1.976049 -2.077632
v 0.158965 1.976049 -1.577324
v -0.116806 1.901975 -2.077632
v -0.143062 1.936188 -2.077632
v -0.082495 1.875670 -2.077632
v -0.159492 1.976049 -2.077632
v -0.042708 1.859209 -2.077632
v -0.098442 1.962009 -2.130606
v -0.080401 1.938447 -2.130606
v -0.029500 1.909076 -2.130606
v -0.000183 1.905203 -2.130606
v 0.028973 1.909076 -2.130606
v 0.056356 1.920372 -2.130606
v 0.079874 1.938447 -2.130606
v 0.097915 1.962009 -2.130606
v -0.067063 2.057411 -3.933308
v -0.074805 2.038734 -3.933308
v -0.054793 2.073441 -3.933308
v -0.038725 2.085766 -3.933308
v -0.020100 2.093479 -3.933308
v -0.000014 2.096126 -3.933308
v 0.019998 2.093479 -3.933308
v 0.054691 2.073441 -3.933308
v 0.066962 2.057411 -3.933308
v 0.074704 2.038734 -3.933308
v 0.038623 2.085766 -3.933308
v 0.054691 1.964026 -5.690308
v 0.038623 1.951701 -5.690308
v 0.019998 1.943988 -5.690308
v -0.000014 1.941342 -5.690308
v -0.020100 1.943988 -5.690308
v 0.066962 1.980057 -5.690308
v -0.067063 1.980057 -5.690308
v -0.054793 1.964026 -5.690308
v -0.038725 1.951701 -5.690308
v 0.135683 1.909348 -1.164931
v -0.138414 1.909348 -1.164931
v -0.138414 1.909348 -0.584670
v 0.135683 1.909348 -0.584670
v -0.138414 2.130649 -0.584670
v 0.135683 2.130649 -0.584670
v 0.135683 2.130649 -1.164931
v -0.000093 2.115514 -1.164931
v 0.024946 2.112271 -1.164931
v 0.048379 2.102540 -1.164931
v 0.068330 2.087189 -1.164931
v -0.138414 2.130649 -1.164931
v 0.093370 2.043837 -1.164931
v 0.096718 2.018755 -1.164931
v 0.093370 1.993674 -1.164931
v -0.093557 2.043837 -1.164931
v -0.025133 1.925241 -1.164931
v -0.048432 1.934970 -1.164931
v -0.000093 1.921997 -1.164931
v 0.048379 1.934970 -1.164931
v 0.024946 1.925241 -1.164931
v -0.048432 1.934970 -1.577324
v -0.068517 1.950322 -1.577324
v -0.068517 1.950322 -1.164931
v -0.083916 1.970322 -1.577324
v -0.083916 1.970322 -1.164931
v -0.025133 1.925241 -1.577324
v -0.000093 1.921997 -1.577324
v -0.093557 1.993674 -1.577324
v -0.093557 1.993674 -1.164931
v -0.096770 2.018755 -1.577324
v -0.096770 2.018755 -1.164931
v -0.093557 2.043837 -1.577324
v -0.083916 2.067080 -1.577324
v -0.083916 2.067080 -1.164931
v -0.068517 2.087189 -1.164931
v -0.048432 2.102540 -1.164931
v -0.025133 2.112271 -1.164931
v 0.083729 1.970322 -1.164931
v 0.083729 2.067080 -1.164931
v 0.068330 1.950322 -1.164931
v 0.024946 1.925241 -1.577324
v 0.097905 1.952460 -3.233308
v 0.097782 1.952582 -3.853250
v 0.077984 1.932783 -3.853250
v 0.078228 1.932539 -3.233308
v 0.112693 1.976292 -3.853250
v 0.112693 1.976292 -3.233308
v 0.121859 2.002812 -3.853250
v 0.125036 2.030677 -3.853250
v 0.097660 1.992424 -3.853250
v 0.087516 1.967981 -3.853250
v 0.071384 1.947082 -3.853250
v 0.101082 2.018578 -3.853250
v 0.097660 2.044854 -3.853250
v 0.121859 2.058420 -3.853250
v 0.054274 1.917873 -3.233308
v 0.054274 1.917873 -3.853250
v 0.027753 1.908707 -3.233308
v 0.027753 1.908707 -3.853250
v 0.050485 1.930950 -3.853250
v 0.026042 1.920806 -3.853250
v -0.000112 1.917384 -3.853250
v -0.000112 1.905529 -3.853250
v -0.000112 1.905529 -3.233308
v -0.097884 1.952582 -3.233308
v -0.097884 1.952582 -3.853250
v -0.112794 1.976292 -3.853250
v -0.121960 2.002812 -3.853250
v -0.121960 2.002812 -3.233308
v -0.078085 1.932783 -3.233308
v -0.078085 1.932783 -3.853250
v -0.125138 2.030677 -3.853250
v -0.121960 2.058420 -3.853250
v -0.121960 2.058420 -3.233308
v -0.125138 2.030677 -3.233308
v -0.054375 1.917873 -3.853250
v -0.097884 2.108650 -3.853250
v -0.112794 2.084941 -3.853250
v -0.078085 2.128449 -3.853250
v -0.054375 2.143360 -3.853250
v -0.027855 2.152526 -3.853250
v -0.000112 2.155703 -3.853250
v 0.027753 2.152526 -3.853250
v -0.000112 2.119772 -3.853250
v 0.026042 2.116350 -3.853250
v -0.026388 2.116350 -3.853250
v -0.050709 2.106206 -3.853250
v 0.054274 2.143360 -3.853250
v 0.077984 2.128449 -3.853250
v 0.050485 2.106206 -3.853250
v 0.071384 2.090196 -3.853250
v 0.097782 2.108650 -3.853250
v 0.087516 2.069175 -3.853250
v 0.112693 2.084941 -3.853250
v -0.071730 2.090196 -3.853250
v -0.087740 2.069175 -3.853250
v -0.097884 2.044854 -3.853250
v -0.101306 2.018578 -3.853250
v -0.024799 1.926672 -3.933308
v -0.047776 1.936205 -3.933308
v -0.026388 1.920806 -3.853250
v -0.000112 1.923373 -3.933308
v -0.067452 1.951360 -3.933308
v -0.092018 1.994013 -3.933308
v -0.097884 1.992424 -3.853250
v -0.087740 1.967981 -3.853250
v -0.082607 1.971036 -3.933308
v 0.091794 1.994013 -3.933308
v 0.082261 1.971036 -3.933308
v 0.047430 1.936205 -3.933308
v 0.024453 1.926672 -3.933308
v 0.067106 1.951360 -3.933308
v 0.107737 1.994151 -6.232389
v 0.110546 2.018788 -5.837773
v 0.110546 2.018680 -6.232389
v 0.107737 2.043318 -5.837773
v 0.107737 2.043318 -6.232389
v 0.099632 1.970702 -6.232389
v 0.099632 2.066766 -6.232389
v 0.099632 2.066766 -5.837773
v 0.086449 2.087729 -5.837773
v 0.086449 2.087729 -6.232389
v 0.047981 2.118418 -6.232389
v 0.024532 2.126522 -6.232389
v -0.069045 1.932234 -6.232389
v 0.068944 2.105235 -6.232389
v 0.000003 2.129332 -6.232389
v -0.024634 2.126522 -6.232389
v -0.048082 2.118418 -6.232389
v -0.069045 2.105235 -6.232389
v -0.048082 2.118418 -5.837773
v -0.024634 2.126522 -5.837773
v 0.000003 2.129332 -5.837773
v 0.024532 2.126522 -5.837773
v 0.047981 2.118418 -5.837773
v 0.068944 2.105235 -5.837773
v 0.068944 1.932234 -6.232389
v 0.086449 1.949739 -6.232389
v 0.047981 1.919051 -6.232389
v 0.024532 1.910946 -6.232389
v 0.000003 1.908137 -6.232389
v -0.024634 1.910946 -6.232389
v -0.048082 1.919051 -6.232389
v -0.107838 1.994151 -6.232389
v -0.110648 2.018680 -6.232389
v -0.110648 2.018788 -5.837773
v -0.107838 2.043318 -6.232389
v -0.107838 2.043318 -5.837773
v -0.086551 2.087729 -6.232389
v -0.099734 2.066766 -6.232389
v -0.099734 1.970702 -6.232389
v -0.086551 1.949739 -6.232389
v 0.038597 2.085802 -3.183308
v 0.054643 2.073503 -3.183308
v 0.019957 2.093489 -3.183308
v -0.020109 2.093489 -3.183308
v -0.000028 2.096084 -3.183308
v -0.054794 2.073503 -3.183308
v -0.038748 2.085802 -3.183308
v -0.074779 2.038718 -3.183308
v -0.067092 2.057455 -3.183308
v 0.074724 2.038718 -3.183308
v 0.066941 2.057455 -3.183308
v 0.095573 2.018731 -3.183308
v 0.092306 1.993939 -3.183308
v -0.024913 1.926292 -3.183308
v -0.000124 1.923024 -3.183308
v 0.024665 1.926292 -3.183308
v 0.067517 1.951083 -3.183308
v 0.047725 1.935804 -3.183308
v 0.082698 1.970878 -3.183308
v -0.092554 1.993939 -3.183308
v -0.047972 1.935804 -3.183308
v -0.067765 1.951083 -3.183308
v -0.083042 1.970878 -3.183308
v -0.095821 2.018731 -3.183308
v 0.097399 2.044868 -3.233308
v 0.092306 2.043522 -3.183308
v 0.082698 2.066584 -3.183308
v 0.087310 2.069178 -3.233308
v 0.100858 2.018731 -3.233308
v -0.092554 2.043522 -3.183308
v -0.083042 2.066584 -3.183308
v -0.067765 2.086379 -3.183308
v -0.000124 2.114437 -3.183308
v -0.000124 2.119722 -3.233308
v 0.026010 2.116263 -3.233308
v 0.024665 2.111170 -3.183308
v -0.026258 2.116263 -3.233308
v -0.024913 2.111170 -3.183308
v -0.047972 2.101561 -3.183308
v -0.050662 2.106173 -3.233308
v 0.050319 2.106173 -3.233308
v 0.047725 2.101561 -3.183308
v -0.071512 2.090126 -3.233308
v 0.071265 2.090126 -3.233308
v 0.067517 2.086379 -3.183308
v -0.085300 1.977732 -5.790524
v -0.092231 1.997713 -5.790524
v -0.094633 2.018741 -5.790524
v -0.092231 2.039769 -5.790524
v -0.078369 1.956229 -5.790524
v -0.062474 1.940434 -5.790524
v -0.000005 1.924164 -5.790524
v -0.021074 1.926542 -5.790524
v 0.020973 1.926542 -5.790524
v 0.041026 1.933488 -5.790524
v -0.041127 1.933488 -5.790524
v -0.000005 1.918550 -5.790524
v -0.022368 1.921024 -5.790524
v 0.022266 1.921024 -5.790524
v 0.043429 1.928445 -5.790524
v 0.062373 1.940434 -5.790524
v 0.078268 1.956229 -5.790524
v 0.058954 1.944811 -5.790524
v 0.073924 1.959749 -5.790524
v 0.090189 1.975258 -5.790524
v 0.085198 1.977732 -5.790524
v 0.092129 1.997713 -5.790524
v 0.092129 2.039769 -5.690308
v 0.092129 2.039769 -5.790524
v 0.094532 2.018741 -5.790524
v 0.094532 2.018741 -5.690308
v 0.085198 2.059750 -5.690308
v 0.058954 2.092671 -5.690308
v 0.058954 2.092671 -5.790524
v 0.073924 2.077733 -5.790524
v 0.073924 2.077733 -5.690308
v 0.041026 2.103994 -5.690308
v 0.041026 2.103994 -5.790524
v 0.085198 2.059750 -5.790524
v 0.020973 2.110940 -5.790524
v -0.000005 2.113318 -5.690308
v -0.000005 2.113318 -5.790524
v 0.020973 2.110940 -5.690308
v -0.021074 2.110940 -5.690308
v -0.021074 2.110940 -5.790524
v -0.041127 2.103994 -5.790524
v -0.059055 2.092671 -5.790524
v -0.074026 2.077733 -5.790524
v -0.074026 2.077733 -5.690308
v -0.085300 2.059750 -5.690308
v -0.085300 2.059750 -5.790524
v -0.078369 2.081158 -5.790524
v 0.074704 2.038765 -2.781595
v 0.077341 2.018734 -2.781595
v -0.077442 2.018734 -2.781595
v 0.054673 1.964010 -3.183309
v 0.038645 1.951711 -3.183309
v 0.019980 1.943980 -3.183309
v -0.000051 1.941342 -3.183309
v -0.020081 1.943980 -3.183309
v 0.074704 1.998703 -3.183309
v 0.066972 1.980038 -3.183309
v 0.077341 2.018734 -3.183309
v -0.067074 1.980038 -3.183309
v -0.074805 1.998703 -3.183309
v -0.077442 2.018734 -3.183309
v -0.054775 1.964010 -3.183309
v -0.038747 1.951711 -3.183309
v -0.054775 2.073458 -2.781595
v -0.038747 2.085757 -2.781595
v -0.020081 2.093488 -2.781595
v -0.000051 2.096126 -2.781595
v 0.019980 2.093488 -2.781595
v -0.074805 2.038765 -2.781595
v -0.067074 2.057430 -2.781595
v 0.038645 2.085757 -2.781595
v 0.054673 2.073458 -2.781595
v 0.066972 2.057430 -2.781595
v -0.000050 2.115518 -1.577324
v -0.025100 2.112220 -1.577324
v -0.048442 2.102551 -1.577324
v 0.024999 2.112220 -1.577324
v 0.048342 2.102551 -1.577324
v -0.143001 2.101321 -1.577324
v -0.159502 2.061484 -1.577324
v -0.165130 2.018734 -1.577324
v -0.068487 2.087170 -1.577324
v 0.093436 2.043784 -1.577324
v 0.083767 2.067126 -1.577324
v 0.068386 2.087170 -1.577324
v 0.096733 2.018734 -1.577324
v 0.116224 1.901939 -1.577324
v 0.082016 1.875690 -1.577324
v 0.048342 1.934917 -1.577324
v 0.068386 1.950298 -1.577324
v 0.042179 1.859189 -1.577324
v -0.000264 1.853561 -1.577324
v 0.093436 1.993685 -1.577324
v 0.083767 1.970342 -1.577324
v -0.143001 1.936148 -1.577324
v -0.116751 1.901939 -1.577324
v -0.082543 1.875690 -1.577324
v -0.159501 1.975984 -1.577324
v -0.042706 1.859189 -1.577324
v -0.067074 2.057429 -5.690308
v -0.074805 2.038764 -5.690308
v -0.077442 2.018734 -3.933309
v -0.077442 2.018734 -5.690308
v -0.054775 2.073458 -5.690308
v -0.038747 2.085757 -5.690308
v -0.059022 2.092683 -5.690308
v -0.041089 2.103952 -5.690308
v -0.094633 2.018735 -5.690308
v -0.092262 2.039782 -5.690308
v -0.020081 2.093488 -5.690308
v -0.000051 2.096125 -5.690308
v 0.019980 2.093488 -5.690308
v 0.054673 2.073458 -5.690308
v 0.066972 2.057429 -5.690308
v 0.074704 2.038764 -5.690308
v 0.077341 2.018734 -5.690308
v 0.077341 2.018734 -3.933309
v 0.074704 1.998703 -5.690308
v 0.074704 1.998703 -3.933309
v 0.038645 2.085757 -5.690308
v -0.082548 2.066174 -3.933309
v -0.092054 2.043222 -3.933309
v -0.095297 2.018593 -3.933309
v -0.067425 2.085882 -3.933309
v 0.091784 2.043222 -3.933309
v 0.082277 2.066174 -3.933309
v 0.095027 2.018593 -3.933309
v 0.067154 2.085882 -3.933309
v -0.047716 2.101005 -3.933309
v -0.024765 2.110512 -3.933309
v -0.000135 2.113755 -3.933309
v 0.024495 2.110512 -3.933309
v 0.047446 2.101005 -3.933309
v 0.054673 1.964010 -3.933309
v 0.038645 1.951711 -3.933309
v 0.019980 1.943979 -3.933309
v -0.000051 1.941342 -3.933309
v -0.020081 1.943979 -3.933309
v 0.066972 1.980038 -3.933309
v -0.067074 1.980038 -3.933309
v -0.074805 1.998703 -5.690308
v -0.074805 1.998703 -3.933309
v -0.054775 1.964010 -3.933309
v -0.038747 1.951711 -3.933309
v 0.040987 1.933519 -5.690308
v 0.020996 1.926524 -5.690308
v -0.000051 1.924153 -5.690308
v 0.058921 1.944788 -5.690308
v 0.073897 1.959764 -5.690308
v 0.085165 1.977697 -5.690308
v 0.092161 1.997689 -5.690308
v -0.085267 1.977697 -5.690308
v -0.021097 1.926524 -5.690308
v -0.041089 1.933519 -5.690308
v -0.059022 1.944788 -5.690308
v -0.092262 1.997689 -5.690308
v 0.087327 1.968233 -3.233308
v 0.097416 1.992590 -3.233308
v 0.121900 2.002782 -3.233308
v 0.071277 1.947317 -3.233308
v 0.125036 2.030616 -3.233308
v 0.026004 1.921178 -3.233308
v 0.050361 1.931267 -3.233308
v -0.000135 1.917737 -3.233308
v -0.027885 1.908665 -3.853310
v -0.027885 1.908665 -3.233308
v -0.112750 1.976343 -3.233308
v -0.054324 1.917917 -3.233308
v -0.097687 1.992590 -3.233308
v -0.087597 1.968233 -3.233308
v -0.071548 1.947317 -3.233308
v -0.050632 1.931267 -3.233308
v -0.026274 1.921178 -3.233308
v -0.101128 2.018729 -3.233308
v -0.097687 2.044868 -3.233308
v -0.097848 2.108607 -3.233308
v -0.112750 2.084889 -3.233308
v -0.087597 2.069226 -3.233308
v -0.078041 2.128412 -3.233308
v -0.054324 2.143315 -3.233308
v -0.027885 2.152567 -3.233308
v -0.000051 2.155703 -3.233308
v 0.054223 2.143315 -3.233308
v 0.027784 2.152567 -3.233308
v 0.077940 2.128412 -3.233308
v 0.097746 2.108607 -3.233308
v 0.112649 2.084889 -3.233308
v 0.121900 2.058451 -3.233308
v -0.050736 1.930969 -3.853310
v -0.071696 1.947053 -3.853310
v 0.107773 1.994124 -5.837774
v 0.099594 1.970748 -5.837772
v 0.090213 2.062203 -5.790523
v 0.078277 2.081199 -5.790523
v 0.097623 2.041028 -5.790523
v 0.097623 1.996442 -5.790523
v 0.100134 2.018735 -5.790523
v -0.069007 2.105202 -5.837774
v -0.062515 2.097063 -5.790523
v -0.043519 2.108999 -5.790523
v -0.022344 2.116408 -5.790523
v -0.000051 2.118920 -5.790523
v 0.022242 2.116408 -5.790523
v 0.062414 2.097063 -5.790523
v 0.043418 2.108999 -5.790523
v 0.068905 1.932266 -5.837772
v 0.086417 1.949778 -5.837772
v 0.047935 1.919090 -5.837772
v 0.024559 1.910910 -5.837772
v -0.000051 1.908138 -5.837772
v -0.024661 1.910910 -5.837772
v -0.048037 1.919090 -5.837772
v -0.107875 1.994124 -5.837774
v -0.097724 1.996442 -5.790523
v -0.100236 2.018735 -5.790523
v -0.097724 2.041028 -5.790523
v -0.099695 2.066721 -5.837774
v -0.090314 2.062203 -5.790523
v -0.086519 2.087690 -5.837774
v -0.069007 1.932266 -5.837772
v -0.086519 1.949778 -5.837772
v -0.099695 1.970748 -5.837772
v -0.073998 1.959764 -5.690308
v -0.073998 1.959764 -5.790523
v -0.059022 1.944788 -5.790523
v -0.090314 1.975266 -5.790522
v -0.043519 1.928471 -5.790522
vn -0.5713 -0.4374 0.6944
vn -0.5710 -0.4382 0.6942
vn -0.4386 -0.5706 0.6943
vn -0.4381 -0.5714 0.6940
vn -0.6657 -0.2744 0.6940
vn -0.6651 -0.2750 0.6943
vn -0.0000 -0.0000 -1.0000
vn -0.7135 -0.0941 0.6943
vn -0.7138 -0.0934 0.6941
vn -0.0000 -0.0000 1.0000
vn -0.7933 0.6088 -0.0000
vn -0.7930 0.6092 -0.0000
vn -0.9245 0.3811 -0.0000
vn -0.9914 0.1312 -0.0000
vn -0.1315 0.9913 -0.0000
vn -0.1317 0.9913 -0.0000
vn -0.6088 0.7933 -0.0000
vn -0.6084 0.7936 -0.0000
vn -0.3827 0.9239 -0.0000
vn -0.3823 0.9240 -0.0000
vn 0.5710 -0.4382 0.6942
vn 0.4386 -0.5706 0.6943
vn 0.6084 -0.7936 -0.0000
vn 0.7137 -0.0941 0.6941
vn 0.7136 -0.0934 0.6943
vn 0.9914 -0.1305 -0.0000
vn 0.9914 -0.1307 -0.0000
vn 0.6655 -0.2743 0.6942
vn 0.6654 -0.2751 0.6939
vn 0.5713 -0.4375 0.6944
vn 0.7936 -0.6084 -0.0000
vn 0.7933 -0.6088 -0.0000
vn -0.9914 -0.1307 -0.0000
vn -0.9245 -0.3811 -0.0000
vn -0.6084 -0.7936 -0.0000
vn -0.7933 -0.6088 -0.0000
vn -0.4381 0.5714 0.6940
vn -0.0947 0.7130 0.6948
vn -0.4386 0.5706 0.6943
vn -0.5710 0.4382 0.6942
vn -0.2745 0.6654 0.6942
vn -0.2751 0.6649 0.6945
vn -0.7136 0.0944 0.6941
vn -0.7135 0.0939 0.6943
vn -0.5713 0.4374 0.6944
vn -0.6655 0.2743 0.6942
vn -0.6654 0.2751 0.6939
vn 0.0942 0.7131 0.6947
vn 0.0950 0.7127 0.6950
vn 0.9914 0.1305 -0.0000
vn 0.9914 0.1312 -0.0000
vn 0.3827 0.9239 -0.0000
vn 0.3823 0.9240 -0.0000
vn 0.1315 0.9913 -0.0000
vn 0.1322 0.9912 -0.0000
vn 0.9239 0.3827 -0.0001
vn 0.9245 0.3811 0.0001
vn 0.7934 0.6088 -0.0000
vn 0.7933 0.6088 -0.0000
vn 0.6088 0.7933 -0.0000
vn 0.6084 0.7936 -0.0000
vn 0.6651 0.2750 0.6943
vn 0.6657 0.2744 0.6940
vn 0.5710 0.4382 0.6942
vn 0.4386 0.5706 0.6943
vn 0.4381 0.5714 0.6940
vn 0.2751 0.6649 0.6945
vn 0.2745 0.6654 0.6942
vn 0.5713 0.4374 0.6944
vn 0.7135 0.0944 0.6943
vn 0.7137 0.0939 0.6941
vn -0.7934 0.6088 -0.0000
vn -0.7967 0.6044 0.0002
vn 0.9231 0.3846 -0.0000
vn 0.9912 0.1322 -0.0001
vn -0.9914 0.1305 -0.0000
vn -0.9916 0.1294 0.0001
vn -0.1305 0.9914 -0.0000
vn -0.1282 0.9917 0.0001
vn 0.1305 0.9914 -0.0000
vn 0.1272 0.9919 0.0001
vn -0.9239 0.3827 -0.0000
vn -0.9231 0.3846 0.0001
vn 0.7934 0.6088 0.0001
vn 0.7967 0.6044 -0.0002
vn 0.1305 -0.9910 0.0290
vn 0.1282 -0.9913 0.0291
vn -0.1305 -0.9910 0.0291
vn -0.1282 -0.9913 0.0290
vn 0.9235 -0.3825 0.0290
vn 0.9229 -0.3838 0.0291
vn 0.3825 -0.9235 0.0290
vn 0.3828 -0.9234 0.0290
vn 0.6088 0.7934 -0.0000
vn 0.6058 0.7956 0.0001
vn 0.3827 0.9239 0.0002
vn 0.3858 0.9226 -0.0000
vn 0.6085 -0.7930 0.0291
vn 0.6086 -0.7929 0.0291
vn -0.3827 0.9239 0.0001
vn -0.3830 0.9238 0.0001
vn -0.3828 0.9234 0.0290
vn -0.3851 0.9224 0.0289
vn -0.1282 0.9913 0.0290
vn -0.6055 0.7953 0.0289
vn -0.6086 0.7929 0.0288
vn -0.9913 0.1285 0.0291
vn -0.9912 0.1293 0.0292
vn -0.7909 0.6112 0.0291
vn -0.7964 0.6041 0.0288
vn -0.9229 0.3838 0.0291
vn -0.9227 0.3844 0.0291
vn -0.9910 -0.1305 0.0291
vn -0.9914 -0.1277 0.0292
vn 0.9229 0.3838 0.0291
vn 0.9227 0.3844 0.0291
vn 0.3828 0.9234 0.0289
vn 0.3856 0.9222 0.0290
vn 0.1271 0.9915 0.0290
vn 0.1282 0.9913 0.0290
vn -0.6088 0.7934 -0.0000
vn -0.6058 0.7956 0.0002
vn 0.7940 0.6072 0.0290
vn 0.7964 0.6041 0.0291
vn 0.9908 0.1321 0.0290
vn 0.9913 0.1285 0.0292
vn 0.6055 0.7953 0.0289
vn 0.6086 0.7929 0.0291
vn 0.9910 -0.1305 0.0291
vn 0.9914 -0.1277 0.0290
vn 0.0947 -0.7128 0.6949
vn 0.0942 -0.7131 0.6947
vn -0.0950 -0.7128 0.6949
vn -0.0947 -0.7130 0.6948
vn -0.2751 -0.6649 0.6945
vn -0.2745 -0.6654 0.6942
vn 0.3823 -0.9240 -0.0000
vn -0.1322 -0.9912 -0.0000
vn -0.1317 -0.9913 -0.0000
vn 0.1322 -0.9912 -0.0000
vn 0.1317 -0.9913 -0.0000
vn -0.3823 -0.9240 -0.0000
vn 0.2751 -0.6649 0.6945
vn 0.2745 -0.6654 0.6942
vn -0.0000 0.0001 -1.0000
vn 0.9239 -0.3827 0.0001
vn 0.9245 -0.3811 -0.0001
vn 0.4381 -0.5714 0.6940
vn -0.9235 -0.3825 0.0292
vn -0.9229 -0.3838 0.0291
vn -0.7930 -0.6085 0.0291
vn -0.7909 -0.6112 0.0290
vn 0.7930 -0.6085 0.0291
vn 0.7940 -0.6072 0.0290
vn -0.6085 -0.7930 0.0290
vn -0.6086 -0.7929 0.0290
vn -0.3825 -0.9235 0.0290
vn -0.3851 -0.9224 0.0291
vn 0.9239 0.3827 -0.0000
vn 0.9236 0.3835 -0.0000
vn -0.9236 0.3835 -0.0000
vn -0.7941 0.6078 -0.0000
vn 0.6086 0.7935 -0.0000
vn 0.7941 0.6078 -0.0000
vn -0.6086 0.7935 -0.0000
vn -0.0000 0.0001 1.0000
vn 0.1306 0.9914 -0.0000
vn -0.1311 0.9914 -0.0000
vn -0.3826 0.9239 -0.0000
vn -0.0000 -0.0001 -1.0000
vn -0.0000 0.0002 -1.0000
vn 0.3826 0.9239 -0.0000
vn -0.1305 -0.9914 -0.0000
vn -0.1311 -0.9914 -0.0000
vn 0.1305 -0.9914 -0.0000
vn 0.1306 -0.9914 -0.0000
vn 0.3827 -0.9239 -0.0000
vn 0.3826 -0.9239 -0.0000
vn -0.9914 -0.1305 -0.0000
vn -0.9239 -0.3827 -0.0000
vn -0.9238 -0.3829 -0.0000
vn -0.7941 -0.6078 -0.0000
vn 0.7934 -0.6088 -0.0000
vn 0.7941 -0.6078 -0.0000
vn 0.9239 -0.3827 -0.0000
vn 0.9238 -0.3829 -0.0000
vn 0.6088 -0.7934 -0.0000
vn 0.6086 -0.7935 -0.0000
vn -0.3827 -0.9239 -0.0000
vn -0.3826 -0.9239 -0.0000
vn -0.6088 -0.7934 -0.0000
vn -0.6086 -0.7935 -0.0000
vn -0.9914 -0.1305 -0.0001
vn -0.9912 -0.1323 -0.0000
vn -0.7933 -0.6088 -0.0001
vn -0.7939 -0.6080 -0.0001
vn -0.9239 0.3827 -0.0001
vn -0.9243 0.3816 -0.0001
vn -0.9912 0.1323 -0.0002
vn 0.7939 -0.6080 0.0001
vn 0.7931 -0.6091 -0.0000
vn 0.9919 -0.1271 -0.0000
vn 0.9237 -0.3831 -0.0000
vn 0.6088 -0.7934 0.0001
vn 0.6073 -0.7945 -0.0000
vn 0.3854 -0.9228 0.0001
vn -0.1285 0.9917 -0.0000
vn -0.3822 0.9241 -0.0001
vn -0.3835 0.9235 -0.0000
vn -0.7924 0.6101 -0.0001
vn -0.6098 -0.7925 -0.0000
vn -0.9239 -0.3827 -0.0001
vn -0.9237 -0.3831 -0.0001
vn -0.3827 -0.9239 0.0001
vn -0.3835 -0.9235 -0.0000
vn -0.6088 0.7933 -0.0001
vn -0.6098 0.7925 -0.0000
vn -0.1285 -0.9917 0.0001
vn 0.1305 -0.9914 0.0001
vn 0.1285 -0.9917 -0.0000
vn -1.0000 -0.0000 -0.0000
vn 0.6073 0.7945 -0.0000
vn 1.0000 -0.0000 -0.0000
vn -0.0000 -1.0000 -0.0000
vn -0.0000 1.0000 -0.0000
vn 0.1285 0.9917 -0.0000
vn 0.3854 0.9228 -0.0000
vn 0.7924 0.6101 -0.0000
vn 0.9243 0.3816 -0.0000
vn 0.9919 0.1271 -0.0000
vn 0.1321 0.9884 0.0750
vn 0.1288 0.9889 0.0740
vn 0.6071 0.7912 0.0742
vn 0.6085 0.7900 0.0748
vn 0.0001 0.0001 1.0000
vn 0.3840 0.9203 0.0751
vn 0.3822 0.9211 0.0744
vn -0.0006 -0.0048 1.0000
vn -0.0022 -0.0000 1.0000
vn 0.9229 0.3780 0.0736
vn 0.9210 0.3822 0.0751
vn 0.9885 0.1319 0.0742
vn 0.9888 0.1294 0.0750
vn 0.0078 0.0089 0.9999
vn 0.0014 0.0009 1.0000
vn 0.0051 0.0081 1.0000
vn 0.0023 0.0023 1.0000
vn -0.0043 -0.0044 1.0000
vn 0.6071 -0.7912 0.0741
vn 0.6042 -0.7933 0.0752
vn 0.7911 -0.6070 0.0753
vn 0.7934 -0.6042 0.0741
vn 0.9213 -0.3816 0.0741
vn 0.9204 -0.3839 0.0748
vn -0.8467 -0.5320 -0.0001
vn -0.8465 -0.5324 -0.0001
vn -0.9439 -0.3303 -0.0001
vn -0.9451 -0.3267 0.0001
vn -0.9937 -0.1120 0.0001
vn -0.9935 -0.1138 -0.0000
vn 0.9887 -0.1302 0.0742
vn 0.9889 -0.1288 0.0746
vn 0.3816 -0.9213 0.0749
vn 0.3839 -0.9204 0.0741
vn 0.1302 -0.9887 0.0743
vn 0.1288 -0.9889 0.0747
vn 0.7915 0.6066 0.0746
vn 0.7901 0.6085 0.0739
vn -0.3821 0.9211 0.0751
vn -0.3822 0.9210 0.0750
vn -0.1328 0.9884 0.0739
vn -0.1294 0.9888 0.0750
vn -0.6085 0.7900 0.0751
vn -0.6093 0.7894 0.0747
vn -0.3816 -0.9213 0.0743
vn -0.3822 -0.9211 0.0746
vn -0.1302 -0.9887 0.0746
vn -0.1294 -0.9888 0.0744
vn -0.6071 -0.7911 0.0747
vn -0.6065 -0.7916 0.0745
vn -0.7900 0.6085 0.0747
vn -0.7894 0.6093 0.0751
vn -0.9211 0.3821 0.0750
vn -0.9210 0.3822 0.0751
vn -0.7911 -0.6071 0.0745
vn -0.0013 -0.0038 1.0000
vn 0.0001 -0.0000 1.0000
vn -0.9213 -0.3816 0.0754
vn -0.9204 -0.3839 0.0746
vn -0.9887 0.1300 0.0750
vn -0.9888 0.1294 0.0748
vn -0.0001 -0.0000 1.0000
vn -0.9887 -0.1302 0.0748
vn -0.9888 -0.1288 0.0752
vn -0.3267 0.9451 -0.0000
vn 0.9445 0.3286 -0.0000
vn 0.9451 0.3267 -0.0001
vn 0.7071 0.7071 -0.0000
vn 0.9935 -0.1138 -0.0000
vn -0.1133 0.9936 -0.0000
vn 0.1122 0.9937 -0.0000
vn 0.8477 0.5304 -0.0001
vn 0.8465 0.5324 -0.0000
vn -0.9446 0.3283 0.0001
vn -0.9451 0.3267 -0.0000
vn -0.7115 0.7027 0.0006
vn -0.7071 0.7071 0.0003
vn -0.8497 0.5273 -0.0000
vn -0.8465 0.5324 0.0003
vn -0.9937 0.1120 -0.0000
vn -0.9936 0.1133 0.0001
vn -0.5324 0.8465 -0.0000
vn -0.5222 0.8529 0.0005
vn 0.9936 0.1133 -0.0000
vn 0.5320 -0.8467 -0.0001
vn 0.5324 -0.8465 -0.0001
vn 0.3303 -0.9439 -0.0001
vn 0.3267 -0.9451 0.0001
vn 0.1120 -0.9937 0.0001
vn 0.1138 -0.9935 -0.0000
vn -0.3303 -0.9439 0.0001
vn -0.3267 -0.9451 -0.0001
vn -0.7071 -0.7071 -0.0001
vn -0.1120 -0.9937 -0.0000
vn -0.1133 -0.9936 0.0001
vn -0.5320 -0.8467 -0.0001
vn -0.5324 -0.8465 -0.0001
vn 0.5304 0.8477 -0.0001
vn 0.5324 0.8465 -0.0000
vn 0.3303 0.9439 -0.0000
vn 0.3283 0.9446 -0.0001
vn 0.0001 0.0001 -1.0000
vn 0.9445 -0.3286 -0.0001
vn 0.9451 -0.3267 -0.0000
vn 0.7071 -0.7071 -0.0001
vn 0.8467 -0.5320 -0.0001
vn 0.8465 -0.5323 -0.0001
vn 0.9936 -0.1133 -0.0000
vn 0.9937 0.1117 -0.0000
vn 0.9935 0.1138 0.0001
vn -0.5320 0.8467 -0.0001
vn -0.5324 0.8465 -0.0001
vn -0.8467 0.5320 -0.0001
vn -0.8465 0.5323 -0.0001
vn -0.7071 0.7071 -0.0001
vn -0.3303 0.9439 0.0001
vn -0.3267 0.9451 -0.0001
vn 0.3303 0.9439 -0.0001
vn 0.3267 0.9451 0.0001
vn 0.1120 0.9937 0.0001
vn 0.1133 0.9936 -0.0000
vn -0.1120 0.9937 -0.0000
vn -0.1138 0.9935 0.0001
vn -0.0000 -0.0001 1.0000
vn 0.7071 0.7071 -0.0001
vn 0.9439 0.3303 0.0001
vn 0.8467 0.5320 -0.0001
vn 0.8465 0.5323 -0.0001
vn 0.5320 0.8467 -0.0001
vn 0.5324 0.8465 -0.0001
vn 0.9220 -0.3226 -0.2139
vn 0.9228 -0.3211 -0.2131
vn 0.9709 -0.1094 -0.2131
vn 0.9705 -0.1112 -0.2140
vn 0.9707 0.1094 -0.2138
vn 0.9707 0.1091 -0.2139
vn -0.6906 -0.6906 -0.2149
vn -0.9707 -0.1094 -0.2140
vn -0.9707 -0.1112 -0.2132
vn -0.9707 0.1094 -0.2139
vn -0.9708 0.1091 -0.2138
vn -0.9439 0.3303 -0.0001
vn -0.9451 0.3267 0.0001
vn -0.9936 -0.1133 -0.0000
vn -0.9937 0.1117 0.0001
vn -0.9935 0.1138 -0.0000
vn -0.8465 -0.5323 -0.0000
vn -0.9222 -0.3227 -0.2130
vn -0.9231 -0.3190 -0.2148
vn -0.8269 -0.5196 -0.2150
vn -0.8268 -0.5199 -0.2148
vn -0.9451 -0.3267 -0.0000
vn 0.3227 -0.9222 -0.2130
vn 0.3190 -0.9231 -0.2148
vn 0.5196 -0.8269 -0.2150
vn 0.5216 -0.8259 -0.2139
vn -0.7071 -0.7071 -0.0000
vn 0.1094 -0.9707 -0.2138
vn 0.1107 -0.9707 -0.2132
vn -0.3226 -0.9218 -0.2149
vn -0.3192 -0.9234 -0.2131
vn -0.5196 -0.8270 -0.2148
vn -0.5199 -0.8267 -0.2150
vn -0.1094 -0.9709 -0.2131
vn -0.1112 -0.9705 -0.2140
vn 0.3267 -0.9451 -0.0000
vn 0.5340 -0.8455 -0.0000
vn 0.1133 -0.9936 -0.0000
vn -0.3267 -0.9451 -0.0000
vn -0.5324 -0.8465 -0.0000
vn -0.1138 -0.9935 -0.0000
vn 0.9189 0.3806 -0.1039
vn 0.9194 0.3792 -0.1046
vn -0.1300 -0.9861 -0.1039
vn -0.1305 -0.9860 -0.1042
vn 0.7891 0.6055 -0.1039
vn 0.7872 0.6076 -0.1053
vn 0.1300 -0.9861 -0.1039
vn 0.1305 -0.9860 -0.1042
vn 0.3799 -0.9190 -0.1052
vn 0.3826 -0.9181 -0.1038
vn -0.3813 -0.9185 -0.1045
vn -0.3826 -0.9181 -0.1038
vn 0.6054 0.7889 -0.1052
vn 0.6077 0.7873 -0.1038
vn 0.3806 0.9189 -0.1036
vn 0.3793 0.9194 -0.1044
vn 0.1298 0.9860 -0.1043
vn 0.1300 0.9860 -0.1044
vn 0.9860 -0.1298 -0.1047
vn 0.9860 -0.1299 -0.1047
vn 0.9860 0.1298 -0.1047
vn 0.9860 0.1299 -0.1047
vn 0.9189 -0.3806 -0.1038
vn 0.9194 -0.3792 -0.1046
vn 0.7882 -0.6066 -0.1039
vn 0.7873 -0.6076 -0.1045
vn 0.6065 -0.7881 -0.1053
vn 0.6053 -0.7891 -0.1045
vn -0.6048 -0.7895 -0.1045
vn -0.6053 -0.7891 -0.1042
vn -0.7895 -0.6048 -0.1045
vn -0.7892 -0.6052 -0.1042
vn -0.7937 -0.6083 -0.0000
vn -0.9235 -0.3836 -0.0000
vn -0.9915 -0.1299 -0.0000
vn 0.1281 -0.9918 0.0001
vn -0.1305 -0.9914 0.0001
vn -0.1287 -0.9917 -0.0000
vn -0.6084 -0.7937 -0.0000
vn -0.3813 -0.9245 -0.0001
vn 0.6088 -0.7934 -0.0001
vn 0.6084 -0.7937 -0.0001
vn 0.9912 -0.1321 -0.0000
vn 0.9914 -0.1305 0.0001
vn 0.7934 -0.6088 -0.0001
vn 0.7937 -0.6083 -0.0001
vn 0.3813 -0.9245 -0.0001
vn 0.9252 -0.3795 -0.0001
vn -0.9188 0.3806 -0.1052
vn -0.9181 0.3825 -0.1041
vn -0.9860 0.1298 -0.1042
vn -0.9860 0.1299 -0.1043
vn -0.7890 0.6054 -0.1049
vn -0.7891 0.6052 -0.1051
vn -0.1298 0.9860 -0.1043
vn -0.1300 0.9860 -0.1043
vn -0.6055 0.7891 -0.1035
vn -0.6077 0.7872 -0.1050
vn -0.3806 0.9189 -0.1035
vn -0.3793 0.9194 -0.1042
vn -0.0001 -0.0001 -1.0000
vn -0.9860 -0.1305 -0.1039
vn -0.9860 -0.1299 -0.1042
vn -0.9186 -0.3812 -0.1045
vn -0.9181 -0.3825 -0.1038
vn 0.0001 -0.0000 -1.0000
vn -0.8473 -0.5312 -0.0000
vn -0.9448 -0.3277 -0.0000
vn 0.1122 -0.9937 -0.0000
vn -0.3273 -0.9449 -0.0000
vn -0.1127 -0.9936 -0.0000
vn -0.9439 0.3303 -0.0002
vn -0.9448 0.3277 0.0004
vn -0.5340 -0.8455 -0.0000
vn -0.7063 -0.7079 -0.0000
vn 0.6906 -0.6906 -0.2146
vn 0.6918 -0.6896 -0.2139
vn 0.7058 -0.7084 -0.0001
vn 0.7063 -0.7079 -0.0000
vn -0.0001 0.0001 -1.0000
vn -0.0001 -0.0000 -1.0000
vn 0.8271 -0.5197 -0.2139
vn 0.8263 -0.5207 -0.2145
vn 0.9442 -0.3292 -0.0000
vn 0.9448 -0.3277 0.0003
vn 0.3273 -0.9449 -0.0005
vn 0.3296 -0.9441 -0.0000
vn 0.8473 -0.5312 -0.0000
vn 0.5320 -0.8467 -0.0006
vn 0.5340 -0.8455 -0.0001
vn 0.1119 0.9937 0.0002
vn 0.1122 0.9937 0.0002
vn -0.1119 0.9937 0.0001
vn -0.1127 0.9936 0.0002
vn -0.0003 -0.0001 -1.0000
vn 0.1094 0.9707 -0.2140
vn 0.1074 0.9711 -0.2131
vn -0.1094 0.9709 -0.2131
vn -0.1078 0.9709 -0.2139
vn 0.3303 0.9439 -0.0004
vn 0.3273 0.9449 0.0002
vn -0.3303 0.9439 0.0003
vn -0.3273 0.9449 -0.0004
vn 0.5320 0.8467 -0.0000
vn 0.5339 0.8455 -0.0005
vn 0.9937 0.1120 -0.0000
vn 0.9935 0.1135 0.0003
vn 0.9439 0.3303 0.0004
vn 0.9448 0.3277 -0.0002
vn 0.6906 0.6906 -0.2149
vn 0.6886 0.6930 -0.2134
vn 0.0003 0.0003 -1.0000
vn 0.9220 0.3226 -0.2139
vn 0.9937 -0.1120 0.0003
vn 0.9935 -0.1135 -0.0000
vn 0.8272 0.5197 -0.2136
vn 0.8274 0.5192 -0.2139
vn -0.8271 0.5197 -0.2142
vn -0.8279 0.5186 -0.2136
vn -0.9220 0.3226 -0.2139
vn -0.9217 0.3234 -0.2143
vn -0.9935 -0.1135 -0.0000
vn -0.9937 0.1119 0.0003
vn -0.9935 0.1135 -0.0000
vn -0.5320 0.8467 -0.0005
vn -0.5340 0.8455 -0.0000
vn -0.7063 0.7079 -0.0003
vn -0.8467 0.5320 -0.0003
vn -0.8473 0.5312 -0.0001
vn -0.0002 -0.0002 -1.0000
vn -0.3227 0.9221 -0.2134
vn -0.3233 0.9220 -0.2130
vn -0.6908 0.6908 -0.2135
vn -0.6884 0.6928 -0.2149
vn -0.5196 0.8270 -0.2148
vn -0.5225 0.8256 -0.2133
vn 0.3227 0.9222 -0.2131
vn 0.3244 0.9214 -0.2139
vn -0.0002 -0.0003 -1.0000
vn 0.5197 0.8271 -0.2139
vn 0.5213 0.8259 -0.2148
s 0
f 4125//2960 4147//2960 4127//2960
f 4127//2961 4147//2961 4146//2961
f 4127//2962 4146//2962 4128//2962
f 4136//2963 4128//2963 4146//2963
f 4124//2964 4148//2964 4147//2964
f 4124//2965 4147//2965 4125//2965
f 4135//2966 4145//2966 4140//2966
f 4135//2966 4140//2966 4129//2966
f 4126//2967 4150//2967 4148//2967
f 4126//2968 4148//2968 4124//2968
f 4152//2969 4126//2969 4085//2969
f 4152//2969 4085//2969 4083//2969
f 4154//2970 4155//2970 4478//2970
f 4154//2971 4478//2971 4153//2971
f 4153//2972 4160//2972 4159//2972
f 4153//2972 4159//2972 4154//2972
f 4150//2973 4159//2973 4160//2973
f 4150//2973 4160//2973 4151//2973
f 4484//2966 4477//2966 4151//2966
f 4484//2966 4151//2966 4160//2966
f 4483//2974 4482//2974 4157//2974
f 4483//2975 4157//2975 4158//2975
f 4479//2976 4478//2976 4155//2976
f 4479//2977 4155//2977 4156//2977
f 4478//2966 4480//2966 4481//2966
f 4478//2966 4481//2966 4153//2966
f 4482//2978 4479//2978 4156//2978
f 4482//2979 4156//2979 4157//2979
f 4477//2966 4474//2966 4149//2966
f 4477//2966 4149//2966 4151//2966
f 4097//2969 4113//2969 4123//2969
f 4097//2969 4123//2969 4098//2969
f 4139//2980 4143//2980 4118//2980
f 4139//2981 4118//2981 4117//2981
f 4137//2982 4141//2982 4139//2982
f 4137//2982 4139//2982 4138//2982
f 4123//2983 4142//2983 4144//2983
f 4123//2984 4144//2984 4098//2984
f 4471//2985 4472//2985 4144//2985
f 4471//2986 4144//2986 4142//2986
f 4122//2987 4143//2987 4142//2987
f 4122//2988 4142//2988 4123//2988
f 4143//2989 4122//2989 4118//2989
f 4141//2990 4470//2990 4143//2990
f 4141//2991 4143//2991 4139//2991
f 4148//2992 4150//2992 4151//2992
f 4148//2992 4151//2992 4149//2992
f 4474//2966 4475//2966 4140//2966
f 4474//2966 4140//2966 4149//2966
f 4476//2966 4469//2966 4140//2966
f 4476//2966 4140//2966 4475//2966
f 4147//2993 4148//2993 4149//2993
f 4147//2993 4149//2993 4140//2993
f 4473//2966 4470//2966 4141//2966
f 4473//2966 4141//2966 4467//2966
f 4136//2994 4146//2994 4145//2994
f 4136//2994 4145//2994 4135//2994
f 4146//2995 4147//2995 4140//2995
f 4146//2995 4140//2995 4145//2995
f 4485//2966 4484//2966 4160//2966
f 4171//2996 4156//2996 4155//2996
f 4157//2997 4170//2997 4169//2997
f 4157//2997 4169//2997 4158//2997
f 4172//2998 4171//2998 4155//2998
f 4172//2999 4155//2999 4154//2999
f 4156//3000 4171//3000 4170//3000
f 4156//3001 4170//3001 4157//3001
f 4101//2969 4096//2969 4100//2969
f 4101//2969 4100//2969 4102//2969
f 4168//2969 4105//2969 4102//2969
f 4168//2969 4102//2969 4100//2969
f 4105//2969 4168//2969 4169//2969
f 4105//2969 4169//2969 4091//2969
f 4087//2969 4170//2969 4171//2969
f 4087//2969 4171//2969 4088//2969
f 4081//2969 4172//2969 4173//2969
f 4081//2969 4173//2969 4082//2969
f 4082//2969 4173//2969 4152//2969
f 4082//2969 4152//2969 4083//2969
f 4152//3002 4159//3002 4150//3002
f 4152//3003 4150//3003 4126//3003
f 4154//3004 4173//3004 4172//3004
f 4091//2969 4169//2969 4170//2969
f 4091//2969 4170//2969 4087//2969
f 4088//2969 4171//2969 4172//2969
f 4088//2969 4172//2969 4081//2969
f 4173//3005 4154//3005 4159//3005
f 4173//3006 4159//3006 4152//3006
f 4169//3007 4168//3007 4165//3007
f 4169//3008 4165//3008 4158//3008
f 4472//3009 4489//3009 4164//3009
f 4472//3010 4164//3010 4144//3010
f 4488//3011 4490//3011 4165//3011
f 4488//3012 4165//3012 4163//3012
f 4490//3013 4483//3013 4158//3013
f 4490//3014 4158//3014 4165//3014
f 4489//3015 4486//3015 4162//3015
f 4489//3016 4162//3016 4164//3016
f 4153//2966 4481//2966 4485//2966
f 4153//2966 4485//2966 4160//2966
f 4486//3017 4487//3017 4161//3017
f 4486//3018 4161//3018 4162//3018
f 4487//3019 4488//3019 4163//3019
f 4487//3020 4163//3020 4161//3020
f 4162//3021 4166//3021 4099//3021
f 4162//3022 4099//3022 4164//3022
f 4167//3023 4162//3023 4161//3023
f 4167//3024 4161//3024 4100//3024
f 4161//3025 4163//3025 4100//3025
f 4163//3026 4165//3026 4168//3026
f 4163//3027 4168//3027 4100//3027
f 4098//2969 4096//2969 4095//2969
f 4098//2969 4095//2969 4097//2969
f 4166//3028 4162//3028 4167//3028
f 4098//3029 4144//3029 4164//3029
f 4098//3030 4164//3030 4099//3030
f 4166//2969 4167//2969 4100//2969
f 4166//2969 4100//2969 4099//2969
f 4079//3031 4448//3031 4442//3031
f 4079//3032 4442//3032 4080//3032
f 4093//3015 4450//3015 4451//3015
f 4093//3033 4451//3033 4094//3033
f 4451//3009 4452//3009 4441//3009
f 4451//3034 4441//3034 4094//3034
f 4440//3035 4449//3035 4447//3035
f 4440//3036 4447//3036 4084//3036
f 4444//3037 4445//3037 4092//3037
f 4444//3038 4092//3038 4090//3038
f 4092//3039 4445//3039 4446//3039
f 4092//3040 4446//3040 4106//3040
f 4447//3041 4448//3041 4079//3041
f 4447//3042 4079//3042 4084//3042
f 4104//3043 4453//3043 4450//3043
f 4104//3044 4450//3044 4093//3044
f 4457//3045 4458//3045 4110//3045
f 4457//3046 4110//3046 4109//3046
f 4458//3047 4459//3047 4111//3047
f 4458//3048 4111//3048 4110//3048
f 4460//3049 4461//3049 4112//3049
f 4460//3050 4112//3050 4113//3050
f 4456//3051 4457//3051 4109//3051
f 4456//3052 4109//3052 4107//3052
f 4103//3053 4454//3053 4453//3053
f 4103//3054 4453//3054 4104//3054
f 4106//3055 4446//3055 4454//3055
f 4106//3056 4454//3056 4103//3056
f 4455//3057 4456//3057 4107//3057
f 4455//3058 4107//3058 4108//3058
f 4089//3059 4443//3059 4444//3059
f 4089//3060 4444//3060 4090//3060
f 4089//3061 4090//3061 4087//3061
f 4089//3062 4087//3062 4088//3062
f 4090//3063 4092//3063 4091//3063
f 4090//3063 4091//3063 4087//3063
f 4080//3064 4089//3064 4088//3064
f 4080//3065 4088//3065 4081//3065
f 4083//3066 4085//3066 4440//3066
f 4083//3067 4440//3067 4084//3067
f 4081//3068 4082//3068 4079//3068
f 4081//3069 4079//3069 4080//3069
f 4082//3070 4083//3070 4084//3070
f 4082//3071 4084//3071 4079//3071
f 4439//3072 4440//3072 4085//3072
f 4439//3073 4085//3073 4086//3073
f 4095//3074 4096//3074 4093//3074
f 4095//3075 4093//3075 4094//3075
f 4102//3076 4105//3076 4106//3076
f 4102//3077 4106//3077 4103//3077
f 4092//3078 4106//3078 4105//3078
f 4092//3079 4105//3079 4091//3079
f 4442//3080 4443//3080 4089//3080
f 4442//3081 4089//3081 4080//3081
f 4096//3082 4101//3082 4104//3082
f 4096//3083 4104//3083 4093//3083
f 4094//3084 4441//3084 4097//3084
f 4094//3085 4097//3085 4095//3085
f 4098//2969 4099//2969 4100//2969
f 4098//2969 4100//2969 4096//2969
f 4103//3086 4104//3086 4101//3086
f 4103//3087 4101//3087 4102//3087
f 4441//3088 4460//3088 4113//3088
f 4441//3089 4113//3089 4097//3089
f 4120//3090 4131//3090 4134//3090
f 4120//3091 4134//3091 4119//3091
f 4132//3092 4131//3092 4120//3092
f 4132//3093 4120//3093 4121//3093
f 4136//3094 4132//3094 4121//3094
f 4136//3095 4121//3095 4128//3095
f 4133//3096 4137//3096 4138//3096
f 4133//3096 4138//3096 4134//3096
f 4131//3097 4132//3097 4129//3097
f 4131//3098 4129//3098 4130//3098
f 4130//3099 4133//3099 4134//3099
f 4130//3100 4134//3100 4131//3100
f 4132//3101 4136//3101 4135//3101
f 4132//3101 4135//3101 4129//3101
f 4119//3102 4134//3102 4138//3102
f 4119//3103 4138//3103 4117//3103
f 4141//2966 4465//2966 4466//2966
f 4141//2966 4466//2966 4467//2966
f 4468//3104 4465//3104 4140//3104
f 4468//2966 4140//2966 4469//2966
f 4470//3105 4471//3105 4142//3105
f 4470//3106 4142//3106 4143//3106
f 4140//3104 4465//3104 4141//3104
f 4140//2966 4141//2966 4137//2966
f 4138//3107 4139//3107 4117//3107
f 4133//2966 4140//2966 4137//2966
f 4140//2966 4133//2966 4130//2966
f 4140//2966 4130//2966 4129//2966
f 4128//2969 4121//2969 4111//2969
f 4128//2969 4111//2969 4115//2969
f 4464//3108 4439//3108 4086//3108
f 4464//3109 4086//3109 4116//3109
f 4117//2969 4118//2969 4108//2969
f 4117//2969 4108//2969 4107//2969
f 4119//2969 4117//2969 4107//2969
f 4119//2969 4107//2969 4109//2969
f 4463//3110 4464//3110 4116//3110
f 4463//3111 4116//3111 4114//3111
f 4461//3112 4455//3112 4108//3112
f 4461//3113 4108//3113 4112//3113
f 4462//3114 4463//3114 4114//3114
f 4462//3115 4114//3115 4115//3115
f 4459//3116 4462//3116 4115//3116
f 4459//3117 4115//3117 4111//3117
f 4120//2969 4119//2969 4109//2969
f 4120//2969 4109//2969 4110//2969
f 4126//2969 4124//2969 4086//2969
f 4126//2969 4086//2969 4085//2969
f 4125//2969 4127//2969 4114//2969
f 4125//2969 4114//2969 4116//2969
f 4127//2969 4128//2969 4115//2969
f 4127//2969 4115//2969 4114//2969
f 4124//2969 4125//2969 4116//2969
f 4124//2969 4116//2969 4086//2969
f 4121//2969 4120//2969 4110//2969
f 4121//2969 4110//2969 4111//2969
f 4118//2969 4122//2969 4112//2969
f 4118//2969 4112//2969 4108//2969
f 4122//2969 4123//2969 4113//2969
f 4122//2969 4113//2969 4112//2969
f 4532//3118 4533//3118 4531//3118
f 4532//3119 4531//3119 4191//3119
f 4190//3041 4530//3041 4510//3041
f 4190//3120 4510//3120 4509//3120
f 4185//3031 4525//3031 4530//3031
f 4185//3121 4530//3121 4190//3121
f 4192//3053 4534//3053 4535//3053
f 4192//3122 4535//3122 4193//3122
f 4191//3017 4531//3017 4534//3017
f 4191//3123 4534//3123 4192//3123
f 4533//3009 4532//3009 4494//3009
f 4533//3009 4494//3009 4493//3009
f 4186//3080 4526//3080 4525//3080
f 4186//3124 4525//3124 4185//3124
f 4524//3125 4523//3125 4180//3125
f 4524//2969 4180//2969 4184//2969
f 4519//3125 4524//3125 4184//3125
f 4519//2969 4184//2969 4181//2969
f 4189//3039 4529//3039 4528//3039
f 4189//3126 4528//3126 4188//3126
f 4188//3037 4528//3037 4527//3037
f 4188//3127 4527//3127 4187//3127
f 4187//2978 4527//2978 4526//2978
f 4187//3128 4526//3128 4186//3128
f 4189//2966 4188//2966 4538//2966
f 4189//3104 4538//3104 4193//3104
f 4545//3129 4546//3129 4543//3129
f 4545//2966 4543//2966 4544//2966
f 4509//2966 4542//2966 4541//2966
f 4509//2966 4541//2966 4190//2966
f 4543//2966 4547//2966 4532//2966
f 4543//2966 4532//2966 4191//2966
f 4543//2966 4191//2966 4192//2966
f 4543//3130 4192//3130 4193//3130
f 4538//2966 4544//2966 4543//2966
f 4538//2966 4543//2966 4193//2966
f 4537//2966 4538//2966 4188//2966
f 4537//2966 4188//2966 4187//2966
f 4536//2966 4537//2966 4187//2966
f 4536//2966 4187//2966 4186//2966
f 4193//3011 4535//3011 4529//3011
f 4193//3131 4529//3131 4189//3131
f 4190//2966 4541//2966 4540//2966
f 4190//2966 4540//2966 4185//2966
f 4539//2966 4185//2966 4540//2966
f 4539//2966 4536//2966 4186//2966
f 4539//2966 4186//2966 4185//2966
f 4523//3125 4522//3125 4179//3125
f 4523//2969 4179//2969 4180//2969
f 4179//3132 4502//3132 4503//3132
f 4179//3133 4503//3133 4180//3133
f 4178//3134 4501//3134 4502//3134
f 4178//3135 4502//3135 4179//3135
f 4177//3136 4496//3136 4501//3136
f 4177//3137 4501//3137 4178//3137
f 4507//2992 4508//2992 4183//2992
f 4507//3138 4183//3138 4506//3138
f 4182//3139 4505//3139 4506//3139
f 4182//3140 4506//3140 4183//3140
f 4181//2995 4504//2995 4505//2995
f 4181//3141 4505//3141 4182//3141
f 4174//3142 4491//3142 4495//3142
f 4174//3143 4495//3143 4176//3143
f 4493//2985 4494//2985 4492//2985
f 4493//2986 4492//2986 4175//2986
f 4175//3144 4492//3144 4491//3144
f 4175//3145 4491//3145 4174//3145
f 4176//3146 4495//3146 4496//3146
f 4176//3147 4496//3147 4177//3147
f 4494//2966 4499//2966 4500//2966
f 4494//2966 4500//2966 4492//2966
f 4497//2966 4498//2966 4496//2966
f 4497//2966 4496//2966 4495//2966
f 4517//2969 4519//2969 4181//2969
f 4517//2969 4181//2969 4182//2969
f 4518//2969 4516//2969 4183//2969
f 4518//2969 4183//2969 4508//2969
f 4516//2969 4517//2969 4182//2969
f 4516//2969 4182//2969 4183//2969
f 4522//3125 4521//3125 4178//3125
f 4522//2969 4178//2969 4179//2969
f 4521//3125 4520//3125 4177//3125
f 4521//2969 4177//2969 4178//2969
f 4520//2969 4515//2969 4176//2969
f 4520//2969 4176//2969 4177//2969
f 4180//3148 4503//3148 4511//3148
f 4180//3149 4511//3149 4184//3149
f 4184//3150 4511//3150 4504//3150
f 4184//3151 4504//3151 4181//3151
f 4509//3035 4510//3035 4508//3035
f 4509//3035 4508//3035 4507//3035
f 4515//2969 4512//2969 4174//2969
f 4515//2969 4174//2969 4176//2969
f 4513//2969 4514//2969 4493//2969
f 4513//2969 4493//2969 4175//2969
f 4512//2969 4513//2969 4175//2969
f 4512//2969 4175//2969 4174//2969
f 4231//2969 4201//2969 4205//2969
f 4231//2969 4205//2969 4230//2969
f 4230//2969 4205//2969 4229//2969
f 4205//2969 4209//2969 4228//2969
f 4205//2969 4228//2969 4229//2969
f 4206//3152 4474//3152 4477//3152
f 4206//3153 4477//3153 4207//3153
f 4204//3154 4476//3154 4475//3154
f 4204//3155 4475//3155 4233//3155
f 4208//3156 4484//3156 4485//3156
f 4208//3157 4485//3157 4232//3157
f 4207//3035 4477//3035 4484//3035
f 4207//3158 4484//3158 4208//3158
f 4227//2966 4471//2966 4470//2966
f 4227//2966 4470//2966 4473//2966
f 4473//3159 4229//3159 4228//3159
f 4473//3160 4228//3160 4227//3160
f 4225//3161 4224//3161 4226//3161
f 4225//3161 4226//3161 4209//3161
f 4227//3162 4228//3162 4209//3162
f 4227//3162 4209//3162 4226//3162
f 4229//3163 4473//3163 4467//3163
f 4229//3164 4467//3164 4230//3164
f 4227//2966 4226//2966 4471//2966
f 4472//2966 4471//2966 4226//2966
f 4472//2966 4226//2966 4224//2966
f 4230//3136 4467//3136 4466//3136
f 4230//3165 4466//3165 4231//3165
f 4194//2969 4208//2969 4232//2969
f 4194//2969 4232//2969 4234//2969
f 4214//3166 4235//3166 4221//3166
f 4214//3166 4221//3166 4212//3166
f 4213//3167 4480//3167 4235//3167
f 4213//3168 4235//3168 4214//3168
f 4234//2969 4213//2969 4194//2969
f 4479//2966 4480//2966 4478//2966
f 4482//2966 4483//2966 4221//2966
f 4482//2966 4221//2966 4235//2966
f 4479//2966 4482//2966 4235//2966
f 4479//2966 4235//2966 4480//2966
f 4232//2970 4485//2970 4481//2970
f 4232//3169 4481//3169 4234//3169
f 4203//3150 4469//3150 4476//3150
f 4203//3170 4476//3170 4204//3170
f 4200//2969 4204//2969 4233//2969
f 4200//2969 4233//2969 4206//2969
f 4233//3171 4475//3171 4474//3171
f 4233//3172 4474//3172 4206//3172
f 4202//3173 4468//3173 4469//3173
f 4202//3174 4469//3174 4203//3174
f 4234//3175 4481//3175 4480//3175
f 4234//3176 4480//3176 4213//3176
f 4201//3132 4465//3132 4468//3132
f 4201//3177 4468//3177 4202//3177
f 4231//3178 4466//3178 4465//3178
f 4231//3179 4465//3179 4201//3179
f 4212//2969 4195//2969 4194//2969
f 4214//2969 4212//2969 4194//2969
f 4214//2969 4194//2969 4213//2969
f 4210//2969 4211//2969 4195//2969
f 4210//2969 4195//2969 4212//2969
f 4199//3180 4200//3180 4194//3180
f 4199//3180 4194//3180 4197//3180
f 4216//3181 4217//3181 4211//3181
f 4216//3181 4211//3181 4215//3181
f 4205//3182 4198//3182 4196//3182
f 4205//3182 4196//3182 4195//3182
f 4205//3183 4200//3183 4199//3183
f 4205//3183 4199//3183 4198//3183
f 4205//2969 4195//2969 4209//2969
f 4200//2969 4201//2969 4202//2969
f 4200//2969 4202//2969 4203//2969
f 4198//2966 4199//2966 4197//2966
f 4198//2966 4197//2966 4196//2966
f 4196//3184 4197//3184 4194//3184
f 4196//3184 4194//3184 4195//3184
f 4204//2969 4200//2969 4203//2969
f 4194//2969 4206//2969 4207//2969
f 4194//2969 4207//2969 4208//2969
f 4200//2969 4206//2969 4194//2969
f 4200//2969 4205//2969 4201//2969
f 4486//2966 4489//2966 4222//2966
f 4486//2966 4222//2966 4218//2966
f 4486//2966 4218//2966 4487//2966
f 4216//2966 4488//2966 4487//2966
f 4216//2966 4487//2966 4218//2966
f 4489//2966 4472//2966 4224//2966
f 4489//2966 4224//2966 4222//2966
f 4215//2966 4490//2966 4488//2966
f 4215//2966 4488//2966 4216//2966
f 4215//2966 4220//2966 4490//2966
f 4483//2966 4490//2966 4220//2966
f 4483//2966 4220//2966 4221//2966
f 4225//2969 4209//2969 4195//2969
f 4225//2969 4195//2969 4223//2969
f 4212//3185 4221//3185 4220//3185
f 4212//3185 4220//3185 4210//3185
f 4210//3186 4220//3186 4215//3186
f 4210//3186 4215//3186 4211//3186
f 4218//3187 4219//3187 4217//3187
f 4218//3187 4217//3187 4216//3187
f 4222//3188 4223//3188 4219//3188
f 4222//3188 4219//3188 4218//3188
f 4217//2969 4195//2969 4211//2969
f 4195//2969 4217//2969 4219//2969
f 4195//2969 4219//2969 4223//2969
f 4224//3189 4225//3189 4223//3189
f 4224//3189 4223//3189 4222//3189
f 4296//3190 4293//3190 4295//3190
f 4296//3191 4295//3191 4256//3191
f 4581//3192 4580//3192 4294//3192
f 4581//3193 4294//3193 4297//3193
f 4294//3125 4535//3125 4534//3125
f 4294//3194 4534//3194 4531//3194
f 4271//2969 4290//2969 4289//2969
f 4271//2969 4289//2969 4273//2969
f 4273//2969 4289//2969 4281//2969
f 4273//2969 4281//2969 4274//2969
f 4580//3195 4295//3195 4293//3195
f 4580//3196 4293//3196 4294//3196
f 4529//3125 4535//3125 4294//3125
f 4529//2969 4294//2969 4293//2969
f 4256//3197 4295//3197 4556//3197
f 4256//3198 4556//3198 4257//3198
f 4300//3199 4301//3199 4298//3199
f 4300//3200 4298//3200 4299//3200
f 4298//3201 4514//3201 4292//3201
f 4298//3202 4292//3202 4299//3202
f 4556//3203 4581//3203 4261//3203
f 4556//3204 4261//3204 4260//3204
f 4265//3205 4270//3205 4556//3205
f 4265//3206 4556//3206 4260//3206
f 4580//3207 4556//3207 4295//3207
f 4515//3208 4520//3208 4281//3208
f 4515//3209 4281//3209 4289//3209
f 4512//3210 4515//3210 4289//3210
f 4512//3211 4289//3211 4290//3211
f 4513//3212 4512//3212 4290//3212
f 4513//3213 4290//3213 4291//3213
f 4578//3214 4577//3214 4286//3214
f 4578//3215 4286//3215 4288//3215
f 4579//3216 4578//3216 4288//3216
f 4579//3217 4288//3217 4249//3217
f 4552//3218 4579//3218 4249//3218
f 4552//3219 4249//3219 4243//3219
f 4292//3220 4514//3220 4513//3220
f 4292//3221 4513//3221 4291//3221
f 4272//2969 4290//2969 4271//2969
f 4266//2969 4292//2969 4291//2969
f 4266//2969 4291//2969 4267//2969
f 4262//2969 4292//2969 4266//2969
f 4520//3222 4521//3222 4280//3222
f 4520//3223 4280//3223 4281//3223
f 4521//3224 4522//3224 4278//3224
f 4521//3225 4278//3225 4280//3225
f 4267//2969 4291//2969 4290//2969
f 4267//2969 4290//2969 4272//2969
f 4300//3226 4581//3226 4297//3226
f 4300//3227 4297//3227 4301//3227
f 4304//3228 4305//3228 4255//3228
f 4304//3229 4255//3229 4254//3229
f 4305//3230 4296//3230 4256//3230
f 4305//3231 4256//3231 4255//3231
f 4306//3232 4304//3232 4254//3232
f 4306//3233 4254//3233 4246//3233
f 4523//3234 4524//3234 4284//3234
f 4523//3235 4284//3235 4279//3235
f 4522//3236 4523//3236 4279//3236
f 4522//3237 4279//3237 4278//3237
f 4524//3238 4519//3238 4285//3238
f 4524//3239 4285//3239 4284//3239
f 4525//2969 4526//2969 4304//2969
f 4525//3125 4304//3125 4306//3125
f 4527//3125 4528//3125 4296//3125
f 4527//3125 4296//3125 4305//3125
f 4303//3240 4306//3240 4246//3240
f 4303//3241 4246//3241 4245//3241
f 4302//3242 4303//3242 4245//3242
f 4302//3243 4245//3243 4244//3243
f 4526//2969 4527//2969 4305//2969
f 4526//3125 4305//3125 4304//3125
f 4530//2969 4525//2969 4306//2969
f 4530//2969 4306//2969 4303//2969
f 4528//3125 4529//3125 4293//3125
f 4528//3125 4293//3125 4296//3125
f 4294//2969 4298//2969 4301//2969
f 4294//2969 4301//2969 4297//2969
f 4514//2969 4531//2969 4533//2969
f 4514//2969 4533//2969 4493//2969
f 4519//3244 4517//3244 4287//3244
f 4519//3244 4287//3244 4285//3244
f 4300//2969 4299//2969 4261//2969
f 4300//3245 4261//3245 4581//3245
f 4299//2969 4292//2969 4262//2969
f 4299//2969 4262//2969 4261//2969
f 4294//3246 4531//3246 4514//3246
f 4294//3194 4514//3194 4298//3194
f 4517//3247 4516//3247 4248//3247
f 4517//3248 4248//3248 4287//3248
f 4518//3249 4302//3249 4244//3249
f 4518//3250 4244//3250 4247//3250
f 4510//3251 4530//3251 4303//3251
f 4510//3251 4303//3251 4302//3251
f 4508//3251 4510//3251 4302//3251
f 4508//2969 4302//2969 4518//2969
f 4249//2969 4288//2969 4287//2969
f 4249//2969 4287//2969 4248//2969
f 4287//2969 4288//2969 4286//2969
f 4516//3252 4518//3252 4247//3252
f 4516//3253 4247//3253 4248//3253
f 4254//2969 4251//2969 4238//2969
f 4254//2969 4238//2969 4246//2969
f 4553//2966 4554//2966 4250//2966
f 4553//2966 4250//2966 4252//2966
f 4555//2966 4553//2966 4252//2966
f 4555//2966 4252//2966 4258//2966
f 4251//3254 4253//3254 4252//3254
f 4251//3254 4252//3254 4250//3254
f 4251//2969 4254//2969 4255//2969
f 4251//2969 4255//2969 4253//2969
f 4256//2969 4257//2969 4253//2969
f 4256//2969 4253//2969 4255//2969
f 4554//2966 4551//2966 4239//2966
f 4554//2966 4239//2966 4250//2966
f 4262//3255 4263//3255 4558//3255
f 4262//3256 4558//3256 4261//3256
f 4259//3257 4264//3257 4265//3257
f 4259//3257 4265//3257 4260//3257
f 4268//3258 4269//3258 4266//3258
f 4268//3258 4266//3258 4267//3258
f 4253//3259 4257//3259 4258//3259
f 4253//3259 4258//3259 4252//3259
f 4257//3260 4556//3260 4557//3260
f 4257//3260 4557//3260 4258//3260
f 4261//3261 4558//3261 4259//3261
f 4261//3262 4259//3262 4260//3262
f 4241//2966 4549//2966 4550//2966
f 4551//2966 4548//2966 4236//2966
f 4551//2966 4236//2966 4239//2966
f 4241//3263 4550//3263 4242//3263
f 4241//3264 4242//3264 4240//3264
f 4238//3265 4239//3265 4236//3265
f 4238//3266 4236//3266 4237//3266
f 4236//3267 4241//3267 4240//3267
f 4236//3268 4240//3268 4237//3268
f 4548//2966 4549//2966 4241//2966
f 4548//2966 4241//2966 4236//2966
f 4550//3269 4552//3269 4243//3269
f 4550//3270 4243//3270 4242//3270
f 4242//2969 4243//2969 4247//2969
f 4243//2969 4249//2969 4248//2969
f 4243//2969 4248//2969 4247//2969
f 4238//3271 4251//3271 4250//3271
f 4238//3272 4250//3272 4239//3272
f 4240//2969 4244//2969 4245//2969
f 4240//2969 4245//2969 4237//2969
f 4237//2969 4245//2969 4246//2969
f 4237//2969 4246//2969 4238//2969
f 4242//2969 4247//2969 4244//2969
f 4242//2969 4244//2969 4240//2969
f 4262//3273 4266//3273 4269//3273
f 4262//3273 4269//3273 4263//3273
f 4278//2969 4279//2969 4277//2969
f 4278//2969 4277//2969 4276//2969
f 4275//2969 4280//2969 4278//2969
f 4275//2969 4278//2969 4276//2969
f 4274//2969 4281//2969 4280//2969
f 4274//2969 4280//2969 4275//2969
f 4571//3274 4570//3274 4273//3274
f 4571//3275 4273//3275 4274//3275
f 4572//3276 4571//3276 4274//3276
f 4572//3277 4274//3277 4275//3277
f 4573//3278 4572//3278 4275//3278
f 4573//3279 4275//3279 4276//3279
f 4574//3280 4575//3280 4277//3280
f 4574//3281 4277//3281 4282//3281
f 4279//2969 4284//2969 4282//2969
f 4279//2969 4282//2969 4277//2969
f 4285//2969 4287//2969 4286//2969
f 4285//2969 4286//2969 4283//2969
f 4577//3282 4576//3282 4283//3282
f 4577//3282 4283//3282 4286//3282
f 4575//3283 4573//3283 4276//3283
f 4575//3284 4276//3284 4277//3284
f 4576//3285 4574//3285 4282//3285
f 4576//3286 4282//3286 4283//3286
f 4284//2969 4285//2969 4283//2969
f 4284//2969 4283//2969 4282//2969
f 4558//2966 4560//2966 4561//2966
f 4558//2966 4561//2966 4562//2966
f 4563//2966 4564//2966 4557//2966
f 4557//2966 4564//2966 4555//2966
f 4557//2966 4555//2966 4258//2966
f 4264//3287 4559//3287 4270//3287
f 4264//3288 4270//3288 4265//3288
f 4559//3289 4557//3289 4556//3289
f 4559//3290 4556//3290 4270//3290
f 4558//3291 4559//3291 4264//3291
f 4558//3291 4264//3291 4259//3291
f 4263//2966 4565//2966 4560//2966
f 4263//2966 4560//2966 4558//2966
f 4272//3292 4568//3292 4268//3292
f 4272//3293 4268//3293 4267//3293
f 4268//2966 4568//2966 4569//2966
f 4268//2966 4569//2966 4566//2966
f 4273//3294 4570//3294 4567//3294
f 4273//3294 4567//3294 4271//3294
f 4263//2966 4269//2966 4565//2966
f 4566//2966 4565//2966 4269//2966
f 4566//2966 4269//2966 4268//2966
f 4271//3295 4567//3295 4568//3295
f 4271//3296 4568//3296 4272//3296
f 4319//2969 4334//2969 4333//2969
f 4319//2969 4333//2969 4331//2969
f 4319//2969 4331//2969 4332//2969
f 4319//2969 4332//2969 4312//2969
f 4307//2969 4319//2969 4312//2969
f 4319//3125 4336//3125 4335//3125
f 4319//2969 4335//2969 4334//2969
f 4341//3258 4342//3258 4340//3258
f 4341//3297 4340//3297 4339//3297
f 4339//3298 4340//3298 4604//3298
f 4339//3299 4604//3299 4338//3299
f 4336//2969 4319//2969 4337//2969
f 4333//3300 4599//3300 4597//3300
f 4333//3301 4597//3301 4331//3301
f 4332//3302 4598//3302 4583//3302
f 4332//3303 4583//3303 4312//3303
f 4331//3304 4597//3304 4598//3304
f 4331//3304 4598//3304 4332//3304
f 4334//3305 4600//3305 4599//3305
f 4334//3306 4599//3306 4333//3306
f 4337//3307 4603//3307 4602//3307
f 4337//3308 4602//3308 4336//3308
f 4336//3309 4602//3309 4601//3309
f 4336//3310 4601//3310 4335//3310
f 4335//3311 4601//3311 4600//3311
f 4335//3312 4600//3312 4334//3312
f 4343//2969 4319//2969 4324//2969
f 4345//2969 4346//2969 4319//2969
f 4345//3313 4319//3313 4338//3313
f 4319//2969 4341//2969 4339//2969
f 4319//2969 4339//2969 4338//2969
f 4346//3314 4612//3314 4611//3314
f 4346//3314 4611//3314 4319//3314
f 4338//3315 4604//3315 4613//3315
f 4338//3256 4613//3256 4345//3256
f 4345//3316 4613//3316 4612//3316
f 4345//3317 4612//3317 4346//3317
f 4319//3318 4611//3318 4603//3318
f 4319//3319 4603//3319 4337//3319
f 4608//3320 4609//3320 4607//3320
f 4608//3321 4607//3321 4342//3321
f 4342//3322 4607//3322 4606//3322
f 4342//3323 4606//3323 4340//3323
f 4340//3324 4606//3324 4605//3324
f 4340//3325 4605//3325 4604//3325
f 4343//3295 4610//3295 4608//3295
f 4343//3296 4608//3296 4344//3296
f 4319//2969 4343//2969 4344//2969
f 4319//2969 4344//2969 4341//2969
f 4324//3294 4589//3294 4610//3294
f 4324//3294 4610//3294 4343//3294
f 4344//3292 4608//3292 4342//3292
f 4344//3293 4342//3293 4341//3293
f 4315//3326 4585//3326 4595//3326
f 4315//3326 4595//3326 4330//3326
f 4319//2969 4320//2969 4317//2969
f 4319//2969 4317//2969 4318//2969
f 4308//3327 4588//3327 4586//3327
f 4308//3328 4586//3328 4310//3328
f 4582//3329 4587//3329 4588//3329
f 4582//3330 4588//3330 4308//3330
f 4321//2969 4322//2969 4319//2969
f 4321//2969 4319//2969 4318//2969
f 4313//2969 4316//2969 4319//2969
f 4313//2969 4319//2969 4311//2969
f 4320//2969 4319//2969 4316//2969
f 4323//2969 4324//2969 4319//2969
f 4323//2969 4319//2969 4322//2969
f 4312//3331 4583//3331 4582//3331
f 4312//3332 4582//3332 4307//3332
f 4310//3333 4311//3333 4309//3333
f 4310//3219 4309//3219 4308//3219
f 4307//3334 4582//3334 4308//3334
f 4307//3335 4308//3335 4309//3335
f 4315//3336 4316//3336 4313//3336
f 4315//3336 4313//3336 4314//3336
f 4310//3337 4586//3337 4584//3337
f 4310//3338 4584//3338 4314//3338
f 4314//3339 4584//3339 4585//3339
f 4314//3340 4585//3340 4315//3340
f 4314//3341 4313//3341 4311//3341
f 4314//3341 4311//3341 4310//3341
f 4326//3342 4592//3342 4591//3342
f 4326//3343 4591//3343 4325//3343
f 4325//3344 4591//3344 4590//3344
f 4325//3345 4590//3345 4589//3345
f 4330//3346 4320//3346 4316//3346
f 4330//3346 4316//3346 4315//3346
f 4327//3347 4593//3347 4592//3347
f 4327//3348 4592//3348 4326//3348
f 4329//3349 4596//3349 4594//3349
f 4329//3350 4594//3350 4328//3350
f 4330//3351 4595//3351 4596//3351
f 4330//3352 4596//3352 4329//3352
f 4328//3353 4594//3353 4593//3353
f 4328//3354 4593//3354 4327//3354
f 4322//3355 4326//3355 4325//3355
f 4322//3355 4325//3355 4323//3355
f 4323//3356 4325//3356 4589//3356
f 4323//3275 4589//3275 4324//3275
f 4309//2969 4311//2969 4319//2969
f 4309//2969 4319//2969 4307//2969
f 4321//3357 4327//3357 4326//3357
f 4321//3357 4326//3357 4322//3357
f 4317//3358 4329//3358 4328//3358
f 4317//3358 4328//3358 4318//3358
f 4320//3359 4330//3359 4329//3359
f 4320//3359 4329//3359 4317//3359
f 4318//3360 4328//3360 4327//3360
f 4318//3360 4327//3360 4321//3360
f 4369//3361 4561//3361 4560//3361
f 4369//3362 4560//3362 4366//3362
f 4381//3363 4382//3363 4379//3363
f 4381//3364 4379//3364 4380//3364
f 4377//2966 4378//2966 4352//2966
f 4377//2966 4352//2966 4355//2966
f 4562//3365 4561//3365 4369//3365
f 4562//3366 4369//3366 4368//3366
f 4379//3367 4384//3367 4383//3367
f 4379//3368 4383//3368 4380//3368
f 4384//2966 4379//2966 4351//2966
f 4384//2966 4351//2966 4350//2966
f 4379//2966 4382//2966 4349//2966
f 4379//2966 4349//2966 4351//2966
f 4385//3369 4386//3369 4383//3369
f 4385//3370 4383//3370 4384//3370
f 4381//3371 4387//3371 4388//3371
f 4381//3372 4388//3372 4382//3372
f 4563//3373 4562//3373 4368//3373
f 4563//3374 4368//3374 4367//3374
f 4557//2966 4559//2966 4558//2966
f 4557//2966 4558//2966 4563//2966
f 4564//3375 4563//3375 4367//3375
f 4564//3376 4367//3376 4360//3376
f 4361//3377 4555//3377 4564//3377
f 4361//3378 4564//3378 4360//3378
f 4565//3379 4566//3379 4376//3379
f 4565//3380 4376//3380 4370//3380
f 4376//2966 4377//2966 4355//2966
f 4376//2966 4355//2966 4354//2966
f 4354//2966 4452//2966 4370//2966
f 4354//2966 4370//2966 4376//2966
f 4366//3381 4560//3381 4565//3381
f 4366//3382 4565//3382 4370//3382
f 4566//3383 4569//3383 4377//3383
f 4566//3384 4377//3384 4376//3384
f 4385//2966 4384//2966 4350//2966
f 4385//2966 4350//2966 4353//2966
f 4380//2966 4573//2966 4575//2966
f 4380//2966 4575//2966 4381//2966
f 4572//2966 4573//2966 4380//2966
f 4572//2966 4380//2966 4383//2966
f 4569//2966 4568//2966 4567//2966
f 4570//2966 4571//2966 4386//2966
f 4570//2966 4386//2966 4389//2966
f 4571//2966 4572//2966 4383//2966
f 4571//2966 4383//2966 4386//2966
f 4390//2966 4576//2966 4577//2966
f 4390//2966 4577//2966 4374//2966
f 4578//2966 4374//2966 4577//2966
f 4387//2966 4574//2966 4576//2966
f 4387//2966 4576//2966 4390//2966
f 4381//2966 4575//2966 4574//2966
f 4381//2966 4574//2966 4387//2966
f 4378//2966 4385//2966 4353//2966
f 4378//2966 4353//2966 4352//2966
f 4377//3385 4569//3385 4389//3385
f 4377//3386 4389//3386 4378//3386
f 4382//2966 4388//2966 4347//2966
f 4382//2966 4347//2966 4349//2966
f 4389//3387 4386//3387 4385//3387
f 4389//3388 4385//3388 4378//3388
f 4387//3389 4390//3389 4391//3389
f 4387//3390 4391//3390 4388//3390
f 4391//2966 4373//2966 4357//2966
f 4391//2966 4357//2966 4348//2966
f 4567//2966 4570//2966 4389//2966
f 4567//2966 4389//2966 4569//2966
f 4391//3391 4390//3391 4374//3391
f 4391//3392 4374//3392 4373//3392
f 4388//2966 4391//2966 4348//2966
f 4388//2966 4348//2966 4347//2966
f 4357//2995 4464//2995 4463//2995
f 4357//3393 4463//3393 4348//3393
f 4447//2966 4449//2966 4358//2966
f 4447//2966 4358//2966 4359//2966
f 4356//3139 4439//3139 4464//3139
f 4356//3394 4464//3394 4357//3394
f 4356//3395 4449//3395 4440//3395
f 4356//3138 4440//3138 4439//3138
f 4360//2966 4453//2966 4454//2966
f 4360//2966 4454//2966 4446//2966
f 4443//2966 4442//2966 4363//2966
f 4443//2966 4363//2966 4364//2966
f 4444//2966 4443//2966 4364//2966
f 4444//2966 4364//2966 4362//2966
f 4446//3129 4445//3129 4361//3129
f 4446//2966 4361//2966 4360//2966
f 4445//2966 4444//2966 4362//2966
f 4445//2966 4362//2966 4361//2966
f 4458//3134 4457//3134 4350//3134
f 4458//3396 4350//3396 4351//3396
f 4459//3397 4458//3397 4351//3397
f 4459//3398 4351//3398 4349//3398
f 4348//3150 4463//3150 4462//3150
f 4348//3399 4462//3399 4347//3399
f 4462//3148 4459//3148 4349//3148
f 4462//3400 4349//3400 4347//3400
f 4353//3401 4456//3401 4455//3401
f 4353//3402 4455//3402 4352//3402
f 4441//3403 4452//3403 4354//3403
f 4441//3404 4354//3404 4460//3404
f 4352//3405 4455//3405 4461//3405
f 4352//3406 4461//3406 4355//3406
f 4350//3136 4457//3136 4456//3136
f 4350//3407 4456//3407 4353//3407
f 4461//3105 4460//3105 4354//3105
f 4461//3408 4354//3408 4355//3408
f 4442//2966 4448//2966 4365//2966
f 4442//2966 4365//2966 4363//2966
f 4549//3409 4548//3409 4365//3409
f 4549//3410 4365//3410 4359//3410
f 4371//2966 4579//2966 4552//2966
f 4371//2966 4552//2966 4375//2966
f 4358//3411 4375//3411 4549//3411
f 4358//3412 4549//3412 4359//3412
f 4548//3413 4551//3413 4363//3413
f 4548//3414 4363//3414 4365//3414
f 4375//2966 4552//2966 4550//2966
f 4375//2966 4550//2966 4549//2966
f 4362//3415 4553//3415 4555//3415
f 4362//3416 4555//3416 4361//3416
f 4551//3417 4554//3417 4364//3417
f 4551//3418 4364//3418 4363//3418
f 4374//2966 4578//2966 4579//2966
f 4374//2966 4579//2966 4371//2966
f 4364//3419 4554//3419 4553//3419
f 4364//3420 4553//3420 4362//3420
f 4368//2966 4369//2966 4366//2966
f 4368//2966 4366//2966 4367//2966
f 4450//3129 4453//3129 4366//3129
f 4450//2966 4366//2966 4451//2966
f 4448//2966 4447//2966 4359//2966
f 4448//2966 4359//2966 4365//2966
f 4366//3421 4453//3421 4360//3421
f 4366//2966 4360//2966 4367//2966
f 4452//2966 4451//2966 4366//2966
f 4452//2966 4366//2966 4370//2966
f 4372//2966 4358//2966 4449//2966
f 4372//2966 4449//2966 4356//2966
f 4372//3422 4371//3422 4375//3422
f 4372//3423 4375//3423 4358//3423
f 4373//3424 4374//3424 4371//3424
f 4373//3425 4371//3425 4372//3425
f 4373//2966 4372//2966 4356//2966
f 4373//2966 4356//2966 4357//2966
f 4584//3291 4586//3291 4415//3291
f 4584//3426 4415//3426 4425//3426
f 4595//3291 4585//3291 4421//3291
f 4595//3426 4421//3426 4420//3426
f 4585//3291 4584//3291 4425//3291
f 4585//3291 4425//3291 4421//3291
f 4422//3427 4421//3427 4425//3427
f 4422//3427 4425//3427 4418//3427
f 4418//3428 4425//3428 4415//3428
f 4418//3428 4415//3428 4414//3428
f 4430//3429 4431//3429 4428//3429
f 4430//3429 4428//3429 4427//3429
f 4429//3430 4426//3430 4424//3430
f 4429//3430 4424//3430 4423//3430
f 4426//3431 4429//3431 4427//3431
f 4426//3431 4427//3431 4428//3431
f 4596//3130 4595//3130 4420//3130
f 4596//3129 4420//3129 4424//3129
f 4594//3130 4596//3130 4424//3130
f 4594//2966 4424//2966 4426//2966
f 4419//2966 4504//2966 4511//2966
f 4419//2966 4511//2966 4423//2966
f 4507//2966 4506//2966 4414//2966
f 4507//2966 4414//2966 4417//2966
f 4542//2966 4509//2966 4507//2966
f 4542//2966 4507//2966 4417//2966
f 4412//3432 4541//3432 4542//3432
f 4412//3433 4542//3433 4413//3433
f 4588//3426 4587//3426 4413//3426
f 4588//3426 4413//3426 4416//3426
f 4586//3426 4588//3426 4416//3426
f 4586//3426 4416//3426 4415//3426
f 4505//2966 4504//2966 4422//2966
f 4505//2966 4422//2966 4418//2966
f 4419//2966 4422//2966 4504//2966
f 4423//3434 4424//3434 4420//3434
f 4423//3434 4420//3434 4419//3434
f 4506//2966 4505//2966 4418//2966
f 4506//2966 4418//2966 4414//2966
f 4421//3435 4422//3435 4419//3435
f 4421//3435 4419//3435 4420//3435
f 4436//2966 4491//2966 4492//2966
f 4436//2966 4492//2966 4500//2966
f 4438//3436 4610//3436 4589//3436
f 4438//3437 4589//3437 4590//3437
f 4435//2966 4497//2966 4495//2966
f 4433//3438 4497//3438 4435//3438
f 4433//3439 4435//3439 4434//3439
f 4435//2966 4495//2966 4491//2966
f 4435//2966 4491//2966 4436//2966
f 4609//2966 4438//2966 4434//2966
f 4609//3440 4434//3440 4437//3440
f 4607//3440 4609//3440 4437//3440
f 4607//3441 4437//3441 4395//3441
f 4590//3104 4591//3104 4432//3104
f 4590//2966 4432//2966 4433//2966
f 4609//3442 4608//3442 4610//3442
f 4609//3443 4610//3443 4438//3443
f 4438//3104 4590//3104 4433//3104
f 4438//2966 4433//2966 4434//2966
f 4437//3444 4436//3444 4500//3444
f 4437//3445 4500//3445 4395//3445
f 4429//2966 4503//2966 4502//2966
f 4429//2966 4502//2966 4427//2966
f 4502//2966 4501//2966 4430//2966
f 4502//2966 4430//2966 4427//2966
f 4591//3104 4592//3104 4431//3104
f 4591//3104 4431//3104 4432//3104
f 4593//3104 4594//3104 4426//3104
f 4593//2966 4426//2966 4428//2966
f 4592//3130 4593//3130 4428//3130
f 4592//3129 4428//3129 4431//3129
f 4498//3446 4432//3446 4431//3446
f 4498//3447 4431//3447 4430//3447
f 4436//3448 4437//3448 4434//3448
f 4436//3448 4434//3448 4435//3448
f 4432//3449 4498//3449 4497//3449
f 4432//3450 4497//3450 4433//3450
f 4501//2966 4496//2966 4498//2966
f 4501//2966 4498//2966 4430//2966
f 4423//2966 4511//2966 4503//2966
f 4423//2966 4503//2966 4429//2966
f 4399//3451 4544//3451 4538//3451
f 4399//3452 4538//3452 4398//3452
f 4398//3453 4538//3453 4537//3453
f 4398//3454 4537//3454 4400//3454
f 4606//3441 4607//3441 4395//3441
f 4606//3441 4395//3441 4394//3441
f 4617//3421 4605//3421 4393//3421
f 4617//3455 4393//3455 4392//3455
f 4605//3441 4606//3441 4394//3441
f 4605//3441 4394//3441 4393//3441
f 4403//3456 4601//3456 4602//3456
f 4403//3457 4602//3457 4404//3457
f 4405//3458 4600//3458 4601//3458
f 4405//3459 4601//3459 4403//3459
f 4402//3460 4545//3460 4544//3460
f 4402//3461 4544//3461 4399//3461
f 4400//3462 4537//3462 4536//3462
f 4400//3463 4536//3463 4401//3463
f 4616//3464 4546//3464 4545//3464
f 4616//3465 4545//3465 4402//3465
f 4615//3455 4617//3455 4392//3455
f 4394//3466 4499//3466 4547//3466
f 4394//3467 4547//3467 4393//3467
f 4494//2966 4532//2966 4547//2966
f 4494//2966 4547//2966 4499//2966
f 4546//3257 4616//3257 4615//3257
f 4546//3257 4615//3257 4614//3257
f 4392//3316 4543//3316 4614//3316
f 4392//3262 4614//3262 4615//3262
f 4393//3468 4547//3468 4543//3468
f 4393//3469 4543//3469 4392//3469
f 4397//3470 4611//3470 4612//3470
f 4397//3471 4612//3471 4396//3471
f 4617//3472 4618//3472 4397//3472
f 4617//3472 4397//3472 4396//3472
f 4604//3473 4605//3473 4617//3473
f 4604//3473 4617//3473 4613//3473
f 4395//3474 4500//3474 4499//3474
f 4395//3475 4499//3475 4394//3475
f 4396//3476 4612//3476 4613//3476
f 4396//3477 4613//3477 4617//3477
f 4411//3478 4583//3478 4598//3478
f 4411//3479 4598//3479 4408//3479
f 4587//3480 4582//3480 4583//3480
f 4587//3481 4583//3481 4411//3481
f 4412//3426 4413//3426 4587//3426
f 4412//3129 4587//3129 4411//3129
f 4401//3104 4409//3104 4407//3104
f 4401//2966 4407//2966 4406//2966
f 4410//2966 4412//2966 4411//2966
f 4410//3129 4411//3129 4408//3129
f 4416//3482 4417//3482 4414//3482
f 4416//3482 4414//3482 4415//3482
f 4413//3483 4542//3483 4417//3483
f 4413//3484 4417//3484 4416//3484
f 4401//3485 4536//3485 4539//3485
f 4401//3486 4539//3486 4409//3486
f 4409//3304 4539//3304 4540//3304
f 4409//3487 4540//3487 4410//3487
f 4410//3488 4540//3488 4541//3488
f 4410//3489 4541//3489 4412//3489
f 4409//2966 4410//2966 4408//2966
f 4409//2966 4408//2966 4407//2966
f 4406//3129 4405//3129 4400//3129
f 4406//2966 4400//2966 4401//2966
f 4616//3490 4402//3490 4618//3490
f 4405//2966 4403//2966 4398//2966
f 4405//2966 4398//2966 4400//2966
f 4406//3491 4599//3491 4600//3491
f 4406//3492 4600//3492 4405//3492
f 4403//3104 4404//3104 4399//3104
f 4403//2966 4399//2966 4398//2966
f 4408//3493 4598//3493 4597//3493
f 4408//3494 4597//3494 4407//3494
f 4407//3495 4597//3495 4599//3495
f 4407//3496 4599//3496 4406//3496
f 4404//3497 4602//3497 4603//3497
f 4404//3498 4603//3498 4618//3498
f 4404//3499 4618//3499 4402//3499
f 4404//3129 4402//3129 4399//3129
f 4618//3500 4603//3500 4611//3500
f 4618//3501 4611//3501 4397//3501
