# Blender 5.1.0
# www.blender.org
o Chassis_havok_s_leftTrack_0
v -1.160819 0.988417 -0.287482
v -1.160819 0.988417 -0.352138
v -1.160819 0.978731 -0.371189
v -1.160819 0.978731 -0.268720
v -1.383197 0.978731 -0.268720
v -1.383197 0.978731 -0.371189
v -1.160819 0.952753 -0.223691
v -1.383197 0.952753 -0.223691
v -1.160819 0.697083 -0.268720
v -1.160819 0.687983 -0.319810
v -1.383197 0.687983 -0.319810
v -1.383197 0.697083 -0.268720
v -1.383197 0.912832 -0.190208
v -1.160819 0.912832 -0.190208
v -1.160819 0.863958 -0.172312
v -1.383197 0.863958 -0.172312
v -1.160819 0.762981 -0.190208
v -1.383197 0.762981 -0.190208
v -1.383197 0.811855 -0.172312
v -1.160819 0.811855 -0.172312
v -1.160819 0.723060 -0.223691
v -1.383197 0.723060 -0.223691
v -1.383197 0.697083 -0.371189
v -1.160819 0.762981 -0.449700
v -1.383197 0.762981 -0.449700
v -1.383197 0.723060 -0.416217
v -1.160819 0.723060 -0.416217
v -1.160819 0.811855 -0.467596
v -1.383197 0.811855 -0.467596
v -1.383197 0.912832 -0.449700
v -1.383197 0.863958 -0.467596
v -1.160819 0.863958 -0.467596
v -1.160819 0.912832 -0.449700
v -1.160819 0.952753 -0.416217
v -1.383197 0.952753 -0.416217
v -1.160819 0.697083 -0.371189
v -0.938939 0.039725 -2.533960
v -1.557129 0.039725 -2.533960
v -0.938939 0.106798 -2.512873
v -1.604957 0.057044 -2.528472
v -1.604957 0.106798 -2.512873
v -1.391845 0.363126 -2.631017
v -1.391845 0.297312 -2.623507
v -1.152703 0.297312 -2.623507
v -1.152703 0.363126 -2.631017
v -1.391845 0.428625 -2.623507
v -1.152703 0.428625 -2.623507
v -1.152703 0.491290 -2.601842
v -1.391845 0.547342 -2.566602
v -1.391845 0.178910 -2.566602
v -1.391845 0.131990 -2.519806
v -1.391845 0.629216 -2.463767
v -1.391845 0.491290 -2.601842
v -1.152703 0.547342 -2.566602
v -1.391845 0.234647 -2.601842
v -1.152703 0.234647 -2.601842
v -1.152703 0.178910 -2.566602
v -1.152703 0.131990 -2.519806
v -1.152703 0.593947 -2.519806
v -1.152703 0.650944 -2.401373
v -1.152703 0.629216 -2.463767
v -1.152703 0.658501 -2.335513
v -1.557129 0.013903 -2.439214
v -0.938939 0.013903 -2.439214
v -1.152703 0.097351 -2.478210
v -0.938939 0.082866 -2.426215
v -1.391845 0.097351 -2.478210
v -1.391845 0.082866 -2.426215
v -1.604957 0.082866 -2.426215
v -1.604957 0.031852 -2.435748
v -1.391845 0.593947 -2.519806
v -1.391845 0.650944 -2.401373
v -1.529148 0.688249 2.847651
v -1.014098 0.688249 2.847651
v -1.014098 0.821700 2.894119
v -1.529148 0.821700 2.894119
v -1.529148 0.549092 2.873586
v -1.014098 0.549092 2.873586
v -1.529148 0.441981 2.966523
v -1.014098 0.441981 2.966523
v -1.014098 0.914325 3.001105
v -1.529148 0.914325 3.001105
v -1.152703 0.629426 2.592614
v -1.152703 0.593868 2.648809
v -1.391845 0.593868 2.648809
v -1.391845 0.629426 2.592614
v -1.391845 0.650936 2.529936
v -1.152703 0.650936 2.529936
v -1.391845 0.658399 2.464016
v -1.391845 0.650936 2.399176
v -1.152703 0.650936 2.399176
v -1.152703 0.658399 2.464016
v -1.391845 0.547336 2.695277
v -1.152703 0.547336 2.695277
v -1.391845 0.491147 2.730939
v -1.152703 0.491147 2.730939
v -1.152703 0.547336 2.233835
v -1.152703 0.593868 2.280303
v -1.391845 0.593868 2.280303
v -1.391845 0.547336 2.233835
v -1.152703 0.491147 2.198173
v -1.391845 0.491147 2.198173
v -1.152703 0.629426 2.336498
v -1.391845 0.629426 2.336498
v -1.152703 0.491147 1.931249
v -1.557129 0.056116 2.667180
v -0.938939 0.056116 2.667180
v -0.938939 0.120207 2.638002
v -1.604957 0.120207 2.638002
v -1.604957 0.073236 2.660696
v -1.391845 0.362964 2.760117
v -1.391845 0.428811 2.752553
v -1.152703 0.428811 2.752553
v -1.152703 0.362964 2.760117
v -1.152703 0.070163 2.464016
v -1.152703 0.096941 2.336498
v -0.938939 0.082455 2.552630
v -1.152703 0.082455 2.552630
v -1.152703 0.132060 2.648809
v -1.152703 0.178592 2.233835
v -1.152703 0.118451 2.634760
v -1.391845 0.070163 2.464016
v -1.391845 0.096941 2.336498
v -1.557129 0.015730 2.571001
v -0.938939 0.015730 2.571001
v -1.391845 0.118451 2.634760
v -1.604957 0.082455 2.552630
v -1.391845 0.082455 2.552630
v -1.391845 0.132060 2.648809
v -1.604957 0.033289 2.566679
v -1.391845 0.178592 2.695277
v -1.152703 0.178592 2.695277
v -1.391845 0.234781 2.730939
v -1.152703 0.234781 2.730939
v -1.391845 0.297117 2.752553
v -1.152703 0.297117 2.752553
v -1.152703 0.428811 2.176560
v -1.152703 0.362964 2.168995
v -1.152703 0.297117 2.176560
v -1.152703 0.234781 2.198173
v -1.152703 0.234781 1.931249
v -1.152703 0.178592 1.895588
v -1.152703 0.297117 1.952863
v -1.152703 0.428811 1.952863
v -1.152703 0.362964 1.960427
v -1.391845 0.362964 2.168995
v -1.391845 0.297117 2.176560
v -1.391845 0.234781 2.198173
v -1.391845 0.178592 2.233835
v -1.391845 0.428811 2.176560
v -1.152703 0.132060 2.280303
v -1.391845 0.132060 2.280303
v -1.152608 0.070132 -0.019728
v -1.152608 0.070119 0.148869
v -1.152608 0.070080 0.776692
v -1.152608 0.070171 -0.649156
v -1.152608 0.070184 -0.825782
v -1.391751 0.096757 -0.609014
v -1.152608 0.096757 -0.865924
v -1.391751 0.629238 0.192574
v -1.391751 0.629238 -0.063609
v -1.152608 0.629238 -0.063609
v -1.152608 0.594027 -0.119383
v -1.152608 0.547152 -0.166650
v -1.152608 0.491254 -0.201627
v -1.152608 0.428754 -0.223369
v -1.152608 0.362953 -0.230932
v -1.152608 0.297152 -0.223369
v -1.152608 0.234871 -0.201627
v -1.152608 0.178753 -0.166650
v -1.152608 0.629238 0.192574
v -1.152608 0.594027 0.248349
v -1.391751 0.594027 0.248349
v -1.391751 0.547152 0.295615
v -1.391751 0.491254 0.330592
v -1.391751 0.428754 0.352335
v -1.391751 0.362953 0.359897
v -1.391751 0.297152 0.352335
v -1.391751 0.234871 0.330592
v -1.391751 0.178753 0.295615
v -1.152608 0.547152 0.295615
v -1.152608 0.491254 0.330592
v -1.152608 0.428754 0.352335
v -1.152608 0.362953 0.359897
v -1.152608 0.234871 0.330592
v -1.152608 0.178753 0.295615
v -1.152608 0.297152 0.352335
v -1.391751 0.547152 -0.166650
v -1.391751 0.491254 -0.201627
v -1.391751 0.428754 -0.223369
v -1.391751 0.362953 -0.230932
v -1.391751 0.297152 -0.223369
v -1.391751 0.234871 -0.201627
v -1.391751 0.178753 -0.166650
v -1.391751 0.594027 -0.119383
v -1.391751 0.629238 0.736137
v -1.152608 0.629238 0.736137
v -1.152608 0.594027 0.680363
v -1.152608 0.547152 0.633097
v -1.152608 0.491254 0.598119
v -1.152608 0.428754 0.576377
v -1.152608 0.362953 0.568814
v -1.152608 0.297152 0.576377
v -1.152608 0.234871 0.598119
v -1.152608 0.178753 0.633097
v -1.391751 0.547152 0.633097
v -1.391751 0.491254 0.598119
v -1.391751 0.428754 0.576377
v -1.391751 0.362953 0.568814
v -1.391751 0.297152 0.576377
v -1.391751 0.234871 0.598119
v -1.391751 0.178753 0.633097
v -1.391751 0.594027 0.680363
v -1.391751 0.428674 -2.047216
v -1.391751 0.297247 -2.047216
v -1.391751 0.547092 -2.104584
v -1.391751 0.178829 -2.104584
v -1.391751 0.234898 -2.069016
v -1.391751 0.132180 -2.151053
v -1.391751 0.629178 -2.207274
v -1.152608 0.234898 -2.069016
v -1.152608 0.178829 -2.104584
v -1.152608 0.297247 -2.047216
v -1.391751 0.363185 -2.039758
v -1.152608 0.363185 -2.039758
v -1.152608 0.428674 -2.047216
v -1.152608 0.491023 -2.069016
v -1.152608 0.594190 -2.151053
v -1.391751 0.491023 -2.069016
v -1.152608 0.547092 -2.104584
v -1.391751 0.594190 -2.151053
v -1.160786 0.687938 -1.921005
v -1.160786 0.696909 -1.972063
v -1.383222 0.696909 -1.972063
v -1.383222 0.687938 -1.921005
v -1.152608 0.629178 -2.207274
v -1.152608 0.491023 -1.801679
v -1.152608 0.428674 -1.823479
v -1.152608 0.363185 -1.830937
v -1.152608 0.297247 -1.823479
v -1.152608 0.234898 -1.801679
v -1.391751 0.629178 -1.663421
v -1.391751 0.547092 -1.766111
v -1.391751 0.491023 -1.801679
v -1.391751 0.428674 -1.823479
v -1.391751 0.363185 -1.830937
v -1.391751 0.297247 -1.823479
v -1.391751 0.234898 -1.801679
v -1.391751 0.178829 -1.766111
v -1.391751 0.132180 -1.719642
v -1.391751 0.594190 -1.719642
v -1.383222 0.696909 -1.869374
v -1.160786 0.696909 -1.869374
v -1.152608 0.070279 -2.250300
v -1.383222 0.722925 -1.824627
v -1.160786 0.722925 -1.824627
v -1.160786 0.978601 -1.869374
v -1.160786 0.952585 -1.824627
v -1.383222 0.952585 -1.824627
v -1.383222 0.978601 -1.869374
v -1.160786 0.762847 -1.790779
v -1.160786 0.952585 -2.017385
v -1.160786 0.811739 -1.772995
v -1.160786 0.863771 -1.772995
v -1.160786 0.912664 -1.790779
v -1.160786 0.978601 -1.972063
v -1.383222 0.912664 -1.790779
v -1.383222 0.762847 -2.050658
v -1.383222 0.863771 -1.772995
v -1.383222 0.811739 -1.772995
v -1.383222 0.978601 -1.972063
v -1.383222 0.762847 -1.790779
v -1.383222 0.722925 -2.017385
v -1.160786 0.722925 -2.017385
v -1.160786 0.762847 -2.050658
v -1.160786 0.811739 -2.068442
v -1.383222 0.811739 -2.068442
v -1.160786 0.863771 -2.068442
v -1.160786 0.912664 -2.050658
v -1.383222 0.912664 -2.050658
v -1.383222 0.863771 -2.068442
v -1.383222 0.952585 -2.017385
v -1.160786 0.988470 -1.958869
v -1.087046 0.792009 -3.500288
v -1.087046 0.718623 -3.528495
v -1.087046 0.369493 -3.183812
v -1.087046 0.855714 -3.454030
v -1.087046 0.640240 -3.535264
v -1.087046 0.562794 -3.521725
v -1.087046 0.491907 -3.487314
v -1.087046 0.363247 -3.244174
v -1.087046 0.432573 -3.435414
v -1.087046 0.934721 -3.319767
v -1.087046 0.904430 -3.391976
v -1.087046 0.936282 -3.183812
v -0.938878 0.491907 -3.487314
v -0.938878 0.432573 -3.435414
v -1.455769 0.491907 -3.487314
v -1.455769 0.562794 -3.521725
v -1.455769 0.936282 -3.183812
v -1.455769 0.432573 -3.435414
v -1.455769 0.640240 -3.535264
v -1.455769 0.718623 -3.528495
v -1.455769 0.792009 -3.500288
v -1.455769 0.389166 -3.368846
v -1.455769 0.363247 -3.244174
v -1.604957 0.855714 -3.454030
v -1.455769 0.855714 -3.454030
v -1.604957 0.792009 -3.500288
v -1.604957 0.432573 -3.435414
v -1.604957 0.491907 -3.487314
v -1.557040 0.379173 -3.481108
v -1.604957 0.392914 -3.469261
v -1.455769 0.369493 -3.183812
v -0.938878 0.379173 -3.481108
v -1.557040 1.002486 -3.338948
v -1.557040 0.964700 -3.428080
v -0.909312 0.964700 -3.428080
v -0.909312 1.002486 -3.338948
v -0.909312 0.904117 -3.504802
v -1.557040 0.904117 -3.504802
v -0.909312 0.904430 -3.391976
v -0.909312 0.934721 -3.319767
v -0.909312 0.855714 -3.454030
v -1.455769 0.904430 -3.391976
v -1.455769 0.934721 -3.319767
v -1.604957 0.904430 -3.391976
v -1.604957 0.934721 -3.319767
v -1.604957 0.949086 -3.419054
v -1.604957 0.984998 -3.333870
v -1.604957 0.891626 -3.491827
v -0.938878 0.452559 -3.545419
v -0.909312 0.540623 -3.588293
v -1.557040 0.540623 -3.588293
v -1.557040 0.452559 -3.545419
v -1.557040 0.636493 -3.605781
v -0.909312 0.636493 -3.605781
v -0.909312 0.562794 -3.521725
v -0.909312 0.640240 -3.535264
v -1.557040 0.825110 -3.562343
v -0.909312 0.825110 -3.562343
v -0.909312 0.733924 -3.596755
v -1.557040 0.733924 -3.596755
v -0.909312 0.792009 -3.500288
v -0.909312 0.718623 -3.528495
v -1.604957 0.562794 -3.521725
v -1.604957 0.640240 -3.535264
v -1.604957 0.718623 -3.528495
v -1.604957 0.729865 -3.579267
v -1.604957 0.637430 -3.587729
v -1.604957 0.816679 -3.546547
v -1.604957 0.462865 -3.530751
v -1.604957 0.546244 -3.570805
v -1.455769 0.418521 -3.073807
v -1.455769 0.459117 -3.028676
v -1.087046 0.459117 -3.028676
v -1.087046 0.418521 -3.073807
v -1.455769 0.388230 -3.126271
v -1.087046 0.388230 -3.126271
v -1.087046 0.846970 -3.028676
v -1.087046 0.887254 -3.073807
v -1.087046 0.917545 -3.126271
v -1.455769 0.846970 -3.028676
v -1.455769 0.887254 -3.073807
v -1.455769 0.917545 -3.126271
v -1.383222 0.687933 1.279638
v -1.160786 0.687933 1.279638
v -1.160786 0.696982 1.228795
v -1.383222 0.696982 1.228795
v -1.383222 0.696982 1.331264
v -1.160786 0.696982 1.331264
v -1.152608 0.428540 1.152138
v -1.152608 0.363045 1.159960
v -1.391751 0.363045 1.159960
v -1.391751 0.428540 1.152138
v -1.152608 0.297120 1.376632
v -1.152608 0.363045 1.368810
v -1.391751 0.363045 1.368810
v -1.391751 0.297120 1.376632
v -1.152608 0.428540 1.376632
v -1.391751 0.428540 1.376632
v -1.391751 0.234641 1.398534
v -1.152608 0.234641 1.398534
v -1.391751 0.547034 1.433734
v -1.391751 0.491018 1.398534
v -1.152608 0.491018 1.398534
v -1.152608 0.547034 1.433734
v -1.391751 0.491018 1.130236
v -1.391751 0.297120 1.152138
v -1.391751 0.234641 1.130236
v -1.391751 0.178626 1.095037
v -1.391751 0.132090 1.048886
v -1.152608 0.629333 0.992567
v -1.152608 0.547034 1.095037
v -1.152608 0.491018 1.130236
v -1.152608 0.297120 1.152138
v -1.152608 0.234641 1.130236
v -1.152608 0.594000 1.048886
v -1.152608 0.178626 1.095037
v -1.152608 0.132090 1.048886
v -1.152608 0.594000 1.480666
v -1.152608 0.651308 1.598780
v -1.152608 0.629333 1.536203
v -1.152608 0.651308 1.730191
v -1.152608 0.658633 1.664486
v -1.152608 0.629333 1.792768
v -1.391751 0.096758 1.536203
v -1.391751 0.629333 1.792768
v -1.391751 0.651308 1.730191
v -1.391751 0.651308 1.598780
v -1.391751 0.658633 1.664486
v -1.391751 0.594000 1.480666
v -1.391751 0.629333 1.536203
v -1.152608 0.178626 1.433734
v -1.152608 0.132090 1.480666
v -1.152608 0.096758 1.536203
v -1.152608 0.096758 1.792768
v -1.391751 0.096758 1.792768
v -1.391751 0.178626 1.433734
v -1.391751 0.132090 1.480666
v -1.383222 0.723266 1.183427
v -1.160786 0.723266 1.183427
v -1.160786 0.762908 1.149791
v -1.383222 0.762908 1.149791
v -1.160786 0.812028 1.132583
v -1.383222 0.812028 1.132583
v -1.160786 0.863735 1.132583
v -1.383222 0.863735 1.132583
v -1.160786 0.978781 1.331264
v -1.383222 0.978781 1.331264
v -1.383222 0.952928 1.183427
v -1.383222 0.912856 1.149791
v -1.160786 0.912856 1.149791
v -1.160786 0.952928 1.183427
v -1.160786 0.978781 1.228795
v -1.383222 0.978781 1.228795
v -1.383222 0.952928 1.376632
v -1.160786 0.952928 1.376632
v -1.160786 0.912856 1.409485
v -1.383222 0.912856 1.409485
v -1.160786 0.863735 1.427476
v -1.383222 0.863735 1.427476
v -1.383222 0.762908 1.409485
v -1.383222 0.812028 1.427476
v -1.160786 0.812028 1.427476
v -1.160786 0.762908 1.409485
v -1.160786 0.723266 1.376632
v -1.383222 0.723266 1.376632
v -1.529174 0.856817 3.322545
v -1.529174 0.795628 3.365597
v -1.529174 0.725364 3.390689
v -1.529174 0.651000 3.396236
v -1.529174 0.577808 3.381709
v -1.529174 0.511057 3.348165
v -1.529174 0.456016 3.297982
v -1.013981 0.903953 3.264702
v -1.013981 0.934108 3.196294
v -1.013981 0.856817 3.322545
v -1.013981 0.456016 3.297982
v -1.557040 0.402439 3.343675
v -1.557040 0.471825 3.406273
v -0.938878 0.471825 3.406273
v -0.938878 0.402439 3.343675
v -0.909312 1.001738 3.215311
v -0.909312 0.964264 3.300887
v -1.557040 0.964264 3.300887
v -1.557040 1.001738 3.215311
v -1.557040 0.905124 3.373521
v -0.909312 0.905124 3.373521
v -1.557040 0.555265 3.448268
v -1.557040 0.647194 3.466493
v -0.909312 0.647194 3.466493
v -0.909312 0.555265 3.448268
v -0.909312 0.740588 3.459362
v -1.557040 0.740588 3.459362
v -0.909312 0.828711 3.427667
v -1.557040 0.828711 3.427667
v -0.909312 0.651000 3.396236
v -1.013981 0.651000 3.396236
v -1.013981 0.577808 3.381709
v -0.909312 0.577808 3.381709
v -0.909312 0.725364 3.390689
v -1.013981 0.725364 3.390689
v -0.909312 0.795628 3.365597
v -1.013981 0.795628 3.365597
v -0.938878 0.511057 3.348165
v -1.013981 0.511057 3.348165
v -0.938878 0.456016 3.297982
v -0.909312 0.903953 3.264702
v -0.909312 0.856817 3.322545
v -0.909312 0.934108 3.196294
v -1.529174 0.934108 3.196294
v -1.529174 0.903953 3.264702
v -1.604957 0.456016 3.297982
v -1.604957 0.511057 3.348165
v -1.604957 0.416199 3.331789
v -1.604957 0.948747 3.291643
v -1.604957 0.984172 3.210292
v -1.604957 0.903953 3.264702
v -1.604957 0.934108 3.196294
v -1.604957 0.856817 3.322545
v -1.604957 0.892535 3.360315
v -1.604957 0.820221 3.411555
v -1.604957 0.795628 3.365597
v -1.604957 0.736782 3.441665
v -1.604957 0.725364 3.390689
v -1.604957 0.648073 3.448268
v -1.604957 0.651000 3.396236
v -1.604957 0.561120 3.431100
v -1.604957 0.481780 3.391217
v -1.604957 0.577808 3.381709
v -1.152608 0.658502 -1.535206
v -1.152608 0.651002 -1.469697
v -1.152608 0.629206 -1.407308
v -1.152608 0.594051 -1.351158
v -1.391751 0.594051 -1.351158
v -1.391751 0.629206 -1.407308
v -1.391751 0.651002 -1.469697
v -1.391751 0.658502 -1.535206
v -1.391751 0.547178 -1.304366
v -1.391751 0.491164 -1.269012
v -1.391751 0.428823 -1.247175
v -1.391751 0.362965 -1.239897
v -1.391751 0.297343 -1.247175
v -1.391751 0.234767 -1.269012
v -1.391751 0.178753 -1.304366
v -1.152608 0.234767 -1.269012
v -1.152608 0.178753 -1.304366
v -1.152608 0.297343 -1.247175
v -1.152608 0.547178 -1.304366
v -1.152608 0.491164 -1.269012
v -1.152608 0.428823 -1.247175
v -1.152608 0.362965 -1.239897
v -1.152608 0.297343 -1.025693
v -1.152608 0.362965 -1.032972
v -1.391751 0.362965 -1.032972
v -1.391751 0.297343 -1.025693
v -1.152608 0.428823 -1.025693
v -1.391751 0.428823 -1.025693
v -1.152608 0.651002 -0.672154
v -1.152608 0.629206 -0.609765
v -1.391751 0.629206 -0.609765
v -1.391751 0.651002 -0.672154
v -1.152608 0.658502 -0.737663
v -1.391751 0.658502 -0.737663
v -1.391751 0.594051 -0.553614
v -1.152608 0.594051 -0.553614
v -1.391751 0.547178 -0.506822
v -1.391751 0.491164 -0.471468
v -1.391751 0.234767 -0.471468
v -1.152608 0.491164 -0.471468
v -1.152608 0.547178 -0.506822
v -1.152608 0.234767 -0.471468
v -1.152608 0.178753 -0.506822
v -1.391751 0.651002 -0.803171
v -1.391751 0.629206 -0.865561
v -1.152608 0.629206 -0.865561
v -1.152608 0.651002 -0.803171
v -1.152608 0.594051 -0.921711
v -1.152608 0.547178 -0.968503
v -1.152608 0.491164 -1.003857
v -1.152608 0.234767 -1.003857
v -1.391751 0.594051 -0.921711
v -1.391751 0.547178 -0.968503
v -1.391751 0.491164 -1.003857
v -1.391751 0.234767 -1.003857
v -1.391751 0.178753 -0.968503
v -1.557062 1.058694 1.357752
v -1.557062 1.058782 -1.994933
v -0.909312 1.058782 -1.994933
v -0.909312 1.058694 1.357752
v -0.909312 0.988470 -1.992793
v -1.383197 0.988365 1.246128
v -1.160819 0.988366 1.246128
v -1.160819 0.988467 -1.883041
v -1.383197 0.988467 -1.883043
v -1.383197 0.988417 -0.352281
v -1.383197 0.988415 -0.287623
v -1.160819 0.988363 1.313831
v -0.909312 0.988362 1.356526
v -1.383197 0.988363 1.313833
v -1.604957 0.988471 -1.992796
v -1.604957 0.988362 1.356526
v -1.383197 0.988470 -1.958594
v -1.604957 1.040543 1.357437
v -1.604957 1.040636 -1.994381
v -1.152608 0.658502 0.064570
v -1.152608 0.651093 0.130327
v -1.391751 0.651093 0.130327
v -1.391751 0.658502 0.064570
v -1.152608 0.651093 -0.001185
v -1.391751 0.651093 -0.001185
v -1.152608 0.651093 0.798595
v -1.152608 0.658502 0.864352
v -1.391751 0.658502 0.864352
v -1.391751 0.651093 0.798595
v -1.391751 0.651093 0.930108
v -1.152608 0.651093 0.930108
v -0.938939 0.323701 -3.394730
v -1.557062 0.323701 -3.394730
v -1.455647 0.358965 -3.277495
v -1.087137 0.358965 -3.277495
v -1.087137 0.389013 -3.368603
v -0.938939 0.389013 -3.368603
v -1.604957 0.340557 -3.387987
v -1.604957 0.389013 -3.368603
v -1.455647 0.508121 -2.993073
v -1.455647 0.563458 -2.968435
v -1.087137 0.563458 -2.968435
v -1.087137 0.508121 -2.993073
v -1.391751 0.070285 -2.338340
v -1.391751 0.658502 -2.335514
v -1.152608 0.082995 -2.426074
v -1.152608 0.651092 -2.269758
v -1.557062 -0.000039 -2.339997
v -0.938939 -0.000039 -2.339997
v -0.938939 0.070285 -2.338340
v -1.604957 0.070285 -2.338340
v -1.604957 0.018111 -2.339571
v -1.152608 0.070285 -2.338340
v -1.152608 0.131963 -2.151269
v -1.152608 0.096757 -2.207298
v -1.391751 0.096757 -2.207298
v -1.391751 0.070279 -2.250300
v -1.087137 0.946077 -3.208436
v -1.455647 0.946077 -3.208436
v -1.455647 0.944893 -3.242380
v -1.604957 0.944893 -3.242380
v -1.557062 1.015173 -3.245362
v -1.604957 0.997035 -3.244593
v -0.909312 1.015173 -3.245363
v -1.087137 0.944893 -3.242380
v -0.909312 0.944893 -3.242380
v -1.455647 0.797871 -2.993073
v -1.087137 0.797871 -2.993073
v -1.087137 0.742534 -2.968435
v -1.455647 0.742534 -2.968435
v -1.391751 0.651092 -2.269758
v -1.455647 0.622709 -2.955839
v -1.087137 0.622709 -2.955839
v -1.455647 0.683283 -2.955839
v -1.087137 0.683283 -2.955839
v -1.529305 0.395230 3.099800
v -1.529305 0.945459 3.088120
v -1.013942 0.395230 3.099800
v -1.013942 0.945459 3.088122
v -1.391751 0.547242 1.895587
v -1.391751 0.594033 1.848798
v -1.152608 0.594033 1.848798
v -1.152608 0.547242 1.895587
v -1.391751 0.491213 1.930792
v -0.909312 1.014885 3.125768
v -1.557062 1.014884 3.125768
v -1.013942 0.944592 3.123094
v -0.909312 0.944592 3.123094
v -1.604957 0.996743 3.125077
v -1.604957 0.944592 3.123094
v -1.529305 0.944592 3.123094
v -1.557062 0.355032 3.270190
v -0.938939 0.355032 3.270190
v -0.938939 0.416522 3.236027
v -1.013942 0.416522 3.236027
v -1.013942 0.394220 3.191031
v -1.529305 0.394220 3.191031
v -1.604957 0.370902 3.261373
v -1.604957 0.416522 3.236027
v -1.529305 0.416522 3.236027
v -1.152608 0.069974 2.385677
v -0.938939 0.069968 2.463987
v -1.604957 0.069968 2.463987
v -1.391751 0.069974 2.385677
v -1.557062 -0.000019 2.471052
v -0.938939 -0.000019 2.471052
v -1.604957 0.018043 2.469229
v -1.391751 0.178754 1.895587
v -1.391751 0.234784 1.930792
v -1.391751 0.297243 1.952649
v -1.152608 0.131963 1.848798
v -1.391751 0.131963 1.848798
v -1.391751 0.362998 1.960057
v -1.391751 0.428754 1.952649
v -1.391751 0.070015 1.750144
v -1.152608 0.070015 1.750144
v -1.152608 0.070027 1.578944
v -1.152608 0.070068 0.951996
v -1.152608 0.096757 -0.063643
v -1.152608 0.096758 0.192788
v -1.391751 0.096758 0.192788
v -1.391751 0.070121 0.149393
v -1.391751 0.070132 -0.020267
v -1.391751 0.096757 -0.063643
v -1.391751 0.131963 -0.119673
v -1.152608 0.131963 -0.119673
v -1.152608 0.070226 -1.450213
v -1.152608 0.096757 -1.406992
v -1.152608 0.178753 -1.766240
v -1.152608 0.131962 -1.719451
v -1.152608 0.096757 -1.663421
v -1.152608 0.070238 -1.620217
v -1.391751 0.070185 -0.825530
v -1.391751 0.070226 -1.450213
v -1.391751 0.096757 -1.406992
v -1.391751 0.131963 -1.350962
v -1.152608 0.131963 -1.350962
v -1.391751 0.131963 -0.553463
v -1.152608 0.131963 -0.553463
v -1.152608 0.096757 -0.609493
v -1.391751 0.070174 -0.649905
v -1.391751 0.131962 -0.921953
v -1.391751 0.096757 -0.865924
v -1.152608 0.131962 -0.921953
v -1.152608 0.178753 -0.968743
v -1.391751 0.178754 -0.506674
v -1.391751 0.070238 -1.620217
v -1.391751 0.096757 -1.663421
v -1.391751 0.070079 0.776692
v -1.152608 0.131963 0.248816
v -1.391751 0.131963 0.248816
v -1.152608 0.096757 0.736137
v -1.152608 0.096758 0.992568
v -1.391751 0.096757 0.736137
v -1.391751 0.096758 0.992568
v -1.391751 0.070068 0.951996
v -1.152608 0.131963 0.680107
v -1.391751 0.131963 0.680107
v -1.152608 0.428754 -0.449613
v -1.152608 0.362997 -0.442204
v -1.391751 0.362997 -0.442204
v -1.391751 0.428754 -0.449613
v -1.152608 0.297242 -0.449613
v -1.391751 0.297242 -0.449613
v -1.391751 0.594033 1.048598
v -1.391751 0.547242 1.095387
v -1.391751 0.629238 0.992566
v -1.152608 0.547242 -1.766240
v -1.391751 0.651093 -1.600963
v -1.152608 0.629237 -1.663421
v -1.152608 0.651093 -1.600963
v -1.152608 0.594032 -1.719451
v -1.391751 0.070027 1.578944
vn -0.0000 -0.6426 0.7662
vn -0.0000 -0.0000 1.0000
vn -0.0000 -0.3438 0.9390
vn 1.0000 -0.0000 -0.0000
vn -0.0000 -0.8662 0.4997
vn -0.0000 0.3438 0.9390
vn -0.0000 0.6426 0.7662
vn -1.0000 -0.0000 -0.0000
vn -0.0000 0.8662 0.4997
vn -0.0000 0.9847 0.1744
vn -0.0000 0.8662 -0.4997
vn 0.0003 -0.8900 -0.4560
vn -0.0000 -0.8886 -0.4588
vn -0.0000 -0.8662 -0.4997
vn -0.0003 -0.8900 0.4560
vn -0.0000 -0.8914 0.4532
vn -0.0000 1.0000 -0.0000
vn 0.0001 1.0000 -0.0000
vn -0.0002 1.0000 -0.0000
vn 0.0012 1.0000 0.0002
vn -0.0000 -1.0000 -0.0000
vn -0.0000 -0.3438 -0.9390
vn -0.0000 -0.6426 -0.7662
vn -0.0000 -0.9937 -0.1120
vn -0.0000 0.6426 -0.7662
vn -0.0000 -0.0000 -1.0000
vn -0.0000 0.3438 -0.9390
vn -0.0000 -0.9937 0.1120
vn 0.3543 -0.9351 -0.0000
vn 0.3544 -0.9351 -0.0000
vn -0.0000 0.9845 -0.1753
vn -0.0000 0.7684 0.6399
vn -0.0000 -0.9897 -0.1434
vn -0.0007 -0.9899 -0.1417
vn -0.0000 -0.9648 -0.2629
vn -0.0000 0.9994 -0.0349
vn 0.0001 0.9994 -0.0348
vn -0.0000 -1.0000 -0.0001
vn -0.0000 -0.9639 -0.2662
vn 0.0009 -0.9633 -0.2684
vn -0.0000 -0.9899 -0.1417
vn 0.3524 0.9268 0.1300
vn 0.3567 0.9248 0.1321
vn 1.0000 -0.0028 -0.0015
vn 0.3561 0.9015 0.2457
vn 0.3548 0.9022 0.2451
vn 1.0000 0.0061 -0.0021
vn -0.0000 -0.9935 0.1140
vn -0.0000 -0.7085 0.7057
vn -0.0000 -0.2079 -0.9781
vn -0.0000 0.2079 -0.9781
vn -0.0000 -0.9994 0.0349
vn -0.0001 0.9994 -0.0348
vn 0.3544 -0.9345 0.0326
vn -0.0000 -0.8463 0.5326
vn -0.0000 -0.8463 0.5327
vn -0.0000 -0.9444 0.3289
vn -0.0000 -0.4067 -0.9135
vn -0.0000 0.4067 -0.9135
vn -0.0000 -0.1139 0.9935
vn 1.0000 -0.0000 -0.0007
vn 1.0000 0.0001 -0.0001
vn -0.0000 -0.5323 0.8466
vn 1.0000 0.0001 -0.0002
vn 1.0000 -0.0000 -0.0003
vn 1.0000 -0.0008 -0.0008
vn 1.0000 -0.0003 -0.0005
vn -0.0000 -0.9497 -0.3132
vn 0.0001 -0.9497 -0.3132
vn -0.0000 0.9497 0.3133
vn -0.0000 0.1134 0.9936
vn 0.3539 0.8882 0.2931
vn 0.3551 0.8878 0.2928
vn -1.0000 -0.0002 0.0001
vn -1.0000 -0.0064 0.0007
vn -1.0000 -0.0002 0.0007
vn -0.0008 -0.9641 -0.2655
vn -0.0006 -0.9639 -0.2662
vn -1.0000 0.0033 0.0027
vn -0.0000 0.9648 0.2629
vn -0.0000 0.9903 0.1392
vn -0.0000 0.5344 0.8452
vn -0.0000 -0.3267 0.9451
vn -1.0000 -0.0002 0.0002
vn -1.0000 0.0007 0.0014
vn -1.0000 -0.0001 0.0004
vn -0.0000 0.3267 0.9451
vn -0.0000 0.7062 0.7080
vn -0.0000 0.3276 -0.9448
vn -0.0000 0.1141 -0.9935
vn -0.0000 -0.3276 -0.9448
vn -0.0000 0.5359 -0.8443
vn 0.3499 0.8637 -0.3627
vn 0.3572 0.8596 -0.3653
vn 0.3540 0.9240 -0.1446
vn 0.3525 0.9244 -0.1454
vn -0.0000 0.7066 -0.7076
vn -0.0000 0.7183 -0.6958
vn -0.0000 -0.3276 0.9448
vn -0.0000 -0.1141 0.9935
vn -0.0000 0.8480 0.5300
vn -0.0000 0.5359 0.8443
vn -0.0000 0.3276 0.9448
vn -0.0000 0.7066 0.7076
vn 0.0016 0.5320 -0.8467
vn 0.0004 0.5359 -0.8443
vn 0.0010 0.3303 -0.9439
vn 0.0018 0.3276 -0.9448
vn -0.0000 0.7083 -0.7059
vn 0.0005 0.7071 -0.7071
vn 0.0009 -0.1120 -0.9937
vn 0.0015 -0.1141 -0.9935
vn -1.0000 -0.0001 -0.0007
vn -1.0000 0.0001 -0.0011
vn -1.0000 0.0007 -0.0020
vn -1.0000 0.0035 -0.0055
vn -0.0000 0.1141 0.9935
vn 0.0016 0.1120 -0.9937
vn 0.0010 0.1141 -0.9935
vn 0.0017 -0.3303 -0.9439
vn 0.0009 -0.3276 -0.9448
vn -1.0000 0.0003 -0.0023
vn -1.0000 -0.0002 -0.0005
vn 0.0009 -0.9902 0.1395
vn -0.0000 -0.9905 0.1374
vn -0.0000 -0.8450 0.5347
vn -0.0000 -0.9459 0.3246
vn -0.0000 -0.7071 -0.7071
vn -0.0000 -0.5359 -0.8443
vn -0.0000 -0.7066 0.7076
vn -0.0000 -0.5359 0.8443
vn -0.0000 -0.5320 -0.8467
vn 0.0015 -0.5365 -0.8439
vn 0.3544 -0.9348 -0.0232
vn -0.0002 0.9997 0.0248
vn -0.0000 0.9997 0.0248
vn -0.0000 -0.9997 -0.0248
vn -0.0001 0.9997 0.0248
vn -0.0000 -0.7560 0.6545
vn 1.0000 -0.0000 0.0018
vn 1.0000 -0.0003 0.0002
vn 1.0000 0.0001 0.0008
vn 1.0000 -0.0002 0.0004
vn -0.0000 -0.3288 0.9444
vn -0.0000 0.1832 0.9831
vn -0.0000 0.6554 0.7553
vn -1.0000 -0.0000 0.0018
vn -1.0000 -0.0003 0.0002
vn -0.0000 -0.9934 0.1143
vn -0.0000 -0.9937 -0.1125
vn -0.0000 -0.7066 -0.7076
vn -1.0000 0.0001 0.0008
vn -1.0000 -0.0002 0.0004
vn -0.0000 -0.8450 -0.5347
vn -0.0000 -0.9459 -0.3246
vn 1.0000 0.0056 0.0012
vn 0.0009 -1.0000 0.0024
vn -0.0000 0.8768 0.4808
vn -0.0000 0.9878 -0.1556
vn -0.0009 -0.9902 0.1395
vn -0.0000 -0.8793 0.4762
vn -0.0000 -0.8793 0.4763
vn -0.0000 -0.9159 0.4014
vn -0.0014 -0.9146 0.4044
vn -0.0000 0.9220 -0.3872
vn 0.0014 -0.9159 0.4014
vn -0.0000 -0.9146 0.4044
vn -0.0000 -0.8960 0.4440
vn 0.3541 0.8380 -0.4153
vn 0.3560 0.8373 -0.4151
vn -0.0000 -0.9415 0.3369
vn -0.0000 0.8960 -0.4441
vn 0.0011 -0.8960 0.4441
vn -1.0000 0.0015 0.0017
vn -0.0000 -0.1141 -0.9935
vn -1.0000 -0.0057 -0.0012
vn -0.0009 -1.0000 0.0024
vn -0.0011 -0.8960 0.4441
vn -0.0000 0.9436 0.3310
vn 1.0000 0.0015 0.0017
vn 0.0006 0.8354 0.5496
vn -0.0000 0.8339 0.5520
vn -0.0000 0.8467 0.5320
vn -0.0000 0.8522 -0.5231
vn -0.0000 0.8467 -0.5320
vn -0.0011 0.8384 -0.5450
vn 0.0018 0.8307 -0.5568
vn -0.0011 0.8467 -0.5320
vn -0.0000 0.8447 -0.5353
vn -0.0000 0.8355 0.5496
vn 0.3529 0.9357 -0.0000
vn 0.3544 0.9351 -0.0000
vn -0.0001 -1.0000 -0.0001
vn -0.0000 0.8523 -0.5231
vn -0.0011 0.8550 -0.5186
vn 0.0001 -1.0000 -0.0001
vn -0.0012 0.8523 0.5231
vn -0.0000 0.8551 0.5184
vn -0.0000 0.1120 -0.9937
vn -0.0000 -0.9439 0.3303
vn -0.0000 -0.8456 0.5338
vn -0.0000 0.7085 0.7057
vn -0.0000 -0.7100 0.7042
vn -0.0000 -0.1120 -0.9937
vn -0.0000 0.7088 0.7054
vn -0.0000 0.1142 -0.9935
vn -0.0000 -0.5304 0.8477
vn -0.0000 -0.3286 0.9445
vn -0.0000 0.5289 0.8487
vn -0.0000 0.3296 0.9441
vn -0.0000 0.1142 0.9935
vn -0.0000 -0.1142 0.9935
vn -0.0000 -0.8456 -0.5338
vn -0.0000 -0.9435 -0.3313
vn -0.0000 -0.9438 0.3304
vn -0.0000 -0.3286 -0.9445
vn -0.0000 -0.1142 -0.9935
vn -0.0000 -0.7100 -0.7042
vn -0.0000 -0.5304 -0.8477
vn -0.0000 0.5289 -0.8487
vn -0.0000 0.3296 -0.9441
vn -0.0000 0.7072 -0.7070
vn -0.0000 0.3418 -0.9398
vn 0.0003 0.8467 -0.5320
vn -0.0000 0.8462 -0.5329
vn -0.0000 0.8515 -0.5243
vn -0.0000 0.8523 0.5231
vn 0.0003 0.8467 0.5320
vn -0.0000 0.8461 0.5331
vn -0.0000 -0.8645 -0.5026
vn -0.0000 0.8645 -0.5026
vn -0.0000 -0.6403 0.7682
vn -0.0000 -0.8673 0.4978
vn 0.0007 -0.8008 0.5989
vn -0.0000 -0.8067 0.5910
vn 1.0000 -0.0026 -0.0000
vn -0.0000 -0.8108 -0.5853
vn -1.0000 0.0006 -0.0004
vn -1.0000 -0.0034 -0.0000
vn -0.0000 0.6403 0.7682
vn -0.0000 0.3418 0.9398
vn -0.0000 -0.3418 -0.9398
vn -0.0000 0.6467 -0.7627
vn -0.0000 -0.6467 -0.7627
vn -0.0000 0.8673 0.4978
vn -0.0000 -0.3418 0.9398
vn -0.0000 0.9852 -0.1712
vn -0.0000 -0.5357 -0.8444
vn -0.0000 -0.8490 -0.5284
vn -0.0000 -0.9436 -0.3310
vn -0.0000 0.9849 0.1731
vn -0.0000 -0.3301 -0.9440
vn -0.0000 -0.7023 -0.7118
vn -0.0000 -0.7023 -0.7119
vn -0.0000 0.5357 -0.8444
vn -0.0000 0.3301 -0.9440
vn -0.0000 -0.1131 -0.9936
vn -0.0000 0.7057 -0.7085
vn -0.0000 0.1124 -0.9937
vn 0.0006 0.7071 0.7071
vn 0.0001 0.7057 0.7085
vn -0.0000 0.3301 0.9440
vn -0.0000 -0.1131 0.9936
vn -0.0000 -0.1132 0.9936
vn 0.0006 0.5357 0.8444
vn -0.0000 0.5338 0.8456
vn -0.0010 -0.7071 0.7071
vn 0.0008 -0.7023 0.7118
vn 0.0002 -0.8467 0.5320
vn -0.0010 -0.8490 0.5284
vn -0.0000 -0.3301 0.9440
vn -0.0000 0.1124 0.9937
vn 0.0008 -0.5333 0.8459
vn -0.0000 -0.5357 0.8444
vn 0.0002 -0.9436 0.3311
vn 0.3480 -0.0855 0.9336
vn 0.3498 -0.0864 0.9328
vn 0.3471 -0.5521 0.7581
vn 0.3490 -0.5526 0.7569
vn -0.0000 -0.1722 -0.9851
vn -0.0000 0.0860 -0.9963
vn -0.0000 0.3588 -0.9334
vn 0.3486 0.6188 0.7040
vn 0.3511 0.6171 0.7042
vn -0.0000 -0.4367 -0.8996
vn 0.3474 -0.3307 0.8775
vn 0.3481 -0.3310 0.8771
vn -0.0000 -0.5887 0.8083
vn -0.0000 -0.3531 0.9356
vn -0.0000 0.5876 -0.8092
vn -0.0000 -0.0922 0.9957
vn 0.3550 0.4048 0.8427
vn 0.3465 0.4106 0.8434
vn -0.0000 -0.8660 -0.5000
vn -0.0000 -0.9509 -0.3096
vn -0.0000 -0.7460 -0.6659
vn -0.0000 -0.5870 -0.8096
vn 1.0000 -0.0001 -0.0007
vn 1.0000 -0.0004 -0.0009
vn 1.0000 0.0043 0.0025
vn 1.0000 0.0001 -0.0003
vn 1.0000 -0.0008 -0.0024
vn 1.0000 -0.0000 -0.0005
vn 1.0000 0.0001 -0.0004
vn -0.0000 0.7435 -0.6688
vn -0.0000 0.5878 -0.8090
vn -0.0000 0.8660 -0.5000
vn 0.3503 0.1709 0.9209
vn 0.3553 0.1677 0.9196
vn -1.0000 0.0001 -0.0005
vn -1.0000 0.0003 -0.0007
vn -1.0000 -0.0032 0.0018
vn -0.0000 0.9509 -0.3096
vn -1.0000 -0.0001 -0.0002
vn -1.0000 0.0006 -0.0018
vn -1.0000 -0.0000 -0.0004
vn -1.0000 -0.0001 -0.0003
vn -0.0000 -0.8377 -0.5462
vn -0.0000 -0.8376 -0.5462
vn 0.9999 0.0108 0.0023
vn 0.0005 -0.9495 -0.3139
vn -0.0000 0.9947 -0.1029
vn -0.0000 -0.6584 -0.7527
vn 0.3488 0.7885 0.5065
vn 0.3511 0.7872 0.5071
vn -1.0000 0.0002 -0.0006
vn -1.0000 0.0005 -0.0006
vn -1.0000 0.0059 0.0019
vn -0.0000 -0.9207 0.3903
vn -0.0000 0.9918 -0.1275
vn -0.0000 0.8414 0.5404
vn -1.0000 -0.0027 -0.0031
vn -1.0000 0.0022 0.0012
vn -1.0000 -0.0003 -0.0011
vn -1.0000 -0.0085 0.0003
vn -1.0000 -0.0000 0.0015
vn -0.0000 -0.9909 0.1343
vn 0.3531 -0.9272 0.1250
vn 0.3519 -0.9276 0.1258
vn 0.3490 -0.7355 0.5807
vn 0.3490 -0.7355 0.5808
vn -0.0000 0.9915 -0.1303
vn 0.9999 -0.0114 0.0004
vn -0.0000 0.1795 0.9838
vn -0.0000 0.1794 0.9838
vn -0.0000 0.6591 0.7521
vn -0.9353 0.3358 -0.1118
vn -0.9565 0.2415 -0.1635
vn -0.0000 0.4377 0.8991
vn 0.3531 -0.8621 0.3634
vn 0.3499 -0.8625 0.3656
vn -0.0000 0.7866 -0.6175
vn -0.0000 -0.7848 0.6197
vn -0.0000 0.9221 -0.3868
vn -0.0000 -0.9292 -0.3696
vn 1.0000 0.0011 -0.0011
vn 1.0000 -0.0034 0.0016
vn 1.0000 0.0055 -0.0023
vn -0.0000 0.6470 0.7625
vn -0.0000 0.8653 0.5013
vn -0.0000 0.3306 0.9438
vn -0.0000 -0.9435 0.3313
vn -0.0000 -0.7069 0.7074
vn -0.0000 -0.7068 0.7074
vn -0.0000 0.8437 0.5368
vn -0.0000 0.8478 0.5303
vn -0.0000 0.8471 -0.5315
vn -0.0000 0.7101 0.7041
vn -0.0000 0.5321 0.8467
vn -0.0000 -0.8688 0.4951
vn -0.0000 -0.8751 0.4839
vn -0.0000 -0.8763 -0.4817
vn 1.0000 -0.0027 -0.0000
vn -1.0000 -0.0035 -0.0000
vn -0.0000 0.8653 -0.5013
vn -0.0000 -0.6429 0.7659
vn -0.0000 -0.3306 0.9438
vn -0.0000 0.3439 -0.9390
vn -0.0000 0.6381 -0.7700
vn -0.0000 -0.8688 -0.4951
vn -0.0000 -0.6340 -0.7733
vn -0.0000 -0.3439 -0.9390
vn -0.0000 -0.8437 0.5368
vn -0.0017 -0.5268 -0.8500
vn -0.0000 -0.5321 -0.8467
vn -0.0000 -0.3308 -0.9437
vn -0.0000 0.3308 -0.9437
vn -0.0000 -0.9439 -0.3303
vn 0.0004 -0.9443 -0.3290
vn -0.0000 0.8354 -0.5496
vn -0.0000 0.7042 -0.7100
vn -0.0000 0.5321 -0.8467
vn -0.0000 0.8471 -0.5314
vn -0.0000 0.1178 -0.9930
vn 0.0008 -0.7071 -0.7071
vn -0.0017 -0.7009 -0.7133
vn 0.0003 -0.8467 -0.5320
vn 0.0005 -0.8471 -0.5314
vn -0.0000 0.1178 0.9930
vn -0.0000 -0.1186 0.9929
vn -0.0000 0.3308 0.9437
vn -0.0000 0.9845 0.1752
vn -0.0000 0.9850 -0.1726
vn -0.0000 -0.1186 -0.9929
vn -0.0000 -0.5321 0.8467
vn -0.0000 -0.3308 0.9437
vn -0.0000 -0.9938 -0.1108
vn -0.0000 -0.9938 0.1108
vn -0.0000 -0.8461 -0.5331
vn -0.0000 0.9150 0.4034
vn 1.0000 -0.0044 0.0007
vn 0.3502 -0.8588 -0.3740
vn 0.3534 -0.8569 -0.3752
vn 0.3526 -0.9257 -0.1366
vn 0.3535 -0.9255 -0.1360
vn -0.0000 0.7752 0.6317
vn -0.0000 0.9899 0.1418
vn 1.0000 -0.0002 -0.0001
vn 1.0000 -0.0002 -0.0002
vn 1.0000 0.0001 -0.0018
vn 0.3538 0.7866 -0.5060
vn 0.3518 0.7866 -0.5075
vn -0.0000 -0.6737 0.7390
vn -0.0000 -0.6738 0.7390
vn -0.0000 -0.8432 0.5375
vn -0.0000 -0.4490 0.8935
vn -0.0000 0.0744 0.9972
vn 0.3503 0.4207 -0.8369
vn 0.3511 0.4210 -0.8364
vn 0.3513 0.1814 -0.9185
vn 0.3525 0.1820 -0.9180
vn 0.3525 0.6284 -0.6935
vn 0.3490 0.6277 -0.6958
vn -0.0000 -0.1947 0.9809
vn -0.0000 0.5754 0.8178
vn 0.3535 -0.7239 -0.5925
vn 0.3494 -0.7266 -0.5916
vn 0.3526 -0.5410 -0.7635
vn 0.3506 -0.3179 -0.8809
vn 0.3522 -0.3167 -0.8807
vn 0.3535 -0.0694 -0.9328
vn 0.3505 -0.0713 -0.9338
vn -0.0000 0.3363 0.9418
vn -0.0000 -0.7755 -0.6314
vn -0.0000 0.1945 -0.9809
vn -0.0000 -0.9160 -0.4011
vn -0.0000 -0.9894 -0.1453
vn -0.0000 -0.0761 -0.9971
vn -0.0000 -0.3384 -0.9410
vn -0.0000 0.4496 -0.8932
vn -0.0000 -0.5782 -0.8159
vn 1.0000 0.0008 -0.0009
vn 1.0000 0.0003 -0.0007
vn -1.0000 -0.0001 -0.0001
vn -1.0000 -0.0001 -0.0000
vn 1.0000 -0.0001 -0.0003
vn 1.0000 0.0001 -0.0005
vn 1.0000 -0.0000 -0.0004
vn -1.0000 -0.0000 -0.0005
vn -0.0000 0.8403 -0.5421
vn -0.0000 0.9999 0.0111
vn -1.0000 -0.0013 0.0002
vn -0.0000 0.6698 -0.7425
vn -1.0000 -0.0000 -0.0001
vn -1.0000 -0.0000 -0.0002
vn -1.0000 0.0001 -0.0002
vn -1.0000 0.0002 -0.0003
vn -1.0000 0.0004 0.0007
vn -1.0000 0.0005 0.0005
vn -0.9288 0.3072 0.2074
vn -0.9525 0.2884 0.0977
vn -0.0000 -0.9440 0.3298
vn -0.0000 -0.9935 0.1137
vn -0.0000 -0.5337 -0.8456
vn -0.0000 -0.3305 -0.9438
vn -0.0000 -0.7065 -0.7077
vn -0.0000 0.7060 -0.7082
vn -0.0004 0.7071 -0.7071
vn -0.0005 0.5337 -0.8456
vn -0.0000 0.3302 -0.9439
vn -0.0000 0.3295 0.9442
vn -0.0000 0.7053 0.7089
vn 0.0007 0.7071 0.7071
vn 0.0008 0.5337 0.8456
vn -0.0000 0.5311 0.8473
vn -0.0000 -0.8476 0.5307
vn -0.0000 -0.5337 0.8456
vn -0.0000 -0.7065 0.7077
vn -0.0000 0.3295 -0.9442
vn -0.0000 0.7056 -0.7086
vn -0.0000 0.5337 -0.8456
vn -0.0000 -0.8476 -0.5307
vn -0.0000 -0.9935 -0.1137
vn -0.0000 -0.9440 -0.3298
vn -0.0000 -0.1099 0.9939
vn -0.0000 0.1102 -0.9939
vn -0.0000 0.1102 0.9939
vn -0.0000 -0.3306 -0.9438
vn -0.0000 -0.1099 -0.9939
s 0
f 33//1 34//1 35//1
f 33//1 35//1 30//1
f 28//2 32//2 31//2
f 28//2 31//2 29//2
f 32//3 33//3 30//3
f 32//3 30//3 31//3
f 23//4 26//4 6//4
f 25//4 35//4 6//4
f 25//4 6//4 26//4
f 35//5 34//5 3//5
f 35//5 3//5 6//5
f 24//6 28//6 29//6
f 24//6 29//6 25//6
f 19//4 18//4 6//4
f 19//4 6//4 16//4
f 11//4 23//4 6//4
f 11//4 6//4 12//4
f 6//4 18//4 22//4
f 6//4 22//4 12//4
f 26//7 27//7 24//7
f 26//7 24//7 25//7
f 8//4 13//4 6//4
f 8//4 6//4 5//4
f 13//4 16//4 6//4
f 24//8 14//8 7//8
f 24//8 7//8 4//8
f 36//8 24//8 27//8
f 24//8 36//8 10//8
f 24//8 10//8 9//8
f 34//8 33//8 4//8
f 34//8 4//8 3//8
f 33//8 32//8 4//8
f 4//8 32//8 28//8
f 4//8 28//8 24//8
f 20//8 24//8 17//8
f 23//9 36//9 27//9
f 23//9 27//9 26//9
f 31//4 30//4 25//4
f 31//4 25//4 29//4
f 35//4 25//4 30//4
f 21//8 17//8 24//8
f 21//8 24//8 9//8
f 24//8 20//8 15//8
f 24//8 15//8 14//8
f 36//10 23//10 11//10
f 36//10 11//10 10//10
f 22//11 21//11 9//11
f 22//11 9//11 12//11
f 5//12 578//12 1//12
f 5//13 1//13 4//13
f 7//14 8//14 5//14
f 7//14 5//14 4//14
f 2//15 577//15 6//15
f 2//16 6//16 3//16
f 581//17 573//17 582//17
f 581//17 582//17 583//17
f 572//8 580//8 571//8
f 572//8 571//8 570//8
f 572//18 574//18 579//18
f 572//17 579//17 580//17
f 577//4 578//4 5//4
f 577//4 5//4 6//4
f 2//19 1//19 572//19
f 2//17 572//17 575//17
f 572//20 1//20 573//20
f 572//17 573//17 574//17
f 570//21 571//21 568//21
f 570//21 568//21 569//21
f 3//8 4//8 1//8
f 3//8 1//8 2//8
f 573//17 1//17 578//17
f 576//17 577//17 2//17
f 576//17 2//17 575//17
f 15//22 16//22 13//22
f 15//22 13//22 14//22
f 7//23 14//23 13//23
f 7//23 13//23 8//23
f 594//24 598//24 597//24
f 594//24 597//24 595//24
f 21//25 22//25 18//25
f 21//25 18//25 17//25
f 15//26 20//26 19//26
f 15//26 19//26 16//26
f 19//27 20//27 17//27
f 19//27 17//27 18//27
f 595//28 596//28 593//28
f 595//28 593//28 594//28
f 586//4 585//4 583//4
f 586//4 583//4 582//4
f 585//29 586//29 569//29
f 585//30 569//30 568//30
f 582//17 573//17 576//17
f 582//17 576//17 584//17
f 11//31 12//31 9//31
f 11//31 9//31 10//31
f 590//28 592//28 591//28
f 590//28 591//28 587//28
f 589//24 590//24 587//24
f 589//24 587//24 588//24
f 51//32 67//32 65//32
f 51//32 65//32 58//32
f 617//33 620//33 613//33
f 617//34 613//34 66//34
f 618//4 619//4 70//4
f 618//4 70//4 69//4
f 39//35 65//35 67//35
f 39//35 67//35 41//35
f 625//36 626//36 582//36
f 625//36 582//36 572//36
f 582//37 626//37 627//37
f 582//36 627//36 628//36
f 620//8 622//8 621//8
f 620//8 621//8 613//8
f 624//38 618//38 611//38
f 624//4 611//4 623//4
f 68//39 69//39 41//39
f 68//40 41//40 67//40
f 611//41 618//41 69//41
f 611//41 69//41 68//41
f 37//8 64//8 66//8
f 37//8 66//8 39//8
f 64//8 616//8 617//8
f 64//8 617//8 66//8
f 69//4 70//4 40//4
f 69//4 40//4 41//4
f 619//42 615//42 63//42
f 619//43 63//43 70//43
f 51//44 611//44 68//44
f 51//4 68//4 67//4
f 70//45 63//45 38//45
f 70//46 38//46 40//46
f 72//47 612//47 52//47
f 62//48 612//48 72//48
f 62//48 72//48 60//48
f 59//49 71//49 49//49
f 59//49 49//49 54//49
f 71//4 52//4 49//4
f 639//26 641//26 642//26
f 639//26 642//26 640//26
f 636//50 642//50 641//50
f 636//50 641//50 637//50
f 614//24 638//24 612//24
f 614//24 612//24 62//24
f 608//51 639//51 640//51
f 608//51 640//51 609//51
f 631//52 570//52 569//52
f 631//52 569//52 629//52
f 632//53 625//53 572//53
f 632//36 572//36 633//36
f 586//54 630//54 629//54
f 586//54 629//54 569//54
f 630//4 586//4 582//4
f 630//4 582//4 628//4
f 71//55 59//55 61//55
f 71//56 61//56 52//56
f 60//57 72//57 52//57
f 60//57 52//57 61//57
f 570//8 631//8 633//8
f 570//8 633//8 572//8
f 636//58 637//58 634//58
f 636//58 634//58 635//58
f 47//8 45//8 48//8
f 609//59 610//59 607//59
f 609//59 607//59 608//59
f 42//4 46//4 43//4
f 47//60 46//60 42//60
f 47//60 42//60 45//60
f 52//61 612//61 611//61
f 52//62 611//62 49//62
f 54//63 49//63 53//63
f 54//63 53//63 48//63
f 46//64 49//64 611//64
f 46//65 611//65 43//65
f 611//66 51//66 50//66
f 611//67 50//67 43//67
f 603//68 604//68 39//68
f 603//69 39//69 602//69
f 604//8 599//8 37//8
f 604//8 37//8 39//8
f 37//70 599//70 600//70
f 37//70 600//70 38//70
f 39//68 601//68 602//68
f 606//68 601//68 39//68
f 606//68 39//68 41//68
f 44//71 45//71 42//71
f 44//71 42//71 43//71
f 38//72 600//72 605//72
f 38//73 605//73 40//73
f 40//4 605//4 606//4
f 40//4 606//4 41//4
f 60//8 61//8 59//8
f 60//74 59//74 613//74
f 614//75 62//75 60//75
f 614//76 60//76 613//76
f 56//8 57//8 58//8
f 56//8 58//8 45//8
f 44//8 56//8 45//8
f 66//77 613//77 65//77
f 66//78 65//78 39//78
f 65//79 613//79 58//79
f 63//80 64//80 37//80
f 63//80 37//80 38//80
f 615//81 616//81 64//81
f 615//81 64//81 63//81
f 53//4 49//4 46//4
f 50//82 57//82 56//82
f 50//82 56//82 55//82
f 47//83 48//83 53//83
f 47//83 53//83 46//83
f 55//4 43//4 50//4
f 59//8 54//8 48//8
f 59//84 48//84 613//84
f 45//85 58//85 613//85
f 45//86 613//86 48//86
f 55//87 56//87 44//87
f 55//87 44//87 43//87
f 51//88 58//88 57//88
f 51//88 57//88 50//88
f 133//89 135//89 136//89
f 133//89 136//89 134//89
f 114//90 136//90 135//90
f 114//90 135//90 111//90
f 96//91 113//91 112//91
f 96//91 112//91 95//91
f 131//92 133//92 134//92
f 131//92 134//92 132//92
f 133//4 131//4 129//4
f 133//4 129//4 111//4
f 135//4 133//4 111//4
f 103//8 98//8 119//8
f 103//8 119//8 91//8
f 101//8 137//8 119//8
f 101//8 119//8 97//8
f 138//8 139//8 119//8
f 138//8 119//8 137//8
f 119//8 139//8 140//8
f 119//8 140//8 120//8
f 92//8 91//8 119//8
f 92//8 119//8 88//8
f 83//8 88//8 119//8
f 83//8 119//8 84//8
f 97//8 119//8 98//8
f 674//4 670//4 127//4
f 674//4 127//4 130//4
f 93//4 95//4 123//4
f 93//4 123//4 85//4
f 123//4 87//4 86//4
f 123//4 86//4 85//4
f 106//93 124//93 130//93
f 106//94 130//94 110//94
f 110//4 130//4 127//4
f 110//4 127//4 109//4
f 672//95 674//95 130//95
f 672//96 130//96 124//96
f 123//4 90//4 89//4
f 123//4 89//4 87//4
f 111//4 129//4 128//4
f 111//4 128//4 122//4
f 129//97 131//97 132//97
f 129//97 132//97 119//97
f 126//98 129//98 119//98
f 126//98 119//98 121//98
f 90//4 123//4 104//4
f 112//4 111//4 123//4
f 112//4 123//4 95//4
f 122//4 123//4 111//4
f 119//8 113//8 96//8
f 119//8 96//8 94//8
f 102//99 150//99 137//99
f 102//99 137//99 101//99
f 150//100 146//100 138//100
f 150//100 138//100 137//100
f 116//101 151//101 152//101
f 116//101 152//101 123//101
f 671//38 682//38 683//38
f 671//38 683//38 668//38
f 148//102 149//102 120//102
f 148//102 120//102 140//102
f 147//103 148//103 140//103
f 147//103 140//103 139//103
f 151//8 116//8 120//8
f 147//4 123//4 148//4
f 123//4 152//4 149//4
f 123//4 149//4 148//4
f 99//4 104//4 123//4
f 99//4 123//4 100//4
f 149//104 152//104 151//104
f 149//104 151//104 120//104
f 123//4 150//4 102//4
f 123//4 102//4 100//4
f 146//4 150//4 123//4
f 146//4 123//4 147//4
f 675//105 676//105 141//105
f 675//106 141//106 142//106
f 676//107 677//107 143//107
f 676//108 143//108 141//108
f 142//109 678//109 679//109
f 142//110 679//110 675//110
f 119//8 136//8 114//8
f 119//8 114//8 113//8
f 134//8 136//8 119//8
f 134//8 119//8 132//8
f 84//8 119//8 94//8
f 680//111 681//111 144//111
f 680//112 144//112 145//112
f 145//113 144//113 678//113
f 145//114 678//114 143//114
f 141//115 143//115 678//115
f 141//116 678//116 142//116
f 146//117 147//117 139//117
f 146//117 139//117 138//117
f 677//118 680//118 145//118
f 677//119 145//119 143//119
f 681//120 651//120 105//120
f 681//121 105//121 144//121
f 105//122 650//122 678//122
f 105//123 678//123 144//123
f 127//124 670//124 122//124
f 127//125 122//125 128//125
f 98//126 103//126 104//126
f 98//126 104//126 99//126
f 90//127 104//127 103//127
f 90//127 103//127 91//127
f 649//128 650//128 647//128
f 649//128 647//128 648//128
f 94//129 96//129 95//129
f 94//129 95//129 93//129
f 99//130 100//130 97//130
f 99//130 97//130 98//130
f 100//131 102//131 101//131
f 100//131 101//131 97//131
f 651//132 647//132 650//132
f 651//133 650//133 105//133
f 656//134 585//134 568//134
f 656//134 568//134 653//134
f 657//4 583//4 585//4
f 657//4 585//4 656//4
f 658//135 644//135 583//135
f 658//136 583//136 657//136
f 653//137 568//137 571//137
f 653//137 571//137 652//137
f 580//138 646//138 654//138
f 580//136 654//136 655//136
f 580//8 655//8 652//8
f 580//8 652//8 571//8
f 81//139 82//139 76//139
f 81//139 76//139 75//139
f 82//140 644//140 643//140
f 82//141 643//141 76//141
f 643//142 77//142 73//142
f 643//143 73//143 76//143
f 75//144 76//144 73//144
f 75//144 73//144 74//144
f 77//145 78//145 74//145
f 77//145 74//145 73//145
f 79//146 80//146 78//146
f 79//146 78//146 77//146
f 645//147 646//147 81//147
f 645//148 81//148 75//148
f 91//149 92//149 89//149
f 91//149 89//149 90//149
f 87//150 89//150 92//150
f 87//150 92//150 88//150
f 84//151 94//151 93//151
f 84//151 93//151 85//151
f 74//152 78//152 645//152
f 74//153 645//153 75//153
f 85//154 86//154 83//154
f 85//154 83//154 84//154
f 86//155 87//155 88//155
f 86//155 88//155 83//155
f 580//136 583//136 644//136
f 580//136 644//136 646//136
f 671//156 123//156 122//156
f 671//157 122//157 670//157
f 123//158 671//158 668//158
f 123//158 668//158 116//158
f 125//159 673//159 672//159
f 125//159 672//159 124//159
f 115//160 669//160 117//160
f 115//125 117//125 118//125
f 118//8 121//8 119//8
f 118//8 119//8 120//8
f 115//8 118//8 120//8
f 115//8 120//8 116//8
f 117//8 125//8 107//8
f 117//8 107//8 108//8
f 109//161 126//161 121//161
f 109//162 121//162 108//162
f 127//163 128//163 126//163
f 127//164 126//164 109//164
f 126//4 128//4 129//4
f 117//8 669//8 673//8
f 117//8 673//8 125//8
f 125//165 124//165 106//165
f 125//165 106//165 107//165
f 108//166 121//166 118//166
f 108//167 118//167 117//167
f 107//8 660//8 661//8
f 107//8 661//8 108//8
f 663//168 664//168 109//168
f 663//168 109//168 108//168
f 110//169 665//169 659//169
f 110//170 659//170 106//170
f 81//171 646//171 644//171
f 81//171 644//171 82//171
f 106//172 659//172 660//172
f 106//172 660//172 107//172
f 662//173 663//173 108//173
f 662//168 108//168 661//168
f 666//4 665//4 110//4
f 666//4 110//4 109//4
f 80//174 645//174 78//174
f 113//175 114//175 111//175
f 113//175 111//175 112//175
f 115//176 116//176 668//176
f 115//177 668//177 669//177
f 109//178 664//178 667//178
f 109//168 667//168 666//168
f 643//179 645//179 80//179
f 643//179 80//179 79//179
f 79//180 77//180 643//180
f 712//8 711//8 159//8
f 712//8 159//8 707//8
f 710//181 700//181 157//181
f 710//182 157//182 159//182
f 713//4 705//4 158//4
f 713//4 158//4 710//4
f 156//8 707//8 159//8
f 156//8 159//8 157//8
f 159//183 711//183 709//183
f 159//183 709//183 710//183
f 701//184 702//184 695//184
f 701//184 695//184 694//184
f 702//185 703//185 704//185
f 702//185 704//185 695//185
f 708//186 158//186 707//186
f 708//187 707//187 156//187
f 706//188 707//188 158//188
f 706//189 158//189 705//189
f 722//4 723//4 716//4
f 722//4 716//4 721//4
f 685//8 720//8 719//8
f 685//8 719//8 155//8
f 155//190 719//190 721//190
f 155//190 721//190 716//190
f 719//183 724//183 725//183
f 719//183 725//183 721//183
f 688//185 718//185 717//185
f 688//185 717//185 687//185
f 714//4 715//4 702//4
f 714//4 702//4 701//4
f 700//4 710//4 158//4
f 700//4 158//4 708//4
f 716//38 689//38 154//38
f 716//38 154//38 155//38
f 690//38 708//38 156//38
f 690//38 156//38 153//38
f 670//4 674//4 619//4
f 670//4 619//4 618//4
f 619//191 674//191 672//191
f 619//192 672//192 615//192
f 690//4 691//4 688//4
f 690//4 688//4 689//4
f 154//8 687//8 686//8
f 154//8 686//8 153//8
f 624//38 671//38 670//38
f 624//38 670//38 618//38
f 668//38 683//38 617//38
f 668//38 617//38 669//38
f 616//17 615//17 672//17
f 616//17 672//17 673//17
f 669//8 617//8 616//8
f 669//8 616//8 673//8
f 684//38 685//38 617//38
f 684//38 617//38 683//38
f 697//8 698//8 695//8
f 697//8 695//8 696//8
f 157//38 694//38 617//38
f 157//193 617//193 156//193
f 157//38 700//38 701//38
f 157//38 701//38 694//38
f 698//8 699//8 694//8
f 698//8 694//8 695//8
f 617//193 154//193 153//193
f 617//38 153//38 156//38
f 686//183 693//183 692//183
f 686//183 692//183 691//183
f 689//194 688//194 687//194
f 689//195 687//195 154//195
f 617//38 685//38 155//38
f 617//196 155//196 154//196
f 691//197 690//197 153//197
f 691//198 153//198 686//198
f 734//4 721//4 597//4
f 721//4 596//4 595//4
f 721//4 595//4 597//4
f 727//199 730//199 731//199
f 727//199 731//199 728//199
f 721//4 734//4 732//4
f 721//4 732//4 733//4
f 596//4 721//4 196//4
f 197//8 720//8 593//8
f 720//8 598//8 594//8
f 720//8 594//8 593//8
f 197//200 593//200 596//200
f 197//200 596//200 196//200
f 198//8 199//8 720//8
f 198//8 720//8 197//8
f 161//201 195//201 163//201
f 161//201 163//201 162//201
f 691//4 190//4 189//4
f 691//4 189//4 188//4
f 194//202 692//202 693//202
f 194//202 693//202 170//202
f 195//203 188//203 164//203
f 195//203 164//203 163//203
f 691//4 192//4 191//4
f 691//4 191//4 190//4
f 691//4 188//4 195//4
f 691//4 195//4 161//4
f 728//204 729//204 726//204
f 728//204 726//204 727//204
f 192//4 691//4 193//4
f 691//4 692//4 194//4
f 691//4 194//4 193//4
f 200//8 201//8 720//8
f 200//8 720//8 199//8
f 196//201 213//201 198//201
f 196//201 198//201 197//201
f 721//4 208//4 207//4
f 721//4 207//4 206//4
f 212//205 725//205 724//205
f 212//205 724//205 205//205
f 213//203 206//203 199//203
f 213//203 199//203 198//203
f 721//4 210//4 209//4
f 721//4 209//4 208//4
f 721//4 206//4 213//4
f 721//4 213//4 196//4
f 184//206 187//206 178//206
f 184//206 178//206 177//206
f 210//4 721//4 211//4
f 721//4 725//4 212//4
f 721//4 212//4 211//4
f 205//8 724//8 719//8
f 205//8 719//8 720//8
f 206//207 207//207 200//207
f 206//207 200//207 199//207
f 202//8 203//8 720//8
f 202//8 720//8 201//8
f 204//8 205//8 720//8
f 204//8 720//8 203//8
f 207//208 208//208 201//208
f 207//208 201//208 200//208
f 211//209 212//209 205//209
f 211//209 205//209 204//209
f 210//210 211//210 204//210
f 210//210 204//210 203//210
f 209//211 210//211 203//211
f 209//211 203//211 202//211
f 208//212 209//212 202//212
f 208//212 202//212 201//212
f 171//213 172//213 173//213
f 171//213 173//213 160//213
f 160//214 589//214 588//214
f 160//214 588//214 171//214
f 169//8 170//8 687//8
f 169//8 687//8 168//8
f 693//8 686//8 687//8
f 693//8 687//8 170//8
f 588//8 687//8 171//8
f 177//4 178//4 691//4
f 177//4 691//4 176//4
f 179//4 180//4 691//4
f 179//4 691//4 178//4
f 173//4 174//4 691//4
f 173//4 691//4 160//4
f 175//4 176//4 691//4
f 175//4 691//4 174//4
f 592//4 691//4 161//4
f 162//215 591//215 592//215
f 162//215 592//215 161//215
f 160//4 691//4 589//4
f 691//4 592//4 590//4
f 691//4 590//4 589//4
f 163//8 164//8 687//8
f 163//8 687//8 162//8
f 165//8 166//8 687//8
f 165//8 687//8 164//8
f 167//8 168//8 687//8
f 167//8 687//8 166//8
f 162//8 687//8 591//8
f 687//8 588//8 587//8
f 687//8 587//8 591//8
f 718//4 688//4 691//4
f 718//4 691//4 180//4
f 687//8 181//8 172//8
f 687//8 172//8 171//8
f 188//207 189//207 165//207
f 188//207 165//207 164//207
f 187//8 687//8 185//8
f 687//8 717//8 186//8
f 687//8 186//8 185//8
f 189//208 190//208 166//208
f 189//208 166//208 165//208
f 193//209 194//209 170//209
f 193//209 170//209 169//209
f 192//210 193//210 169//210
f 192//210 169//210 168//210
f 191//211 192//211 168//211
f 191//211 168//211 167//211
f 190//212 191//212 167//212
f 190//212 167//212 166//212
f 182//216 183//216 176//216
f 182//216 176//216 175//216
f 183//217 184//217 177//217
f 183//217 177//217 176//217
f 172//218 181//218 174//218
f 172//218 174//218 173//218
f 181//219 182//219 175//219
f 181//219 175//219 174//219
f 185//220 186//220 180//220
f 185//220 180//220 179//220
f 687//8 183//8 182//8
f 687//8 182//8 181//8
f 687//8 187//8 184//8
f 687//8 184//8 183//8
f 187//221 185//221 179//221
f 187//221 179//221 178//221
f 186//222 717//222 718//222
f 186//222 718//222 180//222
f 258//8 257//8 265//8
f 267//4 268//4 259//4
f 266//8 262//8 265//8
f 266//8 265//8 257//8
f 263//8 264//8 262//8
f 263//8 262//8 261//8
f 265//8 262//8 264//8
f 269//4 270//4 268//4
f 269//4 268//4 267//4
f 235//4 234//4 252//4
f 261//223 272//223 270//223
f 261//223 270//223 263//223
f 268//4 255//4 252//4
f 268//4 252//4 234//4
f 268//4 271//4 260//4
f 268//4 260//4 259//4
f 268//4 270//4 272//4
f 268//4 272//4 255//4
f 219//224 621//224 622//224
f 219//225 622//225 623//225
f 624//226 623//226 622//226
f 624//226 622//226 254//226
f 699//227 698//227 715//227
f 699//227 715//227 714//227
f 714//38 624//38 254//38
f 714//38 254//38 699//38
f 698//228 697//228 250//228
f 698//229 250//229 715//229
f 254//8 622//8 620//8
f 254//38 620//38 617//38
f 256//8 261//8 262//8
f 256//8 262//8 253//8
f 232//8 253//8 262//8
f 232//8 262//8 233//8
f 259//230 260//230 257//230
f 259//230 257//230 258//230
f 699//38 254//38 617//38
f 699//38 617//38 694//38
f 255//231 256//231 253//231
f 255//231 253//231 252//231
f 263//26 270//26 269//26
f 263//26 269//26 264//26
f 273//4 268//4 234//4
f 283//17 575//17 572//17
f 281//4 280//4 268//4
f 281//4 268//4 277//4
f 262//232 282//232 280//232
f 262//232 280//232 279//232
f 268//4 280//4 282//4
f 268//4 282//4 271//4
f 572//17 582//17 584//17
f 572//17 584//17 283//17
f 266//233 271//233 282//233
f 266//233 282//233 262//233
f 266//234 283//234 584//234
f 266//235 584//235 271//235
f 584//236 576//236 260//236
f 584//236 260//236 271//236
f 260//237 576//237 575//237
f 260//237 575//237 257//237
f 575//238 283//238 266//238
f 575//239 266//239 257//239
f 273//240 274//240 275//240
f 273//240 275//240 268//240
f 276//241 277//241 268//241
f 276//241 268//241 275//241
f 264//242 269//242 267//242
f 264//242 267//242 265//242
f 255//243 272//243 261//243
f 255//243 261//243 256//243
f 265//244 267//244 259//244
f 265//244 259//244 258//244
f 274//245 273//245 234//245
f 274//245 234//245 233//245
f 279//246 280//246 281//246
f 279//246 281//246 278//246
f 276//2 278//2 281//2
f 276//2 281//2 277//2
f 278//8 262//8 279//8
f 262//8 275//8 274//8
f 262//8 274//8 233//8
f 262//8 278//8 276//8
f 262//8 276//8 275//8
f 252//247 253//247 232//247
f 252//247 232//247 235//247
f 621//8 222//8 221//8
f 621//8 221//8 613//8
f 216//248 230//248 227//248
f 216//248 227//248 229//248
f 225//8 227//8 613//8
f 225//8 613//8 221//8
f 223//8 225//8 221//8
f 228//8 614//8 613//8
f 228//8 613//8 227//8
f 229//4 214//4 216//4
f 220//249 236//249 228//249
f 220//249 228//249 231//249
f 220//250 638//250 614//250
f 220//250 614//250 236//250
f 234//251 235//251 232//251
f 234//251 232//251 233//251
f 229//252 227//252 226//252
f 229//252 226//252 214//252
f 216//253 231//253 228//253
f 216//254 228//254 230//254
f 611//4 612//4 220//4
f 611//4 220//4 216//4
f 218//255 221//255 222//255
f 218//255 222//255 217//255
f 623//4 611//4 217//4
f 623//4 217//4 219//4
f 611//4 216//4 214//4
f 611//4 214//4 215//4
f 215//4 218//4 217//4
f 215//4 217//4 611//4
f 223//256 221//256 218//256
f 223//256 218//256 215//256
f 214//257 226//257 225//257
f 214//257 225//257 224//257
f 226//8 227//8 225//8
f 224//4 215//4 214//4
f 217//258 222//258 621//258
f 217//258 621//258 219//258
f 215//259 224//259 225//259
f 215//259 225//259 223//259
f 231//4 216//4 220//4
f 697//260 696//260 249//260
f 697//261 249//261 250//261
f 715//4 245//4 244//4
f 715//4 244//4 243//4
f 247//262 248//262 241//262
f 247//262 241//262 240//262
f 245//263 246//263 239//263
f 245//264 239//264 238//264
f 248//265 249//265 696//265
f 248//266 696//266 241//266
f 715//4 247//4 246//4
f 715//4 246//4 245//4
f 735//267 739//267 251//267
f 735//268 251//268 243//268
f 739//269 737//269 242//269
f 739//270 242//270 251//270
f 715//4 243//4 251//4
f 715//4 251//4 242//4
f 247//4 715//4 248//4
f 715//4 250//4 249//4
f 715//4 249//4 248//4
f 695//8 735//8 237//8
f 695//8 237//8 238//8
f 239//8 240//8 695//8
f 239//8 695//8 238//8
f 236//8 614//8 228//8
f 638//4 220//4 612//4
f 230//8 228//8 227//8
f 241//8 696//8 695//8
f 241//8 695//8 240//8
f 244//271 245//271 238//271
f 244//271 238//271 237//271
f 246//272 247//272 240//272
f 246//272 240//272 239//272
f 237//273 735//273 243//273
f 237//274 243//274 244//274
f 736//4 715//4 242//4
f 737//200 738//200 736//200
f 737//275 736//275 242//275
f 343//276 349//276 350//276
f 343//277 350//277 336//277
f 347//4 350//4 349//4
f 347//4 349//4 348//4
f 351//278 340//278 321//278
f 351//279 321//279 331//279
f 299//280 346//280 347//280
f 299//280 347//280 302//280
f 302//281 347//281 348//281
f 302//281 348//281 303//281
f 303//282 348//282 309//282
f 303//282 309//282 304//282
f 335//283 352//283 313//283
f 335//284 313//284 312//284
f 310//4 313//4 352//4
f 310//4 352//4 311//4
f 298//285 311//285 346//285
f 298//285 346//285 299//285
f 309//4 351//4 331//4
f 309//4 331//4 307//4
f 340//286 351//286 349//286
f 340//287 349//287 343//287
f 348//4 349//4 351//4
f 348//4 351//4 309//4
f 339//8 345//8 342//8
f 339//8 342//8 337//8
f 288//280 339//280 338//280
f 288//280 338//280 289//280
f 321//288 340//288 341//288
f 321//288 341//288 320//288
f 340//289 343//289 342//289
f 340//289 342//289 341//289
f 338//8 339//8 337//8
f 338//8 337//8 333//8
f 332//8 315//8 297//8
f 332//8 297//8 296//8
f 289//285 338//285 296//285
f 289//285 296//285 290//285
f 287//290 324//290 344//290
f 287//290 344//290 284//290
f 320//8 341//8 344//8
f 320//8 344//8 324//8
f 345//8 344//8 341//8
f 345//8 341//8 342//8
f 337//291 342//291 343//291
f 337//291 343//291 336//291
f 284//282 344//282 345//282
f 284//282 345//282 285//282
f 285//281 345//281 339//281
f 285//281 339//281 288//281
f 334//292 353//292 352//292
f 334//293 352//293 335//293
f 361//294 364//294 365//294
f 361//294 365//294 362//294
f 362//295 365//295 300//295
f 362//295 300//295 295//295
f 354//4 358//4 300//4
f 354//4 300//4 355//4
f 295//8 286//8 362//8
f 363//296 364//296 361//296
f 363//296 361//296 360//296
f 360//297 635//297 634//297
f 360//297 634//297 363//297
f 641//298 300//298 637//298
f 634//299 637//299 300//299
f 634//300 300//300 363//300
f 300//4 365//4 364//4
f 300//4 364//4 363//4
f 300//4 358//4 314//4
f 300//4 314//4 306//4
f 300//301 608//301 607//301
f 300//302 607//302 355//302
f 300//303 641//303 639//303
f 300//304 639//304 608//304
f 361//8 362//8 286//8
f 361//8 286//8 360//8
f 356//305 357//305 354//305
f 356//305 354//305 355//305
f 355//306 607//306 610//306
f 355//306 610//306 356//306
f 357//307 359//307 358//307
f 357//307 358//307 354//307
f 311//4 352//4 353//4
f 311//4 353//4 346//4
f 336//308 350//308 353//308
f 336//309 353//309 334//309
f 346//4 353//4 350//4
f 346//4 350//4 347//4
f 640//310 286//310 609//310
f 610//311 609//311 286//311
f 610//312 286//312 356//312
f 286//8 359//8 357//8
f 286//8 357//8 356//8
f 314//313 358//313 359//313
f 314//313 359//313 286//313
f 286//314 636//314 635//314
f 286//315 635//315 360//315
f 286//316 640//316 642//316
f 286//317 642//317 636//317
f 305//318 606//318 310//318
f 305//319 310//319 301//319
f 305//320 306//320 601//320
f 305//321 601//321 606//321
f 291//322 306//322 314//322
f 291//322 314//322 286//322
f 301//323 310//323 311//323
f 301//323 311//323 298//323
f 605//324 600//324 312//324
f 605//325 312//325 313//325
f 606//4 605//4 313//4
f 606//4 313//4 310//4
f 315//326 599//326 604//326
f 315//327 604//327 297//327
f 602//328 291//328 603//328
f 318//329 319//329 316//329
f 318//329 316//329 317//329
f 291//330 602//330 601//330
f 291//330 601//330 306//330
f 600//331 599//331 315//331
f 600//331 315//331 312//331
f 604//318 603//318 292//318
f 604//318 292//318 297//318
f 304//290 309//290 307//290
f 304//290 307//290 308//290
f 290//332 292//332 603//332
f 290//333 603//333 291//333
f 286//8 293//8 294//8
f 286//8 294//8 287//8
f 293//334 286//334 632//334
f 286//8 287//8 284//8
f 286//8 284//8 285//8
f 288//8 289//8 286//8
f 288//8 286//8 285//8
f 289//8 290//8 291//8
f 289//8 291//8 286//8
f 302//4 303//4 300//4
f 302//4 300//4 299//4
f 304//4 300//4 303//4
f 300//4 306//4 305//4
f 300//4 305//4 301//4
f 295//335 625//335 632//335
f 295//336 632//336 286//336
f 290//323 296//323 297//323
f 290//323 297//323 292//323
f 300//4 301//4 298//4
f 300//4 298//4 299//4
f 319//337 631//337 629//337
f 319//337 629//337 316//337
f 629//338 630//338 330//338
f 629//339 330//339 316//339
f 630//4 628//4 328//4
f 630//4 328//4 330//4
f 317//340 329//340 331//340
f 317//341 331//341 321//341
f 327//4 329//4 330//4
f 327//4 330//4 328//4
f 628//342 627//342 326//342
f 628//342 326//342 328//342
f 626//343 300//343 627//343
f 333//344 337//344 336//344
f 333//345 336//345 334//345
f 332//346 335//346 312//346
f 332//346 312//346 315//346
f 296//347 338//347 333//347
f 296//348 333//348 332//348
f 307//4 331//4 329//4
f 307//4 329//4 327//4
f 308//4 325//4 304//4
f 334//349 335//349 332//349
f 334//349 332//349 333//349
f 316//350 330//350 329//350
f 316//351 329//351 317//351
f 294//352 322//352 324//352
f 294//352 324//352 287//352
f 322//8 323//8 319//8
f 322//8 319//8 318//8
f 323//8 633//8 631//8
f 323//8 631//8 319//8
f 317//353 321//353 320//353
f 317//353 320//353 318//353
f 293//354 323//354 322//354
f 293//354 322//354 294//354
f 632//342 633//342 323//342
f 632//342 323//342 293//342
f 300//355 626//355 625//355
f 300//355 625//355 295//355
f 327//352 325//352 308//352
f 327//352 308//352 307//352
f 325//354 327//354 328//354
f 325//354 328//354 326//354
f 324//8 322//8 318//8
f 324//8 318//8 320//8
f 304//356 325//356 627//356
f 304//357 627//357 300//357
f 326//358 627//358 325//358
f 423//359 424//359 421//359
f 423//359 421//359 422//359
f 368//360 422//360 421//360
f 368//360 421//360 369//360
f 425//361 426//361 424//361
f 425//361 424//361 423//361
f 418//4 682//4 740//4
f 418//4 740//4 407//4
f 379//4 407//4 382//4
f 407//4 420//4 419//4
f 407//4 419//4 382//4
f 429//8 427//8 425//8
f 429//8 425//8 423//8
f 421//4 424//4 430//4
f 421//4 430//4 369//4
f 430//4 370//4 366//4
f 430//4 366//4 369//4
f 425//2 427//2 428//2
f 425//2 428//2 426//2
f 429//8 423//8 422//8
f 429//8 422//8 368//8
f 367//8 371//8 429//8
f 367//8 429//8 368//8
f 407//4 675//4 679//4
f 407//4 679//4 418//4
f 416//8 417//8 678//8
f 416//8 678//8 415//8
f 684//8 683//8 417//8
f 684//8 417//8 416//8
f 418//185 679//185 678//185
f 418//185 678//185 417//185
f 410//362 413//362 403//362
f 410//362 403//362 402//362
f 387//363 401//363 412//363
f 387//364 412//364 384//364
f 414//8 415//8 678//8
f 414//8 678//8 383//8
f 416//365 415//365 420//365
f 416//365 420//365 407//365
f 407//366 740//366 684//366
f 407//366 684//366 416//366
f 676//4 675//4 407//4
f 676//4 407//4 677//4
f 417//367 683//367 682//367
f 417//367 682//367 418//367
f 419//368 420//368 415//368
f 419//368 415//368 414//368
f 382//369 419//369 414//369
f 382//369 414//369 383//369
f 426//4 428//4 430//4
f 426//4 430//4 424//4
f 430//4 443//4 448//4
f 430//4 448//4 370//4
f 444//4 443//4 430//4
f 444//4 430//4 442//4
f 440//4 442//4 430//4
f 440//4 430//4 437//4
f 447//8 446//8 429//8
f 447//8 429//8 371//8
f 429//8 446//8 445//8
f 429//8 445//8 441//8
f 429//8 441//8 439//8
f 429//8 439//8 438//8
f 435//370 436//370 431//370
f 435//370 431//370 434//370
f 435//371 574//371 573//371
f 435//371 573//371 436//371
f 581//17 583//17 580//17
f 581//17 580//17 579//17
f 430//372 581//372 579//372
f 430//372 579//372 429//372
f 573//373 581//373 430//373
f 573//373 430//373 436//373
f 579//374 574//374 435//374
f 579//374 435//374 429//374
f 448//375 447//375 371//375
f 448//375 371//375 370//375
f 429//8 435//8 434//8
f 429//8 434//8 433//8
f 432//4 430//4 428//4
f 431//4 436//4 430//4
f 431//4 430//4 432//4
f 433//376 434//376 431//376
f 433//376 431//376 432//376
f 433//377 432//377 428//377
f 433//377 428//377 427//377
f 433//8 427//8 429//8
f 445//378 446//378 443//378
f 445//378 443//378 444//378
f 441//26 445//26 444//26
f 441//26 444//26 442//26
f 446//379 447//379 448//379
f 446//379 448//379 443//379
f 429//380 438//380 437//380
f 429//380 437//380 430//380
f 439//381 440//381 437//381
f 439//381 437//381 438//381
f 441//382 442//382 440//382
f 441//382 440//382 439//382
f 413//383 412//383 401//383
f 413//383 401//383 403//383
f 388//384 733//384 394//384
f 388//385 394//385 395//385
f 375//386 388//386 395//386
f 375//386 395//386 372//386
f 396//387 397//387 390//387
f 396//387 390//387 389//387
f 598//8 720//8 393//8
f 734//388 597//388 598//388
f 734//389 598//389 393//389
f 723//390 722//390 720//390
f 723//390 720//390 685//390
f 399//391 400//391 392//391
f 399//391 392//391 391//391
f 397//392 399//392 391//392
f 397//392 391//392 390//392
f 400//393 720//393 722//393
f 400//393 722//393 392//393
f 373//394 396//394 389//394
f 373//394 389//394 374//394
f 733//395 732//395 398//395
f 733//396 398//396 394//396
f 732//397 734//397 393//397
f 732//398 393//398 398//398
f 391//4 392//4 722//4
f 391//4 722//4 721//4
f 378//399 379//399 376//399
f 378//399 376//399 377//399
f 377//400 380//400 381//400
f 377//400 381//400 378//400
f 379//401 382//401 383//401
f 379//401 383//401 376//401
f 368//402 369//402 366//402
f 368//402 366//402 367//402
f 370//403 371//403 367//403
f 370//403 367//403 366//403
f 374//404 375//404 372//404
f 374//404 372//404 373//404
f 721//4 733//4 388//4
f 721//4 388//4 375//4
f 374//4 389//4 721//4
f 374//4 721//4 375//4
f 390//4 391//4 721//4
f 390//4 721//4 389//4
f 386//405 387//405 384//405
f 386//405 384//405 385//405
f 380//406 386//406 385//406
f 380//406 385//406 381//406
f 685//38 684//38 740//38
f 685//38 740//38 723//38
f 395//8 394//8 720//8
f 395//8 720//8 372//8
f 680//4 677//4 407//4
f 680//4 407//4 681//4
f 385//4 384//4 407//4
f 385//4 407//4 381//4
f 378//4 381//4 407//4
f 378//4 407//4 379//4
f 408//4 407//4 409//4
f 407//4 410//4 411//4
f 407//4 411//4 409//4
f 651//4 681//4 407//4
f 651//4 407//4 647//4
f 408//214 409//214 404//214
f 408//214 404//214 406//214
f 409//407 411//407 405//407
f 409//407 405//407 404//407
f 411//408 410//408 402//408
f 411//408 402//408 405//408
f 412//4 413//4 407//4
f 412//4 407//4 384//4
f 410//4 407//4 413//4
f 406//409 649//409 648//409
f 406//409 648//409 408//409
f 648//4 647//4 407//4
f 648//4 407//4 408//4
f 720//8 394//8 398//8
f 720//8 398//8 393//8
f 387//8 678//8 401//8
f 678//8 402//8 403//8
f 678//8 403//8 401//8
f 720//8 396//8 373//8
f 720//8 373//8 372//8
f 396//8 720//8 397//8
f 720//8 400//8 399//8
f 720//8 399//8 397//8
f 678//8 387//8 386//8
f 678//8 386//8 380//8
f 678//8 380//8 377//8
f 678//8 377//8 376//8
f 383//8 678//8 376//8
f 678//8 404//8 405//8
f 678//8 405//8 402//8
f 678//8 649//8 406//8
f 678//8 406//8 404//8
f 649//8 678//8 650//8
f 497//4 499//4 500//4
f 497//4 500//4 498//4
f 492//410 500//410 499//410
f 492//410 499//410 493//410
f 667//4 664//4 643//4
f 667//411 643//411 455//411
f 466//412 497//412 498//412
f 466//413 498//413 467//413
f 498//414 656//414 653//414
f 498//415 653//415 467//415
f 493//416 499//416 501//416
f 493//416 501//416 449//416
f 502//4 501//4 499//4
f 502//4 499//4 497//4
f 500//4 657//4 656//4
f 500//4 656//4 498//4
f 658//417 657//417 500//417
f 658//417 500//417 492//417
f 652//8 655//8 491//8
f 652//8 491//8 464//8
f 643//418 492//418 493//418
f 643//419 493//419 449//419
f 655//417 654//417 457//417
f 655//417 457//417 491//417
f 491//8 489//8 465//8
f 491//8 465//8 464//8
f 643//4 644//4 658//4
f 643//420 658//420 492//420
f 659//421 665//421 496//421
f 659//422 496//422 460//422
f 665//4 666//4 494//4
f 665//4 494//4 496//4
f 454//423 495//423 494//423
f 454//424 494//424 455//424
f 666//425 667//425 455//425
f 666//425 455//425 494//425
f 511//4 509//4 510//4
f 511//4 510//4 495//4
f 453//426 511//426 495//426
f 453//426 495//426 454//426
f 451//427 506//427 508//427
f 451//427 508//427 452//427
f 461//428 510//428 509//428
f 461//429 509//429 470//429
f 470//430 509//430 507//430
f 470//431 507//431 471//431
f 460//432 496//432 510//432
f 460//433 510//433 461//433
f 495//4 510//4 496//4
f 495//4 496//4 494//4
f 509//4 511//4 508//4
f 509//4 508//4 507//4
f 452//434 508//434 511//434
f 452//434 511//434 453//434
f 449//435 501//435 504//435
f 449//435 504//435 450//435
f 468//436 502//436 497//436
f 468//437 497//437 466//437
f 477//438 503//438 502//438
f 477//438 502//438 468//438
f 503//4 504//4 501//4
f 503//4 501//4 502//4
f 475//439 505//439 503//439
f 475//440 503//440 477//440
f 471//441 507//441 505//441
f 471//442 505//442 475//442
f 507//4 508//4 506//4
f 507//4 506//4 505//4
f 505//4 506//4 504//4
f 505//4 504//4 503//4
f 450//443 504//443 506//443
f 450//443 506//443 451//443
f 456//410 489//410 491//410
f 456//410 491//410 457//410
f 465//444 469//444 468//444
f 465//444 468//444 466//444
f 472//445 473//445 470//445
f 472//445 470//445 471//445
f 466//446 467//446 464//446
f 466//446 464//446 465//446
f 467//447 653//447 652//447
f 467//447 652//447 464//447
f 471//448 475//448 474//448
f 471//448 474//448 472//448
f 475//449 477//449 476//449
f 475//449 476//449 474//449
f 480//434 481//434 478//434
f 480//434 478//434 479//434
f 470//450 473//450 462//450
f 470//450 462//450 461//450
f 469//451 476//451 477//451
f 469//451 477//451 468//451
f 454//452 455//452 643//452
f 454//453 643//453 453//453
f 645//454 458//454 456//454
f 645//455 456//455 457//455
f 450//456 451//456 643//456
f 450//419 643//419 449//419
f 452//457 453//457 643//457
f 452//458 643//458 451//458
f 654//8 646//8 645//8
f 654//459 645//459 457//459
f 660//460 659//460 460//460
f 660//460 460//460 463//460
f 643//461 664//461 663//461
f 643//461 663//461 645//461
f 645//8 663//8 662//8
f 645//462 662//462 459//462
f 462//463 463//463 460//463
f 462//463 460//463 461//463
f 645//464 483//464 485//464
f 645//454 485//454 458//454
f 479//464 483//464 645//464
f 479//465 645//465 480//465
f 459//423 488//423 486//423
f 459//424 486//424 487//424
f 662//425 661//425 488//425
f 662//425 488//425 459//425
f 487//466 480//466 645//466
f 487//467 645//467 459//467
f 489//8 490//8 469//8
f 489//8 469//8 465//8
f 490//8 484//8 476//8
f 490//8 476//8 469//8
f 458//416 490//416 489//416
f 458//416 489//416 456//416
f 485//435 484//435 490//435
f 485//435 490//435 458//435
f 478//8 481//8 473//8
f 478//8 473//8 472//8
f 482//8 478//8 472//8
f 482//8 472//8 474//8
f 482//427 483//427 479//427
f 482//427 479//427 478//427
f 484//443 485//443 483//443
f 484//443 483//443 482//443
f 484//8 482//8 474//8
f 484//8 474//8 476//8
f 486//8 488//8 463//8
f 486//8 463//8 462//8
f 488//468 661//468 660//468
f 488//469 660//469 463//469
f 481//470 486//470 462//470
f 481//471 462//471 473//471
f 480//426 487//426 486//426
f 480//426 486//426 481//426
f 707//8 706//8 554//8
f 707//8 554//8 553//8
f 707//8 552//8 547//8
f 707//8 547//8 541//8
f 707//8 730//8 727//8
f 707//8 727//8 726//8
f 730//8 707//8 553//8
f 542//4 710//4 543//4
f 557//472 558//472 555//472
f 557//472 555//472 556//472
f 545//473 555//473 558//473
f 545//473 558//473 544//473
f 710//4 555//4 545//4
f 710//4 545//4 543//4
f 555//4 710//4 556//4
f 548//474 552//474 551//474
f 548//474 551//474 549//474
f 551//475 726//475 729//475
f 551//475 729//475 549//475
f 728//4 731//4 710//4
f 728//4 710//4 729//4
f 550//4 713//4 710//4
f 550//4 710//4 731//4
f 552//476 548//476 546//476
f 552//476 546//476 547//476
f 554//477 706//477 705//477
f 554//478 705//478 713//478
f 707//8 726//8 551//8
f 707//8 551//8 552//8
f 553//479 554//479 713//479
f 553//392 713//392 550//392
f 550//480 731//480 730//480
f 550//480 730//480 553//480
f 537//481 566//481 562//481
f 537//481 562//481 534//481
f 567//482 709//482 711//482
f 567//483 711//483 712//483
f 538//377 561//377 565//377
f 538//377 565//377 539//377
f 566//484 567//484 712//484
f 566//485 712//485 562//485
f 565//4 564//4 710//4
f 565//4 710//4 539//4
f 710//4 709//4 567//4
f 710//4 567//4 566//4
f 710//4 564//4 563//4
f 710//4 563//4 556//4
f 536//4 539//4 710//4
f 536//4 710//4 537//4
f 537//4 710//4 566//4
f 544//8 558//8 707//8
f 544//8 707//8 540//8
f 707//8 560//8 561//8
f 707//8 561//8 538//8
f 559//8 560//8 707//8
f 559//8 707//8 557//8
f 557//8 707//8 558//8
f 707//8 538//8 535//8
f 707//8 535//8 534//8
f 556//486 563//486 559//486
f 556//486 559//486 557//486
f 564//487 565//487 561//487
f 564//487 561//487 560//487
f 562//8 712//8 707//8
f 562//8 707//8 534//8
f 563//488 564//488 560//488
f 563//488 560//488 559//488
f 521//4 522//4 715//4
f 521//4 715//4 520//4
f 523//4 524//4 715//4
f 523//4 715//4 522//4
f 517//4 715//4 518//4
f 715//4 736//4 519//4
f 715//4 519//4 518//4
f 525//4 526//4 715//4
f 525//4 715//4 524//4
f 529//489 527//489 525//489
f 529//489 525//489 524//489
f 528//490 704//490 703//490
f 528//490 703//490 526//490
f 703//4 702//4 715//4
f 703//4 715//4 526//4
f 527//491 528//491 526//491
f 527//491 526//491 525//491
f 512//8 738//8 695//8
f 512//8 695//8 513//8
f 513//8 695//8 514//8
f 695//8 737//8 739//8
f 695//8 739//8 735//8
f 737//8 695//8 738//8
f 515//492 516//492 517//492
f 515//492 517//492 514//492
f 518//493 519//493 512//493
f 518//493 512//493 513//493
f 516//4 520//4 715//4
f 516//4 715//4 517//4
f 514//494 517//494 518//494
f 514//494 518//494 513//494
f 519//28 736//28 738//28
f 519//28 738//28 512//28
f 535//495 538//495 539//495
f 535//495 539//495 536//495
f 542//494 543//494 540//494
f 542//494 540//494 541//494
f 533//496 529//496 524//496
f 533//496 524//496 523//496
f 536//497 537//497 534//497
f 536//497 534//497 535//497
f 543//493 545//493 544//493
f 543//493 544//493 540//493
f 546//4 548//4 710//4
f 546//4 710//4 542//4
f 549//4 729//4 710//4
f 549//4 710//4 548//4
f 541//492 547//492 546//492
f 541//492 546//492 542//492
f 540//8 707//8 541//8
f 530//476 520//476 516//476
f 530//476 516//476 515//476
f 695//8 532//8 531//8
f 695//8 531//8 530//8
f 530//474 531//474 521//474
f 530//474 521//474 520//474
f 531//498 532//498 522//498
f 531//498 522//498 521//498
f 533//8 532//8 695//8
f 533//8 695//8 529//8
f 695//8 530//8 515//8
f 695//8 515//8 514//8
f 532//499 533//499 523//499
f 532//499 523//499 522//499
f 529//8 695//8 527//8
f 695//8 704//8 528//8
f 695//8 528//8 527//8
o Chassis_havok_s_rightTrack_1
v 1.153848 0.069358 -0.963488
v 1.153848 0.068367 0.639696
v 1.153848 0.068746 0.027126
v 1.153848 0.068861 -0.160146
v 1.153848 0.069241 -0.774467
v 1.153848 0.068252 0.826968
v 0.940392 0.014597 -2.573303
v 1.556954 0.014597 -2.573303
v 0.940392 0.082819 -2.556048
v 1.153830 0.120767 -2.655982
v 1.392971 0.120767 -2.655982
v 1.392971 0.178756 -2.697681
v 1.392971 0.234612 -2.732910
v 1.153830 0.234612 -2.732910
v 1.153830 0.178756 -2.697681
v 1.153830 0.297291 -2.754478
v 1.392971 0.297291 -2.754478
v 1.392971 0.082819 -2.556048
v 1.606409 0.082819 -2.556048
v 1.606409 0.032079 -2.568990
v 1.088432 0.418384 -3.073692
v 1.088432 0.459317 -3.028399
v 1.456742 0.459317 -3.028399
v 1.456742 0.418384 -3.073692
v 1.456742 0.507925 -2.993170
v 1.153830 0.362954 -2.761668
v 1.392971 0.362954 -2.761668
v 1.392971 0.428617 -2.754478
v 1.153830 0.428617 -2.754478
v 1.392971 0.070454 -2.467618
v 1.392971 0.096890 -2.338207
v 1.153830 0.082819 -2.556048
v 1.153830 0.658439 -2.466180
v 1.153830 0.629445 -2.338207
v 1.153830 0.547153 -2.697681
v 1.153830 0.594055 -2.650950
v 1.153830 0.629445 -2.594872
v 1.153830 0.651191 -2.532323
v 1.153830 0.070454 -2.467618
v 1.088432 0.887408 -3.073692
v 1.456742 0.887408 -3.073692
v 1.456742 0.622623 -2.955785
v 1.456742 0.563355 -2.968726
v 1.088432 0.563355 -2.968726
v 1.088432 0.622623 -2.955785
v 1.088432 0.683170 -2.955785
v 1.456742 0.683170 -2.955785
v 1.088432 0.742437 -2.968726
v 1.456742 0.742437 -2.968726
v 1.088432 0.507925 -2.993170
v 1.456742 0.797867 -2.993170
v 1.456742 0.846902 -3.028399
v 1.088432 0.797867 -2.993170
v 1.088432 0.846902 -3.028399
v 1.153830 0.491296 -2.732910
v 1.392971 0.491296 -2.732910
v 1.392971 0.547153 -2.697681
v 1.392971 0.594055 -2.650950
v 1.392971 0.629445 -2.594872
v 1.392971 0.651191 -2.532323
v 1.392971 0.658439 -2.466180
v 1.392971 0.651191 -2.400755
v 1.153830 0.651191 -2.400755
v 1.392971 0.629445 -2.338207
v 1.015182 0.688127 2.846698
v 1.530544 0.688127 2.846698
v 1.530544 0.821842 2.894338
v 1.015182 0.821842 2.894338
v 1.530544 0.914279 3.001529
v 1.015182 0.914279 3.001529
v 1.015182 0.943929 3.071666
v 1.530544 0.943929 3.071666
v 1.153904 0.593945 1.717888
v 1.153904 0.547242 2.102980
v 1.393081 0.629215 2.204878
v 1.153904 0.629215 2.204878
v 1.393081 0.629215 2.461606
v 1.393081 0.593945 2.518509
v 1.393081 0.651113 2.399409
v 1.393081 0.651113 2.268398
v 1.393081 0.658477 2.333242
v 1.393081 0.547242 2.564826
v 1.162026 0.987743 -0.413062
v 1.162026 0.987743 -0.488206
v 1.384462 0.987743 -0.488206
v 1.384462 0.987743 1.110953
v 1.384462 0.987743 -0.413062
v 1.162026 0.987743 1.110953
v 1.162026 0.978703 -0.398973
v 1.162026 0.978703 -0.502296
v 1.384462 0.978703 -0.502296
v 1.384462 0.978703 -0.398973
v 1.384462 0.952738 1.052247
v 1.384462 0.978703 1.096864
v 1.162026 0.978703 1.096864
v 1.162026 0.952738 1.052247
v 1.384462 0.987743 1.186097
v 1.162026 0.987743 1.186097
v 1.384462 0.978703 1.200187
v 1.162026 0.978703 1.200187
v 1.162026 0.952738 1.244804
v 1.384462 0.952738 1.244804
v 1.153848 0.651156 -0.934374
v 1.392991 0.651156 -0.934374
v 1.153848 0.594032 -0.251033
v 1.162026 0.696932 -0.502296
v 1.162026 0.687892 -0.450634
v 1.384462 0.687892 -0.450634
v 1.384462 0.696932 -0.502296
v 1.153848 0.651156 -0.131272
v 1.153848 0.594032 0.117643
v 1.384462 0.696932 -0.398973
v 1.384462 0.723090 -0.546912
v 1.384462 0.762903 -0.579788
v 1.384462 0.863879 -0.598574
v 1.384462 0.811949 -0.598574
v 1.384462 0.912925 -0.579788
v 1.384462 0.952738 -0.546912
v 1.162026 0.723090 -0.546912
v 1.162026 0.696932 -0.398973
v 1.162026 0.762903 -0.579788
v 1.162026 0.811949 -0.598574
v 1.162026 0.912925 -0.579788
v 1.162026 0.863879 -0.598574
v 1.162026 0.952738 -0.546912
v 1.162026 0.723090 -0.354356
v 1.162026 0.762903 -0.321480
v 1.384462 0.762903 -0.321480
v 1.384462 0.723090 -0.354356
v 1.384462 0.811949 -0.302694
v 1.162026 0.811949 -0.302694
v 1.162026 0.863879 -0.302694
v 1.384462 0.863879 -0.302694
v 1.384462 0.952738 -0.354356
v 1.384462 0.912925 -0.321480
v 1.162026 0.912925 -0.321480
v 1.162026 0.952738 -0.354356
v 1.153848 0.594032 1.350475
v 1.153848 0.651156 1.467888
v 1.162026 0.696932 1.096864
v 1.162026 0.687892 1.148525
v 1.384462 0.687892 1.148525
v 1.384462 0.696932 1.096864
v 1.153848 0.594032 0.918397
v 1.153848 0.651156 0.667134
v 1.392991 0.651156 0.667134
v 1.162026 0.762903 1.019372
v 1.162026 0.723090 1.052247
v 1.384462 0.723090 1.052247
v 1.384462 0.762903 1.019372
v 1.162026 0.811949 1.000585
v 1.384462 0.811949 1.000585
v 1.384462 0.863879 1.000585
v 1.162026 0.863879 1.000585
v 1.162026 0.696932 1.200187
v 1.162026 0.723090 1.244804
v 1.384462 0.723090 1.244804
v 1.384462 0.696932 1.200187
v 1.384462 0.912925 1.019372
v 1.384462 0.762903 1.280027
v 1.384462 0.811949 1.296465
v 1.384462 0.863879 1.296465
v 1.162026 0.762903 1.280027
v 1.162026 0.811949 1.296465
v 1.162026 0.863879 1.296465
v 1.384462 0.912925 1.280027
v 1.162026 0.912925 1.280027
v 1.162026 0.912925 1.019372
v 1.153848 0.428734 0.445342
v 1.153848 0.297284 0.445342
v 1.392991 0.428734 0.445342
v 1.392991 0.297284 0.445342
v 1.153848 0.491212 0.467011
v 1.392991 0.491212 0.467011
v 1.153848 0.234806 0.467011
v 1.392991 0.234806 0.467011
v 1.153848 0.178822 0.501921
v 1.392991 0.178822 0.501921
v 1.153848 0.131963 0.917234
v 1.392991 0.131963 0.917234
v 1.392991 0.234806 0.199766
v 1.392991 0.178822 0.164856
v 1.153848 0.178822 0.164856
v 1.153848 0.234806 0.199766
v 1.153848 0.297284 0.221435
v 1.392991 0.297284 0.221435
v 1.153848 0.131963 0.117908
v 1.392991 0.131963 0.117908
v 1.153848 0.428734 0.221435
v 1.153848 0.491212 0.199766
v 1.392991 0.491212 0.199766
v 1.392991 0.428734 0.221435
v 1.392991 0.362922 0.228658
v 1.153848 0.362922 0.228658
v 1.392991 0.362922 0.438120
v 1.153848 0.362922 0.438120
v 1.153848 0.297284 1.245872
v 1.153848 0.428734 1.245872
v 1.153848 0.178822 1.302451
v 1.153848 0.234806 1.267541
v 1.153848 0.131963 1.349399
v 1.392991 0.131963 1.349399
v 1.392991 0.491212 1.267541
v 1.392991 0.428734 1.245872
v 1.392991 0.362922 1.238649
v 1.392991 0.297284 1.245872
v 1.392991 0.234806 1.267541
v 1.392991 0.178822 1.302451
v 1.153848 0.491212 1.267541
v 1.153848 0.362922 1.238649
v 1.153848 0.178822 0.964182
v 1.153848 0.297284 1.021965
v 1.153848 0.428734 1.021965
v 1.153848 0.234806 0.999092
v 1.153848 0.491212 0.999092
v 1.392991 0.178822 0.964182
v 1.392991 0.297284 1.021965
v 1.392991 0.234806 0.999092
v 1.392991 0.491212 0.999092
v 1.392991 0.428734 1.021965
v 1.153848 0.362922 1.029187
v 1.392991 0.362922 1.029187
v 1.392991 0.297417 -1.954536
v 1.392991 0.363143 -1.961577
v 1.153848 0.363143 -1.961577
v 1.153848 0.297417 -1.954536
v 1.392991 0.428869 -1.954536
v 1.153848 0.428869 -1.954536
v 1.392991 0.491112 -1.932631
v 1.153848 0.491112 -1.932631
v 1.384462 0.687855 -2.051543
v 1.384462 0.696995 -2.103176
v 1.162026 0.696995 -2.103176
v 1.162026 0.687855 -2.051543
v 1.162026 0.696995 -2.000693
v 1.392991 0.297417 -2.178278
v 1.153848 0.363143 -2.171237
v 1.153848 0.491112 -2.200183
v 1.392991 0.547262 -1.897427
v 1.392991 0.593836 -1.850488
v 1.153848 0.593836 -1.850488
v 1.153848 0.547262 -1.897427
v 1.153848 0.629093 -1.794162
v 1.392991 0.629093 -1.794162
v 1.392991 0.234738 -1.932631
v 1.153848 0.234738 -1.932631
v 1.153848 0.178588 -1.897427
v 1.392991 0.178588 -2.235387
v 1.153848 0.132014 -1.850488
v 1.153848 0.096757 -1.794162
v 1.392991 0.132014 -1.850488
v 1.392991 0.178588 -1.897427
v 1.392991 0.096757 -1.794162
v 1.153848 0.629093 -1.537563
v 1.153848 0.593836 -1.482018
v 1.153848 0.658692 -1.665862
v 1.153848 0.178588 -1.435079
v 1.153848 0.132014 -1.482018
v 1.392991 0.132014 -1.482018
v 1.392991 0.547262 -1.435079
v 1.392991 0.096757 -1.537563
v 1.392991 0.658692 -1.665862
v 1.392991 0.593836 -1.482018
v 1.392991 0.629093 -1.537563
v 1.392991 0.651292 -1.600148
v 1.153848 0.096757 -1.537563
v 1.153848 0.651292 -1.600148
v 1.392991 0.651292 -1.731577
v 1.153848 0.651292 -1.731577
v 1.384462 0.952935 -1.955318
v 1.384462 0.912890 -1.921679
v 1.162026 0.912890 -1.921679
v 1.162026 0.952935 -1.955318
v 1.162026 0.978616 -2.000693
v 1.384462 0.978616 -2.000693
v 1.384462 0.864139 -1.904468
v 1.162026 0.864139 -1.904468
v 1.162026 0.811907 -1.904468
v 1.384462 0.811907 -1.904468
v 1.162026 0.763157 -2.181407
v 1.162026 0.978616 -2.103176
v 1.162026 0.912890 -2.181407
v 1.162026 0.952935 -2.147768
v 1.384462 0.864139 -2.199400
v 1.384462 0.952935 -2.147768
v 1.384462 0.978616 -2.103176
v 1.384462 0.763157 -1.921679
v 1.162026 0.864139 -2.199400
v 1.384462 0.912890 -2.181407
v 1.162026 0.811907 -2.199400
v 1.384462 0.811907 -2.199400
v 1.384462 0.723112 -1.955318
v 1.162026 0.723112 -1.955318
v 1.162026 0.763157 -1.921679
v 1.162026 0.723112 -2.147768
v 1.384462 0.696995 -2.000693
v 1.384462 0.723112 -2.147768
v 1.384462 0.763157 -2.181407
v 1.162026 0.987756 -2.090659
v 1.384462 0.987756 -2.090659
v 1.088440 0.432125 -3.431684
v 1.088440 0.491030 -3.483728
v 1.088440 0.389427 -3.365298
v 1.088440 0.363247 -3.244000
v 1.088440 0.369480 -3.183761
v 1.088440 0.561467 -3.518150
v 1.088440 0.638449 -3.532902
v 1.088440 0.716677 -3.525936
v 1.088440 0.790230 -3.498480
v 1.088440 0.853810 -3.452584
v 1.088440 0.902742 -3.391525
v 1.456864 0.638449 -3.532902
v 1.456864 0.561467 -3.518150
v 1.456864 0.369480 -3.183761
v 1.456864 0.716677 -3.525936
v 1.456864 0.491030 -3.483728
v 1.456864 0.363247 -3.244000
v 1.456864 0.432125 -3.431684
v 1.456864 0.389427 -3.365298
v 1.456864 0.853810 -3.452584
v 1.456864 0.790230 -3.498480
v 1.456864 0.902742 -3.391525
v 1.456864 0.933597 -3.319402
v 1.606409 0.933597 -3.319402
v 1.606409 0.902742 -3.391525
v 1.606409 0.432125 -3.431684
v 1.557127 0.963205 -3.427586
v 1.557127 1.001229 -3.338252
v 0.910685 1.001229 -3.338252
v 0.910685 0.963205 -3.427586
v 0.910685 0.902742 -3.391525
v 0.910685 0.933597 -3.319402
v 1.088440 0.933597 -3.319402
v 1.606409 0.947622 -3.418161
v 1.606409 0.983775 -3.333334
v 1.557127 0.731949 -3.594781
v 1.557127 0.823267 -3.560768
v 0.910685 0.823267 -3.560768
v 0.910685 0.731949 -3.594781
v 0.910685 0.635020 -3.602977
v 1.557127 0.635020 -3.602977
v 0.910685 0.638449 -3.532902
v 0.910685 0.561467 -3.518150
v 0.910685 0.716677 -3.525936
v 0.910685 0.790230 -3.498480
v 1.606409 0.716677 -3.525936
v 1.606409 0.790230 -3.498480
v 1.606409 0.638449 -3.532902
v 1.606409 0.853810 -3.452584
v 1.606409 0.728209 -3.577160
v 1.606409 0.814852 -3.544786
v 1.606409 0.635955 -3.584946
v 0.910685 0.902430 -3.503808
v 1.557127 0.902430 -3.503808
v 0.910685 0.853810 -3.452584
v 1.606409 0.889652 -3.490284
v 1.557127 0.539027 -3.584946
v 0.910685 0.539027 -3.584946
v 0.940254 0.451760 -3.542328
v 1.557127 0.451760 -3.542328
v 1.606409 0.461734 -3.527165
v 1.606409 0.544949 -3.567735
v 1.606409 0.491030 -3.483728
v 1.606409 0.561467 -3.518150
v 0.940254 0.491030 -3.483728
v 0.940254 0.432125 -3.431684
v 1.557127 0.378830 -3.477581
v 0.940254 0.378830 -3.477581
v 1.606409 0.392544 -3.465697
v 1.015027 0.856669 3.321612
v 1.015027 0.796192 3.364970
v 1.015027 0.726702 3.390351
v 1.015027 0.652850 3.396168
v 1.015027 0.579871 3.382155
v 1.015027 0.513579 3.349372
v 1.015027 0.458626 3.299933
v 1.530617 0.856669 3.321612
v 1.530617 0.903190 3.263977
v 1.530617 0.418793 3.237803
v 1.530617 0.458626 3.299933
v 1.557127 1.000302 3.214802
v 1.557127 0.963377 3.300461
v 0.910685 0.963377 3.300461
v 0.910685 1.000302 3.214802
v 1.557127 0.904935 3.372902
v 0.910685 0.904935 3.372902
v 0.910685 0.557483 3.448780
v 0.910685 0.649070 3.466493
v 1.557127 0.649070 3.466493
v 1.557127 0.557483 3.448780
v 1.557127 0.741821 3.459090
v 0.910685 0.741821 3.459090
v 0.940254 0.474327 3.407536
v 1.557127 0.474327 3.407536
v 1.557127 0.829339 3.427100
v 0.910685 0.829339 3.427100
v 1.557127 0.405127 3.345671
v 0.940254 0.405127 3.345671
v 1.015027 0.903190 3.263977
v 1.015027 0.932557 3.196031
v 0.940254 0.458626 3.299933
v 0.940254 0.513579 3.349372
v 0.910685 0.903190 3.263977
v 0.910685 0.932557 3.196031
v 0.910685 0.856669 3.321612
v 0.910685 0.796192 3.364970
v 0.910685 0.726702 3.390351
v 0.910685 0.652850 3.396168
v 0.910685 0.579871 3.382155
v 1.530617 0.726702 3.390351
v 1.530617 0.796192 3.364970
v 1.530617 0.579871 3.382155
v 1.530617 0.652850 3.396168
v 1.530617 0.513579 3.349372
v 1.606409 0.458626 3.299933
v 1.606409 0.418793 3.333774
v 1.606409 0.513579 3.349372
v 1.606409 0.484503 3.392466
v 1.606409 0.579871 3.382155
v 1.606409 0.649943 3.448251
v 1.606409 0.563298 3.431595
v 1.606409 0.737751 3.441377
v 1.606409 0.652850 3.396168
v 1.606409 0.726702 3.390351
v 1.606409 0.820616 3.410973
v 1.606409 0.796192 3.364970
v 1.606409 0.903190 3.263977
v 1.606409 0.856669 3.321612
v 1.606409 0.892432 3.359683
v 1.606409 0.947676 3.290944
v 1.606409 0.982857 3.210043
v 1.606409 0.932557 3.196031
v 0.940392 0.047618 2.537366
v 1.556954 0.047618 2.537366
v 0.940392 0.111747 2.509753
v 1.606409 0.111747 2.509753
v 1.606409 0.064813 2.532022
v 1.392971 0.428754 2.621986
v 1.392971 0.363006 2.629112
v 1.153830 0.363006 2.629112
v 1.153830 0.428754 2.621986
v 1.153830 0.082211 2.422461
v 1.153830 0.131977 2.517770
v 1.153830 0.178709 2.564979
v 1.392971 0.178709 2.564979
v 1.392971 0.131977 2.517770
v 1.392971 0.102644 2.482141
v 1.153830 0.102644 2.482141
v 1.392971 0.234747 2.599718
v 1.392971 0.082211 2.422461
v 1.392971 0.096777 2.205122
v 1.153830 0.234747 2.599718
v 1.153830 0.297258 2.621986
v 1.392971 0.297258 2.621986
v 1.556954 0.014642 2.439385
v 0.940392 0.014642 2.439385
v 1.606409 0.082211 2.422461
v 1.606409 0.032243 2.435822
v 0.940392 0.082211 2.422461
v 1.153830 0.131977 2.149005
v 1.153830 0.096777 2.205122
v 1.392971 0.178709 2.102687
v 1.392971 0.131977 2.149005
v 1.392971 0.297258 2.045680
v 1.153830 0.178709 2.102687
v 1.153830 0.363006 2.037663
v 1.153830 0.234747 2.067057
v 1.153830 0.297258 2.045680
v 1.392971 0.363006 2.037663
v 1.392971 0.428754 2.045680
v 1.153830 0.428754 2.045680
v 1.392971 0.234747 2.067057
v 1.392971 0.363006 1.829231
v 1.392971 0.297258 1.822105
v 1.153830 0.297258 1.822105
v 1.153830 0.363006 1.829231
v 1.153830 0.131977 1.717888
v 1.153830 0.178709 1.765098
v 1.392971 0.178709 1.765098
v 1.392971 0.131977 1.717888
v 1.153830 0.234747 1.799836
v 1.392971 0.234747 1.799836
v 1.392971 0.428754 1.822105
v 1.153830 0.428754 1.822105
v 1.392991 0.491249 -0.332695
v 1.392991 0.428764 -0.354592
v 1.392991 0.363034 -0.362256
v 1.392991 0.297303 -0.354592
v 1.392991 0.234819 -0.332695
v 1.392991 0.178826 -0.297660
v 1.392991 0.131963 -0.250582
v 1.153848 0.297303 -0.354592
v 1.153848 0.428764 -0.354592
v 1.153848 0.178826 -0.297660
v 1.153848 0.234819 -0.332695
v 1.153848 0.131963 -0.250582
v 1.153848 0.491249 -0.332695
v 1.153848 0.297303 -0.580131
v 1.153848 0.178826 -0.637063
v 1.153848 0.428764 -0.580131
v 1.153848 0.234819 -0.602028
v 1.153848 0.491249 -0.602028
v 1.392991 0.428764 -0.580131
v 1.392991 0.547242 -0.637063
v 1.392991 0.297303 -0.580131
v 1.392991 0.234819 -0.602028
v 1.392991 0.178826 -0.637063
v 1.392991 0.491249 -0.602028
v 1.153848 0.363034 -0.362256
v 1.153848 0.363034 -0.573561
v 1.392991 0.363034 -0.573561
v 1.153848 0.297303 -1.157115
v 1.153848 0.428764 -1.157115
v 1.153848 0.178826 -1.100183
v 1.153848 0.234819 -1.135218
v 1.392991 0.428764 -1.157115
v 1.392991 0.297303 -1.157115
v 1.392991 0.234819 -1.135218
v 1.392991 0.178826 -1.100183
v 1.153848 0.491249 -1.135218
v 1.392991 0.491249 -1.135218
v 1.392991 0.363034 -1.370610
v 1.153848 0.363034 -1.370610
v 1.153848 0.363034 -1.163684
v 1.392991 0.363034 -1.163684
v 1.557056 0.000159 -2.471045
v 0.940392 0.000159 -2.471045
v 0.940392 0.000452 2.343762
v 1.557056 0.000452 2.343762
v 0.940392 0.067319 2.336063
v 0.940392 0.070287 -2.467382
v 1.153848 0.070233 -2.379130
v 1.153848 0.069853 -1.764771
v 1.153848 0.069731 -1.567594
v 1.606409 0.070287 -2.467382
v 1.606409 0.067319 2.336063
v 1.392991 0.067319 2.336063
v 1.392991 0.067370 2.253902
v 1.392991 0.070233 -2.379130
v 1.606409 0.018289 -2.470099
v 1.606409 0.018498 2.341775
v 1.392991 0.068746 0.026519
v 1.392991 0.068367 0.639777
v 1.153848 0.096758 0.061879
v 1.392991 0.096758 0.061879
v 1.153848 0.096758 -0.194552
v 1.392991 0.096758 -0.194552
v 1.392991 0.068861 -0.159338
v 1.153848 0.067872 1.441964
v 1.153848 0.096758 1.405428
v 1.153848 0.096758 1.661859
v 1.153848 0.067758 1.625179
v 1.153848 0.096757 0.605228
v 1.153848 0.096758 0.861659
v 1.392991 0.067758 1.625179
v 1.392991 0.096758 1.661859
v 1.392991 0.096758 1.405428
v 1.392991 0.067872 1.441964
v 1.392991 0.068252 0.826968
v 1.392991 0.096758 0.861659
v 1.392991 0.096757 0.605228
v 1.392991 0.131963 0.549199
v 1.153848 0.131963 0.549199
v 1.392991 0.069731 -1.567594
v 1.392991 0.069358 -0.963490
v 1.153848 0.096757 -0.996833
v 1.153848 0.096757 -0.740402
v 1.392991 0.096757 -0.996833
v 1.392991 0.069241 -0.773890
v 1.392991 0.096757 -0.740402
v 1.392991 0.131962 -1.052863
v 1.153848 0.131962 -1.052863
v 1.392991 0.131963 -0.684373
v 1.153848 0.131963 -0.684373
v 0.940392 0.324739 -3.393020
v 1.557056 0.324739 -3.393020
v 0.940392 0.389373 -3.365260
v 1.088377 0.358333 -3.283338
v 1.456887 0.358333 -3.283338
v 1.606409 0.389373 -3.365260
v 1.606409 0.341420 -3.385857
v 1.456887 0.388296 -3.126151
v 1.088377 0.388296 -3.126151
v 1.392991 0.234782 -2.200183
v 1.392991 0.362997 -2.170918
v 1.392991 0.131963 -2.282177
v 1.392991 0.491212 -2.200183
v 1.392991 0.428753 -2.178327
v 1.153848 0.547241 -2.235388
v 1.153848 0.428753 -2.178327
v 1.153848 0.297241 -2.178325
v 1.153848 0.234782 -2.200183
v 1.153848 0.178753 -2.235388
v 1.153848 0.096757 -2.338208
v 1.153848 0.131963 -2.282177
v 0.910685 1.058068 -2.126739
v 0.910685 1.014222 -3.245693
v 1.557056 1.014222 -3.245691
v 1.557056 1.058068 -2.126737
v 1.088377 0.943961 -3.242290
v 0.910685 0.943961 -3.242288
v 0.910685 0.987757 -2.124629
v 1.088377 0.945482 -3.203466
v 1.456887 0.945482 -3.203466
v 1.606409 0.987756 -2.124625
v 1.606409 0.943961 -3.242291
v 1.456887 0.943961 -3.242291
v 1.606409 0.996088 -3.244814
v 1.606409 1.039921 -2.126193
v 1.088377 0.917696 -3.126151
v 1.456887 0.917696 -3.126151
v 1.456887 0.936414 -3.183759
v 1.088377 0.936414 -3.183759
v 1.153848 0.594032 -2.282178
v 1.392991 0.594032 -2.282178
v 1.392991 0.547241 -2.235388
v 1.530544 0.549107 2.873673
v 1.015182 0.549107 2.873673
v 1.015182 0.441873 2.966121
v 1.530544 0.441873 2.966121
v 1.015182 0.395229 3.099801
v 1.015182 0.942705 3.123271
v 1.530544 0.395229 3.099801
v 1.530544 0.942705 3.123269
v 1.530544 0.932544 3.196030
v 1.392991 0.629239 1.661859
v 1.392991 0.594033 1.717888
v 1.153848 0.629239 1.661859
v 1.153848 0.651093 1.599400
v 1.392991 0.651093 1.599400
v 1.153848 0.547242 1.764679
v 1.392991 0.547242 1.764679
v 1.153848 0.491213 1.799884
v 1.392991 0.491213 1.799884
v 1.153848 0.491212 2.067367
v 1.392991 0.491212 2.067367
v 1.392991 0.547242 2.102572
v 1.153848 0.594032 2.149363
v 1.392991 0.594032 2.149363
v 1.153848 0.594033 2.517852
v 1.153848 0.629238 2.461823
v 1.153848 0.651093 2.399364
v 1.153848 0.658502 2.333607
v 1.153848 0.651093 2.267851
v 1.153848 0.547243 2.564643
v 1.392991 0.491213 2.599848
v 1.153848 0.491213 2.599848
v 0.910685 1.013001 3.125862
v 0.910685 1.058066 1.225707
v 1.557056 1.058066 1.225707
v 1.557056 1.013000 3.125858
v 0.910685 0.987729 1.224667
v 0.910685 0.942705 3.123271
v 1.606409 1.039921 1.224665
v 1.606409 0.994858 3.125191
v 1.606409 0.987729 1.224665
v 1.606409 0.942705 3.123269
v 1.162059 0.987756 -2.013071
v 1.384437 0.987756 -2.013071
v 1.153848 0.629238 -0.996833
v 1.153848 0.594032 -1.052863
v 1.392991 0.594032 -1.052863
v 1.392991 0.629238 -0.996833
v 1.392991 0.658502 -0.868618
v 1.153848 0.658502 -0.868618
v 1.392991 0.651092 -0.802863
v 1.153848 0.651092 -0.802863
v 1.392991 0.629238 -0.740404
v 1.392991 0.594032 -0.684373
v 1.153848 0.594032 -0.684373
v 1.153848 0.629238 -0.740404
v 1.392991 0.547241 -1.099654
v 1.153848 0.547241 -1.099654
v 1.153848 0.547242 -0.637584
v 1.153848 0.547242 -0.297372
v 1.392991 0.547242 -0.297372
v 1.392991 0.594032 -0.250583
v 1.153848 0.629238 -0.194554
v 1.392991 0.629238 -0.194554
v 1.392991 0.651093 -0.132094
v 1.153848 0.658502 -0.066338
v 1.392991 0.658502 -0.066338
v 1.153848 0.651093 -0.000582
v 1.392991 0.651093 -0.000582
v 1.153848 0.629238 0.061877
v 1.392991 0.629238 0.061877
v 1.392991 0.594032 0.117907
v 1.153848 0.547242 0.164697
v 1.392991 0.547242 0.164697
v 1.392991 0.594033 1.349399
v 1.392991 0.629238 1.405428
v 1.153848 0.629238 1.405428
v 1.392991 0.651093 1.467887
v 1.153848 0.547242 1.302610
v 1.392991 0.547242 1.302610
v 1.153848 0.658503 1.533643
v 1.392991 0.658503 1.533643
v 1.153848 0.629238 0.861657
v 1.392991 0.629238 0.861657
v 1.392991 0.594033 0.917688
v 1.392991 0.651093 0.799198
v 1.153848 0.651093 0.799198
v 1.153848 0.547242 0.964478
v 1.392991 0.547242 0.964478
v 1.153848 0.594032 0.549199
v 1.153848 0.629238 0.605228
v 1.153848 0.547242 0.502408
v 1.153848 0.658502 0.733444
v 1.392991 0.594032 0.549199
v 1.392991 0.629238 0.605228
v 1.392991 0.658502 0.733444
v 1.392991 0.547242 0.502408
v 1.392991 0.069853 -1.764771
v 1.153848 0.547241 -1.435080
v 1.153848 0.428754 -1.378019
v 1.153848 0.297241 -1.378019
v 1.153848 0.234783 -1.399875
v 1.392991 0.178754 -1.435080
v 1.392991 0.234783 -1.399875
v 1.392991 0.491212 -1.399875
v 1.153848 0.491212 -1.399875
v 1.392991 0.428754 -1.378019
v 1.392991 0.297241 -1.378019
v 1.530544 0.392276 3.174977
v 1.557056 0.355705 3.268990
v 0.940392 0.355705 3.268990
v 0.940392 0.418723 3.237733
v 1.015182 0.418723 3.237733
v 1.015182 0.392276 3.174977
v 1.606409 0.418723 3.237733
v 1.606409 0.371969 3.260924
v 1.153848 0.067319 2.336063
v 1.153848 0.067370 2.253902
vn -0.0000 0.7726 0.6349
vn -0.0002 0.7719 0.6358
vn -0.0000 0.8467 0.5320
vn -0.0000 -1.0000 -0.0006
vn -0.0000 0.7726 -0.6349
vn -1.0000 -0.0000 -0.0000
vn -0.0000 0.7844 0.6202
vn 0.0015 0.7726 -0.6349
vn -0.0000 0.7779 -0.6284
vn -0.0000 0.8467 -0.5320
vn -0.0000 0.7838 0.6210
vn -0.0021 0.7768 0.6298
vn 1.0000 -0.0000 -0.0000
vn 0.0001 -1.0000 -0.0006
vn -0.3434 0.9392 -0.0000
vn -0.3448 0.9387 -0.0001
vn -0.0000 1.0000 -0.0001
vn -0.0000 0.7786 -0.6275
vn -0.0016 0.7838 -0.6210
vn -1.0000 -0.0002 -0.0003
vn -1.0000 -0.0002 -0.0005
vn -1.0000 -0.0001 -0.0006
vn -1.0000 -0.0000 -0.0009
vn -0.0000 0.4035 -0.9150
vn -0.0000 -0.2133 -0.9770
vn -0.0000 0.5868 -0.8097
vn -1.0000 0.0003 -0.0012
vn -1.0000 0.0008 -0.0018
vn -0.0000 -0.7454 -0.6666
vn 1.0000 0.0001 -0.0002
vn 1.0000 0.0001 -0.0001
vn -0.0000 -0.4035 -0.9150
vn -1.0000 -0.0000 -0.0028
vn -1.0000 -0.0003 -0.0002
vn -0.0000 -0.5835 -0.8121
vn -0.0000 0.9992 -0.0392
vn -0.0000 -0.9992 0.0392
vn -0.3452 -0.9378 0.0367
vn -0.0000 0.2133 -0.9770
vn -0.0000 -0.0000 -1.0000
vn -0.0000 -0.9511 -0.3090
vn -0.0000 -0.8660 -0.5000
vn 1.0000 -0.0000 -0.0003
vn 1.0000 -0.0009 -0.0009
vn -1.0000 -0.0001 0.0001
vn -0.0000 -0.8453 -0.5343
vn -0.0000 -0.9445 -0.3284
vn -1.0000 -0.0012 -0.0004
vn -0.0000 -0.3254 0.9456
vn -0.0000 -0.7058 0.7084
vn 1.0000 -0.0008 -0.0012
vn 1.0000 -0.0033 -0.0029
vn 1.0000 -0.0000 -0.0010
vn 1.0000 -0.0003 -0.0007
vn 1.0000 -0.0001 -0.0005
vn -0.0000 -0.8457 0.5337
vn -0.0000 -0.9939 -0.1101
vn -0.0000 -0.9445 0.3284
vn -0.0000 -0.9940 0.1089
vn -0.0000 -0.5335 0.8458
vn -1.0000 0.0023 -0.0031
vn -0.9999 0.0084 -0.0076
vn -0.0000 0.1088 0.9941
vn -0.0000 0.8674 -0.4975
vn -0.0000 0.7419 -0.6705
vn -1.0000 0.0002 0.0002
vn -0.0000 -0.1088 0.9941
vn -0.0000 -0.9352 -0.3541
vn -0.0000 0.5335 0.8458
vn -0.0000 0.9353 0.3539
vn -0.0000 -0.9351 -0.3543
vn 0.0004 -0.9352 -0.3542
vn 0.0001 -0.9352 -0.3541
vn -0.3449 0.8778 0.3324
vn -0.3400 0.8796 0.3328
vn -0.0032 -0.9349 -0.3550
vn -0.0000 0.3254 0.9456
vn -0.0000 -0.9349 -0.3550
vn 0.0006 -0.9902 -0.1399
vn -0.0000 -0.9904 -0.1385
vn 1.0000 0.0003 -0.0002
vn 0.0008 -1.0000 -0.0025
vn 1.0000 0.0002 -0.0002
vn 1.0000 -0.0001 -0.0000
vn -0.0000 0.9902 0.1398
vn -1.0000 -0.0011 0.0002
vn -0.0008 -1.0000 -0.0025
vn -0.0006 -0.9904 -0.1385
vn -0.0000 -0.9902 -0.1399
vn -0.3441 0.9299 0.1297
vn -0.3406 0.9309 0.1318
vn 1.0000 -0.0000 -0.0001
vn -0.0000 0.5838 0.8119
vn -0.0005 0.8476 -0.5306
vn -0.0000 0.8379 -0.5458
vn -0.0005 0.8392 -0.5439
vn -0.0000 -0.5300 -0.8480
vn 0.0006 -0.5320 -0.8467
vn 0.0017 -0.7071 -0.7071
vn 0.0005 -0.7042 -0.7100
vn -1.0000 0.0043 0.0044
vn -1.0000 0.0011 0.0002
vn -1.0000 0.0056 -0.0019
vn -1.0000 0.0016 -0.0000
vn -1.0000 0.0005 0.0002
vn -0.0002 -0.9937 0.1120
vn 0.0001 -0.9936 0.1128
vn 0.0001 -0.9439 -0.3303
vn -0.0004 -0.9432 -0.3321
vn -0.0003 -0.9937 -0.1120
vn 0.0001 -0.9939 -0.1106
vn 1.0000 -0.0067 0.0032
vn -0.0007 -0.9454 0.3259
vn -0.0000 -0.9446 0.3282
vn -0.3452 -0.9383 -0.0222
vn -0.3454 -0.9382 -0.0223
vn 0.0003 0.9997 0.0237
vn -0.0000 0.9997 0.0237
vn -0.0000 -0.9211 0.3894
vn -0.0000 -0.9997 -0.0237
vn -0.0006 -0.8467 -0.5320
vn 0.0011 -0.8500 -0.5268
vn -0.0000 0.1905 0.9817
vn -0.0000 -0.3356 0.9420
vn -0.0000 0.6530 0.7574
vn -0.0000 -0.7573 0.6531
vn 0.0014 -0.5320 0.8467
vn -0.0000 -0.5364 0.8439
vn -0.0000 -0.5320 -0.8467
vn 1.0000 -0.0050 0.0062
vn -0.0000 -0.8447 0.5353
vn -0.0000 -0.7071 0.7071
vn 0.0012 -0.7040 0.7102
vn -0.0000 -0.8461 -0.5330
vn 0.0003 -0.8467 -0.5320
vn -0.0000 -0.9439 -0.3303
vn -0.0000 -0.7071 -0.7071
vn 0.0003 -0.7078 -0.7064
vn 1.0000 -0.0060 -0.0048
vn -0.0000 0.9850 0.1724
vn -0.0016 -0.8467 -0.5320
vn -0.0000 -0.8497 -0.5272
vn -0.0000 -0.9937 -0.1120
vn -0.0000 -0.9937 0.1120
vn -0.0003 -0.9938 0.1110
vn -0.0021 -0.7017 -0.7125
vn -0.0000 -0.9427 0.3338
vn -0.0000 -0.9939 0.1101
vn -0.0000 -0.8467 0.5320
vn -0.0000 -0.7151 0.6990
vn 0.0032 -0.7071 0.7071
vn -0.0000 -0.8643 -0.5030
vn 0.0024 -0.8420 0.5394
vn -0.0002 -0.9439 0.3303
vn -0.0000 -0.9436 0.3311
vn -0.0000 -0.3178 -0.9482
vn -0.0000 0.6626 -0.7490
vn -0.0000 -0.6367 0.7711
vn -0.0000 -0.3577 0.9338
vn -0.0000 -0.6626 -0.7490
vn -0.0000 0.3178 -0.9482
vn -0.0000 -0.0000 1.0000
vn -0.0000 0.8627 -0.5058
vn -0.0000 0.9850 -0.1724
vn -0.0000 0.3577 0.9338
vn -0.0000 0.6367 0.7711
vn -0.0000 0.8627 0.5058
vn -0.0000 -0.3577 -0.9338
vn -0.0000 -0.8417 0.5400
vn -0.0000 -0.8417 -0.5400
vn 0.0001 1.0000 -0.0000
vn -0.0001 1.0000 -0.0000
vn -0.0000 -0.8467 -0.5320
vn -0.0000 -0.9938 0.1110
vn -0.0000 1.0000 0.0004
vn -0.0000 1.0000 -0.0000
vn -0.0000 -1.0000 -0.0000
vn -0.3451 -0.9386 -0.0000
vn -0.0000 -0.8643 0.5030
vn -0.0000 0.3577 -0.9338
vn -0.0000 -0.6367 -0.7711
vn -0.0000 0.6367 -0.7711
vn -0.0010 -0.8486 0.5290
vn 0.0009 -0.9439 0.3303
vn -0.0000 -0.9449 0.3273
vn 0.0001 -0.9937 0.1124
vn -0.0013 -0.7071 0.7071
vn -0.0000 -0.7037 0.7105
vn 0.0008 -0.7091 -0.7051
vn 0.0006 -0.8467 -0.5320
vn -0.0000 -0.8456 -0.5338
vn -0.0000 0.5291 0.8485
vn -0.0000 0.3277 0.9448
vn -0.0000 -0.3277 0.9448
vn -0.0000 -0.1091 0.9940
vn -0.0000 0.7078 0.7064
vn -0.0000 -0.5305 0.8477
vn -0.0000 -0.3438 -0.9391
vn -0.0000 0.5291 -0.8485
vn -0.0000 -0.5256 -0.8507
vn -0.0000 -0.1091 -0.9940
vn -0.0000 0.3438 -0.9391
vn -0.0000 0.1094 0.9940
vn -0.0000 0.1094 -0.9940
vn -0.0000 0.7078 -0.7064
vn -0.0000 0.3277 -0.9448
vn -0.0000 0.8448 -0.5351
vn -0.0000 0.7102 0.7040
vn -0.0000 -0.5341 0.8454
vn -0.0000 -0.5306 -0.8477
vn -0.0000 -0.3277 -0.9448
vn -0.0000 -0.3329 -0.9430
vn -0.0000 -0.6432 -0.7657
vn -0.0000 -0.8703 -0.4926
vn -0.0000 -0.8443 -0.5359
vn -0.0000 -0.9425 -0.3343
vn -0.0000 -0.9937 0.1119
vn -0.0000 -0.9937 -0.1119
vn 0.0001 -0.7099 -0.7043
vn -0.0000 -0.7097 -0.7045
vn -0.0000 -0.9425 0.3343
vn -0.0000 -0.3463 0.9381
vn -0.0000 0.3463 0.9381
vn 1.0000 -0.0042 -0.0004
vn -0.0000 -0.8666 0.4991
vn -0.0000 -0.8076 0.5898
vn -0.0000 -0.8076 0.5897
vn -0.0000 -0.8045 -0.5940
vn -1.0000 0.0005 -0.0003
vn -1.0000 -0.0028 -0.0000
vn -0.0000 0.6432 -0.7657
vn -0.0000 0.3329 -0.9430
vn -0.0000 -0.6432 0.7657
vn -0.0000 0.9842 -0.1769
vn -0.0000 0.8629 0.5054
vn -0.0000 0.6432 0.7657
vn -0.0000 0.8667 -0.4988
vn -0.0000 -0.7099 0.7043
vn -0.0000 -0.8476 0.5306
vn 0.0002 -0.5320 -0.8467
vn -0.0000 -0.5314 -0.8472
vn -0.0000 -0.3303 -0.9439
vn 0.0001 -0.3308 -0.9437
vn -0.0000 -0.5312 0.8472
vn -0.0000 0.3299 0.9440
vn -0.0000 -0.1065 0.9943
vn -0.0000 -0.3320 0.9433
vn -0.0000 0.9847 0.1743
vn -0.0000 0.1065 0.9943
vn 0.0014 0.1069 -0.9943
vn 0.0001 0.1115 -0.9938
vn 1.0000 -0.0000 0.0001
vn -0.0001 0.3303 -0.9439
vn -0.0000 0.3301 -0.9439
vn -0.0000 -0.1074 -0.9942
vn 0.0013 -0.1120 -0.9937
vn -0.0000 0.5320 -0.8467
vn 0.0004 0.5309 -0.8474
vn -0.0000 0.7086 -0.7056
vn -0.0005 0.7099 -0.7043
vn -0.0004 0.5320 -0.8467
vn -0.0000 0.5309 -0.8474
vn -0.0000 -0.5319 -0.8468
vn -0.0000 0.8443 -0.5359
vn -0.0000 0.7433 -0.6689
vn -0.0000 0.7099 0.7043
vn -0.0000 0.5312 0.8472
vn -0.0000 0.7084 -0.7059
vn 0.0005 0.7071 -0.7071
vn -0.0000 0.8476 0.5306
vn -0.0000 0.7376 0.6752
vn -0.3501 -0.7324 0.5840
vn -0.3439 -0.7319 0.5883
vn -0.0000 0.7803 -0.6254
vn -0.0000 0.5853 -0.8108
vn -0.0000 0.4388 0.8986
vn -0.3507 -0.5515 0.7569
vn -0.3412 -0.5490 0.7630
vn -0.0000 -0.5841 0.8117
vn -0.0000 0.0887 -0.9961
vn -0.0000 0.3497 -0.9369
vn -0.0000 -0.7819 0.6234
vn -0.3409 -0.0791 0.9368
vn -0.3412 -0.0792 0.9367
vn -0.3417 -0.3289 0.8804
vn -0.3400 -0.3282 0.8813
vn 1.0000 0.0005 -0.0013
vn 1.0000 0.0011 -0.0013
vn 0.0002 -0.8409 -0.5412
vn -0.0000 -0.8411 -0.5410
vn -0.0000 0.8424 0.5389
vn -0.0000 0.6639 0.7478
vn -0.3412 0.7920 0.5063
vn -0.3424 0.7913 0.5067
vn -0.0000 -0.6621 -0.7494
vn -0.3429 0.6237 0.7025
vn -0.3424 0.6240 0.7024
vn -0.3432 0.1734 0.9231
vn -0.3412 0.1747 0.9236
vn -0.0000 0.1846 0.9828
vn -0.3442 0.4114 0.8440
vn -0.3431 0.4122 0.8440
vn 0.9559 0.2440 -0.1635
vn 0.9347 0.3370 -0.1132
vn -0.0000 -0.4391 -0.8985
vn -0.0000 -0.4391 -0.8984
vn -0.0000 -0.1882 -0.9821
vn -0.0000 0.9194 -0.3933
vn -1.0000 0.0001 0.0003
vn -1.0000 0.0001 0.0004
vn -0.0000 0.9947 -0.1029
vn -0.0000 0.9923 -0.1239
vn 1.0000 -0.0047 -0.0010
vn 0.0003 -0.9350 -0.3547
vn -0.0000 -0.8409 -0.5412
vn -0.0002 -0.8411 -0.5410
vn -1.0000 -0.0017 -0.0004
vn -0.0002 -0.9350 -0.3547
vn 1.0000 0.0001 -0.0000
vn 1.0000 0.0001 0.0001
vn 1.0000 -0.0000 0.0002
vn 1.0000 -0.0000 0.0011
vn 1.0000 0.0002 -0.0000
vn 1.0000 -0.0001 0.0003
vn 1.0000 -0.0005 0.0006
vn -0.3440 -0.9300 0.1294
vn -0.3425 -0.9304 0.1303
vn -0.0000 -0.9084 -0.4180
vn -0.3428 -0.8642 0.3683
vn -0.3436 -0.8641 0.3678
vn -0.0000 -0.3490 0.9371
vn -0.0000 -0.0843 0.9964
vn -0.0000 0.9911 -0.1332
vn -0.0000 -0.9903 0.1390
vn -0.0000 0.9506 -0.3105
vn -0.0000 -0.9201 0.3916
vn 1.0000 -0.0028 0.0012
vn -0.0000 -0.4433 0.8964
vn -0.3426 0.1774 -0.9226
vn -0.3444 0.1783 -0.9218
vn -0.0000 -0.6688 0.7434
vn -0.3451 -0.0732 -0.9357
vn -0.3428 -0.0747 -0.9364
vn -0.0000 -0.1886 0.9821
vn -0.0000 0.0785 0.9969
vn -1.0000 0.0001 0.0002
vn -1.0000 0.0001 0.0001
vn -1.0000 -0.0001 0.0003
vn -1.0000 -0.0000 0.0002
vn -1.0000 -0.0002 0.0004
vn -1.0000 -0.0005 0.0005
vn -0.3434 0.7901 -0.5078
vn -0.3419 0.7900 -0.5089
vn -0.0003 -0.8417 0.5400
vn -0.0000 -0.8418 0.5397
vn -0.0005 -0.9213 0.3888
vn -0.3463 -0.8603 -0.3741
vn -0.3415 -0.8631 -0.3721
vn -0.3435 -0.7320 -0.5883
vn -0.3464 -0.7301 -0.5890
vn -0.0000 0.9904 0.1383
vn -0.0002 0.9904 0.1381
vn -0.0002 0.9180 0.3966
vn -0.0000 0.9179 0.3967
vn -0.3436 -0.9299 -0.1315
vn -0.3421 -0.9303 -0.1325
vn -0.0000 0.3431 0.9393
vn -0.3435 0.4177 -0.8412
vn -0.3427 0.4174 -0.8416
vn -0.3436 -0.3235 -0.8816
vn -0.3455 -0.3222 -0.8814
vn -0.0000 0.5827 0.8127
vn -0.3463 -0.5452 -0.7634
vn -0.3435 -0.5472 -0.7632
vn -0.3427 0.6258 -0.7007
vn -0.3434 0.6260 -0.7002
vn -0.0000 0.7781 0.6281
vn -0.0000 -0.5827 -0.8127
vn -0.0000 -0.3433 -0.9392
vn -0.0000 -0.0796 -0.9968
vn -0.0000 0.4443 -0.8959
vn -0.0000 0.6665 -0.7455
vn 1.0000 -0.0001 0.0021
vn -0.0000 0.8405 -0.5417
vn 1.0000 0.0003 0.0001
vn 1.0000 0.0002 0.0002
vn 1.0000 -0.0010 0.0011
vn 1.0000 -0.0004 0.0008
vn -1.0000 -0.0002 0.0010
vn 1.0000 0.0001 0.0004
vn 1.0000 0.0002 0.0003
vn 1.0000 -0.0001 0.0006
vn 1.0000 -0.0000 0.0005
vn -1.0000 0.0025 0.0001
vn -1.0000 -0.0011 0.0007
vn -0.0000 -0.7783 -0.6279
vn -0.0000 0.1899 -0.9818
vn -0.0000 -0.9183 -0.3959
vn -0.0000 -0.9900 -0.1413
vn 0.9274 0.3101 0.2093
vn 0.9520 0.2902 0.0975
vn 1.0000 0.0053 -0.0009
vn 1.0000 0.0008 0.0017
vn 1.0000 0.0010 0.0012
vn -0.0000 0.9904 0.1381
vn -0.0000 0.5365 0.8439
vn -0.0000 0.3236 0.9462
vn 1.0000 0.0002 -0.0014
vn -0.0000 -0.3280 0.9447
vn -1.0000 0.0007 -0.0011
vn -1.0000 -0.0000 0.0003
vn -0.0000 0.7107 -0.7035
vn -0.0000 0.5269 -0.8499
vn -0.0000 0.1078 -0.9942
vn -1.0000 0.0001 -0.0001
vn -1.0000 -0.0000 0.0001
vn 1.0000 -0.0003 -0.0002
vn 1.0000 0.0006 0.0001
vn -0.0000 0.7040 0.7102
vn -0.0000 0.1210 0.9926
vn -0.0000 -0.1210 0.9926
vn 1.0000 -0.0001 -0.0001
vn 1.0000 -0.0007 -0.0011
vn 1.0000 -0.0000 0.0004
vn -0.0000 0.3356 -0.9420
vn -0.0000 0.7844 -0.6202
vn -0.0000 0.8471 0.5314
vn 1.0000 0.0006 -0.0000
vn -0.0000 0.8564 0.5163
vn -1.0000 -0.0007 -0.0000
vn -1.0000 0.0002 -0.0004
vn -1.0000 -0.0000 -0.0001
vn -0.0000 0.8466 -0.5322
vn 1.0000 -0.0001 0.0004
vn -1.0000 0.0001 -0.0002
vn -0.0000 -0.3352 -0.9422
vn -0.0000 -0.1078 -0.9942
vn -1.0000 0.0010 -0.0010
vn 1.0000 -0.0001 0.0002
vn -1.0000 0.0002 -0.0000
vn -1.0000 -0.0001 -0.0002
vn -0.0000 0.7720 -0.6356
vn -0.0008 -0.9212 0.3892
vn -0.0000 -0.9214 0.3885
vn -0.0000 -0.9214 0.3886
vn -0.0000 0.9216 -0.3881
vn 0.0023 -0.9215 0.3884
vn -0.3447 0.8651 -0.3645
vn -0.3407 0.8665 -0.3648
vn -0.0000 0.9442 0.3294
vn -0.0000 0.9992 0.0393
vn -0.0000 -0.9855 0.1699
vn -0.3389 0.8917 -0.3001
vn -0.3420 0.8901 -0.3013
vn -0.0000 0.9892 -0.1468
vn -0.0000 -0.9472 0.3205
vn -0.0016 -0.9461 0.3239
vn -0.0000 -0.9461 0.3239
vn 0.0011 -0.9472 0.3205
vn -0.3450 0.9287 -0.1357
vn -0.3409 0.9299 -0.1384
vn -1.0000 -0.0001 -0.0012
vn -0.0000 -0.3341 -0.9425
vn -0.0000 0.9478 -0.3190
vn -0.0000 -0.9497 0.3131
vn 1.0000 0.0001 0.0012
vn -0.0000 -0.5362 0.8441
vn -0.0000 -0.0994 -0.9950
vn -0.0000 0.3307 -0.9437
vn -0.0000 0.0994 -0.9950
vn -0.0000 -0.0994 0.9950
vn -0.0000 -0.3307 0.9437
vn -0.0000 0.0994 0.9950
vn -0.0000 -0.1120 -0.9937
vn -0.0000 0.1119 -0.9937
vn -0.0000 0.7105 0.7037
vn -0.0000 0.3303 -0.9439
vn -0.0000 0.5304 0.8477
vn -0.0000 0.3307 0.9437
vn -0.0000 0.7087 0.7055
vn -0.0000 -0.5336 0.8458
vn -0.0000 0.7105 -0.7037
vn -0.0000 0.5304 -0.8477
vn -0.0000 -0.3307 -0.9437
vn 0.0015 -0.7110 -0.7032
vn -0.0000 0.1158 0.9933
vn -0.0000 -0.1158 0.9933
vn 0.0018 -0.5361 -0.8442
vn -0.0000 -0.5304 -0.8477
s 0
f 1283//500 1301//500 1293//500
f 1283//501 1293//501 742//501
f 1301//502 1302//502 1303//502
f 1301//502 1303//502 1293//502
f 1304//503 1305//503 741//503
f 1304//503 741//503 1274//503
f 1300//504 1299//504 746//504
f 1300//504 746//504 1294//504
f 1299//505 1300//505 1301//505
f 1299//505 1301//505 1283//505
f 1297//505 1298//505 1295//505
f 1297//505 1295//505 1296//505
f 1298//506 1297//506 1290//506
f 1298//506 1290//506 1289//506
f 1299//503 1298//503 1289//503
f 1299//503 1289//503 746//503
f 1310//507 1309//507 745//507
f 1310//508 745//508 1307//508
f 1307//509 1314//509 1313//509
f 1307//509 1313//509 1310//509
f 1288//510 1287//510 1286//510
f 1288//511 1286//511 744//511
f 1309//503 1288//503 744//503
f 1309//503 744//503 745//503
f 1309//505 1310//505 1308//505
f 1309//505 1308//505 1305//505
f 1306//512 1307//512 745//512
f 1306//512 745//512 741//512
f 1305//500 1308//500 1306//500
f 1305//500 1306//500 741//500
f 1308//502 1311//502 1312//502
f 1308//502 1312//502 1306//502
f 1293//512 1294//512 746//512
f 1293//512 746//512 742//512
f 1275//503 1278//503 1279//503
f 1277//513 1278//513 1275//513
f 1277//503 1275//503 1276//503
f 1280//505 1281//505 1276//505
f 1280//505 1276//505 1275//505
f 1269//514 1281//514 1280//514
f 1269//515 1280//515 1266//515
f 1272//503 1273//503 1270//503
f 1272//503 1270//503 1271//503
f 1268//516 1269//516 1266//516
f 1268//516 1266//516 1267//516
f 1267//512 1271//512 1270//512
f 1267//512 1270//512 1268//512
f 1274//503 741//503 1270//503
f 1274//503 1270//503 1273//503
f 743//503 742//503 1270//503
f 743//503 1270//503 744//503
f 745//503 744//503 1270//503
f 745//503 1270//503 741//503
f 1290//512 1291//512 1292//512
f 1290//512 1292//512 1289//512
f 746//503 1289//503 1270//503
f 746//503 1270//503 742//503
f 743//517 1284//517 1285//517
f 743//518 1285//518 1282//518
f 1282//503 1283//503 742//503
f 1282//503 742//503 743//503
f 1287//505 1288//505 1282//505
f 1287//505 1282//505 1285//505
f 1286//512 1284//512 743//512
f 1286//512 743//512 744//512
f 791//519 792//519 1322//519
f 791//520 1322//520 789//520
f 787//521 789//521 1322//521
f 787//522 1322//522 782//522
f 790//523 784//523 783//523
f 790//523 783//523 765//523
f 786//524 788//524 789//524
f 786//524 789//524 787//524
f 762//525 790//525 765//525
f 762//525 765//525 763//525
f 783//526 782//526 1322//526
f 783//527 1322//527 765//527
f 781//528 792//528 794//528
f 781//528 794//528 780//528
f 1350//529 784//529 790//529
f 1350//530 790//530 762//530
f 788//531 793//531 791//531
f 788//531 791//531 789//531
f 781//532 1351//532 1322//532
f 781//533 1322//533 792//533
f 793//534 794//534 792//534
f 793//534 792//534 791//534
f 1342//535 1345//535 1344//535
f 1342//535 1344//535 1343//535
f 1347//535 1344//535 1345//535
f 1347//535 1345//535 1346//535
f 1342//512 1341//512 1337//512
f 1342//512 1337//512 1336//512
f 1338//536 1339//536 1336//536
f 1338//536 1336//536 1337//536
f 1342//535 1343//535 1340//535
f 1342//535 1340//535 1341//535
f 1348//537 1349//537 1339//537
f 1348//537 1339//537 1338//537
f 784//538 785//538 782//538
f 784//538 782//538 783//538
f 785//539 786//539 787//539
f 785//539 787//539 782//539
f 1350//540 1353//540 1352//540
f 1350//540 1352//540 1351//540
f 1349//505 1348//505 1346//505
f 1349//505 1346//505 1345//505
f 780//541 1350//541 1351//541
f 780//541 1351//541 781//541
f 1350//542 786//542 785//542
f 1350//529 785//529 784//529
f 1354//543 1329//543 774//543
f 768//544 1355//544 802//544
f 768//505 802//505 800//505
f 804//545 1355//545 1354//545
f 804//545 1354//545 774//545
f 802//546 804//546 774//546
f 802//546 774//546 803//546
f 803//512 774//512 773//512
f 800//505 798//505 796//505
f 800//505 796//505 768//505
f 801//505 800//505 802//505
f 799//505 798//505 800//505
f 804//547 802//547 1355//547
f 797//505 796//505 798//505
f 1327//505 1356//505 1355//505
f 1327//505 1355//505 768//505
f 768//548 796//548 795//548
f 768//548 795//548 769//548
f 797//549 798//549 776//549
f 797//549 776//549 775//549
f 794//550 793//550 1350//550
f 794//551 1350//551 780//551
f 761//552 1323//552 1350//552
f 761//530 1350//530 762//530
f 1350//553 793//553 788//553
f 1350//554 788//554 786//554
f 798//555 799//555 777//555
f 798//555 777//555 776//555
f 801//556 802//556 803//556
f 801//556 803//556 773//556
f 799//557 800//557 778//557
f 799//557 778//557 777//557
f 800//558 801//558 773//558
f 800//558 773//558 778//558
f 796//559 797//559 775//559
f 796//559 775//559 795//559
f 795//512 775//512 769//512
f 763//560 765//560 1322//560
f 763//561 1322//561 764//561
f 757//562 767//562 766//562
f 757//562 766//562 756//562
f 764//563 1322//563 1323//563
f 764//563 1323//563 761//563
f 759//505 1320//505 1321//505
f 759//505 1321//505 760//505
f 763//564 764//564 761//564
f 763//564 761//564 762//564
f 767//505 757//505 768//505
f 771//565 1326//565 768//565
f 771//505 768//505 770//505
f 758//505 770//505 768//505
f 768//505 1326//505 1324//505
f 768//505 1324//505 1325//505
f 766//512 769//512 756//512
f 767//566 768//566 769//566
f 767//566 769//566 766//566
f 1318//567 1319//567 751//567
f 1318//567 751//567 750//567
f 754//568 755//568 752//568
f 754//568 752//568 753//568
f 1315//512 1317//512 749//512
f 1315//512 749//512 747//512
f 748//569 1316//569 1315//569
f 748//569 1315//569 747//569
f 749//570 1317//570 1318//570
f 749//571 1318//571 750//571
f 754//512 756//512 755//512
f 1320//572 751//572 1319//572
f 760//573 1321//573 1316//573
f 760//574 1316//574 748//574
f 1320//570 759//570 758//570
f 1320//575 758//575 751//575
f 753//505 752//505 757//505
f 753//576 757//576 756//576
f 753//576 756//576 754//576
f 758//505 768//505 757//505
f 758//505 757//505 752//505
f 749//512 1271//512 1267//512
f 749//512 1267//512 747//512
f 772//577 749//577 750//577
f 779//578 1271//578 749//578
f 779//579 749//579 772//579
f 779//580 1334//580 1272//580
f 779//581 1272//581 1271//581
f 1333//582 1334//582 779//582
f 1333//583 779//583 772//583
f 1267//584 1266//584 748//584
f 1267//584 748//584 747//584
f 1279//585 771//585 770//585
f 1279//586 770//586 1275//586
f 751//505 758//505 752//505
f 1280//505 1275//505 759//505
f 1280//505 759//505 760//505
f 1275//587 770//587 758//587
f 1275//588 758//588 759//588
f 1266//589 1280//589 760//589
f 1266//590 760//590 748//590
f 1330//591 1331//591 772//591
f 1330//512 772//512 1329//512
f 1331//512 1332//512 1333//512
f 1331//591 1333//591 772//591
f 774//530 1329//530 772//530
f 774//512 772//512 773//512
f 1325//505 1328//505 1327//505
f 1325//505 1327//505 768//505
f 751//592 752//592 755//592
f 751//592 755//592 750//592
f 769//512 775//512 772//512
f 769//512 772//512 756//512
f 1334//509 1335//509 1326//509
f 1334//593 1326//593 771//593
f 771//594 1279//594 1272//594
f 771//595 1272//595 1334//595
f 777//512 778//512 773//512
f 777//512 773//512 772//512
f 755//512 756//512 772//512
f 755//512 772//512 750//512
f 775//512 776//512 777//512
f 775//512 777//512 772//512
f 822//596 1386//596 1387//596
f 822//597 1387//597 1385//597
f 1385//598 1380//598 818//598
f 1385//599 818//599 822//599
f 1386//600 822//600 818//600
f 1386//601 818//601 1379//601
f 815//602 1379//602 820//602
f 819//603 820//603 1379//603
f 819//604 1379//604 818//604
f 1383//605 1384//605 820//605
f 1383//606 820//606 821//606
f 1381//607 1382//607 819//607
f 1381//608 819//608 817//608
f 1382//609 1383//609 821//609
f 1382//610 821//610 819//610
f 816//611 1384//611 1378//611
f 815//612 820//612 1384//612
f 815//613 1384//613 816//613
f 1396//505 1397//505 1395//505
f 1396//505 1395//505 1394//505
f 1394//614 1395//614 1391//614
f 1394//615 1391//615 1390//615
f 1396//616 812//616 1364//616
f 1396//617 1364//617 1397//617
f 809//618 812//618 811//618
f 809//618 811//618 810//618
f 1396//617 1392//617 811//617
f 1396//617 811//617 812//617
f 821//505 820//505 819//505
f 817//505 819//505 818//505
f 1390//619 1391//619 1388//619
f 1390//619 1388//619 1389//619
f 1393//512 1392//512 1389//512
f 1393//512 1389//512 1388//512
f 1362//617 811//617 1392//617
f 1362//617 1392//617 1393//617
f 1380//620 1381//620 817//620
f 1380//621 817//621 818//621
f 1361//512 1358//512 805//512
f 1361//512 805//512 808//512
f 811//512 1362//512 1361//512
f 811//512 1361//512 810//512
f 806//505 1357//505 1363//505
f 806//505 1363//505 807//505
f 1363//505 1364//505 812//505
f 1363//505 812//505 809//505
f 807//505 1363//505 809//505
f 805//622 1358//622 1357//622
f 805//622 1357//622 806//622
f 807//623 808//623 805//623
f 807//623 805//623 806//623
f 1359//624 1360//624 1357//624
f 1359//624 1357//624 1358//624
f 808//512 810//512 1361//512
f 809//625 810//625 808//625
f 809//625 808//625 807//625
f 1376//626 1377//626 814//626
f 1376//627 814//627 1375//627
f 1372//628 1374//628 1373//628
f 1372//628 1373//628 1371//628
f 814//629 1378//629 1375//629
f 816//630 1378//630 1379//630
f 816//630 1379//630 815//630
f 1377//631 1379//631 1378//631
f 1377//632 1378//632 814//632
f 813//633 1368//633 1366//633
f 813//634 1366//634 1367//634
f 1364//505 1363//505 1365//505
f 1368//635 1369//635 1370//635
f 1368//635 1370//635 1366//635
f 1367//636 1372//636 1371//636
f 1367//637 1371//637 813//637
f 813//638 1371//638 1368//638
f 882//639 883//639 880//639
f 882//639 880//639 881//639
f 1439//640 1440//640 884//640
f 1439//641 884//641 1438//641
f 1438//635 1442//635 1441//635
f 1438//635 1441//635 1439//635
f 1437//642 1370//642 1369//642
f 1437//642 1369//642 1436//642
f 878//512 1432//512 1434//512
f 879//512 1436//512 1432//512
f 1433//643 1437//643 1436//643
f 1433//644 1436//644 879//644
f 1440//636 1444//636 1443//636
f 1440//645 1443//645 884//645
f 885//646 1446//646 1450//646
f 885//646 1450//646 886//646
f 886//647 1451//647 1448//647
f 886//647 1448//647 885//647
f 1442//642 1448//642 1451//642
f 1442//642 1451//642 1441//642
f 1449//648 1450//648 1446//648
f 1449//648 1446//648 1445//648
f 1445//512 1446//512 1447//512
f 885//512 1448//512 1446//512
f 884//512 1443//512 1438//512
f 878//649 1434//649 1435//649
f 878//650 1435//650 1430//650
f 875//505 874//505 832//505
f 875//505 832//505 831//505
f 859//512 861//512 876//512
f 859//512 876//512 846//512
f 862//512 864//512 876//512
f 862//512 876//512 861//512
f 875//505 831//505 873//505
f 832//651 874//651 877//651
f 832//651 877//651 829//651
f 869//505 868//505 831//505
f 869//505 831//505 852//505
f 870//505 873//505 831//505
f 870//505 831//505 868//505
f 863//512 865//512 876//512
f 863//512 876//512 864//512
f 877//512 876//512 829//512
f 1430//648 1431//648 1432//648
f 1430//652 1432//652 878//652
f 1431//653 1433//653 879//653
f 1431//654 879//654 1432//654
f 876//512 872//512 871//512
f 876//512 871//512 867//512
f 876//512 865//512 830//512
f 876//512 830//512 829//512
f 876//512 860//512 847//512
f 876//512 847//512 846//512
f 876//512 867//512 866//512
f 876//512 866//512 860//512
f 1449//505 1452//505 1450//505
f 841//512 905//512 904//512
f 841//512 904//512 903//512
f 908//512 841//512 894//512
f 905//512 841//512 907//512
f 841//512 903//512 896//512
f 841//512 896//512 895//512
f 904//539 905//539 902//539
f 904//539 902//539 901//539
f 905//655 907//655 906//655
f 905//655 906//655 902//655
f 896//656 903//656 900//656
f 896//656 900//656 897//656
f 840//512 841//512 908//512
f 840//512 908//512 835//512
f 836//657 908//657 899//657
f 836//657 899//657 833//657
f 893//658 899//658 908//658
f 893//658 908//658 894//658
f 842//659 906//659 907//659
f 842//659 907//659 841//659
f 833//505 899//505 834//505
f 836//512 835//512 908//512
f 899//505 902//505 906//505
f 899//505 906//505 842//505
f 899//505 842//505 839//505
f 899//505 839//505 834//505
f 903//660 904//660 901//660
f 903//660 901//660 900//660
f 892//661 893//661 894//661
f 892//661 894//661 891//661
f 897//662 898//662 895//662
f 897//662 895//662 896//662
f 881//663 895//663 898//663
f 881//663 898//663 882//663
f 890//664 892//664 891//664
f 890//664 891//664 887//664
f 886//505 1450//505 1451//505
f 889//665 890//665 887//665
f 889//665 887//665 888//665
f 883//666 889//666 888//666
f 883//666 888//666 880//666
f 888//512 887//512 841//512
f 888//512 841//512 880//512
f 882//505 898//505 899//505
f 882//505 899//505 883//505
f 899//505 890//505 889//505
f 899//505 889//505 883//505
f 899//505 893//505 892//505
f 899//505 892//505 890//505
f 901//505 902//505 899//505
f 901//505 899//505 900//505
f 841//512 895//512 881//512
f 841//512 881//512 880//512
f 891//512 894//512 841//512
f 891//512 841//512 887//512
f 897//505 900//505 899//505
f 897//505 899//505 898//505
f 872//667 876//667 875//667
f 872//667 875//667 873//667
f 828//668 835//668 834//668
f 828//668 834//668 826//668
f 839//651 842//651 841//651
f 839//651 841//651 840//651
f 837//669 839//669 840//669
f 837//669 840//669 838//669
f 828//512 838//512 840//512
f 828//512 840//512 835//512
f 826//670 837//670 1396//670
f 1392//671 838//671 828//671
f 834//505 839//505 837//505
f 834//505 837//505 826//505
f 1402//648 1403//648 1400//648
f 1402//648 1400//648 1401//648
f 1406//635 1408//635 1411//635
f 1406//635 1411//635 1407//635
f 1402//505 1412//505 1403//505
f 844//505 1403//505 1404//505
f 1410//672 1411//672 1408//672
f 1410//672 1408//672 1409//672
f 843//654 1400//654 1403//654
f 843//654 1403//654 844//654
f 844//673 1404//673 1405//673
f 844//673 1405//673 843//673
f 1404//642 1406//642 1407//642
f 1404//642 1407//642 1405//642
f 1392//674 1396//674 837//674
f 1392//674 837//674 838//674
f 829//512 830//512 824//512
f 829//512 824//512 823//512
f 831//505 832//505 827//505
f 831//505 827//505 825//505
f 827//669 832//669 829//669
f 827//669 829//669 823//669
f 823//675 828//675 826//675
f 823//675 826//675 827//675
f 1389//676 1336//676 1339//676
f 1389//676 1339//676 1390//676
f 1342//670 823//670 824//670
f 1342//675 824//675 1398//675
f 1399//675 1398//675 824//675
f 1399//675 824//675 825//675
f 824//668 830//668 831//668
f 824//668 831//668 825//668
f 825//671 827//671 1345//671
f 825//675 1345//675 1399//675
f 1349//677 1394//677 1390//677
f 1349//677 1390//677 1339//677
f 1394//505 1349//505 1345//505
f 1394//505 1345//505 1396//505
f 826//670 1396//670 1345//670
f 826//671 1345//671 827//671
f 835//678 836//678 833//678
f 835//678 833//678 834//678
f 1342//671 1392//671 828//671
f 1342//670 828//670 823//670
f 1392//512 1342//512 1336//512
f 1392//512 1336//512 1389//512
f 1401//512 1400//512 1413//512
f 861//665 859//665 853//665
f 861//665 853//665 854//665
f 862//664 861//664 854//664
f 862//664 854//664 856//664
f 863//658 864//658 855//658
f 863//658 855//658 857//658
f 847//663 860//663 852//663
f 847//663 852//663 848//663
f 831//505 855//505 856//505
f 831//505 856//505 854//505
f 831//505 858//505 857//505
f 831//505 857//505 855//505
f 849//666 853//666 859//666
f 849//666 859//666 846//666
f 864//661 862//661 856//661
f 864//661 856//661 855//661
f 867//679 871//679 870//679
f 867//679 870//679 868//679
f 871//539 872//539 873//539
f 871//539 873//539 870//539
f 876//680 877//680 874//680
f 876//680 874//680 875//680
f 860//662 866//662 869//662
f 860//662 869//662 852//662
f 865//657 863//657 857//657
f 865//657 857//657 858//657
f 830//678 865//678 858//678
f 830//678 858//678 831//678
f 868//681 869//681 866//681
f 868//681 866//681 867//681
f 831//505 854//505 853//505
f 831//505 853//505 849//505
f 1417//648 1419//648 1418//648
f 1417//682 1418//682 845//682
f 1419//683 1420//683 850//683
f 1419//684 850//684 1418//684
f 1420//643 1422//643 1421//643
f 1420//685 1421//685 850//685
f 848//639 849//639 846//639
f 848//639 846//639 847//639
f 843//512 1405//512 1400//512
f 1410//512 1414//512 1411//512
f 1416//686 1417//686 845//686
f 1416//687 845//687 1415//687
f 1422//642 1424//642 1423//642
f 1422//642 1423//642 1421//642
f 1427//636 1429//636 1428//636
f 1427//688 1428//688 851//688
f 851//512 1428//512 1425//512
f 848//505 852//505 831//505
f 848//505 831//505 849//505
f 1424//635 1426//635 1425//635
f 1424//635 1425//635 1423//635
f 845//512 1418//512 1415//512
f 850//512 1421//512 1418//512
f 1426//689 1427//689 851//689
f 1426//690 851//690 1425//690
f 948//691 947//691 940//691
f 948//691 940//691 939//691
f 947//692 946//692 937//692
f 947//692 937//692 940//692
f 948//505 942//505 1297//505
f 948//505 1297//505 1296//505
f 945//505 946//505 1296//505
f 945//505 1296//505 944//505
f 947//505 948//505 1296//505
f 947//505 1296//505 946//505
f 944//693 943//693 949//693
f 944//693 949//693 938//693
f 938//694 950//694 945//694
f 938//694 945//694 944//694
f 949//512 1434//512 938//512
f 942//695 948//695 939//695
f 942//695 939//695 941//695
f 943//696 1435//696 1434//696
f 943//696 1434//696 949//696
f 939//512 940//512 937//512
f 939//512 937//512 1291//512
f 1290//512 941//512 939//512
f 1290//512 939//512 1291//512
f 938//512 1434//512 1291//512
f 938//512 1291//512 937//512
f 1432//512 1436//512 1291//512
f 1432//512 1291//512 1434//512
f 1436//512 1369//512 1368//512
f 1436//512 1368//512 1291//512
f 1296//505 1370//505 1437//505
f 1296//505 1437//505 1433//505
f 1296//505 1435//505 943//505
f 1296//505 943//505 944//505
f 1431//505 1296//505 1433//505
f 941//502 1290//502 1297//502
f 941//502 1297//502 942//502
f 1430//505 1435//505 1296//505
f 1430//505 1296//505 1431//505
f 1294//512 1438//512 1443//512
f 1294//512 1443//512 951//512
f 961//512 952//512 953//512
f 950//512 938//512 937//512
f 959//697 960//697 953//697
f 959//697 953//697 955//697
f 958//698 956//698 951//698
f 958//698 951//698 954//698
f 955//699 1443//699 1444//699
f 955//699 1444//699 959//699
f 960//700 962//700 961//700
f 960//700 961//700 953//700
f 957//701 958//701 954//701
f 957//701 954//701 952//701
f 962//505 960//505 957//505
f 946//702 945//702 950//702
f 946//702 950//702 937//702
f 952//703 961//703 962//703
f 952//703 962//703 957//703
f 955//512 953//512 1443//512
f 956//505 957//505 1300//505
f 956//505 1300//505 920//505
f 954//512 951//512 952//512
f 919//512 1294//512 951//512
f 1443//512 953//512 952//512
f 1443//512 952//512 951//512
f 1444//505 1440//505 1439//505
f 1444//505 1439//505 1300//505
f 919//704 951//704 956//704
f 919//704 956//704 920//704
f 960//505 1444//505 1300//505
f 960//505 1300//505 957//505
f 958//505 957//505 956//505
f 959//505 1444//505 960//505
f 925//703 934//703 933//703
f 925//703 933//703 926//703
f 912//505 916//505 918//505
f 912//505 918//505 1300//505
f 918//505 1302//505 1301//505
f 918//505 1301//505 1300//505
f 1293//512 1303//512 917//512
f 1293//512 917//512 1294//512
f 910//692 915//692 916//692
f 910//692 916//692 912//692
f 917//512 915//512 910//512
f 917//512 910//512 1294//512
f 923//698 924//698 921//698
f 923//698 921//698 922//698
f 924//705 925//705 926//705
f 924//705 926//705 921//705
f 920//706 1300//706 1294//706
f 920//706 1294//706 919//706
f 917//707 1303//707 1302//707
f 917//707 1302//707 918//707
f 915//691 917//691 918//691
f 915//691 918//691 916//691
f 1450//505 1452//505 1300//505
f 1450//505 1300//505 1451//505
f 1439//505 1441//505 1451//505
f 1439//505 1451//505 1300//505
f 909//512 1447//512 1294//512
f 909//512 1294//512 910//512
f 1294//512 1447//512 1446//512
f 1294//512 1446//512 1448//512
f 1448//512 1442//512 1438//512
f 1448//512 1438//512 1294//512
f 914//708 1452//708 1447//708
f 914//708 1447//708 913//708
f 1452//631 1449//631 1445//631
f 1452//631 1445//631 1447//631
f 914//505 911//505 1452//505
f 1300//505 1452//505 911//505
f 1300//505 911//505 912//505
f 913//512 1447//512 909//512
f 922//704 928//704 927//704
f 922//704 927//704 923//704
f 933//505 932//505 1285//505
f 933//505 1285//505 926//505
f 926//505 1285//505 921//505
f 931//505 1429//505 1285//505
f 931//505 1285//505 932//505
f 1285//505 928//505 922//505
f 1285//505 922//505 921//505
f 1424//505 1285//505 1426//505
f 909//694 936//694 935//694
f 909//694 935//694 911//694
f 911//693 914//693 913//693
f 911//693 913//693 909//693
f 936//512 909//512 910//512
f 912//702 935//702 936//702
f 912//702 936//702 910//702
f 935//505 912//505 911//505
f 928//509 1285//509 1284//509
f 928//509 1284//509 927//509
f 1284//512 1425//512 1428//512
f 1284//512 1428//512 927//512
f 930//709 1428//709 1429//709
f 930//709 1429//709 931//709
f 931//710 932//710 929//710
f 931//710 929//710 930//710
f 932//700 933//700 934//700
f 932//700 934//700 929//700
f 927//512 1428//512 923//512
f 1427//505 1426//505 1285//505
f 1427//505 1285//505 1429//505
f 929//512 1428//512 930//512
f 1428//512 925//512 924//512
f 1428//512 924//512 923//512
f 1428//512 929//512 934//512
f 1428//512 934//512 925//512
f 1011//711 1016//711 1017//711
f 1011//711 1017//711 1012//711
f 1016//539 1019//539 1018//539
f 1016//539 1018//539 1017//539
f 1012//512 1020//512 1013//512
f 1007//512 994//512 996//512
f 1012//712 1013//712 1010//712
f 1012//712 1010//712 1011//712
f 1013//713 1014//713 1015//713
f 1013//713 1015//713 1010//713
f 1017//512 1018//512 1020//512
f 1017//512 1020//512 1012//512
f 1026//505 1025//505 1011//505
f 1026//505 1011//505 1015//505
f 1010//505 1015//505 1011//505
f 1024//505 1027//505 1019//505
f 1024//505 1019//505 1016//505
f 1020//512 1021//512 1014//512
f 1020//512 1014//512 1013//512
f 1020//512 1022//512 1023//512
f 1020//512 1023//512 1021//512
f 1011//505 1025//505 1024//505
f 1011//505 1024//505 1016//505
f 998//512 1006//512 997//512
f 1274//512 1273//512 990//512
f 1274//512 990//512 1006//512
f 1004//714 1003//714 995//714
f 1004//714 995//714 994//714
f 992//505 991//505 993//505
f 992//505 993//505 1001//505
f 993//505 1453//505 1304//505
f 993//505 1304//505 1001//505
f 987//512 997//512 1006//512
f 987//512 1006//512 990//512
f 994//715 1007//715 1005//715
f 994//715 1005//715 1004//715
f 996//716 1009//716 1008//716
f 996//716 1008//716 1002//716
f 1002//717 1005//717 1007//717
f 1002//717 1007//717 996//717
f 1009//512 996//512 983//512
f 1003//718 1000//718 1454//718
f 1003//719 1454//719 995//719
f 984//720 1008//720 1009//720
f 984//720 1009//720 983//720
f 1008//505 984//505 1002//505
f 1024//721 1029//721 1022//721
f 1024//721 1022//721 1028//721
f 972//505 1024//505 1037//505
f 1038//505 1037//505 1024//505
f 1038//505 1024//505 1031//505
f 1039//675 1342//675 1398//675
f 1038//722 1031//722 1030//722
f 1038//722 1030//722 1020//722
f 1024//505 1036//505 1032//505
f 1024//505 1032//505 1027//505
f 971//505 1036//505 1024//505
f 971//505 1024//505 972//505
f 1040//675 1345//675 1342//675
f 1040//675 1342//675 1039//675
f 1039//723 1398//723 1014//723
f 1039//512 1014//512 1021//512
f 1025//724 1026//724 1021//724
f 1025//724 1021//724 1023//724
f 1026//725 1040//725 1039//725
f 1026//726 1039//726 1021//726
f 1040//675 1399//675 1345//675
f 1014//727 1398//727 1399//727
f 1014//727 1399//727 1015//727
f 1399//728 1040//728 1026//728
f 1399//729 1026//729 1015//729
f 1029//505 1024//505 1025//505
f 1033//730 1034//730 1027//730
f 1033//730 1027//730 1032//730
f 1019//731 1027//731 1034//731
f 1019//731 1034//731 1018//731
f 1028//661 1030//661 1031//661
f 1028//661 1031//661 1024//661
f 1020//512 1030//512 1028//512
f 1020//512 1028//512 1022//512
f 1029//732 1025//732 1023//732
f 1029//732 1023//732 1022//732
f 1034//512 1033//512 1020//512
f 1034//512 1020//512 1018//512
f 974//733 975//733 1036//733
f 974//733 1036//733 971//733
f 972//734 1037//734 1035//734
f 972//734 1035//734 973//734
f 1037//735 1038//735 1020//735
f 1037//735 1020//735 1035//735
f 1020//512 1033//512 975//512
f 1020//512 975//512 973//512
f 1035//512 1020//512 973//512
f 1032//736 1036//736 975//736
f 1032//736 975//736 1033//736
f 981//737 982//737 979//737
f 981//737 979//737 980//737
f 980//738 984//738 983//738
f 980//738 983//738 981//738
f 980//505 979//505 984//505
f 1356//739 1327//739 978//739
f 1356//740 978//740 1329//740
f 1327//741 1328//741 1330//741
f 1327//742 1330//742 978//742
f 1329//636 1354//636 1355//636
f 1329//636 1355//636 1356//636
f 969//743 979//743 982//743
f 969//743 982//743 970//743
f 968//512 982//512 987//512
f 968//512 987//512 966//512
f 970//512 982//512 968//512
f 986//512 966//512 987//512
f 969//505 967//505 979//505
f 966//744 986//744 985//744
f 966//744 985//744 963//744
f 982//512 981//512 983//512
f 982//512 983//512 987//512
f 964//745 967//745 968//745
f 964//745 968//745 965//745
f 967//746 969//746 970//746
f 967//746 970//746 968//746
f 973//747 974//747 971//747
f 973//747 971//747 972//747
f 965//748 966//748 963//748
f 965//748 963//748 964//748
f 964//505 963//505 967//505
f 965//512 968//512 966//512
f 974//512 973//512 975//512
f 1331//749 977//749 1325//749
f 1331//750 1325//750 976//750
f 978//512 1330//512 1329//512
f 977//751 1331//751 1330//751
f 1332//752 1331//752 976//752
f 1332//753 976//753 1324//753
f 976//505 1325//505 1324//505
f 977//754 1330//754 1328//754
f 977//755 1328//755 1325//755
f 1333//756 1332//756 1324//756
f 1333//757 1324//757 988//757
f 1460//505 1000//505 1462//505
f 1001//505 1002//505 984//505
f 1001//505 984//505 979//505
f 1001//505 979//505 967//505
f 1001//505 967//505 963//505
f 1458//758 999//758 998//758
f 1458//759 998//759 997//759
f 1459//760 1458//760 997//760
f 1459//761 997//761 1457//761
f 1000//762 1460//762 1461//762
f 1000//628 1461//628 1454//628
f 963//505 985//505 992//505
f 963//505 992//505 1001//505
f 1004//505 1005//505 1002//505
f 1004//505 1002//505 1001//505
f 999//763 1001//763 1006//763
f 999//763 1006//763 998//763
f 1001//764 1304//764 1274//764
f 1001//764 1274//764 1006//764
f 1001//505 1463//505 1462//505
f 1001//505 1462//505 1000//505
f 1458//505 1463//505 1001//505
f 1458//505 1001//505 999//505
f 1000//505 1003//505 1004//505
f 1000//505 1004//505 1001//505
f 989//512 987//512 990//512
f 991//765 992//765 987//765
f 991//765 987//765 989//765
f 986//766 987//766 992//766
f 986//766 992//766 985//766
f 988//505 1324//505 1326//505
f 988//767 1326//767 1335//767
f 988//768 1335//768 1333//768
f 1335//512 1334//512 1333//512
f 993//769 991//769 989//769
f 993//769 989//769 990//769
f 996//512 994//512 987//512
f 996//512 987//512 983//512
f 1455//512 1456//512 987//512
f 1455//512 987//512 1454//512
f 1456//512 1457//512 997//512
f 1456//512 997//512 987//512
f 990//770 1273//770 1453//770
f 990//770 1453//770 993//770
f 1273//503 1272//503 1279//503
f 1273//503 1279//503 1453//503
f 994//512 995//512 1454//512
f 994//512 1454//512 987//512
f 1093//512 1095//512 1085//512
f 1093//512 1085//512 1078//512
f 1067//771 1094//771 1096//771
f 1067//772 1096//772 1074//772
f 1095//512 1093//512 1070//512
f 1095//512 1070//512 1071//512
f 1050//773 1095//773 1071//773
f 1050//773 1071//773 1051//773
f 1049//774 1085//774 1095//774
f 1049//774 1095//774 1050//774
f 1096//505 1091//505 1087//505
f 1096//505 1087//505 1089//505
f 1099//775 1100//775 1097//775
f 1099//775 1097//775 1098//775
f 1091//776 1096//776 1094//776
f 1091//777 1094//777 1077//777
f 1074//505 1096//505 1089//505
f 1074//505 1089//505 1065//505
f 1062//773 1065//773 1089//773
f 1062//773 1089//773 1060//773
f 1077//778 1094//778 1093//778
f 1077//778 1093//778 1078//778
f 1055//779 1086//779 1088//779
f 1055//779 1088//779 1052//779
f 1060//774 1089//774 1087//774
f 1060//774 1087//774 1061//774
f 1061//780 1087//780 1086//780
f 1061//780 1086//780 1055//780
f 1078//512 1085//512 1084//512
f 1078//512 1084//512 1079//512
f 1079//512 1084//512 1082//512
f 1079//512 1082//512 1080//512
f 1090//505 1092//505 1088//505
f 1090//505 1088//505 1086//505
f 1070//781 1093//781 1094//781
f 1070//781 1094//781 1067//781
f 1092//782 1090//782 1076//782
f 1092//783 1076//783 1081//783
f 1090//784 1091//784 1077//784
f 1090//785 1077//785 1076//785
f 1091//505 1090//505 1086//505
f 1091//505 1086//505 1087//505
f 1317//786 1315//786 1108//786
f 1317//787 1108//787 1106//787
f 1043//788 1317//788 1106//788
f 1043//789 1106//789 1041//789
f 1106//512 1108//512 1099//512
f 1106//512 1099//512 1105//512
f 1315//790 1316//790 1107//790
f 1315//790 1107//790 1108//790
f 1108//791 1107//791 1100//791
f 1108//791 1100//791 1099//791
f 1107//792 1316//792 1321//792
f 1107//793 1321//793 1109//793
f 1109//505 1321//505 1320//505
f 1109//505 1320//505 1066//505
f 1056//794 1103//794 1066//794
f 1056//794 1066//794 1058//794
f 1100//795 1107//795 1109//795
f 1100//796 1109//796 1101//796
f 1101//505 1109//505 1066//505
f 1101//505 1066//505 1103//505
f 1083//512 1098//512 1080//512
f 1083//512 1080//512 1082//512
f 1081//797 1097//797 1102//797
f 1081//798 1102//798 1092//798
f 1092//505 1102//505 1104//505
f 1092//505 1104//505 1088//505
f 1103//505 1104//505 1102//505
f 1103//505 1102//505 1101//505
f 1080//799 1098//799 1097//799
f 1080//799 1097//799 1081//799
f 1101//800 1102//800 1097//800
f 1101//801 1097//801 1100//801
f 1041//794 1106//794 1105//794
f 1041//794 1105//794 1042//794
f 1105//802 1099//802 1098//802
f 1105//803 1098//803 1083//803
f 1105//804 1083//804 1046//804
f 1105//805 1046//805 1042//805
f 1053//804 1104//804 1103//804
f 1053//804 1103//804 1056//804
f 1052//806 1088//806 1104//806
f 1052//806 1104//806 1053//806
f 1322//505 1351//505 1352//505
f 1322//505 1352//505 1347//505
f 1063//807 1064//807 1065//807
f 1063//807 1065//807 1062//807
f 1063//808 1322//808 1347//808
f 1060//505 1054//505 1062//505
f 1322//505 1063//505 1062//505
f 1322//809 1062//809 1054//809
f 1054//810 1057//810 1044//810
f 1054//810 1044//810 1045//810
f 1057//811 1319//811 1318//811
f 1057//811 1318//811 1044//811
f 1043//812 1044//812 1318//812
f 1043//813 1318//813 1317//813
f 1058//814 1066//814 1320//814
f 1058//815 1320//815 1059//815
f 1319//816 1057//816 1059//816
f 1319//817 1059//817 1320//817
f 1054//505 1060//505 1061//505
f 1054//505 1061//505 1055//505
f 1046//818 1353//818 1350//818
f 1046//819 1350//819 1042//819
f 1047//820 1048//820 1353//820
f 1047//820 1353//820 1046//820
f 1350//821 1323//821 1045//821
f 1350//818 1045//818 1044//818
f 1350//819 1043//819 1041//819
f 1350//819 1041//819 1042//819
f 1043//818 1350//818 1044//818
f 1053//505 1056//505 1057//505
f 1053//505 1057//505 1054//505
f 1056//505 1058//505 1059//505
f 1056//505 1059//505 1057//505
f 1054//505 1055//505 1052//505
f 1054//505 1052//505 1053//505
f 1340//822 1353//822 1048//822
f 1340//823 1048//823 1049//823
f 1051//824 1340//824 1049//824
f 1051//512 1049//512 1050//512
f 1075//825 1348//825 1338//825
f 1075//826 1338//826 1068//826
f 1064//505 1346//505 1348//505
f 1064//505 1348//505 1075//505
f 1075//505 1074//505 1065//505
f 1075//505 1065//505 1064//505
f 1353//827 1343//827 1344//827
f 1353//827 1344//827 1352//827
f 1074//828 1075//828 1068//828
f 1074//829 1068//829 1067//829
f 1047//779 1082//779 1084//779
f 1047//779 1084//779 1048//779
f 1048//780 1084//780 1085//780
f 1048//780 1085//780 1049//780
f 1046//806 1083//806 1082//806
f 1046//806 1082//806 1047//806
f 1078//830 1079//830 1076//830
f 1078//830 1076//830 1077//830
f 1079//831 1080//831 1081//831
f 1079//831 1081//831 1076//831
f 1344//505 1347//505 1352//505
f 1072//807 1073//807 1051//807
f 1072//807 1051//807 1071//807
f 1341//832 1340//832 1073//832
f 1341//832 1073//832 1072//832
f 1068//833 1338//833 1337//833
f 1068//833 1337//833 1069//833
f 1045//834 1323//834 1322//834
f 1045//834 1322//834 1054//834
f 1069//835 1070//835 1067//835
f 1069//835 1067//835 1068//835
f 1337//512 1341//512 1072//512
f 1337//512 1072//512 1069//512
f 1347//832 1346//832 1064//832
f 1347//832 1064//832 1063//832
f 1069//512 1072//512 1071//512
f 1069//512 1071//512 1070//512
f 1073//836 1340//836 1051//836
f 1343//512 1353//512 1340//512
f 1154//837 1157//837 1159//837
f 1154//837 1159//837 1152//837
f 1160//838 1161//838 1130//838
f 1160//839 1130//839 1129//839
f 1120//840 1155//840 1157//840
f 1120//840 1157//840 1154//840
f 1156//505 1158//505 1157//505
f 1156//505 1157//505 1155//505
f 1162//841 1160//841 1129//841
f 1162//842 1129//842 1131//842
f 1152//843 1159//843 1163//843
f 1152//843 1163//843 1153//843
f 1153//844 1163//844 1164//844
f 1153//844 1164//844 1150//844
f 1161//505 1160//505 1163//505
f 1161//505 1163//505 1159//505
f 1164//505 1163//505 1160//505
f 1164//505 1160//505 1162//505
f 1363//845 1150//845 1151//845
f 1363//846 1151//846 1117//846
f 1363//847 1152//847 1153//847
f 1363//848 1153//848 1150//848
f 1114//837 1149//837 1142//837
f 1114//837 1142//837 1115//837
f 1138//512 1141//512 1142//512
f 1138//512 1142//512 1133//512
f 1154//849 1152//849 1363//849
f 1154//850 1363//850 1120//850
f 1156//851 1471//851 1465//851
f 1156//852 1465//852 1137//852
f 1155//505 1470//505 1471//505
f 1155//505 1471//505 1156//505
f 1119//853 1470//853 1155//853
f 1119//854 1155//854 1120//854
f 1119//855 1464//855 1470//855
f 1169//505 1170//505 1167//505
f 1169//505 1167//505 1168//505
f 1171//856 1170//856 1122//856
f 1171//857 1122//857 1121//857
f 1165//505 1169//505 1168//505
f 1165//505 1168//505 1166//505
f 1170//858 1169//858 1125//858
f 1170//859 1125//859 1122//859
f 1170//505 1171//505 1172//505
f 1170//505 1172//505 1167//505
f 1395//505 1397//505 1172//505
f 1395//505 1172//505 1171//505
f 1397//860 1364//860 1365//860
f 1397//861 1365//861 1172//861
f 1172//862 1365//862 1118//862
f 1172//863 1118//863 1167//863
f 1391//864 1395//864 1171//864
f 1391//865 1171//865 1121//865
f 1150//866 1164//866 1166//866
f 1150//866 1166//866 1151//866
f 1161//867 1158//867 1134//867
f 1161//868 1134//868 1130//868
f 1165//869 1162//869 1131//869
f 1165//870 1131//870 1135//870
f 1162//505 1165//505 1166//505
f 1162//505 1166//505 1164//505
f 1158//505 1161//505 1159//505
f 1158//505 1159//505 1157//505
f 1151//871 1166//871 1168//871
f 1151//871 1168//871 1117//871
f 1169//872 1165//872 1135//872
f 1169//873 1135//873 1125//873
f 1158//874 1156//874 1137//874
f 1158//875 1137//875 1134//875
f 1117//876 1168//876 1167//876
f 1117//876 1167//876 1118//876
f 1125//877 1135//877 1136//877
f 1125//877 1136//877 1126//877
f 1132//878 1136//878 1135//878
f 1132//878 1135//878 1131//878
f 1128//879 1132//879 1131//879
f 1128//879 1131//879 1129//879
f 1130//880 1134//880 1133//880
f 1130//880 1133//880 1127//880
f 1137//881 1138//881 1133//881
f 1137//881 1133//881 1134//881
f 1362//882 1140//882 1361//882
f 1115//840 1142//840 1141//840
f 1115//840 1141//840 1116//840
f 1465//883 1466//883 1138//883
f 1465//883 1138//883 1137//883
f 1361//884 1140//884 1139//884
f 1361//885 1139//885 1110//885
f 1115//886 1116//886 1361//886
f 1115//887 1361//887 1114//887
f 1118//888 1365//888 1363//888
f 1118//846 1363//846 1117//846
f 1111//889 1112//889 1361//889
f 1111//890 1361//890 1110//890
f 1113//891 1114//891 1361//891
f 1113//892 1361//892 1112//892
f 1363//893 1464//893 1119//893
f 1363//894 1119//894 1120//894
f 1122//895 1125//895 1126//895
f 1122//895 1126//895 1123//895
f 1129//896 1130//896 1127//896
f 1129//896 1127//896 1128//896
f 1123//897 1124//897 1121//897
f 1123//897 1121//897 1122//897
f 1124//898 1388//898 1391//898
f 1124//898 1391//898 1121//898
f 1136//512 1146//512 1145//512
f 1136//512 1145//512 1126//512
f 1132//512 1147//512 1146//512
f 1132//512 1146//512 1136//512
f 1110//871 1145//871 1146//871
f 1110//871 1146//871 1111//871
f 1111//866 1146//866 1147//866
f 1111//866 1147//866 1112//866
f 1113//843 1148//843 1149//843
f 1113//843 1149//843 1114//843
f 1128//512 1148//512 1147//512
f 1128//512 1147//512 1132//512
f 1133//899 1142//899 1149//899
f 1133//900 1149//900 1127//900
f 1112//844 1147//844 1148//844
f 1112//844 1148//844 1113//844
f 1127//512 1149//512 1148//512
f 1127//512 1148//512 1128//512
f 1468//512 1469//512 1361//512
f 1468//901 1361//901 1116//901
f 1140//863 1144//863 1143//863
f 1140//863 1143//863 1139//863
f 1467//668 1468//668 1116//668
f 1467//668 1116//668 1141//668
f 1466//902 1467//902 1141//902
f 1466//903 1141//903 1138//903
f 1362//904 1393//904 1144//904
f 1362//904 1144//904 1140//904
f 1139//876 1143//876 1145//876
f 1139//876 1145//876 1110//876
f 1126//512 1145//512 1143//512
f 1126//512 1143//512 1123//512
f 1123//512 1143//512 1144//512
f 1123//512 1144//512 1124//512
f 1144//512 1393//512 1388//512
f 1144//512 1388//512 1124//512
f 1202//905 1212//905 1207//905
f 1202//905 1207//905 1205//905
f 1208//906 1207//906 1212//906
f 1208//906 1212//906 1204//906
f 1211//907 1375//907 1206//907
f 1210//908 1376//908 1375//908
f 1210//908 1375//908 1211//908
f 1208//512 1206//512 1207//512
f 1377//909 1376//909 1210//909
f 1377//910 1210//910 1204//910
f 1219//911 1220//911 1217//911
f 1219//911 1217//911 1218//911
f 1218//912 1221//912 1222//912
f 1218//912 1222//912 1219//912
f 1215//913 1216//913 1213//913
f 1215//913 1213//913 1214//913
f 1209//505 1204//505 1210//505
f 1212//505 1202//505 1204//505
f 1202//505 1203//505 1191//505
f 1202//505 1191//505 1379//505
f 1379//914 1377//914 1204//914
f 1379//915 1204//915 1202//915
f 1188//512 1182//512 1183//512
f 1268//512 1270//512 1199//512
f 1268//512 1199//512 1196//512
f 1472//916 1201//916 1200//916
f 1472//917 1200//917 1182//917
f 1203//918 1202//918 1205//918
f 1203//918 1205//918 1200//918
f 1204//919 1209//919 1206//919
f 1204//919 1206//919 1208//919
f 1209//920 1210//920 1211//920
f 1209//920 1211//920 1206//920
f 1200//512 1205//512 1207//512
f 1200//512 1207//512 1182//512
f 1182//512 1375//512 1378//512
f 1182//512 1378//512 1384//512
f 1206//921 1375//921 1182//921
f 1206//512 1182//512 1207//512
f 1224//922 1371//922 1373//922
f 1295//503 1278//503 1473//503
f 1295//503 1473//503 1292//503
f 1371//923 1224//923 1216//923
f 1371//820 1216//820 1215//820
f 1214//924 1222//924 1221//924
f 1214//924 1221//924 1215//924
f 1221//751 1218//751 1371//751
f 1221//751 1371//751 1215//751
f 1296//925 1295//925 1292//925
f 1296//925 1292//925 1291//925
f 1191//926 1203//926 1200//926
f 1191//926 1200//926 1201//926
f 1270//503 1289//503 1292//503
f 1270//503 1292//503 1472//503
f 1473//927 1201//927 1472//927
f 1201//928 1473//928 1278//928
f 1201//928 1278//928 1191//928
f 1278//929 1277//929 1191//929
f 1374//505 1372//505 1296//505
f 1374//930 1296//930 1223//930
f 1213//931 1223//931 1296//931
f 1213//931 1296//931 1214//931
f 1217//751 1371//751 1218//751
f 1220//932 1296//932 1291//932
f 1220//932 1291//932 1217//932
f 1291//512 1368//512 1371//512
f 1291//933 1371//933 1217//933
f 1214//934 1296//934 1222//934
f 1224//935 1373//935 1374//935
f 1224//935 1374//935 1223//935
f 1216//936 1224//936 1223//936
f 1216//936 1223//936 1213//936
f 1370//505 1296//505 1366//505
f 1219//930 1222//930 1296//930
f 1219//937 1296//937 1220//937
f 1367//505 1366//505 1296//505
f 1367//505 1296//505 1372//505
f 1382//512 1381//512 1380//512
f 1382//512 1380//512 1182//512
f 1384//512 1383//512 1382//512
f 1384//512 1382//512 1182//512
f 1182//938 1387//938 1180//938
f 1182//512 1180//512 1183//512
f 1180//936 1181//936 1178//936
f 1180//936 1178//936 1179//936
f 1380//512 1385//512 1387//512
f 1380//512 1387//512 1182//512
f 1185//911 1186//911 1183//911
f 1185//911 1183//911 1184//911
f 1179//939 1386//939 1379//939
f 1179//505 1379//505 1189//505
f 1192//924 1193//924 1194//924
f 1192//924 1194//924 1189//924
f 1379//845 1191//845 1277//845
f 1379//940 1277//940 1190//940
f 1186//941 1187//941 1188//941
f 1186//941 1188//941 1183//941
f 1379//505 1190//505 1186//505
f 1379//505 1186//505 1189//505
f 1470//942 1464//942 1175//942
f 1470//943 1175//943 1176//943
f 1175//944 1464//944 1469//944
f 1467//512 1466//512 1173//512
f 1467//512 1173//512 1175//512
f 1173//945 1466//945 1465//945
f 1173//945 1465//945 1174//945
f 1175//946 1469//946 1468//946
f 1175//943 1468//943 1467//943
f 1465//947 1471//947 1177//947
f 1465//948 1177//948 1174//948
f 1360//949 1359//949 1361//949
f 1360//949 1361//949 1363//949
f 1464//950 1363//950 1361//950
f 1464//950 1361//950 1469//950
f 1359//512 1358//512 1361//512
f 1177//505 1471//505 1470//505
f 1177//505 1470//505 1176//505
f 1360//505 1363//505 1357//505
f 1277//951 1276//951 1197//951
f 1277//951 1197//951 1190//951
f 1198//952 1195//952 1174//952
f 1198//953 1174//953 1177//953
f 1187//505 1186//505 1190//505
f 1195//954 1269//954 1268//954
f 1195//954 1268//954 1196//954
f 1190//955 1197//955 1176//955
f 1190//956 1176//956 1187//956
f 1176//505 1197//505 1198//505
f 1176//505 1198//505 1177//505
f 1199//951 1270//951 1472//951
f 1199//951 1472//951 1182//951
f 1196//512 1199//512 1175//512
f 1196//512 1175//512 1173//512
f 1199//957 1182//957 1188//957
f 1199//958 1188//958 1175//958
f 1198//959 1281//959 1269//959
f 1198//960 1269//960 1195//960
f 1197//505 1276//505 1281//505
f 1197//505 1281//505 1198//505
f 1185//505 1189//505 1186//505
f 1178//961 1386//961 1179//961
f 1181//962 1387//962 1386//962
f 1181//962 1386//962 1178//962
f 1179//913 1194//913 1193//913
f 1179//913 1193//913 1180//913
f 1184//912 1192//912 1189//912
f 1184//912 1189//912 1185//912
f 1194//505 1179//505 1189//505
f 1195//963 1196//963 1173//963
f 1195//963 1173//963 1174//963
f 1175//964 1188//964 1187//964
f 1175//964 1187//964 1176//964
f 1193//512 1192//512 1180//512
f 1192//512 1184//512 1183//512
f 1192//512 1183//512 1180//512
f 1181//965 1180//965 1387//965
f 1310//505 1412//505 1256//505
f 1310//505 1256//505 1257//505
f 1257//505 1258//505 1259//505
f 1257//505 1259//505 1310//505
f 1307//512 1411//512 1414//512
f 1307//512 1414//512 1239//512
f 1403//505 1412//505 1310//505
f 1403//505 1310//505 1404//505
f 1259//505 1311//505 1308//505
f 1259//505 1308//505 1310//505
f 1412//631 1402//631 1401//631
f 1412//631 1401//631 1413//631
f 1261//966 1412//966 1413//966
f 1261//966 1413//966 1260//966
f 1408//505 1406//505 1404//505
f 1408//505 1404//505 1310//505
f 1244//505 1409//505 1408//505
f 1244//505 1408//505 1310//505
f 1243//967 1251//967 1250//967
f 1243//967 1250//967 1240//967
f 1245//968 1246//968 1241//968
f 1245//968 1241//968 1238//968
f 1238//969 1250//969 1251//969
f 1238//969 1251//969 1245//969
f 1251//505 1243//505 1245//505
f 1307//512 1413//512 1400//512
f 1307//512 1400//512 1405//512
f 1306//512 1312//512 1254//512
f 1306//512 1254//512 1307//512
f 1405//512 1407//512 1411//512
f 1405//512 1411//512 1307//512
f 1253//512 1413//512 1307//512
f 1253//512 1307//512 1252//512
f 1254//512 1255//512 1252//512
f 1254//512 1252//512 1307//512
f 1253//970 1264//970 1265//970
f 1253//970 1265//970 1256//970
f 1256//971 1261//971 1260//971
f 1256//971 1260//971 1253//971
f 1257//972 1265//972 1264//972
f 1257//972 1264//972 1252//972
f 1265//505 1257//505 1256//505
f 1261//505 1256//505 1412//505
f 1455//741 1461//741 1460//741
f 1455//741 1460//741 1462//741
f 1263//973 1455//973 1462//973
f 1263//973 1462//973 1262//973
f 1461//512 1455//512 1454//512
f 1260//512 1413//512 1253//512
f 1262//974 1463//974 1456//974
f 1262//974 1456//974 1263//974
f 1459//505 1463//505 1458//505
f 1254//975 1312//975 1311//975
f 1254//975 1311//975 1259//975
f 1457//976 1456//976 1463//976
f 1457//976 1463//976 1459//976
f 1262//505 1462//505 1463//505
f 1259//977 1258//977 1255//977
f 1259//977 1255//977 1254//977
f 1258//978 1257//978 1252//978
f 1258//978 1252//978 1255//978
f 1264//512 1253//512 1252//512
f 1263//512 1456//512 1455//512
f 1286//512 1236//512 1234//512
f 1286//512 1234//512 1284//512
f 1234//979 1236//979 1231//979
f 1234//979 1231//979 1230//979
f 1233//512 1415//512 1284//512
f 1233//512 1284//512 1232//512
f 1234//512 1235//512 1232//512
f 1234//512 1232//512 1284//512
f 1236//502 1286//502 1287//502
f 1236//502 1287//502 1231//502
f 1225//980 1416//980 1415//980
f 1225//980 1415//980 1237//980
f 1237//512 1415//512 1233//512
f 1235//977 1234//977 1230//977
f 1235//977 1230//977 1229//977
f 1232//978 1235//978 1229//978
f 1232//978 1229//978 1228//978
f 1285//505 1424//505 1422//505
f 1285//505 1422//505 1420//505
f 1285//505 1416//505 1225//505
f 1285//505 1225//505 1226//505
f 1417//505 1416//505 1285//505
f 1417//505 1285//505 1419//505
f 1419//505 1285//505 1420//505
f 1227//505 1228//505 1285//505
f 1227//505 1285//505 1226//505
f 1418//512 1421//512 1284//512
f 1418//512 1284//512 1415//512
f 1421//512 1423//512 1425//512
f 1421//512 1425//512 1284//512
f 1229//505 1230//505 1285//505
f 1229//505 1285//505 1228//505
f 1230//505 1231//505 1287//505
f 1230//505 1287//505 1285//505
f 1247//981 1313//981 1314//981
f 1247//981 1314//981 1239//981
f 1246//982 1247//982 1239//982
f 1246//982 1239//982 1241//982
f 1248//983 1243//983 1240//983
f 1248//983 1240//983 1242//983
f 1414//636 1410//636 1409//636
f 1414//984 1409//984 1244//984
f 1249//985 1232//985 1228//985
f 1249//985 1228//985 1227//985
f 1250//512 1238//512 1240//512
f 1249//512 1233//512 1232//512
f 1233//986 1249//986 1227//986
f 1233//986 1227//986 1226//986
f 1237//971 1233//971 1226//971
f 1237//971 1226//971 1225//971
f 1242//512 1240//512 1414//512
f 1314//512 1307//512 1239//512
f 1414//512 1240//512 1238//512
f 1414//512 1238//512 1239//512
f 1241//512 1239//512 1238//512
f 1310//505 1245//505 1243//505
f 1310//505 1243//505 1244//505
f 1310//505 1313//505 1247//505
f 1310//505 1247//505 1245//505
f 1242//987 1414//987 1244//987
f 1242//988 1244//988 1248//988
f 1246//505 1245//505 1247//505
f 1248//505 1244//505 1243//505
o Turret_01_havok_s_armor_5_0
v -0.849752 2.356001 0.844996
v -0.582308 2.356001 -0.366372
v 0.851128 2.356001 0.844996
v -0.499311 2.356001 -0.357020
v -0.416315 2.356001 -0.366372
v -0.337480 2.356001 -0.393957
v -0.266760 2.356001 -0.438394
v 0.261998 2.356001 -0.452639
v -0.731863 2.356001 -0.438394
v -0.661143 2.356001 -0.393957
v -0.790922 2.356001 -0.497452
v -0.835357 2.356001 -0.568173
v -0.910337 2.356001 -0.889898
v -0.862943 2.356001 -0.813001
v -0.872295 2.356001 -0.730004
v -0.862943 2.356001 -0.647007
v 0.329701 2.356001 -0.406480
v 0.405979 2.356001 -0.376543
v 0.487006 2.356001 -0.364330
v 0.568719 2.356001 -0.370453
v 0.647021 2.356001 -0.394606
v 0.717985 2.356001 -0.435577
v 0.778053 2.356001 -0.491313
v 0.824213 2.356001 -0.559016
v 0.911712 2.356001 -0.889904
v 0.866363 2.356001 -0.716321
v 0.860239 2.356001 -0.798034
v 0.854149 2.356001 -0.635294
v -0.493004 2.545549 -0.515776
v -0.601086 2.545549 -0.541746
v -0.504158 2.545549 -0.945114
v -0.386418 2.545549 -0.547323
v -0.283911 2.545549 -0.736017
v -0.309884 2.545549 -0.627939
v -0.289006 2.545549 -0.809905
v -0.383126 2.543718 -0.923815
v -0.214722 2.520631 -0.872763
v -0.289006 2.520677 -0.809904
v -0.383126 2.520677 -0.923815
v -0.309666 2.520631 -0.984869
v -0.681702 2.545549 -0.618281
v -0.713253 2.545549 -0.724871
v -0.707905 2.545931 -0.810088
v -0.614926 2.545412 -0.922411
v -0.782795 2.520631 -0.872157
v -0.687504 2.520631 -0.984720
v -0.614926 2.520677 -0.922411
v -0.707417 2.520677 -0.809599
v -0.499311 2.455998 -0.371141
v -0.579166 2.455998 -0.380139
v -0.603958 2.455998 -0.429289
v -0.462857 2.455998 -0.413389
v -0.655016 2.455998 -0.406680
v -0.343607 2.455998 -0.406680
v -0.419457 2.455998 -0.380139
v -0.328831 2.455998 -0.460287
v -0.275564 2.455998 -0.449434
v -0.724186 2.455998 -0.504835
v -0.723058 2.455998 -0.449434
v -0.228424 2.455998 -0.560690
v -0.534302 2.455997 -1.047495
v -0.499311 2.455997 -1.088867
v -0.419457 2.455998 -1.079869
v -0.393200 2.455998 -1.031597
v -0.579166 2.455998 -1.079869
v -0.343607 2.455998 -1.053328
v -0.275564 2.455998 -1.010574
v -0.309731 2.455998 -0.985015
v -0.687766 2.455998 -0.984635
v -0.655016 2.455998 -1.053328
v -0.723058 2.455998 -1.010574
v -0.782561 2.455998 -0.872397
v -0.779881 2.455998 -0.953751
v -0.815633 2.455998 -0.766165
v -0.799733 2.455998 -0.625063
v -0.849176 2.455998 -0.650149
v -0.858174 2.455998 -0.730004
v -0.849176 2.455998 -0.809858
v -0.822635 2.455998 -0.574300
v -0.822635 2.455998 -0.885709
v -0.779881 2.455998 -0.506257
v -0.790922 2.356001 -0.962555
v -0.835357 2.356001 -0.891835
v -0.910497 2.356001 -1.010004
v -0.743472 2.356001 -1.010004
v -0.836036 2.356001 -0.889898
v -0.163265 2.356001 -0.568173
v 0.165291 2.356001 -0.583672
v 0.206263 2.356001 -0.512707
v -0.207701 2.356001 -0.497452
v -0.135680 2.356001 -0.647007
v 0.141138 2.356001 -0.661973
v -0.135680 2.356001 -0.813001
v 0.147227 2.356001 -0.824714
v 0.135014 2.356001 -0.743686
v -0.126329 2.356001 -0.730004
v 0.202872 2.415849 -0.809804
v 0.192366 2.415849 -0.730004
v 0.135014 2.415849 -0.743686
v 0.147227 2.415849 -0.824714
v 0.141138 2.415849 -0.661973
v 0.202872 2.415849 -0.650204
v 0.223324 2.356001 -0.968696
v 0.177164 2.356001 -0.900992
v -0.207701 2.356001 -0.962555
v 0.172811 2.356001 -0.889901
v -0.163265 2.356001 -0.891835
v -0.255150 2.356001 -1.010004
v 0.267844 2.356001 -1.010004
v -0.162588 2.356001 -0.889900
v -0.140449 2.455998 -0.730004
v -0.149447 2.455998 -0.650149
v -0.175988 2.455998 -0.574300
v -0.218741 2.455998 -0.506257
v -0.181527 2.455998 -0.694719
v -0.214982 2.455998 -0.872611
v -0.149447 2.455998 -0.809858
v -0.218741 2.455998 -0.953751
v -0.175988 2.455998 -0.885709
v 0.637850 2.495498 -0.967575
v 0.694665 2.495498 -0.923980
v 0.263117 2.495498 -0.592842
v 0.571689 2.495498 -0.994980
v 0.429689 2.495498 -0.994980
v 0.500688 2.495498 -1.004328
v 0.363527 2.495498 -0.967575
v 0.263118 2.495498 -0.867166
v 0.306712 2.495498 -0.923980
v 0.738260 2.495498 -0.867166
v 0.765665 2.495498 -0.801004
v 0.775012 2.495498 -0.730004
v 0.765665 2.495498 -0.659003
v 0.165291 2.415849 -0.583672
v 0.233673 2.415849 -0.575843
v 0.177164 2.415849 -0.900992
v 0.233673 2.415849 -0.884165
v 0.192366 2.477998 -0.730004
v 0.202872 2.477998 -0.809804
v 0.235712 2.477998 -0.801004
v 0.226364 2.477998 -0.730004
v 0.235712 2.477998 -0.659003
v 0.202872 2.477998 -0.650204
v 0.263118 2.477998 -0.867165
v 0.233673 2.477998 -0.884165
v 0.235712 2.495498 -0.659003
v 0.226364 2.495498 -0.730004
v 0.235712 2.495498 -0.801004
v 0.346527 2.415849 -0.997019
v 0.282671 2.415849 -0.948021
v 0.283392 2.415849 -1.024431
v 0.354356 2.415849 -1.065402
v 0.432658 2.415849 -1.089555
v 0.420889 2.415849 -1.027821
v 0.363527 2.477998 -0.967575
v 0.306712 2.477998 -0.923980
v 0.282671 2.477998 -0.948021
v 0.346527 2.477998 -0.997019
v 0.420889 2.477998 -1.027821
v 0.429689 2.477998 -0.994980
v 0.223324 2.415849 -0.968696
v 0.694665 2.477998 -0.923980
v 0.637850 2.477998 -0.967576
v 0.654849 2.477998 -0.997019
v 0.718706 2.477998 -0.948021
v 0.580489 2.477998 -1.027821
v 0.571689 2.477998 -0.994980
v 0.500688 2.477998 -1.038327
v 0.500688 2.477998 -1.004328
v 0.580489 2.415849 -1.027821
v 0.500688 2.415849 -1.038327
v 0.514371 2.415848 -1.095678
v 0.595398 2.415848 -1.083466
v 0.671676 2.415848 -1.053528
v 0.654849 2.415849 -0.997019
v 0.694665 2.495499 -0.536028
v 0.637850 2.495498 -0.492433
v 0.571689 2.495499 -0.465027
v 0.500688 2.495498 -0.455680
v 0.429688 2.495498 -0.465027
v 0.363527 2.495498 -0.492433
v 0.306712 2.495498 -0.536028
v 0.306712 2.477998 -0.536028
v 0.363527 2.477998 -0.492433
v 0.346527 2.477998 -0.462989
v 0.282671 2.477998 -0.511987
v 0.637850 2.477998 -0.492433
v 0.694665 2.477998 -0.536028
v 0.718706 2.477998 -0.511987
v 0.654849 2.477998 -0.462988
v 0.738260 2.495498 -0.592842
v 0.282671 2.415849 -0.511987
v 0.346527 2.415849 -0.462989
v 0.261998 2.415849 -0.452639
v 0.206263 2.415849 -0.512707
v 0.263117 2.477998 -0.592842
v 0.233673 2.477998 -0.575843
v 0.420889 2.415849 -0.432187
v 0.405979 2.415849 -0.376543
v 0.329701 2.415849 -0.406480
v 0.487006 2.415849 -0.364330
v 0.500688 2.415849 -0.421681
v 0.568719 2.415849 -0.370453
v 0.580489 2.415849 -0.432187
v 0.654849 2.415849 -0.462989
v 0.718706 2.415849 -0.511987
v 0.717985 2.415849 -0.435577
v 0.647021 2.415849 -0.394606
v 0.500688 2.477998 -0.421681
v 0.420889 2.477998 -0.432187
v 0.429688 2.477998 -0.465028
v 0.500688 2.477998 -0.455680
v 0.571689 2.477998 -0.465027
v 0.580489 2.477998 -0.432187
v 0.767704 2.415849 -0.884165
v 0.718706 2.415849 -0.948021
v 0.795115 2.415849 -0.947301
v 0.836086 2.415849 -0.876336
v 0.860239 2.415849 -0.798034
v 0.798505 2.415849 -0.809804
v 0.739381 2.415848 -1.007369
v 0.828253 2.356001 -0.889904
v 0.795115 2.356001 -0.947301
v 0.911873 2.356001 -1.010004
v 0.739381 2.356001 -1.007369
v 0.735514 2.356001 -1.010004
v 0.836086 2.356001 -0.876336
v 0.765665 2.477998 -0.801004
v 0.767704 2.477998 -0.884165
v 0.798505 2.477998 -0.809804
v 0.775012 2.477998 -0.730004
v 0.738260 2.477998 -0.867166
v 0.798505 2.415849 -0.650204
v 0.866363 2.415849 -0.716321
v 0.854149 2.415849 -0.635294
v 0.824213 2.415849 -0.559016
v 0.778053 2.415849 -0.491313
v 0.767704 2.415849 -0.575843
v 0.809011 2.415849 -0.730004
v 0.809011 2.477998 -0.730004
v 0.767704 2.477998 -0.575843
v 0.798505 2.477998 -0.650204
v 0.765665 2.477998 -0.659003
v 0.738260 2.477998 -0.592842
vn -0.0000 -1.0000 -0.0000
vn -0.0002 -1.0000 -0.0001
vn 0.0026 -1.0000 0.0068
vn -0.0050 -1.0000 -0.0048
vn 0.0004 -1.0000 0.0003
vn -0.0004 -1.0000 0.0003
vn -0.0210 -0.9992 0.0334
s 0
f 1476//989 1491//989 1492//989
f 1476//989 1492//989 1493//989
f 1476//989 1481//989 1490//989
f 1476//989 1490//989 1491//989
f 1489//989 1485//989 1474//989
f 1489//989 1474//989 1488//989
f 1476//989 1493//989 1494//989
f 1476//989 1494//989 1495//989
f 1476//989 1497//989 1501//989
f 1476//989 1501//989 1499//989
f 1498//989 1476//989 1499//989
f 1498//989 1499//989 1500//989
f 1476//989 1495//989 1496//989
f 1476//989 1496//989 1497//989
f 1478//989 1479//989 1476//989
f 1476//989 1475//989 1477//989
f 1476//989 1477//989 1478//989
f 1474//989 1475//989 1476//989
f 1480//989 1481//989 1476//989
f 1480//989 1476//989 1479//989
f 1488//989 1474//989 1486//989
f 1488//989 1486//989 1487//989
f 1484//989 1482//989 1474//989
f 1484//989 1474//989 1485//989
f 1483//989 1475//989 1474//989
f 1483//989 1474//989 1482//989
f 1649//989 1650//989 1595//989
f 1649//989 1595//989 1648//989
f 1651//989 1652//989 1595//989
f 1651//989 1595//989 1650//989
f 1653//989 1654//989 1595//989
f 1653//989 1595//989 1652//989
f 1646//989 1647//989 1642//989
f 1646//989 1642//989 1645//989
f 1631//989 1640//989 1641//989
f 1631//989 1641//989 1632//989
f 1644//989 1645//989 1642//989
f 1644//989 1642//989 1643//989
f 1625//989 1644//989 1643//989
f 1625//989 1643//989 1626//989
f 1607//989 1664//989 1667//989
f 1607//989 1667//989 1606//989
f 1658//989 1669//989 1668//989
f 1658//989 1668//989 1655//989
f 1614//989 1668//989 1669//989
f 1614//989 1669//989 1615//989
f 1666//989 1667//989 1664//989
f 1666//989 1664//989 1665//989
f 1657//989 1658//989 1655//989
f 1657//989 1655//989 1656//989
f 1661//989 1662//989 1659//989
f 1661//989 1659//989 1660//989
f 1663//989 1648//989 1595//989
f 1663//989 1595//989 1605//989
f 1623//989 1624//989 1621//989
f 1623//989 1621//989 1622//989
f 1624//989 1625//989 1626//989
f 1624//989 1626//989 1621//989
f 1629//989 1630//989 1627//989
f 1629//989 1627//989 1628//989
f 1600//989 1595//989 1620//989
f 1613//989 1614//989 1615//989
f 1613//989 1615//989 1610//989
f 1611//989 1617//989 1616//989
f 1611//989 1616//989 1612//989
f 1619//989 1620//989 1595//989
f 1619//989 1595//989 1618//989
f 1636//989 1637//989 1634//989
f 1636//989 1634//989 1635//989
f 1635//989 1639//989 1638//989
f 1635//989 1638//989 1636//989
f 1639//989 1641//989 1640//989
f 1639//989 1640//989 1638//989
f 1617//989 1629//989 1628//989
f 1617//989 1628//989 1616//989
f 1630//989 1631//989 1632//989
f 1630//989 1632//989 1627//989
f 1633//989 1623//989 1622//989
f 1633//989 1622//989 1609//989
f 1633//989 1609//989 1608//989
f 1670//989 1671//989 1672//989
f 1670//989 1672//989 1665//989
f 1637//989 1701//989 1704//989
f 1637//989 1704//989 1634//989
f 1679//989 1705//989 1691//989
f 1679//989 1691//989 1706//989
f 1707//989 1679//989 1706//989
f 1700//989 1704//989 1701//989
f 1696//989 1695//989 1697//989
f 1696//989 1697//989 1698//989
f 1699//989 1694//989 1498//989
f 1699//989 1498//989 1500//989
f 1702//989 1703//989 1700//989
f 1702//989 1700//989 1701//989
f 1714//989 1713//989 1712//989
f 1715//989 1703//989 1713//989
f 1715//989 1713//989 1716//989
f 1660//989 1716//989 1713//989
f 1660//989 1713//989 1661//989
f 1702//989 1712//989 1713//989
f 1702//989 1713//989 1703//989
f 1708//989 1709//989 1679//989
f 1708//989 1679//989 1707//989
f 1679//989 1678//989 1710//989
f 1679//990 1710//990 1705//990
f 1711//989 1692//989 1691//989
f 1711//989 1691//989 1705//989
f 1676//989 1677//989 1680//989
f 1676//989 1680//989 1675//989
f 1683//989 1684//989 1681//989
f 1683//989 1681//989 1682//989
f 1684//989 1685//989 1686//989
f 1684//989 1686//989 1681//989
f 1679//989 1680//989 1677//989
f 1679//989 1677//989 1678//989
f 1666//989 1665//989 1672//989
f 1670//989 1674//989 1673//989
f 1670//989 1673//989 1671//989
f 1674//989 1676//989 1675//989
f 1674//989 1675//989 1673//989
f 1693//989 1689//989 1688//989
f 1693//989 1688//989 1647//989
f 1693//989 1647//989 1646//989
f 1695//989 1696//989 1498//989
f 1695//989 1498//989 1694//989
f 1690//989 1691//989 1692//989
f 1690//989 1692//989 1687//989
f 1662//989 1686//989 1685//989
f 1662//989 1685//989 1659//989
f 1656//989 1683//989 1682//989
f 1656//989 1682//989 1657//989
f 1689//989 1690//989 1687//989
f 1689//989 1687//989 1688//989
f 1543//989 1542//989 1544//989
f 1542//989 1545//989 1546//989
f 1542//989 1546//989 1544//989
f 1549//989 1550//989 1547//989
f 1549//989 1547//989 1548//989
f 1542//989 1543//989 1538//989
f 1542//989 1538//989 1534//989
f 1535//989 1534//989 1538//989
f 1539//989 1537//989 1536//989
f 1539//989 1540//989 1541//989
f 1539//989 1541//989 1537//989
f 1554//989 1552//989 1548//989
f 1554//989 1548//989 1531//989
f 1532//989 1554//989 1531//989
f 1486//989 1557//989 1555//989
f 1486//989 1555//989 1556//989
f 1553//989 1546//989 1545//989
f 1550//989 1551//989 1547//989
f 1552//989 1549//989 1548//989
f 1551//989 1553//989 1545//989
f 1551//989 1545//989 1547//989
f 1514//989 1515//989 1504//989
f 1514//989 1504//989 1503//989
f 1516//991 1517//991 1504//991
f 1516//992 1504//992 1515//992
f 1520//993 1521//993 1518//993
f 1520//993 1518//993 1519//993
f 1512//994 1513//994 1510//994
f 1512//994 1510//994 1511//994
f 1504//989 1505//989 1502//989
f 1504//989 1502//989 1503//989
f 1504//989 1506//989 1507//989
f 1504//989 1507//989 1505//989
f 1504//995 1509//995 1508//995
f 1504//989 1508//989 1506//989
f 1526//989 1532//989 1531//989
f 1526//989 1531//989 1524//989
f 1533//989 1530//989 1529//989
f 1536//989 1537//989 1534//989
f 1536//989 1534//989 1535//989
f 1529//989 1530//989 1527//989
f 1529//989 1527//989 1525//989
f 1524//989 1525//989 1522//989
f 1524//989 1522//989 1523//989
f 1523//989 1526//989 1524//989
f 1525//989 1527//989 1528//989
f 1525//989 1528//989 1522//989
f 1558//989 1555//989 1557//989
f 1589//989 1591//989 1592//989
f 1589//989 1592//989 1590//989
f 1595//989 1596//989 1593//989
f 1595//989 1593//989 1594//989
f 1595//989 1597//989 1598//989
f 1595//989 1598//989 1596//989
f 1591//989 1589//989 1541//989
f 1591//989 1541//989 1540//989
f 1586//989 1587//989 1530//989
f 1586//989 1530//989 1585//989
f 1533//989 1588//989 1584//989
f 1589//989 1590//989 1584//989
f 1589//989 1584//989 1588//989
f 1575//989 1607//989 1606//989
f 1575//989 1606//989 1574//989
f 1608//989 1609//989 1570//989
f 1608//989 1570//989 1573//989
f 1612//989 1613//989 1610//989
f 1612//989 1610//989 1611//989
f 1604//989 1605//989 1595//989
f 1604//989 1595//989 1603//989
f 1597//989 1595//989 1599//989
f 1595//989 1600//989 1601//989
f 1595//989 1601//989 1599//989
f 1602//989 1603//989 1595//989
f 1602//989 1595//989 1594//989
f 1568//989 1569//989 1566//989
f 1568//989 1566//989 1567//989
f 1569//989 1568//989 1565//989
f 1569//989 1565//989 1564//989
f 1572//989 1573//989 1570//989
f 1572//989 1570//989 1571//989
f 1481//989 1480//989 1563//989
f 1481//989 1563//989 1562//989
f 1486//989 1556//989 1559//989
f 1486//989 1559//989 1487//989
f 1562//989 1563//989 1560//989
f 1562//989 1560//989 1561//989
f 1564//989 1565//989 1561//989
f 1564//989 1561//989 1560//989
f 1583//989 1579//989 1567//989
f 1583//989 1567//989 1566//989
f 1583//989 1580//989 1579//989
f 1584//989 1585//989 1530//989
f 1584//989 1530//989 1533//989
f 1581//989 1582//989 1576//989
f 1581//989 1576//989 1578//989
f 1571//989 1575//989 1574//989
f 1571//989 1574//989 1572//989
f 1576//989 1577//989 1578//989
f 1579//989 1580//989 1578//989
f 1579//989 1578//989 1577//989
o Turret_01_havok_s_armor_4_1
v -0.849752 2.356001 0.844996
v 0.851128 2.356001 0.844996
v 1.190616 1.768352 0.844996
v -1.189239 1.768352 0.844996
v 0.000667 1.538190 0.619618
v -0.175494 1.538190 0.608072
v -0.175494 1.737160 0.608072
v 0.000667 1.738680 0.619618
v 0.517145 1.538190 0.516884
v 0.517145 1.725155 0.516884
v 0.675478 1.714875 0.438803
v 0.675478 1.538190 0.438803
v 0.349975 1.538190 0.573631
v 0.349975 1.732626 0.573631
v 0.176829 1.538190 0.608072
v 0.176829 1.737160 0.608072
v -0.515811 1.725155 0.516884
v -0.348641 1.732626 0.573631
v -0.348641 1.538190 0.573631
v -0.515811 1.538190 0.516885
v -0.650602 1.716404 0.450413
v -0.650602 1.538190 0.450413
vn 0.3214 -0.0000 -0.9469
vn -0.0654 -0.0000 -0.9979
vn 0.4423 -0.0000 -0.8969
vn 0.1951 -0.0000 -0.9808
vn -0.1951 -0.0000 -0.9808
vn 0.0654 -0.0000 -0.9979
vn -0.0000 -0.0000 -1.0000
vn -0.3214 -0.0000 -0.9469
vn -0.4423 -0.0000 -0.8969
s 0
f 1735//996 1736//996 1733//996
f 1735//996 1733//996 1734//996
f 1732//997 1731//997 1721//997
f 1732//997 1721//997 1724//997
f 1736//998 1738//998 1737//998
f 1736//998 1737//998 1733//998
f 1722//999 1735//999 1734//999
f 1722//999 1734//999 1723//999
f 1731//1000 1732//1000 1730//1000
f 1731//1000 1730//1000 1729//1000
f 1723//1001 1724//1001 1721//1001
f 1723//1001 1721//1001 1722//1001
f 1719//1002 1720//1002 1717//1002
f 1719//1002 1717//1002 1718//1002
f 1729//1003 1730//1003 1726//1003
f 1729//1003 1726//1003 1725//1003
f 1727//1004 1728//1004 1725//1004
f 1727//1004 1725//1004 1726//1004
o Turret_01_havok_s_armor_3_2
v -0.910336 2.356001 -0.889897
v -0.849751 2.356001 0.844996
v -1.189239 1.768352 0.844996
v -1.364028 1.561363 -0.730003
v -0.953660 1.686638 0.224323
v -0.820930 1.701963 0.340723
v -0.820930 1.538190 0.340723
v -0.953660 1.538190 0.224324
v -1.070059 1.669164 0.091594
v -1.070059 1.538190 0.091595
v -0.650602 1.716404 0.450413
v -0.650602 1.538190 0.450413
v -1.168140 1.649839 -0.055192
v -1.168140 1.538190 -0.055192
v -1.246221 1.538190 -0.213525
v -1.246221 1.628994 -0.213525
v -1.302967 1.538190 -0.380695
v -1.302967 1.606986 -0.380695
v -1.337408 1.587199 -0.530994
v -1.337408 1.538190 -0.530994
v -1.369577 1.561363 -0.891045
v 1.365404 1.561363 -0.730003
v 1.190616 1.768352 0.844996
v 0.851128 2.356001 0.844996
v 0.911712 2.356001 -0.889904
v 1.071394 1.538190 0.091594
v 1.071394 1.669164 0.091594
v 1.169474 1.649839 -0.055193
v 1.169474 1.538190 -0.055192
v 1.247554 1.628994 -0.213525
v 1.247554 1.538190 -0.213525
v 1.304301 1.606986 -0.380695
v 1.304301 1.538190 -0.380695
v 1.338742 1.587199 -0.530994
v 1.338742 1.538190 -0.530994
v 0.954994 1.686638 0.224323
v 0.954994 1.538190 0.224323
v 0.822265 1.538190 0.340723
v 0.822265 1.701963 0.340723
v 0.675478 1.538190 0.438803
v 0.675478 1.714875 0.438803
v 1.370992 1.561363 -0.891045
vn -0.8969 -0.0000 -0.4423
vn -0.9469 -0.0000 -0.3214
vn -0.8654 -0.5002 -0.0302
vn -0.8655 -0.5000 -0.0303
vn -0.8315 -0.0000 -0.5556
vn -0.9747 -0.0000 -0.2234
vn -0.5556 -0.0000 -0.8315
vn -0.8654 -0.5001 -0.0300
vn -0.6593 -0.0000 -0.7518
vn -0.7518 -0.0000 -0.6593
vn 0.7518 -0.0000 -0.6593
vn 0.5414 -0.0000 -0.8407
vn 0.8654 -0.5002 -0.0303
vn 0.8655 -0.5000 -0.0302
vn 0.6593 -0.0000 -0.7518
vn 0.8315 -0.0000 -0.5556
vn 0.9747 -0.0000 -0.2234
vn 0.8654 -0.5001 -0.0298
vn 0.8969 -0.0000 -0.4423
vn 0.9469 -0.0000 -0.3214
s 0
f 1768//1005 1769//1005 1767//1005
f 1768//1005 1767//1005 1766//1005
f 1770//1006 1771//1006 1769//1006
f 1770//1006 1769//1006 1768//1006
f 1762//1007 1763//1007 1760//1007
f 1762//1008 1760//1008 1761//1008
f 1766//1009 1767//1009 1764//1009
f 1766//1009 1764//1009 1765//1009
f 1772//1010 1773//1010 1771//1010
f 1772//1010 1771//1010 1770//1010
f 1778//1011 1779//1011 1777//1011
f 1778//1011 1777//1011 1776//1011
f 1780//1012 1760//1012 1763//1012
f 1776//1013 1777//1013 1774//1013
f 1776//1013 1774//1013 1775//1013
f 1775//1014 1774//1014 1765//1014
f 1775//1014 1765//1014 1764//1014
f 1746//1015 1748//1015 1747//1015
f 1746//1015 1747//1015 1743//1015
f 1744//1016 1749//1016 1750//1016
f 1744//1016 1750//1016 1745//1016
f 1741//1017 1742//1017 1739//1017
f 1741//1018 1739//1018 1740//1018
f 1745//1019 1746//1019 1743//1019
f 1745//1019 1743//1019 1744//1019
f 1748//1020 1752//1020 1751//1020
f 1748//1020 1751//1020 1747//1020
f 1755//1021 1758//1021 1757//1021
f 1755//1021 1757//1021 1756//1021
f 1759//1022 1739//1022 1742//1022
f 1752//1023 1753//1023 1754//1023
f 1752//1023 1754//1023 1751//1023
f 1753//1024 1755//1024 1756//1024
f 1753//1024 1756//1024 1754//1024
o Turret_01_havok_s_armor_7_3
v 0.874725 2.302076 -1.384758
v 0.893275 2.315366 -1.294835
v -0.891740 2.315264 -1.294835
v -0.873093 2.302076 -1.384758
v 0.850119 2.289194 -1.473278
v -0.848347 2.289194 -1.473278
v -0.817681 2.276609 -1.559780
v 0.819402 2.276609 -1.559780
v -0.781352 2.264399 -1.643676
v 0.783993 2.264399 -1.643676
v 0.694417 2.241413 -1.803054
v -0.698573 2.241413 -1.803054
v -0.605085 2.215823 -1.973127
v 0.581735 2.215823 -1.973127
v -0.904197 2.328357 -1.204155
v 0.905639 2.328357 -1.204155
v 0.911781 2.341572 -1.113341
v -0.910464 2.341572 -1.113341
v -0.732008 2.354355 -1.021795
v -0.661631 2.348034 -1.067063
v -0.743472 2.356001 -1.010004
v -0.910497 2.356001 -1.010004
v -0.582682 2.344094 -1.095274
v -0.499311 2.342758 -1.104857
v 0.432658 2.344898 -1.089555
v 0.514371 2.344043 -1.095678
v -0.415941 2.344095 -1.095274
v -0.336992 2.348034 -1.067063
v 0.354356 2.348268 -1.065401
v 0.283392 2.353987 -1.024430
v -0.266616 2.354355 -1.021795
v 0.267844 2.356001 -1.010004
v -0.255150 2.356001 -1.010004
v 0.911873 2.356001 -1.010004
v 0.735514 2.356001 -1.010004
v 0.671676 2.349926 -1.053528
v 0.595398 2.345748 -1.083465
vn -0.0000 -0.9904 0.1382
vn -0.0000 -0.9903 0.1386
vn -0.0000 -0.9904 0.1383
vn -0.0000 -0.9896 0.1440
vn -0.0000 -0.9894 0.1451
vn 0.0001 -0.9893 0.1462
vn -0.0000 -0.9898 0.1427
vn -0.0000 -0.9897 0.1429
vn 0.0001 -0.9899 0.1418
vn -0.0000 -0.9889 0.1488
s 0
f 1804//1025 1805//1025 1807//1025
f 1797//1026 1806//1026 1798//1026
f 1803//1027 1800//1027 1798//1027
f 1803//1025 1798//1025 1804//1025
f 1798//1025 1806//1025 1805//1025
f 1798//1025 1805//1025 1804//1025
f 1810//1027 1811//1027 1808//1027
f 1810//1027 1808//1027 1809//1027
f 1815//1027 1816//1027 1797//1027
f 1815//1027 1797//1027 1814//1027
f 1817//1027 1806//1027 1797//1027
f 1817//1027 1797//1027 1816//1027
f 1812//1027 1813//1027 1811//1027
f 1812//1027 1811//1027 1810//1027
f 1805//1025 1809//1025 1808//1025
f 1805//1027 1808//1027 1807//1027
f 1801//1027 1802//1027 1798//1027
f 1801//1027 1798//1027 1799//1027
f 1786//1028 1787//1028 1788//1028
f 1786//1028 1788//1028 1785//1028
f 1787//1028 1789//1028 1790//1028
f 1787//1028 1790//1028 1788//1028
f 1783//1029 1784//1029 1781//1029
f 1783//1030 1781//1030 1782//1030
f 1784//1028 1786//1028 1785//1028
f 1784//1028 1785//1028 1781//1028
f 1789//1031 1792//1031 1791//1031
f 1789//1031 1791//1031 1790//1031
f 1796//1032 1795//1032 1783//1032
f 1796//1033 1783//1033 1782//1033
f 1799//1027 1798//1027 1800//1027
f 1792//1034 1793//1034 1794//1034
f 1792//1034 1794//1034 1791//1034
f 1797//1028 1798//1028 1795//1028
f 1797//1028 1795//1028 1796//1028
o Turret_01_havok_s_armor_8_4
v 1.225223 1.538189 -0.530994
v -0.323053 1.538188 -1.938142
v -0.624712 1.538188 -1.813191
v -0.883752 1.538188 -1.614422
v 0.000667 1.538188 -1.980760
v 0.324386 1.538188 -1.938142
v 0.626045 1.538188 -1.813190
v 1.083854 1.538189 -1.355381
v 0.885086 1.538188 -1.614422
v 1.251423 1.538189 -0.730003
v 1.208805 1.538189 -1.053723
v -1.082521 1.538189 -1.355382
v -1.207473 1.538189 -1.053723
v -1.250091 1.538189 -0.730003
v -1.223891 1.538189 -0.530994
v 1.208804 1.538189 -0.406283
v 0.324386 1.538189 0.478135
v 0.626045 1.538189 0.353184
v 0.885085 1.538189 0.154415
v -0.323054 1.538189 0.478136
v 0.000667 1.538189 0.520754
v -0.883752 1.538189 0.154416
v -0.579860 1.538189 0.371763
v -1.207473 1.538189 -0.406283
v -1.082522 1.538189 -0.104625
v 1.083854 1.538189 -0.104625
v 0.336823 2.075301 -2.280780
v -0.355937 2.075301 -2.280780
v -0.356114 2.036997 -2.311224
v 0.337454 2.036997 -2.311224
v -0.356882 1.996299 -2.336108
v 0.338584 1.996299 -2.336108
v -0.358251 1.952361 -2.353581
v 0.340714 1.952361 -2.353581
v -0.359787 1.906367 -2.363689
v 0.343022 1.906367 -2.363689
v -0.364765 1.765525 -2.356399
v -0.366299 1.721122 -2.340576
v 0.348683 1.721122 -2.340576
v 0.347879 1.765525 -2.356399
v -0.362906 1.811853 -2.364658
v 0.346446 1.811853 -2.364658
v -0.361719 1.859161 -2.367278
v 0.344664 1.859161 -2.367278
vn -0.0000 -0.5216 0.8532
vn -0.0000 -0.3695 0.9292
vn -0.0000 -0.6222 0.7828
vn -0.0000 1.0000 -0.0000
vn -0.0000 -0.0758 0.9971
vn -0.0000 0.0553 0.9985
vn -0.0000 0.1755 0.9845
vn -0.0000 -0.2147 0.9767
vn -0.0000 -0.2146 0.9767
vn -0.0000 0.3357 0.9420
s 0
f 1848//1035 1849//1035 1847//1035
f 1848//1035 1847//1035 1846//1035
f 1850//1036 1851//1036 1849//1036
f 1850//1036 1849//1036 1848//1036
f 1846//1037 1847//1037 1844//1037
f 1846//1037 1844//1037 1845//1037
f 1841//1038 1842//1038 1839//1038
f 1841//1038 1839//1038 1832//1038
f 1832//1038 1836//1038 1843//1038
f 1832//1038 1843//1038 1833//1038
f 1852//1039 1860//1039 1861//1039
f 1852//1039 1861//1039 1853//1039
f 1861//1040 1860//1040 1858//1040
f 1861//1040 1858//1040 1859//1040
f 1857//1041 1859//1041 1858//1041
f 1857//1041 1858//1041 1854//1041
f 1852//1042 1853//1042 1851//1042
f 1852//1043 1851//1043 1850//1043
f 1856//1044 1857//1044 1854//1044
f 1856//1044 1854//1044 1855//1044
f 1832//1038 1839//1038 1840//1038
f 1832//1038 1840//1038 1837//1038
f 1818//1038 1825//1038 1826//1038
f 1818//1038 1826//1038 1824//1038
f 1827//1038 1828//1038 1825//1038
f 1827//1038 1825//1038 1818//1038
f 1823//1038 1818//1038 1824//1038
f 1820//1038 1821//1038 1818//1038
f 1820//1038 1818//1038 1819//1038
f 1818//1038 1823//1038 1822//1038
f 1818//1038 1822//1038 1819//1038
f 1835//1038 1836//1038 1832//1038
f 1835//1038 1832//1038 1834//1038
f 1832//1038 1837//1038 1838//1038
f 1832//1038 1838//1038 1834//1038
f 1833//1038 1818//1038 1832//1038
f 1829//1038 1830//1038 1818//1038
f 1829//1038 1818//1038 1821//1038
f 1831//1038 1832//1038 1818//1038
f 1831//1038 1818//1038 1830//1038
o Turret_01_havok_s_armor_1_5
v -0.366299 1.721122 -2.340576
v -0.364766 1.765525 -2.356399
v -0.604208 1.765525 -2.356399
v -0.609751 1.721122 -2.340576
v -0.362906 1.811853 -2.364659
v -0.597448 1.811853 -2.364659
v -0.608276 1.678175 -2.313810
v -0.585994 1.906367 -2.363689
v -0.593096 1.859161 -2.367278
v -0.361719 1.859161 -2.367278
v -0.359786 1.906367 -2.363689
v -0.358251 1.952360 -2.353581
v -0.580344 1.952360 -2.353581
v 0.348683 1.721122 -2.340576
v 0.609077 1.678175 -2.313810
v 0.509118 1.996299 -2.336107
v 0.338585 1.996299 -2.336107
v 0.340713 1.952360 -2.353581
v 0.529738 1.952360 -2.353581
v 0.343022 1.906367 -2.363689
v 0.553444 1.906367 -2.363689
v 0.346446 1.811853 -2.364659
v 0.589185 1.811853 -2.364659
v 0.570522 1.859161 -2.367278
v 0.344664 1.859161 -2.367278
v 0.612747 1.721122 -2.340576
v 0.604219 1.765525 -2.356399
v 0.347879 1.765525 -2.356399
v -0.579756 2.154899 -2.160232
v -0.574823 2.113946 -2.234872
v 0.491771 2.113946 -2.234872
v 0.514207 2.154899 -2.160232
v -0.572588 2.075301 -2.280779
v -0.355938 2.075301 -2.280779
v 0.336822 2.075301 -2.280779
v 0.488489 2.075301 -2.280779
v -0.356882 1.996299 -2.336107
v -0.356114 2.036997 -2.311224
v -0.572795 2.036997 -2.311224
v -0.575305 1.996299 -2.336107
v 0.497195 2.036997 -2.311224
v 0.337453 2.036997 -2.311224
vn -0.0000 -0.8767 0.4810
vn -0.0000 -0.7650 0.6440
vn -0.0000 0.5289 0.8487
vn -0.0000 0.3357 0.9420
vn -0.0000 0.1755 0.9845
vn -0.0000 -0.5216 0.8532
vn -0.0000 -0.6222 0.7828
vn -0.0000 -0.3695 0.9292
vn -0.0000 -0.0758 0.9971
vn -0.0000 0.0553 0.9985
vn -0.0000 -0.2146 0.9767
s 0
f 1892//1045 1893//1045 1890//1045
f 1892//1045 1890//1045 1891//1045
f 1894//1046 1895//1046 1892//1046
f 1894//1046 1892//1046 1891//1046
f 1887//1047 1875//1047 1876//1047
f 1888//1048 1889//1048 1875//1048
f 1888//1048 1875//1048 1887//1048
f 1889//1049 1888//1049 1884//1049
f 1889//1049 1884//1049 1883//1049
f 1896//1046 1897//1046 1892//1046
f 1896//1046 1892//1046 1895//1046
f 1902//1050 1903//1050 1878//1050
f 1902//1050 1878//1050 1877//1050
f 1903//1051 1902//1051 1897//1051
f 1903//1051 1897//1051 1896//1051
f 1894//1051 1900//1051 1899//1051
f 1894//1051 1899//1051 1895//1051
f 1900//1050 1901//1050 1898//1050
f 1900//1050 1898//1050 1899//1050
f 1873//1052 1898//1052 1901//1052
f 1873//1052 1901//1052 1874//1052
f 1871//1053 1872//1053 1869//1053
f 1871//1053 1869//1053 1870//1053
f 1866//1054 1871//1054 1870//1054
f 1866//1054 1870//1054 1867//1054
f 1862//1047 1865//1047 1868//1047
f 1864//1048 1865//1048 1862//1048
f 1864//1048 1862//1048 1863//1048
f 1863//1049 1866//1049 1867//1049
f 1863//1049 1867//1049 1864//1049
f 1872//1055 1873//1055 1874//1055
f 1872//1055 1874//1055 1869//1055
f 1885//1054 1886//1054 1883//1054
f 1885//1054 1883//1054 1884//1054
f 1886//1053 1885//1053 1882//1053
f 1886//1053 1882//1053 1881//1053
f 1881//1055 1882//1055 1880//1055
f 1881//1055 1880//1055 1879//1055
f 1868//1047 1876//1047 1875//1047
f 1868//1047 1875//1047 1862//1047
f 1879//1052 1880//1052 1877//1052
f 1879//1052 1877//1052 1878//1052
o Turret_01_havok_s_armor_2_6
v 0.581735 2.215823 -1.973127
v 0.553444 1.906367 -2.363689
v 0.992026 1.609300 -2.009869
v 0.514207 2.154899 -2.160232
v 0.491771 2.113946 -2.234872
v -0.605084 2.215823 -1.973127
v -0.993170 1.609300 -2.009869
v -0.603231 1.877557 -2.303716
v -0.579756 2.154899 -2.160232
v -0.574823 2.113946 -2.234872
v -0.572588 2.075301 -2.280779
v -0.575304 1.996299 -2.336107
v -0.572795 2.036997 -2.311224
v 0.488490 2.075301 -2.280779
v 0.529738 1.952360 -2.353581
v 0.497195 2.036997 -2.311224
v 0.509118 1.996299 -2.336107
vn 0.9660 -0.1755 0.1896
vn 0.9618 -0.1736 0.2119
vn -0.7858 -0.4884 0.3796
vn -0.7135 -0.5101 0.4804
vn -0.6570 -0.5239 0.5421
vn -0.7647 -0.4984 0.4085
vn 0.9662 -0.1720 0.1918
vn 0.9749 -0.1618 0.1532
vn -0.7217 -0.5161 0.4612
vn -0.7674 -0.4743 0.4314
vn -0.7015 -0.5145 0.4932
vn 0.7140 -0.4873 0.5027
vn 0.9654 -0.1796 0.1892
s 0
f 1911//1056 1915//1056 1916//1056
f 1911//1057 1916//1057 1914//1057
f 1917//1058 1918//1058 1905//1058
f 1917//1059 1905//1059 1908//1059
f 1919//1060 1920//1060 1918//1060
f 1919//1061 1918//1061 1917//1061
f 1911//1062 1914//1062 1913//1062
f 1911//1063 1913//1063 1912//1063
f 1904//1064 1905//1064 1906//1064
f 1905//1065 1904//1065 1907//1065
f 1905//1066 1907//1066 1908//1066
f 1909//1067 1910//1067 1911//1067
f 1909//1068 1911//1068 1912//1068
o Turret_01_havok_s_armor_6_7
v 0.514207 2.154899 -2.160232
v 0.581735 2.215823 -1.973127
v -0.605085 2.215823 -1.973127
v -0.579756 2.154899 -2.160232
vn -0.0000 -0.9509 0.3096
s 0
f 1923//1069 1924//1069 1921//1069
f 1923//1069 1921//1069 1922//1069
o Turret_01_havok_s_armor_11_8
v -0.620253 1.620234 -2.228490
v 0.623132 1.620234 -2.228490
v 0.609077 1.678175 -2.313810
v -0.608275 1.678175 -2.313810
vn -0.0000 0.8273 0.5618
s 0
f 1927//1070 1928//1070 1925//1070
f 1927//1070 1925//1070 1926//1070
o Turret_01_havok_s_armor_10_9
v -0.323053 1.538190 0.478136
v -0.348641 1.538190 0.573631
v -0.175494 1.538190 0.608072
v 0.000666 1.538190 0.520754
v 0.000667 1.538190 0.619618
v 0.176828 1.538190 0.608072
v 0.349976 1.538190 0.573631
v 0.324385 1.538190 0.478135
v -0.579860 1.538190 0.371763
v -0.650602 1.538190 0.450413
v -0.515811 1.538190 0.516885
v -0.883752 1.538190 0.154416
v -0.820930 1.538190 0.340724
v -0.953659 1.538190 0.224324
v -1.082522 1.538190 -0.104624
v -1.070059 1.538190 0.091595
v -1.168140 1.538190 -0.055192
v -1.207473 1.538190 -0.406283
v -1.246221 1.538190 -0.213525
v -1.302968 1.538190 -0.380696
v 0.885085 1.538190 0.154415
v 0.626045 1.538190 0.353184
v 0.822265 1.538190 0.340723
v 0.954994 1.538190 0.224323
v 0.675479 1.538190 0.438803
v 1.071394 1.538190 0.091594
v 1.083854 1.538190 -0.104625
v 0.517144 1.538190 0.516884
v 1.169473 1.538190 -0.055193
v 1.247554 1.538190 -0.213525
v 1.208805 1.538190 -0.406283
v 1.225224 1.538190 -0.530994
v 1.304301 1.538190 -0.380696
v 1.338742 1.538190 -0.530994
v 0.885086 1.561363 -1.614422
v 0.958275 1.561363 -1.985980
v 0.626046 1.561363 -1.813190
v 1.098444 1.561363 -1.906633
v 1.209767 1.561363 -1.699652
v 1.083854 1.561363 -1.355382
v 1.293933 1.561363 -1.477287
v 1.252679 1.561363 -1.588794
v 1.363497 1.561363 -1.128585
v 1.348013 1.561363 -1.245981
v 1.208805 1.561363 -1.053723
v 1.324795 1.561363 -1.362851
v 1.370992 1.561363 -0.891045
v 1.368032 1.561363 -1.009305
v 1.251424 1.561363 -0.730003
v 1.365404 1.561363 -0.730003
v 0.324387 1.561363 -1.938142
v 0.000666 1.561363 -1.980760
v -0.958514 1.561363 -1.985980
v -0.323053 1.561363 -1.938142
v -0.624712 1.561363 -1.813191
v -0.883752 1.561363 -1.614422
v -1.207473 1.561363 -1.053723
v -1.369742 1.561363 -1.009305
v -1.369576 1.561363 -0.891045
v -1.250090 1.561363 -0.730003
v -1.364027 1.561363 -0.730003
v -1.361955 1.561363 -1.129043
v -1.223891 1.538190 -0.530994
v -1.337409 1.538190 -0.530994
v -1.082522 1.561363 -1.355382
v -1.346881 1.561363 -1.245981
v -1.323100 1.561363 -1.362851
v -1.292873 1.561363 -1.477287
v -1.255260 1.561363 -1.588794
v -1.208897 1.561363 -1.699652
v -1.098099 1.561363 -1.906633
vn -0.0000 1.0000 -0.0000
s 0
f 1978//1071 1975//1071 1977//1071
f 1973//1071 1977//1071 1975//1071
f 1973//1071 1975//1071 1976//1071
f 1976//1071 1971//1071 1973//1071
f 1980//1071 1964//1071 1981//1071
f 1980//1071 1981//1071 1982//1071
f 1979//1071 1965//1071 1964//1071
f 1979//1071 1964//1071 1980//1071
f 1969//1071 1970//1071 1963//1071
f 1969//1071 1963//1071 1968//1071
f 1963//1071 1967//1071 1966//1071
f 1963//1071 1966//1071 1964//1071
f 1970//1071 1967//1071 1963//1071
f 1968//1071 1972//1071 1974//1071
f 1968//1071 1974//1071 1969//1071
f 1968//1071 1973//1071 1971//1071
f 1968//1071 1971//1071 1972//1071
f 1993//1071 1996//1071 1995//1071
f 1993//1071 1995//1071 1994//1071
f 1993//1071 1994//1071 1990//1071
f 1993//1071 1990//1071 1985//1071
f 1984//1071 1997//1071 1996//1071
f 1984//1071 1996//1071 1993//1071
f 1999//1071 1998//1071 1984//1071
f 1999//1071 1984//1071 1981//1071
f 1997//1071 1984//1071 1998//1071
f 1987//1071 1988//1071 1985//1071
f 1987//1071 1985//1071 1986//1071
f 1983//1071 1982//1071 1981//1071
f 1983//1071 1981//1071 1984//1071
f 1989//1071 1988//1071 1987//1071
f 1991//1071 1992//1071 1948//1071
f 1991//1071 1948//1071 1946//1071
f 1986//1071 1985//1071 1990//1071
f 1963//1071 1964//1071 1965//1071
f 1941//1071 1940//1071 1942//1071
f 1940//1071 1941//1071 1938//1071
f 1940//1071 1938//1071 1937//1071
f 1940//1071 1943//1071 1944//1071
f 1940//1071 1944//1071 1942//1071
f 1943//1071 1946//1071 1947//1071
f 1943//1071 1947//1071 1945//1071
f 1944//1071 1943//1071 1945//1071
f 1933//1071 1934//1071 1932//1071
f 1933//1071 1932//1071 1931//1071
f 1931//1071 1932//1071 1929//1071
f 1931//1071 1929//1071 1930//1071
f 1934//1071 1935//1071 1936//1071
f 1934//1071 1936//1071 1932//1071
f 1930//1071 1929//1071 1939//1071
f 1937//1071 1938//1071 1939//1071
f 1937//1071 1939//1071 1929//1071
f 1958//1071 1959//1071 1955//1071
f 1958//1071 1955//1071 1957//1071
f 1956//1071 1936//1071 1935//1071
f 1957//1071 1955//1071 1954//1071
f 1961//1071 1959//1071 1958//1071
f 1961//1071 1962//1071 1960//1071
f 1961//1071 1960//1071 1959//1071
f 1951//1071 1952//1071 1949//1071
f 1951//1071 1949//1071 1950//1071
f 1946//1071 1948//1071 1947//1071
f 1951//1071 1950//1071 1953//1071
f 1956//1071 1953//1071 1950//1071
f 1956//1071 1950//1071 1936//1071
f 1954//1071 1955//1071 1949//1071
f 1954//1071 1949//1071 1952//1071
o Turret_01_havok_s_armor_9_10
v -1.302968 1.606986 -0.380695
v -1.337409 1.587199 -0.530994
v -1.189239 1.768352 0.844996
v -1.246221 1.628994 -0.213525
v -1.223891 1.587199 -0.530994
v -1.250090 1.561363 -0.730003
v -1.364027 1.561363 -0.730003
v -1.070060 1.669164 0.091594
v -1.168139 1.649839 -0.055192
v -0.953659 1.686638 0.224323
v 0.675478 1.714875 0.438803
v 0.517144 1.725155 0.516884
v 1.190616 1.768352 0.844996
v 0.822265 1.701963 0.340723
v 0.349975 1.732626 0.573631
v 0.176828 1.737160 0.608072
v 1.071393 1.669164 0.091594
v 0.954993 1.686638 0.224323
v 1.169473 1.649839 -0.055193
v 1.365404 1.561363 -0.730003
v 1.338742 1.587199 -0.530994
v 1.251424 1.561363 -0.730003
v 1.225224 1.587199 -0.530994
v 1.304301 1.606986 -0.380695
v 1.247555 1.628994 -0.213525
v -0.175493 1.737160 0.608072
v -0.348640 1.732626 0.573631
v -0.515811 1.725155 0.516884
v 0.000667 1.738680 0.619618
v -0.650601 1.716404 0.450413
v -0.820930 1.701963 0.340724
vn -0.0000 0.9914 -0.1305
vn -0.0688 0.9881 -0.1375
vn -0.0000 0.9917 -0.1287
vn 0.0695 0.9881 -0.1376
s 0
f 2012//1072 2020//1072 2023//1072
f 2012//1072 2023//1072 2024//1072
f 2024//1072 2018//1072 2012//1072
f 2019//1073 2020//1073 2012//1073
f 2021//1074 2022//1074 2020//1074
f 2021//1074 2020//1074 2019//1074
f 2012//1072 2015//1072 2002//1072
f 2002//1072 2027//1072 2029//1072
f 2002//1072 2029//1072 2030//1072
f 2009//1072 2002//1072 2030//1072
f 2002//1072 2025//1072 2026//1072
f 2002//1072 2026//1072 2027//1072
f 2002//1072 2015//1072 2028//1072
f 2002//1072 2028//1072 2025//1072
f 2006//1075 2002//1075 2001//1075
f 2007//1072 2008//1072 2002//1072
f 2007//1072 2002//1072 2009//1072
f 2000//1072 2001//1072 2002//1072
f 2000//1072 2002//1072 2003//1072
f 2005//1074 2006//1074 2001//1074
f 2005//1074 2001//1074 2004//1074
f 2003//1072 2002//1072 2008//1072
f 2016//1072 2017//1072 2012//1072
f 2016//1072 2012//1072 2018//1072
f 2017//1072 2013//1072 2012//1072
f 2010//1072 2011//1072 2012//1072
f 2010//1072 2012//1072 2013//1072
f 2012//1072 2011//1072 2014//1072
f 2012//1072 2014//1072 2015//1072
o Turret_01_havok_s_armor_13_11
v -1.255260 1.561363 -1.588793
v -1.208897 1.561363 -1.699652
v -0.817681 2.276609 -1.559780
v -0.883752 1.538188 -1.614423
v -0.883752 1.561363 -1.614423
v -1.082521 1.561363 -1.355382
v -1.082521 1.538189 -1.355382
v -1.098099 1.561363 -1.906633
v -0.781351 2.264399 -1.643676
v 1.209767 1.561363 -1.699652
v 0.783993 2.264399 -1.643676
v 1.098444 1.561363 -1.906633
v 0.694417 2.241413 -1.803053
v 0.992025 1.609300 -2.009869
v 1.252678 1.561363 -1.588793
v 0.819402 2.276609 -1.559780
v 0.885085 1.561363 -1.614422
v 0.885085 1.538188 -1.614422
v 1.083855 1.538189 -1.355381
v 1.083855 1.561363 -1.355381
v -0.698573 2.241413 -1.803053
v -0.993170 1.609300 -2.009869
vn -0.8069 -0.5014 0.3123
vn -0.7090 -0.4974 0.4999
vn 0.7138 -0.4948 0.4957
vn -0.7934 -0.0000 0.6088
vn 0.7934 -0.0000 0.6088
vn 0.7980 -0.5018 0.3337
vn -0.7648 -0.4959 0.4113
vn 0.7647 -0.4976 0.4094
s 0
f 2045//1076 2046//1076 2040//1076
f 2043//1077 2044//1077 2042//1077
f 2051//1078 2038//1078 2052//1078
f 2049//1079 2050//1079 2047//1079
f 2049//1079 2047//1079 2048//1079
f 2036//1080 2037//1080 2034//1080
f 2036//1080 2034//1080 2035//1080
f 2031//1081 2032//1081 2033//1081
f 2040//1082 2041//1082 2042//1082
f 2032//1083 2038//1083 2039//1083
o Turret_01_havok_s_armor_14_12
v -0.993170 1.609300 -2.009869
v -0.610494 1.824734 -2.334043
v -0.603231 1.877557 -2.303716
v -0.958514 1.561363 -1.985980
v -0.620253 1.620235 -2.228490
v -0.629229 1.672881 -2.289502
v -1.098098 1.561363 -1.906633
v 0.627680 1.803984 -2.321994
v 0.648418 1.752204 -2.311806
v 0.992026 1.609300 -2.009869
v 0.553444 1.906367 -2.363689
v 0.647738 1.671409 -2.279295
v 0.623132 1.620235 -2.228490
v 0.958276 1.561363 -1.985980
v 1.098444 1.561363 -1.906633
vn -0.6849 -0.1334 0.7163
vn -0.7017 -0.2349 0.6726
vn -0.3263 0.7404 0.5877
vn -0.3883 0.6153 0.6860
vn 0.7125 -0.4205 0.5617
vn 0.3837 0.6189 0.6854
vn 0.3243 0.7393 0.5902
vn 0.3877 0.6201 0.6820
s 0
f 2060//1084 2061//1084 2062//1084
f 2060//1085 2062//1085 2063//1085
f 2062//1086 2064//1086 2065//1086
f 2062//1087 2065//1087 2066//1087
f 2062//1087 2066//1087 2067//1087
f 2053//1088 2054//1088 2055//1088
f 2053//1089 2056//1089 2057//1089
f 2053//1090 2057//1090 2058//1090
f 2053//1091 2059//1091 2056//1091
o Turret_01_havok_s_armor_15_13
v 1.225224 1.587199 -0.530994
v 1.225224 1.538190 -0.530994
v 1.338742 1.538190 -0.530994
v 1.338742 1.587199 -0.530994
v -1.337409 1.587199 -0.530994
v -1.337409 1.538190 -0.530994
v -1.223891 1.538190 -0.530994
v -1.223891 1.587199 -0.530994
v 0.626045 1.561363 -1.813190
v 0.626045 1.538188 -1.813190
v 0.885086 1.538188 -1.614422
v 0.885086 1.561363 -1.614422
v -0.624712 1.561363 -1.813191
v -0.624712 1.538188 -1.813191
v -0.323053 1.538188 -1.938142
v -0.323053 1.561363 -1.938142
v 0.000667 1.538188 -1.980760
v 0.000667 1.561363 -1.980760
v 0.324387 1.538188 -1.938142
v 0.324387 1.561363 -1.938142
v -0.883753 1.561363 -1.614423
v -0.883753 1.538188 -1.614423
vn -0.1305 -0.0000 0.9914
vn 0.1305 -0.0000 0.9914
vn 0.6088 -0.0000 0.7934
vn -0.3827 -0.0000 0.9239
vn -0.0000 -0.0000 1.0000
vn 0.3827 -0.0000 0.9239
vn -0.6088 -0.0000 0.7934
s 0
f 2086//1092 2087//1092 2085//1092
f 2086//1092 2085//1092 2084//1092
f 2084//1093 2085//1093 2083//1093
f 2084//1093 2083//1093 2082//1093
f 2088//1094 2089//1094 2081//1094
f 2088//1094 2081//1094 2080//1094
f 2087//1095 2086//1095 2077//1095
f 2087//1095 2077//1095 2076//1095
f 2074//1096 2075//1096 2072//1096
f 2074//1096 2072//1096 2073//1096
f 2070//1096 2071//1096 2068//1096
f 2070//1096 2068//1096 2069//1096
f 2082//1097 2083//1097 2080//1097
f 2082//1097 2080//1097 2081//1097
f 2078//1098 2079//1098 2076//1098
f 2078//1098 2076//1098 2077//1098
o Turret_01_havok_s_armor_17_14
v 0.647738 1.671409 -2.279295
v 0.609077 1.678175 -2.313810
v 0.623132 1.620234 -2.228490
v 0.648418 1.752204 -2.311806
v 0.612747 1.721122 -2.340576
v -0.608276 1.678175 -2.313810
v -0.629232 1.747602 -2.327983
v -0.629230 1.672881 -2.289502
v -0.620253 1.620234 -2.228490
v -0.580344 1.952360 -2.353581
v -0.575304 1.996299 -2.336107
v -0.603231 1.877557 -2.303716
v -0.585994 1.906367 -2.363689
v -0.610494 1.824734 -2.334043
v -0.593096 1.859161 -2.367278
v -0.604208 1.765525 -2.356399
v 0.627680 1.803984 -2.321994
v 0.553444 1.906367 -2.363689
v 0.570523 1.859161 -2.367278
v 0.589185 1.811853 -2.364659
v 0.604219 1.765525 -2.356399
vn 0.7859 -0.1437 0.6015
vn 0.9397 -0.2581 0.2245
vn 0.9664 -0.1606 0.2006
vn -0.7245 -0.1582 0.6709
vn -0.7405 -0.2578 0.6206
vn -0.7580 -0.3175 0.5698
vn -0.7330 0.2592 0.6289
vn -0.3731 0.7378 0.5625
vn 0.9663 -0.1626 0.1996
vn 0.9681 -0.1802 0.1740
vn 0.6753 0.3377 0.6557
vn 0.4520 0.7072 0.5437
s 0
f 2096//1099 2105//1099 2103//1099
f 2101//1100 2103//1100 2104//1100
f 2101//1101 2104//1101 2102//1101
f 2093//1102 2106//1102 2110//1102
f 2108//1103 2109//1103 2106//1103
f 2108//1104 2106//1104 2107//1104
f 2090//1105 2093//1105 2094//1105
f 2090//1106 2091//1106 2092//1106
f 2101//1107 2102//1107 2099//1107
f 2101//1108 2099//1108 2100//1108
f 2095//1109 2096//1109 2097//1109
f 2095//1110 2097//1110 2098//1110
o Turret_01_havok_s_armor_16_15
v -1.250091 1.561363 -0.730003
v -1.250091 1.538189 -0.730003
v -1.207473 1.538189 -1.053723
v -1.207473 1.561363 -1.053723
v -1.223891 1.587199 -0.530994
v -1.223891 1.538190 -0.530994
v 1.251423 1.538189 -0.730003
v 1.251423 1.561363 -0.730003
v 1.208805 1.561363 -1.053723
v 1.208805 1.538189 -1.053723
v 1.225223 1.538190 -0.530994
v 1.225223 1.587199 -0.530994
v 1.083854 1.561363 -1.355381
v 1.083854 1.538189 -1.355381
v -1.082521 1.538189 -1.355382
v -1.082521 1.561363 -1.355382
vn -0.9914 -0.0000 -0.1305
vn -0.9239 -0.0000 0.3827
vn 0.9239 -0.0000 0.3827
vn 0.9914 -0.0000 0.1305
vn 0.9914 -0.0000 -0.1305
vn -0.9914 -0.0000 0.1305
s 0
f 2121//1111 2122//1111 2118//1111
f 2121//1111 2118//1111 2117//1111
f 2123//1112 2124//1112 2120//1112
f 2123//1112 2120//1112 2119//1112
f 2125//1113 2126//1113 2114//1113
f 2125//1113 2114//1113 2113//1113
f 2113//1114 2114//1114 2111//1114
f 2113//1114 2111//1114 2112//1114
f 2111//1115 2115//1115 2116//1115
f 2111//1115 2116//1115 2112//1115
f 2119//1116 2120//1116 2117//1116
f 2119//1116 2117//1116 2118//1116
o Turret_01_havok_s_armor_18_16
v -0.218741 2.455998 -0.506257
v -0.207701 2.356001 -0.497452
v -0.266760 2.356001 -0.438394
v -0.275564 2.455998 -0.449434
v -0.337480 2.356001 -0.393957
v -0.343607 2.455998 -0.406680
v -0.328831 2.455998 -0.460287
v -0.328831 2.520632 -0.460287
v -0.228424 2.520632 -0.560690
v -0.228424 2.455998 -0.560690
v -0.416315 2.356001 -0.366372
v -0.419457 2.455998 -0.380139
v -0.499312 2.356001 -0.357021
v -0.499312 2.455998 -0.371141
v -0.462857 2.455998 -0.413389
v -0.462857 2.520632 -0.413389
v -0.175987 2.455998 -0.574299
v -0.163265 2.356001 -0.568172
v -0.149447 2.455998 -0.650149
v -0.135680 2.356001 -0.647007
v -0.149447 2.455998 -0.809858
v -0.135680 2.356001 -0.813000
v -0.126328 2.356001 -0.730004
v -0.140449 2.455998 -0.730003
v -0.181526 2.520631 -0.694719
v -0.214722 2.520631 -0.872763
v -0.214983 2.455998 -0.872611
v -0.181526 2.455998 -0.694719
v -0.723058 2.455998 -0.449434
v -0.731863 2.356001 -0.438394
v -0.790922 2.356001 -0.497453
v -0.779882 2.455998 -0.506257
v -0.655016 2.455998 -0.406680
v -0.661143 2.356001 -0.393957
v -0.724186 2.520632 -0.504835
v -0.603958 2.520632 -0.429289
v -0.603958 2.455998 -0.429289
v -0.724186 2.455998 -0.504835
v -0.579166 2.455998 -0.380139
v -0.582308 2.356001 -0.366372
v -0.835358 2.356001 -0.568172
v -0.822635 2.455998 -0.574299
v -0.862943 2.356001 -0.647007
v -0.849176 2.455998 -0.650149
v -0.858174 2.455998 -0.730003
v -0.872295 2.356001 -0.730004
v -0.862943 2.356001 -0.813000
v -0.849176 2.455998 -0.809858
v -0.799733 2.520631 -0.625063
v -0.799733 2.455998 -0.625063
v -0.815632 2.455998 -0.766165
v -0.815632 2.520631 -0.766165
v -0.309666 2.520631 -0.984869
v -0.309731 2.455998 -0.985015
v -0.255151 2.356001 -1.010004
v -0.207701 2.356001 -0.962555
v -0.218742 2.455998 -0.953751
v -0.275564 2.455998 -1.010574
v -0.266615 2.354355 -1.021796
v -0.163265 2.356001 -0.891835
v -0.175988 2.455998 -0.885709
v -0.162588 2.356001 -0.889900
v -0.383126 2.543718 -0.923815
v -0.383126 2.520677 -0.923815
v -0.289006 2.520677 -0.809904
v -0.289006 2.545549 -0.809905
v -0.343607 2.455998 -1.053328
v -0.336992 2.348034 -1.067064
v -0.419457 2.455998 -1.079869
v -0.415941 2.344095 -1.095274
v -0.499312 2.455997 -1.088866
v -0.499312 2.342758 -1.104857
v -0.579166 2.455998 -1.079869
v -0.582682 2.344095 -1.095274
v -0.534302 2.520662 -1.047495
v -0.534302 2.455997 -1.047495
v -0.393200 2.455998 -1.031597
v -0.393200 2.520662 -1.031597
v -0.782561 2.455998 -0.872396
v -0.687766 2.455998 -0.984635
v -0.687504 2.520631 -0.984720
v -0.782795 2.520631 -0.872156
v -0.743472 2.356001 -1.010004
v -0.723058 2.455998 -1.010574
v -0.779882 2.455998 -0.953751
v -0.790922 2.356001 -0.962555
v -0.732008 2.354355 -1.021796
v -0.822635 2.455998 -0.885709
v -0.835358 2.356001 -0.891835
v -0.836036 2.356001 -0.889897
v -0.707905 2.545931 -0.810088
v -0.707417 2.520677 -0.809599
v -0.614926 2.520677 -0.922411
v -0.614926 2.545412 -0.922411
v -0.661631 2.348034 -1.067064
v -0.655016 2.455998 -1.053328
vn -0.1109 -0.1390 0.9841
vn -0.3271 -0.1390 0.9347
vn -0.5269 -0.1390 0.8385
vn -0.4873 -0.0000 0.8732
vn -0.4882 -0.0015 0.8727
vn -0.1120 -0.0000 0.9937
vn 0.1109 -0.1390 0.9841
vn 0.6460 -0.0000 0.7634
vn -0.9347 -0.1390 0.3271
vn -0.8385 -0.1390 0.5269
vn -0.7003 -0.1390 0.7002
vn -0.6392 -0.0000 -0.7691
vn -0.7709 -0.0000 0.6370
vn 0.6514 -0.0000 -0.7587
vn 0.7703 -0.0000 0.6377
vn 0.7730 0.0272 0.6338
vn -0.6386 0.0026 0.7695
vn 0.3790 -0.0003 0.9254
vn 0.3792 -0.0000 0.9253
vn 0.3271 -0.1390 0.9347
vn 0.5269 -0.1390 0.8385
vn 0.9548 0.0024 0.2972
vn 0.9552 -0.0000 0.2959
vn 0.7002 -0.1390 0.7002
vn 0.7632 0.0004 0.6461
vn 0.7640 -0.0022 0.6452
vn 0.9348 -0.1390 0.3270
vn 0.9347 -0.1390 0.3271
vn 0.8385 -0.1390 0.5269
vn -0.9841 -0.1390 -0.1109
vn -0.9841 -0.1390 0.1109
vn -0.9347 -0.1390 -0.3271
vn 0.7002 -0.1390 -0.7002
vn -0.9439 -0.0000 -0.3303
vn -0.9828 -0.0000 0.1848
vn -0.9830 0.0044 0.1833
vn -0.8385 -0.1390 -0.5269
vn -0.7071 -0.0000 -0.7071
vn -0.5269 -0.1390 -0.8385
vn -0.7002 -0.1390 -0.7002
vn -0.3303 -0.0000 -0.9439
vn -0.1109 -0.1390 -0.9841
vn -0.3271 -0.1390 -0.9347
vn 0.8467 -0.0000 -0.5320
vn 0.9841 -0.1390 -0.1109
vn 0.9841 -0.1390 0.1109
vn -0.7002 -0.1390 0.7002
vn -0.7646 -0.0007 0.6445
vn -0.7631 0.0046 0.6463
vn 0.9937 -0.0000 -0.1120
vn 0.9347 -0.1390 -0.3271
vn 0.3271 -0.1390 -0.9347
vn 0.5320 -0.0000 -0.8467
vn 0.5269 -0.1390 -0.8385
vn 0.8385 -0.1390 -0.5269
vn 0.1120 -0.0000 -0.9937
vn 0.1109 -0.1390 -0.9841
s 0
f 2197//1117 2198//1117 2196//1117
f 2197//1117 2196//1117 2195//1117
f 2195//1118 2196//1118 2194//1118
f 2195//1118 2194//1118 2193//1118
f 2193//1119 2194//1119 2185//1119
f 2193//1119 2185//1119 2184//1119
f 2204//1120 2203//1120 2180//1120
f 2204//1121 2180//1121 2179//1121
f 2203//1122 2204//1122 2201//1122
f 2203//1122 2201//1122 2202//1122
f 2197//1123 2199//1123 2200//1123
f 2197//1123 2200//1123 2198//1123
f 2192//1124 2191//1124 2152//1124
f 2147//1125 2187//1125 2188//1125
f 2147//1125 2188//1125 2148//1125
f 2186//1126 2187//1126 2183//1126
f 2186//1126 2183//1126 2182//1126
f 2185//1127 2181//1127 2184//1127
f 2189//1128 2179//1128 2190//1128
f 2191//1129 2192//1129 2189//1129
f 2191//1129 2189//1129 2190//1129
f 2186//1125 2188//1125 2187//1125
f 2220//1130 2219//1130 2207//1130
f 2219//1131 2220//1131 2217//1131
f 2219//1132 2217//1132 2218//1132
f 2217//1133 2208//1133 2218//1133
f 2207//1134 2206//1134 2202//1134
f 2207//1135 2202//1135 2201//1135
f 2199//1136 2222//1136 2221//1136
f 2199//1136 2221//1136 2200//1136
f 2213//1137 2221//1137 2222//1137
f 2213//1137 2222//1137 2210//1137
f 2177//1138 2205//1138 2208//1138
f 2177//1139 2208//1139 2178//1139
f 2213//1140 2210//1140 2209//1140
f 2211//1140 2212//1140 2209//1140
f 2211//1140 2209//1140 2210//1140
f 2207//1141 2208//1141 2205//1141
f 2207//1142 2205//1142 2206//1142
f 2215//1143 2214//1143 2216//1143
f 2216//1144 2214//1144 2174//1144
f 2216//1144 2174//1144 2173//1144
f 2214//1145 2215//1145 2212//1145
f 2214//1145 2212//1145 2211//1145
f 2150//1146 2149//1146 2146//1146
f 2150//1146 2146//1146 2145//1146
f 2149//1147 2150//1147 2147//1147
f 2149//1147 2147//1147 2148//1147
f 2145//1148 2146//1148 2144//1148
f 2145//1148 2144//1148 2143//1148
f 2157//1149 2158//1149 2155//1149
f 2157//1149 2155//1149 2156//1149
f 2151//1150 2154//1150 2136//1150
f 2151//1150 2136//1150 2135//1150
f 2153//1151 2154//1151 2151//1151
f 2153//1152 2151//1152 2152//1152
f 2143//1153 2144//1153 2128//1153
f 2143//1153 2128//1153 2127//1153
f 2135//1154 2136//1154 2133//1154
f 2135//1154 2133//1154 2134//1154
f 2131//1155 2132//1155 2130//1155
f 2131//1155 2130//1155 2129//1155
f 2129//1156 2130//1156 2127//1156
f 2129//1156 2127//1156 2128//1156
f 2141//1157 2142//1157 2134//1157
f 2141//1157 2134//1157 2133//1157
f 2139//1158 2140//1158 2138//1158
f 2139//1158 2138//1158 2137//1158
f 2137//1159 2138//1159 2132//1159
f 2137//1159 2132//1159 2131//1159
f 2164//1160 2176//1160 2175//1160
f 2164//1160 2175//1160 2161//1160
f 2172//1161 2171//1161 2170//1161
f 2172//1161 2170//1161 2169//1161
f 2173//1162 2174//1162 2171//1162
f 2173//1162 2171//1162 2172//1162
f 2183//1163 2184//1163 2181//1163
f 2183//1163 2181//1163 2182//1163
f 2179//1164 2180//1164 2153//1164
f 2179//1165 2153//1165 2152//1165
f 2177//1166 2178//1166 2175//1166
f 2177//1166 2175//1166 2176//1166
f 2169//1167 2170//1167 2168//1167
f 2169//1167 2168//1167 2167//1167
f 2165//1168 2166//1168 2160//1168
f 2165//1168 2160//1168 2159//1168
f 2163//1169 2164//1169 2161//1169
f 2163//1169 2161//1169 2162//1169
f 2159//1170 2160//1170 2156//1170
f 2159//1170 2156//1170 2155//1170
f 2167//1171 2168//1171 2158//1171
f 2167//1171 2158//1171 2157//1171
f 2141//1172 2163//1172 2162//1172
f 2141//1172 2162//1172 2142//1172
f 2166//1173 2165//1173 2140//1173
f 2166//1173 2140//1173 2139//1173
o Turret_01_havok_s_armor_19_17
v 0.718705 2.477998 -0.511987
v 0.767704 2.477998 -0.575843
v 0.767704 2.415849 -0.575843
v 0.718705 2.415849 -0.511987
v 0.694665 2.495498 -0.536027
v 0.738260 2.495498 -0.592842
v 0.738260 2.477998 -0.592842
v 0.694665 2.477998 -0.536028
v 0.654849 2.477998 -0.462988
v 0.654849 2.415849 -0.462989
v 0.717985 2.356001 -0.435577
v 0.717985 2.415849 -0.435578
v 0.778053 2.415849 -0.491312
v 0.778053 2.356001 -0.491312
v 0.824213 2.415849 -0.559016
v 0.824213 2.356001 -0.559016
v 0.798505 2.477998 -0.650204
v 0.798505 2.415849 -0.650204
v 0.809011 2.477998 -0.730004
v 0.809011 2.415849 -0.730004
v 0.765665 2.495498 -0.659003
v 0.765665 2.477998 -0.659003
v 0.775012 2.495498 -0.730004
v 0.775012 2.477998 -0.730004
v 0.854150 2.415849 -0.635294
v 0.854150 2.356001 -0.635294
v 0.866363 2.415849 -0.716321
v 0.866363 2.356001 -0.716321
v 0.637850 2.495498 -0.492432
v 0.637850 2.477998 -0.492432
v 0.571689 2.477998 -0.465027
v 0.571689 2.495498 -0.465027
v 0.500688 2.477998 -0.455680
v 0.500688 2.495498 -0.455680
v 0.580488 2.477998 -0.432187
v 0.580488 2.415849 -0.432187
v 0.500688 2.477998 -0.421681
v 0.500688 2.415849 -0.421681
v 0.568719 2.356001 -0.370453
v 0.568719 2.415849 -0.370453
v 0.647021 2.415849 -0.394606
v 0.647021 2.356001 -0.394606
v 0.487006 2.356001 -0.364330
v 0.487006 2.415849 -0.364330
v 0.261997 2.415849 -0.452639
v 0.261997 2.356001 -0.452639
v 0.206262 2.356001 -0.512707
v 0.206262 2.415849 -0.512707
v 0.329701 2.415849 -0.406480
v 0.329701 2.356001 -0.406479
v 0.405979 2.415849 -0.376543
v 0.405979 2.356001 -0.376543
v 0.346527 2.415849 -0.462989
v 0.346527 2.477998 -0.462989
v 0.420889 2.477998 -0.432187
v 0.420889 2.415849 -0.432187
v 0.429688 2.495498 -0.465027
v 0.429688 2.477998 -0.465028
v 0.363526 2.477998 -0.492432
v 0.363526 2.495498 -0.492433
v 0.282671 2.477998 -0.511987
v 0.282671 2.415849 -0.511987
v 0.306712 2.495498 -0.536028
v 0.306712 2.477998 -0.536027
v 0.202872 2.415849 -0.650204
v 0.202872 2.477998 -0.650204
v 0.233673 2.477998 -0.575843
v 0.233673 2.415849 -0.575843
v 0.192366 2.415849 -0.730004
v 0.192366 2.477998 -0.730004
v 0.263117 2.477998 -0.592842
v 0.235712 2.477998 -0.659003
v 0.235712 2.495498 -0.659003
v 0.263117 2.495498 -0.592842
v 0.226365 2.477998 -0.730004
v 0.226365 2.495498 -0.730004
v 0.141138 2.356001 -0.661973
v 0.141138 2.415849 -0.661973
v 0.165291 2.415849 -0.583671
v 0.165291 2.356001 -0.583671
v 0.135014 2.356001 -0.743686
v 0.135014 2.415849 -0.743686
v 0.637850 2.477998 -0.967576
v 0.694665 2.477998 -0.923980
v 0.694665 2.495498 -0.923980
v 0.637850 2.495498 -0.967575
v 0.738260 2.477998 -0.867166
v 0.738260 2.495498 -0.867166
v 0.718705 2.415849 -0.948021
v 0.718705 2.477998 -0.948021
v 0.654849 2.477998 -0.997019
v 0.654849 2.415849 -0.997019
v 0.580488 2.477998 -1.027821
v 0.580488 2.415849 -1.027821
v 0.500688 2.477998 -1.038327
v 0.500688 2.415849 -1.038326
v 0.571689 2.477998 -0.994980
v 0.571689 2.495498 -0.994980
v 0.500688 2.495498 -1.004328
v 0.500688 2.477998 -1.004328
v 0.671676 2.415848 -1.053528
v 0.671676 2.349926 -1.053528
v 0.735514 2.356001 -1.010004
v 0.739380 2.415848 -1.007368
v 0.595398 2.415848 -1.083465
v 0.595398 2.345748 -1.083465
v 0.514371 2.415848 -1.095678
v 0.514371 2.344043 -1.095678
v 0.432658 2.415849 -1.089555
v 0.432658 2.344898 -1.089555
v 0.739380 2.356001 -1.007368
v 0.795115 2.356001 -0.947300
v 0.795115 2.415849 -0.947300
v 0.828253 2.356001 -0.889903
v 0.836086 2.415849 -0.876336
v 0.836086 2.356001 -0.876336
v 0.860239 2.356001 -0.798034
v 0.860239 2.415849 -0.798034
v 0.767704 2.477998 -0.884165
v 0.767704 2.415849 -0.884165
v 0.798505 2.415849 -0.809804
v 0.798505 2.477998 -0.809804
v 0.765665 2.477998 -0.801004
v 0.765665 2.495498 -0.801004
v 0.306712 2.477998 -0.923980
v 0.306712 2.495498 -0.923980
v 0.263117 2.495498 -0.867166
v 0.263117 2.477998 -0.867165
v 0.363527 2.477998 -0.967575
v 0.363527 2.495498 -0.967575
v 0.346527 2.415849 -0.997019
v 0.346527 2.477998 -0.997019
v 0.282671 2.477998 -0.948021
v 0.282671 2.415849 -0.948021
v 0.420889 2.415849 -1.027821
v 0.420889 2.477998 -1.027821
v 0.429688 2.477998 -0.994980
v 0.429688 2.495498 -0.994980
v 0.283392 2.353987 -1.024430
v 0.354356 2.348268 -1.065401
v 0.354356 2.415849 -1.065401
v 0.283392 2.415849 -1.024430
v 0.267844 2.356001 -1.010004
v 0.233673 2.415849 -0.884165
v 0.233673 2.477998 -0.884165
v 0.202872 2.477998 -0.809804
v 0.202872 2.415849 -0.809804
v 0.235712 2.495498 -0.801004
v 0.235712 2.477998 -0.801004
v 0.172811 2.356001 -0.889901
v 0.177164 2.415849 -0.900992
v 0.147227 2.415849 -0.824713
v 0.147227 2.356001 -0.824713
v 0.177164 2.356001 -0.900992
v 0.223324 2.415849 -0.968695
v 0.223324 2.356001 -0.968695
vn -0.9556 -0.0000 0.2948
vn -0.9972 -0.0000 0.0747
vn -0.8660 -0.0000 0.5000
vn -0.5633 -0.0000 0.8262
vn -0.9914 -0.0000 0.1305
vn -0.7934 -0.0000 0.6088
vn -0.9239 -0.0000 0.3827
vn -0.3827 -0.0000 0.9239
vn -0.1305 -0.0000 0.9914
vn -0.6088 -0.0000 0.7934
vn 0.0747 -0.0000 0.9972
vn -0.7331 -0.0000 0.6802
vn -0.1490 -0.0000 0.9888
vn -0.3653 -0.0000 0.9309
vn 0.9914 -0.0000 0.1305
vn 0.9309 -0.0000 0.3653
vn 0.9239 -0.0000 0.3827
vn 0.8262 -0.0000 0.5633
vn 0.7934 -0.0000 0.6088
vn 0.6802 -0.0000 0.7331
vn 0.9888 -0.0000 0.1490
vn 0.3827 -0.0000 0.9239
vn 0.1305 -0.0000 0.9914
vn 0.6088 -0.0000 0.7934
vn 0.6802 -0.0000 0.7330
vn 0.2948 -0.0000 0.9556
vn 0.5000 -0.0000 0.8660
vn -0.6088 -0.0000 -0.7934
vn -0.3827 -0.0000 -0.9239
vn -0.1305 -0.0000 -0.9914
vn -0.9888 -0.0000 -0.1490
vn -0.5000 -0.0000 -0.8660
vn 0.7331 -0.0000 -0.6802
vn -0.0747 -0.0000 -0.9972
vn -0.2948 -0.0000 -0.9556
vn -0.6802 -0.0000 -0.7331
vn -0.8262 -0.0000 -0.5633
vn -0.7934 -0.0000 -0.6088
vn -0.7933 -0.0000 -0.6088
vn -0.9914 -0.0000 -0.1305
vn -0.9309 -0.0000 -0.3653
vn -0.9239 -0.0000 -0.3827
vn 0.7934 -0.0000 -0.6088
vn 0.9914 -0.0000 -0.1305
vn 0.9239 -0.0000 -0.3827
vn 0.8660 -0.0000 -0.5000
vn 0.9556 -0.0000 -0.2948
vn 0.9972 -0.0000 -0.0747
vn 0.3827 -0.0000 -0.9239
vn 0.1305 -0.0000 -0.9914
vn 0.1490 -0.0000 -0.9888
vn 0.5633 -0.0000 -0.8262
vn 0.3653 -0.0000 -0.9309
vn 0.6088 -0.0000 -0.7934
s 0
f 2339//1174 2340//1174 2337//1174
f 2339//1174 2337//1174 2338//1174
f 2340//1175 2339//1175 2250//1175
f 2340//1175 2250//1175 2249//1175
f 2338//1176 2337//1176 2336//1176
f 2333//1177 2326//1177 2325//1177
f 2336//1176 2337//1176 2335//1176
f 2336//1176 2335//1176 2334//1176
f 2346//1178 2345//1178 2246//1178
f 2346//1178 2246//1178 2245//1178
f 2342//1179 2341//1179 2312//1179
f 2342//1179 2312//1179 2311//1179
f 2345//1180 2346//1180 2310//1180
f 2345//1180 2310//1180 2309//1180
f 2343//1180 2344//1180 2341//1180
f 2343//1180 2341//1180 2342//1180
f 2241//1178 2344//1178 2343//1178
f 2241//1178 2343//1178 2242//1178
f 2308//1181 2320//1181 2319//1181
f 2308//1181 2319//1181 2305//1181
f 2321//1182 2322//1182 2319//1182
f 2321//1182 2319//1182 2320//1182
f 2317//1182 2318//1182 2316//1182
f 2317//1182 2316//1182 2315//1182
f 2313//1183 2314//1183 2311//1183
f 2313//1183 2311//1183 2312//1183
f 2315//1181 2316//1181 2314//1181
f 2315//1181 2314//1181 2313//1181
f 2329//1184 2331//1184 2332//1184
f 2329//1184 2332//1184 2330//1184
f 2334//1185 2335//1185 2326//1185
f 2334//1185 2326//1185 2333//1185
f 2329//1186 2330//1186 2328//1186
f 2329//1186 2328//1186 2327//1186
f 2325//1177 2326//1177 2323//1177
f 2325//1177 2323//1177 2324//1177
f 2327//1187 2328//1187 2324//1187
f 2327//1187 2324//1187 2323//1187
f 2371//1188 2370//1188 2298//1188
f 2371//1188 2298//1188 2297//1188
f 2374//1189 2375//1189 2372//1189
f 2374//1189 2372//1189 2373//1189
f 2370//1190 2371//1190 2350//1190
f 2370//1190 2350//1190 2349//1190
f 2368//1190 2369//1190 2366//1190
f 2368//1190 2366//1190 2367//1190
f 2369//1188 2368//1188 2292//1188
f 2369//1188 2292//1188 2291//1188
f 2378//1191 2377//1191 2373//1191
f 2378//1191 2373//1191 2376//1191
f 2367//1192 2366//1192 2356//1192
f 2367//1192 2356//1192 2355//1192
f 2377//1193 2378//1193 2365//1193
f 2377//1193 2365//1193 2364//1193
f 2376//1189 2373//1189 2372//1189
f 2375//1194 2374//1194 2304//1194
f 2375//1194 2304//1194 2303//1194
f 2357//1195 2358//1195 2354//1195
f 2357//1195 2354//1195 2353//1195
f 2358//1196 2357//1196 2318//1196
f 2358//1196 2318//1196 2317//1196
f 2355//1197 2356//1197 2353//1197
f 2355//1197 2353//1197 2354//1197
f 2349//1192 2350//1192 2347//1192
f 2349//1192 2347//1192 2348//1192
f 2351//1197 2352//1197 2348//1197
f 2351//1197 2348//1197 2347//1197
f 2361//1198 2364//1198 2365//1198
f 2331//1199 2363//1199 2362//1199
f 2331//1199 2362//1199 2332//1199
f 2363//1200 2364//1200 2361//1200
f 2363//1200 2361//1200 2362//1200
f 2359//1195 2360//1195 2352//1195
f 2359//1195 2352//1195 2351//1195
f 2360//1196 2359//1196 2322//1196
f 2360//1196 2322//1196 2321//1196
f 2252//1201 2251//1201 2227//1201
f 2252//1201 2227//1201 2230//1201
f 2232//1202 2258//1202 2257//1202
f 2232//1202 2257//1202 2231//1202
f 2255//1203 2256//1203 2254//1203
f 2255//1203 2254//1203 2253//1203
f 2249//1204 2250//1204 2248//1204
f 2249//1204 2248//1204 2247//1204
f 2253//1202 2254//1202 2251//1202
f 2253//1202 2251//1202 2252//1202
f 2264//1205 2263//1205 2234//1205
f 2264//1205 2234//1205 2233//1205
f 2269//1206 2270//1206 2267//1206
f 2269//1206 2267//1206 2268//1206
f 2265//1207 2266//1207 2262//1207
f 2265//1207 2262//1207 2261//1207
f 2258//1203 2260//1203 2259//1203
f 2258//1203 2259//1203 2257//1203
f 2263//1208 2264//1208 2261//1208
f 2263//1208 2261//1208 2262//1208
f 2235//1209 2236//1209 2233//1209
f 2235//1209 2233//1209 2234//1209
f 2237//1210 2238//1210 2236//1210
f 2237//1210 2236//1210 2235//1210
f 2226//1201 2232//1201 2231//1201
f 2226//1201 2231//1201 2223//1201
f 2225//1211 2226//1211 2223//1211
f 2225//1211 2223//1211 2224//1211
f 2229//1211 2230//1211 2227//1211
f 2229//1212 2227//1212 2228//1212
f 2245//1213 2246//1213 2244//1213
f 2245//1213 2244//1213 2243//1213
f 2247//1214 2248//1214 2238//1214
f 2247//1214 2238//1214 2237//1214
f 2228//1215 2243//1215 2244//1215
f 2228//1215 2244//1215 2229//1215
f 2239//1215 2240//1215 2225//1215
f 2239//1215 2225//1215 2224//1215
f 2241//1213 2242//1213 2240//1213
f 2241//1213 2240//1213 2239//1213
f 2290//1216 2289//1216 2283//1216
f 2290//1216 2283//1216 2284//1216
f 2286//1216 2293//1216 2296//1216
f 2286//1216 2296//1216 2285//1216
f 2297//1217 2298//1217 2295//1217
f 2297//1217 2295//1217 2294//1217
f 2291//1217 2292//1217 2288//1217
f 2291//1217 2288//1217 2287//1217
f 2295//1218 2296//1218 2293//1218
f 2295//1218 2293//1218 2294//1218
f 2307//1183 2308//1183 2305//1183
f 2307//1183 2305//1183 2306//1183
f 2309//1179 2310//1179 2307//1179
f 2309//1179 2307//1179 2306//1179
f 2302//1219 2301//1219 2270//1219
f 2302//1219 2270//1219 2269//1219
f 2301//1220 2302//1220 2299//1220
f 2301//1220 2299//1220 2300//1220
f 2303//1221 2304//1221 2300//1221
f 2303//1221 2300//1221 2299//1221
f 2277//1222 2278//1222 2275//1222
f 2277//1222 2275//1222 2276//1222
f 2260//1223 2278//1223 2277//1223
f 2260//1223 2277//1223 2259//1223
f 2274//1224 2273//1224 2266//1224
f 2274//1224 2266//1224 2265//1224
f 2271//1225 2272//1225 2268//1225
f 2271//1225 2268//1225 2267//1225
f 2273//1226 2274//1226 2272//1226
f 2273//1226 2272//1226 2271//1226
f 2281//1227 2286//1227 2285//1227
f 2281//1227 2285//1227 2282//1227
f 2289//1218 2290//1218 2287//1218
f 2289//1218 2287//1218 2288//1218
f 2275//1227 2284//1227 2283//1227
f 2275//1227 2283//1227 2276//1227
f 2281//1222 2282//1222 2279//1222
f 2281//1222 2279//1222 2280//1222
f 2255//1223 2280//1223 2279//1223
f 2255//1223 2279//1223 2256//1223
o Turret_01_havok_s_armor_20_18
v -0.601086 2.545549 -0.541746
v -0.603959 2.520632 -0.429289
v -0.724186 2.520632 -0.504835
v -0.681702 2.545549 -0.618280
v -0.799733 2.520631 -0.625063
v -0.328831 2.520632 -0.460287
v -0.462857 2.520632 -0.413389
v -0.493004 2.545549 -0.515776
v -0.386418 2.545549 -0.547323
v -0.309884 2.545549 -0.627939
v -0.228424 2.520632 -0.560690
v -0.181526 2.520631 -0.694719
v -0.283911 2.545549 -0.736017
v -0.815632 2.520631 -0.766165
v -0.713253 2.545549 -0.724871
v -0.782795 2.520631 -0.872156
v -0.707905 2.545931 -0.810088
v -0.289006 2.545549 -0.809905
v -0.214722 2.520631 -0.872763
v -0.393200 2.520662 -1.031597
v -0.309666 2.520631 -0.984869
v -0.383126 2.543718 -0.923815
v -0.504158 2.545549 -0.945114
v -0.534302 2.520662 -1.047495
v -0.614926 2.545412 -0.922411
v -0.687504 2.520631 -0.984720
vn -0.2779 -0.9592 0.0518
vn -0.2428 -0.9699 0.0167
vn 0.2588 -0.9626 0.0802
vn 0.2326 -0.9725 0.0102
vn 0.2470 -0.9686 -0.0278
vn 0.2096 -0.9758 -0.0620
vn 0.1061 -0.9602 0.2583
vn 0.0469 -0.9737 0.2229
vn -0.0275 -0.9695 0.2437
vn -0.0523 -0.9755 0.2136
vn -0.1226 -0.9681 0.2185
vn -0.0687 -0.9702 -0.2323
vn -0.0752 -0.9738 -0.2148
vn 0.2120 -0.9681 -0.1332
vn 0.1501 -0.9759 -0.1581
vn 0.1327 -0.9684 -0.2112
vn -0.2163 -0.9749 -0.0520
vn -0.2302 -0.9698 -0.0805
vn -0.1669 -0.9732 -0.1584
vn -0.1674 -0.9716 -0.1674
vn 0.0275 -0.9694 -0.2440
vn 0.0516 -0.9753 -0.2148
s 0
f 2396//1228 2397//1228 2390//1228
f 2396//1229 2390//1229 2391//1229
f 2392//1230 2394//1230 2395//1230
f 2392//1231 2395//1231 2393//1231
f 2383//1232 2392//1232 2393//1232
f 2383//1233 2393//1233 2382//1233
f 2403//1234 2404//1234 2402//1234
f 2403//1235 2402//1235 2401//1235
f 2401//1236 2402//1236 2398//1236
f 2400//1237 2401//1237 2398//1237
f 2400//1238 2398//1238 2399//1238
f 2386//1239 2387//1239 2384//1239
f 2386//1240 2384//1240 2385//1240
f 2382//1241 2381//1241 2383//1241
f 2381//1242 2382//1242 2379//1242
f 2381//1243 2379//1243 2380//1243
f 2388//1244 2391//1244 2390//1244
f 2388//1245 2390//1245 2389//1245
f 2387//1246 2388//1246 2389//1246
f 2387//1247 2389//1247 2384//1247
f 2386//1248 2385//1248 2380//1248
f 2386//1249 2380//1249 2379//1249
o Turret_01_havok_s_armor_21_19
v -1.323100 1.561363 -1.362851
v -1.292872 1.561363 -1.477287
v -0.873093 2.302076 -1.384758
v -1.255260 1.561363 -1.588793
v -0.848347 2.289194 -1.473278
v 1.324795 1.561363 -1.362851
v 0.874725 2.302076 -1.384758
v 1.293933 1.561363 -1.477287
v 0.850119 2.289194 -1.473278
v 1.252678 1.561363 -1.588793
vn -0.8356 -0.5010 0.2253
vn -0.8135 -0.4977 0.3010
vn 0.8364 -0.5016 0.2209
vn 0.8195 -0.5020 0.2764
s 0
f 2410//1250 2411//1250 2412//1250
f 2412//1251 2413//1251 2414//1251
f 2405//1252 2406//1252 2407//1252
f 2406//1253 2408//1253 2409//1253
o Turret_01_havok_s_armor_22_20
v 1.368032 1.561363 -1.009305
v 0.911782 2.341572 -1.113341
v 1.363497 1.561363 -1.128585
v 0.905638 2.328357 -1.204155
v 1.348013 1.561363 -1.245981
v 1.370992 1.561363 -0.891045
v 0.911872 2.356001 -1.010004
v -1.369576 1.561363 -0.891045
v -1.369742 1.561363 -1.009305
v -0.910496 2.356001 -1.010004
v -1.361955 1.561363 -1.129042
v -0.910464 2.341572 -1.113341
v -1.346881 1.561363 -1.245981
v -0.904197 2.328357 -1.204155
v -1.323100 1.561363 -1.362851
v -0.891740 2.315264 -1.294835
v 0.893275 2.315366 -1.294835
v 1.324795 1.561363 -1.362851
vn 0.8582 -0.5013 0.1106
vn 0.8637 -0.5009 0.0562
vn -0.8489 -0.5010 0.1686
vn 0.8481 -0.5009 0.1726
vn -0.8580 -0.5010 0.1132
vn -0.8647 -0.5013 0.0329
vn 0.8658 -0.5004 -0.0012
vn -0.8671 -0.4977 0.0217
s 0
f 2425//1254 2427//1254 2428//1254
f 2423//1255 2425//1255 2426//1255
f 2419//1256 2431//1256 2432//1256
f 2427//1257 2429//1257 2430//1257
f 2417//1258 2418//1258 2419//1258
f 2415//1259 2416//1259 2417//1259
f 2422//1260 2423//1260 2424//1260
f 2420//1261 2421//1261 2415//1261
o Turret_01_havok_s_surveyingDevice_21
v -0.500142 2.432044 -1.279515
v -0.539196 2.428967 -1.273340
v -0.578487 2.432044 -1.279515
v -0.539196 2.457136 -1.280201
v -0.581564 2.648763 -1.003728
v -0.417537 2.648763 -1.003728
v -0.440023 2.671252 -1.003728
v -0.559078 2.671252 -1.003728
v -0.581564 2.648763 -0.904253
v -0.559078 2.671252 -0.904253
v -0.440023 2.671252 -0.904253
v -0.417537 2.648763 -0.904253
v -0.651624 2.566265 -0.948846
v -0.741566 2.566265 -0.841824
v -0.718607 2.566265 -0.822615
v -0.628665 2.566265 -0.929637
v -0.257061 2.566265 -0.841824
v -0.347004 2.566265 -0.948846
v -0.280020 2.566265 -0.822615
v -0.369963 2.566265 -0.929637
v -0.641919 2.480453 -1.474349
v -0.659908 2.480453 -1.439361
v -0.621091 2.480453 -1.496302
v -0.666062 2.480453 -1.400257
v -0.659908 2.472760 -1.361153
v -0.466059 2.494302 -1.496302
v -0.458485 2.480453 -1.496302
v -0.412567 2.480453 -1.400257
v -0.418721 2.480453 -1.439361
v -0.418721 2.472760 -1.361153
v -0.436709 2.455124 -1.325479
v -0.436709 2.480453 -1.474349
v -0.464875 2.441039 -1.297352
v -0.489964 2.463883 -1.292549
v -0.449490 2.486845 -1.328223
v -0.539196 2.472287 -1.293235
v -0.588664 2.463883 -1.292549
v -0.613753 2.441039 -1.297352
v -0.641919 2.455124 -1.325479
v -0.469846 2.532296 -1.450337
v -0.455644 2.532296 -1.413292
v -0.622984 2.532296 -1.413292
v -0.500852 2.532296 -1.475721
v -0.539196 2.532296 -1.486011
v -0.577776 2.532296 -1.475721
v -0.453514 2.532296 -1.383792
v -0.625115 2.532296 -1.383792
v -0.434579 2.518329 -1.433873
v -0.450200 2.518329 -1.464744
v -0.429372 2.518329 -1.400257
v -0.604049 2.518329 -1.488755
v -0.608783 2.532296 -1.450337
v -0.628428 2.518329 -1.464744
v -0.644050 2.518329 -1.433873
v -0.649257 2.518329 -1.400257
v -0.573279 2.518329 -1.504534
v -0.577776 2.494302 -1.518255
v -0.539196 2.494302 -1.524429
v -0.539196 2.518329 -1.510023
v -0.505349 2.518329 -1.504534
v -0.500852 2.494302 -1.518255
v -0.474580 2.518329 -1.488755
v -0.613280 2.494302 -1.496302
v -0.649020 2.513595 -1.370757
v -0.637186 2.491343 -1.335083
v -0.625115 2.529100 -1.367327
v -0.614700 2.502114 -1.332339
v -0.429608 2.513595 -1.370757
v -0.463929 2.502114 -1.332339
v -0.453514 2.529100 -1.367327
v -0.500852 2.479388 -1.302840
v -0.577776 2.479388 -1.302840
v -0.500163 2.317194 -1.279517
v -0.536725 2.317974 -1.274275
v -0.539690 2.318039 -1.273839
v -0.578461 2.317234 -1.279516
v -0.581665 2.534023 -1.004042
v -0.581665 2.534023 -0.978393
v -0.581665 2.535201 -0.974014
v -0.581665 2.545453 -0.929228
v -0.581665 2.545624 -0.904041
v -0.417591 2.534023 -1.004042
v -0.417591 2.545103 -0.904041
v -0.417591 2.544239 -0.929880
v -0.417591 2.534023 -0.976545
v -0.651577 2.520655 -0.949146
v -0.741566 2.520655 -0.841898
v -0.708289 2.520675 -0.813977
v -0.618457 2.520676 -0.921354
v -0.306240 2.520656 -0.900507
v -0.257061 2.520656 -0.841898
v -0.290336 2.520676 -0.813977
v -0.380327 2.520677 -0.921223
v -0.347054 2.520656 -0.949146
v -0.659799 2.294147 -1.439152
v -0.641804 2.289021 -1.474469
v -0.621022 2.285877 -1.496075
v -0.666000 2.299768 -1.400004
v -0.659799 2.305447 -1.360855
v -0.458425 2.285878 -1.496075
v -0.412623 2.299829 -1.400004
v -0.418930 2.294124 -1.439360
v -0.418824 2.305505 -1.360855
v -0.437726 2.310588 -1.325368
v -0.436819 2.289021 -1.474469
v -0.464846 2.314561 -1.297511
v -0.640831 2.310628 -1.325151
v -0.613777 2.314634 -1.297511
vn 0.1368 -0.5094 0.8496
vn 0.1359 -0.5103 0.8492
vn -0.1367 -0.5104 0.8490
vn -0.1377 -0.5093 0.8495
vn 0.9059 -0.3996 0.1403
vn 0.9048 -0.4014 0.1424
vn 0.4976 -0.8640 0.0771
vn 0.4825 -0.8752 0.0348
vn 0.8170 -0.4020 0.4134
vn 0.8162 -0.3971 0.4196
vn -0.0000 1.0000 -0.0000
vn -0.2325 -0.8605 0.4534
vn 0.0807 -0.8616 0.5012
vn 0.1195 -0.8860 0.4481
vn -0.0813 -0.8615 0.5011
vn -0.1203 -0.8858 0.4482
vn -0.4175 -0.4037 0.8141
vn -0.4610 -0.5035 0.7307
vn -0.0000 -0.0000 1.0000
vn 0.4483 -0.8646 0.2269
vn 0.4286 -0.8885 0.1643
vn -0.0000 -1.0000 -0.0000
vn 0.4540 0.0001 -0.8910
vn 0.4515 0.0010 -0.8922
vn 0.8828 0.0056 -0.4698
vn 0.8929 -0.0002 -0.4503
vn -0.8190 -0.3968 0.4144
vn -0.8144 -0.4017 0.4187
vn 0.3524 -0.8648 0.3578
vn 0.2934 -0.8863 0.3584
vn -0.4975 -0.8640 0.0771
vn -0.4825 -0.8752 0.0348
vn -0.9050 -0.4016 0.1402
vn -0.9055 -0.3998 0.1425
vn -0.4483 -0.8646 0.2269
vn -0.4286 -0.8885 0.1643
vn -0.0001 -0.7921 -0.6104
vn 0.0002 -0.7918 -0.6108
vn -0.0000 -0.7918 -0.6107
vn -0.5532 -0.8178 -0.1587
vn -0.5637 -0.8148 -0.1353
vn -0.4790 -0.6204 -0.6211
vn -0.4888 -0.6172 -0.6166
vn -0.9117 -0.4045 -0.0722
vn -0.9326 -0.2969 -0.2052
vn -0.0000 -0.9817 -0.1905
vn -0.0902 -0.5939 -0.7994
vn 0.5377 -0.2811 -0.7949
vn 0.3547 -0.5474 -0.7580
vn -0.2029 -0.6364 -0.7442
vn -0.3594 -0.5442 -0.7581
vn 0.0088 -0.7868 -0.6171
vn -0.0031 -0.7980 -0.6026
vn 0.0898 -0.5937 -0.7996
vn 0.2029 -0.6364 -0.7442
vn -0.7557 -0.3340 -0.5633
vn -0.7543 -0.3519 -0.5543
vn 0.4761 -0.4248 0.7700
vn 0.3924 -0.5104 0.7652
vn -0.6625 -0.3971 0.6352
vn -0.6618 -0.3620 0.6565
vn 0.6293 -0.4424 0.6389
vn 0.2325 -0.8605 0.4534
vn 0.6715 -0.3977 0.6252
vn 0.6714 -0.3787 0.6370
vn -0.6344 -0.4273 0.6441
vn 0.9620 -0.2684 -0.0508
vn 0.8920 -0.3958 -0.2183
vn 0.5532 -0.8178 -0.1587
vn 0.5637 -0.8148 -0.1353
vn 0.3962 -0.6662 -0.6318
vn 0.5027 -0.6487 -0.5714
vn -0.3524 -0.8648 0.3578
vn -0.2934 -0.8863 0.3584
vn 0.8155 -0.3294 -0.4760
vn 0.8108 -0.2467 -0.5308
vn -0.7072 -0.7071 -0.0000
vn 0.7661 -0.0010 0.6428
vn 0.7655 -0.0035 0.6434
vn -1.0000 0.0004 -0.0001
vn -1.0000 0.0005 -0.0000
vn -0.0000 -0.0000 -1.0000
vn 0.6428 0.0003 -0.7661
vn 0.6417 0.0012 -0.7670
vn -0.7660 -0.0010 0.6428
vn -0.7655 -0.0023 0.6434
vn -0.6428 0.0003 -0.7660
vn -0.6417 0.0012 -0.7670
vn -0.6428 -0.0048 0.7660
vn -0.6417 -0.0057 0.7669
vn -0.7370 -0.2770 -0.6166
vn -0.7342 -0.2831 -0.6171
vn -0.0000 -0.0020 -1.0000
vn -0.0000 -0.0021 -1.0000
vn -0.1337 -0.2345 -0.9629
vn 0.1330 -0.2345 -0.9630
vn 0.1448 0.0038 -0.9895
vn 0.1552 -0.0000 -0.9879
vn -0.1419 -0.0000 -0.9899
vn -0.1565 0.0048 -0.9877
vn -0.1454 0.0051 -0.9894
vn 1.0000 -0.0009 -0.0000
vn -0.0000 -0.0027 1.0000
vn 0.7072 -0.7071 -0.0000
vn 1.0000 -0.0011 0.0003
vn 1.0000 -0.0010 0.0002
vn 1.0000 -0.0010 -0.0000
vn -0.7165 0.0007 -0.6976
vn -0.7077 0.0044 -0.7065
vn -0.4877 -0.3693 -0.7910
vn -0.5930 -0.3035 -0.7458
vn -0.7071 0.0006 0.7071
vn -0.7100 -0.0000 0.7042
vn -0.8822 0.0058 -0.4708
vn -0.8929 -0.0003 -0.4503
vn -0.8910 0.0002 0.4540
vn -0.8893 0.0010 0.4572
vn -0.4540 0.0001 -0.8910
vn -0.4515 0.0010 -0.8923
vn 0.5259 -0.4224 -0.7382
vn 0.3887 -0.2399 -0.8896
vn 0.7146 0.0007 -0.6995
vn 0.7075 0.0037 -0.7067
vn 0.1882 -0.3200 -0.9285
vn 0.0998 -0.6489 -0.7543
vn -0.1891 -0.3197 -0.9285
vn -0.1003 -0.6489 -0.7542
vn -0.3887 -0.2399 -0.8896
vn -0.9877 0.0003 -0.1565
vn -0.9878 0.0001 -0.1554
vn 0.6428 -0.0048 0.7660
vn 0.6417 -0.0058 0.7669
vn 0.8910 0.0002 0.4540
vn 0.8893 0.0010 0.4572
vn -0.7660 -0.0034 0.6428
vn 0.7347 -0.2831 -0.6165
vn 0.7347 -0.2810 -0.6175
vn 0.7208 0.0011 0.6931
vn 0.7254 -0.0000 0.6883
vn -0.0000 0.0012 1.0000
vn -0.9874 0.0011 0.1581
vn -0.9878 0.0005 0.1555
vn 0.0008 0.0005 1.0000
vn -0.0001 0.0012 1.0000
vn 0.9877 0.0008 0.1563
vn 0.9878 0.0006 0.1555
vn 0.9877 0.0004 -0.1565
vn 0.9878 0.0001 -0.1554
s 0
f 2490//1262 2491//1262 2488//1262
f 2490//1263 2488//1263 2489//1263
f 2490//1264 2493//1264 2492//1264
f 2490//1265 2492//1265 2491//1265
f 2454//1266 2486//1266 2487//1266
f 2454//1267 2487//1267 2456//1267
f 2487//1268 2486//1268 2474//1268
f 2487//1269 2474//1269 2479//1269
f 2485//1270 2486//1270 2454//1270
f 2485//1271 2454//1271 2453//1271
f 2458//1272 2493//1272 2490//1272
f 2458//1272 2490//1272 2489//1272
f 2494//1273 2475//1273 2492//1273
f 2488//1274 2491//1274 2476//1274
f 2488//1275 2476//1275 2477//1275
f 2476//1276 2491//1276 2492//1276
f 2476//1277 2492//1277 2475//1277
f 2458//1278 2494//1278 2492//1278
f 2458//1279 2492//1279 2493//1279
f 2495//1280 2455//1280 2458//1280
f 2495//1272 2458//1272 2489//1272
f 2486//1281 2485//1281 2484//1281
f 2486//1282 2484//1282 2474//1282
f 2474//1283 2477//1283 2476//1283
f 2474//1283 2476//1283 2475//1283
f 2478//1283 2479//1283 2474//1283
f 2478//1283 2474//1283 2473//1283
f 2474//1283 2475//1283 2472//1283
f 2474//1283 2472//1283 2473//1283
f 2435//1284 2508//1284 2540//1284
f 2435//1285 2540//1285 2470//1285
f 2471//1286 2539//1286 2531//1286
f 2471//1287 2531//1287 2457//1287
f 2480//1288 2481//1288 2464//1288
f 2480//1289 2464//1289 2461//1289
f 2484//1290 2485//1290 2483//1290
f 2484//1291 2483//1291 2477//1291
f 2477//1283 2474//1283 2484//1283
f 2473//1292 2480//1292 2482//1292
f 2473//1293 2482//1293 2478//1293
f 2460//1294 2482//1294 2480//1294
f 2460//1295 2480//1295 2461//1295
f 2472//1296 2481//1296 2480//1296
f 2472//1297 2480//1297 2473//1297
f 2498//1298 2501//1298 2503//1298
f 2498//1299 2503//1299 2499//1299
f 2502//1300 2501//1300 2498//1300
f 2500//1301 2502//1301 2478//1301
f 2500//1302 2478//1302 2482//1302
f 2467//1303 2501//1303 2502//1303
f 2467//1304 2502//1304 2500//1304
f 2500//1305 2482//1305 2460//1305
f 2500//1306 2460//1306 2462//1306
f 2502//1307 2498//1307 2479//1307
f 2502//1307 2479//1307 2478//1307
f 2503//1308 2466//1308 2468//1308
f 2469//1309 2471//1309 2497//1309
f 2469//1310 2497//1310 2499//1310
f 2466//1311 2503//1311 2501//1311
f 2466//1312 2501//1312 2467//1312
f 2468//1313 2504//1313 2499//1313
f 2468//1314 2499//1314 2503//1314
f 2504//1315 2468//1315 2469//1315
f 2504//1316 2469//1316 2499//1316
f 2467//1317 2500//1317 2462//1317
f 2467//1318 2462//1318 2463//1318
f 2483//1319 2495//1319 2489//1319
f 2483//1320 2489//1320 2488//1320
f 2464//1321 2481//1321 2458//1321
f 2464//1322 2458//1322 2459//1322
f 2495//1323 2483//1323 2485//1323
f 2488//1324 2477//1324 2483//1324
f 2495//1325 2485//1325 2453//1325
f 2495//1326 2453//1326 2455//1326
f 2458//1327 2481//1327 2494//1327
f 2487//1328 2496//1328 2457//1328
f 2487//1329 2457//1329 2456//1329
f 2479//1330 2498//1330 2496//1330
f 2479//1331 2496//1331 2487//1331
f 2498//1332 2499//1332 2497//1332
f 2498//1333 2497//1333 2496//1333
f 2494//1334 2481//1334 2472//1334
f 2494//1335 2472//1335 2475//1335
f 2457//1336 2496//1336 2497//1336
f 2457//1337 2497//1337 2471//1337
f 2444//1338 2443//1338 2439//1338
f 2444//1338 2439//1338 2438//1338
f 2446//1339 2519//1339 2518//1339
f 2446//1340 2518//1340 2445//1340
f 2517//1341 2516//1341 2438//1341
f 2517//1342 2438//1342 2514//1342
f 2443//1343 2444//1343 2441//1343
f 2443//1343 2441//1343 2442//1343
f 2438//1342 2516//1342 2515//1342
f 2438//1342 2515//1342 2444//1342
f 2447//1344 2520//1344 2519//1344
f 2447//1345 2519//1345 2446//1345
f 2522//1346 2523//1346 2449//1346
f 2522//1347 2449//1347 2450//1347
f 2523//1348 2524//1348 2451//1348
f 2523//1349 2451//1349 2449//1349
f 2518//1350 2521//1350 2448//1350
f 2518//1351 2448//1351 2445//1351
f 2448//1283 2447//1283 2446//1283
f 2448//1283 2446//1283 2445//1283
f 2448//1352 2521//1352 2520//1352
f 2448//1353 2520//1353 2447//1353
f 2444//1354 2515//1354 2513//1354
f 2444//1355 2513//1355 2441//1355
f 2436//1356 2433//1356 2434//1356
f 2436//1357 2434//1357 2435//1357
f 2439//1280 2440//1280 2437//1280
f 2439//1280 2437//1280 2438//1280
f 2434//1358 2507//1358 2508//1358
f 2434//1359 2508//1359 2435//1359
f 2433//1360 2505//1360 2506//1360
f 2433//1361 2506//1361 2434//1361
f 2507//1362 2434//1362 2506//1362
f 2441//1363 2510//1363 2509//1363
f 2441//1363 2509//1363 2437//1363
f 2443//1283 2442//1283 2440//1283
f 2443//1283 2440//1283 2439//1283
f 2509//1364 2514//1364 2438//1364
f 2509//1364 2438//1364 2437//1364
f 2442//1365 2441//1365 2437//1365
f 2442//1365 2437//1365 2440//1365
f 2511//1366 2510//1366 2441//1366
f 2511//1367 2441//1367 2512//1367
f 2512//1368 2441//1368 2513//1368
f 2536//1369 2538//1369 2465//1369
f 2536//1370 2465//1370 2463//1370
f 2465//1371 2466//1371 2467//1371
f 2465//1372 2467//1372 2463//1372
f 2459//1373 2532//1373 2537//1373
f 2459//1374 2537//1374 2464//1374
f 2535//1375 2536//1375 2463//1375
f 2535//1376 2463//1376 2462//1376
f 2464//1377 2537//1377 2534//1377
f 2464//1378 2534//1378 2461//1378
f 2538//1379 2505//1379 2433//1379
f 2538//1380 2433//1380 2465//1380
f 2470//1381 2471//1381 2469//1381
f 2470//1382 2469//1382 2435//1382
f 2470//1383 2540//1383 2539//1383
f 2470//1384 2539//1384 2471//1384
f 2436//1385 2435//1385 2469//1385
f 2436//1386 2469//1386 2468//1386
f 2466//1387 2433//1387 2436//1387
f 2466//1388 2436//1388 2468//1388
f 2433//1389 2466//1389 2465//1389
f 2533//1390 2535//1390 2462//1390
f 2533//1391 2462//1391 2460//1391
f 2452//1392 2525//1392 2526//1392
f 2452//1393 2526//1393 2450//1393
f 2527//1394 2528//1394 2453//1394
f 2527//1395 2453//1395 2454//1395
f 2526//1396 2522//1396 2450//1396
f 2449//1283 2451//1283 2452//1283
f 2449//1283 2452//1283 2450//1283
f 2451//1397 2524//1397 2525//1397
f 2451//1398 2525//1398 2452//1398
f 2528//1399 2529//1399 2455//1399
f 2528//1400 2455//1400 2453//1400
f 2532//1401 2459//1401 2529//1401
f 2461//1402 2534//1402 2533//1402
f 2461//1403 2533//1403 2460//1403
f 2529//1404 2459//1404 2458//1404
f 2529//1405 2458//1405 2455//1405
f 2530//1406 2527//1406 2454//1406
f 2530//1407 2454//1407 2456//1407
f 2457//1408 2531//1408 2530//1408
f 2457//1409 2530//1409 2456//1409
o Turret_01_havok_s_armor_23_22
v -0.629232 1.747602 -2.327983
v -0.610493 1.824734 -2.334043
v -0.993170 1.609300 -2.009869
v -0.629230 1.672881 -2.289502
v 0.992026 1.609300 -2.009869
v 0.648418 1.752204 -2.311806
v 0.647738 1.671409 -2.279295
vn -0.5487 0.3161 0.7740
vn 0.6771 -0.1073 0.7280
vn 0.5164 0.3921 0.7613
s 0
f 2545//1410 2546//1410 2547//1410
f 2541//1411 2542//1411 2543//1411
f 2541//1412 2543//1412 2544//1412
o Turret_01_havok_s_armor_24_23
v -0.698573 2.241413 -1.803053
v -0.781352 2.264399 -1.643676
v -1.098099 1.561363 -1.906633
v -0.817681 2.276609 -1.559780
v -1.208897 1.561363 -1.699652
v 0.783992 2.264399 -1.643676
v 0.694417 2.241413 -1.803053
v 1.098444 1.561363 -1.906633
v 1.209768 1.561363 -1.699652
v 0.819401 2.276609 -1.559780
v 0.581735 2.215823 -1.973127
v 0.992026 1.609300 -2.009869
v -0.993171 1.609300 -2.009869
v -0.605084 2.215823 -1.973127
vn -0.7704 -0.4983 0.3977
vn -0.6871 -0.4969 0.5300
vn 0.7281 -0.4946 0.4746
vn 0.7360 -0.5016 0.4546
vn 0.7667 -0.4985 0.4046
vn -0.7214 -0.5014 0.4777
s 0
f 2556//1413 2557//1413 2553//1413
f 2554//1414 2558//1414 2559//1414
f 2548//1415 2560//1415 2561//1415
f 2548//1416 2549//1416 2550//1416
f 2551//1417 2552//1417 2549//1417
f 2553//1418 2554//1418 2555//1418
o Turret_01_havok_s_armor_25_24
v -0.891740 2.315264 -1.294835
v -1.323100 1.561363 -1.362851
v -0.873093 2.302076 -1.384758
v -1.292872 1.561363 -1.477287
v -0.848347 2.289194 -1.473278
v -1.255260 1.561363 -1.588793
v -0.817680 2.276609 -1.559780
v 0.893275 2.315366 -1.294835
v 0.874725 2.302076 -1.384758
v 1.324795 1.561363 -1.362851
v 1.293933 1.561363 -1.477287
v 0.850119 2.289194 -1.473278
v 0.819402 2.276609 -1.559780
v 1.252678 1.561363 -1.588793
vn -0.8317 -0.4981 0.2452
vn -0.8141 -0.4980 0.2988
vn -0.7936 -0.4951 0.3538
vn 0.8317 -0.4980 0.2455
vn 0.8134 -0.4984 0.2999
vn 0.7916 -0.4986 0.3532
s 0
f 2569//1419 2570//1419 2571//1419
f 2572//1420 2570//1420 2573//1420
f 2573//1421 2574//1421 2575//1421
f 2562//1422 2563//1422 2564//1422
f 2564//1423 2565//1423 2566//1423
f 2566//1424 2567//1424 2568//1424
o Turret_01_havok_s_armor_26_25
v -1.369742 1.561363 -1.009305
v -0.910464 2.341572 -1.113341
v -0.910496 2.356001 -1.010004
v -1.361955 1.561363 -1.129043
v -0.904197 2.328357 -1.204155
v -0.910337 2.356001 -0.889897
v -1.369576 1.561363 -0.891045
v 0.911713 2.356001 -0.889904
v 0.911872 2.356001 -1.010004
v 1.370992 1.561363 -0.891045
v 0.911782 2.341572 -1.113341
v 1.368032 1.561363 -1.009305
v 0.905638 2.328357 -1.204155
v 1.363497 1.561363 -1.128585
v 0.893275 2.315366 -1.294835
v 1.348013 1.561363 -1.245981
v -1.346881 1.561363 -1.245981
v -0.891740 2.315264 -1.294835
vn -0.8569 -0.4987 0.1305
vn -0.8652 -0.4966 0.0701
vn 0.8461 -0.4986 0.1882
vn -0.8465 -0.4984 0.1868
vn 0.8568 -0.4985 0.1317
vn 0.8637 -0.4991 0.0700
vn -0.8658 -0.5004 -0.0011
vn 0.8658 -0.5004 -0.0011
s 0
f 2586//1425 2588//1425 2589//1425
f 2584//1426 2586//1426 2587//1426
f 2580//1427 2592//1427 2593//1427
f 2588//1428 2590//1428 2591//1428
f 2577//1429 2579//1429 2580//1429
f 2576//1430 2577//1430 2578//1430
f 2583//1431 2584//1431 2585//1431
f 2581//1432 2582//1432 2578//1432
o Turret_01_havok_s_armor_27_26
v -0.620253 1.620234 -2.228490
v -0.958514 1.561363 -1.985980
v 0.958276 1.561363 -1.985980
v 0.623131 1.620234 -2.228490
vn -0.0000 0.9718 0.2359
s 0
f 2596//1433 2597//1433 2594//1433
f 2596//1433 2594//1433 2595//1433
o Turret_01_havok_s_armor_28_27
v 0.647738 1.671409 -2.279295
v 0.612747 1.721122 -2.340576
v 0.609077 1.678175 -2.313810
v -0.629232 1.747602 -2.327983
v -0.608276 1.678175 -2.313810
v -0.609751 1.721122 -2.340576
v -0.604208 1.765525 -2.356399
v 0.648418 1.752204 -2.311806
v 0.604219 1.765525 -2.356399
v 0.627680 1.803984 -2.321994
v 0.589185 1.811853 -2.364659
v -0.610494 1.824734 -2.334043
v -0.597448 1.811853 -2.364659
v -0.593096 1.859161 -2.367278
vn -0.7480 -0.1266 0.6515
vn 0.9088 -0.0607 0.4128
vn 0.9091 -0.0592 0.4123
vn -0.6861 0.1237 0.7170
vn -0.5365 0.4789 0.6948
vn 0.7920 0.3423 0.5055
vn 0.6853 0.1671 0.7089
s 0
f 2607//1434 2608//1434 2606//1434
f 2610//1435 2611//1435 2609//1435
f 2610//1436 2609//1436 2604//1436
f 2605//1437 2606//1437 2599//1437
f 2598//1438 2599//1438 2600//1438
f 2601//1439 2602//1439 2603//1439
f 2601//1440 2603//1440 2604//1440
o Hull_havok_s_armor_1_0
v -0.492103 1.541000 -2.467614
v -0.909312 1.137747 -3.217585
v -0.311095 1.265625 -2.979725
v -0.909312 0.915998 -3.629996
v -1.442636 1.541000 -2.467613
v -1.653245 1.137750 -3.217578
v 0.910689 1.137747 -3.217585
v 0.312481 1.265628 -2.979721
v 0.910689 0.915998 -3.629996
v 1.654560 1.137748 -3.217583
v 1.444641 1.541000 -2.467613
v 0.497410 1.541000 -2.467613
vn -0.0000 -0.8808 0.4736
vn -0.0000 -0.8807 0.4736
vn -0.0000 -0.8808 0.4735
s 0
f 2620//1441 2618//1441 2615//1441
f 2622//1441 2623//1441 2618//1441
f 2622//1441 2618//1441 2621//1441
f 2623//1442 2619//1442 2618//1442
f 2615//1443 2618//1443 2619//1443
f 2615//1441 2619//1441 2614//1441
f 2612//1442 2613//1442 2614//1442
f 2615//1441 2614//1441 2613//1441
f 2616//1441 2617//1441 2613//1441
f 2616//1441 2613//1441 2612//1441
o Hull_havok_s_armor_2_1
v -0.909312 0.506269 -3.220266
v -0.409311 0.435998 -3.149995
v 0.910688 0.915998 -3.629996
v -0.909312 0.915998 -3.629996
v 0.410688 0.435998 -3.149995
v 0.910688 0.505645 -3.221427
vn 0.0030 0.7056 0.7086
vn -0.0000 0.7071 0.7071
s 0
f 2628//1444 2629//1444 2626//1444
f 2628//1445 2626//1445 2625//1445
f 2626//1445 2627//1445 2624//1445
f 2626//1445 2624//1445 2625//1445
o Hull_havok_s_armor_3_2
v 0.910688 0.506282 3.245878
v 0.910688 0.916003 3.395005
v 0.910688 1.137747 -3.217586
v 0.910688 0.505645 -3.221426
v 0.910688 1.137751 3.165424
v -0.909312 0.506282 3.245878
v -0.909312 0.506269 -3.220266
v -0.909312 1.137747 -3.217586
v -0.909312 0.916003 3.395005
v -0.909312 1.137751 3.165424
v 0.910688 0.915998 -3.629996
v -0.909312 0.915998 -3.629996
vn 1.0000 -0.0000 -0.0000
vn -1.0000 -0.0000 -0.0000
s 0
f 2638//1446 2637//1446 2639//1446
f 2640//1447 2633//1447 2632//1447
f 2641//1446 2637//1446 2636//1446
f 2632//1447 2633//1447 2630//1447
f 2632//1447 2630//1447 2631//1447
f 2632//1447 2631//1447 2634//1447
f 2637//1446 2638//1446 2635//1446
f 2637//1446 2635//1446 2636//1446
o Hull_havok_s_armor_4_3
v -0.909312 0.506283 3.245877
v -0.909312 0.916003 3.395005
v 0.910688 0.916003 3.395005
v -0.409311 0.436003 3.220298
v 0.910688 0.506283 3.245877
v 0.410688 0.436003 3.220298
vn -0.0000 0.3420 -0.9397
s 0
f 2644//1448 2646//1448 2647//1448
f 2644//1448 2647//1448 2645//1448
f 2644//1448 2645//1448 2642//1448
f 2644//1448 2642//1448 2643//1448
o Hull_havok_s_armor_5_4
v 1.125688 1.541002 2.750004
v -1.124312 1.541002 2.750004
v -1.124312 1.541002 0.830003
v 1.125688 1.541002 0.830003
v -0.323053 1.541002 0.478135
v 0.000667 1.541002 0.520754
v 0.324386 1.541002 0.478135
v 0.626045 1.541002 0.353184
v 0.885085 1.541002 0.154415
v -0.624712 1.541002 0.353185
v -0.883752 1.541002 0.154416
v -1.082521 1.541002 -0.104625
v -0.883752 1.541002 -1.614423
v -1.082521 1.541002 -1.355382
v -1.442636 1.541000 -2.467612
v -0.492102 1.541000 -2.467614
v -0.624712 1.541002 -1.813191
v -0.323053 1.541002 -1.938142
v 0.497411 1.541000 -2.467612
v 0.000667 1.541002 -1.980760
v 0.324386 1.541002 -1.938142
v 0.626045 1.541002 -1.813190
v -1.207473 1.541002 -1.053723
v -1.250091 1.541002 -0.730003
v -1.207473 1.541002 -0.406283
v -1.443264 1.541002 0.830003
v 1.444640 1.541000 -2.467613
v 1.444640 1.541002 0.830003
v 1.251423 1.541002 -0.730003
v 1.208805 1.541002 -0.406283
v 1.083853 1.541002 -0.104625
v 1.208805 1.541002 -1.053723
v 1.083855 1.541002 -1.355382
v 0.885085 1.541002 -1.614423
vn -0.0000 -1.0000 -0.0000
vn -0.0001 -1.0000 -0.0000
s 0
f 2662//1449 2671//1449 2650//1449
f 2662//1449 2650//1449 2673//1449
f 2651//1450 2676//1450 2674//1450
f 2651//1449 2674//1449 2675//1449
f 2662//1449 2661//1449 2670//1449
f 2662//1449 2670//1449 2671//1449
f 2672//1449 2659//1449 2650//1449
f 2672//1449 2650//1449 2671//1449
f 2677//1449 2676//1449 2651//1449
f 2677//1449 2651//1449 2678//1449
f 2681//1449 2674//1449 2680//1449
f 2674//1449 2681//1449 2669//1449
f 2674//1449 2669//1449 2666//1449
f 2656//1449 2678//1449 2651//1449
f 2674//1449 2676//1449 2679//1449
f 2674//1449 2679//1449 2680//1449
f 2668//1449 2667//1449 2666//1449
f 2668//1449 2666//1449 2669//1449
f 2651//1449 2652//1449 2653//1449
f 2651//1449 2653//1449 2654//1449
f 2651//1449 2654//1449 2655//1449
f 2651//1449 2655//1449 2656//1449
f 2650//1449 2651//1449 2648//1449
f 2650//1449 2648//1449 2649//1449
f 2650//1449 2652//1449 2651//1449
f 2657//1449 2652//1449 2650//1449
f 2657//1449 2650//1449 2658//1449
f 2664//1449 2660//1449 2663//1449
f 2664//1449 2663//1449 2665//1449
f 2666//1449 2667//1449 2665//1449
f 2666//1449 2665//1449 2663//1449
f 2659//1449 2658//1449 2650//1449
f 2662//1449 2663//1449 2660//1449
f 2662//1449 2660//1449 2661//1449
o Hull_havok_s_armor_10_5
v -0.409312 0.435998 -3.149995
v -0.409312 0.436003 3.220298
v 0.410688 0.436003 3.220298
v 0.410688 0.435998 -3.149995
vn -0.0000 1.0000 -0.0000
s 0
f 2684//1451 2685//1451 2682//1451
f 2684//1451 2682//1451 2683//1451
o Hull_havok_s_armor_9_6
v -1.124311 1.137750 0.830003
v -0.909312 1.137747 -3.217585
v -1.653245 1.137750 -3.217577
v -1.653182 1.137753 0.830003
v 1.654560 1.137747 -3.217582
v 0.910688 1.137747 -3.217585
v 1.125688 1.137750 0.830003
v 1.654561 1.137751 0.830003
v 1.125688 1.137751 3.165424
v 0.910688 1.137751 3.165424
v -1.124311 1.137751 3.165424
v -0.909312 1.137751 3.165424
vn -0.0000 1.0000 -0.0000
s 0
f 2691//1452 2695//1452 2694//1452
f 2691//1452 2694//1452 2692//1452
f 2696//1452 2697//1452 2687//1452
f 2696//1452 2687//1452 2686//1452
f 2688//1452 2689//1452 2686//1452
f 2688//1452 2686//1452 2687//1452
f 2692//1452 2693//1452 2690//1452
f 2692//1452 2690//1452 2691//1452
o Hull_havok_s_armor_7_7
v 1.654561 1.137751 0.830003
v 1.444640 1.541002 0.830003
v 1.444640 1.541000 -2.467613
v 1.654560 1.137747 -3.217583
v -1.653182 1.137753 0.830003
v -1.653245 1.137750 -3.217578
v -1.442636 1.541001 -2.467613
v -1.443264 1.541002 0.830003
vn 0.8870 -0.4617 0.0002
vn 0.8864 -0.4629 -0.0000
vn -0.8870 -0.4617 -0.0000
vn -0.8870 -0.4618 -0.0000
s 0
f 2704//1453 2705//1453 2702//1453
f 2704//1454 2702//1454 2703//1454
f 2700//1455 2701//1455 2698//1455
f 2700//1456 2698//1456 2699//1456
o Hull_havok_s_armor_11_8
v -0.409311 0.435998 -3.149996
v -0.909312 0.506269 -3.220266
v -0.909312 0.506283 3.245877
v -0.409311 0.436003 3.220298
v 0.910688 0.506283 3.245877
v 0.910688 0.505645 -3.221427
v 0.410688 0.435998 -3.149996
v 0.410688 0.436003 3.220298
vn -0.1392 0.9903 -0.0000
vn -0.1380 0.9904 -0.0001
vn 0.1392 0.9903 -0.0000
s 0
f 2712//1457 2713//1457 2710//1457
f 2712//1458 2710//1458 2711//1458
f 2708//1459 2709//1459 2706//1459
f 2708//1459 2706//1459 2707//1459
o Hull_havok_s_armor_6_9
v 0.283776 1.490997 -2.905101
v -0.283009 1.490999 -2.905103
v -0.311095 1.265624 -2.979725
v 0.312481 1.265628 -2.979721
vn -0.0000 -0.3143 0.9493
s 0
f 2716//1460 2717//1460 2714//1460
f 2716//1460 2714//1460 2715//1460
o Hull_havok_s_armor_12_10
v -1.124312 1.137751 3.165424
v -1.124312 1.541002 2.750004
v -0.909312 1.137751 3.165424
v 1.125688 1.541002 2.750004
v 0.910689 1.137751 3.165424
v 1.125688 1.137751 3.165424
v 0.910689 0.916003 3.395005
v -0.909312 0.916003 3.395005
vn -0.0000 -0.7175 -0.6965
vn -0.0000 -0.7193 -0.6947
s 0
f 2723//1461 2722//1461 2721//1461
f 2724//1462 2725//1462 2720//1462
f 2724//1462 2720//1462 2722//1462
f 2718//1461 2719//1461 2720//1461
f 2719//1461 2721//1461 2722//1461
f 2719//1461 2722//1461 2720//1461
o Hull_havok_s_armor_13_11
v -1.124312 1.541002 2.750003
v -1.124312 1.137751 3.165424
v -1.124312 1.137750 0.830003
v -1.124312 1.541002 0.830003
v 1.125688 1.137750 0.830003
v 1.125688 1.137751 3.165424
v 1.125688 1.541002 2.750003
v 1.125688 1.541002 0.830003
vn -1.0000 -0.0000 -0.0000
vn 1.0000 -0.0000 -0.0000
s 0
f 2732//1463 2733//1463 2730//1463
f 2732//1463 2730//1463 2731//1463
f 2728//1464 2729//1464 2726//1464
f 2728//1464 2726//1464 2727//1464
o Hull_havok_s_armor_14_12
v -1.443264 1.541002 0.830003
v -1.124312 1.541002 0.830003
v -1.124312 1.137750 0.830003
v -1.653182 1.137753 0.830003
v 1.125689 1.137750 0.830003
v 1.125689 1.541002 0.830003
v 1.444640 1.541002 0.830003
v 1.654562 1.137750 0.830003
vn -0.0000 -0.0000 -1.0000
s 0
f 2740//1465 2741//1465 2738//1465
f 2740//1465 2738//1465 2739//1465
f 2736//1465 2737//1465 2734//1465
f 2736//1465 2734//1465 2735//1465
o Hull_havok_s_armor_15_13
v -0.438035 1.498934 -2.595159
v -0.311095 1.265624 -2.979725
v -0.283009 1.490999 -2.905103
v 0.312481 1.265628 -2.979721
v 0.438272 1.498934 -2.597018
v 0.283776 1.490997 -2.905101
vn -0.8617 -0.2550 0.4387
vn 0.8628 -0.2525 0.4380
s 0
f 2745//1466 2746//1466 2747//1466
f 2742//1467 2743//1467 2744//1467
o Hull_havok_s_armor_16_14
v -0.420697 1.540999 -2.593388
v -0.438035 1.498934 -2.595159
v -0.284293 1.490998 -2.673356
v -0.280436 1.540999 -2.660868
v -0.492102 1.541000 -2.467614
v -0.117120 1.490998 -2.787922
v -0.113267 1.540999 -2.774870
v 0.114644 1.540999 -2.774870
v 0.118496 1.490998 -2.787922
v 0.285669 1.490998 -2.673356
v 0.281813 1.540999 -2.660868
v 0.421058 1.540999 -2.595493
v 0.438272 1.498934 -2.597018
v 0.497410 1.541000 -2.467613
vn -0.0000 -0.2526 0.9676
vn -0.4290 -0.2074 0.8792
vn -0.4114 -0.2506 0.8763
vn -0.8053 -0.3470 0.4808
vn -0.5466 -0.2423 0.8015
vn -0.5473 -0.2506 0.7986
vn 0.4197 -0.2503 0.8725
vn 0.4338 -0.2156 0.8748
vn 0.8131 -0.3546 0.4616
vn 0.5473 -0.2506 0.7986
vn 0.5466 -0.2423 0.8015
s 0
f 2756//1468 2755//1468 2754//1468
f 2756//1468 2754//1468 2753//1468
f 2757//1469 2760//1469 2759//1469
f 2757//1470 2759//1470 2758//1470
f 2760//1471 2761//1471 2759//1471
f 2757//1472 2758//1472 2755//1472
f 2757//1473 2755//1473 2756//1473
f 2750//1474 2751//1474 2748//1474
f 2750//1475 2748//1475 2749//1475
f 2752//1476 2749//1476 2748//1476
f 2750//1477 2753//1477 2754//1477
f 2750//1478 2754//1478 2751//1478
o Hull_havok_s_armor_17_15
v -0.492102 1.541000 -2.467614
v -0.420697 1.540999 -2.593388
v 0.281813 1.540999 -2.660868
v 0.421058 1.540999 -2.595493
v 0.497410 1.541000 -2.467613
v -0.113267 1.540999 -2.774870
v 0.114644 1.540999 -2.774870
v -0.280436 1.540999 -2.660868
v -0.283009 1.490999 -2.905103
v -0.117120 1.490998 -2.787922
v -0.284293 1.490998 -2.673356
v -0.438035 1.498934 -2.595159
v 0.283776 1.490997 -2.905101
v 0.438272 1.498934 -2.597018
v 0.285669 1.490998 -2.673356
v 0.118496 1.490998 -2.787922
vn -0.0517 -0.9987 -0.0003
vn -0.0000 -1.0000 -0.0000
vn 0.0521 -0.9986 -0.0004
s 0
f 2772//1479 2773//1479 2770//1479
f 2772//1480 2770//1480 2771//1480
f 2776//1480 2777//1480 2774//1480
f 2776//1481 2774//1481 2775//1481
f 2774//1480 2777//1480 2771//1480
f 2774//1480 2771//1480 2770//1480
f 2763//1480 2769//1480 2764//1480
f 2764//1480 2765//1480 2762//1480
f 2764//1480 2762//1480 2763//1480
f 2766//1480 2762//1480 2765//1480
f 2764//1480 2769//1480 2767//1480
f 2764//1480 2767//1480 2768//1480
o Hull_havok_s_armor_8_16
v -1.082521 1.541002 -1.355382
v -0.883752 1.541002 -1.614423
v 0.000667 1.541002 0.520754
v -1.207473 1.541002 -1.053723
v -1.250091 1.541002 -0.730003
v -1.207473 1.541002 -0.406283
v -1.082522 1.541002 -0.104625
v -0.883752 1.541002 0.154416
v -0.323054 1.541002 0.478135
v -0.624712 1.541002 0.353185
v -0.624712 1.541002 -1.813191
v -0.323053 1.541002 -1.938142
v 0.626045 1.541002 -1.813190
v 0.885086 1.541002 -1.614423
v 0.324386 1.541002 -1.938142
v 0.000667 1.541002 -1.980761
v 1.083854 1.541002 -1.355382
v 1.208805 1.541002 -1.053723
v 1.251423 1.541002 -0.730003
v 1.208804 1.541002 -0.406283
v 1.083854 1.541002 -0.104625
v 0.885085 1.541002 0.154416
v 0.626045 1.541002 0.353184
v 0.324386 1.541002 0.478135
vn -0.0000 -1.0000 -0.0000
s 0
f 2794//1482 2795//1482 2780//1482
f 2794//1482 2780//1482 2791//1482
f 2793//1482 2792//1482 2780//1482
f 2793//1482 2780//1482 2789//1482
f 2796//1482 2797//1482 2780//1482
f 2796//1482 2780//1482 2795//1482
f 2800//1482 2801//1482 2780//1482
f 2800//1482 2780//1482 2799//1482
f 2798//1482 2799//1482 2780//1482
f 2798//1482 2780//1482 2797//1482
f 2780//1482 2792//1482 2790//1482
f 2780//1482 2790//1482 2791//1482
f 2780//1482 2783//1482 2782//1482
f 2780//1482 2782//1482 2781//1482
f 2780//1482 2781//1482 2778//1482
f 2780//1482 2778//1482 2779//1482
f 2780//1482 2785//1482 2784//1482
f 2780//1482 2784//1482 2783//1482
f 2788//1482 2789//1482 2780//1482
f 2788//1482 2780//1482 2779//1482
f 2780//1482 2786//1482 2787//1482
f 2780//1482 2787//1482 2785//1482
o Hull_havok_s_surveyingDevice_17
v -0.267629 1.546731 -2.675409
v -0.152348 1.546731 -2.756142
v -0.317347 1.546731 -2.699663
v -0.299324 1.546731 -2.673713
v -0.304917 1.546731 -2.728665
v -0.189636 1.546731 -2.809398
v -0.158252 1.546731 -2.811095
v -0.139918 1.546731 -2.785145
v 0.191012 1.546731 -2.809398
v 0.306294 1.546731 -2.728665
v 0.300701 1.546731 -2.673713
v 0.318723 1.546731 -2.699663
v 0.269006 1.546731 -2.675409
v 0.153724 1.546731 -2.756142
v 0.159628 1.546731 -2.811095
v 0.141295 1.546731 -2.785145
v 0.097792 1.546731 -2.798883
v 0.097792 1.546731 -2.830599
v -0.069693 1.546731 -2.782261
v -0.069693 1.546731 -2.847221
v 0.071069 1.546731 -2.847221
v 0.071069 1.546731 -2.782261
v -0.096416 1.546731 -2.798883
v -0.096416 1.546731 -2.830599
v -0.267600 1.521632 -2.675478
v -0.152416 1.515226 -2.756130
v -0.317347 1.492717 -2.699634
v -0.299195 1.491770 -2.673713
v -0.304882 1.492080 -2.728721
v -0.282404 1.490998 -2.674650
v -0.189698 1.490998 -2.809374
v -0.158102 1.490998 -2.811139
v -0.139951 1.490998 -2.785217
v -0.147802 1.490998 -2.766895
v 0.191074 1.490998 -2.809374
v 0.306259 1.492097 -2.728721
v 0.318723 1.492735 -2.699634
v 0.300572 1.491777 -2.673713
v 0.268976 1.521633 -2.675478
v 0.283781 1.490998 -2.674650
v 0.153792 1.515226 -2.756130
v 0.159478 1.490998 -2.811139
v 0.141327 1.490998 -2.785217
v 0.149179 1.490998 -2.766895
v 0.097889 1.490998 -2.798899
v 0.097889 1.490998 -2.830544
v 0.070995 1.512839 -2.782221
v -0.069619 1.512839 -2.782221
v -0.069619 1.490998 -2.847221
v 0.070995 1.490998 -2.847221
v -0.096513 1.490998 -2.798899
v -0.078812 1.490998 -2.787922
v -0.096513 1.490998 -2.830544
v 0.080189 1.490998 -2.787922
vn -1.0000 -0.0017 -0.0000
vn -0.0558 -0.0006 0.9984
vn -0.0540 0.0004 0.9985
vn -0.0000 -0.0012 -1.0000
vn -0.0000 -1.0000 -0.0000
vn 0.8192 -0.0003 0.5736
vn 0.8167 -0.0027 0.5770
vn 0.5735 0.0009 -0.8192
vn 0.5736 0.0016 -0.8191
vn 0.9192 -0.0000 -0.3939
vn 0.9186 0.0018 -0.3952
vn 0.9191 0.0010 -0.3939
vn -0.0000 -0.0000 1.0000
vn -0.5270 -0.0007 -0.8499
vn -0.5277 -0.0004 -0.8494
vn -0.5282 0.0002 -0.8491
vn -0.5270 -0.0001 0.8499
vn -0.5282 0.0007 0.8491
vn 1.0000 -0.0017 -0.0000
vn 0.5270 -0.0000 -0.8499
vn 0.5269 0.0001 -0.8499
vn 0.5282 -0.0007 -0.8491
vn 0.5270 -0.0001 0.8499
vn 0.5282 0.0007 0.8491
vn -0.0558 -0.0000 -0.9984
vn 0.5736 -0.0003 0.8192
vn 0.5736 -0.0005 0.8191
vn -0.0583 0.0027 -0.9983
vn -0.0534 -0.0001 -0.9986
vn 0.8192 0.0019 -0.5735
vn 0.8213 -0.0003 -0.5704
vn -0.5735 0.0009 -0.8192
vn -0.5736 0.0016 -0.8191
vn 0.9192 0.0002 0.3939
vn 0.9191 0.0002 0.3939
vn 0.0558 0.0004 0.9984
vn 0.0540 -0.0007 0.9985
vn -0.9192 0.0002 0.3939
vn -0.9191 0.0002 0.3939
vn 0.0558 -0.0000 -0.9984
vn 0.0583 0.0027 -0.9983
vn 0.0534 -0.0001 -0.9986
vn -0.8192 0.0019 -0.5735
vn -0.8213 -0.0003 -0.5704
vn -0.9187 0.0006 -0.3950
vn -0.9191 0.0018 -0.3939
vn -0.8192 -0.0027 0.5736
vn -0.8167 -0.0003 0.5770
vn -0.5736 -0.0003 0.8192
vn -0.5736 -0.0005 0.8191
vn -0.9192 0.0011 -0.3939
s 0
f 2819//1483 2847//1483 2846//1483
f 2819//1483 2846//1483 2818//1483
f 2816//1484 2843//1484 2836//1484
f 2816//1485 2836//1485 2810//1485
f 2823//1486 2848//1486 2849//1486
f 2823//1486 2849//1486 2820//1486
f 2822//1487 2823//1487 2820//1487
f 2822//1487 2820//1487 2821//1487
f 2817//1487 2816//1487 2810//1487
f 2817//1487 2810//1487 2815//1487
f 2817//1488 2844//1488 2843//1488
f 2817//1489 2843//1489 2816//1489
f 2840//1490 2842//1490 2815//1490
f 2840//1491 2815//1491 2814//1491
f 2844//1492 2842//1492 2845//1492
f 2815//1493 2842//1493 2844//1493
f 2815//1494 2844//1494 2817//1494
f 2821//1495 2850//1495 2851//1495
f 2821//1495 2851//1495 2822//1495
f 2846//1496 2855//1496 2818//1496
f 2818//1497 2855//1497 2848//1497
f 2818//1498 2848//1498 2823//1498
f 2851//1499 2847//1499 2819//1499
f 2851//1500 2819//1500 2822//1500
f 2823//1487 2822//1487 2819//1487
f 2823//1487 2819//1487 2818//1487
f 2824//1501 2852//1501 2854//1501
f 2824//1501 2854//1501 2825//1501
f 2852//1502 2849//1502 2853//1502
f 2820//1503 2849//1503 2852//1503
f 2820//1504 2852//1504 2824//1504
f 2825//1505 2854//1505 2850//1505
f 2825//1506 2850//1506 2821//1506
f 2824//1487 2825//1487 2821//1487
f 2824//1487 2821//1487 2820//1487
f 2811//1487 2814//1487 2815//1487
f 2811//1487 2815//1487 2810//1487
f 2802//1487 2806//1487 2807//1487
f 2802//1487 2807//1487 2803//1487
f 2829//1507 2826//1507 2831//1507
f 2808//1487 2809//1487 2803//1487
f 2808//1487 2803//1487 2807//1487
f 2830//1508 2832//1508 2807//1508
f 2830//1509 2807//1509 2806//1509
f 2802//1510 2826//1510 2829//1510
f 2802//1511 2829//1511 2805//1511
f 2805//1512 2829//1512 2828//1512
f 2805//1513 2828//1513 2804//1513
f 2803//1514 2827//1514 2826//1514
f 2803//1515 2826//1515 2802//1515
f 2805//1487 2804//1487 2806//1487
f 2805//1487 2806//1487 2802//1487
f 2828//1516 2830//1516 2806//1516
f 2828//1517 2806//1517 2804//1517
f 2807//1518 2832//1518 2833//1518
f 2807//1519 2833//1519 2808//1519
f 2813//1487 2812//1487 2814//1487
f 2813//1487 2814//1487 2811//1487
f 2811//1520 2837//1520 2838//1520
f 2811//1521 2838//1521 2813//1521
f 2839//1522 2841//1522 2840//1522
f 2839//1523 2840//1523 2814//1523
f 2839//1524 2814//1524 2812//1524
f 2838//1525 2839//1525 2812//1525
f 2838//1526 2812//1526 2813//1526
f 2809//1527 2835//1527 2827//1527
f 2809//1528 2827//1528 2803//1528
f 2808//1529 2833//1529 2834//1529
f 2808//1530 2834//1530 2809//1530
f 2810//1531 2836//1531 2837//1531
f 2810//1532 2837//1532 2811//1532
f 2834//1533 2835//1533 2809//1533
o Hull_havok_s_armor_18_18
v -0.492102 1.541000 -2.467614
v -0.311095 1.265624 -2.979725
v -0.438035 1.498934 -2.595159
v 0.312482 1.265627 -2.979721
v 0.497410 1.541000 -2.467613
v 0.438272 1.498934 -2.597018
vn -0.7987 -0.3602 0.4821
vn 0.8446 -0.2862 0.4524
s 0
f 2859//1534 2860//1534 2861//1534
f 2856//1535 2857//1535 2858//1535
o Gun_01_havok_s_gun_0
v -0.127303 1.871020 -6.066599
v -0.124702 1.851555 -6.066599
v -0.127303 1.832090 -6.066599
v -0.134882 1.813938 -6.066599
v -0.092804 1.851555 -6.066599
v -0.096424 1.879260 -6.066599
v -0.146758 1.798295 -6.066599
v -0.162368 1.786353 -6.066599
v -0.146758 1.904695 -6.066599
v -0.112033 1.939446 -2.633024
v -0.137822 1.959269 -2.633024
v -0.162368 1.916637 -6.066599
v -0.167797 1.971689 -2.633024
v -0.134882 1.889171 -6.066599
v -0.219489 1.924160 -6.066599
v -0.200034 1.926788 -6.066599
v -0.200034 1.975868 -2.633024
v -0.232158 1.971689 -2.633024
v -0.180579 1.924160 -6.066599
v -0.262132 1.959269 -2.633024
v -0.237587 1.916637 -6.066599
v -0.287922 1.939446 -2.633024
v -0.265186 1.889171 -6.066599
v -0.253197 1.904695 -6.066599
v -0.307716 1.913652 -2.633024
v -0.320159 1.883678 -2.633024
v -0.272652 1.871020 -6.066599
v -0.265186 1.813938 -6.066599
v -0.272652 1.832090 -6.066599
v -0.253197 1.798295 -6.066599
v -0.303531 1.823730 -6.066599
v -0.307151 1.851555 -6.066599
v -0.275253 1.851555 -6.066599
v -0.303531 1.879260 -6.066599
v -0.324344 1.851555 -2.633024
v -0.180579 1.778830 -6.066599
v -0.167797 1.731421 -2.633024
v -0.219489 1.778830 -6.066599
v -0.237587 1.786353 -6.066599
v -0.172208 1.748020 -6.066599
v -0.200034 1.744318 -6.066599
v -0.227746 1.748020 -6.066599
v -0.100002 1.851531 -6.096107
v -0.100002 1.851531 -6.686870
v 0.100096 1.851531 -6.096107
v 0.103418 1.877443 -6.096107
v 0.129212 1.780778 -6.096107
v 0.149925 1.764886 -6.096107
v 0.113384 1.801528 -6.096107
v 0.103418 1.825618 -6.096107
v 0.124131 1.775717 -6.096107
v 0.129212 1.922284 -6.096107
v 0.149925 1.938175 -6.686870
v 0.149925 1.938175 -6.096107
v 0.113384 1.901533 -6.096107
v 0.124131 1.927345 -6.096107
v 0.146408 1.944350 -6.096107
v 0.299998 1.851531 -6.096107
v 0.296676 1.825618 -6.096107
v 0.296676 1.877443 -6.096107
v 0.292768 1.797884 -6.096107
v 0.286515 1.801528 -6.096107
v 0.275768 1.775717 -6.096107
v 0.270687 1.780778 -6.096107
v 0.249974 1.764886 -6.096107
v 0.199949 1.751525 -6.096107
v 0.174155 1.754966 -6.096107
v 0.225939 1.754966 -6.096107
v 0.199949 1.951536 -6.096107
v 0.225939 1.948095 -6.096107
v 0.174155 1.948095 -6.096107
v 0.249974 1.938175 -6.096107
v 0.270687 1.922284 -6.096107
v 0.286515 1.901533 -6.096107
v 0.275768 1.927345 -6.096107
v 0.253686 1.944350 -6.096107
v 0.199949 1.958723 -6.096107
v 0.172201 1.955079 -6.096107
v 0.227697 1.955079 -6.096107
v -0.341530 1.696122 -1.110835
v -0.341530 1.696122 -1.938972
v -0.341530 2.019989 -1.938972
v -0.341530 2.019989 -1.110835
v -0.079962 1.883766 -1.938972
v 0.346683 1.696122 -1.938972
v 0.167822 1.731404 -1.938972
v -0.112237 1.763680 -1.938972
v 0.137900 1.743903 -1.938972
v 0.112012 1.763680 -1.938972
v 0.092176 1.789311 -1.938972
v -0.092401 1.789311 -1.938972
v 0.346683 2.019989 -1.110835
v 0.346683 1.696122 -1.110835
v 0.320123 1.883766 -1.938972
v 0.262296 1.743903 -1.938972
v 0.232037 1.731404 -1.938972
v 0.287847 1.763680 -1.938972
v 0.200098 1.727132 -1.938972
v 0.307684 1.789311 -1.938972
v -0.079962 1.819372 -1.938972
v -0.075591 1.851490 -1.938972
v -0.262185 1.743903 -1.938972
v -0.232263 1.731404 -1.938972
v -0.288073 1.763680 -1.938972
v -0.307573 1.789311 -1.938972
v 0.162397 1.786405 -6.066599
v 0.146740 1.798282 -6.066599
v 0.200040 1.776225 -6.066599
v 0.237573 1.786405 -6.066599
v 0.219473 1.778827 -6.066599
v 0.134859 1.813891 -6.066599
v 0.227690 1.747947 -6.066599
v 0.200040 1.744327 -6.066599
v 0.172280 1.747947 -6.066599
v 0.096438 1.823732 -6.066599
v 0.127308 1.832102 -6.066599
v 0.265111 1.813891 -6.066599
v 0.253230 1.798282 -6.066599
v 0.307196 1.851558 -6.066599
v 0.272662 1.832102 -6.066599
v 0.275216 1.851558 -6.066599
v 0.272662 1.871013 -6.066599
v 0.303532 1.879270 -6.066599
v 0.124754 1.851558 -6.066599
v 0.092774 1.851558 -6.066599
v 0.096438 1.879270 -6.066599
v 0.127308 1.871013 -6.066599
v 0.079893 1.883682 -2.633024
v 0.265222 1.889111 -6.066599
v 0.253230 1.904721 -6.066599
v 0.287875 1.939446 -2.633024
v 0.262224 1.959241 -2.633024
v 0.237573 1.916710 -6.066599
v 0.219473 1.924176 -6.066599
v 0.232132 1.971683 -2.633024
v 0.200040 1.975868 -2.633024
v 0.200040 1.926777 -6.066599
v 0.180497 1.924176 -6.066599
v 0.167838 1.971683 -2.633024
v 0.162397 1.916710 -6.066599
v 0.134859 1.889111 -6.066599
v 0.146740 1.904721 -6.066599
v 0.112095 1.939446 -2.633024
v 0.092330 1.913656 -2.633024
v 0.137857 1.959241 -2.633024
v -0.100178 1.824812 -7.201478
v -0.110479 1.799869 -7.201478
v -0.096644 1.851573 -7.201478
v -0.100178 1.878233 -6.874761
v -0.126939 1.778460 -7.201478
v -0.148348 1.762000 -7.201478
v -0.110479 1.903176 -6.874761
v -0.126939 1.924585 -7.201478
v -0.110479 1.903176 -7.201478
v -0.100178 1.878233 -7.201478
v -0.148348 1.941045 -7.201478
v -0.151075 1.799970 -7.201478
v -0.139360 1.818551 -7.206012
v -0.152488 1.801485 -7.206012
v -0.148449 1.900449 -7.201478
v -0.149964 1.899036 -7.206012
v -0.137745 1.881262 -7.206012
v -0.166121 1.913981 -7.201478
v -0.289524 1.903176 -6.874761
v -0.299825 1.878233 -6.874761
v -0.299825 1.878233 -7.201478
v -0.289524 1.903176 -7.201478
v -0.299825 1.824812 -7.201478
v -0.303359 1.851573 -7.201478
v -0.273064 1.778460 -7.201478
v -0.289524 1.799869 -7.201478
v -0.251655 1.762000 -7.201478
v -0.226712 1.751699 -7.201478
v -0.264177 1.820874 -7.201478
v -0.270438 1.842282 -7.201478
v -0.269933 1.864499 -7.201478
v -0.268418 1.842484 -7.206012
v -0.262258 1.821783 -7.206012
v -0.267914 1.864095 -7.206012
v -0.260643 1.884494 -7.206012
v -0.262460 1.885403 -7.201478
v -0.173291 1.751699 -7.201478
v -0.200052 1.748165 -7.201478
v -0.200052 1.748165 -6.874761
v -0.173291 1.751699 -6.874761
v -0.226712 1.751699 -6.874761
v -0.212978 1.781591 -7.201478
v -0.190761 1.781086 -7.201478
v -0.169353 1.787347 -7.201478
v -0.273064 1.924585 -7.201478
v -0.251655 1.941045 -7.201478
v -0.226712 1.951346 -7.201478
v -0.200052 1.954880 -6.874761
v -0.200052 1.954880 -7.201478
v -0.173291 1.951346 -7.201478
v -0.250039 1.804009 -7.206012
v -0.167030 1.912164 -7.206012
v -0.187429 1.919434 -7.206012
v -0.209040 1.919939 -7.206012
v -0.229741 1.913779 -7.206012
v -0.247515 1.901560 -7.206012
v -0.170262 1.789266 -7.206012
v -0.233882 1.789064 -7.201478
v -0.212574 1.783610 -7.206012
v -0.190963 1.783105 -7.206012
v -0.232973 1.790881 -7.206012
v -0.251554 1.802595 -7.201478
v -0.187025 1.921454 -7.201478
v -0.209242 1.921959 -7.201478
v -0.230650 1.915698 -7.201478
v -0.248928 1.903075 -7.201478
v -0.129304 1.780778 -6.686871
v -0.129304 1.780778 -6.096107
v -0.113383 1.801528 -6.096107
v -0.113383 1.801528 -6.686871
v -0.150029 1.764886 -6.686871
v -0.150029 1.764886 -6.096107
v -0.107166 1.797884 -6.096107
v -0.124217 1.775717 -6.096107
v -0.174145 1.754966 -6.096107
v -0.174145 1.754966 -6.686871
v -0.199957 1.751525 -6.686871
v -0.199957 1.751525 -6.096107
v -0.225863 1.754966 -6.686871
v -0.225863 1.754966 -6.096107
v -0.249979 1.764886 -6.096107
v -0.129304 1.922284 -6.096107
v -0.113383 1.901533 -6.096107
v -0.150029 1.938175 -6.096107
v -0.150029 1.938175 -6.686871
v -0.174145 1.948095 -6.096107
v -0.199957 1.951536 -6.096107
v -0.225863 1.948095 -6.096107
v -0.249979 1.938175 -6.096107
v -0.249979 1.938175 -6.686871
v -0.199957 1.958723 -6.096107
v -0.227747 1.955079 -6.096107
v -0.172261 1.955079 -6.096107
v -0.146449 1.944350 -6.096107
v -0.124217 1.927345 -6.096107
v -0.270704 1.922284 -6.096107
v -0.286625 1.901533 -6.096107
v -0.275791 1.927345 -6.096107
v -0.253559 1.944350 -6.096107
v -0.296610 1.877443 -6.096107
v -0.296610 1.877443 -6.686871
v -0.300002 1.851531 -6.686871
v -0.296610 1.825618 -6.096107
v -0.296610 1.825618 -6.686871
v -0.300002 1.851531 -6.096107
v -0.286625 1.801528 -6.686871
v -0.286625 1.801528 -6.096107
v -0.270704 1.780778 -6.096107
v -0.270704 1.780778 -6.686871
v -0.275791 1.775717 -6.096107
v 0.303356 1.851573 -7.201478
v 0.299775 1.878233 -6.874761
v 0.299870 1.878233 -7.201478
v 0.299870 1.824812 -7.201478
v 0.289505 1.799869 -7.201478
v 0.289505 1.903176 -7.201478
v 0.289505 1.903176 -6.874761
v 0.262276 1.881262 -7.206012
v 0.251535 1.900449 -7.201478
v 0.251723 1.941045 -7.201478
v 0.273111 1.924585 -7.201478
v 0.226755 1.951346 -7.201478
v 0.199997 1.954880 -7.201478
v 0.199997 1.954880 -6.874761
v 0.173238 1.951346 -7.201478
v 0.273111 1.778460 -7.201478
v 0.251723 1.762000 -7.201478
v 0.226755 1.751699 -7.201478
v 0.226755 1.751699 -6.874761
v 0.199997 1.748165 -7.201478
v 0.199997 1.748165 -6.874761
v 0.173238 1.751699 -6.874761
v 0.173238 1.751699 -7.201478
v 0.148364 1.762000 -7.201478
v 0.126882 1.778460 -7.201478
v 0.110488 1.799869 -7.201478
v 0.135833 1.820874 -7.201478
v 0.148458 1.802595 -7.201478
v 0.166078 1.789064 -7.201478
v 0.167020 1.790881 -7.206012
v 0.149966 1.804009 -7.206012
v 0.137717 1.821783 -7.206012
v 0.152510 1.901560 -7.206012
v 0.139319 1.884494 -7.206012
v 0.132158 1.864095 -7.206012
v 0.131593 1.842484 -7.206012
v 0.129520 1.842282 -7.201478
v 0.130086 1.864499 -7.201478
v 0.110488 1.903176 -7.201478
v 0.126882 1.924585 -7.201478
v 0.110488 1.903176 -6.874761
v 0.148364 1.941045 -7.201478
v 0.250027 1.899036 -7.206012
v 0.232974 1.912164 -7.206012
v 0.212622 1.919434 -7.206012
v 0.190952 1.919939 -7.206012
v 0.247483 1.801485 -7.206012
v 0.260674 1.818551 -7.206012
v 0.233916 1.913981 -7.201478
v 0.248897 1.799970 -7.201478
v 0.212999 1.921454 -7.201478
v 0.190763 1.921959 -7.201478
v 0.169375 1.915698 -7.201478
v 0.170317 1.913779 -7.206012
v 0.187089 1.781591 -7.201478
v 0.209230 1.781086 -7.201478
v 0.209042 1.783105 -7.206012
v 0.187465 1.783610 -7.206012
v 0.230618 1.787347 -7.201478
v 0.229676 1.789266 -7.206012
v 0.137529 1.885403 -7.201478
v 0.151097 1.903075 -7.201478
v -0.155780 1.774981 -6.824852
v -0.155780 1.774981 -6.716451
v -0.137533 1.789022 -6.716451
v -0.137533 1.789022 -6.824852
v -0.177179 1.766147 -6.824852
v -0.177179 1.766147 -6.716451
v -0.123489 1.807349 -6.716451
v -0.123489 1.807349 -6.824852
v -0.130559 1.811436 -6.834599
v -0.143265 1.794823 -6.834599
v -0.143265 1.794823 -6.861784
v -0.159888 1.782100 -6.834599
v -0.179281 1.774058 -6.834599
v -0.130559 1.811436 -6.861784
v -0.124158 1.775706 -6.716451
v -0.146417 1.758698 -6.716451
v -0.172211 1.747953 -6.716451
v -0.222844 1.766147 -6.824852
v -0.222844 1.766147 -6.716451
v -0.200011 1.763181 -6.716451
v -0.200011 1.763181 -6.824852
v -0.200011 1.744327 -6.716451
v -0.227716 1.747953 -6.716451
v -0.200011 1.771355 -6.834599
v -0.220742 1.774058 -6.834599
v -0.240135 1.782100 -6.834599
v -0.244148 1.774981 -6.824852
v -0.111643 1.851516 -6.824852
v -0.111643 1.851516 -6.716451
v -0.114700 1.874391 -6.716451
v -0.114700 1.874391 -6.824852
v -0.114700 1.828641 -6.824852
v -0.114700 1.828641 -6.716451
v -0.122534 1.872282 -6.834599
v -0.119764 1.851516 -6.834599
v -0.122534 1.830751 -6.834599
v -0.122534 1.830751 -6.861784
v -0.277489 1.830751 -6.861784
v -0.269464 1.811436 -6.861784
v -0.256663 1.794823 -6.861784
v -0.269464 1.811436 -6.834599
v -0.277489 1.830751 -6.834599
v -0.285322 1.828641 -6.824852
v -0.276533 1.807349 -6.824852
v -0.280164 1.851516 -6.834599
v -0.288380 1.851516 -6.824852
v -0.276533 1.807349 -6.716451
v -0.285322 1.828641 -6.716451
v -0.288380 1.851516 -6.716451
v -0.303569 1.823763 -6.716451
v -0.292870 1.797922 -6.716451
v -0.307200 1.851516 -6.716451
v -0.275769 1.775706 -6.716451
v -0.253605 1.758698 -6.716451
v -0.244148 1.774981 -6.716451
v -0.262490 1.789022 -6.824852
v -0.262490 1.789022 -6.716451
v -0.253605 1.758698 -6.686871
v -0.256663 1.794823 -6.834599
v -0.285322 1.874391 -6.716451
v -0.285322 1.874391 -6.824852
v -0.303569 1.879270 -6.716451
v -0.277489 1.872282 -6.834599
v 0.137499 1.789050 -6.716450
v 0.137499 1.789050 -6.824852
v 0.123479 1.807378 -6.824852
v 0.123479 1.807378 -6.716450
v 0.114643 1.828640 -6.824852
v 0.114643 1.828640 -6.716450
v 0.155819 1.775015 -6.716450
v 0.155819 1.775015 -6.824852
v 0.146394 1.758676 -6.716450
v 0.107162 1.797952 -6.716450
v 0.124186 1.775748 -6.716450
v 0.143272 1.794810 -6.834598
v 0.143272 1.794810 -6.861784
v 0.130548 1.811463 -6.861784
v 0.130548 1.811463 -6.834598
v 0.122537 1.830735 -6.861784
v 0.122537 1.830735 -6.834598
v 0.159883 1.782032 -6.834598
v 0.146394 1.758676 -6.686871
v 0.124186 1.775748 -6.686871
v 0.107162 1.797952 -6.686871
v 0.111639 1.851472 -6.716450
v 0.114643 1.874410 -6.824852
v 0.114643 1.874410 -6.716450
v 0.111639 1.851472 -6.824852
v 0.123479 1.895671 -6.824852
v 0.123479 1.895671 -6.716450
v 0.107162 1.905097 -6.716450
v 0.107162 1.905097 -6.686871
v 0.119827 1.851472 -6.834598
v 0.122537 1.872315 -6.834598
v 0.130548 1.891586 -6.834598
v 0.199998 1.763180 -6.716450
v 0.199998 1.763180 -6.824852
v 0.177143 1.766217 -6.824852
v 0.177143 1.766217 -6.716450
v 0.222854 1.766217 -6.716450
v 0.222854 1.766217 -6.824852
v 0.172253 1.747993 -6.716450
v 0.199998 1.771349 -6.834598
v 0.179263 1.774072 -6.834598
v 0.220733 1.774072 -6.834598
v 0.227743 1.747993 -6.716450
v 0.227743 1.747993 -6.686871
v 0.199998 1.744327 -6.716450
v 0.199998 1.939870 -6.716450
v 0.199998 1.939870 -6.824852
v 0.222854 1.936833 -6.824852
v 0.222854 1.936833 -6.716450
v 0.177143 1.936833 -6.716450
v 0.177143 1.936833 -6.824852
v 0.155819 1.928035 -6.716450
v 0.155819 1.928035 -6.824852
v 0.159883 1.921017 -6.834598
v 0.179263 1.928977 -6.834598
v 0.199998 1.931700 -6.834598
v 0.199998 1.958722 -6.686871
v 0.199998 1.958722 -6.716450
v 0.227743 1.955057 -6.716450
v 0.172253 1.955057 -6.716450
v 0.146394 1.944374 -6.716450
v 0.220733 1.928977 -6.834598
v 0.159883 1.921017 -6.861784
v 0.143272 1.908239 -6.834598
v 0.137499 1.914000 -6.824852
v 0.137499 1.914000 -6.716450
v 0.124186 1.927302 -6.716450
v 0.092800 1.851525 -6.686871
v -0.244178 1.928035 -6.824852
v -0.244178 1.928035 -6.716451
v -0.262471 1.913999 -6.716451
v -0.262471 1.913999 -6.824852
v -0.222849 1.936866 -6.824852
v -0.222849 1.936866 -6.716451
v -0.240105 1.920980 -6.861784
v -0.240105 1.920980 -6.834598
v -0.220776 1.928972 -6.834598
v -0.253584 1.944366 -6.716451
v -0.275802 1.927320 -6.716451
v -0.227737 1.955072 -6.716451
v -0.177154 1.936866 -6.824852
v -0.177154 1.936866 -6.716451
v -0.199965 1.939876 -6.716451
v -0.199965 1.939876 -6.824852
v -0.172266 1.955072 -6.716451
v -0.200039 1.958722 -6.686871
v -0.200039 1.958722 -6.716451
v -0.179228 1.928972 -6.834598
v -0.199965 1.931711 -6.834598
v -0.155825 1.928035 -6.824852
v -0.155825 1.928035 -6.716451
v -0.159898 1.920980 -6.861784
v -0.159898 1.920980 -6.834598
v -0.137532 1.913999 -6.824852
v -0.137532 1.913999 -6.716451
v -0.146419 1.944366 -6.716451
v -0.124202 1.927320 -6.716451
v -0.143309 1.908226 -6.834598
v 0.276510 1.895702 -6.824852
v 0.276510 1.895702 -6.716450
v 0.262474 1.913994 -6.716450
v 0.262474 1.913994 -6.824852
v 0.285341 1.874372 -6.824852
v 0.285341 1.874372 -6.716450
v 0.269455 1.891628 -6.834599
v 0.275794 1.927325 -6.686871
v 0.275794 1.927325 -6.716450
v 0.292840 1.905107 -6.716450
v 0.292840 1.905107 -6.686871
v 0.303545 1.879260 -6.716450
v 0.303545 1.879260 -6.686871
v 0.288350 1.851488 -6.824852
v 0.288350 1.851488 -6.716450
v 0.285341 1.828677 -6.824852
v 0.285341 1.828677 -6.716450
v 0.303545 1.823789 -6.716450
v 0.303545 1.823789 -6.686871
v 0.307196 1.851562 -6.686871
v 0.307196 1.851562 -6.716450
v 0.280185 1.851488 -6.834599
v 0.277447 1.830751 -6.861784
v 0.277447 1.830751 -6.834599
v 0.277447 1.872299 -6.834599
v 0.269455 1.811421 -6.861784
v 0.269455 1.811421 -6.834599
v 0.276510 1.807348 -6.824852
v 0.276510 1.807348 -6.716450
v 0.262474 1.789055 -6.824852
v 0.262474 1.789055 -6.716450
v 0.275794 1.775724 -6.716450
v 0.292840 1.797942 -6.716450
v 0.256702 1.794832 -6.861784
v 0.256702 1.794832 -6.834599
v -0.079897 1.883708 -2.633024
v -0.075660 1.851526 -2.633024
v -0.079897 1.819344 -2.633024
v -0.092318 1.789355 -2.633024
v -0.092804 1.851525 -6.096107
v -0.096457 1.823780 -6.096108
v -0.096457 1.823780 -6.066600
v -0.096457 1.879270 -6.096107
v -0.107166 1.797926 -6.066600
v -0.124201 1.775725 -6.066600
v -0.112078 1.763603 -2.633024
v -0.137831 1.743842 -2.633024
v 0.075656 1.851526 -2.633024
v 0.075656 1.851528 -1.938972
v 0.079893 1.819346 -1.938972
v 0.079893 1.819344 -2.633024
v -0.137831 1.959211 -1.938972
v -0.112078 1.939451 -1.938972
v -0.167820 1.971633 -1.938972
v -0.092318 1.913697 -2.633024
v -0.092318 1.913699 -1.938972
v -0.107166 1.905124 -6.066600
v -0.124201 1.927325 -6.066600
v -0.146403 1.944361 -6.066600
v -0.107166 1.905124 -6.096108
v -0.200002 1.975870 -1.938972
v -0.232184 1.971633 -1.938972
v -0.262173 1.959211 -1.938972
v -0.227747 1.955070 -6.066600
v -0.200002 1.958723 -6.066600
v -0.172257 1.955070 -6.066600
v -0.253601 1.944361 -6.066600
v -0.275802 1.927325 -6.066600
v -0.292838 1.905124 -6.066600
v -0.307685 1.913699 -1.938972
v -0.287925 1.939451 -1.938972
v -0.320107 1.883710 -1.938972
v -0.320107 1.819344 -2.633024
v -0.307685 1.789355 -2.633024
v -0.275802 1.775725 -6.066600
v -0.292838 1.797926 -6.066600
v -0.307199 1.851525 -6.096107
v -0.303547 1.823781 -6.096107
v -0.303547 1.879270 -6.096107
v -0.292838 1.797926 -6.096108
v -0.292838 1.905124 -6.096108
v -0.324344 1.851528 -1.938972
v -0.320107 1.819346 -1.938972
v -0.200002 1.727184 -2.633024
v -0.200002 1.776275 -6.066598
v -0.137831 1.743844 -1.938972
v -0.167820 1.731423 -1.938972
v -0.200002 1.727186 -1.938972
v -0.232184 1.731421 -2.633024
v -0.146403 1.758689 -6.066600
v -0.200002 1.744327 -6.096108
v -0.172257 1.747980 -6.096107
v -0.227747 1.747980 -6.096107
v -0.146403 1.758689 -6.096108
v -0.262173 1.743842 -2.633024
v -0.287925 1.763603 -2.633024
v -0.253601 1.758689 -6.096108
v -0.253601 1.758689 -6.066600
v -0.103409 1.825643 -6.686870
v -0.103409 1.825643 -6.096107
v -0.103409 1.877407 -6.096107
v -0.103409 1.877407 -6.686870
v -0.092804 1.851525 -6.686871
v -0.096457 1.823780 -6.686871
v -0.096457 1.879270 -6.686871
v 0.096453 1.879270 -6.096107
v 0.092800 1.851525 -6.096107
v 0.129287 1.780814 -6.686870
v 0.149998 1.764922 -6.686871
v 0.113396 1.801525 -6.686870
v 0.103406 1.825643 -6.686870
v 0.099998 1.851525 -6.686870
v 0.124198 1.775725 -6.066600
v 0.107162 1.797926 -6.096108
v 0.107162 1.797926 -6.066600
v 0.146399 1.758689 -6.066600
v 0.146399 1.758689 -6.096108
v 0.096453 1.823781 -6.096107
v 0.129287 1.922235 -6.686871
v 0.124198 1.927325 -6.686871
v 0.146399 1.944361 -6.686871
v 0.113396 1.901525 -6.686871
v 0.107162 1.905124 -6.096108
v 0.107162 1.905124 -6.066600
v 0.124198 1.927325 -6.066600
v 0.146399 1.944361 -6.066600
v 0.103406 1.877407 -6.686870
v 0.299998 1.851525 -6.686870
v 0.296591 1.825643 -6.686870
v 0.296591 1.877407 -6.686870
v 0.292834 1.797926 -6.066600
v 0.303543 1.823780 -6.066600
v 0.303543 1.823780 -6.096108
v 0.307196 1.851525 -6.096107
v 0.275798 1.775725 -6.066600
v 0.270709 1.780814 -6.686870
v 0.286601 1.801525 -6.686870
v 0.292834 1.797926 -6.686871
v 0.275798 1.775725 -6.686871
v 0.249998 1.764922 -6.686871
v 0.199998 1.751525 -6.686870
v 0.174116 1.754933 -6.686870
v 0.199998 1.744327 -6.686871
v 0.172253 1.747980 -6.686871
v 0.225880 1.754933 -6.686870
v 0.253597 1.758689 -6.096108
v 0.227743 1.747980 -6.096107
v 0.253597 1.758689 -6.066600
v 0.172254 1.747980 -6.096107
v 0.199998 1.744327 -6.096108
v 0.199998 1.951525 -6.686871
v 0.225880 1.948117 -6.686871
v 0.174116 1.948117 -6.686871
v 0.249998 1.938127 -6.686870
v 0.172253 1.955070 -6.686871
v 0.227743 1.955070 -6.686871
v 0.253597 1.944361 -6.686871
v 0.270709 1.922235 -6.686871
v 0.286601 1.901525 -6.686871
v 0.292834 1.905124 -6.096108
v 0.292834 1.905124 -6.066600
v 0.275798 1.927325 -6.066600
v 0.303543 1.879270 -6.096107
v 0.199998 1.958723 -6.066600
v 0.172254 1.955070 -6.066600
v 0.227743 1.955070 -6.066600
v 0.253597 1.944361 -6.066600
v 0.167816 1.971633 -1.938972
v 0.199998 1.975870 -1.938972
v 0.346683 2.019989 -1.938972
v 0.137827 1.959211 -1.938972
v 0.092315 1.913699 -1.938972
v 0.079893 1.883710 -1.938972
v 0.262169 1.959211 -1.938972
v 0.287921 1.939451 -1.938972
v 0.307682 1.913699 -1.938972
v 0.324340 1.851528 -1.938972
v 0.232180 1.971633 -1.938972
v 0.320103 1.819346 -1.938972
v 0.167816 1.731421 -2.633024
v 0.137827 1.743842 -2.633024
v 0.199998 1.727184 -2.633024
v 0.112075 1.763603 -2.633024
v 0.092315 1.789355 -2.633024
v 0.320103 1.819344 -2.633024
v 0.324340 1.851526 -2.633024
v 0.320103 1.883708 -2.633024
v 0.307682 1.913697 -2.633024
v 0.287921 1.763603 -2.633024
v 0.307682 1.789355 -2.633024
v 0.232180 1.731421 -2.633024
v 0.262169 1.743842 -2.633024
v 0.112075 1.939451 -1.938972
v 0.180522 1.778839 -6.066598
v -0.110505 1.799852 -6.874761
v -0.100181 1.824776 -6.874761
v -0.096660 1.851522 -6.874761
v -0.119810 1.851523 -6.861784
v -0.122543 1.872278 -6.861784
v -0.148331 1.762028 -6.874761
v -0.126928 1.778449 -6.874761
v -0.126928 1.924596 -6.874761
v -0.130554 1.891618 -6.861784
v -0.143298 1.908226 -6.861784
v -0.148331 1.941019 -6.874761
v -0.130103 1.838568 -7.201511
v -0.129521 1.860802 -7.201511
v -0.135838 1.882127 -7.201511
v -0.137528 1.817602 -7.201510
v -0.132139 1.838946 -7.204999
v -0.131574 1.860531 -7.204999
v 0.100178 1.824776 -6.874761
v 0.100162 1.824771 -7.201511
v 0.096641 1.851522 -7.201511
v 0.096657 1.851522 -6.874761
v 0.100178 1.878270 -6.874761
v 0.100162 1.878273 -7.201511
v -0.269449 1.891618 -6.861784
v -0.277460 1.872278 -6.861784
v -0.280193 1.851523 -6.861784
v -0.303343 1.851522 -6.874761
v -0.299822 1.824776 -6.874761
v -0.289498 1.799852 -6.874761
v -0.273075 1.778449 -6.874761
v -0.251672 1.762028 -6.874761
v -0.200002 1.771332 -6.861784
v -0.179246 1.774066 -6.861784
v -0.220757 1.774066 -6.861784
v -0.240097 1.782075 -6.861784
v -0.159906 1.782075 -6.861784
v -0.251672 1.941019 -6.874761
v -0.273075 1.924596 -6.874761
v -0.226748 1.951343 -6.874761
v -0.256705 1.908226 -6.861784
v -0.173255 1.951343 -6.874761
v -0.179246 1.928981 -6.861784
v -0.200002 1.931714 -6.861784
v -0.220757 1.928981 -6.861784
v -0.107166 1.797926 -6.686871
v -0.124201 1.775725 -6.686871
v -0.146403 1.758689 -6.686871
v -0.250002 1.764922 -6.686871
v -0.172257 1.747980 -6.686871
v -0.200002 1.744327 -6.686871
v -0.227747 1.747980 -6.686871
v -0.129291 1.922235 -6.686871
v -0.113399 1.901525 -6.686871
v -0.146403 1.944361 -6.686871
v -0.124201 1.927325 -6.686871
v -0.107166 1.905124 -6.686871
v -0.174120 1.948117 -6.686871
v -0.200002 1.951525 -6.686871
v -0.225884 1.948117 -6.686871
v -0.172257 1.955070 -6.686871
v -0.270712 1.922235 -6.686871
v -0.286604 1.901525 -6.686871
v -0.275802 1.927325 -6.686871
v -0.253601 1.944361 -6.686871
v -0.227747 1.955070 -6.686871
v -0.303547 1.879270 -6.686871
v -0.292838 1.905124 -6.686871
v -0.307199 1.851525 -6.686871
v -0.275802 1.775725 -6.686871
v -0.292838 1.797926 -6.686871
v -0.303547 1.823780 -6.686871
v 0.303340 1.851522 -6.874761
v 0.299818 1.824776 -6.874761
v 0.289495 1.799852 -6.874761
v 0.270478 1.860802 -7.201511
v 0.264162 1.882127 -7.201511
v 0.268426 1.860531 -7.204999
v 0.262472 1.817602 -7.201510
v 0.269897 1.838568 -7.201511
v 0.277457 1.872278 -6.861784
v 0.269445 1.891618 -6.861784
v 0.280189 1.851523 -6.861784
v 0.256702 1.908226 -6.861784
v 0.273072 1.924596 -6.874761
v 0.251669 1.941019 -6.874761
v 0.226745 1.951343 -6.874761
v 0.173252 1.951343 -6.874761
v 0.220753 1.928981 -6.861784
v 0.199998 1.931714 -6.861784
v 0.179243 1.928981 -6.861784
v 0.273072 1.778449 -6.874761
v 0.251669 1.762028 -6.874761
v 0.220753 1.774066 -6.861784
v 0.240094 1.782075 -6.861784
v 0.199998 1.771332 -6.861784
v 0.179243 1.774066 -6.861784
v 0.148327 1.762028 -6.874761
v 0.159903 1.782075 -6.861784
v 0.126925 1.778449 -6.874761
v 0.110502 1.799852 -6.874761
v 0.122540 1.872278 -6.861784
v 0.119807 1.851523 -6.861784
v 0.126925 1.924596 -6.874761
v 0.143295 1.908226 -6.861784
v 0.130551 1.891618 -6.861784
v 0.148328 1.941019 -6.874761
v 0.267861 1.838946 -7.204999
v -0.107166 1.797926 -6.716381
v -0.123481 1.895702 -6.716381
v -0.123481 1.895702 -6.824825
v -0.130554 1.891618 -6.834659
v -0.092804 1.851525 -6.716381
v -0.096457 1.879270 -6.716381
v -0.096457 1.823780 -6.716381
v -0.107166 1.905124 -6.716381
v -0.276522 1.895702 -6.824825
v -0.276522 1.895702 -6.716381
v -0.292838 1.905124 -6.716381
v -0.269449 1.891618 -6.834659
v -0.256705 1.908226 -6.834659
v 0.096453 1.823780 -6.716381
v 0.096453 1.823780 -6.686871
v 0.092800 1.851525 -6.716381
v 0.096453 1.879270 -6.686871
v 0.096453 1.879270 -6.716381
v 0.244177 1.775002 -6.716381
v 0.244177 1.775002 -6.824825
v 0.240094 1.782075 -6.834659
v 0.253597 1.758689 -6.686871
v 0.253597 1.758689 -6.716381
v 0.244177 1.928043 -6.824826
v 0.244177 1.928043 -6.716381
v 0.253597 1.944361 -6.716381
v 0.240094 1.920970 -6.834659
v 0.240094 1.920970 -6.861784
v 0.256702 1.908226 -6.834659
vn 0.9914 0.1305 -0.0003
vn 0.9916 0.1290 -0.0018
vn 0.9914 -0.1305 -0.0015
vn 0.9916 -0.1295 -0.0006
vn -0.0000 -0.0000 -1.0000
vn 0.9239 0.3827 -0.0000
vn 0.9238 0.3828 0.0002
vn 0.9914 0.1304 0.0142
vn 0.9911 0.1325 0.0142
vn 0.9914 -0.1305 -0.0001
vn 0.9916 -0.1292 -0.0000
vn 0.9239 -0.3827 -0.0006
vn 0.9241 -0.3821 -0.0000
vn 0.9911 -0.1325 0.0142
vn 0.9915 -0.1292 0.0142
vn 0.9239 -0.3827 -0.0000
vn 0.9236 -0.3834 -0.0001
vn 0.6088 -0.7934 -0.0000
vn 0.6094 -0.7928 -0.0000
vn 0.7934 -0.6088 -0.0000
vn 0.7933 -0.6088 -0.0000
vn 0.9247 -0.3803 0.0142
vn 0.9235 -0.3833 0.0142
vn 0.9238 0.3827 0.0142
vn 0.9247 0.3803 0.0142
vn 0.9914 0.1305 -0.0000
vn 0.9915 0.1304 -0.0000
vn 0.3826 0.9238 0.0142
vn 0.6076 0.7942 0.0142
vn 0.6087 0.7933 0.0142
vn 0.1305 0.9914 0.0005
vn 0.1324 0.9912 -0.0013
vn -0.3827 0.9239 -0.0000
vn -0.3821 0.9241 -0.0006
vn 0.3815 0.9244 -0.0000
vn 0.3827 0.9239 -0.0013
vn -0.0000 0.0003 -1.0000
vn 0.7933 0.6087 0.0142
vn 0.7936 0.6083 0.0142
vn 0.0001 0.0001 -1.0000
vn -0.1305 0.9914 -0.0011
vn -0.1319 0.9913 0.0002
vn -0.3829 0.9238 -0.0000
vn -0.1305 0.9914 -0.0000
vn -0.1304 0.9915 -0.0000
vn -0.3829 0.9237 0.0142
vn -0.3818 0.9241 0.0142
vn -0.1304 0.9914 0.0142
vn 0.1305 0.9913 0.0142
vn 0.1299 0.9914 0.0142
vn -0.0000 -0.0001 -1.0000
vn -0.0000 0.0001 -1.0000
vn 0.3838 0.9233 0.0142
vn -0.6087 0.7933 0.0142
vn -0.7964 0.6046 0.0142
vn -0.6076 0.7942 0.0142
vn -0.7933 0.6087 0.0142
vn -0.6076 -0.7942 0.0142
vn -0.6094 -0.7928 0.0142
vn -0.7934 -0.6088 -0.0000
vn -0.7940 -0.6079 -0.0000
vn -0.7939 -0.6079 0.0142
vn -0.7941 -0.6076 0.0142
vn -0.6088 -0.7934 -0.0000
vn -0.6094 -0.7928 -0.0001
vn -0.3827 -0.9239 -0.0001
vn -0.3828 -0.9238 -0.0001
vn -0.9238 0.3826 0.0142
vn -0.9227 0.3852 0.0142
vn -0.9915 0.1304 -0.0000
vn -0.9914 0.1305 -0.0001
vn -0.9913 -0.1305 0.0142
vn -0.9911 -0.1325 0.0142
vn -0.9913 0.1305 0.0142
vn -0.9911 0.1325 0.0142
vn -0.9914 -0.1305 0.0011
vn -0.9916 -0.1295 0.0001
vn -0.3827 -0.9237 0.0142
vn -0.3818 -0.9241 0.0142
vn 0.7932 -0.6087 0.0142
vn 0.6094 -0.7928 0.0142
vn 0.6076 -0.7942 0.0142
vn 0.7914 -0.6112 0.0142
vn 0.3827 -0.9239 -0.0001
vn 0.3828 -0.9238 -0.0001
vn -0.9239 -0.3827 -0.0000
vn -0.9235 -0.3836 0.0009
vn -0.9238 -0.3826 0.0142
vn -0.9227 -0.3852 0.0142
vn 0.1290 -0.9915 0.0142
vn 0.1338 -0.9909 0.0142
vn 0.1305 -0.9914 -0.0000
vn 0.1290 -0.9916 -0.0001
vn -0.1305 -0.9914 -0.0001
vn -0.1286 -0.9917 -0.0000
vn -0.1338 -0.9909 0.0142
vn -0.1286 -0.9916 0.0142
vn 0.3838 -0.9233 0.0142
vn 0.3827 -0.9237 0.0142
vn -0.0000 -0.0000 1.0000
vn -0.0000 -0.0003 1.0000
vn -0.0000 0.0001 1.0000
vn -0.0001 -0.0002 1.0000
vn -0.6088 0.7934 -0.0000
vn -0.6091 0.7931 0.0004
vn -0.0000 -0.0002 1.0000
vn -0.1305 -0.9914 -0.0000
vn -0.1313 -0.9913 -0.0000
vn 0.3789 -0.9255 -0.0001
vn 0.3801 -0.9249 -0.0000
vn -0.0000 -0.0002 -1.0000
vn 0.1323 -0.9912 -0.0000
vn -0.3827 -0.9239 -0.0000
vn -0.3815 -0.9244 0.0001
vn 0.1305 0.9914 -0.0000
vn 0.1323 0.9912 -0.0001
vn -0.0000 0.0002 -1.0000
vn -0.9239 0.3827 0.0002
vn -0.9214 0.3886 -0.0001
vn -0.6088 0.7933 -0.0000
vn -0.6087 0.7934 -0.0000
vn 0.3827 0.9239 -0.0001
vn 0.3789 0.9255 0.0001
vn 0.0001 -0.0002 1.0000
vn -0.3815 0.9244 -0.0000
vn -0.1313 0.9913 -0.0000
vn 0.1305 -0.9914 -0.0002
vn 0.1302 -0.9915 -0.0005
vn -0.1302 -0.9915 0.0002
vn 0.3827 -0.9239 -0.0010
vn 0.3841 -0.9233 0.0005
vn -0.6087 -0.7934 0.0001
vn -0.6102 -0.7923 -0.0015
vn -0.3827 -0.9239 -0.0008
vn -0.3816 -0.9243 0.0003
vn -0.9239 -0.3827 -0.0001
vn -0.9214 -0.3886 0.0002
vn -0.6088 -0.7933 -0.0000
vn -0.6087 -0.7934 -0.0000
vn -0.0001 -0.0002 -1.0000
vn 0.0001 -0.0001 -1.0000
vn -0.7933 -0.6088 -0.0000
vn -0.7951 -0.6065 -0.0001
vn 0.0002 0.0002 1.0000
vn -0.7931 -0.6091 0.0004
vn -0.0002 0.0002 -1.0000
vn -0.0002 0.0001 -1.0000
vn 0.7933 0.6088 -0.0000
vn 0.7946 0.6071 -0.0020
vn 0.6074 0.7944 -0.0000
vn 0.6087 0.7934 -0.0016
vn 0.9241 0.3823 -0.0000
vn 0.9919 0.1272 -0.0002
vn 0.0003 0.0001 1.0000
vn -0.0003 -0.0002 1.0000
vn -0.0002 -0.0002 1.0000
vn -0.0002 -0.0000 -1.0000
vn -0.9914 0.1305 -0.0000
vn -0.9914 -0.1306 -0.0000
vn -0.0000 -0.0001 1.0000
vn 0.0002 -0.0000 1.0000
vn 0.6088 0.7934 0.0001
vn 0.6087 0.7934 0.0001
vn 0.7934 0.6088 0.0001
vn 0.7951 0.6065 -0.0000
vn -0.9914 -0.1305 0.0002
vn -0.9919 -0.1272 -0.0000
vn -0.9233 0.3842 -0.0000
vn -0.9239 0.3827 0.0015
vn 0.9914 -0.1305 -0.0002
vn 0.9919 -0.1272 -0.0000
vn -0.9919 0.1272 0.0001
vn -0.7934 0.6088 -0.0001
vn -0.7951 0.6065 -0.0000
vn -0.7933 0.6088 0.0007
vn -0.7935 0.6086 0.0009
vn 0.7951 -0.6065 0.0002
vn -0.0002 0.0001 1.0000
vn 0.6113 -0.7914 0.0001
vn 0.6087 -0.7934 -0.0000
vn 0.0001 -0.0002 -1.0000
vn 0.9241 -0.3823 -0.0000
vn 0.7933 -0.6088 -0.0022
vn 0.7948 -0.6069 -0.0000
vn 0.6087 -0.7934 0.0005
vn 0.6068 -0.7949 -0.0019
vn 0.1296 0.9916 -0.0000
vn 0.3827 0.9239 0.0001
vn 0.3854 0.9227 -0.0001
vn -0.6088 0.7933 -0.0002
vn -0.6121 0.7908 -0.0000
vn 0.6088 0.7933 -0.0001
vn 0.6071 0.7946 -0.0000
vn 0.9229 0.3851 -0.0000
vn 0.9239 0.3827 -0.0001
vn 0.7959 0.6055 -0.0001
vn -0.6088 0.7934 -0.0002
vn -0.6126 0.7904 -0.0000
vn -0.9234 -0.3838 0.0001
vn -0.9914 -0.1305 -0.0000
vn -0.9916 -0.1297 -0.0000
vn -0.7934 0.6088 -0.0000
vn -0.7908 0.6120 -0.0002
vn -0.1326 0.9912 0.0001
vn -0.3818 0.9243 -0.0001
vn -0.9239 0.3827 -0.0000
vn -0.9241 0.3821 -0.0000
vn -0.9239 0.3827 -0.0001
vn -0.9240 0.3824 -0.0001
vn -0.0000 -1.0000 -0.0000
vn -1.0000 -0.0000 -0.0000
vn -0.0000 1.0000 -0.0000
vn 1.0000 -0.0000 -0.0000
vn 0.9256 0.3785 -0.0000
vn 0.9239 0.3827 0.0002
vn 0.7908 0.6120 0.0002
vn -0.9914 0.1305 0.0001
vn -0.9909 0.1348 -0.0001
vn -0.9243 -0.3816 -0.0001
vn -0.9914 -0.1305 -0.0001
vn -0.9910 -0.1342 0.0001
vn 0.0001 -0.0000 1.0000
vn 0.1305 0.9914 0.0001
vn 0.1312 0.9914 -0.0000
vn 0.3827 0.9239 -0.0000
vn -0.3821 -0.9240 0.0142
vn -0.6079 -0.7939 0.0142
vn -0.3813 -0.9244 0.0142
vn -0.9240 -0.3823 -0.0004
vn -0.6109 -0.7917 -0.0001
vn -0.1327 -0.9911 0.0142
vn -0.1293 -0.9915 0.0142
vn -0.3821 -0.9241 -0.0000
vn -0.7926 -0.6097 0.0001
vn 0.9914 -0.1305 -0.0000
vn 0.9914 -0.1306 -0.0000
vn -0.7929 -0.6092 0.0142
vn 0.9913 -0.1306 0.0142
vn 0.9914 -0.1301 0.0142
vn -0.9248 -0.3802 0.0142
vn -0.7925 -0.6096 0.0142
vn -0.6109 -0.7916 0.0142
vn 0.6079 -0.7939 0.0142
vn 0.3833 -0.9235 0.0142
vn 0.6092 -0.7929 0.0142
vn 0.6093 -0.7930 -0.0000
vn 0.3833 -0.9236 -0.0000
vn 0.7937 -0.6083 0.0001
vn 0.9237 -0.3832 -0.0000
vn 0.9237 -0.3831 -0.0000
vn 0.9239 -0.3827 0.0005
vn 0.3813 -0.9244 0.0142
vn 0.1289 -0.9917 -0.0001
vn 0.1319 -0.9912 0.0142
vn 0.1289 -0.9916 0.0142
vn -0.1293 -0.9916 -0.0000
vn 0.7936 -0.6082 0.0142
vn 0.7956 -0.6056 0.0142
vn 0.9236 -0.3832 0.0142
vn 0.9228 -0.3850 0.0142
vn -0.1305 0.9914 0.0009
vn -0.1298 0.9915 0.0002
vn -0.3830 0.9237 0.0003
vn 0.1305 0.9914 -0.0002
vn 0.1293 0.9916 0.0010
vn 0.3834 0.9236 -0.0000
vn 0.3827 0.9239 0.0007
vn -0.6043 0.7966 0.0142
vn -0.7956 0.6056 0.0142
vn 0.0001 -0.0000 -1.0000
vn 0.3852 0.9227 0.0142
vn -0.3826 0.9238 0.0142
vn -0.3862 0.9223 0.0142
vn 0.6043 0.7966 0.0142
vn 0.1327 0.9910 0.0142
vn -0.1305 0.9913 0.0142
vn -0.1327 0.9911 0.0142
vn 0.7956 0.6056 0.0141
vn -0.9237 0.3830 0.0142
vn 0.9238 0.3826 0.0142
vn 0.9237 0.3830 0.0142
vn -0.9914 -0.1301 0.0142
vn -0.9914 0.1301 0.0142
vn 0.9913 0.1305 0.0142
vn 0.9914 0.1301 0.0142
vn 0.9234 0.3837 0.0011
vn 0.9914 0.1305 0.0007
vn 0.9914 0.1306 0.0007
vn 0.9914 -0.1305 0.0010
vn 0.9914 -0.1311 0.0005
vn -0.9914 -0.1305 -0.0004
vn -0.9914 -0.1311 0.0001
vn 0.0642 -0.4879 -0.8705
vn 0.0646 -0.4876 -0.8707
vn -0.3817 -0.9243 -0.0001
vn -0.0087 0.0002 1.0000
vn -0.0279 0.0405 0.9988
vn -0.5142 0.7480 0.4197
vn -0.5178 0.7498 0.4120
vn 0.0068 -0.0520 0.9986
vn 0.6095 -0.7928 -0.0000
vn 0.1884 0.4548 -0.8704
vn 0.1882 0.4548 -0.8705
vn -0.1883 0.4547 -0.8705
vn -0.1882 0.4549 -0.8704
vn 0.3827 -0.9239 -0.0000
vn 0.3817 -0.9243 -0.0001
vn -0.1308 -0.9914 -0.0000
vn -0.1309 -0.9914 -0.0000
vn -0.0642 -0.4878 -0.8706
vn -0.0644 -0.4879 -0.8705
vn 0.1313 -0.9913 -0.0000
vn 0.1314 -0.9913 -0.0000
vn 0.7931 -0.6091 -0.0000
vn 0.7928 -0.6095 -0.0000
vn 0.3903 -0.2997 -0.8705
vn 0.3903 -0.2995 -0.8706
vn -0.3070 -0.8589 0.4100
vn -0.3068 -0.8606 0.4066
vn -0.0208 -0.9136 0.4061
vn -0.0213 -0.9125 0.4085
vn 0.2547 -0.8712 0.4197
vn 0.2611 -0.8774 0.4026
vn -0.5564 -0.7267 0.4029
vn -0.5558 -0.7226 0.4111
vn 0.7226 -0.5558 0.4111
vn 0.7267 -0.5564 0.4029
vn 0.5178 -0.7498 0.4120
vn 0.5142 -0.7480 0.4197
vn -0.2611 0.8774 0.4026
vn -0.2547 0.8712 0.4197
vn 0.0213 0.9125 0.4085
vn 0.0208 0.9136 0.4060
vn 0.3067 0.8606 0.4066
vn 0.3070 0.8588 0.4100
vn 0.7498 0.5178 0.4120
vn 0.7479 0.5143 0.4197
vn 0.5564 0.7267 0.4029
vn 0.5559 0.7225 0.4111
vn 0.0642 0.4876 -0.8707
vn 0.0647 0.4878 -0.8705
vn 0.0009 0.0011 1.0000
vn -0.7224 0.5558 0.4113
vn -0.7226 0.5557 0.4111
vn -0.0008 0.0006 1.0000
vn -0.0010 -0.0003 1.0000
vn -0.0010 -0.0001 1.0000
vn -0.0009 0.0004 1.0000
vn -0.8650 0.2858 0.4124
vn -0.8763 -0.2404 0.4175
vn 0.0001 -0.0017 1.0000
vn -0.0010 -0.0004 1.0000
vn -0.7492 -0.5150 0.4164
vn -0.7502 -0.5172 0.4119
vn -0.6095 0.7928 -0.0000
vn -0.7928 0.6095 -0.0000
vn -0.4880 -0.0643 -0.8705
vn -0.9243 0.3817 -0.0001
vn -0.9914 0.1309 -0.0000
vn -0.7931 -0.6091 -0.0000
vn -0.7928 -0.6095 -0.0000
vn -0.6095 -0.7928 -0.0000
vn -0.0010 -0.0000 1.0000
vn -0.0010 0.0001 1.0000
vn -0.4544 -0.1882 -0.8707
vn -0.4550 -0.1879 -0.8704
vn -0.9243 -0.3817 -0.0000
vn -0.3905 -0.2996 -0.8705
vn -0.3902 -0.2997 -0.8706
vn 0.9136 -0.0213 0.4061
vn 0.9126 -0.0208 0.4084
vn 0.8606 -0.3067 0.4066
vn 0.8588 -0.3071 0.4100
vn 0.8698 0.2588 0.4200
vn 0.8785 0.2569 0.4028
vn -0.3823 0.9240 -0.0000
vn -0.3817 0.9243 -0.0001
vn -0.0643 0.4879 -0.8705
vn -0.0644 0.4878 -0.8706
vn 0.3823 0.9240 -0.0000
vn 0.3817 0.9243 -0.0001
vn -0.1309 0.9914 -0.0000
vn 0.1314 0.9913 -0.0000
vn 0.4549 -0.1884 -0.8704
vn 0.4547 -0.1878 -0.8706
vn 0.4880 -0.0643 -0.8705
vn 0.9243 -0.3817 -0.0000
vn -0.9913 -0.1314 -0.0001
vn 0.9914 0.1309 -0.0000
vn 0.6087 0.7934 -0.0000
vn 0.6095 0.7928 -0.0000
vn 0.9243 0.3817 -0.0001
vn 0.9913 -0.1314 -0.0001
vn 0.7934 0.6088 -0.0000
vn 0.7928 0.6095 -0.0000
vn 0.3827 -0.9239 -0.0003
vn 0.3838 -0.9234 0.0009
vn 0.6087 -0.7934 0.0012
vn 0.6075 -0.7943 -0.0003
vn 0.9235 -0.3837 -0.0000
vn 0.9238 -0.3829 -0.0000
vn 0.7934 -0.6087 -0.0000
vn 0.7933 -0.6088 -0.0001
vn -0.3827 -0.9239 0.0010
vn -0.3838 -0.9234 -0.0002
vn -0.6087 -0.7934 -0.0002
vn -0.6075 -0.7943 0.0013
vn 0.6095 -0.7928 0.0001
vn 0.6085 -0.7936 -0.0000
vn 0.6088 0.7934 -0.0000
vn 0.7933 0.6089 0.0001
vn 0.9915 -0.1298 -0.0000
vn 0.9915 0.1298 -0.0000
vn 0.9238 0.3829 -0.0000
vn 0.6080 0.7939 -0.0000
vn 0.6085 0.7936 -0.0000
vn 0.7934 0.6087 -0.0000
vn -0.1322 0.9912 -0.0000
vn 0.1317 0.9913 -0.0000
vn -0.6088 0.7933 0.0001
vn -0.3804 0.9248 -0.0000
vn 0.3804 0.9248 -0.0000
vn 0.3813 0.9245 -0.0000
vn -0.6085 0.7936 -0.0000
vn -0.7934 0.6087 -0.0000
vn -0.9241 0.3822 -0.0000
vn -0.9239 0.3827 -0.0005
vn -0.7934 0.6088 0.0002
vn -0.7926 0.6097 -0.0009
vn 0.3814 -0.9244 -0.0000
vn 0.3804 -0.9248 -0.0000
vn -0.3815 -0.9244 -0.0001
vn -0.3804 -0.9248 -0.0000
vn -0.1322 -0.9912 -0.0000
vn 0.1317 -0.9913 -0.0000
vn 0.1305 -0.9914 0.0002
vn 0.1300 -0.9915 -0.0003
vn -0.1305 -0.9914 -0.0003
vn -0.1304 -0.9915 -0.0002
vn -0.0002 -0.0001 -1.0000
vn -0.6094 -0.7929 -0.0000
vn -0.6085 -0.7936 0.0001
vn -0.7934 -0.6087 -0.0000
vn -0.9241 -0.3820 -0.0000
vn -0.8677 0.2856 0.4068
vn -0.7503 -0.5179 0.4110
vn -0.7497 -0.5167 0.4135
vn -0.7236 0.5578 0.4066
vn -0.7212 0.5575 0.4111
vn 0.2548 -0.8704 0.4213
vn 0.2620 -0.8774 0.4018
vn -0.0207 -0.9136 0.4061
vn -0.0213 -0.9126 0.4084
vn -0.5565 -0.7248 0.4062
vn -0.5563 -0.7225 0.4104
vn 0.4547 -0.1884 -0.8705
vn 0.4547 -0.1882 -0.8706
vn 0.6082 -0.7938 -0.0001
vn 0.3904 -0.2996 -0.8705
vn 0.7939 -0.6080 -0.0001
vn 0.9237 -0.3830 -0.0000
vn 0.9240 -0.3825 -0.0000
vn 0.3826 -0.9239 -0.0000
vn -0.3071 -0.8596 0.4085
vn -0.3071 -0.8595 0.4085
vn 0.7272 -0.5584 0.3991
vn 0.7213 -0.5574 0.4112
vn 0.3059 0.8600 0.4086
vn 0.3059 0.8600 0.4085
vn 0.5178 -0.7498 0.4119
vn 0.5127 -0.7472 0.4228
vn 0.8556 -0.3047 0.4184
vn 0.8640 -0.3033 0.4020
vn -0.0007 -0.0010 1.0000
vn -0.0009 0.0003 1.0000
vn 0.0214 0.9126 0.4084
vn 0.0208 0.9136 0.4061
vn -0.2548 0.8704 0.4213
vn -0.2620 0.8774 0.4018
vn -0.5128 0.7472 0.4229
vn -0.5177 0.7499 0.4119
vn -0.0018 -0.0005 1.0000
vn -0.0011 -0.0000 1.0000
vn -0.7939 -0.6080 -0.0001
vn 0.1310 -0.9914 -0.0000
vn 0.1311 -0.9914 -0.0000
vn -0.3814 -0.9244 -0.0000
vn -0.6088 -0.7934 -0.0002
vn -0.6099 -0.7925 -0.0000
vn -0.6087 0.7934 -0.0002
vn -0.6099 0.7925 -0.0000
vn -0.7933 0.6088 -0.0000
vn -0.7939 0.6080 -0.0001
vn 0.0645 -0.4877 -0.8706
vn -0.1311 -0.9914 -0.0000
vn -0.1310 -0.9914 -0.0000
vn -0.0642 -0.4877 -0.8706
vn -0.0645 -0.4879 -0.8705
vn -0.4887 -0.0644 -0.8701
vn -0.4879 -0.0651 -0.8705
vn -0.9247 -0.3807 -0.0000
vn -0.9235 -0.3837 -0.0003
vn -0.9235 0.3837 -0.0001
vn -0.9912 -0.1323 -0.0001
vn -0.9916 -0.1297 -0.0003
vn -0.9916 0.1292 -0.0001
vn -0.4546 -0.1883 -0.8705
vn -0.4558 -0.1877 -0.8701
vn -0.8780 -0.2403 0.4141
vn -0.3829 0.9238 -0.0001
vn -0.3814 0.9244 -0.0000
vn 0.5563 0.7226 0.4104
vn 0.5565 0.7247 0.4062
vn 0.7492 0.5163 0.4149
vn 0.7501 0.5181 0.4110
vn -0.0004 -0.0000 1.0000
vn -0.0071 -0.0038 1.0000
vn -0.0005 -0.0001 1.0000
vn 0.0015 0.0019 1.0000
vn 0.8743 0.2579 0.4113
vn 0.8727 0.2581 0.4145
vn 0.9084 -0.0231 0.4174
vn 0.9096 -0.0238 0.4148
vn 0.4879 -0.0642 -0.8705
vn 0.4879 -0.0643 -0.8705
vn -0.0643 0.4879 -0.8706
vn -0.0644 0.4877 -0.8706
vn 0.0642 0.4877 -0.8707
vn 0.0644 0.4878 -0.8706
vn 0.1309 0.9914 -0.0000
vn 0.1310 0.9914 -0.0000
vn -0.1884 0.4545 -0.8706
vn -0.1310 0.9914 -0.0000
vn 0.7939 0.6080 -0.0001
vn 0.9237 0.3830 -0.0001
vn 0.6082 0.7938 -0.0001
vn 0.3830 0.9238 -0.0000
vn 0.3826 0.9239 -0.0000
vn 0.1885 0.4546 -0.8705
vn 0.1882 0.4546 -0.8706
vn 0.7934 0.6087 -0.0009
vn 0.7924 0.6100 0.0005
vn 0.9916 0.1297 -0.0008
vn 0.9912 0.1325 -0.0000
vn 0.9239 0.3827 -0.0009
vn 0.9239 0.3826 -0.0011
vn 0.3830 0.9237 -0.0000
vn 0.7937 0.6082 -0.0000
vn 0.7938 0.6082 -0.0000
vn 0.6079 0.7940 -0.0000
vn 0.9244 0.3815 -0.0000
vn -0.9237 -0.3831 0.0004
vn 0.4552 0.1885 -0.8702
vn 0.4546 0.1889 -0.8704
vn -0.9914 -0.1305 0.0003
vn -0.9912 -0.1322 0.0017
vn -0.4880 0.0640 -0.8705
vn -0.4881 0.0643 -0.8704
vn -0.9915 0.1300 0.0017
vn -0.9912 0.1322 -0.0000
vn 0.7609 0.0980 0.6414
vn 0.7644 0.1022 0.6366
vn 0.9235 0.3837 -0.0000
vn 0.7111 0.2935 0.6389
vn 0.7122 0.2959 0.6365
vn 0.4880 0.0642 -0.8705
vn 0.4886 0.0636 -0.8702
vn 0.3905 0.2997 -0.8704
vn 0.3893 0.3000 -0.8709
vn 0.6086 0.7934 0.0002
vn 0.6088 0.7933 -0.0000
vn 0.7135 -0.2947 0.6356
vn 0.7125 -0.2951 0.6366
vn -0.0015 -0.0026 1.0000
vn -0.0006 -0.0024 1.0000
vn 0.9236 -0.3834 -0.0007
vn 0.9914 -0.1305 -0.0008
vn 0.9916 -0.1297 -0.0000
vn 0.9239 -0.3827 0.0010
vn 0.9234 -0.3839 -0.0000
vn 0.9914 -0.1305 -0.0011
vn 0.9918 -0.1278 0.0011
vn 0.7644 -0.1022 0.6366
vn 0.7609 -0.0980 0.6414
vn 0.9918 0.1278 -0.0010
vn 0.9916 0.1291 -0.0000
vn 0.9912 -0.1325 -0.0000
vn 0.6099 0.7925 0.0001
vn 0.6100 0.7924 -0.0000
vn 0.3829 0.9238 -0.0000
vn 0.3833 0.9236 -0.0005
vn 0.2993 0.3901 -0.8708
vn 0.3002 0.3901 -0.8705
vn 0.6088 0.4665 0.6417
vn 0.6093 0.4695 0.6389
vn 0.4679 0.6078 0.6416
vn 0.4677 0.6109 0.6388
vn 0.7921 0.6104 -0.0000
vn -0.7943 0.6075 -0.0000
vn -0.7934 0.6087 -0.0015
vn -0.0042 0.0001 1.0000
vn -0.3827 0.9239 -0.0014
vn -0.3845 0.9231 0.0005
vn 0.1305 0.9914 -0.0008
vn 0.1298 0.9915 -0.0001
vn -0.1293 0.9916 -0.0011
vn 0.1288 0.9917 -0.0000
vn -0.1288 0.9917 -0.0000
vn -0.6088 0.7933 0.0005
vn -0.6071 0.7946 -0.0014
vn -0.6116 0.4677 0.6381
vn -0.6105 0.4679 0.6390
vn -0.6078 0.7941 -0.0003
vn -0.6081 0.7938 -0.0000
vn -0.7937 0.6082 -0.0000
vn -0.7938 0.6082 -0.0000
vn -0.3816 0.9243 -0.0000
vn -0.3908 0.2998 -0.8703
vn -0.3907 0.2989 -0.8706
vn -0.2996 0.3905 -0.8705
vn -0.2995 0.3909 -0.8703
vn -0.2944 0.7099 0.6398
vn -0.2927 0.7092 0.6414
vn -0.4663 0.6091 0.6415
vn -0.4692 0.6097 0.6388
vn -0.3826 0.9239 -0.0006
vn -0.3831 0.9237 -0.0002
vn -0.0034 0.0014 1.0000
vn -0.0027 -0.0044 1.0000
vn -0.0037 0.0005 1.0000
vn -0.7643 -0.1020 0.6368
vn -0.7644 -0.1022 0.6366
vn -0.0037 -0.0005 1.0000
vn -0.7645 0.1020 0.6365
vn -0.7643 0.1021 0.6368
vn -0.4546 0.1883 -0.8706
vn -0.4548 0.1889 -0.8703
vn -0.7128 0.2943 0.6366
vn -0.7103 0.2951 0.6390
vn -0.9235 0.3837 -0.0000
vn -0.7135 -0.2948 0.6356
vn -0.7130 -0.2938 0.6367
vn -0.0994 0.7624 0.6395
vn -0.0990 0.7621 0.6399
vn 0.3826 0.9239 0.0001
vn 0.3831 0.9237 -0.0003
vn 0.0994 0.7620 0.6399
vn 0.0991 0.7624 0.6394
vn 0.1306 0.9914 -0.0008
vn 0.1293 0.9916 0.0002
vn -0.1306 0.9914 0.0001
vn -0.1293 0.9916 -0.0009
vn -0.9244 0.3815 -0.0000
vn -0.9246 -0.3810 -0.0000
vn -0.9912 0.1325 -0.0000
vn 0.2944 0.7100 0.6398
vn 0.2944 0.7099 0.6398
vn -0.9912 -0.1325 -0.0000
vn 0.2926 -0.7124 0.6379
vn 0.2942 -0.7132 0.6362
vn 0.1001 -0.7625 0.6392
vn 0.1015 -0.7637 0.6376
vn -0.1305 -0.9914 0.0004
vn -0.3811 -0.9245 -0.0000
vn 0.3827 -0.9239 0.0004
vn 0.3818 -0.9242 -0.0005
vn 0.1310 -0.9914 0.0004
vn 0.1305 0.9914 0.0004
vn 0.6080 0.7940 0.0017
vn 0.6097 0.7926 -0.0000
vn -0.0001 0.0003 -1.0000
vn 0.3818 0.9242 0.0004
vn 0.3822 0.9241 -0.0000
vn 0.0001 0.0002 -1.0000
vn -0.1317 -0.9913 -0.0000
vn -0.0022 -0.0012 1.0000
vn -0.0029 -0.0008 1.0000
vn 0.7934 -0.6088 -0.0006
vn 0.7946 -0.6071 0.0010
vn 0.6116 -0.4673 0.6384
vn 0.6110 -0.4673 0.6390
vn 0.4681 -0.6110 0.6384
vn 0.4703 -0.6114 0.6364
vn 0.1883 -0.4547 -0.8705
vn 0.1876 -0.4561 -0.8700
vn 0.7943 -0.6075 -0.0000
vn 0.6081 -0.7938 -0.0000
vn 0.6088 -0.7934 -0.0005
vn 0.6095 -0.7928 0.0004
vn 0.3001 -0.3911 -0.8700
vn 0.3005 -0.3896 -0.8706
vn 0.7937 -0.6083 0.0002
vn 0.7936 -0.6084 -0.0000
vn -0.0001 0.0001 -1.0000
vn -0.3827 -0.9239 -0.0004
vn -0.3822 -0.9241 -0.0000
vn -0.1883 -0.4547 -0.8705
vn -0.3823 -0.9240 0.0004
vn -0.0026 0.0015 1.0000
vn -0.0024 0.0007 1.0000
vn 0.6106 -0.7919 0.0009
vn 0.6097 -0.7926 -0.0000
vn 0.3799 -0.9250 -0.0004
vn -0.2934 -0.7142 0.6356
vn -0.2942 -0.7118 0.6378
vn -0.1003 -0.7639 0.6375
vn -0.1013 -0.7625 0.6391
vn -0.1305 -0.9914 -0.0005
vn -0.1302 -0.9915 -0.0002
vn 0.2926 0.7124 0.6379
vn 0.2942 0.7132 0.6362
vn 0.7936 0.6085 -0.0000
vn 0.7936 0.6084 -0.0000
vn 0.4692 0.6100 0.6385
vn 0.4691 0.6123 0.6365
vn 0.0002 0.0002 -1.0000
vn 0.0056 0.0023 1.0000
vn 0.0037 0.0005 1.0000
vn 0.9915 -0.1299 -0.0000
vn 0.9915 0.1305 -0.0000
vn 0.9237 0.3830 -0.0000
vn 0.0002 0.0001 -1.0000
vn 0.0017 0.0002 1.0000
vn 0.0070 0.0033 1.0000
vn -0.0046 -0.0046 1.0000
vn 0.7946 0.6071 -0.0000
vn 0.7943 0.6075 -0.0000
vn 0.9234 0.3838 -0.0000
vn 0.6081 0.7938 -0.0000
vn 0.3902 0.2994 -0.8707
vn 0.3915 0.2991 -0.8702
vn 0.4550 0.1884 -0.8703
vn 0.4543 0.1888 -0.8706
vn 0.2992 0.3908 -0.8705
vn 0.2998 0.3908 -0.8703
vn 0.6112 0.4670 0.6390
vn 0.6113 0.4676 0.6385
vn 0.9234 0.3839 -0.0000
vn 0.7104 0.2953 0.6388
vn 0.7104 0.2952 0.6389
vn 0.3814 0.9244 -0.0000
vn 0.1306 0.9914 -0.0006
vn 0.1302 0.9915 -0.0003
vn -0.1317 0.9913 -0.0000
vn -0.3809 0.9246 -0.0000
vn -0.3826 0.9239 -0.0000
vn -0.3820 0.9242 -0.0005
vn -0.2948 0.7135 0.6356
vn -0.2925 0.7124 0.6379
vn 0.3826 0.9239 -0.0005
vn 0.3799 0.9250 0.0017
vn -0.1306 0.9914 -0.0003
vn -0.1302 0.9915 -0.0006
vn 0.1003 0.7639 0.6375
vn 0.1013 0.7625 0.6391
vn -0.1001 0.7625 0.6392
vn -0.1015 0.7637 0.6376
vn 0.0041 0.0010 1.0000
vn 0.0037 -0.0005 1.0000
vn 0.9916 0.1296 -0.0005
vn 0.9915 0.1302 -0.0000
vn 0.9234 -0.3838 -0.0000
vn 0.0002 -0.0002 -1.0000
vn -0.0001 -0.0000 -1.0000
vn 0.9239 -0.3827 0.0006
vn 0.9234 -0.3839 -0.0003
vn 0.7103 -0.2953 0.6389
vn 0.7104 -0.2953 0.6388
vn 0.4879 0.0643 -0.8705
vn 0.4881 0.0641 -0.8704
vn 0.9914 -0.1305 -0.0010
vn 0.9917 -0.1289 0.0003
vn 0.7619 -0.0990 0.6401
vn 0.7626 -0.0999 0.6391
vn 0.7619 0.0995 0.6401
vn 0.7625 0.1003 0.6391
vn 0.0002 -0.0000 -1.0000
vn 0.0002 -0.0001 -1.0000
vn -0.2942 -0.7115 0.6381
vn -0.2944 -0.7110 0.6386
vn -0.1884 -0.4549 -0.8704
vn -0.1880 -0.4548 -0.8705
vn -0.2996 -0.3905 -0.8705
vn -0.3000 -0.3905 -0.8704
vn -0.3826 -0.9239 -0.0000
vn -0.3825 -0.9239 -0.0000
vn 0.1305 -0.9915 -0.0003
vn -0.1305 -0.9914 0.0001
vn -0.1309 -0.9914 -0.0002
vn 0.1003 -0.7627 0.6390
vn 0.1003 -0.7626 0.6390
vn 0.3821 -0.9241 -0.0000
vn -0.1007 -0.7625 0.6391
vn -0.1006 -0.7626 0.6389
vn -0.6088 -0.7933 0.0001
vn -0.6087 -0.7934 0.0002
vn -0.7933 -0.6088 -0.0003
vn -0.0015 0.0027 1.0000
vn -0.0018 0.0018 1.0000
vn -0.6112 -0.4717 0.6355
vn -0.6105 -0.4679 0.6390
vn -0.4688 -0.6098 0.6391
vn -0.4687 -0.6108 0.6381
vn -0.6095 -0.7928 -0.0003
vn -0.6092 -0.7930 -0.0000
vn -0.3827 -0.9239 0.0001
vn -0.7933 -0.6089 0.0001
vn 0.2997 -0.3906 -0.8704
vn 0.2999 -0.3902 -0.8705
vn 0.2941 -0.7111 0.6386
vn 0.2945 -0.7114 0.6381
vn 0.1881 -0.4550 -0.8704
vn 0.6088 -0.7934 0.0002
vn 0.6087 -0.7934 0.0002
vn 0.4676 -0.6116 0.6382
vn 0.4696 -0.6120 0.6363
vn 0.6120 -0.4696 0.6363
vn 0.6127 -0.4696 0.6357
vn 0.6092 -0.7930 -0.0000
vn 0.3827 -0.9239 0.0001
vn 0.1307 -0.9914 -0.0000
vn -0.1303 -0.9915 -0.0000
vn 0.1304 -0.9915 -0.0000
vn 0.7933 -0.6089 -0.0000
vn 0.7934 -0.6087 0.0001
vn 0.0013 0.0022 1.0000
vn 0.0022 0.0021 1.0000
vn -0.7116 0.2942 0.6380
vn -0.7110 0.2944 0.6385
vn -0.9239 0.3825 -0.0000
vn -0.7934 0.6088 0.0001
vn -0.7934 0.6087 0.0002
vn -0.6091 0.7931 -0.0000
vn -0.7626 0.1007 0.6390
vn -0.7627 0.1006 0.6389
vn -0.7627 -0.1003 0.6389
vn -0.7626 -0.1003 0.6390
vn -0.4878 0.0642 -0.8706
vn -0.4879 0.0644 -0.8705
vn -0.7112 -0.2941 0.6386
vn -0.7114 -0.2946 0.6381
vn -0.9239 -0.3827 0.0005
vn -0.9241 -0.3821 -0.0000
vn -0.9239 0.3826 -0.0000
vn -0.4718 0.6112 0.6355
vn -0.4680 0.6105 0.6390
vn -0.6092 0.7930 -0.0000
vn -0.6098 0.4688 0.6390
vn -0.6109 0.4687 0.6381
vn -0.4549 0.1884 -0.8704
vn -0.4547 0.1880 -0.8705
vn -0.3903 0.2996 -0.8706
vn -0.3904 0.3001 -0.8704
vn -0.2997 0.3901 -0.8706
vn 0.0026 0.0015 1.0000
vn 0.0018 0.0017 1.0000
vn -0.9914 -0.1305 -0.0003
vn -0.9915 -0.1304 -0.0003
vn -0.0001 -0.0001 -1.0000
vn -0.6090 -0.7932 -0.0000
vn -0.9239 -0.3825 -0.0000
vn -0.4696 -0.6120 0.6364
vn -0.4695 -0.6127 0.6357
vn -0.6116 -0.4677 0.6381
vn -0.6120 -0.4695 0.6364
vn -0.7930 -0.6093 0.0005
vn -0.9914 -0.1307 -0.0000
vn 0.0022 -0.0012 1.0000
vn 0.0021 -0.0021 1.0000
vn -0.0002 -0.0002 -1.0000
vn -0.9915 0.1303 -0.0000
vn -0.9914 0.1308 -0.0000
vn -0.9915 -0.1304 -0.0000
s 0
f 2892//1536 3417//1536 3416//1536
f 2892//1537 3416//1537 2893//1537
f 2893//1538 3416//1538 3418//1538
f 2893//1539 3418//1539 2895//1539
f 2895//1540 3408//1540 2884//1540
f 2895//1540 2884//1540 2888//1540
f 2885//1540 2884//1540 3408//1540
f 3415//1541 3419//1541 3417//1541
f 3415//1542 3417//1542 2892//1542
f 2894//1543 2896//1543 3412//1543
f 2894//1544 3412//1544 2890//1544
f 2887//1545 3411//1545 3421//1545
f 2887//1546 3421//1546 2896//1546
f 2895//1547 3418//1547 3420//1547
f 2895//1548 3420//1548 3408//1548
f 2896//1549 2894//1549 2888//1549
f 2896//1550 2888//1550 2887//1550
f 2893//1540 2895//1540 2888//1540
f 2893//1540 2888//1540 2894//1540
f 2886//1551 3409//1551 3411//1551
f 2886//1552 3411//1552 2887//1552
f 2881//1553 3402//1553 3410//1553
f 2881//1554 3410//1554 2883//1554
f 3406//1540 2882//1540 3407//1540
f 2883//1555 3410//1555 3409//1555
f 2883//1556 3409//1556 2886//1556
f 2887//1557 2888//1557 2884//1557
f 2887//1558 2884//1558 2886//1558
f 3415//1540 2892//1540 2890//1540
f 3415//1540 2890//1540 2889//1540
f 2892//1540 2893//1540 2894//1540
f 2892//1540 2894//1540 2890//1540
f 3412//1559 3413//1559 2889//1559
f 3412//1560 2889//1560 2890//1560
f 3414//1540 3415//1540 2889//1540
f 3414//1540 2889//1540 2891//1540
f 2896//1561 3421//1561 3422//1561
f 2896//1562 3422//1562 3412//1562
f 3434//1563 3428//1563 2900//1563
f 3434//1564 2900//1564 2891//1564
f 2891//1565 3435//1565 3434//1565
f 2902//1566 3430//1566 3432//1566
f 2902//1567 3432//1567 2903//1567
f 3429//1568 3433//1568 3431//1568
f 3429//1569 3431//1569 2901//1569
f 3436//1570 3437//1570 2903//1570
f 3436//1571 2903//1571 3432//1571
f 3414//1540 2900//1540 2899//1540
f 3414//1572 2899//1572 3424//1572
f 2889//1573 3413//1573 3435//1573
f 2889//1574 3435//1574 2891//1574
f 3437//1575 3414//1575 2903//1575
f 2891//1540 2900//1540 3414//1540
f 2901//1576 3431//1576 3430//1576
f 2901//1577 3430//1577 2902//1577
f 2898//1568 3426//1568 3425//1568
f 2898//1578 3425//1578 3386//1578
f 3423//1579 3427//1579 3426//1579
f 3423//1580 3426//1580 2898//1580
f 2897//1581 2898//1581 3386//1581
f 2897//1582 3386//1582 2869//1582
f 2897//1583 3424//1583 3423//1583
f 2897//1583 3423//1583 2898//1583
f 2899//1584 3428//1584 3423//1584
f 2899//1585 3423//1585 3424//1585
f 2902//1586 2903//1586 3414//1586
f 2902//1586 3414//1586 2901//1586
f 2897//1587 2869//1587 3384//1587
f 2897//1540 3384//1540 3424//1540
f 2899//1588 2900//1588 3428//1588
f 3414//1540 3384//1540 3429//1540
f 3414//1540 3429//1540 2901//1540
f 2885//1540 3408//1540 3407//1540
f 2885//1540 3407//1540 2882//1540
f 2869//1589 3386//1589 3385//1589
f 3389//1561 3390//1561 3387//1561
f 3389//1561 3387//1561 3388//1561
f 3385//1590 2865//1590 2868//1590
f 3385//1591 2868//1591 2869//1591
f 3378//1592 2865//1592 3385//1592
f 2872//1593 2873//1593 2870//1593
f 2872//1594 2870//1594 2871//1594
f 3394//1595 3395//1595 3392//1595
f 3394//1596 3392//1596 2871//1596
f 2875//1597 3394//1597 2871//1597
f 2875//1598 2871//1598 2870//1598
f 2871//1599 3392//1599 3391//1599
f 2871//1600 3391//1600 2872//1600
f 2872//1601 3391//1601 3393//1601
f 2872//1602 3393//1602 2874//1602
f 2868//1540 3383//1540 3384//1540
f 2868//1540 3384//1540 2869//1540
f 3378//1603 3377//1603 2864//1603
f 3378//1604 2864//1604 2865//1604
f 3380//1605 3381//1605 2866//1605
f 3380//1606 2866//1606 3379//1606
f 2863//1607 3376//1607 3375//1607
f 2863//1608 3375//1608 2862//1608
f 3377//1609 3376//1609 2863//1609
f 3377//1610 2863//1610 2864//1610
f 2867//1611 3382//1611 3379//1611
f 2867//1612 3379//1612 2866//1612
f 3381//1540 3383//1540 2865//1540
f 3381//1540 2865//1540 2864//1540
f 2868//1540 2865//1540 3383//1540
f 2866//1587 3381//1587 2864//1587
f 2866//1540 2864//1540 2863//1540
f 2867//1540 2866//1540 2863//1540
f 2867//1540 2863//1540 2862//1540
f 2862//1540 2875//1540 3396//1540
f 2862//1540 3396//1540 2867//1540
f 3404//1540 3405//1540 2880//1540
f 3404//1540 2880//1540 2877//1540
f 3406//1540 3403//1540 2876//1540
f 3406//1540 2876//1540 2882//1540
f 2872//1613 2874//1613 2880//1613
f 2872//1614 2880//1614 2873//1614
f 3403//1540 3404//1540 2877//1540
f 3403//1540 2877//1540 2876//1540
f 3405//1540 3398//1540 2873//1540
f 3405//1540 2873//1540 2880//1540
f 2886//1615 2884//1615 2883//1615
f 2882//1616 2881//1616 2883//1616
f 2870//1540 2873//1540 3398//1540
f 2885//1617 2882//1617 2883//1617
f 2885//1618 2883//1618 2884//1618
f 2879//1619 3401//1619 3402//1619
f 2879//1620 3402//1620 2881//1620
f 3396//1621 3399//1621 3382//1621
f 3396//1622 3382//1622 2867//1622
f 2862//1623 3375//1623 3394//1623
f 2862//1624 3394//1624 2875//1624
f 3396//1540 2875//1540 3397//1540
f 2870//1540 3398//1540 3397//1540
f 2870//1540 3397//1540 2875//1540
f 2878//1625 2879//1625 2876//1625
f 2878//1626 2876//1626 2877//1626
f 2878//1627 3400//1627 3401//1627
f 2878//1628 3401//1628 2879//1628
f 2874//1629 3393//1629 3400//1629
f 2874//1630 3400//1630 2878//1630
f 2877//1631 2880//1631 2874//1631
f 2877//1632 2874//1632 2878//1632
f 2881//1633 2882//1633 2876//1633
f 2881//1634 2876//1634 2879//1634
f 3489//1635 3486//1635 2929//1635
f 3489//1636 2929//1636 2927//1636
f 3456//1637 3488//1637 2928//1637
f 3456//1638 2928//1638 2909//1638
f 3485//1639 3487//1639 3474//1639
f 3485//1640 3474//1640 2924//1640
f 3488//1641 3489//1641 2927//1641
f 3488//1635 2927//1635 2928//1635
f 2930//1642 3490//1642 3491//1642
f 2930//1643 3491//1643 2931//1643
f 3492//1644 2932//1644 2915//1644
f 3492//1645 2915//1645 2914//1645
f 3460//1540 3494//1540 3492//1540
f 3460//1646 3492//1646 2914//1646
f 2932//1627 3492//1627 3490//1627
f 2932//1647 3490//1647 2930//1647
f 2931//1648 3491//1648 3493//1648
f 2931//1649 3493//1649 2933//1649
f 2927//1650 3480//1650 3481//1650
f 2927//1651 3481//1651 2928//1651
f 3482//1572 3483//1572 3481//1572
f 3482//1652 3481//1652 3480//1652
f 2920//1653 3468//1653 3476//1653
f 2920//1654 3476//1654 2923//1654
f 2925//1655 3475//1655 3479//1655
f 2925//1656 3479//1656 2926//1656
f 2928//1657 3481//1657 3448//1657
f 2928//1658 3448//1658 2909//1658
f 2925//1659 2926//1659 3485//1659
f 2925//1635 3485//1635 2924//1635
f 3486//1659 3485//1659 2926//1659
f 3486//1635 2926//1635 2929//1635
f 2926//1568 3479//1568 3484//1568
f 2926//1660 3484//1660 2929//1660
f 2929//1579 3484//1579 3480//1579
f 2929//1661 3480//1661 2927//1661
f 2938//1635 2939//1635 2932//1635
f 2938//1635 2932//1635 2930//1635
f 2940//1635 2938//1635 2930//1635
f 2940//1637 2930//1637 2931//1637
f 2938//1662 3503//1662 3504//1662
f 2938//1663 3504//1663 2939//1663
f 2940//1629 3505//1629 3503//1629
f 2940//1664 3503//1664 2938//1664
f 2939//1665 3504//1665 3465//1665
f 2939//1666 3465//1666 2918//1666
f 2937//1635 2940//1635 2931//1635
f 2937//1635 2931//1635 2933//1635
f 2936//1667 3501//1667 3506//1667
f 2936//1668 3506//1668 2937//1668
f 2915//1635 2932//1635 2939//1635
f 2915//1635 2939//1635 2918//1635
f 2937//1669 3506//1669 3505//1669
f 2937//1670 3505//1670 2940//1670
f 2935//1671 3498//1671 3469//1671
f 2935//1672 3469//1672 2921//1672
f 2933//1673 3493//1673 3497//1673
f 2933//1674 3497//1674 2934//1674
f 3495//1675 3496//1675 3493//1675
f 3495//1676 3493//1676 3491//1676
f 2934//1677 3497//1677 3498//1677
f 2934//1678 3498//1678 2935//1678
f 2936//1635 2937//1635 2933//1635
f 2936//1635 2933//1635 2934//1635
f 3502//1679 3499//1679 2935//1679
f 3502//1635 2935//1635 2921//1635
f 3473//1635 3502//1635 2921//1635
f 3473//1635 2921//1635 2919//1635
f 3499//1635 2936//1635 2934//1635
f 3499//1679 2934//1679 2935//1679
f 3499//1595 3500//1595 3501//1595
f 3499//1680 3501//1680 2936//1680
f 3477//1681 3478//1681 3475//1681
f 3477//1682 3475//1682 3476//1682
f 3453//1683 3454//1683 3452//1683
f 3453//1684 3452//1684 2912//1684
f 3455//1685 3456//1685 2912//1685
f 3455//1686 2912//1686 3452//1686
f 2910//1541 3449//1541 3450//1541
f 2910//1687 3450//1687 2911//1687
f 2911//1561 3450//1561 3451//1561
f 2911//1688 3451//1688 2906//1688
f 3453//1689 2912//1689 3456//1689
f 3453//1690 3456//1690 2908//1690
f 3457//1691 3453//1691 2910//1691
f 3457//1635 2910//1635 2911//1635
f 3446//1635 3457//1635 2911//1635
f 3446//1635 2911//1635 2906//1635
f 2908//1638 3456//1638 2909//1638
f 2910//1691 3453//1691 2908//1691
f 3442//1692 3443//1692 3438//1692
f 3442//1692 3438//1692 2905//1692
f 3444//1692 3442//1692 2905//1692
f 3444//1692 2905//1692 3441//1692
f 3438//1693 3439//1693 2904//1693
f 3438//1693 2904//1693 2905//1693
f 3440//1694 3441//1694 2905//1694
f 3440//1694 2905//1694 2904//1694
f 3380//1695 3379//1695 2904//1695
f 3380//1696 2904//1696 3439//1696
f 2909//1697 3448//1697 3447//1697
f 2909//1698 3447//1698 2908//1698
f 2908//1699 3447//1699 3449//1699
f 2908//1700 3449//1700 2910//1700
f 3379//1635 3382//1635 3440//1635
f 3379//1635 3440//1635 2904//1635
f 3445//1635 3446//1635 2906//1635
f 3445//1635 2906//1635 2907//1635
f 2921//1701 3469//1701 3467//1701
f 2921//1702 3467//1702 2919//1702
f 3471//1703 3472//1703 2922//1703
f 3471//1704 2922//1704 3470//1704
f 2906//1705 3451//1705 3466//1705
f 2906//1706 3466//1706 2907//1706
f 2919//1693 3467//1693 3468//1693
f 2919//1707 3468//1707 2920//1707
f 2922//1696 3472//1696 2920//1696
f 2922//1635 2920//1635 2923//1635
f 2923//1635 2925//1635 2924//1635
f 2923//1635 2924//1635 2922//1635
f 2923//1708 3476//1708 3475//1708
f 2923//1709 3475//1709 2925//1709
f 3472//1695 3473//1695 2919//1695
f 3472//1696 2919//1696 2920//1696
f 2924//1710 3474//1710 3470//1710
f 2924//1711 3470//1711 2922//1711
f 2916//1555 3461//1555 3458//1555
f 2916//1712 3458//1712 2913//1712
f 2917//1713 3462//1713 2916//1713
f 2917//1635 2916//1635 2913//1635
f 2913//1714 3458//1714 2914//1714
f 2913//1715 2914//1715 2915//1715
f 3459//1716 3460//1716 2914//1716
f 3459//1540 2914//1540 3458//1540
f 3462//1637 3445//1637 2907//1637
f 3462//1713 2907//1713 2916//1713
f 2918//1635 2917//1635 2913//1635
f 2918//1635 2913//1635 2915//1635
f 2907//1551 3466//1551 3461//1551
f 2907//1717 3461//1717 2916//1717
f 2917//1718 3464//1718 3463//1718
f 2917//1719 3463//1719 3462//1719
f 2918//1720 3465//1720 3464//1720
f 2918//1721 3464//1721 2917//1721
f 3427//1650 3423//1650 3428//1650
f 3427//1722 3428//1722 2964//1722
f 2964//1723 3428//1723 3434//1723
f 2964//1724 3434//1724 2963//1724
f 2958//1725 3528//1725 3531//1725
f 2958//1726 3531//1726 2956//1726
f 2963//1727 3434//1727 3435//1727
f 2963//1728 3435//1728 2965//1728
f 3412//1729 3422//1729 2966//1729
f 3412//1730 2966//1730 3413//1730
f 2965//1699 3435//1699 3413//1699
f 2965//1731 3413//1731 2966//1731
f 2948//1732 3385//1732 3386//1732
f 2948//1733 3386//1733 3425//1733
f 3515//1621 3527//1621 3526//1621
f 3515//1734 3526//1734 2955//1734
f 2955//1735 3526//1735 3525//1735
f 2955//1736 3525//1736 3516//1736
f 3516//1693 3525//1693 3524//1693
f 3516//1693 3524//1693 3518//1693
f 2960//1737 3529//1737 3528//1737
f 2960//1738 3528//1738 2958//1738
f 2957//1579 3530//1579 3521//1579
f 2957//1739 3521//1739 2959//1739
f 2956//1568 3531//1568 3530//1568
f 2956//1740 3530//1740 2957//1740
f 3518//1741 3524//1741 3529//1741
f 3518//1742 3529//1742 2960//1742
f 2942//1635 3421//1635 2943//1635
f 3410//1635 3402//1635 2943//1635
f 3410//1635 2943//1635 3409//1635
f 3401//1635 3400//1635 2943//1635
f 3401//1635 2943//1635 3402//1635
f 2942//1635 2966//1635 3422//1635
f 2942//1635 3422//1635 3421//1635
f 2964//1635 2963//1635 2942//1635
f 2964//1635 2942//1635 3427//1635
f 2942//1635 2963//1635 2965//1635
f 2942//1635 2965//1635 2966//1635
f 3411//1635 3409//1635 2943//1635
f 3411//1635 2943//1635 3421//1635
f 3389//1635 2961//1635 2952//1635
f 3389//1635 2952//1635 2951//1635
f 2961//1635 3389//1635 3388//1635
f 2961//1635 3388//1635 2962//1635
f 2962//1635 3388//1635 3512//1635
f 2962//1635 3512//1635 2945//1635
f 3532//1635 3392//1635 3395//1635
f 3532//1635 3395//1635 3511//1635
f 2946//1635 3509//1635 3518//1635
f 3426//1635 2946//1635 3425//1635
f 3392//1635 3532//1635 3510//1635
f 3392//1635 3510//1635 3391//1635
f 2961//1743 3377//1743 3378//1743
f 2961//1744 3378//1744 2952//1744
f 2943//1745 3509//1745 2953//1745
f 2943//1745 2953//1745 2944//1745
f 2946//1635 3426//1635 3427//1635
f 2946//1635 3427//1635 2942//1635
f 2951//1635 2952//1635 2948//1635
f 2951//1635 2948//1635 2950//1635
f 2944//1540 2953//1540 2954//1540
f 2944//1540 2954//1540 2941//1540
f 3509//1635 3513//1635 3514//1635
f 3509//1635 3514//1635 3515//1635
f 2953//1746 3509//1746 2946//1746
f 2953//1746 2946//1746 2954//1746
f 2941//1747 2954//1747 2946//1747
f 2941//1747 2946//1747 2942//1747
f 2943//1635 3400//1635 3510//1635
f 2943//1635 3510//1635 3507//1635
f 3508//1635 3509//1635 2943//1635
f 3508//1635 2943//1635 3507//1635
f 2943//1748 2944//1748 2941//1748
f 2943//1748 2941//1748 2942//1748
f 3510//1635 3400//1635 3393//1635
f 3510//1635 3393//1635 3391//1635
f 2948//1635 2947//1635 2949//1635
f 2948//1635 2949//1635 2950//1635
f 2948//1635 3425//1635 2946//1635
f 2948//1635 2946//1635 2947//1635
f 2945//1635 3512//1635 3511//1635
f 2945//1635 3511//1635 3395//1635
f 3390//1749 3389//1749 2951//1749
f 3390//1750 2951//1750 3523//1750
f 2950//1683 3522//1683 3523//1683
f 2950//1751 3523//1751 2951//1751
f 2949//1727 3520//1727 3522//1727
f 2949//1728 3522//1728 2950//1728
f 2962//1752 3376//1752 3377//1752
f 2962//1753 3377//1753 2961//1753
f 2952//1708 3378//1708 3385//1708
f 2952//1738 3385//1738 2948//1738
f 3395//1621 3394//1621 3375//1621
f 3395//1754 3375//1754 2945//1754
f 2945//1755 3375//1755 3376//1755
f 2945//1756 3376//1756 2962//1756
f 2956//1635 2957//1635 2946//1635
f 2956//1635 2946//1635 2958//1635
f 3509//1635 3508//1635 3517//1635
f 3509//1635 3517//1635 3513//1635
f 3509//1635 3515//1635 2955//1635
f 3509//1757 2955//1757 3516//1757
f 2959//1635 2947//1635 2946//1635
f 2959//1635 2946//1635 2957//1635
f 2959//1758 3521//1758 3519//1758
f 2959//1759 3519//1759 2947//1759
f 2947//1760 3519//1760 3520//1760
f 2947//1724 3520//1724 2949//1724
f 2960//1635 2958//1635 2946//1635
f 2960//1635 2946//1635 3518//1635
f 2993//1761 2996//1761 2994//1761
f 2993//1762 2994//1762 2991//1762
f 2995//1763 2994//1763 2996//1763
f 2991//1540 2994//1540 3506//1540
f 3500//1621 3499//1621 3502//1621
f 3500//1764 3502//1764 2984//1764
f 2992//1599 3514//1599 3513//1599
f 2992//1765 3513//1765 2993//1765
f 2997//1766 2998//1766 2995//1766
f 2997//1767 2995//1767 2996//1767
f 3504//1540 3503//1540 2998//1540
f 3504//1540 2998//1540 2999//1540
f 2993//1601 3513//1601 3517//1601
f 2993//1768 3517//1768 2996//1768
f 3527//1595 3515//1595 3514//1595
f 3527//1769 3514//1769 2992//1769
f 3505//1540 3506//1540 2994//1540
f 3505//1540 2994//1540 2995//1540
f 2989//1770 3512//1770 3388//1770
f 2989//1771 3388//1771 3387//1771
f 2990//1623 3526//1623 3527//1623
f 2990//1772 3527//1772 2991//1772
f 2986//1540 2987//1540 2988//1540
f 2986//1540 2988//1540 2985//1540
f 2988//1773 2989//1773 3387//1773
f 2988//1774 3387//1774 2985//1774
f 2990//1775 2983//1775 3526//1775
f 3500//1540 2990//1540 3501//1540
f 2991//1540 3506//1540 3501//1540
f 2991//1540 3501//1540 2990//1540
f 2991//1776 3527//1776 2992//1776
f 2991//1777 2992//1777 2993//1777
f 2983//1540 2990//1540 3500//1540
f 2983//1540 3500//1540 2984//1540
f 3003//1540 3463//1540 3464//1540
f 3003//1540 3464//1540 3001//1540
f 3006//1778 3003//1778 3001//1778
f 3006//1779 3001//1779 3000//1779
f 3465//1540 3504//1540 2999//1540
f 3465//1540 2999//1540 3001//1540
f 3465//1540 3001//1540 3464//1540
f 3004//1780 3003//1780 3006//1780
f 3006//1553 3510//1553 3532//1553
f 3006//1781 3532//1781 3004//1781
f 3000//1619 3507//1619 3510//1619
f 3000//1782 3510//1782 3006//1782
f 3004//1556 3532//1556 3511//1556
f 3004//1783 3511//1783 3005//1783
f 3005//1551 3511//1551 3512//1551
f 3005//1784 3512//1784 2989//1784
f 3462//1785 3463//1785 2987//1785
f 3462//1786 2987//1786 3445//1786
f 3001//1787 2999//1787 3000//1787
f 2997//1627 3508//1627 3507//1627
f 2997//1788 3507//1788 3000//1788
f 3503//1540 3505//1540 2995//1540
f 3503//1540 2995//1540 2998//1540
f 3000//1789 2999//1789 2998//1789
f 3000//1790 2998//1790 2997//1790
f 2996//1629 3517//1629 3508//1629
f 2996//1791 3508//1791 2997//1791
f 2987//1540 3463//1540 3002//1540
f 2987//1540 3002//1540 2988//1540
f 3003//1540 3002//1540 3463//1540
f 3004//1792 3005//1792 3002//1792
f 3004//1793 3002//1793 3003//1793
f 3002//1794 3005//1794 2989//1794
f 3002//1795 2989//1795 2988//1795
f 2973//1796 3486//1796 3489//1796
f 2973//1797 3489//1797 2974//1797
f 3487//1568 3485//1568 3486//1568
f 3487//1798 3486//1798 2973//1798
f 2974//1586 2975//1586 3454//1586
f 2974//1540 3454//1540 2973//1540
f 2974//1799 3489//1799 3488//1799
f 2974//1800 3488//1800 2975//1800
f 3456//1801 3455//1801 2975//1801
f 3456//1802 2975//1802 3488//1802
f 2968//1540 3454//1540 2972//1540
f 2979//1803 2970//1803 3528//1803
f 2979//1804 3528//1804 2978//1804
f 3455//1540 3452//1540 3454//1540
f 3455//1805 3454//1805 2975//1805
f 3454//1540 2976//1540 2977//1540
f 3454//1540 2977//1540 2972//1540
f 3454//1587 2968//1587 2967//1587
f 3454//1587 2967//1587 3533//1587
f 3533//1806 2967//1806 3519//1806
f 2971//1807 3530//1807 3531//1807
f 2971//1808 3531//1808 2970//1808
f 3520//1563 3519//1563 2967//1563
f 3520//1809 2967//1809 2968//1809
f 2969//1810 3533//1810 3519//1810
f 2969//1584 3519//1584 3521//1584
f 2969//1811 3521//1811 3530//1811
f 2969//1812 3530//1812 2971//1812
f 2973//1586 3454//1586 3487//1586
f 2969//1587 2971//1587 3487//1587
f 2969//1572 3487//1572 3533//1572
f 2972//1573 3523//1573 3522//1573
f 2972//1813 3522//1813 2968//1813
f 2968//1565 3522//1565 3520//1565
f 2978//1603 3529//1603 3524//1603
f 2978//1814 3524//1814 2981//1814
f 3390//1815 3523//1815 2972//1815
f 3390//1816 2972//1816 2977//1816
f 3525//1607 3526//1607 2983//1607
f 3525//1817 2983//1817 2982//1817
f 2981//1609 3524//1609 3525//1609
f 2981//1818 3525//1818 2982//1818
f 3387//1819 3390//1819 2977//1819
f 3387//1820 2977//1820 2985//1820
f 3454//1541 3453//1541 3457//1541
f 3454//1821 3457//1821 2976//1821
f 2976//1540 2986//1540 2985//1540
f 2976//1540 2985//1540 2977//1540
f 2976//1822 3457//1822 3446//1822
f 2976//1823 3446//1823 2986//1823
f 2986//1824 3446//1824 3445//1824
f 2986//1825 3445//1825 2987//1825
f 2979//1540 3470//1540 3474//1540
f 2979//1540 3474//1540 2970//1540
f 2980//1587 3471//1587 2981//1587
f 2980//1540 2981//1540 2982//1540
f 2982//1540 2983//1540 2984//1540
f 2982//1540 2984//1540 2980//1540
f 3529//1592 2978//1592 3528//1592
f 2970//1589 3531//1589 3528//1589
f 3471//1540 3470//1540 2978//1540
f 3471//1540 2978//1540 2981//1540
f 2984//1826 3502//1826 3473//1826
f 2984//1827 3473//1827 2980//1827
f 2970//1540 3474//1540 3487//1540
f 2970//1540 3487//1540 2971//1540
f 2979//1540 2978//1540 3470//1540
f 2980//1606 3473//1606 3472//1606
f 2980//1605 3472//1605 3471//1605
f 3059//1635 3060//1635 3057//1635
f 3059//1635 3057//1635 3058//1635
f 3061//1635 3062//1635 3057//1635
f 3061//1635 3057//1635 3060//1635
f 3022//1635 3058//1635 3057//1635
f 3022//1635 3057//1635 3023//1635
f 3576//1828 3577//1828 3572//1828
f 3576//1829 3572//1829 3054//1829
f 3544//1648 3574//1648 3056//1648
f 3544//1830 3056//1830 3017//1830
f 3057//1831 3549//1831 3550//1831
f 3057//1832 3550//1832 3023//1832
f 3050//1635 3043//1635 3012//1635
f 3050//1635 3012//1635 3018//1635
f 3020//1833 3063//1833 3050//1833
f 3020//1834 3050//1834 3018//1834
f 3057//1635 3040//1635 3038//1635
f 3057//1695 3038//1695 3039//1695
f 3019//1835 3549//1835 3057//1835
f 3019//1695 3057//1695 3020//1695
f 3057//1635 3062//1635 3041//1635
f 3057//1635 3041//1635 3040//1635
f 3043//1635 3050//1635 3049//1635
f 3043//1635 3049//1635 3044//1635
f 3570//1553 3571//1553 3051//1553
f 3570//1836 3051//1836 3052//1836
f 3044//1635 3049//1635 3048//1635
f 3044//1635 3048//1635 3034//1635
f 3568//1837 3567//1837 3047//1837
f 3568//1838 3047//1838 3564//1838
f 3566//1839 3569//1839 3539//1839
f 3566//1840 3539//1840 3046//1840
f 3053//1841 3572//1841 3570//1841
f 3053//1842 3570//1842 3052//1842
f 3056//1843 3574//1843 3054//1843
f 3056//1844 3054//1844 3055//1844
f 3575//1845 3576//1845 3054//1845
f 3575//1846 3054//1846 3574//1846
f 3054//1847 3572//1847 3053//1847
f 3054//1848 3053//1848 3055//1848
f 3051//1849 3571//1849 3025//1849
f 3051//1850 3025//1850 3028//1850
f 3025//1851 3571//1851 3573//1851
f 3025//1852 3573//1852 3557//1852
f 3064//1635 3034//1635 3048//1635
f 3024//1853 3069//1853 3059//1853
f 3024//1854 3059//1854 3058//1854
f 3056//1635 3069//1635 3024//1635
f 3056//1635 3024//1635 3017//1635
f 3069//1855 3070//1855 3060//1855
f 3069//1856 3060//1856 3059//1856
f 3053//1635 3071//1635 3070//1635
f 3053//1635 3070//1635 3055//1635
f 3070//1857 3071//1857 3061//1857
f 3070//1858 3061//1858 3060//1858
f 3021//1859 3024//1859 3058//1859
f 3021//1860 3058//1860 3022//1860
f 3072//1635 3052//1635 3051//1635
f 3072//1635 3051//1635 3042//1635
f 3028//1635 3042//1635 3051//1635
f 3052//1635 3072//1635 3071//1635
f 3052//1635 3071//1635 3053//1635
f 3041//1861 3062//1861 3072//1861
f 3041//1862 3072//1862 3042//1862
f 3071//1863 3072//1863 3062//1863
f 3071//1864 3062//1864 3061//1864
f 3063//1865 3066//1865 3049//1865
f 3063//1866 3049//1866 3050//1866
f 3066//1867 3065//1867 3048//1867
f 3066//1868 3048//1868 3049//1868
f 3020//1635 3057//1635 3063//1635
f 3057//1637 3065//1637 3066//1637
f 3057//1695 3066//1695 3063//1695
f 3065//1635 3057//1635 3067//1635
f 3065//1869 3067//1869 3064//1869
f 3065//1870 3064//1870 3048//1870
f 3031//1635 3033//1635 3034//1635
f 3031//1637 3034//1637 3032//1637
f 3055//1635 3070//1635 3069//1635
f 3055//1635 3069//1635 3056//1635
f 3035//1871 3068//1871 3057//1871
f 3035//1872 3057//1872 3039//1872
f 3068//1635 3035//1635 3034//1635
f 3068//1635 3034//1635 3064//1635
f 3068//1873 3064//1873 3067//1873
f 3068//1874 3067//1874 3057//1874
f 3567//1875 3565//1875 3045//1875
f 3567//1876 3045//1876 3047//1876
f 3011//1877 3548//1877 3018//1877
f 3011//1635 3018//1635 3012//1635
f 3018//1878 3548//1878 3019//1878
f 3018//1879 3019//1879 3020//1879
f 3008//1880 3548//1880 3011//1880
f 3016//1881 3547//1881 3546//1881
f 3016//1882 3546//1882 3009//1882
f 3007//1883 3545//1883 3548//1883
f 3007//1883 3548//1883 3008//1883
f 3549//1884 3019//1884 3548//1884
f 3014//1635 3024//1635 3021//1635
f 3014//1635 3021//1635 3015//1635
f 3017//1635 3024//1635 3014//1635
f 3547//1885 3023//1885 3550//1885
f 3015//1886 3021//1886 3547//1886
f 3015//1887 3547//1887 3016//1887
f 3022//1888 3023//1888 3547//1888
f 3022//1889 3547//1889 3021//1889
f 3539//1656 3540//1656 3011//1656
f 3539//1890 3011//1890 3012//1890
f 3011//1737 3540//1737 3534//1737
f 3011//1891 3534//1891 3008//1891
f 3537//1892 3538//1892 3010//1892
f 3537//1892 3010//1892 3536//1892
f 3534//1741 3535//1741 3007//1741
f 3534//1893 3007//1893 3008//1893
f 3007//1693 3535//1693 3536//1693
f 3007//1894 3536//1894 3009//1894
f 3013//1895 3541//1895 3014//1895
f 3013//1896 3014//1896 3015//1896
f 3014//1599 3541//1599 3544//1599
f 3014//1897 3544//1897 3017//1897
f 3009//1898 3546//1898 3545//1898
f 3009//1899 3545//1899 3007//1899
f 3538//1900 3542//1900 3013//1900
f 3538//1901 3013//1901 3010//1901
f 3013//1902 3015//1902 3016//1902
f 3013//1902 3016//1902 3010//1902
f 3542//1903 3543//1903 3541//1903
f 3542//1904 3541//1904 3013//1904
f 3553//1561 3554//1561 3551//1561
f 3553//1561 3551//1561 3552//1561
f 3036//1905 3038//1905 3040//1905
f 3036//1906 3040//1906 3037//1906
f 3040//1907 3041//1907 3042//1907
f 3040//1908 3042//1908 3037//1908
f 3035//1909 3039//1909 3038//1909
f 3035//1910 3038//1910 3036//1910
f 3029//1635 3032//1635 3034//1635
f 3029//1635 3034//1635 3030//1635
f 3027//1635 3035//1635 3036//1635
f 3027//1635 3036//1635 3037//1635
f 3027//1635 3037//1635 3042//1635
f 3027//1635 3042//1635 3028//1635
f 3043//1911 3046//1911 3539//1911
f 3043//1912 3539//1912 3012//1912
f 3565//1913 3566//1913 3046//1913
f 3565//1914 3046//1914 3045//1914
f 3564//1915 3047//1915 3034//1915
f 3564//1916 3034//1916 3033//1916
f 3045//1917 3046//1917 3043//1917
f 3045//1917 3043//1917 3044//1917
f 3034//1918 3047//1918 3045//1918
f 3034//1918 3045//1918 3044//1918
f 3557//1919 3558//1919 3026//1919
f 3557//1920 3026//1920 3025//1920
f 3558//1921 3559//1921 3560//1921
f 3558//1921 3560//1921 3026//1921
f 3027//1922 3028//1922 3025//1922
f 3027//1922 3025//1922 3026//1922
f 3553//1770 3556//1770 3555//1770
f 3553//1770 3555//1770 3554//1770
f 3536//1694 3010//1694 3016//1694
f 3536//1923 3016//1923 3009//1923
f 3560//1561 3561//1561 3029//1561
f 3560//1924 3029//1924 3030//1924
f 3031//1925 3563//1925 3564//1925
f 3031//1926 3564//1926 3033//1926
f 3034//1635 3035//1635 3027//1635
f 3034//1635 3027//1635 3030//1635
f 3029//1541 3561//1541 3562//1541
f 3029//1927 3562//1927 3032//1927
f 3560//1928 3030//1928 3027//1928
f 3560//1771 3027//1771 3026//1771
f 3562//1929 3563//1929 3031//1929
f 3562//1930 3031//1930 3032//1930
f 3105//1635 3104//1635 3102//1635
f 3105//1635 3102//1635 3095//1635
f 3098//1931 3403//1931 3406//1931
f 3098//1932 3406//1932 3105//1932
f 3597//1586 3598//1586 3592//1586
f 3597//1540 3592//1540 3096//1540
f 3105//1933 3406//1933 3407//1933
f 3105//1934 3407//1934 3104//1934
f 3098//1635 3105//1635 3095//1635
f 3098//1635 3095//1635 3094//1635
f 3106//1935 3107//1935 3595//1935
f 3106//1936 3595//1936 3103//1936
f 3599//1540 3600//1540 3595//1540
f 3599//1540 3595//1540 3107//1540
f 3408//1937 3420//1937 3104//1937
f 3408//1938 3104//1938 3407//1938
f 3104//1713 3420//1713 3103//1713
f 3104//1635 3103//1635 3102//1635
f 3596//1540 3597//1540 3096//1540
f 3596//1540 3096//1540 3594//1540
f 3100//1939 3398//1939 3405//1939
f 3100//1940 3405//1940 3099//1940
f 3399//1695 3101//1695 3088//1695
f 3399//1679 3088//1679 3089//1679
f 3100//1635 3099//1635 3092//1635
f 3100//1635 3092//1635 3090//1635
f 3101//1941 3397//1941 3398//1941
f 3101//1942 3398//1942 3100//1942
f 3382//1679 3399//1679 3089//1679
f 3382//1635 3089//1635 3440//1635
f 3102//1943 3594//1943 3096//1943
f 3102//1944 3096//1944 3095//1944
f 3103//1555 3595//1555 3594//1555
f 3103//1937 3594//1937 3102//1937
f 3101//1635 3100//1635 3090//1635
f 3101//1635 3090//1635 3088//1635
f 3399//1595 3396//1595 3397//1595
f 3399//1677 3397//1677 3101//1677
f 3113//1635 3116//1635 3114//1635
f 3417//1690 3419//1690 3116//1690
f 3417//1635 3116//1635 3113//1635
f 3116//1925 3414//1925 3437//1925
f 3116//1945 3437//1945 3436//1945
f 3116//1638 3436//1638 3087//1638
f 3116//1635 3087//1635 3114//1635
f 3113//1635 3109//1635 3417//1635
f 3603//1540 3604//1540 3110//1540
f 3603//1540 3110//1540 3112//1540
f 3604//1540 3601//1540 3108//1540
f 3604//1540 3108//1540 3110//1540
f 3602//1540 3603//1540 3112//1540
f 3602//1540 3112//1540 3115//1540
f 3581//1540 3602//1540 3115//1540
f 3419//1683 3415//1683 3414//1683
f 3419//1946 3414//1946 3116//1946
f 3111//1947 3108//1947 3107//1947
f 3111//1947 3107//1947 3106//1947
f 3416//1635 3417//1635 3109//1635
f 3416//1635 3109//1635 3111//1635
f 3601//1540 3599//1540 3107//1540
f 3601//1540 3107//1540 3108//1540
f 3108//1948 3111//1948 3109//1948
f 3108//1948 3109//1948 3110//1948
f 3418//1635 3416//1635 3111//1635
f 3418//1635 3111//1635 3106//1635
f 3113//1949 3112//1949 3110//1949
f 3113//1949 3110//1949 3109//1949
f 3087//1950 3581//1950 3115//1950
f 3087//1951 3115//1951 3114//1951
f 3420//1637 3418//1637 3106//1637
f 3420//1713 3106//1713 3103//1713
f 3114//1952 3115//1952 3112//1952
f 3114//1952 3112//1952 3113//1952
f 3083//1953 3084//1953 3081//1953
f 3083//1953 3081//1953 3082//1953
f 3085//1954 3086//1954 3084//1954
f 3085//1954 3084//1954 3083//1954
f 3433//1639 3429//1639 3384//1639
f 3433//1955 3384//1955 3080//1955
f 3433//1695 3080//1695 3074//1695
f 3433//1659 3074//1659 3078//1659
f 3082//1956 3081//1956 3078//1956
f 3082//1956 3078//1956 3077//1956
f 3583//1540 3584//1540 3085//1540
f 3583//1540 3085//1540 3083//1540
f 3085//1587 3584//1587 3581//1587
f 3581//1957 3087//1957 3086//1957
f 3581//1958 3086//1958 3085//1958
f 3582//1586 3583//1586 3083//1586
f 3582//1540 3083//1540 3082//1540
f 3079//1696 3380//1696 3439//1696
f 3079//1635 3439//1635 3075//1635
f 3077//1959 3078//1959 3074//1959
f 3077//1959 3074//1959 3073//1959
f 3578//1540 3579//1540 3073//1540
f 3578//1586 3073//1586 3076//1586
f 3075//1960 3076//1960 3073//1960
f 3075//1960 3073//1960 3074//1960
f 3439//1961 3438//1961 3076//1961
f 3439//1961 3076//1961 3075//1961
f 3443//1540 3578//1540 3076//1540
f 3443//1681 3076//1681 3438//1681
f 3080//1635 3079//1635 3075//1635
f 3080//1635 3075//1635 3074//1635
f 3381//1742 3380//1742 3079//1742
f 3381//1962 3079//1962 3383//1962
f 3579//1587 3580//1587 3077//1587
f 3579//1540 3077//1540 3073//1540
f 3080//1963 3384//1963 3383//1963
f 3080//1964 3383//1964 3079//1964
f 3095//1965 3096//1965 3592//1965
f 3095//1966 3592//1966 3094//1966
f 3092//1967 3590//1967 3091//1967
f 3092//1968 3091//1968 3090//1968
f 3093//1642 3591//1642 3590//1642
f 3093//1969 3590//1969 3092//1969
f 3094//1627 3592//1627 3591//1627
f 3094//1970 3591//1970 3093//1970
f 3091//1540 3590//1540 3593//1540
f 3091//1540 3593//1540 3587//1540
f 3099//1635 3097//1635 3093//1635
f 3099//1635 3093//1635 3092//1635
f 3097//1635 3098//1635 3094//1635
f 3097//1635 3094//1635 3093//1635
f 3097//1971 3404//1971 3403//1971
f 3097//1972 3403//1972 3098//1972
f 3099//1973 3405//1973 3404//1973
f 3099//1974 3404//1974 3097//1974
f 3589//1975 3444//1975 3441//1975
f 3589//1586 3441//1586 3586//1586
f 3432//1636 3430//1636 3084//1636
f 3432//1637 3084//1637 3086//1637
f 3436//1635 3432//1635 3086//1635
f 3436//1638 3086//1638 3087//1638
f 3580//1540 3582//1540 3082//1540
f 3580//1540 3082//1540 3077//1540
f 3430//1635 3431//1635 3081//1635
f 3430//1641 3081//1641 3084//1641
f 3431//1659 3433//1659 3078//1659
f 3431//1635 3078//1635 3081//1635
f 3090//1976 3091//1976 3585//1976
f 3090//1977 3585//1977 3088//1977
f 3587//1586 3588//1586 3585//1586
f 3587//1540 3585//1540 3091//1540
f 3088//1595 3585//1595 3586//1595
f 3088//1978 3586//1978 3089//1978
f 3441//1979 3440//1979 3089//1979
f 3441//1621 3089//1621 3586//1621
f 3128//1635 3167//1635 3165//1635
f 3128//1635 3165//1635 3126//1635
f 3126//1635 3165//1635 3127//1635
f 3640//1980 3164//1980 3611//1980
f 3609//1981 3125//1981 3159//1981
f 3609//1982 3159//1982 3124//1982
f 3166//1983 3611//1983 3164//1983
f 3166//1984 3164//1984 3163//1984
f 3168//1985 3169//1985 3170//1985
f 3168//1986 3170//1986 3162//1986
f 3167//1987 3168//1987 3162//1987
f 3167//1988 3162//1988 3161//1988
f 3131//1635 3169//1635 3168//1635
f 3131//1635 3168//1635 3129//1635
f 3127//1635 3165//1635 3125//1635
f 3127//1635 3125//1635 3122//1635
f 3129//1635 3168//1635 3167//1635
f 3129//1635 3167//1635 3128//1635
f 3125//1989 3165//1989 3160//1989
f 3125//1990 3160//1990 3159//1990
f 3638//1991 3634//1991 3555//1991
f 3638//1992 3555//1992 3157//1992
f 3158//1553 3639//1553 3636//1553
f 3158//1993 3636//1993 3156//1993
f 3637//1994 3638//1994 3157//1994
f 3637//1994 3157//1994 3636//1994
f 3636//1556 3157//1556 3155//1556
f 3636//1995 3155//1995 3156//1995
f 3555//1996 3556//1996 3155//1996
f 3555//1997 3155//1997 3157//1997
f 3147//1831 3640//1831 3610//1831
f 3147//1832 3610//1832 3124//1832
f 3164//1835 3640//1835 3147//1835
f 3164//1635 3147//1635 3163//1635
f 3161//1635 3162//1635 3147//1635
f 3161//1635 3147//1635 3160//1635
f 3620//1841 3639//1841 3158//1841
f 3620//1998 3158//1998 3131//1998
f 3159//1635 3160//1635 3147//1635
f 3159//1635 3147//1635 3124//1635
f 3165//1999 3167//1999 3161//1999
f 3165//2000 3161//2000 3160//2000
f 3156//1635 3177//1635 3178//1635
f 3156//1635 3178//1635 3158//1635
f 3178//2001 3177//2001 3150//2001
f 3178//2002 3150//2002 3149//2002
f 3174//1635 3147//1635 3146//1635
f 3145//1635 3139//1635 3171//1635
f 3145//2003 3171//2003 3174//2003
f 3145//2004 3174//2004 3146//2004
f 3158//1635 3178//1635 3169//1635
f 3158//1635 3169//1635 3131//1635
f 3169//2005 3178//2005 3149//2005
f 3169//2006 3149//2006 3170//2006
f 3155//1635 3177//1635 3156//1635
f 3177//2007 3154//2007 3151//2007
f 3177//2008 3151//2008 3150//2008
f 3177//2009 3155//2009 3556//2009
f 3177//2010 3556//2010 3154//2010
f 3147//1635 3162//1635 3170//1635
f 3147//1635 3170//1635 3149//1635
f 3173//1635 3176//1635 3147//1635
f 3173//1635 3147//1635 3174//1635
f 3163//1635 3147//1635 3176//1635
f 3134//1635 3175//1635 3172//1635
f 3134//1635 3172//1635 3136//1635
f 3136//1635 3172//1635 3171//1635
f 3136//1635 3171//1635 3139//1635
f 3173//2011 3174//2011 3171//2011
f 3173//2012 3171//2012 3172//2012
f 3132//1877 3611//1877 3166//1877
f 3132//1635 3166//1635 3133//1635
f 3121//1880 3611//1880 3132//1880
f 3172//2013 3175//2013 3176//2013
f 3172//2014 3176//2014 3173//2014
f 3133//1635 3166//1635 3175//1635
f 3133//1635 3175//1635 3134//1635
f 3163//2015 3176//2015 3175//2015
f 3163//2016 3175//2016 3166//2016
f 3556//2017 3143//2017 3153//2017
f 3556//2018 3153//2018 3154//2018
f 3617//2019 3127//2019 3122//2019
f 3617//1978 3122//1978 3123//1978
f 3620//2020 3131//2020 3129//2020
f 3620//2021 3129//2021 3130//2021
f 3126//1601 3618//1601 3619//1601
f 3126//2022 3619//2022 3128//2022
f 3614//1903 3616//1903 3617//1903
f 3614//1903 3617//1903 3123//1903
f 3617//2023 3618//2023 3126//2023
f 3617//2024 3126//2024 3127//2024
f 3133//2025 3625//2025 3624//2025
f 3133//2026 3624//2026 3132//2026
f 3624//2027 3607//2027 3121//2027
f 3624//2028 3121//2028 3132//2028
f 3622//1828 3623//1828 3620//1828
f 3622//2029 3620//2029 3130//2029
f 3619//2030 3130//2030 3129//2030
f 3619//2031 3129//2031 3128//2031
f 3621//2032 3622//2032 3130//2032
f 3621//2033 3130//2033 3619//2033
f 3615//2034 3613//2034 3118//2034
f 3615//2035 3118//2035 3605//2035
f 3118//2036 3123//2036 3122//2036
f 3118//2037 3122//2037 3119//2037
f 3119//1881 3609//1881 3608//1881
f 3119//1882 3608//1882 3117//1882
f 3121//1741 3607//1741 3606//1741
f 3121//2038 3606//2038 3120//2038
f 3117//2039 3605//2039 3118//2039
f 3117//2040 3118//2040 3119//2040
f 3606//1693 3605//1693 3117//1693
f 3606//2041 3117//2041 3120//2041
f 3117//1899 3608//1899 3612//1899
f 3117//1899 3612//1899 3120//1899
f 3613//2042 3614//2042 3123//2042
f 3613//2043 3123//2043 3118//2043
f 3120//1883 3612//1883 3611//1883
f 3120//1883 3611//1883 3121//1883
f 3124//2044 3610//2044 3609//2044
f 3122//1886 3125//1886 3609//1886
f 3122//1887 3609//1887 3119//1887
f 3135//2045 3625//2045 3133//2045
f 3135//2046 3133//2046 3134//2046
f 3146//2047 3147//2047 3144//2047
f 3146//2048 3144//2048 3145//2048
f 3147//2049 3148//2049 3143//2049
f 3147//2050 3143//2050 3144//2050
f 3144//1635 3143//1635 3139//1635
f 3144//1635 3139//1635 3145//1635
f 3556//2051 3553//2051 3139//2051
f 3556//2052 3139//2052 3143//2052
f 3139//2053 3553//2053 3552//2053
f 3139//2054 3552//2054 3142//2054
f 3152//2055 3153//2055 3143//2055
f 3152//2056 3143//2056 3148//2056
f 3151//2057 3154//2057 3153//2057
f 3151//2058 3153//2058 3152//2058
f 3147//1635 3151//1635 3152//1635
f 3147//1635 3152//1635 3148//1635
f 3139//1695 3142//1695 3141//1695
f 3139//1637 3141//1637 3140//1637
f 3150//1635 3151//1635 3147//1635
f 3150//1635 3147//1635 3149//1635
f 3554//2059 3555//2059 3634//2059
f 3554//2060 3634//2060 3635//2060
f 3628//2061 3626//2061 3135//2061
f 3628//2062 3135//2062 3137//2062
f 3629//2063 3628//2063 3137//2063
f 3629//2064 3137//2064 3138//2064
f 3136//2065 3139//2065 3138//2065
f 3136//2066 3138//2066 3137//2066
f 3626//1839 3627//1839 3625//1839
f 3626//2067 3625//2067 3135//2067
f 3136//2068 3137//2068 3135//2068
f 3136//1917 3135//1917 3134//1917
f 3142//1929 3633//1929 3632//1929
f 3142//2069 3632//2069 3141//2069
f 3142//2070 3552//2070 3551//2070
f 3142//1541 3551//1541 3633//1541
f 3632//1925 3630//1925 3140//1925
f 3632//2071 3140//2071 3141//2071
f 3140//2072 3630//2072 3138//2072
f 3140//2073 3138//2073 3139//2073
f 3138//2074 3630//2074 3631//2074
f 3138//2075 3631//2075 3629//2075
f 3230//1635 3225//1635 3226//1635
f 3230//1635 3226//1635 3227//1635
f 3229//2076 3603//2076 3602//2076
f 3229//2077 3602//2077 3231//2077
f 3230//1561 3601//1561 3604//1561
f 3230//2078 3604//2078 3228//2078
f 3224//2079 3227//2079 3226//2079
f 3224//2079 3226//2079 3221//2079
f 3228//2080 3604//2080 3603//2080
f 3228//2081 3603//2081 3229//2081
f 3205//2082 3233//2082 3197//2082
f 3205//2082 3197//2082 3196//2082
f 3235//2083 3234//2083 3222//2083
f 3235//2084 3222//2084 3225//2084
f 3234//2085 3235//2085 3233//2085
f 3234//2085 3233//2085 3205//2085
f 3230//1635 3228//1635 3232//1635
f 3230//1635 3232//1635 3225//1635
f 3229//1637 3231//1637 3232//1637
f 3229//1635 3232//1635 3228//1635
f 3221//2086 3226//2086 3225//2086
f 3221//2086 3225//2086 3222//2086
f 3644//1621 3542//1621 3538//1621
f 3644//2087 3538//2087 3212//2087
f 3562//2088 3561//2088 3216//2088
f 3562//2089 3216//2089 3217//2089
f 3212//2090 3538//2090 3537//2090
f 3212//2091 3537//2091 3213//2091
f 3215//2092 3537//2092 3536//2092
f 3215//2093 3536//2093 3535//2093
f 3213//2094 3537//2094 3215//2094
f 3213//2095 3215//2095 3214//2095
f 3220//2096 3223//2096 3224//2096
f 3220//2097 3224//2097 3221//2097
f 3216//2098 3220//2098 3219//2098
f 3216//2098 3219//2098 3217//2098
f 3221//2099 3222//2099 3219//2099
f 3221//2100 3219//2100 3220//2100
f 3561//2101 3560//2101 3559//2101
f 3561//2102 3559//2102 3216//2102
f 3563//2103 3562//2103 3217//2103
f 3563//2104 3217//2104 3218//2104
f 3231//2105 3602//2105 3236//2105
f 3231//2106 3236//2106 3232//2106
f 3227//1635 3238//1635 3240//1635
f 3227//1635 3240//1635 3230//1635
f 3241//2107 3652//2107 3649//2107
f 3241//2108 3649//2108 3239//2108
f 3238//2109 3650//2109 3651//2109
f 3238//2110 3651//2110 3240//2110
f 3651//1551 3600//1551 3599//1551
f 3651//2111 3599//2111 3240//2111
f 3240//2112 3599//2112 3601//2112
f 3240//2113 3601//2113 3230//2113
f 3652//1555 3557//1555 3573//1555
f 3652//1937 3573//1937 3653//1937
f 3241//2114 3558//2114 3557//2114
f 3241//2115 3557//2115 3652//2115
f 3223//2116 3559//2116 3558//2116
f 3223//2117 3558//2117 3241//2117
f 3241//2118 3239//2118 3224//2118
f 3241//2119 3224//2119 3223//2119
f 3559//2120 3223//2120 3220//2120
f 3559//2121 3220//2121 3216//2121
f 3239//2122 3238//2122 3227//2122
f 3239//2122 3227//2122 3224//2122
f 3235//1695 3225//1695 3232//1695
f 3235//1635 3232//1635 3233//1635
f 3204//2123 3568//2123 3218//2123
f 3204//2124 3218//2124 3237//2124
f 3197//1635 3233//1635 3232//1635
f 3197//1635 3232//1635 3201//1635
f 3602//1587 3581//1587 3584//1587
f 3602//1586 3584//1586 3236//1586
f 3232//2125 3236//2125 3584//2125
f 3232//2126 3584//2126 3201//2126
f 3564//2127 3563//2127 3218//2127
f 3564//2128 3218//2128 3568//2128
f 3649//1922 3650//1922 3238//1922
f 3649//1922 3238//1922 3239//1922
f 3222//2129 3234//2129 3237//2129
f 3222//2130 3237//2130 3219//2130
f 3204//2131 3237//2131 3234//2131
f 3204//2132 3234//2132 3205//2132
f 3217//2133 3219//2133 3237//2133
f 3217//2133 3237//2133 3218//2133
f 3578//2134 3641//2134 3193//2134
f 3578//2135 3193//2135 3579//2135
f 3193//2136 3641//2136 3185//2136
f 3193//1635 3185//1635 3181//1635
f 3195//1635 3194//1635 3180//1635
f 3195//1635 3180//1635 3184//1635
f 3194//1635 3193//1635 3181//1635
f 3194//1635 3181//1635 3180//1635
f 3195//2137 3582//2137 3580//2137
f 3195//2138 3580//2138 3194//2138
f 3201//2139 3584//2139 3583//2139
f 3201//2140 3583//2140 3200//2140
f 3201//1635 3200//1635 3198//1635
f 3201//1635 3198//1635 3197//1635
f 3200//1579 3583//1579 3582//1579
f 3200//2141 3582//2141 3195//2141
f 3198//2142 3199//2142 3196//2142
f 3198//2142 3196//2142 3197//2142
f 3199//2143 3198//2143 3184//2143
f 3199//2143 3184//2143 3183//2143
f 3194//2144 3580//2144 3579//2144
f 3194//2145 3579//2145 3193//2145
f 3187//2146 3188//2146 3182//2146
f 3187//2147 3182//2147 3186//2147
f 3569//2148 3190//2148 3188//2148
f 3569//2149 3188//2149 3189//2149
f 3185//2150 3186//2150 3182//2150
f 3185//2151 3182//2151 3181//2151
f 3181//2026 3182//2026 3179//2026
f 3181//2026 3179//2026 3180//2026
f 3183//2152 3184//2152 3180//2152
f 3183//2152 3180//2152 3179//2152
f 3534//2153 3540//2153 3189//2153
f 3534//2154 3189//2154 3192//2154
f 3540//2155 3539//2155 3569//2155
f 3540//2156 3569//2156 3189//2156
f 3190//2157 3191//2157 3183//2157
f 3190//2158 3183//2158 3179//2158
f 3188//2159 3190//2159 3179//2159
f 3188//2160 3179//2160 3182//2160
f 3190//2161 3569//2161 3566//2161
f 3190//2162 3566//2162 3191//2162
f 3184//1635 3198//1635 3200//1635
f 3184//1635 3200//1635 3195//1635
f 3641//2163 3647//2163 3211//2163
f 3641//2163 3211//2163 3185//2163
f 3646//1635 3648//1635 3642//1635
f 3646//2164 3642//2164 3208//2164
f 3647//2165 3645//2165 3207//2165
f 3647//2165 3207//2165 3211//2165
f 3212//2166 3213//2166 3206//2166
f 3212//2167 3206//2167 3209//2167
f 3645//2168 3646//2168 3208//2168
f 3645//2168 3208//2168 3207//2168
f 3213//2169 3214//2169 3210//2169
f 3213//2170 3210//2170 3206//2170
f 3535//2171 3534//2171 3192//2171
f 3535//2172 3192//2172 3215//2172
f 3186//2173 3210//2173 3214//2173
f 3186//2174 3214//2174 3187//2174
f 3187//2134 3192//2134 3189//2134
f 3187//2134 3189//2134 3188//2134
f 3214//2175 3215//2175 3192//2175
f 3214//2175 3192//2175 3187//2175
f 3209//2176 3643//2176 3644//2176
f 3209//2177 3644//2177 3212//2177
f 3191//2178 3202//2178 3199//2178
f 3191//2179 3199//2179 3183//2179
f 3203//2180 3567//2180 3568//2180
f 3203//2181 3568//2181 3204//2181
f 3202//2182 3203//2182 3196//2182
f 3202//2183 3196//2183 3199//2183
f 3202//2184 3565//2184 3567//2184
f 3202//2185 3567//2185 3203//2185
f 3191//2186 3566//2186 3565//2186
f 3191//2187 3565//2187 3202//2187
f 3211//2188 3210//2188 3186//2188
f 3211//2188 3186//2188 3185//2188
f 3642//2189 3643//2189 3209//2189
f 3642//2189 3209//2189 3208//2189
f 3210//2190 3211//2190 3207//2190
f 3210//2190 3207//2190 3206//2190
f 3204//2191 3205//2191 3196//2191
f 3204//2192 3196//2192 3203//2192
f 3208//2193 3209//2193 3206//2193
f 3208//2193 3206//2193 3207//2193
f 3295//2194 3296//2194 3292//2194
f 3295//2195 3292//2195 3294//2195
f 3296//2196 3297//2196 3288//2196
f 3296//2197 3288//2197 3292//2197
f 3300//2198 3495//2198 3298//2198
f 3300//2031 3298//2031 3299//2031
f 3291//1970 3292//1970 3288//1970
f 3291//1970 3288//1970 3287//1970
f 3664//2199 3665//2199 3290//2199
f 3664//2199 3290//2199 3289//2199
f 3293//1965 3294//1965 3292//1965
f 3293//1965 3292//1965 3291//1965
f 3300//1635 3299//1635 3287//1635
f 3300//1635 3287//1635 3290//1635
f 3299//1635 3301//1635 3291//1635
f 3299//1635 3291//1635 3287//1635
f 3301//2200 3494//2200 3460//2200
f 3301//2201 3460//2201 3302//2201
f 3494//2202 3301//2202 3299//2202
f 3494//1627 3299//1627 3298//1627
f 3491//1587 3490//1587 3298//1587
f 3491//1586 3298//1586 3495//1586
f 3490//1540 3492//1540 3494//1540
f 3490//1540 3494//1540 3298//1540
f 3285//1572 3482//1572 3480//1572
f 3285//1652 3480//1652 3484//1652
f 3286//2068 3482//2068 3285//2068
f 3286//2068 3285//2068 3284//2068
f 3280//2203 3483//2203 3482//2203
f 3280//2066 3482//2066 3286//2066
f 3259//2204 3631//2204 3254//2204
f 3259//2205 3254//2205 3253//2205
f 3662//1911 3663//1911 3284//1911
f 3662//1911 3284//1911 3285//1911
f 3484//1586 3479//1586 3662//1586
f 3484//2206 3662//2206 3285//2206
f 3483//2207 3280//2207 3250//2207
f 3483//2208 3250//2208 3260//2208
f 3448//2209 3481//2209 3483//2209
f 3448//1540 3483//1540 3260//1540
f 3289//2210 3290//2210 3287//2210
f 3289//2210 3287//2210 3288//2210
f 3286//1635 3284//1635 3278//1635
f 3286//1635 3278//1635 3274//1635
f 3280//1635 3286//1635 3274//1635
f 3280//1635 3274//1635 3277//1635
f 3284//2211 3663//2211 3659//2211
f 3284//2212 3659//2212 3278//2212
f 3273//2213 3638//2213 3637//2213
f 3273//2214 3637//2214 3305//2214
f 3273//2215 3305//2215 3306//2215
f 3273//2216 3306//2216 3267//2216
f 3294//2217 3306//2217 3305//2217
f 3294//2218 3305//2218 3295//2218
f 3639//2219 3620//2219 3623//2219
f 3639//2220 3623//2220 3304//2220
f 3306//2221 3307//2221 3268//2221
f 3306//2221 3268//2221 3267//2221
f 3307//2222 3306//2222 3294//2222
f 3307//2222 3294//2222 3293//2222
f 3268//1635 3307//1635 3308//1635
f 3268//1635 3308//1635 3269//1635
f 3302//2223 3460//2223 3459//2223
f 3302//2224 3459//2224 3308//2224
f 3302//1635 3308//1635 3307//1635
f 3302//1635 3307//1635 3293//1635
f 3636//2225 3639//2225 3304//2225
f 3636//2226 3304//2226 3637//2226
f 3308//2227 3459//2227 3270//2227
f 3308//2228 3270//2228 3269//2228
f 3270//1540 3459//1540 3458//1540
f 3270//2229 3458//2229 3461//2229
f 3616//1673 3669//1673 3667//1673
f 3616//1599 3667//1599 3668//1599
f 3303//2230 3621//2230 3668//2230
f 3303//2231 3668//2231 3667//2231
f 3619//2232 3618//2232 3668//2232
f 3619//2232 3668//2232 3621//2232
f 3301//1635 3302//1635 3293//1635
f 3301//1635 3293//1635 3291//1635
f 3666//1648 3496//1648 3495//1648
f 3666//2233 3495//2233 3300//2233
f 3290//2234 3665//2234 3666//2234
f 3290//2235 3666//2235 3300//2235
f 3296//1662 3623//1662 3622//1662
f 3296//1663 3622//1663 3297//1663
f 3305//2236 3637//2236 3304//2236
f 3305//2237 3304//2237 3295//2237
f 3295//1966 3304//1966 3623//1966
f 3295//2238 3623//2238 3296//2238
f 3303//2239 3667//2239 3664//2239
f 3303//2240 3664//2240 3289//2240
f 3297//2241 3303//2241 3289//2241
f 3297//2242 3289//2242 3288//2242
f 3297//2243 3622//2243 3621//2243
f 3297//2244 3621//2244 3303//2244
f 3276//2245 3282//2245 3259//2245
f 3276//2246 3259//2246 3249//2246
f 3252//1926 3261//1926 3260//1926
f 3252//1926 3260//1926 3250//1926
f 3251//2247 3262//2247 3261//2247
f 3251//2248 3261//2248 3252//2248
f 3447//1805 3262//1805 3449//1805
f 3259//2249 3253//2249 3243//2249
f 3259//2250 3243//2250 3249//2250
f 3262//2251 3447//2251 3260//2251
f 3262//1540 3260//1540 3261//1540
f 3447//2229 3448//2229 3260//2229
f 3656//2252 3245//2252 3247//2252
f 3656//2253 3247//2253 3263//2253
f 3263//2254 3266//2254 3264//2254
f 3263//2254 3264//2254 3265//2254
f 3266//2255 3263//2255 3247//2255
f 3266//2255 3247//2255 3246//2255
f 3654//2256 3655//2256 3262//2256
f 3654//2256 3262//2256 3251//2256
f 3262//2257 3655//2257 3450//2257
f 3262//1805 3450//1805 3449//1805
f 3656//2258 3654//2258 3250//2258
f 3656//2259 3250//2259 3245//2259
f 3250//2260 3654//2260 3251//2260
f 3250//1637 3251//1637 3252//1637
f 3242//1637 3245//1637 3250//1637
f 3242//1635 3250//1635 3248//1635
f 3255//2261 3256//2261 3253//2261
f 3255//2261 3253//2261 3254//2261
f 3244//2262 3245//2262 3242//2262
f 3244//2262 3242//2262 3243//2262
f 3246//2263 3247//2263 3245//2263
f 3246//2263 3245//2263 3244//2263
f 3248//2264 3249//2264 3243//2264
f 3248//2264 3243//2264 3242//2264
f 3632//2265 3633//2265 3255//2265
f 3632//2266 3255//2266 3254//2266
f 3633//2267 3551//2267 3257//2267
f 3633//2268 3257//2268 3255//2268
f 3254//2269 3631//2269 3630//2269
f 3254//2270 3630//2270 3632//2270
f 3253//2271 3256//2271 3244//2271
f 3253//2272 3244//2272 3243//2272
f 3257//2273 3258//2273 3256//2273
f 3257//2273 3256//2273 3255//2273
f 3256//2274 3258//2274 3246//2274
f 3256//2275 3246//2275 3244//2275
f 3277//2276 3276//2276 3249//2276
f 3277//2276 3249//2276 3248//2276
f 3250//1635 3280//1635 3277//1635
f 3250//1635 3277//1635 3248//1635
f 3281//2277 3628//2277 3629//2277
f 3281//2278 3629//2278 3282//2278
f 3276//1954 3277//1954 3274//1954
f 3276//1954 3274//1954 3275//1954
f 3278//2279 3279//2279 3275//2279
f 3278//2279 3275//2279 3274//2279
f 3659//2280 3660//2280 3279//2280
f 3659//2280 3279//2280 3278//2280
f 3661//2281 3627//2281 3626//2281
f 3661//2282 3626//2282 3283//2282
f 3279//2283 3660//2283 3661//2283
f 3279//2284 3661//2284 3283//2284
f 3282//2285 3629//2285 3631//2285
f 3282//2286 3631//2286 3259//2286
f 3283//2287 3626//2287 3628//2287
f 3283//2288 3628//2288 3281//2288
f 3281//2289 3282//2289 3276//2289
f 3281//2290 3276//2290 3275//2290
f 3283//2291 3281//2291 3275//2291
f 3283//2292 3275//2292 3279//2292
f 3269//2293 3658//2293 3265//2293
f 3269//1635 3265//1635 3268//1635
f 3658//2294 3656//2294 3263//2294
f 3658//2294 3263//2294 3265//2294
f 3635//2295 3271//2295 3258//2295
f 3635//2296 3258//2296 3257//2296
f 3267//2297 3268//2297 3265//2297
f 3267//2297 3265//2297 3264//2297
f 3657//1996 3658//1996 3269//1996
f 3657//1996 3269//1996 3270//1996
f 3461//2298 3466//2298 3657//2298
f 3461//2299 3657//2299 3270//2299
f 3272//2300 3634//2300 3638//2300
f 3272//2301 3638//2301 3273//2301
f 3272//2302 3273//2302 3267//2302
f 3272//2303 3267//2303 3264//2303
f 3551//2304 3554//2304 3635//2304
f 3551//2305 3635//2305 3257//2305
f 3271//2306 3635//2306 3634//2306
f 3271//2307 3634//2307 3272//2307
f 3266//2308 3271//2308 3272//2308
f 3266//2309 3272//2309 3264//2309
f 3258//2310 3271//2310 3266//2310
f 3258//2311 3266//2311 3246//2311
f 3658//1770 3657//1770 3309//1770
f 3658//1770 3309//1770 3656//1770
f 3655//1561 3654//1561 3656//1561
f 3655//1561 3656//1561 3309//1561
f 3451//2312 3450//2312 3655//2312
f 3451//1805 3655//1805 3309//1805
f 3466//1805 3451//1805 3309//1805
f 3466//2313 3309//2313 3657//2313
f 3444//1735 3646//1735 3645//1735
f 3444//1735 3645//1735 3442//1735
f 3442//1693 3645//1693 3647//1693
f 3442//1693 3647//1693 3443//1693
f 3589//1621 3648//1621 3646//1621
f 3589//1621 3646//1621 3444//1621
f 3641//1741 3578//1741 3443//1741
f 3641//1741 3443//1741 3647//1741
f 3329//2314 3334//2314 3331//2314
f 3329//2315 3331//2315 3322//2315
f 3329//2231 3575//2231 3333//2231
f 3329//1768 3333//1768 3334//1768
f 3335//1599 3336//1599 3332//1599
f 3335//1599 3332//1599 3331//1599
f 3574//2316 3544//2316 3333//2316
f 3574//2317 3333//2317 3575//2317
f 3544//2318 3541//2318 3543//2318
f 3544//2319 3543//2319 3333//2319
f 3331//2320 3332//2320 3323//2320
f 3331//2321 3323//2321 3322//2321
f 3318//1662 3577//1662 3576//1662
f 3318//2322 3576//2322 3330//2322
f 3330//2323 3576//2323 3575//2323
f 3330//2324 3575//2324 3329//2324
f 3318//2325 3330//2325 3325//2325
f 3318//2326 3325//2326 3314//2326
f 3577//2327 3318//2327 3317//2327
f 3577//2327 3317//2327 3316//2327
f 3330//2328 3329//2328 3322//2328
f 3330//2329 3322//2329 3325//2329
f 3338//2330 3588//2330 3587//2330
f 3338//2331 3587//2331 3337//2331
f 3542//1895 3644//1895 3339//1895
f 3542//2332 3339//2332 3543//2332
f 3336//2333 3642//2333 3648//2333
f 3336//2334 3648//2334 3338//2334
f 3339//2335 3644//2335 3643//2335
f 3339//2336 3643//2336 3335//2336
f 3334//2337 3339//2337 3335//2337
f 3334//2338 3335//2338 3331//2338
f 3543//2339 3339//2339 3334//2339
f 3543//2340 3334//2340 3333//2340
f 3586//1540 3585//1540 3588//1540
f 3586//1586 3588//1586 3589//1586
f 3337//2341 3587//2341 3593//2341
f 3337//2341 3593//2341 3326//2341
f 3338//1635 3337//1635 3332//1635
f 3338//1635 3332//1635 3336//1635
f 3323//1635 3332//1635 3337//1635
f 3323//1635 3337//1635 3326//1635
f 3648//1677 3589//1677 3588//1677
f 3648//2342 3588//2342 3338//2342
f 3643//1895 3642//1895 3336//1895
f 3643//1895 3336//1895 3335//1895
f 3315//1635 3324//1635 3328//1635
f 3315//1635 3328//1635 3321//1635
f 3571//2343 3570//2343 3316//2343
f 3571//2344 3316//2344 3573//2344
f 3317//2345 3318//2345 3314//2345
f 3317//2346 3314//2346 3310//2346
f 3570//2219 3572//2219 3577//2219
f 3570//2347 3577//2347 3316//2347
f 3319//1635 3320//1635 3312//1635
f 3319//1635 3312//1635 3311//1635
f 3319//2348 3597//2348 3596//2348
f 3319//2349 3596//2349 3320//2349
f 3653//2350 3317//2350 3310//2350
f 3653//2351 3310//2351 3313//2351
f 3314//1998 3315//1998 3311//1998
f 3314//1998 3311//1998 3310//1998
f 3312//1553 3313//1553 3310//1553
f 3312//1553 3310//1553 3311//1553
f 3650//1849 3649//1849 3313//1849
f 3650//1849 3313//1849 3312//1849
f 3652//2352 3653//2352 3313//2352
f 3652//2353 3313//2353 3649//2353
f 3653//2354 3573//2354 3316//2354
f 3653//2354 3316//2354 3317//2354
f 3321//2355 3598//2355 3597//2355
f 3321//2355 3597//2355 3319//2355
f 3328//2356 3327//2356 3598//2356
f 3328//2356 3598//2356 3321//2356
f 3326//2357 3593//2357 3327//2357
f 3326//2357 3327//2357 3328//2357
f 3591//1587 3592//1587 3598//1587
f 3591//1540 3598//1540 3327//1540
f 3326//1635 3328//1635 3324//1635
f 3326//1635 3324//1635 3323//1635
f 3590//1587 3591//1587 3327//1587
f 3590//1540 3327//1540 3593//1540
f 3325//2358 3324//2358 3315//2358
f 3325//2358 3315//2358 3314//2358
f 3600//2359 3651//2359 3320//2359
f 3600//2360 3320//2360 3596//2360
f 3321//1635 3319//1635 3311//1635
f 3321//1635 3311//1635 3315//1635
f 3594//1540 3595//1540 3600//1540
f 3594//1540 3600//1540 3596//1540
f 3324//1843 3325//1843 3322//1843
f 3324//1843 3322//1843 3323//1843
f 3320//2361 3651//2361 3650//2361
f 3320//2362 3650//2362 3312//2362
f 3369//1960 3370//1960 3368//1960
f 3369//1960 3368//1960 3367//1960
f 3363//2363 3366//2363 3367//2363
f 3363//2364 3367//2364 3355//2364
f 3367//2365 3368//2365 3356//2365
f 3367//2365 3356//2365 3355//2365
f 3371//1635 3372//1635 3368//1635
f 3371//1635 3368//1635 3370//1635
f 3371//2366 3478//2366 3477//2366
f 3371//2367 3477//2367 3372//2367
f 3660//2368 3659//2368 3370//2368
f 3660//2368 3370//2368 3369//2368
f 3365//1742 3366//1742 3363//1742
f 3365//1742 3363//1742 3362//1742
f 3361//2369 3363//2369 3355//2369
f 3361//2370 3355//2370 3353//2370
f 3364//2371 3361//2371 3353//2371
f 3364//2372 3353//2372 3344//2372
f 3605//2373 3606//2373 3362//2373
f 3605//2374 3362//2374 3615//2374
f 3346//2375 3364//2375 3344//2375
f 3346//2376 3344//2376 3340//2376
f 3346//2377 3614//2377 3613//2377
f 3346//2378 3613//2378 3364//2378
f 3372//2379 3477//2379 3358//2379
f 3372//1741 3358//1741 3357//1741
f 3374//2380 3661//2380 3660//2380
f 3374//2381 3660//2381 3369//2381
f 3627//2368 3661//2368 3374//2368
f 3627//2382 3374//2382 3373//2382
f 3366//2383 3374//2383 3369//2383
f 3366//2384 3369//2384 3367//2384
f 3606//2385 3607//2385 3365//2385
f 3606//2386 3365//2386 3362//2386
f 3607//2387 3624//2387 3373//2387
f 3607//2388 3373//2388 3365//2388
f 3624//2155 3625//2155 3627//2155
f 3624//2389 3627//2389 3373//2389
f 3663//1639 3662//1639 3478//1639
f 3663//1955 3478//1955 3371//1955
f 3356//1635 3368//1635 3372//1635
f 3356//1635 3372//1635 3357//1635
f 3358//1682 3477//1682 3476//1682
f 3358//2299 3476//2299 3468//2299
f 3373//1891 3374//1891 3366//1891
f 3373//1891 3366//1891 3365//1891
f 3370//2390 3659//2390 3663//2390
f 3370//2391 3663//2391 3371//2391
f 3479//2206 3475//2206 3478//2206
f 3479//1540 3478//1540 3662//1540
f 3364//2392 3613//2392 3615//2392
f 3364//2393 3615//2393 3361//2393
f 3498//1805 3497//1805 3347//1805
f 3498//1575 3347//1575 3350//1575
f 3349//1978 3350//1978 3347//1978
f 3349//1978 3347//1978 3348//1978
f 3616//2318 3668//2318 3618//2318
f 3616//2318 3618//2318 3617//2318
f 3469//1676 3498//1676 3350//1676
f 3469//2394 3350//2394 3352//2394
f 3351//1621 3352//1621 3350//1621
f 3351//1621 3350//1621 3349//1621
f 3349//1635 3348//1635 3342//1635
f 3349//1635 3342//1635 3341//1635
f 3665//2395 3664//2395 3343//2395
f 3665//2395 3343//2395 3342//2395
f 3344//2396 3345//2396 3341//2396
f 3344//2396 3341//2396 3340//2396
f 3342//1978 3343//1978 3340//1978
f 3342//1978 3340//1978 3341//1978
f 3667//2397 3669//2397 3343//2397
f 3667//2398 3343//2398 3664//2398
f 3669//2399 3346//2399 3340//2399
f 3669//2400 3340//2400 3343//2400
f 3669//1595 3616//1595 3614//1595
f 3669//2401 3614//2401 3346//2401
f 3351//1635 3349//1635 3341//1635
f 3351//1635 3341//1635 3345//1635
f 3467//2299 3469//2299 3352//2299
f 3467//2299 3352//2299 3359//2299
f 3468//2299 3467//2299 3359//2299
f 3468//2299 3359//2299 3358//2299
f 3360//2402 3359//2402 3352//2402
f 3360//2402 3352//2402 3351//2402
f 3361//1894 3615//1894 3362//1894
f 3361//1894 3362//1894 3363//1894
f 3357//1635 3360//1635 3354//1635
f 3357//1635 3354//1635 3356//1635
f 3345//1635 3354//1635 3360//1635
f 3345//1635 3360//1635 3351//1635
f 3348//2403 3666//2403 3665//2403
f 3348//2404 3665//2404 3342//2404
f 3497//2405 3493//2405 3496//2405
f 3497//1575 3496//1575 3347//1575
f 3496//1673 3666//1673 3348//1673
f 3496//1673 3348//1673 3347//1673
f 3359//2406 3360//2406 3357//2406
f 3359//2406 3357//2406 3358//2406
f 3355//2407 3356//2407 3354//2407
f 3355//2407 3354//2407 3353//2407
f 3353//2408 3354//2408 3345//2408
f 3353//2408 3345//2408 3344//2408
o Gun_01_havok_s_armor_1_1
v 0.234007 1.683643 -2.638647
v 0.383690 1.637092 -2.408612
v 0.291393 1.704329 -2.638647
v 0.343167 1.756246 -2.638647
v -0.290500 1.703453 -2.638647
v -0.383693 1.637092 -2.408612
v -0.234010 1.683643 -2.638647
v 0.290923 1.999414 -2.638647
v 0.232899 2.019505 -2.638647
v 0.313032 1.980261 -2.638647
v -0.232902 2.019505 -2.638647
v 0.345688 1.941956 -2.638647
v 0.331287 1.961108 -2.638647
v 0.371112 1.851429 -2.638647
v 0.362800 1.903870 -2.638647
v 0.362752 1.798619 -2.638647
v -0.344197 1.756873 -2.638647
v -0.362589 1.798617 -2.638647
v -0.362589 1.904164 -2.638647
v -0.370943 1.851440 -2.638647
v -0.290885 1.999452 -2.638647
v -0.396010 2.146047 -2.253491
v -0.393715 2.046018 -2.422971
v -0.332216 1.961085 -2.638647
v 0.396007 2.146264 -2.252959
v 0.429650 2.112356 -2.272356
vn 0.2982 -0.8622 0.4095
vn -0.0000 -0.0000 1.0000
vn 0.6127 -0.6601 0.4346
vn -0.5900 -0.6811 0.4335
vn -0.2985 -0.8621 0.4096
vn 0.3066 0.8743 0.3764
vn -0.3136 0.8701 0.3802
s 0
f 3690//2409 3680//2409 3691//2409
f 3680//2410 3688//2410 3689//2410
f 3680//2410 3689//2410 3687//2410
f 3680//2410 3687//2410 3686//2410
f 3680//2410 3686//2410 3674//2410
f 3692//2411 3693//2411 3690//2411
f 3677//2412 3679//2412 3695//2412
f 3678//2413 3677//2413 3694//2413
f 3680//2410 3690//2410 3693//2410
f 3680//2410 3693//2410 3688//2410
f 3673//2410 3685//2410 3676//2410
f 3673//2410 3676//2410 3670//2410
f 3676//2410 3679//2410 3677//2410
f 3676//2410 3677//2410 3678//2410
f 3674//2414 3675//2414 3676//2414
f 3670//2415 3671//2415 3672//2415
f 3670//2410 3672//2410 3673//2410
f 3676//2410 3678//2410 3680//2410
f 3676//2410 3680//2410 3674//2410
f 3685//2410 3683//2410 3676//2410
f 3676//2410 3683//2410 3684//2410
f 3676//2410 3684//2410 3681//2410
f 3676//2410 3681//2410 3682//2410
f 3676//2410 3682//2410 3679//2410
o Gun_01_havok_s_armor_2_2
v -0.429653 2.112356 -2.272356
v -0.451118 2.062865 -2.314685
v -0.393715 2.046018 -2.422971
v -0.396010 2.146047 -2.253491
v -0.232903 2.019505 -2.638647
v 0.232899 2.019505 -2.638647
v 0.396007 2.146264 -2.252959
v -0.290885 1.999452 -2.638647
v 0.290923 1.999414 -2.638647
v 0.429650 2.112356 -2.272356
v 0.313032 1.980261 -2.638647
v 0.449813 2.056516 -2.323505
vn -0.5100 -0.7485 0.4239
vn -0.6457 -0.6293 0.4325
vn 0.5693 -0.7046 0.4236
vn 0.4957 -0.7450 0.4464
vn 0.6297 -0.6443 0.4340
vn 0.0001 -0.9500 0.3122
vn -0.0000 -0.9500 0.3121
s 0
f 3704//2416 3705//2416 3702//2416
f 3705//2417 3706//2417 3707//2417
f 3699//2418 3698//2418 3703//2418
f 3698//2419 3699//2419 3696//2419
f 3698//2420 3696//2420 3697//2420
f 3701//2421 3702//2421 3699//2421
f 3701//2422 3699//2422 3700//2422
o Gun_01_havok_s_armor_3_3
v -0.362589 1.798617 -2.638647
v -0.370943 1.851440 -2.638647
v -0.476032 1.858845 -2.440478
v -0.457942 1.767316 -2.432805
v -0.344197 1.756873 -2.638647
v -0.362588 1.904164 -2.638647
v -0.456298 1.934929 -2.436326
v -0.332216 1.961085 -2.638647
v -0.419534 2.012432 -2.428908
v -0.393715 2.046018 -2.422971
v -0.424038 1.687718 -2.420131
v -0.290499 1.703453 -2.638647
v -0.383693 1.637092 -2.408612
v 0.449813 1.642445 -2.320456
v 0.449813 1.684181 -2.368699
v 0.291393 1.704329 -2.638647
v 0.383690 1.637092 -2.408612
v 0.449813 1.854825 -2.473609
v 0.371112 1.851429 -2.638647
v 0.362752 1.798619 -2.638647
v 0.449813 1.804289 -2.466431
v 0.362800 1.903870 -2.638647
v 0.449813 1.904692 -2.462713
v 0.449813 1.947628 -2.435110
v 0.345689 1.941956 -2.638647
v 0.343167 1.756246 -2.638647
v 0.449813 1.748376 -2.432665
v 0.331287 1.961109 -2.638647
v 0.449813 2.021037 -2.366055
v 0.449813 2.056516 -2.323505
v 0.313032 1.980261 -2.638647
vn -0.8502 -0.2847 0.4429
vn -0.8309 -0.3733 0.4127
vn -0.8920 -0.0965 0.4416
vn -0.8924 -0.1414 0.4285
vn -0.8915 0.0637 0.4486
vn -0.8947 0.1416 0.4237
vn -0.8502 0.2721 0.4506
vn -0.8293 0.3833 0.4066
vn -0.7990 -0.4120 0.4380
vn -0.7354 -0.5530 0.3916
vn -0.6523 -0.6217 0.4336
vn -0.7352 -0.5206 0.4341
vn -0.6413 0.6395 0.4241
vn -0.7962 0.4270 0.4286
vn -0.6385 0.6310 0.4406
vn -0.7136 0.5298 0.4583
vn 0.8641 -0.2480 0.4379
vn 0.8728 -0.1383 0.4680
vn 0.8233 0.3627 0.4365
vn 0.8747 0.2095 0.4370
vn 0.8771 0.1387 0.4599
vn 0.7969 -0.4196 0.4345
vn 0.7953 -0.4244 0.4329
vn 0.6499 0.6184 0.4417
vn 0.8065 0.4112 0.4248
vn 0.6353 0.6386 0.4342
vn 0.6782 -0.5971 0.4285
s 0
f 3730//2423 3731//2423 3732//2423
f 3730//2424 3732//2424 3729//2424
f 3725//2425 3730//2425 3729//2425
f 3725//2426 3729//2426 3726//2426
f 3727//2427 3728//2427 3725//2427
f 3727//2428 3725//2428 3726//2428
f 3733//2429 3734//2429 3728//2429
f 3733//2430 3728//2430 3727//2430
f 3731//2431 3736//2431 3735//2431
f 3731//2432 3735//2432 3732//2432
f 3737//2433 3738//2433 3735//2433
f 3737//2434 3735//2434 3736//2434
f 3733//2435 3723//2435 3722//2435
f 3733//2436 3722//2436 3734//2436
f 3723//2437 3724//2437 3721//2437
f 3723//2438 3721//2438 3722//2438
f 3713//2439 3714//2439 3710//2439
f 3713//2440 3710//2440 3709//2440
f 3712//2441 3708//2441 3711//2441
f 3710//2442 3711//2442 3708//2442
f 3710//2443 3708//2443 3709//2443
f 3715//2444 3716//2444 3714//2444
f 3715//2445 3714//2445 3713//2445
f 3718//2446 3720//2446 3719//2446
f 3712//2447 3711//2447 3718//2447
f 3712//2448 3718//2448 3719//2448
f 3717//2449 3716//2449 3715//2449
o Gun_01_havok_s_armor_7_4
v -0.545815 1.723399 -2.374402
v -0.424038 1.687718 -2.420131
v -0.457942 1.767316 -2.432805
v -0.549169 1.774033 -2.388621
v -0.476032 1.858845 -2.440478
v -0.551192 1.831277 -2.395181
v -0.541219 1.662892 -2.352832
v -0.383693 1.637092 -2.408612
v -0.419534 2.012432 -2.428908
v -0.393715 2.046018 -2.422971
v -0.510096 2.035126 -2.366240
v -0.456298 1.934929 -2.436326
v -0.549361 1.986080 -2.368323
v -0.551065 1.936504 -2.384920
v -0.551830 1.881932 -2.393938
vn 0.4514 -0.2972 0.8414
vn 0.4106 -0.3642 0.8359
vn 0.4840 -0.1493 0.8623
vn 0.4678 -0.1687 0.8676
vn 0.5200 -0.0144 0.8540
vn 0.4230 -0.4629 0.7790
vn 0.4875 -0.3094 0.8165
vn 0.4357 0.2700 0.8586
vn 0.4128 0.3121 0.8557
vn 0.4641 0.1647 0.8703
vn 0.4399 0.1176 0.8903
vn 0.3620 0.4714 0.8042
vn 0.4155 0.3333 0.8464
s 0
f 3751//2450 3752//2450 3750//2450
f 3751//2451 3750//2451 3749//2451
f 3752//2452 3753//2452 3743//2452
f 3752//2453 3743//2453 3750//2453
f 3744//2454 3743//2454 3753//2454
f 3747//2455 3748//2455 3749//2455
f 3747//2456 3749//2456 3750//2456
f 3741//2457 3742//2457 3739//2457
f 3741//2458 3739//2458 3740//2458
f 3741//2459 3743//2459 3744//2459
f 3741//2460 3744//2460 3742//2460
f 3745//2461 3746//2461 3740//2461
f 3745//2462 3740//2462 3739//2462
o Gun_01_havok_s_armor_4_5
v -0.428002 1.670924 -2.294230
v -0.428002 1.752139 -2.337629
v 0.427998 1.748635 -2.341229
v 0.427998 1.670924 -2.294230
v -0.428002 1.842490 -2.355407
v 0.427998 1.842490 -2.356102
v -0.427989 1.747827 -2.349026
v -0.449148 1.637092 -2.295789
v -0.541219 1.662892 -2.316990
v -0.545815 1.723399 -2.344899
v -0.427988 1.842041 -2.367480
v -0.549169 1.774032 -2.363980
v -0.551192 1.830658 -2.373565
v -0.428002 1.595278 -2.213281
v 0.427999 1.595278 -2.213281
v 0.449682 1.796177 -2.368050
v 0.449711 1.729750 -2.344741
v 0.427987 1.729750 -2.344741
v 0.427985 1.796177 -2.368050
v 0.449728 1.869273 -2.372116
v 0.427985 1.869273 -2.372116
v 0.449813 1.664737 -2.303647
v 0.427991 1.664737 -2.303647
v 0.427999 1.574731 -2.229493
v -0.428002 2.018956 -2.310267
v 0.427998 2.022570 -2.313138
v 0.427998 1.932530 -2.344008
v -0.428002 1.930723 -2.342225
v 0.427987 1.941656 -2.356684
v 0.427991 2.029569 -2.322721
v 0.450031 2.029569 -2.322721
v 0.449847 1.941656 -2.356684
v 0.429334 2.093985 -2.257766
v -0.426982 2.075614 -2.243175
v 0.429018 2.075614 -2.243175
v -0.396010 2.100453 -2.218336
v 0.396007 2.100453 -2.218336
v -0.549361 1.986080 -2.343705
v -0.427994 2.025773 -2.319602
v -0.427989 1.937511 -2.357373
v -0.551065 1.935417 -2.363246
v -0.510096 2.045184 -2.308282
v -0.551830 1.881932 -2.373317
v -0.447916 2.062865 -2.289232
v -0.429653 2.094013 -2.257514
vn -0.0000 0.7100 -0.7042
vn -0.0000 0.7969 -0.6042
vn -0.0054 0.7640 -0.6451
vn -0.0000 0.2085 -0.9780
vn -0.0024 0.1478 -0.9890
vn -0.0008 0.1331 -0.9911
vn -0.0000 0.3604 -0.9328
vn -0.0000 0.7071 -0.7071
vn 0.0488 0.0054 -0.9988
vn 0.0485 0.6482 -0.7599
vn 0.1300 0.6690 -0.7318
vn 0.0437 0.1843 -0.9819
vn 0.0805 0.1049 -0.9912
vn 0.0384 0.3585 -0.9327
vn 0.0538 0.3929 -0.9180
vn 0.0028 0.5127 -0.8586
vn 0.0638 -0.1643 -0.9843
vn 0.0793 -0.1916 -0.9783
vn 0.0398 -0.3501 -0.9359
vn 0.0542 -0.4148 -0.9083
vn 0.0809 -0.4444 -0.8922
vn -0.0000 -0.5175 -0.8557
vn -0.0056 -0.4713 -0.8820
vn -0.0008 -0.1931 -0.9812
vn -0.0048 -0.1565 -0.9877
vn -0.0000 -0.7306 -0.6828
vn -0.0000 -0.6359 -0.7718
vn -0.0027 0.3405 -0.9402
vn -0.0045 0.3243 -0.9459
vn -0.0000 -0.5343 -0.8453
vn -0.0000 -0.3311 -0.9436
vn -0.0000 -0.0555 -0.9985
s 0
f 3784//2463 3783//2463 3786//2463
f 3787//2464 3788//2464 3779//2464
f 3787//2465 3779//2465 3778//2465
f 3774//2466 3782//2466 3785//2466
f 3774//2466 3785//2466 3773//2466
f 3758//2467 3781//2467 3780//2467
f 3758//2468 3780//2468 3759//2468
f 3784//2469 3785//2469 3782//2469
f 3784//2469 3782//2469 3783//2469
f 3787//2470 3789//2470 3790//2470
f 3787//2470 3790//2470 3788//2470
f 3766//2471 3796//2471 3764//2471
f 3792//2472 3795//2472 3797//2472
f 3792//2473 3797//2473 3798//2473
f 3796//2474 3794//2474 3793//2474
f 3796//2475 3793//2475 3764//2475
f 3793//2476 3794//2476 3791//2476
f 3793//2477 3791//2477 3792//2477
f 3795//2478 3792//2478 3791//2478
f 3765//2479 3766//2479 3764//2479
f 3765//2480 3764//2480 3760//2480
f 3760//2481 3763//2481 3765//2481
f 3762//2482 3763//2482 3760//2482
f 3762//2483 3760//2483 3761//2483
f 3756//2484 3757//2484 3754//2484
f 3756//2485 3754//2485 3755//2485
f 3755//2486 3758//2486 3759//2486
f 3755//2487 3759//2487 3756//2487
f 3757//2488 3768//2488 3767//2488
f 3757//2488 3767//2488 3754//2488
f 3775//2489 3777//2489 3776//2489
f 3780//2490 3781//2490 3778//2490
f 3780//2491 3778//2491 3779//2491
f 3770//2492 3775//2492 3776//2492
f 3770//2492 3776//2492 3771//2492
f 3771//2493 3772//2493 3769//2493
f 3771//2493 3769//2493 3770//2493
f 3772//2494 3774//2494 3773//2494
f 3772//2494 3773//2494 3769//2494
o Gun_01_havok_s_armor_6_6
v -0.383694 1.637092 -2.408612
v -0.428002 1.575726 -2.229493
v 0.427998 1.574731 -2.229493
v 0.383690 1.637092 -2.408612
v 0.449813 1.642445 -2.320456
v -0.541219 1.662892 -2.352832
v -0.449148 1.637092 -2.320456
v -0.393715 2.046018 -2.422971
v -0.451118 2.062865 -2.314685
v -0.510096 2.035126 -2.366240
v -0.510096 2.045184 -2.308282
v -0.447916 2.062865 -2.289232
v -0.449148 1.637092 -2.295789
v -0.541219 1.662892 -2.316990
vn 0.2150 -0.9412 0.2604
vn 0.2995 -0.9400 0.1631
vn 0.2834 -0.9583 -0.0357
vn 0.2698 0.9629 -0.0000
vn -0.0000 0.9444 0.3288
vn 0.0011 0.9459 0.3243
vn -0.5805 0.7137 0.3921
vn 0.5242 0.7575 0.3892
vn 0.2142 0.9638 0.1590
s 0
f 3806//2495 3807//2495 3808//2495
f 3809//2496 3808//2496 3807//2496
f 3809//2497 3807//2497 3810//2497
f 3804//2498 3812//2498 3811//2498
f 3804//2498 3811//2498 3805//2498
f 3801//2499 3802//2499 3799//2499
f 3801//2500 3799//2500 3800//2500
f 3802//2501 3801//2501 3803//2501
f 3805//2502 3800//2502 3799//2502
f 3805//2503 3799//2503 3804//2503
o Gun_01_havok_s_armor_5_7
v 0.427999 1.574731 -2.229493
v -0.428002 1.575726 -2.229493
v -0.428002 1.595278 -2.213281
v 0.427999 1.595278 -2.213281
v -0.449148 1.637092 -2.295789
v -0.449148 1.637092 -2.320456
v -0.428002 1.670924 -2.294230
v -0.427989 1.747827 -2.349026
v -0.428002 1.752139 -2.337629
v -0.549169 1.774033 -2.363980
v -0.545815 1.723399 -2.344899
v -0.545815 1.723399 -2.374402
v -0.549169 1.774033 -2.388621
v -0.551192 1.831277 -2.395181
v -0.551192 1.830658 -2.373565
v -0.541219 1.662892 -2.352832
v -0.541219 1.662892 -2.316990
v -0.427988 1.842041 -2.367480
v -0.428002 1.842490 -2.355407
v 0.449813 1.664737 -2.303647
v 0.449813 1.642445 -2.320456
v 0.427991 1.664737 -2.303647
v 0.427998 1.670924 -2.294230
v 0.449813 1.684180 -2.368699
v 0.449711 1.729751 -2.344742
v 0.427998 1.748635 -2.341229
v 0.427987 1.729751 -2.344742
v 0.449813 1.748376 -2.432665
v 0.449682 1.796177 -2.368050
v 0.449813 1.804289 -2.466431
v 0.449728 1.869273 -2.372116
v 0.449813 1.854825 -2.473609
v 0.427985 1.796177 -2.368050
v 0.427998 1.842490 -2.356102
v 0.427985 1.869273 -2.372116
v -0.396010 2.146047 -2.253491
v 0.396007 2.146264 -2.252959
v 0.396007 2.100453 -2.218336
v -0.396010 2.100453 -2.218336
v 0.429334 2.093985 -2.257766
v 0.429650 2.112356 -2.272356
v 0.449813 2.056516 -2.323505
v 0.450031 2.029569 -2.322721
v 0.427991 2.029569 -2.322721
v 0.427998 2.022570 -2.313138
v 0.429018 2.075614 -2.243175
v 0.449847 1.941656 -2.356684
v 0.449813 1.947628 -2.435110
v 0.449813 1.904692 -2.462713
v 0.449813 2.021037 -2.366055
v 0.427987 1.941656 -2.356684
v 0.427998 1.932530 -2.344008
v -0.427994 2.025773 -2.319601
v -0.429653 2.094013 -2.257514
v -0.426982 2.075614 -2.243175
v -0.428002 2.018956 -2.310267
v -0.447916 2.062865 -2.289232
v -0.451118 2.062865 -2.314685
v -0.429653 2.112356 -2.272356
v -0.428002 1.930723 -2.342225
v -0.427989 1.937511 -2.357373
v -0.551065 1.936504 -2.384920
v -0.551065 1.935417 -2.363246
v -0.551830 1.881932 -2.373317
v -0.551830 1.881932 -2.393938
v -0.549361 1.986080 -2.368323
v -0.549361 1.986080 -2.343705
v -0.510096 2.035126 -2.366240
v -0.510096 2.045184 -2.308282
vn -1.0000 0.0002 0.0050
vn -0.9999 -0.0079 0.0066
vn -1.0000 -0.0004 0.0004
vn -1.0000 -0.0001 0.0008
vn -1.0000 -0.0001 0.0007
vn -1.0000 -0.0002 0.0007
vn -1.0000 -0.0002 0.0006
vn -1.0000 0.0002 -0.0009
vn -0.7312 -0.4165 -0.5402
vn -0.7254 -0.4150 -0.5491
vn -0.9999 0.0093 0.0075
vn -0.9998 0.0188 0.0020
vn -1.0000 0.0005 -0.0008
vn -1.0000 0.0015 0.0005
vn 0.9999 -0.0102 -0.0066
vn 0.9935 0.0888 -0.0711
vn 0.9999 0.0124 -0.0000
vn 0.9999 0.0126 0.0004
vn 0.9999 -0.0140 -0.0000
vn 0.9999 -0.0142 -0.0007
vn 0.7990 -0.5924 0.1028
vn 0.7807 -0.6250 -0.0000
vn 0.9994 -0.0336 -0.0000
vn 0.9994 -0.0338 -0.0017
vn 1.0000 -0.0001 0.0008
vn 1.0000 -0.0002 0.0011
vn 0.7293 -0.4304 -0.5319
vn 0.7205 -0.4234 -0.5491
vn 0.9440 -0.3079 -0.1187
vn 0.9244 -0.2400 -0.2966
vn 1.0000 -0.0003 0.0007
vn 1.0000 -0.0002 0.0007
vn 0.7396 -0.3436 -0.5787
vn 0.9971 0.0758 -0.0000
vn 0.9994 0.0354 0.0010
vn 0.9994 0.0357 -0.0000
vn -0.9820 0.1137 -0.1508
vn 1.0000 0.0002 0.0011
vn 1.0000 0.0002 0.0010
vn 0.9978 0.0661 -0.0000
vn 0.9454 0.3258 -0.0000
vn 0.9736 0.1457 -0.1757
vn -0.0000 0.6194 -0.7851
vn 0.0007 0.6383 -0.7698
vn 0.6337 -0.3646 -0.6823
vn 0.9854 -0.1589 0.0612
vn 0.7732 -0.4633 -0.4330
vn -1.0000 0.0005 0.0004
vn -1.0000 -0.0000 0.0001
vn -1.0000 0.0001 0.0009
vn -1.0000 0.0001 0.0007
vn -1.0000 0.0004 0.0012
vn -0.9572 -0.0162 -0.2890
vn -0.9649 -0.1529 -0.2134
vn -0.0000 -0.6106 -0.7919
vn 0.0007 -0.6029 -0.7978
vn -1.0000 -0.0001 -0.0008
vn -1.0000 0.0006 -0.0013
vn -1.0000 0.0005 0.0008
vn -1.0000 0.0003 0.0006
vn -1.0000 -0.0019 -0.0006
vn -1.0000 -0.0000 -0.0000
vn -1.0000 -0.0015 -0.0015
vn -1.0000 -0.0008 -0.0014
vn -1.0000 -0.0009 -0.0014
s 0
f 3862//2504 3859//2504 3855//2504
f 3862//2505 3855//2505 3854//2505
f 3862//2506 3860//2506 3859//2506
f 3864//2507 3863//2507 3847//2507
f 3864//2508 3847//2508 3846//2508
f 3863//2509 3864//2509 3857//2509
f 3863//2510 3857//2510 3856//2510
f 3861//2511 3844//2511 3843//2511
f 3849//2512 3852//2512 3858//2512
f 3849//2513 3858//2513 3850//2513
f 3856//2514 3857//2514 3858//2514
f 3856//2515 3858//2515 3852//2515
f 3860//2516 3861//2516 3843//2516
f 3860//2517 3843//2517 3859//2517
f 3849//2512 3853//2512 3852//2512
f 3867//2518 3868//2518 3865//2518
f 3867//2519 3865//2519 3866//2519
f 3877//2520 3876//2520 3827//2520
f 3877//2521 3827//2521 3826//2521
f 3876//2522 3877//2522 3874//2522
f 3876//2523 3874//2523 3875//2523
f 3880//2524 3881//2524 3879//2524
f 3880//2525 3879//2525 3878//2525
f 3878//2526 3879//2526 3875//2526
f 3878//2527 3875//2527 3874//2527
f 3830//2528 3873//2528 3872//2528
f 3830//2529 3872//2529 3831//2529
f 3866//2530 3871//2530 3848//2530
f 3866//2531 3848//2531 3851//2531
f 3869//2532 3870//2532 3871//2532
f 3869//2533 3871//2533 3866//2533
f 3868//2534 3872//2534 3873//2534
f 3868//2535 3873//2535 3865//2535
f 3851//2536 3867//2536 3866//2536
f 3823//2537 3829//2537 3828//2537
f 3823//2537 3828//2537 3824//2537
f 3825//2538 3826//2538 3827//2538
f 3825//2539 3827//2539 3822//2539
f 3813//2540 3832//2540 3833//2540
f 3820//2541 3830//2541 3831//2541
f 3820//2542 3831//2542 3821//2542
f 3824//2543 3825//2543 3822//2543
f 3824//2543 3822//2543 3823//2543
f 3814//2544 3818//2544 3817//2544
f 3814//2545 3817//2545 3815//2545
f 3815//2546 3816//2546 3813//2546
f 3815//2547 3813//2547 3814//2547
f 3821//2548 3819//2548 3817//2548
f 3821//2549 3817//2549 3820//2549
f 3819//2550 3815//2550 3817//2550
f 3816//2551 3835//2551 3834//2551
f 3816//2552 3834//2552 3813//2552
f 3847//2553 3845//2553 3846//2553
f 3838//2554 3846//2554 3845//2554
f 3838//2555 3845//2555 3839//2555
f 3854//2556 3855//2556 3852//2556
f 3854//2557 3852//2557 3853//2557
f 3850//2558 3851//2558 3848//2558
f 3850//2559 3848//2559 3849//2559
f 3843//2560 3844//2560 3842//2560
f 3843//2561 3842//2561 3841//2561
f 3835//2562 3838//2562 3839//2562
f 3835//2563 3839//2563 3834//2563
f 3832//2564 3837//2564 3836//2564
f 3832//2565 3836//2565 3833//2565
f 3836//2566 3837//2566 3840//2566
f 3841//2567 3842//2567 3840//2567
f 3841//2568 3840//2568 3837//2568
o Gun_01_havok_s_armor_9_8
v 0.234007 1.683643 -2.638647
v -0.234011 1.683643 -2.638647
v -0.383693 1.637092 -2.408612
v 0.383690 1.637092 -2.408612
vn -0.0000 0.9801 0.1983
s 0
f 3884//2569 3885//2569 3882//2569
f 3884//2569 3882//2569 3883//2569
