# Blender 5.1.0
# www.blender.org
o Chassis_havok_s_leftTrack_0
v -1.086159 0.704907 2.330814
v -1.086159 0.630644 2.387502
v -1.408338 0.630644 2.387502
v -1.408338 0.704907 2.330814
v -1.086159 0.543399 2.423894
v -1.408338 0.543399 2.423894
v -1.408338 0.357483 2.423894
v -1.408338 0.450441 2.435791
v -1.086159 0.450441 2.435791
v -1.086159 0.357483 2.423894
v -0.957621 0.049528 2.308419
v -1.522269 0.049528 2.308419
v -1.408338 0.134696 2.274826
v -1.086159 0.134696 2.274826
v -1.522269 0.133138 2.271327
v -1.408338 0.133138 2.271327
v -1.086159 0.270757 2.387502
v -1.086159 0.195976 2.330814
v -1.408338 0.195976 2.330814
v -1.408338 0.270757 2.387502
v -1.086159 0.133138 2.271327
v -0.957621 0.133138 2.271327
v -0.849533 0.901728 2.566664
v -0.849533 0.606756 2.643647
v -0.849533 0.730353 2.679340
v -0.849533 0.650898 2.672341
v -0.888762 0.730353 2.679340
v -0.888762 0.650898 2.672341
v -0.849533 1.060640 2.638748
v -0.849533 1.020652 2.591158
v -0.667994 1.020652 2.591158
v -0.667994 1.060640 2.638748
v -0.849533 0.964046 2.565264
v -0.667994 0.964046 2.565264
v -0.849533 1.076219 2.698936
v -0.667994 1.076219 2.698936
v -0.849533 0.540802 2.666742
v -0.849533 0.573000 2.690537
v -1.086159 0.797865 1.982988
v -1.086159 0.810328 2.076068
v -1.086159 0.797865 2.169148
v -1.408338 0.797865 2.169148
v -1.408338 0.810328 2.076068
v -1.408338 0.797865 1.982988
v -1.408338 0.101979 2.184545
v -1.408338 0.762032 2.255930
v -1.086159 0.762032 2.255930
v -1.086159 0.101979 2.184545
v -0.957621 0.101979 2.184545
v -1.086159 0.103018 1.982988
v -0.957621 0.013176 2.206240
v -1.408338 0.103018 1.982988
v -1.522269 0.013176 2.206240
v -1.522269 0.101979 2.184545
v -1.086252 0.091193 -0.378442
v -1.408150 0.091193 -0.378442
v -1.086252 0.091193 -1.226057
v -1.086252 0.091193 -0.610853
v -1.408150 0.091193 -0.610853
v -1.408150 0.091193 -1.226057
v -1.086252 0.138969 -0.674082
v -1.086252 0.138969 -0.313504
v -1.196958 0.091193 -0.378442
v -1.408150 0.798000 -0.400658
v -1.408150 0.810295 -0.494647
v -1.086252 0.810295 -0.494647
v -1.086252 0.798000 -0.400658
v -1.408150 0.091193 -1.461886
v -1.408150 0.138969 -1.164537
v -1.086252 0.138969 -1.164537
v -1.086252 0.138969 -1.523406
v -1.408150 0.138969 -1.523406
v -1.086252 0.195879 -1.598598
v -1.408150 0.195879 -1.598598
v -1.086252 0.762168 -0.674082
v -1.086252 0.704907 -0.747565
v -1.086252 0.798000 -0.586928
v -1.086252 0.762168 -0.313504
v -1.086252 0.704907 -0.240021
v -1.086252 0.630432 -0.805668
v -1.086252 0.543662 -0.841554
v -1.086252 0.450569 -0.853517
v -1.086252 0.357475 -0.841554
v -1.086252 0.270705 -0.805668
v -1.408150 0.704907 -0.240021
v -1.408150 0.762168 -0.313504
v -1.408150 0.798000 -0.586928
v -1.408150 0.762168 -0.674082
v -1.408150 0.138969 -0.674082
v -1.408150 0.704907 -0.747565
v -1.408150 0.630432 -0.181918
v -1.408150 0.543662 -0.146031
v -1.408150 0.450569 -0.134069
v -1.408150 0.357475 -0.146031
v -1.408150 0.270705 -0.181918
v -1.408150 0.630432 -0.805668
v -1.408150 0.543662 -0.841554
v -1.408150 0.357475 -0.841554
v -1.408150 0.450569 -0.853517
v -1.408150 0.195879 -0.747565
v -1.408150 0.270705 -0.805668
v -1.086252 0.450569 -0.983393
v -1.086252 0.357475 -0.997064
v -1.408150 0.357475 -0.997064
v -1.408150 0.450569 -0.983393
v -1.086252 0.543662 -0.997064
v -1.408150 0.543662 -0.997064
v -1.086252 0.195879 -0.747565
v -1.086252 0.450569 -0.134069
v -1.086252 0.357475 -0.146031
v -1.086252 0.543662 -0.146031
v -1.086252 0.270705 -0.181918
v -1.086252 0.630432 -0.181918
v -1.086252 0.195879 -0.240021
v -1.408150 0.138969 -0.313504
v -1.408150 0.195879 -0.240021
v -1.086252 0.630432 -1.654992
v -1.086252 0.543662 -1.690879
v -1.086252 0.704907 -1.598598
v -1.086252 0.450569 -1.704550
v -1.086252 0.357475 -1.690879
v -1.086252 0.270705 -1.654992
v -1.086252 0.798000 -1.436252
v -1.086252 0.762168 -1.523406
v -1.086252 0.810295 -1.343972
v -1.086252 0.798000 -1.249982
v -1.408150 0.270705 -1.654992
v -1.408150 0.357475 -1.690879
v -1.408150 0.762168 -1.523406
v -1.408150 0.704907 -1.598598
v -1.408150 0.798000 -1.436252
v -1.408150 0.630432 -1.654992
v -1.408150 0.798000 -1.249982
v -1.408150 0.810295 -1.343972
v -1.086252 0.762168 -1.164537
v -1.408150 0.762168 -1.164537
v -1.408150 0.630432 -1.032951
v -1.408150 0.704907 -1.089345
v -1.408150 0.270705 -1.032951
v -1.408150 0.195879 -1.089345
v -1.408150 0.543662 -1.690879
v -1.408150 0.450569 -1.704550
v -1.086252 0.704907 -1.089345
v -1.086252 0.630432 -1.032951
v -1.086252 0.270705 -1.032951
v -1.086252 0.195879 -1.089345
v -1.408150 0.357475 -1.846389
v -1.408150 0.450569 -1.834426
v -1.086252 0.450569 -1.834426
v -1.086252 0.543662 -1.846389
v -1.408150 0.543662 -1.846389
v -1.408150 0.270705 -1.882276
v -1.517305 0.463698 2.859454
v -1.517305 0.494552 2.799032
v -1.517305 0.453102 2.926958
v -1.517305 0.670174 3.169592
v -1.517305 0.623892 3.166760
v -1.517305 0.579169 3.154958
v -1.517305 0.537406 3.135132
v -0.962971 0.595687 2.797144
v -0.962971 0.549249 2.838684
v -0.962971 0.494552 2.799032
v -0.962971 0.654902 2.777790
v -0.962971 0.595531 3.056300
v -0.962971 0.549249 3.014759
v -0.962971 0.597868 3.057244
v -0.962971 0.451699 3.009567
v -1.517305 0.451699 3.009567
v -1.517305 0.454348 3.050635
v -0.962971 0.454348 3.050635
v -0.962971 0.468685 3.073766
v -0.962971 0.500162 3.107754
v -0.957731 0.456530 3.053940
v -1.517305 0.500162 3.107754
v -1.522269 0.468685 3.073766
v -1.517305 0.468685 3.073766
v -0.962971 0.463698 2.859454
v -0.962971 0.453102 2.926958
v -0.962971 0.523849 2.958113
v -0.962971 0.524005 2.895802
v -1.522269 0.397003 3.129940
v -0.957731 0.397003 3.129940
v -1.522269 0.500162 3.107754
v -1.522269 0.537406 3.135132
v -0.962971 0.537406 3.135132
v -0.957731 0.440012 3.176201
v -1.522269 0.491436 3.213965
v -1.522269 0.548937 3.241344
v -0.962971 0.579169 3.154958
v -1.522269 0.440012 3.176201
v -1.522269 0.579169 3.154958
v -1.522269 0.674069 3.260698
v -1.522269 0.610646 3.256922
v -1.522269 0.670174 3.169592
v -1.522269 0.623892 3.166760
v -0.962971 0.715988 3.163455
v -0.962971 0.670174 3.169592
v -0.962971 0.623892 3.166760
v -0.962971 0.654746 3.075654
v -0.957731 0.048294 -2.401791
v -1.522269 0.048294 -2.401791
v -1.086248 0.142474 -2.387981
v -0.957731 0.133134 -2.368767
v -1.408093 0.133134 -2.368767
v -1.522269 0.133134 -2.368767
v -1.408093 0.142474 -2.387981
v -1.408093 0.450310 -2.553700
v -1.408093 0.357297 -2.541692
v -1.086248 0.357297 -2.541692
v -1.086248 0.450310 -2.553700
v -1.086248 0.543712 -2.541692
v -1.408093 0.543712 -2.541692
v -1.408093 0.270512 -2.505666
v -1.086248 0.270512 -2.505666
v -1.086248 0.196180 -2.448024
v -1.408093 0.196180 -2.448024
v -1.408093 0.704829 -2.448024
v -1.408093 0.630497 -2.505666
v -1.086248 0.630497 -2.505666
v -1.086248 0.704829 -2.448024
v -1.086248 0.138971 -2.013912
v -1.086248 0.102389 -2.284106
v -1.086248 0.133134 -2.368767
v -1.408093 0.138971 -2.013912
v -1.408093 0.762038 -2.373571
v -1.408093 0.797842 -2.287108
v -1.408093 0.810295 -2.194041
v -1.408093 0.797842 -2.100974
v -1.408093 0.762038 -2.013912
v -1.408093 0.704829 -1.939458
v -1.086248 0.797842 -2.287108
v -1.086248 0.762038 -2.373571
v -1.086248 0.797842 -2.100974
v -1.086248 0.810295 -2.194041
v -1.086248 0.762038 -2.013912
v -1.086248 0.704829 -1.939458
v -1.408093 0.091103 -2.193441
v -1.522269 0.102389 -2.284106
v -1.408093 0.102389 -2.284106
v -1.522269 0.013657 -2.304521
v -0.957731 0.013657 -2.304521
v -0.957731 0.102389 -2.284106
v -1.086252 0.357423 1.554189
v -1.086252 0.270644 1.518338
v -1.408150 0.270644 1.518338
v -1.408150 0.357423 1.554189
v -1.408150 0.196160 1.460663
v -1.086252 0.196160 1.460663
v -1.408150 0.138893 1.385843
v -1.086252 0.138893 1.385843
v -1.086252 0.450527 1.716300
v -1.408150 0.450527 1.566659
v -1.086252 0.450527 1.566659
v -1.086252 0.543631 1.554189
v -1.408150 0.543631 1.554189
v -1.408150 0.630411 1.518338
v -1.408150 0.704895 1.460663
v -1.086252 0.704895 1.460663
v -1.086252 0.630411 1.518338
v -1.086252 0.762162 1.025769
v -1.086252 0.704895 0.950948
v -1.086252 0.797999 1.113060
v -1.086252 0.797999 1.298552
v -1.086252 0.810295 1.206585
v -1.086252 0.762162 1.385843
v -1.086252 0.630411 0.894833
v -1.086252 0.543631 0.858981
v -1.086252 0.450527 0.846511
v -1.086252 0.357423 0.858981
v -1.086252 0.270644 0.894833
v -1.086252 0.196160 0.950948
v -1.086252 0.138893 1.025769
v -1.408150 0.797999 1.113060
v -1.408150 0.797999 1.298552
v -1.408150 0.704895 0.950948
v -1.408150 0.762162 1.385843
v -1.408150 0.357423 0.858981
v -1.408150 0.543631 0.858981
v -1.408150 0.196160 0.950948
v -1.408150 0.270644 0.894833
v -1.408150 0.810295 1.206585
v -1.408150 0.762162 1.025769
v -1.408150 0.138893 1.025769
v -1.389909 0.091111 1.088119
v -1.408150 0.138893 0.196508
v -1.408150 0.762162 0.196508
v -1.408150 0.797999 0.282240
v -1.408150 0.196160 0.121687
v -1.086252 0.196160 0.121687
v -1.086252 0.762162 0.196508
v -1.086252 0.138893 0.556582
v -1.086252 0.797999 0.282240
v -1.086252 0.810295 0.375765
v -1.086252 0.797999 0.469291
v -1.086252 0.704895 0.629843
v -1.086252 0.762162 0.556582
v -1.408150 0.630411 0.687518
v -1.408150 0.543631 0.723369
v -1.408150 0.704895 0.629843
v -1.408150 0.450527 0.735839
v -1.408150 0.357423 0.723369
v -1.408150 0.270644 0.687518
v -1.408150 0.797999 0.469291
v -1.408150 0.762162 0.556582
v -1.408150 0.810295 0.375765
v -1.408150 0.630411 0.894833
v -1.408150 0.450527 0.846511
v -1.086252 0.450527 0.735839
v -1.086252 0.357423 0.723369
v -1.086252 0.270644 0.687518
v -1.086252 0.196160 0.629843
v -1.408150 0.196160 0.629843
v -1.408150 0.138893 0.556582
v -1.086252 0.630411 0.687518
v -1.086252 0.543631 0.723369
v -1.086252 0.138893 0.196508
v -1.310653 0.091111 0.484879
v -0.667994 0.854952 3.149066
v -0.667994 0.902844 3.098044
v -0.667994 0.796448 3.187222
v -0.667994 0.730324 3.210293
v -0.667994 0.660663 3.216949
v -0.667994 0.591546 3.206744
v -0.667994 0.527055 3.180124
v -0.667994 0.936858 3.037260
v -0.849424 0.936858 3.037260
v -0.849424 0.916178 2.988900
v -0.849424 0.922981 2.909038
v -0.849424 0.902844 3.098044
v -0.849424 0.884885 3.062106
v -0.888664 0.922981 2.909038
v -0.888664 0.916178 2.988900
v -0.888664 0.905021 2.831395
v -0.849424 0.905021 2.831395
v -0.888664 0.884885 3.062106
v -0.888664 0.863932 2.763069
v -0.849424 0.591546 3.206744
v -0.849424 0.660663 3.216949
v -0.849424 0.730324 3.210293
v -0.849424 0.527055 3.180124
v -0.849424 0.606785 3.174799
v -0.849424 0.686242 3.181455
v -0.849424 0.764066 3.163707
v -0.849424 0.796448 3.187222
v -0.867750 0.533314 3.143299
v -0.878207 0.606785 3.174799
v -0.849424 0.533314 3.143299
v -0.888664 0.764066 3.163707
v -0.849424 0.854952 3.149066
v -0.849424 0.832639 3.122446
v -0.888664 0.832639 3.122446
v -0.667994 0.400250 2.816754
v -0.849424 0.400250 2.816754
v -0.849424 0.381747 2.884192
v -0.667994 0.381747 2.884192
v -0.849424 0.379842 2.954293
v -0.667994 0.379842 2.954293
v -0.849424 0.452224 2.791908
v -0.849424 0.420931 2.865115
v -0.849424 0.414128 2.944976
v -0.849424 0.432088 3.022619
v -0.849424 0.394808 3.022619
v -0.667994 0.394808 3.022619
v -0.667994 0.425557 3.085177
v -0.667994 0.470456 3.138862
v -0.849424 0.425557 3.085177
v -0.849424 0.470456 3.138862
v -0.856754 0.456578 3.063437
v -0.856647 0.455489 3.187666
v -0.859126 0.473177 3.090945
v -0.849424 0.473177 3.090945
v -0.888664 0.452224 2.791908
v -0.888664 0.420931 2.865115
v -0.888664 0.414128 2.944976
v -0.888664 0.432088 3.022619
v -0.962831 0.846359 2.798897
v -1.517192 0.846359 2.798897
v -1.517192 0.798235 2.750905
v -0.962831 0.798235 2.750905
v -0.962831 0.877288 2.859593
v -1.517192 0.877288 2.859593
v -0.962831 0.820277 2.926876
v -0.962831 0.807352 2.988042
v -0.962831 0.900023 2.975809
v -0.962831 0.904985 2.929699
v -0.962831 0.886520 3.020037
v -0.962831 0.807352 2.865710
v -0.962831 0.904985 2.914172
v -0.962831 0.770653 3.038387
v -0.962831 0.864709 3.060971
v -0.962831 0.770768 2.815365
v -1.517192 0.864709 3.060971
v -1.522269 0.864709 3.060971
v -1.517192 0.886520 3.020037
v -1.522269 0.886520 3.020037
v -0.920716 0.904985 2.929699
v -0.933858 0.996156 2.931110
v -1.522269 0.996156 2.931110
v -0.932664 0.989578 2.993218
v -0.930274 0.971113 3.053914
v -1.522269 0.971113 3.053914
v -1.522269 0.989578 2.993218
v -0.920119 0.900023 2.975809
v -0.918028 0.886520 3.020037
v -1.522269 0.900023 2.975809
v -1.517192 0.900023 2.975809
v -0.925794 0.941338 3.110375
v -0.920119 0.901523 3.159778
v -1.522269 0.901523 3.159778
v -1.522269 0.941338 3.110375
v -1.522269 0.853053 3.201183
v -0.913249 0.853053 3.201183
v -1.522269 0.797542 3.232237
v -1.522269 0.800312 3.126842
v -1.522269 0.835626 3.096730
v -1.522269 0.759920 3.148957
v -0.962831 0.800312 3.126842
v -0.962831 0.835626 3.096730
v -0.910860 0.835626 3.096730
v -0.915041 0.864709 3.060971
v -1.071935 0.521224 -3.138364
v -1.071935 0.492498 -3.106723
v -1.071935 0.893005 -2.970242
v -1.071935 0.555751 -3.163866
v -1.071935 0.594420 -3.182284
v -1.071935 0.636128 -3.193146
v -1.071935 0.721477 -3.189840
v -1.071935 0.678941 -3.195507
v -1.071935 0.799369 -3.154421
v -1.071935 0.762080 -3.176144
v -1.408059 0.470125 -3.069887
v -1.408059 0.721477 -3.189840
v -1.408059 0.762080 -3.176144
v -1.408059 0.799369 -3.154421
v -1.408059 0.636128 -3.193146
v -1.408059 0.678941 -3.195507
v -1.408059 0.831686 -3.126558
v -1.408059 0.858202 -3.092555
v -1.408059 0.877537 -3.054303
v -1.522269 0.741365 -3.278624
v -0.897528 0.741365 -3.278624
v -0.905662 0.798540 -3.259261
v -1.522269 0.798540 -3.259261
v -1.522269 0.681427 -3.286652
v -0.888742 0.681427 -3.286652
v -1.522269 0.562380 -3.267762
v -0.871822 0.562380 -3.267762
v -0.880282 0.620936 -3.282874
v -1.522269 0.620936 -3.282874
v -1.522269 0.636128 -3.193146
v -1.408059 0.594420 -3.182284
v -1.522269 0.594420 -3.182284
v -1.522269 0.678941 -3.195507
v -1.408059 0.555751 -3.163866
v -1.522269 0.555751 -3.163866
v -1.522269 0.762080 -3.176144
v -1.522269 0.721477 -3.189840
v -0.876378 0.594420 -3.182284
v -0.871172 0.555751 -3.163866
v -0.882560 0.636128 -3.193146
v -0.894599 0.721477 -3.189840
v -0.888417 0.678941 -3.195507
v -0.905662 0.799369 -3.154421
v -0.900456 0.762080 -3.176144
v -0.928765 0.962057 -3.088777
v -1.522269 0.962057 -3.088777
v -1.522269 0.934436 -3.142614
v -0.924860 0.934436 -3.142614
v -0.931043 0.978906 -3.030690
v -1.522269 0.978906 -3.030690
v -1.522269 0.858202 -3.092555
v -1.522269 0.877537 -3.054303
v -1.522269 0.889414 -3.013216
v -1.408059 0.889414 -3.013216
v -1.522269 0.831686 -3.126558
v -1.071935 0.831686 -3.126558
v -0.910218 0.831686 -3.126558
v -0.914123 0.858202 -3.092555
v -1.071935 0.858202 -3.092555
v -0.916726 0.877537 -3.054303
v -1.071935 0.877537 -3.054303
v -0.918353 0.889414 -3.013216
v -1.071935 0.889414 -3.013216
v -0.919654 0.897148 -3.189840
v -1.522269 0.897148 -3.189840
v -1.522269 0.851297 -3.229509
v -0.913146 0.851297 -3.229509
v -1.522269 0.799369 -3.154421
v -0.865965 0.521224 -3.138364
v -0.862061 0.492498 -3.106723
v -0.864338 0.507966 -3.241315
v -1.522269 0.507966 -3.241315
v -1.408059 0.492498 -3.106723
v -1.408059 0.521224 -3.138364
v -1.522269 0.492498 -3.106723
v -1.522269 0.521224 -3.138364
v -1.522269 0.418750 -3.160088
v -0.957724 0.418750 -3.160088
v -1.522269 0.470125 -3.069887
v -1.408059 0.447476 -3.029746
v -0.858807 0.470125 -3.069887
v -0.856204 0.446923 -3.028801
v -1.071935 0.470125 -3.069887
v -1.071935 0.447476 -3.029746
v -1.408059 0.478688 -2.862567
v -1.071935 0.478688 -2.862567
v -1.071935 0.812903 -2.803536
v -1.408059 0.812903 -2.803536
v -1.408059 0.862345 -2.862567
v -1.408059 0.893005 -2.970242
v -1.408059 0.893005 -2.942851
v -1.071935 0.452448 -2.934822
v -1.071935 0.862345 -2.862567
v -1.408059 0.452448 -2.934822
v -1.522269 0.984154 -2.971658
v -0.932019 0.984154 -2.971658
v -1.522269 0.893005 -2.970242
v -0.919003 0.893005 -2.970242
v -1.071935 0.893005 -2.942851
v -1.517206 0.603290 2.720020
v -0.962875 0.603290 2.720020
v -0.962875 0.670480 2.709379
v -1.517206 0.670480 2.709379
v -0.962875 0.737670 2.720020
v -1.517206 0.737670 2.720020
v -1.517206 0.542677 2.750905
v -0.962875 0.542677 2.750905
v -1.522269 0.923223 2.035213
v -0.932990 0.923223 2.035213
v -0.933142 0.992155 2.657329
v -1.522269 0.992155 2.657329
v -1.522269 0.900988 2.656821
v -1.522269 0.832055 2.034963
v -0.920005 0.832055 2.034963
v -0.920153 0.900988 2.656821
v -1.522269 0.362485 3.074492
v -0.957731 0.362485 3.074492
v -0.957731 0.444443 3.034531
v -1.522269 0.444443 3.034531
v -0.667994 0.901717 2.566754
v -0.667994 0.606745 2.643718
v -0.849388 0.803751 2.710704
v -0.849388 0.863990 2.763070
v -0.888664 0.803751 2.710704
v -0.888664 0.798979 2.784253
v -0.888664 0.729887 2.744313
v -0.667994 1.063873 2.760006
v -0.849388 1.063873 2.760006
v -0.849388 0.482154 2.704900
v -0.667994 0.482154 2.704900
v -0.667994 0.540735 2.666745
v -0.849388 0.434406 2.755966
v -0.667994 0.434406 2.755966
v -0.888664 0.572995 2.690516
v -0.888664 0.504579 2.731625
v -0.849388 0.504579 2.731625
v -0.888664 0.650522 2.735927
v -0.888664 0.574609 2.760547
v -1.086252 0.091054 2.091759
v -1.086252 0.762088 1.896207
v -1.086252 0.704907 1.821687
v -1.086252 0.630387 1.764506
v -1.086252 0.543606 1.728560
v -1.086252 0.357352 1.728562
v -1.086252 0.270572 1.764507
v -1.086252 0.196051 1.821689
v -1.086252 0.138870 1.896208
v -1.408148 0.762088 1.896207
v -1.408148 0.091054 2.091759
v -1.408148 0.704907 1.821687
v -1.408148 0.543606 1.728560
v -1.408148 0.630387 1.764506
v -1.408148 0.357352 1.728562
v -1.408148 0.450479 1.716300
v -1.408148 0.270572 1.764507
v -1.408148 0.196051 1.821689
v -1.408148 0.138870 1.896208
v -0.957731 0.091054 2.091759
v -1.086252 0.091058 2.025775
v -0.957731 -0.000047 2.095557
v -1.408148 0.091058 2.025775
v -1.522269 -0.000047 2.095557
v -1.522269 0.091054 2.091759
v -0.957731 0.000188 -2.197137
v -1.522269 0.000188 -2.197137
v -1.086253 0.091097 1.324830
v -0.957731 0.091295 -2.193470
v -1.086253 0.091111 1.087385
v -1.086254 0.091145 0.485097
v -1.086254 0.091157 0.267114
v -1.522269 0.091295 -2.193470
v -1.408150 0.091103 1.225515
v -1.408150 0.091111 1.087385
v -1.408150 0.091145 0.485097
v -1.408150 0.091157 0.267114
v -1.281889 0.091157 0.267114
v -0.919857 0.831055 -2.114864
v -1.522269 0.831055 -2.114864
v -0.932839 0.922222 -2.114872
v -1.522269 0.922222 -2.114872
v -1.086252 0.091254 -1.461945
v -1.086253 0.091295 -2.193470
v -1.408150 0.091290 -2.110293
v -1.086253 0.091290 -2.110293
v -1.408150 0.450480 0.016299
v -1.408150 0.357352 0.028559
v -1.086254 0.357352 0.028559
v -1.086254 0.450480 0.016299
v -1.408150 0.543606 0.028559
v -1.086254 0.543606 0.028559
v -1.408150 0.270572 0.064505
v -1.086254 0.270572 0.064505
v -1.408150 0.704907 0.121684
v -1.408150 0.630388 0.064505
v -1.086254 0.630388 0.064505
v -1.086254 0.704907 0.121684
v -1.086253 0.357352 -1.846329
v -1.408150 0.630387 -1.882278
v -1.086253 0.630387 -1.882278
v -1.086253 0.270571 -1.882276
v -1.086253 0.196051 -1.939458
v -1.408150 0.196051 -1.939458
v -1.517206 0.835678 3.096789
v -1.517206 0.800305 3.126609
v -1.517206 0.759920 3.149183
v -1.517206 0.715988 3.163689
v -0.962875 0.716858 2.784336
v -0.962876 0.726479 2.789897
v -0.888664 0.574428 3.092969
v -0.888664 0.515150 3.039536
v -0.888664 0.515272 2.813917
v -0.888664 0.468701 3.073805
v -0.888664 0.456572 3.054169
v -0.888664 0.482729 2.966612
v -0.888664 0.482773 2.886805
v -0.888664 0.500104 3.107813
v -0.888664 0.537358 3.135247
v -0.888664 0.539270 3.136158
v -0.957731 0.455534 3.187754
v -0.888664 0.456501 3.063354
v -0.869960 0.548939 3.241157
v -0.861762 0.491396 3.213997
v -0.888664 0.548856 3.140717
v -1.522269 0.737187 3.252372
v -0.896811 0.737187 3.252372
v -0.887813 0.674104 3.260698
v -0.878753 0.610587 3.256914
v -1.522269 0.715988 3.163689
v -0.888664 0.680068 3.168321
v -0.893787 0.715988 3.163689
v -0.888664 0.670102 3.169605
v -0.888664 0.623927 3.166714
v -0.900053 0.759920 3.149183
v -0.962876 0.759920 3.149183
v -0.888664 0.579137 3.155122
v -0.888664 0.650315 3.117672
v -0.962876 0.716704 3.069335
v -0.888664 0.729689 3.109372
v -0.957731 0.386316 -3.106043
v -1.522269 0.386316 -3.106043
v -0.957731 0.446886 -3.028720
v -1.522269 0.446886 -3.028720
v -1.522269 0.988155 -2.820171
v -0.932535 0.988155 -2.820171
v -1.522269 0.896987 -2.819646
v -0.919561 0.896987 -2.819646
v -1.408148 0.670480 -2.751722
v -1.408148 0.746226 -2.765079
v -1.071851 0.746226 -2.765079
v -1.071851 0.670480 -2.751722
v -1.408148 0.594733 -2.765078
v -1.071851 0.594733 -2.765078
v -1.071851 0.528122 -2.803537
v -1.408148 0.528123 -2.803537
v -1.408150 0.091097 1.324830
v -0.888664 0.862403 2.926915
v -0.888664 0.845768 3.004967
v -0.888664 0.845853 2.848843
v -0.888664 0.798825 3.069507
v -0.888664 0.680067 3.180995
v -0.888664 0.686359 3.181545
v -0.905421 0.797548 3.232236
v -0.905814 0.800305 3.126609
v -1.517206 0.904988 2.929658
v -1.522269 0.904988 2.929658
v -1.517206 0.904957 2.914335
v -1.522269 0.459365 -3.205151
v -0.957731 0.459365 -3.205151
v -0.857312 0.459365 -3.205151
vn 1.0000 -0.0000 -0.0000
vn 1.0000 0.0002 0.0004
vn 1.0000 0.0002 0.0003
vn 1.0000 -0.0001 0.0006
vn 1.0000 0.0001 0.0005
vn -0.0000 -0.7951 -0.6065
vn -0.0000 -0.9243 -0.3817
vn 1.0000 0.0003 0.0001
vn 1.0000 0.0002 0.0002
vn 1.0000 -0.0004 0.0009
vn 1.0000 -0.0039 0.0025
vn 1.0000 -0.0009 0.0012
vn -1.0000 -0.0000 -0.0000
vn -1.0000 0.0001 -0.0000
vn -0.0005 0.0239 0.9997
vn -0.0000 0.0224 0.9997
vn -1.0000 0.0003 0.0010
vn 1.0000 0.0006 0.0020
vn 1.0000 0.0003 -0.0000
vn -0.0000 -0.9245 0.3811
vn -0.0000 -0.9912 -0.1327
vn -0.0000 -0.9912 0.1327
vn -0.0000 0.9421 -0.3352
vn -0.0000 0.9422 -0.3352
vn -0.0000 0.9929 -0.1186
vn -0.0000 0.9631 0.2692
vn -1.0000 -0.0000 0.0012
vn -1.0000 0.0002 0.0010
vn -0.0000 0.9242 0.3818
vn -0.0000 -0.9412 0.3379
vn 0.9999 0.0159 -0.0000
vn 0.9999 -0.0130 -0.0032
vn -0.0000 -0.9931 0.1169
vn -1.0000 -0.0019 0.0012
vn -1.0000 -0.0004 0.0006
vn -1.0000 -0.0002 0.0004
vn -1.0000 0.0001 0.0002
vn -1.0000 0.0001 0.0001
vn -1.0000 -0.0000 0.0003
vn -1.0000 -0.0000 0.0002
vn -1.0000 0.0077 -0.0000
vn -1.0000 -0.0063 -0.0016
vn -0.0000 -1.0000 -0.0001
vn -0.0000 0.6041 -0.7969
vn -0.0000 0.6745 -0.7383
vn -0.0000 -0.9260 0.3775
vn -0.0000 -0.9135 0.4068
vn 0.0011 -0.9259 0.3777
vn -0.0000 0.3869 -0.9221
vn 1.0000 -0.0012 -0.0018
vn 1.0000 0.0005 -0.0006
vn -0.0004 0.2525 0.9676
vn -0.0005 0.2525 0.9676
vn -0.0009 -0.9259 0.3777
vn -1.0000 -0.0001 -0.0001
vn -0.0000 -0.1270 -0.9919
vn -0.0000 0.1564 0.9877
vn -0.0000 0.1270 -0.9919
vn -0.0000 -0.6068 -0.7949
vn -0.0000 -0.3850 -0.9229
vn -0.0000 -0.1564 0.9877
vn -0.0000 0.9939 -0.1102
vn -0.0000 0.9257 -0.3782
vn -0.0000 0.4540 0.8910
vn -0.0000 -0.9939 0.1101
vn -0.0000 0.7304 0.6830
vn -0.0000 0.5150 0.8572
vn -0.0005 0.5148 0.8573
vn 0.0001 0.3294 0.9442
vn -0.0004 0.3305 0.9438
vn -0.0000 0.5458 0.8379
vn 0.0002 0.5454 0.8382
vn 1.0000 0.0016 -0.0013
vn 1.0000 0.0012 -0.0016
vn 1.0000 0.0002 -0.0015
vn 1.0000 0.0001 -0.0015
vn -0.9899 -0.1410 0.0154
vn -0.9899 -0.1411 0.0154
vn 1.0000 0.0009 -0.0015
vn -0.0006 0.2272 0.9738
vn -0.0000 0.2275 0.9738
vn -0.0000 -0.7656 0.6433
vn -0.0000 -0.4160 0.9094
vn 1.0000 -0.0007 -0.0015
vn -0.0000 -0.3929 0.9196
vn -0.0000 -0.0877 0.9961
vn -0.0000 -0.9681 0.2506
vn 1.0000 -0.0000 -0.0007
vn 1.0000 0.0016 -0.0020
vn -0.0000 -0.9802 -0.1981
vn -0.0000 0.6019 0.7986
vn -0.0000 0.3822 0.9241
vn -0.0000 -0.9912 0.1321
vn -0.0000 -0.9222 -0.3867
vn -0.0000 -0.9916 -0.1297
vn -0.0000 -0.7956 0.6059
vn -0.0000 -0.9249 0.3803
vn -0.0000 -0.6037 0.7972
vn -0.0000 -0.1305 0.9914
vn -0.0000 0.3827 0.9239
vn -0.0000 -0.6088 0.7934
vn -0.0000 0.1305 0.9914
vn -0.0000 -0.3827 0.9239
vn -0.0000 0.7906 0.6123
vn -0.0000 0.7978 0.6029
vn -0.0000 0.7906 -0.6123
vn -0.0000 0.8055 -0.5926
vn -0.0000 0.6133 -0.7898
vn -0.0000 -0.1274 -0.9918
vn -0.0000 -0.1275 -0.9918
vn -0.0000 -0.3824 -0.9240
vn -1.0000 -0.0000 0.0001
vn 0.0002 0.1267 -0.9919
vn -0.0000 0.1275 -0.9918
vn -0.0000 0.6088 -0.7934
vn 0.0003 0.6081 -0.7939
vn -0.0000 0.1453 0.9894
vn -0.0000 -0.1453 0.9894
vn -0.0000 -0.3822 0.9241
vn 0.0002 0.3827 -0.9239
vn 0.0003 0.3822 -0.9241
vn -0.0000 0.6019 -0.7986
vn -0.0000 0.3822 -0.9241
vn -0.0000 0.7974 -0.6035
vn -0.0000 -0.7956 -0.6059
vn -0.0000 -0.6037 -0.7972
vn -0.0000 -0.3822 -0.9241
vn -0.0012 -1.0000 -0.0003
vn -0.0009 -1.0000 -0.0000
vn 0.0001 -1.0000 -0.0002
vn 0.0008 -1.0000 -0.0000
vn -0.0000 -1.0000 0.0002
vn -0.0000 0.7898 -0.6134
vn -0.0000 -1.0000 -0.0002
vn 0.0002 -1.0000 -0.0001
vn -0.0000 0.7899 0.6132
vn -0.0000 0.7898 0.6134
vn -0.0000 0.7974 0.6035
vn -0.9900 -0.1410 -0.0000
vn -0.0000 1.0000 0.0001
vn -0.0000 1.0000 -0.0002
vn -0.0000 -1.0000 -0.0000
vn -0.0000 0.1274 0.9918
vn -0.0000 -0.1274 0.9918
vn -0.0000 0.1453 -0.9894
vn -0.0000 -0.7888 0.6147
vn -0.0000 -0.1453 -0.9894
vn -0.0000 -0.6151 -0.7884
vn -0.0000 0.6133 0.7898
vn -0.0000 0.1274 -0.9918
vn -0.0000 -0.7888 -0.6147
vn -0.0000 -0.9249 -0.3803
vn -0.0000 -0.6151 0.7884
vn -0.0000 0.5971 -0.8022
vn -0.0000 0.7324 -0.6809
vn -0.0022 -0.4295 0.9030
vn -0.0017 -0.4289 0.9034
vn 0.0001 0.5904 -0.8071
vn 0.0002 0.5919 -0.8060
vn -0.0000 -0.1308 -0.9914
vn -0.0000 0.0595 -0.9982
vn -0.0000 0.0594 -0.9982
vn 0.0001 0.4268 -0.9043
vn -0.0003 0.4299 -0.9029
vn -0.0011 -0.5930 0.8052
vn -0.0016 -0.5923 0.8057
vn -0.0017 -0.4297 0.9030
vn -0.0000 -0.7337 0.6795
vn -0.0000 -0.5923 0.8057
vn -0.0002 -0.7347 0.6784
vn -0.0011 -0.7337 0.6795
vn -0.0000 1.0000 0.0078
vn -0.0006 1.0000 0.0074
vn -0.0003 0.2476 -0.9689
vn -0.0000 0.2448 -0.9696
vn -0.0022 -0.4296 0.9030
vn 0.4851 0.2707 -0.8315
vn 0.4862 0.2691 -0.8314
vn -0.0000 0.3090 0.9511
vn -0.0032 0.3131 0.9497
vn -0.0022 -0.2506 0.9681
vn 0.0007 -0.2551 0.9669
vn 0.4851 -0.0909 -0.8697
vn 0.4862 -0.0894 -0.8693
vn -1.0000 0.0018 -0.0010
vn -1.0000 0.0014 -0.0010
vn 0.0006 -0.0625 0.9980
vn -0.0002 -0.0611 0.9981
vn -0.0000 0.1278 0.9918
vn -0.0000 -0.0611 0.9981
vn -0.0033 0.1274 0.9918
vn -0.0007 0.1328 0.9911
vn -0.0001 0.1278 0.9918
vn -0.0000 -0.2552 0.9669
vn -0.0000 -0.2551 0.9669
vn -0.0000 -0.4289 0.9034
vn 0.4864 0.5850 -0.6490
vn 0.4850 0.5841 -0.6508
vn 0.4912 0.3262 -0.8077
vn -1.0000 0.0016 -0.0010
vn -1.0000 -0.0002 -0.0014
vn -1.0000 -0.0004 -0.0013
vn 0.4843 0.5851 0.6505
vn 0.4861 0.5827 0.6513
vn -0.0000 0.9979 -0.0644
vn -0.0000 -0.8518 0.5239
vn 0.4859 0.2696 0.8314
vn 0.4845 0.2718 0.8315
vn 0.4846 -0.0919 0.8699
vn 0.4852 -0.0926 0.8695
vn -1.0000 -0.0001 -0.0000
vn 1.0000 -0.0019 0.0017
vn 1.0000 -0.0002 -0.0000
vn 1.0000 -0.0002 -0.0001
vn 1.0000 -0.0001 -0.0003
vn 1.0000 -0.0002 -0.0002
vn -1.0000 -0.0007 -0.0013
vn -1.0000 -0.0009 -0.0010
vn -1.0000 0.0008 -0.0011
vn 1.0000 -0.0011 0.0009
vn 0.4841 0.8750 0.0005
vn 0.4854 0.8743 0.0022
vn 0.4860 0.7982 0.3559
vn 0.4839 0.8004 0.3538
vn -0.0000 0.9879 0.1551
vn 0.4851 0.7990 -0.3552
vn 0.4831 0.7989 -0.3582
vn -0.0000 0.8489 -0.5285
vn -0.0000 0.9999 0.0170
vn 0.0201 -0.8487 0.5285
vn 0.0217 -0.8498 0.5267
vn -0.0012 -0.8508 0.5255
vn -0.0001 -0.8525 0.5226
vn -0.0000 0.7071 0.7071
vn -0.0000 0.8906 0.4548
vn -0.0000 -0.8507 0.5256
vn -0.0132 -0.8499 0.5268
vn -0.0000 -0.9912 0.1326
vn -0.0000 -0.9912 -0.1326
vn -0.0000 -0.9239 0.3826
vn -0.0000 -0.7930 -0.6093
vn -0.0016 -0.9926 -0.1215
vn -0.0000 -0.9923 -0.1235
vn -0.0000 -0.6092 -0.7931
vn -0.0000 -0.9248 -0.3803
vn -0.0000 -0.7930 0.6093
vn 1.0000 0.0001 0.0001
vn 1.0000 -0.0000 0.0001
vn -1.0000 -0.0000 -0.0001
vn -0.0017 -1.0000 0.0023
vn -0.0000 -0.9926 -0.1215
vn -0.0000 -0.9399 -0.3413
vn -0.0000 -0.8994 -0.4372
vn 1.0000 0.0009 0.0001
vn 1.0000 -0.0026 0.0007
vn -0.0000 0.9922 0.1245
vn -0.0000 0.9421 0.3355
vn -0.0000 0.8963 -0.4434
vn -0.0000 0.3834 0.9236
vn -0.0000 0.6128 0.7902
vn -0.0000 -0.9957 -0.0931
vn -0.0000 0.7453 0.6667
vn -0.0000 -0.1275 0.9918
vn -0.0014 -0.9031 -0.4294
vn -0.0000 0.9015 0.4327
vn 0.0555 -0.8980 -0.4365
vn -0.0000 -0.9031 -0.4294
vn -0.0000 0.1280 0.9918
vn -0.0000 -0.9032 -0.4291
vn -0.0000 0.9957 0.0931
vn -0.0000 0.7936 -0.6084
vn 1.0000 -0.0001 -0.0000
vn 1.0000 -0.0001 0.0009
vn 1.0000 -0.0001 -0.0001
vn -0.0000 0.1736 -0.9848
vn -0.0000 -0.1737 -0.9848
vn -0.9899 -0.1410 -0.0136
vn -0.0000 0.5000 -0.8660
vn -0.0000 -0.3834 0.9236
vn -0.0000 -0.6128 0.7902
vn -0.0000 -0.9915 0.1304
vn -0.0000 -0.9251 -0.3798
vn -0.0000 -0.7942 0.6077
vn -0.0000 -0.9915 -0.1304
vn -0.0000 -0.6017 0.7987
vn -0.0000 -0.9226 0.3857
vn -0.0000 0.6017 0.7987
vn -0.0000 0.3818 0.9242
vn -0.0000 0.6093 0.7929
vn -0.0000 -0.3818 0.9242
vn -0.0000 0.8284 0.5601
vn -0.0010 0.8335 -0.5525
vn -0.0000 0.8316 -0.5554
vn 0.0004 0.8316 -0.5554
vn -0.0000 -0.1328 -0.9911
vn -0.0000 0.7941 0.6078
vn -0.0003 -1.0000 -0.0000
vn -0.0000 -0.3818 -0.9242
vn -0.0000 0.1328 -0.9911
vn -0.0000 0.6122 -0.7907
vn -0.0000 0.3818 -0.9242
vn -0.0000 -0.7941 0.6078
vn -0.0000 0.1328 0.9911
vn -0.0000 -0.1328 0.9911
vn -0.0000 -0.7879 -0.6159
vn -0.0000 -0.6122 -0.7907
vn -0.0000 0.7879 -0.6159
vn -0.0000 0.1327 -0.9911
vn -0.0000 -0.1327 -0.9911
vn -0.0000 -0.7934 0.6088
vn -0.0000 0.1305 0.9915
vn -0.0000 -0.1306 0.9914
vn -0.0000 0.7941 -0.6078
vn -0.0000 0.6088 0.7934
vn -0.0000 0.7934 0.6088
vn -0.0000 0.7872 -0.6167
vn -0.0000 -0.7941 -0.6078
vn -0.0217 0.8418 0.5393
vn -0.0000 0.7902 0.6128
vn 0.0015 0.7902 0.6128
vn -0.0000 -0.9251 0.3798
vn -0.0000 -0.9912 -0.1325
vn -0.0000 0.7671 -0.6415
vn -0.0066 0.8570 -0.5153
vn -0.0000 0.5891 -0.8081
vn -0.9900 -0.1408 -0.0004
vn -0.0000 0.8562 -0.5166
vn -0.9900 -0.1412 -0.0000
vn -0.0000 0.9644 0.2646
vn -0.0000 -0.7560 -0.6546
vn -0.0000 0.9996 0.0272
vn 1.0000 0.0004 0.0008
vn -0.0000 0.8718 0.4898
vn 1.0000 0.0003 0.0008
vn -0.0007 0.8578 -0.5141
vn -0.0000 0.8575 -0.5145
vn -0.9900 -0.1412 0.0002
vn -0.9899 -0.1415 -0.0005
vn -0.0000 0.9964 0.0849
vn -0.9900 -0.1411 0.0002
vn -0.0024 1.0000 0.0064
vn 0.0004 1.0000 0.0088
vn -0.0004 0.5913 -0.8064
vn -0.0000 0.9743 -0.2254
vn -0.0000 0.9768 -0.2140
vn -0.0000 0.8974 -0.4411
vn -0.0000 0.6566 -0.7542
vn -0.0000 0.9195 0.3931
vn -0.0000 0.7550 0.6557
vn -0.0000 -0.5156 -0.8568
vn 0.0013 -0.8570 0.5154
vn -0.0000 -0.8573 0.5148
vn -0.0000 -0.9195 -0.3931
vn -0.0000 -0.9964 -0.0849
vn -0.0000 -0.6564 0.7544
vn 0.0010 -0.6561 0.7547
vn -0.0000 -0.0951 -0.9955
vn -0.0000 0.3816 -0.9243
vn -0.0000 0.3815 -0.9244
vn -0.0000 0.1461 -0.9893
vn 1.0000 -0.0000 0.0005
vn -0.0000 -0.9743 0.2254
vn -0.0000 -0.9091 -0.4165
vn 1.0000 -0.0003 -0.0000
vn 1.0000 -0.0001 0.0001
vn -0.0000 -0.8727 -0.4883
vn -0.0020 0.0872 -0.9962
vn -0.0000 0.0842 -0.9964
vn -0.0014 0.0835 -0.9965
vn -0.0000 -0.2237 -0.9746
vn -0.0029 -0.2223 -0.9750
vn -0.0000 -0.7291 -0.6844
vn -0.0000 -0.3294 -0.9442
vn -0.0000 -0.5463 -0.8376
vn -0.0000 0.3941 -0.9191
vn -0.9900 -0.1410 0.0002
vn -0.9900 -0.1413 -0.0000
vn -0.0000 -0.3164 -0.9486
vn -0.0000 -0.3165 -0.9486
vn -0.0000 -0.6495 -0.7604
vn -0.0000 -0.4882 -0.8727
vn -0.0390 0.4876 0.8722
vn 0.0411 0.4798 0.8764
vn 0.0362 0.6441 0.7641
vn -0.0155 0.6488 0.7608
vn -0.0152 0.7768 0.6296
vn -0.0000 0.7758 0.6310
vn -0.0000 0.9564 0.2920
vn -0.0000 0.9943 0.1070
vn -0.0000 -0.7786 -0.6275
vn -0.0000 -0.8845 -0.4665
vn 1.0000 0.0005 -0.0000
vn 1.0000 -0.0016 -0.0005
vn 1.0000 -0.0005 -0.0003
vn -0.9902 -0.1396 -0.0000
vn -0.9900 -0.1407 0.0008
vn -0.9904 -0.1381 -0.0013
vn -0.9895 -0.1442 0.0025
vn -0.0000 0.4879 0.8729
vn 0.0036 0.4840 0.8751
vn 0.0032 0.6461 0.7633
vn -0.0000 0.6488 0.7609
vn -0.9901 -0.1405 0.0015
vn -0.9902 -0.1398 0.0007
vn -0.9902 -0.1397 0.0012
vn -0.0000 0.8825 0.4702
vn -0.0000 0.8825 0.4703
vn -0.0000 0.3136 0.9496
vn -0.0423 0.3177 0.9473
vn -1.0000 0.0009 -0.0005
vn -1.0000 0.0007 -0.0002
vn 0.4853 -0.4354 -0.7583
vn 0.4841 -0.4371 -0.7580
vn 1.0000 -0.0010 -0.0004
vn 1.0000 0.0002 0.0001
vn 0.4840 -0.7077 -0.5147
vn 0.4847 -0.7068 -0.5152
vn 0.4847 -0.8555 -0.1823
vn 0.4858 -0.8552 -0.1807
vn 1.0000 -0.0003 0.0001
vn -0.0000 -0.8910 0.4540
vn -0.0000 -0.7061 0.7081
vn -0.0000 -0.4543 0.8909
vn -1.0000 0.0007 0.0001
vn -1.0000 0.0008 0.0003
vn 0.0002 -0.8925 0.4511
vn -0.0000 -0.8917 0.4525
vn -0.0000 -0.9567 -0.2910
vn -0.0000 -0.9567 -0.2911
vn 0.0287 0.9965 -0.0780
vn -0.0000 0.9999 -0.0146
vn -0.0001 0.9999 -0.0154
vn -0.0382 0.9992 -0.0146
vn -0.9904 -0.1383 -0.0021
vn -0.9898 -0.1427 0.0039
vn -0.0000 -0.9944 -0.1053
vn -0.9895 -0.1443 0.0027
vn -0.9904 -0.1381 -0.0030
vn 0.4848 -0.7079 0.5137
vn 0.4844 -0.7077 0.5143
vn 0.4851 -0.4377 0.7571
vn 0.4851 -0.4376 0.7571
vn 0.4853 -0.8554 0.1813
vn 0.4857 -0.8553 0.1807
vn -0.0000 1.0000 -0.0000
vn -0.9898 -0.1427 -0.0005
vn 0.4841 -0.4366 0.7583
vn -0.0000 -0.9999 0.0146
vn -0.9934 -0.1147 -0.0018
vn -0.0001 -0.8708 -0.4917
vn -0.0000 0.9975 0.0706
vn -0.0003 0.9975 0.0704
vn -0.9897 -0.1432 0.0005
vn -0.9897 -0.1428 0.0003
vn -0.0000 0.5970 0.8023
vn 0.0001 -0.8708 -0.4916
vn -0.0000 -0.8709 -0.4914
vn -0.0000 -0.8547 -0.5191
vn -0.0000 -0.4996 -0.8662
vn 1.0000 -0.0008 0.0010
vn 1.0000 -0.0001 0.0003
vn 1.0000 -0.0000 0.0003
vn -0.0000 0.7667 -0.6420
vn -1.0000 -0.0002 -0.0000
vn -1.0000 0.0001 -0.0001
vn -0.0001 -0.8709 -0.4914
vn -0.0000 -0.8708 -0.4916
vn -0.0000 -0.7404 -0.6722
vn -0.0000 0.4371 0.8994
vn -0.0000 -0.5941 -0.8044
vn -0.9908 -0.1353 -0.0040
vn -0.9906 -0.1369 -0.0015
vn -0.9892 -0.1467 0.0033
vn -0.9911 -0.1331 0.0015
vn -0.0000 0.8574 0.5146
vn -0.0000 0.7428 0.6695
vn -0.0047 0.9996 -0.0265
vn -0.0000 0.9965 -0.0833
vn -0.0000 -0.9961 0.0886
vn 0.0063 0.9996 -0.0264
vn -0.0000 -0.9342 -0.3568
vn -0.0000 -0.7666 -0.6421
vn -0.0000 0.9995 -0.0323
vn -0.9899 -0.1414 -0.0038
vn -0.9900 -0.1410 -0.0032
vn -0.9900 -0.1409 0.0003
vn -0.9900 -0.1414 0.0001
vn -0.0000 -0.9997 0.0264
vn -1.0000 -0.0001 0.0003
vn -1.0000 0.0001 0.0005
vn -1.0000 -0.0024 -0.0020
vn -1.0000 -0.0009 -0.0003
vn -1.0000 -0.0001 0.0002
vn -1.0000 0.0003 0.0012
vn 1.0000 -0.0002 0.0004
vn 1.0000 0.0032 -0.0012
vn 1.0000 0.0010 0.0001
vn -0.0000 -0.8669 -0.4985
vn -0.0000 -0.8668 -0.4987
vn -0.0000 0.9399 -0.3413
vn -0.0000 0.9986 -0.0523
vn -0.0000 -0.4300 -0.9028
vn -0.0000 0.3196 -0.9475
vn -0.0000 0.3196 -0.9476
vn -0.0000 0.1321 -0.9912
vn -0.9896 -0.1438 -0.0004
vn -0.9894 -0.1450 0.0001
vn -0.9897 -0.1430 0.0006
vn -0.0000 0.5034 -0.8641
vn -0.0000 -0.2520 -0.9677
vn -0.0000 0.1320 -0.9912
vn -0.0000 -0.0551 -0.9985
vn -0.0000 0.0623 0.9981
vn -0.0000 0.2499 0.9683
vn -0.0000 -0.3208 0.9472
vn -0.0000 -0.4912 0.8710
vn -0.0000 -0.7848 0.6197
vn -0.9899 -0.1415 0.0012
vn -0.9896 -0.1440 -0.0014
vn -0.0000 -0.6543 0.7562
vn -0.9904 -0.1380 0.0023
vn -0.9900 -0.1408 0.0005
vn -0.9901 -0.1405 0.0014
vn -0.9901 -0.1401 0.0018
vn -0.0000 0.6530 -0.7574
vn -0.9903 -0.1391 0.0006
vn -0.9900 -0.1407 0.0014
vn -0.9900 -0.1411 0.0011
vn -0.0000 0.9607 -0.2777
vn -0.0000 -0.9604 0.2786
vn -0.0000 0.8925 -0.4511
vn -0.0000 -0.8897 0.4565
vn -0.9903 -0.1389 0.0011
vn -0.9900 -0.1409 0.0002
vn -0.9893 -0.1461 0.0020
vn -0.9897 -0.1432 -0.0009
vn -0.9908 -0.1357 -0.0022
vn -0.9904 -0.1385 -0.0002
vn -0.0000 0.7886 -0.6150
s 0
f 569//1 577//1 576//1
f 569//1 576//1 575//1
f 3//2 6//2 569//2
f 3//3 569//3 4//3
f 573//1 569//1 575//1
f 569//1 571//1 572//1
f 569//1 572//1 570//1
f 569//1 573//1 574//1
f 569//1 574//1 571//1
f 8//4 7//4 569//4
f 8//5 569//5 6//5
f 4//6 46//6 47//6
f 4//6 47//6 1//6
f 41//7 47//7 46//7
f 41//7 46//7 42//7
f 569//8 42//8 46//8
f 569//9 46//9 4//9
f 20//10 569//10 7//10
f 19//11 45//11 569//11
f 19//12 569//12 20//12
f 562//13 563//13 559//13
f 562//13 559//13 561//13
f 564//13 565//13 559//13
f 559//14 41//14 40//14
f 559//14 40//14 39//14
f 23//15 540//15 34//15
f 23//16 34//16 33//16
f 560//13 561//13 559//13
f 560//17 559//17 39//17
f 566//13 567//13 559//13
f 566//13 559//13 565//13
f 569//1 570//1 568//1
f 569//18 568//18 44//18
f 569//19 44//19 43//19
f 569//19 43//19 42//19
f 44//20 568//20 560//20
f 44//20 560//20 39//20
f 42//21 43//21 40//21
f 42//21 40//21 41//21
f 43//22 44//22 39//22
f 43//22 39//22 40//22
f 51//23 53//23 12//23
f 51//24 12//24 11//24
f 580//25 582//25 53//25
f 580//25 53//25 51//25
f 52//26 581//26 579//26
f 52//26 579//26 50//26
f 49//27 578//27 580//27
f 49//28 580//28 51//28
f 50//29 567//29 577//29
f 50//29 577//29 52//29
f 54//30 45//30 16//30
f 54//30 16//30 15//30
f 19//1 13//1 16//1
f 19//1 16//1 45//1
f 569//31 581//31 52//31
f 569//32 52//32 577//32
f 53//1 582//1 583//1
f 53//1 583//1 54//1
f 583//33 569//33 45//33
f 583//33 45//33 54//33
f 12//1 53//1 54//1
f 12//1 54//1 15//1
f 559//34 48//34 18//34
f 559//35 18//35 17//35
f 21//13 14//13 18//13
f 21//13 18//13 48//13
f 17//36 10//36 559//36
f 559//37 5//37 2//37
f 559//38 2//38 1//38
f 559//39 10//39 9//39
f 559//40 9//40 5//40
f 47//38 41//38 559//38
f 47//38 559//38 1//38
f 50//41 579//41 559//41
f 50//42 559//42 567//42
f 22//13 49//13 51//13
f 22//13 51//13 11//13
f 48//30 49//30 22//30
f 48//30 22//30 21//30
f 559//33 578//33 49//33
f 559//33 49//33 48//33
f 559//43 579//43 578//43
f 19//44 20//44 17//44
f 19//44 17//44 18//44
f 13//45 19//45 18//45
f 13//45 18//45 14//45
f 539//1 536//1 12//1
f 539//1 12//1 15//1
f 538//46 539//46 13//46
f 538//46 13//46 14//46
f 15//47 16//47 13//47
f 15//48 13//48 539//48
f 10//49 17//49 20//49
f 10//49 20//49 7//49
f 542//50 25//50 23//50
f 542//51 23//51 543//51
f 23//1 25//1 26//1
f 23//1 26//1 24//1
f 24//52 541//52 540//52
f 24//53 540//53 23//53
f 14//47 21//47 22//47
f 14//54 22//54 538//54
f 11//55 537//55 538//55
f 11//55 538//55 22//55
f 5//56 9//56 8//56
f 5//56 8//56 6//56
f 522//57 523//57 520//57
f 522//57 520//57 521//57
f 9//58 10//58 7//58
f 9//58 7//58 8//58
f 3//59 4//59 1//59
f 3//59 1//59 2//59
f 2//60 5//60 6//60
f 2//60 6//60 3//60
f 524//61 525//61 523//61
f 524//61 523//61 522//61
f 532//62 535//62 534//62
f 532//62 534//62 533//62
f 536//63 537//63 11//63
f 536//63 11//63 12//63
f 532//1 533//1 528//1
f 532//1 528//1 531//1
f 526//64 527//64 521//64
f 526//64 521//64 520//64
f 530//65 531//65 528//65
f 530//65 528//65 529//65
f 549//66 552//66 553//66
f 549//66 553//66 550//66
f 554//67 555//67 556//67
f 554//68 556//68 38//68
f 37//69 551//69 541//69
f 37//70 541//70 24//70
f 23//1 33//1 30//1
f 23//1 30//1 29//1
f 549//71 550//71 551//71
f 549//72 551//72 37//72
f 556//73 549//73 37//73
f 556//74 37//74 38//74
f 27//75 546//75 557//75
f 27//76 557//76 28//76
f 529//77 534//77 535//77
f 529//78 535//78 530//78
f 557//1 558//1 554//1
f 557//79 554//79 28//79
f 28//80 554//80 38//80
f 28//81 38//81 26//81
f 38//1 37//1 24//1
f 38//1 24//1 26//1
f 31//82 32//82 29//82
f 31//82 29//82 30//82
f 33//83 34//83 31//83
f 33//83 31//83 30//83
f 544//1 545//1 546//1
f 544//84 546//84 27//84
f 25//85 542//85 544//85
f 25//85 544//85 27//85
f 27//86 28//86 26//86
f 27//86 26//86 25//86
f 32//87 36//87 35//87
f 32//87 35//87 29//87
f 548//88 543//88 23//88
f 548//89 23//89 35//89
f 35//1 23//1 29//1
f 31//13 34//13 540//13
f 31//13 540//13 32//13
f 547//90 548//90 35//90
f 547//90 35//90 36//90
f 540//13 547//13 36//13
f 540//13 36//13 32//13
f 70//13 123//13 124//13
f 70//13 124//13 119//13
f 70//13 126//13 125//13
f 70//13 125//13 123//13
f 73//91 122//91 127//91
f 73//91 127//91 74//91
f 70//13 122//13 73//13
f 70//13 73//13 71//13
f 70//13 119//13 117//13
f 70//13 117//13 118//13
f 120//13 121//13 70//13
f 120//13 70//13 118//13
f 122//13 70//13 121//13
f 128//92 127//92 122//92
f 128//92 122//92 121//92
f 134//93 131//93 123//93
f 134//93 123//93 125//93
f 126//94 135//94 136//94
f 126//94 136//94 133//94
f 72//1 138//1 137//1
f 72//1 137//1 107//1
f 133//95 134//95 125//95
f 133//95 125//95 126//95
f 129//96 130//96 119//96
f 129//96 119//96 124//96
f 131//97 129//97 124//97
f 131//97 124//97 123//97
f 130//98 132//98 117//98
f 130//98 117//98 119//98
f 62//13 84//13 108//13
f 62//13 108//13 61//13
f 608//99 610//99 609//99
f 608//99 609//99 605//99
f 606//100 611//100 612//100
f 606//100 612//100 607//100
f 615//101 616//101 613//101
f 615//101 613//101 614//101
f 607//102 608//102 605//102
f 607//102 605//102 606//102
f 62//13 111//13 113//13
f 62//13 113//13 79//13
f 109//13 111//13 62//13
f 109//13 62//13 110//13
f 62//13 114//13 112//13
f 62//13 112//13 110//13
f 610//103 615//103 614//103
f 610//103 614//103 609//103
f 59//1 89//1 115//1
f 59//1 115//1 56//1
f 61//104 108//104 100//104
f 61//104 100//104 89//104
f 61//105 89//105 59//105
f 61//105 59//105 58//105
f 116//1 115//1 89//1
f 116//1 89//1 95//1
f 115//106 116//106 114//106
f 115//106 114//106 62//106
f 115//107 62//107 63//107
f 115//107 63//107 56//107
f 112//108 114//108 116//108
f 112//108 116//108 95//108
f 148//109 151//109 150//109
f 148//110 150//110 149//110
f 151//111 618//111 619//111
f 151//111 619//111 150//111
f 150//112 619//112 617//112
f 150//112 617//112 149//112
f 149//113 617//113 147//113
f 149//114 147//114 148//114
f 144//13 143//13 70//13
f 144//13 70//13 106//13
f 102//13 106//13 70//13
f 102//13 70//13 103//13
f 70//13 146//13 145//13
f 70//13 145//13 103//13
f 620//115 621//115 622//115
f 620//116 622//116 152//116
f 142//117 128//117 121//117
f 142//117 121//117 120//117
f 141//118 142//118 120//118
f 141//118 120//118 118//118
f 132//119 141//119 118//119
f 132//119 118//119 117//119
f 148//1 147//1 151//1
f 617//120 620//120 152//120
f 617//121 152//121 147//121
f 622//1 618//1 151//1
f 622//1 151//1 147//1
f 152//1 622//1 147//1
f 70//13 143//13 135//13
f 70//13 135//13 126//13
f 134//1 133//1 72//1
f 134//1 72//1 131//1
f 129//1 131//1 72//1
f 129//1 72//1 130//1
f 72//1 141//1 132//1
f 72//1 132//1 130//1
f 136//1 138//1 72//1
f 136//1 72//1 133//1
f 72//1 107//1 105//1
f 72//1 105//1 104//1
f 139//1 72//1 104//1
f 72//1 139//1 140//1
f 72//1 140//1 69//1
f 142//1 141//1 72//1
f 142//1 72//1 128//1
f 145//122 146//122 140//122
f 145//122 140//122 139//122
f 103//123 145//123 139//123
f 103//123 139//123 104//123
f 69//124 140//124 146//124
f 69//124 146//124 70//124
f 135//125 143//125 138//125
f 135//125 138//125 136//125
f 127//1 128//1 72//1
f 127//1 72//1 74//1
f 143//126 144//126 137//126
f 143//126 137//126 138//126
f 107//127 137//127 144//127
f 107//127 144//127 106//127
f 587//128 57//128 601//128
f 587//43 601//43 602//43
f 591//129 60//129 59//129
f 591//129 59//129 56//129
f 68//129 60//129 591//129
f 68//130 591//130 603//130
f 58//131 57//131 587//131
f 58//131 587//131 55//131
f 529//132 528//132 600//132
f 529//132 600//132 599//132
f 598//1 600//1 528//1
f 598//1 528//1 533//1
f 66//95 67//95 64//95
f 66//95 64//95 65//95
f 60//133 69//133 70//133
f 60//133 70//133 57//133
f 68//134 603//134 604//134
f 68//135 604//135 601//135
f 62//13 77//13 75//13
f 62//13 75//13 76//13
f 66//13 77//13 62//13
f 66//13 62//13 67//13
f 601//136 71//136 72//136
f 601//137 72//137 68//137
f 71//13 601//13 57//13
f 71//13 57//13 70//13
f 68//1 72//1 69//1
f 68//1 69//1 60//1
f 71//138 73//138 74//138
f 71//138 74//138 72//138
f 534//139 529//139 599//139
f 534//139 599//139 597//139
f 580//13 578//13 587//13
f 580//13 587//13 584//13
f 583//43 591//43 592//43
f 591//43 594//43 593//43
f 591//43 593//43 592//43
f 587//43 589//43 590//43
f 587//43 590//43 55//43
f 584//140 585//140 582//140
f 584//140 582//140 580//140
f 587//43 578//43 579//43
f 587//43 579//43 586//43
f 587//43 586//43 588//43
f 587//43 588//43 589//43
f 591//43 56//43 595//43
f 591//43 595//43 594//43
f 596//43 595//43 56//43
f 596//43 56//43 63//43
f 590//43 596//43 63//43
f 590//43 63//43 55//43
f 533//141 534//141 597//141
f 533//141 597//141 598//141
f 55//107 63//107 62//107
f 591//1 583//1 582//1
f 591//1 582//1 585//1
f 59//142 60//142 57//142
f 59//142 57//142 58//142
f 55//13 62//13 61//13
f 55//13 61//13 58//13
f 99//143 98//143 83//143
f 99//143 83//143 82//143
f 97//144 99//144 82//144
f 97//144 82//144 81//144
f 104//145 105//145 102//145
f 104//145 102//145 103//145
f 89//1 100//1 101//1
f 89//1 101//1 98//1
f 88//146 90//146 76//146
f 88//146 76//146 75//146
f 89//1 97//1 96//1
f 89//1 96//1 90//1
f 89//1 98//1 99//1
f 89//1 99//1 97//1
f 105//147 107//147 106//147
f 105//147 106//147 102//147
f 110//123 112//123 95//123
f 110//123 95//123 94//123
f 79//148 113//148 91//148
f 79//148 91//148 85//148
f 113//127 111//127 92//127
f 113//127 92//127 91//127
f 111//109 109//109 93//109
f 111//110 93//110 92//110
f 101//149 100//149 108//149
f 101//149 108//149 84//149
f 98//92 101//92 84//92
f 98//92 84//92 83//92
f 109//114 110//114 94//114
f 109//150 94//150 93//150
f 96//119 97//119 81//119
f 96//119 81//119 80//119
f 85//151 86//151 78//151
f 85//151 78//151 79//151
f 67//152 78//152 86//152
f 67//152 86//152 64//152
f 87//97 88//97 75//97
f 87//97 75//97 77//97
f 84//13 62//13 83//13
f 62//13 79//13 78//13
f 62//13 78//13 67//13
f 80//13 81//13 62//13
f 80//13 62//13 76//13
f 82//13 83//13 62//13
f 82//13 62//13 81//13
f 65//93 87//93 77//93
f 65//93 77//93 66//93
f 93//1 94//1 89//1
f 93//1 89//1 92//1
f 95//1 89//1 94//1
f 90//153 96//153 80//153
f 90//153 80//153 76//153
f 91//1 92//1 89//1
f 91//1 89//1 85//1
f 86//1 85//1 89//1
f 86//1 89//1 64//1
f 89//1 87//1 65//1
f 89//1 65//1 64//1
f 89//1 90//1 88//1
f 89//1 88//1 87//1
f 186//154 190//154 639//154
f 190//155 186//155 182//155
f 190//155 182//155 181//155
f 638//156 643//156 189//156
f 638//157 189//157 185//157
f 187//158 642//158 639//158
f 187//159 639//159 190//159
f 191//1 188//1 187//1
f 191//1 187//1 184//1
f 645//160 646//160 192//160
f 645//160 192//160 644//160
f 646//161 647//161 193//161
f 646//162 193//162 192//162
f 187//1 190//1 184//1
f 183//1 184//1 190//1
f 183//1 190//1 181//1
f 641//163 642//163 187//163
f 641//164 187//164 188//164
f 172//165 636//165 637//165
f 172//166 637//166 185//166
f 637//167 638//167 185//167
f 174//168 183//168 175//168
f 174//168 175//168 176//168
f 159//169 184//169 183//169
f 159//169 183//169 174//169
f 171//170 632//170 636//170
f 171//171 636//171 172//171
f 186//13 639//13 173//13
f 186//13 173//13 182//13
f 639//172 640//172 633//172
f 639//173 633//173 173//173
f 172//13 185//13 164//13
f 172//13 164//13 165//13
f 173//13 538//13 537//13
f 173//13 537//13 182//13
f 647//174 641//174 188//174
f 647//175 188//175 193//175
f 189//176 643//176 655//176
f 656//177 629//177 166//177
f 656//178 166//178 199//178
f 653//179 654//179 196//179
f 653//180 196//180 650//180
f 189//181 655//181 652//181
f 189//182 652//182 198//182
f 657//183 658//183 656//183
f 657//184 656//184 199//184
f 166//13 164//13 185//13
f 166//13 185//13 189//13
f 196//13 199//13 166//13
f 196//13 166//13 197//13
f 196//185 654//185 657//185
f 196//186 657//186 199//186
f 198//13 197//13 166//13
f 198//13 166//13 189//13
f 198//187 652//187 651//187
f 198//188 651//188 197//188
f 195//1 193//1 188//1
f 195//1 188//1 191//1
f 626//189 648//189 194//189
f 626//189 194//189 156//189
f 648//1 644//1 192//1
f 648//1 192//1 194//1
f 193//1 195//1 194//1
f 193//1 194//1 192//1
f 156//190 194//190 195//190
f 156//190 195//190 157//190
f 649//191 650//191 196//191
f 649//192 196//192 197//192
f 651//193 649//193 197//193
f 157//194 195//194 191//194
f 157//195 191//195 158//195
f 158//196 191//196 184//196
f 158//196 184//196 159//196
f 164//197 629//197 630//197
f 164//198 630//198 165//198
f 164//199 166//199 629//199
f 627//200 522//200 163//200
f 163//201 522//201 521//201
f 163//202 521//202 160//202
f 161//203 631//203 558//203
f 161//204 558//204 160//204
f 169//205 170//205 167//205
f 169//205 167//205 168//205
f 539//206 538//206 170//206
f 539//206 170//206 169//206
f 160//207 558//207 557//207
f 160//208 557//208 163//208
f 163//209 557//209 546//209
f 163//210 546//210 627//210
f 522//211 627//211 628//211
f 522//13 628//13 524//13
f 155//212 626//212 156//212
f 155//1 156//1 157//1
f 158//1 159//1 155//1
f 158//1 155//1 157//1
f 623//213 155//213 153//213
f 623//214 153//214 154//214
f 625//215 626//215 155//215
f 625//215 155//215 624//215
f 624//216 155//216 623//216
f 160//217 521//217 527//217
f 160//218 527//218 161//218
f 527//219 162//219 161//219
f 526//1 520//1 623//1
f 526//220 623//220 154//220
f 523//1 525//1 623//1
f 523//1 623//1 520//1
f 171//13 172//13 165//13
f 179//221 634//221 635//221
f 179//222 635//222 180//222
f 180//223 635//223 631//223
f 180//224 631//224 161//224
f 178//225 177//225 153//225
f 178//225 153//225 155//225
f 165//226 630//226 634//226
f 165//227 634//227 179//227
f 179//13 178//13 167//13
f 179//13 167//13 165//13
f 537//228 536//228 181//228
f 537//228 181//228 182//228
f 181//1 536//1 175//1
f 181//1 175//1 183//1
f 178//13 179//13 180//13
f 178//13 180//13 177//13
f 177//13 180//13 161//13
f 177//13 161//13 162//13
f 167//229 178//229 155//229
f 167//229 155//229 168//229
f 170//230 538//230 173//230
f 170//231 173//231 171//231
f 174//1 168//1 155//1
f 174//1 155//1 159//1
f 170//13 171//13 165//13
f 170//13 165//13 167//13
f 173//232 633//232 632//232
f 173//233 632//233 171//233
f 175//1 536//1 539//1
f 527//234 526//234 154//234
f 527//234 154//234 162//234
f 153//235 177//235 162//235
f 153//235 162//235 154//235
f 176//236 175//236 539//236
f 176//237 539//237 169//237
f 168//1 174//1 176//1
f 168//1 176//1 169//1
f 231//238 234//238 227//238
f 231//238 227//238 226//238
f 234//239 233//239 228//239
f 234//239 228//239 227//239
f 232//240 231//240 226//240
f 232//240 226//240 225//240
f 235//241 236//241 230//241
f 235//241 230//241 229//241
f 237//242 591//242 238//242
f 237//243 238//243 239//243
f 236//244 619//244 618//244
f 236//244 618//244 230//244
f 233//245 235//245 229//245
f 233//245 229//245 228//245
f 220//246 232//246 225//246
f 220//246 225//246 217//246
f 617//13 231//13 232//13
f 617//13 232//13 220//13
f 622//247 216//247 213//247
f 622//248 213//248 208//248
f 207//248 212//248 622//248
f 207//248 622//248 208//248
f 617//13 233//13 234//13
f 617//13 234//13 231//13
f 617//13 220//13 219//13
f 617//13 219//13 211//13
f 617//249 619//249 236//249
f 617//13 236//13 235//13
f 233//13 617//13 235//13
f 237//250 603//250 591//250
f 587//251 602//251 222//251
f 587//251 222//251 242//251
f 242//252 222//252 223//252
f 242//252 223//252 203//252
f 224//1 239//1 204//1
f 224//1 204//1 206//1
f 604//14 221//14 602//14
f 202//253 203//253 223//253
f 202//13 223//13 215//13
f 584//13 587//13 242//13
f 584//13 242//13 241//13
f 200//13 241//13 242//13
f 200//13 242//13 203//13
f 216//254 622//254 224//254
f 216//1 224//1 206//1
f 238//1 240//1 201//1
f 238//1 201//1 205//1
f 224//255 603//255 237//255
f 224//1 237//1 239//1
f 239//252 238//252 205//252
f 239//252 205//252 204//252
f 238//1 591//1 585//1
f 238//1 585//1 240//1
f 585//256 584//256 241//256
f 585//256 241//256 240//256
f 240//257 241//257 200//257
f 240//257 200//257 201//257
f 604//258 603//258 224//258
f 604//258 224//258 221//258
f 218//248 217//248 622//248
f 218//248 622//248 212//248
f 210//13 209//13 211//13
f 209//13 214//13 215//13
f 209//13 215//13 211//13
f 208//259 213//259 214//259
f 208//259 214//259 209//259
f 213//260 216//260 215//260
f 213//260 215//260 214//260
f 600//1 598//1 665//1
f 600//1 665//1 663//1
f 599//261 600//261 663//261
f 599//261 663//261 664//261
f 215//262 216//262 206//262
f 215//262 206//262 202//262
f 210//263 211//263 212//263
f 210//263 212//263 207//263
f 661//13 659//13 200//13
f 661//13 200//13 203//13
f 202//264 661//264 203//264
f 200//265 659//265 660//265
f 200//265 660//265 201//265
f 662//266 206//266 204//266
f 662//267 204//267 205//267
f 209//268 210//268 207//268
f 209//268 207//268 208//268
f 206//269 662//269 661//269
f 206//269 661//269 202//269
f 660//1 662//1 205//1
f 660//1 205//1 201//1
f 598//270 597//270 666//270
f 598//270 666//270 665//270
f 224//271 622//271 621//271
f 224//271 621//271 221//271
f 621//13 620//13 617//13
f 621//13 617//13 211//13
f 223//13 222//13 211//13
f 223//13 211//13 215//13
f 225//272 226//272 622//272
f 225//272 622//272 217//272
f 618//273 622//273 230//273
f 229//274 230//274 622//274
f 229//272 622//272 228//272
f 227//272 228//272 622//272
f 227//272 622//272 226//272
f 222//249 602//249 211//249
f 670//275 672//275 671//275
f 670//275 671//275 667//275
f 669//276 670//276 667//276
f 669//276 667//276 668//276
f 666//277 597//277 599//277
f 666//277 599//277 664//277
f 672//278 673//278 674//278
f 672//278 674//278 671//278
f 221//13 621//13 211//13
f 221//13 211//13 602//13
f 211//279 219//279 218//279
f 211//279 218//279 212//279
f 219//280 220//280 217//280
f 219//280 217//280 218//280
f 292//281 293//281 305//281
f 292//281 305//281 287//281
f 304//282 303//282 294//282
f 304//282 294//282 296//282
f 286//283 613//283 616//283
f 286//283 616//283 290//283
f 285//1 303//1 304//1
f 285//1 304//1 299//1
f 305//1 303//1 285//1
f 305//1 285//1 287//1
f 303//284 305//284 293//284
f 303//284 293//284 294//284
f 306//1 275//1 278//1
f 307//1 278//1 277//1
f 275//285 306//285 266//285
f 275//285 266//285 261//285
f 290//286 292//286 287//286
f 290//286 287//286 286//286
f 280//287 279//287 271//287
f 280//287 271//287 270//287
f 277//288 280//288 270//288
f 277//288 270//288 269//288
f 302//1 285//1 301//1
f 289//289 612//289 611//289
f 289//289 611//289 288//289
f 290//13 616//13 291//13
f 290//13 291//13 292//13
f 291//13 294//13 293//13
f 291//13 293//13 292//13
f 285//1 609//1 614//1
f 285//1 614//1 613//1
f 285//1 606//1 605//1
f 285//1 605//1 609//1
f 611//1 606//1 285//1
f 611//1 285//1 288//1
f 612//13 291//13 607//13
f 285//1 299//1 297//1
f 285//1 297//1 298//1
f 300//1 301//1 285//1
f 300//1 285//1 298//1
f 291//13 295//13 296//13
f 291//13 296//13 294//13
f 615//13 610//13 291//13
f 615//13 291//13 616//13
f 608//13 607//13 291//13
f 608//13 291//13 610//13
f 306//290 278//290 267//290
f 306//290 267//290 266//290
f 596//291 285//291 595//291
f 291//292 317//292 594//292
f 291//293 594//293 313//293
f 589//294 317//294 291//294
f 315//295 308//295 300//295
f 315//295 300//295 298//295
f 316//296 289//296 288//296
f 316//296 288//296 285//296
f 285//291 596//291 590//291
f 285//291 590//291 316//291
f 313//1 594//1 595//1
f 313//1 595//1 285//1
f 317//135 589//135 588//135
f 317//142 588//142 284//142
f 284//43 593//43 594//43
f 284//297 594//297 317//297
f 291//13 612//13 289//13
f 291//13 289//13 316//13
f 316//13 590//13 589//13
f 316//13 589//13 291//13
f 312//1 313//1 285//1
f 312//1 285//1 302//1
f 314//298 315//298 298//298
f 314//298 298//298 297//298
f 308//299 309//299 301//299
f 308//299 301//299 300//299
f 310//300 311//300 312//300
f 310//300 312//300 302//300
f 309//301 310//301 302//301
f 309//301 302//301 301//301
f 282//302 275//302 261//302
f 282//302 261//302 260//302
f 307//303 277//303 269//303
f 307//303 269//303 268//303
f 278//304 307//304 268//304
f 278//304 268//304 267//304
f 291//13 311//13 310//13
f 291//13 310//13 309//13
f 299//305 304//305 296//305
f 299//305 296//305 295//305
f 295//306 314//306 297//306
f 295//306 297//306 299//306
f 313//307 312//307 311//307
f 313//307 311//307 291//307
f 291//13 315//13 314//13
f 291//13 314//13 295//13
f 308//13 315//13 291//13
f 308//13 291//13 309//13
f 285//1 613//1 286//1
f 285//1 286//1 287//1
f 246//308 252//308 253//308
f 246//299 253//299 243//299
f 252//295 255//295 254//295
f 252//309 254//309 253//309
f 258//306 259//306 256//306
f 258//306 256//306 257//306
f 561//310 560//310 568//310
f 561//310 568//310 570//310
f 574//102 573//102 564//102
f 574//311 564//311 251//311
f 571//99 574//99 251//99
f 571//312 251//312 563//312
f 252//1 246//1 255//1
f 259//13 258//13 250//13
f 259//13 250//13 254//13
f 253//13 254//13 250//13
f 253//13 250//13 243//13
f 255//298 256//298 259//298
f 255//298 259//298 254//298
f 247//1 257//1 255//1
f 247//1 255//1 246//1
f 256//1 255//1 257//1
f 572//103 571//103 563//103
f 572//103 563//103 562//103
f 248//313 250//313 249//313
f 248//313 249//313 247//313
f 250//13 248//13 244//13
f 250//13 244//13 243//13
f 566//314 565//314 575//314
f 566//314 575//314 576//314
f 245//301 246//301 243//301
f 245//301 243//301 244//301
f 245//1 247//1 246//1
f 244//300 248//300 247//300
f 244//300 247//300 245//300
f 586//43 579//43 581//43
f 586//43 581//43 675//43
f 583//43 592//43 675//43
f 583//43 675//43 569//43
f 570//101 572//101 562//101
f 570//101 562//101 561//101
f 565//100 564//100 573//100
f 565//100 573//100 575//100
f 576//315 577//315 567//315
f 576//315 567//315 566//315
f 559//13 563//13 251//13
f 559//13 251//13 564//13
f 250//13 262//13 260//13
f 250//13 260//13 261//13
f 276//282 274//282 263//282
f 276//282 263//282 265//282
f 586//316 675//316 249//316
f 586//316 249//316 250//316
f 272//13 588//13 586//13
f 272//13 586//13 250//13
f 282//1 273//1 275//1
f 281//1 274//1 273//1
f 257//317 276//317 265//317
f 257//317 265//317 258//317
f 283//1 279//1 247//1
f 283//1 247//1 249//1
f 592//1 593//1 283//1
f 592//1 283//1 249//1
f 675//1 592//1 249//1
f 279//296 283//296 272//296
f 279//296 272//296 271//296
f 593//318 284//318 272//318
f 593//319 272//319 283//319
f 272//320 284//320 588//320
f 273//321 282//321 260//321
f 273//321 260//321 262//321
f 268//13 269//13 250//13
f 268//13 250//13 267//13
f 270//13 250//13 269//13
f 271//13 272//13 250//13
f 271//13 250//13 270//13
f 250//13 263//13 264//13
f 250//13 264//13 262//13
f 265//13 263//13 250//13
f 265//13 250//13 258//13
f 266//13 267//13 250//13
f 266//13 250//13 261//13
f 279//1 280//1 277//1
f 279//1 277//1 247//1
f 274//322 281//322 264//322
f 274//322 264//322 263//322
f 281//281 273//281 262//281
f 281//281 262//281 264//281
f 247//1 275//1 273//1
f 247//1 273//1 274//1
f 274//1 276//1 257//1
f 274//1 257//1 247//1
f 247//1 277//1 278//1
f 247//1 278//1 275//1
f 355//13 551//13 352//13
f 551//13 550//13 553//13
f 551//13 553//13 352//13
f 357//13 363//13 551//13
f 357//13 551//13 355//13
f 364//13 365//13 551//13
f 364//13 551//13 363//13
f 324//13 551//13 365//13
f 364//323 366//323 367//323
f 364//323 367//323 365//323
f 371//1 366//1 361//1
f 371//324 361//324 368//324
f 366//1 362//1 361//1
f 367//1 366//1 371//1
f 365//325 367//325 340//325
f 365//325 340//325 324//325
f 368//326 369//326 370//326
f 368//327 370//327 371//327
f 360//1 361//1 362//1
f 360//1 362//1 356//1
f 653//328 650//328 645//328
f 354//329 355//329 352//329
f 354//329 352//329 353//329
f 682//328 683//328 653//328
f 682//328 653//328 645//328
f 330//330 350//330 351//330
f 330//330 351//330 335//330
f 335//1 351//1 679//1
f 356//331 357//331 355//331
f 356//331 355//331 354//331
f 354//1 359//1 360//1
f 354//1 360//1 356//1
f 354//1 353//1 359//1
f 353//332 552//332 358//332
f 353//1 358//1 359//1
f 553//333 552//333 353//333
f 553//333 353//333 352//333
f 552//1 549//1 556//1
f 552//334 556//334 358//334
f 375//335 640//335 368//335
f 375//336 368//336 361//336
f 369//337 642//337 345//337
f 369//338 345//338 370//338
f 375//1 634//1 633//1
f 375//1 633//1 640//1
f 373//339 374//339 360//339
f 373//339 360//339 359//339
f 630//1 633//1 634//1
f 642//340 641//340 345//340
f 368//341 640//341 639//341
f 368//342 639//342 369//342
f 369//343 639//343 642//343
f 630//1 636//1 632//1
f 630//1 632//1 633//1
f 629//1 638//1 630//1
f 630//1 638//1 637//1
f 630//1 637//1 636//1
f 374//344 375//344 361//344
f 374//344 361//344 360//344
f 362//345 363//345 357//345
f 362//345 357//345 356//345
f 372//1 631//1 635//1
f 372//1 635//1 373//1
f 366//346 364//346 363//346
f 366//346 363//346 362//346
f 367//1 371//1 347//1
f 367//1 347//1 340//1
f 347//347 371//347 370//347
f 347//347 370//347 345//347
f 372//348 373//348 359//348
f 372//348 359//348 358//348
f 635//1 634//1 374//1
f 635//1 374//1 373//1
f 375//1 374//1 634//1
f 555//1 554//1 558//1
f 555//1 558//1 631//1
f 358//349 556//349 555//349
f 358//349 555//349 372//349
f 372//1 555//1 631//1
f 348//350 351//350 350//350
f 348//350 350//350 343//350
f 678//1 545//1 336//1
f 678//1 336//1 333//1
f 333//351 336//351 543//351
f 333//352 543//352 334//352
f 330//353 335//353 332//353
f 330//353 332//353 327//353
f 332//354 331//354 328//354
f 332//354 328//354 327//354
f 335//1 679//1 677//1
f 335//1 677//1 332//1
f 336//355 544//355 542//355
f 336//356 542//356 543//356
f 322//357 338//357 339//357
f 322//357 339//357 321//357
f 324//358 340//358 337//358
f 324//359 337//359 323//359
f 337//360 338//360 322//360
f 337//360 322//360 323//360
f 544//1 336//1 545//1
f 548//213 328//213 334//213
f 548//361 334//361 543//361
f 331//362 333//362 334//362
f 331//362 334//362 328//362
f 325//13 541//13 551//13
f 325//13 551//13 319//13
f 547//13 540//13 541//13
f 547//13 541//13 325//13
f 551//13 324//13 323//13
f 551//13 323//13 322//13
f 551//13 320//13 318//13
f 551//13 318//13 319//13
f 551//13 322//13 321//13
f 551//13 321//13 320//13
f 548//363 547//363 325//363
f 548//363 325//363 326//363
f 332//1 677//1 676//1
f 332//1 676//1 331//1
f 331//1 676//1 678//1
f 331//1 678//1 333//1
f 326//1 329//1 330//1
f 326//1 330//1 327//1
f 327//364 328//364 548//364
f 327//365 548//365 326//365
f 319//366 329//366 326//366
f 319//366 326//366 325//366
f 681//367 342//367 680//367
f 341//368 346//368 680//368
f 341//369 680//369 342//369
f 649//328 680//328 650//328
f 348//1 681//1 649//1
f 348//1 649//1 658//1
f 681//370 348//370 343//370
f 681//371 343//371 342//371
f 318//372 349//372 329//372
f 318//372 329//372 319//372
f 321//373 339//373 344//373
f 321//373 344//373 320//373
f 348//1 658//1 679//1
f 348//1 679//1 351//1
f 320//374 344//374 349//374
f 320//374 349//374 318//374
f 329//1 349//1 350//1
f 329//1 350//1 330//1
f 350//1 349//1 344//1
f 350//1 344//1 343//1
f 645//328 650//328 680//328
f 645//328 680//328 646//328
f 341//375 347//375 345//375
f 341//375 345//375 346//375
f 347//1 341//1 337//1
f 347//1 337//1 340//1
f 343//1 344//1 339//1
f 343//1 339//1 342//1
f 341//1 342//1 338//1
f 341//1 338//1 337//1
f 339//1 338//1 342//1
f 641//328 647//328 346//328
f 641//376 346//376 345//376
f 643//1 656//1 658//1
f 643//1 658//1 655//1
f 643//1 638//1 629//1
f 643//1 629//1 656//1
f 658//1 649//1 651//1
f 658//1 651//1 652//1
f 647//328 646//328 680//328
f 647//377 680//377 346//377
f 655//1 658//1 652//1
f 682//378 645//378 644//378
f 682//379 644//379 413//379
f 414//1 415//1 411//1
f 414//1 411//1 413//1
f 408//380 412//380 411//380
f 408//380 411//380 409//380
f 412//381 682//381 413//381
f 412//381 413//381 411//381
f 413//1 644//1 416//1
f 413//1 416//1 414//1
f 416//382 625//382 624//382
f 416//383 624//383 414//383
f 414//384 624//384 623//384
f 414//385 623//385 415//385
f 415//386 623//386 392//386
f 415//387 392//387 393//387
f 406//388 405//388 395//388
f 406//388 395//388 394//388
f 684//389 685//389 405//389
f 684//389 405//389 406//389
f 405//1 402//1 401//1
f 405//1 401//1 395//1
f 402//1 405//1 685//1
f 402//1 685//1 398//1
f 409//390 410//390 407//390
f 409//390 407//390 408//390
f 400//391 407//391 410//391
f 400//391 410//391 401//391
f 686//392 684//392 381//392
f 684//393 406//393 394//393
f 684//394 394//394 392//394
f 683//395 682//395 412//395
f 683//396 412//396 419//396
f 404//397 420//397 407//397
f 404//398 407//398 400//398
f 654//399 653//399 683//399
f 654//400 683//400 417//400
f 417//401 683//401 419//401
f 417//402 419//402 418//402
f 408//403 420//403 419//403
f 408//404 419//404 412//404
f 407//405 420//405 408//405
f 418//387 419//387 420//387
f 418//387 420//387 390//387
f 390//406 420//406 404//406
f 390//407 404//407 386//407
f 409//1 411//1 415//1
f 409//1 415//1 393//1
f 410//1 409//1 393//1
f 416//1 644//1 648//1
f 648//408 626//408 625//408
f 648//409 625//409 416//409
f 657//410 654//410 417//410
f 657//411 417//411 389//411
f 389//13 417//13 418//13
f 389//13 418//13 390//13
f 395//1 401//1 410//1
f 395//1 410//1 393//1
f 658//412 657//412 389//412
f 658//413 389//413 679//413
f 384//389 403//389 396//389
f 384//389 396//389 385//389
f 377//272 381//272 623//272
f 377//1 623//1 378//1
f 684//414 392//414 623//414
f 684//415 623//415 381//415
f 379//13 391//13 376//13
f 376//13 391//13 387//13
f 376//13 387//13 380//13
f 383//416 677//416 679//416
f 383//417 679//417 389//417
f 676//418 677//418 383//418
f 676//419 383//419 382//419
f 394//407 395//407 393//407
f 394//407 393//407 392//407
f 525//420 378//420 623//420
f 380//421 381//421 377//421
f 380//421 377//421 376//421
f 384//13 385//13 382//13
f 384//13 382//13 383//13
f 378//422 379//422 376//422
f 378//422 376//422 377//422
f 525//423 524//423 379//423
f 525//423 379//423 378//423
f 383//13 389//13 390//13
f 383//13 390//13 386//13
f 379//424 524//424 628//424
f 379//425 628//425 391//425
f 384//13 383//13 386//13
f 382//13 388//13 380//13
f 382//13 380//13 387//13
f 388//426 686//426 381//426
f 388//427 381//427 380//427
f 401//428 402//428 399//428
f 401//429 399//429 400//429
f 532//430 388//430 396//430
f 532//431 396//431 535//431
f 686//432 388//432 532//432
f 686//433 532//433 685//433
f 396//434 403//434 399//434
f 396//435 399//435 397//435
f 386//388 404//388 403//388
f 386//388 403//388 384//388
f 397//436 399//436 402//436
f 397//436 402//436 398//436
f 403//437 404//437 400//437
f 403//438 400//438 399//438
f 391//439 545//439 678//439
f 391//440 678//440 387//440
f 628//441 627//441 546//441
f 628//442 546//442 545//442
f 387//443 678//443 676//443
f 387//444 676//444 382//444
f 388//13 382//13 385//13
f 388//445 385//445 396//445
f 685//1 532//1 531//1
f 685//1 531//1 398//1
f 530//139 535//139 396//139
f 530//446 396//446 397//446
f 628//447 545//447 391//447
f 531//448 530//448 397//448
f 531//448 397//448 398//448
f 501//449 689//449 502//449
f 501//450 502//450 661//450
f 689//451 688//451 661//451
f 689//452 661//452 502//452
f 689//453 501//453 490//453
f 689//454 490//454 491//454
f 687//455 689//455 491//455
f 687//455 491//455 492//455
f 497//1 687//1 495//1
f 500//456 662//456 499//456
f 500//457 499//457 431//457
f 431//458 499//458 495//458
f 431//458 495//458 493//458
f 507//459 669//459 668//459
f 507//459 668//459 508//459
f 508//460 668//460 431//460
f 508//1 431//1 509//1
f 667//461 671//461 431//461
f 667//462 431//462 668//462
f 505//463 674//463 673//463
f 505//463 673//463 506//463
f 661//464 688//464 498//464
f 661//465 498//465 659//465
f 661//466 504//466 503//466
f 661//467 503//467 501//467
f 490//458 501//458 503//458
f 490//458 503//458 422//458
f 662//1 660//1 499//1
f 431//1 454//1 451//1
f 431//1 451//1 435//1
f 431//1 493//1 494//1
f 431//1 494//1 454//1
f 493//468 495//468 496//468
f 493//468 496//468 494//468
f 492//469 491//469 447//469
f 492//469 447//469 446//469
f 459//470 489//470 421//470
f 459//470 421//470 424//470
f 491//471 459//471 458//471
f 491//472 458//472 447//472
f 489//473 459//473 491//473
f 489//474 491//474 490//474
f 497//475 660//475 659//475
f 497//475 659//475 498//475
f 688//476 687//476 497//476
f 688//476 497//476 498//476
f 499//1 660//1 497//1
f 499//1 497//1 495//1
f 496//1 495//1 687//1
f 496//1 687//1 492//1
f 494//470 496//470 455//470
f 494//470 455//470 454//470
f 455//1 496//1 492//1
f 455//1 492//1 446//1
f 455//1 446//1 452//1
f 515//1 517//1 473//1
f 515//1 473//1 470//1
f 519//477 666//477 518//477
f 519//445 518//445 423//445
f 518//478 482//478 483//478
f 518//478 483//478 423//478
f 515//1 663//1 665//1
f 515//1 665//1 517//1
f 516//479 515//479 470//479
f 516//479 470//479 469//479
f 517//480 665//480 511//480
f 517//445 511//445 510//445
f 517//478 510//478 474//478
f 517//478 474//478 473//478
f 511//481 519//481 513//481
f 511//481 513//481 509//481
f 508//482 509//482 513//482
f 508//482 513//482 507//482
f 511//483 665//483 666//483
f 511//483 666//483 519//483
f 518//484 516//484 469//484
f 518//485 469//485 482//485
f 423//13 483//13 481//13
f 423//13 481//13 479//13
f 519//13 423//13 513//13
f 666//486 664//486 516//486
f 666//487 516//487 518//487
f 664//488 663//488 515//488
f 664//488 515//488 516//488
f 506//13 423//13 512//13
f 423//489 672//489 670//489
f 423//490 670//490 669//490
f 669//491 507//491 513//491
f 669//492 513//492 423//492
f 673//493 672//493 423//493
f 673//494 423//494 506//494
f 674//495 431//495 671//495
f 510//1 511//1 509//1
f 510//1 509//1 431//1
f 474//1 510//1 431//1
f 474//1 431//1 439//1
f 674//496 505//496 514//496
f 674//497 514//497 431//497
f 500//1 431//1 514//1
f 504//498 661//498 662//498
f 504//499 662//499 500//499
f 506//500 512//500 514//500
f 506//500 514//500 505//500
f 503//13 512//13 423//13
f 503//13 423//13 422//13
f 514//501 512//501 504//501
f 514//501 504//501 500//501
f 504//13 512//13 503//13
f 489//468 490//468 422//468
f 489//468 422//468 421//468
f 449//1 450//1 452//1
f 449//1 452//1 446//1
f 444//1 453//1 450//1
f 444//1 450//1 449//1
f 458//502 459//502 424//502
f 458//502 424//502 425//502
f 440//1 457//1 453//1
f 440//1 453//1 444//1
f 432//503 457//503 456//503
f 432//504 456//504 433//504
f 436//505 453//505 457//505
f 436//505 457//505 432//505
f 443//1 456//1 457//1
f 443//1 457//1 440//1
f 464//503 461//503 427//503
f 464//504 427//504 430//504
f 445//506 462//506 461//506
f 445//507 461//507 441//507
f 464//508 441//508 461//508
f 463//509 464//509 430//509
f 463//509 430//509 429//509
f 460//510 458//510 425//510
f 460//510 425//510 426//510
f 461//505 462//505 428//505
f 461//511 428//511 427//511
f 462//512 460//512 426//512
f 462//512 426//512 428//512
f 454//502 455//502 452//502
f 454//502 452//502 451//502
f 433//1 434//1 431//1
f 433//1 431//1 432//1
f 431//1 435//1 436//1
f 431//1 436//1 432//1
f 437//1 438//1 431//1
f 437//1 431//1 434//1
f 423//13 429//13 430//13
f 423//13 430//13 427//13
f 423//13 424//13 421//13
f 423//13 421//13 422//13
f 423//13 426//13 425//13
f 423//13 425//13 424//13
f 423//13 427//13 428//13
f 423//13 428//13 426//13
f 449//513 448//513 445//513
f 449//513 445//513 444//513
f 451//510 452//510 450//510
f 451//510 450//510 435//510
f 435//512 450//512 453//512
f 435//512 453//512 436//512
f 448//514 449//514 446//514
f 448//514 446//514 447//514
f 439//1 431//1 438//1
f 442//515 443//515 440//515
f 442//515 440//515 441//515
f 444//304 445//304 441//304
f 444//304 441//304 440//304
f 487//516 486//516 443//516
f 487//516 443//516 442//516
f 485//517 484//517 468//517
f 485//517 468//517 467//517
f 484//518 487//518 477//518
f 484//519 477//519 478//519
f 486//520 487//520 484//520
f 486//520 484//520 485//520
f 423//13 479//13 476//13
f 423//13 476//13 429//13
f 468//521 478//521 480//521
f 468//522 480//522 465//522
f 465//523 480//523 482//523
f 465//524 482//524 469//524
f 486//1 488//1 456//1
f 486//1 456//1 443//1
f 434//525 488//525 475//525
f 434//525 475//525 437//525
f 433//509 456//509 488//509
f 433//509 488//509 434//509
f 486//1 485//1 488//1
f 468//526 484//526 478//526
f 463//527 477//527 487//527
f 463//528 487//528 442//528
f 475//1 488//1 485//1
f 475//1 485//1 467//1
f 481//529 483//529 482//529
f 481//529 482//529 480//529
f 469//530 470//530 466//530
f 469//530 466//530 465//530
f 438//531 471//531 472//531
f 438//531 472//531 439//531
f 473//529 474//529 439//529
f 473//529 439//529 472//529
f 467//532 468//532 465//532
f 467//532 465//532 466//532
f 464//533 463//533 442//533
f 464//534 442//534 441//534
f 447//535 458//535 460//535
f 447//536 460//536 448//536
f 448//537 460//537 462//537
f 448//538 462//538 445//538
f 429//525 476//525 477//525
f 429//525 477//525 463//525
f 476//539 479//539 478//539
f 476//539 478//539 477//539
f 479//531 481//531 480//531
f 479//531 480//531 478//531
f 471//1 475//1 467//1
f 471//1 467//1 466//1
f 437//539 475//539 471//539
f 437//539 471//539 438//539
f 472//1 471//1 466//1
f 472//1 466//1 470//1
f 472//1 470//1 473//1
o Chassis_havok_s_rightTrack_1
v 1.086346 0.797986 2.105402
v 1.086346 0.195868 2.452589
v 1.086346 0.810420 2.198332
v 1.086346 0.797986 2.292005
v 1.086346 0.762117 2.378244
v 1.086346 0.704727 2.452589
v 1.408141 0.195868 2.452589
v 1.408141 0.150434 2.411699
v 1.086346 0.150434 2.411699
v 1.408141 0.704727 2.452589
v 1.408141 0.762117 2.378244
v 1.408141 0.797986 2.292005
v 1.408141 0.810420 2.198332
v 1.408141 0.797986 2.105402
v 1.408141 0.630598 2.509834
v 1.408141 0.543556 2.546262
v 1.408141 0.357516 2.546262
v 1.408141 0.450297 2.558157
v 1.408141 0.101652 2.288288
v 1.408141 0.133217 2.375271
v 1.408141 0.270475 2.509834
v 1.522269 0.992155 2.657035
v 0.933096 0.992155 2.657035
v 0.920153 0.900810 2.657035
v 1.086346 0.091131 2.195358
v 1.086346 0.101652 2.288288
v 0.957804 0.101652 2.288288
v 1.086346 0.133217 2.375271
v 0.957804 0.133217 2.375271
v 1.086346 0.103087 2.105402
v 0.957804 0.050001 2.411699
v 0.957804 0.013176 2.309848
v 1.408141 0.103087 2.105402
v 1.522269 0.050001 2.411699
v 1.522269 0.013176 2.309848
v 1.522269 0.101652 2.288288
v 1.522269 0.133217 2.375271
v 1.086346 0.270475 2.509834
v 1.086346 0.357516 2.546262
v 1.086346 0.450297 2.558157
v 1.086346 0.543556 2.546262
v 1.086346 0.630598 2.509834
v 0.962804 0.494774 2.799032
v 0.962804 0.542599 2.750709
v 0.962804 0.846289 2.799032
v 0.962804 0.798464 2.750709
v 0.962804 0.737726 2.720227
v 0.962804 0.670293 2.709076
v 0.962804 0.770725 2.815388
v 0.962804 0.716683 2.784163
v 0.962804 0.654989 2.777472
v 0.962804 0.807551 2.865942
v 0.962804 0.603337 2.720227
v 0.962804 0.595685 2.796802
v 1.408150 0.704971 -0.117044
v 1.408150 0.761984 1.148412
v 1.408150 0.630253 1.017164
v 1.408150 0.810295 1.328631
v 1.408150 0.761984 1.508851
v 1.408150 0.797993 1.420700
v 1.408150 0.450511 0.968192
v 1.408150 0.270468 1.017164
v 1.086253 0.761984 1.508851
v 1.408150 0.704971 1.583289
v 1.086253 0.704971 1.583289
v 1.086253 0.797993 1.420700
v 1.086253 0.810295 1.328631
v 1.086253 0.797993 1.234603
v 1.086253 0.761984 1.148412
v 1.086253 0.704971 1.073973
v 1.086253 0.630253 1.640098
v 1.086253 0.543533 1.675358
v 1.086253 0.450511 1.689070
v 1.086253 0.357489 1.675358
v 1.086253 0.270468 1.640098
v 1.408150 0.797993 1.234603
v 1.408150 0.704971 1.073973
v 1.408150 0.543533 1.675358
v 1.408150 0.630253 1.640098
v 1.408150 0.450511 1.689070
v 1.408150 0.270468 1.640098
v 1.408150 0.357489 1.675358
v 1.408150 0.450511 1.837948
v 1.408150 0.357489 1.851660
v 1.408150 0.543533 1.851660
v 1.408150 0.270468 1.886920
v 1.408150 0.630253 1.886920
v 1.408150 0.761984 0.317834
v 1.408150 0.704971 0.243395
v 1.408150 0.797993 0.405985
v 1.408150 0.797993 0.592081
v 1.408150 0.810295 0.498054
v 1.408150 0.704971 0.752712
v 1.408150 0.761984 0.678273
v 1.086253 0.704971 0.752712
v 1.086253 0.761984 0.678273
v 1.086253 0.797993 0.592081
v 1.086253 0.810295 0.498054
v 1.086253 0.797993 0.405985
v 1.086253 0.630253 0.809520
v 1.086253 0.543533 0.846739
v 1.086253 0.450511 0.858493
v 1.086253 0.357489 0.846739
v 1.086253 0.270468 0.809520
v 1.408150 0.630253 0.186587
v 1.408150 0.543533 0.151327
v 1.408150 0.450511 0.139573
v 1.408150 0.357489 0.151327
v 1.408150 0.270468 0.186587
v 1.086253 0.704971 0.243395
v 1.086253 0.761984 0.317834
v 1.086253 0.270468 0.186587
v 1.086253 0.630253 0.186587
v 1.086253 0.543533 0.151327
v 1.086253 0.450511 0.139573
v 1.086253 0.357489 0.151327
v 1.408150 0.270468 0.809520
v 1.408150 0.357489 0.846739
v 1.408150 0.630253 0.809520
v 1.408150 0.543533 0.846739
v 1.408150 0.450511 0.858493
v 1.086253 0.450511 0.968192
v 1.408150 0.543533 0.981904
v 1.086253 0.543533 0.981904
v 1.408150 0.357489 0.981904
v 1.086253 0.357489 0.981904
v 1.086253 0.270468 1.017164
v 1.086253 0.630253 1.017164
v 1.408150 0.630253 -0.060236
v 1.408150 0.543533 -0.023016
v 1.408150 0.357489 -0.023016
v 1.408150 0.450511 -0.011263
v 1.408150 0.196051 -0.117044
v 1.408150 0.270468 -0.060236
v 0.668003 0.434273 2.755693
v 0.668003 0.482240 2.704725
v 0.668003 0.936740 3.037288
v 0.668003 0.400254 2.816854
v 0.668003 0.381883 2.884386
v 0.668003 0.379842 2.954466
v 0.668003 0.394810 3.022635
v 0.668003 0.540754 2.666500
v 0.668003 0.606751 2.643564
v 0.668003 0.901700 2.566476
v 0.668003 1.063972 2.760152
v 0.849426 0.915988 2.988869
v 0.849426 0.936740 3.037288
v 0.849426 1.063972 2.760152
v 0.849426 0.923132 2.909232
v 0.849426 0.905102 2.831507
v 0.849426 0.863938 2.763338
v 0.888664 0.863938 2.763338
v 0.888664 0.905102 2.831507
v 0.888664 0.803724 2.710459
v 0.888664 0.915988 2.988869
v 0.888664 0.923132 2.909232
v 0.849426 0.606751 2.643564
v 0.849426 0.901700 2.566476
v 0.849426 0.540754 2.666500
v 0.849426 0.730242 2.679241
v 0.849426 0.803724 2.710459
v 0.888664 0.730242 2.679241
v 0.849426 0.650636 2.672871
v 0.888664 0.650636 2.672871
v 0.849426 0.573072 2.690709
v 0.888664 0.573072 2.690709
v 0.668003 1.060910 2.638468
v 0.849426 1.060910 2.638468
v 0.849426 1.076219 2.698991
v 0.668003 1.076219 2.698991
v 0.668003 1.020767 2.590685
v 0.849426 1.020767 2.590685
v 0.668003 0.963955 2.565202
v 0.849426 0.963955 2.565202
v 0.849426 0.381883 2.884386
v 0.849426 0.379842 2.954466
v 0.849426 0.414202 2.944910
v 0.849426 0.421005 2.865273
v 0.849426 0.400254 2.816854
v 0.849426 0.394810 3.022635
v 0.849426 0.431892 3.022635
v 0.888664 0.431892 3.022635
v 0.888664 0.414202 2.944910
v 0.888664 0.421005 2.865273
v 0.888664 0.452303 2.792007
v 0.849426 0.452303 2.792007
v 0.849426 0.434273 2.755693
v 0.849426 0.482240 2.704725
v 0.849426 0.504693 2.731483
v 0.888664 0.504693 2.731483
v 0.668003 0.591783 3.206755
v 0.668003 0.526806 3.179997
v 0.668003 0.470334 3.138586
v 0.668003 0.660842 3.216949
v 0.668003 0.730242 3.210577
v 0.668003 0.425428 3.085070
v 0.849426 0.470334 3.138586
v 0.849426 0.425428 3.085070
v 0.856756 0.456386 3.063409
v 0.849426 0.473055 3.090804
v 0.859235 0.473055 3.090804
v 0.849426 0.526806 3.179997
v 0.849426 0.533269 3.143683
v 0.849426 0.660842 3.216949
v 0.849426 0.591783 3.206755
v 0.849426 0.730242 3.210577
v 0.849426 0.796239 3.187642
v 0.668003 0.796239 3.187642
v 0.849426 0.686357 3.181271
v 0.849426 0.606751 3.174900
v 0.849426 0.764261 3.163433
v 0.668003 0.855093 3.149417
v 0.668003 0.902720 3.098449
v 0.849426 0.902720 3.098449
v 0.849426 0.855093 3.149417
v 0.849426 0.832640 3.122659
v 0.849426 0.885030 3.062135
v 0.888664 0.764261 3.163433
v 0.888664 0.832640 3.122659
v 0.888664 0.885030 3.062135
v 0.878315 0.606751 3.174900
v 0.867859 0.533269 3.143683
v 1.517191 0.453163 2.926811
v 0.962831 0.453163 2.926811
v 0.962831 0.451716 3.009711
v 1.517191 0.451716 3.009711
v 0.962831 0.454321 3.050509
v 1.517191 0.454321 3.050509
v 0.962831 0.523798 2.957817
v 0.962831 0.549273 3.014933
v 0.962831 0.468796 3.073682
v 1.517191 0.760021 3.149076
v 0.962831 0.537404 3.135368
v 0.962831 0.500060 3.107952
v 0.962831 0.595591 3.056384
v 0.962831 0.579091 3.155277
v 0.962831 0.654647 3.075967
v 0.962831 0.623961 3.166700
v 0.962831 0.716597 3.069439
v 0.962831 0.760021 3.149076
v 1.517191 0.716018 3.163763
v 1.517191 0.669990 3.169638
v 1.517191 0.623961 3.166700
v 1.517191 0.579091 3.155277
v 1.517191 0.500060 3.107952
v 1.517191 0.537404 3.135368
v 1.522269 0.537404 3.135368
v 1.522269 0.500060 3.107952
v 1.522269 0.674043 3.260698
v 1.522269 0.737151 3.252212
v 1.522269 0.610645 3.256782
v 1.522269 0.716018 3.163763
v 1.522269 0.669990 3.169638
v 1.522269 0.623961 3.166700
v 1.522269 0.760021 3.149076
v 1.522269 0.491376 3.214026
v 1.522269 0.548984 3.241115
v 1.522269 0.579091 3.155277
v 1.522269 0.440136 3.176492
v 0.957753 0.440136 3.176492
v 1.522269 0.397003 3.130146
v 0.957753 0.397003 3.130146
v 0.957753 0.456637 3.054099
v 1.522269 0.468796 3.073682
v 1.517191 0.468796 3.073682
v 0.913249 0.852946 3.200970
v 1.522269 0.852946 3.200970
v 1.522269 0.797654 3.232303
v 0.920119 0.901580 3.159846
v 1.522269 0.901580 3.159846
v 0.962831 0.835577 3.096855
v 0.962831 0.800260 3.126555
v 0.962831 0.770732 3.038106
v 0.962831 0.864815 3.060953
v 1.522269 0.800260 3.126555
v 1.522269 0.835577 3.096855
v 1.517191 0.835577 3.096855
v 1.517191 0.800260 3.126555
v 1.522269 0.864815 3.060953
v 1.517191 0.864815 3.060953
v 1.522269 0.886527 3.019829
v 1.517191 0.886527 3.019829
v 0.962831 0.807207 2.987844
v 0.910860 0.835577 3.096855
v 0.915041 0.864815 3.060953
v 0.918028 0.886527 3.019829
v 0.962831 0.886527 3.019829
v 0.962831 0.814734 2.953247
v 0.962831 0.900133 2.975768
v 0.962831 0.820234 2.926811
v 1.522269 0.989585 2.993066
v 0.932664 0.989585 2.993066
v 0.920119 0.900133 2.975768
v 1.517191 0.900133 2.975768
v 1.522269 0.900133 2.975768
v 1.522269 0.941240 3.110236
v 0.925794 0.941240 3.110236
v 0.930274 0.971058 3.054099
v 1.522269 0.971058 3.054099
v 0.957731 0.048294 -2.282520
v 1.522269 0.048294 -2.282520
v 1.086248 0.133134 -2.249313
v 0.957731 0.133134 -2.249313
v 1.086248 0.137804 -2.260382
v 1.522269 0.133134 -2.249313
v 1.408093 0.450310 -2.431287
v 1.086248 0.450310 -2.431287
v 1.086248 0.357297 -2.418890
v 1.408093 0.357297 -2.418890
v 1.408093 0.543712 -2.418890
v 1.086248 0.543712 -2.418890
v 1.408093 0.196180 -2.325911
v 1.408093 0.797842 -1.978345
v 1.408093 0.810295 -2.071324
v 1.408093 0.797842 -2.164747
v 1.086248 0.810295 -2.071324
v 1.086248 0.797842 -2.164747
v 1.086248 0.704829 -2.325911
v 1.086248 0.762038 -2.251527
v 1.086248 0.630497 -2.383026
v 1.086248 0.196180 -2.325911
v 1.086248 0.270512 -2.383026
v 1.408093 0.704829 -2.325911
v 1.408093 0.762038 -2.251527
v 1.408093 0.630497 -2.383026
v 1.408093 0.270512 -2.383026
v 1.408093 0.091103 -2.074424
v 1.408093 0.102389 -2.164747
v 1.522269 0.102389 -2.164747
v 1.408093 0.133134 -2.249313
v 1.522269 0.013657 -2.185113
v 0.957731 0.013657 -2.185113
v 1.086248 0.102389 -2.164747
v 0.957731 0.102389 -2.164747
v 1.408150 0.138981 -1.040926
v 1.408150 0.798000 -1.314674
v 1.408150 0.762169 -1.401912
v 1.408150 0.704909 -1.475613
v 1.408150 0.798000 -1.128165
v 1.408150 0.810295 -1.221419
v 1.086252 0.798000 -1.128165
v 1.086252 0.810295 -1.221419
v 1.086252 0.798000 -1.314674
v 1.408150 0.762169 -1.040926
v 1.086252 0.762169 -1.040926
v 1.086252 0.630435 -0.910069
v 1.086252 0.543667 -0.873971
v 1.086252 0.138981 -1.401912
v 1.086252 0.704909 -0.967225
v 1.086252 0.450575 -0.861938
v 1.086252 0.357483 -0.873971
v 1.086252 0.270715 -0.910069
v 1.086252 0.195890 -0.967225
v 1.086252 0.138981 -1.040926
v 1.086252 0.762169 -1.401912
v 1.086252 0.704909 -1.475613
v 1.408150 0.630435 -1.532769
v 1.408150 0.543667 -1.568867
v 1.408150 0.450575 -1.580900
v 1.408150 0.357483 -1.568867
v 1.408150 0.270715 -1.532769
v 1.408150 0.195890 -1.475613
v 1.408150 0.138981 -1.401912
v 1.086252 0.630435 -1.532769
v 1.086252 0.543667 -1.568867
v 1.086252 0.357483 -1.568867
v 1.086252 0.450575 -1.580900
v 1.086252 0.195890 -1.475613
v 1.086252 0.270715 -1.532769
v 1.086252 0.450575 -1.711757
v 1.086252 0.357483 -1.723790
v 1.086252 0.543667 -1.723790
v 1.086252 0.270715 -1.759889
v 1.086252 0.704909 -1.817044
v 1.086252 0.630435 -1.759889
v 1.408150 0.091206 -1.340243
v 1.086252 0.091206 -1.104099
v 1.167552 0.091206 -0.487416
v 1.408150 0.798000 -0.464854
v 1.408150 0.762169 -0.552092
v 1.408150 0.704909 -0.625794
v 1.408150 0.810295 -0.371600
v 1.408150 0.138981 -0.552092
v 1.086252 0.810295 -0.371600
v 1.086252 0.798000 -0.278345
v 1.086252 0.798000 -0.464854
v 1.086252 0.138981 -0.552092
v 1.408150 0.630435 -0.682949
v 1.408150 0.543667 -0.719048
v 1.408150 0.450575 -0.731081
v 1.408150 0.357483 -0.719048
v 1.408150 0.270715 -0.682949
v 1.408150 0.195890 -0.625794
v 1.408150 0.704909 -0.967225
v 1.408150 0.630435 -0.910069
v 1.408150 0.543667 -0.873971
v 1.408150 0.270715 -0.910069
v 1.408150 0.195890 -0.967225
v 1.408150 0.357483 -0.873971
v 1.408150 0.450575 -0.861938
v 1.086252 0.543667 -0.719048
v 1.086252 0.450575 -0.731081
v 1.086252 0.762169 -0.552092
v 1.086252 0.704909 -0.625794
v 1.086252 0.630435 -0.682949
v 1.086252 0.357483 -0.719048
v 1.086252 0.270715 -0.682949
v 1.086252 0.195890 -0.625794
v 1.408150 0.091156 0.388787
v 1.283448 0.091156 0.388787
v 1.198217 0.091192 -0.255274
v 1.086253 0.091156 0.388787
v 1.086253 0.091097 1.447243
v 1.391953 0.091110 1.209257
v 1.086253 0.091110 1.209257
v 1.086253 0.091144 0.606802
v 1.312383 0.091144 0.606802
v 1.408059 0.521224 -3.138287
v 1.408059 0.492498 -3.106676
v 1.408059 0.893005 -2.970037
v 1.408059 0.555751 -3.163779
v 1.408059 0.594420 -3.182133
v 1.408059 0.636128 -3.192840
v 1.408059 0.678941 -3.195389
v 1.408059 0.721477 -3.189781
v 1.408059 0.799369 -3.154602
v 1.408059 0.762080 -3.176015
v 1.071935 0.470125 -3.069967
v 1.071935 0.721477 -3.189781
v 1.071935 0.762080 -3.176015
v 1.071935 0.799369 -3.154602
v 1.071935 0.678941 -3.195389
v 1.071935 0.636128 -3.192840
v 1.071935 0.831686 -3.126560
v 1.071935 0.858202 -3.092400
v 1.071935 0.877537 -3.054162
v 1.071935 0.889414 -3.012864
v 1.522269 0.741365 -3.278494
v 1.522269 0.798540 -3.259630
v 0.905662 0.798540 -3.259630
v 0.897528 0.741365 -3.278494
v 1.522269 0.681427 -3.286652
v 0.888742 0.681427 -3.286652
v 1.522269 0.562380 -3.267787
v 1.522269 0.620936 -3.283083
v 0.880282 0.620936 -3.283083
v 0.871822 0.562380 -3.267787
v 1.522269 0.594420 -3.182133
v 1.522269 0.636128 -3.192840
v 1.522269 0.678941 -3.195389
v 1.522269 0.555751 -3.163779
v 1.522269 0.721477 -3.189781
v 1.522269 0.762080 -3.176015
v 1.071935 0.555751 -3.163779
v 0.871172 0.555751 -3.163779
v 0.876378 0.594420 -3.182133
v 1.071935 0.594420 -3.182133
v 0.882560 0.636128 -3.192840
v 0.894599 0.721477 -3.189781
v 0.888417 0.678941 -3.195389
v 0.905662 0.799369 -3.154602
v 0.900456 0.762080 -3.176015
v 0.919654 0.897148 -3.189781
v 0.913146 0.851297 -3.229549
v 1.522269 0.851297 -3.229549
v 1.522269 0.897148 -3.189781
v 1.522269 0.934436 -3.142365
v 0.924860 0.934436 -3.142365
v 0.928765 0.962057 -3.088831
v 1.522269 0.962057 -3.088831
v 0.931043 0.978906 -3.030709
v 1.522269 0.978906 -3.030709
v 0.914123 0.858202 -3.092400
v 0.910218 0.831686 -3.126560
v 0.916726 0.877537 -3.054162
v 0.918353 0.889414 -3.012864
v 1.522269 0.858202 -3.092400
v 1.408059 0.858202 -3.092400
v 1.408059 0.877537 -3.054162
v 1.522269 0.877537 -3.054162
v 1.408059 0.889414 -3.012864
v 1.522269 0.889414 -3.012864
v 1.522269 0.831686 -3.126560
v 1.408059 0.831686 -3.126560
v 1.522269 0.799369 -3.154602
v 1.522269 0.418750 -3.160210
v 0.957724 0.418750 -3.160210
v 1.071935 0.521224 -3.138287
v 1.071935 0.492498 -3.106676
v 1.522269 0.492498 -3.106676
v 1.522269 0.521224 -3.138287
v 1.522269 0.507966 -3.241276
v 0.864338 0.507966 -3.241276
v 0.856204 0.451619 -3.025100
v 0.858807 0.470125 -3.069967
v 0.862061 0.492498 -3.106676
v 0.865965 0.521224 -3.138287
v 1.408059 0.746336 -2.765079
v 1.071935 0.746336 -2.765079
v 1.071935 0.812903 -2.803317
v 1.408059 0.812903 -2.803317
v 1.071935 0.862345 -2.862459
v 1.408059 0.862345 -2.862459
v 1.408059 0.528129 -2.803317
v 1.071935 0.528129 -2.803317
v 1.408059 0.452448 -2.934858
v 1.071935 0.452448 -2.934858
v 1.071935 0.478688 -2.862459
v 1.408059 0.478688 -2.862459
v 1.071935 0.893005 -2.942505
v 1.071935 0.893005 -2.970037
v 1.408059 0.893005 -2.942505
v 0.932019 0.984154 -2.971567
v 1.522269 0.984154 -2.971567
v 1.522269 0.893005 -2.970037
v 0.919003 0.893005 -2.970037
v 1.086251 0.762088 2.018621
v 1.086251 0.704907 1.944100
v 1.086251 0.543606 1.850973
v 1.086251 0.630387 1.886919
v 1.086251 0.357352 1.850975
v 1.086251 0.450479 1.838713
v 1.086251 0.196051 1.944101
v 1.086251 0.270572 1.886920
v 1.408148 0.091054 2.195405
v 1.408148 0.762088 2.018621
v 1.408148 0.704907 1.944100
v 0.932990 0.923223 2.035213
v 1.522269 0.923223 2.035213
v 1.522269 0.832055 2.034963
v 1.522269 0.900988 2.656821
v 0.920005 0.832055 2.034963
v 0.957731 0.091054 2.195405
v 1.086251 0.091057 2.148193
v 0.957731 -0.000047 2.199205
v 1.408148 0.091057 2.148193
v 1.522269 -0.000047 2.199205
v 1.522269 0.091054 2.195405
v 1.408148 0.138870 2.018621
v 1.086251 0.138870 2.018621
v 1.522269 0.362485 3.074492
v 0.957731 0.362485 3.074492
v 0.957731 0.444443 3.034531
v 1.522269 0.444443 3.034531
v 0.962876 0.463691 2.859620
v 1.517206 0.463691 2.859620
v 1.517206 0.494575 2.799007
v 0.962876 0.549311 2.838674
v 0.962876 0.523938 2.895579
v 1.517206 0.542677 2.750905
v 0.933750 0.996156 2.931199
v 1.522269 0.996156 2.931199
v 1.522269 0.904988 2.929658
v 1.517206 0.904988 2.929658
v 0.920746 0.904988 2.929658
v 0.962876 0.904988 2.929658
v 0.962876 0.904957 2.914335
v 1.517206 0.904957 2.914335
v 1.517206 0.846386 2.799007
v 1.517206 0.877269 2.859622
v 0.962876 0.877269 2.859620
v 1.517206 0.737670 2.720020
v 1.517206 0.798283 2.750905
v 1.517206 0.670480 2.709379
v 0.888664 0.798979 2.784253
v 0.888664 0.729887 2.744313
v 0.888664 0.650522 2.735927
v 0.962876 0.809598 2.876346
v 0.888664 0.845853 2.848843
v 1.517206 0.603290 2.720020
v 0.888664 0.574609 2.760547
v 0.888664 0.515272 2.813917
v 1.522269 0.831055 -2.114862
v 0.919857 0.831055 -2.114864
v 0.932838 0.922222 -2.114872
v 1.522269 0.922222 -2.114873
v 1.086253 0.704907 -0.117044
v 1.086253 0.762088 -0.191565
v 1.408150 0.762088 -0.191565
v 1.408150 0.138870 1.508438
v 1.408150 0.196051 1.074102
v 1.408150 0.138870 1.148622
v 1.086253 0.138870 1.148622
v 1.086253 0.196051 1.582957
v 1.086253 0.138870 1.508438
v 1.408150 0.196051 1.582957
v 1.408148 0.196051 1.944101
v 1.408150 0.138870 0.678436
v 1.086253 0.138870 0.318620
v 1.086253 0.196051 0.752955
v 1.086253 0.138870 0.678436
v 1.408150 0.196051 0.244100
v 1.408150 0.138870 0.318620
v 1.086253 0.196051 0.244100
v 1.408150 0.196051 0.752955
v 1.086253 0.196051 1.074102
v 1.086253 0.630388 -0.059864
v 1.086253 0.543606 -0.023917
v 1.086253 0.357352 -0.023916
v 1.086253 0.450480 -0.011656
v 1.086253 0.196051 -0.117044
v 1.086253 0.270571 -0.059863
v 1.408150 0.138870 -0.191563
v 1.086253 0.138870 -0.191563
v 1.408150 0.798034 -0.278346
v 0.888664 0.862403 2.926915
v 0.888664 0.845768 3.004967
v 0.888664 0.482729 2.966612
v 0.888664 0.482773 2.886805
v 0.856653 0.455534 3.187754
v 0.888664 0.798825 3.069507
v 0.888664 0.729689 3.109372
v 0.900054 0.759920 3.149183
v 0.905814 0.800305 3.126609
v 0.905421 0.797548 3.232236
v 0.896811 0.737187 3.252372
v 0.893787 0.715988 3.163689
v 0.888664 0.679420 3.180938
v 0.887813 0.674104 3.260698
v 0.878753 0.610587 3.256914
v 0.888664 0.686359 3.181545
v 0.869960 0.548939 3.241157
v 0.888664 0.574428 3.092969
v 0.888664 0.671107 3.169476
v 0.888664 0.650315 3.117672
v 0.888664 0.579137 3.155122
v 0.888664 0.623927 3.166714
v 0.888664 0.670102 3.169605
v 0.888664 0.537358 3.135247
v 0.888664 0.680068 3.168321
v 0.888664 0.678976 3.168461
v 0.861762 0.491396 3.213997
v 0.957731 0.455534 3.187754
v 0.888664 0.456501 3.063354
v 0.888664 0.515150 3.039536
v 0.888664 0.456572 3.054169
v 0.888664 0.500104 3.107813
v 0.888664 0.468701 3.073805
v 0.962876 0.715988 3.163689
v 0.962876 0.670102 3.169605
v 1.522269 0.386316 -3.106043
v 0.957731 0.386316 -3.106043
v 1.071851 0.448151 -3.016609
v 0.957731 0.451533 -3.024847
v 1.408150 0.137745 -2.260551
v 1.408148 0.470064 -3.069984
v 1.522269 0.470064 -3.069984
v 1.408148 0.448151 -3.016609
v 1.408148 0.594733 -2.765078
v 1.071851 0.594733 -2.765078
v 1.071851 0.670480 -2.751722
v 1.408148 0.670480 -2.751722
v 1.522269 0.896987 -2.819646
v 0.919561 0.896987 -2.819646
v 0.932535 0.988155 -2.820171
v 1.522269 0.988155 -2.820171
v 1.408150 0.630387 -1.759864
v 1.408150 0.704907 -1.817045
v 1.408150 0.543606 -1.723917
v 1.408150 0.450480 -1.711655
v 1.408150 0.357352 -1.723915
v 1.408150 0.196051 -1.817044
v 1.408150 0.270571 -1.759862
v 1.408150 0.762088 -1.891565
v 1.086253 0.798034 -1.978346
v 1.086253 0.762088 -1.891565
v 1.086253 0.196051 -1.817044
v 1.522269 0.091295 -2.074206
v 1.408150 0.091290 -1.987880
v 1.408150 0.138870 -1.891563
v 1.522269 0.000188 -2.077874
v 1.086253 0.091290 -1.987880
v 1.086253 0.138870 -1.891563
v 0.957731 0.000188 -2.077874
v 1.086253 0.091295 -2.074206
v 0.957731 0.091295 -2.074206
v 1.086252 0.091253 -1.339532
v 1.408148 0.091240 -1.103428
v 1.086253 0.091206 -0.487685
v 1.408150 0.091206 -0.487685
v 1.408150 0.091192 -0.255275
v 1.086253 0.091192 -0.255275
v 1.408150 0.091097 1.447243
v 1.408150 0.091110 1.209799
v 1.408150 0.091144 0.607510
v 1.408150 0.091103 1.332320
v 1.522269 0.459365 -3.205151
v 0.957731 0.459365 -3.205151
v 0.857312 0.459365 -3.205151
vn 1.0000 -0.0000 -0.0000
vn 1.0000 -0.0003 -0.0013
vn -0.0004 0.7071 0.7071
vn 0.0003 0.7108 0.7034
vn 0.0003 0.8910 0.4540
vn -0.0000 0.8897 0.4565
vn 0.9900 -0.1412 -0.0003
vn 0.9901 -0.1403 -0.0000
vn -0.0000 1.0000 -0.0020
vn -0.0048 0.9999 -0.0153
vn -0.0000 0.9999 -0.0147
vn -0.0000 -0.9999 0.0146
vn -1.0000 -0.0000 -0.0000
vn 1.0000 -0.0000 0.0001
vn -0.0028 -0.9041 0.4273
vn -0.0000 -0.9043 0.4269
vn 0.0001 -0.9043 0.4269
vn -0.0000 0.9045 -0.4264
vn -0.0000 0.1272 -0.9919
vn -0.0000 -0.1265 -0.9920
vn -0.0000 0.3861 -0.9225
vn -0.0000 0.6087 -0.7934
vn -0.0000 0.9999 -0.0154
vn -0.0003 0.9999 -0.0161
vn -0.4851 0.5848 0.6502
vn -0.4843 0.5859 0.6497
vn 1.0000 0.0008 -0.0009
vn -0.0006 0.1564 0.9877
vn 0.0004 0.1643 0.9864
vn 1.0000 -0.0003 -0.0010
vn 0.9999 -0.0088 -0.0051
vn 0.0004 0.4540 0.8910
vn -0.0004 0.4485 0.8938
vn -0.0000 -0.6112 -0.7915
vn -0.0000 -0.3861 -0.9225
vn 1.0000 -0.0008 -0.0008
vn -0.4838 0.2700 0.8325
vn -0.4829 0.2714 0.8326
vn 0.0002 -0.7071 0.7071
vn -0.0005 -0.7108 0.7034
vn -0.4848 -0.4377 0.7572
vn -0.4849 -0.4375 0.7572
vn 0.0004 -0.1564 0.9877
vn -0.0005 -0.1632 0.9866
vn -0.0000 -0.8910 0.4540
vn 0.0002 -0.8904 0.4553
vn -0.0005 -0.4540 0.8910
vn 0.0003 -0.4485 0.8938
vn -0.4843 -0.7081 0.5139
vn -0.4832 -0.8584 0.1722
vn -0.4855 -0.7067 0.5147
vn -0.4841 -0.0919 0.8702
vn -0.4823 -0.0944 0.8709
vn -0.0000 -0.9939 0.1102
vn -1.0000 -0.0000 -0.0001
vn -1.0000 0.0001 -0.0001
vn -0.0000 -0.9912 0.1326
vn -0.0000 -0.9241 0.3822
vn -0.0000 -0.9913 -0.1316
vn 0.9899 -0.1410 0.0154
vn 0.9900 -0.1403 0.0154
vn -0.0000 0.9939 -0.1099
vn -0.0003 0.9939 -0.1102
vn 1.0000 0.0001 -0.0001
vn 1.0000 -0.0000 -0.0002
vn 1.0000 -0.0000 -0.0001
vn 1.0000 -0.0005 -0.0009
vn 1.0000 -0.0001 -0.0002
vn -0.0000 0.6690 -0.7433
vn -0.0000 -0.7916 -0.6111
vn -1.0000 0.0006 0.0002
vn -1.0000 -0.0006 -0.0000
vn -0.0000 -0.9400 0.3411
vn -0.0000 -0.9936 0.1134
vn -0.0000 -0.9041 0.4273
vn -0.0000 0.9245 0.3812
vn 1.0000 0.0016 -0.0004
vn 1.0000 -0.0002 -0.0002
vn -0.0000 0.9929 -0.1187
vn 0.0006 -1.0000 0.0016
vn -0.0000 -0.9233 -0.3840
vn 0.0006 -0.9937 0.1125
vn -0.0000 0.9627 0.2706
vn -0.0000 0.9404 -0.3400
vn 1.0000 -0.0000 -0.0007
vn 1.0000 -0.0002 -0.0008
vn 0.9999 -0.0148 -0.0020
vn -0.0000 0.3932 -0.9194
vn -0.0000 -0.6052 -0.7960
vn -0.0000 -0.3944 -0.9189
vn -0.0000 0.6051 -0.7961
vn -0.0000 -0.1254 -0.9921
vn -0.0000 -0.1458 0.9893
vn -0.0000 0.3755 0.9268
vn -0.0000 0.1254 -0.9921
vn -0.0000 0.6115 0.7912
vn -0.0000 -0.7939 0.6081
vn -0.0000 -0.9257 0.3782
vn -0.0000 0.7934 -0.6088
vn 0.0012 -0.1305 -0.9914
vn 0.0027 -0.1254 -0.9921
vn -0.0000 0.6088 -0.7934
vn -0.0007 0.6068 -0.7949
vn -0.0009 0.3827 -0.9239
vn 0.0024 0.3932 -0.9194
vn -0.0000 -0.6052 0.7960
vn -0.0000 -0.3767 0.9264
vn -0.0000 0.1254 0.9921
vn -0.0000 -0.1254 0.9921
vn -0.0000 0.1458 0.9893
vn -0.0000 0.6077 0.7942
vn -0.0012 -0.6088 -0.7934
vn 0.0001 -0.6052 -0.7960
vn 0.0025 -0.3827 -0.9239
vn -0.0012 -0.3944 -0.9189
vn 0.0027 0.1305 -0.9914
vn 0.0012 0.1254 -0.9921
vn -0.0000 -0.9227 0.3855
vn -0.0000 -0.3767 -0.9264
vn -0.0000 -0.3766 -0.9264
vn -0.0000 -0.1458 -0.9893
vn -0.0000 -0.9912 -0.1325
vn -0.0000 -0.9915 0.1297
vn -0.0000 -0.9257 -0.3782
vn -0.0000 -0.7937 -0.6083
vn 0.0002 -0.7934 -0.6088
vn -0.0000 1.0000 -0.0002
vn 0.9900 -0.1410 -0.0000
vn -0.0000 -1.0000 0.0002
vn -0.0000 -0.7939 -0.6081
vn -0.0000 -0.7934 0.6088
vn -0.0000 -0.9915 -0.1297
vn -0.0000 -0.9912 0.1325
vn -0.0000 -0.9227 -0.3855
vn -0.0000 0.6090 -0.7932
vn -0.0000 0.3755 -0.9268
vn 0.0023 0.1305 0.9914
vn -0.0022 0.1458 0.9893
vn -0.0021 0.3827 0.9239
vn 0.0001 0.3755 0.9268
vn -0.0000 -0.6088 0.7934
vn -0.0003 -0.6081 0.7939
vn -0.0002 -0.3827 0.9239
vn -0.0021 -0.3767 0.9264
vn -0.0021 -0.1305 0.9914
vn 0.0024 -0.1458 0.9893
vn -0.0000 0.1458 -0.9893
vn 0.0002 0.6088 0.7934
vn -0.0000 0.6093 0.7929
vn -0.0000 -0.7306 -0.6828
vn -0.0000 -0.3283 -0.9446
vn -0.0000 0.3808 -0.9247
vn -0.0000 -0.5447 -0.8386
vn -0.0000 -0.8739 -0.4861
vn -0.0000 0.7660 -0.6428
vn -0.0000 0.8979 -0.4403
vn -0.0000 0.8543 -0.5198
vn 0.9892 -0.1468 -0.0002
vn -0.0000 0.1460 -0.9893
vn -0.0000 -0.0914 -0.9958
vn -0.0000 0.5913 -0.8064
vn 0.0148 0.8559 -0.5169
vn 0.9899 -0.1420 0.0013
vn 0.9898 -0.1423 0.0006
vn -0.0000 0.6599 -0.7514
vn -0.0040 0.8558 -0.5172
vn -0.0000 0.8572 -0.5150
vn 0.9899 -0.1417 0.0014
vn -0.0036 0.9999 0.0098
vn -0.0000 1.0000 0.0068
vn -0.0000 -0.9211 -0.3892
vn -0.0000 -0.7561 -0.6545
vn -0.0000 -0.5122 -0.8589
vn -0.0000 -0.5121 -0.8589
vn 0.9900 -0.1412 -0.0000
vn 0.0070 0.0872 -0.9962
vn 0.9899 -0.1415 0.0013
vn 0.9899 -0.1415 0.0014
vn -0.0000 0.3910 -0.9204
vn -0.0000 0.0828 -0.9966
vn 0.0056 0.0798 -0.9968
vn 0.9900 -0.1413 0.0011
vn 0.9900 -0.1411 0.0013
vn 0.9900 -0.1411 0.0012
vn 0.9903 -0.1390 -0.0005
vn -0.0000 -0.2265 -0.9740
vn 0.0068 -0.2232 -0.9747
vn -0.0000 -0.3910 0.9204
vn -0.0000 -0.9088 -0.4172
vn -0.0000 0.2529 0.9675
vn -0.0000 0.3283 0.9446
vn -0.0000 -0.9695 0.2452
vn -0.0000 -0.9805 -0.1963
vn -0.0000 0.2241 0.9746
vn -0.0000 -0.0798 0.9968
vn -0.0000 -0.9741 0.2260
vn -0.0000 -0.9960 -0.0893
vn -0.0000 -0.8560 0.5169
vn -0.0000 -0.7657 0.6432
vn -0.0000 0.9767 -0.2145
vn -0.0000 0.9996 0.0291
vn -0.0000 0.9649 0.2625
vn -0.0000 0.7561 0.6545
vn -0.0000 0.5122 0.8589
vn -0.0000 0.7282 0.6853
vn -0.0000 0.7282 0.6854
vn -0.0000 0.8739 0.4861
vn -0.0000 0.5469 0.8372
vn -0.0000 0.0205 0.9998
vn -0.0000 -0.4093 0.9124
vn -0.0000 0.9751 -0.2219
vn -0.0000 0.9964 0.0851
vn -0.0000 0.9196 0.3928
vn -0.0000 -0.6599 0.7514
vn -1.0000 0.0001 -0.0000
vn -1.0000 -0.0001 -0.0001
vn -0.4850 -0.4368 -0.7576
vn -0.4861 -0.4378 -0.7564
vn -0.0000 0.7754 0.6315
vn -0.0000 0.8843 0.4669
vn 0.9901 -0.1401 0.0012
vn 0.9902 -0.1394 0.0005
vn 0.9902 -0.1399 -0.0000
vn 0.9900 -0.1410 0.0008
vn -0.4855 -0.7070 -0.5142
vn -0.4862 -0.7072 -0.5132
vn 0.0007 0.4878 0.8729
vn 0.0012 0.4884 0.8726
vn -0.0000 0.3135 0.9496
vn 0.0011 0.3150 0.9491
vn -0.0000 -0.7388 0.6740
vn -0.0000 -0.7387 0.6740
vn -0.0000 -0.8491 0.5282
vn 0.0171 -0.8480 0.5297
vn 0.0002 -0.4915 -0.8709
vn -0.0000 -0.4930 -0.8700
vn 1.0000 -0.0004 -0.0009
vn 1.0000 -0.0003 -0.0002
vn -0.0000 0.6436 0.7653
vn -0.0000 0.4884 0.8726
vn -0.0003 -0.3164 -0.9486
vn 0.0002 -0.3126 -0.9499
vn -0.0000 -0.6457 -0.7636
vn -0.0000 -0.8832 -0.4691
vn -0.0000 -0.9569 -0.2905
vn -0.0000 -0.7811 -0.6244
vn -1.0000 -0.0002 -0.0001
vn -1.0000 0.0006 -0.0002
vn -0.0000 0.9945 0.1047
vn 0.9895 -0.1443 0.0023
vn 0.9904 -0.1386 -0.0012
vn 0.9901 -0.1401 0.0013
vn 0.9904 -0.1383 -0.0032
vn 0.9895 -0.1443 0.0024
vn -0.0000 0.9555 0.2950
vn -0.0000 -0.8923 0.4515
vn 1.0000 -0.0004 0.0002
vn 1.0000 -0.0010 -0.0002
vn 1.0000 0.0002 0.0008
vn 1.0000 -0.0005 -0.0000
vn 1.0000 -0.0002 0.0009
vn 0.0012 0.6447 0.7645
vn 0.9900 -0.1412 0.0024
vn 0.9903 -0.1387 -0.0011
vn -0.0000 0.9555 0.2951
vn -0.0000 -0.9944 -0.1056
vn -0.4850 -0.8553 -0.1823
vn -0.4866 -0.8553 -0.1780
vn -0.4867 -0.8536 -0.1857
vn -0.4851 -0.8554 0.1813
vn -0.4860 -0.8552 0.1798
vn -0.0131 -0.8486 0.5288
vn -0.0122 -0.8481 0.5297
vn -0.4845 -0.0910 -0.8700
vn -0.4840 -0.0917 -0.8702
vn -0.4869 0.5848 -0.6488
vn -0.4846 0.5833 -0.6518
vn -0.4869 0.2704 -0.8306
vn -0.4833 0.2755 -0.8309
vn 1.0000 -0.0001 -0.0005
vn 1.0000 -0.0010 -0.0003
vn 1.0000 0.0009 -0.0005
vn -0.0000 -0.5918 0.8061
vn -0.0009 -0.5930 0.8052
vn -0.0019 -0.5918 0.8061
vn -0.0022 -0.4296 0.9030
vn -0.0012 -0.4310 0.9024
vn 1.0000 -0.0004 0.0006
vn 1.0000 -0.0003 0.0007
vn -0.4851 0.7987 0.3561
vn -0.4847 0.7992 -0.3553
vn -0.4855 0.7984 -0.3561
vn -0.4852 0.8744 0.0016
vn -0.4844 0.8749 0.0005
vn -0.0000 0.9998 0.0175
vn -0.0000 0.9980 -0.0637
vn -0.0000 0.9879 0.1548
vn -1.0000 0.0001 -0.0002
vn -0.0000 0.7320 -0.6813
vn -0.0000 0.5903 -0.8071
vn -0.0000 -0.2467 0.9691
vn 0.0001 0.5907 -0.8069
vn -0.0000 0.5909 -0.8067
vn -0.0000 -0.8506 0.5258
vn -0.0000 -0.8506 0.5259
vn -0.0017 -0.7347 0.6784
vn 0.0021 -0.7388 0.6740
vn 0.0013 -0.8508 0.5255
vn 0.0020 -0.8498 0.5271
vn -0.0000 0.8498 -0.5271
vn -0.0009 1.0000 0.0078
vn -0.0009 1.0000 0.0083
vn 1.0000 0.0013 0.0002
vn -0.0000 0.5905 -0.8070
vn -0.0000 -0.4310 0.9024
vn -0.0000 0.1266 0.9920
vn -0.0000 -0.0637 0.9980
vn -0.0000 0.3166 0.9486
vn -0.0000 -0.1309 -0.9914
vn -0.0003 -0.1333 -0.9911
vn -0.0002 0.0595 -0.9982
vn -0.0000 0.0616 -0.9981
vn 0.0001 0.4268 -0.9043
vn -0.0001 0.4255 -0.9049
vn -0.0001 0.2476 -0.9689
vn -0.0002 0.2462 -0.9692
vn -0.0000 0.1279 0.9918
vn 0.0003 -0.2506 0.9681
vn -0.0022 -0.2467 0.9691
vn -0.0000 -0.0625 0.9980
vn 0.0002 -0.0628 0.9980
vn 0.9898 -0.1421 -0.0073
vn -0.0000 -0.9926 -0.1216
vn 0.0019 -0.9923 -0.1240
vn -0.0000 0.3819 0.9242
vn 0.0017 -1.0000 0.0022
vn -1.0000 -0.0013 0.0007
vn -1.0000 0.0008 0.0001
vn -1.0000 0.0004 0.0002
vn -0.0000 -0.9398 -0.3417
vn -0.0000 -0.3819 0.9242
vn -0.0000 -0.6093 0.7929
vn -0.0000 -0.9244 0.3814
vn -0.0000 -0.9251 -0.3796
vn -0.9999 -0.0123 -0.0101
vn 0.0005 0.7455 0.6665
vn -0.0000 0.7467 0.6652
vn -1.0000 -0.0001 0.0001
vn -1.0000 0.0002 0.0002
vn -0.0000 0.9422 0.3350
vn -0.0000 0.8966 -0.4429
vn -0.0000 0.9922 0.1246
vn 1.0000 0.0002 -0.0000
vn -0.0000 -0.1316 0.9913
vn -0.0000 0.1321 0.9912
vn -0.0000 0.1736 -0.9848
vn -0.0000 -0.9957 -0.0931
vn 0.9899 -0.1409 -0.0136
vn 0.9899 -0.1410 -0.0136
vn -0.0000 0.9957 0.0931
vn 0.4871 -0.8047 -0.3395
vn -0.0000 -0.9251 -0.3798
vn -0.0000 0.9251 0.3797
vn -0.0004 -0.9251 -0.3798
vn -0.0000 -0.9251 -0.3797
vn -0.0000 -0.9239 -0.3827
vn -0.0006 -0.9246 -0.3809
vn -0.0000 -0.7927 0.6096
vn -1.0000 -0.0000 0.0001
vn -1.0000 -0.0003 0.0005
vn -0.0000 -0.9912 0.1321
vn -0.0006 -0.9914 -0.1307
vn -0.0000 -0.9911 -0.1328
vn -0.0000 -0.7897 -0.6135
vn -0.0000 0.6070 -0.7947
vn -0.0000 -0.3841 -0.9233
vn -0.0000 -0.6088 -0.7933
vn -0.1411 -0.9898 0.0186
vn -0.0000 -1.0000 -0.0001
vn 0.0008 -1.0000 -0.0002
vn 0.0001 -0.9914 -0.1307
vn -0.0000 -0.9915 -0.1304
vn -0.0000 -0.9914 0.1307
vn -0.0000 -0.9240 -0.3824
vn 0.0001 -0.9239 -0.3827
vn -0.0000 0.3841 -0.9233
vn -0.0000 -0.3841 0.9233
vn -0.0000 0.3841 0.9233
vn 0.0007 0.8032 0.5958
vn -0.0000 0.8043 0.5942
vn -0.0020 0.8032 0.5958
vn -0.0000 0.7915 0.6112
vn -0.0000 0.1282 0.9917
vn -0.0000 0.6070 0.7947
vn -0.0000 -0.6088 0.7933
vn -0.0000 0.7915 -0.6112
vn -0.0000 0.1282 -0.9917
vn -0.0000 -0.7897 0.6135
vn -0.0000 -0.9250 0.3799
vn 0.0001 -1.0000 -0.0000
vn -0.0000 -0.1282 -0.9917
vn -0.0000 -0.1282 0.9917
vn -0.0000 -0.9250 -0.3799
vn -0.0000 -0.9914 -0.1307
vn -0.0001 -1.0000 -0.0001
vn 0.0017 -1.0000 0.0001
vn 0.0015 0.7942 0.6077
vn -0.0000 0.7905 0.6124
vn 0.0012 0.7947 -0.6070
vn -0.0000 0.7976 -0.6032
vn -0.0000 0.7933 -0.6088
vn 0.0004 0.1305 -0.9914
vn -0.0003 0.1282 -0.9917
vn -0.0004 -0.1305 -0.9914
vn 0.0003 -0.1282 -0.9917
vn -0.0000 -0.7934 -0.6088
vn -0.0000 0.6078 -0.7941
vn 0.0003 0.6088 -0.7934
vn -0.0000 -0.3827 -0.9239
vn -0.0004 -0.3841 -0.9233
vn -0.0002 0.3827 -0.9239
vn 0.0002 0.3841 -0.9233
vn -0.0000 -0.6088 -0.7934
vn -0.0000 0.8322 -0.5545
vn -0.0000 0.8297 -0.5583
vn 0.0040 0.8380 -0.5456
vn -0.0000 0.8269 0.5623
vn -0.0000 0.8006 -0.5991
vn -0.0000 1.0000 0.0001
vn -0.0230 0.7256 0.6877
vn -0.0000 0.7882 0.6154
vn -0.0000 0.7934 0.6088
vn -0.0000 0.7856 0.6188
vn -0.0000 0.7882 -0.6154
vn 0.9892 -0.1467 0.0033
vn 0.9911 -0.1331 0.0015
vn 0.9897 -0.1432 0.0005
vn 0.9897 -0.1428 0.0003
vn 0.9903 -0.1390 0.0001
vn 0.9908 -0.1353 -0.0040
vn 0.9906 -0.1370 -0.0015
vn -0.0000 -0.7401 -0.6725
vn -0.0000 -0.5940 -0.8045
vn -0.0000 -0.7672 -0.6414
vn -0.0000 0.4979 -0.8672
vn -0.0000 0.9402 -0.3407
vn -0.0000 -0.1734 -0.9848
vn -0.0000 -0.1734 -0.9849
vn -0.0000 0.9991 0.0434
vn 0.0007 0.9991 0.0430
vn 1.0000 -0.0002 -0.0000
vn -0.0000 -0.4981 -0.8671
vn -0.0000 -0.8539 -0.5204
vn -0.0000 0.7419 0.6705
vn -0.0000 0.4380 0.8990
vn 0.0002 -0.9245 -0.3813
vn -0.0000 -0.9246 -0.3810
vn 0.0001 -0.9247 -0.3808
vn -0.0000 0.5965 0.8026
vn -0.0000 -0.8532 -0.5216
vn -0.0000 0.9965 -0.0836
vn -0.0000 1.0000 -0.0000
vn -0.1467 0.7797 -0.6087
vn -0.0000 0.9996 -0.0265
vn -0.0000 -0.9997 0.0264
vn -0.0000 -0.9961 0.0884
vn 0.9900 -0.1409 0.0004
vn 0.9900 -0.1414 0.0001
vn 0.9899 -0.1414 -0.0038
vn 0.9900 -0.1410 -0.0032
vn -0.0000 0.9610 -0.2764
vn -0.0000 0.9995 -0.0324
vn -0.0000 -0.9338 -0.3577
vn 0.0261 0.9997 -0.0000
vn -1.0000 -0.0024 -0.0010
vn -1.0000 0.0013 -0.0005
vn 1.0000 0.0014 -0.0003
vn 1.0000 -0.0001 0.0003
vn 1.0000 -0.0009 0.0009
vn -0.0000 0.9986 -0.0525
vn -0.0000 0.7672 -0.6414
vn -1.0000 -0.0002 -0.0000
vn -1.0000 -0.0007 0.0020
vn -1.0000 0.0018 -0.0007
vn -1.0000 0.0005 -0.0005
vn 1.0000 -0.0056 -0.0007
vn -1.0000 -0.0001 -0.0002
vn -1.0000 -0.0011 0.0007
vn -0.0000 -0.4288 -0.9034
vn -0.0000 0.3211 -0.9471
vn -0.0000 0.1307 -0.9914
vn 0.9896 -0.1438 -0.0004
vn 0.9894 -0.1450 0.0001
vn 0.9897 -0.1430 0.0006
vn -0.0000 0.4980 -0.8672
vn -0.0000 -0.2486 -0.9686
vn -0.0000 -0.2487 -0.9686
vn -0.0000 -0.0594 -0.9982
vn -0.0000 0.0589 0.9983
vn -0.0000 0.2527 0.9675
vn -0.0000 -0.3133 0.9496
vn -0.0000 -0.1349 0.9909
vn -0.0000 0.6554 -0.7553
vn -0.0000 0.7899 -0.6132
vn 0.9903 -0.1391 0.0006
vn -0.0000 0.8924 -0.4512
vn -0.0000 0.8580 0.5137
vn 0.9896 -0.1440 -0.0014
vn 0.9899 -0.1415 0.0012
vn -0.0000 -0.4953 0.8687
vn -0.0000 -0.7860 0.6182
vn -0.0000 -0.8887 0.4585
vn -0.0000 -0.6552 0.7554
vn 0.9903 -0.1389 0.0011
vn 0.9900 -0.1409 0.0002
vn 0.9893 -0.1461 0.0020
vn 0.9897 -0.1432 -0.0009
vn 0.9908 -0.1357 -0.0022
vn 0.9904 -0.1385 -0.0002
vn 0.9900 -0.1407 0.0014
vn 0.9900 -0.1411 0.0011
vn 0.9904 -0.1380 0.0023
vn 0.9900 -0.1408 0.0005
vn 0.9901 -0.1405 0.0014
vn 0.9901 -0.1400 0.0018
vn -0.0000 -0.9605 0.2784
s 0
f 1237//540 1238//540 1234//540
f 1237//541 1234//541 732//541
f 1236//542 1239//542 733//542
f 1236//543 733//543 732//543
f 1235//544 1236//544 732//544
f 1235//545 732//545 1234//545
f 691//540 730//540 729//540
f 691//540 729//540 728//540
f 727//540 691//540 728//540
f 712//546 1240//546 1244//546
f 712//547 1244//547 713//547
f 1244//548 1245//548 1246//548
f 1244//549 1246//549 713//549
f 1242//550 1220//550 1243//550
f 711//551 1241//551 1240//551
f 711//551 1240//551 712//551
f 1242//552 1241//552 711//552
f 1242//552 711//552 1220//552
f 731//540 730//540 691//540
f 731//540 691//540 695//540
f 718//553 1232//553 1231//553
f 718//553 1231//553 720//553
f 1233//554 697//554 709//554
f 1233//555 709//555 726//555
f 698//556 1232//556 718//556
f 720//557 1231//557 1230//557
f 720//557 1230//557 723//557
f 697//555 1233//555 1232//555
f 697//555 1232//555 698//555
f 706//558 728//558 729//558
f 706//558 729//558 707//558
f 707//559 729//559 730//559
f 707//559 730//559 705//559
f 710//560 727//560 728//560
f 710//560 728//560 706//560
f 723//552 1230//552 1233//552
f 723//552 1233//552 726//552
f 727//561 710//561 696//561
f 727//561 696//561 691//561
f 1246//562 1247//562 1220//562
f 1246//563 1220//563 713//563
f 1260//564 1261//564 1237//564
f 1260//565 1237//565 743//565
f 743//566 1237//566 733//566
f 743//540 733//540 742//540
f 1259//567 1253//567 737//567
f 1259//568 737//568 742//568
f 734//569 1250//569 1257//569
f 734//570 1257//570 741//570
f 1239//571 1259//571 742//571
f 1239//572 742//572 733//572
f 704//573 731//573 695//573
f 704//573 695//573 699//573
f 705//574 730//574 731//574
f 705//574 731//574 704//574
f 740//540 743//540 742//540
f 740//540 742//540 737//540
f 733//575 1237//575 732//575
f 1256//576 1260//576 743//576
f 1256//577 743//577 740//577
f 734//540 741//540 738//540
f 734//540 738//540 735//540
f 1252//578 1248//578 734//578
f 1252//579 734//579 735//579
f 738//580 1254//580 1255//580
f 738//581 1255//581 739//581
f 1253//582 1251//582 736//582
f 1253//583 736//583 737//583
f 1248//584 1249//584 1250//584
f 1248//585 1250//585 734//585
f 1251//586 1252//586 735//586
f 1251//587 735//587 736//587
f 1258//588 1254//588 741//588
f 1258//589 741//589 1257//589
f 738//590 741//590 1254//590
f 739//540 740//540 737//540
f 739//540 737//540 736//540
f 735//540 738//540 739//540
f 735//540 739//540 736//540
f 739//591 1255//591 1256//591
f 739//592 1256//592 740//592
f 1217//593 1218//593 711//593
f 1217//593 711//593 712//593
f 1218//552 1219//552 1220//552
f 1218//552 1220//552 711//552
f 1215//552 1216//552 1214//552
f 1215//594 1214//594 703//594
f 706//595 1214//595 708//595
f 706//552 708//552 709//552
f 696//552 710//552 706//552
f 696//552 706//552 709//552
f 690//596 703//596 702//596
f 690//596 702//596 692//596
f 1206//597 1215//597 703//597
f 1206//597 703//597 690//597
f 692//598 702//598 701//598
f 692//598 701//598 693//598
f 713//599 1221//599 1217//599
f 713//600 1217//600 712//600
f 1219//601 1221//601 713//601
f 1219//602 713//602 1220//602
f 1214//552 706//552 707//552
f 1214//552 707//552 705//552
f 691//603 1208//603 1209//603
f 691//603 1209//603 1207//603
f 691//604 1210//604 1211//604
f 691//605 1211//605 1208//605
f 694//540 695//540 691//540
f 694//540 691//540 693//540
f 691//603 1207//603 1206//603
f 691//606 1206//606 690//606
f 692//540 693//540 691//540
f 692//540 691//540 690//540
f 702//552 703//552 1214//552
f 702//552 1214//552 701//552
f 1214//552 705//552 704//552
f 1214//552 704//552 699//552
f 700//552 701//552 1214//552
f 700//552 1214//552 699//552
f 691//607 1212//607 1213//607
f 691//607 1213//607 1210//607
f 696//608 697//608 698//608
f 696//608 698//608 691//608
f 694//609 700//609 699//609
f 694//609 699//609 695//609
f 723//552 726//552 725//552
f 723//552 725//552 724//552
f 1227//552 1226//552 724//552
f 1227//552 724//552 725//552
f 1214//610 1228//610 722//610
f 1214//611 722//611 1225//611
f 708//612 725//612 726//612
f 708//612 726//612 709//612
f 1214//613 1227//613 725//613
f 1214//613 725//613 708//613
f 717//540 691//540 698//540
f 717//614 698//614 718//614
f 697//552 696//552 709//552
f 1228//615 1229//615 719//615
f 1228//615 719//615 722//615
f 719//616 1229//616 691//616
f 719//540 691//540 717//540
f 1212//617 691//617 1229//617
f 724//618 1226//618 1224//618
f 724//618 1224//618 721//618
f 715//612 717//612 718//612
f 715//612 718//612 716//612
f 717//540 715//540 719//540
f 714//619 1222//619 1223//619
f 693//620 701//620 700//620
f 693//620 700//620 694//620
f 715//613 716//613 1222//613
f 715//621 1222//621 714//621
f 719//622 1223//622 1225//622
f 719//622 1225//622 722//622
f 723//623 724//623 721//623
f 723//623 721//623 720//623
f 721//624 1224//624 1222//624
f 721//625 1222//625 716//625
f 714//626 1223//626 719//626
f 714//540 719//540 715//540
f 720//540 721//540 716//540
f 720//540 716//540 718//540
f 792//627 807//627 806//627
f 792//627 806//627 793//627
f 808//628 789//628 784//628
f 808//628 784//628 782//628
f 789//629 808//629 809//629
f 789//629 809//629 790//629
f 1278//540 805//540 804//540
f 1278//540 804//540 803//540
f 1278//540 1283//540 801//540
f 1278//540 801//540 805//540
f 1284//630 1279//630 793//630
f 1284//630 793//630 806//630
f 1277//552 809//552 808//552
f 1277//552 808//552 782//552
f 790//631 809//631 810//631
f 790//631 810//631 791//631
f 812//632 813//632 811//632
f 812//632 811//632 750//632
f 814//633 815//633 816//633
f 814//633 816//633 751//633
f 810//552 809//552 1277//552
f 810//552 1277//552 807//552
f 1277//552 1284//552 806//552
f 1277//552 806//552 807//552
f 791//634 810//634 807//634
f 791//634 807//634 792//634
f 1278//540 788//540 787//540
f 1278//540 787//540 786//540
f 794//552 795//552 1277//552
f 794//552 1277//552 778//552
f 796//552 797//552 1277//552
f 796//552 1277//552 795//552
f 793//540 1278//540 792//540
f 1279//540 1280//540 1278//540
f 1279//540 1278//540 793//540
f 1278//540 786//540 785//540
f 1278//540 785//540 784//540
f 798//552 1277//552 797//552
f 1283//635 1281//635 798//635
f 1283//635 798//635 801//635
f 1278//540 799//540 800//540
f 1278//540 800//540 788//540
f 1278//540 803//540 802//540
f 1278//540 802//540 799//540
f 1281//552 1282//552 1277//552
f 1281//552 1277//552 798//552
f 777//636 800//636 799//636
f 777//636 799//636 778//636
f 779//637 788//637 800//637
f 779//637 800//637 777//637
f 1292//638 1293//638 1290//638
f 1292//638 1290//638 822//638
f 1268//552 1294//552 1292//552
f 1268//552 1292//552 744//552
f 1292//552 819//552 818//552
f 1292//552 818//552 744//552
f 821//639 1289//639 1287//639
f 821//640 1287//640 819//640
f 822//641 1290//641 1291//641
f 822//642 1291//642 823//642
f 823//643 1291//643 1288//643
f 823//644 1288//644 820//644
f 1292//552 820//552 821//552
f 1292//552 821//552 819//552
f 797//633 805//633 801//633
f 797//633 801//633 798//633
f 778//645 799//645 802//645
f 778//645 802//645 794//645
f 794//646 802//646 803//646
f 794//646 803//646 795//646
f 1292//552 822//552 823//552
f 1292//552 823//552 820//552
f 796//647 804//647 805//647
f 796//647 805//647 797//647
f 795//648 803//648 804//648
f 795//648 804//648 796//648
f 746//646 817//646 813//646
f 746//646 813//646 812//646
f 814//552 751//552 750//552
f 812//552 750//552 746//552
f 815//649 814//649 750//649
f 815//649 750//649 811//649
f 1285//650 1270//650 751//650
f 1285//650 751//650 816//650
f 766//645 759//645 817//645
f 766//645 817//645 746//645
f 766//552 746//552 745//552
f 818//651 1286//651 1266//651
f 818//652 1266//652 744//652
f 819//653 1287//653 1286//653
f 819//654 1286//654 818//654
f 820//655 1288//655 1289//655
f 820//656 1289//656 821//656
f 1272//540 813//540 817//540
f 1272//540 817//540 759//540
f 1272//540 815//540 811//540
f 1272//540 811//540 813//540
f 1272//540 1285//540 816//540
f 1272//540 816//540 815//540
f 791//540 792//540 1278//540
f 791//540 1278//540 790//540
f 1273//540 1274//540 1272//540
f 1273//540 1272//540 764//540
f 765//657 757//657 758//657
f 765//657 758//657 745//657
f 765//552 745//552 747//552
f 760//540 761//540 1272//540
f 760//540 1272//540 754//540
f 762//540 763//540 1272//540
f 762//540 1272//540 761//540
f 764//540 1272//540 763//540
f 759//636 766//636 745//636
f 759//636 745//636 758//636
f 760//658 768//658 767//658
f 760//659 767//659 761//659
f 761//660 767//660 769//660
f 761//660 769//660 762//660
f 768//628 760//628 754//628
f 768//628 754//628 753//628
f 749//661 755//661 756//661
f 749//661 756//661 747//661
f 757//662 765//662 747//662
f 757//662 747//662 756//662
f 748//663 752//663 755//663
f 748//663 755//663 749//663
f 1219//552 1218//552 1265//552
f 1219//552 1265//552 1262//552
f 1267//664 1268//664 744//664
f 1267//665 744//665 1266//665
f 1269//552 747//552 745//552
f 1269//552 745//552 746//552
f 1262//666 1263//666 1221//666
f 1262//666 1221//666 1219//666
f 1263//667 1264//667 1217//667
f 1263//667 1217//667 1221//667
f 1264//668 1265//668 1218//668
f 1264//668 1218//668 1217//668
f 748//552 749//552 747//552
f 748//552 747//552 1269//552
f 1272//540 755//540 752//540
f 1272//540 752//540 754//540
f 1272//540 757//540 756//540
f 1272//540 756//540 755//540
f 1272//540 759//540 758//540
f 1272//540 758//540 757//540
f 750//552 751//552 1269//552
f 750//552 1269//552 746//552
f 751//552 1270//552 1271//552
f 751//552 1271//552 1269//552
f 753//669 754//669 752//669
f 753//669 752//669 748//669
f 773//552 775//552 1214//552
f 1276//552 1228//552 1214//552
f 1276//552 1214//552 775//552
f 1277//552 779//552 777//552
f 1277//552 777//552 778//552
f 1215//670 1206//670 1207//670
f 1215//670 1207//670 1216//670
f 1214//552 1216//552 776//552
f 1214//552 776//552 774//552
f 1214//552 774//552 772//552
f 1214//552 772//552 773//552
f 1277//552 780//552 781//552
f 1277//552 781//552 779//552
f 780//671 786//671 787//671
f 780//671 787//671 781//671
f 781//672 787//672 788//672
f 781//672 788//672 779//672
f 789//540 790//540 1278//540
f 789//540 1278//540 784//540
f 1277//552 782//552 783//552
f 1277//552 783//552 780//552
f 782//669 784//669 785//669
f 782//669 785//669 783//669
f 783//673 785//673 786//673
f 783//673 786//673 780//673
f 1275//552 770//552 771//552
f 1275//552 771//552 769//552
f 767//552 768//552 769//552
f 768//552 753//552 748//552
f 768//552 748//552 1269//552
f 1275//674 1273//674 764//674
f 1275//674 764//674 770//674
f 763//675 771//675 770//675
f 763//675 770//675 764//675
f 1269//552 1275//552 769//552
f 1269//552 769//552 768//552
f 772//676 1211//676 1210//676
f 772//677 1210//677 773//677
f 773//678 1210//678 1213//678
f 773//679 1213//679 775//679
f 1216//680 1207//680 1209//680
f 1216//681 1209//681 776//681
f 776//682 1209//682 1208//682
f 776//683 1208//683 774//683
f 774//684 1208//684 1211//684
f 774//685 1211//685 772//685
f 762//686 769//686 771//686
f 762//686 771//686 763//686
f 775//687 1213//687 1212//687
f 775//688 1212//688 1276//688
f 900//552 898//552 895//552
f 900//552 895//552 896//552
f 894//552 899//552 892//552
f 894//552 892//552 891//552
f 903//689 904//689 901//689
f 903//689 901//689 902//689
f 895//552 898//552 893//552
f 884//690 897//690 896//690
f 884//690 896//690 895//690
f 894//691 891//691 881//691
f 894//691 881//691 880//691
f 893//552 898//552 899//552
f 893//552 899//552 894//552
f 896//552 904//552 905//552
f 896//552 905//552 900//552
f 884//540 826//540 897//540
f 826//540 902//540 901//540
f 826//540 901//540 897//540
f 897//692 901//692 904//692
f 897//692 904//692 896//692
f 836//693 903//693 902//693
f 836//693 902//693 826//693
f 903//552 906//552 905//552
f 903//552 905//552 904//552
f 906//552 903//552 836//552
f 906//552 836//552 835//552
f 886//694 887//694 885//694
f 886//694 885//694 882//694
f 830//695 885//695 887//695
f 830//695 887//695 869//695
f 888//696 889//696 890//696
f 888//697 890//697 1299//697
f 826//540 882//540 885//540
f 826//540 885//540 830//540
f 878//552 877//552 876//552
f 878//552 876//552 875//552
f 881//540 882//540 826//540
f 881//540 826//540 880//540
f 826//540 884//540 883//540
f 826//540 883//540 880//540
f 886//552 891//552 892//552
f 886//552 892//552 889//552
f 883//698 893//698 894//698
f 883//698 894//698 880//698
f 895//699 893//699 883//699
f 895//699 883//699 884//699
f 891//700 886//700 882//700
f 891//700 882//700 881//700
f 886//552 889//552 887//552
f 870//552 887//552 889//552
f 870//701 889//701 888//701
f 887//552 870//552 869//552
f 1300//552 1301//552 907//552
f 1300//552 907//552 908//552
f 1314//552 1313//552 1320//552
f 1314//552 1320//552 1301//552
f 911//702 1321//702 1299//702
f 911//703 1299//703 890//703
f 892//704 911//704 890//704
f 892//704 890//704 889//704
f 1319//552 1310//552 907//552
f 1319//552 907//552 1301//552
f 1312//552 1313//552 1314//552
f 1316//552 1317//552 1312//552
f 1316//552 1312//552 1315//552
f 1315//552 1312//552 1318//552
f 888//705 1323//705 871//705
f 888//706 871//706 870//706
f 1324//552 1326//552 1318//552
f 1324//552 1318//552 1312//552
f 1327//552 1326//552 1324//552
f 1327//552 1324//552 1325//552
f 1325//552 1297//552 871//552
f 1325//552 871//552 1323//552
f 1321//707 911//707 1311//707
f 1322//708 1323//708 888//708
f 1322//709 888//709 1299//709
f 1324//552 1297//552 1325//552
f 844//710 909//710 906//710
f 844//710 906//710 835//710
f 906//711 909//711 908//711
f 906//711 908//711 905//711
f 909//552 1300//552 908//552
f 1296//552 1300//552 909//552
f 1296//552 909//552 844//552
f 905//712 908//712 907//712
f 905//713 907//713 900//713
f 1304//714 1305//714 1302//714
f 1304//714 1302//714 1303//714
f 1302//714 1305//714 1306//714
f 1310//715 1307//715 898//715
f 910//716 1309//716 1311//716
f 910//717 1311//717 911//717
f 899//718 910//718 911//718
f 899//718 911//718 892//718
f 1307//719 910//719 899//719
f 1307//720 899//720 898//720
f 1307//721 1308//721 1309//721
f 1307//722 1309//722 910//722
f 1305//723 1308//723 1307//723
f 1305//724 1307//724 1306//724
f 900//725 907//725 1310//725
f 900//726 1310//726 898//726
f 874//552 1261//552 879//552
f 1255//552 1254//552 843//552
f 1255//552 843//552 851//552
f 849//727 851//727 843//727
f 849//727 843//727 850//727
f 852//552 849//552 847//552
f 852//552 847//552 846//552
f 850//552 840//552 847//552
f 850//552 847//552 849//552
f 837//728 836//728 826//728
f 837//728 826//728 834//728
f 846//729 847//729 833//729
f 846//729 833//729 832//729
f 848//730 846//730 832//730
f 848//730 832//730 831//730
f 1256//552 1255//552 851//552
f 1256//552 851//552 853//552
f 858//731 859//731 856//731
f 858//731 856//731 857//731
f 834//732 859//732 858//732
f 834//732 858//732 837//732
f 855//552 1260//552 1256//552
f 855//552 1256//552 853//552
f 854//733 855//733 853//733
f 854//733 853//733 852//733
f 852//734 853//734 851//734
f 852//734 851//734 849//734
f 854//552 852//552 846//552
f 854//552 846//552 848//552
f 833//540 834//540 826//540
f 833//540 826//540 832//540
f 837//552 838//552 835//552
f 837//552 835//552 836//552
f 839//552 838//552 837//552
f 839//552 837//552 840//552
f 831//540 832//540 826//540
f 831//540 826//540 825//540
f 826//540 827//540 824//540
f 826//540 824//540 825//540
f 826//540 829//540 828//540
f 826//540 828//540 827//540
f 829//540 826//540 830//540
f 1258//552 1295//552 845//552
f 1258//552 845//552 842//552
f 839//735 842//735 845//735
f 839//735 845//735 838//735
f 838//736 845//736 844//736
f 838//736 844//736 835//736
f 1295//552 1296//552 844//552
f 1295//552 844//552 845//552
f 841//552 1254//552 1258//552
f 841//552 1258//552 842//552
f 843//552 1254//552 841//552
f 840//737 841//737 842//737
f 840//737 842//737 839//737
f 860//738 861//738 857//738
f 860//738 857//738 856//738
f 869//739 865//739 829//739
f 869//739 829//739 830//739
f 865//740 864//740 828//740
f 865//740 828//740 829//740
f 864//741 868//741 827//741
f 864//741 827//741 828//741
f 1298//552 1261//552 874//552
f 1298//552 874//552 873//552
f 875//552 876//552 868//552
f 875//552 868//552 867//552
f 872//552 1297//552 1298//552
f 872//552 1298//552 873//552
f 871//552 1297//552 872//552
f 848//552 877//552 878//552
f 848//552 878//552 854//552
f 879//552 1261//552 1260//552
f 879//552 1260//552 855//552
f 879//742 878//742 875//742
f 879//742 875//742 874//742
f 878//743 879//743 855//743
f 878//743 855//743 854//743
f 824//744 876//744 877//744
f 824//745 877//745 825//745
f 868//746 876//746 824//746
f 868//746 824//746 827//746
f 877//747 848//747 831//747
f 877//747 831//747 825//747
f 837//552 863//552 847//552
f 837//552 847//552 840//552
f 863//552 837//552 861//552
f 857//552 861//552 837//552
f 857//552 837//552 858//552
f 847//748 863//748 862//748
f 847//748 862//748 833//748
f 862//540 860//540 834//540
f 862//540 834//540 833//540
f 834//540 860//540 856//540
f 834//540 856//540 859//540
f 860//749 862//749 863//749
f 860//749 863//749 861//749
f 870//750 871//750 872//750
f 870//750 872//750 866//750
f 866//751 872//751 873//751
f 866//751 873//751 867//751
f 874//752 875//752 867//752
f 874//752 867//752 873//752
f 869//552 870//552 866//552
f 869//552 866//552 865//552
f 850//753 843//753 841//753
f 850//753 841//753 840//753
f 866//552 867//552 864//552
f 866//552 864//552 865//552
f 864//552 867//552 868//552
f 1249//754 1248//754 921//754
f 1249//594 921//594 967//594
f 966//755 969//755 1249//755
f 966//755 1249//755 967//755
f 928//756 1301//756 1300//756
f 928//757 1300//757 962//757
f 921//552 1248//552 1252//552
f 921//552 1252//552 1251//552
f 959//552 968//552 965//552
f 959//552 965//552 956//552
f 968//758 969//758 966//758
f 968//758 966//758 965//758
f 970//759 971//759 969//759
f 970//759 969//759 968//759
f 973//760 974//760 958//760
f 973//761 958//761 955//761
f 955//762 1304//762 1303//762
f 955//763 1303//763 973//763
f 974//758 973//758 960//758
f 974//758 960//758 963//758
f 962//764 1300//764 1296//764
f 962//765 1296//765 972//765
f 928//540 962//540 961//540
f 928//540 961//540 929//540
f 1303//766 1302//766 929//766
f 1303//767 929//767 961//767
f 1302//768 1306//768 1328//768
f 1302//769 1328//769 929//769
f 944//552 941//552 939//552
f 954//770 953//770 937//770
f 954//771 937//771 934//771
f 1233//772 953//772 954//772
f 1233//773 954//773 917//773
f 957//774 1304//774 955//774
f 957//775 955//775 956//775
f 954//552 934//552 915//552
f 954//552 915//552 917//552
f 1231//776 1232//776 952//776
f 1231//777 952//777 951//777
f 953//552 1230//552 950//552
f 953//552 950//552 937//552
f 953//552 1233//552 1230//552
f 965//778 966//778 967//778
f 965//778 967//778 964//778
f 964//779 967//779 921//779
f 964//779 921//779 944//779
f 957//552 964//552 944//552
f 957//552 944//552 939//552
f 956//552 965//552 964//552
f 956//552 964//552 957//552
f 939//780 1305//780 1304//780
f 939//781 1304//781 957//781
f 958//782 959//782 956//782
f 958//782 956//782 955//782
f 962//540 963//540 960//540
f 962//540 960//540 961//540
f 987//783 988//783 985//783
f 987//783 985//783 986//783
f 988//784 987//784 981//784
f 988//784 981//784 980//784
f 986//785 985//785 959//785
f 986//785 959//785 958//785
f 980//552 1241//552 1242//552
f 980//552 1242//552 984//552
f 971//786 983//786 1249//786
f 971//786 1249//786 969//786
f 1243//552 1247//552 1249//552
f 1243//787 1249//787 983//787
f 1242//788 1243//788 983//788
f 1242//788 983//788 984//788
f 975//789 987//789 986//789
f 975//790 986//790 974//790
f 986//791 958//791 974//791
f 982//792 981//792 987//792
f 982//793 987//793 975//793
f 984//794 983//794 971//794
f 984//794 971//794 970//794
f 985//552 988//552 970//552
f 985//552 970//552 968//552
f 985//552 968//552 959//552
f 988//552 980//552 984//552
f 988//552 984//552 970//552
f 1247//795 1246//795 1250//795
f 1247//795 1250//795 1249//795
f 1250//796 1246//796 977//796
f 1250//797 977//797 979//797
f 1250//798 979//798 1257//798
f 972//540 976//540 963//540
f 972//540 963//540 962//540
f 977//799 1246//799 1245//799
f 977//800 1245//800 978//800
f 963//759 976//759 975//759
f 963//759 975//759 974//759
f 973//801 1303//801 961//801
f 973//778 961//778 960//778
f 977//540 978//540 976//540
f 977//540 976//540 972//540
f 1244//802 1240//802 981//802
f 1244//803 981//803 982//803
f 976//794 978//794 982//794
f 976//804 982//804 975//804
f 978//788 1245//788 1244//788
f 978//788 1244//788 982//788
f 1240//805 1241//805 980//805
f 1240//805 980//805 981//805
f 977//806 1296//806 1295//806
f 977//807 1295//807 979//807
f 972//808 1296//808 977//808
f 1295//809 1258//809 1257//809
f 1295//810 1257//810 979//810
f 952//811 1232//811 916//811
f 952//812 916//812 920//812
f 1314//813 1301//813 928//813
f 1314//814 928//814 926//814
f 1324//815 1312//815 924//815
f 1324//816 924//816 919//816
f 919//540 924//540 923//540
f 919//540 923//540 920//540
f 924//817 1312//817 1314//817
f 924//818 1314//818 926//818
f 1328//819 1329//819 926//819
f 1328//819 926//819 928//819
f 927//820 926//820 1329//820
f 929//821 1328//821 928//821
f 932//552 915//552 933//552
f 915//552 934//552 935//552
f 915//552 935//552 933//552
f 934//822 937//822 936//822
f 934//822 936//822 935//822
f 915//552 932//552 931//552
f 915//552 931//552 930//552
f 922//823 1318//823 1326//823
f 922//824 1326//824 923//824
f 925//825 1315//825 1318//825
f 925//826 1318//826 922//826
f 921//552 915//552 930//552
f 926//540 927//540 925//540
f 926//540 925//540 924//540
f 913//827 1234//827 1238//827
f 913//828 1238//828 918//828
f 1238//829 1237//829 1261//829
f 1238//829 1261//829 1298//829
f 918//830 1297//830 1324//830
f 918//831 1324//831 919//831
f 918//832 1238//832 1298//832
f 918//833 1298//833 1297//833
f 914//834 915//834 912//834
f 914//834 912//834 913//834
f 916//835 917//835 915//835
f 916//835 915//835 914//835
f 1235//836 1234//836 913//836
f 1235//836 913//836 912//836
f 921//552 1253//552 1259//552
f 921//552 1259//552 1239//552
f 1251//552 1253//552 921//552
f 924//540 925//540 922//540
f 924//540 922//540 923//540
f 921//837 1235//837 912//837
f 921//552 912//552 915//552
f 918//540 919//540 914//540
f 918//540 914//540 913//540
f 919//540 920//540 916//540
f 919//540 916//540 914//540
f 921//552 1239//552 1236//552
f 921//552 1236//552 1235//552
f 948//838 950//838 951//838
f 948//838 951//838 949//838
f 937//552 950//552 948//552
f 937//552 948//552 936//552
f 945//552 936//552 948//552
f 949//839 1322//839 948//839
f 933//840 947//840 943//840
f 933//840 943//840 932//840
f 945//552 946//552 947//552
f 945//552 947//552 936//552
f 1322//841 1321//841 945//841
f 1322//842 945//842 948//842
f 1232//843 1233//843 917//843
f 1232//844 917//844 916//844
f 923//845 1326//845 1327//845
f 923//846 1327//846 920//846
f 1327//847 1325//847 952//847
f 1327//848 952//848 920//848
f 950//849 1230//849 1231//849
f 950//849 1231//849 951//849
f 952//850 1325//850 1323//850
f 952//851 1323//851 1322//851
f 952//852 1322//852 949//852
f 952//540 949//540 951//540
f 1299//853 1321//853 1322//853
f 935//854 936//854 947//854
f 935//854 947//854 933//854
f 931//855 942//855 941//855
f 931//855 941//855 930//855
f 932//856 943//856 942//856
f 932//856 942//856 931//856
f 930//857 941//857 944//857
f 930//857 944//857 921//857
f 942//552 943//552 940//552
f 942//552 940//552 938//552
f 938//858 1308//858 1305//858
f 938//859 1305//859 939//859
f 940//860 1309//860 1308//860
f 940//861 1308//861 938//861
f 941//552 942//552 938//552
f 941//552 938//552 939//552
f 945//862 1321//862 1311//862
f 945//863 1311//863 946//863
f 946//864 1311//864 1309//864
f 946//865 1309//865 940//865
f 943//552 947//552 946//552
f 943//552 946//552 940//552
f 1328//866 1320//866 1313//866
f 1328//866 1313//866 1329//866
f 927//867 1316//867 1315//867
f 927//868 1315//868 925//868
f 1329//869 1317//869 1316//869
f 1329//870 1316//870 927//870
f 1319//866 1328//866 1306//866
f 1319//871 1306//871 1307//871
f 1017//872 1018//872 1357//872
f 1017//873 1357//873 1016//873
f 1011//874 1015//874 998//874
f 1011//874 998//874 997//874
f 1015//688 1011//688 1010//688
f 1015//688 1010//688 1001//688
f 1016//875 1357//875 1358//875
f 1016//876 1358//876 1359//876
f 1016//877 1359//877 1017//877
f 1019//878 1017//878 1359//878
f 1018//879 1017//879 1019//879
f 1018//879 1019//879 994//879
f 1014//880 1009//880 1000//880
f 1014//880 1000//880 999//880
f 1009//881 1014//881 1012//881
f 1009//881 1012//881 1007//881
f 1008//882 1013//882 1004//882
f 1008//882 1004//882 1006//882
f 1013//552 1012//552 1001//552
f 1013//552 1001//552 1004//552
f 1014//552 1001//552 1012//552
f 1015//552 1001//552 998//552
f 1001//552 1014//552 999//552
f 1001//552 999//552 998//552
f 990//552 1020//552 1018//552
f 990//552 1018//552 994//552
f 1010//540 1356//540 1362//540
f 1010//540 1362//540 993//540
f 1023//540 1365//540 1363//540
f 1023//540 1363//540 1021//540
f 1023//540 1021//540 989//540
f 1023//540 989//540 992//540
f 1362//540 1022//540 991//540
f 1362//540 991//540 993//540
f 1334//883 994//883 1019//883
f 1334//884 1019//884 1001//884
f 993//885 1334//885 1001//885
f 993//886 1001//886 1010//886
f 1359//887 1351//887 1001//887
f 1359//888 1001//888 1019//888
f 989//889 1021//889 1020//889
f 989//889 1020//889 990//889
f 1358//890 1361//890 1362//890
f 1358//890 1362//890 1359//890
f 1360//552 1357//552 1018//552
f 1360//552 1018//552 1020//552
f 1021//891 1363//891 1360//891
f 1021//891 1360//891 1020//891
f 1362//540 1361//540 1364//540
f 1362//892 1364//892 1022//892
f 1022//872 1364//872 1365//872
f 1022//872 1365//872 1023//872
f 991//879 1022//879 1023//879
f 991//879 1023//879 992//879
f 999//893 1000//893 996//893
f 999//893 996//893 995//893
f 995//552 998//552 999//552
f 997//894 998//894 995//894
f 997//894 995//894 996//894
f 1340//895 1341//895 1338//895
f 1340//895 1338//895 1339//895
f 1344//896 1345//896 1265//896
f 1344//896 1265//896 1264//896
f 1343//897 1344//897 1264//897
f 1343//898 1264//898 1263//898
f 1342//899 1343//899 1263//899
f 1342//899 1263//899 1262//899
f 991//900 1332//900 993//900
f 992//901 1333//901 1332//901
f 992//901 1332//901 991//901
f 1330//902 1331//902 989//902
f 1330//902 989//902 990//902
f 989//540 1331//540 1333//540
f 989//540 1333//540 992//540
f 1337//903 1334//903 993//903
f 1337//904 993//904 1332//904
f 994//552 1336//552 1330//552
f 994//552 1330//552 990//552
f 1334//901 1335//901 1336//901
f 1334//901 1336//901 994//901
f 1265//552 1345//552 1342//552
f 1265//552 1342//552 1262//552
f 1005//605 1354//605 1356//605
f 1005//540 1356//540 1006//540
f 1356//540 1007//540 1008//540
f 1356//540 1008//540 1006//540
f 1353//905 1355//905 1354//905
f 1353//906 1354//906 1002//906
f 1009//540 1007//540 1356//540
f 1009//540 1356//540 1000//540
f 1007//907 1012//907 1013//907
f 1007//907 1013//907 1008//907
f 1356//540 1010//540 1011//540
f 1356//540 1011//540 997//540
f 996//540 1000//540 1356//540
f 996//540 1356//540 997//540
f 1351//552 1352//552 1350//552
f 1351//887 1350//887 1001//887
f 1001//908 1350//908 1349//908
f 1001//908 1349//908 1348//908
f 1001//908 1348//908 1346//908
f 1001//908 1346//908 1347//908
f 1001//754 1347//754 1353//754
f 1001//909 1353//909 1002//909
f 1003//910 1005//910 1006//910
f 1003//910 1006//910 1004//910
f 1002//911 1354//911 1005//911
f 1002//912 1005//912 1003//912
f 1003//552 1004//552 1001//552
f 1003//552 1001//552 1002//552
f 1077//552 1078//552 1292//552
f 1077//552 1292//552 1070//552
f 1079//552 1080//552 1292//552
f 1079//552 1292//552 1078//552
f 1076//540 1075//540 1073//540
f 1076//540 1073//540 1074//540
f 1293//540 1371//540 1368//540
f 1293//540 1368//540 1076//540
f 1267//540 1266//540 1076//540
f 1267//540 1076//540 1074//540
f 1081//552 1292//552 1080//552
f 1083//913 1038//913 1034//913
f 1083//913 1034//913 1033//913
f 1041//914 1086//914 1087//914
f 1041//914 1087//914 1042//914
f 1035//915 1084//915 1085//915
f 1035//915 1085//915 1036//915
f 1292//552 1081//552 1082//552
f 1292//552 1082//552 1072//552
f 1038//916 1083//916 1084//916
f 1038//916 1084//916 1035//916
f 1290//540 1293//540 1076//540
f 1290//540 1076//540 1291//540
f 1292//552 1294//552 1071//552
f 1292//552 1071//552 1068//552
f 1072//552 1369//552 1370//552
f 1072//552 1370//552 1292//552
f 1069//552 1070//552 1292//552
f 1069//552 1292//552 1068//552
f 1365//917 1066//917 1067//917
f 1365//918 1067//918 1368//918
f 1366//919 1066//919 1365//919
f 1366//918 1365//918 1364//918
f 1294//920 1074//920 1073//920
f 1294//921 1073//921 1071//921
f 1289//540 1288//540 1076//540
f 1289//540 1076//540 1287//540
f 1291//540 1076//540 1288//540
f 1076//540 1266//540 1286//540
f 1076//540 1286//540 1287//540
f 1071//922 1073//922 1075//922
f 1071//922 1075//922 1068//922
f 1268//923 1267//923 1074//923
f 1268//924 1074//924 1294//924
f 1040//925 1088//925 1086//925
f 1040//925 1086//925 1041//925
f 1076//540 1095//540 1091//540
f 1076//540 1091//540 1090//540
f 1076//540 1097//540 1096//540
f 1076//540 1096//540 1095//540
f 1094//540 1093//540 1076//540
f 1094//540 1076//540 1090//540
f 1077//926 1094//926 1090//926
f 1077//926 1090//926 1078//926
f 1076//540 1093//540 1092//540
f 1076//540 1092//540 1075//540
f 1080//927 1095//927 1096//927
f 1080//927 1096//927 1081//927
f 1067//928 1369//928 1072//928
f 1067//929 1072//929 1076//929
f 1368//930 1067//930 1076//930
f 1082//931 1097//931 1076//931
f 1082//931 1076//931 1072//931
f 1079//932 1091//932 1095//932
f 1079//932 1095//932 1080//932
f 1081//933 1096//933 1097//933
f 1081//933 1097//933 1082//933
f 1070//934 1093//934 1094//934
f 1070//934 1094//934 1077//934
f 1024//552 1088//552 1089//552
f 1024//552 1089//552 1085//552
f 1086//552 1088//552 1024//552
f 1086//552 1024//552 1087//552
f 1024//552 1085//552 1084//552
f 1024//552 1084//552 1083//552
f 1042//935 1087//935 1024//935
f 1042//935 1024//935 1043//935
f 1024//552 1083//552 1033//552
f 1024//552 1033//552 1028//552
f 1039//936 1089//936 1088//936
f 1039//936 1088//936 1040//936
f 1069//937 1092//937 1093//937
f 1069//937 1093//937 1070//937
f 1068//938 1075//938 1092//938
f 1068//938 1092//938 1069//938
f 1367//918 1369//918 1067//918
f 1367//939 1067//939 1066//939
f 1036//940 1085//940 1089//940
f 1036//940 1089//940 1039//940
f 1078//941 1090//941 1091//941
f 1078//941 1091//941 1079//941
f 1050//552 1024//552 1049//552
f 1051//552 1052//552 1024//552
f 1051//552 1024//552 1050//552
f 1048//552 1049//552 1024//552
f 1048//552 1024//552 1047//552
f 1025//938 1032//938 1044//938
f 1025//938 1044//938 1026//938
f 1046//552 1047//552 1024//552
f 1046//552 1024//552 1027//552
f 1053//934 1046//934 1027//934
f 1053//934 1027//934 1045//934
f 1037//540 1055//540 1056//540
f 1037//540 1056//540 1054//540
f 1037//540 1057//540 1058//540
f 1037//540 1058//540 1055//540
f 1037//540 1054//540 1053//540
f 1037//540 1053//540 1045//540
f 1046//926 1053//926 1054//926
f 1046//926 1054//926 1047//926
f 1026//937 1044//937 1045//937
f 1026//937 1045//937 1027//937
f 1037//540 1045//540 1044//540
f 1037//540 1044//540 1032//540
f 1029//922 1031//922 1032//922
f 1029//922 1032//922 1025//922
f 1033//942 1034//942 1030//942
f 1033//942 1030//942 1028//942
f 1028//943 1030//943 1031//943
f 1028//943 1031//943 1029//943
f 1026//552 1027//552 1024//552
f 1026//552 1024//552 1025//552
f 1024//552 1028//552 1029//552
f 1024//552 1029//552 1025//552
f 1037//540 1038//540 1035//540
f 1037//540 1035//540 1036//540
f 1034//540 1038//540 1037//540
f 1034//540 1037//540 1030//540
f 1037//540 1032//540 1031//540
f 1037//540 1031//540 1030//540
f 1042//540 1043//540 1037//540
f 1042//540 1037//540 1041//540
f 1039//540 1040//540 1037//540
f 1039//540 1037//540 1036//540
f 1041//540 1037//540 1040//540
f 1050//933 1058//933 1057//933
f 1050//933 1057//933 1051//933
f 1064//540 1356//540 1063//540
f 1065//944 1366//944 1361//944
f 1065//918 1361//918 1358//918
f 1062//553 1356//553 1060//553
f 1356//540 1354//540 1355//540
f 1356//540 1355//540 1063//540
f 1356//540 1064//540 1061//540
f 1356//540 1061//540 1060//540
f 1065//944 1358//944 1357//944
f 1065//945 1357//945 1367//945
f 1051//931 1057//931 1037//931
f 1051//931 1037//931 1052//931
f 1037//946 1366//946 1065//946
f 1037//947 1065//947 1052//947
f 1024//948 1367//948 1066//948
f 1024//949 1066//949 1043//949
f 1043//540 1066//540 1366//540
f 1043//540 1366//540 1037//540
f 1052//552 1065//552 1367//552
f 1052//552 1367//552 1024//552
f 1359//950 1362//950 1356//950
f 1359//950 1356//950 1351//950
f 1059//951 1349//951 1350//951
f 1059//952 1350//952 1060//952
f 1059//540 1060//540 1061//540
f 1047//941 1054//941 1056//941
f 1047//941 1056//941 1048//941
f 1049//927 1055//927 1058//927
f 1049//927 1058//927 1050//927
f 1048//932 1056//932 1055//932
f 1048//932 1055//932 1049//932
f 1061//953 1348//953 1349//953
f 1061//954 1349//954 1059//954
f 1355//955 1353//955 1347//955
f 1355//955 1347//955 1063//955
f 1351//956 1356//956 1062//956
f 1351//957 1062//957 1352//957
f 1064//958 1346//958 1348//958
f 1064//959 1348//959 1061//959
f 1060//960 1350//960 1352//960
f 1060//961 1352//961 1062//961
f 1063//962 1347//962 1346//962
f 1063//916 1346//916 1064//916
f 1222//918 1368//918 1371//918
f 1222//918 1371//918 1101//918
f 1104//918 1105//918 1106//918
f 1104//918 1106//918 1103//918
f 1102//918 1223//918 1222//918
f 1102//918 1222//918 1104//918
f 1105//918 1104//918 1222//918
f 1105//918 1222//918 1101//918
f 1279//638 1284//638 1277//638
f 1279//638 1277//638 1280//638
f 1101//540 1278//540 1280//540
f 1101//540 1280//540 1105//540
f 1280//963 1106//963 1105//963
f 1280//964 1277//964 1374//964
f 1280//965 1374//965 1106//965
f 1104//540 1272//540 1274//540
f 1104//540 1274//540 1102//540
f 1372//552 1269//552 1375//552
f 1271//552 1373//552 1375//552
f 1271//552 1375//552 1269//552
f 1374//552 1277//552 1282//552
f 1374//552 1282//552 1098//552
f 1099//966 1098//966 1282//966
f 1374//918 1098//918 1227//918
f 1374//918 1227//918 1375//918
f 1370//918 1369//918 1227//918
f 1370//918 1227//918 1098//918
f 1374//918 1373//918 1103//918
f 1374//918 1103//918 1106//918
f 1372//918 1375//918 1227//918
f 1372//918 1227//918 1214//918
f 1099//966 1282//966 1278//966
f 1099//966 1278//966 1101//966
f 1099//918 1100//918 1370//918
f 1099//918 1370//918 1098//918
f 1226//552 1227//552 1357//552
f 1226//552 1357//552 1360//552
f 1100//967 1293//967 1292//967
f 1100//967 1292//967 1370//967
f 1101//918 1371//918 1100//918
f 1101//918 1100//918 1099//918
f 1365//918 1368//918 1222//918
f 1363//968 1224//968 1226//968
f 1363//968 1226//968 1360//968
f 1227//918 1369//918 1367//918
f 1227//918 1367//918 1357//918
f 1365//540 1222//540 1224//540
f 1365//540 1224//540 1363//540
f 1293//967 1100//967 1371//967
f 1272//969 1103//969 1373//969
f 1272//970 1373//970 1271//970
f 1270//971 1285//971 1272//971
f 1270//971 1272//971 1271//971
f 1278//971 1282//971 1281//971
f 1278//971 1281//971 1283//971
f 1104//972 1103//972 1272//972
f 1229//971 1228//971 1276//971
f 1229//971 1276//971 1212//971
f 1102//918 1372//918 1225//918
f 1102//918 1225//918 1223//918
f 1274//973 1269//973 1372//973
f 1274//973 1372//973 1102//973
f 1269//638 1274//638 1273//638
f 1269//638 1273//638 1275//638
f 1182//974 1144//974 1186//974
f 1182//975 1186//975 1185//975
f 1185//976 1184//976 1378//976
f 1185//977 1378//977 1182//977
f 1183//978 1378//978 1184//978
f 1145//979 1144//979 1182//979
f 1145//980 1182//980 1136//980
f 1178//981 1185//981 1186//981
f 1178//981 1186//981 1177//981
f 1177//982 1186//982 1144//982
f 1177//982 1144//982 1143//982
f 1117//540 1143//540 1146//540
f 1117//540 1146//540 1122//540
f 1191//983 1192//983 1190//983
f 1191//983 1190//983 1189//983
f 1339//984 1338//984 1193//984
f 1339//984 1193//984 1194//984
f 1197//985 1198//985 1195//985
f 1197//985 1195//985 1196//985
f 1341//986 1340//986 1188//986
f 1341//987 1188//987 1187//987
f 1333//988 1377//988 1378//988
f 1333//989 1378//989 1183//989
f 1176//990 1377//990 1333//990
f 1176//603 1333//603 1331//603
f 1189//991 1190//991 1187//991
f 1189//991 1187//991 1188//991
f 1117//992 1184//992 1185//992
f 1117//992 1185//992 1178//992
f 1175//552 1330//552 1336//552
f 1175//552 1336//552 1179//552
f 1181//552 1180//552 1140//552
f 1181//552 1140//552 1133//552
f 1140//552 1137//552 1133//552
f 1175//552 1179//552 1376//552
f 1175//993 1376//993 1377//993
f 1175//993 1377//993 1176//993
f 1117//540 1178//540 1177//540
f 1117//540 1177//540 1143//540
f 1180//552 1181//552 1376//552
f 1180//552 1376//552 1179//552
f 1136//994 1182//994 1181//994
f 1136//994 1181//994 1133//994
f 1333//995 1183//995 1184//995
f 1333//996 1184//996 1117//996
f 1117//997 1332//997 1333//997
f 1182//998 1378//998 1376//998
f 1182//998 1376//998 1181//998
f 1107//981 1180//981 1179//981
f 1107//981 1179//981 1108//981
f 1336//999 1335//999 1108//999
f 1336//999 1108//999 1179//999
f 1110//982 1140//982 1180//982
f 1110//982 1180//982 1107//982
f 1109//1000 1204//1000 1171//1000
f 1109//1000 1171//1000 1170//1000
f 1109//1001 1201//1001 1204//1001
f 1204//1002 1201//1002 1343//1002
f 1204//1003 1343//1003 1342//1003
f 1171//552 1204//552 1203//552
f 1171//552 1203//552 1161//552
f 1203//1004 1345//1004 1344//1004
f 1203//1004 1344//1004 1202//1004
f 1161//1005 1203//1005 1202//1005
f 1161//1005 1202//1005 1160//1005
f 1342//552 1345//552 1203//552
f 1342//552 1203//552 1204//552
f 1205//1000 1200//1000 1126//1000
f 1205//1000 1126//1000 1165//1000
f 1202//1006 1344//1006 1343//1006
f 1202//1007 1343//1007 1205//1007
f 1160//1008 1202//1008 1205//1008
f 1160//1009 1205//1009 1165//1009
f 1125//1010 1164//1010 1165//1010
f 1125//1010 1165//1010 1126//1010
f 1343//1011 1201//1011 1199//1011
f 1199//1012 1201//1012 1192//1012
f 1199//1012 1192//1012 1191//1012
f 1200//1003 1205//1003 1343//1003
f 1200//1013 1343//1013 1199//1013
f 1335//1014 1337//1014 1195//1014
f 1335//1015 1195//1015 1198//1015
f 1191//540 1117//540 1199//540
f 1200//540 1199//540 1117//540
f 1200//540 1117//540 1126//540
f 1117//1016 1339//1016 1194//1016
f 1117//540 1194//540 1197//540
f 1340//1017 1339//1017 1117//1017
f 1340//1018 1117//1018 1188//1018
f 1337//1019 1332//1019 1196//1019
f 1337//1019 1196//1019 1195//1019
f 1198//1020 1197//1020 1194//1020
f 1198//1020 1194//1020 1193//1020
f 1117//540 1191//540 1189//540
f 1117//540 1189//540 1188//540
f 1335//1021 1201//1021 1109//1021
f 1335//1022 1109//1022 1108//1022
f 1109//552 1170//552 1168//552
f 1109//552 1168//552 1167//552
f 1193//1023 1338//1023 1335//1023
f 1193//1024 1335//1024 1198//1024
f 1192//786 1201//786 1335//786
f 1196//1025 1332//1025 1117//1025
f 1196//540 1117//540 1197//540
f 1190//786 1192//786 1335//786
f 1190//1026 1335//1026 1187//1026
f 1335//552 1338//552 1341//552
f 1335//1027 1341//1027 1187//1027
f 1137//552 1138//552 1134//552
f 1137//552 1134//552 1133//552
f 1138//552 1139//552 1131//552
f 1138//552 1131//552 1134//552
f 1145//1028 1146//1028 1143//1028
f 1145//1028 1143//1028 1144//1028
f 1139//552 1141//552 1127//552
f 1139//552 1127//552 1131//552
f 1116//1029 1142//1029 1141//1029
f 1116//1029 1141//1029 1114//1029
f 1114//1030 1141//1030 1139//1030
f 1114//1030 1139//1030 1113//1030
f 1141//552 1142//552 1128//552
f 1141//552 1128//552 1127//552
f 1118//1029 1148//1029 1151//1029
f 1118//1029 1151//1029 1119//1029
f 1148//1031 1149//1031 1132//1031
f 1148//1032 1132//1032 1130//1032
f 1151//1033 1148//1033 1130//1033
f 1119//1034 1151//1034 1150//1034
f 1119//1034 1150//1034 1120//1034
f 1146//1035 1145//1035 1147//1035
f 1146//1036 1147//1036 1122//1036
f 1121//1030 1149//1030 1148//1030
f 1121//1030 1148//1030 1118//1030
f 1122//1037 1147//1037 1149//1037
f 1122//1037 1149//1037 1121//1037
f 1111//1028 1137//1028 1140//1028
f 1111//1028 1140//1028 1110//1028
f 1119//540 1120//540 1117//540
f 1119//540 1117//540 1118//540
f 1117//540 1122//540 1121//540
f 1117//540 1121//540 1118//540
f 1123//540 1124//540 1117//540
f 1123//540 1117//540 1120//540
f 1109//552 1115//552 1116//552
f 1109//552 1116//552 1114//552
f 1109//552 1110//552 1107//552
f 1109//552 1107//552 1108//552
f 1109//552 1112//552 1111//552
f 1109//552 1111//552 1110//552
f 1109//552 1114//552 1113//552
f 1109//552 1113//552 1112//552
f 1132//1038 1135//1038 1134//1038
f 1132//1038 1134//1038 1131//1038
f 1112//1036 1138//1036 1137//1036
f 1112//1036 1137//1036 1111//1036
f 1113//1037 1139//1037 1138//1037
f 1113//1037 1138//1037 1112//1037
f 1135//1039 1136//1039 1133//1039
f 1135//1039 1133//1039 1134//1039
f 1125//540 1126//540 1117//540
f 1125//540 1117//540 1124//540
f 1129//1040 1130//1040 1127//1040
f 1129//1040 1127//1040 1128//1040
f 1130//1041 1132//1041 1131//1041
f 1130//1041 1131//1041 1127//1041
f 1109//552 1167//552 1173//552
f 1109//552 1173//552 1115//552
f 1173//1042 1172//1042 1174//1042
f 1173//1042 1174//1042 1115//1042
f 1115//1034 1174//1034 1142//1034
f 1115//1034 1142//1034 1116//1034
f 1172//1043 1173//1043 1167//1043
f 1172//1043 1167//1043 1166//1043
f 1157//1044 1162//1044 1152//1044
f 1168//1045 1169//1045 1166//1045
f 1168//1045 1166//1045 1167//1045
f 1170//1010 1171//1010 1169//1010
f 1170//1010 1169//1010 1168//1010
f 1169//552 1171//552 1161//552
f 1156//552 1172//552 1166//552
f 1156//552 1166//552 1159//552
f 1331//1046 1330//1046 1175//1046
f 1331//1046 1175//1046 1176//1046
f 1159//552 1166//552 1169//552
f 1159//552 1169//552 1161//552
f 1155//552 1174//552 1172//552
f 1155//552 1172//552 1156//552
f 1154//552 1174//552 1155//552
f 1142//552 1174//552 1154//552
f 1142//552 1154//552 1128//552
f 1152//1047 1162//1047 1163//1047
f 1152//1048 1163//1048 1153//1048
f 1128//1049 1154//1049 1153//1049
f 1128//1049 1153//1049 1129//1049
f 1155//1050 1156//1050 1157//1050
f 1155//1050 1157//1050 1152//1050
f 1156//1051 1159//1051 1158//1051
f 1156//1051 1158//1051 1157//1051
f 1154//1052 1155//1052 1152//1052
f 1154//1052 1152//1052 1153//1052
f 1129//1053 1150//1053 1151//1053
f 1129//1054 1151//1054 1130//1054
f 1147//1055 1145//1055 1136//1055
f 1147//1056 1136//1056 1135//1056
f 1149//1057 1147//1057 1135//1057
f 1149//1058 1135//1058 1132//1058
f 1153//1059 1163//1059 1150//1059
f 1153//1060 1150//1060 1129//1060
f 1164//1061 1162//1061 1157//1061
f 1164//1062 1157//1062 1158//1062
f 1165//1063 1164//1063 1158//1063
f 1165//1064 1158//1064 1160//1064
f 1120//1042 1150//1042 1163//1042
f 1120//1042 1163//1042 1123//1042
f 1159//1065 1161//1065 1160//1065
f 1159//1065 1160//1065 1158//1065
f 1123//1043 1163//1043 1162//1043
f 1123//1043 1162//1043 1124//1043
f 1124//1045 1162//1045 1164//1045
f 1124//1045 1164//1045 1125//1045
o Turret_01_havok_s_surveyingDevice_0
v 0.955145 2.407404 -0.207452
v 0.962488 2.394621 -0.171427
v 0.830737 2.416479 -0.027325
v 0.940053 2.416479 -0.216749
v 0.904974 2.429390 -0.205128
v 0.880908 2.394621 -0.029649
v 0.654525 2.416479 0.074941
v 0.463222 2.394621 0.116777
v 0.435485 2.407404 0.092373
v 0.654525 2.407404 0.092373
v 0.626788 2.394621 0.116777
v 0.463222 2.429390 0.050537
v 0.127523 2.394621 -0.171427
v 0.149957 2.416479 -0.216749
v 0.244589 2.407404 -0.018028
v 0.266615 2.429390 -0.063350
v 0.149957 2.416479 -0.420119
v 0.259273 2.416479 -0.027325
v 0.244589 2.407404 -0.617678
v 0.259273 2.416479 -0.609544
v 0.127523 2.394621 -0.464279
v 0.830737 2.416479 -0.609544
v 0.823395 2.429390 -0.573518
v 0.845421 2.407404 -0.617678
v 0.880908 2.394621 -0.606057
v 0.940053 2.416479 -0.420119
v 0.962488 2.394621 -0.464279
v 0.468116 2.583677 -0.503791
v 0.621894 2.583677 -0.503791
v 0.621894 2.539832 -0.453820
v 0.468116 2.539832 -0.453820
v 0.621894 2.539832 -0.510764
v 0.621894 2.583677 -0.510764
v 0.468116 2.539832 -0.510764
v 0.468116 2.583677 -0.510764
v 0.512169 2.322015 -0.988393
v 0.305366 2.322015 -0.988393
v 0.305366 2.361642 -1.029067
v 0.512169 2.361642 -1.029067
v 0.305366 2.361258 -1.072065
v 0.512169 2.361258 -1.072065
v 0.626788 2.394621 -0.752484
v 0.463222 2.394621 -0.752484
v 0.435485 2.407404 -0.728079
v 0.654525 2.407404 -0.728079
v 0.823319 2.429361 -0.063087
v 0.889570 2.427096 -0.182034
v 0.902190 2.423790 -0.210015
v 0.845611 2.407465 -0.018210
v 0.935331 2.388256 -0.121801
v 0.901182 2.388256 -0.062651
v 0.821945 2.412514 -0.037664
v 0.817522 2.424069 -0.062850
v 0.834331 2.399159 -0.016634
v 0.823648 2.406219 -0.023776
v 0.847337 2.428124 -0.106978
v 0.879355 2.382152 -0.022335
v 0.839336 2.395796 -0.013429
v 0.948877 2.387562 -0.144978
v 0.968648 2.381487 -0.176723
v 0.960045 2.383635 -0.162706
v 0.956112 2.394933 -0.216142
v 0.939156 2.405387 -0.224599
v 0.924291 2.412274 -0.218794
v 0.626711 2.429361 0.050425
v 0.435581 2.416453 0.075034
v 0.553479 2.428478 0.049606
v 0.593557 2.426686 0.047947
v 0.536532 2.428478 0.049606
v 0.460356 2.424341 0.045776
v 0.517154 2.426993 0.048231
v 0.614463 2.425050 0.046432
v 0.630092 2.423596 0.045085
v 0.436072 2.410475 0.066056
v 0.660873 2.405751 0.070152
v 0.661954 2.395402 0.089022
v 0.655938 2.392625 0.095716
v 0.511015 2.388503 0.118023
v 0.579000 2.388503 0.118023
v 0.594748 2.387295 0.118271
v 0.634059 2.382027 0.119355
v 0.455536 2.381319 0.119500
v 0.442438 2.387401 0.105481
v 0.428496 2.396106 0.089206
v 0.209228 2.394557 -0.029911
v 0.134976 2.407465 -0.207739
v 0.184986 2.429361 -0.204606
v 0.150767 2.406312 -0.223905
v 0.187482 2.424454 -0.209370
v 0.133988 2.395983 -0.215438
v 0.121845 2.382513 -0.176307
v 0.131910 2.393976 -0.209001
v 0.191623 2.425494 -0.200273
v 0.200440 2.427095 -0.182034
v 0.233975 2.428124 -0.122044
v 0.141133 2.387559 -0.144976
v 0.154678 2.388253 -0.121801
v 0.188830 2.388253 -0.062649
v 0.210726 2.381541 -0.021962
v 0.251101 2.395002 -0.013104
v 0.201806 2.383992 -0.038420
v 0.242674 2.428124 -0.106977
v 0.150768 2.406308 -0.412326
v 0.133987 2.395977 -0.420792
v 0.134976 2.407465 -0.428496
v 0.266883 2.405469 -0.023556
v 0.270236 2.414694 -0.044490
v 0.273366 2.423267 -0.062814
v 0.429275 2.402413 0.078735
v 0.429769 2.406798 0.070630
v 0.184986 2.429361 -0.431629
v 0.266691 2.429361 -0.573147
v 0.200433 2.427091 -0.454180
v 0.191613 2.425488 -0.435934
v 0.233967 2.428120 -0.514167
v 0.266271 2.406350 -0.612420
v 0.272684 2.423889 -0.573393
v 0.243567 2.427847 -0.530289
v 0.209228 2.394557 -0.606324
v 0.210763 2.381219 -0.614469
v 0.250759 2.395638 -0.622870
v 0.121840 2.382501 -0.459922
v 0.141110 2.387544 -0.491225
v 0.191296 2.386340 -0.578645
v 0.154647 2.388237 -0.514385
v 0.187484 2.424451 -0.426862
v 0.131922 2.393983 -0.427190
v 0.823851 2.406510 -0.612374
v 0.817577 2.424119 -0.573383
v 0.626711 2.429361 -0.686659
v 0.629665 2.424324 -0.681994
v 0.572967 2.426972 -0.684447
v 0.553506 2.428468 -0.685832
v 0.905025 2.429361 -0.431629
v 0.847343 2.428120 -0.529238
v 0.898397 2.425488 -0.435935
v 0.889577 2.427091 -0.454180
v 0.856044 2.428120 -0.514166
v 0.879360 2.382203 -0.613869
v 0.839380 2.395878 -0.622772
v 0.901203 2.388239 -0.573552
v 0.955035 2.407465 -0.428496
v 0.935364 2.388239 -0.514384
v 0.948901 2.387546 -0.491223
v 0.968169 2.382504 -0.459924
v 0.958087 2.393985 -0.427191
v 0.939242 2.406310 -0.412327
v 0.902527 2.424452 -0.426862
v 0.956023 2.395979 -0.420794
v 0.621750 2.515626 -0.453441
v 0.468219 2.515626 -0.453441
v 0.621750 2.515626 -0.510494
v 0.621750 2.515626 -0.486905
v 0.609305 2.515626 -0.510494
v 0.468219 2.515626 -0.510494
v 0.512199 2.244327 -0.988321
v 0.305546 2.244522 -0.988321
v 0.305546 2.231903 -1.072035
v 0.512199 2.231708 -1.072034
v 0.634501 2.381272 -0.755745
v 0.579110 2.388465 -0.754265
v 0.463299 2.429361 -0.686659
v 0.435581 2.416453 -0.711268
v 0.536505 2.428468 -0.685832
v 0.469028 2.425450 -0.683036
v 0.510907 2.388465 -0.754265
v 0.484785 2.386461 -0.754677
v 0.456244 2.382525 -0.755487
v 0.444579 2.415197 -0.695782
v 0.460613 2.424780 -0.682416
v 0.429296 2.402660 -0.714481
v 0.428611 2.396292 -0.725488
v 0.429759 2.406782 -0.706857
v 0.435762 2.410286 -0.702504
v 0.654429 2.416453 -0.711268
v 0.654257 2.410282 -0.702508
v 0.647762 2.387442 -0.741521
v 0.661544 2.396058 -0.725428
v 0.660715 2.402666 -0.714470
v 0.660309 2.406687 -0.706814
vn -0.0488 -0.6828 -0.7289
vn 0.0360 -0.6096 -0.7919
vn -0.6077 -0.4519 -0.6530
vn -0.6290 -0.4696 -0.6196
vn -0.0000 -0.7517 -0.6595
vn -0.9490 -0.2352 -0.2098
vn -0.9005 -0.4337 -0.0319
vn -0.4050 -0.8841 0.2330
vn -0.4028 -0.8853 0.2322
vn -0.8412 -0.2379 0.4857
vn -0.8472 -0.2113 0.4875
vn -0.8430 -0.2311 0.4858
vn -0.8458 -0.2223 0.4849
vn -0.0000 0.0111 0.9999
vn -0.0000 -0.0000 1.0000
vn -0.0000 -1.0000 -0.0000
vn -1.0000 0.0059 -0.0000
vn -0.0000 -0.0157 -0.9999
vn -1.0000 -0.0000 -0.0000
vn -0.4020 -0.8858 0.2320
vn -0.3959 -0.8886 0.2317
vn 0.0488 -0.6828 -0.7289
vn -0.0360 -0.6096 -0.7919
vn 0.9490 -0.2352 -0.2098
vn 0.9005 -0.4337 -0.0319
vn 0.6194 -0.6733 0.4037
vn 0.7167 -0.5972 0.3601
vn 0.8483 -0.2015 0.4897
vn 0.8483 -0.2015 0.4898
vn 0.3971 -0.8880 0.2320
vn 0.4020 -0.8857 0.2322
vn 0.4046 -0.8843 0.2331
vn 0.4027 -0.8853 0.2324
vn 0.8439 -0.2283 0.4855
vn 0.8458 -0.2223 0.4849
vn -0.2923 -0.2542 0.9219
vn -0.4195 -0.4453 0.7911
vn 0.2766 -0.4344 0.8572
vn 0.1825 -0.4759 0.8604
vn -0.8480 -0.2024 0.4898
vn 0.6354 -0.6795 -0.3669
vn -0.0000 -0.6794 -0.7338
vn -0.0000 -0.6794 -0.7337
vn -0.4129 -0.8797 0.2361
vn -0.4065 -0.8833 0.2337
vn 0.6227 -0.6964 -0.3567
vn 0.5979 -0.7239 -0.3442
vn 0.8723 -0.4448 0.2030
vn 0.8488 -0.4675 0.2468
vn 0.8770 -0.4430 0.1863
vn 0.6685 -0.6017 -0.4372
vn 0.6652 -0.6786 -0.3115
vn 0.6684 -0.6018 -0.4372
vn -0.0000 -0.2779 0.9606
vn -0.0000 -0.2780 0.9606
vn 0.0039 -0.2499 0.9683
vn 0.0062 -0.2443 0.9697
vn -0.6663 -0.2478 0.7033
vn -0.8726 -0.4447 0.2021
vn -0.8489 -0.4675 0.2468
vn -0.8770 -0.4430 0.1862
vn -0.6459 -0.2636 0.7165
vn -0.4619 -0.4532 0.7624
vn 0.6568 -0.2396 0.7150
vn 0.4608 -0.4550 0.7620
vn 0.0108 -0.8804 0.4740
vn -0.0031 -0.8844 0.4668
vn -0.6684 -0.6018 -0.4371
vn -0.6571 -0.6822 -0.3207
vn -0.0000 -0.8856 0.4645
vn -0.0016 -0.8805 0.4740
vn -0.0000 -0.7163 -0.6978
vn -0.0000 -1.0000 0.0089
vn -0.0000 -0.0009 -1.0000
vn -0.6354 -0.6795 -0.3669
vn 1.0000 -0.0000 -0.0000
vn 1.0000 0.0042 -0.0000
vn -1.0000 -0.0004 -0.0004
vn -0.0053 -0.2402 0.9707
vn 0.0010 -0.8854 0.4649
vn -0.0000 -0.8844 0.4668
vn -1.0000 -0.0002 -0.0000
vn -1.0000 -0.0003 -0.0000
vn 1.0000 0.0014 -0.0002
vn 1.0000 0.0015 -0.0000
vn 1.0000 0.0023 0.0023
vn -0.0000 0.0002 1.0000
vn -0.0005 -0.8840 -0.4674
vn 0.0003 -0.8865 -0.4627
vn -0.0000 -0.6794 0.7337
vn 0.0004 -0.6995 0.7146
vn -0.0000 -0.8858 -0.4640
vn 0.0004 -0.8870 -0.4618
vn 0.0491 -0.5796 0.8134
vn -0.0348 -0.6472 0.7615
vn 0.0517 -0.5868 0.8081
vn -0.0001 -0.8859 -0.4639
vn -0.0005 -0.8855 -0.4647
vn -0.8798 -0.4362 -0.1888
vn -0.8540 -0.4615 -0.2403
vn -0.6771 -0.2233 -0.7012
vn -0.0000 -0.1995 -0.9799
vn -0.6569 -0.6823 0.3208
vn -0.6687 -0.5948 0.4462
vn 0.0006 -0.6863 0.7273
vn 0.0007 -0.6846 0.7289
vn -0.0000 -0.6795 0.7337
vn 0.6585 -0.6793 0.3240
vn 0.6688 -0.6014 0.4370
vn -0.6008 -0.4288 0.6746
vn -0.6501 -0.4677 0.5988
vn -0.8487 -0.1993 -0.4900
vn -0.8538 -0.1722 -0.4913
vn 0.6033 -0.6794 -0.4176
vn 0.7042 -0.6088 -0.3654
vn 0.2554 -0.4689 -0.8455
vn 0.2317 -0.4757 -0.8485
vn -0.3975 -0.8886 -0.2287
vn -0.3980 -0.8883 -0.2291
vn -0.4036 -0.8843 -0.2348
vn -0.4020 -0.8857 -0.2323
vn -0.4027 -0.8856 -0.2317
vn -0.3959 -0.8900 -0.2261
vn 0.6751 -0.6274 0.3880
vn 0.6580 -0.6535 0.3740
vn -0.8485 -0.1998 -0.4900
vn -0.8484 -0.2004 -0.4900
vn -0.9475 -0.2290 0.2232
vn -0.9003 -0.4342 0.0294
vn -0.8532 -0.1807 -0.4893
vn 0.7030 -0.6113 -0.3634
vn 0.6354 -0.6795 0.3669
vn -0.2850 -0.2282 -0.9310
vn -0.4147 -0.4214 -0.8065
vn -0.2531 -0.4653 -0.8482
vn -0.2484 -0.4673 -0.8485
vn -0.6399 -0.6731 0.3707
vn -0.5902 -0.6878 -0.4226
vn 0.8720 -0.4453 -0.2033
vn 0.8546 -0.4623 -0.2365
vn -0.6370 -0.6626 -0.3940
vn -0.7041 -0.6107 -0.3623
vn 0.4022 -0.8856 -0.2323
vn -0.6515 -0.6586 0.3767
vn 0.6290 -0.4696 -0.6196
vn 0.6077 -0.4519 -0.6530
vn 0.4007 -0.8856 -0.2349
vn 0.3981 -0.8863 -0.2365
vn -0.6354 -0.6794 -0.3669
vn 0.2865 -0.2570 0.9230
vn 0.4153 -0.4388 0.7968
vn -0.2771 -0.4347 0.8569
vn -0.1828 -0.4756 0.8605
vn -0.6069 -0.6829 0.4066
vn -0.7178 -0.5974 0.3577
vn 0.8770 -0.4430 -0.1863
vn 0.4015 -0.8861 0.2318
vn 0.4129 -0.8796 0.2361
vn -0.6355 -0.6794 -0.3669
vn 0.8483 -0.2015 -0.4897
vn 0.6781 -0.2232 -0.7003
vn 0.3964 -0.8888 -0.2300
vn 0.4003 -0.8867 -0.2315
vn 0.4057 -0.8840 -0.2324
vn 0.6544 -0.2420 -0.7164
vn 0.4755 -0.4316 -0.7665
vn 0.0001 -0.2002 -0.9798
vn 0.0002 -0.2004 -0.9797
vn -0.0001 -0.2005 -0.9797
vn -0.6628 -0.2249 -0.7143
vn -0.4756 -0.4315 -0.7666
vn 0.8485 -0.1999 -0.4900
vn 0.8484 -0.2003 -0.4900
vn 0.2795 -0.2239 -0.9337
vn 0.4249 -0.4357 -0.7935
vn -0.6354 -0.6795 0.3669
vn -0.6354 -0.6794 0.3669
vn 0.0488 -0.6828 0.7289
vn -0.0694 -0.5779 0.8132
vn 0.6028 -0.4265 0.6743
vn 0.6446 -0.4633 0.6082
vn 0.9490 -0.2353 0.2097
vn 0.9001 -0.4345 0.0310
s 0
f 1525//1066 1526//1066 1512//1066
f 1525//1067 1512//1067 1404//1067
f 1527//1068 1525//1068 1404//1068
f 1527//1069 1404//1069 1520//1069
f 1408//1070 1409//1070 1406//1070
f 1408//1070 1406//1070 1407//1070
f 1523//1071 1524//1071 1520//1071
f 1523//1072 1520//1072 1405//1072
f 1403//1073 1405//1073 1520//1073
f 1403//1074 1520//1074 1404//1074
f 1519//1075 1521//1075 1405//1075
f 1519//1076 1405//1076 1403//1076
f 1405//1077 1521//1077 1522//1077
f 1405//1078 1522//1078 1523//1078
f 1530//1079 1410//1079 1532//1079
f 1411//1080 1413//1080 1412//1080
f 1411//1080 1412//1080 1410//1080
f 1413//1081 1411//1081 1407//1081
f 1413//1081 1407//1081 1406//1081
f 1408//1082 1531//1082 1528//1082
f 1528//1083 1529//1083 1409//1083
f 1528//1083 1409//1083 1408//1083
f 1407//1084 1411//1084 1410//1084
f 1407//1084 1410//1084 1408//1084
f 1530//1082 1531//1082 1408//1082
f 1530//1082 1408//1082 1410//1082
f 1403//1085 1404//1085 1512//1085
f 1403//1086 1512//1086 1402//1086
f 1489//1087 1504//1087 1481//1087
f 1489//1088 1481//1088 1395//1088
f 1483//1089 1505//1089 1500//1089
f 1483//1090 1500//1090 1399//1090
f 1401//1091 1507//1091 1506//1091
f 1401//1092 1506//1092 1400//1092
f 1502//1093 1498//1093 1497//1093
f 1502//1094 1497//1094 1503//1094
f 1497//1095 1397//1095 1489//1095
f 1497//1096 1489//1096 1395//1096
f 1483//1097 1399//1097 1497//1097
f 1483//1098 1497//1098 1395//1098
f 1501//1099 1497//1099 1399//1099
f 1501//1100 1399//1100 1500//1100
f 1402//1101 1518//1101 1517//1101
f 1402//1102 1517//1102 1403//1102
f 1400//1103 1506//1103 1518//1103
f 1400//1104 1518//1104 1402//1104
f 1517//1105 1519//1105 1403//1105
f 1512//1106 1514//1106 1515//1106
f 1512//1106 1515//1106 1516//1106
f 1510//1107 1511//1107 1508//1107
f 1510//1108 1508//1108 1509//1108
f 1400//1109 1402//1109 1512//1109
f 1400//1110 1512//1110 1401//1110
f 1513//1111 1507//1111 1401//1111
f 1513//1112 1401//1112 1512//1112
f 1541//1113 1549//1113 1550//1113
f 1541//1114 1550//1114 1422//1114
f 1551//1115 1549//1115 1541//1115
f 1547//1116 1552//1116 1541//1116
f 1540//1117 1548//1117 1547//1117
f 1540//1118 1547//1118 1541//1118
f 1540//1107 1508//1107 1542//1107
f 1540//1108 1542//1108 1543//1108
f 1421//1119 1544//1119 1539//1119
f 1421//1120 1539//1120 1420//1120
f 1545//1121 1544//1121 1421//1121
f 1545//1122 1421//1122 1546//1122
f 1556//1123 1423//1123 1555//1123
f 1556//1124 1557//1124 1553//1124
f 1556//1125 1553//1125 1423//1125
f 1558//1126 1553//1126 1557//1126
f 1538//1127 1555//1127 1423//1127
f 1538//1128 1423//1128 1420//1128
f 1422//1129 1550//1129 1546//1129
f 1422//1130 1546//1130 1421//1130
f 1423//1131 1553//1131 1508//1131
f 1423//1132 1508//1132 1420//1132
f 1508//1133 1553//1133 1554//1133
f 1508//1134 1554//1134 1509//1134
f 1508//1135 1540//1135 1541//1135
f 1508//1136 1541//1136 1422//1136
f 1416//1137 1417//1137 1414//1137
f 1416//1137 1414//1137 1415//1137
f 1418//1138 1419//1138 1417//1138
f 1418//1138 1417//1138 1416//1138
f 1414//1139 1534//1139 1535//1139
f 1414//1139 1535//1139 1415//1139
f 1490//1140 1493//1140 1489//1140
f 1533//1079 1532//1079 1410//1079
f 1533//1079 1410//1079 1412//1079
f 1412//1141 1413//1141 1406//1141
f 1412//1141 1406//1141 1409//1141
f 1409//1142 1529//1142 1533//1142
f 1409//1142 1533//1142 1412//1142
f 1417//1143 1534//1143 1414//1143
f 1538//1144 1420//1144 1539//1144
f 1508//1145 1422//1145 1421//1145
f 1508//1146 1421//1146 1420//1146
f 1419//1147 1537//1147 1534//1147
f 1419//1148 1534//1148 1417//1148
f 1535//1149 1536//1149 1418//1149
f 1535//1150 1418//1150 1416//1150
f 1535//1151 1416//1151 1415//1151
f 1418//1152 1536//1152 1537//1152
f 1418//1152 1537//1152 1419//1152
f 1444//1153 1390//1153 1443//1153
f 1444//1154 1443//1154 1387//1154
f 1443//1155 1445//1155 1446//1155
f 1390//1156 1447//1156 1443//1156
f 1388//1157 1389//1157 1386//1157
f 1388//1158 1386//1158 1385//1158
f 1442//1159 1441//1159 1382//1159
f 1383//1160 1426//1160 1442//1160
f 1383//1161 1442//1161 1382//1161
f 1386//1162 1387//1162 1443//1162
f 1386//1163 1443//1163 1385//1163
f 1385//1164 1453//1164 1454//1164
f 1385//1165 1454//1165 1388//1165
f 1454//1166 1455//1166 1388//1166
f 1389//1167 1457//1167 1456//1167
f 1389//1167 1456//1167 1386//1167
f 1443//1168 1451//1168 1453//1168
f 1443//1169 1453//1169 1385//1169
f 1390//1170 1448//1170 1449//1170
f 1390//1171 1449//1171 1447//1171
f 1443//1172 1446//1172 1450//1172
f 1443//1172 1450//1172 1451//1172
f 1452//1173 1448//1173 1390//1173
f 1452//1174 1390//1174 1444//1174
f 1382//1175 1441//1175 1440//1175
f 1382//1176 1440//1176 1379//1176
f 1380//1177 1428//1177 1429//1177
f 1380//1178 1429//1178 1384//1178
f 1430//1179 1431//1179 1424//1179
f 1430//1180 1424//1180 1381//1180
f 1432//1181 1433//1181 1381//1181
f 1432//1182 1381//1182 1427//1182
f 1380//1183 1384//1183 1427//1183
f 1380//1184 1427//1184 1381//1184
f 1380//1185 1381//1185 1424//1185
f 1380//1186 1424//1186 1379//1186
f 1424//1187 1383//1187 1382//1187
f 1424//1188 1382//1188 1379//1188
f 1383//1189 1424//1189 1425//1189
f 1383//1190 1425//1190 1426//1190
f 1428//1191 1380//1191 1437//1191
f 1380//1192 1438//1192 1439//1192
f 1380//1192 1439//1192 1437//1192
f 1379//1193 1440//1193 1438//1193
f 1379//1194 1438//1194 1380//1194
f 1435//1195 1384//1195 1429//1195
f 1433//1196 1430//1196 1381//1196
f 1431//1197 1434//1197 1424//1197
f 1435//1198 1436//1198 1427//1198
f 1435//1199 1427//1199 1384//1199
f 1396//1200 1484//1200 1478//1200
f 1396//1201 1478//1201 1393//1201
f 1394//1202 1480//1202 1486//1202
f 1394//1203 1486//1203 1485//1203
f 1462//1204 1487//1204 1444//1204
f 1462//1205 1444//1205 1387//1205
f 1394//1206 1485//1206 1484//1206
f 1394//1207 1484//1207 1396//1207
f 1394//1208 1463//1208 1465//1208
f 1394//1209 1465//1209 1480//1209
f 1482//1210 1483//1210 1395//1210
f 1482//1211 1395//1211 1481//1211
f 1393//1212 1463//1212 1394//1212
f 1393//1213 1394//1213 1396//1213
f 1495//1214 1496//1214 1490//1214
f 1498//1215 1499//1215 1397//1215
f 1498//1216 1397//1216 1497//1216
f 1499//1217 1494//1217 1398//1217
f 1499//1218 1398//1218 1397//1218
f 1494//1219 1495//1219 1490//1219
f 1494//1220 1490//1220 1398//1220
f 1488//1221 1444//1221 1487//1221
f 1398//1222 1490//1222 1489//1222
f 1398//1223 1489//1223 1397//1223
f 1491//1214 1492//1214 1489//1214
f 1491//1224 1489//1224 1493//1224
f 1463//1225 1477//1225 1479//1225
f 1463//1225 1479//1225 1476//1225
f 1462//1226 1387//1226 1461//1226
f 1464//1227 1392//1227 1463//1227
f 1464//1228 1463//1228 1391//1228
f 1465//1229 1463//1229 1392//1229
f 1460//1230 1461//1230 1387//1230
f 1460//1231 1387//1231 1386//1231
f 1458//1232 1457//1232 1389//1232
f 1458//1233 1389//1233 1459//1233
f 1460//1234 1386//1234 1456//1234
f 1388//1235 1455//1235 1459//1235
f 1388//1236 1459//1236 1389//1236
f 1391//1237 1463//1237 1474//1237
f 1391//1238 1474//1238 1469//1238
f 1475//1225 1463//1225 1476//1225
f 1393//1239 1478//1239 1477//1239
f 1393//1240 1477//1240 1463//1240
f 1465//1241 1471//1241 1472//1241
f 1465//1242 1472//1242 1473//1242
f 1466//1243 1467//1243 1465//1243
f 1466//1244 1465//1244 1392//1244
f 1468//1245 1466//1245 1392//1245
f 1468//1246 1392//1246 1464//1246
f 1469//1247 1470//1247 1464//1247
f 1469//1248 1464//1248 1391//1248
o Turret_01_havok_s_armor_8_1
v -0.382682 1.513666 -1.567069
v 0.555571 1.513666 0.188279
v 0.707107 1.513666 0.063917
v 0.831470 1.513666 -0.087621
v 0.923881 1.513666 -0.260507
v 0.980786 1.513666 -0.448100
v 1.000001 1.513666 -0.643190
v 0.980786 1.513666 -0.838281
v 0.923881 1.513666 -1.025874
v 0.831470 1.513666 -1.198761
v 0.707107 1.513666 -1.350297
v 0.195092 1.513666 0.337596
v 0.382685 1.513666 0.280690
v 0.000001 1.513666 0.356809
v -0.195089 1.513666 0.337596
v -0.555569 1.513666 0.188279
v -0.382682 1.513666 0.280690
v -0.923879 1.513666 -0.260507
v -0.831468 1.513666 -0.087621
v -0.980784 1.513666 -0.448100
v -0.999999 1.513666 -0.643190
v -0.980784 1.513666 -0.838281
v -0.923879 1.513666 -1.025874
v -0.831468 1.513666 -1.198761
v -0.707105 1.513666 -1.350297
v -0.555569 1.513666 -1.474660
v -0.707105 1.513666 0.063917
v 0.555571 1.513666 -1.474659
v 0.382685 1.513666 -1.567069
v 0.000001 1.513666 -1.643190
v -0.195089 1.513666 -1.623975
v 0.195092 1.513666 -1.623975
v 0.347059 1.923410 -1.832028
v -0.347050 1.925743 -1.832039
v -0.347050 1.762022 -1.832042
v 0.347059 1.759689 -1.832031
v -0.347050 1.705116 -1.786899
v 0.347059 1.702767 -1.786946
v -0.347050 1.686625 -1.760337
v 0.347058 1.683986 -1.760326
v 0.347059 1.980317 -1.786880
v -0.347050 1.982667 -1.786949
v 0.347059 1.998807 -1.760318
v -0.347050 2.001447 -1.760329
vn -0.0000 1.0000 -0.0000
vn -0.0022 -0.6209 0.7839
vn -0.0021 -0.6215 0.7834
vn -0.0031 -0.8171 0.5765
vn -0.0028 -0.8207 0.5713
vn 0.0031 0.8171 0.5765
vn 0.0028 0.8207 0.5713
vn -0.0000 -0.0000 1.0000
vn 0.0022 0.6209 0.7839
vn 0.0021 0.6215 0.7834
s 0
f 1559//1249 1590//1249 1588//1249
f 1559//1249 1588//1249 1589//1249
f 1590//1249 1559//1249 1587//1249
f 1586//1249 1587//1249 1559//1249
f 1586//1249 1559//1249 1569//1249
f 1559//1249 1584//1249 1583//1249
f 1559//1249 1583//1249 1582//1249
f 1559//1249 1577//1249 1585//1249
f 1559//1249 1585//1249 1574//1249
f 1599//1250 1600//1250 1592//1250
f 1599//1251 1592//1251 1591//1251
f 1601//1252 1602//1252 1600//1252
f 1601//1253 1600//1253 1599//1253
f 1597//1254 1598//1254 1596//1254
f 1597//1255 1596//1255 1595//1255
f 1593//1256 1594//1256 1591//1256
f 1593//1256 1591//1256 1592//1256
f 1595//1257 1596//1257 1594//1257
f 1595//1258 1594//1258 1593//1258
f 1559//1249 1582//1249 1581//1249
f 1559//1249 1581//1249 1580//1249
f 1567//1249 1559//1249 1566//1249
f 1568//1249 1569//1249 1559//1249
f 1568//1249 1559//1249 1567//1249
f 1565//1249 1566//1249 1559//1249
f 1565//1249 1559//1249 1564//1249
f 1561//1249 1562//1249 1559//1249
f 1561//1249 1559//1249 1560//1249
f 1563//1249 1564//1249 1559//1249
f 1563//1249 1559//1249 1562//1249
f 1559//1249 1578//1249 1576//1249
f 1559//1249 1576//1249 1577//1249
f 1559//1249 1580//1249 1579//1249
f 1559//1249 1579//1249 1578//1249
f 1559//1249 1574//1249 1575//1249
f 1559//1249 1575//1249 1573//1249
f 1559//1249 1570//1249 1571//1249
f 1559//1249 1571//1249 1560//1249
f 1559//1249 1573//1249 1572//1249
f 1559//1249 1572//1249 1570//1249
o Turret_01_havok_s_armor_16_2
v -0.347050 1.772727 -1.955501
v -0.347050 1.709318 -1.933313
v -0.347050 1.762022 -1.832042
v -0.347050 1.839483 -1.963023
v -0.347050 1.652436 -1.897572
v -0.347050 1.705116 -1.786899
v -0.347050 1.925743 -1.832039
v -0.347050 1.906240 -1.955501
v -0.347050 1.969648 -1.933313
v -0.347050 1.686625 -1.760337
v -0.347050 1.604934 -1.850069
v -0.347050 1.569193 -1.793187
v -0.347051 1.539099 -1.707178
v -0.347050 1.668134 -1.733775
v -0.347050 1.539099 -1.695547
v -0.347050 1.654480 -1.689331
v 0.347059 1.604934 -1.850069
v 0.347058 1.702767 -1.786946
v 0.347058 1.683986 -1.760326
v 0.347059 1.569193 -1.793187
v 0.347059 1.652436 -1.897572
v 0.347059 1.709318 -1.933313
v 0.347058 1.759689 -1.832031
v 0.347058 1.665205 -1.733706
v 0.347058 1.539099 -1.707178
v 0.347058 1.652377 -1.689442
v 0.347058 1.539099 -1.695544
v 0.347059 1.906240 -1.955501
v 0.347059 1.923410 -1.832028
v 0.347059 1.839483 -1.963022
v 0.347059 1.772727 -1.955501
v 0.347059 2.026530 -1.897572
v 0.347059 1.980317 -1.786880
v 0.347059 1.969648 -1.933313
v 0.347059 2.074033 -1.850069
v 0.347059 2.017297 -1.733757
v 0.347059 1.998807 -1.760318
v 0.347059 2.109774 -1.793188
v 0.347059 2.131962 -1.729779
v 0.347059 2.142779 -1.663023
v 0.347059 2.037301 -1.668705
v -0.347050 2.001447 -1.760329
v -0.347050 2.020226 -1.733709
v -0.347050 2.074033 -1.850069
v -0.347050 1.982667 -1.786949
v -0.347050 2.026530 -1.897572
v -0.347050 2.131962 -1.729779
v -0.347050 2.109774 -1.793188
v -0.347050 2.039092 -1.668609
v -0.347050 2.142779 -1.663023
vn 1.0000 -0.0000 -0.0000
vn -1.0000 -0.0000 -0.0000
s 0
f 1636//1259 1631//1259 1630//1259
f 1637//1259 1638//1259 1639//1259
f 1637//1259 1639//1259 1635//1259
f 1637//1259 1635//1259 1634//1259
f 1625//1259 1632//1259 1630//1259
f 1625//1259 1630//1259 1631//1259
f 1633//1259 1632//1259 1625//1259
f 1633//1259 1625//1259 1624//1259
f 1631//1259 1636//1259 1634//1259
f 1631//1259 1634//1259 1635//1259
f 1640//1259 1641//1259 1638//1259
f 1640//1259 1638//1259 1637//1259
f 1609//1260 1647//1260 1648//1260
f 1609//1260 1648//1260 1611//1260
f 1645//1260 1649//1260 1650//1260
f 1645//1260 1650//1260 1646//1260
f 1651//1260 1652//1260 1649//1260
f 1651//1260 1649//1260 1645//1260
f 1641//1259 1642//1259 1643//1259
f 1641//1259 1643//1259 1638//1259
f 1646//1260 1647//1260 1644//1260
f 1646//1260 1644//1260 1645//1260
f 1646//1260 1648//1260 1647//1260
f 1611//1260 1610//1260 1609//1260
f 1613//1260 1614//1260 1612//1260
f 1613//1260 1612//1260 1608//1260
f 1607//1260 1613//1260 1608//1260
f 1605//1260 1606//1260 1603//1260
f 1605//1260 1603//1260 1604//1260
f 1607//1260 1608//1260 1605//1260
f 1607//1260 1605//1260 1604//1260
f 1605//1260 1609//1260 1610//1260
f 1605//1260 1610//1260 1606//1260
f 1614//1260 1615//1260 1616//1260
f 1614//1260 1616//1260 1612//1260
f 1623//1259 1624//1259 1625//1259
f 1623//1259 1625//1259 1620//1259
f 1626//1259 1627//1259 1622//1259
f 1626//1259 1622//1259 1621//1259
f 1628//1259 1629//1259 1627//1259
f 1628//1259 1627//1259 1626//1259
f 1615//1260 1617//1260 1618//1260
f 1615//1260 1618//1260 1616//1260
f 1621//1259 1622//1259 1619//1259
f 1621//1259 1619//1259 1620//1259
f 1623//1259 1620//1259 1619//1259
o Turret_01_havok_s_armor_4_3
v 0.000223 1.622662 0.505837
v -0.168887 1.622662 0.488366
v 0.169332 1.622662 0.488366
v 0.335110 1.622662 0.452424
v -0.335497 1.622662 0.452424
v -0.493777 1.622662 0.390524
v -0.641227 1.622662 0.306160
v -0.774516 1.622662 0.198335
v -0.804505 1.671210 0.222795
v -0.829497 1.635110 0.159398
v -0.855322 1.592371 0.101492
v 0.493390 1.622662 0.390524
v 0.641673 1.622662 0.306160
v 0.849936 1.592371 0.101492
v 0.825778 1.635110 0.159398
v 0.801619 1.671210 0.222795
v 0.774961 1.622662 0.198335
v 0.405086 2.441751 -0.004836
v 0.462567 2.441751 0.016629
v 0.545039 2.441751 0.027112
v 0.593356 2.441751 0.021122
v 0.593356 2.426813 0.048078
v 0.553369 2.428473 0.049576
v 0.614182 2.425153 0.046580
v 0.536708 2.428473 0.049576
v 0.517548 2.426813 0.048078
v 0.460068 2.424323 0.045582
v 0.395923 2.362497 0.141427
v 0.510884 2.388638 0.117965
v 0.579194 2.388638 0.117965
v 0.595855 2.362497 0.162393
v 0.595022 2.387394 0.118464
v 0.634176 2.381999 0.119462
v 0.428412 2.396107 0.089012
v 0.655835 2.392788 0.095501
v 0.630010 2.423493 0.045083
v 0.661666 2.395278 0.089012
v 0.660833 2.405651 0.070042
v 0.664998 2.441751 0.002652
v 0.694155 2.362497 0.141427
v -0.688314 1.719108 1.087780
v -0.590617 2.160186 0.952927
v 0.590625 2.160186 0.952927
v 0.688322 1.719108 1.087780
v -0.177608 1.687377 0.545159
v 0.000004 1.685897 0.563730
v 0.177616 1.687377 0.545159
v 0.168412 1.539108 0.467995
v 0.000004 1.539108 0.481810
v -0.168403 1.539108 0.467995
v 0.352187 1.687245 0.508246
v 0.332315 1.539108 0.428307
v -0.352179 1.687245 0.508246
v -0.332306 1.539108 0.428307
v -0.489956 1.539109 0.368657
v 0.195091 1.539108 0.337595
v 0.195091 1.513666 0.337596
v 0.000001 1.513666 0.356809
v 0.000001 1.539108 0.356809
v -0.195089 1.513666 0.337596
v -0.195089 1.539108 0.337595
v -0.382682 1.513666 0.280690
v -0.382682 1.539108 0.280689
v -0.780371 1.697405 0.288885
v -0.673505 1.687245 0.354614
v -0.636308 1.539108 0.284558
v -0.767693 1.539108 0.178586
v -0.518374 1.687245 0.443170
v -0.555569 1.513666 0.188279
v -0.555569 1.539109 0.188278
v -0.882456 1.539108 0.054585
v -0.962493 1.592371 0.101421
v -0.989552 1.539108 0.054585
v -0.936023 1.635137 0.159550
v -0.910280 1.671263 0.222795
v -0.886743 1.697405 0.288885
v 0.518381 1.687245 0.443170
v 0.673513 1.687245 0.354614
v 0.489963 1.539109 0.368657
v 0.636317 1.539108 0.284558
v 0.382685 1.539109 0.280689
v 0.555571 1.539108 0.188278
v 0.555571 1.513666 0.188279
v 0.382685 1.513666 0.280690
v 0.936031 1.635137 0.159550
v 0.962500 1.592371 0.101421
v 0.910288 1.671263 0.222795
v 0.778511 1.697405 0.288885
v 0.886751 1.697405 0.288885
v 0.767701 1.539108 0.178586
v 0.882465 1.539108 0.054585
v 0.989560 1.539108 0.054585
v 0.330542 2.441751 -0.049839
v 0.330542 2.515626 -0.089762
v 0.409027 2.515624 -0.037774
v 0.469932 2.515624 -0.013528
v 0.545005 2.515624 -0.004413
v 0.598934 2.515624 -0.010961
v 0.303525 2.362670 0.100177
v 0.442438 2.387402 0.105481
v 0.436073 2.410475 0.066056
v 0.429769 2.406799 0.070630
v 0.429275 2.402414 0.078735
v 0.494524 2.362670 0.162236
v 0.455537 2.381319 0.119500
v 0.395764 2.302395 0.141244
v 0.494525 2.302395 0.162236
v 0.595493 2.302392 0.162236
v 0.303526 2.302392 0.100177
v 0.694254 2.302392 0.141244
v 0.786491 2.362670 0.100177
v 0.737853 2.441751 -0.028965
v 0.664703 2.515624 -0.030421
v 0.723230 2.515625 -0.055551
v 0.749551 2.302109 0.116624
v 0.786493 2.190372 0.100177
vn 0.1016 -0.8745 -0.4743
vn 0.1024 -0.8741 -0.4749
vn 0.1758 -0.8701 -0.4605
vn 0.0588 -0.8575 -0.5111
vn 0.1716 -0.8715 -0.4595
vn 0.1739 -0.8707 -0.4601
vn 0.1748 -0.8704 -0.4603
vn -0.0000 0.0026 -1.0000
vn 0.0015 -0.0000 -1.0000
vn 0.4067 0.0017 -0.9135
vn 0.4077 -0.0000 -0.9131
vn 0.2079 -0.0000 -0.9781
vn 0.2065 0.0024 -0.9784
vn -0.0007 -0.8624 -0.5062
vn -0.0000 -0.8619 -0.5071
vn -0.1068 -0.8659 -0.4887
vn -0.0529 -0.8692 -0.4916
vn -0.1111 -0.3888 -0.9146
vn -0.1133 -0.3900 -0.9138
vn -0.0544 -0.8734 -0.4840
vn -0.0609 -0.8690 -0.4911
vn 0.1110 -0.3900 -0.9141
vn 0.1164 -0.3853 -0.9154
vn 0.5035 -0.4108 -0.7601
vn 0.4783 -0.3788 -0.7923
vn 0.3393 -0.3981 -0.8523
vn 0.3229 -0.3851 -0.8645
vn 0.2509 -0.8742 -0.4157
vn 0.2023 -0.8663 -0.4567
vn 0.0586 -0.8574 -0.5113
vn 0.0593 -0.8575 -0.5111
vn 0.0593 -0.8575 -0.5110
vn 0.0661 -0.8516 -0.5200
vn -0.1040 -0.8699 -0.4821
vn 0.1127 -0.8731 -0.4743
vn -0.0000 -0.8609 -0.5088
vn -0.1395 -0.8761 -0.4615
vn -0.1045 -0.8681 -0.4853
vn -0.2079 0.0026 -0.9781
vn -0.2086 0.0038 -0.9780
vn -0.1038 -0.8674 -0.4867
vn -0.1364 -0.8642 -0.4843
vn -0.1213 -0.8740 -0.4706
vn -0.1137 -0.8728 -0.4746
vn -0.1191 -0.8733 -0.4723
vn -0.4079 0.0008 -0.9130
vn -0.4067 0.0021 -0.9135
vn -0.4067 -0.0000 -0.9135
vn -0.2606 -0.3954 -0.8808
vn -0.2317 -0.3727 -0.8986
vn -0.1981 -0.8674 -0.4565
vn -0.2010 -0.8682 -0.4536
vn -0.3652 -0.3784 -0.8506
vn -0.3680 -0.3812 -0.8481
vn 0.0987 -0.8759 -0.4722
vn 0.1030 -0.8770 -0.4692
vn 0.0657 -0.8580 -0.5095
vn 0.0440 -0.8531 -0.5198
vn -0.0532 -0.8718 -0.4870
vn -0.0544 -0.8716 -0.4871
vn -0.0000 -0.8641 -0.5033
vn 0.1125 -0.8765 -0.4680
vn -0.1072 -0.8681 -0.4846
vn -0.1041 -0.8688 -0.4841
vn -0.1205 -0.8720 -0.4745
vn -0.1231 -0.8730 -0.4720
vn -0.1399 -0.8759 -0.4618
vn 0.0621 -0.8570 -0.5116
vn 0.0775 -0.8527 -0.5167
vn -0.1357 -0.8755 -0.4637
vn -0.6107 0.2320 -0.7571
vn -0.6114 0.2346 -0.7558
vn 0.4344 0.6693 -0.6028
vn 0.4467 0.7040 -0.5522
vn 0.6220 0.6231 -0.4741
vn 0.5419 0.6204 -0.5669
vn 0.2903 -0.0000 -0.9569
vn -0.0980 -0.0000 -0.9952
vn 0.0980 -0.0000 -0.9952
vn 0.2711 0.6686 -0.6925
vn 0.2710 0.6681 -0.6930
vn 0.4714 -0.0000 -0.8819
vn 0.4830 0.2457 -0.8405
vn 0.4818 0.2424 -0.8421
vn 0.6111 0.2290 -0.7577
vn 0.6118 0.2316 -0.7563
vn 0.3691 0.6676 -0.6466
vn 0.3692 0.6687 -0.6454
vn -0.0786 0.2757 -0.9580
vn -0.0998 0.2367 -0.9664
vn 0.0786 0.2753 -0.9581
vn 0.0999 0.2362 -0.9666
vn -0.0825 0.6728 -0.7352
vn -0.0769 0.6632 -0.7445
vn -0.0000 -0.2924 -0.9563
vn 0.0825 0.6731 -0.7349
vn 0.0769 0.6635 -0.7442
vn 0.2261 0.2781 -0.9336
vn 0.2051 0.2330 -0.9506
vn 0.3405 0.2727 -0.8998
vn 0.3525 0.2520 -0.9013
vn 0.1534 0.6686 -0.7277
vn 0.1578 0.6633 -0.7315
vn -0.1533 0.6691 -0.7272
vn -0.1587 0.6626 -0.7319
vn -0.2261 0.2771 -0.9339
vn -0.2060 0.2339 -0.9502
vn 0.0005 0.8684 -0.4959
vn -0.0004 0.8689 -0.4949
vn -0.6560 0.5945 -0.4650
vn -0.5748 0.5974 -0.5592
vn -0.0004 0.8054 -0.5927
vn 0.0006 0.8047 -0.5937
vn -0.4714 -0.0000 -0.8819
vn -0.2903 -0.0000 -0.9569
vn -0.0000 0.6603 -0.7510
vn -0.0005 0.6607 -0.7506
vn -0.4404 0.6675 -0.6004
vn -0.4511 0.6969 -0.5576
vn -0.7385 0.2152 -0.6390
vn -0.5998 0.5035 -0.6219
vn -0.0000 0.9296 -0.3685
vn -0.0005 0.9298 -0.3680
vn -0.7258 0.1483 -0.6717
vn 0.0004 0.8054 -0.5927
vn -0.0006 0.8047 -0.5937
vn -0.0005 0.8684 -0.4959
vn 0.0004 0.8689 -0.4950
vn 0.0005 0.6608 -0.7506
vn 0.7161 0.2189 -0.6628
vn 0.5690 0.5197 -0.6373
vn 0.7156 0.2155 -0.6645
vn -0.2708 0.6695 -0.6917
vn -0.2707 0.6690 -0.6922
vn -0.3406 0.2712 -0.9002
vn -0.3526 0.2504 -0.9016
vn -0.4827 0.2481 -0.8399
vn -0.4800 0.2405 -0.8437
vn 0.0005 0.9298 -0.3680
vn -0.3685 0.6689 -0.6456
vn -0.3683 0.6673 -0.6474
s 0
f 1680//1261 1752//1261 1756//1261
f 1756//1262 1757//1262 1681//1262
f 1680//1263 1670//1263 1755//1263
f 1671//1264 1679//1264 1753//1264
f 1671//1265 1753//1265 1670//1265
f 1670//1266 1753//1266 1754//1266
f 1670//1267 1754//1267 1755//1267
f 1683//1268 1760//1268 1759//1268
f 1683//1269 1759//1269 1756//1269
f 1680//1270 1758//1270 1761//1270
f 1680//1271 1761//1271 1751//1271
f 1756//1272 1759//1272 1758//1272
f 1756//1273 1758//1273 1680//1273
f 1683//1274 1756//1274 1681//1274
f 1683//1275 1681//1275 1682//1275
f 1684//1276 1685//1276 1683//1276
f 1684//1277 1683//1277 1682//1277
f 1749//1278 1750//1278 1673//1278
f 1749//1279 1673//1279 1672//1279
f 1673//1280 1674//1280 1675//1280
f 1673//1281 1675//1281 1672//1281
f 1748//1282 1749//1282 1672//1282
f 1748//1283 1672//1283 1671//1283
f 1745//1284 1746//1284 1747//1284
f 1745//1285 1747//1285 1670//1285
f 1670//1286 1747//1286 1748//1286
f 1670//1287 1748//1287 1671//1287
f 1751//1288 1745//1288 1670//1288
f 1751//1289 1670//1289 1680//1289
f 1752//1290 1753//1290 1679//1290
f 1752//1291 1679//1291 1678//1291
f 1678//1292 1679//1292 1671//1292
f 1678//1293 1671//1293 1672//1293
f 1676//1294 1674//1294 1673//1294
f 1677//1295 1678//1295 1672//1295
f 1677//1296 1672//1296 1675//1296
f 1687//1297 1689//1297 1692//1297
f 1687//1298 1692//1298 1685//1298
f 1692//1299 1762//1299 1760//1299
f 1692//1300 1760//1300 1683//1300
f 1692//1301 1683//1301 1685//1301
f 1691//1302 1688//1302 1676//1302
f 1691//1303 1676//1303 1673//1303
f 1690//1304 1691//1304 1692//1304
f 1690//1305 1692//1305 1689//1305
f 1692//1306 1763//1306 1767//1306
f 1692//1307 1767//1307 1762//1307
f 1763//1308 1768//1308 1767//1308
f 1750//1309 1765//1309 1691//1309
f 1750//1310 1691//1310 1673//1310
f 1691//1311 1764//1311 1763//1311
f 1691//1312 1763//1312 1692//1312
f 1765//1313 1766//1313 1764//1313
f 1765//1314 1764//1314 1691//1314
f 1757//1315 1752//1315 1678//1315
f 1757//1316 1678//1316 1681//1316
f 1686//1317 1752//1317 1680//1317
f 1686//1318 1680//1318 1755//1318
f 1674//1319 1684//1319 1682//1319
f 1674//1320 1682//1320 1675//1320
f 1682//1321 1681//1321 1675//1321
f 1677//1321 1675//1321 1681//1321
f 1677//1322 1681//1322 1678//1322
f 1676//1323 1685//1323 1684//1323
f 1676//1324 1684//1324 1674//1324
f 1688//1325 1691//1325 1690//1325
f 1688//1326 1690//1326 1689//1326
f 1688//1327 1689//1327 1687//1327
f 1755//1328 1753//1328 1752//1328
f 1755//1329 1752//1329 1686//1329
f 1676//1330 1688//1330 1687//1330
f 1676//1298 1687//1298 1685//1298
f 1669//1331 1742//1331 1732//1331
f 1669//1332 1732//1332 1665//1332
f 1716//1333 1717//1333 1659//1333
f 1716//1334 1659//1334 1660//1334
f 1661//1335 1716//1335 1660//1335
f 1661//1336 1660//1336 1662//1336
f 1712//1337 1714//1337 1715//1337
f 1712//1337 1715//1337 1713//1337
f 1710//1338 1711//1338 1708//1338
f 1710//1338 1708//1338 1709//1338
f 1710//1339 1712//1339 1713//1339
f 1710//1339 1713//1339 1711//1339
f 1720//1340 1705//1340 1657//1340
f 1720//1341 1657//1341 1658//1341
f 1721//1342 1722//1342 1715//1342
f 1721//1342 1715//1342 1714//1342
f 1707//1343 1718//1343 1659//1343
f 1707//1344 1659//1344 1658//1344
f 1718//1345 1719//1345 1660//1345
f 1718//1346 1660//1346 1659//1346
f 1717//1347 1720//1347 1658//1347
f 1717//1348 1658//1348 1659//1348
f 1700//1349 1701//1349 1653//1349
f 1700//1350 1653//1350 1655//1350
f 1653//1351 1701//1351 1702//1351
f 1653//1352 1702//1352 1654//1352
f 1653//1353 1698//1353 1699//1353
f 1653//1354 1699//1354 1655//1354
f 1695//1355 1696//1355 1693//1355
f 1695//1355 1693//1355 1694//1355
f 1697//1356 1698//1356 1653//1356
f 1697//1357 1653//1357 1654//1357
f 1702//1358 1706//1358 1657//1358
f 1702//1359 1657//1359 1654//1359
f 1657//1360 1706//1360 1707//1360
f 1657//1361 1707//1361 1658//1361
f 1657//1362 1705//1362 1697//1362
f 1657//1363 1697//1363 1654//1363
f 1699//1364 1703//1364 1656//1364
f 1699//1365 1656//1365 1655//1365
f 1656//1366 1704//1366 1700//1366
f 1656//1367 1700//1367 1655//1367
f 1739//1368 1737//1368 1667//1368
f 1739//1369 1667//1369 1668//1369
f 1669//1370 1740//1370 1668//1370
f 1669//1371 1668//1371 1667//1371
f 1737//1372 1738//1372 1666//1372
f 1737//1373 1666//1373 1667//1373
f 1735//1374 1736//1374 1733//1374
f 1735//1374 1733//1374 1734//1374
f 1708//1375 1733//1375 1736//1375
f 1708//1375 1736//1375 1709//1375
f 1738//1376 1744//1376 1743//1376
f 1738//1377 1743//1377 1666//1377
f 1665//1378 1730//1378 1740//1378
f 1665//1379 1740//1379 1669//1379
f 1666//1380 1742//1380 1669//1380
f 1666//1381 1669//1381 1667//1381
f 1668//1382 1740//1382 1741//1382
f 1668//1383 1741//1383 1739//1383
f 1742//1384 1666//1384 1743//1384
f 1663//1385 1724//1385 1726//1385
f 1663//1386 1726//1386 1662//1386
f 1662//1387 1726//1387 1727//1387
f 1662//1388 1727//1388 1661//1388
f 1723//1376 1725//1376 1724//1376
f 1723//1389 1724//1389 1663//1389
f 1723//1390 1663//1390 1719//1390
f 1663//1391 1662//1391 1660//1391
f 1663//1392 1660//1392 1719//1392
f 1656//1393 1703//1393 1729//1393
f 1656//1394 1729//1394 1664//1394
f 1731//1395 1704//1395 1656//1395
f 1731//1396 1656//1396 1664//1396
f 1665//1397 1732//1397 1731//1397
f 1665//1398 1731//1398 1664//1398
f 1661//1399 1727//1399 1728//1399
f 1661//1382 1728//1382 1716//1382
f 1664//1400 1729//1400 1730//1400
f 1664//1401 1730//1401 1665//1401
o Turret_01_havok_s_armor_10_4
v -0.688314 1.719108 1.087780
v 0.688321 1.719108 1.087780
v 0.562038 1.719108 0.513703
v 0.381147 1.719108 0.582963
v 0.192293 1.719108 0.624925
v 0.000004 1.719108 0.648142
v -0.192285 1.719108 0.624925
v -0.381139 1.719108 0.582963
v -0.562030 1.719108 0.513703
v -0.738604 1.719108 0.432675
v -0.845699 1.719108 0.432675
v 0.738612 1.719108 0.432675
v 0.845707 1.719108 0.432675
v 0.168411 1.539108 0.467995
v 0.195092 1.539108 0.337595
v 0.000001 1.539108 0.356809
v 0.000004 1.539108 0.481811
v 0.555572 1.539108 0.188278
v 0.382685 1.539108 0.280689
v 0.489963 1.539108 0.368657
v 0.636316 1.539108 0.284558
v 0.767700 1.539108 0.178586
v 0.332315 1.539108 0.428308
v 0.882464 1.539108 0.054585
v 0.707108 1.539108 0.063917
v 0.831471 1.539108 -0.087621
v -0.489956 1.539108 0.368657
v -0.382682 1.539108 0.280689
v -0.555569 1.539108 0.188278
v -0.636308 1.539108 0.284558
v -0.767693 1.539108 0.178586
v -0.707105 1.539108 0.063916
v -0.882456 1.539108 0.054585
v -0.195089 1.539108 0.337595
v -0.332307 1.539108 0.428308
v -0.168404 1.539108 0.467995
v -0.195089 1.539101 -1.623975
v 0.000001 1.539100 -1.643190
v 0.347058 1.539099 -1.695544
v -0.347050 1.539099 -1.695548
v 0.195092 1.539101 -1.623975
v 0.382685 1.539102 -1.567069
v -0.382682 1.539102 -1.567069
v -0.347051 1.539099 -1.707178
v 0.555572 1.539103 -1.474659
v 0.684750 1.539096 -1.707178
v 0.347058 1.539099 -1.707178
v 0.974282 1.539108 -1.205688
v 0.707108 1.539106 -1.350297
v 0.831471 1.539108 -1.198761
v 0.923880 1.539108 -1.025874
v 0.980786 1.539108 -0.838281
v 1.080694 1.539108 -0.942954
v 1.035207 1.539108 -1.077185
v 1.000001 1.539108 -0.643190
v 1.121331 1.539108 -0.662701
v 1.113362 1.539108 -0.804618
v 1.115838 1.539108 -0.521078
v 0.980786 1.539108 -0.448100
v 1.093919 1.539108 -0.380562
v 0.923880 1.539108 -0.260507
v 0.989561 1.539108 0.054585
v -1.113354 1.539108 -0.804618
v -1.121323 1.539108 -0.662701
v -0.999999 1.539108 -0.643190
v -0.980785 1.539108 -0.838281
v -1.080687 1.539108 -0.942954
v -1.115830 1.539108 -0.521079
v -0.980785 1.539108 -0.448100
v -0.923878 1.539108 -1.025874
v -1.035199 1.539108 -1.077185
v -1.093912 1.539108 -0.380563
v -0.989551 1.539108 0.054585
v -0.923878 1.539108 -0.260507
v -0.831469 1.539108 -0.087621
v -0.974274 1.539108 -1.205689
v -0.760848 1.539107 -1.284812
v -0.684744 1.539099 -1.707178
v -0.831469 1.539108 -1.198761
v -0.825783 1.539108 -1.205689
v -0.707105 1.539106 -1.350297
v -0.555569 1.539103 -1.474660
vn -0.0000 1.0000 -0.0000
vn 0.0001 1.0000 -0.0000
s 0
f 1828//1402 1829//1402 1830//1402
f 1823//1402 1827//1402 1826//1402
f 1823//1402 1826//1402 1824//1402
f 1827//1402 1829//1402 1828//1402
f 1827//1402 1828//1402 1826//1402
f 1833//1402 1834//1402 1831//1402
f 1833//1402 1831//1402 1832//1402
f 1830//1402 1829//1402 1794//1402
f 1830//1402 1794//1402 1792//1402
f 1821//1402 1820//1402 1825//1402
f 1816//1402 1813//1402 1817//1402
f 1816//1402 1817//1402 1818//1402
f 1814//1402 1813//1402 1816//1402
f 1821//1402 1822//1402 1819//1402
f 1821//1402 1819//1402 1820//1402
f 1823//1402 1824//1402 1825//1402
f 1823//1402 1825//1402 1820//1402
f 1819//1402 1822//1402 1816//1402
f 1819//1402 1816//1402 1818//1402
f 1835//1402 1831//1402 1834//1402
f 1838//1402 1847//1402 1844//1402
f 1838//1402 1844//1402 1839//1402
f 1844//1402 1845//1402 1846//1402
f 1844//1402 1847//1402 1848//1402
f 1844//1402 1848//1402 1845//1402
f 1812//1402 1846//1402 1850//1402
f 1812//1402 1850//1402 1811//1402
f 1846//1402 1845//1402 1849//1402
f 1846//1402 1849//1402 1850//1402
f 1843//1402 1801//1402 1800//1402
f 1838//1402 1839//1402 1835//1402
f 1838//1402 1835//1402 1834//1402
f 1836//1402 1837//1402 1833//1402
f 1836//1402 1833//1402 1832//1402
f 1840//1402 1841//1402 1842//1402
f 1843//1402 1842//1402 1841//1402
f 1843//1402 1841//1402 1801//1402
f 1840//1402 1842//1402 1837//1402
f 1840//1402 1837//1402 1836//1402
f 1815//1402 1807//1402 1814//1402
f 1788//1402 1789//1402 1786//1402
f 1788//1402 1786//1402 1787//1402
f 1784//1402 1785//1402 1782//1402
f 1784//1402 1782//1402 1783//1402
f 1790//1402 1786//1402 1789//1402
f 1791//1402 1788//1402 1787//1402
f 1791//1402 1787//1402 1783//1402
f 1791//1402 1783//1402 1782//1402
f 1770//1402 1781//1402 1780//1402
f 1770//1402 1780//1402 1771//1402
f 1772//1402 1773//1402 1769//1402
f 1771//1402 1772//1402 1769//1402
f 1771//1402 1769//1402 1770//1402
f 1769//1402 1773//1402 1774//1402
f 1769//1402 1774//1402 1775//1402
f 1778//1402 1779//1402 1769//1402
f 1778//1402 1769//1402 1777//1402
f 1769//1402 1775//1402 1776//1402
f 1769//1402 1776//1402 1777//1402
f 1790//1402 1792//1402 1793//1402
f 1790//1402 1793//1402 1786//1402
f 1805//1402 1806//1402 1807//1402
f 1805//1402 1807//1402 1808//1402
f 1784//1402 1802//1402 1804//1402
f 1784//1402 1804//1402 1785//1402
f 1807//1402 1806//1402 1809//1402
f 1807//1402 1809//1402 1810//1402
f 1810//1402 1813//1402 1814//1402
f 1810//1402 1814//1402 1807//1402
f 1811//1402 1805//1402 1808//1402
f 1811//1403 1808//1403 1812//1403
f 1795//1402 1803//1402 1796//1402
f 1797//1402 1798//1402 1795//1402
f 1797//1402 1795//1402 1796//1402
f 1794//1402 1793//1402 1792//1402
f 1799//1402 1798//1402 1797//1402
f 1803//1402 1804//1402 1802//1402
f 1803//1402 1802//1402 1796//1402
f 1800//1402 1801//1402 1799//1402
f 1800//1402 1799//1402 1797//1402
o Turret_01_havok_s_armor_19_5
v -0.347051 1.539100 -1.707178
v -0.347050 1.569192 -1.793187
v -0.625120 1.569192 -1.793187
v -0.684743 1.539100 -1.707178
v -0.446132 2.109774 -1.793188
v -0.347050 2.109774 -1.793188
v -0.347050 2.131962 -1.729779
v -0.475394 2.131962 -1.729779
v 0.347058 1.539100 -1.707178
v 0.684749 1.539096 -1.707178
v 0.625129 1.569193 -1.793187
v 0.347059 1.569193 -1.793187
v 0.347059 2.131962 -1.729779
v 0.347059 2.109774 -1.793188
v 0.446140 2.109774 -1.793188
v 0.475403 2.131962 -1.729779
vn -0.0000 0.9439 0.3303
vn -0.0000 -0.9439 0.3303
vn -0.0000 0.9439 0.3302
s 0
f 1861//1404 1862//1404 1859//1404
f 1861//1404 1859//1404 1860//1404
f 1865//1405 1866//1405 1863//1405
f 1865//1405 1863//1405 1864//1405
f 1853//1406 1854//1406 1851//1406
f 1853//1406 1851//1406 1852//1406
f 1857//1405 1858//1405 1855//1405
f 1857//1405 1855//1405 1856//1405
o Turret_01_havok_s_armor_5_6
v 0.621750 2.515626 -0.486903
v 0.621750 2.515626 -0.453441
v 0.621750 2.515626 -0.510494
v 0.609299 2.515626 -0.510494
v 0.468219 2.515626 -0.453441
v 0.468219 2.515626 -0.510494
v -0.881170 2.302108 -0.431638
v 0.072597 2.302395 -0.418499
v -0.656829 2.302108 0.502810
v 0.072596 2.302395 -0.217671
v 0.103797 2.302395 -0.121645
v 0.154281 2.302392 -0.034205
v 0.221842 2.302392 0.040830
v 0.303526 2.302392 0.100177
v 0.062043 2.302395 -0.318085
v -0.905122 2.302108 -0.598825
v 0.103797 2.302395 -0.514525
v 0.161342 2.301453 -0.607792
v 0.395764 2.302395 0.141244
v 0.494525 2.302395 0.162236
v 0.595493 2.302392 0.162236
v 0.656837 2.302108 0.502810
v 0.838849 2.515626 -0.206669
v 0.802851 2.515626 -0.143627
v 0.856980 2.515626 -0.355991
v 0.856980 2.515626 -0.280229
v 0.767921 2.515624 -0.098492
v 0.723229 2.515625 -0.055551
v 0.664703 2.515624 -0.030421
v 0.838849 2.515626 -0.429550
v 0.803641 2.515626 -0.496633
v 0.691051 2.515626 -0.596378
v 0.753402 2.515626 -0.553341
v 0.620213 2.515626 -0.623244
v 0.694254 2.302392 0.141244
v 0.749551 2.302109 0.116624
v 0.469931 2.515624 -0.013529
v 0.233029 2.515626 -0.355991
v 0.251160 2.515626 -0.206669
v 0.233029 2.515626 -0.280229
v 0.409027 2.515624 -0.037774
v 0.286368 2.515626 -0.139586
v 0.330542 2.515626 -0.089762
v 0.598934 2.515624 -0.010961
v 0.545004 2.515624 -0.004413
v 0.336607 2.515626 -0.553341
v 0.286368 2.515626 -0.496633
v 0.398958 2.515626 -0.596378
v 0.469796 2.515626 -0.623244
v 0.545005 2.515626 -0.632376
v 0.251161 2.515626 -0.429550
vn -0.0000 -1.0000 -0.0000
vn -0.0001 -1.0000 0.0001
vn -0.0002 -1.0000 -0.0008
vn -0.0057 -1.0000 -0.0014
vn 0.0003 -1.0000 0.0001
vn 0.0003 -1.0000 -0.0000
vn -0.0005 -1.0000 0.0098
vn 0.0002 -1.0000 -0.0003
vn 0.0001 -1.0000 -0.0005
vn 0.0005 -1.0000 -0.0000
vn 0.0004 -1.0000 -0.0000
vn 0.0003 -1.0000 -0.0001
vn 0.0002 -1.0000 -0.0002
vn -0.0000 -1.0000 -0.0009
vn -0.0000 -1.0000 -0.0008
s 0
f 1903//1407 1907//1407 1905//1407
f 1907//1408 1909//1408 1908//1408
f 1907//1407 1908//1407 1905//1407
f 1895//1407 1910//1407 1871//1407
f 1895//1407 1871//1407 1868//1407
f 1903//1407 1905//1407 1906//1407
f 1903//1407 1906//1407 1904//1407
f 1897//1407 1867//1407 1899//1407
f 1888//1409 1887//1409 1901//1409
f 1888//1410 1901//1410 1902//1410
f 1871//1407 1903//1407 1904//1407
f 1871//1407 1910//1407 1911//1407
f 1871//1407 1911//1407 1903//1407
f 1868//1407 1871//1407 1872//1407
f 1868//1407 1872//1407 1867//1407
f 1870//1407 1869//1407 1867//1407
f 1870//1407 1867//1407 1872//1407
f 1917//1407 1913//1407 1871//1407
f 1917//1407 1871//1407 1904//1407
f 1916//1407 1900//1407 1870//1407
f 1871//1407 1913//1407 1912//1407
f 1871//1407 1912//1407 1872//1407
f 1914//1407 1915//1407 1872//1407
f 1914//1407 1872//1407 1912//1407
f 1872//1407 1915//1407 1916//1407
f 1872//1407 1916//1407 1870//1407
f 1882//1411 1883//1411 1874//1411
f 1882//1412 1874//1412 1873//1412
f 1884//1413 1883//1413 1882//1413
f 1875//1414 1880//1414 1885//1414
f 1875//1415 1885//1415 1886//1415
f 1875//1416 1874//1416 1881//1416
f 1875//1417 1881//1417 1876//1417
f 1873//1418 1874//1418 1875//1418
f 1875//1418 1876//1418 1877//1418
f 1875//1419 1877//1419 1878//1419
f 1875//1419 1878//1419 1879//1419
f 1875//1414 1879//1414 1880//1414
f 1875//1420 1886//1420 1887//1420
f 1875//1421 1887//1421 1888//1421
f 1867//1407 1897//1407 1896//1407
f 1867//1407 1896//1407 1891//1407
f 1898//1407 1899//1407 1867//1407
f 1898//1407 1867//1407 1869//1407
f 1870//1407 1900//1407 1898//1407
f 1870//1407 1898//1407 1869//1407
f 1894//1407 1895//1407 1868//1407
f 1867//1407 1889//1407 1890//1407
f 1867//1407 1890//1407 1868//1407
f 1867//1407 1891//1407 1892//1407
f 1867//1407 1892//1407 1889//1407
f 1893//1407 1894//1407 1868//1407
f 1893//1407 1868//1407 1890//1407
o Turret_01_havok_s_armor_3_7
v 0.868177 1.961977 0.040829
v 0.935703 1.793473 -0.034154
v 0.986212 1.693528 -0.121709
v 1.017438 1.665902 -0.217795
v 1.027977 1.711897 -0.317923
v 1.017438 1.823124 -0.418499
v 0.072672 2.362669 -0.217813
v 0.132020 2.393974 -0.208932
v 0.121833 2.382527 -0.176216
v 0.150621 2.406317 -0.223888
v 0.133791 2.395988 -0.215476
v 0.072672 2.362669 -0.418315
v 0.062042 2.362669 -0.318297
v 0.121833 2.382495 -0.459911
v 0.132020 2.393974 -0.427195
v 0.141320 2.387547 -0.491225
v 0.133791 2.395988 -0.420652
v 0.150621 2.406317 -0.412239
v 0.200225 2.427101 -0.181825
v 0.141320 2.387547 -0.144903
v 0.187382 2.424447 -0.209400
v 0.191810 2.425503 -0.200052
v 0.154607 2.388250 -0.122001
v 0.233885 2.428124 -0.122001
v 0.200225 2.427101 -0.454303
v 0.191810 2.425503 -0.436075
v 0.187382 2.424447 -0.426728
v 0.251158 2.394997 -0.013104
v 0.242743 2.428124 -0.107045
v 0.188710 2.388250 -0.062645
v 0.273303 2.423264 -0.062645
v 0.270203 2.414695 -0.044418
v 0.201997 2.383997 -0.038342
v 0.267103 2.405453 -0.023386
v 0.210855 2.381535 -0.021984
v 0.939417 2.406317 -0.412239
v 0.956247 2.394933 -0.215943
v 0.924359 2.412264 -0.218747
v 0.902214 2.423776 -0.209867
v 0.938974 2.405390 -0.224823
v 0.968205 2.382495 -0.459911
v 0.958019 2.393974 -0.427195
v 0.889370 2.427101 -0.454303
v 0.948718 2.387547 -0.491225
v 0.902657 2.424447 -0.426728
v 0.898228 2.425503 -0.436075
v 0.955804 2.395988 -0.420652
v 0.948718 2.387547 -0.144903
v 0.889370 2.427101 -0.181825
v 0.968648 2.381471 -0.176684
v 0.960233 2.383646 -0.162663
v 0.935431 2.388250 -0.122001
v 0.856153 2.428124 -0.122001
v 0.847295 2.428124 -0.107045
v 0.901328 2.388250 -0.062645
v 0.817621 2.424064 -0.062645
v 0.879183 2.382143 -0.022451
v 0.823821 2.406221 -0.023853
v 0.823866 2.406517 -0.612395
v 0.661562 2.396061 -0.725408
v 0.839472 2.395876 -0.622789
v 0.879354 2.382211 -0.613943
v 0.901203 2.388236 -0.573470
v 0.847449 2.428122 -0.529238
v 0.817623 2.424129 -0.573470
v 0.511049 2.388467 -0.754160
v 0.536366 2.428468 -0.685821
v 0.484692 2.386458 -0.754602
v 0.579023 2.388467 -0.754160
v 0.553359 2.428468 -0.685821
v 0.573127 2.426968 -0.684494
v 0.629656 2.424313 -0.682061
v 0.272795 2.423898 -0.573470
v 0.266206 2.406355 -0.612395
v 0.456254 2.382535 -0.755486
v 0.428510 2.396291 -0.725408
v 0.460763 2.424775 -0.682503
v 0.250600 2.395645 -0.622789
v 0.210717 2.381219 -0.614385
v 0.191296 2.386343 -0.578557
v 0.243663 2.427845 -0.530344
v -0.707105 1.539108 0.063916
v -0.555569 1.539109 0.188278
v -0.555569 1.513666 0.188279
v -0.707105 1.513666 0.063917
v 0.707108 1.513666 0.063917
v 0.555572 1.513666 0.188279
v 0.555572 1.539108 0.188278
v 0.707108 1.539108 0.063917
v 0.221841 2.362669 0.040830
v 0.221841 2.302392 0.040830
v 0.154281 2.302392 -0.034205
v 0.154281 2.362669 -0.034205
v 0.103798 2.302395 -0.121645
v 0.103797 2.362669 -0.121645
v 0.303525 2.362669 0.100176
v 0.303526 2.302392 0.100177
v 0.845707 1.719108 0.432675
v 0.688321 1.719108 1.087780
v 0.590625 2.160186 0.952927
v 0.656837 2.302108 0.502810
v 0.749551 2.302109 0.116624
v -0.962492 1.592371 0.101421
v -0.989551 1.539108 0.054585
v -0.881171 2.302108 -0.431638
v -0.936022 1.635137 0.159550
v -0.886743 1.697405 0.288885
v -0.910280 1.671263 0.222795
v -1.093912 1.539108 -0.380563
v -0.905123 2.302108 -0.598825
v -1.115830 1.539108 -0.521079
v -1.121323 1.539108 -0.662701
v -0.904415 2.283212 -0.727404
v -1.113354 1.539108 -0.804618
v -0.831469 1.513666 -0.087621
v -0.831469 1.539108 -0.087621
v -0.923878 1.513666 -0.260507
v -0.923878 1.539108 -0.260507
v -0.999999 1.539108 -0.643190
v -0.999999 1.513666 -0.643190
v -0.980785 1.513666 -0.838281
v -0.980785 1.539108 -0.838281
v -0.980785 1.539108 -0.448100
v -0.980785 1.513666 -0.448100
v -0.923878 1.513666 -1.025874
v -0.923878 1.539108 -1.025874
v -0.656829 2.302108 0.502810
v -0.845699 1.719108 0.432675
v -0.865465 1.711816 0.359706
v -0.590618 2.160186 0.952927
v -0.688314 1.719108 1.087780
v 0.786493 2.190372 0.100177
v 0.886751 1.697405 0.288885
v 0.936030 1.635137 0.159550
v 0.910287 1.671263 0.222795
v 0.865473 1.711816 0.359706
v 0.986221 2.362669 -0.121644
v 0.935736 2.362669 -0.034205
v 1.017421 2.362669 -0.217671
v 0.868176 2.362669 0.040830
v 0.786490 2.362669 0.100177
v 1.093919 1.539108 -0.380563
v 0.989561 1.539108 0.054585
v 0.962500 1.592371 0.101421
v 0.831471 1.513666 -0.087621
v 0.831471 1.539108 -0.087621
v 0.923880 1.513666 -0.260507
v 0.923880 1.539108 -0.260507
v 1.121331 1.539108 -0.662701
v 1.115838 1.539108 -0.521079
v 0.986221 1.979425 -0.514525
v 0.935737 2.193275 -0.601965
v 1.027976 2.362669 -0.318085
v 1.017422 2.362669 -0.418500
v 0.986220 2.362669 -0.514524
v 1.113362 1.539108 -0.804618
v 0.904424 2.283212 -0.727403
v 0.904927 2.296618 -0.636185
v 1.000001 1.539108 -0.643190
v 0.980786 1.539108 -0.838281
v 0.980786 1.513666 -0.838281
v 1.000001 1.513666 -0.643190
v 0.980786 1.513666 -0.448100
v 0.980786 1.539108 -0.448100
v 0.923880 1.539108 -1.025874
v 0.923880 1.513666 -1.025874
v 0.072596 2.302395 -0.217671
v 0.072597 2.302395 -0.418499
v 0.062043 2.302395 -0.318085
v 0.103798 2.362669 -0.514525
v 0.154647 2.388237 -0.514385
v 0.103798 2.302395 -0.514525
v 0.202520 2.441751 -0.359695
v 0.202520 2.441751 -0.276525
v 0.222424 2.441751 -0.195770
v 0.261075 2.441751 -0.122127
v 0.222424 2.441751 -0.440448
v 0.233966 2.428120 -0.514167
v 0.261076 2.441751 -0.514092
v 0.330542 2.441751 -0.049839
v 0.887489 2.441751 -0.359695
v 0.887489 2.441751 -0.276525
v 0.867585 2.441751 -0.440449
v 0.935364 2.388239 -0.514384
v 0.856044 2.428120 -0.514167
v 0.828934 2.441751 -0.514092
v 0.828934 2.441751 -0.122128
v 0.867585 2.441751 -0.195771
v 0.821945 2.412514 -0.037664
v 0.839336 2.395795 -0.013429
v 0.834331 2.399160 -0.016634
v 0.737853 2.441750 -0.028965
v 0.794828 2.441751 -0.083704
v 0.773782 2.441751 -0.576346
v 0.787126 2.362669 -0.735980
v 0.869092 2.362669 -0.676175
v 0.705334 2.441751 -0.623592
v 0.627568 2.441751 -0.653084
v 0.654257 2.410282 -0.702509
v 0.660715 2.402666 -0.714470
v 0.694635 2.362669 -0.777289
v 0.647762 2.387442 -0.741521
v 0.660309 2.406686 -0.706814
v 0.935736 2.362669 -0.601965
v 0.469029 2.425449 -0.683037
v 0.545005 2.441751 -0.663109
v 0.462440 2.441751 -0.653084
v 0.634502 2.381272 -0.755745
v 0.595620 2.362669 -0.798393
v 0.494400 2.362669 -0.798393
v 0.302891 2.362669 -0.735981
v 0.395386 2.362669 -0.777291
v 0.384675 2.441751 -0.623591
v 0.316227 2.441751 -0.576346
v 0.444578 2.415197 -0.695782
v 0.435761 2.410286 -0.702504
v 0.429296 2.402660 -0.714481
v 0.429759 2.406782 -0.706857
v 0.220956 2.362669 -0.676122
v 0.161488 2.362669 -0.606221
vn -0.9351 -0.2752 -0.2234
vn -0.9347 -0.2758 -0.2244
vn -0.9345 -0.2763 -0.2243
vn -0.8675 -0.4111 -0.2801
vn -0.9348 -0.2755 -0.2242
vn -0.8819 -0.0000 -0.4714
vn -0.7730 -0.0000 -0.6344
vn -0.9342 -0.2769 -0.2248
vn -0.8660 -0.0000 -0.5000
vn -0.8662 0.0001 -0.4997
vn -0.9340 -0.2771 -0.2253
vn -0.9345 -0.2762 -0.2246
vn -0.9348 -0.2760 -0.2237
vn -0.5878 -0.0000 -0.8090
vn -0.7431 -0.0000 -0.6691
vn -0.7431 -0.0000 -0.6692
vn -0.9511 -0.0000 -0.3090
vn -0.9510 -0.0000 -0.3091
vn -0.9952 -0.0000 0.0980
vn -0.9601 -0.2759 0.0458
vn -0.9607 -0.2756 0.0327
vn -0.9599 -0.2751 0.0539
vn -0.9569 -0.0000 -0.2903
vn -0.9569 -0.0000 0.2903
vn -0.9952 -0.0000 -0.0980
vn -0.9602 -0.2640 -0.0912
vn -0.9407 -0.3058 -0.1467
vn -0.9470 -0.2601 -0.1884
vn -0.9483 -0.3153 -0.0368
vn -0.9600 -0.2582 -0.1082
vn -0.9511 -0.0000 0.3090
vn -0.9510 -0.0000 0.3091
vn -0.9945 -0.0000 0.1045
vn -0.9946 -0.0000 0.1042
vn -0.9945 -0.0000 -0.1045
vn -0.9945 -0.0000 -0.1047
vn 0.9351 -0.2750 -0.2235
vn 0.9349 -0.2755 -0.2240
vn 0.9342 -0.2764 -0.2255
vn 0.9599 -0.2751 0.0539
vn 0.9623 -0.2695 -0.0373
vn 0.9601 -0.2759 0.0458
vn 0.9348 -0.2756 -0.2242
vn 0.7431 -0.0000 -0.6691
vn -0.6344 -0.0000 -0.7730
vn 0.6344 -0.0000 -0.7730
vn -0.9346 -0.2758 -0.2244
vn -0.9347 -0.2757 -0.2245
vn 0.5878 -0.0000 -0.8090
vn 0.8660 -0.0000 -0.5000
vn 0.9345 -0.2762 -0.2246
vn 0.9340 -0.2772 -0.2253
vn 0.9347 -0.2758 -0.2244
vn 0.9569 -0.0000 0.2903
vn -0.9350 -0.2752 -0.2235
vn -0.9346 -0.2759 -0.2246
vn 0.9347 -0.2757 -0.2245
vn 0.9346 -0.2758 -0.2244
vn 0.8819 -0.0000 -0.4714
vn 0.7730 -0.0000 -0.6344
vn 0.9513 -0.2766 -0.1363
vn 0.9500 -0.2748 -0.1482
vn 0.9569 -0.0000 -0.2903
vn 0.9952 -0.0000 -0.0980
vn 0.9952 -0.0000 0.0980
vn -0.4789 -0.8639 0.1556
vn -0.4782 -0.8646 0.1545
vn -0.4371 -0.8706 0.2260
vn -0.4764 -0.8651 0.1569
vn -0.4368 -0.8699 0.2292
vn -0.4385 -0.8690 0.2293
vn -0.4801 -0.8630 0.1576
vn -0.4368 -0.8701 0.2284
vn -0.4385 -0.8696 0.2268
vn -0.4890 -0.8629 -0.1275
vn -0.4375 -0.8698 -0.2280
vn -0.4381 -0.8697 -0.2275
vn -0.4678 -0.8717 -0.1456
vn -0.4695 -0.8712 -0.1435
vn -0.4747 -0.8687 0.1418
vn -0.4758 -0.8729 0.1077
vn -0.4953 -0.8597 -0.1249
vn -0.4963 -0.8592 -0.1239
vn -0.5016 -0.8635 -0.0527
vn -0.4647 -0.8731 -0.1474
vn -0.4698 -0.8709 -0.1447
vn -0.4959 -0.8597 -0.1223
vn -0.4905 -0.8714 -0.0000
vn 0.3633 -0.8729 -0.3257
vn -0.5017 -0.8635 0.0527
vn -0.4780 -0.8708 0.1148
vn -0.4761 -0.8716 0.1173
vn -0.4783 -0.8703 0.1179
vn -0.4648 -0.8771 0.1212
vn -0.4788 -0.8715 0.1063
vn -0.4796 -0.8677 0.1310
vn -0.4777 -0.8642 0.1579
vn -0.4774 -0.8693 0.1281
vn -0.4788 -0.8638 0.1569
vn -0.3397 -0.8724 -0.3514
vn -0.3383 -0.8701 -0.3586
vn -0.3723 -0.8673 -0.3304
vn -0.3714 -0.8687 -0.3277
vn -0.3396 -0.8716 -0.3535
vn -0.3608 -0.8688 -0.3392
vn -0.3721 -0.8671 -0.3312
vn -0.3447 -0.8710 -0.3501
vn -0.3721 -0.8670 -0.3315
vn -0.3699 -0.8674 -0.3330
vn -0.3003 -0.8596 -0.4133
vn -0.3680 -0.8688 -0.3314
vn -0.3682 -0.8674 -0.3347
vn -0.4358 -0.8645 -0.2504
vn -0.4341 -0.8653 -0.2506
vn -0.4960 -0.8597 -0.1223
vn -0.4969 -0.8587 -0.1258
vn -0.4653 -0.8721 -0.1512
vn -0.4318 -0.8649 -0.2558
vn -0.4501 -0.8787 -0.1591
vn -0.4395 -0.8798 -0.1811
vn -0.4350 -0.8710 -0.2283
vn -0.4383 -0.8693 -0.2285
vn -0.3716 -0.8686 -0.3278
vn -0.3701 -0.8660 -0.3363
vn -0.3705 -0.8660 -0.3357
vn -0.4300 -0.8662 -0.2547
vn -0.4351 -0.8650 -0.2500
vn -0.4644 -0.8724 -0.1524
vn -0.4535 -0.8809 -0.1356
vn -0.4368 -0.8705 -0.2267
vn -0.4912 -0.8614 -0.1293
vn 0.3577 -0.8753 -0.3255
vn 0.3621 -0.8733 -0.3260
vn 0.4774 -0.8693 -0.1281
vn 0.4783 -0.8662 -0.1448
vn 0.4761 -0.8715 -0.1174
vn 0.4767 -0.8681 -0.1382
vn 0.4793 -0.8630 -0.1599
vn 0.4802 -0.8638 -0.1527
vn 0.4906 -0.8714 -0.0000
vn 0.5018 -0.8634 -0.0531
vn 0.4786 -0.8706 -0.1142
vn 0.4372 -0.8692 -0.2311
vn 0.4399 -0.8685 -0.2286
vn 0.4353 -0.8708 -0.2285
vn 0.4323 -0.8724 -0.2283
vn 0.4796 -0.8653 -0.1455
vn 0.4761 -0.8715 -0.1173
vn 0.4784 -0.8702 -0.1179
vn 0.4649 -0.8770 -0.1212
vn 0.9945 0.0004 0.1045
vn 0.9944 -0.0015 0.1057
vn 0.9945 -0.0015 -0.1045
vn 0.9945 -0.0004 -0.1052
vn 0.9511 -0.0000 -0.3090
vn 0.9514 -0.0019 -0.3079
vn 0.4802 -0.8633 -0.1554
vn 0.4789 -0.8644 -0.1533
vn 0.4781 -0.8674 -0.1376
vn 0.4790 -0.8708 -0.1109
vn 0.9514 -0.0000 0.3078
vn 0.9511 -0.0021 0.3090
vn 0.4786 -0.8706 0.1144
vn 0.5017 -0.8634 0.0533
vn 0.4781 -0.8674 0.1376
vn 0.4790 -0.8708 0.1109
vn 0.4796 -0.8637 0.1551
vn 0.4789 -0.8642 0.1541
vn 0.4371 -0.8706 0.2256
vn 0.4763 -0.8652 0.1568
vn 0.3635 -0.8719 -0.3281
vn 0.3626 -0.8732 -0.3257
vn 0.3576 -0.8671 -0.3468
vn 0.3573 -0.8685 -0.3434
vn 0.3629 -0.8716 -0.3295
vn 0.3593 -0.8681 -0.3424
vn 0.3592 -0.8666 -0.3463
vn 0.3586 -0.8663 -0.3476
vn 0.4367 -0.8706 -0.2266
vn 0.4760 -0.8652 -0.1575
vn 0.3574 -0.8670 -0.3471
vn 0.4356 -0.8646 -0.2503
vn 0.4339 -0.8654 -0.2505
vn 0.3615 -0.8667 -0.3437
vn 0.4322 -0.8647 -0.2560
vn 0.3661 -0.8736 -0.3206
vn 0.3614 -0.8721 -0.3299
vn 0.4761 -0.8715 0.1174
vn 0.4786 -0.8701 0.1180
vn 0.4650 -0.8769 0.1213
vn 0.4767 -0.8681 0.1382
vn 0.4854 -0.8616 0.1485
vn 0.4775 -0.8644 0.1577
vn 0.4774 -0.8693 0.1281
vn 0.4787 -0.8643 0.1542
vn 0.2935 -0.8665 -0.4039
vn 0.3634 -0.8729 -0.3257
vn 0.4300 -0.8662 -0.2547
vn 0.4351 -0.8650 -0.2500
vn 0.4368 -0.8699 0.2292
vn 0.4326 -0.8720 0.2290
vn 0.4800 -0.8651 0.1457
vn 0.4365 -0.8695 0.2313
vn 0.4405 -0.8684 0.2276
vn 0.1051 -0.8636 0.4931
vn 0.1073 -0.8638 0.4923
vn 0.1061 -0.8636 0.4929
vn 0.1038 -0.8637 0.4933
vn 0.3778 -0.8664 0.3265
vn 0.1745 -0.8706 0.4601
vn 0.1028 -0.8626 0.4953
vn 0.1023 -0.8641 0.4928
vn 0.1024 -0.8618 0.4968
vn -0.1000 -0.8754 0.4730
vn -0.1010 -0.8749 0.4737
vn -0.0622 -0.8568 0.5119
vn -0.0632 -0.8565 0.5123
vn 0.2810 -0.8691 0.4071
vn 0.2050 -0.8644 0.4591
vn 0.0582 -0.8717 0.4865
vn -0.0000 -0.8638 0.5038
vn 0.4317 -0.8601 0.2719
vn 0.4307 -0.8603 0.2728
vn 0.3772 -0.8638 0.3339
vn 0.3787 -0.8661 0.3262
vn 0.4317 -0.8601 0.2716
vn 0.4312 -0.8604 0.2717
vn 0.2953 -0.8657 0.4042
vn 0.3790 -0.8665 0.3249
vn 0.4315 -0.8597 0.2733
vn 0.3775 -0.8635 0.3344
vn 0.3772 -0.8639 0.3339
vn 0.1050 -0.8639 0.4926
vn 0.1035 -0.8619 0.4964
vn 0.1055 -0.8639 0.4925
vn 0.0994 -0.8628 0.4957
vn 0.3801 -0.8665 0.3234
vn 0.3803 -0.8641 0.3297
vn 0.3818 -0.8631 0.3304
vn 0.3784 -0.8667 0.3250
vn 0.3777 -0.8667 0.3259
vn 0.3814 -0.8660 0.3234
vn -0.4337 -0.8654 0.2508
vn -0.3709 -0.8682 0.3295
vn -0.3712 -0.8667 0.3334
vn -0.3680 -0.8673 0.3353
vn -0.3709 -0.8668 0.3333
vn -0.3726 -0.8675 0.3295
vn -0.4343 -0.8651 0.2511
vn -0.4366 -0.8645 0.2489
vn -0.4343 -0.8652 0.2507
vn -0.1998 -0.8718 0.4472
vn -0.1801 -0.8614 0.4750
vn -0.2810 -0.8691 0.4071
vn -0.2950 -0.8658 0.4042
vn -0.3695 -0.8671 0.3341
vn -0.1997 -0.8717 0.4474
vn -0.0608 -0.8565 0.5125
vn -0.0624 -0.8569 0.5117
vn -0.1997 -0.8718 0.4472
vn -0.3708 -0.8687 0.3285
vn -0.3707 -0.8687 0.3284
vn 0.0592 -0.8713 0.4872
vn 0.0592 -0.8713 0.4871
vn -0.0983 -0.8744 0.4752
vn -0.0000 -0.8632 0.5048
vn -0.0621 -0.8573 0.5111
vn -0.0623 -0.8571 0.5113
vn -0.0640 -0.8571 0.5112
vn -0.0630 -0.8567 0.5120
vn -0.0623 -0.8566 0.5122
vn -0.1012 -0.8748 0.4738
vn -0.0998 -0.8744 0.4748
vn -0.3704 -0.8672 0.3329
vn -0.3695 -0.8674 0.3332
vn -0.3725 -0.8673 0.3302
vn -0.3708 -0.8671 0.3325
vn -0.4347 -0.8658 0.2478
vn -0.0000 -0.8630 0.5052
vn -0.0983 -0.8745 0.4750
vn 0.0582 -0.8712 0.4874
vn 0.0592 -0.8709 0.4878
s 0
f 2061//1422 2051//1422 1919//1422
f 2061//1423 1919//1423 1920//1423
f 2060//1424 1920//1424 1921//1424
f 2060//1425 1921//1425 1922//1425
f 2059//1426 2060//1426 1922//1426
f 2063//1427 2065//1427 2064//1427
f 2063//1427 2064//1427 2062//1427
f 2006//1428 2063//1428 2062//1428
f 2006//1428 2062//1428 2003//1428
f 2061//1429 1920//1429 2060//1429
f 1919//1430 2055//1430 2054//1430
f 1919//1431 2054//1431 1920//1431
f 2053//1432 2015//1432 1918//1432
f 2053//1433 1918//1433 2050//1433
f 2052//1434 2050//1434 1919//1434
f 2052//1422 1919//1422 2051//1422
f 2049//1435 2058//1435 2057//1435
f 2049//1435 2057//1435 1918//1435
f 1918//1436 2057//1436 2055//1436
f 1918//1437 2055//1437 1919//1437
f 1920//1438 2054//1438 2056//1438
f 1920//1439 2056//1439 1921//1439
f 2078//1440 2079//1440 2076//1440
f 2078//1440 2076//1440 2077//1440
f 2075//1441 2074//1441 2066//1441
f 2075//1442 2066//1442 2069//1442
f 2073//1443 2066//1443 2074//1443
f 2065//1444 2081//1444 2080//1444
f 2065//1444 2080//1444 2064//1444
f 2077//1445 2082//1445 2083//1445
f 2077//1445 2083//1445 2078//1445
f 2079//1446 2080//1446 2081//1446
f 2079//1446 2081//1446 2076//1446
f 2066//1447 2068//1447 2069//1447
f 2067//1448 2059//1448 1922//1448
f 2067//1449 1922//1449 1923//1449
f 2066//1450 2067//1450 1923//1450
f 2066//1451 1923//1451 2068//1451
f 2071//1452 2072//1452 2068//1452
f 2071//1453 2068//1453 1923//1453
f 2070//1454 2071//1454 1923//1454
f 2070//1455 1923//1455 1922//1455
f 2056//1456 2070//1456 1922//1456
f 2056//1457 1922//1457 1921//1457
f 2025//1458 2023//1458 2022//1458
f 2025//1459 2022//1459 2024//1459
f 2020//1460 2021//1460 2022//1460
f 2020//1458 2022//1458 2023//1458
f 2018//1423 2019//1423 2015//1423
f 2031//1461 2030//1461 2029//1461
f 2027//1462 2028//1462 2029//1462
f 2027//1463 2029//1463 2030//1463
f 2026//1464 2022//1464 2021//1464
f 2009//1465 2010//1465 2007//1465
f 2009//1465 2007//1465 2008//1465
f 2005//1466 2006//1466 2003//1466
f 2005//1466 2003//1466 2004//1466
f 2001//1467 2002//1467 1999//1467
f 2001//1467 1999//1467 2000//1467
f 2017//1468 2018//1468 2015//1468
f 2017//1469 2015//1469 2016//1469
f 2013//1470 2014//1470 2008//1470
f 2013//1470 2008//1470 2007//1470
f 2011//1471 2012//1471 2010//1471
f 2011//1471 2010//1471 2009//1471
f 2046//1472 2024//1472 2022//1472
f 2046//1473 2022//1473 2045//1473
f 2044//1474 2045//1474 2022//1474
f 2042//1475 2043//1475 2039//1475
f 2042//1475 2039//1475 2038//1475
f 1918//1476 1919//1476 2050//1476
f 2049//1477 1918//1477 2015//1477
f 2049//1477 2015//1477 2019//1477
f 2047//1478 2048//1478 2045//1478
f 2047//1479 2045//1479 2044//1479
f 2032//1480 2034//1480 2035//1480
f 2032//1480 2035//1480 2033//1480
f 2032//1481 2033//1481 1999//1481
f 2032//1481 1999//1481 2002//1481
f 2028//1482 2027//1482 2022//1482
f 2028//1483 2022//1483 2026//1483
f 2034//1484 2041//1484 2040//1484
f 2034//1484 2040//1484 2035//1484
f 2040//1485 2041//1485 2037//1485
f 2040//1485 2037//1485 2036//1485
f 2038//1486 2039//1486 2036//1486
f 2038//1486 2036//1486 2037//1486
f 1958//1487 2072//1487 2071//1487
f 1958//1488 2071//1488 1959//1488
f 1961//1489 2101//1489 2072//1489
f 1961//1490 2072//1490 1958//1490
f 2100//1491 2103//1491 2102//1491
f 2100//1492 2102//1492 1960//1492
f 1960//1493 1963//1493 2100//1493
f 1960//1494 2102//1494 2101//1494
f 1960//1495 2101//1495 1961//1495
f 1968//1496 1965//1496 1955//1496
f 1969//1497 1970//1497 1966//1497
f 1969//1498 1966//1498 1965//1498
f 1967//1499 1968//1499 1955//1499
f 1967//1500 1955//1500 1957//1500
f 2071//1501 1953//1501 1964//1501
f 2071//1502 1964//1502 1959//1502
f 1965//1503 1966//1503 1956//1503
f 1965//1504 1956//1504 1955//1504
f 2099//1505 2070//1505 2056//1505
f 2099//1506 2056//1506 1954//1506
f 2099//1507 1957//1507 1955//1507
f 2099//1508 1955//1508 1956//1508
f 2070//1509 2099//1509 2098//1509
f 1952//1510 1945//1510 2007//1510
f 2071//1511 2070//1511 2098//1511
f 2071//1512 2098//1512 1953//1512
f 1962//1513 1953//1513 2098//1513
f 2098//1514 2100//1514 1963//1514
f 2098//1515 1963//1515 1962//1515
f 1962//1516 1959//1516 1964//1516
f 1962//1517 1964//1517 1953//1517
f 1960//1518 1961//1518 1958//1518
f 1960//1488 1958//1488 1959//1488
f 1959//1519 1962//1519 1963//1519
f 1959//1520 1963//1520 1960//1520
f 2109//1521 2106//1521 1975//1521
f 2109//1522 1975//1522 2108//1522
f 2110//1523 2104//1523 1971//1523
f 2110//1524 1971//1524 1973//1524
f 2106//1525 2109//1525 2110//1525
f 2106//1526 2110//1526 1973//1526
f 1974//1527 2107//1527 2106//1527
f 2108//1528 1975//1528 2106//1528
f 2107//1529 1974//1529 2057//1529
f 2107//1530 2057//1530 2108//1530
f 2057//1531 2058//1531 2109//1531
f 2057//1525 2109//1525 2108//1525
f 2057//1532 1974//1532 2055//1532
f 2055//1533 1974//1533 1972//1533
f 2055//1534 1972//1534 1969//1534
f 1969//1535 2054//1535 2055//1535
f 2105//1536 2099//1536 1956//1536
f 2105//1537 1956//1537 1966//1537
f 2054//1538 1968//1538 2056//1538
f 2104//1539 1970//1539 1971//1539
f 1954//1540 1967//1540 1957//1540
f 1954//1541 1957//1541 2099//1541
f 1970//1542 2104//1542 2105//1542
f 1970//1543 2105//1543 1966//1543
f 1971//1544 1972//1544 1973//1544
f 1974//1545 2106//1545 1973//1545
f 1974//1546 1973//1546 1972//1546
f 1972//1547 1971//1547 1970//1547
f 1972//1548 1970//1548 1969//1548
f 1967//1549 1954//1549 2056//1549
f 1967//1550 2056//1550 1968//1550
f 2054//1551 1969//1551 1965//1551
f 2054//1552 1965//1552 1968//1552
f 1950//1553 1952//1553 2007//1553
f 1950//1554 2007//1554 2010//1554
f 1925//1555 1938//1555 1939//1555
f 1925//1556 1939//1556 1936//1556
f 1928//1557 1927//1557 1938//1557
f 1928//1558 1938//1558 1925//1558
f 1936//1559 1937//1559 1926//1559
f 1936//1560 1926//1560 1925//1560
f 1930//1561 2090//1561 2091//1561
f 1924//1562 1930//1562 2091//1562
f 1924//1563 2091//1563 1927//1563
f 1936//1564 1941//1564 1940//1564
f 1936//1565 1940//1565 1937//1565
f 2092//1566 2093//1566 1941//1566
f 2092//1567 1941//1567 1936//1567
f 2092//1568 1936//1568 1939//1568
f 1938//1569 1927//1569 2091//1569
f 2091//1570 2092//1570 1939//1570
f 2091//1571 1939//1571 1938//1571
f 1930//1572 2086//1572 2085//1572
f 1930//1573 2085//1573 1929//1573
f 1924//1574 2084//1574 2086//1574
f 1924//1575 2086//1575 1930//1575
f 2012//1576 2011//1576 2084//1576
f 2012//1577 2084//1577 1924//1577
f 1926//1578 2012//1578 1924//1578
f 1926//1579 1924//1579 1925//1579
f 1928//1580 1925//1580 1924//1580
f 1928//1581 1924//1581 1927//1581
f 2089//1582 2087//1582 1929//1582
f 2089//1583 1929//1583 2085//1583
f 1929//1584 1935//1584 2090//1584
f 1929//1585 2090//1585 1930//1585
f 1929//1586 1932//1586 1934//1586
f 1929//1587 1934//1587 1935//1587
f 1929//1588 2087//1588 1931//1588
f 1929//1589 1931//1589 1932//1589
f 2087//1590 2088//1590 1933//1590
f 2087//1591 1933//1591 1931//1591
f 1945//1592 1952//1592 1950//1592
f 1945//1593 1950//1593 1951//1593
f 2097//1594 1949//1594 1948//1594
f 2097//1595 1948//1595 2093//1595
f 1949//1596 1951//1596 1950//1596
f 1946//1597 1948//1597 1947//1597
f 1948//1598 1949//1598 1950//1598
f 1948//1599 1950//1599 1947//1599
f 1937//1600 1940//1600 2012//1600
f 1937//1601 2012//1601 1926//1601
f 1947//1602 1950//1602 2010//1602
f 1947//1603 2010//1603 1940//1603
f 2012//1604 1940//1604 2010//1604
f 2093//1605 1948//1605 1946//1605
f 2093//1606 1946//1606 1941//1606
f 2097//1607 1945//1607 1951//1607
f 2097//1608 1951//1608 1949//1608
f 1944//1609 2090//1609 1935//1609
f 1943//1610 2094//1610 2090//1610
f 1943//1611 2090//1611 1944//1611
f 1944//1609 1935//1609 1934//1609
f 1944//1612 1934//1612 1932//1612
f 1933//1613 1942//1613 1943//1613
f 1933//1614 1943//1614 1931//1614
f 1943//1615 1944//1615 1932//1615
f 1943//1616 1932//1616 1931//1616
f 2097//1617 2013//1617 2007//1617
f 2097//1618 2007//1618 1945//1618
f 1941//1619 1946//1619 1947//1619
f 1941//1620 1947//1620 1940//1620
f 2095//1621 2096//1621 2094//1621
f 2095//1622 2094//1622 1942//1622
f 1943//1623 1942//1623 2094//1623
f 2088//1624 2095//1624 1942//1624
f 2088//1625 1942//1625 1933//1625
f 2124//1626 2133//1626 2132//1626
f 2124//1627 2132//1627 1994//1627
f 2122//1628 1993//1628 1992//1628
f 2122//1629 1992//1629 1985//1629
f 1990//1630 1991//1630 2131//1630
f 2130//1631 2133//1631 2124//1631
f 2122//1626 2133//1626 2134//1626
f 2122//1632 2134//1632 1993//1632
f 2122//1633 2124//1633 1994//1633
f 2122//1634 1994//1634 2132//1634
f 2126//1635 2125//1635 1986//1635
f 2118//1636 2119//1636 2126//1636
f 2117//1637 2116//1637 2119//1637
f 2117//1638 2119//1638 1977//1638
f 2130//1639 2131//1639 2128//1639
f 2130//1640 2128//1640 2129//1640
f 2127//1641 1983//1641 1985//1641
f 2127//1642 2126//1642 1986//1642
f 2127//1642 1986//1642 1983//1642
f 2135//1631 2133//1631 2130//1631
f 2135//1631 2130//1631 2134//1631
f 2095//1643 2088//1643 1997//1643
f 2095//1644 1997//1644 1998//1644
f 1990//1645 1998//1645 1997//1645
f 1990//1646 1997//1646 1991//1646
f 2088//1647 2087//1647 2137//1647
f 2088//1648 2137//1648 1997//1648
f 2136//1649 2128//1649 2131//1649
f 2136//1650 2131//1650 1991//1650
f 2095//1651 1998//1651 2096//1651
f 2131//1652 2096//1652 1998//1652
f 2131//1653 1998//1653 1990//1653
f 2129//1654 2127//1654 1985//1654
f 2129//1655 1985//1655 1992//1655
f 2129//1656 1992//1656 1993//1656
f 2129//1657 1993//1657 2134//1657
f 2129//1631 2134//1631 2130//1631
f 2137//1658 2136//1658 1996//1658
f 2137//1659 1996//1659 1997//1659
f 1997//1660 1996//1660 1995//1660
f 1997//1661 1995//1661 1991//1661
f 2136//1662 1991//1662 1995//1662
f 2136//1663 1995//1663 1996//1663
f 2121//1664 2101//1664 1980//1664
f 2121//1665 1980//1665 1979//1665
f 2121//1666 1979//1666 2113//1666
f 1978//1667 1976//1667 2113//1667
f 1978//1668 2113//1668 1979//1668
f 1981//1669 1982//1669 1980//1669
f 1980//1670 2101//1670 2102//1670
f 1980//1671 2102//1671 1981//1671
f 2072//1672 2101//1672 2121//1672
f 2115//1673 2116//1673 2112//1673
f 2115//1674 2112//1674 2114//1674
f 2114//1675 2112//1675 2111//1675
f 2111//1676 2112//1676 2113//1676
f 2111//1677 2113//1677 1976//1677
f 2112//1678 2116//1678 2120//1678
f 2112//1673 2120//1673 2117//1673
f 2118//1679 2117//1679 1977//1679
f 2118//1680 1977//1680 2119//1680
f 2112//1681 2117//1681 2118//1681
f 1981//1682 2103//1682 2111//1682
f 1981//1683 2111//1683 1982//1683
f 2123//1684 2124//1684 2122//1684
f 2123//1685 2122//1685 1984//1685
f 1987//1686 1988//1686 2123//1686
f 1987//1687 2123//1687 1984//1687
f 2115//1688 2123//1688 1988//1688
f 2115//1689 1988//1689 1989//1689
f 2116//1690 2115//1690 1989//1690
f 2119//1691 2116//1691 1989//1691
f 2119//1692 1989//1692 1988//1692
f 2125//1693 2119//1693 1988//1693
f 2125//1694 1988//1694 1986//1694
f 1982//1695 2111//1695 1976//1695
f 1982//1696 1976//1696 1978//1696
f 1979//1697 1980//1697 1982//1697
f 1979//1698 1982//1698 1978//1698
f 1981//1699 2102//1699 2103//1699
f 1987//1700 1984//1700 1986//1700
f 1987//1701 1986//1701 1988//1701
f 1983//1700 1986//1700 1984//1700
f 2122//1702 1985//1702 1983//1702
f 2122//1703 1983//1703 1984//1703
o Turret_01_havok_s_armor_9_8
v 0.305547 2.231902 -1.072035
v 0.512199 2.244328 -0.988321
v 0.512199 2.231708 -1.072035
v 0.305547 2.244522 -0.988321
v -0.803666 2.226132 -1.107188
v -0.347050 2.142779 -1.663023
v 0.161342 2.301453 -0.607792
v -0.858039 2.245179 -0.979746
v -0.889623 2.263813 -0.855030
v -0.904415 2.283212 -0.727404
v -0.905122 2.302108 -0.598824
v 0.223382 2.291299 -0.678526
v 0.347059 2.142779 -1.663023
v -0.475395 2.131962 -1.729779
v -0.347050 2.131962 -1.729779
v 0.803675 2.226132 -1.107188
v 0.475404 2.131962 -1.729779
v 0.347059 2.131962 -1.729779
v 0.858047 2.245179 -0.979746
v 0.889631 2.263813 -0.855030
v 0.693374 2.276452 -0.777698
v 0.595186 2.273348 -0.798436
v 0.904424 2.283212 -0.727404
v 0.785169 2.282528 -0.737109
v 0.866574 2.291311 -0.678441
v 0.904926 2.296618 -0.636185
v 0.396645 2.276452 -0.777698
v 0.494832 2.273348 -0.798436
v 0.304849 2.282528 -0.737109
vn -0.0072 -0.9874 0.1578
vn -0.0234 -0.9891 0.1455
vn -0.0031 -0.9888 0.1491
vn -0.0001 -0.9885 0.1511
vn -0.0009 -0.9883 0.1522
vn -0.0050 -0.9888 0.1490
vn -0.0066 -0.9885 0.1510
vn -0.0028 -0.9880 0.1543
vn 0.0007 -0.9885 0.1511
vn -0.0009 -0.9886 0.1503
vn -0.0009 -0.9888 0.1491
vn 0.0011 -0.9887 0.1496
vn 0.0007 -0.9887 0.1496
vn -0.0000 -0.9885 0.1511
vn 0.0006 -0.9894 0.1454
vn 0.0050 -0.9892 0.1464
vn -0.0001 -0.9888 0.1492
vn 0.0006 -0.9890 0.1481
vn 0.0003 -0.9889 0.1486
vn 0.0001 -0.9886 0.1503
vn 0.0006 -0.9890 0.1479
vn -0.0000 -0.9888 0.1491
vn -0.0060 -0.9889 0.1487
vn -0.0009 -0.9887 0.1500
vn -0.0000 -0.9871 0.1599
vn 0.0043 -0.9884 0.1518
vn -0.0008 -0.9887 0.1500
s 0
f 2162//1704 2161//1704 2160//1704
f 2162//1705 2160//1705 2163//1705
f 2153//1706 2156//1706 2159//1706
f 2153//1707 2159//1707 2139//1707
f 2158//1708 2159//1708 2156//1708
f 2158//1709 2156//1709 2157//1709
f 2157//1710 2160//1710 2161//1710
f 2157//1711 2161//1711 2158//1711
f 2139//1712 2165//1712 2164//1712
f 2139//1713 2164//1713 2141//1713
f 2140//1714 2139//1714 2141//1714
f 2140//1714 2141//1714 2138//1714
f 2141//1715 2166//1715 2149//1715
f 2141//1714 2149//1714 2138//1714
f 2166//1716 2141//1716 2164//1716
f 2165//1717 2139//1717 2159//1717
f 2148//1718 2147//1718 2144//1718
f 2149//1719 2144//1719 2143//1719
f 2149//1720 2143//1720 2138//1720
f 2144//1721 2145//1721 2142//1721
f 2144//1722 2142//1722 2143//1722
f 2144//1723 2147//1723 2146//1723
f 2144//1724 2146//1724 2145//1724
f 2150//1725 2138//1725 2143//1725
f 2138//1726 2150//1726 2154//1726
f 2138//1727 2154//1727 2140//1727
f 2155//1728 2154//1728 2150//1728
f 2151//1728 2152//1728 2143//1728
f 2151//1729 2143//1729 2142//1729
f 2153//1714 2139//1714 2140//1714
f 2153//1730 2140//1730 2154//1730
o Turret_01_havok_s_armor_15_9
v -0.656829 2.302108 0.502810
v 0.656837 2.302108 0.502810
v 0.590625 2.160186 0.952927
v -0.590618 2.160186 0.952927
vn -0.0000 -0.9537 -0.3007
s 0
f 2169//1731 2170//1731 2167//1731
f 2169//1731 2167//1731 2168//1731
o Turret_01_havok_s_armor_6_10
v -0.347050 1.654480 -1.689331
v 0.347058 1.652377 -1.689442
v 0.347058 1.665205 -1.733706
v -0.347050 1.668134 -1.733775
v 0.347058 1.683986 -1.760326
v -0.347050 1.686625 -1.760337
v -0.347050 2.020227 -1.733709
v 0.347059 2.017297 -1.733757
v 0.347059 2.037301 -1.668705
v -0.347050 2.039092 -1.668609
v -0.347050 2.001447 -1.760329
v 0.347059 1.998807 -1.760318
vn -0.0024 -0.9605 0.2783
vn -0.0040 -0.9558 0.2939
vn -0.0031 -0.8207 0.5713
vn -0.0034 -0.8171 0.5765
vn 0.0040 0.9559 0.2937
vn 0.0030 0.9605 0.2783
vn 0.0031 0.8207 0.5713
vn 0.0034 0.8171 0.5765
s 0
f 2179//1732 2180//1732 2177//1732
f 2179//1733 2177//1733 2178//1733
f 2181//1734 2182//1734 2178//1734
f 2181//1735 2178//1735 2177//1735
f 2173//1736 2174//1736 2171//1736
f 2173//1737 2171//1737 2172//1737
f 2175//1738 2176//1738 2174//1738
f 2175//1739 2174//1739 2173//1739
o Turret_01_havok_s_armor_20_11
v 0.395385 2.362669 -0.777291
v 0.302891 2.362669 -0.735981
v 0.304849 2.282528 -0.737109
v 0.396645 2.276452 -0.777698
v 0.494400 2.362669 -0.798393
v 0.494832 2.273348 -0.798436
v 0.595620 2.362669 -0.798393
v 0.595186 2.273348 -0.798436
v 0.693374 2.276452 -0.777698
v 0.694635 2.362669 -0.777289
v 0.785169 2.282528 -0.737109
v 0.787125 2.362669 -0.735980
vn -0.0000 -0.0005 1.0000
vn -0.4078 -0.0029 0.9131
vn -0.4045 0.0016 0.9145
vn -0.2085 -0.0016 0.9780
vn -0.2067 0.0005 0.9784
vn 0.4045 0.0016 0.9145
vn 0.4078 -0.0029 0.9131
vn 0.2067 0.0005 0.9784
vn 0.2084 -0.0016 0.9780
s 0
f 2188//1740 2190//1740 2189//1740
f 2188//1740 2189//1740 2187//1740
f 2193//1741 2194//1741 2192//1741
f 2193//1742 2192//1742 2191//1742
f 2191//1743 2192//1743 2189//1743
f 2191//1744 2189//1744 2190//1744
f 2185//1745 2186//1745 2183//1745
f 2185//1746 2183//1746 2184//1746
f 2186//1747 2188//1747 2187//1747
f 2186//1748 2187//1748 2183//1748
o Turret_01_havok_s_armor_22_12
v 0.935737 2.362669 -0.601965
v 0.904926 2.296618 -0.636185
v 0.935737 2.193275 -0.601965
v 0.869091 2.362669 -0.676175
v 0.866574 2.291311 -0.678441
v 0.220956 2.362669 -0.676121
v 0.161488 2.362669 -0.606221
v 0.161342 2.301453 -0.607792
v 0.223382 2.291299 -0.678526
vn 0.7520 0.0033 0.6591
vn 0.7615 -0.0184 0.6479
vn -0.7408 0.0048 0.6717
vn -0.7440 0.0009 0.6682
vn -0.7432 -0.0000 0.6691
s 0
f 2202//1749 2203//1749 2200//1749
f 2202//1750 2200//1750 2201//1750
f 2198//1751 2199//1751 2196//1751
f 2198//1752 2196//1752 2195//1752
f 2195//1753 2196//1753 2197//1753
o Turret_01_havok_s_armor_24_13
v 0.316227 2.441751 -0.576346
v 0.336608 2.515626 -0.553341
v 0.286368 2.515626 -0.496633
v 0.261075 2.441751 -0.514092
v 0.251160 2.515626 -0.429550
v 0.222424 2.441751 -0.440448
v 0.233029 2.515626 -0.355991
v 0.202520 2.441751 -0.359695
v 0.233029 2.515626 -0.280229
v 0.202520 2.441751 -0.276525
v 0.261075 2.441751 -0.122127
v 0.222424 2.441751 -0.195770
v 0.251160 2.515626 -0.206669
v 0.286368 2.515626 -0.139586
v 0.330542 2.441751 -0.049839
v 0.330542 2.515626 -0.089762
v 0.462441 2.441751 -0.653084
v 0.469796 2.515626 -0.623244
v 0.398958 2.515626 -0.596378
v 0.384675 2.441751 -0.623592
v 0.545005 2.441751 -0.663109
v 0.545005 2.515626 -0.632376
v 0.856980 2.515626 -0.280229
v 0.887489 2.441751 -0.276525
v 0.867585 2.441751 -0.195771
v 0.838849 2.515626 -0.206669
v 0.856980 2.515626 -0.355991
v 0.887489 2.441751 -0.359695
v 0.828934 2.441751 -0.122128
v 0.802850 2.515626 -0.143627
v 0.828934 2.441751 -0.514092
v 0.867585 2.441751 -0.440449
v 0.838849 2.515626 -0.429550
v 0.803641 2.515626 -0.496633
v 0.767921 2.515624 -0.098492
v 0.794828 2.441751 -0.083704
v 0.737853 2.441750 -0.028965
v 0.723229 2.515625 -0.055551
v 0.753402 2.515626 -0.553341
v 0.773782 2.441751 -0.576346
v 0.691051 2.515626 -0.596378
v 0.705334 2.441751 -0.623592
v 0.620213 2.515626 -0.623244
v 0.627568 2.441751 -0.653084
vn -0.8974 -0.3817 0.2212
vn -0.6440 -0.3687 -0.6703
vn -0.8184 -0.3817 0.4295
vn -0.9243 -0.3817 -0.0000
vn -0.7916 -0.4111 -0.4520
vn -0.8184 -0.3817 -0.4295
vn -0.3278 -0.3817 0.8642
vn -0.1114 -0.3817 0.9175
vn -0.5251 -0.3817 0.7607
vn -0.5250 -0.3817 0.7607
vn -0.7316 -0.3798 -0.5662
vn -0.6801 -0.4158 -0.6037
vn -0.6918 -0.3817 0.6129
vn -0.8974 -0.3817 -0.2212
vn 0.9243 -0.3817 -0.0000
vn 0.8184 -0.3817 -0.4295
vn 0.8974 -0.3817 0.2212
vn 0.6918 -0.3817 0.6129
vn 0.8184 -0.3817 0.4295
vn 0.1114 -0.3817 0.9175
vn 0.5251 -0.3817 0.7607
vn 0.5250 -0.3817 0.7607
vn 0.3278 -0.3817 0.8642
vn 0.8974 -0.3817 -0.2212
vn 0.7044 -0.3375 -0.6245
vn 0.6670 -0.3798 -0.6410
s 0
f 2236//1754 2235//1754 2231//1754
f 2236//1754 2231//1754 2230//1754
f 2240//1755 2241//1755 2238//1755
f 2240//1755 2238//1755 2239//1755
f 2236//1756 2237//1756 2234//1756
f 2236//1756 2234//1756 2235//1756
f 2230//1757 2231//1757 2227//1757
f 2230//1757 2227//1757 2226//1757
f 2232//1758 2233//1758 2229//1758
f 2232//1759 2229//1759 2228//1759
f 2246//1760 2247//1760 2245//1760
f 2246//1760 2245//1760 2244//1760
f 2247//1761 2246//1761 2225//1761
f 2247//1761 2225//1761 2224//1761
f 2244//1762 2245//1762 2243//1762
f 2244//1763 2243//1763 2242//1763
f 2239//1764 2238//1764 2233//1764
f 2239//1765 2233//1765 2232//1765
f 2242//1766 2243//1766 2234//1766
f 2242//1766 2234//1766 2237//1766
f 2228//1767 2229//1767 2226//1767
f 2228//1767 2226//1767 2227//1767
f 2212//1768 2213//1768 2211//1768
f 2212//1768 2211//1768 2210//1768
f 2216//1769 2217//1769 2214//1769
f 2216//1769 2214//1769 2215//1769
f 2210//1770 2211//1770 2209//1770
f 2210//1770 2209//1770 2208//1770
f 2206//1771 2207//1771 2204//1771
f 2206//1771 2204//1771 2205//1771
f 2206//1772 2208//1772 2209//1772
f 2206//1772 2209//1772 2207//1772
f 2224//1773 2225//1773 2221//1773
f 2224//1773 2221//1773 2220//1773
f 2223//1774 2222//1774 2205//1774
f 2223//1775 2205//1775 2204//1775
f 2222//1776 2223//1776 2220//1776
f 2222//1776 2220//1776 2221//1776
f 2216//1777 2215//1777 2213//1777
f 2216//1777 2213//1777 2212//1777
f 2217//1778 2219//1778 2218//1778
f 2217//1779 2218//1779 2214//1779
o Turret_01_havok_s_armor_25_14
v -0.758356 1.711816 0.359706
v 0.757531 1.711816 0.359706
v -0.673505 1.687245 0.354614
v -0.738604 1.719108 0.432675
v -0.562030 1.719108 0.513703
v -0.518374 1.687245 0.443170
v -0.780371 1.697405 0.288885
v -0.886743 1.697405 0.288885
v -0.865465 1.711816 0.359706
v -0.845700 1.719108 0.432675
v -0.381138 1.719108 0.582963
v -0.352179 1.687245 0.508246
v -0.192285 1.719108 0.624925
v -0.177608 1.687377 0.545159
v 0.518381 1.687245 0.443170
v 0.352187 1.687245 0.508246
v 0.381146 1.719108 0.582963
v 0.562038 1.719108 0.513703
v 0.177616 1.687377 0.545159
v 0.192293 1.719108 0.624925
v 0.000004 1.685897 0.563730
v 0.000003 1.719108 0.648143
v 0.673512 1.687245 0.354614
v 0.738612 1.719108 0.432675
v 0.865472 1.711816 0.359706
v 0.886751 1.697405 0.288885
v 0.778511 1.697405 0.288885
v 0.845707 1.719108 0.432675
vn -0.0442 0.9297 -0.3658
vn -0.0456 0.9311 -0.3620
vn 0.0442 0.9297 -0.3658
vn 0.0456 0.9311 -0.3620
vn -0.0747 0.9312 -0.3567
vn -0.0809 0.9278 -0.3643
vn -0.1288 0.9511 -0.2808
vn -0.1779 0.9334 -0.3116
vn -0.2677 0.9494 -0.1643
vn -0.2558 0.9297 -0.2650
vn -0.0000 0.9950 -0.0994
vn -0.0000 0.9799 -0.1994
vn 0.1779 0.9334 -0.3116
vn 0.1288 0.9511 -0.2808
vn 0.2650 0.9497 -0.1666
vn 0.2531 0.9296 -0.2678
vn -0.1302 0.9313 -0.3401
vn -0.1347 0.9292 -0.3441
vn 0.0747 0.9312 -0.3567
vn 0.0809 0.9278 -0.3643
vn 0.1347 0.9292 -0.3441
vn 0.1302 0.9313 -0.3401
s 0
f 2268//1780 2269//1780 2267//1780
f 2268//1781 2267//1781 2266//1781
f 2260//1782 2269//1782 2268//1782
f 2260//1783 2268//1783 2261//1783
f 2263//1784 2266//1784 2267//1784
f 2263//1785 2267//1785 2264//1785
f 2265//1786 2271//1786 2270//1786
f 2265//1787 2270//1787 2262//1787
f 2270//1788 2271//1788 2249//1788
f 2270//1789 2249//1789 2274//1789
f 2275//1790 2272//1790 2249//1790
f 2275//1790 2249//1790 2271//1790
f 2272//1791 2273//1791 2274//1791
f 2272//1791 2274//1791 2249//1791
f 2248//1790 2256//1790 2257//1790
f 2248//1790 2257//1790 2251//1790
f 2254//1791 2255//1791 2256//1791
f 2254//1791 2256//1791 2248//1791
f 2252//1792 2253//1792 2250//1792
f 2252//1793 2250//1793 2251//1793
f 2248//1794 2251//1794 2250//1794
f 2248//1795 2250//1795 2254//1795
f 2264//1796 2265//1796 2262//1796
f 2264//1797 2262//1797 2263//1797
f 2260//1798 2261//1798 2259//1798
f 2260//1799 2259//1799 2258//1799
f 2258//1800 2259//1800 2253//1800
f 2258//1801 2253//1801 2252//1801
o Turret_01_havok_s_armor_11_15
v -0.382682 1.539102 -1.567070
v -0.382682 1.513666 -1.567070
v -0.195089 1.513666 -1.623975
v -0.195089 1.539101 -1.623975
v 0.000001 1.513666 -1.643190
v 0.000001 1.539100 -1.643190
v -0.555569 1.539103 -1.474660
v -0.555569 1.513666 -1.474660
v 0.195091 1.513666 -1.623975
v 0.382685 1.513666 -1.567069
v 0.382685 1.539102 -1.567069
v 0.195091 1.539101 -1.623975
v 0.555571 1.539103 -1.474659
v 0.555571 1.513666 -1.474660
vn -0.2903 -0.0000 0.9569
vn -0.0980 -0.0000 0.9952
vn -0.4714 -0.0000 0.8819
vn 0.2903 -0.0000 0.9569
vn 0.0980 -0.0000 0.9952
vn 0.4714 -0.0000 0.8819
s 0
f 2286//1802 2287//1802 2284//1802
f 2286//1802 2284//1802 2285//1802
f 2280//1803 2284//1803 2287//1803
f 2280//1803 2287//1803 2281//1803
f 2285//1804 2289//1804 2288//1804
f 2285//1804 2288//1804 2286//1804
f 2278//1805 2279//1805 2276//1805
f 2278//1805 2276//1805 2277//1805
f 2280//1806 2281//1806 2279//1806
f 2280//1806 2279//1806 2278//1806
f 2276//1807 2282//1807 2283//1807
f 2276//1807 2283//1807 2277//1807
o Turret_01_havok_s_armor_13_16
v -0.707106 1.513666 -1.350297
v -0.760848 1.539107 -1.284812
v -0.825783 1.539108 -1.205689
v -0.831469 1.513666 -1.198761
v -0.831469 1.539108 -1.198761
v 0.707108 1.513666 -1.350297
v 0.831471 1.513666 -1.198761
v 0.831471 1.539108 -1.198761
v 0.707108 1.539106 -1.350297
v -0.707106 1.539106 -1.350297
vn -0.7730 -0.0000 0.6344
vn 0.7730 -0.0000 0.6344
s 0
f 2297//1808 2298//1808 2295//1808
f 2297//1808 2295//1808 2296//1808
f 2291//1809 2290//1809 2299//1809
f 2292//1809 2293//1809 2290//1809
f 2292//1809 2290//1809 2291//1809
f 2294//1809 2293//1809 2292//1809
o Turret_01_havok_s_armor_1_17
v -0.347050 1.652436 -1.897572
v -0.347050 1.709318 -1.933313
v -0.497823 1.709318 -1.933313
v -0.537292 1.652436 -1.897572
v -0.347050 1.772727 -1.955501
v -0.464018 1.772727 -1.955501
v -0.437572 1.839483 -1.963023
v -0.347050 1.839483 -1.963023
v -0.419812 1.906240 -1.955501
v -0.347050 1.906240 -1.955501
v -0.347050 1.969648 -1.933313
v -0.411627 1.969648 -1.933313
v 0.347058 1.539099 -1.695544
v 0.347058 1.652377 -1.689442
v -0.347050 1.654480 -1.689331
v -0.347050 1.539099 -1.695547
v -0.347050 2.142779 -1.663023
v -0.347050 2.039092 -1.668609
v 0.347059 2.037301 -1.668705
v 0.347059 2.142779 -1.663023
v 0.347059 1.772727 -1.955501
v 0.464027 1.772727 -1.955501
v 0.437581 1.839483 -1.963022
v 0.347059 1.839483 -1.963022
v 0.419820 1.906240 -1.955501
v 0.347059 1.906240 -1.955501
v 0.347059 1.709318 -1.933313
v 0.497832 1.709318 -1.933313
v 0.347059 1.652436 -1.897572
v 0.537301 1.652436 -1.897572
v 0.411636 1.969648 -1.933313
v 0.413437 2.026530 -1.897572
v 0.347059 2.026530 -1.897572
v 0.347059 1.969648 -1.933313
v -0.347050 2.026530 -1.897572
v -0.413428 2.026530 -1.897572
vn -0.0000 0.3303 0.9439
vn -0.0000 -0.1120 0.9937
vn -0.0000 0.1120 0.9937
vn -0.0000 0.5320 0.8467
vn -0.0000 -0.5320 0.8467
vn -0.0000 -0.3303 0.9439
vn -0.0000 -0.0538 0.9986
s 0
f 2326//1810 2327//1810 2321//1810
f 2326//1810 2321//1810 2320//1810
f 2324//1811 2325//1811 2323//1811
f 2324//1811 2323//1811 2322//1811
f 2322//1812 2323//1812 2320//1812
f 2322//1812 2320//1812 2321//1812
f 2328//1813 2329//1813 2327//1813
f 2328//1813 2327//1813 2326//1813
f 2334//1814 2335//1814 2311//1814
f 2334//1814 2311//1814 2310//1814
f 2330//1815 2333//1815 2325//1815
f 2330//1815 2325//1815 2324//1815
f 2332//1814 2333//1814 2330//1814
f 2332//1814 2330//1814 2331//1814
f 2304//1812 2307//1812 2306//1812
f 2304//1812 2306//1812 2305//1812
f 2301//1810 2304//1810 2305//1810
f 2301//1810 2305//1810 2302//1810
f 2302//1813 2303//1813 2300//1813
f 2302//1813 2300//1813 2301//1813
f 2307//1811 2309//1811 2308//1811
f 2307//1811 2308//1811 2306//1811
f 2318//1816 2319//1816 2316//1816
f 2318//1816 2316//1816 2317//1816
f 2314//1816 2315//1816 2312//1816
f 2314//1816 2312//1816 2313//1816
f 2309//1815 2310//1815 2311//1815
f 2309//1815 2311//1815 2308//1815
o Turret_01_havok_s_armor_2_18
v 0.974283 1.539108 -1.205689
v 0.803674 2.226132 -1.107188
v 0.475403 2.131962 -1.729779
v 0.684749 1.539096 -1.707178
v -0.475394 2.131962 -1.729779
v -0.803667 2.226132 -1.107188
v -0.974274 1.539108 -1.205689
v -0.684744 1.539099 -1.707178
v -0.580446 1.604934 -1.850069
v -0.537292 1.652436 -1.897572
v -0.625120 1.569192 -1.793187
v -0.497823 1.709318 -1.933313
v -0.446132 2.109774 -1.793188
v -0.464018 1.772727 -1.955501
v -0.425126 2.074033 -1.850069
v -0.437572 1.839483 -1.963023
v -0.413429 2.026530 -1.897572
v -0.419812 1.906240 -1.955501
v -0.411627 1.969648 -1.933313
v 0.497832 1.709318 -1.933313
v 0.537301 1.652436 -1.897572
v 0.580454 1.604934 -1.850069
v 0.446141 2.109774 -1.793188
v 0.464027 1.772727 -1.955501
v 0.437581 1.839483 -1.963022
v 0.411635 1.969648 -1.933313
v 0.419820 1.906240 -1.955501
v 0.425134 2.074033 -1.850069
v 0.413437 2.026530 -1.897571
v 0.625130 1.569193 -1.793187
vn -0.8325 -0.2756 0.4806
vn 0.8325 -0.2756 0.4806
vn -0.8325 -0.2757 0.4806
s 0
f 2338//1817 2358//1817 2359//1817
f 2338//1817 2359//1817 2355//1817
f 2356//1817 2357//1817 2338//1817
f 2356//1817 2338//1817 2355//1817
f 2351//1818 2353//1818 2354//1818
f 2351//1818 2354//1818 2352//1818
f 2359//1817 2358//1817 2360//1817
f 2338//1817 2357//1817 2365//1817
f 2338//1817 2365//1817 2339//1817
f 2358//1819 2363//1819 2364//1819
f 2358//1817 2364//1817 2361//1817
f 2358//1817 2361//1817 2362//1817
f 2358//1817 2362//1817 2360//1817
f 2340//1818 2346//1818 2344//1818
f 2340//1818 2344//1818 2345//1818
f 2342//1818 2343//1818 2340//1818
f 2342//1818 2340//1818 2341//1818
f 2338//1817 2339//1817 2336//1817
f 2338//1817 2336//1817 2337//1817
f 2343//1818 2346//1818 2340//1818
f 2351//1818 2352//1818 2350//1818
f 2351//1818 2350//1818 2349//1818
f 2349//1818 2350//1818 2348//1818
f 2349//1818 2348//1818 2347//1818
f 2347//1818 2348//1818 2340//1818
f 2347//1818 2340//1818 2345//1818
o Turret_01_havok_s_armor_7_19
v -1.035199 1.539108 -1.077185
v -0.803666 2.226133 -1.107188
v -0.858039 2.245179 -0.979746
v -1.080687 1.539108 -0.942954
v -0.974274 1.539108 -1.205689
v -0.889623 2.263813 -0.855030
v -1.113354 1.539108 -0.804618
v -0.904414 2.283212 -0.727404
v 0.858047 2.245179 -0.979746
v 0.803674 2.226133 -1.107188
v 1.035207 1.539108 -1.077185
v 1.080695 1.539108 -0.942954
v 0.974282 1.539108 -1.205689
v 0.889631 2.263813 -0.855030
v 1.113362 1.539108 -0.804618
v 0.904423 2.283212 -0.727404
vn -0.8688 -0.2748 0.4119
vn -0.8689 -0.2748 0.4118
vn -0.9116 -0.2713 0.3089
vn -0.9473 -0.2818 0.1526
vn -0.9361 -0.2736 0.2210
vn -0.9211 -0.2761 0.2745
vn 0.8688 -0.2748 0.4119
vn 0.8689 -0.2748 0.4118
vn 0.9116 -0.2713 0.3089
vn 0.9473 -0.2818 0.1526
vn 0.9361 -0.2736 0.2210
vn 0.9211 -0.2761 0.2745
s 0
f 2378//1820 2376//1820 2375//1820
f 2374//1821 2375//1821 2376//1821
f 2374//1822 2376//1822 2377//1822
f 2379//1823 2380//1823 2381//1823
f 2377//1824 2380//1824 2379//1824
f 2377//1825 2379//1825 2374//1825
f 2366//1826 2370//1826 2367//1826
f 2366//1827 2367//1827 2368//1827
f 2366//1828 2368//1828 2369//1828
f 2371//1829 2373//1829 2372//1829
f 2371//1830 2372//1830 2369//1830
f 2371//1831 2369//1831 2368//1831
o Turret_01_havok_s_armor_12_20
v 0.707108 1.539106 -1.350297
v 0.555571 1.539103 -1.474659
v 0.555571 1.513666 -1.474660
v 0.707108 1.513666 -1.350297
v -0.707106 1.513666 -1.350297
v -0.555569 1.513666 -1.474660
v -0.555569 1.539103 -1.474660
v -0.707106 1.539106 -1.350297
vn 0.6344 -0.0000 0.7730
vn -0.6344 -0.0000 0.7730
s 0
f 2388//1832 2389//1832 2386//1832
f 2388//1832 2386//1832 2387//1832
f 2384//1833 2385//1833 2382//1833
f 2384//1833 2382//1833 2383//1833
o Turret_01_havok_s_armor_14_21
v -0.831469 1.513666 -1.198761
v -0.831469 1.539108 -1.198761
v -0.923878 1.539108 -1.025874
v -0.923878 1.513666 -1.025874
v 0.923881 1.539108 -1.025874
v 0.831471 1.539108 -1.198761
v 0.831471 1.513666 -1.198761
v 0.923881 1.513666 -1.025874
vn -0.8819 -0.0000 0.4714
vn 0.8819 -0.0000 0.4714
s 0
f 2396//1834 2397//1834 2394//1834
f 2396//1834 2394//1834 2395//1834
f 2392//1835 2393//1835 2390//1835
f 2392//1835 2390//1835 2391//1835
o Turret_01_havok_s_armor_17_22
v -0.537292 1.652436 -1.897572
v -0.580446 1.604934 -1.850069
v -0.347050 1.604934 -1.850069
v -0.347050 1.652436 -1.897572
v -0.347050 2.074033 -1.850069
v -0.425125 2.074033 -1.850069
v -0.413428 2.026530 -1.897572
v -0.347050 2.026530 -1.897572
v 0.537301 1.652436 -1.897572
v 0.347059 1.652436 -1.897572
v 0.347059 1.604934 -1.850069
v 0.580454 1.604934 -1.850069
v 0.347059 2.074033 -1.850069
v 0.347059 2.026530 -1.897572
v 0.413437 2.026530 -1.897572
v 0.425134 2.074033 -1.850069
vn -0.0000 0.7071 0.7071
vn -0.0000 -0.7071 0.7071
s 0
f 2408//1836 2409//1836 2406//1836
f 2408//1836 2406//1836 2407//1836
f 2412//1837 2413//1837 2410//1837
f 2412//1837 2410//1837 2411//1837
f 2400//1836 2401//1836 2398//1836
f 2400//1836 2398//1836 2399//1836
f 2404//1837 2405//1837 2402//1837
f 2404//1837 2402//1837 2403//1837
o Turret_01_havok_s_armor_18_23
v -0.580446 1.604934 -1.850069
v -0.625120 1.569192 -1.793187
v -0.347050 1.569193 -1.793187
v -0.347050 1.604934 -1.850069
v -0.347050 2.109774 -1.793188
v -0.446132 2.109774 -1.793188
v -0.425125 2.074033 -1.850069
v -0.347050 2.074033 -1.850069
v 0.580454 1.604934 -1.850069
v 0.347059 1.604934 -1.850069
v 0.347059 1.569193 -1.793187
v 0.625129 1.569193 -1.793187
v 0.425134 2.074033 -1.850069
v 0.446141 2.109774 -1.793188
v 0.347059 2.109774 -1.793188
v 0.347059 2.074033 -1.850069
vn -0.0000 0.8467 0.5320
vn -0.0000 -0.8467 0.5320
s 0
f 2424//1838 2425//1838 2422//1838
f 2424//1838 2422//1838 2423//1838
f 2428//1839 2429//1839 2426//1839
f 2428//1839 2426//1839 2427//1839
f 2416//1838 2417//1838 2414//1838
f 2416//1838 2414//1838 2415//1838
f 2420//1839 2421//1839 2418//1839
f 2420//1839 2418//1839 2419//1839
o Turret_01_havok_s_armor_21_24
v 0.787125 2.362669 -0.735980
v 0.785169 2.282528 -0.737109
v 0.866574 2.291311 -0.678441
v 0.869091 2.362669 -0.676175
v 0.302891 2.362669 -0.735981
v 0.220956 2.362669 -0.676121
v 0.223382 2.291299 -0.678526
v 0.304850 2.282528 -0.737109
vn 0.5840 0.0028 0.8117
vn 0.5899 -0.0072 0.8074
vn -0.5894 -0.0049 0.8078
vn -0.5849 0.0028 0.8111
s 0
f 2436//1840 2437//1840 2434//1840
f 2436//1841 2434//1841 2435//1841
f 2432//1842 2433//1842 2430//1842
f 2432//1843 2430//1843 2431//1843
o Turret_01_havok_s_armor_23_25
v 0.103797 2.302395 -0.514525
v 0.161343 2.301453 -0.607792
v 0.161488 2.362669 -0.606221
v 0.103797 2.362669 -0.514525
v 0.935737 2.193275 -0.601965
v 0.986221 1.979425 -0.514525
v 0.986220 2.362669 -0.514524
v 0.935736 2.362669 -0.601965
vn -0.8660 -0.0000 0.5000
vn 0.8464 -0.0000 0.5325
vn 0.8509 -0.0155 0.5251
s 0
f 2444//1844 2445//1844 2442//1844
f 2444//1844 2442//1844 2443//1844
f 2440//1845 2441//1845 2438//1845
f 2440//1846 2438//1846 2439//1846
o Hull_havok_s_armor_19_0
v -0.667994 0.456830 2.509763
v -0.667994 0.757438 3.154424
v 0.668003 0.757438 3.154424
v 0.668003 0.456830 2.509763
vn -0.0000 0.9063 -0.4226
s 0
f 2448//1847 2449//1847 2446//1847
f 2448//1847 2446//1847 2447//1847
o Hull_havok_s_armor_8_1
v -0.893624 1.513666 -0.273038
v -0.948666 1.513666 -0.454489
v -0.683950 1.513667 -1.327141
v -0.804240 1.513666 -0.105814
v -0.967252 1.513666 -0.643190
v -0.948666 1.513666 -0.831891
v -0.893624 1.513666 -1.013342
v -0.804240 1.513666 -1.180567
v -0.683951 1.513666 0.040761
v 0.804242 1.513666 -0.105814
v 0.683951 1.513666 0.040761
v 0.537378 1.513666 0.161050
v 0.893626 1.513666 -0.273038
v 0.948668 1.513666 -0.454489
v 0.370152 1.513666 0.250435
v 0.188702 1.513666 0.305478
v 0.000000 1.513666 0.324062
v -0.188701 1.513666 0.305478
v -0.370151 1.513666 0.250435
v -0.537376 1.513666 0.161050
v 0.948668 1.513666 -0.831891
v 0.967253 1.513666 -0.643190
v 0.893626 1.513666 -1.013342
v 0.683951 1.513669 -1.327141
v 0.804242 1.513667 -1.180567
v 0.370152 1.513669 -1.536814
v 0.537378 1.513669 -1.447431
v 0.188702 1.513668 -1.591857
v -0.188700 1.513668 -1.591857
v 0.000000 1.513668 -1.610443
v -0.537376 1.513667 -1.447431
v -0.370151 1.513668 -1.536815
vn -0.0000 -1.0000 -0.0000
s 0
f 2470//1848 2452//1848 2472//1848
f 2452//1848 2473//1848 2474//1848
f 2452//1848 2474//1848 2472//1848
f 2452//1848 2468//1848 2469//1848
f 2452//1848 2469//1848 2458//1848
f 2452//1848 2470//1848 2471//1848
f 2452//1848 2471//1848 2463//1848
f 2452//1848 2480//1848 2481//1848
f 2452//1848 2481//1848 2478//1848
f 2473//1848 2452//1848 2476//1848
f 2452//1848 2477//1848 2475//1848
f 2452//1848 2475//1848 2476//1848
f 2452//1848 2478//1848 2479//1848
f 2452//1848 2479//1848 2477//1848
f 2468//1848 2452//1848 2467//1848
f 2456//1848 2457//1848 2452//1848
f 2456//1848 2452//1848 2455//1848
f 2453//1848 2452//1848 2458//1848
f 2452//1848 2453//1848 2450//1848
f 2452//1848 2450//1848 2451//1848
f 2454//1848 2455//1848 2452//1848
f 2454//1848 2452//1848 2451//1848
f 2464//1848 2465//1848 2452//1848
f 2464//1848 2452//1848 2461//1848
f 2466//1848 2467//1848 2452//1848
f 2466//1848 2452//1848 2465//1848
f 2460//1848 2461//1848 2452//1848
f 2460//1848 2452//1848 2459//1848
f 2452//1848 2463//1848 2462//1848
f 2452//1848 2462//1848 2459//1848
o Hull_havok_s_surveyingDevice_2
v -0.275985 1.397066 -2.315243
v -0.393687 1.397066 -2.216573
v -0.271754 1.397396 -2.309859
v -0.389071 1.397396 -2.211188
v 0.393686 1.397066 -2.216573
v 0.275984 1.397066 -2.315243
v 0.389070 1.397396 -2.211188
v 0.271752 1.397396 -2.309859
v 0.076736 1.397066 -2.373211
v -0.076738 1.397066 -2.373211
v 0.076736 1.397396 -2.366242
v -0.076738 1.397396 -2.366242
v -0.393681 1.382412 -2.216491
v -0.380634 1.380364 -2.227437
v -0.382912 1.386618 -2.203656
v -0.375752 1.385767 -2.208650
v -0.271044 1.374952 -2.283757
v -0.276064 1.366191 -2.315171
v -0.257427 1.373038 -2.292961
v -0.271589 1.367993 -2.309837
v 0.393680 1.382413 -2.216491
v 0.380641 1.380366 -2.227430
v 0.382911 1.386618 -2.203656
v 0.375759 1.385769 -2.208644
v 0.271053 1.374954 -2.283750
v 0.276062 1.366192 -2.315171
v 0.257426 1.373038 -2.292961
v 0.271598 1.367990 -2.309850
v -0.076783 1.353095 -2.373184
v 0.000005 1.353717 -2.373185
v 0.076748 1.353095 -2.373184
v 0.076748 1.365408 -2.337283
v 0.076748 1.359253 -2.359915
v 0.000005 1.365356 -2.337078
v -0.076782 1.365448 -2.337136
v -0.076782 1.359254 -2.359913
vn 0.7666 0.0035 0.6421
vn 0.7862 -0.0040 0.6180
vn -0.0000 0.0006 1.0000
vn 0.4770 -0.6704 -0.5684
vn 0.4760 -0.6732 -0.5659
vn -0.6428 0.0002 0.7661
vn 0.4769 -0.6728 -0.5656
vn 0.7655 -0.0038 0.6435
vn -0.0003 -0.6735 -0.7392
vn 1.0000 -0.0011 0.0003
vn 1.0000 -0.0010 0.0004
vn 1.0000 -0.0012 0.0001
vn -0.0015 -0.6751 -0.7377
vn -0.0000 -0.6711 -0.7413
vn -0.0000 -0.9989 0.0473
vn -1.0000 -0.0003 0.0001
vn -1.0000 -0.0003 -0.0000
vn -0.4766 -0.6701 -0.5691
vn -0.4770 -0.6703 -0.5684
vn -0.4760 -0.6732 -0.5659
vn 0.6428 0.0002 0.7661
vn 0.6427 0.0002 0.7661
vn 0.6424 0.0045 0.7663
vn 0.0310 -0.9988 0.0368
vn 0.0299 -0.9989 0.0356
vn 0.7675 -0.0093 -0.6410
vn 0.7593 -0.0034 -0.6507
vn -0.0310 -0.9988 0.0368
vn -0.0299 -0.9989 0.0356
vn -0.7675 -0.0093 -0.6410
vn -0.7593 -0.0034 -0.6507
vn 0.4766 -0.6701 -0.5691
vn -0.4769 -0.6728 -0.5656
vn -0.7655 -0.0038 0.6435
vn -0.7666 0.0035 0.6421
vn -0.7862 -0.0040 0.6180
vn -0.6428 0.0003 0.7661
vn -0.6424 0.0045 0.7663
s 0
f 2509//1849 2507//1849 2487//1849
f 2509//1850 2487//1850 2489//1850
f 2510//1851 2511//1851 2490//1851
f 2510//1851 2490//1851 2491//1851
f 2490//1851 2511//1851 2512//1851
f 2488//1852 2505//1852 2506//1852
f 2488//1853 2506//1853 2489//1853
f 2507//1854 2503//1854 2487//1854
f 2489//1855 2506//1855 2508//1855
f 2489//1856 2508//1856 2509//1856
f 2493//1857 2515//1857 2516//1857
f 2493//1858 2516//1858 2517//1858
f 2517//1859 2510//1859 2491//1859
f 2517//1860 2491//1860 2493//1860
f 2513//1861 2515//1861 2493//1861
f 2513//1862 2493//1862 2492//1862
f 2492//1863 2493//1863 2491//1863
f 2492//1863 2491//1863 2490//1863
f 2513//1864 2492//1864 2514//1864
f 2490//1864 2512//1864 2514//1864
f 2490//1865 2514//1865 2492//1865
f 2496//1866 2485//1866 2497//1866
f 2498//1867 2497//1867 2485//1867
f 2498//1868 2485//1868 2484//1868
f 2499//1869 2482//1869 2495//1869
f 2494//1870 2495//1870 2482//1870
f 2494//1871 2482//1871 2483//1871
f 2482//1872 2484//1872 2485//1872
f 2482//1873 2485//1873 2483//1873
f 2485//1874 2496//1874 2494//1874
f 2485//1875 2494//1875 2483//1875
f 2488//1876 2489//1876 2487//1876
f 2488//1877 2487//1877 2486//1877
f 2502//1878 2504//1878 2488//1878
f 2502//1879 2488//1879 2486//1879
f 2504//1880 2505//1880 2488//1880
f 2500//1881 2498//1881 2484//1881
f 2500//1882 2484//1882 2501//1882
f 2482//1883 2499//1883 2501//1883
f 2482//1884 2501//1884 2484//1884
f 2487//1885 2503//1885 2502//1885
f 2487//1886 2502//1886 2486//1886
o Hull_havok_s_armor_1_3
v -0.810499 1.122845 -2.597992
v -0.876435 1.174163 -2.431639
v -0.076636 1.353041 -2.373184
v -0.000424 1.353717 -2.373184
v 0.810508 1.122845 -2.597992
v 0.876444 1.174163 -2.431639
v 0.076645 1.353041 -2.373184
v -0.661235 1.360134 -2.182013
v -0.770459 1.360133 -2.110835
v -0.728406 1.049569 -2.820965
v -0.977224 1.302713 -2.089069
v -0.947379 1.093473 -2.596267
v -0.864408 1.360131 -2.035649
v -0.797167 1.049569 -2.779587
v -0.760163 0.951034 -3.057117
v -0.704057 0.951326 -3.059505
v -0.580608 0.949925 -3.112556
v -0.513976 0.948078 -3.144274
v -0.400324 1.358573 -2.303211
v -0.545217 1.360121 -2.244580
v -0.414837 0.948484 -3.184527
v -0.135886 1.360117 -2.357042
v -0.272205 1.360123 -2.339330
v -0.314246 0.948646 -3.212560
v -0.211513 0.948928 -3.230483
v -0.104431 0.949393 -3.242573
v -0.076783 1.359254 -2.359913
v 0.000004 0.949457 -3.246999
v 0.770469 1.360133 -2.110835
v 0.661244 1.360134 -2.182013
v 0.728415 1.049569 -2.820965
v 0.947388 1.093473 -2.596267
v 0.977233 1.302713 -2.089069
v 0.864418 1.360131 -2.035649
v 0.797177 1.049569 -2.779587
v 0.704067 0.951326 -3.059505
v 0.760172 0.951034 -3.057117
v 0.580618 0.949925 -3.112556
v 0.545227 1.360121 -2.244580
v 0.400333 1.358573 -2.303211
v 0.513985 0.948078 -3.144274
v 0.414847 0.948484 -3.184527
v 0.135895 1.360117 -2.357042
v 0.211522 0.948928 -3.230483
v 0.314256 0.948646 -3.212560
v 0.272214 1.360123 -2.339330
v 0.104440 0.949393 -3.242573
v -0.000017 1.359254 -2.359914
v 0.076748 1.359253 -2.359915
vn -0.0211 -0.9237 0.3826
vn -0.1572 -0.9074 0.3898
vn -0.1719 -0.8943 0.4132
vn -0.1590 -0.8951 0.4165
vn -0.1715 -0.8943 0.4133
vn -0.2001 -0.9111 0.3604
vn -0.1444 -0.9117 0.3846
vn -0.2553 -0.8781 0.4046
vn -0.3164 -0.8623 0.3954
vn -0.3215 -0.8614 0.3932
vn -0.1987 -0.9037 0.3792
vn -0.2279 -0.8970 0.3787
vn -0.2119 -0.8869 0.4105
vn -0.2198 -0.8863 0.4077
vn -0.0000 -0.9057 0.4240
vn 0.0082 -0.9230 0.3848
vn -0.0000 -0.9229 0.3850
vn -0.0080 -0.9056 0.4241
vn -0.0074 -0.9056 0.4241
vn -0.0183 -0.9074 0.4198
vn -0.0080 -0.9071 0.4209
vn -0.0550 -0.9043 0.4234
vn -0.0756 -0.9047 0.4193
vn -0.1181 -0.9004 0.4186
vn -0.1284 -0.9000 0.4167
vn -0.0515 -0.9053 0.4217
vn -0.0063 -0.9071 0.4209
vn 0.2001 -0.9111 0.3604
vn 0.0211 -0.9237 0.3826
vn 0.1572 -0.9074 0.3898
vn 0.1590 -0.8951 0.4165
vn 0.1719 -0.8943 0.4132
vn 0.1987 -0.9037 0.3792
vn 0.2279 -0.8970 0.3787
vn 0.2901 -0.8723 0.3935
vn 0.2638 -0.8755 0.4048
vn 0.1444 -0.9117 0.3846
vn 0.2553 -0.8781 0.4046
vn 0.3164 -0.8623 0.3954
vn 0.3215 -0.8614 0.3932
vn 0.1715 -0.8943 0.4133
vn 0.0074 -0.9056 0.4241
vn 0.0183 -0.9074 0.4198
vn 0.0081 -0.9071 0.4209
vn -0.2901 -0.8723 0.3935
vn -0.2638 -0.8755 0.4048
vn 0.0515 -0.9053 0.4217
vn 0.0063 -0.9071 0.4209
vn 0.2119 -0.8869 0.4105
vn 0.2198 -0.8863 0.4077
vn 0.0756 -0.9047 0.4193
vn 0.0550 -0.9043 0.4234
vn 0.1181 -0.9004 0.4186
vn 0.1284 -0.9000 0.4167
s 0
f 2553//1887 2554//1887 2548//1887
f 2553//1888 2548//1888 2555//1888
f 2557//1889 2558//1889 2555//1889
f 2557//1890 2555//1890 2556//1890
f 2559//1891 2558//1891 2557//1891
f 2523//1892 2522//1892 2549//1892
f 2523//1893 2549//1893 2550//1893
f 2523//1894 2550//1894 2551//1894
f 2523//1895 2551//1895 2546//1895
f 2523//1896 2546//1896 2522//1896
f 2552//1897 2549//1897 2522//1897
f 2552//1898 2522//1898 2548//1898
f 2556//1899 2555//1899 2548//1899
f 2556//1900 2548//1900 2547//1900
f 2565//1901 2544//1901 2520//1901
f 2565//1902 2520//1902 2521//1902
f 2566//1903 2565//1903 2521//1903
f 2566//1904 2521//1904 2524//1904
f 2566//1905 2524//1905 2560//1905
f 2521//1906 2545//1906 2564//1906
f 2521//1907 2564//1907 2524//1907
f 2562//1908 2563//1908 2560//1908
f 2562//1909 2560//1909 2561//1909
f 2563//1910 2562//1910 2559//1910
f 2563//1911 2559//1911 2557//1911
f 2564//1912 2561//1912 2560//1912
f 2564//1913 2560//1913 2524//1913
f 2519//1914 2529//1914 2518//1914
f 2527//1915 2532//1915 2533//1915
f 2527//1916 2533//1916 2534//1916
f 2536//1917 2537//1917 2534//1917
f 2536//1918 2534//1918 2535//1918
f 2518//1919 2529//1919 2531//1919
f 2518//1920 2531//1920 2527//1920
f 2518//1921 2527//1921 2525//1921
f 2518//1922 2525//1922 2526//1922
f 2528//1923 2529//1923 2519//1923
f 2528//1924 2519//1924 2530//1924
f 2526//1925 2530//1925 2519//1925
f 2526//1926 2519//1926 2518//1926
f 2538//1927 2536//1927 2535//1927
f 2544//1928 2539//1928 2520//1928
f 2543//1929 2545//1929 2521//1929
f 2543//1930 2521//1930 2520//1930
f 2547//1931 2548//1931 2522//1931
f 2547//1932 2522//1932 2546//1932
f 2539//1933 2542//1933 2543//1933
f 2539//1934 2543//1934 2520//1934
f 2527//1935 2534//1935 2537//1935
f 2527//1936 2537//1936 2525//1936
f 2541//1937 2542//1937 2539//1937
f 2541//1938 2539//1938 2540//1938
f 2538//1939 2541//1939 2540//1939
f 2538//1940 2540//1940 2536//1940
o Hull_havok_s_armor_2_4
v 0.375602 1.385767 -2.208619
v 0.382910 1.386618 -2.203656
v 0.257517 1.373043 -2.293002
v 0.270979 1.374954 -2.283728
v 0.380602 1.380366 -2.227429
v 0.393680 1.382412 -2.216457
v 0.000192 1.365356 -2.337022
v 0.076735 1.365408 -2.337283
v -0.076737 1.365450 -2.337153
v 0.271749 1.367995 -2.309852
v 0.275980 1.366187 -2.315208
v -0.257518 1.373043 -2.293002
v -0.270981 1.374954 -2.283728
v -0.380603 1.380366 -2.227429
v -0.393681 1.382412 -2.216457
v -0.275981 1.366187 -2.315208
v -0.271750 1.367995 -2.309852
v -0.375603 1.385767 -2.208619
v -0.382911 1.386618 -2.203656
v 0.770468 1.360133 -2.110835
v 0.787807 1.513669 -1.522280
v 0.625496 1.513669 -1.629887
v 0.661245 1.360134 -2.182014
v 0.507823 1.513669 -1.686966
v 0.545226 1.360121 -2.244580
v 0.260192 1.513669 -1.763911
v 0.385992 1.513669 -1.731615
v 0.864418 1.360131 -2.035649
v 0.986056 1.364568 -1.896365
v 1.007325 1.513669 -1.311696
v -0.770459 1.360133 -2.110835
v -0.661235 1.360134 -2.182014
v -0.625486 1.513669 -1.629887
v -0.787798 1.513669 -1.522280
v -0.545217 1.360121 -2.244580
v -0.507814 1.513669 -1.686966
v -0.986046 1.364568 -1.896365
v -0.864408 1.360131 -2.035649
v -1.007315 1.513669 -1.311696
v 0.135895 1.360117 -2.357042
v 0.130820 1.513669 -1.783583
v 0.400334 1.358572 -2.303211
v 0.000004 1.514099 -1.790142
v 0.272214 1.360123 -2.339331
v -0.000017 1.359254 -2.359914
v 0.076748 1.359253 -2.359915
v -0.076783 1.359254 -2.359912
v -0.130810 1.513669 -1.783583
v -0.135885 1.360117 -2.357042
v -0.260183 1.513669 -1.763911
v -0.400324 1.358572 -2.303211
v -0.272204 1.360123 -2.339331
v -0.385983 1.513669 -1.731615
vn 0.0391 -0.9657 0.2569
vn 0.0397 -0.9657 0.2567
vn 0.0334 -0.9655 0.2582
vn 0.0671 -0.9634 0.2596
vn 0.0836 -0.9633 0.2552
vn 0.0161 -0.9659 0.2585
vn -0.0012 -0.9650 0.2624
vn -0.0665 -0.9636 0.2590
vn -0.0653 -0.9630 0.2615
vn -0.0000 -0.9649 0.2627
vn -0.0016 -0.9662 0.2576
vn 0.0014 -0.9649 0.2624
vn -0.0855 -0.9625 0.2573
vn -0.0830 -0.9636 0.2542
vn -0.0671 -0.9634 0.2596
vn -0.0836 -0.9633 0.2552
vn 0.0855 -0.9625 0.2573
vn 0.0830 -0.9636 0.2542
vn 0.0832 -0.9635 0.2546
vn 0.0837 -0.9632 0.2553
vn 0.0943 -0.9614 0.2585
vn 0.0947 -0.9614 0.2584
vn 0.0676 -0.9633 0.2597
vn 0.0646 -0.9635 0.2598
vn 0.0645 -0.9634 0.2603
vn 0.0667 -0.9634 0.2597
vn -0.0013 -0.9649 0.2627
vn 0.0876 -0.9628 0.2557
vn 0.0653 -0.9630 0.2615
vn 0.0665 -0.9636 0.2590
vn 0.0334 -0.9657 0.2574
vn 0.0344 -0.9650 0.2601
vn 0.0393 -0.9658 0.2561
vn -0.0000 -0.9649 0.2624
vn 0.0015 -0.9663 0.2576
vn 0.1371 -0.9573 0.2544
vn 0.1253 -0.9579 0.2583
vn 0.1680 -0.9526 0.2535
vn 0.1657 -0.9528 0.2542
vn 0.2380 -0.9390 0.2481
vn 0.2452 -0.9383 0.2440
vn 0.2023 -0.9461 0.2528
vn -0.2380 -0.9390 0.2481
vn -0.1371 -0.9573 0.2544
vn -0.1253 -0.9579 0.2583
vn -0.1657 -0.9528 0.2542
vn -0.1680 -0.9526 0.2535
vn -0.2452 -0.9383 0.2440
vn -0.2023 -0.9461 0.2528
vn -0.0645 -0.9634 0.2603
vn -0.0667 -0.9634 0.2597
vn -0.0334 -0.9655 0.2582
vn -0.0334 -0.9657 0.2574
vn -0.0344 -0.9650 0.2601
vn -0.0161 -0.9659 0.2585
vn 0.0013 -0.9650 0.2624
vn -0.0393 -0.9658 0.2561
vn -0.0876 -0.9628 0.2557
vn 0.0015 -0.9649 0.2625
vn -0.0016 -0.9649 0.2624
vn -0.0832 -0.9635 0.2546
vn -0.0837 -0.9632 0.2553
vn -0.0391 -0.9657 0.2569
vn -0.0397 -0.9657 0.2567
vn -0.0943 -0.9614 0.2585
vn -0.0947 -0.9614 0.2584
vn -0.0676 -0.9633 0.2597
vn -0.0645 -0.9635 0.2598
s 0
f 2614//1941 2616//1941 2579//1941
f 2614//1942 2579//1942 2578//1942
f 2614//1943 2578//1943 2615//1943
f 2580//1944 2581//1944 2617//1944
f 2580//1945 2617//1945 2582//1945
f 2609//1946 2614//1946 2615//1946
f 2609//1947 2615//1947 2575//1947
f 2567//1948 2571//1948 2572//1948
f 2567//1949 2572//1949 2568//1949
f 2575//1950 2613//1950 2611//1950
f 2575//1951 2611//1951 2573//1951
f 2612//1952 2606//1952 2574//1952
f 2576//1953 2577//1953 2571//1953
f 2576//1954 2571//1954 2570//1954
f 2608//1955 2572//1955 2571//1955
f 2608//1956 2571//1956 2577//1956
f 2580//1957 2582//1957 2583//1957
f 2580//1958 2583//1958 2579//1958
f 2584//1959 2580//1959 2579//1959
f 2584//1960 2579//1960 2616//1960
f 2601//1961 2617//1961 2619//1961
f 2601//1962 2619//1962 2602//1962
f 2581//1963 2585//1963 2619//1963
f 2581//1964 2619//1964 2617//1964
f 2585//1965 2584//1965 2616//1965
f 2585//1966 2616//1966 2619//1966
f 2613//1967 2575//1967 2615//1967
f 2618//1968 2583//1968 2582//1968
f 2618//1945 2582//1945 2617//1945
f 2584//1969 2585//1969 2581//1969
f 2584//1970 2581//1970 2580//1970
f 2583//1971 2618//1971 2615//1971
f 2583//1972 2615//1972 2578//1972
f 2583//1973 2578//1973 2579//1973
f 2611//1974 2612//1974 2574//1974
f 2611//1975 2574//1975 2573//1975
f 2598//1976 2601//1976 2602//1976
f 2598//1977 2602//1977 2599//1977
f 2599//1978 2600//1978 2597//1978
f 2599//1979 2597//1979 2598//1979
f 2605//1980 2603//1980 2600//1980
f 2600//1981 2603//1981 2604//1981
f 2600//1982 2604//1982 2597//1982
f 2595//1983 2596//1983 2587//1983
f 2590//1984 2591//1984 2589//1984
f 2590//1985 2589//1985 2588//1985
f 2588//1986 2589//1986 2586//1986
f 2588//1987 2586//1987 2587//1987
f 2594//1988 2595//1988 2587//1988
f 2594//1989 2587//1989 2586//1989
f 2592//1990 2567//1990 2568//1990
f 2592//1991 2568//1991 2593//1991
f 2606//1992 2569//1992 2607//1992
f 2606//1993 2610//1993 2576//1993
f 2606//1994 2576//1994 2569//1994
f 2606//1995 2607//1995 2609//1995
f 2606//1996 2609//1996 2574//1996
f 2570//1997 2569//1997 2576//1997
f 2577//1998 2576//1998 2610//1998
f 2577//1956 2610//1956 2608//1956
f 2573//1999 2574//1999 2609//1999
f 2573//2000 2609//2000 2575//2000
f 2570//2001 2571//2001 2567//2001
f 2570//2002 2567//2002 2592//2002
f 2570//2003 2592//2003 2607//2003
f 2570//2004 2607//2004 2569//2004
f 2593//2005 2608//2005 2591//2005
f 2593//2006 2591//2006 2590//2006
f 2593//2007 2568//2007 2572//2007
f 2593//2008 2572//2008 2608//2008
o Hull_havok_s_armor_3_5
v 0.856822 0.456830 2.509762
v 0.947715 1.094057 2.567739
v 0.947709 1.094050 -1.158643
v 0.856822 0.456830 -2.018870
v 0.668004 0.456830 2.509764
v 0.668004 0.757438 3.154424
v 0.668004 1.094057 2.567740
v 0.668004 0.827749 3.216733
v 0.668004 0.911251 3.226934
v 0.668004 1.094057 3.226922
v 1.102768 1.513666 2.567077
v 1.102657 1.513666 -0.431482
v 1.042789 1.094050 -0.431233
v 1.042797 1.094050 2.568652
v 1.058988 1.094050 -0.579597
v 1.118860 1.513666 -0.579885
v 0.987236 1.397551 3.226934
v 0.943945 1.094051 3.226935
v -0.947700 1.094050 -1.158643
v -0.947706 1.094057 2.567739
v -0.856813 0.456830 2.509762
v -0.856813 0.456830 -2.018870
v -0.667994 0.456830 2.509764
v -0.667994 1.094057 2.567740
v -0.667994 0.757438 3.154424
v -0.667994 0.911251 3.226934
v -0.667994 0.827749 3.216733
v -0.667994 1.094057 3.226922
v -1.042780 1.094050 -0.431233
v -1.102648 1.513666 -0.431482
v -1.102759 1.513666 2.567077
v -1.042789 1.094050 2.568652
v -0.987227 1.397551 3.226934
v -0.943936 1.094051 3.226935
v -0.986046 1.364568 -1.896365
v -0.866877 0.529101 -2.217295
v -0.977223 1.302714 -2.089069
v -1.007316 1.513669 -1.311696
v -1.007665 1.513666 -1.157863
v -1.058979 1.094050 -0.579597
v -1.118851 1.513666 -0.579885
v -1.061661 1.094050 -0.728696
v -1.121532 1.513666 -0.728421
v -1.040776 1.094050 -0.876496
v -1.100824 1.513666 -0.875574
v -0.947379 1.093473 -2.596267
v -0.871852 0.563973 -2.311797
v -0.870196 0.552358 -2.397805
v -0.867516 0.533579 -2.455453
v -0.866593 0.527115 -2.508317
v -0.866593 0.527115 -2.619414
v -0.930628 0.976033 -2.977888
v -0.868234 0.538615 -2.671445
v -0.904147 0.790390 -2.980326
v -0.908460 0.820621 -3.034976
v -0.927559 0.954534 -3.054646
v -0.913592 0.856604 -3.078345
v -0.921001 0.908545 -3.078324
v 0.977232 1.302714 -2.089069
v 0.947388 1.093473 -2.596267
v 0.986056 1.364568 -1.896365
v 1.007675 1.513666 -1.157863
v 1.007325 1.513669 -1.311696
v 1.100833 1.513666 -0.875574
v 1.040785 1.094050 -0.876496
v 1.061671 1.094050 -0.728696
v 1.121542 1.513666 -0.728421
v 0.866886 0.529101 -2.217295
v 0.930637 0.976033 -2.977888
v 0.866603 0.527115 -2.619414
v 0.866603 0.527115 -2.508317
v 0.868243 0.538615 -2.671445
v 0.904156 0.790390 -2.980326
v 0.927569 0.954534 -3.054646
v 0.908469 0.820621 -3.034976
v 0.921010 0.908545 -3.078324
v 0.913601 0.856604 -3.078345
v 0.871862 0.563973 -2.311797
v 0.870205 0.552358 -2.397805
v 0.867526 0.533579 -2.455453
vn 0.9900 0.1412 -0.0000
vn -0.9899 0.1415 0.0023
vn -0.9901 0.1407 0.0001
vn -0.9900 0.1408 0.0002
vn -0.9900 0.1412 -0.0000
vn -0.9898 0.1412 -0.0179
vn -0.9898 0.1412 -0.0178
vn -0.9805 0.1398 0.1380
vn -0.9804 0.1400 0.1385
vn -0.9898 0.1423 0.0016
vn -0.9900 0.1410 0.0002
vn 0.9804 0.1400 0.1385
vn 0.9805 0.1398 0.1380
vn -0.9792 0.1397 -0.1470
vn -0.9793 0.1394 -0.1469
vn -0.9843 0.1404 -0.1075
vn 1.0000 -0.0000 -0.0000
vn -0.9899 0.1415 -0.0000
vn -1.0000 -0.0000 -0.0000
vn 0.9899 0.1415 0.0022
vn 0.9901 0.1407 0.0001
vn 0.9900 0.1410 0.0012
vn 0.9900 0.1409 0.0001
vn 0.9898 0.1412 -0.0179
vn 0.9898 0.1412 -0.0178
vn 0.9843 0.1404 -0.1075
vn 0.9900 0.1409 0.0002
vn 0.9792 0.1397 -0.1470
vn 0.9793 0.1394 -0.1469
vn 0.9899 0.1415 -0.0000
s 0
f 2674//2009 2676//2009 2677//2009
f 2674//2009 2677//2009 2675//2009
f 2674//2009 2675//2009 2671//2009
f 2674//2009 2671//2009 2673//2009
f 2622//2010 2681//2010 2682//2010
f 2622//2011 2682//2011 2680//2011
f 2622//2012 2680//2012 2678//2012
f 2622//2012 2678//2012 2679//2012
f 2672//2009 2673//2009 2671//2009
f 2672//2009 2671//2009 2670//2009
f 2665//2009 2655//2009 2666//2009
f 2665//2009 2666//2009 2667//2009
f 2656//2009 2655//2009 2665//2009
f 2670//2009 2671//2009 2665//2009
f 2670//2009 2665//2009 2669//2009
f 2668//2009 2669//2009 2665//2009
f 2668//2009 2665//2009 2667//2009
f 2695//2013 2696//2013 2694//2013
f 2695//2013 2694//2013 2693//2013
f 2688//2013 2693//2013 2694//2013
f 2688//2013 2694//2013 2692//2013
f 2699//2013 2698//2013 2679//2013
f 2699//2013 2679//2013 2690//2013
f 2697//2013 2687//2013 2679//2013
f 2697//2013 2679//2013 2698//2013
f 2688//2013 2692//2013 2691//2013
f 2688//2013 2691//2013 2689//2013
f 2635//2014 2686//2014 2685//2014
f 2635//2015 2685//2015 2634//2015
f 2685//2016 2686//2016 2683//2016
f 2685//2017 2683//2017 2684//2017
f 2688//2013 2689//2013 2690//2013
f 2688//2013 2690//2013 2679//2013
f 2679//2018 2687//2018 2623//2018
f 2679//2019 2623//2019 2622//2019
f 2661//2020 2663//2020 2664//2020
f 2661//2021 2664//2021 2662//2021
f 2633//2022 2637//2022 2636//2022
f 2633//2023 2636//2023 2630//2023
f 2631//2024 2635//2024 2634//2024
f 2631//2024 2634//2024 2632//2024
f 2642//2025 2643//2025 2644//2025
f 2640//2009 2641//2009 2638//2009
f 2640//2009 2638//2009 2639//2009
f 2632//2026 2633//2026 2630//2026
f 2632//2013 2630//2013 2631//2013
f 2624//2027 2625//2027 2626//2027
f 2622//2013 2623//2013 2620//2013
f 2622//2013 2620//2013 2621//2013
f 2629//2027 2626//2027 2628//2027
f 2627//2027 2628//2027 2626//2027
f 2627//2027 2626//2027 2625//2027
f 2657//2028 2658//2028 2638//2028
f 2657//2029 2638//2029 2654//2029
f 2641//2030 2655//2030 2656//2030
f 2641//2031 2656//2031 2654//2031
f 2661//2032 2662//2032 2660//2032
f 2661//2033 2660//2033 2659//2033
f 2659//2034 2660//2034 2649//2034
f 2659//2034 2649//2034 2648//2034
f 2638//2035 2641//2035 2654//2035
f 2647//2025 2645//2025 2643//2025
f 2643//2025 2645//2025 2646//2025
f 2643//2025 2646//2025 2644//2025
f 2652//2036 2653//2036 2651//2036
f 2652//2037 2651//2037 2650//2037
f 2650//2038 2651//2038 2648//2038
f 2650//2009 2648//2009 2649//2009
o Hull_havok_s_armor_4_6
v 0.856823 0.456830 2.509763
v 0.668004 0.456830 2.509763
v 0.668004 1.094057 2.567739
v 0.947716 1.094057 2.567739
v -0.667994 1.094057 2.567739
v -0.667994 0.456830 2.509763
v -0.856814 0.456830 2.509763
v -0.947706 1.094057 2.567739
v -0.943935 1.094052 3.226935
v -0.987227 1.397551 3.226933
v 0.987236 1.397551 3.226933
v -0.667994 1.094057 3.226922
v 0.668004 1.094057 3.226922
v 0.943945 1.094052 3.226935
v 0.668004 0.911252 3.226933
v -0.667994 0.911252 3.226933
v -0.667994 0.827749 3.216733
v 0.668004 0.827749 3.216733
vn -0.0000 -0.0000 -1.0000
vn -0.0000 -0.0001 -1.0000
vn -0.0000 0.1213 -0.9926
vn -0.0000 0.0906 -0.9959
vn -0.0000 0.0003 -1.0000
s 0
f 2712//2039 2711//2039 2710//2039
f 2712//2039 2710//2039 2713//2039
f 2714//2040 2715//2040 2711//2040
f 2714//2040 2711//2040 2712//2040
f 2714//2041 2717//2041 2716//2041
f 2714//2041 2716//2041 2715//2041
f 2702//2042 2703//2042 2700//2042
f 2702//2042 2700//2042 2701//2042
f 2706//2042 2707//2042 2704//2042
f 2706//2042 2704//2042 2705//2042
f 2710//2043 2711//2043 2708//2043
f 2710//2039 2708//2039 2709//2039
o Hull_havok_s_armor_5_7
v -1.102648 1.513666 -0.431483
v -0.804241 1.513666 -0.105814
v 1.102768 1.513666 2.567078
v -1.102759 1.513666 2.567078
v -0.683950 1.513666 0.040761
v -0.537376 1.513666 0.161051
v -0.370150 1.513666 0.250436
v -0.188701 1.513666 0.305478
v 0.000001 1.513666 0.324062
v 0.188703 1.513666 0.305478
v 0.370152 1.513666 0.250436
v 0.537378 1.513666 0.161051
v 0.683952 1.513666 0.040761
v 0.804242 1.513666 -0.105814
v 0.893625 1.513666 -0.273038
v 1.102657 1.513666 -0.431483
v -0.948666 1.513666 -0.454489
v -0.893624 1.513666 -0.273038
v -1.007665 1.513666 -1.157863
v -0.804241 1.513666 -1.180567
v -0.893624 1.513666 -1.013341
v -1.060276 1.513666 -1.018524
v -0.948666 1.513666 -0.831892
v -1.100824 1.513666 -0.875575
v -0.967252 1.513666 -0.643190
v -1.121532 1.513666 -0.728421
v -1.118851 1.513666 -0.579885
v -1.007316 1.513669 -1.311696
v -0.787798 1.513669 -1.522279
v -0.683950 1.513667 -1.327141
v -0.625487 1.513669 -1.629888
v -0.537376 1.513667 -1.447431
v -0.507814 1.513669 -1.686966
v -0.385982 1.513669 -1.731614
v -0.370150 1.513668 -1.536815
v -0.260183 1.513669 -1.763910
v -0.188701 1.513668 -1.591857
v -0.130810 1.513669 -1.783583
v 0.000004 1.514099 -1.790142
v 0.000001 1.513668 -1.610443
v 0.130820 1.513669 -1.783583
v 0.188703 1.513668 -1.591857
v 0.537378 1.513669 -1.447431
v 0.507823 1.513669 -1.686966
v 0.625496 1.513669 -1.629888
v 0.787808 1.513669 -1.522279
v 0.370152 1.513669 -1.536814
v 0.385992 1.513669 -1.731614
v 0.260193 1.513669 -1.763910
v 1.007325 1.513669 -1.311696
v 0.683952 1.513669 -1.327141
v 0.804242 1.513667 -1.180567
v 1.007675 1.513666 -1.157863
v 0.948668 1.513666 -0.831892
v 1.100833 1.513666 -0.875575
v 1.121542 1.513666 -0.728421
v 0.967253 1.513666 -0.643190
v 1.118860 1.513666 -0.579885
v 0.948668 1.513666 -0.454489
v 1.060286 1.513666 -1.018524
v 0.893625 1.513666 -1.013341
vn -0.0000 -1.0000 -0.0000
vn -0.0032 -1.0000 -0.0024
vn 0.0032 -1.0000 -0.0024
s 0
f 2762//2044 2763//2044 2760//2044
f 2762//2044 2760//2044 2761//2044
f 2758//2044 2759//2044 2757//2044
f 2758//2045 2757//2045 2756//2045
f 2766//2044 2765//2044 2764//2044
f 2766//2044 2764//2044 2759//2044
f 2764//2044 2765//2044 2761//2044
f 2764//2044 2761//2044 2760//2044
f 2751//2044 2753//2044 2754//2044
f 2751//2044 2754//2044 2752//2044
f 2748//2044 2750//2044 2749//2044
f 2753//2044 2755//2044 2754//2044
f 2755//2046 2756//2046 2757//2046
f 2755//2044 2757//2044 2754//2044
f 2758//2044 2766//2044 2759//2044
f 2776//2044 2733//2044 2732//2044
f 2776//2044 2774//2044 2775//2044
f 2776//2044 2775//2044 2733//2044
f 2771//2044 2778//2044 2777//2044
f 2771//2044 2777//2044 2772//2044
f 2770//2044 2777//2044 2778//2044
f 2770//2044 2778//2044 2769//2044
f 2767//2044 2770//2044 2769//2044
f 2767//2044 2769//2044 2768//2044
f 2767//2044 2768//2044 2760//2044
f 2767//2044 2760//2044 2763//2044
f 2773//2044 2775//2044 2774//2044
f 2773//2044 2774//2044 2771//2044
f 2773//2044 2771//2044 2772//2044
f 2720//2044 2729//2044 2730//2044
f 2720//2044 2730//2044 2731//2044
f 2720//2044 2727//2044 2728//2044
f 2720//2044 2728//2044 2729//2044
f 2735//2044 2719//2044 2718//2044
f 2735//2044 2718//2044 2734//2044
f 2732//2044 2733//2044 2720//2044
f 2732//2044 2720//2044 2731//2044
f 2720//2044 2719//2044 2722//2044
f 2720//2044 2722//2044 2723//2044
f 2718//2044 2719//2044 2720//2044
f 2718//2044 2720//2044 2721//2044
f 2720//2044 2725//2044 2726//2044
f 2720//2044 2726//2044 2727//2044
f 2720//2044 2723//2044 2724//2044
f 2720//2044 2724//2044 2725//2044
f 2738//2044 2739//2044 2736//2044
f 2738//2044 2736//2044 2737//2044
f 2745//2044 2747//2044 2737//2044
f 2745//2044 2737//2044 2736//2044
f 2745//2044 2746//2044 2747//2044
f 2750//2044 2751//2044 2752//2044
f 2750//2044 2752//2044 2749//2044
f 2746//2044 2748//2044 2749//2044
f 2746//2044 2749//2044 2747//2044
f 2740//2044 2742//2044 2743//2044
f 2740//2044 2743//2044 2741//2044
f 2740//2044 2741//2044 2739//2044
f 2740//2044 2739//2044 2738//2044
f 2744//2044 2742//2044 2734//2044
f 2744//2044 2734//2044 2718//2044
f 2743//2044 2742//2044 2744//2044
o Hull_havok_s_armor_6_8
v -0.930628 0.976033 -2.977888
v -0.760163 0.951034 -3.057117
v -0.797168 1.049569 -2.779587
v 0.797177 1.049569 -2.779587
v 0.728415 1.049569 -2.820965
v 0.760173 0.951034 -3.057117
v 0.930637 0.976033 -2.977888
v -0.728406 1.049569 -2.820965
vn 0.2118 -0.9117 0.3519
vn -0.2118 -0.9117 0.3519
vn -0.0184 -0.9414 0.3367
vn 0.0184 -0.9414 0.3367
s 0
f 2780//2047 2786//2047 2781//2047
f 2782//2048 2783//2048 2784//2048
f 2782//2049 2784//2049 2785//2049
f 2779//2050 2780//2050 2781//2050
o Hull_havok_s_armor_7_9
v -0.516692 0.906438 -3.164575
v -0.418302 0.906438 -3.204136
v -0.414837 0.948484 -3.184527
v -0.513976 0.948078 -3.144274
v -0.315996 0.906438 -3.232601
v -0.314246 0.948646 -3.212560
v -0.211455 0.906438 -3.250838
v -0.211513 0.948928 -3.230483
v -0.104430 0.949393 -3.242573
v -0.106106 0.906438 -3.263358
v -0.712052 0.906438 -3.081210
v -0.580609 0.949925 -3.112556
v -0.704058 0.951326 -3.059505
v -0.760163 0.951034 -3.057117
v -0.927559 0.954534 -3.054646
v -0.921001 0.908545 -3.078325
v -0.757586 0.906438 -3.078826
v 0.211522 0.948928 -3.230483
v 0.211465 0.906438 -3.250838
v 0.316005 0.906438 -3.232601
v 0.314255 0.948646 -3.212560
v 0.104440 0.949393 -3.242573
v 0.106117 0.906438 -3.263358
v 0.000005 0.949458 -3.246999
v 0.000005 0.906438 -3.267875
v 0.414846 0.948484 -3.184527
v 0.418311 0.906438 -3.204136
v 0.516701 0.906438 -3.164575
v 0.513985 0.948078 -3.144274
v 0.712061 0.906438 -3.081210
v 0.580619 0.949925 -3.112556
v 0.704067 0.951326 -3.059505
v 0.921010 0.908545 -3.078325
v 0.927569 0.954534 -3.054646
v 0.760172 0.951034 -3.057117
v 0.757595 0.906438 -3.078826
vn 0.0383 -0.4363 0.8990
vn 0.0384 -0.4364 0.8989
vn -0.3412 -0.4298 0.8360
vn -0.3385 -0.4205 0.8418
vn -0.1062 -0.4364 0.8934
vn -0.1032 -0.4296 0.8971
vn -0.0383 -0.4363 0.8990
vn -0.0384 -0.4365 0.8989
vn -0.2435 -0.4263 0.8712
vn -0.2427 -0.4243 0.8724
vn 0.0029 -0.4378 0.8991
vn -0.0036 -0.4574 0.8893
vn -0.0471 -0.4350 0.8992
vn -0.0405 -0.4408 0.8967
vn -0.3565 -0.5159 0.7789
vn -0.3547 -0.4283 0.8311
vn -0.3467 -0.4576 0.8188
vn 0.1554 -0.4266 0.8910
vn 0.1564 -0.4289 0.8897
vn 0.1062 -0.4364 0.8934
vn 0.1032 -0.4296 0.8971
vn 0.3412 -0.4298 0.8360
vn 0.3385 -0.4205 0.8418
vn 0.2427 -0.4243 0.8724
vn 0.2435 -0.4263 0.8712
vn 0.3565 -0.5159 0.7789
vn 0.3547 -0.4283 0.8311
vn 0.0471 -0.4350 0.8992
vn 0.0405 -0.4408 0.8967
vn -0.1564 -0.4289 0.8897
vn -0.1554 -0.4266 0.8910
vn 0.3467 -0.4576 0.8188
vn -0.0029 -0.4378 0.8991
vn 0.0036 -0.4574 0.8893
s 0
f 2796//2051 2811//2051 2810//2051
f 2796//2052 2810//2052 2795//2052
f 2814//2053 2815//2053 2812//2053
f 2814//2054 2812//2054 2813//2054
f 2808//2055 2809//2055 2805//2055
f 2808//2056 2805//2056 2804//2056
f 2810//2057 2811//2057 2809//2057
f 2810//2058 2809//2058 2808//2058
f 2813//2059 2812//2059 2807//2059
f 2813//2060 2807//2060 2806//2060
f 2821//2061 2822//2061 2819//2061
f 2821//2062 2819//2062 2820//2062
f 2816//2063 2822//2063 2821//2063
f 2816//2064 2821//2064 2818//2064
f 2816//2065 2817//2065 2815//2065
f 2816//2066 2815//2066 2814//2066
f 2816//2067 2818//2067 2817//2067
f 2791//2068 2793//2068 2794//2068
f 2791//2069 2794//2069 2792//2069
f 2793//2070 2796//2070 2795//2070
f 2793//2071 2795//2071 2794//2071
f 2789//2072 2790//2072 2787//2072
f 2789//2073 2787//2073 2788//2073
f 2788//2074 2791//2074 2792//2074
f 2788//2075 2792//2075 2789//2075
f 2790//2076 2798//2076 2797//2076
f 2790//2077 2797//2077 2787//2077
f 2800//2078 2803//2078 2797//2078
f 2800//2079 2797//2079 2799//2079
f 2806//2080 2807//2080 2804//2080
f 2806//2081 2804//2081 2805//2081
f 2797//2082 2798//2082 2799//2082
f 2802//2083 2803//2083 2800//2083
f 2802//2084 2800//2084 2801//2084
o Hull_havok_s_armor_9_10
v -0.516691 0.906438 -3.164575
v -0.516949 0.855642 -3.163461
v -0.418216 0.855821 -3.203159
v -0.418302 0.906438 -3.204136
v -0.315933 0.855826 -3.231621
v -0.315996 0.906438 -3.232601
v -0.211414 0.855832 -3.249869
v -0.211455 0.906438 -3.250838
v -0.106088 0.855800 -3.262362
v -0.106107 0.906438 -3.263358
v -0.712052 0.906438 -3.081210
v -0.711894 0.855711 -3.080124
v -0.757586 0.906438 -3.078826
v -0.921001 0.908545 -3.078325
v -0.913592 0.856603 -3.078346
v -0.757585 0.855799 -3.077838
v 0.211423 0.855832 -3.249869
v 0.315942 0.855826 -3.231621
v 0.316005 0.906438 -3.232601
v 0.211465 0.906438 -3.250838
v 0.106116 0.906438 -3.263358
v 0.106097 0.855800 -3.262362
v 0.000005 0.856154 -3.266891
v 0.000005 0.906438 -3.267875
v 0.516701 0.906438 -3.164575
v 0.418312 0.906438 -3.204136
v 0.418225 0.855821 -3.203159
v 0.516959 0.855642 -3.163461
v 0.712061 0.906438 -3.081210
v 0.711903 0.855711 -3.080124
v 0.757595 0.906438 -3.078826
v 0.757594 0.855799 -3.077838
v 0.913602 0.856603 -3.078346
v 0.921010 0.908545 -3.078325
vn 0.0425 0.0195 0.9989
vn 0.0426 0.0197 0.9989
vn -0.3729 0.0184 0.9277
vn -0.3730 0.0186 0.9276
vn -0.1180 0.0196 0.9928
vn -0.1178 0.0191 0.9929
vn -0.0425 0.0195 0.9989
vn -0.0426 0.0197 0.9989
vn -0.0031 -0.0000 1.0000
vn 0.0031 0.0195 0.9998
vn -0.0523 0.0195 0.9984
vn -0.0500 0.0215 0.9985
vn -0.2680 0.0191 0.9632
vn -0.2680 0.0190 0.9632
vn -0.3930 0.0209 0.9193
vn -0.3924 0.0182 0.9196
vn 0.1718 0.0190 0.9849
vn 0.1720 0.0193 0.9849
vn 0.1180 0.0196 0.9928
vn 0.1178 0.0191 0.9929
vn 0.3730 0.0185 0.9277
vn 0.2680 0.0190 0.9632
vn 0.2680 0.0191 0.9632
vn 0.0523 0.0195 0.9984
vn 0.0500 0.0215 0.9985
vn -0.1718 0.0190 0.9849
vn -0.1720 0.0193 0.9849
vn 0.3930 0.0209 0.9193
vn 0.3924 0.0182 0.9196
vn -0.0031 0.0195 0.9998
vn 0.0031 -0.0000 1.0000
s 0
f 2845//2085 2846//2085 2832//2085
f 2845//2086 2832//2086 2831//2086
f 2849//2087 2850//2087 2847//2087
f 2849//2088 2847//2088 2848//2088
f 2842//2089 2843//2089 2844//2089
f 2842//2090 2844//2090 2839//2090
f 2843//2091 2846//2091 2845//2091
f 2843//2092 2845//2092 2844//2092
f 2855//2093 2856//2093 2853//2093
f 2855//2094 2853//2094 2854//2094
f 2854//2095 2853//2095 2851//2095
f 2854//2096 2851//2096 2852//2096
f 2840//2097 2849//2097 2848//2097
f 2840//2098 2848//2098 2841//2098
f 2850//2099 2852//2099 2851//2099
f 2850//2100 2851//2100 2847//2100
f 2829//2101 2830//2101 2828//2101
f 2829//2102 2828//2102 2827//2102
f 2831//2103 2832//2103 2830//2103
f 2831//2104 2830//2104 2829//2104
f 2825//2105 2826//2105 2823//2105
f 2825//2105 2823//2105 2824//2105
f 2827//2106 2828//2106 2826//2106
f 2827//2107 2826//2107 2825//2107
f 2833//2108 2835//2108 2838//2108
f 2833//2109 2838//2109 2834//2109
f 2841//2110 2842//2110 2839//2110
f 2841//2111 2839//2111 2840//2111
f 2833//2112 2834//2112 2824//2112
f 2833//2113 2824//2113 2823//2113
f 2837//2114 2838//2114 2835//2114
f 2837//2115 2835//2115 2836//2115
o Hull_havok_s_armor_10_11
v -0.947700 1.094050 -1.158644
v -0.999975 1.094050 -1.019879
v -1.042788 1.094050 2.568653
v -0.947707 1.094057 2.567739
v -1.042780 1.094050 -0.431232
v -1.040775 1.094050 -0.876496
v -1.061662 1.094050 -0.728696
v -1.058980 1.094050 -0.579597
v -0.943935 1.094051 3.226935
v -0.667995 0.456830 2.509763
v 0.668003 0.456830 2.509763
v 0.856822 0.456830 -2.018870
v 0.596375 0.456830 -2.203673
v 0.403509 0.456830 -2.285767
v 0.202154 0.456830 -2.336550
v 0.000005 0.456830 -2.354132
v -0.202145 0.456830 -2.336550
v -0.403499 0.456830 -2.285767
v -0.596365 0.456830 -2.203673
v -0.856813 0.456830 -2.018870
v -0.856813 0.456830 2.509763
v 0.856823 0.456830 2.509763
v 0.947709 1.094050 -1.158644
v 0.947716 1.094057 2.567739
v 1.042797 1.094050 2.568653
v 0.999985 1.094050 -1.019879
v 1.042790 1.094050 -0.431232
v 1.040785 1.094050 -0.876496
v 1.058988 1.094050 -0.579597
v 1.061671 1.094050 -0.728696
v 0.668003 1.094057 3.226922
v 0.943945 1.094051 3.226935
v 0.668003 1.094057 2.567740
v -0.667995 1.094057 3.226922
v -0.667995 1.094057 2.567740
vn -0.0000 1.0000 -0.0000
vn 0.0001 1.0000 -0.0000
vn -0.0001 1.0000 -0.0000
s 0
f 2881//2116 2882//2116 2879//2116
f 2881//2117 2879//2117 2880//2117
f 2883//2116 2884//2116 2882//2116
f 2883//2116 2882//2116 2881//2116
f 2876//2116 2877//2116 2866//2116
f 2876//2116 2866//2116 2875//2116
f 2878//2116 2868//2116 2867//2116
f 2888//2117 2881//2117 2880//2117
f 2890//2116 2891//2116 2860//2116
f 2890//2116 2860//2116 2865//2116
f 2885//2116 2886//2116 2884//2116
f 2885//2116 2884//2116 2883//2116
f 2880//2116 2889//2116 2887//2116
f 2880//2116 2887//2116 2888//2116
f 2862//2116 2863//2116 2864//2116
f 2862//2116 2864//2116 2861//2116
f 2865//2118 2860//2118 2859//2118
f 2859//2118 2860//2118 2857//2118
f 2859//2116 2857//2116 2858//2116
f 2858//2116 2862//2116 2861//2116
f 2858//2116 2861//2116 2859//2116
f 2872//2116 2873//2116 2866//2116
f 2872//2116 2866//2116 2871//2116
f 2874//2116 2875//2116 2866//2116
f 2874//2116 2866//2116 2873//2116
f 2868//2116 2869//2116 2866//2116
f 2868//2116 2866//2116 2867//2116
f 2870//2116 2871//2116 2866//2116
f 2870//2116 2866//2116 2869//2116
o Hull_havok_s_armor_11_12
v -0.570029 0.820099 -3.093651
v -0.516949 0.855642 -3.163461
v -0.711894 0.855711 -3.080124
v -0.705655 0.820099 -3.037340
v -0.418215 0.855821 -3.203159
v -0.414197 0.820099 -3.158385
v -0.908459 0.820621 -3.034976
v -0.757470 0.820098 -3.034475
v -0.757584 0.855799 -3.077838
v -0.913592 0.856603 -3.078346
v -0.315933 0.855826 -3.231621
v -0.312960 0.820095 -3.187072
v -0.209468 0.820097 -3.205590
v -0.211414 0.855832 -3.249869
v -0.105129 0.820099 -3.218364
v -0.106087 0.855800 -3.262362
v 0.711903 0.855711 -3.080124
v 0.516959 0.855642 -3.163461
v 0.570039 0.820099 -3.093651
v 0.705664 0.820099 -3.037340
v 0.418225 0.855821 -3.203159
v 0.414207 0.820099 -3.158385
v 0.757594 0.855799 -3.077838
v 0.757480 0.820098 -3.034475
v 0.908469 0.820621 -3.034976
v 0.913601 0.856603 -3.078346
v 0.209478 0.820097 -3.205590
v 0.312970 0.820095 -3.187072
v 0.315942 0.855826 -3.231621
v 0.211423 0.855832 -3.249869
v 0.105138 0.820099 -3.218364
v 0.106097 0.855800 -3.262362
v 0.000005 0.856154 -3.266891
v 0.000005 0.819399 -3.222865
vn -0.0333 0.7716 0.6352
vn -0.0352 0.7706 0.6363
vn -0.1085 0.7759 0.6214
vn -0.1105 0.7789 0.6173
vn -0.2455 0.7684 0.5910
vn -0.2296 0.7856 0.5746
vn -0.0019 0.7697 0.6384
vn -0.0006 0.7720 0.6356
vn -0.0248 0.7674 0.6407
vn -0.0321 0.7765 0.6293
vn 0.0248 0.7674 0.6407
vn 0.0321 0.7765 0.6293
vn -0.0746 0.7752 0.6273
vn -0.0764 0.7776 0.6242
vn -0.1696 0.7743 0.6097
vn -0.1715 0.7776 0.6050
vn 0.0019 0.7697 0.6384
vn 0.0006 0.7720 0.6356
vn 0.0333 0.7716 0.6352
vn 0.0352 0.7706 0.6363
vn 0.2483 0.7620 0.5981
vn 0.2496 0.7729 0.5833
vn 0.2455 0.7684 0.5910
vn 0.2296 0.7856 0.5746
vn 0.1696 0.7743 0.6097
vn 0.1715 0.7776 0.6050
vn -0.2483 0.7620 0.5981
vn -0.2496 0.7729 0.5833
vn 0.1085 0.7759 0.6214
vn 0.1105 0.7789 0.6173
vn 0.0746 0.7752 0.6273
vn 0.0764 0.7776 0.6242
s 0
f 2915//2119 2914//2119 2908//2119
f 2915//2120 2908//2120 2911//2120
f 2920//2121 2921//2121 2918//2121
f 2920//2122 2918//2122 2919//2122
f 2912//2123 2913//2123 2910//2123
f 2912//2124 2910//2124 2909//2124
f 2916//2125 2917//2125 2914//2125
f 2916//2126 2914//2126 2915//2126
f 2923//2127 2924//2127 2925//2127
f 2923//2128 2925//2128 2922//2128
f 2925//2129 2924//2129 2907//2129
f 2925//2130 2907//2130 2906//2130
f 2921//2131 2923//2131 2922//2131
f 2921//2132 2922//2132 2918//2132
f 2912//2133 2920//2133 2919//2133
f 2912//2134 2919//2134 2913//2134
f 2900//2135 2901//2135 2898//2135
f 2900//2136 2898//2136 2899//2136
f 2894//2137 2900//2137 2899//2137
f 2894//2138 2899//2138 2895//2138
f 2894//2139 2895//2139 2892//2139
f 2894//2140 2892//2140 2893//2140
f 2892//2141 2897//2141 2896//2141
f 2892//2142 2896//2142 2893//2142
f 2903//2143 2902//2143 2896//2143
f 2903//2144 2896//2144 2897//2144
f 2910//2145 2911//2145 2908//2145
f 2910//2146 2908//2146 2909//2146
f 2904//2147 2905//2147 2902//2147
f 2904//2148 2902//2148 2903//2148
f 2906//2149 2907//2149 2905//2149
f 2906//2150 2905//2150 2904//2150
o Hull_havok_s_armor_12_13
v -0.231084 0.643927 -2.788780
v -0.231084 0.732238 -2.996828
v 0.231093 0.643927 -2.788780
v 0.231093 0.732238 -2.996828
v -0.414197 0.820099 -3.158385
v -0.480833 0.674414 -2.791625
v -0.312961 0.820095 -3.187072
v -0.209469 0.820097 -3.205590
v -0.630648 0.734300 -2.899037
v -0.317133 0.596521 -2.658879
v 0.480843 0.674414 -2.791625
v 0.414207 0.820099 -3.158385
v 0.630658 0.734300 -2.899037
v 0.209478 0.820097 -3.205590
v 0.105139 0.820099 -3.218364
v 0.000005 0.819399 -3.222865
v 0.312970 0.820095 -3.187072
v -0.105129 0.820099 -3.218364
v 0.000005 0.556197 -2.602790
v -0.231084 0.556197 -2.582101
v 0.231094 0.556197 -2.582101
v 0.317143 0.596521 -2.658879
v 0.358128 0.556197 -2.552494
v -0.358118 0.556197 -2.552494
vn 0.0350 0.9199 0.3905
vn -0.0350 0.9199 0.3905
vn 0.0224 0.9249 0.3795
vn 0.0479 0.9189 0.3917
vn 0.0892 0.9195 0.3829
vn 0.0825 0.9174 0.3894
vn -0.0892 0.9195 0.3829
vn -0.0825 0.9174 0.3894
vn -0.1064 0.9093 0.4023
vn -0.0703 0.9168 0.3931
vn -0.1073 0.9194 0.3784
vn 0.0935 0.9194 0.3822
vn 0.0703 0.9168 0.3931
vn 0.1073 0.9194 0.3784
vn 0.1076 0.9171 0.3838
vn 0.0965 0.9162 0.3889
vn 0.1064 0.9093 0.4023
vn -0.0224 0.9249 0.3795
vn -0.0479 0.9189 0.3917
vn -0.0935 0.9194 0.3822
vn -0.1076 0.9171 0.3838
vn -0.0965 0.9162 0.3889
s 0
f 2926//2151 2945//2151 2944//2151
f 2926//2151 2944//2151 2927//2151
f 2941//2151 2927//2151 2944//2151
f 2941//2152 2944//2152 2929//2152
f 2927//2153 2941//2153 2943//2153
f 2927//2154 2943//2154 2933//2154
f 2928//2152 2929//2152 2944//2152
f 2928//2152 2944//2152 2946//2152
f 2935//2155 2949//2155 2945//2155
f 2935//2156 2945//2156 2926//2156
f 2946//2157 2948//2157 2947//2157
f 2946//2158 2947//2158 2928//2158
f 2928//2159 2947//2159 2936//2159
f 2942//2160 2939//2160 2929//2160
f 2942//2161 2929//2161 2937//2161
f 2934//2162 2931//2162 2930//2162
f 2927//2163 2933//2163 2932//2163
f 2927//2164 2932//2164 2930//2164
f 2930//2165 2931//2165 2926//2165
f 2930//2166 2926//2166 2927//2166
f 2926//2167 2931//2167 2935//2167
f 2940//2168 2941//2168 2929//2168
f 2940//2169 2929//2169 2939//2169
f 2938//2170 2937//2170 2936//2170
f 2928//2171 2936//2171 2937//2171
f 2928//2172 2937//2172 2929//2172
o Hull_havok_s_armor_13_14
v -0.762630 0.790618 -2.983945
v 0.762639 0.790618 -2.983945
v -0.868234 0.538615 -2.671445
v -0.770232 0.539030 -2.673367
v -0.904148 0.790390 -2.980327
v -0.757471 0.820098 -3.034475
v -0.908460 0.820621 -3.034976
v -0.705654 0.820099 -3.037340
v -0.692366 0.543041 -2.672587
v 0.868243 0.538615 -2.671445
v 0.904157 0.790390 -2.980327
v 0.770242 0.539030 -2.673367
v 0.908469 0.820621 -3.034976
v 0.757480 0.820098 -3.034475
v 0.705664 0.820099 -3.037340
v 0.692375 0.543041 -2.672587
v 0.630658 0.734300 -2.899037
v 0.630658 0.546262 -2.666829
v 0.480842 0.674414 -2.791625
v 0.317142 0.596521 -2.658879
v -0.480833 0.674414 -2.791625
v -0.630648 0.734300 -2.899037
v -0.630648 0.546262 -2.666829
v -0.317133 0.596521 -2.658879
vn 0.2131 0.7743 0.5959
vn 0.0988 0.7733 0.6262
vn 0.0463 0.7768 0.6281
vn -0.1485 0.7901 0.5947
vn -0.0280 0.8622 0.5059
vn -0.2131 0.7743 0.5959
vn -0.0988 0.7733 0.6262
vn -0.1392 0.7696 0.6232
vn 0.1392 0.7696 0.6232
vn 0.0280 0.8622 0.5059
vn 0.0013 0.8637 0.5040
vn 0.0110 0.8754 0.4834
vn 0.0149 0.7759 0.6307
vn 0.0091 0.7769 0.6296
vn -0.0013 0.8637 0.5040
vn -0.0110 0.8754 0.4834
vn -0.0091 0.7769 0.6296
vn -0.0149 0.7759 0.6307
vn -0.0463 0.7768 0.6281
vn 0.1485 0.7901 0.5947
s 0
f 2965//2173 2964//2173 2966//2173
f 2965//2174 2966//2174 2967//2174
f 2965//2175 2961//2175 2951//2175
f 2965//2176 2951//2176 2964//2176
f 2963//2177 2964//2177 2951//2177
f 2971//2178 2957//2178 2958//2178
f 2971//2179 2958//2179 2972//2179
f 2972//2180 2973//2180 2970//2180
f 2972//2180 2970//2180 2971//2180
f 2968//2181 2969//2181 2967//2181
f 2968//2181 2967//2181 2966//2181
f 2955//2182 2950//2182 2957//2182
f 2950//2183 2955//2183 2956//2183
f 2950//2184 2956//2184 2954//2184
f 2950//2185 2954//2185 2952//2185
f 2950//2186 2952//2186 2953//2186
f 2962//2187 2963//2187 2951//2187
f 2962//2188 2951//2188 2960//2188
f 2951//2189 2961//2189 2959//2189
f 2951//2190 2959//2190 2960//2190
f 2950//2191 2953//2191 2958//2191
f 2950//2192 2958//2192 2957//2192
o Hull_havok_s_armor_21_15
v -0.761548 0.535211 -2.449989
v -0.698367 0.535510 -2.452564
v -0.769822 0.525873 -2.494567
v -0.691598 0.529529 -2.494567
v -0.769822 0.525873 -2.614623
v -0.691598 0.529520 -2.614623
v -0.630674 0.535605 -2.614623
v 0.630683 0.535605 -2.614623
v 0.691607 0.529529 -2.494567
v 0.691607 0.529520 -2.614623
v 0.698377 0.535510 -2.452564
v 0.769831 0.525873 -2.614623
v 0.769831 0.525873 -2.494567
v 0.761557 0.535211 -2.449989
v -0.870195 0.552358 -2.397805
v -0.749856 0.547550 -2.352807
v -0.867516 0.533579 -2.455453
v -0.871853 0.563973 -2.311796
v -0.589676 0.543131 -2.435625
v -0.692510 0.542433 -2.375397
v -0.866593 0.527115 -2.508317
v -0.545364 0.542119 -2.451778
v -0.866593 0.527115 -2.619414
v -0.692365 0.543041 -2.672587
v -0.770232 0.539030 -2.673367
v -0.630649 0.546262 -2.666829
v -0.868233 0.538615 -2.671445
v 0.545373 0.542119 -2.451778
v 0.384958 0.568135 -2.593210
v 0.358128 0.556197 -2.552494
v 0.317143 0.596521 -2.658879
v 0.630658 0.546262 -2.666829
v 0.589686 0.543131 -2.435625
v 0.692519 0.542433 -2.375397
v -0.358118 0.556197 -2.552494
v -0.384948 0.568135 -2.593210
v -0.317133 0.596521 -2.658879
v 0.866602 0.527115 -2.508317
v 0.866602 0.527115 -2.619414
v 0.867525 0.533579 -2.455453
v 0.770242 0.539030 -2.673367
v 0.692375 0.543041 -2.672587
v 0.868243 0.538615 -2.671445
v 0.749865 0.547550 -2.352807
v 0.870205 0.552358 -2.397805
v 0.871862 0.563973 -2.311796
vn -0.1489 0.9544 0.2588
vn -0.1601 0.9672 0.1974
vn -0.0128 0.9999 -0.0000
vn 0.0466 0.9989 -0.0000
vn 0.0467 0.9989 -0.0001
vn -0.0875 0.9961 0.0060
vn -0.0994 0.9950 -0.0001
vn 0.0371 0.9859 -0.1634
vn 0.0462 0.9879 -0.1481
vn 0.0565 0.9948 -0.0850
vn -0.1338 0.9905 0.0305
vn 0.0590 0.9678 0.2449
vn -0.0299 0.9922 -0.1208
vn 0.0045 0.9789 -0.2042
vn -0.0013 0.9508 -0.3097
vn -0.0903 0.9866 -0.1361
vn -0.0371 0.9908 -0.1303
vn 0.0083 0.9960 -0.0887
vn -0.0887 0.9873 -0.1316
vn -0.0001 0.9764 0.2158
vn -0.0017 0.9758 0.2185
vn 0.0129 0.9792 -0.2027
vn 0.0524 0.9744 0.2186
vn 0.0453 0.9727 0.2275
vn 0.0719 0.9711 0.2275
vn 0.0974 0.9751 0.1990
vn 0.0299 0.9922 -0.1208
vn -0.0045 0.9789 -0.2042
vn -0.0462 0.9879 -0.1481
vn -0.0129 0.9792 -0.2027
vn -0.0371 0.9859 -0.1634
vn 0.0371 0.9908 -0.1303
vn -0.0083 0.9960 -0.0887
vn 0.0903 0.9866 -0.1361
vn 0.0013 0.9508 -0.3097
vn 0.0887 0.9873 -0.1316
vn -0.0565 0.9948 -0.0850
vn 0.0128 0.9999 -0.0000
vn 0.1338 0.9905 0.0305
vn -0.0590 0.9678 0.2449
vn 0.1601 0.9672 0.1974
vn 0.1489 0.9544 0.2588
vn 0.0875 0.9961 0.0060
vn 0.0994 0.9950 -0.0001
vn 0.0001 0.9764 0.2158
vn 0.0017 0.9758 0.2185
vn -0.0466 0.9989 -0.0000
vn -0.0467 0.9989 -0.0001
vn -0.0524 0.9744 0.2186
vn -0.0453 0.9727 0.2275
vn -0.0719 0.9711 0.2275
vn -0.0974 0.9751 0.1990
s 0
f 2980//2193 3009//2193 3010//2193
f 2980//2194 3010//2194 2999//2194
f 3011//2195 3012//2195 2985//2195
f 3011//2195 2985//2195 2986//2195
f 2986//2196 2985//2196 2983//2196
f 2986//2197 2983//2197 2982//2197
f 2977//2198 2995//2198 2980//2198
f 2977//2199 2980//2199 2979//2199
f 2982//2200 3001//2200 3006//2200
f 2982//2201 3006//2201 2984//2201
f 3006//2202 3007//2202 2984//2202
f 3009//2203 2980//2203 2995//2203
f 3009//2204 2995//2204 3008//2204
f 3013//2205 3011//2205 2986//2205
f 3013//2206 2986//2206 2987//2206
f 3018//2207 3013//2207 2987//2207
f 3018//2208 2987//2208 3017//2208
f 3007//2209 3017//2209 2987//2209
f 3007//2210 2987//2210 2984//2210
f 3019//2211 3018//2211 3017//2211
f 3012//2212 3016//2212 3014//2212
f 3012//2213 3014//2213 2985//2213
f 2984//2214 2987//2214 2986//2214
f 2984//2201 2986//2201 2982//2201
f 2985//2215 3014//2215 3015//2215
f 2985//2216 3015//2216 2983//2216
f 2983//2217 3015//2217 3005//2217
f 2983//2218 3005//2218 2981//2218
f 2976//2219 2994//2219 2990//2219
f 2976//2220 2990//2220 2974//2220
f 2975//2221 2977//2221 2976//2221
f 2975//2222 2976//2222 2974//2222
f 2992//2223 2995//2223 2977//2223
f 2992//2221 2977//2221 2975//2221
f 2974//2224 2989//2224 2993//2224
f 2974//2225 2993//2225 2975//2225
f 2988//2226 2989//2226 2974//2226
f 2988//2227 2974//2227 2990//2227
f 2991//2228 2989//2228 2988//2228
f 2992//2229 2975//2229 2993//2229
f 2978//2230 2996//2230 2994//2230
f 2978//2230 2994//2230 2976//2230
f 3001//2231 2981//2231 3002//2231
f 3001//2232 3002//2232 3003//2232
f 2981//2233 3005//2233 3004//2233
f 2981//2234 3004//2234 3002//2234
f 2981//2235 3001//2235 2982//2235
f 2981//2236 2982//2236 2983//2236
f 2998//2237 3000//2237 2996//2237
f 2998//2238 2996//2238 2978//2238
f 2979//2239 2978//2239 2976//2239
f 2979//2240 2976//2240 2977//2240
f 2997//2241 2998//2241 2978//2241
f 2997//2242 2978//2242 2979//2242
f 2999//2243 2997//2243 2979//2243
f 2999//2244 2979//2244 2980//2244
o Hull_havok_s_armor_15_16
v -0.403499 0.456830 -2.285766
v -0.545364 0.542119 -2.451778
v -0.589676 0.543131 -2.435625
v -0.596366 0.456830 -2.203673
v -0.692510 0.542433 -2.375397
v -0.749856 0.547550 -2.352807
v -0.358119 0.556197 -2.552494
v -0.202145 0.456830 -2.336550
v -0.231084 0.556197 -2.582101
v -0.317133 0.596521 -2.658879
v -0.384949 0.568135 -2.593210
v 0.000005 0.456830 -2.354131
v 0.202154 0.456830 -2.336550
v 0.231093 0.556197 -2.582101
v 0.000005 0.556197 -2.602790
v 0.403508 0.456830 -2.285766
v 0.358128 0.556197 -2.552494
v 0.384958 0.568135 -2.593210
v 0.317142 0.596521 -2.658879
v 0.596375 0.456830 -2.203673
v 0.589686 0.543131 -2.435625
v 0.545373 0.542119 -2.451778
v 0.749865 0.547550 -2.352807
v 0.692519 0.542433 -2.375397
vn 0.0774 0.9418 0.3272
vn -0.0911 0.9280 0.3612
vn -0.0851 0.9271 0.3651
vn 0.0332 0.9281 0.3709
vn 0.0323 0.9278 0.3716
vn -0.1271 0.9222 0.3652
vn -0.1969 0.9170 0.3469
vn -0.2145 0.9168 0.3369
vn -0.1483 0.9254 0.3487
vn -0.1484 0.9254 0.3486
vn 0.1271 0.9222 0.3652
vn 0.1969 0.9170 0.3469
vn 0.2145 0.9168 0.3369
vn 0.1484 0.9254 0.3486
vn 0.1483 0.9254 0.3487
vn -0.0332 0.9281 0.3709
vn -0.0323 0.9278 0.3716
vn -0.0774 0.9418 0.3272
vn 0.0851 0.9271 0.3651
vn 0.0911 0.9280 0.3612
s 0
f 3036//2245 3037//2245 3038//2245
f 3032//2246 3035//2246 3036//2246
f 3032//2247 3036//2247 3033//2247
f 3031//2248 3034//2248 3028//2248
f 3031//2249 3028//2249 3027//2249
f 3041//2250 3036//2250 3035//2250
f 3043//2251 3040//2251 3039//2251
f 3043//2252 3039//2252 3042//2252
f 3040//2253 3041//2253 3035//2253
f 3040//2254 3035//2254 3039//2254
f 3021//2255 3020//2255 3026//2255
f 3023//2256 3022//2256 3024//2256
f 3023//2257 3024//2257 3025//2257
f 3022//2258 3023//2258 3020//2258
f 3022//2259 3020//2259 3021//2259
f 3033//2260 3034//2260 3031//2260
f 3033//2261 3031//2261 3032//2261
f 3026//2262 3029//2262 3030//2262
f 3027//2263 3028//2263 3026//2263
f 3027//2264 3026//2264 3020//2264
o Hull_havok_s_armor_17_17
v 1.102769 1.513666 2.567078
v 0.987236 1.397551 3.226933
v -0.987227 1.397551 3.226933
v -1.102759 1.513666 2.567078
vn -0.0000 -0.9849 -0.1733
s 0
f 3046//2265 3047//2265 3044//2265
f 3046//2265 3044//2265 3045//2265
o Hull_havok_s_armor_18_18
v 0.668003 0.827749 3.216733
v 0.668003 0.757438 3.154424
v -0.667994 0.757438 3.154424
v -0.667994 0.827749 3.216733
vn -0.0000 0.6632 -0.7484
s 0
f 3050//2266 3051//2266 3048//2266
f 3050//2266 3048//2266 3049//2266
o Hull_havok_s_armor_20_19
v -0.930628 0.976033 -2.977889
v -0.797168 1.049569 -2.779587
v -0.947379 1.093473 -2.596267
v -0.927560 0.954534 -3.054646
v -0.760163 0.951034 -3.057117
v 0.930637 0.976033 -2.977889
v 0.760173 0.951034 -3.057117
v 0.927569 0.954534 -3.054646
v 0.864417 1.360131 -2.035649
v 0.977233 1.302713 -2.089069
v 0.986055 1.364568 -1.896365
v -0.864408 1.360131 -2.035649
v -0.986046 1.364568 -1.896365
v -0.977223 1.302713 -2.089069
v 0.947388 1.093473 -2.596267
v 0.797177 1.049569 -2.779587
vn -0.3143 -0.8996 0.3032
vn 0.3143 -0.8996 0.3032
vn -0.0837 -0.9514 0.2964
vn 0.0837 -0.9514 0.2964
vn -0.0162 -0.9630 0.2691
vn 0.0162 -0.9630 0.2691
s 0
f 3060//2267 3061//2267 3062//2267
f 3063//2268 3064//2268 3065//2268
f 3057//2269 3066//2269 3067//2269
f 3052//2270 3053//2270 3054//2270
f 3052//2271 3055//2271 3056//2271
f 3057//2272 3058//2272 3059//2272
o Hull_havok_s_armor_22_20
v -0.570030 0.820099 -3.093651
v -0.705655 0.820099 -3.037340
v -0.630649 0.734300 -2.899037
v -0.414198 0.820099 -3.158385
v 0.570039 0.820099 -3.093651
v 0.414206 0.820099 -3.158385
v 0.630657 0.734300 -2.899037
v 0.705664 0.820099 -3.037340
vn -0.1844 0.8768 0.4440
vn -0.1843 0.8769 0.4440
vn 0.1843 0.8769 0.4440
vn 0.1844 0.8768 0.4440
s 0
f 3072//2273 3073//2273 3074//2273
f 3072//2274 3074//2274 3075//2274
f 3068//2275 3069//2275 3070//2275
f 3068//2276 3070//2276 3071//2276
o Hull_havok_s_armor_14_21
v -0.999975 1.094050 -1.019878
v -0.947700 1.094050 -1.158643
v -1.007665 1.513666 -1.157863
v -1.060276 1.513666 -1.018523
v 0.999985 1.094050 -1.019878
v 1.060285 1.513666 -1.018523
v 1.007674 1.513666 -1.157863
v 0.947709 1.094050 -1.158643
vn -0.9276 0.1319 0.3495
vn -0.9273 0.1321 0.3501
vn 0.9273 0.1321 0.3501
vn 0.9276 0.1319 0.3495
s 0
f 3082//2277 3083//2277 3080//2277
f 3082//2278 3080//2278 3081//2278
f 3078//2279 3079//2279 3076//2279
f 3078//2280 3076//2280 3077//2280
o Hull_havok_s_armor_16_22
v 1.060285 1.513666 -1.018523
v 0.999985 1.094050 -1.019878
v 1.040784 1.094050 -0.876496
v 1.100834 1.513666 -0.875574
v -1.040775 1.094050 -0.876496
v -0.999975 1.094050 -1.019878
v -1.060276 1.513666 -1.018523
v -1.100824 1.513666 -0.875574
vn 0.9531 0.1358 0.2704
vn 0.9529 0.1361 0.2711
vn -0.9531 0.1358 0.2704
vn -0.9529 0.1361 0.2711
s 0
f 3090//2281 3091//2281 3088//2281
f 3090//2282 3088//2282 3089//2282
f 3086//2283 3087//2283 3084//2283
f 3086//2284 3084//2284 3085//2284
o Hull_havok_s_armor_23_23
v -0.856813 0.456830 -2.018870
v -0.596366 0.456830 -2.203673
v -0.866876 0.529100 -2.217295
v -0.749856 0.547550 -2.352807
v -0.871853 0.563973 -2.311796
v 0.866885 0.529100 -2.217295
v 0.749865 0.547550 -2.352807
v 0.596375 0.456830 -2.203673
v 0.856822 0.456830 -2.018870
v 0.871862 0.563973 -2.311796
vn -0.2291 0.9183 0.3229
vn -0.2291 0.9183 0.3228
vn -0.2329 0.9163 0.3259
vn 0.2291 0.9183 0.3229
vn 0.2329 0.9163 0.3259
vn 0.2291 0.9183 0.3228
s 0
f 3099//2285 3100//2285 3097//2285
f 3099//2286 3097//2286 3098//2286
f 3101//2287 3098//2287 3097//2287
f 3092//2288 3093//2288 3094//2288
f 3095//2289 3096//2289 3094//2289
f 3095//2290 3094//2290 3093//2290
o Gun_01_havok_s_armor_2_0
v -0.347050 2.117090 -1.772274
v 0.347058 2.117090 -1.772274
v 0.347058 2.032141 -1.742549
v -0.347050 2.032141 -1.742549
v -0.347050 1.638645 -1.719181
v 0.347058 1.638646 -1.719181
v 0.347059 1.543586 -1.752443
v -0.347050 1.543589 -1.752446
vn -0.0000 0.3303 -0.9439
vn -0.0000 -0.3303 -0.9439
s 0
f 3108//2291 3109//2291 3106//2291
f 3108//2291 3106//2291 3107//2291
f 3104//2292 3105//2292 3102//2292
f 3104//2292 3102//2292 3103//2292
o Gun_01_havok_s_gun_1
v -0.123825 1.715295 -1.870180
v -0.123825 1.963681 -1.870180
v -0.123825 1.963681 -1.154155
v -0.123825 1.715295 -1.154155
v 0.124234 1.715295 -1.154155
v 0.124234 1.715295 -1.870180
v 0.124234 1.963681 -1.870180
v 0.124234 1.963681 -1.154155
v -0.174289 2.014212 -1.885634
v 0.174698 2.014212 -1.885634
v 0.174698 1.664764 -1.885634
v -0.174289 1.664764 -1.885634
v -0.174289 1.992361 -1.154155
v 0.174698 1.992361 -1.154155
v 0.174698 1.992361 -0.829626
v -0.174289 1.992361 -0.829626
v 0.174698 1.682518 -0.829626
v -0.174289 1.682518 -0.829626
v -0.174289 1.682518 -1.154155
v 0.174698 1.682518 -1.154155
v -0.174289 1.664764 -2.230768
v -0.174289 2.014212 -2.230768
v 0.174698 2.014212 -2.230768
v 0.174698 1.664764 -2.230768
v 0.133781 1.703516 -2.318340
v -0.133713 1.703516 -2.318340
v 0.104116 1.734756 -2.318340
v -0.104560 1.734756 -2.318340
v -0.133713 1.975460 -2.318340
v -0.104560 1.944220 -2.318340
v 0.133781 1.975460 -2.318340
v 0.104116 1.944220 -2.318340
v -0.105071 1.734585 -2.565600
v 0.104969 1.734585 -2.565600
v -0.105071 1.944391 -2.565600
v 0.104969 1.944391 -2.565600
v -0.083249 1.922540 -3.327986
v 0.083146 1.922540 -3.327986
v 0.083146 1.756436 -3.327986
v 0.100195 1.739707 -3.327986
v -0.100127 1.739707 -3.327986
v -0.083249 1.756436 -3.327986
v -0.100127 1.939269 -3.327986
v 0.100195 1.939269 -3.327986
v -0.124677 1.975973 -3.997650
v 0.124575 1.975973 -3.997650
v 0.124575 1.975973 -3.379499
v -0.124677 1.975973 -3.379499
v 0.124575 1.727586 -3.379499
v 0.099513 1.739707 -3.379499
v 0.099513 1.939269 -3.379499
v -0.124677 1.727586 -3.379499
v -0.100127 1.739707 -3.379499
v 0.124575 1.726562 -3.997650
v -0.124677 1.726562 -3.997650
v 0.094569 1.936538 -4.080070
v 0.100195 1.939440 -3.997650
v -0.099786 1.939440 -3.997650
v -0.094501 1.936538 -4.080070
v 0.094569 1.744999 -4.080070
v 0.100195 1.740390 -3.997650
v -0.094501 1.744999 -4.080070
v -0.099786 1.740390 -3.997650
v -0.100127 1.939269 -3.379499
v 0.077691 1.762753 -5.816045
v -0.077282 1.762753 -5.816045
v -0.076770 1.763606 -4.080070
v 0.077009 1.763606 -4.080070
v 0.077691 1.916906 -5.816045
v 0.077009 1.916565 -4.080070
v -0.077282 1.916906 -5.816045
v -0.076770 1.916565 -4.080070
v -0.101491 1.737658 -5.857255
v -0.101491 1.941659 -5.857255
v 0.101559 1.941659 -5.857255
v 0.101559 1.737658 -5.857255
v -0.101491 1.940464 -6.099364
v 0.101559 1.940464 -6.099364
v -0.101491 1.738512 -6.099364
v 0.101559 1.738512 -6.099364
vn 0.9980 -0.0000 0.0640
vn -0.0000 -0.0000 1.0000
vn -0.0000 0.9984 0.0558
vn -0.9999 -0.0000 0.0132
vn 1.0000 -0.0000 -0.0000
vn -0.0000 -0.0000 -1.0000
vn -0.0000 1.0000 -0.0000
vn -1.0000 -0.0000 -0.0000
vn -0.0000 -1.0000 -0.0000
vn -0.0000 1.0000 -0.0017
vn -0.9977 -0.0000 0.0681
vn -0.0000 -0.9994 0.0352
vn -0.0000 -1.0000 0.0049
vn 0.8622 -0.0000 -0.5065
vn -0.8653 -0.0000 -0.5012
vn -0.0000 0.8541 -0.5201
vn -0.0000 -0.8572 -0.5149
vn -0.0000 1.0000 0.0035
vn -0.0000 1.0000 -0.0005
vn -1.0000 -0.0000 -0.0004
vn -0.0000 -1.0000 -0.0002
vn 1.0000 -0.0000 -0.0003
vn -0.0000 -0.2925 -0.9563
vn -0.0000 0.2925 -0.9563
vn 0.2928 -0.0000 -0.9562
vn -0.0000 -1.0000 -0.0007
vn -0.0000 -0.9996 0.0286
vn 0.9996 -0.0000 0.0286
vn -1.0000 -0.0000 -0.0034
vn 1.0000 -0.0000 -0.0021
vn -0.9996 -0.0000 0.0286
vn -0.0000 0.9996 0.0286
vn -0.0000 1.0000 -0.0007
vn 0.9073 -0.0000 0.4204
vn -0.2928 -0.0000 -0.9562
vn -0.0000 0.9145 0.4047
vn -0.0000 -0.9145 0.4047
vn -0.9060 -0.0000 0.4233
s 0
f 3167//2293 3172//2293 3171//2293
f 3167//2293 3171//2293 3168//2293
f 3164//2294 3172//2294 3167//2294
f 3164//2294 3167//2294 3154//2294
f 3169//2295 3171//2295 3172//2295
f 3169//2295 3172//2295 3170//2295
f 3163//2294 3170//2294 3172//2294
f 3163//2294 3172//2294 3164//2294
f 3160//2296 3159//2296 3149//2296
f 3160//2296 3149//2296 3153//2296
f 3162//2297 3173//2297 3152//2297
f 3162//2297 3152//2297 3150//2297
f 3150//2298 3152//2298 3146//2298
f 3150//2298 3146//2298 3151//2298
f 3153//2298 3149//2298 3148//2298
f 3153//2298 3148//2298 3147//2298
f 3159//2299 3162//2299 3150//2299
f 3159//2299 3150//2299 3149//2299
f 3166//2294 3170//2294 3163//2294
f 3166//2294 3163//2294 3155//2294
f 3161//2298 3162//2298 3159//2298
f 3161//2298 3159//2298 3158//2298
f 3155//2300 3163//2300 3158//2300
f 3155//2300 3158//2300 3156//2300
f 3156//2301 3157//2301 3154//2301
f 3156//2301 3154//2301 3155//2301
f 3158//2298 3159//2298 3160//2298
f 3158//2298 3160//2298 3156//2298
f 3163//2302 3164//2302 3161//2302
f 3163//2302 3161//2302 3158//2302
f 3167//2294 3166//2294 3155//2294
f 3167//2294 3155//2294 3154//2294
f 3169//2303 3170//2303 3166//2303
f 3169//2303 3166//2303 3165//2303
f 3161//2297 3164//2297 3154//2297
f 3161//2297 3154//2297 3157//2297
f 3167//2304 3168//2304 3165//2304
f 3167//2304 3165//2304 3166//2304
f 3173//2298 3162//2298 3161//2298
f 3173//2298 3161//2298 3157//2298
f 3186//2305 3187//2305 3184//2305
f 3186//2305 3184//2305 3183//2305
f 3182//2297 3188//2297 3186//2297
f 3182//2297 3186//2297 3183//2297
f 3175//2306 3182//2306 3183//2306
f 3175//2306 3183//2306 3180//2306
f 3184//2307 3185//2307 3174//2307
f 3184//2307 3174//2307 3178//2307
f 3187//2300 3189//2300 3185//2300
f 3187//2300 3185//2300 3184//2300
f 3185//2308 3182//2308 3175//2308
f 3185//2308 3175//2308 3174//2308
f 3180//2309 3183//2309 3184//2309
f 3180//2309 3184//2309 3178//2309
f 3189//2310 3188//2310 3182//2310
f 3189//2310 3182//2310 3185//2310
f 3188//2294 3189//2294 3187//2294
f 3188//2294 3187//2294 3186//2294
f 3179//2294 3177//2294 3169//2294
f 3179//2294 3169//2294 3165//2294
f 3176//2311 3177//2311 3174//2311
f 3176//2311 3174//2311 3175//2311
f 3177//2312 3179//2312 3178//2312
f 3177//2312 3178//2312 3174//2312
f 3152//2301 3173//2301 3160//2301
f 3152//2301 3160//2301 3153//2301
f 3160//2298 3173//2298 3157//2298
f 3160//2298 3157//2298 3156//2298
f 3179//2313 3181//2313 3180//2313
f 3179//2313 3180//2313 3178//2313
f 3171//2294 3176//2294 3181//2294
f 3171//2294 3181//2294 3168//2294
f 3169//2294 3177//2294 3176//2294
f 3169//2294 3176//2294 3171//2294
f 3175//2314 3180//2314 3181//2314
f 3175//2314 3181//2314 3176//2314
f 3181//2294 3179//2294 3165//2294
f 3181//2294 3165//2294 3168//2294
f 3123//2294 3122//2294 3112//2294
f 3123//2294 3112//2294 3117//2294
f 3122//2294 3128//2294 3113//2294
f 3122//2294 3113//2294 3112//2294
f 3129//2300 3126//2300 3124//2300
f 3129//2300 3124//2300 3123//2300
f 3114//2294 3129//2294 3123//2294
f 3114//2294 3123//2294 3117//2294
f 3128//2294 3129//2294 3114//2294
f 3128//2294 3114//2294 3113//2294
f 3132//2300 3133//2300 3120//2300
f 3132//2300 3120//2300 3119//2300
f 3133//2299 3130//2299 3121//2299
f 3133//2299 3121//2299 3120//2299
f 3130//2297 3131//2297 3118//2297
f 3130//2297 3118//2297 3121//2297
f 3131//2301 3132//2301 3119//2301
f 3131//2301 3119//2301 3118//2301
f 3129//2299 3128//2299 3127//2299
f 3129//2299 3127//2299 3126//2299
f 3111//2301 3116//2301 3117//2301
f 3111//2301 3117//2301 3112//2301
f 3114//2300 3117//2300 3116//2300
f 3114//2300 3116//2300 3115//2300
f 3112//2297 3113//2297 3110//2297
f 3112//2297 3110//2297 3111//2297
f 3113//2299 3114//2299 3115//2299
f 3113//2299 3115//2299 3110//2299
f 3118//2315 3119//2315 3116//2315
f 3118//2315 3116//2315 3111//2315
f 3126//2298 3127//2298 3125//2298
f 3126//2298 3125//2298 3124//2298
f 3125//2297 3127//2297 3128//2297
f 3125//2297 3128//2297 3122//2297
f 3120//2316 3121//2316 3110//2316
f 3120//2316 3110//2316 3115//2316
f 3124//2301 3125//2301 3122//2301
f 3124//2301 3122//2301 3123//2301
f 3121//2317 3118//2317 3111//2317
f 3121//2317 3111//2317 3110//2317
f 3150//2298 3151//2298 3148//2298
f 3150//2298 3148//2298 3149//2298
f 3152//2298 3153//2298 3147//2298
f 3152//2298 3147//2298 3146//2298
f 3144//2318 3145//2318 3141//2318
f 3144//2318 3141//2318 3139//2318
f 3146//2319 3147//2319 3145//2319
f 3146//2319 3145//2319 3144//2319
f 3151//2320 3146//2320 3144//2320
f 3151//2320 3144//2320 3142//2320
f 3145//2321 3143//2321 3136//2321
f 3145//2321 3136//2321 3141//2321
f 3142//2322 3144//2322 3139//2322
f 3142//2322 3139//2322 3137//2322
f 3147//2323 3148//2323 3143//2323
f 3147//2323 3143//2323 3145//2323
f 3148//2324 3151//2324 3142//2324
f 3148//2324 3142//2324 3143//2324
f 3136//2325 3143//2325 3142//2325
f 3136//2325 3142//2325 3137//2325
f 3136//2294 3137//2294 3135//2294
f 3136//2294 3135//2294 3134//2294
f 3135//2326 3138//2326 3131//2326
f 3135//2326 3131//2326 3130//2326
f 3119//2327 3120//2327 3115//2327
f 3119//2327 3115//2327 3116//2327
f 3134//2328 3135//2328 3130//2328
f 3134//2328 3130//2328 3133//2328
f 3137//2294 3139//2294 3138//2294
f 3137//2294 3138//2294 3135//2294
f 3131//2329 3138//2329 3140//2329
f 3131//2329 3140//2329 3132//2329
f 3141//2294 3140//2294 3138//2294
f 3141//2294 3138//2294 3139//2294
f 3140//2330 3134//2330 3133//2330
f 3140//2330 3133//2330 3132//2330
f 3134//2294 3140//2294 3141//2294
f 3134//2294 3141//2294 3136//2294
o Gun_01_havok_s_armor_1_2
v -0.347050 1.772725 -1.955501
v -0.347050 1.709316 -1.933313
v 0.347058 1.709316 -1.933313
v 0.347058 1.772725 -1.955501
v -0.347050 1.906238 -1.955501
v -0.347050 1.839481 -1.963023
v 0.347058 1.839481 -1.963023
v 0.347058 1.906238 -1.955501
v 0.347058 1.969647 -1.933313
v -0.347050 1.969647 -1.933313
vn -0.0000 0.1120 0.9937
vn -0.0000 -0.3303 0.9439
vn -0.0000 0.3303 0.9439
vn -0.0000 -0.1120 0.9937
s 0
f 3193//2331 3196//2331 3195//2331
f 3193//2331 3195//2331 3190//2331
f 3197//2332 3198//2332 3199//2332
f 3197//2332 3199//2332 3194//2332
f 3192//2333 3193//2333 3190//2333
f 3192//2333 3190//2333 3191//2333
f 3196//2334 3197//2334 3194//2334
f 3196//2334 3194//2334 3195//2334
o Gun_01_havok_s_armor_4_3
v -0.347050 1.728758 -1.839237
v 0.347058 1.728758 -1.839237
v 0.347058 1.663267 -1.773746
v -0.347050 1.663266 -1.773746
v 0.347058 1.638646 -1.719181
v -0.347050 1.638645 -1.719181
v -0.347050 1.816180 -1.869828
v 0.347058 1.816180 -1.869828
v -0.347050 1.986640 -1.810181
v 0.347058 1.986640 -1.810181
v 0.347058 1.908217 -1.859458
v -0.347050 1.908217 -1.859458
v -0.347050 2.012425 -1.777352
v 0.347058 2.012425 -1.777352
v -0.347050 2.032140 -1.742549
v 0.347058 2.032141 -1.742549
vn -0.0000 0.1120 -0.9937
vn -0.0000 0.7864 -0.6177
vn -0.0000 0.8701 -0.4929
vn -0.0000 0.5320 -0.8467
vn -0.0000 -0.7071 -0.7071
vn -0.0000 -0.9115 -0.4113
vn -0.0000 -0.3303 -0.9439
s 0
f 3211//2335 3210//2335 3207//2335
f 3211//2335 3207//2335 3206//2335
f 3212//2336 3213//2336 3209//2336
f 3212//2336 3209//2336 3208//2336
f 3212//2337 3214//2337 3215//2337
f 3212//2337 3215//2337 3213//2337
f 3210//2338 3211//2338 3208//2338
f 3210//2338 3208//2338 3209//2338
f 3202//2339 3203//2339 3200//2339
f 3202//2339 3200//2339 3201//2339
f 3204//2340 3205//2340 3203//2340
f 3204//2340 3203//2340 3202//2340
f 3206//2341 3207//2341 3201//2341
f 3206//2341 3201//2341 3200//2341
o Gun_01_havok_s_armor_3_4
v -0.347050 1.728758 -1.839237
v -0.347050 1.604932 -1.850069
v -0.347050 1.652434 -1.897572
v -0.347050 1.709316 -1.933313
v -0.347050 1.663266 -1.773746
v -0.347050 1.638645 -1.719181
v -0.347050 1.543589 -1.752446
v -0.347050 1.816180 -1.869828
v -0.347050 1.772725 -1.955501
v -0.347050 1.839481 -1.963023
v 0.347058 1.728758 -1.839237
v 0.347058 1.816180 -1.869828
v 0.347058 1.772725 -1.955501
v 0.347058 1.709316 -1.933313
v 0.347058 1.652434 -1.897572
v 0.347058 1.663267 -1.773746
v 0.347059 1.543586 -1.752443
v 0.347058 1.638646 -1.719181
v 0.347058 1.604932 -1.850069
v 0.347058 2.026529 -1.897572
v 0.347058 1.908217 -1.859458
v 0.347058 1.986640 -1.810181
v 0.347058 2.074031 -1.850070
v 0.347058 1.969647 -1.933313
v 0.347058 1.906238 -1.955501
v 0.347058 2.012425 -1.777352
v 0.347058 2.032141 -1.742549
v 0.347058 2.117090 -1.772274
v 0.347058 1.839481 -1.963023
v -0.347050 2.026528 -1.897572
v -0.347050 2.074031 -1.850070
v -0.347050 1.986640 -1.810181
v -0.347050 1.969647 -1.933313
v -0.347050 1.908217 -1.859457
v -0.347050 1.906237 -1.955501
v -0.347050 2.032141 -1.742548
v -0.347050 2.012425 -1.777352
v -0.347050 2.117090 -1.772274
vn -1.0000 -0.0000 -0.0000
vn 1.0000 -0.0000 -0.0000
s 0
f 3240//2342 3244//2342 3227//2342
f 3240//2342 3227//2342 3236//2342
f 3244//2342 3228//2342 3227//2342
f 3243//2342 3238//2342 3242//2342
f 3239//2342 3240//2342 3236//2342
f 3239//2342 3236//2342 3235//2342
f 3238//2342 3237//2342 3241//2342
f 3238//2342 3241//2342 3242//2342
f 3252//2343 3247//2343 3246//2343
f 3252//2343 3246//2343 3251//2343
f 3253//2343 3251//2343 3246//2343
f 3225//2343 3250//2343 3249//2343
f 3225//2343 3249//2343 3223//2343
f 3247//2343 3248//2343 3245//2343
f 3247//2343 3245//2343 3246//2343
f 3249//2343 3250//2343 3248//2343
f 3249//2343 3248//2343 3247//2343
f 3219//2343 3224//2343 3223//2343
f 3219//2343 3223//2343 3216//2343
f 3224//2343 3225//2343 3223//2343
f 3221//2343 3222//2343 3217//2343
f 3221//2343 3217//2343 3220//2343
f 3218//2343 3219//2343 3216//2343
f 3218//2343 3216//2343 3217//2343
f 3220//2343 3217//2343 3216//2343
f 3234//2342 3233//2342 3231//2342
f 3234//2342 3231//2342 3230//2342
f 3237//2342 3238//2342 3235//2342
f 3237//2342 3235//2342 3236//2342
f 3232//2342 3233//2342 3234//2342
f 3228//2342 3229//2342 3226//2342
f 3228//2342 3226//2342 3227//2342
f 3230//2342 3231//2342 3226//2342
f 3230//2342 3226//2342 3229//2342
o Gun_01_havok_s_armor_5_5
v 0.347058 1.652434 -1.897572
v 0.347058 1.709316 -1.933313
v -0.347050 1.709316 -1.933313
v -0.347050 1.652434 -1.897572
v 0.347058 1.969647 -1.933313
v 0.347058 2.026529 -1.897572
v -0.347050 2.026528 -1.897572
v -0.347050 1.969647 -1.933313
vn -0.0000 -0.5320 0.8467
vn -0.0000 0.5320 0.8467
s 0
f 3260//2344 3261//2344 3258//2344
f 3260//2344 3258//2344 3259//2344
f 3256//2345 3257//2345 3254//2345
f 3256//2345 3254//2345 3255//2345
o Gun_01_havok_s_armor_6_6
v 0.347058 1.604932 -1.850069
v 0.347058 1.652434 -1.897572
v -0.347050 1.652434 -1.897572
v -0.347050 1.604932 -1.850069
v 0.347058 2.026528 -1.897572
v 0.347058 2.074031 -1.850070
v -0.347050 2.074031 -1.850070
v -0.347050 2.026528 -1.897572
vn -0.0000 -0.7071 0.7071
vn -0.0000 0.7071 0.7071
s 0
f 3268//2346 3269//2346 3266//2346
f 3268//2346 3266//2346 3267//2346
f 3264//2347 3265//2347 3262//2347
f 3264//2347 3262//2347 3263//2347
o Gun_01_havok_s_armor_7_7
v 0.347058 2.074031 -1.850070
v 0.347058 2.117090 -1.772274
v -0.347050 2.117090 -1.772274
v -0.347050 2.074031 -1.850070
vn -0.0000 -0.8749 0.4843
s 0
f 3272//2348 3273//2348 3270//2348
f 3272//2348 3270//2348 3271//2348
o Gun_01_havok_s_armor_8_8
v -0.347050 1.604932 -1.850069
v -0.347050 1.543589 -1.752446
v 0.347059 1.543586 -1.752443
v 0.347058 1.604932 -1.850069
vn -0.0000 0.8467 0.5321
vn -0.0000 0.8467 0.5320
s 0
f 3276//2349 3277//2349 3274//2349
f 3276//2350 3274//2350 3275//2350
