# Blender 5.1.0
# www.blender.org
o Chassis_havok_s_rightTrack_0
v 1.084247 0.458709 2.796853
v 1.718497 0.573319 2.924640
v 1.084247 0.458709 2.652398
v 1.103147 0.557272 2.762128
v 1.708827 0.620914 2.832040
v 1.718497 0.645349 2.859357
v 1.020074 0.632584 2.986681
v 1.718497 0.632584 2.986681
v 1.708827 0.598484 2.776481
v 1.708827 0.598484 2.594986
v 1.708827 0.584078 2.685734
v 1.103147 0.596569 2.607024
v 1.103147 0.584078 2.685734
v 1.103147 0.598484 2.776481
v 1.103147 0.621278 2.832966
v 1.020074 0.458709 2.652398
v 1.103147 0.548975 2.693141
v 1.103147 0.556634 2.619525
v 1.087324 0.640243 2.513036
v 1.087324 0.598484 2.594986
v 1.103147 0.580066 2.548223
v 0.818767 0.580066 2.547760
v 0.818767 0.556634 2.619525
v 0.818767 0.557819 2.766295
v 0.818767 0.548975 2.693141
v 0.818767 0.582802 2.836207
v 1.020074 0.582802 2.836207
v 1.020074 0.622646 2.898249
v 0.818767 0.622646 2.898249
v 1.020074 0.458709 2.796853
v 1.306499 1.161773 0.025406
v 1.306499 1.161979 0.101293
v 1.306499 1.166181 1.682274
v 1.384204 1.161727 0.025406
v 1.306499 1.157579 -1.552413
v 1.393945 1.161928 0.101293
v 1.533084 1.161849 0.101293
v 1.533084 1.161643 0.025406
v 1.250845 0.768278 2.284719
v 1.567572 0.768278 2.284719
v 1.567572 0.710945 2.359910
v 1.250845 0.710945 2.359910
v 1.250845 0.804160 2.197567
v 1.567572 0.804160 2.197567
v 1.567572 0.816250 2.103579
v 1.250845 0.816250 2.103579
v 1.250845 0.803770 2.010017
v 1.567572 0.803770 2.010017
v 1.250845 0.767108 1.922865
v 1.567572 0.767108 1.922865
v 1.567572 0.140345 1.925001
v 1.567572 0.104463 2.012581
v 1.250845 0.140345 1.925001
v 1.250845 0.104463 2.012581
v 1.567572 0.154386 2.314625
v 1.084115 0.107583 2.220209
v 1.250845 0.107583 2.220209
v 1.084115 0.017878 2.252678
v 1.718497 0.017878 2.252678
v 1.718497 0.107583 2.220209
v 1.567572 0.107583 2.220209
v 1.708827 0.787119 2.406248
v 1.708827 1.050814 2.448068
v 1.087324 1.050814 2.448068
v 1.087324 1.115793 2.512758
v 1.087324 1.168935 2.688534
v 1.087324 1.157601 2.595092
v 1.087324 1.159868 2.760412
v 1.087324 1.133171 2.828370
v 1.708827 1.115793 2.512758
v 1.708827 1.157601 2.595092
v 1.708827 1.168683 2.688534
v 1.708827 1.159616 2.760412
v 1.708827 1.132919 2.828370
v 1.708827 1.090104 2.886526
v 1.020074 1.253811 2.785243
v 1.718497 1.253811 2.785243
v 1.718497 1.218047 2.875417
v 1.020074 1.218047 2.875417
v 1.020074 1.133171 2.828370
v 1.020074 1.159868 2.761065
v 1.718497 1.159616 2.760412
v 1.718497 1.132919 2.828370
v 1.020074 0.903225 3.074716
v 1.020074 0.998679 3.056420
v 1.718497 0.998679 3.056420
v 1.718497 0.903225 3.074716
v 1.718497 0.806512 3.068835
v 1.020074 0.806512 3.068835
v 1.718497 0.897433 2.977354
v 1.718497 0.968708 2.963631
v 1.718497 0.824898 2.972780
v 1.708827 0.897433 2.977354
v 1.708827 0.968708 2.963631
v 1.708827 0.824898 2.972780
v 1.708827 0.755889 2.950563
v 1.718497 0.755889 2.950563
v 1.708827 1.034191 2.932920
v 1.087324 0.968708 2.964285
v 1.087324 0.899448 2.977354
v 1.087324 1.034443 2.933573
v 1.020074 1.161127 2.953830
v 1.718497 1.161127 2.953830
v 1.718497 1.086326 3.015253
v 1.020074 1.086326 3.015253
v 1.718497 1.090104 2.886526
v 1.718497 1.034191 2.932920
v 1.020074 0.954352 3.016560
v 0.818767 0.954352 3.016560
v 1.020074 0.899448 2.977354
v 0.818767 0.881818 3.020481
v 0.818767 0.808275 3.012639
v 0.818767 0.738259 2.989115
v 1.020074 0.808275 3.012639
v 1.020074 0.881818 3.020481
v 1.020074 0.968708 2.964285
v 1.087324 1.090355 2.887179
v 1.020074 1.090355 2.887179
v 1.020074 1.034443 2.933573
v 1.084284 0.424568 -3.049345
v 1.084284 0.018685 -2.127840
v 1.718497 0.018685 -2.127840
v 1.718497 0.424568 -3.049345
v 1.084284 0.458664 -2.885648
v 1.234735 0.485940 -2.947740
v 1.250769 0.157735 -2.202633
v 1.250769 0.111187 -2.098205
v 1.084284 0.111187 -2.098205
v 1.718497 0.512623 -3.007010
v 1.718497 0.111484 -2.098205
v 1.567364 0.418639 -2.353630
v 1.250769 0.418639 -2.353630
v 1.250769 0.326729 -2.332462
v 1.567364 0.326729 -2.332462
v 1.567364 0.512920 -2.350808
v 1.250769 0.512920 -2.350808
v 1.567364 0.603050 -2.323995
v 1.250769 0.243418 -2.287304
v 1.567364 0.243418 -2.287304
v 1.565317 0.584075 -2.640101
v 1.234735 0.584075 -2.640101
v 1.020146 0.559171 -3.086036
v 1.020146 0.625286 -3.148129
v 1.020146 0.568955 -3.227155
v 1.020146 0.483568 -3.146717
v 1.718497 0.568955 -3.227155
v 1.718497 0.559467 -3.084625
v 1.718497 0.625583 -3.148129
v 1.718497 0.483568 -3.146717
v 1.084284 0.458664 -3.105793
v 1.020146 0.458664 -3.105793
v 1.234735 0.490091 -2.823555
v 1.565317 0.490091 -2.823555
v 1.020146 0.458664 -2.885648
v 1.020146 0.512327 -3.007010
v 1.565317 0.522703 -2.724772
v 1.234735 0.522703 -2.724772
v 1.250769 0.174634 -2.223801
v 1.567364 0.174634 -2.223801
v 1.567364 0.160700 -1.783510
v 1.250769 0.160700 -1.783510
v 1.567364 0.115931 -1.866771
v 1.250769 0.115931 -1.866771
v 1.250769 0.099328 -1.993777
v 1.567364 0.111484 -2.098205
v 1.567364 0.099328 -1.993777
v 1.568004 0.168085 -0.132801
v 1.251253 0.168085 -0.132801
v 1.251253 0.593178 -0.019774
v 1.251253 0.502225 0.004338
v 1.251253 0.407831 0.004338
v 1.251253 0.316663 -0.019774
v 1.251253 0.234956 -0.066492
v 1.568004 0.316663 -0.019774
v 1.568004 0.407831 0.004338
v 1.568004 0.502225 0.004338
v 1.568004 0.593178 -0.019774
v 1.568004 0.234956 -0.066492
v 1.568004 0.592103 -0.688895
v 1.568004 0.500935 -0.713007
v 1.568004 0.406541 -0.713007
v 1.568004 0.315373 -0.687388
v 1.568004 0.233881 -0.640670
v 1.568004 0.167225 -0.572854
v 1.251253 0.592103 -0.688895
v 1.251253 0.406541 -0.713007
v 1.251253 0.500935 -0.713007
v 1.251253 0.315373 -0.687388
v 1.251253 0.167225 -0.572854
v 1.251253 0.233881 -0.640670
v 1.250788 0.492119 -0.816992
v 1.567539 0.492119 -0.816992
v 1.567539 0.397725 -0.820006
v 1.250788 0.397725 -0.820006
v 1.567539 0.173245 -1.404733
v 1.250788 0.173245 -1.404733
v 1.567539 0.601779 -1.508718
v 1.567539 0.511256 -1.534337
v 1.567539 0.416862 -1.537351
v 1.567539 0.324834 -1.514746
v 1.567539 0.241836 -1.469535
v 1.250788 0.161634 -0.964681
v 1.567539 0.161634 -0.964681
v 1.250788 0.584147 -0.839597
v 1.250788 0.307202 -0.847133
v 1.250788 0.226570 -0.896864
v 1.567539 0.307202 -0.847133
v 1.567539 0.226570 -0.896864
v 1.567539 0.584147 -0.839597
v 1.250788 0.601779 -1.508718
v 1.250788 0.511256 -1.534337
v 1.250788 0.324834 -1.514746
v 1.250788 0.416862 -1.537351
v 1.250788 0.241836 -1.469535
v 1.306499 0.927155 -0.053975
v 1.306499 0.887993 -0.012563
v 1.306499 0.867388 0.039203
v 1.306499 0.868352 0.094419
v 1.306499 0.978848 -0.074681
v 1.306499 1.035241 -0.078132
v 1.306499 1.087657 -0.057426
v 1.533084 0.868352 0.094419
v 1.306499 0.890885 0.146184
v 1.533084 0.890885 0.146184
v 1.533084 0.867388 0.039203
v 1.533084 0.931493 0.187597
v 1.533084 0.983909 0.208303
v 1.533084 1.040302 0.204852
v 1.533084 1.091995 0.184146
v 1.533084 0.887993 -0.012563
v 1.533084 0.927155 -0.053975
v 1.533084 0.978848 -0.074681
v 1.533084 1.035241 -0.078132
v 1.533084 1.087657 -0.057426
v 1.306499 0.983909 0.208303
v 1.306499 0.931493 0.187597
v 1.306499 1.040302 0.204852
v 1.306499 1.091995 0.184146
v 1.533084 0.865099 1.702594
v 1.306499 0.865099 1.702594
v 1.306499 0.875582 1.757810
v 1.533084 0.875582 1.757810
v 1.306499 1.010900 1.557651
v 1.533084 1.010900 1.557651
v 1.533084 1.066088 1.571455
v 1.306499 1.066088 1.571455
v 1.306499 0.955592 1.568004
v 1.533084 0.955592 1.568004
v 1.306499 0.908357 1.599063
v 1.533084 0.908357 1.599063
v 1.533084 0.876666 1.647378
v 1.306499 0.876666 1.647378
v 1.533084 0.906429 1.802674
v 1.306499 0.906429 1.802674
v 1.533084 1.110792 1.806125
v 1.306499 1.110792 1.806125
v 1.533084 0.876064 -1.634541
v 1.306499 0.876064 -1.634541
v 1.306499 0.865099 -1.579325
v 1.533084 0.865099 -1.579325
v 1.306499 1.064883 -1.713915
v 1.533084 1.064883 -1.713915
v 1.533084 1.111756 -1.682856
v 1.306499 1.111756 -1.682856
v 1.306499 1.009575 -1.724268
v 1.533084 1.009575 -1.724268
v 1.306499 0.954267 -1.713915
v 1.533084 0.954267 -1.713915
v 1.533084 0.876064 -1.524109
v 1.533084 0.907393 -1.682856
v 1.306499 0.907393 -1.682856
v 1.306499 0.876064 -1.524109
v 1.306499 1.064883 -1.444735
v 1.533084 1.064883 -1.444735
v 1.533084 1.009575 -1.434382
v 1.306499 1.009575 -1.434382
v 1.533084 0.954267 -1.444735
v 1.306499 0.954267 -1.444735
v 1.533084 0.907393 -1.479246
v 1.306499 0.907393 -1.479246
v 1.565317 1.154162 -2.810810
v 1.565317 0.871854 -2.547131
v 1.234735 0.871854 -2.547131
v 1.234735 0.970772 -2.580279
v 1.565317 0.970772 -2.580279
v 1.567364 0.733760 -1.765138
v 1.567364 0.783464 -1.844994
v 1.567364 0.810887 -1.935398
v 1.567364 0.813825 -2.030322
v 1.567364 0.792278 -2.122233
v 1.567364 0.747961 -2.205103
v 1.250769 0.747961 -2.205103
v 1.234735 1.115721 -2.726432
v 1.234735 0.795461 -3.210093
v 1.234735 0.886544 -3.204067
v 1.234735 0.972731 -3.173932
v 1.234735 1.047409 -3.121196
v 1.234735 1.054754 -2.642056
v 1.565317 1.115721 -2.726432
v 1.565317 0.795461 -3.210093
v 1.565317 0.886544 -3.204067
v 1.565317 1.047164 -3.121196
v 1.565317 0.972486 -3.173932
v 1.565317 1.054754 -2.642056
v 1.718497 0.788606 -3.306524
v 1.020146 0.788606 -3.306524
v 1.020146 0.906132 -3.298991
v 1.718497 0.906132 -3.298991
v 1.718497 1.017293 -3.259816
v 1.020146 1.017293 -3.259816
v 1.020146 0.795461 -3.210093
v 1.020146 0.886544 -3.204067
v 1.020146 0.972731 -3.173932
v 1.718497 1.047164 -3.121196
v 1.718497 0.972486 -3.173932
v 1.718497 0.886544 -3.204067
v 1.718497 0.795461 -3.210093
v 1.234735 1.141675 -2.967510
v 1.020146 1.141675 -2.967510
v 1.234735 1.154162 -2.877106
v 1.020146 1.234962 -2.993124
v 1.234735 1.105193 -3.050380
v 1.718497 1.234962 -2.993124
v 1.718497 1.141430 -2.967510
v 1.565317 1.141430 -2.967510
v 1.565317 1.153917 -2.877106
v 1.718497 1.104948 -3.050380
v 1.565317 1.104948 -3.050380
v 1.718497 1.188196 -3.101609
v 1.020146 1.188196 -3.101609
v 1.020146 1.113518 -3.192013
v 1.718497 1.113518 -3.192013
v 1.020146 1.105193 -3.050380
v 1.020146 1.047409 -3.121196
v 1.348107 0.096956 0.399139
v 1.452399 0.097678 -0.274921
v 1.251253 0.097552 -0.274921
v 1.567694 0.103945 0.374563
v 1.250943 0.096767 0.530791
v 1.327806 0.096816 0.530791
v 1.477039 0.097847 -0.432903
v 1.251253 0.097707 -0.432903
v 1.250788 0.098355 -1.098186
v 1.250788 0.098517 -1.264945
v 1.568004 0.097903 -0.432903
v 1.567766 0.587842 0.948747
v 1.567766 0.496403 0.924856
v 1.567766 0.402079 0.926349
v 1.567766 0.311305 0.951733
v 1.567766 0.230298 1.001008
v 1.567766 0.164604 1.068202
v 1.250999 0.230298 1.001008
v 1.250999 0.311305 0.951733
v 1.250999 0.402079 0.926349
v 1.250999 0.587842 0.948747
v 1.250999 0.164604 1.068202
v 1.250999 0.170818 1.508692
v 1.567766 0.170818 1.508692
v 1.250999 0.597385 1.616202
v 1.250999 0.506612 1.641586
v 1.250999 0.412288 1.643079
v 1.250999 0.320849 1.620681
v 1.250999 0.238509 1.574392
v 1.250999 0.496403 0.924856
v 1.567766 0.597385 1.616202
v 1.567766 0.506612 1.641586
v 1.567766 0.412288 1.643079
v 1.567766 0.320849 1.620681
v 1.567766 0.238509 1.574392
v 1.567766 0.551888 0.812867
v 1.567766 0.364571 0.814360
v 1.567766 0.458451 0.826305
v 1.567766 0.201445 0.723275
v 1.567766 0.276905 0.780017
v 1.567766 0.143075 0.648616
v 1.250999 0.201445 0.723275
v 1.250999 0.276905 0.780017
v 1.250999 0.551888 0.812867
v 1.250999 0.458451 0.826305
v 1.250999 0.364571 0.814360
v 1.567766 0.357025 0.115548
v 1.250999 0.357025 0.115548
v 1.250999 0.270247 0.152878
v 1.567766 0.270247 0.152878
v 1.250999 0.195897 0.211112
v 1.567766 0.195897 0.211112
v 1.718497 0.071154 2.364647
v 1.084115 0.071153 2.364647
v 1.250837 0.215598 2.382615
v 1.567574 0.216188 2.382978
v 1.567574 0.274483 2.418923
v 1.250837 0.274483 2.418923
v 1.250837 0.361890 2.454776
v 1.567574 0.361890 2.454776
v 1.250837 0.455597 2.466786
v 1.567574 0.455597 2.466786
v 1.250837 0.154370 2.314653
v 1.084115 0.154280 2.314707
v 1.718497 0.154622 2.314503
v 1.020146 0.714371 3.038601
v 1.718497 0.714371 3.038601
v 1.020146 0.573282 2.924664
v 1.708659 0.645345 2.859188
v 1.718497 0.694692 2.911676
v 1.708659 0.694688 2.911681
v 1.708659 0.640212 2.513036
v 1.020146 0.557287 2.762032
v 1.087480 0.596559 2.606973
v 1.708659 0.705246 2.448002
v 1.087480 0.705246 2.448002
v 1.567574 0.549221 2.454133
v 1.250837 0.549221 2.454133
v 1.250837 0.636379 2.417680
v 1.567574 0.636379 2.417680
v 1.087480 0.787193 2.406248
v 0.818767 0.650227 2.798532
v 1.087480 0.650227 2.798532
v 1.020146 0.557829 2.766517
v 0.818767 0.675345 2.950227
v 1.020146 0.675345 2.950227
v 1.020146 0.738259 2.989364
v 1.020146 1.265990 2.689785
v 1.020146 1.251172 -2.878645
v 1.718497 1.251172 -2.878645
v 1.718497 1.265990 2.689785
v 1.020146 1.154221 -2.876526
v 1.020146 1.169021 2.688717
v 1.087480 1.168887 2.652778
v 1.306499 1.166296 1.725604
v 1.234717 1.154271 -2.811545
v 1.306499 1.157432 -1.607427
v 1.533084 1.166052 1.682083
v 1.718497 1.168624 2.688712
v 1.533084 1.143596 1.648965
v 1.306499 1.143596 1.648965
v 1.306499 1.142547 1.759548
v 1.533084 1.157450 -1.552166
v 1.718497 1.153823 -2.876517
v 1.533084 1.143077 -1.524486
v 1.306499 1.143077 -1.524486
v 1.306499 1.143077 -1.635074
v 1.533084 1.143077 -1.635074
v 1.533084 1.157303 -1.607676
v 1.533084 1.111757 -1.477611
v 1.306499 1.111757 -1.477611
v 1.306499 1.128265 -0.017517
v 1.533084 1.128265 -0.017517
v 1.533084 1.131147 0.143005
v 1.306499 1.131147 0.143005
v 1.533084 1.166168 1.725787
v 1.533084 1.142547 1.759548
v 1.306499 1.112720 1.601795
v 1.533084 1.112720 1.601795
v 1.250837 0.709374 1.848111
v 1.250837 0.634225 1.790857
v 1.567574 0.709374 1.848111
v 1.306499 1.008218 1.847475
v 1.533084 1.008218 1.847475
v 1.533084 0.953032 1.835952
v 1.306499 0.953032 1.835952
v 1.306499 1.063614 1.837000
v 1.533084 1.063614 1.837000
v 1.087480 0.878033 2.391860
v 1.708659 0.878033 2.391860
v 1.708659 0.968872 2.406248
v 1.087480 0.968872 2.406248
v 1.708659 1.168529 2.650942
v 1.567574 0.272329 1.792100
v 1.567574 0.197575 1.849870
v 1.567574 0.359487 1.755646
v 1.250837 0.197575 1.849870
v 1.567574 0.634225 1.790857
v 1.567574 0.546818 1.755004
v 1.567574 0.453111 1.742994
v 1.250837 0.272329 1.792100
v 1.250837 0.359487 1.755646
v 1.250837 0.453111 1.742994
v 1.250837 0.546818 1.755004
v 1.567574 0.095480 2.050277
v 1.250837 0.095283 2.051105
v 1.567574 0.095426 2.104928
v 1.084115 0.095127 2.104978
v 1.250837 0.095230 2.104961
v 1.084115 0.000006 2.120907
v 1.718497 0.000006 2.120907
v 1.718497 0.095520 2.104912
v 1.234717 0.512424 -3.007162
v 1.567396 0.158123 -2.203725
v 1.565318 0.512594 -3.007081
v 1.565318 0.485982 -2.946768
v 1.250659 0.603161 -2.323526
v 1.234717 0.668632 -2.579351
v 1.565318 0.668632 -2.579351
v 1.234717 0.559154 -3.085351
v 1.234717 0.625422 -3.148125
v 1.020146 0.706163 -3.190739
v 1.234717 0.706205 -3.190624
v 1.020146 0.673285 -3.281971
v 1.718497 0.673285 -3.281971
v 1.565318 0.559301 -3.085233
v 1.565318 0.625532 -3.147973
v 1.565318 0.706268 -3.190447
v 1.718497 0.706298 -3.190365
v 1.565318 0.767774 -2.547516
v 1.234717 0.767774 -2.547516
v 1.250659 0.683315 -2.273758
v 1.567396 0.683316 -2.273758
v 1.250659 0.225139 -1.714693
v 1.567396 0.225139 -1.714693
v 1.567396 0.305294 -1.664925
v 1.567396 0.395597 -1.637599
v 1.567396 0.489896 -1.634578
v 1.567396 0.581765 -1.656065
v 1.567396 0.664943 -1.700596
v 1.250659 0.664942 -1.700596
v 1.250659 0.581765 -1.656065
v 1.250659 0.733760 -1.765139
v 1.250659 0.783527 -1.845292
v 1.250659 0.489896 -1.634578
v 1.250659 0.395597 -1.637599
v 1.250659 0.305294 -1.664925
v 1.250659 0.813876 -2.029895
v 1.250659 0.810853 -1.935596
v 1.250659 0.792390 -2.121764
v 1.084115 0.099124 -1.994005
v 1.250659 0.099154 -1.917761
v 1.084115 -0.000121 -2.000541
v 1.718497 -0.000121 -2.000541
v 1.567396 0.099351 -1.917165
v 1.718497 0.099520 -1.993979
v 1.568004 0.812590 -0.401894
v 1.568004 0.788005 -0.492982
v 1.568004 0.120703 -0.215155
v 1.568004 0.812761 -0.307547
v 1.568004 0.741482 -0.134576
v 1.568004 0.788508 -0.216369
v 1.251267 0.120703 -0.215155
v 1.251267 0.674891 -0.067740
v 1.251267 0.120201 -0.491768
v 1.251267 0.741482 -0.134576
v 1.251267 0.788508 -0.216369
v 1.567736 0.544376 0.113516
v 1.250999 0.544376 0.113516
v 1.250999 0.450582 0.102201
v 1.567736 0.450582 0.102201
v 1.568004 0.674891 -0.067740
v 1.568004 0.740682 -0.574604
v 1.568004 0.673847 -0.641198
v 1.568004 0.120201 -0.491768
v 1.251267 0.812590 -0.401894
v 1.251267 0.812761 -0.307547
v 1.251267 0.740682 -0.574604
v 1.251267 0.788005 -0.492982
v 1.251267 0.673847 -0.641198
v 1.250788 0.811907 -1.120701
v 1.250788 0.785047 -1.030126
v 1.250788 0.123915 -1.324722
v 1.250788 0.814409 -1.215143
v 1.250788 0.682316 -1.458602
v 1.250788 0.747328 -1.390054
v 1.250788 0.792382 -1.307014
v 1.567525 0.123915 -1.324722
v 1.567525 0.682316 -1.458602
v 1.567525 0.116580 -1.047833
v 1.567525 0.747328 -1.390054
v 1.567525 0.792382 -1.307014
v 1.567525 0.098551 -1.097054
v 1.567525 0.098716 -1.265413
v 1.567525 0.814409 -1.215143
v 1.567525 0.811907 -1.120701
v 1.567525 0.785047 -1.030126
v 1.567525 0.735660 -0.949589
v 1.250788 0.116580 -1.047833
v 1.250788 0.667111 -0.884577
v 1.250788 0.735660 -0.949589
v 1.567525 0.667111 -0.884577
v 1.250999 0.707617 0.205418
v 1.567736 0.707617 0.205418
v 1.567736 0.765940 0.279742
v 1.250999 0.765940 0.279742
v 1.567736 0.803038 0.366626
v 1.250999 0.803038 0.366626
v 1.250999 0.632047 0.148721
v 1.567736 0.632047 0.148721
v 1.250999 0.769865 0.641617
v 1.567736 0.769865 0.641617
v 1.567736 0.713169 0.717189
v 1.250999 0.713169 0.717189
v 1.250999 0.805070 0.553948
v 1.567736 0.805070 0.553948
v 1.567736 0.638846 0.775512
v 1.250999 0.638846 0.775512
v 1.567736 0.816385 0.460153
v 1.250999 0.816385 0.460153
v 1.251029 0.744176 1.500048
v 1.567766 0.744176 1.500048
v 1.567766 0.678415 1.567702
v 1.251029 0.678415 1.567702
v 1.251029 0.790186 1.417679
v 1.567766 0.790186 1.417679
v 1.251029 0.813309 1.326209
v 1.567766 0.813309 1.326209
v 1.251029 0.811970 1.231870
v 1.567766 0.811970 1.231870
v 1.251029 0.737932 1.060063
v 1.567766 0.737932 1.060063
v 1.567766 0.786260 1.141092
v 1.251029 0.786260 1.141092
v 1.251029 0.670278 0.994302
v 1.567766 0.670278 0.994302
v 1.567736 0.097092 0.399082
v 1.568004 0.097749 -0.274487
v 1.250999 0.096894 0.399799
v 1.250999 0.103945 0.374210
v 1.250999 0.105977 0.561530
v 1.567736 0.096962 0.531286
v 1.567766 0.096301 1.208970
v 1.251029 0.096105 1.209485
v 1.567766 0.096150 1.363310
v 1.251029 0.095955 1.362836
v 1.567736 0.139150 0.286539
v 1.250999 0.139150 0.286539
v 1.567736 0.105977 0.561530
v 1.250999 0.143075 0.648416
v 1.567766 0.122448 1.427154
v 1.251029 0.122448 1.427154
v 1.567766 0.118523 1.150569
v 1.251029 0.118523 1.150569
vn 1.0000 -0.0000 -0.0000
vn -0.0000 -0.9629 0.2698
vn 0.0005 -0.9627 0.2704
vn -0.0004 -0.9630 0.2694
vn 0.0001 0.9928 -0.1200
vn -0.0000 0.9928 -0.1198
vn 0.0003 0.9928 -0.1194
vn -1.0000 -0.0000 -0.0000
vn -0.0003 -0.9628 0.2702
vn -0.0000 -0.3859 -0.9226
vn -0.0000 0.7073 0.7069
vn -0.0000 0.7071 0.7071
vn -0.0010 0.9942 0.1079
vn -0.0000 0.9874 0.1585
vn 0.9995 -0.0249 -0.0170
vn 1.0000 -0.0049 -0.0025
vn -0.0000 -0.1339 -0.9910
vn 1.0000 -0.0012 0.0005
vn 1.0000 0.0011 -0.0007
vn 1.0000 0.0040 -0.0004
vn -0.0000 0.7446 -0.6675
vn 1.0000 -0.0007 0.0001
vn -0.0000 1.0000 -0.0000
vn 1.0000 -0.0007 -0.0000
vn 1.0000 -0.0015 0.0002
vn 1.0000 0.0014 -0.0002
vn -0.0000 0.9414 -0.3373
vn 0.0003 0.9417 -0.3365
vn -0.0005 0.9506 0.3104
vn -0.0000 0.9500 0.3122
vn -0.0000 0.9946 0.1035
vn -0.0000 0.8414 -0.5404
vn -0.0000 0.7022 -0.7120
vn -0.0000 0.8910 0.4540
vn -0.0000 0.8911 0.4538
vn -0.1228 -0.7176 0.6855
vn 0.0005 -0.7431 0.6692
vn 0.0008 -0.7430 0.6693
vn -0.0001 0.7227 -0.6911
vn -0.0000 0.7231 -0.6907
vn -0.0000 0.5360 -0.8442
vn -0.0000 0.5359 -0.8443
vn 1.0000 -0.0002 -0.0003
vn 1.0000 -0.0003 -0.0000
vn -0.0000 0.3795 -0.9252
vn 0.0006 -0.7427 0.6696
vn -0.0007 -0.7439 0.6683
vn -0.0000 0.7445 -0.6676
vn -0.0003 -0.7430 0.6693
vn -0.0000 0.1271 -0.9919
vn -0.0000 0.5248 -0.8512
vn -0.0000 0.5249 -0.8512
vn -0.0000 -0.7436 0.6686
vn -0.0009 -0.7439 0.6683
vn -0.0000 0.9273 -0.3742
vn -0.0000 0.9273 -0.3744
vn 0.0006 -0.7420 0.6704
vn -0.0001 0.7446 -0.6675
vn -0.0000 0.9876 -0.1568
vn 0.0006 -0.7286 0.6849
vn -0.0115 -0.7274 0.6861
vn -0.0112 -0.7433 0.6689
vn -0.9999 -0.0125 0.0050
vn -0.0000 0.9876 0.1567
vn -0.0000 0.9876 0.1568
vn -1.0000 -0.0019 -0.0003
vn -1.0000 -0.0050 0.0008
vn -1.0000 -0.0039 0.0001
vn -0.0000 -0.8315 -0.5556
vn -0.0000 -0.7894 0.6139
vn -0.0004 -0.7883 0.6153
vn -0.0005 -0.7883 0.6154
vn -0.0000 -0.8875 -0.4608
vn -0.0000 -0.8875 0.4608
vn -0.0000 -0.8194 -0.5733
vn -0.0000 -0.8367 0.5477
vn -0.0000 -0.8042 -0.5944
vn -0.0005 -0.8054 -0.5928
vn 0.0006 1.0000 -0.0027
vn 0.0003 1.0000 -0.0026
vn -0.0000 -1.0000 0.0027
vn -0.0000 1.0000 -0.0027
vn 0.0005 1.0000 -0.0027
vn -0.0000 -0.8277 0.5612
vn 0.0012 1.0000 -0.0027
vn -0.0000 0.9253 0.3791
vn 0.0006 -0.8965 0.4430
vn -0.0000 -0.8961 0.4439
vn -1.0000 -0.0001 -0.0000
vn -0.0000 0.9728 0.2318
vn 1.0000 -0.0000 0.0001
vn 1.0000 -0.0000 -0.0001
vn 0.0006 -0.9946 0.1041
vn -0.0000 -0.9945 0.1049
vn 0.0017 -0.7418 0.6707
vn -0.0000 -0.8948 0.4464
vn 0.0018 -0.8960 0.4441
vn -0.0000 0.9909 -0.1344
vn 1.0000 0.0004 -0.0001
vn 1.0000 -0.0005 0.0001
vn 0.0006 -0.9943 0.1066
vn -0.0000 -0.9942 0.1075
vn -0.0000 0.9030 -0.4296
vn -0.0000 -0.7914 0.6112
vn -0.0000 -0.1858 -0.9826
vn -0.0000 0.2044 -0.9789
vn -0.0000 -0.9218 0.3878
vn -0.0000 -0.9912 0.1322
vn -0.0000 -0.9247 -0.3807
vn -0.0000 -0.7952 -0.6063
vn 1.0000 -0.0002 -0.0000
vn -0.0000 -0.9918 -0.1276
vn -0.0000 -0.6124 -0.7905
vn -0.0000 0.7955 0.6060
vn -0.0000 -0.1564 0.9877
vn -0.0000 0.8053 0.5929
vn -0.0000 0.6386 0.7696
vn -0.0000 0.4246 0.9054
vn -0.0035 -0.5811 0.8138
vn -0.0000 -0.5826 0.8127
vn -1.0000 0.0003 0.0007
vn -1.0000 0.0004 0.0004
vn -1.0000 -0.0001 0.0016
vn -1.0000 0.0002 0.0010
vn 0.0006 -0.5363 0.8440
vn -0.0000 -0.5362 0.8441
vn -1.0000 0.0068 -0.0064
vn -1.0000 -0.0010 0.0030
vn -0.0000 -0.4251 -0.9051
vn -0.0000 -0.8093 -0.5874
vn 1.0000 0.0002 0.0005
vn 1.0000 0.0001 0.0007
vn -0.0000 -0.6346 -0.7728
vn 1.0000 0.0003 0.0003
vn 1.0000 0.0003 0.0002
vn -0.0000 0.8084 0.5886
vn -0.0000 0.4233 0.9060
vn -0.0000 0.3155 -0.9489
vn 0.0012 0.3185 -0.9479
vn -0.0000 0.1060 -0.9944
vn -0.0000 -0.5830 0.8125
vn 0.0010 0.5282 -0.8491
vn -0.0000 0.5258 -0.8506
vn -0.0000 -0.0540 -0.9985
vn 1.0000 0.0007 0.0003
vn 1.0000 0.0010 -0.0000
vn -0.0000 0.1854 0.9827
vn -1.0000 -0.0011 -0.0028
vn -1.0000 0.0003 -0.0001
vn -1.0000 0.0018 0.0045
vn -1.0000 0.0003 -0.0000
vn -1.0000 -0.0020 -0.0010
vn -1.0000 0.0022 0.0003
vn -1.0000 0.0004 0.0003
vn -1.0000 0.0004 0.0001
vn 1.0000 -0.0000 0.0010
vn 1.0000 -0.0002 0.0007
vn -0.0000 -0.9296 -0.3687
vn -0.0000 -0.9920 -0.1266
vn -1.0000 0.0015 0.0011
vn -1.0000 0.0002 -0.0002
vn -0.0000 -0.4546 0.8907
vn 1.0000 0.0010 0.0018
vn 1.0000 0.0003 -0.0003
vn 0.0001 0.4540 0.8910
vn -0.0000 0.4543 0.8908
vn -0.0000 0.1564 0.9877
vn -0.0000 0.1563 0.9877
vn 1.0000 0.0003 -0.0001
vn 1.0000 0.0003 -0.0000
vn 1.0000 0.0003 0.0001
vn 1.0000 0.0002 -0.0027
vn 1.0000 -0.0003 0.0044
vn -0.0000 0.0607 -0.9982
vn -0.0000 0.3118 -0.9502
vn -0.0000 -0.7055 0.7087
vn -0.0000 -0.1882 -0.9821
vn -0.0000 -0.1883 -0.9821
vn -0.0000 -0.0629 0.9980
vn -0.0000 -0.3065 0.9519
vn -0.0000 -0.3064 0.9519
vn -0.0000 0.1890 0.9820
vn -0.0000 0.1891 0.9820
vn -0.0000 -0.9814 0.1920
vn 0.0036 0.9295 0.3687
vn -0.0000 0.9308 0.3656
vn 0.0016 0.9921 0.1255
vn 0.0012 0.9921 0.1252
vn 0.0013 1.0000 -0.0013
vn -0.0000 0.9922 0.1246
vn 0.0038 0.9921 0.1251
vn -0.0000 -0.8916 0.4528
vn 0.0062 1.0000 -0.0041
vn 1.0000 0.0001 0.0001
vn 1.0000 0.0016 0.0001
vn 1.0000 0.0002 -0.0000
vn 1.0000 -0.0000 0.0002
vn 1.0000 -0.0001 0.0002
vn -1.0000 0.0002 0.0003
vn -0.0000 0.6783 0.7347
vn -0.0000 -0.5305 0.8477
vn 0.0011 -0.5275 0.8496
vn 1.0000 0.0001 -0.0001
vn 1.0000 0.0002 -0.0001
vn 1.0000 0.0006 -0.0000
vn -0.0000 0.7299 -0.6835
vn -1.0000 0.0003 0.0002
vn -0.0000 0.7724 0.6352
vn 0.0012 0.7815 0.6239
vn 0.0011 -0.9933 -0.1156
vn -0.0000 -0.9935 -0.1140
vn -0.0000 0.8808 -0.4736
vn -0.0000 0.9499 -0.3125
vn 0.0013 -1.0000 0.0003
vn -1.0000 0.0009 0.0001
vn -1.0000 -0.0032 -0.0010
vn -0.0000 -0.9146 -0.4043
vn -1.0000 0.0013 0.0004
vn -1.0000 -0.0013 -0.0002
vn -0.0000 0.9893 0.1461
vn 1.0000 0.0017 -0.0016
vn 1.0000 0.0002 0.0002
vn 1.0000 0.0001 0.0002
vn 1.0000 -0.0000 0.0005
vn 1.0000 0.0001 0.0003
vn 0.0014 -0.9934 -0.1150
vn -0.0000 -0.9936 -0.1128
vn 1.0000 0.0044 0.0015
vn 1.0000 -0.0044 -0.0007
vn 0.0012 -1.0000 -0.0023
vn 1.0000 -0.0001 0.0013
vn 1.0000 -0.0005 0.0016
vn 0.0004 -0.6877 -0.7260
vn 0.0023 -0.6846 -0.7289
vn 0.0006 -0.4656 -0.8850
vn 0.0003 -0.4661 -0.8847
vn -0.0000 0.4765 0.8792
vn -0.0000 0.5835 -0.8121
vn 0.0036 -0.6877 -0.7260
vn -0.0005 -0.6927 -0.7212
vn 0.0006 -0.4636 -0.8860
vn -0.0007 -0.4656 -0.8850
vn -0.0000 0.4651 0.8853
vn 0.0013 -0.2894 0.9572
vn -0.0000 -0.2851 0.9585
vn -0.0000 -0.9149 -0.4037
vn 0.0193 -0.9132 -0.4071
vn -0.0000 0.9152 0.4031
vn -0.0004 -0.9152 -0.4031
vn -0.0024 -0.9134 -0.4071
vn 0.0004 -0.9149 -0.4037
vn -0.0004 -0.9148 -0.4038
vn -0.0000 0.2244 0.9745
vn -0.0000 -0.0299 0.9996
vn -0.0003 -0.9149 -0.4037
vn 0.0013 -0.9151 -0.4031
vn -0.0000 0.8097 -0.5869
vn -0.0000 0.9496 -0.3135
vn 0.0016 -0.8584 -0.5130
vn -0.0000 -0.8602 -0.5099
vn -0.0000 0.6857 0.7279
vn -0.0001 0.8553 0.5182
vn -0.0000 0.8560 0.5170
vn -0.0000 0.8542 0.5199
vn -0.0000 0.8543 0.5199
vn -0.0000 0.9994 -0.0333
vn -0.0000 0.9994 -0.0334
vn 0.0001 -0.9146 -0.4044
vn -0.0000 -0.9145 -0.4046
vn 0.0004 -0.8584 -0.5130
vn 0.0030 -0.8561 -0.5167
vn -0.0000 0.8792 -0.4764
vn -0.0000 0.2871 -0.9579
vn -0.0000 0.7223 -0.6916
vn -0.0000 0.5250 -0.8511
vn -1.0000 -0.0001 -0.0001
vn -0.0000 0.8512 0.5248
vn -1.0000 0.0004 -0.0000
vn -0.0000 -0.4766 -0.8791
vn -0.0000 0.4784 0.8782
vn -0.0000 -0.2277 -0.9737
vn -0.0000 0.5275 -0.8496
vn -0.0000 0.2896 -0.9571
vn -0.0000 0.0320 -0.9995
vn -0.0000 -0.4720 -0.8816
vn -0.0000 0.6867 0.7269
vn -1.0000 -0.0000 0.0001
vn -0.0000 -0.2385 -0.9711
vn -1.0000 -0.0001 0.0002
vn -1.0000 -0.0004 0.0004
vn -0.0000 0.2385 0.9711
vn -0.0000 -0.0319 0.9995
vn -0.0000 -0.5283 0.8490
vn -0.0000 -0.2723 0.9622
vn -0.0000 -0.2563 -0.9666
vn -0.0000 0.7041 -0.7101
vn -0.0000 -0.1198 0.9928
vn -0.0000 -0.5062 -0.8624
vn -0.0000 0.4964 -0.8681
vn -0.0000 -0.0000 -1.0000
vn -0.0000 0.8668 -0.4987
vn 1.0000 -0.0001 0.0001
vn -0.0000 0.2557 -0.9668
vn -0.0000 0.4973 0.8676
vn -0.0000 0.2705 0.9627
vn -0.0000 0.7132 0.7010
vn -0.0000 0.8651 0.5017
vn -0.0000 0.0319 -0.9995
vn -0.0000 -0.5040 0.8637
vn -0.0000 -0.2557 0.9668
vn -0.0000 -0.0000 1.0000
vn 1.0000 -0.0004 -0.0004
vn 1.0000 -0.0001 -0.0002
vn -0.0000 -0.9996 -0.0265
vn -0.0000 -0.8525 -0.5228
vn -0.0000 -0.9587 -0.2843
vn -0.0000 -0.7256 0.6881
vn -0.0000 -0.8790 0.4769
vn -0.0000 -0.9724 0.2332
vn -0.0000 -0.6881 -0.7256
vn -0.0000 -0.7058 0.7084
vn -0.0000 -0.9664 -0.2571
vn -0.0000 -1.0000 0.0018
vn -0.0000 0.9808 0.1948
vn -0.0000 -0.8651 0.5016
vn -0.0000 -0.9655 0.2606
vn -0.0000 0.8240 -0.5666
vn -0.0000 -0.8262 -0.5633
vn -0.0000 -0.5476 -0.8367
vn -0.0000 0.5811 -0.8138
vn -0.0000 0.1840 -0.9829
vn -0.0000 -0.5742 -0.8187
vn -0.0000 0.5929 -0.8053
vn -0.0000 -0.1840 -0.9829
vn -0.0000 0.8199 -0.5725
vn -0.0000 -0.1840 0.9829
vn -0.0000 0.1840 0.9829
vn -0.0000 -0.8669 -0.4984
vn -0.0000 -0.5524 0.8336
vn -0.0000 -0.8363 0.5482
vn -0.0000 0.8390 0.5441
vn -0.0000 0.9808 -0.1948
vn -0.0000 0.5524 0.8336
vn -0.0000 0.7266 0.6871
vn -0.0000 0.9998 -0.0175
vn -0.0000 0.9291 0.3698
vn -0.0000 -0.3674 0.9301
vn -0.0000 0.0611 0.9981
vn -0.0000 0.3718 0.9283
vn -0.0000 0.9169 -0.3991
vn -0.0000 -0.7084 -0.7058
vn -0.0000 -0.7999 -0.6001
vn -0.0000 -0.9280 -0.3726
vn -0.0000 -0.7867 0.6173
vn -0.0000 -0.9197 0.3927
vn -0.0000 -0.6001 0.7999
vn -0.0000 -0.6173 -0.7867
vn -0.0000 -0.9900 0.1413
vn -0.0000 -0.9928 -0.1198
vn -0.0000 0.9824 -0.1865
vn -0.0000 -0.2427 0.9701
vn -0.0000 -0.9622 0.2725
vn -0.0000 -0.6970 0.7171
vn -0.0000 -0.6060 0.7954
vn -0.0000 0.5494 0.8356
vn -0.0000 0.8362 0.5485
vn -0.0000 0.9788 0.2050
vn -0.0000 -0.5454 0.8382
vn -0.0000 -0.8588 0.5122
vn -0.0000 0.7140 -0.7001
vn -0.0000 -0.7244 -0.6894
vn -0.0000 -0.3718 -0.9283
vn -0.0000 -0.7009 0.7132
vn -0.0000 0.3674 -0.9301
vn -0.0000 -0.0611 -0.9981
vn -0.0000 -0.8730 -0.4877
vn -0.0000 -0.9695 -0.2451
vn -0.0000 -0.9999 0.0142
vn -0.0000 -0.7171 -0.6970
vn 1.0000 0.0010 0.0003
vn -0.0000 -0.9901 0.1402
vn 0.0011 0.9909 -0.1349
vn -0.0000 0.9906 -0.1368
vn 0.0006 1.0000 -0.0037
vn -0.0000 0.9152 -0.4029
vn 0.0006 -0.2151 -0.9766
vn -0.0000 -0.2160 -0.9764
vn -0.0000 0.0660 -0.9978
vn -0.0000 0.5768 -0.8169
vn -0.0000 0.3309 -0.9437
vn -0.0001 0.9906 -0.1368
vn -0.0000 0.9906 -0.1366
vn 0.0003 1.0000 -0.0017
vn -0.0000 0.7748 -0.6322
vn -0.0000 -0.5925 -0.8055
vn -0.0000 -0.7710 0.6369
vn -0.0000 -0.8106 -0.5857
vn 0.0006 -0.9109 -0.4126
vn -0.0000 -0.9100 -0.4146
vn -0.0000 -0.9183 0.3959
vn -0.0000 -0.5760 0.8174
vn -0.0000 -0.5760 0.8175
vn -1.0000 -0.0011 0.0006
vn -1.0000 -0.0005 -0.0000
vn -1.0000 -0.0004 0.0001
vn -1.0000 -0.0002 -0.0000
vn -0.0000 -0.7280 0.6855
vn -0.0000 0.3057 -0.9521
vn 0.0004 -0.8824 0.4704
vn -0.0000 -0.8818 0.4716
vn 1.0000 -0.0071 0.0051
vn -0.0000 -0.3177 -0.9482
vn -0.0000 0.0037 -1.0000
vn 0.0006 1.0000 -0.0026
vn 0.0011 1.0000 -0.0026
vn -0.0000 -0.8496 -0.5275
vn 0.0003 -0.8490 -0.5284
vn 0.0001 -0.9737 0.2277
vn -0.0000 -0.9736 0.2282
vn 0.0001 -0.9995 -0.0320
vn -0.0002 -0.9995 -0.0309
vn 0.0001 -0.9571 -0.2896
vn 0.0003 -0.9569 -0.2903
vn -0.0000 -0.6841 -0.7294
vn 1.0000 -0.0002 0.0001
vn -0.0000 -0.0640 0.9980
vn -0.0000 -0.3324 0.9431
vn -0.0000 0.2082 0.9781
vn 0.0006 -0.2118 -0.9773
vn -0.0000 -0.2131 -0.9770
vn -0.0000 0.3301 -0.9440
vn -0.0000 0.9341 0.3570
vn -0.0006 0.9352 0.3542
vn 1.0000 -0.0006 -0.0000
vn -0.0000 0.9326 -0.3608
vn 0.0008 0.9340 -0.3572
vn 0.0006 -1.0000 -0.0010
vn -0.0000 0.9403 -0.3403
vn 0.0006 0.9390 -0.3439
vn -0.0000 0.9204 0.3910
vn -0.0000 0.9204 0.3911
vn -0.0006 0.9325 -0.3612
vn -0.0000 0.9346 0.3556
vn -0.0000 0.9246 -0.3809
vn -1.0000 0.0021 0.0004
vn -1.0000 -0.0062 -0.0000
vn -0.0000 0.9280 0.3726
vn -0.0004 0.9285 0.3713
vn 1.0000 -0.0075 0.0004
vn -0.0000 0.9583 -0.2857
vn -0.0000 0.9583 -0.2856
vn -0.0006 0.9579 -0.2870
vn -0.0005 0.9631 0.2692
vn -0.0003 0.9641 0.2657
vn 0.0013 0.9587 0.2845
vn 0.0005 -1.0000 -0.0010
vn -0.0000 0.1262 -0.9920
vn -0.0000 0.3648 -0.9311
vn -0.0000 -0.1424 -0.9898
vn -1.0000 -0.0002 0.0003
vn -0.0000 0.3859 0.9226
vn -1.0000 -0.0002 0.0004
vn -1.0000 0.0006 -0.0002
vn -1.0000 -0.0010 0.0007
vn -0.0000 0.9197 -0.3927
vn 0.0002 0.9200 -0.3919
vn -0.0000 0.6010 -0.7993
vn -0.0000 0.7886 -0.6149
vn 0.0004 0.7878 -0.6159
vn -0.0000 -0.3947 -0.9188
vn -1.0000 -0.0004 -0.0003
vn -1.0000 -0.0000 -0.0001
vn -1.0000 0.0007 0.0001
vn -0.0000 0.3952 0.9186
vn -0.0000 0.1412 0.9900
vn -0.0000 -0.2528 0.9675
vn -0.0000 0.0158 0.9999
vn -0.0000 -0.3726 0.9280
vn -0.0000 0.6166 0.7873
vn -0.0000 0.7991 0.6012
vn -0.0000 0.6115 0.7913
vn -0.0000 0.8727 0.4882
vn -0.0000 0.8601 -0.5102
vn -0.0000 -0.4837 0.8752
vn -0.0000 0.7150 0.6991
vn 1.0000 -0.0002 0.0003
vn -0.0000 0.5197 0.8544
vn -0.0000 0.2693 0.9631
vn -0.0000 0.6965 -0.7176
vn -0.0000 0.4900 -0.8717
vn -0.0000 -0.1271 0.9919
vn -0.0000 -0.3795 0.9252
vn -0.0000 0.1339 0.9910
vn 1.0000 -0.0001 -0.0004
vn 1.0000 -0.0009 -0.0009
vn 1.0000 -0.0002 -0.0004
vn -0.0000 0.2379 -0.9713
vn -0.0000 -0.0158 -0.9999
vn -0.0000 -0.5136 -0.8580
vn -0.0000 -0.2693 -0.9631
s 0
f 22//1 416//1 23//1
f 417//2 416//2 408//2
f 21//3 408//3 416//3
f 21//4 416//4 22//4
f 418//5 407//5 25//5
f 418//5 25//5 24//5
f 17//6 25//6 407//6
f 17//7 407//7 4//7
f 416//1 24//1 25//1
f 416//1 25//1 23//1
f 21//8 18//8 12//8
f 21//9 12//9 408//9
f 413//10 414//10 411//10
f 413//10 411//10 412//10
f 409//11 410//11 19//11
f 409//12 19//12 406//12
f 408//13 12//13 10//13
f 408//14 10//14 20//14
f 410//15 408//15 20//15
f 410//16 20//16 19//16
f 415//1 408//1 410//1
f 412//17 411//17 396//17
f 412//17 396//17 395//17
f 420//1 421//1 400//1
f 420//18 400//18 7//18
f 27//19 28//19 402//19
f 27//20 402//20 418//20
f 402//21 1//21 30//21
f 402//22 30//22 407//22
f 16//23 30//23 1//23
f 16//23 1//23 3//23
f 16//24 407//24 30//24
f 28//25 420//25 7//25
f 28//26 7//26 402//26
f 419//1 29//1 416//1
f 26//27 27//27 418//27
f 26//28 418//28 24//28
f 21//29 22//29 23//29
f 21//30 23//30 18//30
f 18//31 23//31 25//31
f 18//31 25//31 17//31
f 416//1 29//1 26//1
f 416//1 26//1 24//1
f 29//32 28//32 27//32
f 29//32 27//32 26//32
f 419//33 420//33 28//33
f 419//33 28//33 29//33
f 406//34 19//34 20//34
f 406//35 20//35 10//35
f 399//8 387//8 2//8
f 399//8 2//8 6//8
f 6//36 5//36 390//36
f 6//37 390//37 399//37
f 5//38 4//38 390//38
f 2//8 8//8 6//8
f 2//39 402//39 7//39
f 2//40 7//40 8//40
f 7//41 400//41 401//41
f 7//42 401//42 8//42
f 388//43 398//43 3//43
f 388//44 3//44 1//44
f 393//45 394//45 391//45
f 393//45 391//45 392//45
f 3//46 389//46 390//46
f 3//47 390//47 4//47
f 387//48 388//48 1//48
f 387//48 1//48 2//48
f 3//46 398//46 397//46
f 3//49 397//49 389//49
f 395//50 396//50 394//50
f 395//50 394//50 393//50
f 389//51 392//51 391//51
f 389//52 391//52 390//52
f 407//53 16//53 3//53
f 407//54 3//54 4//54
f 9//55 14//55 15//55
f 9//56 15//56 5//56
f 4//57 5//57 15//57
f 4//8 15//8 14//8
f 402//58 2//58 1//58
f 18//8 17//8 13//8
f 18//8 13//8 12//8
f 13//8 17//8 4//8
f 13//8 4//8 14//8
f 11//59 13//59 14//59
f 11//59 14//59 9//59
f 404//60 405//60 403//60
f 404//61 403//61 6//61
f 8//8 401//8 404//8
f 8//8 404//8 6//8
f 5//62 6//62 403//62
f 5//63 403//63 9//63
f 12//64 13//64 11//64
f 12//65 11//65 10//65
f 403//66 10//66 11//66
f 403//67 11//67 9//67
f 10//68 403//68 406//68
f 444//69 445//69 440//69
f 444//69 440//69 439//69
f 446//70 447//70 38//70
f 446//71 38//71 34//71
f 446//72 34//72 31//72
f 443//8 442//8 439//8
f 443//8 439//8 437//8
f 437//73 439//73 440//73
f 437//73 440//73 35//73
f 35//1 440//1 441//1
f 35//1 441//1 431//1
f 442//74 443//74 431//74
f 442//74 431//74 441//74
f 450//75 451//75 436//75
f 450//75 436//75 429//75
f 451//8 450//8 432//8
f 451//8 432//8 434//8
f 452//76 453//76 434//76
f 452//76 434//76 435//76
f 32//1 449//1 446//1
f 32//1 446//1 31//1
f 38//8 447//8 448//8
f 38//8 448//8 37//8
f 448//77 449//77 32//77
f 448//78 32//78 36//78
f 448//78 36//78 37//78
f 438//8 433//8 425//8
f 438//8 425//8 424//8
f 34//79 430//79 426//79
f 34//79 426//79 31//79
f 430//80 34//80 35//80
f 430//79 35//79 431//79
f 422//1 427//1 426//1
f 422//1 426//1 423//1
f 33//79 32//79 428//79
f 33//79 428//79 429//79
f 424//81 425//81 422//81
f 424//81 422//81 423//81
f 426//79 427//79 31//79
f 427//79 428//79 32//79
f 427//82 32//82 31//82
f 429//1 436//1 435//1
f 429//1 435//1 33//1
f 34//79 38//79 437//79
f 34//79 437//79 35//79
f 433//79 438//79 437//79
f 433//83 437//83 38//83
f 33//84 435//84 434//84
f 33//84 434//84 432//84
f 36//79 432//79 433//79
f 36//79 433//79 37//79
f 37//85 433//85 38//85
f 33//79 432//79 36//79
f 33//79 36//79 32//79
f 51//86 53//86 54//86
f 51//86 54//86 52//86
f 389//1 397//1 54//1
f 389//1 54//1 392//1
f 393//1 392//1 54//1
f 397//87 398//87 56//87
f 397//88 56//88 57//88
f 479//8 481//8 55//8
f 479//89 55//89 52//89
f 54//90 480//90 479//90
f 54//90 479//90 52//90
f 395//1 393//1 54//1
f 395//1 54//1 412//1
f 455//1 43//1 478//1
f 477//1 478//1 43//1
f 477//1 43//1 476//1
f 475//1 476//1 43//1
f 475//1 43//1 471//1
f 413//1 412//1 54//1
f 413//91 54//91 42//91
f 54//1 43//1 39//1
f 54//1 39//1 42//1
f 53//92 471//92 43//92
f 53//1 43//1 54//1
f 55//8 481//8 61//8
f 481//93 486//93 60//93
f 481//94 60//94 61//94
f 390//8 52//8 55//8
f 390//95 55//95 399//95
f 60//8 486//8 485//8
f 60//8 485//8 59//8
f 387//8 399//8 60//8
f 387//8 60//8 59//8
f 61//96 60//96 399//96
f 61//97 399//97 55//97
f 59//98 485//98 484//98
f 59//98 484//98 58//98
f 483//99 397//99 57//99
f 397//1 483//1 480//1
f 397//100 480//100 54//100
f 482//101 483//101 57//101
f 482//102 57//102 56//102
f 58//103 388//103 387//103
f 58//103 387//103 59//103
f 484//1 482//1 56//1
f 484//1 56//1 58//1
f 398//1 388//1 58//1
f 398//1 58//1 56//1
f 454//104 456//104 50//104
f 454//104 50//104 49//104
f 44//8 45//8 48//8
f 44//8 48//8 40//8
f 48//8 414//8 41//8
f 48//8 41//8 40//8
f 461//105 462//105 458//105
f 461//105 458//105 457//105
f 459//106 460//106 457//106
f 459//106 457//106 458//106
f 49//107 50//107 48//107
f 49//107 48//107 47//107
f 414//8 48//8 411//8
f 47//108 48//108 45//108
f 47//108 45//108 46//108
f 43//109 44//109 40//109
f 43//109 40//109 39//109
f 41//110 42//110 39//110
f 41//110 39//110 40//110
f 43//1 49//1 47//1
f 43//1 47//1 46//1
f 43//1 455//1 454//1
f 43//111 454//111 49//111
f 46//112 45//112 44//112
f 46//112 44//112 43//112
f 472//8 473//8 391//8
f 472//8 391//8 456//8
f 50//8 456//8 391//8
f 50//8 391//8 48//8
f 414//113 413//113 42//113
f 414//113 42//113 41//113
f 48//8 394//8 396//8
f 48//8 396//8 411//8
f 394//8 48//8 391//8
f 391//8 473//8 474//8
f 391//8 474//8 470//8
f 51//114 469//114 471//114
f 51//114 471//114 53//114
f 433//79 432//79 450//79
f 433//79 450//79 467//79
f 467//79 450//79 429//79
f 467//79 429//79 428//79
f 465//115 466//115 463//115
f 465//115 463//115 464//115
f 470//8 468//8 391//8
f 52//8 390//8 391//8
f 52//8 391//8 51//8
f 391//8 468//8 469//8
f 391//8 469//8 51//8
f 75//116 106//116 83//116
f 75//116 83//116 74//116
f 104//8 107//8 91//8
f 104//8 91//8 86//8
f 104//8 103//8 107//8
f 106//8 78//8 83//8
f 98//117 107//117 106//117
f 98//117 106//117 75//117
f 111//1 112//1 416//1
f 111//1 416//1 109//1
f 113//1 419//1 416//1
f 113//1 416//1 112//1
f 107//118 98//118 94//118
f 107//118 94//118 91//118
f 416//119 110//119 108//119
f 416//120 108//120 109//120
f 106//8 107//8 103//8
f 106//8 103//8 78//8
f 403//121 94//121 98//121
f 403//122 98//122 75//122
f 403//123 95//123 93//123
f 403//124 93//124 94//124
f 404//8 401//8 97//8
f 405//125 404//125 97//125
f 405//126 97//126 96//126
f 403//127 405//127 96//127
f 403//128 96//128 95//128
f 105//129 104//129 86//129
f 105//129 86//129 85//129
f 103//130 102//130 79//130
f 103//130 79//130 78//130
f 417//131 101//131 99//131
f 417//132 99//132 100//132
f 104//133 105//133 102//133
f 104//133 102//133 103//133
f 118//1 80//1 79//1
f 102//1 119//1 118//1
f 102//1 118//1 79//1
f 117//134 101//134 417//134
f 117//135 417//135 69//135
f 118//136 117//136 69//136
f 118//136 69//136 80//136
f 117//117 118//117 119//117
f 117//117 119//117 101//117
f 85//1 108//1 105//1
f 105//1 119//1 102//1
f 101//137 119//137 116//137
f 101//137 116//137 99//137
f 116//1 119//1 105//1
f 116//1 105//1 108//1
f 110//1 116//1 108//1
f 112//138 114//138 421//138
f 112//139 421//139 113//139
f 111//140 115//140 114//140
f 111//140 114//140 112//140
f 416//141 417//141 100//141
f 416//141 100//141 110//141
f 113//142 421//142 420//142
f 113//143 420//143 419//143
f 115//144 111//144 109//144
f 115//144 109//144 108//144
f 89//145 400//145 421//145
f 89//146 421//146 114//146
f 99//147 116//147 110//147
f 99//147 110//147 100//147
f 84//1 115//1 108//1
f 84//1 108//1 85//1
f 89//1 114//1 115//1
f 89//1 115//1 84//1
f 97//8 401//8 88//8
f 97//8 88//8 92//8
f 403//148 467//148 71//148
f 403//149 71//149 70//149
f 72//150 467//150 403//150
f 72//151 403//151 73//151
f 403//8 465//8 464//8
f 403//152 464//152 62//152
f 409//8 406//8 403//8
f 409//153 403//153 62//153
f 403//154 75//154 74//154
f 403//155 74//155 73//155
f 80//1 81//1 76//1
f 80//1 76//1 79//1
f 81//156 427//156 422//156
f 81//157 422//157 76//157
f 78//158 79//158 76//158
f 78//158 76//158 77//158
f 422//159 425//159 77//159
f 422//159 77//159 76//159
f 63//160 465//160 403//160
f 63//161 403//161 70//161
f 466//162 465//162 63//162
f 466//162 63//162 64//162
f 408//163 466//163 64//163
f 408//164 64//164 65//164
f 62//165 415//165 410//165
f 62//166 410//166 409//166
f 464//167 463//167 415//167
f 464//168 415//168 62//168
f 463//1 466//1 408//1
f 463//1 408//1 415//1
f 68//169 417//169 408//169
f 68//170 408//170 66//170
f 69//171 417//171 68//171
f 408//172 67//172 428//172
f 408//173 428//173 66//173
f 67//169 408//169 65//169
f 87//174 88//174 89//174
f 87//174 89//174 84//174
f 88//175 401//175 400//175
f 88//175 400//175 89//175
f 70//176 65//176 64//176
f 70//176 64//176 63//176
f 86//177 87//177 84//177
f 86//178 84//178 85//178
f 86//8 91//8 90//8
f 86//8 90//8 87//8
f 90//179 93//179 95//179
f 90//179 95//179 92//179
f 96//180 97//180 92//180
f 96//181 92//181 95//181
f 87//8 90//8 92//8
f 87//8 92//8 88//8
f 91//182 94//182 93//182
f 91//183 93//183 90//183
f 71//184 467//184 428//184
f 71//184 428//184 67//184
f 68//185 81//185 80//185
f 68//186 80//186 69//186
f 425//8 433//8 82//8
f 425//8 82//8 77//8
f 66//187 427//187 81//187
f 66//188 81//188 68//188
f 66//189 428//189 427//189
f 73//190 82//190 433//190
f 73//191 433//191 72//191
f 74//186 83//186 82//186
f 74//186 82//186 73//186
f 65//192 70//192 71//192
f 65//192 71//192 67//192
f 72//193 433//193 467//193
f 77//8 82//8 83//8
f 77//8 83//8 78//8
f 139//8 159//8 162//8
f 139//8 162//8 134//8
f 158//194 517//194 515//194
f 158//194 515//194 516//194
f 162//8 137//8 135//8
f 162//8 135//8 131//8
f 131//8 134//8 162//8
f 518//194 517//194 158//194
f 158//195 508//195 161//195
f 158//1 161//1 163//1
f 158//196 522//196 523//196
f 158//196 523//196 518//196
f 519//197 520//197 158//197
f 519//197 158//197 516//197
f 158//198 520//198 521//198
f 158//198 521//198 508//198
f 507//199 137//199 162//199
f 158//200 159//200 139//200
f 158//200 139//200 138//200
f 137//201 507//201 506//201
f 137//202 506//202 491//202
f 487//169 492//169 141//169
f 487//203 141//203 157//203
f 487//204 157//204 152//204
f 487//205 152//205 125//205
f 508//206 509//206 160//206
f 508//206 160//206 161//206
f 511//8 512//8 507//8
f 511//8 507//8 510//8
f 513//8 514//8 507//8
f 513//8 507//8 512//8
f 160//207 509//207 507//207
f 160//8 507//8 162//8
f 510//8 507//8 509//8
f 488//208 159//208 158//208
f 488//209 158//209 126//209
f 530//210 166//210 165//210
f 530//211 165//211 130//211
f 160//212 162//212 163//212
f 160//212 163//212 161//212
f 162//213 529//213 526//213
f 162//213 526//213 163//213
f 166//214 530//214 529//214
f 488//215 165//215 166//215
f 488//216 166//216 159//216
f 122//8 528//8 530//8
f 122//8 530//8 130//8
f 165//217 488//217 130//217
f 159//218 166//218 529//218
f 159//219 529//219 162//219
f 527//220 528//220 122//220
f 527//220 122//220 121//220
f 491//221 524//221 136//221
f 524//196 522//196 158//196
f 524//222 158//222 138//222
f 524//223 138//223 133//223
f 132//224 136//224 524//224
f 132//225 524//225 133//225
f 164//226 525//226 128//226
f 164//227 128//227 127//227
f 526//228 164//228 158//228
f 526//229 158//229 163//229
f 126//1 158//1 164//1
f 126//1 164//1 127//1
f 164//230 526//230 525//230
f 525//231 527//231 121//231
f 525//232 121//232 128//232
f 492//1 487//1 505//1
f 143//233 495//233 494//233
f 143//234 494//234 142//234
f 496//235 497//235 495//235
f 496//236 495//236 143//236
f 138//237 139//237 134//237
f 138//237 134//237 133//237
f 492//238 493//238 140//238
f 492//238 140//238 141//238
f 142//1 145//1 144//1
f 142//1 144//1 143//1
f 147//239 500//239 501//239
f 147//240 501//240 148//240
f 502//241 503//241 148//241
f 502//242 148//242 501//242
f 498//1 496//1 143//1
f 498//1 143//1 144//1
f 146//243 499//243 498//243
f 146//243 498//243 144//243
f 137//244 491//244 136//244
f 137//245 136//245 135//245
f 127//246 128//246 124//246
f 127//247 124//247 126//247
f 124//1 128//1 121//1
f 124//1 121//1 120//1
f 122//248 123//248 120//248
f 122//248 120//248 121//248
f 125//249 126//249 124//249
f 125//250 124//250 487//250
f 488//251 489//251 129//251
f 488//252 129//252 130//252
f 133//253 134//253 131//253
f 133//253 131//253 132//253
f 135//254 136//254 132//254
f 135//254 132//254 131//254
f 130//8 129//8 123//8
f 130//8 123//8 122//8
f 490//255 488//255 126//255
f 490//256 126//256 125//256
f 151//23 154//23 124//23
f 151//23 124//23 150//23
f 150//1 124//1 120//1
f 142//1 155//1 151//1
f 142//1 151//1 145//1
f 154//1 151//1 155//1
f 493//8 504//8 489//8
f 156//257 157//257 141//257
f 156//257 141//257 140//257
f 157//258 156//258 153//258
f 157//258 153//258 152//258
f 140//8 493//8 489//8
f 140//8 489//8 156//8
f 489//8 490//8 153//8
f 489//8 153//8 156//8
f 142//259 494//259 487//259
f 142//260 487//260 155//260
f 149//261 146//261 144//261
f 149//261 144//261 145//261
f 123//262 149//262 150//262
f 123//263 150//263 120//263
f 146//8 149//8 147//8
f 146//8 147//8 148//8
f 148//8 503//8 499//8
f 148//8 499//8 146//8
f 151//264 150//264 149//264
f 151//265 149//265 145//265
f 153//266 490//266 125//266
f 153//267 125//267 152//267
f 154//268 155//268 487//268
f 154//269 487//269 124//269
f 129//270 489//270 500//270
f 129//271 500//271 147//271
f 129//8 147//8 149//8
f 129//8 149//8 123//8
f 557//1 204//1 191//1
f 557//1 191//1 194//1
f 205//1 206//1 557//1
f 205//1 557//1 194//1
f 203//272 564//272 573//272
f 203//272 573//272 202//272
f 557//1 575//1 574//1
f 557//1 574//1 204//1
f 202//1 573//1 557//1
f 202//1 557//1 206//1
f 193//273 207//273 205//273
f 193//273 205//273 194//273
f 206//274 208//274 203//274
f 206//274 203//274 202//274
f 575//1 557//1 556//1
f 205//275 207//275 208//275
f 205//275 208//275 206//275
f 564//8 572//8 571//8
f 564//8 571//8 570//8
f 564//8 565//8 563//8
f 564//276 563//276 197//276
f 565//8 564//8 566//8
f 558//1 557//1 561//1
f 196//277 557//277 562//277
f 196//277 562//277 195//277
f 198//8 199//8 564//8
f 198//8 564//8 197//8
f 562//8 568//8 567//8
f 562//278 567//278 195//278
f 564//8 570//8 569//8
f 564//8 569//8 566//8
f 567//8 564//8 199//8
f 567//8 199//8 200//8
f 567//8 200//8 201//8
f 567//276 201//276 195//276
f 574//279 576//279 209//279
f 574//279 209//279 204//279
f 557//1 212//1 213//1
f 557//1 213//1 211//1
f 214//1 212//1 557//1
f 214//1 557//1 196//1
f 212//280 214//280 201//280
f 212//280 201//280 200//280
f 210//1 559//1 557//1
f 210//1 557//1 211//1
f 512//281 519//281 516//281
f 512//281 516//281 513//281
f 509//282 508//282 521//282
f 509//282 521//282 510//282
f 510//283 521//283 520//283
f 510//283 520//283 511//283
f 511//284 520//284 519//284
f 511//284 519//284 512//284
f 516//285 515//285 514//285
f 516//285 514//285 513//285
f 201//286 214//286 196//286
f 201//286 196//286 195//286
f 192//8 209//8 564//8
f 192//287 564//287 193//287
f 193//287 564//287 207//287
f 204//288 209//288 192//288
f 204//288 192//288 191//288
f 576//8 572//8 564//8
f 576//289 564//289 209//289
f 208//289 207//289 564//289
f 208//290 564//290 203//290
f 199//291 213//291 212//291
f 199//291 212//291 200//291
f 198//292 211//292 213//292
f 198//292 213//292 199//292
f 563//293 559//293 210//293
f 563//293 210//293 197//293
f 197//294 210//294 211//294
f 197//294 211//294 198//294
f 560//1 561//1 557//1
f 560//1 557//1 559//1
f 169//295 177//295 176//295
f 169//295 176//295 170//295
f 173//296 178//296 167//296
f 173//296 167//296 168//296
f 544//297 545//297 542//297
f 544//297 542//297 543//297
f 538//298 546//298 177//298
f 538//298 177//298 169//298
f 172//299 174//299 178//299
f 172//299 178//299 173//299
f 175//8 533//8 174//8
f 178//8 174//8 533//8
f 178//8 533//8 167//8
f 546//8 535//8 533//8
f 546//8 533//8 177//8
f 176//8 177//8 533//8
f 176//8 533//8 175//8
f 170//300 176//300 175//300
f 170//300 175//300 171//300
f 167//301 533//301 537//301
f 167//301 537//301 168//301
f 539//1 540//1 538//1
f 539//302 538//302 169//302
f 533//8 534//8 531//8
f 533//8 531//8 532//8
f 533//8 535//8 536//8
f 533//8 536//8 534//8
f 170//1 171//1 539//1
f 170//1 539//1 169//1
f 540//1 539//1 541//1
f 171//303 175//303 174//303
f 171//303 174//303 172//303
f 172//1 173//1 539//1
f 172//1 539//1 171//1
f 168//170 537//170 539//170
f 168//1 539//1 173//1
f 533//8 547//8 548//8
f 533//8 548//8 179//8
f 182//304 188//304 190//304
f 182//304 190//304 183//304
f 181//305 186//305 188//305
f 181//305 188//305 182//305
f 183//306 190//306 189//306
f 183//306 189//306 184//306
f 189//307 539//307 549//307
f 189//307 549//307 184//307
f 193//308 194//308 191//308
f 193//308 191//308 192//308
f 548//309 554//309 185//309
f 548//309 185//309 179//309
f 557//1 558//1 555//1
f 557//1 555//1 556//1
f 179//310 185//310 187//310
f 179//310 187//310 180//310
f 180//311 187//311 186//311
f 180//311 186//311 181//311
f 539//312 189//312 190//312
f 539//313 190//313 188//313
f 184//8 549//8 533//8
f 184//8 533//8 183//8
f 547//8 533//8 532//8
f 180//8 181//8 533//8
f 180//8 533//8 179//8
f 182//8 183//8 533//8
f 182//8 533//8 181//8
f 539//1 550//1 551//1
f 539//1 551//1 541//1
f 539//92 186//92 187//92
f 539//1 187//1 185//1
f 186//92 539//92 188//92
f 539//1 552//1 553//1
f 539//1 553//1 550//1
f 554//1 552//1 539//1
f 554//313 539//313 185//313
f 570//314 555//314 558//314
f 570//314 558//314 569//314
f 572//315 575//315 556//315
f 572//315 556//315 571//315
f 571//316 556//316 555//316
f 571//316 555//316 570//316
f 559//317 563//317 565//317
f 559//317 565//317 560//317
f 566//318 561//318 560//318
f 566//318 560//318 565//318
f 569//319 558//319 561//319
f 569//319 561//319 566//319
f 576//320 574//320 575//320
f 576//320 575//320 572//320
f 554//321 548//321 547//321
f 554//321 547//321 552//321
f 536//322 541//322 551//322
f 536//322 551//322 534//322
f 534//323 551//323 550//323
f 534//323 550//323 531//323
f 259//324 260//324 257//324
f 259//324 257//324 258//324
f 552//325 547//325 532//325
f 552//325 532//325 553//325
f 531//326 550//326 553//326
f 531//326 553//326 532//326
f 434//8 462//8 255//8
f 434//8 255//8 451//8
f 254//327 253//327 242//327
f 254//327 242//327 241//327
f 436//328 451//328 255//328
f 436//328 255//328 256//328
f 462//329 461//329 256//329
f 462//329 256//329 255//329
f 436//1 247//1 243//1
f 436//1 243//1 246//1
f 452//1 435//1 436//1
f 452//1 436//1 246//1
f 460//330 459//330 253//330
f 460//330 253//330 254//330
f 240//1 252//1 436//1
f 240//1 436//1 241//1
f 253//8 459//8 434//8
f 253//8 434//8 242//8
f 434//8 251//8 239//8
f 434//8 239//8 242//8
f 458//8 462//8 434//8
f 458//8 434//8 459//8
f 436//1 460//1 254//1
f 436//1 254//1 241//1
f 436//1 461//1 457//1
f 436//1 457//1 460//1
f 461//1 436//1 256//1
f 277//331 278//331 276//331
f 277//331 276//331 275//331
f 445//332 444//332 274//332
f 445//332 274//332 273//332
f 279//333 280//333 278//333
f 279//333 278//333 277//333
f 440//1 267//1 265//1
f 440//1 265//1 261//1
f 264//1 441//1 440//1
f 264//1 440//1 261//1
f 275//334 276//334 273//334
f 275//334 273//334 274//334
f 280//335 279//335 269//335
f 280//335 269//335 272//335
f 279//8 277//8 442//8
f 279//8 442//8 269//8
f 442//8 277//8 275//8
f 442//8 275//8 274//8
f 444//8 439//8 442//8
f 444//8 442//8 274//8
f 440//1 278//1 280//1
f 440//1 280//1 272//1
f 276//1 278//1 440//1
f 276//1 440//1 273//1
f 273//1 440//1 445//1
f 440//1 272//1 259//1
f 440//1 259//1 258//1
f 265//336 266//336 262//336
f 265//336 262//336 261//336
f 267//337 268//337 266//337
f 267//337 266//337 265//337
f 260//8 269//8 442//8
f 260//8 442//8 257//8
f 541//338 536//338 535//338
f 541//338 535//338 540//338
f 263//339 264//339 261//339
f 263//339 261//339 262//339
f 442//340 441//340 264//340
f 442//340 264//340 263//340
f 442//8 268//8 270//8
f 442//8 270//8 257//8
f 270//341 271//341 258//341
f 270//341 258//341 257//341
f 272//342 269//342 260//342
f 272//342 260//342 259//342
f 271//1 267//1 440//1
f 271//1 440//1 258//1
f 266//8 268//8 442//8
f 266//8 442//8 262//8
f 262//8 442//8 263//8
f 271//343 270//343 268//343
f 271//343 268//343 267//343
f 436//1 252//1 249//1
f 436//1 249//1 247//1
f 227//8 228//8 447//8
f 227//8 447//8 226//8
f 229//8 448//8 447//8
f 229//8 447//8 228//8
f 216//344 230//344 231//344
f 216//344 231//344 215//344
f 218//345 222//345 225//345
f 218//345 225//345 217//345
f 226//8 447//8 224//8
f 447//8 225//8 222//8
f 447//8 222//8 224//8
f 217//346 225//346 230//346
f 217//346 230//346 216//346
f 220//347 233//347 234//347
f 220//347 234//347 221//347
f 219//348 232//348 233//348
f 219//348 233//348 220//348
f 215//349 231//349 232//349
f 215//349 232//349 219//349
f 447//8 231//8 230//8
f 447//8 230//8 225//8
f 447//8 233//8 232//8
f 447//8 232//8 231//8
f 233//8 447//8 234//8
f 223//350 224//350 222//350
f 223//350 222//350 218//350
f 546//351 538//351 540//351
f 546//351 540//351 535//351
f 587//352 588//352 585//352
f 587//352 585//352 586//352
f 589//353 590//353 586//353
f 589//353 586//353 585//353
f 579//354 580//354 577//354
f 579//354 577//354 578//354
f 581//355 582//355 580//355
f 581//355 580//355 579//355
f 583//356 584//356 578//356
f 583//356 578//356 577//356
f 591//357 592//357 588//357
f 591//357 588//357 587//357
f 449//1 218//1 217//1
f 449//1 217//1 216//1
f 219//1 220//1 449//1
f 219//1 449//1 215//1
f 221//1 446//1 449//1
f 221//1 449//1 220//1
f 593//358 594//358 582//358
f 593//358 582//358 581//358
f 594//359 593//359 590//359
f 594//359 590//359 589//359
f 215//1 449//1 216//1
f 241//360 242//360 239//360
f 241//360 239//360 240//360
f 245//361 246//361 243//361
f 245//361 243//361 244//361
f 247//337 248//337 244//337
f 247//337 244//337 243//337
f 608//362 607//362 604//362
f 608//362 604//362 603//362
f 609//363 610//363 606//363
f 609//363 606//363 605//363
f 456//364 454//364 455//364
f 456//364 455//364 472//364
f 249//365 250//365 248//365
f 249//365 248//365 247//365
f 245//8 434//8 453//8
f 252//366 251//366 250//366
f 252//366 250//366 249//366
f 251//367 252//367 240//367
f 251//367 240//367 239//367
f 453//368 452//368 246//368
f 453//368 246//368 245//368
f 250//8 251//8 434//8
f 250//8 434//8 248//8
f 244//8 248//8 434//8
f 244//8 434//8 245//8
f 607//369 608//369 605//369
f 607//369 605//369 606//369
f 236//370 226//370 224//370
f 236//370 224//370 223//370
f 449//371 448//371 229//371
f 449//371 229//371 238//371
f 228//372 237//372 238//372
f 228//372 238//372 229//372
f 447//373 446//373 221//373
f 447//373 221//373 234//373
f 226//374 236//374 235//374
f 226//374 235//374 227//374
f 227//375 235//375 237//375
f 227//375 237//375 228//375
f 449//1 236//1 223//1
f 449//1 223//1 218//1
f 599//376 600//376 596//376
f 599//376 596//376 595//376
f 601//377 602//377 600//377
f 601//377 600//377 599//377
f 603//378 604//378 602//378
f 603//378 602//378 601//378
f 449//1 237//1 235//1
f 449//1 235//1 236//1
f 237//1 449//1 238//1
f 597//379 598//379 595//379
f 597//379 595//379 596//379
f 320//380 430//380 293//380
f 320//1 293//1 318//1
f 424//381 423//381 321//381
f 424//381 321//381 323//381
f 423//1 426//1 319//1
f 423//1 319//1 321//1
f 322//1 318//1 293//1
f 322//1 293//1 297//1
f 326//382 438//382 324//382
f 326//383 324//383 325//383
f 324//8 438//8 424//8
f 324//8 424//8 323//8
f 299//8 325//8 328//8
f 299//8 328//8 302//8
f 326//384 281//384 438//384
f 327//385 328//385 325//385
f 327//385 325//385 324//385
f 503//386 502//386 300//386
f 503//387 300//387 317//387
f 301//388 316//388 317//388
f 301//388 317//388 300//388
f 302//389 314//389 315//389
f 302//389 315//389 303//389
f 303//390 315//390 316//390
f 303//390 316//390 301//390
f 305//8 499//8 503//8
f 305//8 503//8 317//8
f 426//391 320//391 318//391
f 426//392 318//392 319//392
f 320//393 426//393 430//393
f 317//8 316//8 308//8
f 317//8 308//8 305//8
f 316//8 315//8 309//8
f 316//8 309//8 308//8
f 326//8 325//8 299//8
f 326//8 299//8 281//8
f 333//1 330//1 321//1
f 333//1 321//1 319//1
f 334//1 330//1 333//1
f 331//1 330//1 334//1
f 331//1 334//1 313//1
f 310//1 331//1 313//1
f 314//8 329//8 332//8
f 314//8 332//8 315//8
f 314//8 327//8 329//8
f 328//394 327//394 314//394
f 328//394 314//394 302//394
f 309//8 315//8 332//8
f 323//8 329//8 327//8
f 323//8 327//8 324//8
f 298//395 304//395 285//395
f 298//395 285//395 284//395
f 331//396 332//396 329//396
f 331//396 329//396 330//396
f 293//397 299//397 304//397
f 293//397 304//397 298//397
f 293//398 430//398 281//398
f 293//399 281//399 299//399
f 330//400 329//400 323//400
f 330//400 323//400 321//400
f 322//385 333//385 319//385
f 322//385 319//385 318//385
f 296//389 313//389 334//389
f 296//389 334//389 297//389
f 309//401 332//401 331//401
f 309//402 331//402 310//402
f 297//394 334//394 333//394
f 297//394 333//394 322//394
f 310//1 313//1 312//1
f 310//1 312//1 307//1
f 291//403 507//403 290//403
f 286//404 507//404 514//404
f 287//89 288//89 507//89
f 287//276 507//276 286//276
f 289//405 290//405 507//405
f 289//406 507//406 288//406
f 506//407 507//407 291//407
f 506//407 291//407 292//407
f 493//408 492//408 505//408
f 493//408 505//408 504//408
f 495//1 497//1 293//1
f 495//1 293//1 494//1
f 290//409 524//409 292//409
f 290//410 292//410 291//410
f 524//1 491//1 506//1
f 524//411 506//411 292//411
f 284//412 285//412 282//412
f 284//412 282//412 283//412
f 504//413 505//413 283//413
f 504//413 283//413 282//413
f 281//80 430//80 431//80
f 281//414 431//414 443//414
f 443//79 437//79 438//79
f 443//415 438//415 281//415
f 286//416 517//416 518//416
f 286//417 518//417 287//417
f 289//418 522//418 524//418
f 289//419 524//419 290//419
f 288//420 523//420 522//420
f 288//421 522//421 289//421
f 287//422 518//422 523//422
f 287//423 523//423 288//423
f 514//424 515//424 517//424
f 514//424 517//424 286//424
f 293//425 497//425 294//425
f 293//1 294//1 295//1
f 305//426 308//426 307//426
f 305//426 307//426 306//426
f 309//427 310//427 307//427
f 309//427 307//427 308//427
f 489//8 504//8 282//8
f 489//8 282//8 285//8
f 498//428 499//428 305//428
f 498//428 305//428 306//428
f 497//429 496//429 311//429
f 497//430 311//430 294//430
f 496//1 498//1 306//1
f 496//1 306//1 311//1
f 307//1 312//1 311//1
f 307//1 311//1 306//1
f 294//388 311//388 312//388
f 294//388 312//388 295//388
f 295//431 312//431 313//431
f 295//431 313//431 296//431
f 487//1 293//1 298//1
f 487//1 298//1 284//1
f 283//425 505//425 487//425
f 283//1 487//1 284//1
f 296//1 297//1 293//1
f 296//1 293//1 295//1
f 487//1 494//1 293//1
f 501//8 500//8 299//8
f 501//8 299//8 502//8
f 489//8 299//8 500//8
f 304//8 299//8 489//8
f 304//8 489//8 285//8
f 300//8 502//8 299//8
f 300//8 299//8 301//8
f 299//8 302//8 303//8
f 299//8 303//8 301//8
f 549//432 539//432 342//432
f 549//433 342//433 341//433
f 342//434 539//434 537//434
f 342//434 537//434 337//434
f 537//435 533//435 612//435
f 537//436 612//436 336//436
f 612//8 533//8 549//8
f 612//8 549//8 345//8
f 557//1 573//1 343//1
f 557//1 343//1 344//1
f 527//1 525//1 482//1
f 527//1 482//1 484//1
f 482//437 618//437 480//437
f 482//437 480//437 483//437
f 343//438 573//438 564//438
f 343//439 564//439 567//439
f 568//440 562//440 557//440
f 568//441 557//441 344//441
f 537//442 336//442 337//442
f 617//443 627//443 628//443
f 617//443 628//443 618//443
f 620//444 626//444 625//444
f 620//444 625//444 619//444
f 619//8 625//8 627//8
f 619//8 627//8 617//8
f 618//1 628//1 626//1
f 618//1 626//1 620//1
f 616//445 621//445 338//445
f 616//446 338//446 611//446
f 621//447 622//447 614//447
f 621//448 614//448 338//448
f 341//437 567//437 345//437
f 341//433 345//433 549//433
f 613//1 624//1 615//1
f 613//449 615//449 339//449
f 615//450 623//450 616//450
f 615//451 616//451 340//451
f 340//437 618//437 482//437
f 340//437 482//437 339//437
f 617//437 618//437 340//437
f 617//437 340//437 616//437
f 339//452 615//452 340//452
f 344//437 526//437 529//437
f 344//437 529//437 568//437
f 343//437 567//437 341//437
f 343//437 341//437 342//437
f 338//453 335//453 611//453
f 336//437 612//437 611//437
f 336//437 611//437 335//437
f 485//23 528//23 527//23
f 485//23 527//23 484//23
f 338//454 614//454 613//454
f 338//455 613//455 335//455
f 335//437 613//437 337//437
f 335//437 337//437 336//437
f 480//437 620//437 619//437
f 480//437 619//437 479//437
f 613//437 339//437 525//437
f 613//437 525//437 337//437
f 482//437 525//437 339//437
f 525//437 526//437 344//437
f 525//437 344//437 343//437
f 525//437 343//437 342//437
f 525//437 342//437 337//437
f 486//8 530//8 528//8
f 486//8 528//8 485//8
f 529//437 530//437 486//437
f 529//437 486//437 568//437
f 486//437 481//437 619//437
f 612//456 345//456 486//456
f 612//437 486//437 619//437
f 567//437 568//437 486//437
f 567//437 486//437 345//437
f 377//1 613//1 380//1
f 376//1 624//1 613//1
f 376//1 613//1 377//1
f 613//1 588//1 592//1
f 613//1 592//1 378//1
f 379//1 380//1 613//1
f 379//1 613//1 378//1
f 613//1 589//1 585//1
f 613//1 585//1 588//1
f 371//457 380//457 379//457
f 371//457 379//457 372//457
f 374//458 377//458 380//458
f 374//458 380//458 371//458
f 613//1 582//1 594//1
f 613//1 594//1 589//1
f 372//459 379//459 378//459
f 372//459 378//459 370//459
f 616//287 371//287 372//287
f 616//287 372//287 370//287
f 616//460 373//460 374//460
f 616//289 374//289 371//289
f 475//461 468//461 470//461
f 475//461 470//461 476//461
f 591//8 587//8 616//8
f 591//462 616//462 370//462
f 373//463 616//463 623//463
f 373//464 623//464 375//464
f 623//465 615//465 624//465
f 623//466 624//466 375//466
f 373//467 376//467 377//467
f 373//467 377//467 374//467
f 586//8 590//8 616//8
f 586//8 616//8 587//8
f 624//468 376//468 373//468
f 624//469 373//469 375//469
f 592//470 591//470 370//470
f 592//470 370//470 378//470
f 613//1 577//1 580//1
f 613//1 580//1 582//1
f 616//8 578//8 584//8
f 616//8 584//8 542//8
f 613//1 385//1 383//1
f 613//1 383//1 382//1
f 614//1 622//1 385//1
f 614//1 385//1 613//1
f 616//8 542//8 545//8
f 616//471 545//471 381//471
f 616//8 581//8 579//8
f 616//8 579//8 578//8
f 593//8 581//8 616//8
f 593//8 616//8 590//8
f 384//472 616//472 381//472
f 386//473 621//473 616//473
f 386//276 616//276 384//276
f 383//474 384//474 381//474
f 383//474 381//474 382//474
f 545//475 544//475 382//475
f 545//475 382//475 381//475
f 346//476 355//476 364//476
f 346//476 364//476 347//476
f 347//477 364//477 354//477
f 347//477 354//477 348//477
f 543//478 542//478 584//478
f 543//478 584//478 583//478
f 583//1 577//1 613//1
f 583//1 613//1 543//1
f 544//1 543//1 613//1
f 544//1 613//1 382//1
f 385//479 386//479 384//479
f 385//479 384//479 383//479
f 385//480 622//480 621//480
f 385//480 621//480 386//480
f 468//481 475//481 471//481
f 468//481 471//481 469//481
f 628//482 627//482 351//482
f 628//482 351//482 356//482
f 625//483 626//483 357//483
f 625//483 357//483 358//483
f 610//484 609//484 355//484
f 610//484 355//484 346//484
f 350//485 352//485 356//485
f 350//485 356//485 351//485
f 628//1 595//1 598//1
f 628//486 598//486 359//486
f 357//205 626//205 628//205
f 357//302 628//302 363//302
f 595//1 628//1 599//1
f 360//91 361//91 628//91
f 360//1 628//1 359//1
f 362//91 363//91 628//91
f 362//91 628//91 361//91
f 349//8 350//8 625//8
f 349//8 625//8 348//8
f 351//8 627//8 625//8
f 351//8 625//8 350//8
f 625//8 606//8 610//8
f 625//8 610//8 346//8
f 347//8 348//8 625//8
f 347//8 625//8 346//8
f 604//8 607//8 625//8
f 604//8 625//8 602//8
f 349//487 353//487 352//487
f 349//487 352//487 350//487
f 348//488 354//488 353//488
f 348//488 353//488 349//488
f 625//8 596//8 600//8
f 625//8 600//8 602//8
f 606//8 625//8 607//8
f 628//1 603//1 601//1
f 628//1 601//1 599//1
f 597//8 596//8 625//8
f 597//8 625//8 365//8
f 625//8 367//8 366//8
f 625//8 366//8 365//8
f 363//489 369//489 358//489
f 363//489 358//489 357//489
f 362//490 368//490 369//490
f 362//490 369//490 363//490
f 367//8 625//8 368//8
f 473//491 478//491 477//491
f 473//491 477//491 474//491
f 472//492 455//492 478//492
f 472//492 478//492 473//492
f 369//8 368//8 625//8
f 369//8 625//8 358//8
f 476//493 470//493 474//493
f 476//493 474//493 477//493
f 364//92 355//92 628//92
f 364//92 628//92 354//92
f 354//313 628//313 353//313
f 628//1 605//1 608//1
f 628//1 608//1 603//1
f 609//1 605//1 628//1
f 609//494 628//494 355//494
f 628//495 356//495 352//495
f 628//496 352//496 353//496
f 361//497 367//497 368//497
f 361//497 368//497 362//497
f 360//498 366//498 367//498
f 360//498 367//498 361//498
f 598//499 597//499 365//499
f 598//499 365//499 359//499
f 359//500 365//500 366//500
f 359//500 366//500 360//500
o Chassis_havok_s_leftTrack_1
v -1.251155 0.122293 1.312297
v -1.251155 0.164539 0.953630
v -1.251155 0.118605 1.036306
v -1.567882 0.164539 0.953630
v -1.251155 0.170909 1.393757
v -1.567882 0.122293 1.312297
v -1.567882 0.170909 1.393757
v -1.567882 0.118605 1.036306
v -1.567882 0.678528 1.453332
v -1.567882 0.597390 1.501964
v -1.567882 0.506528 1.527496
v -1.567882 0.412313 1.528712
v -1.567882 0.320781 1.505612
v -1.567882 0.238301 1.459411
v -1.251155 0.678528 1.453332
v -1.251155 0.597390 1.501964
v -1.251155 0.506528 1.527496
v -1.251155 0.412313 1.528712
v -1.251155 0.320781 1.505612
v -1.251155 0.238301 1.459411
v -1.250845 0.453218 1.628409
v -1.250845 0.546762 1.640568
v -1.567572 0.546762 1.640568
v -1.567572 0.453218 1.628409
v -1.250845 0.095136 1.987076
v -1.250845 0.709374 1.732970
v -1.250845 0.634271 1.675826
v -1.250845 0.359339 1.640568
v -1.250845 0.272165 1.677042
v -1.250845 0.112570 2.096499
v -1.567572 0.709374 1.732970
v -1.567572 0.634271 1.675826
v -1.567572 0.359339 1.640568
v -1.567572 0.272165 1.677042
v -1.250845 0.197732 1.735401
v -1.567572 0.197732 1.735401
v -1.567572 0.112906 2.096499
v -1.567572 0.154481 2.197412
v -1.250845 0.095136 1.936011
v -1.251155 0.095806 1.247858
v -1.084115 0.023050 2.129326
v -1.718497 0.023050 2.129326
v -1.718497 0.112906 2.096499
v -1.084115 0.112570 2.096499
v -1.250845 0.140399 1.810782
v -1.567572 0.140399 1.810782
v -1.567572 0.104523 1.898321
v -1.250845 0.104523 1.898321
v -1.306499 1.161651 -0.022295
v -1.306499 1.157305 -1.670244
v -1.370700 1.161362 -0.099513
v -1.306499 1.161507 -0.099513
v -1.306499 1.157161 -1.726745
v -1.533084 1.157161 -1.670244
v -1.533084 1.157016 -1.726745
v -1.533084 1.143108 -1.754996
v -1.306499 1.143108 -1.754996
v -1.533084 1.143108 -1.643877
v -1.306499 1.143108 -1.643877
v -1.306499 1.111816 -1.596793
v -1.533084 1.111816 -1.596793
v -1.533084 1.128331 -0.140947
v -1.306499 1.128331 -0.140947
v -1.533084 1.131083 0.019139
v -1.306499 1.131083 0.019139
v -1.533084 0.876109 -1.754996
v -1.533084 0.865099 -1.698495
v -1.306499 0.865099 -1.698495
v -1.306499 0.876109 -1.754996
v -1.306499 0.868431 -0.027945
v -1.306499 0.867417 -0.084446
v -1.533084 0.867417 -0.084446
v -1.533084 0.868431 -0.027945
v -1.533084 1.009536 -1.555359
v -1.533084 1.064877 -1.564775
v -1.306499 1.064877 -1.564775
v -1.306499 1.009536 -1.555359
v -1.306499 0.978823 -0.199332
v -1.306499 1.035178 -0.201215
v -1.533084 1.035178 -0.201215
v -1.533084 0.978823 -0.199332
v -1.533084 0.927104 -0.178615
v -1.533084 0.887988 -0.137181
v -1.533084 1.087622 -0.180498
v -1.533084 0.890886 0.022906
v -1.306499 0.890886 0.022906
v -1.306499 0.931450 0.062456
v -1.306499 0.983894 0.083174
v -1.306499 1.040249 0.081290
v -1.306499 1.091968 0.060573
v -1.306499 0.887988 -0.137181
v -1.306499 0.927104 -0.178615
v -1.306499 1.087622 -0.180498
v -1.533084 0.931450 0.062456
v -1.533084 0.983894 0.083174
v -1.533084 1.040249 0.081290
v -1.533084 1.091968 0.060573
v -1.306499 1.064877 -1.832214
v -1.306499 1.111816 -1.802080
v -1.533084 1.111816 -1.802080
v -1.533084 1.064877 -1.832214
v -1.306499 1.009536 -1.843514
v -1.533084 1.009536 -1.843514
v -1.306499 0.954340 -1.832214
v -1.533084 0.954340 -1.832214
v -1.306499 0.876109 -1.643877
v -1.306499 0.907401 -1.802080
v -1.533084 0.907401 -1.802080
v -1.533084 0.876109 -1.643877
v -1.533084 0.907401 -1.596793
v -1.533084 0.954340 -1.564775
v -1.306499 0.954340 -1.564775
v -1.306499 0.907401 -1.596793
v -1.718497 0.573243 2.924664
v -1.084247 0.458709 2.771115
v -1.084247 0.458709 2.652546
v -1.098752 0.557278 2.761909
v -1.024470 0.458709 2.652546
v -1.098752 0.596594 2.606886
v -1.098752 0.584045 2.685686
v -1.098752 0.598421 2.776638
v -1.098752 0.621296 2.832976
v -1.024470 0.458709 2.771115
v -1.098752 0.548938 2.693051
v -1.098752 0.556643 2.619774
v -1.098752 0.580073 2.547970
v -0.818767 0.579994 2.547970
v -0.818767 0.548938 2.693051
v -0.818767 0.557834 2.766696
v -0.818767 0.556643 2.619774
v -0.818767 0.582774 2.835922
v -1.024470 0.582774 2.835922
v -1.533084 1.165837 1.601203
v -1.533084 0.906388 1.679164
v -1.533084 0.952959 1.710801
v -1.306499 0.952959 1.710801
v -1.306499 0.906388 1.679164
v -1.306499 0.875536 1.631992
v -1.533084 0.875536 1.631992
v -1.306499 1.008199 1.722382
v -1.533084 1.008199 1.722382
v -1.533084 1.063586 1.711931
v -1.306499 1.063586 1.711931
v -1.533084 1.142478 1.634534
v -1.533084 0.865105 1.576628
v -1.533084 0.876564 1.521265
v -1.306499 1.143653 1.523807
v -1.306499 0.865105 1.576628
v -1.306499 0.876564 1.521265
v -1.306499 1.110745 1.681141
v -1.306499 1.142478 1.634534
v -1.533084 1.110745 1.681141
v -1.533084 1.143653 1.523807
v -1.306499 1.010990 1.433417
v -1.306499 1.066083 1.444998
v -1.533084 1.066083 1.444998
v -1.533084 1.010990 1.433417
v -1.306499 0.955604 1.443868
v -1.533084 0.955604 1.443868
v -1.306499 0.908445 1.474657
v -1.533084 0.908445 1.474657
v -1.306499 1.112655 1.476635
v -1.533084 1.112655 1.476635
v -1.084044 0.424568 -3.048897
v -1.718497 0.424568 -3.048897
v -1.718497 0.018685 -2.247416
v -1.084044 0.018685 -2.247416
v -1.250541 0.111187 -2.218840
v -1.250541 0.174931 -2.344029
v -1.084044 0.458664 -2.903297
v -1.084044 0.111187 -2.218840
v -1.234604 0.485643 -2.955005
v -1.565225 0.485643 -2.955005
v -1.567259 0.175227 -2.344029
v -1.250541 0.243418 -2.407984
v -1.250541 0.326729 -2.452889
v -1.567259 0.326729 -2.452889
v -1.567259 0.243418 -2.407984
v -1.250541 0.418639 -2.474661
v -1.567259 0.418639 -2.474661
v -1.718497 0.111484 -2.218840
v -1.718497 0.512623 -3.006714
v -1.567259 0.111484 -2.218840
v -1.565225 0.522703 -2.723678
v -1.565225 0.584075 -2.640672
v -1.565225 0.490091 -2.823013
v -1.250541 0.512920 -2.471939
v -1.250541 0.603050 -2.443364
v -1.567259 0.603050 -2.443364
v -1.567259 0.512920 -2.471939
v -1.718497 0.483568 -3.145510
v -1.024362 0.483568 -3.145510
v -1.024362 0.568955 -3.227155
v -1.718497 0.568955 -3.227155
v -1.024362 0.559171 -3.085637
v -1.024362 0.512327 -3.006714
v -1.718497 0.559467 -3.085637
v -1.565225 0.559171 -3.085637
v -1.718497 0.625583 -3.148232
v -1.565225 0.625583 -3.148232
v -1.024362 0.625286 -3.148232
v -1.024362 0.458664 -3.104688
v -1.024362 0.458664 -2.903297
v -1.084044 0.458664 -3.104688
v -1.250541 0.099328 -2.086847
v -1.567259 0.160700 -1.904507
v -1.567259 0.225036 -1.835109
v -1.250541 0.225036 -1.835109
v -1.250541 0.160700 -1.904507
v -1.250541 0.115931 -1.987513
v -1.567259 0.115931 -1.987513
v -1.454644 0.097693 -0.392349
v -1.349182 0.096963 0.284980
v -1.250999 0.103945 0.260111
v -1.567539 0.098566 -1.211581
v -1.479422 0.097867 -0.551807
v -1.568004 0.097921 -0.551807
v -1.024470 0.903356 3.074716
v -1.718497 0.903356 3.074716
v -1.718497 0.998475 3.056694
v -1.024470 0.998475 3.056694
v -1.024470 0.806453 3.068709
v -1.718497 0.806453 3.068709
v -1.718497 1.086460 3.015308
v -1.024470 1.086460 3.015308
v -1.718497 0.714307 3.038671
v -1.024470 0.714307 3.038671
v -1.087324 1.090325 2.887148
v -1.087324 1.133128 2.828408
v -1.087324 1.034442 2.933206
v -1.024470 1.218141 2.875133
v -1.024470 1.161070 2.953231
v -1.718497 1.161070 2.953231
v -1.718497 1.218141 2.875133
v -1.024470 1.253811 2.785020
v -1.718497 1.253811 2.785020
v -1.708827 1.090325 2.886480
v -1.708827 1.034145 2.933206
v -1.708827 0.968750 2.963911
v -1.708827 0.897411 2.977261
v -1.708827 0.824883 2.973256
v -1.708827 0.755921 2.950561
v -1.708827 0.645345 2.859113
v -1.708827 0.694688 2.911845
v -1.718497 0.694688 2.911845
v -1.718497 0.755921 2.950561
v -1.708827 1.159583 2.760322
v -1.708827 1.132831 2.828408
v -1.718497 0.897411 2.977261
v -1.718497 0.968750 2.963911
v -1.718497 0.824883 2.973256
v -1.718497 1.034145 2.933206
v -1.718497 1.090027 2.886480
v -1.718497 1.132831 2.828408
v -1.718497 1.159583 2.760322
v -0.818767 0.954185 3.016643
v -1.024470 0.899492 2.977261
v -0.818767 0.808237 3.012638
v -0.818767 0.881657 3.020648
v -0.818767 0.738384 2.989276
v -0.818767 0.675367 2.950561
v -1.024470 0.738384 2.989276
v -1.024470 0.954185 3.016643
v -1.024470 0.968750 2.964578
v -1.087324 0.968750 2.964578
v -1.087324 0.899492 2.977261
v -1.024470 0.881657 3.020648
v -1.024470 0.808237 3.012638
v -1.024470 1.090325 2.887148
v -1.024470 1.034442 2.933206
v -1.024470 1.133128 2.828408
v -1.024470 1.159881 2.760990
v -1.087324 1.159881 2.760990
v -1.708827 0.705389 2.447931
v -1.087324 0.705389 2.447931
v -1.708827 0.787132 2.406546
v -1.087324 0.787132 2.406546
v -1.087324 0.878090 2.391861
v -1.708827 0.878090 2.391861
v -1.087324 0.968750 2.406546
v -1.708827 0.968750 2.406546
v -1.087324 1.115888 2.513346
v -1.087324 1.050791 2.447931
v -1.087324 1.157503 2.594782
v -1.708827 1.115888 2.513346
v -1.708827 1.050791 2.447931
v -1.708827 1.157503 2.594782
v -1.565225 1.054888 -2.641743
v -1.565225 0.970899 -2.580162
v -1.565225 1.115825 -2.726325
v -1.565225 1.141387 -2.966714
v -1.565225 1.153940 -2.876197
v -1.565225 0.871847 -2.547516
v -1.234604 1.154168 -2.876197
v -1.234604 0.767774 -2.547516
v -1.234604 0.871847 -2.547516
v -1.234604 0.970899 -2.580162
v -1.234604 1.054888 -2.641743
v -1.234604 1.115825 -2.726325
v -1.718497 1.141387 -2.966714
v -1.565225 0.972497 -3.173717
v -1.565225 1.047356 -3.121038
v -1.565225 0.886454 -3.203394
v -1.565225 0.795390 -3.209330
v -1.565225 1.105098 -3.050554
v -1.718497 1.047128 -3.121038
v -1.718497 0.972497 -3.173717
v -1.718497 0.886454 -3.203394
v -1.234604 0.795390 -3.209330
v -1.234604 0.886454 -3.204136
v -1.718497 1.234962 -2.993424
v -1.718497 1.104870 -3.050554
v -1.718497 1.188174 -3.101006
v -1.718497 1.113543 -3.192265
v -1.234604 0.972725 -3.173717
v -1.234604 1.047356 -3.121038
v -1.024362 1.188174 -3.101006
v -1.024362 1.234962 -2.993424
v -1.024362 1.113543 -3.192265
v -1.024362 1.105327 -3.050554
v -1.234604 1.105098 -3.050554
v -1.234604 1.141615 -2.966714
v -1.024362 1.141844 -2.966714
v -1.024362 1.047585 -3.121038
v -1.024362 0.972725 -3.173717
v -1.718497 1.017230 -3.259782
v -1.024362 1.017230 -3.259782
v -1.024362 0.906082 -3.299105
v -1.718497 0.906082 -3.299105
v -1.024362 0.886682 -3.204136
v -1.718497 0.788543 -3.306524
v -1.024362 0.788543 -3.306524
v -1.024362 0.795390 -3.210072
v -1.718497 0.795390 -3.209330
v -1.250943 0.552032 0.697525
v -1.250943 0.458364 0.711387
v -1.250943 0.364696 0.699836
v -1.250943 0.277079 0.665183
v -1.250943 0.201338 0.607429
v -1.250943 0.143075 0.533503
v -1.567694 0.201338 0.607429
v -1.567694 0.277079 0.665183
v -1.567694 0.552032 0.697525
v -1.567694 0.458364 0.711387
v -1.567694 0.364696 0.699836
v -1.567694 0.357077 -0.000147
v -1.567694 0.270132 0.039126
v -1.250943 0.270132 0.039126
v -1.250943 0.357077 -0.000147
v -1.567694 0.450521 -0.011698
v -1.250943 0.450521 -0.011698
v -1.567694 0.544413 -0.000147
v -1.250943 0.544413 -0.000147
v -1.250943 0.195736 0.096880
v -1.567694 0.195736 0.096880
v -1.251253 0.592143 -0.806397
v -1.251253 0.500940 -0.831809
v -1.251253 0.406600 -0.829499
v -1.251253 0.315397 -0.806397
v -1.251253 0.233830 -0.757884
v -1.251253 0.167277 -0.690889
v -1.568004 0.315397 -0.806397
v -1.568004 0.233830 -0.757884
v -1.568004 0.406600 -0.829499
v -1.568004 0.592143 -0.806397
v -1.568004 0.500940 -0.831809
v -1.568004 0.167277 -0.690889
v -1.568004 0.167949 -0.251956
v -1.251253 0.167949 -0.251956
v -1.568004 0.593264 -0.138757
v -1.568004 0.502285 -0.113345
v -1.568004 0.407721 -0.113345
v -1.568004 0.316742 -0.138757
v -1.568004 0.234951 -0.184961
v -1.251253 0.407721 -0.113345
v -1.251253 0.316742 -0.138757
v -1.251253 0.502285 -0.113345
v -1.251253 0.593264 -0.138757
v -1.251253 0.234951 -0.184961
v -1.567539 0.511248 -1.649611
v -1.567539 0.601779 -1.621889
v -1.567539 0.416684 -1.651921
v -1.567539 0.324809 -1.628819
v -1.567539 0.173327 -1.520241
v -1.567539 0.241897 -1.584926
v -1.250788 0.173327 -1.520241
v -1.250788 0.241897 -1.584926
v -1.250788 0.601779 -1.621889
v -1.250788 0.511248 -1.649611
v -1.250788 0.416684 -1.651921
v -1.250788 0.324809 -1.628819
v -1.567539 0.161674 -1.078998
v -1.250788 0.161674 -1.078998
v -1.567539 0.584076 -0.954248
v -1.567539 0.492201 -0.931147
v -1.567539 0.397861 -0.933457
v -1.567539 0.307106 -0.961179
v -1.567539 0.226659 -1.009693
v -1.250788 0.584076 -0.954248
v -1.250788 0.492201 -0.931147
v -1.250788 0.397861 -0.933457
v -1.250788 0.307106 -0.961179
v -1.250788 0.226659 -1.009693
v -1.251029 0.737932 0.945494
v -1.251029 0.670278 0.879733
v -1.251029 0.587909 0.833722
v -1.251029 0.496439 0.810600
v -1.251029 0.402100 0.811939
v -1.251029 0.311323 0.837647
v -1.251029 0.230293 0.885976
v -1.251029 0.786260 1.026522
v -1.251029 0.811970 1.117300
v -1.251029 0.813309 1.211640
v -1.251029 0.790186 1.303110
v -1.251029 0.744176 1.385479
v -1.567766 0.230293 0.885976
v -1.567766 0.670278 0.879733
v -1.567766 0.737932 0.945494
v -1.567766 0.587909 0.833722
v -1.567766 0.496439 0.810600
v -1.567766 0.402100 0.811939
v -1.567766 0.311323 0.837647
v -1.567766 0.786260 1.026522
v -1.567766 0.811970 1.117300
v -1.567766 0.813309 1.211640
v -1.567766 0.790186 1.303110
v -1.567766 0.744176 1.385479
v -1.250837 0.767144 1.808296
v -1.250837 0.803597 1.895454
v -1.250837 0.816251 1.989077
v -1.250837 0.804241 2.082785
v -1.567574 0.095426 1.986927
v -1.567574 0.767144 1.808296
v -1.567574 0.803597 1.895454
v -1.567574 0.816251 1.989077
v -1.567574 0.804241 2.082785
v -1.250837 0.274483 2.304353
v -1.250837 0.191695 2.253306
v -1.567574 0.192101 2.253557
v -1.567574 0.274483 2.304353
v -1.250837 0.711133 2.245341
v -1.250837 0.636379 2.303110
v -1.567574 0.636379 2.303110
v -1.567574 0.711133 2.245341
v -1.250837 0.549221 2.339563
v -1.250837 0.455597 2.352217
v -1.250837 0.361890 2.340207
v -1.250837 0.768387 2.170191
v -1.567574 0.549221 2.339563
v -1.567574 0.455597 2.352217
v -1.567574 0.361890 2.340207
v -1.567574 0.768387 2.170191
v -1.084115 0.095127 1.986977
v -1.251029 0.096106 1.094911
v -1.567766 0.096151 1.248742
v -1.718497 0.095520 1.986912
v -1.567766 0.096303 1.094396
v -1.567574 0.095477 1.935720
v -1.718497 0.071154 2.247509
v -1.084115 0.071153 2.247509
v -1.084115 0.000006 2.002906
v -1.718497 0.000006 2.002906
v -1.718497 0.154622 2.197363
v -1.084115 0.154280 2.197569
v -1.250837 0.154370 2.197514
v -1.024362 1.265990 2.689785
v -1.718497 1.265990 2.689785
v -1.718497 1.251172 -2.878645
v -1.024362 1.251172 -2.878645
v -1.024362 1.154221 -2.876526
v -1.306499 1.165967 1.600983
v -1.024362 1.169021 2.688717
v -1.306499 1.165849 1.556692
v -1.234717 1.154272 -2.811550
v -1.533084 1.165719 1.556498
v -1.565318 1.154085 -2.811135
v -1.718497 1.153823 -2.876517
v -1.708659 1.168529 2.650942
v -1.533084 1.161313 -0.100038
v -1.718497 1.168624 2.688712
v -1.708659 1.168629 2.688712
v -1.533084 1.161522 -0.021375
v -1.250788 0.785047 -1.144695
v -1.250788 0.735660 -1.064158
v -1.567525 0.735660 -1.064158
v -1.567525 0.785047 -1.144695
v -1.567525 0.811907 -1.235271
v -1.250788 0.811907 -1.235271
v -1.250788 0.667111 -0.999147
v -1.567525 0.667111 -0.999147
v -1.567525 0.814409 -1.329712
v -1.567525 0.792382 -1.421584
v -1.250788 0.792382 -1.421584
v -1.250788 0.814409 -1.329712
v -1.567525 0.747328 -1.504623
v -1.250788 0.747328 -1.504623
v -1.251267 0.740682 -0.692898
v -1.251267 0.788005 -0.611276
v -1.568004 0.788005 -0.611276
v -1.568004 0.740682 -0.692898
v -1.251267 0.812590 -0.520188
v -1.568004 0.812590 -0.520188
v -1.251267 0.673847 -0.759492
v -1.568004 0.673847 -0.759492
v -1.250659 0.783527 -1.965707
v -1.250659 0.733760 -1.885553
v -1.567396 0.733760 -1.885553
v -1.567396 0.783527 -1.965707
v -1.567396 0.810854 -2.056012
v -1.250659 0.810853 -2.056012
v -1.250659 0.664942 -1.821011
v -1.567396 0.664943 -1.821011
v -1.250659 0.792390 -2.242180
v -1.250659 0.813876 -2.150311
v -1.567396 0.813876 -2.150311
v -1.567396 0.792390 -2.242180
v -1.250659 0.747858 -2.325357
v -1.567396 0.747858 -2.325357
v -1.250788 0.682316 -1.573172
v -1.567525 0.682316 -1.573172
v -1.250999 0.707617 0.090848
v -1.250999 0.765940 0.165170
v -1.567736 0.765940 0.165170
v -1.567736 0.707617 0.090848
v -1.250999 0.803038 0.252056
v -1.567736 0.803038 0.252056
v -1.250999 0.816385 0.345583
v -1.567736 0.816385 0.345583
v -1.250999 0.805070 0.439378
v -1.567736 0.805070 0.439378
v -1.250999 0.632047 0.034152
v -1.567736 0.632047 0.034152
v -1.251267 0.741482 -0.252869
v -1.251267 0.674891 -0.186034
v -1.568004 0.674891 -0.186034
v -1.568004 0.741482 -0.252869
v -1.251267 0.788508 -0.334663
v -1.568004 0.788508 -0.334663
v -1.251267 0.812761 -0.425841
v -1.568004 0.812761 -0.425841
v -1.567736 0.713169 0.602619
v -1.567736 0.769865 0.527048
v -1.250999 0.769865 0.527048
v -1.250999 0.713169 0.602619
v -1.250999 0.638846 0.660942
v -1.567736 0.638846 0.660942
v -1.024362 0.573282 2.924664
v -1.024362 0.557287 2.762032
v -1.708659 0.616313 2.820723
v -1.718497 0.645349 2.859185
v -1.708659 0.598458 2.594983
v -1.708659 0.584070 2.685822
v -1.087480 0.596559 2.606973
v -1.087480 0.598458 2.594983
v -1.708659 0.598458 2.776662
v -1.718497 0.632598 2.986681
v -1.024362 0.632598 2.986681
v -1.708659 0.640212 2.513036
v -1.087480 0.640212 2.513036
v -0.818767 0.650227 2.798532
v -1.087480 0.650227 2.798532
v -1.024362 0.557829 2.766517
v -0.818767 0.622649 2.898376
v -1.024362 0.622648 2.898376
v -1.024362 0.675345 2.950227
v -1.087480 1.168889 2.652789
v -1.087480 1.168985 2.688717
v -1.565318 0.512594 -3.007082
v -1.234717 0.584179 -2.640265
v -1.234717 0.522683 -2.724296
v -1.234717 0.490165 -2.823216
v -1.234717 0.668632 -2.579351
v -1.565318 0.668632 -2.579351
v -1.250659 0.683315 -2.394175
v -1.567396 0.683316 -2.394175
v -1.565318 0.767774 -2.547516
v -1.234717 0.559153 -3.085353
v -1.234717 0.512423 -3.007163
v -1.024362 0.673285 -3.281971
v -1.718497 0.673285 -3.281971
v -1.718497 0.706298 -3.190365
v -1.565318 0.706268 -3.190447
v -1.234717 0.625422 -3.148126
v -1.234717 0.706204 -3.190625
v -1.024362 0.706163 -3.190739
v -1.567396 0.099426 -2.087146
v -1.567396 0.305294 -1.785341
v -1.250659 0.305294 -1.785341
v -1.250659 0.581765 -1.776479
v -1.567396 0.581765 -1.776479
v -1.250659 0.489896 -1.754992
v -1.250659 0.395597 -1.758015
v -1.567396 0.489896 -1.754992
v -1.567396 0.395597 -1.758015
v -1.567396 0.099377 -2.037502
v -1.718497 -0.000121 -2.093701
v -1.084115 -0.000121 -2.093701
v -1.718497 0.099520 -2.087138
v -1.084115 0.099124 -2.087165
v -1.250659 0.099180 -2.038099
v -1.568004 0.097764 -0.392745
v -1.567736 0.096968 0.416737
v -1.250999 0.096773 0.416081
v -1.567736 0.097098 0.284488
v -1.251267 0.097567 -0.393253
v -1.250999 0.096901 0.285203
v -1.567736 0.103945 0.259641
v -1.250788 0.098370 -1.212120
v -1.251267 0.097722 -0.551350
v -1.250788 0.098534 -1.379555
v -1.567525 0.098733 -1.380022
v -1.568004 0.120703 -0.333448
v -1.251267 0.120703 -0.333448
v -1.568004 0.120201 -0.610062
v -1.251267 0.120201 -0.610062
v -1.250999 0.139150 0.171970
v -1.567736 0.139150 0.171970
v -1.250999 0.105977 0.446961
v -1.567736 0.105977 0.446961
v -1.567525 0.123915 -1.439291
v -1.250788 0.123915 -1.439291
v -1.567525 0.116580 -1.162403
v -1.250788 0.116580 -1.162403
v -1.567736 0.143075 0.533847
vn 1.0000 -0.0000 0.0001
vn 1.0000 -0.0000 -0.0000
vn 0.0046 -1.0000 -0.0020
vn 0.0002 -1.0000 -0.0010
vn -1.0000 -0.0078 -0.0008
vn -1.0000 -0.0000 -0.0000
vn 1.0000 0.0044 -0.0000
vn 1.0000 0.0050 -0.0001
vn -0.0001 0.9249 -0.3802
vn -0.0000 0.9248 -0.3804
vn -0.0006 -1.0000 -0.0010
vn -0.0011 -1.0000 -0.0010
vn -0.0000 0.1284 0.9917
vn -0.0000 0.6170 0.7870
vn -0.0000 0.3860 0.9225
vn -0.0000 -0.3737 0.9275
vn -0.0000 -0.7935 0.6086
vn -0.0000 0.5248 -0.8512
vn -1.0000 -0.0000 0.0001
vn -0.0000 -0.6115 -0.7913
vn -1.0000 -0.0001 0.0001
vn 1.0000 0.0003 0.0001
vn -0.0000 0.7959 0.6054
vn -0.0001 -1.0000 -0.0000
vn -0.0000 0.9253 0.3792
vn 0.0008 0.9720 0.2351
vn -0.0000 0.9704 0.2417
vn -0.0000 0.9838 -0.1793
vn -0.0010 -0.9241 0.3822
vn -0.0000 -0.9246 0.3809
vn -0.0000 0.9262 -0.3770
vn -0.0000 0.8741 0.4857
vn -0.0000 0.9336 0.3584
vn -0.0010 -0.8307 0.5567
vn -0.0006 -0.9240 0.3824
vn -0.0000 -0.9244 0.3815
vn -0.0000 -0.9876 0.1573
vn -0.0000 -0.9875 0.1573
vn -0.0006 -0.9875 0.1575
vn -0.0000 -0.9876 0.1567
vn 1.0000 -0.0002 -0.0000
vn 1.0000 -0.0007 0.0010
vn 1.0000 -0.0002 0.0001
vn 1.0000 0.0002 0.0008
vn 1.0000 0.0008 0.0014
vn 1.0000 -0.0041 -0.0023
vn -0.0000 -0.5141 -0.8577
vn -0.0000 -0.2705 -0.9627
vn 1.0000 -0.0001 -0.0001
vn -1.0000 0.0022 0.0003
vn -1.0000 0.0002 -0.0001
vn -1.0000 -0.0002 -0.0003
vn -1.0000 -0.0001 -0.0003
vn -1.0000 0.0001 -0.0002
vn -1.0000 0.0001 -0.0001
vn -1.0000 -0.0000 -0.0003
vn -1.0000 0.0002 -0.0000
vn 1.0000 -0.0001 0.0002
vn 1.0000 -0.0002 0.0002
vn 1.0000 -0.0000 0.0005
vn 1.0000 -0.0001 0.0004
vn -0.0000 0.8587 -0.5125
vn -1.0000 0.0002 0.0001
vn -0.0000 0.7171 0.6970
vn -0.0000 -0.6055 0.7958
vn -0.0000 -0.7187 -0.6953
vn -1.0000 0.0004 -0.0015
vn -0.0000 0.2447 -0.9696
vn -0.0000 0.4887 -0.8724
vn -0.0000 0.6978 -0.7163
vn -0.0000 -0.0129 -0.9999
vn -0.0000 -0.1289 0.9917
vn -0.0000 -0.6968 0.7172
vn -0.0000 0.9316 0.3634
vn -0.0000 0.3718 0.9283
vn -0.0000 -0.3674 0.9301
vn -0.0000 -0.7272 -0.6865
vn -0.0000 -0.3718 -0.9283
vn -0.0000 0.3674 -0.9301
vn -0.0000 -0.0334 -0.9994
vn -0.0000 0.6981 -0.7160
vn -0.0000 0.7272 0.6865
vn -0.0000 0.0334 0.9994
vn -0.0000 -0.6173 -0.7867
vn -0.0000 -0.6970 0.7171
vn -0.0000 -0.1677 -0.9858
vn -0.0000 0.9148 -0.4040
vn -0.0000 0.5635 -0.8261
vn -0.0000 0.1682 -0.9858
vn -0.0000 0.8328 -0.5535
vn -0.0000 -0.5635 -0.8261
vn -0.0000 -0.8328 0.5535
vn -0.0000 -0.2001 0.9798
vn -0.0000 0.2006 0.9797
vn -0.0000 -0.5402 0.8415
vn -0.0000 0.5402 0.8415
vn -0.0000 0.8328 0.5535
vn -0.0000 0.9803 -0.1976
vn -0.0000 -0.8805 -0.4741
vn 0.0006 -0.8825 -0.4703
vn -0.0000 -0.8328 -0.5535
vn -0.0006 1.0000 -0.0027
vn -0.0000 -0.8972 0.4417
vn 0.0006 -0.8953 0.4454
vn -0.0018 -0.7785 0.6276
vn -0.0000 -0.7819 0.6234
vn -0.0000 -0.8525 -0.5228
vn -0.0000 -0.9587 -0.2843
vn -0.0020 -0.7995 -0.6007
vn -0.0000 -0.8047 -0.5937
vn 0.0018 -0.7806 0.6250
vn -0.0006 1.0000 -0.0026
vn -0.0003 1.0000 -0.0026
vn -0.0023 1.0000 -0.0029
vn -0.0001 1.0000 -0.0026
vn 0.0074 1.0000 -0.0019
vn -0.0000 1.0000 -0.0026
vn -0.0000 -1.0000 0.0027
vn -0.0005 1.0000 -0.0027
vn -0.0046 1.0000 -0.0026
vn -0.0018 1.0000 -0.0026
vn -0.0000 -0.9900 0.1413
vn -0.0000 -0.9928 -0.1198
vn -0.0000 -0.6001 0.7999
vn -0.0000 0.9815 0.1913
vn -0.0000 -0.7867 0.6173
vn -0.0000 -0.9197 0.3927
vn -0.0000 0.9998 -0.0179
vn -0.0000 -1.0000 0.0018
vn -0.0000 -0.7999 -0.6001
vn -0.0000 -0.9280 -0.3726
vn -0.0000 -0.7084 -0.7058
vn -0.0000 -0.8669 -0.4984
vn -0.0000 -0.9664 -0.2571
vn -0.0000 -0.7256 0.6881
vn -0.0000 -0.8790 0.4769
vn -0.0000 -0.8651 0.5016
vn -0.0000 -0.9655 0.2606
vn -0.0000 -0.6881 -0.7256
vn -0.0000 -0.9724 0.2332
vn -0.0000 -0.9996 -0.0265
vn -0.0000 -0.7058 0.7084
vn -0.0000 -0.9737 0.2277
vn -0.0000 -0.9995 -0.0320
vn -0.0000 -0.8816 0.4720
vn -0.0000 -0.8496 -0.5275
vn -0.0000 -0.9571 -0.2896
vn -0.0000 -0.6841 -0.7294
vn -0.0000 0.9928 -0.1202
vn 0.0001 0.9927 -0.1202
vn -0.0000 -0.9629 0.2699
vn -0.0001 -0.9629 0.2698
vn -0.0000 0.9928 -0.1200
vn 0.0001 0.9928 -0.1199
vn 0.0003 0.9510 0.3093
vn -0.0000 0.9507 0.3102
vn -0.0000 0.9945 0.1046
vn -0.0051 -0.9628 0.2700
vn -0.0000 -0.3859 -0.9226
vn -0.0000 0.8910 0.4540
vn -1.0000 -0.0059 0.0006
vn -1.0000 0.0007 0.0013
vn 0.0003 0.9411 -0.3382
vn -0.0000 0.9408 -0.3389
vn -0.0000 1.0000 -0.0000
vn -1.0000 0.0011 -0.0000
vn -0.0003 -0.9631 0.2691
vn -0.0000 0.8429 -0.5381
vn -0.0000 -0.7432 0.6691
vn -0.0010 -0.7429 0.6694
vn -1.0000 -0.0001 -0.0002
vn -1.0000 -0.0003 -0.0000
vn -0.0006 -0.8312 0.5560
vn -0.0006 -0.8311 0.5561
vn -0.0203 -0.8030 0.5956
vn -0.0000 0.8038 -0.5949
vn -0.1292 -0.7450 0.6544
vn 0.0058 0.8004 -0.5995
vn -0.0000 0.8033 -0.5956
vn -0.0000 -0.1339 -0.9910
vn -0.0000 0.3795 -0.9252
vn -0.0000 0.1271 -0.9919
vn -0.0000 0.9268 -0.3756
vn -0.0000 0.9265 -0.3762
vn -0.0074 -0.7430 0.6693
vn -0.0000 0.7224 -0.6914
vn -0.0000 0.7227 -0.6912
vn -0.0000 0.8015 -0.5980
vn -1.0000 0.0011 -0.0001
vn -0.6651 -0.6675 0.3346
vn -0.0223 -0.8031 0.5955
vn -0.0000 0.9877 0.1564
vn 0.0001 0.9876 0.1573
vn -0.0000 0.9877 -0.1564
vn 0.0001 0.9877 -0.1561
vn 0.0032 1.0000 -0.0055
vn -0.0000 0.9792 0.2027
vn -0.0000 0.8254 0.5646
vn -0.0000 -0.5619 0.8272
vn -0.0000 -0.8289 0.5594
vn -0.0000 -0.8357 0.5492
vn -0.0000 -0.7954 -0.6060
vn -0.0000 0.9827 -0.1851
vn -0.0000 -0.9252 -0.3795
vn -0.0000 -0.9919 -0.1271
vn -0.0000 -0.9910 0.1339
vn -0.0000 -0.9226 0.3859
vn -0.0000 -0.9999 0.0142
vn -0.0000 -0.9695 -0.2451
vn -0.0000 -0.8730 -0.4877
vn -0.0000 -0.9622 0.2725
vn -0.0000 -0.8588 0.5122
vn -0.0000 0.5467 0.8373
vn -0.0000 -0.1854 -0.9827
vn -0.0000 0.2052 -0.9787
vn -0.0000 0.8369 -0.5474
vn -0.0000 0.5619 -0.8272
vn -0.0000 -0.8192 -0.5735
vn -0.0001 -0.8189 -0.5739
vn -0.0000 -0.8266 -0.5628
vn -0.0000 -0.5467 -0.8373
vn -0.0000 0.1854 0.9827
vn -0.0000 -0.2057 0.9786
vn 1.0000 0.0001 0.0004
vn 1.0000 0.0003 0.0006
vn 1.0000 0.0025 0.0013
vn 1.0000 0.0007 0.0007
vn 1.0000 0.0008 0.0015
vn 1.0000 -0.0001 0.0003
vn 1.0000 -0.0000 0.0003
vn -0.0000 0.5270 -0.8499
vn -0.0000 -0.4720 -0.8816
vn -0.0000 0.7333 -0.6799
vn -0.0000 0.8801 -0.4747
vn -1.0000 -0.0002 -0.0000
vn -0.0000 0.8537 0.5208
vn 1.0000 0.0032 -0.0001
vn -0.0000 0.8534 0.5212
vn -0.0000 0.8533 0.5215
vn -1.0000 -0.0008 -0.0011
vn -1.0000 -0.0002 0.0001
vn -1.0000 -0.0001 -0.0001
vn -0.0006 -0.9959 -0.0905
vn -0.0000 -0.9958 -0.0912
vn -0.0000 0.9926 0.1214
vn -0.0014 -0.9960 -0.0895
vn -0.0000 0.9493 -0.3144
vn -0.9999 0.0142 -0.0024
vn -0.0012 -1.0000 -0.0030
vn -1.0000 -0.0000 -0.0005
vn -1.0000 0.0001 -0.0004
vn -1.0000 -0.0021 0.0011
vn -1.0000 -0.0002 -0.0001
vn -1.0000 -0.0000 -0.0004
vn -1.0000 0.0001 -0.0005
vn 1.0000 0.0030 -0.0020
vn 1.0000 0.0013 -0.0012
vn 1.0000 -0.0082 -0.0000
vn 1.0000 0.0037 -0.0020
vn -0.0004 0.9500 -0.3123
vn -0.0005 0.9501 -0.3119
vn -0.0000 0.5871 -0.8095
vn 0.0008 0.5850 -0.8110
vn -0.0011 0.8070 -0.5906
vn 0.0005 0.8041 -0.5945
vn -0.0000 -0.3022 0.9532
vn 1.0000 0.0015 -0.0005
vn 1.0000 0.0008 -0.0004
vn -0.0000 -0.0289 0.9996
vn -0.0000 -0.5225 0.8526
vn 0.0008 -0.8915 -0.4530
vn -0.0000 -0.8911 -0.4537
vn -0.0040 -0.8913 -0.4534
vn -0.0000 0.8921 0.4518
vn -0.0000 -0.8917 -0.4527
vn -0.0055 -0.8911 -0.4537
vn -0.0008 -0.8915 -0.4530
vn -0.0000 -0.8914 -0.4533
vn -0.0000 0.6825 0.7309
vn 0.0006 0.6841 0.7294
vn -0.0391 -0.8875 -0.4592
vn -0.0013 -0.8911 -0.4537
vn -0.0000 0.4745 0.8803
vn -0.0000 0.2305 0.9731
vn -0.0000 0.6911 0.7228
vn 0.0006 -0.8878 -0.4603
vn -0.0025 -0.8896 -0.4567
vn -1.0000 -0.0056 -0.0007
vn -0.0002 0.9994 -0.0337
vn -0.0000 0.9994 -0.0343
vn -0.0000 -0.8876 -0.4606
vn -0.0006 -0.4652 -0.8852
vn -0.0007 -0.4656 -0.8850
vn -0.0000 0.4651 0.8853
vn -0.0000 -0.6859 -0.7277
vn -0.0013 -0.6875 -0.7262
vn 0.0007 -0.8584 -0.5130
vn -0.0006 -0.8599 -0.5104
vn -0.0017 -0.8602 -0.5100
vn -0.0014 -0.8599 -0.5104
vn -0.0006 -0.4636 -0.8861
vn -0.0000 -0.4628 -0.8865
vn -0.0009 -0.6877 -0.7260
vn -0.0008 -0.6875 -0.7262
vn 1.0000 0.0026 0.0027
vn 1.0000 0.0025 0.0027
vn -0.0000 0.9339 0.3576
vn -0.0001 0.9337 0.3581
vn 0.0006 0.9340 0.3572
vn 0.0018 0.9326 -0.3608
vn -0.0005 -1.0000 -0.0010
vn -0.0000 0.9314 -0.3639
vn -0.0010 0.9326 -0.3608
vn 1.0000 -0.0008 -0.0000
vn 1.0000 0.0002 0.0001
vn -0.0000 0.9390 -0.3440
vn -0.0000 0.9390 -0.3439
vn -0.0000 0.9287 0.3709
vn -0.0006 0.9280 0.3726
vn -0.0000 0.9583 -0.2856
vn -0.0000 0.9583 -0.2857
vn -0.0000 0.9204 0.3910
vn -0.0009 -1.0000 -0.0010
vn -0.0008 -1.0000 -0.0010
vn -0.0004 0.9628 0.2703
vn -0.0000 0.9641 0.2656
vn -0.0000 0.9641 0.2657
vn -0.0000 0.9295 0.3688
vn -0.0000 0.8082 0.5889
vn -0.0000 -0.9919 -0.1269
vn -0.0000 0.9307 0.3657
vn 1.0000 0.0004 0.0024
vn -1.0000 -0.0000 -0.0015
vn -1.0000 0.0003 -0.0011
vn -0.0006 0.9922 0.1250
vn -0.0000 0.9921 0.1255
vn -1.0000 -0.0008 -0.0009
vn -1.0000 -0.0013 -0.0006
vn -0.0000 -0.0551 -0.9985
vn -0.0000 0.3172 -0.9484
vn -0.0000 0.6360 0.7717
vn -0.0000 0.4309 0.9024
vn -0.0000 -0.4504 0.8928
vn -0.0000 -0.8905 0.4550
vn -0.0000 -0.7088 0.7054
vn -1.0000 0.0002 -0.0027
vn -1.0000 0.0003 -0.0001
vn -0.0000 -0.9813 0.1926
vn -0.0000 -0.9813 0.1927
vn 1.0000 0.0014 -0.0014
vn 1.0000 0.0005 -0.0009
vn 1.0000 -0.0032 -0.0000
vn 0.9999 0.0095 -0.0049
vn 1.0000 0.0006 -0.0019
vn 1.0000 -0.0002 -0.0004
vn 1.0000 0.0001 -0.0007
vn 1.0000 -0.0001 -0.0005
vn -0.0000 0.7067 0.7075
vn -0.0000 0.4517 0.8922
vn -1.0000 0.0003 0.0001
vn -0.0005 0.9921 0.1253
vn -0.0000 0.9921 0.1253
vn -1.0000 0.0005 0.0022
vn -0.0000 0.1594 0.9872
vn -1.0000 -0.0008 -0.0015
vn -1.0000 0.0049 0.0025
vn -1.0000 0.0019 0.0003
vn -1.0000 0.0001 -0.0006
vn -1.0000 -0.0001 -0.0009
vn -0.0000 -0.1599 0.9871
vn -1.0000 0.0003 -0.0003
vn -1.0000 0.0002 -0.0004
vn 0.0041 -0.7976 0.6032
vn -0.0000 -0.5344 0.8452
vn -0.0000 -0.7298 0.6837
vn 0.0047 -0.7302 0.6832
vn 1.0000 0.0019 -0.0008
vn 1.0000 -0.0005 0.0014
vn 0.9999 -0.0097 0.0117
vn 1.0000 0.0003 0.0002
vn -0.0000 -0.0551 0.9985
vn -0.0000 -0.3126 0.9499
vn -0.0000 0.1839 0.9829
vn -0.0000 0.5368 -0.8437
vn -0.0000 0.3099 -0.9508
vn -0.0000 -0.4256 -0.9049
vn -0.0000 -0.1862 -0.9825
vn -0.0000 0.0619 -0.9981
vn -1.0000 0.0003 0.0003
vn -1.0000 0.0003 0.0002
vn 1.0000 0.0002 0.0005
vn 1.0000 0.0003 0.0003
vn 1.0000 -0.0001 0.0009
vn 1.0000 0.0001 0.0007
vn -0.0000 -0.6396 -0.7687
vn -0.0000 -0.8074 -0.5900
vn -0.0000 -0.9298 -0.3680
vn -0.0000 0.7014 -0.7128
vn 0.0011 0.7035 -0.7107
vn -0.0005 -0.5830 0.8125
vn 0.0013 0.5266 -0.8501
vn -0.0000 0.5235 -0.8520
vn -1.0000 0.0001 0.0007
vn -1.0000 0.0002 0.0005
vn -0.0000 0.1085 -0.9941
vn -0.0000 0.1084 -0.9941
vn -0.0000 -0.5827 0.8127
vn -0.0000 -0.5843 0.8115
vn -0.0000 0.1801 0.9836
vn -0.0000 0.4250 0.9052
vn -0.0000 0.8050 0.5933
vn -0.0248 0.8067 0.5904
vn -0.0197 0.6413 0.7670
vn -0.0000 0.6395 0.7688
vn -0.0006 0.5755 -0.8178
vn -0.0000 0.5767 -0.8170
vn -0.0008 0.7736 -0.6337
vn -0.0000 -0.5740 0.8188
vn -0.0000 -0.9170 0.3988
vn -0.0014 0.9168 -0.3993
vn -0.0000 0.9177 -0.3972
vn -0.0000 -0.9902 0.1398
vn -0.0005 0.9907 -0.1360
vn -0.0011 0.9905 -0.1374
vn -0.0010 0.9168 -0.3993
vn -0.0000 -0.7741 0.6331
vn -0.0000 -0.3335 0.9427
vn -0.0001 0.0649 -0.9979
vn -0.0035 0.0569 -0.9984
vn -0.0006 -0.2082 -0.9781
vn -0.0000 -0.2073 -0.9783
vn -0.0000 0.0650 -0.9979
vn -0.0006 -0.2053 -0.9787
vn -0.0034 -0.2117 -0.9773
vn -0.0000 0.3333 -0.9428
vn -0.0004 0.3325 -0.9431
vn -0.0000 -0.0630 0.9980
vn -0.0000 0.2084 0.9781
vn -0.0000 0.3057 -0.9521
vn -0.0000 -0.3130 -0.9497
vn -0.0000 -0.5913 -0.8065
vn -0.0000 -0.0000 -1.0000
vn -0.0000 0.9906 -0.1366
vn -0.0005 0.9905 -0.1374
vn 1.0000 0.0056 0.0014
vn -0.0008 1.0000 -0.0022
vn -0.0000 -0.7294 0.6841
vn 1.0000 -0.0009 0.0005
vn 1.0000 -0.0001 -0.0002
vn 1.0000 -0.0001 -0.0000
vn -1.0000 0.0008 0.0010
vn -1.0000 -0.0068 -0.0018
vn -0.0003 1.0000 -0.0016
vn -1.0000 0.0010 -0.0011
vn -0.0012 0.7736 -0.6337
vn -1.0000 0.0001 0.0001
vn -1.0000 0.0001 0.0002
vn -0.0000 -0.9115 -0.4112
vn -0.0000 -0.8114 -0.5846
vn 1.0000 -0.0013 -0.0014
vn 1.0000 -0.0000 0.0004
vn -0.0000 0.3261 -0.9453
vn -0.0009 0.5755 -0.8178
vn 1.0000 -0.0001 0.0001
vn 1.0000 -0.0004 -0.0004
vn 1.0000 -0.0000 -0.0001
vn -1.0000 -0.0001 0.0002
vn -1.0000 -0.0004 0.0004
vn -0.0000 0.6862 0.7274
vn -0.0000 0.8535 0.5210
vn -0.0000 0.2690 -0.9631
vn -0.0000 0.7071 -0.7071
vn -0.0000 0.4918 -0.8707
vn -0.0000 -0.2690 -0.9631
vn -0.0000 -0.1221 0.9925
vn -0.0000 -0.5012 -0.8653
vn -0.0000 0.0245 -0.9997
vn -0.0000 0.0245 0.9997
vn -0.0000 -0.4756 -0.8796
vn -0.0000 -0.2439 -0.9698
vn 1.0000 0.0003 -0.0000
vn -0.0000 0.5164 -0.8563
vn -0.0000 0.2921 -0.9564
vn -0.0000 0.7295 -0.6840
vn -0.0000 0.4679 0.8838
vn -0.0000 -0.5176 0.8556
vn -0.0000 -0.2928 0.9562
vn -0.0000 -0.0244 0.9997
vn -0.0000 0.2439 0.9698
vn -0.0000 0.8797 -0.4756
vn -0.0000 -0.2277 -0.9737
vn -0.0000 0.0320 -0.9995
vn -0.0000 0.2896 -0.9571
vn 1.0000 -0.0000 0.0002
vn 1.0000 0.0003 0.0004
vn 1.0000 0.0001 0.0003
vn -0.0000 0.7986 0.6018
vn -0.0000 0.1227 0.9924
vn -0.0000 -0.3645 0.9312
vn -0.0000 0.6132 0.7899
vn -1.0000 0.0013 0.0002
vn -1.0000 -0.0002 -0.0002
vn -1.0000 -0.0000 -0.0001
vn 1.0000 -0.0016 -0.0006
vn 1.0000 -0.0009 -0.0003
vn -1.0000 -0.0004 -0.0006
vn -0.0000 0.4117 0.9113
vn -0.0007 0.7840 -0.6208
vn -0.0000 0.7854 -0.6190
vn -0.0004 0.9197 -0.3927
vn -0.0000 0.9191 -0.3940
vn -1.0000 0.0012 -0.0003
vn -1.0000 -0.0018 0.0014
vn -1.0000 -0.0003 0.0007
vn -1.0000 -0.0000 0.0002
vn -1.0000 -0.0004 0.0005
vn -1.0000 -0.0001 0.0003
vn 1.0000 -0.0009 0.0002
vn 1.0000 0.0001 -0.0002
vn 1.0000 0.0001 -0.0001
vn -0.0000 0.6064 -0.7952
vn 1.0000 0.0003 -0.0004
vn -0.0000 -0.4979 0.8672
vn -0.0000 -0.2684 0.9633
vn -0.0000 0.7094 0.7048
vn -0.0000 0.2455 0.9694
vn -0.0000 0.5112 0.8595
vn -0.0000 0.8641 0.5033
vn -0.0000 0.8651 -0.5016
vn -0.0000 0.5122 0.8588
vn -0.0000 0.2725 0.9622
vn -0.0000 -0.1464 -0.9892
vn -0.0000 -0.4877 0.8730
vn -0.0000 -0.2451 0.9695
vn -0.0000 0.0142 0.9999
vn -1.0000 0.0003 -0.0000
vn -0.0000 0.1224 -0.9925
vn -0.0000 0.3678 -0.9299
vn -0.0000 -0.3883 -0.9215
s 0
f 1068//501 1067//501 666//501
f 1068//502 666//502 665//502
f 1080//502 1072//502 1060//502
f 1080//502 1060//502 1064//502
f 1079//502 1068//502 665//502
f 1079//502 665//502 1060//502
f 1071//502 1077//502 1060//502
f 1071//502 1060//502 1072//502
f 1078//502 1079//502 1060//502
f 1078//502 1060//502 1077//502
f 668//503 1082//503 1081//503
f 668//504 1081//504 667//504
f 631//505 1082//505 668//505
f 631//506 668//506 629//506
f 634//507 1083//507 1085//507
f 634//508 1085//508 636//508
f 629//509 668//509 1083//509
f 629//510 1083//510 634//510
f 1083//511 1060//511 1084//511
f 1083//511 1084//511 1085//511
f 1086//512 1083//512 668//512
f 1086//512 668//512 667//512
f 652//513 661//513 656//513
f 652//513 656//513 649//513
f 662//514 664//514 663//514
f 662//514 663//514 657//514
f 661//515 662//515 657//515
f 661//515 657//515 656//515
f 650//516 655//516 660//516
f 650//516 660//516 651//516
f 654//517 1056//517 1061//517
f 654//517 1061//517 659//517
f 1067//518 1068//518 1065//518
f 1067//518 1065//518 1066//518
f 1065//519 1075//519 658//519
f 658//506 1069//506 1076//506
f 658//506 1076//506 1059//506
f 658//506 1075//506 1074//506
f 658//506 1074//506 1073//506
f 1071//520 1072//520 1069//520
f 1071//520 1069//520 1070//520
f 658//506 1073//506 1070//506
f 658//506 1070//506 1069//506
f 663//506 673//506 653//506
f 663//506 653//506 657//506
f 1060//502 674//502 664//502
f 1060//502 664//502 662//502
f 1093//506 1066//506 1065//506
f 1093//521 1065//521 658//521
f 669//506 1088//506 1092//506
f 669//506 1092//506 672//506
f 672//506 1081//506 1089//506
f 672//506 1089//506 669//506
f 674//502 1060//502 1086//502
f 674//522 1086//522 675//522
f 653//506 673//506 676//506
f 653//506 676//506 667//506
f 674//523 673//523 663//523
f 674//523 663//523 664//523
f 653//524 667//524 1081//524
f 674//525 675//525 676//525
f 674//525 676//525 673//525
f 675//526 1086//526 667//526
f 675//527 667//527 676//527
f 1089//528 1090//528 670//528
f 1089//528 670//528 669//528
f 666//529 1091//529 671//529
f 666//530 671//530 665//530
f 1087//531 1088//531 669//531
f 1087//531 669//531 670//531
f 632//532 636//532 631//532
f 632//532 631//532 630//532
f 636//533 1085//533 1082//533
f 636//533 1082//533 631//533
f 666//534 1067//534 1091//534
f 1092//535 1093//535 658//535
f 1092//536 658//536 672//536
f 653//537 1081//537 672//537
f 653//538 672//538 658//538
f 1090//502 1084//502 671//502
f 1090//502 671//502 670//502
f 1084//539 1060//539 665//539
f 1084//540 665//540 671//540
f 671//502 1091//502 1087//502
f 671//502 1087//502 670//502
f 1053//541 1054//541 636//541
f 1053//541 636//541 1052//541
f 636//542 1055//542 637//542
f 636//502 637//502 638//502
f 1051//543 1052//543 636//543
f 1051//543 636//543 1046//543
f 1049//544 636//544 1050//544
f 1044//545 1050//545 636//545
f 1044//546 636//546 632//546
f 639//502 640//502 636//502
f 639//502 636//502 638//502
f 643//547 644//547 638//547
f 643//547 638//547 637//547
f 644//548 645//548 639//548
f 644//548 639//548 638//548
f 1055//549 636//549 1054//549
f 641//502 642//502 636//502
f 641//502 636//502 640//502
f 636//502 642//502 635//502
f 636//502 635//502 634//502
f 629//550 1038//550 630//550
f 629//506 630//506 631//506
f 1032//551 629//551 1039//551
f 1037//552 1038//552 629//552
f 1037//553 629//553 1036//553
f 1033//554 1034//554 629//554
f 1033//555 629//555 1032//555
f 1035//556 1036//556 629//556
f 1035//554 629//554 1034//554
f 629//557 1041//557 1040//557
f 629//557 1040//557 1039//557
f 636//558 1047//558 1045//558
f 636//559 1045//559 1046//559
f 636//560 1049//560 1048//560
f 636//561 1048//561 1047//561
f 634//562 635//562 633//562
f 634//562 633//562 629//562
f 629//563 1043//563 1042//563
f 629//557 1042//557 1041//557
f 630//564 1038//564 1044//564
f 630//564 1044//564 632//564
f 658//506 1058//506 1057//506
f 658//506 1057//506 653//506
f 1059//506 1058//506 658//506
f 653//506 1057//506 1056//506
f 653//519 1056//519 654//519
f 649//506 656//506 653//506
f 649//506 653//506 650//506
f 656//506 657//506 653//506
f 1061//502 1062//502 1060//502
f 1061//502 1060//502 659//502
f 661//502 1060//502 662//502
f 659//565 660//565 655//565
f 659//565 655//565 654//565
f 1060//502 661//502 652//502
f 1060//502 652//502 651//502
f 1063//502 1064//502 1060//502
f 1063//502 1060//502 1062//502
f 660//502 659//502 1060//502
f 660//502 1060//502 651//502
f 646//506 629//506 647//506
f 648//506 647//506 629//506
f 648//506 629//506 633//506
f 629//506 646//506 645//506
f 629//506 645//506 644//506
f 637//566 1055//566 1043//566
f 637//566 1043//566 643//566
f 643//567 1043//567 629//567
f 643//506 629//506 644//506
f 646//568 647//568 641//568
f 646//568 641//568 640//568
f 647//569 648//569 642//569
f 647//569 642//569 641//569
f 653//506 654//506 655//506
f 653//506 655//506 650//506
f 635//570 642//570 648//570
f 635//570 648//570 633//570
f 645//571 646//571 640//571
f 645//571 640//571 639//571
f 651//572 652//572 649//572
f 651//572 649//572 650//572
f 706//506 720//506 691//506
f 706//506 691//506 707//506
f 707//506 691//506 721//506
f 690//573 712//573 721//573
f 690//573 721//573 691//573
f 699//574 719//574 711//574
f 699//574 711//574 700//574
f 709//575 710//575 720//575
f 709//575 720//575 706//575
f 691//506 720//506 719//506
f 691//506 719//506 699//506
f 707//576 721//576 712//576
f 707//576 712//576 708//576
f 693//577 718//577 725//577
f 693//577 725//577 692//577
f 724//578 725//578 718//578
f 724//578 718//578 717//578
f 692//502 722//502 713//502
f 692//502 713//502 701//502
f 722//579 723//579 716//579
f 722//579 716//579 715//579
f 723//580 724//580 717//580
f 723//580 717//580 716//580
f 713//581 722//581 715//581
f 713//581 715//581 714//581
f 719//582 720//582 710//582
f 719//582 710//582 711//582
f 708//583 709//583 706//583
f 708//583 706//583 707//583
f 710//502 692//502 711//502
f 700//502 711//502 692//502
f 700//502 692//502 701//502
f 1172//584 1173//584 1174//584
f 1172//584 1174//584 1169//584
f 1046//585 1045//585 1033//585
f 1046//585 1033//585 1032//585
f 704//586 705//586 702//586
f 704//586 702//586 703//586
f 692//502 710//502 709//502
f 692//502 709//502 708//502
f 698//506 714//506 691//506
f 698//506 691//506 699//506
f 716//506 717//506 691//506
f 716//506 691//506 715//506
f 691//506 717//506 718//506
f 691//506 718//506 693//506
f 692//502 708//502 712//502
f 692//502 712//502 690//502
f 701//587 713//587 714//587
f 701//587 714//587 698//587
f 715//506 691//506 714//506
f 740//588 741//588 738//588
f 740//588 738//588 739//588
f 705//589 740//589 739//589
f 705//589 739//589 702//589
f 737//590 738//590 741//590
f 737//590 741//590 734//590
f 686//502 737//502 695//502
f 686//502 695//502 694//502
f 686//502 733//502 731//502
f 686//502 731//502 729//502
f 686//502 729//502 728//502
f 686//502 728//502 684//502
f 688//591 704//591 703//591
f 688//591 703//591 689//591
f 741//506 740//506 685//506
f 741//506 685//506 734//506
f 685//506 740//506 705//506
f 685//506 705//506 704//506
f 685//506 704//506 688//506
f 685//506 688//506 687//506
f 686//502 739//502 738//502
f 686//502 738//502 737//502
f 702//502 739//502 686//502
f 702//502 686//502 703//502
f 703//502 686//502 689//502
f 736//502 733//502 686//502
f 736//502 686//502 694//502
f 684//592 728//592 727//592
f 684//592 727//592 685//592
f 729//593 731//593 730//593
f 729//593 730//593 726//593
f 731//594 733//594 732//594
f 731//594 732//594 730//594
f 692//502 724//502 723//502
f 692//502 723//502 722//502
f 724//502 692//502 725//502
f 728//595 729//595 726//595
f 728//595 726//595 727//595
f 696//506 734//506 685//506
f 696//506 685//506 697//506
f 733//596 736//596 735//596
f 733//596 735//596 732//596
f 697//597 735//597 736//597
f 697//597 736//597 694//597
f 695//598 737//598 734//598
f 695//598 734//598 696//598
f 685//506 732//506 735//506
f 685//506 735//506 697//506
f 730//506 732//506 685//506
f 730//506 685//506 726//506
f 726//506 685//506 727//506
f 678//599 687//599 686//599
f 678//600 686//600 682//600
f 681//506 685//506 687//506
f 681//506 687//506 678//506
f 687//601 688//601 689//601
f 687//601 689//601 686//601
f 1102//602 1104//602 683//602
f 1102//602 683//602 681//602
f 683//603 684//603 685//603
f 683//604 685//604 681//604
f 682//502 686//502 684//502
f 682//502 684//502 683//502
f 679//605 1107//605 690//605
f 679//606 690//606 691//606
f 680//506 691//506 693//506
f 680//506 693//506 677//506
f 1113//607 1114//607 1111//607
f 1113//607 1111//607 1112//607
f 1114//608 1115//608 1116//608
f 1114//608 1116//608 1111//608
f 690//502 1107//502 1110//502
f 690//502 1110//502 692//502
f 692//609 1110//609 677//609
f 692//610 677//610 693//610
f 680//611 679//611 691//611
f 678//612 682//612 1107//612
f 678//613 1107//613 679//613
f 679//614 680//614 1098//614
f 679//615 1098//615 678//615
f 680//616 677//616 1098//616
f 681//617 678//617 1098//617
f 681//602 1098//602 1102//602
f 1096//618 1097//618 1094//618
f 1096//618 1094//618 1095//618
f 1098//602 1099//602 1100//602
f 1101//619 1099//619 1098//619
f 1101//602 1098//602 677//602
f 1098//506 1100//506 1094//506
f 1098//506 1094//506 1097//506
f 1108//502 1105//502 1096//502
f 1108//502 1096//502 1095//502
f 1108//602 1109//602 1106//602
f 1108//602 1106//602 1105//602
f 1110//602 1103//602 1101//602
f 1110//602 1101//602 677//602
f 1105//602 1106//602 1103//602
f 1105//602 1103//602 1104//602
f 1104//602 1103//602 1107//602
f 682//620 683//620 1104//620
f 682//621 1104//621 1107//621
f 1153//622 1155//622 1156//622
f 1153//622 1156//622 1154//622
f 1155//623 1157//623 1158//623
f 1155//623 1158//623 1156//623
f 1152//624 1160//624 1159//624
f 1152//624 1159//624 1149//624
f 696//625 697//625 694//625
f 696//625 694//625 695//625
f 1151//626 1152//626 1149//626
f 1151//626 1149//626 1150//626
f 1150//627 1153//627 1154//627
f 1150//627 1154//627 1151//627
f 700//628 701//628 698//628
f 700//628 698//628 699//628
f 1129//629 1167//629 1168//629
f 1129//629 1168//629 1130//629
f 1171//630 1172//630 1169//630
f 1171//630 1169//630 1170//630
f 1157//631 1171//631 1170//631
f 1157//631 1170//631 1158//631
f 1163//632 1164//632 1161//632
f 1163//632 1161//632 1162//632
f 1164//633 1166//633 1165//633
f 1164//633 1165//633 1161//633
f 1166//634 1168//634 1167//634
f 1166//634 1167//634 1165//634
f 1123//635 1148//635 1147//635
f 1123//635 1147//635 1124//635
f 1120//636 1123//636 1124//636
f 1120//636 1124//636 1121//636
f 1127//637 1128//637 1125//637
f 1127//637 1125//637 1126//637
f 1126//638 1129//638 1130//638
f 1126//638 1130//638 1127//638
f 1112//639 1117//639 1118//639
f 1112//639 1118//639 1113//639
f 1121//640 1122//640 1119//640
f 1121//640 1119//640 1120//640
f 1115//641 1119//641 1122//641
f 1115//641 1122//641 1116//641
f 1128//642 1132//642 1131//642
f 1128//642 1131//642 1125//642
f 1143//643 1144//643 1141//643
f 1143//643 1141//643 1142//643
f 1137//644 1143//644 1142//644
f 1137//644 1142//644 1138//644
f 1144//645 1146//645 1145//645
f 1144//645 1145//645 1141//645
f 1135//646 1136//646 1133//646
f 1135//646 1133//646 1134//646
f 1136//647 1137//647 1138//647
f 1136//647 1138//647 1133//647
f 1134//648 1139//648 1140//648
f 1134//648 1140//648 1135//648
f 1176//649 756//649 752//649
f 1176//650 752//650 745//650
f 755//651 1188//651 1189//651
f 755//652 1189//652 1181//652
f 756//653 1176//653 1190//653
f 756//654 1190//654 757//654
f 758//655 755//655 754//655
f 758//656 754//656 753//656
f 756//657 758//657 753//657
f 756//657 753//657 752//657
f 748//502 752//502 753//502
f 748//502 753//502 747//502
f 745//502 752//502 748//502
f 745//502 748//502 749//502
f 747//502 753//502 754//502
f 747//658 754//658 1181//658
f 1077//659 1071//659 1070//659
f 1077//659 1070//659 1073//659
f 1182//660 1187//660 1186//660
f 1182//660 1186//660 1179//660
f 760//661 1190//661 1175//661
f 760//662 1175//662 1192//662
f 757//663 1190//663 760//663
f 757//664 760//664 759//664
f 1185//506 1193//506 1192//506
f 1185//506 1192//506 1175//506
f 743//665 751//665 746//665
f 743//665 746//665 744//665
f 746//666 751//666 1176//666
f 755//506 758//506 1188//506
f 755//667 1181//667 754//667
f 1188//506 758//506 756//506
f 1188//506 756//506 757//506
f 1192//668 1191//668 759//668
f 1192//668 759//668 760//668
f 759//506 1191//506 1188//506
f 759//506 1188//506 757//506
f 744//669 746//669 1176//669
f 744//670 1176//670 745//670
f 744//671 1092//671 1088//671
f 744//672 1088//672 743//672
f 1066//673 1093//673 1092//673
f 1066//674 1092//674 744//674
f 1177//675 1067//675 745//675
f 1088//676 1087//676 743//676
f 744//677 745//677 1067//677
f 744//674 1067//674 1066//674
f 1175//678 743//678 1087//678
f 1175//679 1087//679 742//679
f 1078//680 1077//680 1073//680
f 1078//680 1073//680 1074//680
f 1075//681 1065//681 1068//681
f 1075//681 1068//681 1079//681
f 1074//682 1075//682 1079//682
f 1074//682 1079//682 1078//682
f 749//683 1183//683 1177//683
f 749//684 1177//684 750//684
f 745//502 749//502 750//502
f 745//685 750//685 1177//685
f 742//686 1184//686 1185//686
f 742//687 1185//687 1175//687
f 751//688 743//688 1175//688
f 751//689 1175//689 1176//689
f 742//502 1178//502 1184//502
f 1091//502 1178//502 742//502
f 1091//502 742//502 1087//502
f 1067//690 1177//690 1178//690
f 1067//691 1178//691 1091//691
f 747//692 1179//692 1180//692
f 747//693 1180//693 748//693
f 748//694 1180//694 1183//694
f 748//695 1183//695 749//695
f 1179//696 747//696 1181//696
f 1179//692 1181//692 1182//692
f 776//697 777//697 774//697
f 776//697 774//697 773//697
f 777//698 788//698 789//698
f 777//698 789//698 774//698
f 789//502 787//502 772//502
f 789//502 772//502 774//502
f 772//502 784//502 791//502
f 772//502 791//502 781//502
f 772//502 787//502 785//502
f 772//502 785//502 784//502
f 783//699 790//699 791//699
f 783//699 791//699 784//699
f 782//506 786//506 775//506
f 782//506 775//506 783//506
f 775//506 786//506 788//506
f 775//506 788//506 777//506
f 783//506 775//506 790//506
f 775//700 1101//700 1103//700
f 775//700 1103//700 781//700
f 781//701 791//701 790//701
f 781//701 790//701 775//701
f 1076//702 1069//702 1072//702
f 1076//702 1072//702 1080//702
f 766//703 776//703 773//703
f 766//703 773//703 767//703
f 1080//704 1064//704 1059//704
f 1080//704 1059//704 1076//704
f 1064//705 1063//705 1058//705
f 1064//705 1058//705 1059//705
f 1057//706 1058//706 1063//706
f 1057//706 1063//706 1062//706
f 1062//707 1061//707 1056//707
f 1062//707 1056//707 1057//707
f 1053//708 1052//708 1040//708
f 1053//708 1040//708 1041//708
f 1054//709 1053//709 1041//709
f 1054//709 1041//709 1042//709
f 1042//710 1043//710 1055//710
f 1042//710 1055//710 1054//710
f 1052//711 1051//711 1039//711
f 1052//711 1039//711 1040//711
f 1032//712 1039//712 1051//712
f 1032//712 1051//712 1046//712
f 787//713 789//713 788//713
f 787//713 788//713 786//713
f 773//502 774//502 772//502
f 773//502 772//502 767//502
f 769//714 770//714 771//714
f 769//714 771//714 768//714
f 762//502 767//502 772//502
f 762//502 772//502 763//502
f 775//506 766//506 765//506
f 775//506 765//506 764//506
f 772//502 770//502 769//502
f 772//502 769//502 763//502
f 763//715 769//715 768//715
f 763//715 768//715 764//715
f 1103//619 1106//619 761//619
f 761//602 1106//602 1194//602
f 761//602 1194//602 1099//602
f 1100//602 1099//602 1194//602
f 1100//602 1194//602 1195//602
f 765//716 766//716 767//716
f 765//716 767//716 762//716
f 764//717 765//717 762//717
f 764//717 762//717 763//717
f 1099//718 779//718 772//718
f 1099//719 772//719 761//719
f 779//720 778//720 780//720
f 779//720 780//720 772//720
f 770//721 780//721 778//721
f 770//721 778//721 771//721
f 785//722 787//722 786//722
f 785//722 786//722 782//722
f 784//723 785//723 782//723
f 784//723 782//723 783//723
f 781//502 1103//502 761//502
f 781//502 761//502 772//502
f 768//506 771//506 775//506
f 768//506 775//506 764//506
f 775//506 777//506 776//506
f 775//506 776//506 766//506
f 778//506 779//506 775//506
f 778//506 775//506 771//506
f 770//502 772//502 780//502
f 779//506 1099//506 1101//506
f 779//506 1101//506 775//506
f 805//724 808//724 1214//724
f 805//725 1214//725 806//725
f 1214//726 811//726 802//726
f 1214//727 802//727 806//727
f 1203//502 1146//502 1214//502
f 1203//728 1214//728 817//728
f 818//729 817//729 1214//729
f 818//730 1214//730 808//730
f 1144//502 1143//502 1214//502
f 1144//502 1214//502 1146//502
f 835//731 1215//731 1216//731
f 835//731 1216//731 836//731
f 1217//732 1218//732 1140//732
f 1217//732 1140//732 1139//732
f 836//733 837//733 834//733
f 836//733 834//733 835//733
f 838//734 839//734 834//734
f 838//734 834//734 837//734
f 1142//735 833//735 1138//735
f 819//736 832//736 830//736
f 819//736 830//736 820//736
f 819//502 825//502 810//502
f 819//502 810//502 793//502
f 801//737 1196//737 814//737
f 832//738 819//738 793//738
f 832//739 793//739 792//739
f 833//521 1145//521 1202//521
f 833//740 1202//740 816//740
f 833//506 803//506 797//506
f 833//506 797//506 796//506
f 833//735 1142//735 1141//735
f 833//741 1141//741 1145//741
f 833//506 816//506 815//506
f 833//506 815//506 807//506
f 833//506 807//506 804//506
f 833//506 804//506 803//506
f 1139//742 1134//742 833//742
f 1139//671 833//671 1217//671
f 1214//743 1226//743 809//743
f 1214//744 809//744 811//744
f 1226//502 1224//502 794//502
f 1226//502 794//502 809//502
f 1143//502 1137//502 1214//502
f 794//745 1224//745 1225//745
f 794//745 1225//745 795//745
f 1227//746 833//746 796//746
f 1227//744 796//744 799//744
f 838//747 1228//747 1223//747
f 838//747 1223//747 839//747
f 833//748 1228//748 838//748
f 833//506 838//506 837//506
f 833//749 1227//749 1228//749
f 1225//750 1227//750 799//750
f 1225//751 799//751 795//751
f 1214//502 1137//502 1136//502
f 1214//502 1136//502 1135//502
f 836//752 1216//752 833//752
f 836//506 833//506 837//506
f 833//753 1134//753 1133//753
f 833//753 1133//753 1138//753
f 833//754 1220//754 1219//754
f 833//553 1219//553 1217//553
f 1220//755 833//755 1216//755
f 1214//502 1135//502 1140//502
f 1214//502 1140//502 1218//502
f 1214//756 1215//756 835//756
f 1214//757 835//757 834//757
f 839//758 1223//758 1214//758
f 839//759 1214//759 834//759
f 1221//502 1222//502 1214//502
f 1221//502 1214//502 1218//502
f 1222//502 1215//502 1214//502
f 1198//760 1199//760 814//760
f 1198//761 814//761 812//761
f 813//762 1201//762 1200//762
f 813//763 1200//763 1197//763
f 793//502 810//502 809//502
f 793//502 809//502 794//502
f 1197//764 1198//764 812//764
f 1197//765 812//765 813//765
f 817//766 818//766 815//766
f 817//766 815//766 816//766
f 1196//502 1204//502 1201//502
f 1196//767 1201//767 813//767
f 814//768 1196//768 813//768
f 814//502 813//502 812//502
f 807//769 815//769 818//769
f 807//769 818//769 808//769
f 1202//770 1203//770 817//770
f 1202//770 817//770 816//770
f 809//771 801//771 802//771
f 809//772 802//772 811//772
f 800//773 798//773 797//773
f 795//506 799//506 798//506
f 795//506 798//506 792//506
f 794//774 795//774 792//774
f 794//774 792//774 793//774
f 798//775 799//775 796//775
f 798//776 796//776 797//776
f 797//777 802//777 801//777
f 797//778 801//778 800//778
f 797//779 803//779 806//779
f 797//780 806//780 802//780
f 1196//781 801//781 809//781
f 1196//782 809//782 810//782
f 805//783 806//783 803//783
f 805//783 803//783 804//783
f 804//784 807//784 808//784
f 804//784 808//784 805//784
f 821//785 822//785 819//785
f 821//785 819//785 820//785
f 829//506 1213//506 1207//506
f 829//506 1207//506 821//506
f 1206//786 824//786 798//786
f 1206//787 798//787 800//787
f 823//506 829//506 821//506
f 823//506 821//506 820//506
f 830//506 824//506 823//506
f 830//506 823//506 820//506
f 800//788 1199//788 1206//788
f 832//506 792//506 798//506
f 801//789 814//789 1199//789
f 801//790 1199//790 800//790
f 831//791 798//791 824//791
f 831//506 824//506 830//506
f 830//665 832//665 798//665
f 830//665 798//665 831//665
f 1212//792 1213//792 829//792
f 1212//793 829//793 1211//793
f 1207//794 1208//794 822//794
f 1207//794 822//794 821//794
f 827//795 828//795 826//795
f 827//796 826//796 825//796
f 824//797 1206//797 1205//797
f 824//798 1205//798 823//798
f 825//799 826//799 1196//799
f 825//800 1196//800 810//800
f 1209//801 1210//801 828//801
f 1209//802 828//802 827//802
f 1208//502 1209//502 827//502
f 1208//502 827//502 822//502
f 823//803 1205//803 1211//803
f 823//804 1211//804 829//804
f 828//805 1210//805 1196//805
f 828//806 1196//806 826//806
f 822//502 827//502 825//502
f 822//502 825//502 819//502
f 1237//807 1243//807 1242//807
f 1237//808 1242//808 844//808
f 844//809 1242//809 845//809
f 1231//506 1244//506 842//506
f 1231//506 842//506 1234//506
f 1240//810 840//810 1229//810
f 845//811 1229//811 1226//811
f 1239//511 843//511 1226//511
f 1239//511 1226//511 1214//511
f 840//812 1240//812 1241//812
f 840//813 1241//813 1233//813
f 1233//506 1241//506 1243//506
f 1233//506 1243//506 1237//506
f 1248//814 1250//814 843//814
f 1248//815 843//815 1239//815
f 845//502 1242//502 1240//502
f 845//502 1240//502 1229//502
f 1232//502 1252//502 1247//502
f 1232//502 1247//502 1230//502
f 843//816 1250//816 1251//816
f 843//817 1251//817 1236//817
f 842//818 1244//818 1245//818
f 842//819 1245//819 1235//819
f 1230//820 1247//820 1246//820
f 1230//821 1246//821 1231//821
f 1238//822 1249//822 1248//822
f 1238//822 1248//822 1239//822
f 1224//502 1226//502 1084//502
f 1224//502 1084//502 1090//502
f 1085//511 1230//511 1231//511
f 1085//511 1231//511 1082//511
f 1085//511 1084//511 1226//511
f 1085//511 1226//511 1229//511
f 1225//665 1224//665 1090//665
f 1225//665 1090//665 1089//665
f 1227//511 1081//511 1082//511
f 1227//511 1082//511 1228//511
f 1081//506 1227//506 1225//506
f 1081//506 1225//506 1089//506
f 1232//511 1229//511 840//511
f 1232//511 840//511 841//511
f 1239//511 1223//511 1228//511
f 1239//511 1228//511 1238//511
f 1234//823 1233//823 1236//823
f 844//511 845//511 1226//511
f 844//824 1226//824 843//824
f 843//511 1236//511 1237//511
f 843//511 1237//511 844//511
f 1233//511 1234//511 841//511
f 1233//511 841//511 840//511
f 1234//825 842//825 1235//825
f 1234//826 1235//826 841//826
f 841//827 1235//827 1232//827
f 863//506 900//506 899//506
f 863//506 899//506 859//506
f 897//506 859//506 899//506
f 900//828 901//828 857//828
f 900//828 857//828 899//828
f 853//506 860//506 898//506
f 856//829 897//829 899//829
f 856//829 899//829 857//829
f 864//830 1095//830 1094//830
f 864//830 1094//830 863//830
f 883//502 1108//502 1095//502
f 883//502 1095//502 864//502
f 875//831 883//831 882//831
f 875//831 882//831 876//831
f 1183//502 1180//502 1109//502
f 1183//832 1109//832 875//832
f 1094//833 1100//833 900//833
f 1094//834 900//834 863//834
f 1100//835 1195//835 901//835
f 1100//836 901//836 900//836
f 850//506 896//506 890//506
f 850//506 890//506 855//506
f 891//506 895//506 846//506
f 891//506 846//506 849//506
f 1193//837 1185//837 855//837
f 1193//838 855//838 890//838
f 887//839 895//839 891//839
f 887//839 891//839 884//839
f 888//840 890//840 896//840
f 888//840 896//840 886//840
f 895//506 896//506 850//506
f 895//506 850//506 846//506
f 849//506 853//506 891//506
f 897//506 898//506 860//506
f 897//506 860//506 859//506
f 853//506 898//506 892//506
f 853//506 892//506 891//506
f 858//841 898//841 897//841
f 858//841 897//841 856//841
f 893//842 892//842 898//842
f 893//842 898//842 858//842
f 908//843 911//843 914//843
f 908//843 914//843 909//843
f 915//844 913//844 910//844
f 915//844 910//844 912//844
f 913//845 914//845 911//845
f 913//845 911//845 910//845
f 1181//506 1195//506 1194//506
f 1181//846 1194//846 912//846
f 912//847 910//847 1181//847
f 912//848 1194//848 1106//848
f 912//849 1106//849 915//849
f 914//850 913//850 1109//850
f 914//851 1109//851 909//851
f 1106//852 1109//852 913//852
f 1106//853 913//853 915//853
f 1179//502 1186//502 1109//502
f 1179//502 1109//502 1180//502
f 1109//854 1186//854 902//854
f 1109//855 902//855 904//855
f 907//856 909//856 1109//856
f 907//857 1109//857 904//857
f 902//858 1186//858 1187//858
f 902//858 1187//858 903//858
f 903//859 905//859 904//859
f 903//859 904//859 902//859
f 857//860 901//860 1189//860
f 1109//861 1108//861 883//861
f 1109//862 883//862 875//862
f 1195//506 1181//506 1189//506
f 1195//863 1189//863 901//863
f 905//864 906//864 907//864
f 905//864 907//864 904//864
f 905//865 903//865 1181//865
f 903//866 1187//866 1182//866
f 903//867 1182//867 1181//867
f 1181//868 908//868 906//868
f 1181//869 906//869 905//869
f 906//870 908//870 909//870
f 906//870 909//870 907//870
f 1181//871 910//871 911//871
f 1181//872 911//872 908//872
f 871//873 1178//873 1177//873
f 870//874 874//874 873//874
f 870//874 873//874 872//874
f 872//875 873//875 1178//875
f 872//876 1178//876 871//876
f 870//877 1177//877 1183//877
f 870//878 1183//878 869//878
f 871//879 1177//879 870//879
f 871//502 870//502 872//502
f 1183//522 875//522 876//522
f 1183//880 876//880 865//880
f 868//881 877//881 879//881
f 868//881 879//881 869//881
f 869//882 879//882 874//882
f 869//882 874//882 870//882
f 867//883 878//883 877//883
f 867//883 877//883 868//883
f 877//502 878//502 848//502
f 877//502 848//502 847//502
f 879//502 877//502 847//502
f 879//502 847//502 851//502
f 1185//884 1184//884 854//884
f 1185//884 854//884 855//884
f 855//885 854//885 851//885
f 855//885 851//885 850//885
f 848//886 852//886 853//886
f 848//886 853//886 849//886
f 848//887 849//887 846//887
f 848//887 846//887 847//887
f 850//888 851//888 847//888
f 850//888 847//888 846//888
f 1189//889 858//889 856//889
f 1189//890 856//890 857//890
f 866//891 867//891 1183//891
f 866//892 1183//892 865//892
f 868//893 869//893 1183//893
f 868//894 1183//894 867//894
f 852//895 861//895 860//895
f 852//895 860//895 853//895
f 861//896 862//896 859//896
f 861//896 859//896 860//896
f 862//897 864//897 863//897
f 862//897 863//897 859//897
f 889//506 1188//506 1191//506
f 1191//898 1192//898 1193//898
f 1191//899 1193//899 889//899
f 1188//506 889//506 888//506
f 1188//506 888//506 886//506
f 884//900 885//900 1188//900
f 1188//506 886//506 887//506
f 1188//506 887//506 884//506
f 889//901 1193//901 890//901
f 889//902 890//902 888//902
f 1189//903 894//903 893//903
f 1189//904 893//904 858//904
f 886//905 896//905 895//905
f 886//906 895//906 887//906
f 894//907 1189//907 1188//907
f 894//907 1188//907 885//907
f 885//908 884//908 891//908
f 885//506 891//506 892//506
f 892//909 893//909 894//909
f 892//909 894//909 885//909
f 873//502 874//502 854//502
f 1184//502 1178//502 873//502
f 1184//502 873//502 854//502
f 874//502 879//502 851//502
f 874//502 851//502 854//502
f 878//502 880//502 852//502
f 878//502 852//502 848//502
f 866//910 880//910 878//910
f 866//910 878//910 867//910
f 861//502 880//502 881//502
f 861//502 881//502 862//502
f 881//502 882//502 862//502
f 876//911 882//911 881//911
f 876//912 881//912 865//912
f 882//502 883//502 864//502
f 882//502 864//502 862//502
f 865//913 881//913 880//913
f 865//914 880//914 866//914
f 852//502 880//502 861//502
f 948//506 951//506 946//506
f 948//506 946//506 945//506
f 944//915 952//915 953//915
f 944//916 953//916 943//916
f 949//917 948//917 952//917
f 949//917 952//917 944//917
f 952//506 948//506 945//506
f 954//918 955//918 947//918
f 954//918 947//918 942//918
f 947//506 953//506 952//506
f 947//506 952//506 945//506
f 951//506 1098//506 1097//506
f 951//506 1097//506 946//506
f 922//506 950//506 949//506
f 922//506 949//506 944//506
f 945//919 946//919 939//919
f 945//919 939//919 941//919
f 922//506 944//506 943//506
f 922//506 943//506 938//506
f 933//920 940//920 928//920
f 933//921 928//921 919//921
f 946//922 1097//922 1096//922
f 946//922 1096//922 939//922
f 922//923 1098//923 951//923
f 922//924 951//924 950//924
f 950//925 951//925 948//925
f 950//925 948//925 949//925
f 947//926 945//926 941//926
f 947//926 941//926 942//926
f 954//927 957//927 956//927
f 954//927 956//927 955//927
f 956//506 960//506 961//506
f 956//506 961//506 958//506
f 960//506 1207//506 1213//506
f 960//506 1213//506 961//506
f 938//928 958//928 961//928
f 938//929 961//929 937//929
f 1210//930 1209//930 962//930
f 1210//931 962//931 932//931
f 962//502 959//502 957//502
f 962//502 957//502 936//502
f 1209//502 1208//502 959//502
f 1209//502 959//502 962//502
f 932//932 962//932 936//932
f 932//932 936//932 931//932
f 1213//933 1212//933 937//933
f 1213//934 937//934 961//934
f 943//935 953//935 958//935
f 943//936 958//936 938//936
f 955//506 953//506 947//506
f 955//506 956//506 958//506
f 955//506 958//506 953//506
f 936//502 957//502 954//502
f 936//502 954//502 935//502
f 959//937 960//937 956//937
f 959//937 956//937 957//937
f 959//938 1208//938 1207//938
f 959//938 1207//938 960//938
f 954//502 942//502 935//502
f 923//939 1200//939 1201//939
f 923//939 1201//939 1204//939
f 925//940 924//940 921//940
f 925//940 921//940 917//940
f 926//941 925//941 917//941
f 926//941 917//941 916//941
f 924//942 923//942 1204//942
f 924//942 1204//942 921//942
f 919//943 928//943 1105//943
f 919//944 1105//944 920//944
f 1104//945 918//945 920//945
f 1104//946 920//946 1105//946
f 1202//947 1145//947 1146//947
f 1202//947 1146//947 1203//947
f 925//506 926//506 927//506
f 925//506 927//506 922//506
f 921//948 1204//948 1196//948
f 921//949 1196//949 917//949
f 1196//950 919//950 920//950
f 1196//950 920//950 918//950
f 1196//549 918//549 916//549
f 1196//549 916//549 917//549
f 922//551 1198//551 1197//551
f 922//554 1197//554 1200//554
f 925//506 922//506 924//506
f 922//951 1200//951 923//951
f 922//506 923//506 924//506
f 1198//551 922//551 1199//551
f 922//952 927//952 1102//952
f 922//953 1102//953 1098//953
f 940//502 941//502 939//502
f 940//502 939//502 928//502
f 922//563 1205//563 1206//563
f 922//557 1206//557 1199//557
f 937//954 1212//954 922//954
f 937//506 922//506 938//506
f 934//502 941//502 940//502
f 930//955 934//955 940//955
f 930//955 940//955 933//955
f 942//502 941//502 934//502
f 942//502 934//502 935//502
f 1096//502 1105//502 928//502
f 1096//502 928//502 939//502
f 1211//956 1205//956 922//956
f 1211//957 922//957 1212//957
f 1196//729 931//729 929//729
f 1196//558 929//558 930//558
f 918//958 1104//958 1102//958
f 918//958 1102//958 927//958
f 927//959 926//959 916//959
f 927//959 916//959 918//959
f 1196//960 1210//960 932//960
f 1196//961 932//961 931//961
f 931//962 936//962 935//962
f 931//962 935//962 929//962
f 929//916 935//916 934//916
f 929//963 934//963 930//963
f 1196//964 930//964 933//964
f 1196//543 933//543 919//543
f 1248//965 1012//965 1013//965
f 1248//949 1013//949 1011//949
f 1123//502 1120//502 1248//502
f 1123//502 1248//502 1148//502
f 1119//502 1248//502 1120//502
f 1248//966 1011//966 1010//966
f 1248//966 1010//966 1008//966
f 1003//519 1241//519 1004//519
f 1007//967 1004//967 1241//967
f 1007//968 1241//968 997//968
f 1009//949 1148//949 1248//949
f 1009//502 1248//502 1008//502
f 1236//506 1251//506 1018//506
f 1236//506 1018//506 1019//506
f 1236//506 1019//506 1015//506
f 1236//506 1015//506 1014//506
f 1249//506 1238//506 1236//506
f 1249//506 1236//506 1014//506
f 1017//506 1018//506 1251//506
f 1017//506 1251//506 1016//506
f 1014//969 1015//969 1013//969
f 1014//969 1013//969 1012//969
f 1248//970 1249//970 1014//970
f 1248//970 1014//970 1012//970
f 1251//506 1124//506 1147//506
f 1251//506 1147//506 1016//506
f 1005//506 1006//506 1241//506
f 1005//519 1241//519 1003//519
f 992//502 1242//502 990//502
f 1242//502 995//502 991//502
f 1242//502 991//502 990//502
f 1003//971 1004//971 1001//971
f 1003//971 1001//971 1000//971
f 994//502 993//502 1242//502
f 994//502 1242//502 992//502
f 1242//502 1130//502 1168//502
f 1242//502 1168//502 1166//502
f 1242//502 1128//502 1127//502
f 1242//502 1127//502 1130//502
f 1132//502 1128//502 1242//502
f 1132//502 1242//502 993//502
f 996//972 1002//972 1007//972
f 996//972 1007//972 997//972
f 1004//973 1007//973 1002//973
f 1004//973 1002//973 1001//973
f 1162//506 1161//506 1241//506
f 1162//967 1241//967 1006//967
f 1006//974 1005//974 999//974
f 1006//974 999//974 998//974
f 1005//942 1003//942 1000//942
f 1005//942 1000//942 999//942
f 979//975 981//975 980//975
f 979//975 980//975 978//975
f 998//976 1163//976 1162//976
f 998//976 1162//976 1006//976
f 1028//977 1029//977 1024//977
f 1028//977 1024//977 1023//977
f 994//978 992//978 986//978
f 994//978 986//978 985//978
f 1022//979 1118//979 1117//979
f 1022//979 1117//979 1027//979
f 1027//980 1028//980 1023//980
f 1027//980 1023//980 1022//980
f 1020//981 1250//981 1248//981
f 1020//502 1248//502 1026//502
f 1113//502 1248//502 1114//502
f 1115//502 1114//502 1248//502
f 1115//502 1248//502 1119//502
f 1251//506 1029//506 1028//506
f 1251//506 1028//506 1027//506
f 1029//506 1251//506 1030//506
f 1031//506 1030//506 1251//506
f 1031//506 1251//506 1021//506
f 1117//506 1112//506 1251//506
f 1117//506 1251//506 1027//506
f 1030//982 1031//982 1026//982
f 1030//982 1026//982 1025//982
f 1024//983 1029//983 1030//983
f 1024//983 1030//983 1025//983
f 1020//984 1026//984 1031//984
f 1020//984 1031//984 1021//984
f 1025//502 1026//502 1248//502
f 1025//502 1248//502 1024//502
f 1013//985 1015//985 1019//985
f 1013//985 1019//985 1011//985
f 1016//986 1147//986 1148//986
f 1016//986 1148//986 1009//986
f 1017//987 1016//987 1009//987
f 1017//987 1009//987 1008//987
f 1018//988 1017//988 1008//988
f 1018//988 1008//988 1010//988
f 1124//506 1251//506 1121//506
f 1251//506 1116//506 1122//506
f 1251//506 1122//506 1121//506
f 1019//989 1018//989 1010//989
f 1019//989 1010//989 1011//989
f 1251//990 1250//990 1020//990
f 1251//990 1020//990 1021//990
f 1248//502 1113//502 1118//502
f 1248//964 1118//964 1022//964
f 1023//502 1024//502 1248//502
f 1023//502 1248//502 1022//502
f 1251//506 1112//506 1111//506
f 1251//506 1111//506 1116//506
f 1221//991 1218//991 1217//991
f 1221//991 1217//991 1219//991
f 1219//992 1220//992 1222//992
f 1219//992 1222//992 1221//992
f 1220//993 1216//993 1215//993
f 1220//993 1215//993 1222//993
f 1160//502 1152//502 1232//502
f 1160//725 1232//725 980//725
f 978//501 980//501 1232//501
f 978//994 1232//994 974//994
f 1232//995 983//995 975//995
f 1232//996 975//996 974//996
f 1245//997 1244//997 982//997
f 1245//997 982//997 983//997
f 977//998 979//998 978//998
f 977//998 978//998 974//998
f 981//999 1159//999 1160//999
f 981//999 1160//999 980//999
f 975//1000 983//1000 982//1000
f 975//1000 982//1000 976//1000
f 976//671 1231//671 977//671
f 982//1001 1244//1001 1231//1001
f 982//1002 1231//1002 976//1002
f 1231//506 1153//506 1150//506
f 1231//506 1150//506 1149//506
f 1231//1003 981//1003 979//1003
f 1231//1003 979//1003 977//1003
f 1235//1004 1245//1004 983//1004
f 1235//1005 983//1005 1232//1005
f 1232//502 1152//502 1151//502
f 1232//502 1151//502 1154//502
f 1231//506 1149//506 1159//506
f 1231//1006 1159//1006 981//1006
f 976//1007 977//1007 974//1007
f 976//1007 974//1007 975//1007
f 1171//506 1157//506 1231//506
f 1171//506 1231//506 1172//506
f 968//1008 1252//1008 969//1008
f 968//1009 969//1009 967//1009
f 1247//1010 1252//1010 968//1010
f 1247//1011 968//1011 1246//1011
f 967//1012 1231//1012 1246//1012
f 967//1013 1246//1013 968//1013
f 1173//506 1172//506 1231//506
f 1173//1014 1231//1014 963//1014
f 1231//1015 965//1015 964//1015
f 1231//1015 964//1015 963//1015
f 1231//1016 967//1016 966//1016
f 1231//1017 966//1017 965//1017
f 969//1018 1252//1018 1232//1018
f 969//1019 1232//1019 970//1019
f 1232//502 1158//502 1170//502
f 1232//502 1170//502 1169//502
f 1232//502 1154//502 1156//502
f 1232//502 1156//502 1158//502
f 970//1020 1232//1020 973//1020
f 969//1021 970//1021 966//1021
f 969//1021 966//1021 967//1021
f 1232//502 1169//502 1174//502
f 1232//1022 1174//1022 971//1022
f 972//966 973//966 1232//966
f 972//966 1232//966 971//966
f 984//1023 1131//1023 1132//1023
f 984//1023 1132//1023 993//1023
f 993//1024 994//1024 985//1024
f 993//1024 985//1024 984//1024
f 991//1025 995//1025 989//1025
f 991//1025 989//1025 988//1025
f 992//1026 990//1026 987//1026
f 992//1026 987//1026 986//1026
f 1241//506 1161//506 1165//506
f 1241//506 1165//506 1167//506
f 1125//506 1241//506 1126//506
f 990//1027 991//1027 988//1027
f 990//1027 988//1027 987//1027
f 1001//502 1002//502 1242//502
f 1001//502 1242//502 1000//502
f 996//502 1240//502 1242//502
f 996//502 1242//502 1002//502
f 1164//502 1242//502 1166//502
f 999//502 1000//502 1242//502
f 999//502 1242//502 998//502
f 1242//1028 1243//1028 989//1028
f 1242//1028 989//1028 995//1028
f 1241//1029 1240//1029 996//1029
f 1241//1029 996//1029 997//1029
f 1242//502 1164//502 1163//502
f 1242//502 1163//502 998//502
f 1129//506 1126//506 1241//506
f 1129//506 1241//506 1167//506
f 1038//1030 1037//1030 1050//1030
f 1038//1030 1050//1030 1044//1030
f 1049//1031 1050//1031 1037//1031
f 1049//1031 1037//1031 1036//1031
f 972//1032 971//1032 963//1032
f 972//1032 963//1032 964//1032
f 1034//1033 1033//1033 1045//1033
f 1034//1033 1045//1033 1047//1033
f 1155//506 1153//506 1231//506
f 1155//506 1231//506 1157//506
f 1047//1034 1048//1034 1035//1034
f 1047//1034 1035//1034 1034//1034
f 1048//1035 1049//1035 1036//1035
f 1048//1035 1036//1035 1035//1035
f 985//506 986//506 1241//506
f 985//506 1241//506 984//506
f 987//506 988//506 1241//506
f 987//506 1241//506 986//506
f 989//1036 1243//1036 1241//1036
f 989//506 1241//506 988//506
f 1241//506 1125//506 1131//506
f 1241//742 1131//742 984//742
f 973//1037 972//1037 964//1037
f 973//1037 964//1037 965//1037
f 970//1038 973//1038 965//1038
f 970//1038 965//1038 966//1038
f 971//1039 1174//1039 1173//1039
f 971//1039 1173//1039 963//1039
o Turret_01_havok_s_armor_14_0
v -0.589570 1.616503 -2.228539
v -0.757346 1.616525 -2.111062
v -0.757346 1.589227 -2.111313
v -0.589570 1.589228 -2.228790
v -0.403944 1.589227 -2.315349
v -0.403944 1.616488 -2.315098
v -0.902172 1.616551 -1.966234
v -0.902172 1.589228 -1.966486
v -0.206107 1.616478 -2.368108
v -0.206107 1.589227 -2.368359
v -0.002071 1.589228 -2.386210
v -0.002071 1.616475 -2.385960
v -1.019650 1.616582 -1.798458
v -1.019650 1.589228 -1.798710
v -1.106210 1.589228 -1.613084
v -1.106210 1.616615 -1.612832
v -1.159219 1.589228 -1.007173
v -1.177070 1.589228 -1.211210
v -1.177070 1.616689 -1.210957
v -1.159219 1.616725 -1.006921
v -1.159219 1.616651 -1.414994
v -1.159219 1.589228 -1.415248
v -1.106210 1.589228 -0.809336
v -1.106210 1.616705 -0.809083
v -0.589570 1.589228 -0.193630
v -0.757346 1.589228 -0.311108
v -0.757346 1.616657 -0.310855
v -0.589570 1.616645 -0.193377
v -0.403944 1.589228 -0.107071
v -0.403944 1.616637 -0.106819
v -0.206107 1.589228 -0.054061
v -0.206107 1.616632 -0.053809
v -0.002071 1.616630 -0.035957
v -0.002071 1.589228 -0.036209
v 0.201967 1.616632 -0.053809
v 0.201967 1.589228 -0.054061
v -1.019650 1.616687 -0.623457
v -0.902172 1.616671 -0.455681
v -0.902172 1.589227 -0.455935
v -1.019650 1.589228 -0.623710
v 0.898032 1.616671 -0.455681
v 0.898032 1.589227 -0.455935
v 0.753205 1.589228 -0.311108
v 0.753205 1.616657 -0.310855
v 0.585430 1.589228 -0.193630
v 0.585430 1.616645 -0.193377
v 0.399804 1.589228 -0.107071
v 0.399804 1.616637 -0.106819
v 1.015510 1.616687 -0.623457
v 1.015510 1.589228 -0.623710
v 1.102069 1.616705 -0.809083
v 1.102069 1.589228 -0.809336
v 1.155079 1.589228 -1.007173
v 1.155079 1.616725 -1.006921
v 1.172930 1.616689 -1.210957
v 1.172930 1.589228 -1.211210
v 1.155079 1.616651 -1.414994
v 1.155079 1.589228 -1.415248
v 0.898032 1.589228 -1.966486
v 0.898032 1.616551 -1.966234
v 0.753205 1.616525 -2.111062
v 0.753205 1.589227 -2.111313
v 1.015510 1.589228 -1.798710
v 1.015510 1.616582 -1.798458
v 1.102069 1.589228 -1.613084
v 1.102069 1.616615 -1.612832
v 0.585430 1.616503 -2.228539
v 0.585430 1.589228 -2.228790
v 0.399804 1.616488 -2.315098
v 0.399804 1.589227 -2.315349
v 0.201967 1.616478 -2.368108
v 0.201967 1.589227 -2.368359
vn -0.9063 0.0039 -0.4226
vn -0.8191 0.0053 -0.5736
vn -0.9962 -0.0008 0.0872
vn -0.9962 0.0008 -0.0872
vn -0.2588 0.0089 -0.9659
vn -0.7071 0.0065 -0.7071
vn 0.7071 0.0065 -0.7071
vn -0.4226 0.0083 -0.9063
vn -0.4226 0.0084 -0.9063
vn -0.5736 0.0076 -0.8191
vn -0.5736 0.0075 -0.8191
vn -0.4226 -0.0083 0.9063
vn -0.5736 -0.0075 0.8191
vn -0.0872 -0.0092 0.9962
vn -0.2588 -0.0089 0.9659
vn -0.9659 -0.0024 0.2588
vn -0.7071 -0.0065 0.7071
vn -0.9659 0.0024 -0.2588
vn -0.9063 -0.0039 0.4226
vn -0.8191 -0.0053 0.5736
vn 0.9063 -0.0039 0.4226
vn 0.8191 -0.0053 0.5736
vn 0.9962 -0.0008 0.0872
vn 0.9962 0.0008 -0.0872
vn 0.0872 -0.0092 0.9962
vn 0.4226 -0.0083 0.9063
vn 0.5736 -0.0075 0.8191
vn 0.2588 -0.0089 0.9659
vn 0.7071 -0.0065 0.7071
vn 0.2588 0.0089 -0.9659
vn -0.0872 0.0092 -0.9962
vn 0.9063 0.0039 -0.4226
vn 0.8191 0.0053 -0.5736
vn 0.0872 0.0092 -0.9962
vn 0.9659 0.0024 -0.2588
vn 0.9659 -0.0024 0.2588
vn 0.4226 0.0083 -0.9063
vn 0.4226 0.0084 -0.9063
vn 0.5736 0.0076 -0.8191
vn 0.5736 0.0075 -0.8191
s 0
f 1303//1040 1304//1040 1302//1040
f 1303//1040 1302//1040 1301//1040
f 1301//1041 1302//1041 1294//1041
f 1301//1041 1294//1041 1293//1041
f 1309//1042 1310//1042 1308//1042
f 1309//1042 1308//1042 1307//1042
f 1307//1043 1308//1043 1305//1043
f 1307//1043 1305//1043 1306//1043
f 1300//1044 1299//1044 1288//1044
f 1300//1044 1288//1044 1287//1044
f 1295//1045 1296//1045 1293//1045
f 1295//1045 1293//1045 1294//1045
f 1278//1046 1291//1046 1290//1046
f 1278//1046 1290//1046 1279//1046
f 1299//1047 1300//1047 1298//1047
f 1299//1048 1298//1048 1297//1048
f 1297//1049 1298//1049 1296//1049
f 1297//1050 1296//1050 1295//1050
f 1321//1051 1322//1051 1320//1051
f 1321//1051 1320//1051 1319//1051
f 1319//1052 1320//1052 1314//1052
f 1319//1052 1314//1052 1313//1052
f 1324//1053 1323//1053 1264//1053
f 1324//1053 1264//1053 1263//1053
f 1323//1054 1324//1054 1322//1054
f 1323//1054 1322//1054 1321//1054
f 1318//1055 1317//1055 1310//1055
f 1318//1055 1310//1055 1309//1055
f 1313//1056 1314//1056 1311//1056
f 1313//1056 1311//1056 1312//1056
f 1306//1057 1305//1057 1304//1057
f 1306//1057 1304//1057 1303//1057
f 1317//1058 1318//1058 1316//1058
f 1317//1058 1316//1058 1315//1058
f 1315//1059 1316//1059 1312//1059
f 1315//1059 1312//1059 1311//1059
f 1265//1060 1268//1060 1267//1060
f 1265//1060 1267//1060 1266//1060
f 1259//1061 1265//1061 1266//1061
f 1259//1061 1266//1061 1260//1061
f 1270//1062 1274//1062 1273//1062
f 1270//1062 1273//1062 1271//1062
f 1271//1063 1272//1063 1269//1063
f 1271//1063 1269//1063 1270//1063
f 1263//1064 1264//1064 1261//1064
f 1263//1064 1261//1064 1262//1064
f 1256//1065 1257//1065 1258//1065
f 1256//1065 1258//1065 1253//1065
f 1255//1066 1256//1066 1253//1066
f 1255//1066 1253//1066 1254//1066
f 1257//1067 1262//1067 1261//1067
f 1257//1067 1261//1067 1258//1067
f 1254//1068 1259//1068 1260//1068
f 1254//1068 1260//1068 1255//1068
f 1282//1069 1284//1069 1283//1069
f 1282//1069 1283//1069 1281//1069
f 1287//1070 1288//1070 1286//1070
f 1287//1070 1286//1070 1285//1070
f 1276//1071 1289//1071 1292//1071
f 1276//1071 1292//1071 1275//1071
f 1291//1072 1292//1072 1289//1072
f 1291//1072 1289//1072 1290//1072
f 1285//1073 1286//1073 1283//1073
f 1285//1073 1283//1073 1284//1073
f 1272//1074 1276//1074 1275//1074
f 1272//1074 1275//1074 1269//1074
f 1268//1075 1273//1075 1274//1075
f 1268//1075 1274//1075 1267//1075
f 1280//1076 1282//1076 1281//1076
f 1280//1077 1281//1077 1277//1077
f 1279//1078 1280//1078 1277//1078
f 1279//1079 1277//1079 1278//1079
o Turret_01_havok_s_armor_13_1
v 1.602046 1.616550 0.788974
v -1.606186 1.616550 0.788974
v -1.542384 1.752770 1.349841
v 1.538244 1.752770 1.349841
vn -0.0000 0.9718 -0.2360
s 0
f 1327//1080 1328//1080 1325//1080
f 1327//1080 1325//1080 1326//1080
o Turret_01_havok_s_surveyingDevice_2
v 0.876110 2.475878 -0.802942
v 0.961983 2.469851 -0.717704
v 0.997993 2.512148 -0.750488
v 0.986913 2.511420 -0.739014
v 0.900118 2.517344 -0.824252
v 0.911198 2.518176 -0.835726
v 1.060782 2.501548 -0.599683
v 1.009997 2.461744 -0.601322
v 0.681282 2.522021 -0.891459
v 0.681282 2.478684 -0.843922
v 0.875187 2.439089 -0.276762
v 0.961983 2.445116 -0.363639
v 0.911198 2.476398 -0.239061
v 0.900118 2.477229 -0.250535
v 0.985990 2.483153 -0.335773
v 0.997070 2.482425 -0.324299
v 1.009997 2.453222 -0.480022
v 1.060782 2.493026 -0.476744
v 1.045085 2.493026 -0.476744
v 1.045085 2.501548 -0.599683
v 0.493841 2.440128 -0.296433
v 0.417202 2.446675 -0.391506
v 0.454136 2.477749 -0.262010
v 0.467063 2.478372 -0.273484
v 0.390425 2.485023 -0.366918
v 0.377498 2.484296 -0.357083
v 0.351644 2.493026 -0.476744
v 0.385808 2.453222 -0.480022
v 0.335023 2.493026 -0.476744
v 0.335023 2.501548 -0.598044
v 0.350721 2.501548 -0.598044
v 0.385808 2.461744 -0.601322
v 0.409815 2.511420 -0.739014
v 0.433823 2.469851 -0.717704
v 0.398735 2.512148 -0.750488
v 0.520618 2.475878 -0.804582
v 0.496611 2.517448 -0.825891
v 0.484607 2.518176 -0.837365
v 0.558476 2.522021 -0.891459
v 0.681282 2.520878 -0.875067
v 0.558476 2.520878 -0.875067
v 0.558476 2.478684 -0.843922
v 0.735760 2.564630 -0.993088
v 0.765308 2.427553 -1.853663
v 0.769001 2.435035 -1.866776
v 0.754227 2.424435 -1.848745
v 0.955519 2.629791 -1.094718
v 0.944439 2.634364 -1.094718
v 0.960136 2.618775 -1.096357
v 0.751457 2.634052 -1.094718
v 0.735760 2.618464 -1.096357
v 0.735760 2.612956 -1.017676
v 0.740377 2.629480 -1.094718
v 0.960136 2.564942 -0.993088
v 0.960136 2.613267 -1.017676
v 0.944439 2.629584 -1.025872
v 0.751457 2.629272 -1.025872
v 0.740377 2.624491 -1.024233
v 0.955519 2.624803 -1.024233
v 0.769001 2.449169 -1.915952
v 0.548319 2.449169 -1.915952
v 0.563093 2.464342 -1.914313
v 0.552936 2.459874 -1.915952
v 0.765308 2.459874 -1.915952
v 0.754227 2.464342 -1.914313
v 0.765308 2.457483 -1.879890
v 0.769001 2.446467 -1.876612
v 0.754227 2.462056 -1.881529
v 0.563093 2.424435 -1.848745
v 0.563093 2.462056 -1.881529
v 0.548319 2.435035 -1.866776
v 0.552936 2.427553 -1.853663
v 0.552936 2.457483 -1.879890
v 0.548319 2.446467 -1.876612
v -0.364881 2.421629 -1.781539
v -0.339950 2.463927 -1.820879
v -0.347337 2.463095 -1.809405
v -0.459063 2.467668 -1.873333
v -0.451676 2.468499 -1.886447
v -0.476607 2.426202 -1.847106
v -0.520005 2.426202 -1.847106
v -0.649275 2.426202 -1.847106
v -0.649275 2.467980 -1.879890
v -0.520005 2.467980 -1.879890
v -0.520005 2.469019 -1.894643
v -0.649275 2.469019 -1.894643
v -0.804398 2.421629 -1.781539
v -0.691749 2.426202 -1.847106
v -0.829329 2.463927 -1.820879
v -0.821942 2.463095 -1.809405
v -0.709293 2.467668 -1.873333
v -0.716680 2.468499 -1.886447
v 0.875706 2.450620 -0.805079
v 0.962320 2.444626 -0.719369
v 0.997916 2.447129 -0.755166
v 0.911302 2.453123 -0.840875
v 1.010134 2.436529 -0.603568
v 1.060678 2.436532 -0.603622
v 0.680921 2.456959 -0.895734
v 0.680896 2.453433 -0.845314
v 0.875432 2.413850 -0.279243
v 0.961699 2.419867 -0.365299
v 0.911172 2.411356 -0.243590
v 0.997439 2.417374 -0.329647
v 1.010265 2.428018 -0.481865
v 1.060808 2.428022 -0.481920
v 0.493632 2.415222 -0.298866
v 0.417006 2.421844 -0.393569
v 0.454302 2.413007 -0.267198
v 0.377675 2.419630 -0.361900
v 0.335389 2.427999 -0.481596
v 0.335142 2.436510 -0.603299
v 0.385685 2.436517 -0.603401
v 0.385933 2.428007 -0.481699
v 0.434059 2.444657 -0.719807
v 0.520559 2.450658 -0.805630
v 0.398416 2.447156 -0.755556
v 0.484917 2.453158 -0.841379
v 0.558921 2.456963 -0.895796
v 0.558895 2.453437 -0.845375
v 0.735744 2.433526 -1.002596
v 0.735739 2.440916 -1.108274
v 0.769351 2.380931 -1.869805
v 0.764894 2.382298 -1.856800
v 0.754134 2.382864 -1.851410
v 0.960131 2.440933 -1.108527
v 0.960136 2.433508 -1.002343
v 0.769351 2.375539 -1.921099
v 0.548163 2.375539 -1.921099
v 0.563378 2.382864 -1.851410
v 0.548163 2.380931 -1.869805
v 0.552619 2.382298 -1.856800
v -0.364547 2.389975 -1.783753
v -0.339528 2.385435 -1.826951
v -0.476628 2.383017 -1.849956
v -0.451608 2.378476 -1.893153
v -0.519678 2.382992 -1.850191
v -0.649523 2.382992 -1.850191
v -0.519678 2.377732 -1.900235
v -0.649523 2.377732 -1.900235
v -0.804442 2.389958 -1.783912
v -0.692159 2.383037 -1.849765
v -0.829329 2.385410 -1.827188
v -0.717047 2.378489 -1.893040
vn -0.7862 -0.4030 -0.4685
vn -0.8004 -0.3951 -0.4509
vn -1.0000 -0.0000 -0.0000
vn -0.9459 -0.3238 -0.0222
vn -0.9451 -0.3261 -0.0216
vn -0.0000 -0.0000 1.0000
vn -0.0000 -0.0697 0.9976
vn 0.0082 0.0028 1.0000
vn -0.0155 -0.3130 0.9496
vn -0.0000 -0.3444 0.9388
vn -0.3730 -0.9258 -0.0614
vn -0.3814 -0.9222 -0.0643
vn -0.0000 0.0640 -0.9980
vn 1.0000 -0.0021 0.0002
vn 1.0000 -0.0028 -0.0008
vn 0.9454 0.0159 -0.3256
vn 0.9459 0.0154 -0.3242
vn -0.0000 -0.9976 -0.0696
vn -0.1587 -0.6507 -0.7426
vn -0.1481 -0.6497 -0.7456
vn -1.0000 -0.0048 0.0005
vn -1.0000 -0.0064 -0.0018
vn -0.0000 -0.6570 -0.7539
vn -1.0000 -0.0000 0.0001
vn 0.0016 -0.9976 -0.0693
vn 0.0011 0.0723 -0.9974
vn -0.0001 0.0702 -0.9975
vn 0.0011 -0.0683 0.9977
vn 1.0000 -0.0001 -0.0000
vn 1.0000 -0.0001 -0.0001
vn -0.1909 -0.0657 0.9794
vn 0.0299 -0.0724 0.9969
vn 0.9234 -0.3830 -0.0271
vn 0.9227 -0.3846 -0.0269
vn -0.9227 -0.3846 -0.0269
vn -0.9234 -0.3830 -0.0271
vn -0.3872 -0.9197 -0.0651
vn -0.3807 -0.9225 -0.0641
vn 0.0006 -0.4535 -0.8913
vn 0.0007 -0.4944 -0.8693
vn 0.3872 -0.9197 -0.0651
vn 0.3807 -0.9225 -0.0641
vn -0.0039 -0.4953 -0.8687
vn 0.0103 -0.3457 -0.9383
vn 0.0005 -0.3233 -0.9463
vn -1.0000 -0.0036 0.0004
vn -1.0000 -0.0039 -0.0003
vn -0.9999 -0.0069 -0.0088
vn -0.5024 0.0579 -0.8627
vn -0.5039 0.0652 -0.8613
vn 0.8551 -0.0346 0.5173
vn -0.0000 -0.9975 -0.0703
vn -0.0000 -0.0611 0.9981
vn 0.8631 -0.0369 0.5038
vn 0.8716 -0.0461 0.4881
vn 0.8643 0.0403 -0.5013
vn 0.8615 0.0368 -0.5064
vn -0.8649 -0.0332 0.5009
vn -0.8717 -0.0404 0.4884
vn -0.8484 -0.0245 0.5288
vn 1.0000 -0.0027 0.0003
vn 1.0000 -0.0030 -0.0002
vn 0.5018 -0.0652 0.8625
vn 0.5039 -0.0692 0.8610
vn 0.8405 -0.0084 -0.5417
vn -0.3677 -0.6208 -0.6923
vn -0.3824 -0.6040 -0.6992
vn 0.0028 -0.9979 -0.0648
vn -0.0004 -0.9974 -0.0720
vn 0.4016 -0.9138 -0.0606
vn 0.4105 -0.9097 -0.0634
vn 0.1727 -0.6491 -0.7408
vn 0.1612 -0.6484 -0.7440
vn -0.8633 0.0343 -0.5036
vn -0.8572 0.0270 -0.5143
vn 0.9191 -0.3932 -0.0270
vn 0.9179 -0.3959 -0.0262
vn 0.4445 0.0603 -0.8937
vn 0.4495 0.0586 -0.8913
vn 0.7133 -0.4571 -0.5313
vn 0.7300 -0.4504 -0.5140
vn 1.0000 -0.0000 -0.0000
vn -0.0028 -0.9979 -0.0648
vn 0.0004 -0.9974 -0.0720
vn -0.0000 0.0712 -0.9975
vn 1.0000 -0.0053 -0.0067
vn -0.0000 -0.6173 -0.7867
vn -0.5045 -0.0645 0.8610
vn -0.5070 -0.0692 0.8591
vn -0.8405 -0.0084 -0.5417
vn 0.3771 -0.6038 -0.7023
vn 0.3776 -0.6212 -0.6867
vn 0.5052 0.0566 -0.8612
vn 0.5070 0.0655 -0.8594
vn 0.0001 -0.0700 0.9975
vn -0.0011 0.0794 -0.9968
vn 0.0071 0.0730 -0.9973
vn -0.0000 0.0821 -0.9966
vn 0.7512 -0.6585 -0.0456
vn 0.7503 -0.6595 -0.0463
vn 0.9999 0.0107 -0.0003
vn 1.0000 0.0054 0.0004
vn 0.0037 -0.9978 -0.0668
vn -0.0015 -0.9975 -0.0708
vn -0.7071 -0.0619 0.7044
vn -0.7282 -0.0368 0.6844
vn -0.7200 -0.0525 0.6920
vn -0.0000 -0.0411 0.9992
vn -0.6633 -0.0155 -0.7482
vn -0.5858 -0.6859 0.4317
vn -0.5953 -0.6767 0.4332
vn 0.7781 0.0522 -0.6260
vn 0.7793 0.0487 -0.6248
vn -0.6281 0.0606 -0.7758
vn -0.6072 0.0823 -0.7903
vn -1.0000 0.0015 0.0012
vn -1.0000 -0.0004 -0.0000
vn -0.0000 -0.9976 -0.0692
vn -0.7781 -0.0459 0.6264
vn -0.7792 -0.0545 0.6244
vn -0.7042 -0.0571 0.7077
vn -0.7016 -0.0503 0.7108
vn 0.0009 -0.9974 -0.0714
vn -0.0031 -0.9978 -0.0662
vn 0.7099 -0.0544 0.7022
vn 0.7246 -0.0696 0.6857
vn 0.5299 -0.6164 -0.5824
vn 0.5362 -0.6102 -0.5833
vn 0.7042 0.0561 -0.7077
vn 0.7054 0.0485 -0.7072
vn -0.7100 0.0514 -0.7024
vn -0.6967 0.0380 -0.7163
vn -0.7196 0.0779 -0.6900
vn 0.7202 -0.0619 0.6910
vn 0.7196 0.0071 -0.6944
vn 0.5350 -0.6874 0.4912
vn 0.5338 -0.6925 0.4853
vn -0.7071 0.0540 -0.7051
vn -0.7054 0.0495 -0.7071
vn 0.7071 0.0488 -0.7054
vn 0.6812 0.0782 -0.7280
vn 0.0011 -0.0605 0.9982
vn 0.0372 -0.0885 0.9954
vn -1.0000 0.0056 -0.0001
vn -0.9998 0.0146 0.0133
vn 0.7070 -0.0623 0.7044
vn 0.7083 -0.0542 0.7038
vn -0.0005 -0.0665 0.9978
vn -0.0000 -0.0656 0.9978
vn 1.0000 0.0068 0.0010
vn 0.9998 0.0158 0.0144
vn -0.6916 -0.0295 0.7217
vn 0.7052 -0.0586 0.7066
vn 0.7120 -0.0399 0.7010
vn 0.0029 -0.9978 -0.0663
vn 0.0031 -0.9978 -0.0662
vn -0.7090 -0.0468 0.7036
vn -0.6910 -0.0284 0.7223
vn -0.9445 0.0313 -0.3270
vn -0.9638 0.0087 -0.2665
vn -0.4446 0.0583 -0.8938
vn -0.4203 0.0666 -0.9049
vn 0.0482 -0.1272 0.9907
vn -0.0200 -0.0484 0.9986
vn -0.0000 -0.5939 -0.8046
vn 0.0005 0.0550 -0.9985
vn -0.0000 0.0575 -0.9983
vn 1.0000 0.0057 -0.0016
vn 1.0000 0.0018 0.0001
vn -0.0000 -0.9975 -0.0701
vn 0.0020 -0.0805 0.9967
vn -0.0000 -0.0821 0.9966
vn 0.0013 -0.9974 -0.0721
vn -0.0075 -0.9980 -0.0627
vn 0.6281 -0.0561 0.7761
vn 0.6147 -0.0701 0.7857
vn 0.6064 -0.0836 0.7908
vn -0.7051 0.0311 -0.7085
vn -0.7083 0.0521 -0.7040
vn 0.7090 0.0514 -0.7033
vn 0.7216 0.0643 -0.6893
vn -0.5394 -0.6094 -0.5811
vn 0.7199 0.0614 -0.6913
vn -0.7512 -0.6588 -0.0406
vn -0.7599 -0.6485 -0.0456
vn -1.0000 0.0047 0.0024
vn -1.0000 -0.0049 -0.0003
vn -0.0020 0.0744 -0.9972
vn -0.0125 0.0663 -0.9977
s 0
f 1394//1081 1395//1081 1373//1081
f 1394//1082 1373//1082 1372//1082
f 1373//1083 1395//1083 1388//1083
f 1388//1084 1395//1084 1394//1084
f 1388//1085 1394//1085 1392//1085
f 1389//1086 1388//1086 1391//1086
f 1389//1087 1457//1087 1456//1087
f 1389//1087 1456//1087 1388//1087
f 1388//1088 1392//1088 1390//1088
f 1388//1089 1390//1089 1391//1089
f 1390//1090 1392//1090 1393//1090
f 1392//1091 1394//1091 1396//1091
f 1392//1092 1396//1092 1393//1092
f 1374//1093 1453//1093 1458//1093
f 1374//1093 1458//1093 1397//1093
f 1459//1094 1457//1094 1389//1094
f 1459//1095 1389//1095 1399//1095
f 1400//1096 1460//1096 1459//1096
f 1400//1097 1459//1097 1399//1097
f 1393//1098 1396//1098 1398//1098
f 1393//1098 1398//1098 1390//1098
f 1396//1099 1394//1099 1372//1099
f 1396//1100 1372//1100 1374//1100
f 1388//1101 1456//1101 1451//1101
f 1388//1102 1451//1102 1373//1102
f 1374//1103 1397//1103 1398//1103
f 1374//1103 1398//1103 1396//1103
f 1454//1083 1382//1083 1383//1083
f 1454//1083 1383//1083 1377//1083
f 1382//1104 1454//1104 1455//1104
f 1376//1105 1384//1105 1385//1105
f 1376//1105 1385//1105 1378//1105
f 1455//1106 1449//1106 1371//1106
f 1455//1107 1371//1107 1382//1107
f 1454//1108 1377//1108 1450//1108
f 1450//1109 1379//1109 1380//1109
f 1450//1110 1380//1110 1371//1110
f 1381//1111 1379//1111 1450//1111
f 1381//1112 1450//1112 1378//1112
f 1379//1113 1381//1113 1386//1113
f 1379//1114 1386//1114 1380//1114
f 1377//1115 1383//1115 1387//1115
f 1377//1116 1387//1116 1375//1116
f 1375//1117 1387//1117 1384//1117
f 1375//1118 1384//1118 1376//1118
f 1383//1119 1382//1119 1371//1119
f 1383//1119 1371//1119 1380//1119
f 1380//1120 1386//1120 1383//1120
f 1385//1121 1386//1121 1381//1121
f 1385//1122 1381//1122 1378//1122
f 1385//1123 1387//1123 1383//1123
f 1385//1124 1383//1124 1386//1124
f 1387//1125 1385//1125 1384//1125
f 1413//1126 1467//1126 1465//1126
f 1413//1127 1465//1127 1412//1127
f 1412//1128 1465//1128 1409//1128
f 1416//1129 1470//1129 1469//1129
f 1416//1130 1469//1130 1415//1130
f 1463//1131 1406//1131 1408//1131
f 1411//1132 1414//1132 1413//1132
f 1411//1132 1413//1132 1412//1132
f 1414//1133 1468//1133 1467//1133
f 1414//1133 1467//1133 1413//1133
f 1463//1134 1464//1134 1407//1134
f 1463//1135 1407//1135 1406//1135
f 1469//1136 1471//1136 1417//1136
f 1469//1137 1417//1137 1415//1137
f 1420//1138 1472//1138 1470//1138
f 1420//1139 1470//1139 1419//1139
f 1419//1140 1470//1140 1416//1140
f 1466//1141 1468//1141 1414//1141
f 1466//1142 1414//1142 1411//1142
f 1471//1143 1472//1143 1420//1143
f 1471//1144 1420//1144 1417//1144
f 1415//1145 1417//1145 1418//1145
f 1415//1146 1418//1146 1419//1146
f 1415//1147 1419//1147 1416//1147
f 1417//1148 1420//1148 1419//1148
f 1417//1149 1419//1149 1418//1149
f 1398//1150 1401//1150 1391//1150
f 1398//1151 1391//1151 1390//1151
f 1400//1152 1401//1152 1398//1152
f 1400//1153 1398//1153 1397//1153
f 1404//1154 1462//1154 1461//1154
f 1404//1155 1461//1155 1403//1155
f 1401//1156 1402//1156 1389//1156
f 1401//1157 1389//1157 1391//1157
f 1397//1158 1458//1158 1460//1158
f 1397//1159 1460//1159 1400//1159
f 1399//1160 1402//1160 1401//1160
f 1399//1161 1401//1161 1400//1161
f 1399//1162 1389//1162 1402//1162
f 1406//1163 1407//1163 1404//1163
f 1406//1164 1404//1164 1405//1164
f 1409//1165 1465//1165 1466//1165
f 1409//1165 1466//1165 1410//1165
f 1466//1166 1411//1166 1410//1166
f 1410//1167 1411//1167 1412//1167
f 1410//1167 1412//1167 1409//1167
f 1407//1168 1464//1168 1462//1168
f 1407//1169 1462//1169 1404//1169
f 1405//1170 1404//1170 1403//1170
f 1408//1171 1406//1171 1405//1171
f 1408//1172 1405//1172 1403//1172
f 1461//1173 1463//1173 1408//1173
f 1461//1174 1408//1174 1403//1174
f 1376//1175 1378//1175 1450//1175
f 1346//1176 1434//1176 1433//1176
f 1346//1177 1433//1177 1345//1177
f 1347//1178 1346//1178 1345//1178
f 1348//1179 1347//1179 1345//1179
f 1348//1180 1345//1180 1336//1180
f 1345//1181 1433//1181 1425//1181
f 1345//1182 1425//1182 1336//1182
f 1343//1183 1344//1183 1341//1183
f 1343//1184 1341//1184 1342//1184
f 1430//1185 1432//1185 1344//1185
f 1430//1186 1344//1186 1340//1186
f 1340//1187 1344//1187 1343//1187
f 1336//1188 1335//1188 1348//1188
f 1349//1189 1351//1189 1352//1189
f 1352//1190 1353//1190 1350//1190
f 1352//1191 1350//1191 1349//1191
f 1351//1192 1437//1192 1438//1192
f 1351//1193 1438//1193 1354//1193
f 1435//1194 1437//1194 1351//1194
f 1435//1195 1351//1195 1349//1195
f 1335//1196 1426//1196 1434//1196
f 1335//1197 1434//1197 1346//1197
f 1346//1198 1347//1198 1348//1198
f 1346//1198 1348//1198 1335//1198
f 1350//1199 1436//1199 1435//1199
f 1350//1200 1435//1200 1349//1200
f 1334//1201 1424//1201 1423//1201
f 1334//1202 1423//1202 1331//1202
f 1333//1203 1334//1203 1331//1203
f 1333//1204 1331//1204 1332//1204
f 1421//1205 1424//1205 1334//1205
f 1421//1206 1334//1206 1329//1206
f 1333//1207 1332//1207 1330//1207
f 1333//1208 1330//1208 1329//1208
f 1330//1209 1422//1209 1421//1209
f 1330//1210 1421//1210 1329//1210
f 1331//1211 1423//1211 1422//1211
f 1331//1212 1422//1212 1330//1212
f 1332//1213 1331//1213 1330//1213
f 1329//1214 1334//1214 1333//1214
f 1342//1215 1341//1215 1339//1215
f 1343//1216 1342//1216 1339//1216
f 1343//1217 1339//1217 1340//1217
f 1344//1218 1432//1218 1431//1218
f 1344//1219 1431//1219 1341//1219
f 1341//1220 1431//1220 1429//1220
f 1341//1221 1429//1221 1339//1221
f 1425//1222 1426//1222 1335//1222
f 1425//1223 1335//1223 1336//1223
f 1337//1224 1427//1224 1428//1224
f 1337//1225 1428//1225 1338//1225
f 1339//1226 1429//1226 1430//1226
f 1339//1227 1430//1227 1340//1227
f 1367//1228 1447//1228 1427//1228
f 1367//1229 1427//1229 1337//1229
f 1337//1098 1368//1098 1369//1098
f 1337//1098 1369//1098 1367//1098
f 1448//1230 1447//1230 1367//1230
f 1448//1231 1367//1231 1370//1231
f 1366//1232 1364//1232 1365//1232
f 1363//1233 1445//1233 1446//1233
f 1363//1234 1446//1234 1366//1234
f 1366//1235 1365//1235 1361//1235
f 1366//1236 1361//1236 1363//1236
f 1366//1237 1446//1237 1444//1237
f 1366//1238 1444//1238 1364//1238
f 1369//1162 1370//1162 1367//1162
f 1451//1239 1452//1239 1372//1239
f 1451//1240 1372//1240 1373//1240
f 1452//1241 1453//1241 1374//1241
f 1452//1242 1374//1242 1372//1242
f 1450//1243 1377//1243 1375//1243
f 1450//1244 1375//1244 1376//1244
f 1371//1110 1449//1110 1450//1110
f 1338//1245 1370//1245 1369//1245
f 1338//1245 1369//1245 1368//1245
f 1337//1083 1338//1083 1368//1083
f 1338//1246 1428//1246 1448//1246
f 1338//1247 1448//1247 1370//1247
f 1357//1248 1439//1248 1440//1248
f 1357//1249 1440//1249 1358//1249
f 1358//1250 1359//1250 1355//1250
f 1358//1250 1355//1250 1357//1250
f 1358//1251 1440//1251 1441//1251
f 1358//1252 1441//1252 1360//1252
f 1355//1178 1356//1178 1357//1178
f 1354//1253 1353//1253 1352//1253
f 1354//1254 1352//1254 1351//1254
f 1354//1255 1438//1255 1436//1255
f 1354//1256 1436//1256 1350//1256
f 1353//1257 1354//1257 1350//1257
f 1358//1252 1360//1252 1359//1252
f 1364//1258 1444//1258 1443//1258
f 1364//1259 1443//1259 1362//1259
f 1443//1260 1445//1260 1363//1260
f 1443//1261 1363//1261 1362//1261
f 1361//1262 1365//1262 1364//1262
f 1361//1262 1364//1262 1362//1262
f 1361//1263 1362//1263 1363//1263
f 1355//1264 1359//1264 1360//1264
f 1355//1265 1360//1265 1356//1265
f 1360//1266 1441//1266 1442//1266
f 1360//1267 1442//1267 1356//1267
f 1442//1268 1439//1268 1357//1268
f 1442//1269 1357//1269 1356//1269
o Turret_01_havok_s_armor_8_3
v 0.753205 1.589228 -0.311107
v 0.898032 1.589227 -0.455934
v -0.902172 1.589228 -1.966486
v 0.585430 1.589228 -0.193630
v 1.015510 1.589228 -0.623710
v 1.102069 1.589228 -0.809336
v 1.155079 1.589228 -1.007173
v 1.172930 1.589228 -1.211210
v 1.155079 1.589228 -1.415247
v 1.102069 1.589228 -1.613084
v 1.015510 1.589228 -1.798711
v 0.898032 1.589228 -1.966486
v 0.753205 1.589227 -2.111313
v 0.585430 1.589228 -2.228790
v 0.399804 1.589228 -0.107071
v 0.201967 1.589228 -0.054061
v -0.002071 1.589228 -0.036210
v -0.206107 1.589228 -0.054061
v -0.589570 1.589228 -0.193630
v -0.403944 1.589228 -0.107071
v -0.757346 1.589228 -0.311107
v -0.902172 1.589227 -0.455934
v -1.106210 1.589228 -0.809336
v -1.019650 1.589228 -0.623710
v -1.159219 1.589228 -1.007173
v -1.177070 1.589228 -1.211210
v -1.159219 1.589228 -1.415247
v -1.019650 1.589228 -1.798711
v -1.106210 1.589228 -1.613084
v 0.399804 1.589227 -2.315349
v 0.201967 1.589227 -2.368359
v -0.002071 1.589228 -2.386211
v -0.206107 1.589227 -2.368359
v -0.403944 1.589227 -2.315349
v -0.589570 1.589228 -2.228790
v -0.757346 1.589227 -2.111313
v -0.390848 1.902740 -2.901230
v -0.390848 1.861633 -2.879260
v 0.389345 1.861633 -2.879260
v 0.389345 1.902740 -2.901230
v -0.390848 1.947431 -2.914462
v 0.389345 1.947431 -2.914462
v -0.390848 2.040156 -2.912918
v -0.390848 1.993871 -2.918412
v 0.389345 1.993871 -2.918412
v 0.389345 2.040156 -2.912918
v -0.390848 1.825801 -2.849454
v 0.389345 1.825801 -2.849454
v 0.389345 1.796713 -2.813037
v -0.390848 1.796713 -2.813037
v -0.390848 2.124734 -2.874881
v -0.390848 2.084381 -2.898207
v 0.389345 2.084381 -2.898207
v 0.389345 2.124734 -2.874881
v 0.389345 2.159554 -2.843898
v -0.390848 2.159554 -2.843898
v -0.390848 2.187413 -2.806532
v 0.389345 2.187413 -2.806532
v -0.390848 2.207169 -2.764317
v 0.389345 2.207169 -2.764317
vn -0.0000 0.4714 0.8819
vn -0.0000 0.2839 0.9589
vn -0.0000 -0.1179 0.9930
vn -0.0000 1.0000 -0.0000
vn -0.0000 0.0848 0.9964
vn -0.0000 -0.6647 0.7471
vn -0.0000 -0.8017 0.5977
vn -0.0000 -0.9057 0.4239
vn -0.0000 -0.3156 0.9489
vn -0.0000 0.6395 0.7688
vn -0.0000 0.7813 0.6241
vn -0.0000 -0.5005 0.8658
s 0
f 1511//1270 1512//1270 1509//1270
f 1511//1270 1509//1270 1510//1270
f 1512//1271 1514//1271 1513//1271
f 1512//1271 1513//1271 1509//1271
f 1517//1272 1518//1272 1515//1272
f 1517//1272 1515//1272 1516//1272
f 1507//1273 1508//1273 1475//1273
f 1507//1273 1475//1273 1506//1273
f 1502//1273 1503//1273 1475//1273
f 1502//1273 1475//1273 1486//1273
f 1504//1273 1505//1273 1475//1273
f 1504//1273 1475//1273 1503//1273
f 1506//1273 1475//1273 1505//1273
f 1514//1274 1517//1274 1516//1274
f 1514//1274 1516//1274 1513//1274
f 1526//1275 1527//1275 1528//1275
f 1526//1275 1528//1275 1523//1275
f 1527//1276 1530//1276 1529//1276
f 1527//1276 1529//1276 1528//1276
f 1530//1277 1532//1277 1531//1277
f 1530//1277 1531//1277 1529//1277
f 1518//1278 1525//1278 1524//1278
f 1518//1278 1524//1278 1515//1278
f 1510//1279 1519//1279 1520//1279
f 1510//1279 1520//1279 1511//1279
f 1519//1280 1522//1280 1521//1280
f 1519//1280 1521//1280 1520//1280
f 1525//1281 1526//1281 1523//1281
f 1525//1281 1523//1281 1524//1281
f 1482//1273 1475//1273 1481//1273
f 1483//1273 1484//1273 1475//1273
f 1483//1273 1475//1273 1482//1273
f 1485//1273 1486//1273 1475//1273
f 1485//1273 1475//1273 1484//1273
f 1480//1273 1481//1273 1475//1273
f 1480//1273 1475//1273 1479//1273
f 1475//1273 1476//1273 1473//1273
f 1475//1273 1473//1273 1474//1273
f 1477//1273 1475//1273 1474//1273
f 1478//1273 1479//1273 1475//1273
f 1478//1273 1475//1273 1477//1273
f 1475//1273 1488//1273 1487//1273
f 1475//1273 1487//1273 1476//1273
f 1475//1273 1499//1273 1498//1273
f 1475//1273 1498//1273 1497//1273
f 1475//1273 1500//1273 1501//1273
f 1475//1273 1501//1273 1499//1273
f 1494//1273 1475//1273 1496//1273
f 1475//1273 1497//1273 1495//1273
f 1475//1273 1495//1273 1496//1273
f 1475//1273 1490//1273 1489//1273
f 1475//1273 1489//1273 1488//1273
f 1475//1273 1491//1273 1492//1273
f 1475//1273 1492//1273 1490//1273
f 1475//1273 1494//1273 1493//1273
f 1475//1273 1493//1273 1491//1273
o Turret_01_havok_s_armor_1_4
v -1.007102 1.616400 -2.794838
v 1.002962 1.616400 -2.794838
v 0.415430 1.684102 -2.757312
v -0.419570 1.684102 -2.757312
v 0.850807 2.324986 -2.402065
v 0.415430 2.324987 -2.402062
v -0.854947 2.324986 -2.402065
v -0.419570 2.324987 -2.402062
vn -0.0000 -0.4848 0.8746
s 0
f 1536//1282 1540//1282 1539//1282
f 1536//1282 1539//1282 1533//1282
f 1537//1282 1538//1282 1535//1282
f 1537//1282 1535//1282 1534//1282
f 1535//1282 1536//1282 1533//1282
f 1535//1282 1533//1282 1534//1282
o Turret_01_havok_s_armor_2_5
v -1.651330 1.616725 -1.010555
v -1.007102 1.616400 -2.794838
v -0.854948 2.324986 -2.402065
v -1.228867 2.448928 -1.222863
v -1.354875 2.426326 -0.899635
v -0.419570 1.684102 -2.757312
v -0.419570 1.757851 -2.750435
v -0.419570 2.324987 -2.402062
v -0.419570 2.220654 -2.624954
v -0.419570 2.321802 -2.432369
v 0.415430 1.684102 -2.757312
v 0.415430 2.324987 -2.402062
v 0.415430 1.757851 -2.750435
v 0.415430 2.321802 -2.432369
v 0.415430 2.220654 -2.624954
v 1.647190 1.616725 -1.010555
v 1.224727 2.448928 -1.222863
v 0.850808 2.324986 -2.402065
v 1.002963 1.616400 -2.794838
v 1.350735 2.426326 -0.899635
v -0.419570 1.796713 -2.813036
v -0.419570 2.218006 -2.718985
v -0.419570 1.825801 -2.849454
v -0.419570 1.861633 -2.879260
v -0.419570 1.902740 -2.901230
v -0.419570 1.947431 -2.914462
v -0.419570 2.207169 -2.764317
v -0.419570 2.159554 -2.843898
v -0.419570 2.187414 -2.806531
v -0.419570 2.084381 -2.898206
v -0.419570 2.124733 -2.874881
v -0.419570 2.040156 -2.912918
v -0.419570 1.993871 -2.918412
v 0.415430 1.796713 -2.813036
v 0.415430 2.218006 -2.718985
v 0.415430 2.207169 -2.764317
v 0.415430 2.187414 -2.806531
v 0.415430 2.159554 -2.843898
v 0.415430 2.124733 -2.874881
v 0.415430 1.825801 -2.849454
v 0.415430 1.947431 -2.914462
v 0.415430 1.902740 -2.901230
v 0.415430 1.861633 -2.879260
v 0.415430 1.993871 -2.918412
v 0.415430 2.040156 -2.912918
v 0.415430 2.084381 -2.898206
vn -1.0000 -0.0000 -0.0000
vn 1.0000 -0.0000 -0.0000
vn 0.8761 -0.3641 0.3161
vn 0.8762 -0.3635 0.3164
vn -0.8762 -0.3635 0.3164
vn -0.8761 -0.3641 0.3161
s 0
f 1575//1283 1576//1283 1574//1283
f 1575//1283 1574//1283 1553//1283
f 1577//1283 1578//1283 1574//1283
f 1577//1283 1574//1283 1576//1283
f 1566//1284 1573//1284 1572//1284
f 1566//1284 1572//1284 1570//1284
f 1566//1284 1568//1284 1569//1284
f 1566//1284 1569//1284 1567//1284
f 1566//1284 1570//1284 1571//1284
f 1566//1284 1571//1284 1568//1284
f 1579//1283 1580//1283 1574//1283
f 1579//1283 1574//1283 1578//1283
f 1580//1283 1579//1283 1583//1283
f 1555//1283 1575//1283 1553//1283
f 1585//1283 1579//1283 1586//1283
f 1582//1283 1583//1283 1579//1283
f 1582//1283 1579//1283 1581//1283
f 1579//1283 1585//1283 1584//1283
f 1579//1283 1584//1283 1581//1283
f 1566//1284 1567//1284 1562//1284
f 1566//1284 1562//1284 1565//1284
f 1547//1284 1549//1284 1550//1284
f 1547//1284 1550//1284 1548//1284
f 1551//1283 1552//1283 1553//1283
f 1546//1284 1547//1284 1548//1284
f 1543//1285 1544//1285 1541//1285
f 1543//1286 1541//1286 1542//1286
f 1545//1285 1541//1285 1544//1285
f 1554//1283 1555//1283 1553//1283
f 1554//1283 1553//1283 1552//1283
f 1564//1284 1565//1284 1562//1284
f 1564//1284 1562//1284 1563//1284
f 1561//1284 1563//1284 1562//1284
f 1561//1284 1562//1284 1549//1284
f 1561//1284 1549//1284 1547//1284
f 1558//1287 1559//1287 1556//1287
f 1558//1288 1556//1288 1557//1288
f 1560//1288 1557//1288 1556//1288
o Turret_01_havok_s_armor_3_6
v -1.651330 1.616725 -1.010555
v -1.354875 2.426326 -0.899635
v -1.606186 1.616550 0.788974
v 1.350735 2.426326 -0.899635
v 1.602046 1.616550 0.788974
v 1.538243 1.752770 1.349841
v 1.350798 2.266515 1.385767
v 1.647190 1.616725 -1.010555
v -1.542383 1.752770 1.349841
v -1.354938 2.266515 1.385767
vn -0.9398 -0.3409 -0.0236
vn 0.9397 -0.3412 -0.0238
vn 0.9396 -0.3415 -0.0239
vn 0.9398 -0.3409 -0.0236
vn -0.9397 -0.3412 -0.0238
vn -0.9396 -0.3415 -0.0239
s 0
f 1594//1289 1591//1289 1590//1289
f 1588//1290 1596//1290 1595//1290
f 1588//1291 1595//1291 1589//1291
f 1587//1292 1588//1292 1589//1292
f 1592//1293 1593//1293 1590//1293
f 1592//1294 1590//1294 1591//1294
o Turret_01_havok_s_armor_4_7
v 1.538243 1.752770 1.349841
v -1.542383 1.752770 1.349841
v -1.354937 2.266515 1.385767
v 1.350797 2.266515 1.385767
vn -0.0000 0.0698 -0.9976
s 0
f 1599//1295 1600//1295 1597//1295
f 1599//1295 1597//1295 1598//1295
o Turret_01_havok_s_armor_5_8
v 0.875404 2.413852 -0.279101
v 0.335142 2.436510 -0.602924
v 0.735730 2.433525 -1.002841
v 0.735730 2.440922 -1.108527
v 0.960130 2.440944 -1.108527
v 0.960130 2.433503 -1.001995
v 0.911208 2.453131 -0.840506
v 0.875758 2.450613 -0.804996
v 0.680782 2.453443 -0.845579
v 0.680782 2.456963 -0.895463
v 0.558833 2.456963 -0.895463
v 0.558833 2.453443 -0.845579
v 0.998061 2.447138 -0.755112
v 0.962257 2.444620 -0.719601
v 0.434048 2.444665 -0.719601
v 0.398243 2.447160 -0.755957
v 0.484742 2.453153 -0.841352
v 0.520546 2.450658 -0.805841
v 0.493604 2.415211 -0.298547
v 0.417032 2.421850 -0.393242
v 1.010115 2.436532 -0.603769
v 1.010115 2.428022 -0.482018
v 1.060808 2.436532 -0.603769
v 1.060808 2.428022 -0.482018
v 0.385835 2.427999 -0.482018
v 0.385835 2.436510 -0.603769
v 0.335496 2.427999 -0.482018
v 0.377682 2.419622 -0.361959
v 0.454255 2.413005 -0.267264
v 0.961548 2.419867 -0.365341
v 0.997352 2.417372 -0.329830
v 0.911208 2.411356 -0.243590
v 1.350797 2.266515 1.385767
v -1.354874 2.426326 -0.899636
v -1.228867 2.448929 -1.222863
v 0.520068 2.375786 -0.176889
v -1.354937 2.266515 1.385767
v 0.606126 2.373686 -0.146848
v 0.696729 2.372974 -0.136665
v 0.787331 2.373686 -0.146848
v 0.531707 2.408056 -0.196389
v 0.458306 2.411273 -0.242396
v 0.613528 2.406059 -0.167828
v 0.699669 2.405382 -0.158146
v 0.785810 2.406059 -0.167828
v 0.867632 2.408056 -0.196389
v 0.873390 2.375786 -0.176888
v 0.950592 2.379170 -0.225279
v 1.015063 2.383667 -0.289592
v 1.063570 2.389053 -0.366605
v 1.093685 2.395056 -0.452455
v 1.350734 2.426326 -0.899636
v 1.093685 2.407696 -0.633218
v 1.103893 2.401376 -0.542836
v 0.378396 2.383667 -0.289593
v 0.442867 2.379170 -0.225279
v 0.329888 2.389053 -0.366606
v 0.299774 2.395056 -0.452455
v 0.299774 2.407696 -0.633218
v 0.289565 2.401376 -0.542837
v 0.329888 2.413699 -0.719068
v 0.442867 2.423582 -0.860394
v 0.378396 2.419085 -0.796081
v 0.312553 2.432385 -0.544319
v 0.322259 2.438395 -0.630251
v 0.696729 2.429779 -0.949008
v 0.606126 2.429066 -0.938825
v 1.224727 2.448929 -1.222863
v 0.520068 2.426966 -0.908784
v 0.888214 2.426316 -0.899493
v 0.734436 2.429482 -0.944770
v 0.950592 2.423582 -0.860394
v 1.063571 2.413699 -0.719068
v 1.015063 2.419085 -0.796080
v 0.737218 2.459094 -0.926272
v 0.878330 2.456246 -0.885543
v 0.941032 2.453498 -0.846241
v 0.613528 2.458712 -0.920810
v 0.531707 2.456715 -0.892249
v 0.699669 2.459389 -0.930492
v 1.002330 2.449222 -0.785094
v 1.048449 2.444102 -0.711873
v 0.397010 2.449222 -0.785094
v 0.458306 2.453498 -0.846241
v 1.086786 2.432385 -0.544318
v 1.077080 2.426377 -0.458387
v 1.077080 2.438395 -0.630250
v 0.322259 2.426377 -0.458387
v 0.350889 2.444102 -0.711873
v 0.397010 2.415549 -0.303544
v 0.350889 2.420669 -0.376765
v 1.002329 2.415549 -0.303544
v 0.941032 2.411273 -0.242396
v 1.048449 2.420669 -0.376764
vn 0.0003 -0.9976 -0.0699
vn -0.0000 -0.9976 -0.0697
vn 0.0004 -0.9976 -0.0697
vn 0.0003 -0.9976 -0.0697
vn 0.0005 -0.9976 -0.0698
vn 0.0002 -0.9976 -0.0697
vn -0.0015 -0.9975 -0.0709
vn -0.0012 -0.9975 -0.0702
vn 0.0001 -0.9976 -0.0697
vn 0.0004 -0.9976 -0.0692
vn -0.0000 -0.9976 -0.0699
vn 0.0001 -0.9976 -0.0698
vn -0.0004 -0.9976 -0.0697
vn 0.0008 -0.9976 -0.0692
vn -0.0001 -0.9976 -0.0698
vn -0.0006 -0.9975 -0.0706
vn -0.0004 -0.9976 -0.0694
vn -0.0010 -0.9976 -0.0690
vn 0.0003 -0.9975 -0.0704
vn -0.0005 -0.9976 -0.0694
vn -0.0002 -0.9976 -0.0699
vn -0.0001 -0.9976 -0.0699
vn 0.0008 -0.9975 -0.0704
vn -0.0001 -0.9975 -0.0700
vn -0.0019 -0.9976 -0.0695
vn -0.0000 -0.9975 -0.0702
vn -0.0003 -0.9976 -0.0698
vn -0.0000 -0.9976 -0.0698
vn 0.0003 -0.9976 -0.0693
vn 0.0001 -0.9976 -0.0695
vn -0.0000 -0.9975 -0.0703
vn -0.0000 -0.9976 -0.0696
vn 0.0023 -0.9976 -0.0696
vn 0.0004 -0.9976 -0.0699
vn -0.0004 -0.9976 -0.0699
vn -0.0011 -0.9977 -0.0682
vn 0.0013 -0.9976 -0.0697
vn -0.0004 -0.9976 -0.0687
vn -0.0000 -0.9976 -0.0691
vn -0.0064 -0.9975 -0.0703
vn -0.0003 -0.9976 -0.0700
vn 0.0005 -0.9975 -0.0704
vn 0.0002 -0.9975 -0.0708
vn -0.0007 -0.9976 -0.0693
vn -0.0003 -0.9976 -0.0695
vn 0.0003 -0.9976 -0.0700
vn -0.0003 -0.9976 -0.0694
vn 0.0004 -0.9975 -0.0704
vn 0.0017 -0.9976 -0.0696
vn 0.0004 -0.9975 -0.0703
vn -0.0008 -0.9977 -0.0678
vn 0.0001 -0.9976 -0.0699
vn -0.0000 -0.9975 -0.0704
vn -0.0001 -0.9976 -0.0691
vn -0.0008 -0.9975 -0.0704
vn -0.0000 -0.9976 -0.0688
vn 0.0013 -0.9978 -0.0661
vn 0.0001 -0.9976 -0.0691
vn 0.0001 -0.9974 -0.0716
vn -0.0000 -0.9976 -0.0695
vn -0.0001 -0.9976 -0.0697
vn -0.0001 -0.9976 -0.0695
vn 0.0002 -0.9976 -0.0698
s 0
f 1614//1296 1687//1296 1623//1296
f 1614//1297 1623//1297 1621//1297
f 1682//1296 1687//1296 1614//1296
f 1685//1298 1686//1298 1624//1298
f 1685//1299 1624//1299 1623//1299
f 1687//1300 1685//1300 1623//1300
f 1618//1301 1612//1301 1626//1301
f 1618//1302 1626//1302 1615//1302
f 1626//1297 1625//1297 1627//1297
f 1626//1303 1627//1303 1602//1303
f 1625//1304 1626//1304 1608//1304
f 1625//1305 1608//1305 1620//1305
f 1626//1306 1612//1306 1609//1306
f 1626//1307 1609//1307 1608//1307
f 1621//1297 1623//1297 1624//1297
f 1621//1297 1624//1297 1622//1297
f 1617//1308 1618//1308 1615//1308
f 1617//1309 1615//1309 1616//1309
f 1683//1310 1684//1310 1617//1310
f 1683//1311 1617//1311 1616//1311
f 1677//1312 1681//1312 1613//1312
f 1677//1313 1613//1313 1607//1313
f 1682//1314 1614//1314 1613//1314
f 1682//1315 1613//1315 1681//1315
f 1619//1310 1620//1310 1608//1310
f 1619//1316 1608//1316 1614//1316
f 1621//1297 1622//1297 1619//1297
f 1621//1297 1619//1297 1614//1297
f 1612//1317 1684//1317 1679//1317
f 1612//1318 1679//1318 1611//1318
f 1612//1319 1618//1319 1617//1319
f 1612//1317 1617//1317 1684//1317
f 1627//1320 1688//1320 1664//1320
f 1627//1321 1664//1321 1602//1321
f 1630//1322 1631//1322 1632//1322
f 1630//1322 1632//1322 1601//1322
f 1692//1323 1693//1323 1632//1323
f 1692//1324 1632//1324 1631//1324
f 1601//1325 1642//1325 1629//1325
f 1601//1326 1629//1326 1619//1326
f 1619//1297 1622//1297 1630//1297
f 1619//1327 1630//1327 1601//1327
f 1624//1299 1686//1299 1694//1299
f 1624//1297 1694//1297 1622//1297
f 1631//1322 1630//1322 1622//1322
f 1646//1316 1601//1316 1632//1316
f 1646//1323 1632//1323 1693//1323
f 1622//1304 1694//1304 1692//1304
f 1622//1328 1692//1328 1631//1328
f 1691//1329 1688//1329 1620//1329
f 1665//1330 1689//1330 1626//1330
f 1665//1331 1626//1331 1602//1331
f 1615//1332 1626//1332 1616//1332
f 1620//1333 1688//1333 1627//1333
f 1620//1334 1627//1334 1625//1334
f 1683//1335 1616//1335 1626//1335
f 1683//1336 1626//1336 1689//1336
f 1620//1337 1619//1337 1628//1337
f 1691//1338 1620//1338 1628//1338
f 1691//1339 1628//1339 1690//1339
f 1629//1340 1690//1340 1628//1340
f 1629//1341 1628//1341 1619//1341
f 1642//1342 1690//1342 1629//1342
f 1607//1314 1613//1314 1614//1314
f 1607//1343 1614//1343 1608//1343
f 1633//1323 1651//1323 1654//1323
f 1633//1307 1654//1307 1653//1307
f 1656//1297 1636//1297 1635//1297
f 1656//1323 1635//1323 1655//1323
f 1647//1323 1633//1323 1640//1323
f 1652//1323 1633//1323 1653//1323
f 1661//1323 1659//1323 1635//1323
f 1663//1323 1661//1323 1635//1323
f 1663//1323 1635//1323 1662//1323
f 1657//1323 1655//1323 1635//1323
f 1657//1323 1635//1323 1658//1323
f 1660//1323 1658//1323 1635//1323
f 1660//1323 1635//1323 1659//1323
f 1633//1323 1649//1323 1650//1323
f 1633//1323 1650//1323 1651//1323
f 1638//1323 1633//1323 1636//1323
f 1633//1323 1638//1323 1639//1323
f 1633//1323 1639//1323 1640//1323
f 1635//1323 1636//1323 1633//1323
f 1635//1323 1633//1323 1634//1323
f 1637//1323 1634//1323 1633//1323
f 1646//1317 1645//1317 1601//1317
f 1633//1323 1647//1323 1648//1323
f 1633//1323 1648//1323 1649//1323
f 1601//1323 1643//1323 1641//1323
f 1601//1323 1641//1323 1642//1323
f 1601//1306 1645//1306 1644//1306
f 1601//1323 1644//1323 1643//1323
f 1664//1344 1665//1344 1602//1344
f 1608//1307 1609//1307 1675//1307
f 1608//1345 1675//1345 1607//1345
f 1675//1323 1676//1323 1677//1323
f 1675//1346 1677//1346 1607//1346
f 1673//1323 1606//1323 1652//1323
f 1673//1323 1652//1323 1653//1323
f 1674//1347 1672//1347 1606//1347
f 1674//1296 1606//1296 1673//1296
f 1612//1348 1611//1348 1610//1348
f 1612//1348 1610//1348 1609//1348
f 1610//1349 1680//1349 1675//1349
f 1610//1350 1675//1350 1609//1350
f 1678//1351 1610//1351 1611//1351
f 1678//1352 1611//1352 1679//1352
f 1680//1353 1610//1353 1678//1353
f 1605//1301 1606//1301 1603//1301
f 1605//1307 1603//1307 1604//1307
f 1605//1354 1604//1354 1635//1354
f 1605//1297 1635//1297 1668//1297
f 1669//1323 1662//1323 1635//1323
f 1669//1323 1635//1323 1667//1323
f 1666//1323 1667//1323 1635//1323
f 1666//1355 1635//1355 1603//1355
f 1604//1323 1603//1323 1635//1323
f 1671//1355 1666//1355 1603//1355
f 1672//1347 1670//1347 1606//1347
f 1605//1297 1668//1297 1652//1297
f 1605//1356 1652//1356 1606//1356
f 1670//1357 1671//1357 1603//1357
f 1670//1358 1603//1358 1606//1358
o Turret_01_havok_s_armor_6_9
v -0.829329 2.385412 -1.827253
v -0.804338 2.389961 -1.783888
v -0.716867 2.378487 -1.893039
v -0.649702 2.377733 -1.900289
v -0.520058 2.377733 -1.900289
v -0.451332 2.378473 -1.893174
v -0.364642 2.389975 -1.783753
v -0.339650 2.385434 -1.826985
v 0.548331 2.375539 -1.921099
v 0.769351 2.375539 -1.921099
v 0.754512 2.382867 -1.851419
v 0.563170 2.382867 -1.851419
v 0.764665 2.382295 -1.856790
v 0.552236 2.382295 -1.856790
v 0.548331 2.380927 -1.869813
v 0.769351 2.380927 -1.869813
v -1.228867 2.448928 -1.222863
v -0.854948 2.324986 -2.402065
v -0.419571 2.324987 -2.402062
v -0.692160 2.383037 -1.849765
v -0.476627 2.383017 -1.849956
v -0.519679 2.382992 -1.850191
v -0.649523 2.382992 -1.850191
v 0.415430 2.324987 -2.402062
v -0.419571 2.321802 -2.432369
v 0.415430 2.321802 -2.432369
v 0.850808 2.324986 -2.402065
v 1.224727 2.448928 -1.222863
vn -0.0000 -0.9945 0.1045
vn -0.0000 -0.9945 0.1046
vn -0.0000 -0.9944 0.1058
vn 0.0001 -0.9944 0.1056
vn 0.0001 -0.9945 0.1045
vn -0.0005 -0.9945 0.1049
vn -0.0001 -0.9945 0.1045
vn -0.0000 -0.9945 0.1044
vn -0.0002 -0.9945 0.1044
vn -0.0001 -0.9945 0.1046
vn 0.0001 -0.9945 0.1046
vn -0.0001 -0.9945 0.1044
s 0
f 1702//1359 1701//1359 1715//1359
f 1702//1360 1715//1360 1700//1360
f 1702//1359 1703//1359 1709//1359
f 1702//1359 1709//1359 1708//1359
f 1704//1359 1710//1359 1709//1359
f 1704//1359 1709//1359 1703//1359
f 1703//1359 1718//1359 1721//1359
f 1703//1359 1721//1359 1704//1359
f 1706//1361 1707//1361 1705//1361
f 1706//1359 1705//1359 1701//1359
f 1708//1362 1706//1362 1701//1362
f 1708//1359 1701//1359 1702//1359
f 1706//1362 1708//1362 1710//1362
f 1706//1359 1710//1359 1707//1359
f 1711//1359 1696//1359 1722//1359
f 1714//1359 1701//1359 1722//1359
f 1714//1359 1722//1359 1696//1359
f 1722//1359 1701//1359 1705//1359
f 1709//1359 1710//1359 1708//1359
f 1722//1363 1710//1363 1704//1363
f 1722//1359 1704//1359 1721//1359
f 1722//1364 1705//1364 1707//1364
f 1722//1363 1707//1363 1710//1363
f 1699//1365 1713//1365 1700//1365
f 1701//1359 1714//1359 1715//1359
f 1699//1366 1716//1366 1717//1366
f 1695//1367 1696//1367 1711//1367
f 1695//1359 1711//1359 1712//1359
f 1712//1359 1713//1359 1697//1359
f 1712//1368 1697//1368 1695//1368
f 1698//1369 1697//1369 1713//1369
f 1698//1359 1713//1359 1699//1359
f 1698//1366 1699//1366 1717//1366
f 1700//1359 1713//1359 1718//1359
f 1700//1360 1718//1360 1702//1360
f 1719//1359 1720//1359 1718//1359
f 1719//1359 1718//1359 1713//1359
f 1702//1359 1718//1359 1703//1359
f 1715//1366 1716//1366 1699//1366
f 1715//1365 1699//1365 1700//1365
f 1698//1366 1717//1366 1714//1366
f 1698//1363 1714//1363 1697//1363
f 1695//1368 1697//1368 1714//1368
f 1695//1370 1714//1370 1696//1370
o Turret_01_havok_s_armor_7_10
v 0.350890 2.444102 -0.711873
v 0.329887 2.413699 -0.719068
v 0.378396 2.419085 -0.796081
v 0.397010 2.449222 -0.785094
v 0.322259 2.438395 -0.630251
v 0.299774 2.407696 -0.633218
v 0.322259 2.426377 -0.458387
v 0.299774 2.395056 -0.452455
v 0.289565 2.401376 -0.542837
v 0.312553 2.432385 -0.544319
v 0.329887 2.389053 -0.366605
v 0.350890 2.420669 -0.376765
v 0.397010 2.415549 -0.303544
v 0.378396 2.383667 -0.289593
v 0.442867 2.423582 -0.860394
v 0.458306 2.453498 -0.846242
v 0.520068 2.426966 -0.908785
v 0.531706 2.456715 -0.892249
v 0.606126 2.429066 -0.938825
v 0.613528 2.458712 -0.920810
v 0.696729 2.429778 -0.949008
v 0.699669 2.459389 -0.930492
v 0.458306 2.411273 -0.242397
v 0.442867 2.379170 -0.225279
v 0.520067 2.375786 -0.176889
v 0.531706 2.408056 -0.196389
v 0.613528 2.406059 -0.167828
v 0.606126 2.373686 -0.146848
v 0.696729 2.372974 -0.136665
v 0.699669 2.405382 -0.158146
v 1.048449 2.444102 -0.711873
v 1.002329 2.449222 -0.785094
v 1.015062 2.419085 -0.796080
v 1.063571 2.413699 -0.719068
v 1.077080 2.438395 -0.630250
v 1.093684 2.407696 -0.633218
v 1.103893 2.401376 -0.542836
v 1.093684 2.395056 -0.452455
v 1.077080 2.426377 -0.458387
v 1.086786 2.432385 -0.544319
v 1.063570 2.389053 -0.366605
v 1.015062 2.383667 -0.289592
v 1.002329 2.415549 -0.303544
v 1.048449 2.420669 -0.376764
v 0.950592 2.423582 -0.860394
v 0.941032 2.453498 -0.846241
v 0.878331 2.456246 -0.885544
v 0.888215 2.426316 -0.899493
v 0.737217 2.459094 -0.926272
v 0.734435 2.429482 -0.944770
v 0.941032 2.411273 -0.242396
v 0.950591 2.379170 -0.225278
v 0.873390 2.375786 -0.176888
v 0.867632 2.408056 -0.196389
v 0.787331 2.373686 -0.146848
v 0.785810 2.406059 -0.167828
vn -0.7170 -0.4992 -0.4865
vn -0.7170 -0.4993 -0.4865
vn -0.8111 -0.4904 -0.3188
vn -0.6337 -0.4869 0.6012
vn -0.8750 -0.4796 0.0653
vn -0.7566 -0.4811 0.4429
vn -0.8384 -0.4787 0.2606
vn -0.8653 -0.4837 -0.1316
vn -0.4368 -0.5211 -0.7333
vn -0.2673 -0.5329 -0.8029
vn -0.2672 -0.5329 -0.8029
vn -0.0894 -0.5446 -0.8339
vn -0.5895 -0.5097 -0.6266
vn -0.4767 -0.4958 0.7259
vn -0.2548 -0.4950 0.8307
vn -0.2527 -0.4760 0.8423
vn -0.0994 -0.5204 0.8481
vn 0.6645 -0.5891 -0.4597
vn 0.7460 -0.5930 -0.3031
vn 0.5983 -0.5735 0.5596
vn 0.8035 -0.5933 0.0493
vn 0.7054 -0.5828 0.4035
vn 0.7743 -0.5894 0.2304
vn 0.7934 -0.5944 -0.1312
vn 0.4161 -0.5755 -0.7040
vn 0.2593 -0.5663 -0.7824
vn 0.0885 -0.5559 -0.8265
vn 0.5529 -0.5832 -0.5951
vn 0.4568 -0.5620 0.6895
vn 0.2874 -0.5488 0.7850
vn 0.0985 -0.5346 0.8393
s 0
f 1765//1371 1766//1371 1763//1371
f 1765//1372 1763//1372 1764//1372
f 1760//1373 1763//1373 1766//1373
f 1760//1373 1766//1373 1761//1373
f 1754//1374 1768//1374 1767//1374
f 1754//1374 1767//1374 1755//1374
f 1758//1375 1759//1375 1762//1375
f 1758//1375 1762//1375 1757//1375
f 1755//1376 1756//1376 1753//1376
f 1755//1376 1753//1376 1754//1376
f 1756//1377 1758//1377 1757//1377
f 1756//1377 1757//1377 1753//1377
f 1761//1378 1762//1378 1759//1378
f 1761//1378 1759//1378 1760//1378
f 1774//1379 1775//1379 1776//1379
f 1774//1379 1776//1379 1773//1379
f 1775//1380 1777//1380 1778//1380
f 1775//1381 1778//1381 1776//1381
f 1752//1382 1778//1382 1777//1382
f 1752//1382 1777//1382 1751//1382
f 1764//1383 1774//1383 1773//1383
f 1764//1383 1773//1383 1765//1383
f 1768//1384 1769//1384 1770//1384
f 1768//1384 1770//1384 1767//1384
f 1771//1385 1772//1385 1770//1385
f 1771//1386 1770//1386 1769//1386
f 1772//1387 1771//1387 1744//1387
f 1772//1387 1744//1387 1743//1387
f 1735//1388 1736//1388 1733//1388
f 1735//1388 1733//1388 1734//1388
f 1734//1389 1733//1389 1730//1389
f 1734//1389 1730//1389 1729//1389
f 1737//1390 1738//1390 1726//1390
f 1737//1390 1726//1390 1725//1390
f 1732//1391 1731//1391 1728//1391
f 1732//1391 1728//1391 1727//1391
f 1725//1392 1726//1392 1723//1392
f 1725//1392 1723//1392 1724//1392
f 1727//1393 1728//1393 1724//1393
f 1727//1393 1724//1393 1723//1393
f 1731//1394 1732//1394 1729//1394
f 1731//1394 1729//1394 1730//1394
f 1745//1395 1748//1395 1747//1395
f 1745//1395 1747//1395 1746//1395
f 1748//1396 1749//1396 1750//1396
f 1748//1396 1750//1396 1747//1396
f 1749//1397 1752//1397 1751//1397
f 1749//1397 1751//1397 1750//1397
f 1745//1398 1746//1398 1736//1398
f 1745//1398 1736//1398 1735//1398
f 1739//1399 1740//1399 1738//1399
f 1739//1399 1738//1399 1737//1399
f 1741//1400 1742//1400 1740//1400
f 1741//1400 1740//1400 1739//1400
f 1743//1401 1744//1401 1742//1401
f 1743//1401 1742//1401 1741//1401
o Turret_01_havok_s_armor_9_11
v -0.419570 2.220654 -2.624954
v 0.415430 2.220654 -2.624954
v 0.415430 2.321802 -2.432369
v -0.419570 2.321802 -2.432369
vn -0.0000 -0.8853 0.4650
s 0
f 1781//1402 1782//1402 1779//1402
f 1781//1402 1779//1402 1780//1402
o Turret_01_havok_s_armor_10_12
v -1.606186 1.616550 0.788974
v 1.602046 1.616550 0.788974
v 0.399804 1.616637 -0.106819
v 0.201966 1.616632 -0.053809
v -0.002071 1.616630 -0.035957
v -0.206107 1.616632 -0.053809
v -0.403944 1.616637 -0.106819
v -0.589569 1.616645 -0.193378
v 1.647190 1.616725 -1.010555
v 0.753205 1.616657 -0.310855
v 0.898032 1.616671 -0.455681
v 1.015510 1.616687 -0.623457
v 1.102069 1.616705 -0.809083
v 1.155079 1.616725 -1.006920
v 0.585431 1.616645 -0.193378
v -0.757345 1.616657 -0.310855
v -1.651330 1.616725 -1.010555
v -0.902172 1.616671 -0.455681
v -1.019650 1.616687 -0.623457
v -1.106209 1.616705 -0.809083
v -1.159219 1.616725 -1.006920
v -1.177069 1.616689 -1.210957
v -1.159219 1.616651 -1.414994
v -1.007102 1.616400 -2.794838
v -0.589569 1.616503 -2.228539
v -0.757345 1.616525 -2.111061
v -0.902172 1.616551 -1.966234
v -1.019650 1.616582 -1.798458
v -1.106209 1.616615 -1.612831
v 0.201966 1.616478 -2.368109
v 0.399804 1.616488 -2.315098
v 1.002963 1.616400 -2.794838
v -0.206107 1.616478 -2.368109
v -0.002071 1.616475 -2.385960
v -0.403944 1.616488 -2.315098
v 1.155079 1.616651 -1.414994
v 1.172930 1.616689 -1.210957
v 0.898032 1.616551 -1.966234
v 1.015510 1.616582 -1.798458
v 0.753205 1.616525 -2.111061
v 1.102069 1.616615 -1.612831
v 0.585431 1.616503 -2.228539
vn -0.0000 1.0000 -0.0002
vn -0.0000 1.0000 0.0001
s 0
f 1806//1403 1812//1403 1813//1403
f 1806//1403 1813//1403 1814//1403
f 1816//1403 1812//1403 1806//1403
f 1816//1403 1806//1403 1815//1403
f 1806//1403 1805//1403 1811//1403
f 1806//1403 1811//1403 1810//1403
f 1807//1403 1806//1403 1808//1403
f 1809//1403 1808//1403 1806//1403
f 1809//1403 1806//1403 1810//1403
f 1806//1403 1807//1403 1817//1403
f 1806//1403 1817//1403 1815//1403
f 1823//1403 1818//1403 1814//1403
f 1823//1403 1814//1403 1821//1403
f 1814//1403 1813//1403 1824//1403
f 1814//1403 1824//1403 1822//1403
f 1820//1403 1821//1403 1814//1403
f 1820//1403 1814//1403 1822//1403
f 1791//1403 1814//1403 1818//1403
f 1819//1403 1796//1403 1791//1403
f 1819//1403 1791//1403 1818//1403
f 1799//1403 1805//1403 1806//1403
f 1784//1404 1791//1404 1792//1404
f 1793//1404 1792//1404 1791//1404
f 1793//1404 1791//1404 1794//1404
f 1783//1404 1788//1404 1789//1404
f 1783//1404 1789//1404 1790//1404
f 1785//1404 1786//1404 1783//1404
f 1785//1404 1783//1404 1784//1404
f 1783//1404 1786//1404 1787//1404
f 1783//1404 1787//1404 1788//1404
f 1795//1404 1794//1404 1791//1404
f 1795//1404 1791//1404 1796//1404
f 1799//1404 1801//1404 1802//1404
f 1799//1404 1802//1404 1803//1404
f 1799//1403 1803//1403 1804//1403
f 1799//1403 1804//1403 1805//1403
f 1799//1404 1798//1404 1800//1404
f 1799//1404 1800//1404 1801//1404
f 1797//1404 1785//1404 1784//1404
f 1797//1404 1784//1404 1792//1404
f 1783//1404 1790//1404 1798//1404
f 1783//1404 1798//1404 1799//1404
o Turret_01_havok_s_armor_11_13
v 0.415430 2.040156 -2.912918
v 0.389345 2.040156 -2.912918
v 0.389345 1.993871 -2.918412
v 0.415430 1.993871 -2.918412
v 0.389345 1.947431 -2.914462
v 0.415430 1.947431 -2.914462
v 0.389345 1.902740 -2.901230
v 0.415430 1.902740 -2.901230
v -0.390848 1.902740 -2.901230
v -0.390848 1.947431 -2.914462
v -0.419570 1.947431 -2.914462
v -0.419570 1.902740 -2.901230
v -0.419570 1.993871 -2.918412
v -0.390848 1.993871 -2.918412
v -0.390848 2.040156 -2.912918
v -0.390848 2.084381 -2.898206
v -0.419570 2.084381 -2.898206
v -0.419570 2.040156 -2.912918
v -0.390848 2.124734 -2.874881
v -0.419570 2.124734 -2.874881
v 0.389345 2.084381 -2.898206
v 0.415430 2.084381 -2.898206
v 0.415430 2.124734 -2.874881
v 0.389345 2.124733 -2.874881
vn -0.0000 -0.1179 0.9930
vn -0.0000 -0.3156 0.9489
vn -0.0000 -0.5005 0.8658
vn -0.0000 0.0848 0.9964
vn -0.0000 0.2839 0.9589
s 0
f 1838//1405 1839//1405 1842//1405
f 1838//1405 1842//1405 1837//1405
f 1841//1406 1842//1406 1839//1406
f 1841//1406 1839//1406 1840//1406
f 1840//1407 1843//1407 1844//1407
f 1840//1407 1844//1407 1841//1407
f 1846//1406 1845//1406 1826//1406
f 1846//1406 1826//1406 1825//1406
f 1847//1407 1848//1407 1845//1407
f 1847//1407 1845//1407 1846//1407
f 1829//1408 1830//1408 1828//1408
f 1829//1408 1828//1408 1827//1408
f 1827//1405 1828//1405 1825//1405
f 1827//1405 1825//1405 1826//1405
f 1831//1409 1832//1409 1830//1409
f 1831//1409 1830//1409 1829//1409
f 1834//1408 1838//1408 1837//1408
f 1834//1408 1837//1408 1835//1408
f 1835//1409 1836//1409 1833//1409
f 1835//1409 1833//1409 1834//1409
o Turret_01_havok_s_armor_17_14
v 0.415430 1.796713 -2.813036
v 0.389345 1.796713 -2.813036
v -0.419570 1.757851 -2.750435
v 0.415430 1.757851 -2.750435
v -0.390848 1.796713 -2.813036
v -0.419570 1.796713 -2.813036
vn -0.0000 0.8496 0.5274
s 0
f 1853//1410 1854//1410 1851//1410
f 1853//1410 1851//1410 1850//1410
f 1849//1410 1850//1410 1851//1410
f 1849//1410 1851//1410 1852//1410
o Turret_01_havok_s_armor_15_15
v 0.415430 2.220654 -2.624954
v -0.419570 2.220654 -2.624954
v -0.419570 2.218006 -2.718985
v 0.415430 2.218006 -2.718985
vn -0.0000 -0.9996 0.0282
s 0
f 1857//1411 1858//1411 1855//1411
f 1857//1411 1855//1411 1856//1411
o Turret_01_havok_s_armor_16_16
v 0.389345 2.207169 -2.764317
v 0.415430 2.218006 -2.718985
v -0.419570 2.218006 -2.718985
v -0.390848 2.207169 -2.764317
v -0.419570 2.207169 -2.764317
v 0.415430 2.207169 -2.764317
vn -0.0000 -0.9726 0.2325
s 0
f 1864//1412 1860//1412 1859//1412
f 1863//1412 1862//1412 1861//1412
f 1861//1412 1862//1412 1859//1412
f 1861//1412 1859//1412 1860//1412
o Turret_01_havok_s_armor_18_17
v 0.415430 1.757851 -2.750435
v -0.419570 1.757851 -2.750435
v -0.419570 1.684102 -2.757312
v 0.415430 1.684102 -2.757312
vn -0.0000 -0.0928 0.9957
s 0
f 1867//1413 1868//1413 1865//1413
f 1867//1413 1865//1413 1866//1413
o Turret_01_havok_s_armor_19_18
v -0.419570 2.159554 -2.843898
v -0.419570 2.124734 -2.874881
v -0.390848 2.124734 -2.874881
v -0.390848 2.159554 -2.843898
v 0.415430 2.159554 -2.843898
v 0.389345 2.159554 -2.843898
v 0.389345 2.124733 -2.874881
v 0.415430 2.124734 -2.874881
vn -0.0000 -0.6647 0.7471
s 0
f 1875//1414 1876//1414 1873//1414
f 1875//1414 1873//1414 1874//1414
f 1871//1414 1872//1414 1869//1414
f 1871//1414 1869//1414 1870//1414
o Turret_01_havok_s_armor_20_19
v -0.390848 1.861633 -2.879260
v -0.390848 1.902740 -2.901230
v -0.419570 1.902740 -2.901230
v -0.419570 1.861633 -2.879260
v 0.415430 1.902740 -2.901230
v 0.389345 1.902740 -2.901230
v 0.389345 1.861633 -2.879260
v 0.415430 1.861633 -2.879260
vn -0.0000 0.4714 0.8819
s 0
f 1883//1415 1884//1415 1881//1415
f 1883//1415 1881//1415 1882//1415
f 1879//1415 1880//1415 1877//1415
f 1879//1415 1877//1415 1878//1415
o Turret_01_havok_s_armor_21_20
v -0.419570 2.187413 -2.806532
v -0.419570 2.159554 -2.843898
v -0.390848 2.159554 -2.843898
v -0.390848 2.187413 -2.806532
v 0.389345 2.159554 -2.843898
v 0.415430 2.159554 -2.843898
v 0.415430 2.187413 -2.806532
v 0.389345 2.187413 -2.806532
vn -0.0000 -0.8017 0.5977
s 0
f 1891//1416 1892//1416 1889//1416
f 1891//1416 1889//1416 1890//1416
f 1887//1416 1888//1416 1885//1416
f 1887//1416 1885//1416 1886//1416
o Turret_01_havok_s_armor_22_21
v -0.390848 1.825801 -2.849454
v -0.390848 1.861633 -2.879260
v -0.419570 1.861633 -2.879260
v -0.419570 1.825801 -2.849454
v 0.389345 1.825801 -2.849454
v 0.415430 1.825801 -2.849454
v 0.415430 1.861633 -2.879260
v 0.389345 1.861633 -2.879260
vn -0.0000 0.6395 0.7688
s 0
f 1899//1417 1900//1417 1897//1417
f 1899//1417 1897//1417 1898//1417
f 1895//1417 1896//1417 1893//1417
f 1895//1417 1893//1417 1894//1417
o Turret_01_havok_s_armor_23_22
v -0.419570 2.207169 -2.764317
v -0.419570 2.187413 -2.806532
v -0.390848 2.187413 -2.806532
v -0.390848 2.207169 -2.764317
v 0.415430 2.207169 -2.764317
v 0.389345 2.207169 -2.764317
v 0.389345 2.187413 -2.806532
v 0.415430 2.187413 -2.806532
vn -0.0000 -0.9057 0.4239
s 0
f 1907//1418 1908//1418 1905//1418
f 1907//1418 1905//1418 1906//1418
f 1903//1418 1904//1418 1901//1418
f 1903//1418 1901//1418 1902//1418
o Turret_01_havok_s_armor_24_23
v -0.390848 1.796713 -2.813036
v -0.390848 1.825801 -2.849454
v -0.419570 1.825801 -2.849454
v -0.419570 1.796713 -2.813036
v 0.389345 1.796713 -2.813036
v 0.415430 1.796713 -2.813036
v 0.415430 1.825801 -2.849454
v 0.389345 1.825801 -2.849454
vn -0.0000 0.7813 0.6241
s 0
f 1915//1419 1916//1419 1913//1419
f 1915//1419 1913//1419 1914//1419
f 1911//1419 1912//1419 1909//1419
f 1911//1419 1909//1419 1910//1419
o Hull_havok_s_armor_13_0
v 1.020146 0.458709 2.113406
v -1.024362 0.458709 2.113406
v -1.024362 0.650226 2.798532
v 1.020146 0.650226 2.798532
vn -0.0000 0.9631 -0.2692
s 0
f 1919//1420 1920//1420 1917//1420
f 1919//1420 1917//1420 1918//1420
o Hull_havok_s_armor_1_1
v 1.020146 1.142193 -3.156151
v -1.024362 1.142193 -3.156151
v -1.024362 0.966743 -3.301764
v 1.020146 0.966743 -3.301764
v -1.024362 1.154317 -3.106548
v 1.020146 1.154317 -3.106548
v 1.020146 1.323006 -2.965246
v -1.024362 1.323006 -2.965246
v 1.020146 1.479400 -2.834245
v -1.024362 1.479400 -2.834245
vn -0.0000 -0.9714 0.2374
vn -0.0000 -0.6421 0.7666
vn -0.0000 -0.6386 0.7695
s 0
f 1926//1421 1925//1421 1922//1421
f 1926//1421 1922//1421 1921//1421
f 1929//1422 1930//1422 1928//1422
f 1929//1422 1928//1422 1927//1422
f 1923//1423 1924//1423 1921//1423
f 1923//1423 1921//1423 1922//1423
f 1927//1422 1928//1422 1925//1422
f 1927//1422 1925//1422 1926//1422
o Hull_havok_s_armor_2_2
v -1.024362 0.640875 -3.129144
v 1.020146 0.640875 -3.129144
v 1.020146 0.966743 -3.301764
v -1.024362 0.966743 -3.301764
vn -0.0000 0.4681 0.8837
s 0
f 1933//1424 1934//1424 1931//1424
f 1933//1424 1931//1424 1932//1424
o Hull_havok_s_armor_3_3
v -1.702409 1.605315 -1.044637
v -1.674184 1.771337 1.314949
v -1.753917 1.324137 3.092857
v -1.752070 1.323660 -1.157221
v -1.653771 1.888021 1.703839
v -1.654455 1.888024 3.208630
v 1.751221 1.324137 3.092857
v 1.671488 1.771337 1.314949
v 1.699709 1.605336 -1.044364
v 1.749374 1.323660 -1.157221
v 1.651758 1.888024 3.208630
v 1.651075 1.888021 1.703839
vn -0.9848 -0.1738 0.0004
vn -0.9848 -0.1738 0.0005
vn 0.9848 -0.1738 0.0004
vn 0.9848 -0.1738 0.0005
s 0
f 1943//1425 1944//1425 1941//1425
f 1943//1425 1941//1425 1942//1425
f 1941//1425 1945//1425 1946//1425
f 1941//1426 1946//1426 1942//1426
f 1937//1427 1938//1427 1935//1427
f 1937//1427 1935//1427 1936//1427
f 1939//1427 1940//1427 1937//1427
f 1939//1428 1937//1428 1936//1428
o Hull_havok_s_armor_4_4
v -1.753917 1.324137 3.092856
v -1.654455 1.888024 3.208630
v -1.024363 1.323683 3.092717
v 1.651758 1.888024 3.208630
v 1.020145 1.323683 3.092717
v 1.751221 1.324137 3.092856
v 1.020145 0.954230 3.016861
v -1.024363 0.954230 3.016861
vn 0.0001 0.2011 -0.9796
vn -0.0000 0.2011 -0.9796
vn -0.0001 0.2011 -0.9796
vn -0.0000 0.2012 -0.9796
s 0
f 1952//1429 1951//1429 1950//1429
f 1951//1430 1953//1430 1954//1430
f 1951//1430 1954//1430 1949//1430
f 1947//1431 1948//1431 1949//1431
f 1950//1432 1951//1432 1949//1432
f 1950//1432 1949//1432 1948//1432
o Hull_havok_s_armor_5_5
v 1.651758 1.888024 3.208630
v -1.654454 1.888024 3.208630
v -1.653772 1.888021 1.703838
v 1.651075 1.888021 1.703838
vn -0.0000 -1.0000 -0.0000
s 0
f 1957//1433 1958//1433 1955//1433
f 1957//1433 1955//1433 1956//1433
o Hull_havok_s_armor_6_6
v 1.699709 1.605336 -1.044364
v 1.133868 1.607636 -1.011670
v 1.151391 1.593578 -1.211474
v 1.020145 1.479400 -2.834245
v 0.739361 1.531561 -2.092901
v 0.574661 1.523467 -2.207940
v 0.996856 1.553099 -1.786785
v 0.881532 1.541540 -1.951080
v 1.133868 1.579520 -1.411278
v 1.081829 1.565889 -1.605010
v -0.396578 1.517503 -2.292704
v -1.024362 1.479400 -2.834245
v -0.202366 1.513850 -2.344615
v -0.002069 1.512620 -2.362096
v 0.198228 1.513850 -2.344615
v 0.392438 1.517503 -2.292704
v -1.155531 1.593578 -1.211474
v -1.138006 1.607636 -1.011670
v -1.702408 1.605315 -1.044637
v -1.085969 1.621267 -0.817939
v -1.000996 1.634057 -0.636164
v -0.578801 1.523467 -2.207940
v -0.743499 1.531561 -2.092901
v -0.885672 1.541540 -1.951080
v -1.000996 1.553099 -1.786785
v -1.085969 1.565889 -1.605010
v -1.138006 1.579520 -1.411278
v -1.674184 1.771337 1.314950
v -0.578801 1.663690 -0.215007
v 1.671488 1.771337 1.314950
v -0.396578 1.669653 -0.130245
v -0.202366 1.673306 -0.078334
v -0.002069 1.674536 -0.060853
v 0.198228 1.673306 -0.078334
v 0.392438 1.669653 -0.130245
v 0.574661 1.663690 -0.215007
v 0.739361 1.655595 -0.330047
v 0.881532 1.645617 -0.471869
v 0.996856 1.634057 -0.636164
v 1.081829 1.621267 -0.817939
v -0.885672 1.645617 -0.471869
v -0.743499 1.655595 -0.330047
vn -0.0000 -0.9975 0.0702
vn -0.0001 -0.9975 0.0702
s 0
f 1988//1434 1987//1434 1989//1434
f 1988//1434 1989//1434 1990//1434
f 1988//1434 1990//1434 1991//1434
f 1988//1434 1991//1434 1992//1434
f 1986//1434 1987//1434 1988//1434
f 1985//1435 1975//1435 1970//1435
f 1985//1434 1970//1434 1984//1434
f 1984//1434 1970//1434 1983//1434
f 1988//1434 1992//1434 1993//1434
f 1988//1434 1993//1434 1994//1434
f 1977//1434 1979//1434 1999//1434
f 1977//1434 1999//1434 2000//1434
f 1986//1434 1977//1434 2000//1434
f 1986//1434 2000//1434 1987//1434
f 1998//1434 1960//1434 1959//1434
f 1998//1434 1959//1434 1997//1434
f 1995//1434 1959//1434 1988//1434
f 1995//1434 1988//1434 1994//1434
f 1959//1434 1995//1434 1996//1434
f 1959//1434 1996//1434 1997//1434
f 1970//1434 1981//1434 1982//1434
f 1970//1434 1982//1434 1983//1434
f 1962//1434 1961//1434 1967//1434
f 1962//1434 1967//1434 1968//1434
f 1968//1434 1965//1434 1962//1434
f 1966//1434 1963//1434 1962//1434
f 1966//1434 1962//1434 1965//1434
f 1959//1434 1960//1434 1961//1434
f 1959//1434 1961//1434 1962//1434
f 1963//1434 1964//1434 1962//1434
f 1962//1434 1971//1434 1969//1434
f 1962//1434 1969//1434 1970//1434
f 1977//1434 1976//1434 1978//1434
f 1977//1434 1978//1434 1979//1434
f 1970//1434 1969//1434 1980//1434
f 1970//1434 1980//1434 1981//1434
f 1977//1434 1970//1434 1975//1434
f 1977//1434 1975//1434 1976//1434
f 1972//1434 1971//1434 1962//1434
f 1972//1434 1962//1434 1973//1434
f 1962//1434 1964//1434 1974//1434
f 1962//1434 1974//1434 1973//1434
o Hull_havok_s_armor_7_7
v -1.653772 1.888021 1.703838
v -1.674184 1.771337 1.314950
v 1.671488 1.771337 1.314950
v 1.651074 1.888021 1.703838
vn -0.0000 -0.9578 0.2874
s 0
f 2003//1436 2004//1436 2001//1436
f 2003//1436 2001//1436 2002//1436
o Hull_havok_s_armor_8_8
v 0.392437 1.517503 -2.292704
v 0.574660 1.523467 -2.207941
v -1.000996 1.553099 -1.786784
v 0.198227 1.513850 -2.344614
v -0.202366 1.513850 -2.344614
v -0.002070 1.512620 -2.362095
v -0.396577 1.517503 -2.292704
v -0.578800 1.523467 -2.207941
v -0.743500 1.531561 -2.092901
v -0.885672 1.541540 -1.951079
v 0.739359 1.531561 -2.092901
v 0.881532 1.541540 -1.951079
v 0.574660 1.663689 -0.215008
v 0.392437 1.669653 -0.130245
v 0.198227 1.673306 -0.078334
v -0.002070 1.674536 -0.060853
v -0.202366 1.673306 -0.078334
v -0.396577 1.669653 -0.130245
v -0.578800 1.663689 -0.215008
v -0.743500 1.655595 -0.330047
v -0.885672 1.645617 -0.471869
v -1.000996 1.634057 -0.636164
v -1.085969 1.621267 -0.817938
v -1.138007 1.607636 -1.011671
v -1.155530 1.593578 -1.211474
v -1.138007 1.579520 -1.411278
v -1.085969 1.565889 -1.605009
v 0.881532 1.645617 -0.471869
v 0.739359 1.655595 -0.330047
v 0.996857 1.634057 -0.636164
v 1.133866 1.607636 -1.011671
v 1.081828 1.621267 -0.817938
v 1.151391 1.593578 -1.211474
v 1.133866 1.579520 -1.411278
v 0.996857 1.553099 -1.786784
v 1.081828 1.565889 -1.605009
vn -0.0000 -0.9975 0.0702
s 0
f 2031//1437 2007//1437 2030//1437
f 2007//1437 2032//1437 2033//1437
f 2007//1437 2033//1437 2017//1437
f 2027//1437 2028//1437 2007//1437
f 2027//1437 2007//1437 2026//1437
f 2029//1437 2030//1437 2007//1437
f 2029//1437 2007//1437 2028//1437
f 2032//1437 2007//1437 2034//1437
f 2007//1437 2039//1437 2040//1437
f 2007//1437 2040//1437 2038//1437
f 2039//1437 2007//1437 2016//1437
f 2007//1437 2035//1437 2036//1437
f 2007//1437 2036//1437 2034//1437
f 2007//1437 2038//1437 2037//1437
f 2007//1437 2037//1437 2035//1437
f 2025//1437 2026//1437 2007//1437
f 2025//1437 2007//1437 2024//1437
f 2007//1437 2012//1437 2011//1437
f 2007//1437 2011//1437 2009//1437
f 2007//1437 2014//1437 2013//1437
f 2007//1437 2013//1437 2012//1437
f 2007//1437 2008//1437 2005//1437
f 2007//1437 2005//1437 2006//1437
f 2007//1437 2009//1437 2010//1437
f 2007//1437 2010//1437 2008//1437
f 2015//1437 2016//1437 2007//1437
f 2015//1437 2007//1437 2006//1437
f 2022//1437 2007//1437 2021//1437
f 2023//1437 2024//1437 2007//1437
f 2023//1437 2007//1437 2022//1437
f 2018//1437 2019//1437 2007//1437
f 2018//1437 2007//1437 2017//1437
f 2020//1437 2021//1437 2007//1437
f 2020//1437 2007//1437 2019//1437
o Hull_havok_s_armor_9_9
v -1.024362 1.479400 -2.834246
v -1.702408 1.605315 -1.044637
v -1.752070 1.323660 -1.157221
v -1.024362 1.323006 -2.965246
v 1.020146 1.479400 -2.834246
v 1.020146 1.323006 -2.965246
v 1.749374 1.323660 -1.157221
v 1.699709 1.605336 -1.044364
vn -0.8849 -0.2991 0.3570
vn 0.8853 -0.2986 0.3564
s 0
f 2047//1438 2048//1438 2045//1438
f 2047//1438 2045//1438 2046//1438
f 2043//1439 2044//1439 2041//1439
f 2043//1439 2041//1439 2042//1439
o Hull_havok_s_armor_10_10
v -1.024363 1.323683 3.092718
v -1.024363 1.323006 -2.965246
v -1.752070 1.323660 -1.157221
v -1.753917 1.324137 3.092856
v 1.020145 0.458709 -2.628187
v -1.024363 0.458709 -2.628187
v -1.024363 0.458709 2.113405
v 1.020145 0.458709 2.113405
v 1.020145 1.323683 3.092718
v 1.751221 1.324137 3.092856
v 1.749374 1.323660 -1.157221
v 1.020145 1.323006 -2.965246
vn -0.0006 1.0000 -0.0001
vn -0.0000 1.0000 -0.0000
vn 0.0006 1.0000 -0.0001
s 0
f 2059//1440 2060//1440 2057//1440
f 2059//1440 2057//1440 2058//1440
f 2055//1441 2056//1441 2053//1441
f 2055//1441 2053//1441 2054//1441
f 2051//1442 2052//1442 2049//1442
f 2051//1442 2049//1442 2050//1442
o Hull_havok_s_armor_11_11
v 1.020146 0.640875 -3.129144
v -1.024362 0.640875 -3.129144
v -1.024362 0.458709 -2.628187
v 1.020146 0.458709 -2.628187
vn -0.0000 0.9398 0.3417
s 0
f 2063//1443 2064//1443 2061//1443
f 2063//1443 2061//1443 2062//1443
o Hull_havok_s_armor_12_12
v 1.020146 0.650226 2.798532
v -1.024362 0.650226 2.798532
v -1.024362 0.954230 3.016861
v 1.020146 0.954230 3.016861
vn -0.0000 0.5833 -0.8122
s 0
f 2067//1444 2068//1444 2065//1444
f 2067//1444 2065//1444 2066//1444
o Hull_havok_s_armor_14_13
v -1.024362 0.458709 2.113406
v -1.024362 0.458709 -2.628187
v -1.024362 1.323006 -2.965247
v -1.024362 0.650226 2.798531
v -1.024362 0.640875 -3.129145
v -1.024362 1.154317 -3.106548
v -1.024362 0.954230 3.016861
v -1.024362 1.323683 3.092717
v 1.020146 1.323006 -2.965247
v 1.020146 0.458709 -2.628187
v 1.020146 0.458709 2.113406
v 1.020146 0.650226 2.798531
v 1.020146 0.954230 3.016861
v 1.020146 1.323683 3.092717
v 1.020146 1.154317 -3.106548
v 1.020146 0.640875 -3.129145
v 1.020146 1.142193 -3.156151
v 1.020146 0.966743 -3.301764
v -1.024362 0.966743 -3.301764
v -1.024362 1.142193 -3.156151
vn -1.0000 -0.0000 -0.0000
vn 1.0000 -0.0000 -0.0000
s 0
f 2083//1445 2084//1445 2078//1445
f 2083//1445 2078//1445 2077//1445
f 2081//1445 2082//1445 2077//1445
f 2081//1445 2077//1445 2080//1445
f 2073//1446 2087//1446 2088//1446
f 2073//1446 2088//1446 2074//1446
f 2085//1445 2086//1445 2084//1445
f 2085//1445 2084//1445 2083//1445
f 2070//1446 2073//1446 2074//1446
f 2070//1446 2074//1446 2071//1446
f 2071//1446 2072//1446 2069//1446
f 2071//1446 2069//1446 2070//1446
f 2079//1445 2080//1445 2077//1445
f 2079//1445 2077//1445 2078//1445
f 2071//1446 2076//1446 2075//1446
f 2071//1446 2075//1446 2072//1446
o Gun_04_havok_s_gun_0
v 0.020088 1.902116 -4.082589
v -0.002873 1.899082 -4.082589
v -0.002873 1.872950 -3.134025
v 0.078356 1.906520 -3.134025
v -0.025726 1.902116 -4.082589
v 0.020088 2.073291 -4.082589
v 0.041532 2.064482 -4.082589
v -0.065474 2.050389 -4.082589
v -0.079554 2.031990 -4.082589
v -0.088435 2.010947 -4.077952
v -0.047171 1.911022 -4.082589
v -0.113671 2.017407 -3.134025
v -0.083995 1.906520 -3.134025
v -0.102190 1.930303 -3.134025
v 0.108032 2.017407 -3.134025
v 0.041440 1.910984 -5.494897
v 0.059855 1.925024 -5.494897
v 0.020119 1.902135 -5.494897
v 0.055736 1.909793 -5.494897
v 0.055736 1.909793 -5.464248
v 0.071888 1.911750 -5.464248
v -0.091416 1.987733 -7.703796
v -0.088428 1.964759 -7.703796
v -0.079544 1.943402 -7.703796
v -0.047158 1.910984 -5.494897
v -0.061776 1.909623 -5.494897
v -0.079544 2.031979 -5.494897
v -0.065491 2.050358 -5.494897
v -0.047158 2.064482 -7.703796
v -0.079706 2.044997 -5.494897
v -0.025755 2.073331 -7.703796
v -0.002818 2.076309 -7.703796
v 0.059855 2.050358 -5.494897
v 0.059855 2.050358 -7.703796
v 0.073907 2.031979 -7.703796
v 0.073907 2.031979 -5.494897
v 0.041440 2.064397 -7.703796
v 0.073423 2.045167 -5.494897
v 0.020119 2.073331 -7.703796
v -0.121010 1.985883 -2.936985
v -0.121010 1.985883 -2.088085
v -0.116941 1.955049 -2.088085
v -0.116941 1.955049 -2.936985
v -0.116941 2.016718 -2.936985
v -0.116941 2.016718 -2.088085
v -0.153410 2.036126 -2.936985
v -0.161236 1.986510 -2.936985
v -0.105045 2.045361 -2.936985
v -0.086263 2.070091 -2.936985
v -0.086263 2.070091 -2.088085
v -0.105045 2.045361 -2.088085
v -0.032890 2.100769 -2.936985
v -0.032890 2.100769 -2.088085
v -0.061533 2.088873 -2.088085
v -0.061533 2.088873 -2.936985
v -0.002055 2.104838 -2.936985
v -0.002055 2.104838 -2.088085
v -0.128210 1.855659 -2.088085
v -0.128210 2.117360 -2.088085
v -0.086263 1.901832 -2.936985
v -0.086263 1.901832 -2.088085
v -0.061533 1.882894 -2.088085
v -0.061533 1.882894 -2.936985
v -0.032890 1.870998 -2.088085
v -0.032890 1.870998 -2.936985
v -0.105045 1.926406 -2.936985
v -0.105045 1.926406 -2.088085
v -0.153410 1.937049 -2.936985
v -0.130714 1.892441 -2.936985
v -0.002055 1.866929 -2.088085
v -0.002055 1.866929 -2.936985
v 0.028779 1.870998 -2.088085
v 0.028779 1.870998 -2.936985
v -0.050576 1.834216 -2.936985
v -0.095184 1.856911 -2.936985
v -0.000960 1.826390 -2.936985
v 0.100935 2.045361 -2.936985
v 0.100935 2.045361 -2.088085
v 0.081996 2.070091 -2.088085
v 0.081996 2.070091 -2.936985
v 0.112830 2.016718 -2.936985
v 0.112830 2.016718 -2.088085
v 0.116900 1.985883 -2.088085
v 0.116900 1.985883 -2.936985
v 0.112830 1.955049 -2.936985
v 0.112830 1.955049 -2.088085
v 0.151334 2.036126 -2.936985
v 0.159160 1.986510 -2.936985
v 0.028779 2.100769 -2.088085
v 0.028779 2.100769 -2.936985
v 0.057422 2.088873 -2.936985
v 0.057422 2.088873 -2.088085
v 0.123160 1.855659 -2.088085
v 0.123160 2.117360 -2.088085
v 0.057422 1.882894 -2.936985
v 0.057422 1.882894 -2.088085
v 0.081996 1.901832 -2.088085
v 0.081996 1.901832 -2.936985
v 0.100935 1.926406 -2.088085
v 0.100935 1.926406 -2.936985
v 0.151334 1.937049 -2.936985
v 0.128639 1.892441 -2.936985
v 0.093109 1.856911 -2.936985
v 0.048501 1.834216 -2.936985
v 0.123160 2.117360 -1.618449
v -0.128210 2.117360 -1.618449
v 0.123160 1.855659 -1.618449
v -0.128210 1.855659 -1.618449
v -0.095184 2.116264 -3.134025
v -0.095184 2.116264 -2.936985
v -0.130714 2.080734 -2.936985
v -0.050576 2.138959 -3.134025
v -0.050576 2.138959 -2.936985
v -0.000960 2.146785 -2.936985
v 0.048501 2.138959 -2.936985
v -0.000960 2.146785 -3.134025
v 0.048501 2.138959 -3.134025
v 0.093109 2.116264 -3.134025
v 0.128639 2.080734 -2.936985
v 0.093109 2.116264 -2.936985
v 0.073886 2.032043 -4.743502
v 0.082763 2.010635 -4.743502
v 0.085792 1.987764 -4.743502
v 0.082763 1.964789 -4.743502
v 0.073886 1.943381 -4.743502
v 0.059788 1.925105 -4.743502
v -0.025742 2.073294 -4.743502
v 0.103336 1.988600 -4.743502
v 0.099472 2.016065 -4.743502
v 0.099890 1.961030 -4.743502
v 0.089551 1.935340 -4.743502
v 0.051016 1.896178 -4.743502
v 0.025534 1.885421 -4.743502
v 0.023864 2.090525 -4.743502
v 0.049554 2.080082 -4.743502
v -0.003707 2.093867 -4.743502
v 0.071589 2.063373 -4.743502
v -0.079524 1.943381 -4.743502
v -0.088401 1.964789 -4.743502
v -0.095189 2.040085 -4.743502
v -0.078480 2.062120 -4.743502
v -0.105632 2.014395 -4.743502
v -0.056654 2.079247 -4.743502
v -0.105110 1.959359 -4.743502
v -0.094354 1.933877 -4.743502
v -0.108974 1.986825 -4.743502
v -0.077227 1.912051 -4.743502
v -0.055192 1.895342 -4.743502
v -0.055818 1.894089 -4.792194
v -0.029501 1.885003 -4.743502
v -0.029815 1.883541 -4.792194
v -0.001931 1.881557 -4.743502
v -0.001931 1.880095 -4.792194
v -0.031172 2.090003 -4.743502
v -0.079524 2.063164 -4.792194
v 0.072842 1.913304 -4.743502
v 0.088716 2.041547 -4.743502
v 0.101352 1.960716 -4.792194
v 0.100934 2.016379 -4.792194
v 0.104798 1.988600 -4.792194
v 0.089969 2.042278 -4.792194
v -0.203014 2.052503 -7.921126
v -0.203014 1.921849 -7.921126
v -0.020235 2.108408 -7.922868
v 0.014550 2.108408 -7.922868
v -0.035372 2.112455 -7.922868
v -0.001715 2.116629 -7.922868
v 0.031781 2.111949 -7.922868
v -0.020235 1.865945 -7.922868
v -0.020235 1.865945 -8.149345
v 0.014550 1.865945 -8.149345
v 0.014550 1.865945 -7.922868
v -0.037305 1.862404 -7.922868
v -0.003809 1.857724 -7.922868
v 0.029687 1.861898 -7.922868
v 0.087984 1.894909 -7.921126
v 0.108758 1.921596 -7.921126
v -0.093185 2.079444 -7.852312
v -0.066614 2.099807 -7.852312
v -0.035372 2.112455 -7.852312
v -0.093668 2.079444 -7.921126
v -0.001715 2.116629 -7.852312
v 0.031781 2.111949 -7.852312
v -0.114442 2.052756 -7.852312
v -0.114442 2.052756 -7.921126
v -0.095118 1.896427 -7.852312
v -0.115409 1.923367 -7.852312
v -0.105585 1.928932 -7.703795
v -0.087066 1.904269 -7.703795
v -0.003809 1.857724 -7.852312
v -0.037305 1.862404 -7.852312
v -0.034406 1.873281 -7.703795
v -0.003809 1.868981 -7.703795
v 0.026789 1.872775 -7.703795
v 0.029687 1.861898 -7.852312
v -0.062749 1.885296 -7.703795
v -0.068546 1.875937 -7.852312
v -0.095118 1.896427 -7.921126
v -0.115409 1.923367 -7.921126
v -0.132318 1.988251 -7.852312
v -0.127648 2.021642 -7.852312
v -0.128131 1.954734 -7.852312
v -0.127648 2.021642 -7.921126
v -0.132318 1.988251 -7.921126
v -0.128131 1.954734 -7.921126
v 0.109885 2.050986 -7.852312
v 0.122446 2.019619 -7.852312
v 0.115360 1.986228 -7.703795
v 0.126633 1.986101 -7.852312
v 0.089433 2.077926 -7.852312
v 0.089433 2.077926 -7.921126
v 0.109885 2.050986 -7.921126
v 0.122446 2.019619 -7.921126
v 0.121963 1.952710 -7.852312
v 0.108758 1.921596 -7.852312
v 0.099095 1.927288 -7.703795
v 0.111012 1.955619 -7.703795
v 0.121963 1.952710 -7.921126
v 0.126633 1.986101 -7.921126
v 0.087984 1.894909 -7.852312
v 0.080093 1.902877 -7.703795
v 0.055454 1.884411 -7.703795
v -0.095484 1.935215 -5.464249
v -0.105890 1.961022 -5.464249
v -0.109324 1.988597 -5.464249
v -0.105474 2.016069 -5.464249
v -0.092259 1.949263 -5.495107
v -0.098814 1.973613 -5.495107
v -0.092259 1.949263 -5.464249
v -0.098814 1.973613 -5.464249
v -0.098814 1.998795 -5.464249
v -0.098814 1.998795 -5.495107
v 0.099835 1.959357 -5.464249
v 0.103685 1.986828 -5.464249
v 0.092655 1.999003 -5.464249
v 0.092655 1.973821 -5.464249
v 0.100251 2.014404 -5.464249
v 0.086099 1.949471 -5.495107
v 0.092655 1.973821 -5.495107
v 0.092655 1.999003 -5.495107
v -0.031176 1.885058 -5.464249
v -0.003704 1.881208 -5.464249
v -0.015567 1.890573 -5.464249
v -0.015567 1.890573 -5.495107
v 0.023872 1.884642 -5.464249
v 0.009616 1.890573 -5.464249
v 0.073092 2.062375 -5.464249
v 0.089845 2.040211 -5.464249
v 0.051135 2.079545 -5.464249
v -0.094652 2.041667 -5.464249
v 0.025537 2.090367 -5.464249
v -0.001935 2.094218 -5.464249
v -0.029511 2.090784 -5.464249
v -0.015775 2.081939 -5.495107
v -0.015775 2.081939 -5.464249
v -0.040125 2.075383 -5.495107
v 0.009407 2.082043 -5.495107
v 0.009407 2.082043 -5.464249
v -0.037530 2.136564 -4.792194
v -0.071170 2.122903 -4.792194
v -0.071170 2.122903 -5.415499
v -0.037530 2.136564 -5.415499
v -0.001584 2.140984 -5.415499
v -0.100063 2.100938 -5.415499
v -0.136552 2.038660 -5.415499
v -0.122445 2.072143 -5.415499
v -0.141571 2.002498 -5.415499
v -0.141571 2.002498 -4.792194
v 0.034363 2.135895 -5.415499
v 0.136097 2.000221 -5.415499
v 0.096217 2.099331 -5.415499
v 0.067732 2.121698 -5.415499
v 0.096217 2.099331 -4.792194
v 0.067732 2.121698 -4.792194
v -0.039836 1.866825 -5.415499
v -0.073205 1.881021 -5.415499
v 0.065697 1.879950 -5.415499
v 0.094590 1.901915 -5.415499
v 0.131079 1.964193 -5.415499
v 0.116971 1.930576 -5.415499
v -0.137095 1.966336 -5.415499
v -0.137095 1.966336 -4.792194
v -0.123530 1.932585 -4.792194
v -0.123530 1.932585 -5.415499
v -0.101691 1.903522 -5.415499
v -0.101691 1.903522 -4.792194
v -0.111363 1.958669 -8.245388
v -0.115206 1.987768 -8.245388
v -0.111363 2.016757 -8.245388
v -0.096320 1.987219 -8.245388
v -0.093245 2.011376 -8.245388
v -0.093245 1.962952 -8.245388
v -0.095551 1.987219 -8.249987
v -0.089841 1.973823 -8.254898
v -0.089841 2.000615 -8.254898
v -0.092586 2.011266 -8.249987
v -0.092586 1.963171 -8.249987
v -0.083253 1.940661 -8.249987
v -0.081496 1.947579 -8.255316
v -0.081496 2.026859 -8.255316
v -0.083253 2.033667 -8.249987
v 0.011290 1.900253 -8.256256
v -0.043173 2.065401 -8.255943
v -0.065354 2.049150 -8.255630
v -0.016930 1.900253 -8.256256
v -0.016930 2.074076 -8.256256
v 0.011290 2.074076 -8.256256
v 0.037534 2.065401 -8.255943
v -0.058986 2.085056 -8.149347
v -0.082264 2.067158 -8.149347
v -0.100163 2.043879 -8.149347
v -0.082264 2.067158 -8.245388
v -0.100163 2.043879 -8.245388
v -0.083912 2.033996 -8.245388
v -0.069088 2.053432 -8.245388
v -0.068539 2.052883 -8.249987
v -0.058986 2.085056 -8.245388
v -0.049652 2.068256 -8.245388
v 0.026224 2.096256 -8.149347
v -0.002765 2.100100 -8.149347
v -0.002875 2.100100 -8.245388
v 0.026224 2.096256 -8.245388
v -0.031863 2.096256 -8.245388
v -0.002765 2.080005 -8.249987
v -0.026922 2.076931 -8.249987
v 0.021283 2.076931 -8.249987
v 0.021392 2.077590 -8.245388
v -0.002765 2.080664 -8.245388
v -0.027032 2.077590 -8.245388
v -0.049323 2.067707 -8.249987
v -0.100163 1.931547 -8.245388
v -0.082264 1.908268 -8.245388
v -0.058986 1.890370 -8.245388
v -0.065354 1.925179 -8.255630
v -0.043173 1.908927 -8.255943
v -0.049652 1.906072 -8.245388
v -0.069088 1.921006 -8.245388
v -0.049323 1.906731 -8.249987
v -0.068539 1.921445 -8.249987
v -0.083912 1.940332 -8.245388
v 0.026224 1.879170 -8.245388
v -0.002875 1.875327 -8.245388
v -0.031863 1.879170 -8.245388
v -0.002765 1.893664 -8.245388
v -0.027032 1.896739 -8.245388
v 0.021392 1.896739 -8.245388
v -0.026922 1.897398 -8.249987
v -0.002765 1.894323 -8.249987
v 0.021283 1.897398 -8.249987
v 0.053346 2.085056 -8.149347
v 0.076625 2.067158 -8.149347
v 0.094523 2.043879 -8.149347
v 0.076625 2.067158 -8.245388
v 0.053346 2.085056 -8.245388
v 0.094523 2.043879 -8.245388
v 0.044013 2.068256 -8.245388
v 0.063448 2.053432 -8.245388
v 0.043683 2.067707 -8.249987
v 0.059715 2.049150 -8.255630
v 0.062899 2.052883 -8.249987
v 0.078272 2.033996 -8.245388
v 0.077613 2.033667 -8.249987
v 0.075856 2.026859 -8.255316
v 0.087606 2.011376 -8.245388
v 0.105724 2.016757 -8.245388
v 0.086947 2.011266 -8.249987
v 0.053346 1.890370 -8.245388
v 0.076625 1.908268 -8.245388
v 0.094523 1.931547 -8.245388
v 0.059715 1.925179 -8.255630
v 0.075856 1.947579 -8.255316
v 0.037534 1.908927 -8.255943
v 0.078272 1.940332 -8.245388
v 0.063448 1.921006 -8.245388
v 0.044013 1.906072 -8.245388
v 0.043683 1.906731 -8.249987
v 0.062899 1.921445 -8.249987
v 0.084202 2.000615 -8.254898
v 0.084202 1.973823 -8.254898
v 0.077613 1.940661 -8.249987
v 0.086947 1.963171 -8.249987
v 0.087606 1.962952 -8.245388
v 0.089911 1.987219 -8.249987
v 0.090680 1.987219 -8.245388
v 0.105724 1.958669 -8.245388
v 0.109567 1.987658 -8.245388
v 0.026883 1.876861 -3.134025
v 0.054562 1.888326 -3.134025
v 0.041479 1.910986 -4.082588
v 0.059828 1.925065 -4.082588
v 0.048466 1.834230 -3.134025
v -0.001038 1.826390 -3.134025
v -0.002819 1.899116 -4.743503
v -0.025750 1.902135 -4.743503
v 0.020111 1.902135 -4.743503
v 0.041479 1.910986 -4.743503
v 0.026883 2.098565 -3.134025
v 0.054562 2.087100 -3.134025
v -0.002819 2.102475 -3.134025
v -0.002819 2.076310 -4.082588
v 0.041479 2.064440 -4.743503
v 0.020111 2.073291 -4.743503
v -0.002819 2.076310 -4.743503
v 0.059828 2.050360 -4.743503
v 0.059828 2.050360 -4.082588
v -0.065467 2.050360 -4.743503
v -0.047118 2.064440 -4.743503
v -0.047118 2.064440 -4.082588
v -0.079546 2.032012 -4.743503
v -0.088397 2.010907 -4.743503
v -0.091416 1.987713 -4.082588
v -0.091416 1.987713 -4.743503
v -0.065467 1.925065 -4.082588
v -0.047118 1.910986 -4.743503
v -0.065467 1.925065 -4.743503
v -0.083969 2.068862 -3.134025
v -0.102207 2.045094 -3.134025
v -0.117582 1.987713 -3.134025
v -0.113672 1.958010 -3.134025
v -0.088397 1.964782 -4.082588
v -0.130641 2.080749 -3.134025
v -0.153395 2.036091 -3.134025
v -0.161236 1.986588 -3.134025
v -0.025750 2.073291 -4.082588
v -0.032522 2.098565 -3.134025
v -0.060201 2.087100 -3.134025
v -0.032522 1.876861 -3.134025
v -0.060200 1.888326 -3.134025
v -0.079546 1.943415 -4.082588
v -0.095200 1.856985 -3.134025
v -0.050542 1.834230 -3.134025
v -0.130641 1.892426 -3.134025
v -0.153395 1.937083 -3.134025
v 0.096568 1.930331 -3.134025
v 0.073907 1.943415 -4.082588
v 0.108032 1.958010 -3.134025
v 0.082758 1.964782 -4.082588
v 0.111943 1.987713 -3.134025
v 0.085777 1.987713 -4.082588
v 0.082758 2.010644 -4.082588
v 0.073907 2.032012 -4.082588
v 0.096568 2.045094 -3.134025
v 0.078330 2.068862 -3.134025
v 0.093124 1.856985 -3.134025
v 0.128565 1.892426 -3.134025
v 0.151319 1.937083 -3.134025
v 0.128565 2.080749 -3.134025
v 0.151319 2.036091 -3.134025
v 0.159160 1.986588 -3.134025
v 0.041479 1.910986 -7.703796
v 0.059828 1.925065 -7.703796
v 0.020111 1.902135 -7.703796
v 0.073907 1.943415 -5.495106
v 0.073907 1.943415 -7.703796
v -0.002819 1.899116 -5.495106
v -0.002819 1.899116 -7.703796
v -0.025750 1.902135 -7.703796
v -0.025750 1.902135 -5.495108
v 0.073568 1.927598 -5.464251
v 0.073568 1.927598 -5.495106
v 0.049681 1.895043 -5.464249
v 0.033959 1.897135 -5.464249
v 0.088982 1.933709 -5.464249
v 0.086145 1.949436 -5.464251
v 0.033959 1.897135 -5.495106
v 0.009625 1.890586 -5.495106
v 0.076002 1.907596 -5.415498
v 0.094051 1.930726 -5.415498
v 0.052580 1.889926 -5.415498
v 0.085777 1.987713 -5.495106
v 0.085777 1.987713 -7.703796
v 0.082758 1.964782 -7.703796
v 0.082758 1.964782 -5.495106
v 0.082758 2.010644 -5.495106
v 0.082758 2.010643 -7.703796
v -0.091416 1.987713 -5.495106
v -0.088397 2.010643 -7.703794
v -0.088397 2.010840 -5.495106
v -0.088397 1.964782 -5.495106
v -0.079546 1.943415 -5.495106
v -0.065467 1.925065 -7.703796
v -0.117216 1.957521 -7.703796
v -0.120993 1.988139 -7.703794
v -0.116717 2.018692 -7.703794
v -0.065467 1.925065 -5.495106
v -0.047118 1.910986 -7.703796
v -0.061761 1.909628 -5.464249
v -0.039923 1.897052 -5.464249
v -0.039923 1.897052 -5.495104
v -0.079600 1.927428 -5.495106
v -0.079600 1.927428 -5.464249
v -0.078744 1.913017 -5.464249
v -0.056824 1.895911 -5.464249
v -0.079546 2.032012 -7.703796
v -0.065467 2.050360 -7.703796
v -0.047118 2.064440 -5.495104
v -0.061932 2.062797 -5.495106
v -0.061932 2.062798 -5.464249
v -0.079731 2.044958 -5.464249
v -0.055320 2.080383 -5.464249
v -0.077516 2.063637 -5.464251
v -0.040123 2.075422 -5.464249
v -0.092307 2.023120 -5.464249
v -0.092307 2.023121 -5.495106
v -0.058219 2.085500 -5.415498
v -0.081640 2.067830 -5.415498
v -0.025750 2.073291 -5.495104
v -0.002819 2.076310 -5.495106
v 0.041479 2.064440 -5.495106
v 0.055599 2.062928 -5.464249
v 0.055599 2.062928 -5.495106
v 0.073438 2.045129 -5.464249
v 0.033761 2.075504 -5.464251
v 0.033761 2.075504 -5.495106
v 0.086062 2.023320 -5.495106
v 0.086062 2.023320 -5.464249
v 0.020111 2.073291 -5.495104
v 0.057102 2.089036 -7.703794
v 0.081423 2.070056 -7.703794
v 0.100004 2.045429 -7.703796
v 0.111577 2.016830 -7.703796
v 0.028697 2.101074 -7.703796
v -0.001856 2.105350 -7.703796
v -0.085700 2.071419 -7.703794
v -0.104679 2.047097 -7.703796
v -0.061072 2.089999 -7.703796
v -0.032475 2.101572 -7.703794
v -0.106543 1.959012 -4.792195
v -0.110437 1.986835 -4.792195
v -0.106997 2.014719 -4.792195
v -0.095580 1.933144 -4.792195
v -0.078296 1.910995 -4.792195
v 0.025881 1.883989 -4.792195
v -0.039769 1.866825 -4.792195
v -0.073140 1.881044 -4.792195
v -0.003875 1.861775 -4.792195
v 0.032097 1.866239 -4.792195
v -0.031520 2.091437 -4.792195
v -0.003697 2.095331 -4.792195
v 0.024187 2.091891 -4.792195
v -0.001599 2.140984 -4.792195
v 0.034296 2.135935 -4.792195
v -0.057389 2.080474 -4.792195
v -0.096458 2.040762 -4.792195
v -0.100103 2.100895 -4.792195
v -0.122402 2.072163 -4.792195
v -0.136546 2.038606 -4.792195
v 0.073898 1.912236 -4.792195
v 0.051749 1.894952 -4.792195
v 0.094629 1.901864 -4.792195
v 0.065695 1.879912 -4.792195
v 0.050230 2.081351 -4.792195
v 0.072658 2.064430 -4.792195
v 0.090819 1.934664 -4.792195
v 0.131073 1.964154 -4.792193
v 0.136098 2.000248 -4.792195
v 0.116929 1.930597 -4.792195
v 0.131661 2.036418 -4.792193
v 0.118066 2.070202 -4.792195
v -0.203014 2.052449 -8.149348
v -0.203014 1.921905 -8.149345
v -0.111377 1.958625 -8.149347
v -0.115206 1.987713 -8.149345
v -0.111377 2.016801 -8.149347
v -0.082289 1.908244 -8.149345
v -0.100149 1.931520 -8.149345
v -0.059013 1.890383 -8.149345
v -0.079574 2.090194 -7.923041
v -0.020168 2.108359 -8.149348
v -0.079555 2.090199 -7.921063
v 0.014529 2.108359 -8.149348
v -0.066632 2.099813 -7.922801
v -0.079344 1.884088 -7.922916
v -0.002819 1.875326 -8.149345
v -0.031907 1.879156 -8.149345
v 0.026268 1.879156 -8.149345
v -0.068460 1.875595 -7.922916
v 0.197375 1.921905 -8.149345
v 0.072969 1.883863 -7.922897
v 0.072945 1.883856 -7.921062
v 0.197375 1.921905 -7.921062
v 0.076650 1.908244 -8.149345
v 0.053374 1.890383 -8.149345
v 0.094510 1.931520 -8.149345
v 0.105738 1.958625 -8.149347
v 0.109567 1.987713 -8.149345
v 0.197375 2.052449 -8.149348
v 0.105738 2.016801 -8.149347
v 0.072735 2.090561 -7.923069
v 0.197375 2.052448 -7.921063
v 0.073396 1.884207 -7.921063
v 0.060993 1.874539 -7.923034
v 0.072711 2.090568 -7.921063
v 0.062821 2.098758 -7.922916
v -0.079326 1.884083 -7.921062
v 0.062916 2.098242 -7.852424
v 0.073133 2.090220 -7.921063
v 0.061089 1.875050 -7.852424
v -0.082936 1.908892 -5.415498
v -0.100607 1.932313 -5.415498
v -0.111613 1.959510 -5.415498
v -0.115205 1.988629 -5.415498
v -0.111139 2.017686 -5.415498
v 0.105500 1.957740 -5.415498
v 0.109567 1.986797 -5.415498
v 0.105974 2.015915 -5.415498
v -0.032792 1.879393 -5.415498
v -0.059806 1.890842 -5.415498
v -0.003736 1.875327 -5.415499
v 0.025383 1.878919 -5.415498
v 0.032097 1.866239 -5.415499
v -0.003875 1.861775 -5.415499
v 0.077297 2.066534 -5.415499
v 0.094968 2.043112 -5.415498
v 0.118066 2.070202 -5.415499
v 0.131661 2.036418 -5.415498
v 0.054167 2.084584 -5.415499
v -0.099690 2.044699 -5.415498
v 0.027153 2.096032 -5.415498
v -0.001903 2.100099 -5.415498
v -0.031022 2.096507 -5.415498
v -0.031907 2.096270 -8.149348
vn -0.0000 -0.0000 1.0000
vn 0.9235 0.3825 0.0273
vn 0.9235 0.3827 0.0273
vn 0.3825 0.9235 0.0274
vn 0.3834 0.9232 0.0273
vn 0.6085 -0.7931 0.0273
vn 0.6076 -0.7938 0.0273
vn 0.1305 -0.9911 0.0273
vn 0.7931 0.6085 0.0274
vn 0.7939 0.6074 0.0273
vn 0.6072 0.7941 0.0274
vn 0.6086 0.7930 0.0273
vn 0.1307 0.9910 0.0273
vn 0.1316 0.9909 0.0273
vn -0.6085 -0.7931 0.0273
vn -0.6108 -0.7913 0.0273
vn -0.9911 0.1305 0.0273
vn -0.9235 0.3825 0.0273
vn -0.7931 0.6085 0.0273
vn -0.7940 0.6073 0.0274
vn -0.9235 -0.3825 0.0273
vn -0.9236 -0.3824 0.0273
vn -0.7931 -0.6085 0.0273
vn -0.9911 -0.1305 0.0273
vn 0.3825 -0.9235 0.0273
vn 0.3826 -0.9235 0.0273
vn -0.1306 -0.9911 0.0273
vn -0.1305 -0.9911 0.0273
vn -0.3825 -0.9235 0.0273
vn -0.3798 -0.9247 0.0274
vn -0.3827 0.9239 -0.0000
vn -0.3831 0.9237 -0.0000
vn -0.6088 -0.7934 -0.0000
vn -0.6110 -0.7916 0.0001
vn -0.1305 -0.9914 -0.0000
vn -0.1307 -0.9914 -0.0000
vn -0.3827 -0.9239 -0.0000
vn -0.3799 -0.9250 0.0001
vn -0.6085 0.7931 0.0274
vn -0.6072 0.7941 0.0273
vn -0.1303 0.9911 0.0273
vn -0.1309 0.9910 0.0273
vn -0.3829 0.9234 0.0273
vn -0.3825 0.9235 0.0273
vn -0.1305 0.9914 -0.0000
vn -0.1310 0.9914 -0.0000
vn 0.1305 0.9914 -0.0000
vn 0.1316 0.9913 0.0001
vn 0.9908 -0.1326 0.0273
vn 0.9911 -0.1305 0.0274
vn 0.9236 -0.3824 0.0273
vn 0.9231 -0.3836 0.0273
vn 0.7931 -0.6085 0.0273
vn 0.7939 -0.6075 0.0274
vn 0.9911 0.1305 0.0273
vn 0.9222 -0.3867 -0.0000
vn 0.9213 -0.3888 0.0001
vn 0.7934 -0.6088 -0.0000
vn 0.7942 -0.6077 -0.0000
vn 0.6088 -0.7934 -0.0000
vn 0.6078 -0.7941 -0.0000
vn 0.3827 0.9239 -0.0000
vn 0.3835 0.9235 -0.0000
vn 0.6087 0.7934 -0.0000
vn 0.6089 0.7933 -0.0000
vn 0.9916 -0.1291 -0.0000
vn 0.9919 -0.1273 0.0001
vn 0.3827 -0.9239 -0.0000
vn 0.3821 -0.9241 -0.0000
vn 0.1305 -0.9914 -0.0000
vn 0.1288 -0.9917 -0.0000
vn -0.0134 -0.0043 0.9999
vn -0.0163 -0.0002 0.9999
vn 0.5980 -0.7926 0.1188
vn -0.6063 -0.7952 -0.0000
vn -0.6083 -0.7937 -0.0000
vn -0.7063 -0.7079 -0.0005
vn -0.7059 -0.7084 -0.0000
vn -0.7944 -0.6074 -0.0000
vn -0.9237 -0.3832 -0.0000
vn 0.8665 -0.4991 -0.0000
vn 0.8666 -0.4990 0.0001
vn 0.6083 -0.7937 -0.0000
vn 0.6107 -0.7918 -0.0000
vn 0.7079 -0.7063 -0.0000
vn 0.7076 -0.7066 -0.0003
vn 0.7944 -0.6074 -0.0000
vn 0.9239 -0.3827 -0.0000
vn 0.9224 -0.3863 -0.0000
vn -0.0001 -0.0000 1.0000
vn -0.0001 0.0001 1.0000
vn -0.0071 0.0188 0.9998
vn -0.0020 0.0175 0.9998
vn 0.0001 -0.0000 -1.0000
vn -0.0000 -0.0000 -1.0000
vn -0.0000 0.0001 -1.0000
vn -0.0001 -0.0000 -1.0000
vn -0.4990 -0.8666 -0.0000
vn -0.8655 -0.5010 -0.0000
vn -0.8656 -0.5008 -0.0002
vn 0.0073 0.0191 0.9998
vn 0.0018 0.0173 0.9998
vn -0.1288 -0.9917 -0.0000
vn 0.0145 -0.0038 0.9999
vn 0.0177 0.0007 0.9998
vn -0.3865 -0.9223 -0.0000
vn -0.5025 0.8645 -0.0000
vn -0.0012 -0.0145 0.9999
vn 0.0081 -0.0195 0.9998
vn -0.0000 0.0002 1.0000
vn -0.0002 0.0002 1.0000
vn -0.5980 0.7927 0.1188
vn -0.5970 0.7935 0.1180
vn -0.9914 0.1305 -0.0000
vn 0.0065 -0.0240 0.9997
vn -0.0077 -0.0112 0.9999
vn -0.7829 0.6109 0.1181
vn -0.7835 0.6099 0.1188
vn -0.0000 -0.0001 1.0000
vn -0.7934 0.6088 -0.0000
vn -0.7946 0.6072 -0.0000
vn -0.6087 0.7934 -0.0000
vn -0.6063 0.7952 -0.0000
vn -0.3833 0.9236 -0.0000
vn 0.0161 -0.0044 0.9999
vn 0.0153 -0.0003 0.9999
vn -0.1305 0.9915 -0.0000
vn -0.7066 0.7076 -0.0000
vn -0.7066 0.7077 -0.0000
vn 0.0201 0.0184 0.9996
vn -0.0381 -0.0347 0.9987
vn 0.0047 -0.0124 0.9999
vn 0.3820 0.9242 -0.0000
vn 0.4986 0.8668 -0.0000
vn 0.4990 0.8666 -0.0004
vn 0.7932 0.6089 -0.0000
vn 0.7934 0.6087 -0.0000
vn 0.7063 0.7079 -0.0000
vn 0.7067 0.7075 -0.0005
vn 0.0024 0.0141 0.9999
vn 0.6096 0.7927 -0.0000
vn 0.9916 -0.1294 -0.0000
vn 0.9914 -0.1306 -0.0000
vn 0.9914 0.1305 -0.0000
vn 0.9916 0.1290 -0.0000
vn -0.9914 -0.1305 -0.0000
vn -0.9239 0.3827 -0.0000
vn 0.9239 0.3827 -0.0000
vn 0.9233 0.3841 -0.0000
vn -0.1563 -0.9877 -0.0000
vn 0.8910 -0.4540 0.0003
vn 0.8913 -0.4535 0.0001
vn 0.9877 -0.1564 -0.0001
vn 0.9878 -0.1558 0.0001
vn 0.9877 0.1564 0.0001
vn 0.9877 0.1563 0.0001
vn 1.0000 -0.0000 -0.0000
vn -1.0000 -0.0000 -0.0000
vn 0.7077 -0.7065 0.0002
vn 0.7071 -0.7071 -0.0000
vn 0.4535 -0.8913 -0.0000
vn 0.1558 -0.9878 -0.0000
vn 0.1564 0.9877 -0.0001
vn 0.1558 0.9878 0.0001
vn -0.1564 0.9877 0.0001
vn -0.1563 0.9877 0.0001
vn -0.8910 0.4540 0.0003
vn -0.8913 0.4535 0.0001
vn -0.4540 0.8910 0.0001
vn -0.4535 0.8913 0.0003
vn 0.4540 0.8910 0.0003
vn 0.4535 0.8913 0.0001
vn 0.8910 0.4540 0.0001
vn 0.8913 0.4535 0.0003
vn 0.7071 0.7071 0.0002
vn -0.9877 -0.1564 -0.0001
vn -0.9878 -0.1558 0.0001
vn -0.9877 0.1564 0.0001
vn -0.9877 0.1563 0.0001
vn -0.7071 -0.7071 0.0002
vn -0.7077 -0.7065 -0.0000
vn -0.8910 -0.4540 0.0001
vn -0.8913 -0.4535 0.0003
vn -0.7071 0.7071 0.0002
vn -0.4535 -0.8913 -0.0000
vn 0.9235 0.3835 -0.0000
vn 0.1308 0.9914 -0.0000
vn -0.7939 -0.6080 -0.0000
vn -0.9235 -0.3835 -0.0000
vn -0.1308 0.9914 -0.0000
vn 0.7964 -0.6048 -0.0000
vn 0.9235 -0.3835 -0.0000
vn 0.9914 0.1308 -0.0000
vn 0.9914 -0.1308 -0.0000
vn 0.3835 -0.9235 -0.0000
vn 0.6080 0.7939 -0.0000
vn 0.7945 0.6073 -0.0000
vn 0.1308 -0.9914 -0.0000
vn 0.6048 -0.7964 -0.0000
vn -0.0000 -1.0000 -0.0000
vn -0.0000 1.0000 -0.0000
vn -0.3835 -0.9235 -0.0000
vn -0.1308 -0.9914 -0.0000
vn -0.9914 0.1308 -0.0000
vn -0.9914 -0.1308 -0.0000
vn -0.6073 -0.7945 -0.0000
vn -0.7921 0.6104 -0.0000
vn -0.9235 0.3835 -0.0000
vn -0.6104 0.7921 -0.0000
vn -0.3835 0.9235 -0.0000
vn 0.6157 -0.7874 -0.0301
vn 0.6171 -0.7864 -0.0291
vn 0.3900 -0.9203 -0.0291
vn 0.3887 -0.9209 -0.0299
vn 0.7974 -0.6027 -0.0292
vn 0.7965 -0.6039 -0.0300
vn 0.9266 -0.3750 -0.0285
vn 0.9260 -0.3764 -0.0294
vn -0.1386 0.9899 -0.0301
vn -0.1393 0.9898 -0.0297
vn 0.1226 0.9920 -0.0298
vn 0.1240 0.9918 -0.0306
vn -0.1224 -0.9920 -0.0298
vn -0.1203 -0.9923 -0.0286
vn 0.1385 -0.9899 -0.0301
vn 0.1393 -0.9898 -0.0297
vn -0.7876 -0.6155 -0.0306
vn -0.7864 -0.6171 -0.0295
vn -0.9920 0.1226 -0.0298
vn -0.9918 0.1240 -0.0306
vn -0.9205 -0.3897 -0.0295
vn -0.9209 -0.3887 -0.0302
vn -0.0000 -0.0001 -1.0000
vn -0.3900 0.9203 -0.0290
vn -0.3887 0.9209 -0.0299
vn -0.6149 0.7880 -0.0291
vn -0.6170 0.7863 -0.0306
vn -0.6020 -0.7979 -0.0291
vn -0.6039 -0.7964 -0.0305
vn -0.9267 0.3746 -0.0302
vn -0.9273 0.3732 -0.0293
vn -0.9900 -0.1377 -0.0306
vn -0.9898 -0.1392 -0.0297
vn -0.3750 -0.9266 -0.0285
vn -0.3764 -0.9260 -0.0294
vn -0.7979 0.6020 -0.0305
vn -0.7965 0.6040 -0.0291
vn 0.9915 0.1304 -0.0000
vn 0.7933 0.6088 -0.0000
vn 0.9237 0.3830 -0.0000
vn -0.9914 0.1307 -0.0000
vn -0.9913 -0.1313 -0.0000
vn -0.7934 -0.6088 -0.0000
vn -0.7933 -0.6089 -0.0000
vn -0.9239 -0.3827 -0.0000
vn -0.9237 -0.3830 -0.0000
vn -0.7934 0.6088 0.0001
vn -0.7918 0.6108 -0.0000
vn 0.1304 -0.9915 -0.0000
vn -0.9237 0.3830 -0.0000
vn -0.6107 0.7919 -0.0000
vn -0.6087 0.7934 0.0001
vn 0.6008 0.7989 -0.0283
vn 0.6039 0.7964 -0.0305
vn 0.9203 0.3900 -0.0291
vn 0.9209 0.3887 -0.0299
vn 0.7880 0.6149 -0.0306
vn 0.7864 0.6171 -0.0291
vn 0.3757 0.9262 -0.0302
vn 0.3732 0.9273 -0.0287
vn 0.9899 0.1385 -0.0301
vn 0.9898 0.1393 -0.0297
vn 0.9920 -0.1224 -0.0298
vn 0.9923 -0.1203 -0.0286
vn -0.0021 0.0085 -1.0000
vn 0.2921 0.9564 -0.0000
vn -0.0018 -0.0076 -1.0000
vn 0.9205 -0.3907 -0.0000
vn -0.7965 -0.6047 -0.0000
vn -0.9283 -0.3718 -0.0000
vn -0.6136 -0.7863 -0.0727
vn -0.6063 -0.7917 -0.0746
vn -0.9243 -0.3741 -0.0755
vn -0.9257 -0.3707 -0.0747
vn -0.9897 -0.1223 -0.0747
vn -0.9895 -0.1236 -0.0750
vn -0.7961 -0.6006 -0.0748
vn -0.7942 -0.6029 -0.0754
vn 0.6153 0.7883 -0.0031
vn 0.3975 0.9176 -0.0040
vn 0.3899 0.9209 -0.0000
vn 0.7988 0.6016 -0.0000
vn 0.6135 0.7863 -0.0735
vn 0.6089 0.7897 -0.0747
vn 0.3964 0.9151 -0.0731
vn 0.3892 0.9181 -0.0748
vn 0.6159 0.7878 -0.0032
vn 0.6107 0.7919 -0.0000
vn 0.9875 -0.1382 -0.0754
vn 0.9875 -0.1381 -0.0754
vn 0.9904 -0.1385 -0.0000
vn 0.9923 0.1240 -0.0000
vn 0.9267 0.3758 -0.0000
vn 0.9897 0.1221 -0.0750
vn 0.9895 0.1236 -0.0754
vn 0.9241 0.3748 -0.0749
vn 0.9237 0.3758 -0.0752
vn 0.9181 -0.3891 -0.0753
vn 0.9179 -0.3896 -0.0752
vn -0.4021 -0.9127 -0.0723
vn -0.3891 -0.9181 -0.0753
vn -0.7869 0.6125 -0.0747
vn -0.7869 0.6126 -0.0747
vn -0.7891 0.6143 -0.0000
vn 0.0007 -0.0003 -1.0000
vn 0.0007 0.0005 -1.0000
vn 0.0026 0.0087 -1.0000
vn -0.9923 -0.1240 -0.0000
vn -0.5940 0.8045 0.0008
vn -0.5915 0.8063 -0.0000
vn -0.6143 0.7891 -0.0049
vn -0.3745 0.9272 -0.0062
vn -0.3863 0.9224 -0.0000
vn -0.5981 0.7981 -0.0729
vn -0.5922 0.8024 -0.0745
vn -0.3751 0.9241 -0.0724
vn -0.3855 0.9197 -0.0749
vn -0.9192 0.3866 -0.0753
vn -0.9180 0.3896 -0.0747
vn -0.9875 0.1381 -0.0755
vn -0.9873 0.1402 -0.0751
vn -0.9205 0.3907 -0.0000
vn -0.6082 -0.7938 0.0022
vn -0.6022 -0.7984 -0.0000
vn -0.6372 -0.7707 -0.0048
vn -0.4029 -0.9152 -0.0062
vn -0.3911 -0.9203 -0.0000
vn -0.9904 0.1385 -0.0000
vn 0.0009 -0.0000 -1.0000
vn 0.0010 -0.0001 -1.0000
vn 0.0007 0.0003 -1.0000
vn 0.0008 0.0001 -1.0000
vn -0.2932 0.9560 -0.0005
vn -0.2927 0.9562 -0.0000
vn -0.0013 -0.0016 1.0000
vn -0.0005 0.0025 1.0000
vn -0.2923 0.9563 0.0001
vn -0.2924 0.9563 -0.0000
vn 0.0001 -0.0001 1.0000
vn -0.2924 -0.9563 -0.0000
vn -0.2932 -0.9560 0.0002
vn -0.0000 0.0001 1.0000
vn 0.2924 -0.9563 -0.0000
vn 0.2934 -0.9560 0.0003
vn 0.2920 -0.9564 0.0002
vn -0.0000 -1.0000 0.0002
vn -0.0001 -0.0001 1.0000
vn 0.0081 -0.0357 0.9993
vn 0.0009 0.0033 1.0000
vn 0.2920 0.9564 0.0002
vn 0.2934 0.9560 -0.0006
vn 0.2927 0.9562 -0.0000
vn -0.0000 -0.0002 -1.0000
vn 0.7861 -0.6135 -0.0751
vn 0.7801 -0.6214 -0.0729
vn 0.7891 -0.6143 -0.0000
vn 0.7822 -0.6230 -0.0055
vn 0.7974 0.5988 -0.0748
vn 0.7965 0.5999 -0.0752
vn 0.1388 0.9875 -0.0748
vn 0.1380 0.9876 -0.0750
vn -0.1227 0.9896 -0.0749
vn -0.1233 0.9895 -0.0750
vn 0.1384 0.9904 -0.0000
vn -0.1237 0.9923 -0.0000
vn -0.0036 -0.0231 0.9997
vn 0.0005 -0.0024 1.0000
vn 0.6007 -0.7961 -0.0733
vn 0.6066 -0.7915 -0.0749
vn 0.3741 -0.9244 -0.0750
vn 0.3742 -0.9243 -0.0750
vn 0.0007 -0.0006 -1.0000
vn 0.0031 -0.0101 -0.9999
vn 0.0082 -0.0251 0.9997
vn 0.0021 0.0079 1.0000
vn -0.2923 -0.9563 -0.0000
vn 0.6062 -0.7953 -0.0030
vn 0.6083 -0.7937 -0.0043
vn 0.1221 -0.9897 -0.0749
vn 0.1227 -0.9896 -0.0750
vn -0.1384 -0.9904 -0.0000
vn 0.1231 -0.9924 -0.0000
vn 0.5968 -0.8024 -0.0002
vn 0.3749 -0.9271 -0.0002
vn 0.3753 -0.9269 -0.0000
vn -0.1382 -0.9875 -0.0751
vn -0.1380 -0.9876 -0.0752
vn -0.6108 -0.7827 0.1195
vn -0.6116 -0.7822 0.1189
vn 0.7828 -0.6108 0.1188
vn 0.7829 -0.6107 0.1189
vn 0.9142 -0.3875 0.1186
vn 0.9145 -0.3866 0.1191
vn -0.9652 -0.2617 -0.0000
vn -0.0005 1.0000 0.0004
vn -0.0000 -0.0002 1.0000
vn -0.3711 0.9210 0.1187
vn -0.3725 0.9203 0.1196
vn -0.2602 0.9655 -0.0000
vn -0.2599 0.9656 0.0003
vn -0.7926 -0.5980 0.1189
vn -0.7920 -0.5987 0.1194
vn -0.9203 -0.3724 0.1196
vn -0.9209 -0.3713 0.1189
vn -0.2593 -0.9658 -0.0000
vn -0.0001 0.0002 1.0000
vn -0.0001 0.0003 1.0000
vn 0.0041 -1.0000 -0.0000
vn 0.0001 -0.0000 1.0000
vn 0.0001 0.0002 1.0000
vn -0.0001 -0.0002 1.0000
vn -0.1376 -0.9833 0.1188
vn -0.1378 -0.9833 0.1187
vn 0.3711 -0.9210 0.1187
vn 0.3725 -0.9203 0.1196
vn -0.3874 -0.9142 0.1186
vn -0.3866 -0.9145 0.1191
vn 0.1216 -0.9854 0.1188
vn 0.1227 -0.9852 0.1195
vn 0.4999 -0.8661 -0.0000
vn 0.5010 -0.8655 0.0011
vn 0.2600 -0.9656 0.0012
vn 0.2586 -0.9660 -0.0000
vn -0.0001 0.0004 1.0000
vn -0.1216 0.9854 0.1194
vn -0.1227 0.9853 0.1188
vn 0.9660 -0.2584 -0.0000
vn 0.9656 0.2600 -0.0000
vn -0.9142 0.3874 0.1188
vn -0.9144 0.3869 0.1191
vn 0.9833 -0.1376 0.1188
vn 0.9833 -0.1378 0.1187
vn 0.9854 0.1216 0.1188
vn 0.9852 0.1227 0.1195
vn 0.7926 0.5980 0.1189
vn 0.7928 0.5978 0.1188
vn 0.9203 0.3724 0.1196
vn 0.9209 0.3713 0.1189
vn 0.8651 0.5015 -0.0000
vn 0.1376 0.9833 0.1188
vn 0.1378 0.9833 0.1187
vn 0.6108 0.7828 0.1188
vn 0.6109 0.7828 0.1188
vn 0.3874 0.9142 0.1188
vn 0.3869 0.9144 0.1191
vn 0.2571 0.9664 -0.0000
vn -0.9854 -0.1216 0.1188
vn -0.9852 -0.1227 0.1195
vn -0.9662 0.2580 0.0017
vn -0.9656 0.2600 -0.0000
vn -0.0002 0.0001 1.0000
vn -0.9833 0.1376 0.1188
vn -0.9833 0.1378 0.1187
vn -0.8666 0.4990 -0.0000
vn -0.8677 0.4971 0.0018
vn -0.9215 0.3884 -0.0001
vn -0.9221 0.3870 -0.0000
vn -0.9904 0.1379 -0.0000
vn -0.9904 0.1380 -0.0000
vn -0.1231 0.9924 -0.0000
vn 0.1393 0.9902 -0.0000
vn 0.1391 0.9903 -0.0000
vn -0.1393 -0.9903 -0.0000
vn -0.1402 -0.9901 -0.0000
vn 0.3920 0.9200 -0.0001
vn 0.3915 0.9202 -0.0000
vn -0.3770 0.9262 -0.0000
vn -0.3778 0.9259 0.0001
vn 0.7995 0.6007 -0.0000
vn 0.6186 0.7857 -0.0001
vn 0.6198 0.7847 -0.0000
vn -0.0001 -0.0001 -1.0000
vn -0.6044 0.7967 -0.0000
vn -0.6052 0.7961 0.0001
vn -0.7900 0.6131 -0.0001
vn -0.7882 0.6155 0.0001
vn 0.9279 0.3729 -0.0000
vn 0.9924 0.1228 -0.0000
vn -0.3918 -0.9201 -0.0000
vn -0.3915 -0.9202 -0.0000
vn 0.7900 -0.6131 -0.0000
vn 0.7895 -0.6137 -0.0000
vn 0.9905 -0.1378 -0.0000
vn 0.9905 -0.1375 -0.0000
vn 0.6052 -0.7961 -0.0000
vn 0.6054 -0.7959 -0.0000
vn 0.1221 -0.9925 -0.0000
vn 0.1220 -0.9925 -0.0000
vn 0.3763 -0.9265 -0.0000
vn 0.9215 -0.3884 -0.0000
vn 0.9215 -0.3883 -0.0001
vn -0.6176 -0.7865 -0.0000
vn -0.8000 -0.6000 -0.0000
vn -0.9277 -0.3733 -0.0000
vn -0.9926 -0.1217 -0.0000
vn -0.9926 -0.1216 -0.0000
vn -0.6024 -0.7809 0.1652
vn -0.6007 -0.7876 0.1371
vn -0.3044 -0.7394 0.6005
vn -0.2353 -0.6869 0.6877
vn -0.4612 -0.5978 0.6557
vn -0.4393 -0.5865 0.6805
vn -0.3817 -0.9243 -0.0000
vn -0.7928 -0.6095 -0.0000
vn -0.9140 -0.3808 0.1401
vn -0.9128 -0.3768 0.1578
vn -0.6088 0.7933 0.0001
vn -0.6095 0.7928 0.0004
vn -0.7844 -0.6005 0.1554
vn -0.7842 -0.5981 0.1651
vn -0.3773 -0.9160 0.1364
vn -0.3776 -0.9153 0.1401
vn -0.5756 -0.4069 0.7093
vn -0.6049 -0.4631 0.6478
vn -0.6095 -0.7928 -0.0000
vn -0.1061 0.8303 0.5472
vn 0.1250 0.9817 0.1437
vn 0.1244 0.9822 0.1407
vn -0.1256 0.9821 0.1407
vn -0.1250 0.9817 0.1437
vn 0.1057 0.8307 0.5466
vn -0.0000 0.7266 0.6871
vn 0.3817 0.9243 0.0003
vn 0.3096 0.7430 0.5934
vn 0.2353 0.6869 0.6876
vn 0.3809 0.9140 0.1401
vn 0.3766 0.9128 0.1578
vn -0.9791 0.1207 0.1637
vn -0.9814 0.1243 0.1465
vn -0.9786 -0.1246 0.1636
vn -0.9822 -0.1211 0.1436
vn -0.6268 -0.1872 0.7564
vn -0.7224 -0.3010 0.6225
vn -0.7675 0.0946 0.6341
vn -0.7208 0.2989 0.6254
vn -0.6268 0.1872 0.7564
vn -0.9141 0.3772 0.1490
vn -0.9122 0.3782 0.1578
vn -0.6521 -0.0000 0.7581
vn -0.7675 -0.0946 0.6341
vn -0.9914 -0.1305 0.0001
vn -0.9914 -0.1309 0.0002
vn -0.9914 0.1305 0.0002
vn -0.9913 0.1314 -0.0001
vn -0.9239 -0.3826 0.0003
vn -0.9243 -0.3817 -0.0000
vn -0.9243 0.3817 0.0003
vn -0.7849 0.6009 0.1511
vn -0.7838 0.6013 0.1554
vn -0.4591 0.5995 0.6557
vn -0.4425 0.5909 0.6746
vn -0.6006 0.7843 0.1554
vn -0.6026 0.7844 0.1469
vn -0.3827 0.9239 0.0003
vn -0.3817 0.9243 -0.0000
vn -0.7934 0.6088 0.0004
vn -0.7928 0.6095 0.0001
vn -0.0101 -0.0055 0.9999
vn -0.0091 -0.0074 0.9999
vn -0.0186 -0.0000 0.9998
vn -0.0282 0.0070 0.9996
vn -0.0038 -0.0148 0.9999
vn -0.6049 0.4631 0.6478
vn -0.5737 0.4035 0.7127
vn -0.0174 0.0014 0.9998
vn -0.0139 0.0003 0.9999
vn -0.3095 0.7430 0.5934
vn -0.2353 0.6868 0.6877
vn -0.3766 0.9129 0.1578
vn -0.3809 0.9140 0.1401
vn 0.7928 -0.6095 -0.0000
vn 0.9239 -0.3826 -0.0000
vn 0.9243 -0.3817 0.0003
vn -0.0119 -0.0000 0.9999
vn 0.6095 -0.7928 -0.0000
vn -0.1309 -0.9914 -0.0000
vn -0.1314 -0.9913 0.0002
vn 0.9115 -0.3798 0.1578
vn 0.9153 -0.3777 0.1402
vn 0.6049 -0.4631 0.6478
vn 0.5756 -0.4069 0.7093
vn 0.7831 -0.5995 0.1651
vn 0.7854 -0.5991 0.1555
vn 0.0282 0.0070 0.9996
vn 0.0186 -0.0000 0.9998
vn 0.7675 -0.0946 0.6341
vn 0.6521 -0.0000 0.7581
vn 0.7675 0.0946 0.6341
vn 0.9791 0.1207 0.1637
vn 0.9814 0.1243 0.1465
vn 0.9914 0.1305 0.0001
vn 0.9914 0.1309 0.0002
vn 0.9914 -0.1305 0.0002
vn 0.9913 -0.1314 -0.0001
vn -0.0000 -0.0042 1.0000
vn 0.0125 0.0022 0.9999
vn 0.0113 0.0018 0.9999
vn 0.0174 0.0015 0.9998
vn 0.9822 -0.1211 0.1436
vn 0.9786 -0.1246 0.1636
vn 0.7208 0.2988 0.6255
vn 0.6268 0.1872 0.7564
vn 0.7224 -0.3009 0.6226
vn 0.6268 -0.1872 0.7564
vn 0.4591 0.5995 0.6557
vn 0.4425 0.5909 0.6746
vn 0.6006 0.7843 0.1554
vn 0.6027 0.7844 0.1469
vn 0.0101 -0.0053 0.9999
vn 0.0091 -0.0074 0.9999
vn 0.9239 0.3827 0.0003
vn 0.9243 0.3817 -0.0000
vn 0.6088 0.7934 0.0004
vn 0.6095 0.7928 0.0001
vn 0.0038 -0.0148 0.9999
vn 0.9128 0.3767 0.1578
vn 0.9135 0.3787 0.1490
vn -0.1305 0.9914 0.0001
vn -0.1309 0.9914 0.0002
vn 0.1305 0.9914 0.0002
vn 0.1314 0.9913 -0.0001
vn 0.6049 0.4631 0.6478
vn 0.5737 0.4036 0.7127
vn 0.7843 0.6017 0.1511
vn 0.7844 0.6005 0.1554
vn 0.7934 0.6088 0.0001
vn 0.7928 0.6095 0.0004
vn -0.1061 -0.8303 0.5472
vn -0.1250 -0.9821 0.1407
vn -0.1255 -0.9816 0.1437
vn 0.1244 -0.9818 0.1436
vn 0.1250 -0.9821 0.1407
vn 0.1057 -0.8307 0.5466
vn -0.0000 -0.7266 0.6871
vn 0.1314 -0.9913 0.0002
vn 0.1303 -0.9915 -0.0001
vn 0.3826 -0.9239 0.0003
vn 0.3817 -0.9243 -0.0000
vn 0.4612 -0.5978 0.6557
vn 0.4393 -0.5865 0.6805
vn 0.6007 -0.7876 0.1371
vn 0.6025 -0.7809 0.1652
vn 0.3044 -0.7395 0.6004
vn 0.2353 -0.6868 0.6877
vn 0.3770 -0.9155 0.1402
vn 0.3779 -0.9158 0.1364
s 0
f 2518//1447 2101//1447 2520//1447
f 2518//1447 2519//1447 2516//1447
f 2518//1447 2516//1447 2101//1447
f 2102//1448 2517//1448 2508//1448
f 2102//1449 2508//1449 2507//1449
f 2102//1447 2507//1447 2521//1447
f 2102//1447 2521//1447 2520//1447
f 2102//1447 2520//1447 2101//1447
f 2515//1447 2519//1447 2480//1447
f 2515//1447 2480//1447 2091//1447
f 2099//1450 2516//1450 2515//1450
f 2099//1451 2515//1451 2093//1451
f 2496//1452 2514//1452 2504//1452
f 2496//1453 2504//1453 2096//1453
f 2513//1454 2512//1454 2488//1454
f 2513//1454 2488//1454 2487//1454
f 2101//1455 2501//1455 2517//1455
f 2101//1456 2517//1456 2102//1456
f 2501//1457 2101//1457 2516//1457
f 2501//1458 2516//1458 2099//1458
f 2093//1459 2515//1459 2091//1459
f 2093//1460 2091//1460 2090//1460
f 2532//1447 2533//1447 2092//1447
f 2476//1447 2479//1447 2532//1447
f 2476//1447 2532//1447 2092//1447
f 2493//1461 2531//1461 2486//1461
f 2493//1462 2486//1462 2095//1462
f 2526//1447 2537//1447 2536//1447
f 2526//1447 2536//1447 2103//1447
f 2103//1447 2536//1447 2535//1447
f 2103//1447 2535//1447 2530//1447
f 2533//1447 2534//1447 2522//1447
f 2533//1447 2522//1447 2092//1447
f 2526//1463 2527//1463 2525//1463
f 2526//1463 2525//1463 2524//1463
f 2524//1464 2525//1464 2523//1464
f 2524//1464 2523//1464 2522//1464
f 2522//1465 2523//1465 2478//1465
f 2522//1466 2478//1466 2092//1466
f 2530//1467 2529//1467 2528//1467
f 2530//1468 2528//1468 2103//1468
f 2529//1469 2530//1469 2531//1469
f 2529//1469 2531//1469 2493//1469
f 2103//1470 2528//1470 2527//1470
f 2103//1470 2527//1470 2526//1470
f 2512//1471 2513//1471 2514//1471
f 2512//1472 2514//1472 2496//1472
f 2487//1473 2488//1473 2094//1473
f 2487//1474 2094//1474 2485//1474
f 2095//1475 2486//1475 2485//1475
f 2095//1476 2485//1476 2094//1476
f 2484//1477 2483//1477 2089//1477
f 2484//1478 2089//1478 2477//1478
f 2489//1479 2492//1479 2493//1479
f 2489//1480 2493//1480 2095//1480
f 2491//1481 2490//1481 2094//1481
f 2491//1482 2094//1482 2488//1482
f 2094//1483 2490//1483 2489//1483
f 2094//1484 2489//1484 2095//1484
f 2092//1485 2478//1485 2477//1485
f 2092//1486 2477//1486 2476//1486
f 2090//1487 2091//1487 2475//1487
f 2090//1488 2475//1488 2089//1488
f 2476//1489 2477//1489 2089//1489
f 2476//1490 2089//1490 2475//1490
f 2483//1491 2481//1491 2090//1491
f 2483//1492 2090//1492 2089//1492
f 2481//1493 2482//1493 2093//1493
f 2481//1494 2093//1494 2090//1494
f 2091//1447 2480//1447 2479//1447
f 2091//1447 2479//1447 2475//1447
f 2506//1495 2499//1495 2098//1495
f 2506//1496 2098//1496 2100//1496
f 2505//1497 2100//1497 2098//1497
f 2505//1498 2098//1498 2097//1498
f 2096//1499 2504//1499 2505//1499
f 2096//1500 2505//1500 2097//1500
f 2510//1447 2511//1447 2506//1447
f 2510//1447 2506//1447 2100//1447
f 2509//1447 2510//1447 2100//1447
f 2509//1447 2100//1447 2505//1447
f 2507//1501 2508//1501 2499//1501
f 2507//1501 2499//1501 2506//1501
f 2498//1502 2497//1502 2097//1502
f 2498//1503 2097//1503 2098//1503
f 2097//1504 2497//1504 2494//1504
f 2097//1505 2494//1505 2096//1505
f 2494//1506 2495//1506 2496//1506
f 2494//1507 2496//1507 2096//1507
f 2482//1508 2502//1508 2099//1508
f 2482//1509 2099//1509 2093//1509
f 2502//1510 2503//1510 2501//1510
f 2502//1511 2501//1511 2099//1511
f 2499//1512 2500//1512 2498//1512
f 2499//1513 2498//1513 2098//1513
f 2119//1514 2595//1514 2584//1514
f 2119//1515 2584//1515 2117//1515
f 2120//1516 2596//1516 2595//1516
f 2120//1517 2595//1517 2119//1517
f 2592//1518 2566//1518 2115//1518
f 2592//1519 2115//1519 2118//1519
f 2588//1520 2593//1520 2594//1520
f 2588//1520 2594//1520 2589//1520
f 2597//1521 2125//1521 2122//1521
f 2597//1522 2122//1522 2121//1522
f 2126//1523 2600//1523 2598//1523
f 2126//1524 2598//1524 2599//1524
f 2123//1525 2124//1525 2121//1525
f 2123//1525 2121//1525 2122//1525
f 2563//1526 2562//1526 2124//1526
f 2563//1526 2124//1526 2123//1526
f 2591//1527 2592//1527 2118//1527
f 2591//1528 2118//1528 2587//1528
f 2117//1529 2584//1529 2116//1529
f 2117//1530 2116//1530 2583//1530
f 2585//1531 2586//1531 2587//1531
f 2585//1532 2587//1532 2118//1532
f 2115//1504 2582//1504 2583//1504
f 2115//1533 2583//1533 2116//1533
f 2566//1534 2565//1534 2582//1534
f 2566//1535 2582//1535 2115//1535
f 2586//1447 2590//1447 2588//1447
f 2586//1536 2588//1536 2589//1536
f 2587//1537 2586//1537 2589//1537
f 2116//1538 2585//1538 2118//1538
f 2116//1447 2118//1447 2115//1447
f 2584//1539 2585//1539 2116//1539
f 2610//1540 2606//1540 2125//1540
f 2610//1541 2125//1541 2127//1541
f 2611//1541 2610//1541 2127//1541
f 2611//1541 2127//1541 2120//1541
f 2608//1541 2609//1541 2563//1541
f 2608//1541 2563//1541 2123//1541
f 2608//1542 2123//1542 2607//1542
f 2614//1542 2615//1542 2119//1542
f 2614//1541 2119//1541 2117//1541
f 2615//1543 2611//1543 2120//1543
f 2615//1542 2120//1542 2119//1542
f 2583//1542 2613//1542 2612//1542
f 2583//1541 2612//1541 2117//1541
f 2614//1541 2117//1541 2612//1541
f 2122//1541 2125//1541 2606//1541
f 2601//1544 2602//1544 2599//1544
f 2601//1544 2599//1544 2598//1544
f 2603//1545 2604//1545 2600//1545
f 2603//1546 2600//1546 2126//1546
f 2126//1547 2599//1547 2121//1547
f 2126//1447 2121//1447 2124//1447
f 2121//1548 2599//1548 2597//1548
f 2127//1481 2605//1481 2596//1481
f 2127//1549 2596//1549 2120//1549
f 2122//1542 2606//1542 2607//1542
f 2122//1541 2607//1541 2123//1541
f 2124//1550 2562//1550 2603//1550
f 2124//1551 2603//1551 2126//1551
f 2125//1483 2597//1483 2605//1483
f 2125//1552 2605//1552 2127//1552
f 2553//1553 2550//1553 2108//1553
f 2553//1553 2108//1553 2107//1553
f 2553//1554 2107//1554 2104//1554
f 2553//1555 2104//1555 2106//1555
f 2108//1556 2109//1556 2547//1556
f 2551//1537 2552//1537 2547//1537
f 2551//1557 2547//1557 2109//1557
f 2549//1558 2557//1558 2555//1558
f 2549//1559 2555//1559 2109//1559
f 2560//1560 2561//1560 2558//1560
f 2560//1560 2558//1560 2559//1560
f 2554//1561 2553//1561 2106//1561
f 2554//1562 2106//1562 2543//1562
f 2109//1563 2555//1563 2556//1563
f 2109//1564 2556//1564 2551//1564
f 2108//1565 2550//1565 2549//1565
f 2108//1565 2549//1565 2109//1565
f 2541//1566 2542//1566 2539//1566
f 2541//1567 2539//1567 2105//1567
f 2545//1493 2546//1493 2543//1493
f 2545//1493 2543//1493 2544//1493
f 2105//1568 2539//1568 2538//1568
f 2105//1569 2538//1569 2104//1569
f 2104//1477 2538//1477 2540//1477
f 2104//1570 2540//1570 2106//1570
f 2107//1571 2548//1571 2105//1571
f 2107//1447 2105//1447 2104//1447
f 2105//1572 2548//1572 2541//1572
f 2544//1573 2543//1573 2106//1573
f 2544//1491 2106//1491 2540//1491
f 2547//1574 2548//1574 2107//1574
f 2547//1575 2107//1575 2108//1575
f 2573//1576 2114//1576 2577//1576
f 2573//1577 2577//1577 2113//1577
f 2113//1578 2577//1578 2546//1578
f 2546//1508 2545//1508 2574//1508
f 2546//1579 2574//1579 2113//1579
f 2576//1580 2577//1580 2114//1580
f 2576//1581 2114//1581 2575//1581
f 2579//1447 2580//1447 2581//1447
f 2579//1447 2581//1447 2575//1447
f 2573//1582 2569//1582 2112//1582
f 2573//1583 2112//1583 2568//1583
f 2578//1584 2579//1584 2575//1584
f 2578//1585 2575//1585 2114//1585
f 2578//1586 2114//1586 2573//1586
f 2113//1510 2574//1510 2569//1510
f 2113//1587 2569//1587 2573//1587
f 2565//1588 2566//1588 2564//1588
f 2565//1589 2564//1589 2110//1589
f 2110//1590 2564//1590 2567//1590
f 2110//1591 2567//1591 2111//1591
f 2562//1592 2563//1592 2559//1592
f 2562//1592 2559//1592 2558//1592
f 2561//1593 2560//1593 2542//1593
f 2561//1593 2542//1593 2541//1593
f 2571//1541 2572//1541 2565//1541
f 2571//1542 2565//1542 2110//1542
f 2570//1542 2571//1542 2110//1542
f 2570//1541 2110//1541 2111//1541
f 2111//1594 2567//1594 2568//1594
f 2111//1595 2568//1595 2112//1595
f 2570//1541 2111//1541 2112//1541
f 2570//1541 2112//1541 2569//1541
f 2204//1447 2487//1447 2485//1447
f 2204//1447 2485//1447 2205//1447
f 2486//1447 2205//1447 2485//1447
f 2197//1447 2504//1447 2514//1447
f 2197//1447 2514//1447 2200//1447
f 2202//1596 2204//1596 2205//1596
f 2202//1596 2205//1596 2203//1596
f 2200//1447 2513//1447 2487//1447
f 2200//1447 2487//1447 2204//1447
f 2200//1447 2514//1447 2513//1447
f 2510//1597 2509//1597 2199//1597
f 2510//1598 2199//1598 2134//1598
f 2509//1447 2505//1447 2504//1447
f 2509//1447 2504//1447 2197//1447
f 2507//1447 2506//1447 2511//1447
f 2507//1447 2511//1447 2521//1447
f 2531//1447 2530//1447 2535//1447
f 2531//1447 2535//1447 2206//1447
f 2199//1541 2137//1541 2136//1541
f 2199//1541 2136//1541 2134//1541
f 2135//1599 2511//1599 2510//1599
f 2135//1600 2510//1600 2134//1600
f 2521//1601 2511//1601 2135//1601
f 2521//1602 2135//1602 2156//1602
f 2147//1603 2194//1603 2196//1603
f 2147//1603 2196//1603 2146//1603
f 2181//1604 2195//1604 2193//1604
f 2181//1604 2193//1604 2182//1604
f 2199//1605 2509//1605 2197//1605
f 2199//1606 2197//1606 2198//1606
f 2167//1447 2166//1447 2182//1447
f 2167//1447 2182//1447 2180//1447
f 2182//1447 2166//1447 2170//1447
f 2182//1447 2170//1447 2171//1447
f 2146//1447 2181//1447 2158//1447
f 2197//1607 2200//1607 2201//1607
f 2197//1607 2201//1607 2198//1607
f 2198//1541 2201//1541 2143//1541
f 2198//1541 2143//1541 2137//1541
f 2199//1541 2198//1541 2137//1541
f 2204//1608 2202//1608 2201//1608
f 2204//1608 2201//1608 2200//1608
f 2140//1541 2201//1541 2202//1541
f 2140//1541 2202//1541 2144//1541
f 2143//1541 2201//1541 2140//1541
f 2144//1541 2202//1541 2203//1541
f 2144//1541 2203//1541 2178//1541
f 2188//1541 2173//1541 2189//1541
f 2164//1609 2480//1609 2519//1609
f 2164//1610 2519//1610 2162//1610
f 2192//1611 2479//1611 2480//1611
f 2192//1612 2480//1612 2164//1612
f 2534//1613 2533//1613 2190//1613
f 2534//1614 2190//1614 2189//1614
f 2191//1541 2192//1541 2183//1541
f 2191//1541 2183//1541 2186//1541
f 2161//1541 2183//1541 2192//1541
f 2532//1615 2479//1615 2192//1615
f 2532//1616 2192//1616 2191//1616
f 2157//1541 2151//1541 2163//1541
f 2519//1617 2518//1617 2163//1617
f 2519//1618 2163//1618 2162//1618
f 2520//1619 2521//1619 2156//1619
f 2520//1620 2156//1620 2157//1620
f 2475//1447 2479//1447 2476//1447
f 2516//1447 2519//1447 2515//1447
f 2163//1621 2518//1621 2520//1621
f 2163//1621 2520//1621 2157//1621
f 2536//1622 2537//1622 2176//1622
f 2536//1623 2176//1623 2175//1623
f 2537//1624 2534//1624 2189//1624
f 2537//1625 2189//1625 2176//1625
f 2535//1626 2207//1626 2208//1626
f 2535//1627 2208//1627 2206//1627
f 2486//1447 2531//1447 2206//1447
f 2486//1447 2206//1447 2205//1447
f 2524//1447 2534//1447 2537//1447
f 2524//1447 2537//1447 2526//1447
f 2522//1447 2534//1447 2524//1447
f 2535//1628 2536//1628 2175//1628
f 2535//1629 2175//1629 2207//1629
f 2179//1541 2203//1541 2208//1541
f 2179//1541 2208//1541 2168//1541
f 2178//1541 2203//1541 2179//1541
f 2190//1630 2533//1630 2532//1630
f 2190//1630 2532//1630 2191//1630
f 2205//1631 2206//1631 2208//1631
f 2205//1631 2208//1631 2203//1631
f 2207//1541 2175//1541 2165//1541
f 2207//1541 2165//1541 2168//1541
f 2208//1541 2207//1541 2168//1541
f 2182//1447 2145//1447 2177//1447
f 2182//1447 2177//1447 2180//1447
f 2156//1541 2131//1541 2154//1541
f 2156//1541 2154//1541 2148//1541
f 2131//1541 2156//1541 2135//1541
f 2131//1541 2135//1541 2128//1541
f 2151//1541 2157//1541 2156//1541
f 2151//1541 2156//1541 2148//1541
f 2155//1632 2154//1632 2131//1632
f 2155//1632 2131//1632 2130//1632
f 2146//1447 2150//1447 2149//1447
f 2146//1447 2149//1447 2155//1447
f 2130//1447 2129//1447 2146//1447
f 2130//1447 2146//1447 2155//1447
f 2158//1633 2159//1633 2153//1633
f 2158//1633 2153//1633 2152//1633
f 2152//1447 2150//1447 2146//1447
f 2152//1447 2146//1447 2158//1447
f 2167//1634 2168//1634 2165//1634
f 2167//1634 2165//1634 2166//1634
f 2169//1635 2170//1635 2166//1635
f 2169//1635 2166//1635 2165//1635
f 2160//1636 2161//1636 2159//1636
f 2160//1636 2159//1636 2158//1636
f 2162//1541 2163//1541 2151//1541
f 2162//1541 2151//1541 2153//1541
f 2164//1541 2162//1541 2153//1541
f 2164//1541 2153//1541 2159//1541
f 2132//1541 2134//1541 2136//1541
f 2137//1637 2138//1637 2139//1637
f 2137//1637 2139//1637 2136//1637
f 2136//1638 2139//1638 2133//1638
f 2136//1638 2133//1638 2132//1638
f 2130//1639 2131//1639 2128//1639
f 2130//1639 2128//1639 2129//1639
f 2132//1640 2133//1640 2129//1640
f 2132//1640 2129//1640 2128//1640
f 2128//1541 2135//1541 2134//1541
f 2128//1541 2134//1541 2132//1541
f 2142//1641 2143//1641 2140//1641
f 2142//1641 2140//1641 2141//1641
f 2150//1642 2151//1642 2148//1642
f 2150//1642 2148//1642 2149//1642
f 2152//1509 2153//1509 2151//1509
f 2152//1509 2151//1509 2150//1509
f 2154//1643 2155//1643 2149//1643
f 2154//1643 2149//1643 2148//1643
f 2144//1644 2145//1644 2141//1644
f 2144//1644 2141//1644 2140//1644
f 2143//1645 2142//1645 2138//1645
f 2143//1645 2138//1645 2137//1645
f 2146//1447 2129//1447 2147//1447
f 2191//1541 2186//1541 2190//1541
f 2176//1541 2189//1541 2173//1541
f 2176//1541 2173//1541 2172//1541
f 2192//1541 2164//1541 2159//1541
f 2192//1541 2159//1541 2161//1541
f 2181//1447 2171//1447 2174//1447
f 2181//1447 2174//1447 2187//1447
f 2160//1447 2158//1447 2181//1447
f 2160//1447 2181//1447 2184//1447
f 2188//1541 2189//1541 2190//1541
f 2188//1541 2190//1541 2186//1541
f 2193//1646 2194//1646 2147//1646
f 2193//1646 2147//1646 2182//1646
f 2147//1447 2129//1447 2133//1447
f 2147//1447 2133//1447 2139//1447
f 2147//1447 2142//1447 2141//1447
f 2147//1447 2141//1447 2145//1447
f 2145//1447 2182//1447 2147//1447
f 2195//1541 2196//1541 2194//1541
f 2195//1541 2194//1541 2193//1541
f 2196//1647 2195//1647 2181//1647
f 2196//1647 2181//1647 2146//1647
f 2147//1447 2139//1447 2138//1447
f 2147//1447 2138//1447 2142//1447
f 2175//1541 2169//1541 2165//1541
f 2179//1648 2180//1648 2177//1648
f 2179//1648 2177//1648 2178//1648
f 2178//1649 2177//1649 2145//1649
f 2178//1649 2145//1649 2144//1649
f 2173//1650 2174//1650 2171//1650
f 2173//1650 2171//1650 2172//1650
f 2172//1651 2171//1651 2170//1651
f 2172//1651 2170//1651 2169//1651
f 2175//1541 2176//1541 2172//1541
f 2175//1541 2172//1541 2169//1541
f 2180//1652 2179//1652 2168//1652
f 2180//1652 2168//1652 2167//1652
f 2187//1653 2188//1653 2186//1653
f 2187//1653 2186//1653 2185//1653
f 2188//1654 2187//1654 2174//1654
f 2188//1654 2174//1654 2173//1654
f 2185//1447 2184//1447 2181//1447
f 2185//1447 2181//1447 2187//1447
f 2181//1447 2182//1447 2171//1447
f 2185//1655 2186//1655 2183//1655
f 2185//1655 2183//1655 2184//1655
f 2184//1656 2183//1656 2161//1656
f 2184//1656 2161//1656 2160//1656
f 2495//1541 2231//1541 2242//1541
f 2495//1541 2242//1541 2215//1541
f 2224//1541 2491//1541 2215//1541
f 2224//1541 2215//1541 2242//1541
f 2229//1657 2243//1657 2631//1657
f 2229//1658 2631//1658 2231//1658
f 2231//1659 2631//1659 2626//1659
f 2231//1660 2626//1660 2242//1660
f 2228//1661 2632//1661 2243//1661
f 2228//1662 2243//1662 2229//1662
f 2632//1541 2635//1541 2634//1541
f 2632//1541 2634//1541 2243//1541
f 2220//1541 2484//1541 2214//1541
f 2220//1541 2214//1541 2244//1541
f 2230//1663 2618//1663 2632//1663
f 2230//1664 2632//1664 2228//1664
f 2243//1541 2634//1541 2633//1541
f 2243//1541 2633//1541 2631//1541
f 2622//1541 2623//1541 2620//1541
f 2622//1540 2620//1540 2237//1540
f 2237//1541 2239//1541 2622//1541
f 2221//1665 2621//1665 2241//1665
f 2221//1666 2241//1666 2240//1666
f 2240//1667 2241//1667 2239//1667
f 2240//1668 2239//1668 2238//1668
f 2624//1541 2622//1541 2239//1541
f 2624//1541 2239//1541 2241//1541
f 2224//1669 2627//1669 2628//1669
f 2224//1670 2628//1670 2222//1670
f 2629//1541 2630//1541 2628//1541
f 2629//1541 2628//1541 2627//1541
f 2625//1541 2624//1541 2241//1541
f 2625//1541 2241//1541 2621//1541
f 2242//1671 2626//1671 2627//1671
f 2242//1672 2627//1672 2224//1672
f 2213//1541 2219//1541 2244//1541
f 2213//1541 2244//1541 2214//1541
f 2209//1541 2245//1541 2217//1541
f 2209//1541 2217//1541 2210//1541
f 2225//1673 2641//1673 2249//1673
f 2225//1674 2249//1674 2245//1674
f 2216//1675 2248//1675 2246//1675
f 2216//1676 2246//1676 2218//1676
f 2245//1677 2249//1677 2247//1677
f 2245//1678 2247//1678 2217//1678
f 2248//1679 2644//1679 2643//1679
f 2248//1541 2643//1541 2246//1541
f 2247//1541 2249//1541 2646//1541
f 2647//1541 2646//1541 2249//1541
f 2647//1541 2249//1541 2641//1541
f 2246//1541 2643//1541 2645//1541
f 2246//1541 2645//1541 2642//1541
f 2247//1542 2646//1542 2644//1542
f 2247//1541 2644//1541 2248//1541
f 2220//1680 2637//1680 2621//1680
f 2220//1681 2621//1681 2221//1681
f 2636//1541 2638//1541 2639//1541
f 2636//1541 2639//1541 2637//1541
f 2492//1541 2225//1541 2245//1541
f 2492//1541 2245//1541 2209//1541
f 2636//1682 2637//1682 2220//1682
f 2636//1683 2220//1683 2244//1683
f 2223//1684 2640//1684 2641//1684
f 2223//1685 2641//1685 2225//1685
f 2218//1686 2246//1686 2642//1686
f 2218//1687 2642//1687 2219//1687
f 2217//1688 2247//1688 2248//1688
f 2217//1689 2248//1689 2216//1689
f 2222//1690 2628//1690 2640//1690
f 2222//1691 2640//1691 2223//1691
f 2642//1692 2636//1692 2244//1692
f 2642//1693 2244//1693 2219//1693
f 2221//1541 2483//1541 2484//1541
f 2221//1541 2484//1541 2220//1541
f 2223//1541 2489//1541 2490//1541
f 2223//1541 2490//1541 2222//1541
f 2211//1541 2216//1541 2218//1541
f 2211//1541 2218//1541 2212//1541
f 2212//1541 2218//1541 2219//1541
f 2212//1541 2219//1541 2213//1541
f 2222//1541 2490//1541 2491//1541
f 2222//1541 2491//1541 2224//1541
f 2227//1694 2500//1694 2499//1694
f 2227//1590 2499//1590 2508//1590
f 2501//1695 2503//1695 2226//1695
f 2501//1583 2226//1583 2517//1583
f 2225//1541 2492//1541 2489//1541
f 2225//1541 2489//1541 2223//1541
f 2227//1594 2508//1594 2517//1594
f 2227//1696 2517//1696 2226//1696
f 2525//1560 2527//1560 2211//1560
f 2525//1697 2211//1697 2212//1697
f 2527//1592 2528//1592 2210//1592
f 2527//1698 2210//1698 2211//1698
f 2209//1699 2529//1699 2493//1699
f 2209//1700 2493//1700 2492//1700
f 2210//1701 2528//1701 2529//1701
f 2210//1702 2529//1702 2209//1702
f 2214//1703 2478//1703 2523//1703
f 2214//1704 2523//1704 2213//1704
f 2488//1516 2512//1516 2215//1516
f 2488//1705 2215//1705 2491//1705
f 2210//1541 2217//1541 2216//1541
f 2210//1541 2216//1541 2211//1541
f 2213//1593 2523//1593 2525//1593
f 2213//1706 2525//1706 2212//1706
f 2214//1707 2484//1707 2477//1707
f 2214//1708 2477//1708 2478//1708
f 2229//1541 2494//1541 2497//1541
f 2229//1541 2497//1541 2228//1541
f 2233//1679 2503//1679 2502//1679
f 2233//1541 2502//1541 2235//1541
f 2236//1709 2237//1709 2620//1709
f 2236//1710 2620//1710 2235//1710
f 2233//1711 2619//1711 2616//1711
f 2233//1712 2616//1712 2232//1712
f 2235//1713 2620//1713 2619//1713
f 2235//1714 2619//1714 2233//1714
f 2238//1715 2239//1715 2237//1715
f 2238//1716 2237//1716 2236//1716
f 2240//1541 2481//1541 2483//1541
f 2240//1541 2483//1541 2221//1541
f 2238//1541 2482//1541 2481//1541
f 2238//1541 2481//1541 2240//1541
f 2236//1541 2502//1541 2482//1541
f 2236//1541 2482//1541 2238//1541
f 2235//1541 2502//1541 2236//1541
f 2226//1541 2233//1541 2232//1541
f 2226//1541 2232//1541 2227//1541
f 2503//1541 2233//1541 2226//1541
f 2228//1541 2497//1541 2498//1541
f 2228//1541 2498//1541 2230//1541
f 2231//1541 2495//1541 2494//1541
f 2231//1541 2494//1541 2229//1541
f 2496//1514 2495//1514 2215//1514
f 2496//1514 2215//1514 2512//1514
f 2234//1541 2500//1541 2227//1541
f 2234//1541 2227//1541 2232//1541
f 2230//1541 2498//1541 2500//1541
f 2230//1541 2500//1541 2234//1541
f 2232//1717 2616//1717 2617//1717
f 2232//1718 2617//1718 2234//1718
f 2234//1719 2617//1719 2618//1719
f 2234//1720 2618//1720 2230//1720
f 2269//1541 2273//1541 2250//1541
f 2269//1721 2250//1721 2658//1721
f 2273//1541 2291//1541 2250//1541
f 2683//1722 2661//1722 2251//1722
f 2683//1723 2251//1723 2286//1723
f 2289//1724 2291//1724 2273//1724
f 2289//1724 2273//1724 2272//1724
f 2291//1541 2292//1541 2251//1541
f 2291//1541 2251//1541 2250//1541
f 2293//1541 2287//1541 2251//1541
f 2293//1541 2251//1541 2292//1541
f 2286//1541 2251//1541 2287//1541
f 2298//1725 2299//1725 2300//1725
f 2298//1725 2300//1725 2294//1725
f 2294//1726 2300//1726 2301//1726
f 2294//1726 2301//1726 2295//1726
f 2607//1727 2606//1727 2684//1727
f 2607//1728 2684//1728 2298//1728
f 2609//1729 2608//1729 2294//1729
f 2609//1730 2294//1730 2295//1730
f 2296//1731 2609//1731 2295//1731
f 2296//1732 2295//1732 2297//1732
f 2608//1733 2607//1733 2298//1733
f 2608//1734 2298//1734 2294//1734
f 2665//1735 2683//1735 2285//1735
f 2665//1736 2285//1736 2279//1736
f 2665//1737 2279//1737 2261//1737
f 2274//1738 2286//1738 2287//1738
f 2274//1738 2287//1738 2275//1738
f 2277//1739 2284//1739 2285//1739
f 2277//1740 2285//1740 2274//1740
f 2279//1741 2285//1741 2284//1741
f 2279//1742 2284//1742 2280//1742
f 2285//1743 2683//1743 2286//1743
f 2285//1744 2286//1744 2274//1744
f 2572//1745 2571//1745 2288//1745
f 2572//1746 2288//1746 2289//1746
f 2288//1747 2292//1747 2291//1747
f 2288//1747 2291//1747 2289//1747
f 2290//1748 2293//1748 2292//1748
f 2290//1748 2292//1748 2288//1748
f 2293//1749 2290//1749 2275//1749
f 2293//1749 2275//1749 2287//1749
f 2571//1750 2570//1750 2290//1750
f 2571//1751 2290//1751 2288//1751
f 2275//1752 2290//1752 2570//1752
f 2275//1753 2570//1753 2276//1753
f 2613//1754 2572//1754 2289//1754
f 2613//1755 2289//1755 2272//1755
f 2271//1756 2684//1756 2606//1756
f 2271//1757 2606//1757 2610//1757
f 2303//1758 2308//1758 2309//1758
f 2303//1759 2309//1759 2304//1759
f 2264//1760 2308//1760 2303//1760
f 2264//1760 2303//1760 2265//1760
f 2540//1541 2538//1541 2310//1541
f 2540//1679 2310//1679 2282//1679
f 2265//1761 2306//1761 2669//1761
f 2678//1762 2300//1762 2299//1762
f 2678//1763 2299//1763 2685//1763
f 2295//1764 2301//1764 2307//1764
f 2295//1764 2307//1764 2297//1764
f 2310//1541 2538//1541 2309//1541
f 2679//1765 2686//1765 2308//1765
f 2679//1766 2308//1766 2264//1766
f 2668//1767 2680//1767 2686//1767
f 2686//1768 2680//1768 2263//1768
f 2686//1769 2263//1769 2283//1769
f 2309//1541 2538//1541 2539//1541
f 2309//1541 2539//1541 2304//1541
f 2686//1770 2310//1770 2309//1770
f 2686//1771 2309//1771 2308//1771
f 2282//1772 2310//1772 2686//1772
f 2282//1773 2686//1773 2283//1773
f 2304//1774 2305//1774 2302//1774
f 2304//1775 2302//1775 2303//1775
f 2297//1776 2302//1776 2305//1776
f 2297//1777 2305//1777 2296//1777
f 2302//1778 2306//1778 2265//1778
f 2302//1778 2265//1778 2303//1778
f 2298//1779 2684//1779 2685//1779
f 2298//1780 2685//1780 2299//1780
f 2682//1781 2681//1781 2684//1781
f 2682//1782 2684//1782 2271//1782
f 2682//1783 2271//1783 2256//1783
f 2297//1784 2307//1784 2306//1784
f 2297//1784 2306//1784 2302//1784
f 2559//1541 2563//1541 2609//1541
f 2559//1541 2609//1541 2296//1541
f 2678//1785 2669//1785 2306//1785
f 2678//1786 2306//1786 2307//1786
f 2301//1787 2300//1787 2678//1787
f 2301//1788 2678//1788 2307//1788
f 2542//1541 2560//1541 2305//1541
f 2542//1541 2305//1541 2304//1541
f 2539//1541 2542//1541 2304//1541
f 2560//1541 2559//1541 2296//1541
f 2560//1541 2296//1541 2305//1541
f 2574//1541 2284//1541 2277//1541
f 2574//1541 2277//1541 2276//1541
f 2262//1447 2263//1447 2260//1447
f 2262//1447 2260//1447 2257//1447
f 2262//1447 2257//1447 2261//1447
f 2260//1789 2667//1789 2666//1789
f 2260//1790 2666//1790 2259//1790
f 2259//1447 2664//1447 2662//1447
f 2259//1447 2662//1447 2258//1447
f 2257//1647 2260//1647 2259//1647
f 2257//1647 2259//1647 2258//1647
f 2257//1791 2661//1791 2665//1791
f 2257//1792 2665//1792 2261//1792
f 2666//1793 2667//1793 2668//1793
f 2666//1794 2668//1794 2669//1794
f 2674//1795 2673//1795 2675//1795
f 2674//1447 2675//1447 2676//1447
f 2675//1796 2678//1796 2677//1796
f 2675//1796 2677//1796 2659//1796
f 2253//1797 2659//1797 2677//1797
f 2259//1447 2666//1447 2664//1447
f 2671//1447 2664//1447 2666//1447
f 2671//1798 2666//1798 2670//1798
f 2672//1447 2670//1447 2666//1447
f 2672//1447 2666//1447 2673//1447
f 2656//1799 2648//1799 2657//1799
f 2656//1800 2657//1800 2252//1800
f 2648//1799 2656//1799 2658//1799
f 2648//1801 2658//1801 2250//1801
f 2657//1802 2659//1802 2253//1802
f 2657//1802 2253//1802 2252//1802
f 2251//1603 2649//1603 2648//1603
f 2251//1603 2648//1603 2250//1603
f 2648//1803 2650//1803 2651//1803
f 2648//1798 2651//1798 2652//1798
f 2653//1447 2654//1447 2649//1447
f 2653//1447 2649//1447 2655//1447
f 2660//1804 2656//1804 2252//1804
f 2660//1805 2252//1805 2254//1805
f 2661//1806 2649//1806 2251//1806
f 2258//1447 2655//1447 2649//1447
f 2663//1447 2655//1447 2258//1447
f 2663//1447 2258//1447 2662//1447
f 2255//1565 2254//1565 2252//1565
f 2255//1447 2252//1447 2253//1447
f 2256//1447 2255//1447 2253//1447
f 2649//1807 2661//1807 2257//1807
f 2649//1808 2257//1808 2258//1808
f 2678//1604 2675//1604 2666//1604
f 2678//1604 2666//1604 2669//1604
f 2570//1809 2569//1809 2574//1809
f 2570//1541 2574//1541 2276//1541
f 2582//1679 2565//1679 2572//1679
f 2582//1679 2572//1679 2613//1679
f 2583//1541 2582//1541 2613//1541
f 2612//1810 2613//1810 2272//1810
f 2612//1811 2272//1811 2266//1811
f 2272//1812 2273//1812 2269//1812
f 2272//1813 2269//1813 2266//1813
f 2276//1814 2277//1814 2274//1814
f 2276//1815 2274//1815 2275//1815
f 2280//1816 2281//1816 2278//1816
f 2280//1817 2278//1817 2279//1817
f 2545//1541 2544//1541 2281//1541
f 2545//1541 2281//1541 2280//1541
f 2544//1541 2540//1541 2282//1541
f 2544//1679 2282//1679 2281//1679
f 2574//1541 2545//1541 2280//1541
f 2574//1541 2280//1541 2284//1541
f 2281//1818 2282//1818 2283//1818
f 2281//1819 2283//1819 2278//1819
f 2261//1820 2279//1820 2278//1820
f 2261//1820 2278//1820 2262//1820
f 2262//1821 2278//1821 2283//1821
f 2262//1821 2283//1821 2263//1821
f 2253//1822 2677//1822 2682//1822
f 2253//1823 2682//1823 2256//1823
f 2614//1824 2612//1824 2266//1824
f 2614//1825 2266//1825 2267//1825
f 2615//1826 2614//1826 2267//1826
f 2615//1827 2267//1827 2268//1827
f 2264//1828 2265//1828 2669//1828
f 2264//1829 2669//1829 2679//1829
f 2680//1830 2667//1830 2260//1830
f 2680//1831 2260//1831 2263//1831
f 2681//1832 2677//1832 2678//1832
f 2269//1833 2658//1833 2267//1833
f 2269//1834 2267//1834 2266//1834
f 2611//1835 2615//1835 2268//1835
f 2611//1836 2268//1836 2270//1836
f 2271//1837 2270//1837 2255//1837
f 2271//1837 2255//1837 2256//1837
f 2270//1838 2268//1838 2254//1838
f 2270//1838 2254//1838 2255//1838
f 2660//1839 2267//1839 2658//1839
f 2267//1840 2660//1840 2254//1840
f 2267//1841 2254//1841 2268//1841
f 2610//1842 2611//1842 2270//1842
f 2610//1843 2270//1843 2271//1843
f 2600//1447 2604//1447 2336//1447
f 2600//1565 2336//1565 2335//1565
f 2600//1447 2335//1447 2598//1447
f 2702//1447 2704//1447 2703//1447
f 2702//1798 2703//1798 2701//1798
f 2335//1844 2701//1844 2705//1844
f 2335//1845 2705//1845 2337//1845
f 2337//1536 2601//1536 2598//1536
f 2337//1447 2598//1447 2335//1447
f 2589//1846 2594//1846 2706//1846
f 2589//1847 2706//1847 2338//1847
f 2338//1848 2706//1848 2691//1848
f 2338//1849 2691//1849 2314//1849
f 2604//1850 2603//1850 2328//1850
f 2604//1850 2328//1850 2323//1850
f 2325//1447 2336//1447 2604//1447
f 2325//1447 2604//1447 2323//1447
f 2334//1851 2554//1851 2332//1851
f 2334//1647 2332//1647 2331//1647
f 2332//1447 2554//1447 2543//1447
f 2697//1447 2700//1447 2699//1447
f 2697//1852 2699//1852 2698//1852
f 2557//1853 2549//1853 2333//1853
f 2557//1854 2333//1854 2698//1854
f 2334//1855 2550//1855 2553//1855
f 2334//1856 2553//1856 2554//1856
f 2336//1857 2702//1857 2701//1857
f 2336//1858 2701//1858 2335//1858
f 2325//1859 2694//1859 2702//1859
f 2325//1860 2702//1860 2336//1860
f 2333//1447 2549//1447 2550//1447
f 2333//1447 2550//1447 2334//1447
f 2330//1447 2333//1447 2334//1447
f 2330//1447 2334//1447 2331//1447
f 2587//1798 2589//1798 2338//1798
f 2587//1447 2338//1447 2591//1447
f 2343//1447 2346//1447 2340//1447
f 2343//1798 2340//1798 2341//1798
f 2602//1861 2601//1861 2346//1861
f 2602//1861 2346//1861 2345//1861
f 2344//1862 2585//1862 2584//1862
f 2344//1863 2584//1863 2595//1863
f 2341//1447 2588//1447 2590//1447
f 2341//1447 2590//1447 2343//1447
f 2345//1864 2346//1864 2343//1864
f 2345//1864 2343//1864 2342//1864
f 2597//1447 2599//1447 2602//1447
f 2597//1865 2602//1865 2605//1865
f 2605//1866 2602//1866 2345//1866
f 2605//1556 2345//1556 2596//1556
f 2339//1795 2346//1795 2601//1795
f 2339//1867 2601//1867 2337//1867
f 2340//1447 2346//1447 2339//1447
f 2339//1868 2707//1868 2708//1868
f 2339//1869 2708//1869 2340//1869
f 2593//1870 2588//1870 2341//1870
f 2593//1871 2341//1871 2709//1871
f 2591//1447 2338//1447 2314//1447
f 2591//1447 2314//1447 2319//1447
f 2337//1872 2705//1872 2707//1872
f 2337//1873 2707//1873 2339//1873
f 2340//1874 2708//1874 2709//1874
f 2340//1875 2709//1875 2341//1875
f 2345//1798 2342//1798 2596//1798
f 2586//1876 2585//1876 2344//1876
f 2586//1877 2344//1877 2590//1877
f 2590//1878 2344//1878 2342//1878
f 2590//1879 2342//1879 2343//1879
f 2595//1556 2596//1556 2342//1556
f 2595//1880 2342//1880 2344//1880
f 2697//1881 2698//1881 2333//1881
f 2697//1882 2333//1882 2330//1882
f 2320//1536 2564//1536 2566//1536
f 2320//1536 2566//1536 2592//1536
f 2316//1536 2567//1536 2564//1536
f 2316//1536 2564//1536 2320//1536
f 2592//1883 2591//1883 2319//1883
f 2592//1883 2319//1883 2320//1883
f 2320//1603 2319//1603 2318//1603
f 2320//1603 2318//1603 2316//1603
f 2316//1884 2318//1884 2317//1884
f 2316//1884 2317//1884 2315//1884
f 2551//1885 2556//1885 2692//1885
f 2551//1886 2692//1886 2321//1886
f 2322//1447 2323//1447 2324//1447
f 2322//1447 2324//1447 2321//1447
f 2318//1447 2319//1447 2313//1447
f 2318//1447 2313//1447 2312//1447
f 2313//1447 2319//1447 2314//1447
f 2314//1887 2691//1887 2690//1887
f 2314//1888 2690//1888 2313//1888
f 2313//1889 2690//1889 2689//1889
f 2313//1890 2689//1890 2312//1890
f 2311//1891 2688//1891 2687//1891
f 2311//1892 2687//1892 2580//1892
f 2312//1893 2689//1893 2688//1893
f 2312//1894 2688//1894 2311//1894
f 2315//1447 2578//1447 2573//1447
f 2315//1803 2573//1803 2568//1803
f 2311//1447 2580//1447 2579//1447
f 2311//1447 2579//1447 2317//1447
f 2317//1447 2318//1447 2312//1447
f 2317//1447 2312//1447 2311//1447
f 2315//1536 2568//1536 2567//1536
f 2315//1536 2567//1536 2316//1536
f 2579//1895 2578//1895 2315//1895
f 2579//1895 2315//1895 2317//1895
f 2322//1447 2325//1447 2323//1447
f 2329//1896 2695//1896 2697//1896
f 2329//1897 2697//1897 2330//1897
f 2696//1898 2581//1898 2580//1898
f 2696//1899 2580//1899 2687//1899
f 2541//1865 2548//1865 2326//1865
f 2541//1865 2326//1865 2561//1865
f 2581//1900 2696//1900 2695//1900
f 2581//1901 2695//1901 2329//1901
f 2577//1902 2576//1902 2331//1902
f 2577//1902 2331//1902 2332//1902
f 2329//1447 2330//1447 2331//1447
f 2575//1447 2581//1447 2576//1447
f 2332//1803 2543//1803 2546//1803
f 2332//1866 2546//1866 2577//1866
f 2576//1447 2581//1447 2329//1447
f 2576//1447 2329//1447 2331//1447
f 2322//1903 2693//1903 2694//1903
f 2322//1904 2694//1904 2325//1904
f 2326//1905 2552//1905 2324//1905
f 2326//1906 2324//1906 2327//1906
f 2552//1907 2551//1907 2321//1907
f 2552//1803 2321//1803 2324//1803
f 2321//1908 2692//1908 2693//1908
f 2321//1909 2693//1909 2322//1909
f 2323//1604 2328//1604 2327//1604
f 2323//1604 2327//1604 2324//1604
f 2328//1865 2603//1865 2562//1865
f 2328//1865 2562//1865 2558//1865
f 2548//1910 2547//1910 2552//1910
f 2548//1911 2552//1911 2326//1911
f 2558//1865 2561//1865 2327//1865
f 2558//1865 2327//1865 2328//1865
f 2326//1865 2327//1865 2561//1865
f 2557//1565 2698//1565 2699//1565
f 2557//1565 2699//1565 2365//1565
f 2555//1565 2557//1565 2365//1565
f 2555//1565 2365//1565 2366//1565
f 2364//1565 2696//1565 2687//1565
f 2368//1912 2645//1912 2643//1912
f 2368//1913 2643//1913 2367//1913
f 2692//1447 2556//1447 2368//1447
f 2692//1447 2368//1447 2367//1447
f 2693//1447 2692//1447 2367//1447
f 2693//1447 2367//1447 2358//1447
f 2643//1914 2644//1914 2358//1914
f 2643//1915 2358//1915 2367//1915
f 2700//1865 2697//1865 2695//1865
f 2700//1565 2695//1565 2363//1565
f 2624//1916 2625//1916 2699//1916
f 2624//1916 2699//1916 2700//1916
f 2622//1917 2624//1917 2700//1917
f 2622//1918 2700//1918 2363//1918
f 2357//1919 2630//1919 2629//1919
f 2357//1920 2629//1920 2351//1920
f 2364//1921 2623//1921 2622//1921
f 2364//1922 2622//1922 2363//1922
f 2363//1565 2695//1565 2696//1565
f 2363//1447 2696//1447 2364//1447
f 2621//1541 2637//1541 2639//1541
f 2621//1541 2639//1541 2625//1541
f 2699//1923 2625//1923 2639//1923
f 2699//1924 2639//1924 2365//1924
f 2556//1447 2555//1447 2366//1447
f 2556//1447 2366//1447 2368//1447
f 2374//1925 2373//1925 2372//1925
f 2374//1925 2372//1925 2371//1925
f 2374//1926 2623//1926 2364//1926
f 2374//1927 2364//1927 2373//1927
f 2364//1803 2687//1803 2688//1803
f 2364//1447 2688//1447 2373//1447
f 2370//1928 2619//1928 2620//1928
f 2370//1541 2620//1541 2371//1541
f 2619//1541 2370//1541 2616//1541
f 2617//1541 2616//1541 2370//1541
f 2617//1541 2370//1541 2356//1541
f 2620//1541 2623//1541 2374//1541
f 2620//1541 2374//1541 2371//1541
f 2369//1447 2689//1447 2690//1447
f 2369//1447 2690//1447 2355//1447
f 2365//1929 2639//1929 2638//1929
f 2365//1930 2638//1930 2366//1930
f 2638//1541 2636//1541 2642//1541
f 2638//1541 2642//1541 2645//1541
f 2638//1931 2645//1931 2368//1931
f 2638//1932 2368//1932 2366//1932
f 2371//1933 2372//1933 2369//1933
f 2371//1933 2369//1933 2370//1933
f 2373//1447 2688//1447 2372//1447
f 2372//1447 2688//1447 2689//1447
f 2372//1447 2689//1447 2369//1447
f 2370//1934 2369//1934 2355//1934
f 2370//1934 2355//1934 2356//1934
f 2360//1935 2362//1935 2630//1935
f 2360//1936 2630//1936 2357//1936
f 2352//1937 2633//1937 2634//1937
f 2352//1938 2634//1938 2354//1938
f 2617//1541 2356//1541 2618//1541
f 2635//1541 2632//1541 2618//1541
f 2635//1541 2618//1541 2356//1541
f 2594//1447 2593//1447 2352//1447
f 2594//1447 2352//1447 2354//1447
f 2691//1447 2706//1447 2353//1447
f 2355//1447 2690//1447 2691//1447
f 2355//1447 2691//1447 2353//1447
f 2706//1447 2594//1447 2354//1447
f 2706//1447 2354//1447 2353//1447
f 2635//1939 2356//1939 2355//1939
f 2635//1940 2355//1940 2353//1940
f 2633//1941 2352//1941 2349//1941
f 2633//1942 2349//1942 2348//1942
f 2351//1943 2629//1943 2347//1943
f 2351//1944 2347//1944 2350//1944
f 2349//1945 2350//1945 2347//1945
f 2349//1945 2347//1945 2348//1945
f 2626//1541 2631//1541 2348//1541
f 2626//1541 2348//1541 2347//1541
f 2634//1946 2635//1946 2353//1946
f 2634//1947 2353//1947 2354//1947
f 2627//1541 2626//1541 2347//1541
f 2627//1541 2347//1541 2629//1541
f 2633//1541 2348//1541 2631//1541
f 2349//1447 2593//1447 2709//1447
f 2349//1447 2709//1447 2350//1447
f 2359//1948 2361//1948 2362//1948
f 2359//1948 2362//1948 2360//1948
f 2694//1447 2704//1447 2702//1447
f 2694//1447 2693//1447 2358//1447
f 2694//1447 2358//1447 2704//1447
f 2359//1949 2703//1949 2647//1949
f 2359//1949 2647//1949 2361//1949
f 2640//1541 2628//1541 2630//1541
f 2640//1541 2630//1541 2362//1541
f 2361//1541 2640//1541 2362//1541
f 2641//1541 2640//1541 2361//1541
f 2641//1541 2361//1541 2647//1541
f 2707//1447 2705//1447 2360//1447
f 2707//1447 2360//1447 2357//1447
f 2350//1447 2709//1447 2708//1447
f 2350//1447 2708//1447 2351//1447
f 2351//1447 2708//1447 2707//1447
f 2351//1447 2707//1447 2357//1447
f 2352//1447 2593//1447 2349//1447
f 2704//1950 2646//1950 2647//1950
f 2704//1950 2647//1950 2703//1950
f 2359//1447 2360//1447 2705//1447
f 2359//1447 2705//1447 2701//1447
f 2359//1447 2701//1447 2703//1447
f 2644//1951 2646//1951 2704//1951
f 2644//1952 2704//1952 2358//1952
f 2446//1953 2448//1953 2445//1953
f 2446//1954 2445//1954 2444//1954
f 2415//1447 2444//1447 2442//1447
f 2415//1447 2442//1447 2410//1447
f 2396//1955 2446//1955 2414//1955
f 2396//1956 2414//1956 2395//1956
f 2447//1957 2448//1957 2446//1957
f 2447//1958 2446//1958 2396//1958
f 2442//1959 2438//1959 2407//1959
f 2442//1959 2407//1959 2410//1959
f 2439//1960 2441//1960 2443//1960
f 2439//1960 2443//1960 2440//1960
f 2444//1447 2445//1447 2441//1447
f 2444//1447 2441//1447 2442//1447
f 2449//1447 2452//1447 2453//1447
f 2449//1447 2453//1447 2443//1447
f 2450//1961 2454//1961 2452//1961
f 2450//1962 2452//1962 2449//1962
f 2455//1963 2671//1963 2670//1963
f 2455//1964 2670//1964 2456//1964
f 2448//1965 2450//1965 2449//1965
f 2448//1966 2449//1966 2445//1966
f 2414//1967 2446//1967 2444//1967
f 2414//1968 2444//1968 2415//1968
f 2445//1447 2449//1447 2443//1447
f 2445//1447 2443//1447 2441//1447
f 2447//1969 2451//1969 2450//1969
f 2447//1970 2450//1970 2448//1970
f 2438//1971 2442//1971 2441//1971
f 2438//1971 2441//1971 2439//1971
f 2437//1972 2390//1972 2436//1972
f 2436//1973 2435//1973 2433//1973
f 2436//1974 2433//1974 2432//1974
f 2437//1975 2436//1975 2432//1975
f 2437//1976 2432//1976 2434//1976
f 2393//1977 2435//1977 2436//1977
f 2393//1978 2436//1978 2390//1978
f 2421//1508 2655//1508 2663//1508
f 2421//1979 2663//1979 2431//1979
f 2430//1447 2432//1447 2433//1447
f 2430//1447 2433//1447 2431//1447
f 2429//1447 2434//1447 2432//1447
f 2429//1447 2432//1447 2430//1447
f 2675//1447 2438//1447 2439//1447
f 2675//1447 2439//1447 2440//1447
f 2676//1447 2675//1447 2440//1447
f 2666//1447 2675//1447 2673//1447
f 2659//1866 2407//1866 2438//1866
f 2659//1556 2438//1556 2675//1556
f 2423//1980 2426//1980 2435//1980
f 2423//1981 2435//1981 2393//1981
f 2433//1982 2435//1982 2426//1982
f 2433//1983 2426//1983 2424//1983
f 2431//1447 2433//1447 2424//1447
f 2431//1447 2424//1447 2421//1447
f 2472//1984 2471//1984 2469//1984
f 2472//1985 2469//1985 2470//1985
f 2471//1986 2472//1986 2452//1986
f 2471//1987 2452//1987 2454//1987
f 2451//1988 2466//1988 2454//1988
f 2451//1989 2454//1989 2450//1989
f 2467//1990 2469//1990 2471//1990
f 2459//1991 2468//1991 2469//1991
f 2459//1992 2469//1992 2467//1992
f 2461//1993 2470//1993 2469//1993
f 2461//1994 2469//1994 2468//1994
f 2466//1995 2467//1995 2471//1995
f 2466//1996 2471//1996 2454//1996
f 2474//1997 2674//1997 2676//1997
f 2474//1998 2676//1998 2453//1998
f 2473//1999 2673//1999 2674//1999
f 2473//2000 2674//2000 2474//2000
f 2453//2001 2676//2001 2440//2001
f 2453//2002 2440//2002 2443//2002
f 2457//1447 2473//1447 2470//1447
f 2457//1447 2470//1447 2461//1447
f 2457//1593 2672//1593 2673//1593
f 2457//2003 2673//2003 2473//2003
f 2452//1447 2472//1447 2474//1447
f 2452//1447 2474//1447 2453//1447
f 2473//1447 2474//1447 2472//1447
f 2473//1447 2472//1447 2470//1447
f 2468//2004 2465//2004 2462//2004
f 2468//2005 2462//2005 2461//2005
f 2462//1447 2463//1447 2455//1447
f 2462//1447 2455//1447 2456//1447
f 2464//2006 2465//2006 2458//2006
f 2464//2007 2458//2007 2460//2007
f 2465//2008 2464//2008 2463//2008
f 2465//2009 2463//2009 2462//2009
f 2461//1447 2462//1447 2456//1447
f 2461//1447 2456//1447 2457//1447
f 2429//2010 2664//2010 2671//2010
f 2429//2011 2671//2011 2455//2011
f 2456//2012 2670//2012 2672//2012
f 2456//2013 2672//2013 2457//2013
f 2390//2014 2460//2014 2458//2014
f 2390//2015 2458//2015 2459//2015
f 2390//2016 2467//2016 2466//2016
f 2390//2017 2466//2017 2451//2017
f 2467//2018 2390//2018 2459//2018
f 2458//2019 2465//2019 2468//2019
f 2458//2020 2468//2020 2459//2020
f 2390//2021 2451//2021 2447//2021
f 2390//2022 2447//2022 2396//2022
f 2437//2023 2464//2023 2460//2023
f 2437//2024 2460//2024 2390//2024
f 2434//2025 2463//2025 2464//2025
f 2434//2026 2464//2026 2437//2026
f 2429//1447 2455//1447 2463//1447
f 2429//1447 2463//1447 2434//1447
f 2399//2027 2401//2027 2400//2027
f 2399//2027 2400//2027 2398//2027
f 2401//2028 2399//2028 2652//2028
f 2401//2029 2652//2029 2377//2029
f 2402//1447 2403//1447 2400//1447
f 2402//1447 2400//1447 2401//1447
f 2399//1447 2398//1447 2648//1447
f 2399//1447 2648//1447 2652//1447
f 2395//2030 2390//2030 2396//2030
f 2657//1447 2648//1447 2659//1447
f 2648//1447 2398//1447 2397//1447
f 2648//1880 2397//1880 2710//1880
f 2398//2031 2400//2031 2405//2031
f 2398//2031 2405//2031 2397//2031
f 2403//1447 2406//1447 2405//1447
f 2403//1447 2405//1447 2400//1447
f 2409//2032 2410//2032 2407//2032
f 2409//2033 2407//2033 2408//2033
f 2384//2034 2389//2034 2402//2034
f 2384//2035 2402//2035 2379//2035
f 2392//2036 2404//2036 2389//2036
f 2392//2037 2389//2037 2388//2037
f 2389//2038 2404//2038 2403//2038
f 2389//2039 2403//2039 2402//2039
f 2379//1447 2402//1447 2401//1447
f 2379//1447 2401//1447 2377//1447
f 2393//2040 2388//2040 2383//2040
f 2393//2041 2383//2041 2382//2041
f 2383//2042 2384//2042 2381//2042
f 2383//2043 2381//2043 2382//2043
f 2381//2044 2385//2044 2382//2044
f 2385//2045 2381//2045 2378//2045
f 2385//2046 2378//2046 2380//2046
f 2380//1447 2378//1447 2376//1447
f 2380//1447 2376//1447 2375//1447
f 2376//2047 2651//2047 2650//2047
f 2376//2048 2650//2048 2375//2048
f 2377//2049 2652//2049 2651//2049
f 2377//2050 2651//2050 2376//2050
f 2378//1447 2379//1447 2377//1447
f 2378//1447 2377//1447 2376//1447
f 2392//2051 2393//2051 2390//2051
f 2392//2052 2390//2052 2391//2052
f 2390//1447 2395//1447 2394//1447
f 2390//2053 2394//2053 2391//2053
f 2388//2054 2393//2054 2392//2054
f 2650//1447 2648//1447 2649//1447
f 2650//1798 2649//1798 2654//1798
f 2381//2055 2384//2055 2379//2055
f 2381//2056 2379//2056 2378//2056
f 2385//2057 2386//2057 2387//2057
f 2385//2058 2387//2058 2382//2058
f 2388//2059 2389//2059 2384//2059
f 2388//2060 2384//2060 2383//2060
f 2424//1447 2425//1447 2420//1447
f 2424//1447 2420//1447 2421//1447
f 2422//2061 2427//2061 2426//2061
f 2422//2062 2426//2062 2423//2062
f 2424//2063 2426//2063 2427//2063
f 2424//2064 2427//2064 2425//2064
f 2422//2065 2423//2065 2393//2065
f 2422//2066 2393//2066 2387//2066
f 2375//2067 2650//2067 2654//2067
f 2375//2068 2654//2068 2419//2068
f 2420//2069 2653//2069 2655//2069
f 2420//2070 2655//2070 2421//2070
f 2387//2071 2393//2071 2382//2071
f 2380//2072 2428//2072 2386//2072
f 2380//2073 2386//2073 2385//2073
f 2430//2074 2662//2074 2664//2074
f 2430//2075 2664//2075 2429//2075
f 2431//2076 2663//2076 2662//2076
f 2431//2077 2662//2077 2430//2077
f 2375//1447 2419//1447 2428//1447
f 2375//1447 2428//1447 2380//1447
f 2425//1447 2428//1447 2419//1447
f 2425//1447 2419//1447 2420//1447
f 2386//2078 2427//2078 2422//2078
f 2386//2079 2422//2079 2387//2079
f 2428//2080 2425//2080 2427//2080
f 2428//2081 2427//2081 2386//2081
f 2419//2082 2654//2082 2653//2082
f 2419//2083 2653//2083 2420//2083
f 2395//2084 2414//2084 2412//2084
f 2415//2085 2416//2085 2412//2085
f 2415//2086 2412//2086 2414//2086
f 2416//2087 2417//2087 2413//2087
f 2416//2088 2413//2088 2412//2088
f 2412//2089 2413//2089 2394//2089
f 2412//2090 2394//2090 2395//2090
f 2710//2091 2411//2091 2409//2091
f 2710//2092 2409//2092 2408//2092
f 2408//1447 2407//1447 2659//1447
f 2408//1863 2659//1863 2710//1863
f 2411//2093 2710//2093 2397//2093
f 2411//2094 2397//2094 2405//2094
f 2418//2095 2404//2095 2392//2095
f 2418//2096 2392//2096 2391//2096
f 2418//2097 2406//2097 2403//2097
f 2418//2098 2403//2098 2404//2098
f 2406//1447 2417//1447 2411//1447
f 2406//1565 2411//1565 2405//1565
f 2416//1447 2415//1447 2410//1447
f 2416//1447 2410//1447 2409//1447
f 2413//2099 2418//2099 2391//2099
f 2413//2100 2391//2100 2394//2100
f 2418//2101 2413//2101 2417//2101
f 2418//2102 2417//2102 2406//2102
f 2417//1447 2416//1447 2409//1447
f 2417//1447 2409//1447 2411//1447
o Gun_04_havok_s_armor_1_1
v -0.402270 1.862141 -3.017882
v 0.400557 1.862141 -3.017882
v 0.400557 1.922284 -3.040817
v -0.402270 1.922284 -3.040817
v 0.400557 1.986588 -3.048440
v -0.402270 1.986588 -3.048440
v -0.402270 2.051177 -3.040004
v 0.400557 2.051177 -3.040004
v 0.400557 2.111056 -3.017147
v -0.402270 2.111056 -3.017147
vn -0.0000 -0.3566 0.9343
vn -0.0000 -0.1295 0.9916
vn -0.0000 0.3563 0.9344
vn -0.0000 0.1177 0.9930
s 0
f 2719//2103 2720//2103 2717//2103
f 2719//2103 2717//2103 2718//2103
f 2718//2104 2717//2104 2716//2104
f 2718//2104 2716//2104 2715//2104
f 2713//2105 2714//2105 2711//2105
f 2713//2105 2711//2105 2712//2105
f 2715//2106 2716//2106 2714//2106
f 2715//2106 2714//2106 2713//2106
o Gun_04_havok_s_armor_3_2
v -0.402270 2.263023 -2.802194
v -0.402270 1.719946 -2.783945
v -0.402270 1.743671 -2.865014
v -0.402270 2.242342 -2.869280
v -0.402270 2.270386 -2.730741
v 0.400557 2.263023 -2.802194
v 0.400557 2.242342 -2.869280
v 0.400557 1.743671 -2.865014
v 0.400557 1.719947 -2.783947
v 0.400556 2.270383 -2.730743
v 0.400557 2.111056 -3.017147
v 0.400557 2.051177 -3.040004
v 0.400557 2.163949 -2.979369
v 0.400557 1.986588 -3.048440
v 0.400557 1.922285 -3.040817
v 0.400557 1.862141 -3.017882
v 0.400557 1.809735 -2.979716
v 0.400557 1.769989 -2.924655
v 0.400557 2.208524 -2.929464
v -0.402270 1.769989 -2.924655
v -0.402270 2.163949 -2.979369
v -0.402270 2.208524 -2.929464
v -0.402270 2.051177 -3.040004
v -0.402270 2.111056 -3.017147
v -0.402270 1.809735 -2.979716
v -0.402270 1.986588 -3.048440
v -0.402270 1.922285 -3.040817
v -0.402270 1.862141 -3.017882
vn 1.0000 -0.0000 -0.0000
vn -1.0000 -0.0000 -0.0000
s 0
f 2724//2107 2723//2107 2742//2107
f 2741//2107 2742//2107 2723//2107
f 2741//2107 2723//2107 2740//2107
f 2739//2108 2733//2108 2728//2108
f 2739//2108 2728//2108 2727//2108
f 2740//2107 2745//2107 2743//2107
f 2740//2107 2743//2107 2744//2107
f 2741//2107 2740//2107 2744//2107
f 2747//2107 2745//2107 2748//2107
f 2745//2107 2747//2107 2746//2107
f 2745//2107 2746//2107 2743//2107
f 2736//2108 2737//2108 2738//2108
f 2736//2108 2738//2108 2728//2108
f 2728//2108 2729//2108 2726//2108
f 2728//2108 2726//2108 2727//2108
f 2725//2107 2722//2107 2721//2107
f 2723//2107 2724//2107 2721//2107
f 2723//2107 2721//2107 2722//2107
f 2730//2108 2726//2108 2729//2108
f 2735//2108 2736//2108 2728//2108
f 2734//2108 2735//2108 2728//2108
f 2734//2108 2728//2108 2732//2108
f 2728//2108 2733//2108 2731//2108
f 2728//2108 2731//2108 2732//2108
o Gun_04_havok_s_armor_4_3
v -0.001038 2.279964 -2.729804
v -0.001038 1.711205 -2.784842
v -0.402270 2.270386 -2.730741
v -0.402270 1.719946 -2.783945
v 0.400556 2.270383 -2.730743
v 0.400557 1.719947 -2.783947
vn 0.0001 0.0962 -0.9954
vn -0.0000 0.0963 -0.9954
vn -0.0001 0.0962 -0.9954
s 0
f 2753//2109 2754//2109 2750//2109
f 2753//2110 2750//2110 2749//2110
f 2751//2111 2750//2111 2752//2111
f 2749//2110 2750//2110 2751//2110
o Gun_04_havok_s_armor_14_4
v -0.001038 1.711205 -2.784842
v 0.400557 1.719947 -2.783947
v 0.400557 1.743671 -2.865014
v -0.001038 1.734666 -2.865008
v -0.402270 1.743671 -2.865014
v -0.402270 1.719946 -2.783945
vn 0.0215 0.9595 0.2808
vn -0.0215 0.9595 0.2808
s 0
f 2759//2112 2760//2112 2755//2112
f 2759//2112 2755//2112 2758//2112
f 2757//2113 2758//2113 2755//2113
f 2757//2113 2755//2113 2756//2113
o Gun_04_havok_s_armor_13_5
v -0.001038 2.279964 -2.729804
v -0.402270 2.270386 -2.730741
v -0.402270 2.263024 -2.802194
v -0.001038 2.272511 -2.802190
v 0.400557 2.263024 -2.802194
v 0.400556 2.270383 -2.730743
vn -0.0235 -0.9945 0.1024
vn 0.0235 -0.9945 0.1024
vn 0.0235 -0.9945 0.1025
s 0
f 2765//2114 2766//2114 2761//2114
f 2765//2114 2761//2114 2764//2114
f 2763//2115 2764//2115 2761//2115
f 2763//2116 2761//2116 2762//2116
o Gun_04_havok_s_armor_6_6
v -0.402270 2.163949 -2.979369
v 0.400557 2.163949 -2.979369
v 0.400557 2.208524 -2.929464
v -0.402270 2.208524 -2.929464
vn -0.0000 -0.7458 0.6662
s 0
f 2769//2117 2770//2117 2767//2117
f 2769//2117 2767//2117 2768//2117
o Gun_04_havok_s_armor_7_7
v 0.400557 1.809735 -2.979716
v -0.402270 1.809735 -2.979716
v -0.402270 1.769988 -2.924655
v 0.400557 1.769988 -2.924655
vn -0.0000 0.8108 0.5853
s 0
f 2773//2118 2774//2118 2771//2118
f 2773//2118 2771//2118 2772//2118
o Gun_04_havok_s_armor_8_8
v -0.402270 1.769988 -2.924655
v -0.001038 1.734666 -2.865008
v 0.400557 1.769988 -2.924655
vn -0.0000 0.8604 0.5095
s 0
f 2775//2119 2776//2119 2777//2119
o Gun_04_havok_s_armor_9_9
v -0.402270 2.208524 -2.929464
v 0.400557 2.208524 -2.929464
v 0.400557 2.242342 -2.869280
v -0.402270 2.242342 -2.869280
vn -0.0000 -0.8718 0.4899
s 0
f 2780//2120 2781//2120 2778//2120
f 2780//2120 2778//2120 2779//2120
o Gun_04_havok_s_armor_10_10
v -0.402270 2.242342 -2.869280
v 0.400557 2.242342 -2.869280
v -0.001038 2.272511 -2.802190
vn -0.0000 -0.9120 0.4101
s 0
f 2782//2121 2783//2121 2784//2121
o Gun_04_havok_s_armor_11_11
v 0.400557 2.242342 -2.869280
v 0.400557 2.263024 -2.802194
v -0.001038 2.272511 -2.802190
v -0.402270 2.263024 -2.802194
v -0.402270 2.242342 -2.869280
vn 0.0226 -0.9554 0.2945
vn -0.0226 -0.9554 0.2945
s 0
f 2788//2122 2789//2122 2787//2122
f 2785//2123 2786//2123 2787//2123
o Gun_04_havok_s_armor_12_12
v -0.001038 1.734666 -2.865008
v 0.400557 1.743671 -2.865014
v 0.400557 1.769988 -2.924655
v -0.402270 1.769988 -2.924655
v -0.402270 1.743671 -2.865014
vn 0.0205 0.9147 0.4036
vn -0.0205 0.9147 0.4036
s 0
f 2793//2124 2794//2124 2790//2124
f 2790//2125 2791//2125 2792//2125
o Gun_04_havok_s_armor_5_13
v -0.402270 1.809735 -2.979716
v 0.400557 1.809735 -2.979716
v 0.400557 1.862141 -3.017882
v -0.402270 1.862141 -3.017882
v -0.402270 2.111056 -3.017147
v 0.400557 2.111056 -3.017147
v 0.400557 2.163949 -2.979369
v -0.402270 2.163949 -2.979369
vn -0.0000 -0.5812 0.8137
vn -0.0000 0.5887 0.8083
s 0
f 2801//2126 2802//2126 2799//2126
f 2801//2126 2799//2126 2800//2126
f 2797//2127 2798//2127 2795//2127
f 2797//2127 2795//2127 2796//2127
