# Blender 5.1.0
# www.blender.org
o Chassis_havok_s_rightTrack_0
v 1.625898 0.160598 -0.813155
v 1.625898 0.160598 -0.324659
v 1.625898 0.160598 0.152736
v 1.625898 0.160598 0.638457
v 1.258093 0.160598 0.152736
v 1.258093 0.160598 -0.324659
v 1.258093 0.160598 -0.813155
v 1.625898 0.160598 1.554389
v 1.258093 0.160598 1.554389
v 1.258093 0.231863 1.609900
v 1.625898 0.231863 1.609900
v 1.625898 0.160598 1.065892
v 1.258093 0.160598 1.065892
v 1.625898 0.231863 1.013157
v 1.258093 0.231863 1.013157
v 1.258093 0.160598 0.638457
v 1.258093 0.231863 0.693968
v 1.625898 0.231863 0.693968
v 1.625898 0.576212 1.609900
v 1.625898 0.314905 1.643206
v 1.258093 0.576212 1.609900
v 1.258093 0.314905 1.643206
v 1.258093 0.493170 0.977074
v 1.258093 0.576212 1.013157
v 1.258093 0.404038 0.965972
v 1.258093 0.314905 0.977074
v 1.625898 0.493170 0.977074
v 1.625898 0.404038 0.965972
v 1.625898 0.314905 0.977074
v 1.625898 0.576212 1.013157
v 1.625898 0.404038 0.741153
v 1.258093 0.404038 0.741153
v 1.258093 0.493170 0.727275
v 1.625898 0.493170 0.727275
v 1.258093 0.576212 0.097225
v 1.258093 0.493170 0.063918
v 1.258093 0.404038 0.050041
v 1.258093 0.314905 0.063918
v 1.258093 0.231863 0.097225
v 1.625898 0.493170 0.063918
v 1.625898 0.576212 0.097225
v 1.625898 0.404038 0.050041
v 1.625898 0.231863 0.097225
v 1.625898 0.314905 0.063918
v 1.625898 0.576212 0.693968
v 1.258093 0.576212 0.693968
v 1.258093 0.314905 0.727275
v 1.625898 0.314905 0.727275
v 1.625898 0.231863 -0.868666
v 1.258093 0.231863 -0.868666
v 1.625898 0.576212 -0.868666
v 1.258093 0.576212 -0.868666
v 1.625898 0.231863 -0.271923
v 1.258093 0.231863 -0.271923
v 1.625898 0.493170 -0.901973
v 1.625898 0.404038 -0.913075
v 1.625898 0.314905 -0.901973
v 1.258093 0.576212 -0.271923
v 1.258093 0.493170 -0.235841
v 1.258093 0.404038 -0.224739
v 1.258093 0.314905 -0.235841
v 1.625898 0.576212 -0.271923
v 1.625898 0.493170 -0.235841
v 1.625898 0.314905 -0.235841
v 1.625898 0.404038 -0.224739
v 1.258093 0.493170 -0.901973
v 1.258093 0.404038 -0.913075
v 1.258093 0.314905 -0.901973
v 1.625898 0.576212 -1.196181
v 1.625898 0.493170 -1.162875
v 1.625898 0.404038 -1.148997
v 1.625898 0.314905 -1.162875
v 1.625898 0.231863 -1.196181
v 1.625759 0.702405 -2.621501
v 1.625759 0.748364 -2.449357
v 1.258264 0.499898 -2.632796
v 1.258264 0.736516 -2.538462
v 1.258264 0.748364 -2.449357
v 1.258264 0.702405 -2.621501
v 1.258264 0.573863 -2.663335
v 0.873848 0.499898 -2.632796
v 1.122026 0.013377 -2.548293
v 1.761996 0.013377 -2.548293
v 1.625759 0.095959 -2.625684
v 1.761996 0.071544 -2.538462
v 1.625759 0.071544 -2.538462
v 1.258264 0.059695 -2.449357
v 1.258264 0.071544 -2.538462
v 1.122026 0.071544 -2.538462
v 1.625759 0.736516 -2.538462
v 1.258000 0.576229 2.502850
v 1.258000 0.647565 2.448709
v 1.625992 0.647565 2.448709
v 1.625992 0.576229 2.502850
v 1.258000 0.702407 2.377380
v 1.625992 0.702407 2.377380
v 1.761996 0.010901 2.294020
v 1.121996 0.010901 2.294020
v 1.625992 0.071516 2.294020
v 1.761996 0.071516 2.294020
v 1.625992 0.099143 2.411756
v 1.258000 0.099143 2.411756
v 1.258000 0.231919 2.502850
v 1.625992 0.231919 2.502850
v 1.258000 0.071516 2.294020
v 1.121996 0.071516 2.294020
v 1.625992 0.403868 2.549257
v 1.625992 0.314801 2.537226
v 1.625992 0.493347 2.537226
v 1.258000 0.403868 2.549257
v 1.258000 0.493347 2.537226
v 1.258000 0.314801 2.537226
v 1.258000 0.576229 1.906438
v 1.258000 0.702407 2.032768
v 1.258000 0.748177 2.204644
v 1.258000 0.231919 1.906438
v 1.258000 0.403868 1.860891
v 1.258000 0.160583 1.961439
v 1.258000 0.736632 2.294020
v 1.258000 0.647565 1.961439
v 1.258000 0.736632 2.116128
v 1.625992 0.647565 1.961439
v 1.625992 0.702407 2.032768
v 1.625992 0.736632 2.116128
v 1.625992 0.748177 2.204644
v 1.625992 0.736632 2.294020
v 1.625992 0.576229 1.906438
v 1.625992 0.403868 1.860891
v 1.625992 0.231919 1.906438
v 1.258000 0.059558 2.204644
v 1.625992 0.160583 1.961439
v 1.625992 0.059558 2.204644
v 1.625992 0.493347 1.872063
v 1.258000 0.493347 1.872063
v 1.258000 0.314801 1.872063
v 1.625992 0.314801 1.872063
v 1.625992 0.641792 1.758624
v 1.625992 0.651276 1.710499
v 1.250809 0.651276 1.710499
v 1.250809 0.641792 1.758624
v 1.250809 0.651276 1.805891
v 1.625992 0.651276 1.806750
v 1.250809 0.678078 1.847141
v 1.625992 0.678078 1.847141
v 1.250809 0.678491 1.670108
v 1.625992 0.678078 1.670108
v 1.250809 0.718488 1.873782
v 1.625992 0.718901 1.873782
v 1.250809 0.766321 1.883235
v 1.625992 0.766733 1.883235
v 1.250809 0.854563 1.847141
v 1.250809 0.814153 1.873782
v 1.625992 0.854975 1.670108
v 1.625992 0.814153 1.873782
v 1.250809 0.854975 1.670108
v 1.625992 0.854975 1.847141
v 1.625912 0.891935 -0.146778
v 1.250957 0.891830 -0.146778
v 1.250957 0.891935 -0.027542
v 1.250957 0.854857 0.002267
v 1.625912 0.854962 0.002267
v 1.250957 0.854857 -0.174931
v 1.625912 0.766394 -0.211364
v 1.625912 0.814229 -0.201428
v 1.250957 0.814334 -0.201428
v 1.250957 0.766603 -0.211364
v 1.250957 0.678245 0.002267
v 1.625912 0.678349 0.002267
v 1.250957 0.678245 -0.174931
v 1.625912 0.678140 -0.174931
v 1.625912 0.854753 -0.174931
v 1.250957 0.718768 -0.201428
v 1.625912 0.718664 -0.201428
v 1.625912 0.718873 0.028764
v 1.625912 0.766708 0.038701
v 1.625912 0.814438 0.028764
v 1.250957 0.814334 0.028764
v 1.250957 0.766603 0.038701
v 1.250957 0.718768 0.028764
v 1.258101 0.702266 0.566984
v 1.258101 0.736628 0.484181
v 1.258101 0.702266 1.482786
v 1.258101 0.736628 1.399983
v 1.258101 0.315037 -1.827094
v 1.625912 0.315037 -1.827094
v 1.625912 0.404205 -1.838834
v 1.258101 0.404205 -1.838834
v 1.625912 0.231933 -2.151111
v 1.625912 0.315037 -2.116674
v 1.625912 0.404205 -2.104935
v 1.625912 0.493017 -2.116674
v 1.625912 0.647456 -2.205897
v 1.625912 0.576121 -2.151111
v 1.625912 0.702383 -1.666651
v 1.625912 0.647456 -1.737872
v 1.625912 0.736624 -1.583690
v 1.625912 0.748394 -1.494468
v 1.625912 0.736624 -1.405246
v 1.625912 0.576121 -1.792657
v 1.625912 0.493017 -1.827094
v 1.625912 0.231933 -1.792657
v 1.625912 0.160598 -1.737872
v 1.258101 0.160598 -1.737872
v 1.258101 0.231933 -1.792657
v 1.258101 0.736624 -1.405246
v 1.258101 0.748394 -1.494468
v 1.258101 0.736624 -1.583690
v 1.258101 0.702383 -1.666651
v 1.258101 0.576121 -1.792657
v 1.258101 0.493017 -1.827094
v 1.258101 0.647456 -1.737872
v 1.625912 0.651379 -1.923360
v 1.625912 0.641749 -1.971102
v 1.250957 0.641749 -1.971102
v 1.250957 0.651022 -1.923360
v 1.250957 0.651022 -2.019626
v 1.625912 0.651022 -2.018843
v 1.625912 0.678129 -2.059541
v 1.250957 0.678129 -2.059541
v 1.250957 0.678129 -1.883445
v 1.625912 0.678486 -1.882662
v 1.625912 0.718790 -2.086934
v 1.250957 0.718790 -2.086934
v 1.250957 0.766584 -2.096326
v 1.625912 0.766584 -2.096326
v 1.250957 0.855039 -1.883445
v 1.250957 0.814378 -2.086934
v 1.625912 0.855039 -1.883445
v 1.625912 0.814378 -2.086934
v 1.250957 0.890706 -2.032148
v 1.250957 0.855039 -2.059541
v 1.625912 0.854682 -2.059541
v 1.250957 0.718790 -1.856052
v 1.250957 0.814378 -1.856052
v 1.250957 0.766584 -1.846660
v 1.625912 0.718790 -1.856052
v 1.625912 0.766584 -1.846660
v 1.625912 0.814378 -1.856052
v 1.625412 0.718665 -2.929367
v 1.625412 0.645124 -2.896144
v 1.625412 0.485383 -2.896144
v 1.625412 0.565253 -2.884481
v 1.625412 0.412143 -2.929367
v 1.257660 0.612875 -3.014190
v 1.257660 0.350959 -2.982382
v 1.257660 0.412143 -2.929367
v 1.257660 0.596900 -2.982735
v 1.257660 0.738256 -3.054835
v 1.257660 0.823251 -3.050241
v 1.257660 0.768999 -3.038931
v 1.257660 0.794317 -3.014190
v 1.257660 0.796728 -3.009242
v 1.259606 0.809989 -2.982735
v 1.259606 0.796728 -3.008889
v 1.259606 0.779548 -2.982382
v 1.259606 0.815415 -2.948099
v 1.260578 0.576104 -2.747703
v 1.260578 0.493219 -2.781986
v 1.625898 0.493219 -2.781986
v 1.258146 0.404005 -2.793649
v 1.257660 0.485383 -2.896144
v 1.257660 0.565253 -2.884481
v 1.259606 0.645124 -2.896144
v 1.260578 0.573693 -2.810967
v 1.260578 0.500151 -2.841362
v 1.257660 0.591475 -2.948099
v 1.257660 0.596900 -2.913463
v 1.259606 0.718665 -2.929367
v 1.259606 0.769300 -2.857620
v 1.259606 0.794015 -2.882360
v 1.259606 0.738256 -2.841716
v 1.259606 0.809989 -2.913463
v 1.259606 0.703596 -2.836061
v 1.259606 0.668935 -2.841716
v 1.259606 0.637891 -2.857620
v 0.967739 0.629150 -3.050594
v 0.967739 0.601120 -3.022673
v 0.743488 0.567062 -2.903920
v 0.766351 0.588763 -2.865042
v 0.784349 0.623122 -2.833941
v 0.718193 0.558321 -2.947745
v 0.780944 0.569775 -2.991217
v 0.744461 0.838622 -2.901093
v 0.764892 0.819634 -2.865749
v 0.717706 0.848870 -2.947392
v 0.697276 0.562240 -2.983442
v 0.690466 0.843143 -2.993691
v 0.783376 0.785576 -2.834294
v 0.667116 0.824456 -3.033983
v 0.647172 0.791905 -3.068619
v 0.634524 0.750312 -3.090885
v 0.630146 0.703596 -3.098660
v 0.633065 0.672853 -3.093712
v 0.780944 0.660194 -3.081696
v 0.797970 0.429925 -2.810967
v 1.258146 0.395566 -2.737100
v 0.840290 0.604435 -2.737100
v 0.797483 0.573693 -2.810967
v 0.779971 0.500151 -2.841362
v 0.798456 0.703596 -2.808847
v 0.794565 0.746696 -2.815209
v 0.795538 0.669537 -2.814148
v 1.625412 0.350959 -2.982382
v 1.258146 0.315092 -2.781986
v 1.625898 0.315092 -2.781986
v 1.258146 0.231906 -2.747703
v 1.660885 0.863440 2.957948
v 1.660885 0.835087 2.904711
v 1.660885 0.443218 3.354079
v 1.660885 0.880991 3.015765
v 1.660885 0.508361 3.378122
v 1.660885 0.577554 3.385564
v 1.660885 0.646747 3.379267
v 1.660885 0.711890 3.355224
v 1.660885 0.771632 3.319733
v 1.660885 0.796609 2.858343
v 1.660885 0.384488 3.317443
v 1.222998 0.880991 3.015765
v 1.222998 0.796609 2.858343
v 1.222998 0.835087 2.904711
v 1.222998 0.863440 2.957948
v 1.761996 0.911031 3.237873
v 1.761996 0.865465 3.306566
v 1.761996 0.937021 3.159449
v 1.660885 0.892805 3.082741
v 1.660885 0.858377 3.212113
v 1.660885 0.819899 3.269930
v 1.761996 0.819899 3.269930
v 1.761996 0.858377 3.212113
v 1.761996 0.771632 3.319733
v 1.761996 0.879979 3.146282
v 1.660885 0.879979 3.146282
v 1.761996 0.736867 3.408461
v 1.761996 0.808085 3.366101
v 1.761996 0.659573 3.436511
v 1.761996 0.711890 3.355224
v 1.761996 0.646747 3.379267
v 1.761996 0.577216 3.443953
v 1.761996 0.495197 3.435366
v 1.761996 0.417566 3.406744
v 1.761996 0.508361 3.378122
v 1.761996 0.577554 3.385564
v 1.761996 0.443218 3.354079
v 1.660885 0.294706 2.957948
v 1.660885 0.323058 2.904711
v 1.222998 0.323058 2.904711
v 1.222998 0.294706 2.957948
v 1.222998 0.277154 3.015765
v 1.660885 0.277154 3.015765
v 1.660885 0.335884 3.267640
v 1.660885 0.299093 3.209251
v 1.761996 0.289980 3.304277
v 1.761996 0.246102 3.234439
v 1.222998 0.299093 3.209251
v 1.761996 0.299093 3.209251
v 1.761996 0.335884 3.267640
v 1.761996 0.384488 3.317443
v 1.761996 0.347697 3.363238
v 1.625611 0.351142 -3.353644
v 1.625611 0.412056 -3.406517
v 1.625611 0.485486 -3.440002
v 1.625611 0.565313 -3.451679
v 1.625611 0.645140 -3.440002
v 1.257672 0.351142 -3.353644
v 1.257672 0.412056 -3.406517
v 1.257672 0.485486 -3.440002
v 1.257672 0.565313 -3.451679
v 1.257672 0.645140 -3.440002
v 1.121956 0.306917 -3.391977
v 1.761996 0.306917 -3.391977
v 1.121956 0.351142 -3.353644
v 1.121956 0.395645 -3.392197
v 1.761996 0.351142 -3.353644
v 1.761996 0.412056 -3.406517
v 1.257672 0.779484 -3.353644
v 1.257672 0.718570 -3.406517
v 1.257672 0.823152 -3.285791
v 1.076048 0.779484 -3.353644
v 1.076048 0.718570 -3.406517
v 1.076048 0.823152 -3.285791
v 1.625611 0.718570 -3.406517
v 1.625611 0.823152 -3.285791
v 1.625611 0.779484 -3.353644
v 1.076048 0.823430 -3.391756
v 1.761996 0.823709 -3.391756
v 1.761996 0.876278 -3.310024
v 1.076048 0.876278 -3.310024
v 1.761996 0.823152 -3.285791
v 1.761996 0.779484 -3.353644
v 1.761996 0.718570 -3.406517
v 1.761996 0.750557 -3.456305
v 1.076048 0.750557 -3.456305
v 1.076048 0.661273 -3.495298
v 1.761996 0.661273 -3.495298
v 1.076048 0.565313 -3.511160
v 1.761996 0.565313 -3.511160
v 1.761996 0.645140 -3.440002
v 1.761996 0.565313 -3.451679
v 1.076048 0.485486 -3.440002
v 1.076048 0.565313 -3.451679
v 1.076048 0.645140 -3.440002
v 1.761996 0.469075 -3.495519
v 1.076048 0.469075 -3.495519
v 1.121956 0.395645 -3.462694
v 1.761996 0.380347 -3.456084
v 1.761996 0.485486 -3.440002
v 1.076048 0.395645 -3.462694
v 1.076048 0.412056 -3.406517
v 1.076048 0.395645 -3.392197
v 1.121956 0.380347 -3.455864
v 0.939168 0.439588 3.265721
v 1.076047 0.766042 3.346752
v 1.076047 0.710457 3.385110
v 0.904585 0.710457 3.385110
v 0.883666 0.766042 3.346752
v 1.076047 0.647536 3.409084
v 0.923932 0.647536 3.409084
v 0.875323 0.784100 3.326614
v 0.940740 0.580383 3.417235
v 0.954041 0.513512 3.409084
v 0.962868 0.450309 3.385110
v 1.076047 0.580383 3.417235
v 1.076047 0.513512 3.409084
v 1.076047 0.450309 3.385110
v 1.076047 0.819651 3.270036
v 1.076047 0.858306 3.212019
v 1.076047 0.880032 3.146331
v 0.894186 0.395571 3.015914
v 0.916314 0.318543 3.037970
v 0.934331 0.302460 3.103658
v 0.959845 0.318543 3.236473
v 0.949083 0.302460 3.170784
v 0.896121 0.349862 2.978035
v 0.874477 0.395571 2.926731
v 1.121996 0.349862 3.296407
v 0.965891 0.349862 3.296407
v 1.121996 0.000043 -2.449358
v 1.121996 0.000126 2.204947
v 1.761996 0.000123 2.204947
v 1.761996 0.000039 -2.449358
v 1.625898 0.059753 -1.345825
v 1.761996 0.059752 -2.449358
v 1.761996 0.059752 2.204949
v 1.625898 0.059753 2.063322
v 1.258093 0.059754 2.063320
v 1.258093 0.059756 -1.345822
v 1.625898 0.059753 -0.721567
v 1.625898 0.059753 -0.415400
v 1.625898 0.059753 0.255106
v 1.625898 0.059753 0.533699
v 1.258093 0.059755 0.255103
v 1.258093 0.059756 -0.415398
v 1.258093 0.059756 -0.721570
v 1.258093 0.160598 -1.250899
v 1.625898 0.160598 -1.250899
v 1.258093 0.059756 -2.298957
v 1.258093 0.059756 -1.641669
v 1.121996 0.059755 2.204949
v 1.121996 0.059758 -2.449358
v 1.625898 0.059753 1.456554
v 1.258093 0.059755 1.456556
v 1.625898 0.059753 1.159660
v 1.258093 0.059755 1.159658
v 1.258093 0.059755 0.533700
v 1.625898 0.702236 1.482786
v 1.625898 0.736632 1.399745
v 1.625898 0.647519 1.554093
v 1.625898 0.748364 1.310634
v 1.625898 0.736632 1.221520
v 1.625898 0.702236 1.138481
v 1.625898 0.647519 1.067172
v 1.625898 0.493171 1.643206
v 1.625898 0.404059 1.654938
v 1.258093 0.647519 1.554093
v 1.258093 0.647519 1.067172
v 1.258093 0.702236 1.138481
v 1.258093 0.736632 1.221520
v 1.258093 0.748364 1.310634
v 1.258093 0.404059 1.654938
v 1.258093 0.493171 1.643206
v 1.258093 0.647519 0.152175
v 1.258093 0.702236 0.223484
v 1.258093 0.736632 0.306523
v 1.258093 0.748364 0.395636
v 1.625898 0.647519 0.152175
v 1.625898 0.736632 0.306523
v 1.625898 0.702236 0.223484
v 1.625898 0.748364 0.395636
v 1.625898 0.736632 0.484748
v 1.625898 0.647519 0.639096
v 1.258093 0.647519 0.639096
v 1.625898 0.702236 0.567789
v 1.625898 0.647520 -0.812823
v 1.258093 0.647520 -0.812823
v 1.625898 0.702236 -0.741513
v 1.625898 0.736632 -0.658475
v 1.625898 0.748364 -0.569361
v 1.625898 0.736632 -0.480248
v 1.625898 0.702236 -0.397209
v 1.625898 0.647519 -0.325900
v 1.258093 0.736632 -0.480248
v 1.258093 0.702236 -0.397209
v 1.258093 0.647519 -0.325900
v 1.258093 0.748364 -0.569361
v 1.258093 0.736632 -0.658475
v 1.258093 0.702236 -0.741513
v 1.250957 0.641662 -0.086469
v 1.250957 0.651170 -0.038674
v 1.625912 0.651225 -0.038539
v 1.625912 0.641662 -0.086323
v 1.625912 0.651114 -0.134130
v 1.250957 0.651170 -0.134264
v 1.625898 0.647519 -1.250897
v 1.258093 0.576212 -1.196181
v 1.258093 0.647519 -1.250897
v 1.258093 0.493172 -1.161785
v 1.258093 0.404059 -1.150053
v 1.258093 0.314946 -1.161785
v 1.258093 0.231906 -1.196182
v 1.625898 0.576212 -2.747535
v 1.625898 0.160598 -2.205897
v 1.625898 0.702236 -2.277204
v 1.625898 0.736632 -2.360245
v 1.625898 0.404059 -2.793663
v 1.625898 0.231906 -2.747535
v 1.258093 0.231906 -2.151181
v 1.258093 0.160598 -2.205897
v 1.258093 0.429870 -2.663335
v 1.258093 0.404059 -2.105052
v 1.258093 0.314946 -2.116784
v 1.258093 0.647519 -2.205897
v 1.258093 0.576212 -2.151181
v 1.258093 0.493172 -2.116784
v 1.258093 0.736632 -2.360245
v 1.258093 0.702236 -2.277204
v 1.258093 0.647520 -2.692818
v 1.258093 0.600835 -2.728639
v 1.260406 0.600835 -2.728639
v 1.625898 0.647520 -2.692818
v 0.848316 0.429870 -2.663335
v 0.890228 0.545020 -2.651347
v 0.883306 0.573785 -2.663335
v 0.835863 0.395656 -2.739711
v 1.761996 0.042071 -2.648298
v 1.121996 0.042080 -2.648295
v 1.761996 0.096108 -2.625613
v 1.625898 0.059753 -2.449358
v 1.625898 0.059753 -2.298960
v 1.625898 0.110075 -2.669245
v 1.258093 0.096116 -2.625610
v 1.258093 0.110083 -2.669249
v 1.121996 0.096119 -2.625608
v 1.076048 0.903937 -3.216710
v 1.761996 0.903987 -3.216717
v 1.761996 0.950491 -2.059882
v 1.076048 0.950437 -2.059882
v 1.761996 0.890742 -2.059882
v 1.625535 0.849496 -3.117645
v 1.257729 0.849464 -3.117562
v 1.076048 0.890675 -2.059882
v 1.761996 0.845973 -3.208376
v 1.625535 0.845959 -3.208374
v 1.076048 0.845911 -3.208368
v 1.257729 0.845924 -3.208369
v 1.625913 0.893104 1.817433
v 1.250957 0.893064 1.817537
v 1.076048 0.893823 3.076867
v 1.761996 0.893890 3.076869
v 1.660996 0.696865 2.791611
v 1.660996 0.750087 2.820059
v 1.222998 0.750087 2.820059
v 1.222998 0.696865 2.791611
v 1.660996 0.639116 2.774093
v 1.222998 0.639116 2.774093
v 1.222998 0.579058 2.768178
v 1.222998 0.519001 2.774093
v 1.660996 0.519001 2.774093
v 1.660996 0.579058 2.768178
v 1.121996 0.213781 3.157406
v 1.761996 0.213695 3.157424
v 1.761996 0.271838 3.144472
v 1.660996 0.262367 3.104222
v 1.660996 0.271855 3.144468
v 1.222998 0.262399 3.104031
v 1.121996 0.271945 3.144449
v 1.222998 0.461251 2.791611
v 1.222998 0.408029 2.820059
v 1.660996 0.408029 2.820059
v 1.660996 0.461251 2.791611
v 1.660996 0.361379 2.858343
v 1.222998 0.361379 2.858343
v 1.625913 0.718762 1.643137
v 1.250957 0.718898 1.643082
v 1.250957 0.766704 1.633630
v 1.250957 0.814488 1.643193
v 1.625913 0.766558 1.633630
v 1.625913 0.814353 1.643137
v 1.625913 0.893031 1.699165
v 1.250957 0.892992 1.699209
v 1.076048 0.953395 3.077959
v 1.761996 0.953449 3.077959
v 1.625912 0.890745 -2.031974
v 1.250957 0.890780 -1.911051
v 1.625912 0.891973 -0.027055
v 1.625912 0.890819 -1.911150
v 1.258093 0.702236 -1.322206
v 1.625898 0.702236 -1.322206
v 1.625898 0.059753 -1.641665
v 1.625535 0.779552 -2.982368
v 1.625535 0.307401 -3.285799
v 1.257729 0.307416 -3.050251
v 1.257729 0.637740 -3.038889
v 1.257729 0.703558 -3.060296
v 1.260406 0.420867 -2.791449
v 1.258093 0.420861 -2.791451
v 1.259675 0.608751 -2.890769
v 1.257729 0.608629 -2.890753
v 1.260406 0.429870 -2.810867
v 1.260406 0.604340 -2.737101
v 1.625535 0.823177 -3.050251
v 1.259675 0.613047 -2.882338
v 1.257729 0.668950 -3.054811
v 1.761996 0.253807 -3.310274
v 1.121996 0.253822 -3.310268
v 1.761996 0.307398 -3.285800
v 1.625535 0.274520 -3.183057
v 1.257729 0.274525 -3.183035
v 1.625535 0.307416 -3.050251
v 1.257729 0.307412 -3.285794
v 1.121996 0.307416 -3.285792
v 1.222998 0.771444 3.319762
v 1.222998 0.395559 3.015777
v 1.222998 0.819767 3.270026
v 1.222998 0.765597 3.323250
v 1.222998 0.439641 3.265774
v 1.222998 0.880043 3.146359
v 1.222998 0.858300 3.212224
v 1.222998 0.892662 3.082772
v 1.222998 0.395558 2.926732
v 1.076048 0.911112 3.237810
v 1.076048 0.865358 3.306769
v 1.076048 0.936968 3.159661
v 1.076048 0.736892 3.408148
v 1.076048 0.807992 3.365812
v 1.076048 0.659546 3.436269
v 1.076048 0.577155 3.443878
v 1.076048 0.495328 3.435262
v 1.076048 0.417621 3.406858
v 1.222998 0.349983 2.978178
v 1.222998 0.318614 3.037946
v 1.222998 0.302460 3.103485
v 1.222998 0.271928 3.144452
v 1.222998 0.302460 3.170985
v 1.121996 0.290033 3.304073
v 1.121996 0.246179 3.234449
v 1.121996 0.329832 3.257900
v 1.121996 0.299086 3.209123
v 1.222998 0.329928 3.258082
v 1.222998 0.318614 3.236525
v 1.121996 0.395560 3.393065
v 1.121996 0.347850 3.363234
v 1.076048 0.395560 3.393065
v 1.076048 0.765577 3.323247
v 1.076048 0.784084 3.326510
v 1.076048 0.771436 3.319752
v 0.966947 0.394744 3.346819
v 1.121996 0.394744 3.346819
v 1.121996 0.395560 3.347383
v 1.076048 0.395560 3.347383
vn -0.0000 0.5948 -0.8038
vn -1.0000 -0.0000 -0.0000
vn -0.0000 -0.6166 0.7873
vn 1.0000 -0.0000 -0.0000
vn -0.0000 0.6145 0.7889
vn -0.0000 -0.6099 -0.7925
vn -0.0000 0.3723 0.9281
vn -0.0000 -0.3723 -0.9281
vn -0.0000 0.3723 -0.9281
vn -0.0000 0.1538 -0.9881
vn -0.0000 -0.6088 -0.7934
vn -0.0000 -0.3827 -0.9239
vn -0.0028 -0.3723 -0.9281
vn -0.0000 -0.3723 0.9281
vn -0.0000 0.6088 -0.7934
vn 0.0001 0.6090 -0.7932
vn -0.0000 0.3827 -0.9239
vn -0.0027 0.3723 -0.9281
vn 0.0028 -0.1305 -0.9914
vn -0.0029 -0.1538 -0.9881
vn -0.0029 0.1305 -0.9914
vn 0.0028 0.1538 -0.9881
vn -0.0000 0.1236 0.9923
vn 0.0001 0.9806 -0.1962
vn -0.0001 0.9808 -0.1951
vn 0.0001 0.9810 0.1939
vn -0.0001 0.9808 0.1951
vn -0.0000 0.1538 0.9881
vn -0.0000 -0.3985 -0.9172
vn -0.0000 -0.6035 -0.7973
vn -0.0000 -0.1236 0.9923
vn -0.0000 0.1236 -0.9923
vn -0.0000 -0.1236 -0.9923
vn -0.0000 0.3985 -0.9172
vn -0.0000 0.7204 -0.6935
vn -0.0000 0.6145 -0.7889
vn -0.0000 0.5948 0.8038
vn -0.0000 0.6809 0.7323
vn -0.0000 0.6963 -0.7177
vn -0.0000 0.7124 0.7018
vn -0.0000 -1.0000 -0.0000
vn -0.0000 1.0000 -0.0000
vn -0.0000 0.6854 -0.7282
vn -0.0000 0.6689 -0.7434
vn -0.0000 0.6723 0.7403
vn -0.0000 -0.6163 -0.7875
vn -0.0000 -0.1538 -0.9881
vn -0.0000 -0.3985 0.9172
vn -0.0000 -0.1538 0.9881
vn -0.0000 -0.6104 0.7921
vn -0.0000 -0.6038 0.7971
vn -0.0000 0.3985 0.9172
vn -0.0000 0.1305 -0.9915
vn -0.0000 -0.9625 -0.2714
vn 1.0000 -0.0002 -0.0020
vn -0.0005 -0.9914 -0.1311
vn -0.0000 -0.9913 -0.1318
vn 1.0000 -0.0000 0.0003
vn 1.0000 -0.0001 0.0003
vn 1.0000 0.0001 -0.0003
vn 1.0000 0.0005 0.0001
vn -1.0000 -0.0026 -0.0041
vn -1.0000 0.0021 0.0012
vn 1.0000 0.0011 0.0011
vn 0.0012 -0.9513 -0.3083
vn -0.0005 -1.0000 0.0004
vn -0.0000 -0.9250 0.3800
vn -0.0000 -0.9914 -0.1305
vn -0.0000 -0.7925 0.6099
vn -0.0000 -0.9913 0.1318
vn -0.0001 0.9992 -0.0390
vn 0.0001 -0.9992 0.0402
vn -0.0001 0.9992 -0.0389
vn 1.0000 0.0005 0.0002
vn 1.0000 0.0004 0.0003
vn 1.0000 -0.0013 0.0018
vn 1.0000 0.0015 -0.0020
vn -0.0000 -0.6087 0.7934
vn 1.0000 0.0010 -0.0032
vn 1.0000 0.0001 0.0003
vn 1.0000 0.0002 0.0003
vn -1.0000 0.0056 0.0023
vn -1.0000 0.0001 0.0008
vn -1.0000 -0.0006 -0.0005
vn -1.0000 -0.0002 0.0001
vn 1.0000 -0.0019 -0.0011
vn 1.0000 -0.0002 0.0002
vn 0.0012 -0.9625 -0.2713
vn -0.0000 -0.9630 -0.2696
vn -0.0000 0.9910 0.1336
vn -0.9999 0.0106 0.0030
vn -0.0000 -0.9914 -0.1312
vn -0.0000 0.9612 0.2759
vn -0.0000 0.9612 0.2758
vn -0.0000 0.3997 -0.9166
vn -1.0000 0.0037 -0.0048
vn -0.0000 -0.3802 -0.9249
vn -0.0002 -0.3816 -0.9243
vn 0.9397 -0.3420 -0.0000
vn 0.9398 -0.3419 -0.0018
vn 0.0002 -0.9243 -0.3817
vn 0.0001 -0.3846 -0.9231
vn -0.0000 0.3831 0.9237
vn -0.0000 0.6106 0.7919
vn 0.0004 0.9811 -0.1934
vn -0.0000 0.9805 -0.1967
vn -0.0000 0.8332 -0.5529
vn 0.0012 0.8385 -0.5448
vn -0.0000 0.9811 0.1933
vn -0.0000 0.9811 0.1934
vn -0.0000 -0.6106 0.7919
vn -0.0000 -0.3831 0.9237
vn -0.0000 0.7108 0.7034
vn -0.0000 0.9928 -0.1201
vn 1.0000 0.0016 0.0007
vn -0.0015 -1.0000 -0.0014
vn 0.0011 -0.9914 0.1309
vn -0.0000 -0.9912 0.1326
vn -0.0000 -0.1239 0.9923
vn -0.0000 0.1245 0.9922
vn -1.0000 0.0016 0.0007
vn 0.0014 -1.0000 -0.0014
vn -0.0000 -0.1305 -0.9914
vn 0.0002 -0.6069 0.7948
vn -0.0000 -0.6078 0.7941
vn 1.0000 0.0037 -0.0000
vn -0.0001 -0.5536 0.8328
vn -0.0000 -0.5531 0.8331
vn -1.0000 -0.0000 0.0030
vn -1.0000 -0.0008 0.0042
vn -1.0000 0.0003 0.0015
vn 1.0000 -0.0039 -0.0000
vn -0.0000 -0.1955 -0.9807
vn 0.0002 -0.1939 -0.9810
vn -0.0002 -0.6146 -0.7888
vn 0.0007 -0.6095 -0.7927
vn 0.0006 -0.5465 -0.8374
vn -0.0000 -0.5504 -0.8349
vn -1.0000 -0.0021 -0.0000
vn -0.0002 0.1939 -0.9810
vn 1.0000 -0.0022 0.0022
vn -0.0006 0.5465 -0.8374
vn -0.0000 0.5504 -0.8349
vn 0.0009 0.8332 0.5529
vn -0.0000 0.8293 0.5588
vn 0.0001 0.5526 0.8335
vn 0.0006 0.5560 0.8312
vn 1.0000 -0.0002 0.0008
vn 1.0000 0.0001 0.0006
vn -0.0011 -0.9912 0.1326
vn -0.0000 -0.9914 0.1309
vn -0.0001 -0.9733 0.2295
vn -0.0009 -0.9733 0.2294
vn -0.0000 -0.9736 0.2284
vn -0.0000 0.5657 -0.8246
vn -0.0002 -0.9733 0.2295
vn -0.0000 -0.9733 0.2294
vn -0.0000 0.0980 0.9952
vn -0.0000 -0.0980 0.9952
vn -0.0000 -0.2903 0.9569
vn -0.0001 1.0000 -0.0006
vn -0.0000 -0.4714 0.8819
vn -0.0000 -0.6046 -0.7966
vn -0.0002 -0.9733 0.2294
vn 0.0054 -0.9735 0.2284
vn -0.0000 -0.9734 0.2293
vn -0.0000 -0.7928 -0.6095
vn 0.0001 0.9735 -0.2287
vn -0.0000 0.9735 -0.2288
vn -0.0000 -0.9251 0.3798
vn -0.0000 -0.7928 0.6095
vn -0.0000 -0.9916 0.1293
vn -0.0000 -0.9918 -0.1281
vn -0.0000 -0.9251 -0.3798
vn -0.0000 -0.3831 -0.9237
vn -0.0000 0.3831 -0.9237
vn -0.0000 0.1339 -0.9910
vn -0.0000 -0.1333 -0.9911
vn -0.0000 0.4714 0.8819
vn -0.0000 0.2903 0.9569
vn -0.0000 0.6344 0.7730
vn -0.0002 0.5473 -0.8370
vn 0.0001 -0.2038 -0.9790
vn 0.0002 -0.5473 -0.8370
vn 0.0006 -0.9239 -0.3827
vn 0.0008 -0.9236 -0.3833
vn -0.0000 -0.7965 -0.6047
vn 0.0013 -0.7933 -0.6088
vn -0.0002 -0.5473 0.8370
vn -0.0000 -0.9914 0.1305
vn 1.0000 -0.0003 -0.0001
vn -0.0002 -0.9239 -0.3827
vn -0.0001 -0.9236 -0.3833
vn -0.0001 -0.9915 -0.1302
vn -0.0001 0.1940 0.9810
vn 0.0001 0.1951 0.9808
vn 0.0001 -0.1951 0.9808
vn -0.0001 -0.1962 0.9806
vn -0.0000 -0.9239 0.3827
vn -0.0001 -0.7934 -0.6088
vn -0.0000 -0.7932 -0.6090
vn 0.0002 -0.9913 -0.1314
vn -0.0000 -0.7934 0.6088
vn -0.0001 0.2034 -0.9791
vn 0.0030 1.0000 -0.0009
vn -0.0000 -0.9239 -0.3827
vn -0.0000 -0.7934 -0.6088
vn 0.0002 -0.6210 -0.7838
vn 0.0011 -0.6266 -0.7794
vn -0.0002 1.0000 -0.0006
vn 0.0001 -1.0000 0.0006
vn 0.0016 -1.0000 0.0003
vn -0.0003 1.0000 -0.0006
vn -0.0002 -0.6037 0.7972
vn 0.0002 -0.6058 0.7956
vn 0.0001 0.2034 0.9791
vn 0.0001 0.2038 0.9790
vn 0.0002 0.5473 0.8370
vn -0.0001 0.8324 0.5542
vn 0.0002 0.8337 0.5522
vn -0.0001 -0.2038 0.9790
vn -0.0001 -0.2034 0.9791
vn 0.0001 0.8341 -0.5516
vn -0.0002 0.8328 -0.5536
vn -0.0000 -0.7930 -0.6092
vn -0.0001 -0.7933 -0.6088
vn -1.0000 0.0004 0.0005
vn 0.0004 0.8323 -0.5544
vn -0.0008 0.8273 -0.5618
vn -0.0000 0.5587 0.8294
vn -0.0004 0.9817 0.1907
vn -0.0000 0.9822 0.1877
vn -0.0000 0.8323 0.5543
vn -0.0012 0.8273 0.5618
vn -0.0000 0.1928 0.9812
vn -0.0000 -0.1928 -0.9812
vn -0.0000 -0.5587 -0.8294
vn -0.0001 -0.6113 -0.7914
vn -0.0000 -0.6122 -0.7907
vn -0.0000 0.1928 -0.9812
vn -0.0000 0.5510 -0.8345
vn 0.0012 0.5587 -0.8294
vn -0.0003 -0.6073 0.7945
vn -0.0006 -0.6091 0.7931
vn -0.0001 1.0000 -0.0004
vn -0.0005 -0.5621 0.8271
vn -0.0000 -0.5587 0.8294
vn -0.0000 -0.1928 0.9812
vn -0.0000 -0.9914 0.1308
vn -0.0000 -0.7919 0.6107
vn -0.0000 -0.9244 0.3815
vn -0.0000 -0.9914 -0.1308
vn -0.0000 -0.9239 -0.3826
vn -0.0009 0.9817 -0.1907
vn -0.0000 0.9803 -0.1977
vn -1.0000 -0.0000 0.0001
vn -1.0000 -0.0000 0.0003
vn -1.0000 -0.0000 -0.0002
vn -0.0000 0.1305 0.9914
vn 0.0001 0.6091 -0.7931
vn -0.0000 0.6782 -0.7349
vn 0.0001 0.3827 -0.9239
vn 0.0002 0.3828 -0.9238
vn -0.0001 -0.6091 -0.7931
vn 0.0001 -0.3827 -0.9239
vn 0.0001 -0.3828 -0.9238
vn 0.0003 0.1305 -0.9914
vn 0.0004 -0.1305 -0.9914
vn 0.0002 -0.1310 -0.9914
vn -0.0000 -0.1310 0.9914
vn -0.0000 -0.6091 0.7931
vn 1.0000 -0.0001 -0.0000
vn -0.0000 -0.3828 0.9238
vn -0.0000 0.6091 0.7931
vn -0.0000 0.3828 0.9238
vn 1.0000 -0.0001 0.0001
vn -1.0000 0.0001 -0.0000
vn -0.0000 0.6903 0.7236
vn -0.0026 0.9072 0.4206
vn -0.0000 0.9012 0.4334
vn -0.0024 0.9066 0.4219
vn -0.0000 0.9067 -0.4217
vn 0.0027 0.9124 -0.4092
vn 0.0030 0.7069 0.7073
vn 0.0020 0.7073 0.7069
vn -0.0001 0.7073 0.7069
vn 0.0009 0.7057 0.7085
vn -0.0607 -0.8916 0.4487
vn 0.8647 0.0026 -0.5023
vn -0.0002 0.3980 0.9174
vn -0.0000 0.3972 0.9177
vn 0.8756 -0.0336 -0.4818
vn 0.8645 0.0040 -0.5026
vn 0.8648 0.0016 -0.5022
vn -0.0002 -0.9237 0.3832
vn -0.0000 -0.9232 0.3842
vn -0.0002 -0.9235 -0.3836
vn -0.0000 -0.3820 0.9242
vn -0.0494 0.4539 0.8897
vn -0.0577 0.5115 0.8573
vn -0.0608 -0.7097 0.7019
vn -0.0595 -0.6977 0.7139
vn -0.0605 -0.8973 0.4372
vn -0.0602 -0.4568 0.8875
vn -0.0603 -0.4587 0.8866
vn -0.0600 -0.6947 -0.7168
vn -0.0587 -0.7062 -0.7055
vn -0.0604 -0.9857 0.1575
vn -0.0607 -0.9861 0.1545
vn -0.0661 -0.9291 0.3640
vn -0.0605 -0.8903 0.4514
vn 0.8664 0.0038 -0.4993
vn 0.8654 0.0030 -0.5011
vn 0.8647 0.0013 -0.5023
vn 0.8653 0.0023 -0.5013
vn -0.0579 0.8577 0.5109
vn -0.0493 0.8905 0.4522
vn -0.0603 -0.1584 0.9855
vn -0.0600 -0.1553 0.9860
vn -0.0603 0.1563 0.9859
vn -0.0605 0.1530 0.9864
vn -0.0590 0.2323 0.9709
vn -0.0000 -0.9524 -0.3048
vn 0.0001 -0.9524 -0.3048
vn -0.0000 0.6548 -0.7558
vn -0.0000 0.8417 -0.5400
vn -0.0000 0.1301 0.9915
vn 1.0000 -0.0000 0.0007
vn 1.0000 -0.0000 0.0008
vn 1.0000 0.0031 0.0005
vn -0.0004 0.3826 0.9239
vn -0.0000 0.3810 0.9246
vn -0.0004 0.5406 0.8413
vn -0.0000 0.5414 0.8407
vn -1.0000 -0.0028 -0.0000
vn -1.0000 0.0004 -0.0005
vn -0.0591 -0.4535 -0.8893
vn -0.0589 -0.4552 -0.8885
vn -0.0580 0.4034 -0.9132
vn -0.0522 0.4554 -0.8888
vn 0.8635 0.0030 -0.5043
vn 0.8657 0.0047 -0.5005
vn 0.8645 -0.0014 -0.5026
vn 0.8645 0.0038 -0.5026
vn -0.0590 -0.1510 -0.9868
vn -0.0581 -0.1608 -0.9853
vn -0.0583 0.1584 -0.9856
vn -0.0581 0.1608 -0.9853
vn -0.0000 0.9707 -0.2404
vn 0.8656 0.0038 -0.5008
vn 0.8668 0.0046 -0.4986
vn -0.0000 0.9525 0.3046
vn -0.0000 0.9525 0.3047
vn -0.0000 -0.1462 -0.9893
vn -0.0002 -0.1445 -0.9895
vn 0.0004 -0.1409 -0.9900
vn -0.0000 -0.1431 -0.9897
vn -0.0000 0.4131 -0.9107
vn -0.0000 -0.6088 0.7934
vn -0.0002 -0.6105 0.7920
vn -0.0000 0.1445 -0.9895
vn -1.0000 -0.0053 -0.0022
vn -1.0000 -0.0062 0.0002
vn -1.0000 0.0022 0.0010
vn -1.0000 0.0026 0.0003
vn 1.0000 -0.0019 -0.0021
vn 0.0001 -0.1293 0.9916
vn 1.0000 -0.0001 0.0027
vn 1.0000 0.0001 0.0009
vn 1.0000 0.0017 0.0017
vn 1.0000 -0.0006 -0.0000
vn -1.0000 0.0009 -0.0013
vn -1.0000 -0.0001 -0.0002
vn -1.0000 -0.0000 -0.0003
vn -1.0000 0.0002 -0.0004
vn -0.0000 -0.3834 0.9236
vn -0.0003 -0.3822 0.9241
vn -0.0000 -0.1299 0.9915
vn -0.0000 -0.1297 0.9916
vn 1.0000 0.0002 0.0011
vn 1.0000 -0.0003 0.0006
vn -0.0606 0.9850 -0.1614
vn -0.0601 0.9862 -0.1545
vn -0.0590 0.9830 0.1738
vn -0.0605 0.9861 0.1545
vn 0.8667 0.0040 -0.4989
vn 0.8615 0.0022 -0.5078
vn -0.0600 0.8862 -0.4594
vn -0.0598 0.8870 -0.4579
vn -0.0597 0.8894 -0.4531
vn -0.0592 0.6868 -0.7245
vn -0.0571 0.7041 -0.7078
vn -0.0746 0.9856 0.1519
vn -0.0603 -0.8934 -0.4451
vn -0.0613 -0.8879 -0.4560
vn -0.0608 -0.9814 -0.1821
vn -0.0585 -0.9863 -0.1545
vn 0.8636 0.0039 -0.5041
vn 0.8660 0.0021 -0.5000
vn 0.8659 0.0021 -0.5002
vn 0.8618 0.0024 -0.5073
vn 0.8629 0.0021 -0.5054
vn -0.0494 0.7049 0.7076
vn -0.0493 0.7039 0.7086
vn -0.0000 -0.6567 -0.7542
vn -0.0000 -0.6566 -0.7543
vn -0.0000 -0.4117 -0.9113
vn -0.0003 -0.8413 -0.5406
vn -0.0000 -0.8392 -0.5439
vn -0.0002 -0.8396 -0.5432
vn 0.0432 -0.9703 -0.2380
vn -0.0002 -0.9315 -0.3638
vn -0.0000 -0.9319 -0.3628
vn -1.0000 -0.0018 0.0009
vn -1.0000 -0.0024 -0.0004
vn -0.0000 0.9863 0.1649
vn -0.0000 0.7708 0.6371
vn -0.0000 0.7708 0.6370
vn -0.0000 0.8826 0.4701
vn -0.0000 0.9569 0.2905
vn -1.0000 -0.0001 -0.0003
vn -1.0000 0.0002 -0.0002
vn 0.0001 -0.0920 -0.9958
vn 0.0004 -0.0900 -0.9959
vn -0.0001 0.3433 -0.9392
vn 0.0002 0.3459 -0.9383
vn 0.0002 0.1047 -0.9945
vn 0.0001 0.1041 -0.9946
vn -0.0000 0.5107 0.8597
vn -0.0000 0.3462 0.9381
vn -0.0000 -0.3462 0.9381
vn -0.0000 -0.1069 0.9943
vn -0.0000 0.0906 0.9959
vn -0.0000 -0.7157 0.6984
vn 0.0001 0.5302 -0.8479
vn -0.0000 0.5286 -0.8489
vn -0.0002 -0.9218 0.3876
vn -0.0000 -0.9217 0.3878
vn -0.0000 -0.5293 0.8485
vn -0.0000 -0.5293 0.8484
vn -0.0000 0.5280 -0.8493
vn -0.0001 0.5302 -0.8479
vn 0.0003 0.7152 -0.6989
vn 0.0002 0.7146 -0.6995
vn -0.0000 -0.8461 0.5331
vn -1.0000 -0.0031 0.0007
vn -1.0000 -0.0056 0.0006
vn 0.0001 0.8461 -0.5330
vn 0.0002 0.8467 -0.5320
vn -1.0000 -0.0002 -0.0003
vn -1.0000 0.0028 -0.0001
vn -0.0002 -0.9221 0.3870
vn -0.0004 -0.9222 0.3866
vn 0.0001 0.9218 -0.3876
vn 0.0001 0.9217 -0.3879
vn -0.0002 -0.8455 0.5339
vn -0.0006 -0.8460 0.5332
vn -0.0001 -0.9494 -0.3141
vn -0.0000 -0.9492 -0.3146
vn 0.0001 -0.9803 -0.1976
vn -0.0000 -0.9804 -0.1971
vn -0.0000 -0.8333 -0.5529
vn -0.0000 -0.8333 -0.5528
vn -1.0000 -0.0015 -0.0011
vn -1.0000 0.0001 -0.0002
vn -0.0000 -0.9569 0.2905
vn 0.0004 -0.5116 -0.8592
vn 0.0004 -0.5112 -0.8595
vn 0.0003 -0.9852 0.1716
vn -0.0000 -0.9848 0.1737
vn -0.0000 -0.8826 0.4701
vn -0.0000 -0.6354 0.7722
vn 0.0003 -0.3417 -0.9398
vn 0.0004 -0.3411 -0.9400
vn 0.0004 -0.7172 -0.6968
vn -0.0001 -0.7200 -0.6940
vn -0.0000 -0.7695 0.6386
vn -0.0000 0.7181 0.6959
vn -0.0001 0.9836 0.1802
vn -0.0003 0.9797 0.2003
vn -0.0000 0.8325 0.5540
vn -0.0000 0.9502 0.3118
vn 0.0009 0.9805 0.1965
vn -0.0000 0.9802 0.1979
vn -0.0000 0.1447 -0.9895
vn -0.0000 0.4149 -0.9099
vn -0.0000 -0.1447 -0.9895
vn 0.0003 0.4061 0.9138
vn -0.0000 0.4081 0.9129
vn -0.0000 -0.1631 0.9866
vn -0.0000 -0.6616 0.7498
vn 0.0003 -0.6631 0.7486
vn -0.0000 0.6555 -0.7552
vn -0.0000 -0.4002 0.9164
vn -0.0000 -0.4149 -0.9099
vn -0.0000 -0.6575 -0.7535
vn 0.0003 0.6564 0.7544
vn -0.0000 0.6577 0.7533
vn 0.0003 0.4077 0.9131
vn -0.0000 0.1604 0.9870
vn 1.0000 0.0002 -0.0004
vn 1.0000 0.0003 -0.0003
vn -0.0000 -0.6548 -0.7558
vn -0.0004 -0.6555 -0.7552
vn -0.0000 -0.8405 -0.5417
vn -0.0000 -0.8406 -0.5417
vn -0.0000 -0.6555 -0.7552
vn -0.0000 -0.8404 -0.5419
vn -0.0000 -0.8405 -0.5419
vn 1.0000 0.0004 -0.0006
vn 1.0000 -0.0001 -0.0001
vn -1.0000 0.0004 -0.0009
vn -1.0000 -0.0001 -0.0001
vn 1.0000 -0.0000 -0.0002
vn 1.0000 -0.0000 -0.0001
vn -0.0000 0.8385 0.5449
vn -0.0000 0.8384 0.5450
vn -0.0000 -0.8397 0.5430
vn 0.0003 -0.8411 0.5410
vn 0.0001 -0.9588 0.2842
vn -0.0000 -0.9586 0.2847
vn -0.0001 0.9592 -0.2826
vn -0.0000 0.9592 -0.2828
vn -0.0001 0.9594 -0.2820
vn -0.0000 0.9594 -0.2822
vn -0.0000 0.8409 -0.5412
vn 1.0000 -0.0006 -0.0006
vn 1.0000 0.0002 -0.0001
vn 1.0000 0.0001 -0.0001
vn 1.0000 0.0001 -0.0002
vn -1.0000 0.0005 -0.0003
vn -1.0000 0.0002 -0.0003
vn -1.0000 -0.0022 -0.0003
vn -0.0002 0.9709 -0.2393
vn 0.0002 0.9713 -0.2378
vn 0.0001 0.9709 0.2393
vn -0.0002 0.9713 0.2379
vn -0.0000 0.8855 -0.4647
vn -0.0001 0.8852 -0.4653
vn -0.0006 0.7485 0.6631
vn -0.0000 0.7466 0.6652
vn 0.9544 0.2134 -0.2086
vn 0.9540 0.2141 -0.2097
vn 0.9542 0.2138 -0.2094
vn 0.9541 0.2141 -0.2095
vn 0.9536 0.2150 -0.2108
vn 0.9541 0.2141 -0.2096
vn -0.0002 0.8855 0.4647
vn -0.0005 0.8862 0.4633
vn -0.0000 0.7469 -0.6650
vn -0.0000 0.5674 -0.8234
vn -0.0000 0.5692 -0.8222
vn 0.9546 0.2133 -0.2077
vn 0.9544 0.2127 -0.2093
vn 0.9543 0.2138 -0.2086
vn -0.0000 0.8872 -0.4615
vn -0.0005 0.8863 -0.4631
vn 0.0002 -0.9848 0.1737
vn -0.0000 -0.9848 0.1735
vn 0.9547 0.2124 -0.2086
vn 0.9537 0.2153 -0.2100
vn 0.9544 0.2136 -0.2084
vn 0.9543 0.2139 -0.2088
vn 0.9553 0.2132 -0.2046
vn 0.9540 0.2143 -0.2098
vn -0.0000 0.3547 -0.9350
vn -0.0000 0.1210 -0.9927
vn -0.0000 -0.1205 -0.9927
vn -0.0000 -0.3560 -0.9345
vn -0.0000 -0.3561 -0.9345
vn -0.0000 -0.5680 -0.8230
vn -0.0000 -0.1736 0.9848
vn -0.0002 -0.1737 0.9848
vn -0.0003 -0.1736 0.9848
vn 0.0005 -0.1740 0.9848
vn -0.0001 0.5124 0.8588
vn -0.0001 0.5123 0.8588
vn -0.0004 -0.7446 -0.6675
vn -0.0000 -0.7465 -0.6654
vn -0.0001 0.9496 0.3135
vn -0.0004 0.9494 0.3140
vn -0.0001 0.9809 0.1947
vn -0.0007 0.8321 0.5547
vn -0.0006 0.8322 0.5545
vn -0.0005 0.7172 0.6968
vn -0.0001 0.7179 0.6962
s 0
f 6//1 54//1 53//1
f 6//1 53//1 2//1
f 2//2 496//2 495//2
f 2//2 495//2 493//2
f 2//2 498//2 497//2
f 2//2 497//2 496//2
f 51//3 493//3 494//3
f 51//3 494//3 52//3
f 32//4 47//4 484//4
f 32//4 484//4 33//4
f 484//4 491//4 46//4
f 484//4 46//4 33//4
f 49//5 50//5 7//5
f 49//5 7//5 1//5
f 502//4 503//4 7//4
f 502//4 7//4 501//4
f 7//4 505//4 504//4
f 7//4 504//4 501//4
f 506//4 505//4 7//4
f 506//4 7//4 494//4
f 2//2 57//2 49//2
f 2//2 49//2 1//2
f 2//2 500//2 499//2
f 2//2 499//2 498//2
f 2//2 493//2 51//2
f 2//2 51//2 55//2
f 56//2 57//2 2//2
f 56//2 2//2 55//2
f 484//4 47//4 17//4
f 484//4 17//4 16//4
f 4//2 486//2 487//2
f 4//2 487//2 485//2
f 4//2 489//2 488//2
f 4//2 488//2 486//2
f 46//6 491//6 490//6
f 46//6 490//6 45//6
f 4//2 44//2 43//2
f 4//2 43//2 3//2
f 43//7 44//7 38//7
f 43//7 38//7 39//7
f 4//2 485//2 41//2
f 4//2 41//2 40//2
f 42//2 44//2 4//2
f 42//2 4//2 40//2
f 45//2 490//2 4//2
f 45//2 4//2 34//2
f 4//2 48//2 31//2
f 4//2 31//2 34//2
f 48//2 4//2 18//2
f 4//2 490//2 492//2
f 4//2 492//2 489//2
f 33//8 46//8 45//8
f 33//8 45//8 34//8
f 47//9 48//9 18//9
f 47//9 18//9 17//9
f 48//10 47//10 32//10
f 48//10 32//10 31//10
f 7//4 503//4 58//4
f 7//4 58//4 59//4
f 68//4 7//4 50//4
f 514//11 515//11 513//11
f 514//11 513//11 69//11
f 516//12 514//12 69//12
f 516//13 69//13 70//13
f 7//4 68//4 67//4
f 7//4 67//4 66//4
f 57//7 68//7 50//7
f 57//7 50//7 49//7
f 66//14 55//14 51//14
f 66//14 51//14 52//14
f 52//4 494//4 7//4
f 52//4 7//4 66//4
f 72//2 455//2 73//2
f 455//15 454//15 519//15
f 455//16 519//16 73//16
f 73//17 519//17 518//17
f 73//18 518//18 72//18
f 455//2 72//2 71//2
f 455//2 71//2 70//2
f 71//19 517//19 516//19
f 71//20 516//20 70//20
f 72//21 518//21 517//21
f 72//22 517//22 71//22
f 69//2 513//2 455//2
f 69//2 455//2 70//2
f 56//23 67//23 68//23
f 56//23 68//23 57//23
f 509//24 510//24 507//24
f 509//25 507//25 508//25
f 510//26 511//26 512//26
f 510//27 512//27 507//27
f 38//28 44//28 42//28
f 38//28 42//28 37//28
f 62//29 63//29 59//29
f 62//29 59//29 58//29
f 60//4 61//4 7//4
f 60//4 7//4 59//4
f 7//4 61//4 54//4
f 7//4 54//4 6//4
f 58//30 503//30 500//30
f 58//30 500//30 62//30
f 2//2 64//2 65//2
f 2//2 65//2 63//2
f 64//2 2//2 53//2
f 55//31 66//31 67//31
f 55//31 67//31 56//31
f 62//2 500//2 2//2
f 62//2 2//2 63//2
f 60//32 65//32 64//32
f 60//32 64//32 61//32
f 59//33 63//33 65//33
f 59//33 65//33 60//33
f 54//34 61//34 64//34
f 54//34 64//34 53//34
f 461//4 463//4 13//4
f 461//4 13//4 9//4
f 4//35 450//35 464//35
f 4//35 464//35 16//35
f 16//36 17//36 18//36
f 16//36 18//36 4//36
f 14//37 15//37 13//37
f 14//37 13//37 12//37
f 10//36 11//36 8//36
f 10//36 8//36 9//36
f 12//2 462//2 460//2
f 12//2 460//2 8//2
f 13//38 463//38 462//38
f 13//38 462//38 12//38
f 12//2 472//2 19//2
f 12//2 19//2 467//2
f 473//2 472//2 12//2
f 473//2 12//2 20//2
f 11//2 20//2 12//2
f 11//2 12//2 8//2
f 470//2 471//2 12//2
f 470//2 12//2 469//2
f 464//4 451//4 5//4
f 464//4 5//4 16//4
f 12//2 467//2 465//2
f 12//2 465//2 466//2
f 468//2 469//2 12//2
f 468//2 12//2 466//2
f 8//39 460//39 461//39
f 8//39 461//39 9//39
f 1//2 447//2 448//2
f 1//2 448//2 2//2
f 3//2 449//2 450//2
f 3//2 450//2 4//2
f 5//40 451//40 449//40
f 5//40 449//40 3//40
f 444//41 445//41 446//41
f 444//41 446//41 441//41
f 439//42 440//42 437//42
f 439//42 437//42 438//42
f 443//41 444//41 441//41
f 443//41 441//41 442//41
f 443//2 442//2 440//2
f 443//2 440//2 439//2
f 458//41 459//41 456//41
f 458//41 456//41 457//41
f 446//41 445//41 458//41
f 446//41 458//41 457//41
f 437//4 459//4 458//4
f 437//4 458//4 438//4
f 454//43 455//43 441//43
f 454//43 441//43 446//43
f 2//44 448//44 452//44
f 2//44 452//44 6//44
f 452//4 453//4 7//4
f 452//4 7//4 6//4
f 7//45 453//45 447//45
f 7//45 447//45 1//45
f 21//46 474//46 467//46
f 21//46 467//46 19//46
f 33//47 34//47 31//47
f 33//47 31//47 32//47
f 35//4 481//4 16//4
f 35//4 16//4 36//4
f 16//4 38//4 37//4
f 16//4 37//4 36//4
f 29//2 14//2 12//2
f 23//48 27//48 30//48
f 23//48 30//48 24//48
f 12//2 471//2 30//2
f 12//2 30//2 27//2
f 28//2 29//2 12//2
f 28//2 12//2 27//2
f 37//49 42//49 40//49
f 37//49 40//49 36//49
f 41//50 485//50 481//50
f 41//50 481//50 35//50
f 43//5 39//5 5//5
f 43//5 5//5 3//5
f 40//14 41//14 35//14
f 40//14 35//14 36//14
f 39//4 38//4 16//4
f 39//4 16//4 5//4
f 481//4 482//4 16//4
f 483//4 484//4 16//4
f 483//4 16//4 482//4
f 471//51 475//51 24//51
f 471//51 24//51 30//51
f 21//4 480//4 478//4
f 21//4 478//4 474//4
f 24//4 475//4 9//4
f 24//4 9//4 23//4
f 9//4 26//4 25//4
f 9//4 25//4 23//4
f 478//4 480//4 479//4
f 478//4 479//4 22//4
f 475//4 476//4 9//4
f 477//4 478//4 9//4
f 477//4 9//4 476//4
f 478//4 22//4 10//4
f 478//4 10//4 9//4
f 25//31 28//31 27//31
f 25//31 27//31 23//31
f 26//23 29//23 28//23
f 26//23 28//23 25//23
f 29//52 26//52 15//52
f 29//52 15//52 14//52
f 19//8 472//8 480//8
f 19//8 480//8 21//8
f 15//4 26//4 9//4
f 15//4 9//4 13//4
f 22//9 20//9 11//9
f 22//9 11//9 10//9
f 479//53 473//53 20//53
f 479//53 20//53 22//53
f 552//54 550//54 88//54
f 552//54 88//54 89//54
f 550//4 551//4 528//4
f 550//55 528//55 88//55
f 87//56 459//56 89//56
f 87//57 89//57 88//57
f 89//58 459//58 437//58
f 89//59 437//59 82//59
f 82//60 545//60 552//60
f 82//60 552//60 89//60
f 88//61 528//61 87//61
f 547//2 548//2 521//2
f 547//2 521//2 525//2
f 440//2 442//2 85//2
f 440//2 85//2 83//2
f 525//62 549//62 84//62
f 525//63 84//63 547//63
f 528//4 527//4 456//4
f 528//64 456//64 87//64
f 84//65 549//65 546//65
f 87//66 456//66 459//66
f 90//2 74//2 75//2
f 90//67 77//67 79//67
f 90//67 79//67 74//67
f 523//68 534//68 78//68
f 523//68 78//68 75//68
f 79//69 536//69 539//69
f 79//69 539//69 74//69
f 77//70 90//70 75//70
f 77//70 75//70 78//70
f 556//4 560//4 563//4
f 556//4 563//4 553//4
f 559//71 560//71 557//71
f 559//71 557//71 558//71
f 555//72 556//72 553//72
f 555//72 553//72 554//72
f 561//73 562//73 558//73
f 561//71 558//71 557//71
f 559//71 564//71 563//71
f 559//73 563//73 560//73
f 561//2 557//2 555//2
f 561//2 555//2 554//2
f 76//74 534//74 535//74
f 76//75 535//75 531//75
f 529//58 76//58 533//58
f 78//76 534//76 76//76
f 78//4 76//4 77//4
f 536//77 80//77 537//77
f 536//78 537//78 538//78
f 80//79 536//79 79//79
f 80//4 79//4 76//4
f 532//80 533//80 76//80
f 532//81 76//81 531//81
f 522//82 523//82 75//82
f 522//83 75//83 521//83
f 74//84 520//84 521//84
f 74//85 521//85 75//85
f 524//2 525//2 521//2
f 524//2 521//2 520//2
f 76//58 529//58 530//58
f 76//59 530//59 526//59
f 527//86 528//86 76//86
f 527//87 76//87 526//87
f 77//4 76//4 79//4
f 84//88 546//88 85//88
f 84//89 85//89 86//89
f 82//90 437//90 440//90
f 82//90 440//90 83//90
f 86//91 547//91 84//91
f 546//2 544//2 83//2
f 546//2 83//2 85//2
f 442//92 547//92 86//92
f 442//92 86//92 85//92
f 544//93 545//93 82//93
f 544//94 82//94 83//94
f 528//95 540//95 81//95
f 528//95 81//95 76//95
f 539//96 520//96 74//96
f 76//97 81//97 541//97
f 76//98 541//98 80//98
f 540//99 543//99 541//99
f 540//100 541//100 81//100
f 542//101 537//101 80//101
f 542//102 80//102 541//102
f 133//2 128//2 127//2
f 136//2 129//2 128//2
f 136//103 135//103 116//103
f 136//103 116//103 129//103
f 135//4 117//4 116//4
f 131//104 129//104 116//104
f 131//104 116//104 118//104
f 122//2 127//2 123//2
f 141//105 142//105 137//105
f 141//106 137//106 140//106
f 143//107 144//107 142//107
f 143//108 142//108 141//108
f 139//109 140//109 137//109
f 139//110 137//110 138//110
f 113//111 127//111 122//111
f 113//111 122//111 120//111
f 134//112 133//112 127//112
f 134//112 127//112 113//112
f 134//4 113//4 117//4
f 118//113 445//113 444//113
f 118//113 444//113 131//113
f 439//114 438//114 98//114
f 439//114 98//114 97//114
f 130//115 445//115 118//115
f 130//4 118//4 105//4
f 98//4 438//4 458//4
f 98//4 458//4 106//4
f 130//116 458//116 445//116
f 132//117 443//117 100//117
f 132//118 100//118 99//118
f 133//119 134//119 117//119
f 133//119 117//119 128//119
f 135//120 136//120 128//120
f 135//120 128//120 117//120
f 129//2 131//2 132//2
f 129//2 132//2 99//2
f 443//2 439//2 97//2
f 443//2 97//2 100//2
f 132//121 131//121 444//121
f 132//122 444//122 443//122
f 480//123 472//123 473//123
f 480//123 473//123 479//123
f 153//124 598//124 599//124
f 153//125 599//125 155//125
f 155//126 151//126 595//126
f 155//127 595//127 597//127
f 155//128 597//128 153//128
f 153//129 592//129 146//129
f 153//2 146//2 138//2
f 153//130 597//130 596//130
f 153//131 596//131 592//131
f 155//132 599//132 566//132
f 155//132 566//132 151//132
f 152//133 154//133 150//133
f 152//134 150//134 149//134
f 566//135 565//135 156//135
f 566//136 156//136 151//136
f 151//137 156//137 154//137
f 151//138 154//138 152//138
f 156//2 153//2 154//2
f 156//139 565//139 598//139
f 156//139 598//139 153//139
f 137//2 142//2 153//2
f 137//2 153//2 138//2
f 149//140 150//140 148//140
f 149//140 148//140 147//140
f 145//141 593//141 151//141
f 145//4 151//4 139//4
f 147//142 148//142 144//142
f 147//143 144//143 143//143
f 138//144 146//144 145//144
f 138//145 145//145 139//145
f 146//146 592//146 593//146
f 146//147 593//147 145//147
f 594//148 595//148 151//148
f 594//149 151//149 593//149
f 144//2 148//2 153//2
f 144//2 153//2 142//2
f 150//2 154//2 153//2
f 150//2 153//2 148//2
f 151//4 152//4 149//4
f 151//4 149//4 147//4
f 151//4 141//4 140//4
f 151//4 140//4 139//4
f 151//4 147//4 143//4
f 151//4 143//4 141//4
f 458//150 130//150 105//150
f 458//151 105//151 106//151
f 102//152 584//152 585//152
f 102//153 585//153 106//153
f 106//4 585//4 579//4
f 106//4 579//4 98//4
f 105//4 103//4 102//4
f 105//154 102//154 106//154
f 102//155 103//155 104//155
f 102//155 104//155 101//155
f 101//2 104//2 99//2
f 94//2 93//2 96//2
f 94//2 96//2 99//2
f 95//4 92//4 91//4
f 95//4 91//4 105//4
f 110//4 103//4 105//4
f 110//4 105//4 91//4
f 109//2 94//2 107//2
f 99//2 104//2 107//2
f 99//2 107//2 94//2
f 108//2 107//2 104//2
f 582//156 584//156 102//156
f 582//157 102//157 101//157
f 577//158 578//158 575//158
f 577//158 575//158 576//158
f 574//159 575//159 578//159
f 574//159 578//159 573//159
f 572//160 574//160 573//160
f 572//160 573//160 569//160
f 567//161 568//161 565//161
f 567//161 565//161 566//161
f 571//162 572//162 569//162
f 571//162 569//162 570//162
f 93//163 94//163 91//163
f 93//163 91//163 92//163
f 582//164 101//164 581//164
f 582//164 581//164 583//164
f 580//2 581//2 100//2
f 580//2 100//2 97//2
f 581//165 101//165 99//165
f 581//166 99//166 100//166
f 95//167 96//167 93//167
f 95//167 93//167 92//167
f 579//168 580//168 97//168
f 579//169 97//169 98//169
f 111//4 110//4 91//4
f 114//170 123//170 124//170
f 114//170 124//170 121//170
f 124//2 123//2 125//2
f 120//171 122//171 123//171
f 120//171 123//171 114//171
f 120//4 114//4 113//4
f 121//4 115//4 114//4
f 121//172 124//172 125//172
f 121//172 125//172 115//172
f 128//2 129//2 99//2
f 128//2 99//2 127//2
f 96//2 126//2 125//2
f 96//2 125//2 99//2
f 123//2 127//2 99//2
f 123//2 99//2 125//2
f 115//173 125//173 126//173
f 115//173 126//173 119//173
f 119//174 126//174 96//174
f 119//174 96//174 95//174
f 115//4 119//4 95//4
f 115//4 95//4 105//4
f 94//175 109//175 111//175
f 94//175 111//175 91//175
f 103//176 112//176 108//176
f 103//176 108//176 104//176
f 108//177 112//177 110//177
f 108//177 110//177 107//177
f 112//4 103//4 110//4
f 107//178 110//178 111//178
f 107//178 111//178 109//178
f 588//179 589//179 586//179
f 588//179 586//179 587//179
f 105//4 116//4 117//4
f 105//4 117//4 113//4
f 116//4 105//4 118//4
f 114//4 115//4 105//4
f 114//4 105//4 113//4
f 576//180 586//180 589//180
f 576//180 589//180 577//180
f 587//181 591//181 590//181
f 587//181 590//181 588//181
f 179//182 174//182 168//182
f 179//182 168//182 167//182
f 175//183 178//183 177//183
f 175//183 177//183 176//183
f 176//184 177//184 160//184
f 176//184 160//184 161//184
f 167//4 508//4 160//4
f 167//4 160//4 179//4
f 181//185 489//185 492//185
f 181//186 492//186 180//186
f 490//187 491//187 180//187
f 490//188 180//188 492//188
f 178//4 179//4 160//4
f 178//4 160//4 177//4
f 163//2 173//2 171//2
f 163//2 171//2 164//2
f 171//2 511//2 510//2
f 171//2 510//2 509//2
f 171//2 509//2 168//2
f 171//2 168//2 174//2
f 164//189 171//189 162//189
f 164//189 162//189 165//189
f 175//2 176//2 171//2
f 175//2 171//2 174//2
f 170//2 511//2 171//2
f 170//2 171//2 173//2
f 161//2 604//2 157//2
f 161//2 157//2 171//2
f 161//2 171//2 176//2
f 477//190 469//190 468//190
f 477//190 468//190 478//190
f 182//191 474//191 478//191
f 182//191 478//191 183//191
f 183//192 466//192 465//192
f 183//193 465//193 182//193
f 478//68 468//68 466//68
f 478//194 466//194 183//194
f 594//195 593//195 592//195
f 594//196 592//196 596//196
f 596//197 597//197 595//197
f 596//198 595//198 594//198
f 469//199 477//199 476//199
f 469//199 476//199 470//199
f 182//200 465//200 467//200
f 182//201 467//201 474//201
f 483//190 486//190 488//190
f 483//190 488//190 484//190
f 484//68 488//68 489//68
f 484//202 489//202 181//202
f 180//191 491//191 484//191
f 180//191 484//191 181//191
f 482//203 481//203 485//203
f 482//203 485//203 487//203
f 475//203 471//203 470//203
f 475//203 470//203 476//203
f 174//204 179//204 178//204
f 174//204 178//204 175//204
f 482//199 487//199 486//199
f 482//199 486//199 483//199
f 560//161 566//161 599//161
f 560//161 599//161 159//161
f 567//161 566//161 560//161
f 159//4 160//4 162//4
f 159//4 162//4 158//4
f 159//205 158//205 560//205
f 501//206 498//206 499//206
f 501//206 499//206 502//206
f 500//207 503//207 502//207
f 500//207 502//207 499//207
f 567//4 560//4 556//4
f 567//4 556//4 600//4
f 604//208 161//208 160//208
f 604//209 160//209 159//209
f 598//210 565//210 557//210
f 598//161 557//161 602//161
f 568//161 557//161 565//161
f 555//211 601//211 600//211
f 555//211 600//211 556//211
f 555//2 557//2 568//2
f 555//2 568//2 601//2
f 159//161 599//161 598//161
f 159//161 598//161 604//161
f 603//212 157//212 604//212
f 603//161 604//161 605//161
f 157//161 603//161 560//161
f 157//213 560//213 158//213
f 160//4 172//4 166//4
f 160//4 166//4 165//4
f 160//4 512//4 169//4
f 160//4 169//4 172//4
f 162//214 171//214 157//214
f 162//215 157//215 158//215
f 162//4 160//4 165//4
f 166//216 172//216 173//216
f 166//217 173//217 163//217
f 170//218 173//218 172//218
f 170//218 172//218 169//218
f 507//4 512//4 160//4
f 507//4 160//4 508//4
f 169//219 512//219 511//219
f 169//220 511//220 170//220
f 495//199 496//199 505//199
f 495//199 505//199 506//199
f 493//203 495//203 506//203
f 493//203 506//203 494//203
f 165//221 166//221 163//221
f 165//222 163//222 164//222
f 504//68 497//68 498//68
f 504//68 498//68 501//68
f 509//223 508//223 167//223
f 509//224 167//224 168//224
f 513//207 515//207 606//207
f 513//207 606//207 607//207
f 497//190 504//190 505//190
f 497//190 505//190 496//190
f 535//225 522//225 192//225
f 535//226 192//226 531//226
f 534//206 523//206 522//206
f 534//206 522//206 535//206
f 228//2 217//2 213//2
f 228//2 213//2 212//2
f 228//2 229//2 225//2
f 228//2 225//2 222//2
f 192//227 522//227 193//227
f 231//4 230//4 603//4
f 231//4 603//4 226//4
f 229//2 228//2 232//2
f 230//161 560//161 603//161
f 231//4 226//4 227//4
f 220//228 221//228 212//228
f 220//229 212//229 215//229
f 218//230 222//230 223//230
f 218//230 223//230 219//230
f 213//231 217//231 216//231
f 213//232 216//232 214//232
f 217//233 218//233 219//233
f 217//234 219//234 216//234
f 222//235 225//235 224//235
f 222//235 224//235 223//235
f 224//4 227//4 226//4
f 224//4 226//4 223//4
f 228//2 222//2 218//2
f 228//2 218//2 217//2
f 219//4 223//4 226//4
f 219//4 226//4 216//4
f 214//4 216//4 226//4
f 214//4 226//4 215//4
f 605//2 602//2 232//2
f 605//2 232//2 228//2
f 221//2 236//2 228//2
f 221//2 228//2 212//2
f 237//2 238//2 228//2
f 237//2 228//2 236//2
f 226//4 233//4 220//4
f 226//4 220//4 215//4
f 226//4 234//4 235//4
f 226//4 235//4 233//4
f 234//236 238//236 237//236
f 234//236 237//236 235//236
f 238//237 234//237 226//237
f 238//237 226//237 228//237
f 226//238 603//238 605//238
f 226//239 605//239 228//239
f 235//240 237//240 236//240
f 235//240 236//240 233//240
f 233//241 236//241 221//241
f 233//242 221//242 220//242
f 232//243 602//243 230//243
f 232//244 230//244 231//244
f 602//161 557//161 560//161
f 602//245 560//245 230//245
f 229//246 232//246 231//246
f 229//247 231//247 227//247
f 225//248 229//248 227//248
f 225//248 227//248 224//248
f 197//249 206//249 207//249
f 197//249 207//249 196//249
f 208//250 211//250 195//250
f 208//250 195//250 194//250
f 207//251 208//251 194//251
f 207//251 194//251 196//251
f 198//252 205//252 206//252
f 198//252 206//252 197//252
f 607//253 606//253 205//253
f 607//253 205//253 198//253
f 214//254 215//254 212//254
f 214//255 212//255 213//255
f 189//2 190//2 188//2
f 608//41 547//41 442//41
f 608//41 442//41 441//41
f 193//256 522//256 521//256
f 193//257 521//257 188//257
f 190//2 191//2 193//2
f 190//2 193//2 188//2
f 455//2 196//2 194//2
f 455//2 194//2 195//2
f 199//2 200//2 455//2
f 199//2 455//2 195//2
f 455//2 200//2 186//2
f 455//2 186//2 185//2
f 455//2 198//2 197//2
f 455//2 197//2 196//2
f 455//2 513//2 607//2
f 455//258 607//258 198//258
f 186//259 187//259 184//259
f 186//259 184//259 185//259
f 521//15 527//15 526//15
f 521//260 526//260 188//260
f 608//41 457//41 456//41
f 608//41 456//41 548//41
f 456//261 527//261 521//261
f 456//261 521//261 548//261
f 188//262 526//262 530//262
f 188//263 530//263 189//263
f 193//11 532//11 531//11
f 193//264 531//264 192//264
f 191//265 533//265 532//265
f 191//266 532//266 193//266
f 189//267 530//267 529//267
f 189//267 529//267 190//267
f 190//268 529//268 533//268
f 190//269 533//269 191//269
f 201//2 202//2 455//2
f 201//2 455//2 185//2
f 200//270 210//270 187//270
f 200//270 187//270 186//270
f 211//271 209//271 199//271
f 211//271 199//271 195//271
f 454//4 446//4 457//4
f 454//272 457//272 203//272
f 199//273 209//273 210//273
f 199//273 210//273 200//273
f 204//274 203//274 202//274
f 204//274 202//274 201//274
f 187//4 210//4 204//4
f 187//4 204//4 184//4
f 209//4 204//4 210//4
f 204//275 201//275 185//275
f 204//275 185//275 184//275
f 204//4 209//4 211//4
f 204//4 211//4 208//4
f 606//4 515//4 204//4
f 606//276 204//276 205//276
f 204//4 207//4 206//4
f 204//4 206//4 205//4
f 608//2 441//2 455//2
f 608//277 455//277 202//277
f 203//278 457//278 608//278
f 203//278 608//278 202//278
f 207//4 204//4 208//4
f 519//4 204//4 518//4
f 204//4 519//4 454//4
f 204//4 454//4 203//4
f 514//4 516//4 204//4
f 514//4 204//4 515//4
f 517//4 518//4 204//4
f 517//4 204//4 516//4
f 543//279 615//279 618//279
f 543//280 618//280 295//280
f 296//281 615//281 543//281
f 540//282 528//282 296//282
f 540//283 296//283 543//283
f 294//284 293//284 286//284
f 294//285 286//285 282//285
f 276//286 294//286 282//286
f 276//287 282//287 277//287
f 289//288 252//288 287//288
f 289//289 287//289 286//289
f 295//290 618//290 265//290
f 295//291 265//291 299//291
f 541//292 543//292 295//292
f 541//293 295//293 299//293
f 299//294 298//294 541//294
f 264//295 619//295 297//295
f 264//296 297//296 298//296
f 619//253 537//253 542//253
f 619//297 542//297 297//297
f 298//298 299//298 265//298
f 298//298 265//298 264//298
f 276//299 612//299 622//299
f 276//300 622//300 294//300
f 289//301 290//301 250//301
f 289//302 250//302 251//302
f 289//303 251//303 252//303
f 290//304 291//304 248//304
f 290//305 248//305 250//305
f 288//306 284//306 270//306
f 288//307 270//307 269//307
f 285//308 287//308 253//308
f 285//309 253//309 256//309
f 287//310 252//310 254//310
f 287//311 254//311 253//311
f 286//312 291//312 290//312
f 286//313 290//313 289//313
f 286//314 293//314 292//314
f 286//315 292//315 291//315
f 277//316 282//316 247//316
f 277//317 247//317 244//317
f 291//318 292//318 613//318
f 291//319 613//319 248//319
f 622//320 613//320 292//320
f 622//321 292//321 293//321
f 622//322 293//322 294//322
f 552//323 630//323 629//323
f 552//324 629//324 627//324
f 552//323 627//323 550//323
f 630//4 552//4 545//4
f 630//4 545//4 624//4
f 243//325 303//325 245//325
f 243//325 245//325 246//325
f 303//326 628//326 611//326
f 303//326 611//326 245//326
f 304//327 305//327 524//327
f 304//327 524//327 260//327
f 528//328 551//328 306//328
f 528//329 306//329 296//329
f 304//4 296//4 306//4
f 260//330 615//330 296//330
f 260//4 296//4 304//4
f 306//331 525//331 305//331
f 306//332 305//332 304//332
f 305//2 525//2 524//2
f 549//333 525//333 306//333
f 549//334 306//334 551//334
f 610//335 628//335 303//335
f 610//336 303//336 243//336
f 301//337 288//337 269//337
f 301//338 269//338 271//338
f 275//339 280//339 302//339
f 275//340 302//340 274//340
f 284//341 288//341 302//341
f 284//342 302//342 280//342
f 542//343 541//343 298//343
f 542//344 298//344 297//344
f 300//345 301//345 271//345
f 300//346 271//346 273//346
f 274//347 302//347 300//347
f 274//348 300//348 273//348
f 544//2 546//2 625//2
f 544//2 625//2 623//2
f 551//323 627//323 626//323
f 551//323 626//323 549//323
f 611//349 628//349 626//349
f 611//349 626//349 627//349
f 300//350 302//350 288//350
f 300//351 288//351 301//351
f 545//352 544//352 623//352
f 545//353 623//353 624//353
f 625//323 546//323 549//323
f 625//323 549//323 610//323
f 616//354 263//354 240//354
f 616//355 240//355 242//355
f 617//356 616//356 242//356
f 617//357 242//357 262//357
f 246//358 261//358 241//358
f 246//358 241//358 243//358
f 539//78 536//78 538//78
f 539//359 538//359 520//359
f 257//360 520//360 538//360
f 261//361 262//361 242//361
f 261//361 242//361 241//361
f 257//362 538//362 619//362
f 257//363 619//363 264//363
f 246//4 247//4 261//4
f 266//4 262//4 261//4
f 266//4 261//4 247//4
f 264//2 265//2 258//2
f 264//2 258//2 257//2
f 618//364 614//364 258//364
f 618//365 258//365 265//365
f 262//4 266//4 267//4
f 262//366 267//366 617//366
f 260//367 524//367 615//367
f 611//368 612//368 244//368
f 611//369 244//369 245//369
f 244//4 247//4 246//4
f 244//4 246//4 245//4
f 248//370 613//370 564//370
f 248//371 564//371 559//371
f 239//372 609//372 610//372
f 239//373 610//373 240//373
f 610//374 241//374 242//374
f 610//374 242//374 240//374
f 243//375 241//375 610//375
f 258//376 259//376 520//376
f 258//377 520//377 257//377
f 259//2 524//2 520//2
f 614//378 524//378 259//378
f 614//379 259//379 258//379
f 559//380 249//380 250//380
f 559//381 250//381 248//381
f 251//4 250//4 249//4
f 251//4 249//4 252//4
f 255//2 256//2 253//2
f 255//2 253//2 254//2
f 266//382 281//382 278//382
f 266//383 278//383 267//383
f 247//384 282//384 281//384
f 247//385 281//385 266//385
f 283//386 284//386 279//386
f 283//387 279//387 278//387
f 278//388 279//388 267//388
f 617//389 267//389 279//389
f 617//390 279//390 621//390
f 621//391 279//391 280//391
f 621//392 280//392 275//392
f 286//393 281//393 282//393
f 284//394 283//394 272//394
f 284//395 272//395 270//395
f 283//396 285//396 256//396
f 283//397 256//397 272//397
f 279//398 284//398 280//398
f 281//399 285//399 283//399
f 281//400 283//400 278//400
f 286//401 287//401 285//401
f 286//402 285//402 281//402
f 612//403 276//403 277//403
f 612//404 277//404 244//404
f 268//405 255//405 609//405
f 268//406 609//406 239//406
f 263//407 268//407 239//407
f 263//407 239//407 240//407
f 268//2 271//2 269//2
f 268//2 269//2 270//2
f 254//408 620//408 609//408
f 254//409 609//409 255//409
f 252//410 249//410 620//410
f 252//411 620//411 254//411
f 558//412 620//412 249//412
f 558//413 249//413 559//413
f 263//2 274//2 273//2
f 263//2 273//2 271//2
f 263//2 275//2 274//2
f 263//414 616//414 621//414
f 263//415 621//415 275//415
f 272//2 268//2 270//2
f 268//2 272//2 256//2
f 268//2 256//2 255//2
f 268//2 263//2 271//2
f 348//416 584//416 582//416
f 348//416 582//416 349//416
f 346//4 639//4 649//4
f 346//4 649//4 347//4
f 345//417 590//417 591//417
f 345//418 591//418 346//418
f 346//419 347//419 344//419
f 346//419 344//419 345//419
f 347//420 348//420 349//420
f 347//420 349//420 344//420
f 651//4 653//4 652//4
f 651//4 652//4 584//4
f 577//421 589//421 350//421
f 577//422 350//422 317//422
f 348//4 650//4 651//4
f 348//4 651//4 584//4
f 649//4 650//4 348//4
f 649//4 348//4 347//4
f 591//4 587//4 639//4
f 591//4 639//4 346//4
f 339//2 341//2 343//2
f 339//2 343//2 340//2
f 338//423 646//423 645//423
f 338//424 645//424 335//424
f 340//425 648//425 647//425
f 340//426 647//426 339//426
f 339//427 647//427 646//427
f 339//428 646//428 338//428
f 336//429 330//429 315//429
f 336//429 315//429 314//429
f 337//430 336//430 314//430
f 337//430 314//430 313//430
f 338//2 342//2 341//2
f 338//2 341//2 339//2
f 342//2 338//2 335//2
f 342//2 335//2 337//2
f 343//431 341//431 311//431
f 343//431 311//431 309//431
f 341//432 342//432 312//432
f 341//432 312//432 311//432
f 342//433 337//433 313//433
f 342//433 313//433 312//433
f 356//434 357//434 317//434
f 356//434 317//434 350//434
f 358//435 661//435 660//435
f 358//436 660//436 340//436
f 581//2 580//2 353//2
f 581//2 353//2 355//2
f 351//437 583//437 581//437
f 351//438 581//438 355//438
f 352//2 356//2 355//2
f 352//2 355//2 353//2
f 357//2 358//2 340//2
f 357//2 340//2 343//2
f 357//439 343//439 309//439
f 357//440 309//440 317//440
f 358//2 357//2 356//2
f 358//2 356//2 352//2
f 340//441 660//441 662//441
f 340//442 662//442 648//442
f 352//443 654//443 661//443
f 352//444 661//444 358//444
f 355//445 356//445 350//445
f 355//445 350//445 351//445
f 349//446 582//446 583//446
f 349//447 583//447 351//447
f 353//448 655//448 654//448
f 353//449 654//449 352//449
f 349//2 351//2 350//2
f 349//2 350//2 344//2
f 350//421 589//421 588//421
f 350//450 588//450 590//450
f 350//451 590//451 345//451
f 350//2 345//2 344//2
f 354//4 652//4 653//4
f 657//452 585//452 652//452
f 657//453 652//453 354//453
f 354//4 653//4 659//4
f 354//4 659//4 658//4
f 580//454 579//454 655//454
f 580//455 655//455 353//455
f 354//456 658//456 656//456
f 354//457 656//457 657//457
f 639//4 576//4 575//4
f 639//4 575//4 574//4
f 639//4 587//4 586//4
f 639//4 586//4 576//4
f 632//4 639//4 574//4
f 632//4 574//4 572//4
f 638//4 636//4 632//4
f 638//4 632//4 318//4
f 632//4 572//4 571//4
f 632//4 571//4 319//4
f 322//458 640//458 642//458
f 322//459 642//459 324//459
f 600//460 601//460 324//460
f 600//461 324//461 642//461
f 323//462 641//462 640//462
f 323//463 640//463 322//463
f 320//4 321//4 632//4
f 320//4 632//4 319//4
f 318//4 632//4 321//4
f 632//4 636//4 637//4
f 632//4 637//4 633//4
f 314//2 315//2 310//2
f 314//2 310//2 313//2
f 316//464 570//464 309//464
f 316//2 309//2 308//2
f 312//2 313//2 310//2
f 312//2 310//2 311//2
f 309//2 310//2 307//2
f 309//2 307//2 308//2
f 309//2 311//2 310//2
f 631//4 632//4 633//4
f 632//4 631//4 634//4
f 632//4 634//4 635//4
f 317//465 309//465 577//465
f 569//465 573//465 309//465
f 569//465 309//465 570//465
f 578//258 577//258 309//258
f 578//258 309//258 573//258
f 318//466 321//466 307//466
f 318//466 307//466 310//466
f 333//467 643//467 644//467
f 333//468 644//468 334//468
f 325//469 638//469 318//469
f 325//470 318//470 310//470
f 321//471 320//471 308//471
f 321//471 308//471 307//471
f 319//472 571//472 570//472
f 319//472 570//472 316//472
f 333//2 336//2 337//2
f 333//2 337//2 335//2
f 330//2 334//2 323//2
f 330//2 323//2 328//2
f 336//2 333//2 334//2
f 336//2 334//2 330//2
f 335//473 645//473 643//473
f 335//474 643//474 333//474
f 334//475 644//475 641//475
f 334//476 641//476 323//476
f 320//477 319//477 316//477
f 320//477 316//477 308//477
f 330//478 328//478 327//478
f 330//478 327//478 315//478
f 327//2 326//2 310//2
f 327//2 310//2 315//2
f 322//2 329//2 328//2
f 322//2 328//2 323//2
f 325//479 568//479 567//479
f 325//480 567//480 638//480
f 328//481 329//481 326//481
f 328//481 326//481 327//481
f 324//2 331//2 329//2
f 324//2 329//2 322//2
f 601//2 568//2 331//2
f 601//2 331//2 324//2
f 310//2 326//2 332//2
f 310//2 332//2 325//2
f 329//482 331//482 332//482
f 329//482 332//482 326//482
f 331//483 568//483 325//483
f 331//484 325//484 332//484
f 400//485 401//485 368//485
f 400//485 368//485 367//485
f 401//486 379//486 376//486
f 401//486 376//486 368//486
f 397//485 398//485 362//485
f 397//485 362//485 363//485
f 399//487 400//487 367//487
f 399//487 367//487 366//487
f 379//4 392//4 384//4
f 379//4 384//4 378//4
f 404//488 405//488 402//488
f 404//489 402//489 403//489
f 401//4 393//4 392//4
f 401//4 392//4 379//4
f 393//4 401//4 400//4
f 393//4 400//4 395//4
f 393//490 395//490 396//490
f 393//490 396//490 394//490
f 392//491 391//491 385//491
f 392//492 385//492 384//492
f 389//493 390//493 381//493
f 389//493 381//493 383//493
f 393//494 394//494 391//494
f 393//494 391//494 392//494
f 385//2 391//2 390//2
f 385//2 390//2 389//2
f 390//486 397//486 363//486
f 390//486 363//486 381//486
f 391//2 394//2 397//2
f 391//2 397//2 390//2
f 398//2 397//2 394//2
f 398//2 394//2 396//2
f 408//495 399//495 366//495
f 408//495 366//495 365//495
f 372//496 409//496 408//496
f 372//496 408//496 365//496
f 407//42 409//42 372//42
f 407//42 372//42 404//42
f 409//4 407//4 408//4
f 405//497 410//497 369//497
f 405//498 369//498 370//498
f 373//2 374//2 405//2
f 373//2 405//2 370//2
f 410//499 405//499 404//499
f 410//4 404//4 372//4
f 410//4 372//4 369//4
f 398//487 406//487 361//487
f 398//487 361//487 362//487
f 374//2 406//2 402//2
f 374//2 402//2 405//2
f 403//500 402//500 396//500
f 403//500 396//500 395//500
f 406//495 374//495 360//495
f 406//495 360//495 361//495
f 399//4 403//4 395//4
f 399//4 395//4 400//4
f 407//489 404//489 403//489
f 396//2 402//2 406//2
f 396//2 406//2 398//2
f 399//4 408//4 407//4
f 399//4 407//4 403//4
f 388//2 561//2 554//2
f 388//2 554//2 386//2
f 371//501 630//501 624//501
f 371//502 624//502 369//502
f 372//4 371//4 369//4
f 364//503 371//503 372//503
f 364//504 372//504 365//504
f 364//505 629//505 630//505
f 364//506 630//506 371//506
f 374//507 373//507 359//507
f 374//507 359//507 360//507
f 626//2 628//2 610//2
f 373//508 625//508 610//508
f 373//509 610//509 359//509
f 623//2 625//2 373//2
f 623//2 373//2 370//2
f 620//258 363//258 362//258
f 620//258 362//258 361//258
f 612//510 629//510 364//510
f 612//511 364//511 365//511
f 610//2 609//2 620//2
f 610//512 620//512 359//512
f 620//513 361//513 360//513
f 620//513 360//513 359//513
f 367//514 368//514 622//514
f 367//515 622//515 366//515
f 369//516 624//516 623//516
f 369//517 623//517 370//517
f 612//4 611//4 627//4
f 612//4 627//4 629//4
f 622//511 612//511 365//511
f 622//511 365//511 366//511
f 378//4 384//4 387//4
f 378//4 387//4 380//4
f 553//4 563//4 380//4
f 553//4 380//4 387//4
f 386//518 387//518 384//518
f 386//519 384//519 385//519
f 554//520 553//520 387//520
f 554//521 387//521 386//521
f 382//522 562//522 561//522
f 382//523 561//523 388//523
f 389//2 388//2 386//2
f 389//2 386//2 385//2
f 380//524 563//524 564//524
f 380//525 564//525 377//525
f 388//526 389//526 383//526
f 388//526 383//526 382//526
f 377//527 564//527 613//527
f 377//528 613//528 375//528
f 376//493 379//493 378//493
f 376//493 378//493 375//493
f 375//514 613//514 622//514
f 375//529 622//529 376//529
f 376//530 622//530 368//530
f 620//531 382//531 383//531
f 620//532 383//532 381//532
f 620//2 558//2 562//2
f 620//533 562//533 382//533
f 378//526 380//526 377//526
f 378//526 377//526 375//526
f 363//465 620//465 381//465
f 431//534 659//534 653//534
f 431//535 653//535 432//535
f 432//42 653//42 651//42
f 432//42 651//42 430//42
f 430//536 651//536 650//536
f 430//537 650//537 429//537
f 652//156 585//156 584//156
f 657//4 655//4 579//4
f 657//4 579//4 585//4
f 656//538 658//538 659//538
f 656//539 659//539 431//539
f 433//540 649//540 639//540
f 433//541 639//541 434//541
f 411//542 431//542 432//542
f 411//543 432//543 430//543
f 411//544 430//544 429//544
f 411//545 429//545 428//545
f 433//546 434//546 428//546
f 433//547 428//547 429//547
f 429//548 650//548 649//548
f 429//549 649//549 433//549
f 639//41 632//41 428//41
f 639//41 428//41 434//41
f 666//550 667//550 435//550
f 666//550 435//550 436//550
f 669//42 662//42 660//42
f 669//42 660//42 668//42
f 669//551 666//551 421//551
f 669//551 421//551 424//551
f 656//4 654//4 655//4
f 656//4 655//4 657//4
f 424//4 648//4 662//4
f 424//4 662//4 669//4
f 647//4 648//4 424//4
f 647//4 424//4 423//4
f 667//552 666//552 668//552
f 411//553 436//553 431//553
f 666//554 436//554 411//554
f 666//555 411//555 421//555
f 436//556 435//556 656//556
f 436//557 656//557 431//557
f 660//4 661//4 668//4
f 667//4 661//4 435//4
f 435//4 661//4 654//4
f 435//4 654//4 656//4
f 632//558 635//558 411//558
f 632//559 411//559 428//559
f 420//560 421//560 411//560
f 420//561 411//561 419//561
f 417//562 419//562 411//562
f 417//563 411//563 414//563
f 411//564 418//564 415//564
f 411//565 415//565 414//565
f 423//566 424//566 421//566
f 423//566 421//566 420//566
f 422//567 423//567 420//567
f 422//567 420//567 419//567
f 416//568 422//568 419//568
f 416//568 419//568 417//568
f 413//569 416//569 417//569
f 413//570 417//570 414//570
f 414//571 415//571 412//571
f 414//571 412//571 413//571
f 635//572 634//572 663//572
f 635//573 663//573 411//573
f 411//574 663//574 664//574
f 411//575 664//575 418//575
f 634//576 631//576 665//576
f 634//577 665//577 663//577
f 415//578 418//578 664//578
f 415//579 664//579 412//579
f 646//4 647//4 423//4
f 646//4 423//4 422//4
f 637//580 636//580 427//580
f 637//581 427//581 426//581
f 640//4 641//4 425//4
f 640//4 425//4 426//4
f 425//4 641//4 664//4
f 425//4 664//4 665//4
f 600//4 642//4 427//4
f 600//4 427//4 567//4
f 642//4 640//4 426//4
f 642//4 426//4 427//4
f 638//582 567//582 427//582
f 638//582 427//582 636//582
f 412//4 644//4 643//4
f 412//4 643//4 413//4
f 413//4 643//4 645//4
f 413//4 645//4 416//4
f 645//4 646//4 422//4
f 645//4 422//4 416//4
f 664//4 641//4 644//4
f 664//4 644//4 412//4
f 633//583 637//583 426//583
f 633//584 426//584 425//584
f 631//585 633//585 425//585
f 631//586 425//586 665//586
o Chassis_havok_s_leftTrack_1
v -1.625898 0.059741 -0.596626
v -1.258093 0.059754 -0.311620
v -1.625898 0.059737 -0.311620
v -1.258093 0.059754 -0.596626
v -1.257885 0.160745 -2.085676
v -1.257885 0.231749 -2.031357
v -1.257885 0.499986 -2.513102
v -1.257885 0.429771 -2.543378
v -1.257885 0.314981 -1.996629
v -1.257885 0.404131 -1.985052
v -1.257885 0.576118 -2.031357
v -1.257885 0.647516 -2.085676
v -1.257885 0.493280 -1.996629
v -1.626105 0.314981 -1.996629
v -1.626105 0.404131 -1.985052
v -1.626105 0.493280 -1.996629
v -1.626105 0.576118 -2.031357
v -1.626105 0.059762 -2.329665
v -1.626105 0.647516 -2.085676
v -1.626105 0.736665 -2.240618
v -1.626105 0.702347 -2.156914
v -1.626105 0.736665 -2.418712
v -1.626105 0.748499 -2.329665
v -1.626105 0.314981 -2.661811
v -1.626105 0.493280 -2.661811
v -1.626105 0.647516 -2.572764
v -1.626105 0.702347 -2.501526
v -1.257885 0.395847 -2.617287
v -0.836088 0.395847 -2.617287
v -0.848265 0.429771 -2.543378
v -0.874079 0.499986 -2.513102
v -0.859467 0.460934 -2.704554
v -0.900868 0.573751 -2.543378
v -0.849726 0.499986 -2.721473
v -0.911583 0.604519 -2.617287
v -0.867260 0.573751 -2.691196
v -1.626105 0.404131 -2.673387
v -1.257885 0.314981 -2.661811
v -1.260321 0.493280 -2.661811
v -1.260321 0.576118 -2.627973
v -1.626105 0.576118 -2.627973
v -1.257885 0.231749 -2.627973
v -1.260321 0.573751 -2.691196
v -1.260321 0.499986 -2.721473
v -1.257885 0.565467 -2.884429
v -1.260321 0.429771 -2.691196
v -1.257885 0.573751 -2.543378
v -1.626105 0.231749 -2.031357
v -1.626105 0.160745 -2.085676
v -1.626105 0.231749 -2.627973
v -1.626105 0.071596 -2.418712
v -1.257885 0.107492 -2.552283
v -1.257885 0.059762 -2.329665
v -1.257885 0.071596 -2.418712
v -1.121994 0.012032 -2.418712
v -1.761996 0.012032 -2.418712
v -1.761996 0.071596 -2.418712
v -1.121994 0.071596 -2.418712
v -1.257885 0.736665 -2.418712
v -1.257885 0.748499 -2.329665
v -1.257885 0.736665 -2.240618
v -1.257885 0.702347 -2.156914
v -1.257885 0.647516 -2.572764
v -1.257885 0.702347 -2.501526
v -1.260321 0.604519 -2.617287
v -1.259346 0.613198 -2.882648
v -1.259346 0.645149 -2.896005
v -0.783973 0.623059 -2.833672
v -1.259346 0.637654 -2.857715
v -1.259346 0.668817 -2.841686
v -0.795662 0.669606 -2.814082
v -0.798584 0.703530 -2.808739
v -1.259346 0.703530 -2.836343
v -1.259346 0.738243 -2.841686
v -0.794688 0.746527 -2.814972
v -1.259346 0.794257 -2.882648
v -1.259346 0.769406 -2.857715
v -0.764977 0.819503 -2.865729
v -0.783485 0.785579 -2.834562
v -1.257997 0.493335 2.657728
v -1.257997 0.647558 2.569261
v -1.257997 0.059944 2.325435
v -1.257997 0.314783 2.657728
v -1.257997 0.736628 2.414981
v -1.257997 0.702402 2.498055
v -1.257997 0.314783 1.993141
v -1.257997 0.160560 2.082687
v -1.257997 0.231898 2.624283
v -1.257997 0.647558 2.082687
v -1.257997 0.493335 1.993141
v -1.257997 0.736628 2.236967
v -1.257997 0.702402 2.153893
v -1.257997 0.748174 2.325435
v -1.257997 0.104891 2.536894
v -1.625991 0.104891 2.536894
v -1.625991 0.231898 2.624283
v -1.625991 0.493335 1.993141
v -1.625991 0.403853 2.669596
v -1.625991 0.071490 2.416060
v -1.625991 0.059532 2.325435
v -1.625991 0.314783 1.993141
v -1.625991 0.160560 2.082687
v -1.625991 0.702402 2.498055
v -1.625991 0.576219 2.624283
v -1.625991 0.748174 2.325435
v -1.625991 0.576219 2.027665
v -1.625991 0.702402 2.153893
v -1.625991 0.493335 2.657728
v -1.257997 0.071490 2.416060
v -1.625991 0.647558 2.569261
v -1.257997 0.576219 2.624283
v -1.257997 0.403853 2.669596
v -1.625991 0.314783 2.657728
v -1.222355 0.518901 2.773168
v -1.222355 0.579106 2.766695
v -1.222355 0.639311 2.773168
v -1.222355 0.460759 2.790430
v -1.222355 0.360555 2.857321
v -1.222355 0.407152 2.818481
v -1.121993 0.010873 2.424691
v -1.761996 0.010873 2.424691
v -1.761996 0.071490 2.416060
v -1.121993 0.071490 2.416060
v -1.625991 0.647558 2.082687
v -1.625991 0.736628 2.236967
v -1.625991 0.736628 2.414981
v -1.625991 0.641785 1.878780
v -1.250806 0.641785 1.878780
v -1.250806 0.651269 1.830230
v -1.625991 0.651269 1.830230
v -1.250806 0.651269 1.926250
v -1.625991 0.651269 1.926250
v -1.250806 0.678072 1.967248
v -1.625991 0.678072 1.967248
v -1.257997 0.576219 2.027665
v -1.625991 0.403853 1.981273
v -1.257997 0.403853 1.981273
v -1.257997 0.231898 2.027665
v -1.625991 0.231898 2.027665
v -1.250806 0.718896 1.763340
v -1.625991 0.718896 1.763340
v -1.625991 0.678072 1.790312
v -1.250806 0.678485 1.790312
v -1.250806 0.766730 1.753630
v -1.625991 0.766730 1.753630
v -1.625991 0.718896 1.994220
v -1.625991 0.766730 2.003930
v -1.250806 0.766318 2.003930
v -1.250806 0.718484 1.994220
v -1.250806 0.814151 1.994220
v -1.625991 0.814151 1.994220
v -1.625991 0.854975 1.967248
v -1.625991 0.814151 1.763340
v -1.250806 0.854975 1.790312
v -1.250806 0.814564 1.763340
v -1.250806 0.854563 1.967248
v -1.625991 0.854975 1.790312
v -1.250957 0.894336 0.090319
v -1.250957 0.894561 -1.776758
v -1.250957 0.894336 -0.023132
v -1.625912 0.894673 -1.922623
v -1.250957 0.894673 -1.922623
v -1.625912 0.854836 -0.055546
v -1.250957 0.854949 -0.055546
v -1.625912 0.854836 0.122734
v -1.258101 0.702239 1.257242
v -1.258101 0.736675 1.341520
v -1.250957 0.718669 0.148665
v -1.250957 0.678157 0.122734
v -1.625912 0.678269 0.122734
v -1.625912 0.718782 0.148665
v -1.625912 0.766609 0.158390
v -1.250957 0.766384 0.158390
v -1.250957 0.678382 -0.055546
v -1.625912 0.678269 -0.055546
v -1.250957 0.718894 -0.081478
v -1.625912 0.718782 -0.081478
v -1.250957 0.854724 0.122734
v -1.250957 0.814211 0.148665
v -1.625912 0.814324 0.148665
v -1.625912 0.766609 -0.091202
v -1.625912 0.814324 -0.081478
v -1.250957 0.814436 -0.081478
v -1.250957 0.766721 -0.091202
v -1.625912 0.702577 -1.958279
v -1.625912 0.836830 -1.747585
v -1.625912 0.667466 -1.922623
v -1.625912 0.748041 -1.974487
v -1.625912 0.796768 -1.974487
v -1.625912 0.664427 -1.783241
v -1.625912 0.698075 -1.747585
v -1.625912 0.841332 -1.955038
v -1.250957 0.836718 -1.747585
v -1.250957 0.697963 -1.750826
v -1.250957 0.841444 -1.955038
v -1.250957 0.664315 -1.783241
v -1.250957 0.742526 -1.728136
v -1.250957 0.791254 -1.728136
v -1.250957 0.702802 -1.958279
v -1.250957 0.667466 -1.922623
v -1.625912 0.791366 -1.728136
v -1.625912 0.742751 -1.728136
v -1.250957 0.748153 -1.974487
v -1.250957 0.796881 -1.974487
v -1.258093 0.493121 -1.041419
v -1.258093 0.576212 -1.074863
v -1.258093 0.314997 -1.041419
v -1.258093 0.403975 -1.030271
v -1.258093 0.231906 -1.074863
v -1.625898 0.231906 -1.074863
v -1.625898 0.576212 -1.074863
v -1.625898 0.493121 -1.041419
v -1.625898 0.493121 -1.707516
v -1.625898 0.403975 -1.030271
v -1.625898 0.403975 -1.718664
v -1.625898 0.314997 -1.707516
v -1.625898 0.231906 -1.671285
v -1.625898 0.314997 -1.041419
v -1.625898 0.314997 -0.782226
v -1.258093 0.314997 -0.782226
v -1.258093 0.403975 -0.793374
v -1.625898 0.403975 -0.793374
v -1.625898 0.576212 -1.671285
v -1.258093 0.576212 -1.671285
v -1.258093 0.493121 -1.707516
v -1.258093 0.403975 -1.718664
v -1.258093 0.314997 -1.707516
v -1.258093 0.231906 -1.671285
v -1.625898 0.576212 -0.152360
v -1.625898 0.493121 -0.116129
v -1.625898 0.403975 -0.104981
v -1.625898 0.314997 -0.116129
v -1.258093 0.493121 -0.116129
v -1.258093 0.576212 -0.152360
v -1.258093 0.403975 -0.104981
v -1.258093 0.314997 -0.116129
v -1.625898 0.576212 -0.748782
v -1.258093 0.576212 -0.748782
v -1.625898 0.493121 -0.782226
v -1.625898 0.231906 -0.748782
v -1.258093 0.493121 -0.782226
v -1.258093 0.231906 -0.748782
v -1.258093 0.314997 1.099011
v -1.258093 0.493121 1.099011
v -1.258093 0.403975 1.085076
v -1.258093 0.576212 1.132455
v -1.625898 0.493121 1.099011
v -1.625898 0.403975 1.085076
v -1.625898 0.314997 1.099011
v -1.625898 0.576212 1.132455
v -1.258093 0.314997 0.848180
v -1.625898 0.314997 0.848180
v -1.625898 0.403975 0.859328
v -1.258093 0.403975 0.859328
v -1.625898 0.493121 0.848180
v -1.258093 0.493121 0.848180
v -1.258093 0.576212 0.814735
v -1.625898 0.576212 0.814735
v -1.625898 0.403975 0.170934
v -1.258093 0.403975 0.170934
v -1.258093 0.493121 0.182082
v -1.625898 0.493121 0.182082
v -1.625898 0.314997 0.182082
v -1.258093 0.314997 0.182082
v -1.625898 0.576212 0.218314
v -1.258093 0.576212 0.218314
v -1.257720 0.411933 -3.406462
v -1.257720 0.351116 -3.353561
v -1.257720 0.668281 -3.062059
v -1.257720 0.485523 -3.440075
v -1.257720 0.645170 -3.440075
v -1.257720 0.565194 -3.451647
v -1.257720 0.718455 -3.406462
v -1.257720 0.307327 -3.285783
v -1.257720 0.284824 -3.208637
v -1.257720 0.636047 -3.037262
v -1.625421 0.718455 -3.406462
v -1.625421 0.779577 -3.353561
v -1.625421 0.645170 -3.440075
v -1.625421 0.485523 -3.440075
v -1.625421 0.565194 -3.451647
v -1.625421 0.823366 -3.285783
v -1.122251 0.253807 -3.310029
v -1.122251 0.307023 -3.392135
v -1.761996 0.307023 -3.392135
v -1.761996 0.253807 -3.310029
v -1.122251 0.395513 -3.392135
v -1.122251 0.351116 -3.353561
v -1.122251 0.307327 -3.285783
v -1.761996 0.351116 -3.353561
v -1.625421 0.351116 -3.353561
v -1.625421 0.307327 -3.285783
v -1.761996 0.307327 -3.285783
v -1.761996 0.411933 -3.406462
v -1.625421 0.411933 -3.406462
v -1.075805 0.876278 -3.310029
v -1.761996 0.876278 -3.310029
v -1.761996 0.823670 -3.391583
v -1.075805 0.823670 -3.391583
v -1.075805 0.718455 -3.406462
v -1.257720 0.779577 -3.353561
v -1.075805 0.779577 -3.353561
v -1.761996 0.779577 -3.353561
v -1.761996 0.718455 -3.406462
v -1.761996 0.823366 -3.285783
v -1.625421 0.823062 -3.050487
v -1.257720 0.823062 -3.285783
v -1.075805 0.823062 -3.285783
v -1.257720 0.703555 -3.067570
v -1.257720 0.740654 -3.062059
v -1.075805 0.750689 -3.456056
v -1.761996 0.750689 -3.456607
v -1.761996 0.661287 -3.495180
v -1.075805 0.661287 -3.495180
v -1.075805 0.565194 -3.511160
v -1.761996 0.565194 -3.511160
v -1.761996 0.645170 -3.440075
v -1.761996 0.565194 -3.451647
v -1.075805 0.565194 -3.451647
v -1.075805 0.485523 -3.440075
v -1.075805 0.645170 -3.440075
v -1.075805 0.469102 -3.495731
v -1.075805 0.395513 -3.462668
v -1.075805 0.411933 -3.406462
v -1.122251 0.380308 -3.456056
v -1.122251 0.395513 -3.462668
v -1.075805 0.395513 -3.392135
v -1.761996 0.380308 -3.456056
v -1.761996 0.469102 -3.495731
v -1.761996 0.485523 -3.440075
v -1.257720 0.351116 -2.982158
v -1.625421 0.351116 -2.982158
v -1.257720 0.307327 -3.050487
v -1.625421 0.307327 -3.050487
v -1.257720 0.612936 -3.014118
v -1.257720 0.597124 -2.982709
v -1.257720 0.591650 -2.947993
v -1.625421 0.779577 -2.982158
v -1.259379 0.796606 -3.009159
v -1.259379 0.779577 -2.982158
v -1.257720 0.796606 -3.009159
v -1.257720 0.823062 -3.050487
v -1.259379 0.815460 -2.947993
v -1.257720 0.768934 -3.038915
v -1.257720 0.794174 -3.014118
v -1.259379 0.809986 -2.982709
v -0.781091 0.569756 -2.990974
v -0.697598 0.562458 -2.983260
v -0.967983 0.601077 -3.022384
v -0.690410 0.843132 -2.993730
v -0.667187 0.824583 -3.033956
v -0.717504 0.848910 -2.947442
v -0.647281 0.792045 -3.068672
v -0.634563 0.750385 -3.090714
v -0.630140 0.703555 -3.098428
v -0.632905 0.672842 -3.093469
v -0.781091 0.660070 -3.081346
v -0.967983 0.629053 -3.050487
v -1.222289 0.882341 3.015655
v -1.222289 0.864790 2.957662
v -1.222289 0.293355 2.957662
v -1.661806 0.819899 3.269972
v -1.661806 0.293355 2.957662
v -1.661806 0.275804 3.015655
v -1.661806 0.269729 3.076026
v -1.661806 0.299093 3.209126
v -1.661806 0.864790 2.957662
v -1.661806 0.882341 3.015655
v -1.661806 0.893480 3.079353
v -1.761996 0.911031 3.237648
v -1.761996 0.937021 3.159689
v -1.761996 0.879979 3.146379
v -1.761996 0.858377 3.212453
v -1.661806 0.858377 3.212453
v -1.661806 0.879979 3.146379
v -1.222289 0.275804 3.015655
v -1.222289 0.269729 3.076026
v -1.761996 0.246102 3.234320
v -1.761996 0.299093 3.209126
v -1.761996 0.335884 3.267595
v -1.661806 0.335884 3.267595
v -1.761996 0.808085 3.365994
v -1.761996 0.736867 3.408301
v -1.761996 0.659573 3.436347
v -1.761996 0.495197 3.435396
v -1.761996 0.577216 3.443953
v -1.661806 0.508361 3.378353
v -1.661806 0.443218 3.354110
v -1.661806 0.384488 3.317508
v -1.661806 0.711890 3.355536
v -1.661806 0.577554 3.385484
v -1.661806 0.646747 3.378829
v -1.761996 0.865465 3.306574
v -1.761996 0.347697 3.363142
v -1.761996 0.417566 3.406875
v -1.761996 0.289980 3.304198
v -1.761996 0.384488 3.317508
v -1.761996 0.443218 3.354110
v -1.761996 0.819899 3.269972
v -1.761996 0.771632 3.319884
v -1.661806 0.771632 3.319884
v -1.761996 0.577554 3.385484
v -1.761996 0.508361 3.378353
v -1.761996 0.646747 3.379304
v -1.761996 0.711890 3.355536
v -0.939167 0.439588 3.265721
v -1.076045 0.766042 3.346752
v -0.883787 0.766042 3.346752
v -0.904585 0.710457 3.385110
v -1.076045 0.710457 3.385110
v -0.923931 0.647536 3.409084
v -1.076045 0.647536 3.409084
v -0.875323 0.784100 3.326614
v -0.940739 0.580383 3.417235
v -0.962867 0.450309 3.385110
v -0.954040 0.513512 3.409084
v -1.076045 0.580383 3.417235
v -1.076045 0.513512 3.409084
v -1.076045 0.450309 3.385110
v -1.076045 0.819651 3.270036
v -1.076045 0.858306 3.212019
v -1.076045 0.880032 3.146331
v -0.894186 0.395571 3.015914
v -0.916314 0.318543 3.037970
v -0.934330 0.302460 3.103658
v -0.949082 0.302460 3.170784
v -0.959844 0.318543 3.236473
v -0.896121 0.349862 2.978035
v -0.874477 0.395571 2.926731
v -1.121993 0.329829 3.258049
v -1.121993 0.349862 3.296407
v -0.965890 0.349862 3.296407
v -0.966978 0.394725 3.346752
v -1.761996 -0.001012 2.325630
v -1.121993 -0.000954 2.325630
v -1.121993 0.000025 -2.329357
v -1.761996 0.000022 -2.329357
v -1.761996 0.059682 2.325630
v -1.761996 0.059752 -2.329357
v -1.625898 0.059753 -2.217185
v -1.121993 0.059756 -2.329357
v -1.121993 0.059753 2.325630
v -1.258093 0.059740 2.183424
v -1.625899 0.059699 2.183465
v -1.258093 0.231906 0.813812
v -1.258093 0.059754 0.660638
v -1.625899 0.059722 0.660610
v -1.625899 0.231906 0.813812
v -1.625899 0.160598 0.272174
v -1.625899 0.059726 0.384859
v -1.258093 0.059754 0.384830
v -1.258093 0.160598 0.272174
v -1.258092 0.059749 1.567982
v -1.258092 0.160598 1.674094
v -1.258092 0.160598 1.187172
v -1.258092 0.059753 1.280447
v -1.625898 0.160598 1.187172
v -1.625898 0.059713 1.280485
v -1.258092 0.231906 1.132455
v -1.625898 0.231906 1.132455
v -1.625898 0.059708 1.567939
v -1.625898 0.160598 1.674094
v -1.258093 0.231906 0.217458
v -1.625899 0.231906 0.217458
v -1.258093 0.059755 -1.516785
v -1.258093 0.160598 -1.617820
v -1.625899 0.160598 -1.617820
v -1.625899 0.059753 -1.516784
v -1.625899 0.059751 -1.227342
v -1.625899 0.160598 -1.130898
v -1.258093 0.160598 -1.130898
v -1.258093 0.059754 -1.227339
v -1.625899 0.160598 -0.692823
v -1.625899 0.160598 -0.205901
v -1.258093 0.160598 -0.205901
v -1.625899 0.231906 -0.151185
v -1.258093 0.231906 -0.151185
v -1.258093 0.160598 -0.692823
v -1.258092 0.059755 -2.217181
v -0.848316 0.429870 -2.690868
v -1.258092 0.420875 -2.671448
v -0.911441 0.603306 -2.614604
v -1.258092 0.404059 -2.673664
v -1.260166 0.420875 -2.671448
v -1.625535 0.412025 -2.929525
v -1.625535 0.485426 -2.896005
v -1.257729 0.485426 -2.896005
v -1.257729 0.412025 -2.929525
v -1.625535 0.565297 -2.884521
v -1.257729 0.608637 -2.890753
v -1.257729 0.597049 -2.913493
v -1.625898 0.107621 -2.552186
v -1.121993 0.230119 -3.228988
v -1.761996 0.230104 -3.228993
v -1.761996 0.284682 -3.208368
v -1.625535 0.284686 -3.208366
v -1.625535 0.276117 -3.176609
v -1.257729 0.276122 -3.176588
v -1.121993 0.284700 -3.208361
v -1.761996 0.903987 -3.216717
v -1.076048 0.903937 -3.216710
v -1.076048 0.954384 -1.939632
v -1.761996 0.954437 -1.939632
v -1.257729 0.849415 -3.117437
v -1.625535 0.849448 -3.117522
v -1.761996 0.894690 -1.939632
v -1.076048 0.894624 -1.939632
v -1.076048 0.845911 -3.208368
v -1.257729 0.845924 -3.208369
v -1.625535 0.845959 -3.208374
v -1.761996 0.845973 -3.208376
v -1.258092 0.600836 -2.608641
v -1.260166 0.600836 -2.608641
v -0.766140 0.588821 -2.865005
v -0.743549 0.567073 -2.904026
v -1.259554 0.608751 -2.890769
v -1.625535 0.645168 -2.896005
v -1.259553 0.718568 -2.929525
v -1.259554 0.809961 -2.913526
v -0.744455 0.838617 -2.901133
v -1.625535 0.718568 -2.929525
v -0.718158 0.558248 -2.947805
v -1.661705 0.579058 2.766732
v -1.661705 0.518719 2.772675
v -1.661705 0.639398 2.772675
v -1.661705 0.460698 2.790274
v -1.661705 0.407226 2.818857
v -1.661705 0.360357 2.857321
v -1.661705 0.321892 2.904190
v -1.222289 0.321892 2.904190
v -1.222289 0.697419 2.790274
v -1.222289 0.395558 2.926732
v -1.761996 0.213695 3.157424
v -1.121993 0.213781 3.157406
v -1.222289 0.266505 3.124732
v -1.661705 0.266490 3.124959
v -1.761996 0.271838 3.144472
v -1.661705 0.271854 3.144468
v -1.121993 0.271945 3.144449
v -1.222289 0.271928 3.144452
v -1.250957 0.894019 1.934650
v -1.625912 0.894058 1.934544
v -1.761996 0.893890 3.076869
v -1.076048 0.893823 3.076867
v -1.222289 0.797760 2.857321
v -1.222289 0.836224 2.904190
v -1.661705 0.836224 2.904190
v -1.661705 0.797760 2.857321
v -1.661705 0.750891 2.818857
v -1.222289 0.750891 2.818857
v -1.661705 0.697419 2.790274
v -1.258092 0.576211 1.728811
v -1.625898 0.576211 1.728811
v -1.625898 0.647519 1.674094
v -1.258092 0.647519 1.674094
v -1.258092 0.493171 1.763206
v -1.625898 0.493171 1.763206
v -1.625898 0.231906 1.728811
v -1.258092 0.231906 1.728811
v -1.625898 0.314946 1.763206
v -1.258092 0.314946 1.763206
v -1.258092 0.404059 1.774938
v -1.625898 0.404059 1.774938
v -1.250957 0.894037 1.822565
v -1.625912 0.894076 1.822524
v -1.076048 0.953395 3.077959
v -1.761996 0.953449 3.077959
v -1.625912 0.894650 -1.776713
v -1.625912 0.894370 -0.022229
v -1.625912 0.894352 0.089305
v -1.258092 0.647520 1.187172
v -1.625898 0.702236 1.258481
v -1.625898 0.647520 1.187172
v -1.625898 0.736632 1.341520
v -1.258092 0.748364 1.430633
v -1.625898 0.748364 1.430633
v -1.258092 0.736632 1.519746
v -1.625898 0.736632 1.519746
v -1.625898 0.702236 1.602785
v -1.258092 0.702236 1.602785
v -1.258093 0.736632 0.604749
v -1.625899 0.736632 0.604749
v -1.625899 0.748364 0.515636
v -1.258093 0.748364 0.515636
v -1.625899 0.736632 0.426522
v -1.258093 0.736632 0.426522
v -1.625899 0.702236 0.343483
v -1.258093 0.702236 0.343483
v -1.625899 0.647519 0.759095
v -1.625899 0.702236 0.687788
v -1.258093 0.702236 0.687788
v -1.258093 0.647519 0.759095
v -1.250957 0.651114 0.081191
v -1.625912 0.651169 0.081327
v -1.625912 0.651169 -0.014265
v -1.250957 0.651225 -0.014399
v -1.258093 0.647520 0.272174
v -1.625899 0.647520 0.272174
v -1.250957 0.641662 0.033385
v -1.625912 0.641662 0.033530
v -1.258093 0.647520 -0.205901
v -1.625899 0.647520 -0.205901
v -1.625899 0.702236 -0.277210
v -1.258093 0.702236 -0.277210
v -1.625899 0.736632 -0.360249
v -1.258093 0.736632 -0.360249
v -1.258093 0.748364 -1.374358
v -1.625899 0.748364 -1.374358
v -1.625899 0.736632 -1.463472
v -1.258093 0.736632 -1.463472
v -1.258093 0.736632 -1.285246
v -1.625899 0.736632 -1.285246
v -1.625899 0.702236 -1.546511
v -1.258093 0.702236 -1.546511
v -1.625899 0.647520 -1.130898
v -1.625899 0.702236 -1.202206
v -1.258093 0.702236 -1.202206
v -1.258093 0.647520 -1.130898
v -1.258093 0.647520 -0.692823
v -1.258093 0.702236 -0.621515
v -1.625899 0.702236 -0.621515
v -1.625899 0.647520 -0.692823
v -1.258093 0.736632 -0.538474
v -1.625899 0.736632 -0.538474
v -1.625899 0.748364 -0.449362
v -1.258093 0.748364 -0.449362
v -1.625912 0.647794 -1.878496
v -1.625912 0.646731 -1.829776
v -1.250957 0.647826 -1.878638
v -1.250957 0.646706 -1.829921
v -1.625899 0.647520 -1.617820
v -1.258093 0.647520 -1.617820
v -1.222289 0.771444 3.319762
v -1.222289 0.819767 3.270026
v -1.222289 0.395559 3.015777
v -1.222289 0.439641 3.265774
v -1.222289 0.765597 3.323250
v -1.222289 0.858300 3.212224
v -1.222289 0.880043 3.146359
v -1.222289 0.893357 3.079270
v -1.222289 0.349983 2.978178
v -1.076048 0.911112 3.237810
v -1.076048 0.936968 3.159661
v -1.222289 0.302460 3.170985
v -1.222289 0.302460 3.103485
v -1.222289 0.299071 3.209129
v -1.222289 0.318614 3.037946
v -1.222289 0.329927 3.258080
v -1.222289 0.318614 3.236525
v -1.121993 0.299086 3.209123
v -1.121993 0.246179 3.234449
v -1.076048 0.807992 3.365812
v -1.076048 0.736892 3.408148
v -1.076048 0.659545 3.436269
v -1.076048 0.495328 3.435262
v -1.076048 0.577155 3.443878
v -1.076048 0.865358 3.306769
v -1.121993 0.395560 3.393065
v -1.121993 0.347850 3.363234
v -1.076048 0.417621 3.406858
v -1.076048 0.395560 3.393065
v -1.121993 0.290033 3.304073
v -1.076048 0.765577 3.323247
v -1.076048 0.784084 3.326510
v -1.076048 0.771436 3.319752
v -1.121993 0.394744 3.346819
v -1.121993 0.395560 3.347383
v -1.076048 0.395560 3.347383
vn -0.0000 0.6912 -0.7227
vn 1.0000 -0.0000 -0.0000
vn -0.0000 0.7078 0.7064
vn -0.0000 0.6088 0.7934
vn -0.0000 -1.0000 -0.0000
vn -1.0000 -0.0000 -0.0000
vn -0.0000 0.7235 -0.6903
vn -0.0000 0.7236 -0.6902
vn -0.0000 0.6088 -0.7934
vn -0.0000 0.6902 0.7236
vn 0.0001 -1.0000 -0.0000
vn -0.0000 1.0000 0.0002
vn -0.0001 1.0000 0.0002
vn 0.0003 -1.0000 -0.0000
vn -0.0000 0.6790 0.7341
vn -0.0000 0.7249 -0.6889
vn -0.0000 0.6647 -0.7471
vn -0.0000 0.7451 0.6670
vn -0.0000 -0.7924 0.6099
vn -0.0000 -0.7925 0.6099
vn -0.0000 -0.9238 0.3828
vn -0.0000 -0.7925 -0.6099
vn -0.0000 -0.7924 -0.6099
vn -0.0000 -0.9913 0.1317
vn -0.0000 -0.9253 -0.3794
vn -0.0000 -0.9913 -0.1317
vn -0.0000 -0.6161 0.7877
vn -0.0005 -0.6117 0.7911
vn -0.0000 -0.6094 0.7928
vn -0.0000 -0.6094 0.7929
vn -0.0000 -0.6055 -0.7959
vn -1.0000 0.0015 0.0038
vn -0.0000 -0.9654 -0.2608
vn -0.0004 -0.9655 -0.2605
vn -0.0000 0.3766 0.9264
vn 0.0011 -0.9655 -0.2606
vn -0.0000 0.9656 0.2599
vn 0.0003 -0.9655 -0.2606
vn -0.0000 -0.9655 -0.2605
vn 0.0001 0.9993 -0.0384
vn -0.0001 -0.9992 0.0395
vn 0.0600 -0.6929 -0.7186
vn 0.0583 -0.7071 -0.7047
vn 0.0587 -0.4610 -0.8854
vn 0.0592 -0.4566 -0.8877
vn 0.0604 -0.8926 -0.4468
vn 0.0609 -0.8895 -0.4528
vn 1.0000 -0.0017 -0.0017
vn 1.0000 -0.0011 -0.0021
vn 0.9997 -0.0087 -0.0208
vn -0.8761 0.0095 -0.4820
vn -0.8680 0.0034 -0.4966
vn -0.8648 0.0025 -0.5021
vn -0.8658 0.0028 -0.5004
vn -0.8590 -0.0002 -0.5120
vn -0.0000 -0.4153 -0.9097
vn -0.0000 -0.4154 -0.9096
vn 1.0000 0.0011 -0.0062
vn -0.8611 0.0027 -0.5084
vn -0.8692 -0.0001 -0.4945
vn 0.0601 0.8863 -0.4592
vn 0.0596 0.8894 -0.4532
vn 0.0604 0.8748 -0.4806
vn 0.9999 0.0058 -0.0154
vn -0.0000 -0.9236 -0.3833
vn -0.0000 -0.9232 0.3843
vn -0.0002 -0.9200 -0.3919
vn -0.0000 -0.9111 -0.4122
vn 0.0594 -0.1485 -0.9871
vn 0.0591 -0.1519 -0.9866
vn 0.0591 0.1519 -0.9866
vn 0.0584 0.1602 -0.9854
vn 1.0000 0.0016 -0.0027
vn 0.0538 0.3988 -0.9155
vn 0.0589 0.4566 -0.8877
vn -0.0000 -0.1423 -0.9898
vn -0.0000 -0.1424 -0.9898
vn -0.0001 -0.1419 -0.9899
vn 0.0003 -0.1450 -0.9894
vn 0.0599 0.6907 -0.7207
vn 0.0572 0.7127 -0.6991
vn -0.8560 0.0087 -0.5169
vn -0.9056 -0.4023 -0.1341
vn -0.9412 -0.3378 0.0001
vn -0.9388 -0.3445 -0.0014
vn -0.9411 -0.3380 0.0001
vn -0.8662 -0.0004 -0.4998
vn -0.0000 0.9088 -0.4172
vn -0.0000 0.3959 -0.9183
vn -0.0000 0.3960 -0.9183
vn -0.9398 -0.3417 -0.0023
vn -0.9397 -0.3421 -0.0019
vn -0.0000 -0.3782 0.9257
vn -0.0000 -0.3781 0.9257
vn -1.0000 -0.0005 0.0036
vn -1.0000 -0.0019 0.0034
vn 0.0007 -0.1305 0.9914
vn -0.0000 0.1319 0.9913
vn 0.0008 0.1288 0.9917
vn -0.0000 -0.1320 0.9913
vn 0.0006 -0.1288 0.9917
vn -0.0000 0.1288 -0.9917
vn -0.0000 -0.1288 -0.9917
vn -0.0000 0.9078 0.4195
vn -0.0000 0.9077 0.4197
vn -0.0000 -0.3866 -0.9222
vn -0.0000 0.9911 0.1332
vn -1.0000 -0.0011 -0.0018
vn -1.0000 0.0012 0.0007
vn 1.0000 0.0031 0.0024
vn 0.0004 0.5211 0.8535
vn -0.0000 0.5202 0.8540
vn -0.0000 -1.0000 -0.0001
vn -0.0000 -0.9657 -0.2595
vn -0.0000 -0.9913 -0.1314
vn 0.0003 -0.9913 -0.1317
vn -0.0002 -0.9913 -0.1314
vn 0.0001 -1.0000 -0.0001
vn -1.0000 0.0034 -0.0017
vn -1.0000 -0.0010 -0.0065
vn -0.0002 0.3960 0.9183
vn -0.0000 0.3975 0.9176
vn -0.0008 0.4029 0.9152
vn -0.0005 0.9118 0.4107
vn 1.0000 0.0030 -0.0065
vn -0.0000 0.4154 -0.9096
vn 0.0002 0.1423 -0.9898
vn -0.0000 0.1431 -0.9897
vn -0.0000 0.7931 -0.6091
vn 1.0000 0.0044 -0.0018
vn -0.0000 0.3851 -0.9229
vn -0.0000 -0.3797 0.9251
vn -0.0000 -0.3797 -0.9251
vn -0.0000 0.6076 -0.7942
vn -0.0000 0.1305 -0.9914
vn -0.0000 -0.6107 0.7918
vn -0.0000 -0.3845 0.9231
vn -0.0000 0.3827 -0.9239
vn -0.0000 -0.1305 -0.9914
vn -0.0000 -0.1315 0.9913
vn -0.0000 0.6107 0.7918
vn -0.0000 0.3845 0.9231
vn -0.0000 0.1321 0.9912
vn -0.0000 0.8370 -0.5472
vn -0.0000 -0.7730 0.6344
vn -0.0000 -0.7922 -0.6102
vn -0.0000 -0.9246 -0.3809
vn -0.0000 -0.6344 0.7730
vn -0.0000 -0.3827 -0.9239
vn -0.0000 0.9814 0.1917
vn -0.0000 0.9806 -0.1959
vn -0.0000 -0.4714 0.8819
vn -0.0000 -0.2824 0.9593
vn -0.0011 -0.2903 0.9569
vn -0.0000 -0.6088 -0.7934
vn 0.0002 -0.6369 -0.7709
vn -0.0007 -0.6417 -0.7669
vn -0.0006 -0.5512 -0.8343
vn -0.0000 -0.5551 -0.8318
vn -0.0000 -0.5512 0.8343
vn 0.0006 -0.5551 0.8318
vn 0.0002 -0.2006 0.9797
vn -0.0000 -0.1989 0.9800
vn -0.0002 -0.6358 0.7718
vn -0.0000 -0.6367 0.7711
vn -1.0000 -0.0038 -0.0000
vn -1.0000 -0.0039 -0.0000
vn 1.0000 -0.0020 -0.0000
vn -0.0000 0.1989 0.9800
vn -0.0009 0.8302 0.5575
vn -0.0000 0.8262 0.5633
vn 0.0002 0.1989 -0.9800
vn -0.0006 0.5551 0.8318
vn -0.0000 0.5512 0.8343
vn -0.0000 -0.2006 -0.9797
vn -0.0002 -0.1989 -0.9800
vn 0.0006 0.5512 -0.8343
vn -0.0000 0.5551 -0.8318
vn -0.0000 -0.6107 -0.7918
vn -0.0000 -0.3742 -0.9273
vn -0.0000 0.7068 0.7074
vn -0.0000 -0.1315 -0.9913
vn -0.0012 0.0980 0.9952
vn 0.0001 0.1069 0.9943
vn 0.0001 -0.0980 0.9952
vn -0.0011 -0.1069 0.9943
vn -0.0000 0.3742 -0.9273
vn -0.0000 0.1321 -0.9912
vn -1.0000 0.0016 0.0007
vn 1.0000 0.0016 0.0007
vn -0.0000 0.5668 -0.8238
vn -0.0004 0.2903 0.9569
vn -0.0012 0.2846 0.9586
vn -0.0011 -1.0000 -0.0012
vn -0.0016 -0.9917 0.1287
vn -0.0000 -0.9920 0.1264
vn -0.0001 0.9929 -0.1191
vn -0.0000 0.9929 -0.1186
vn -0.0000 -0.9916 0.1295
vn -0.0009 -0.9914 0.1308
vn -0.0000 -0.9246 0.3809
vn -0.0000 -0.9916 0.1294
vn -0.0000 -0.9918 -0.1279
vn -0.0014 -1.0000 0.0014
vn 0.0001 1.0000 0.0002
vn -0.0000 -0.7922 0.6102
vn -0.0012 -0.9642 0.2652
vn 0.0002 -0.9642 0.2653
vn -1.0000 0.0007 0.0015
vn -1.0000 -0.0000 0.0004
vn -1.0000 0.0001 0.0005
vn -1.0000 0.0003 0.0006
vn -1.0000 0.0002 0.0006
vn -0.0003 0.6344 0.7730
vn 0.0008 0.6403 0.7681
vn 0.0008 0.4714 0.8819
vn -0.0004 0.4636 0.8860
vn -0.0000 0.7730 0.6344
vn -0.0003 0.7714 0.6363
vn -1.0000 -0.0003 0.0011
vn -1.0000 0.0006 0.0007
vn 0.0001 -0.9643 0.2650
vn 0.0002 -0.9642 0.2651
vn -0.0237 -0.9636 0.2664
vn -0.0000 -0.9642 0.2653
vn -0.0001 0.9637 -0.2669
vn -0.0000 0.9638 -0.2668
vn -0.0000 -0.9643 0.2650
vn -0.0000 -0.9642 0.2652
vn 0.0071 -0.9638 0.2664
vn -0.0000 -0.7934 0.6088
vn -0.0000 -0.9239 0.3827
vn -0.0000 -0.9239 -0.3827
vn -0.0000 -0.7934 -0.6088
vn -0.0000 -0.9914 -0.1305
vn -0.0000 -0.9914 0.1305
vn 0.0002 -0.5391 0.8422
vn -0.0001 0.1992 0.9799
vn 0.0001 -0.1997 0.9799
vn -0.0004 0.7103 0.7039
vn -0.0000 0.7125 0.7016
vn -0.0000 -0.0000 1.0000
vn 0.0003 0.4537 -0.8911
vn -0.0078 0.3991 -0.9169
vn -0.0001 0.3365 0.9417
vn -0.0002 0.3358 0.9419
vn 0.0002 -0.5201 0.8541
vn -0.0000 -0.5193 0.8546
vn 0.0001 0.9134 0.4072
vn -0.0000 0.9131 0.4077
vn -0.0001 0.9356 -0.3530
vn 0.0003 0.9347 -0.3554
vn 0.0001 -0.4000 0.9165
vn -0.0060 0.6938 -0.7202
vn 0.0002 0.7273 -0.6863
vn -0.0001 -0.4499 -0.8931
vn -0.0002 -0.4503 -0.8929
vn -0.0000 -0.0000 -1.0000
vn -0.0001 -0.3933 -0.9194
vn 0.0021 -0.7881 0.6155
vn 0.0018 -0.6444 0.7647
vn 0.0002 -0.6355 0.7721
vn 0.0004 1.0000 0.0008
vn 0.0013 -0.9239 0.3827
vn 0.0001 -0.9257 0.3782
vn -1.0000 -0.0003 0.0001
vn 0.0001 -0.9915 0.1301
vn 0.0002 1.0000 0.0002
vn -0.0001 -1.0000 -0.0002
vn 0.0004 1.0000 0.0002
vn 0.0001 1.0000 -0.0019
vn -0.0000 1.0000 0.0010
vn 0.0002 1.0000 0.0001
vn -0.0016 1.0000 -0.0000
vn -0.0002 1.0000 0.0001
vn -0.0001 -0.1997 -0.9799
vn -0.0001 -0.1992 -0.9799
vn 0.0020 -0.6458 -0.7635
vn -0.0002 -0.6333 -0.7739
vn 0.0002 0.5391 -0.8422
vn -0.0000 -0.7933 -0.6088
vn 0.0001 0.1992 -0.9799
vn 0.0001 0.1997 -0.9799
vn -0.0002 -0.5391 -0.8422
vn -0.0002 0.5391 0.8422
vn -0.0001 0.8381 -0.5456
vn 0.0003 0.8367 -0.5476
vn 0.0001 0.8346 0.5508
vn -0.0003 0.8360 0.5488
vn -0.0000 -0.1544 0.9880
vn -0.0000 0.1547 0.9880
vn -0.0000 0.1243 -0.9922
vn -0.0000 0.3734 0.9277
vn -0.0000 -0.6088 0.7934
vn -0.0000 -0.3734 0.9277
vn -0.0000 -0.1241 0.9923
vn -0.0000 0.6174 0.7867
vn -0.0000 0.3917 0.9201
vn -0.0000 0.1243 0.9922
vn -0.0000 -0.6027 0.7980
vn -0.0000 -0.3997 0.9166
vn 0.0001 0.9808 -0.1951
vn -0.0001 0.9810 -0.1939
vn -0.0000 -0.1241 -0.9923
vn -0.0000 -0.3734 -0.9277
vn -0.0000 0.3822 -0.9241
vn -0.0000 -0.6152 -0.7884
vn -0.0000 -0.5999 0.8001
vn -0.0000 -0.6179 -0.7863
vn -0.0000 0.3734 -0.9277
vn -0.0000 0.3997 0.9166
vn -0.0000 0.5999 0.8001
vn -0.0000 0.6179 -0.7863
vn -0.0000 -0.6004 -0.7997
vn -0.0000 -0.6174 0.7867
vn -0.0000 -0.3997 -0.9166
vn -0.0000 0.3887 -0.9214
vn -0.0001 0.9808 0.1951
vn 0.0001 0.9806 0.1962
vn 0.0001 0.9997 0.0230
vn -0.0001 0.9998 0.0218
vn -1.0000 0.0001 -0.0000
vn -1.0000 -0.0000 -0.0001
vn -1.0000 -0.0000 -0.0002
vn -1.0000 -0.0000 0.0001
vn -0.0000 0.8419 -0.5396
vn -0.0000 0.9707 -0.2402
vn -1.0000 0.0001 -0.0002
vn 1.0000 -0.0017 -0.0005
vn 1.0000 -0.0000 -0.0007
vn 1.0000 -0.0002 -0.0001
vn -0.0000 -0.8458 -0.5334
vn -0.0004 -0.8436 -0.5369
vn 1.0000 0.0023 -0.0010
vn 1.0000 0.0042 -0.0027
vn 1.0000 -0.0008 0.0012
vn -0.0000 0.6573 0.7536
vn -0.0003 0.4079 0.9130
vn -0.0000 0.3988 0.9170
vn -0.0000 0.4099 0.9121
vn -0.0000 0.4098 0.9122
vn -0.0000 -0.6574 -0.7535
vn -0.0000 1.0000 -0.0000
vn -0.0000 -0.4155 -0.9096
vn -0.0000 -0.1437 -0.9896
vn -0.0000 0.6538 -0.7566
vn -0.0000 0.1585 0.9874
vn -0.0000 -0.8426 -0.5385
vn -0.0000 -0.8422 -0.5391
vn 0.0480 -0.4557 0.8889
vn 0.0616 -0.6321 0.7724
vn 0.0485 -0.1579 0.9863
vn 0.0477 -0.1467 0.9880
vn 0.0485 0.1550 0.9867
vn 0.0485 0.1542 0.9869
vn 0.0609 -0.8961 0.4396
vn 0.0599 -0.6996 0.7121
vn 0.0610 -0.8925 0.4468
vn -0.0000 -0.3139 0.9495
vn 0.0606 -0.8907 0.4506
vn 0.0611 -0.7106 0.7010
vn 0.0493 0.7078 0.7047
vn 0.0491 0.7068 0.7058
vn -0.8643 0.0023 -0.5030
vn -0.8660 0.0038 -0.5001
vn -0.8602 -0.0049 -0.5099
vn -0.8637 0.0015 -0.5041
vn 0.0431 0.5620 0.8260
vn 0.0508 0.6089 0.7916
vn 0.0439 0.3709 0.9276
vn -0.0032 0.7075 0.7067
vn -0.0035 0.7073 0.7069
vn -0.0011 0.7087 0.7055
vn -0.0003 0.7073 0.7069
vn -1.0000 -0.0001 0.0001
vn 0.0595 0.9827 0.1753
vn 0.0610 0.9860 0.1555
vn -0.0000 -0.9305 -0.3663
vn -0.0000 -0.6532 -0.7572
vn 1.0000 -0.0009 0.0049
vn 1.0000 -0.0015 0.0016
vn -0.8652 0.0023 -0.5014
vn -0.8645 0.0028 -0.5025
vn 0.0605 -0.9855 0.1584
vn 0.0607 -0.9860 0.1555
vn 0.0586 -0.9859 -0.1570
vn 0.0608 -0.9813 -0.1827
vn -0.8628 0.0032 -0.5055
vn -0.8653 0.0035 -0.5012
vn 0.0714 0.9848 0.1584
vn 0.0610 0.9847 -0.1631
vn 0.0603 0.9862 -0.1543
vn 0.0581 0.8582 0.5100
vn 0.0493 0.8921 0.4491
vn -0.0000 -0.9598 -0.2807
vn -0.0000 -0.8400 -0.5427
vn -0.0003 -0.9599 -0.2805
vn -0.0000 -0.9600 -0.2800
vn -0.0003 -0.9651 -0.2620
vn -1.0000 -0.0011 0.0030
vn -1.0000 -0.0013 0.0028
vn -0.0001 -0.9586 0.2847
vn -0.0000 -0.9588 0.2842
vn -0.0000 0.6544 -0.7561
vn -0.0000 -0.8403 0.5421
vn -0.0000 -0.6563 -0.7545
vn 1.0000 0.0004 0.0008
vn 1.0000 0.0011 0.0013
vn 1.0000 0.0041 0.0027
vn 1.0000 -0.0001 0.0003
vn 1.0000 -0.0002 0.0002
vn 1.0000 0.0001 0.0006
vn 1.0000 -0.0001 0.0004
vn -0.0000 -0.6559 -0.7549
vn 0.0002 -0.6563 -0.7545
vn 1.0000 -0.0000 0.0015
vn 1.0000 -0.0002 0.0001
vn -0.0000 0.8392 0.5439
vn -0.0000 0.9598 0.2807
vn -0.0000 0.9598 0.2806
vn -0.0000 0.8400 -0.5427
vn -0.0000 0.1432 -0.9897
vn -0.0000 0.4169 -0.9090
vn -0.0000 0.4169 -0.9089
vn -0.0000 0.8417 -0.5400
vn 0.0001 0.9591 -0.2831
vn -0.0000 0.9591 -0.2832
vn 1.0000 0.0039 -0.0002
vn 0.0001 0.9599 -0.2802
vn -0.0000 0.9599 -0.2803
vn -0.0000 -0.4009 0.9161
vn -0.0007 -0.3962 0.9182
vn -0.0000 -0.1640 0.9865
vn -0.0000 -0.1641 0.9865
vn -0.0006 -0.6621 0.7494
vn -0.0000 -0.6652 0.7466
vn -1.0000 -0.0004 -0.0030
vn -1.0000 -0.0010 -0.0023
vn -1.0000 -0.0001 -0.0001
vn -1.0000 -0.0001 -0.0000
vn -0.0000 0.5302 -0.8479
vn -0.0000 0.5306 -0.8476
vn -0.0000 0.5317 -0.8470
vn -0.0001 0.5301 -0.8479
vn 0.0002 -0.8333 -0.5529
vn -0.0000 -0.8342 -0.5515
vn 0.0001 -0.7172 -0.6969
vn -0.0003 -0.7193 -0.6946
vn -0.0000 -0.7164 0.6977
vn -0.0000 -0.5289 0.8487
vn -0.0002 0.8461 -0.5330
vn -0.0000 0.8469 -0.5318
vn -0.0002 0.3433 -0.9392
vn -0.0001 0.3449 -0.9387
vn -0.0001 0.7152 -0.6989
vn -0.0002 0.7145 -0.6996
vn -0.0000 -0.8464 0.5326
vn -0.0003 -0.5116 -0.8592
vn -0.0002 -0.5107 -0.8597
vn 0.0002 -0.9215 0.3885
vn -0.0000 -0.9216 0.3882
vn 1.0000 0.0061 -0.0017
vn 1.0000 0.0078 -0.0017
vn -0.0001 -0.0920 -0.9958
vn -0.0002 -0.3417 -0.9398
vn -0.0001 -0.3411 -0.9400
vn -0.0001 0.1047 -0.9945
vn -0.0002 0.1038 -0.9946
vn 0.0045 0.3427 0.9394
vn -0.0000 0.3367 0.9416
vn -0.0000 0.5124 0.8587
vn -0.0000 0.5125 0.8587
vn 0.0047 0.0890 0.9960
vn -0.0000 0.0957 0.9954
vn -0.0000 -0.3488 0.9372
vn -0.0000 0.7189 0.6952
vn -0.0000 -0.1025 0.9947
vn -0.0000 0.8312 0.5560
vn 1.0000 -0.0001 0.0002
vn 1.0000 -0.0002 0.0003
vn 1.0000 -0.0000 0.0002
vn 1.0000 0.0001 0.0002
vn 0.0001 0.9872 0.1592
vn 0.0003 0.9780 0.2087
vn -0.0001 -0.9494 -0.3141
vn 0.0002 -0.9487 -0.3163
vn -0.0002 -0.9851 0.1722
vn -0.0000 -0.9853 0.1706
vn -0.0000 -0.8820 0.4712
vn -0.0000 -0.9571 0.2897
vn 1.0000 0.0001 0.0001
vn 1.0000 -0.0009 0.0014
vn -0.0000 0.9950 0.1001
vn -0.0000 0.9978 0.0660
vn 0.0002 -0.9221 0.3870
vn -0.0001 0.9215 -0.3884
vn -0.0000 0.9218 -0.3876
vn -0.0008 0.9806 0.1962
vn -0.0000 0.9803 0.1975
vn -0.0001 -0.9804 -0.1971
vn -0.0000 0.9505 0.3107
vn -0.0000 0.8822 0.4708
vn -0.0000 0.9571 0.2897
vn 1.0000 -0.0003 0.0003
vn 1.0000 0.0028 0.0004
vn -0.0007 -0.8460 0.5332
vn 0.0002 -0.8467 0.5320
vn 0.0002 0.9709 -0.2393
vn -0.0002 0.9713 -0.2378
vn -0.0001 0.9709 0.2393
vn 0.0002 0.9713 0.2379
vn 0.0006 0.7485 0.6631
vn -0.0000 0.7467 0.6652
vn -0.9544 0.2134 -0.2086
vn -0.9540 0.2141 -0.2097
vn -0.9542 0.2138 -0.2094
vn -0.9541 0.2141 -0.2095
vn 0.0002 0.8855 0.4647
vn 0.0005 0.8862 0.4633
vn -0.9536 0.2150 -0.2107
vn -0.9541 0.2141 -0.2096
vn -0.0002 0.7469 -0.6650
vn -0.0000 0.7466 -0.6653
vn -0.0003 0.5791 -0.8153
vn -0.9547 0.2133 -0.2077
vn -0.9544 0.2124 -0.2099
vn -0.9542 0.2146 -0.2087
vn -0.0000 0.8864 -0.4629
vn 0.0001 0.8863 -0.4631
vn -0.0004 0.5680 -0.8230
vn -0.0000 0.5674 -0.8234
vn 0.0007 0.8854 -0.4647
vn 0.0001 0.8866 -0.4626
vn -0.0002 -0.9848 0.1737
vn -0.0000 -0.9848 0.1735
vn -0.9547 0.2124 -0.2086
vn -0.9537 0.2153 -0.2100
vn -0.9544 0.2136 -0.2084
vn -0.9543 0.2139 -0.2088
vn -0.9542 0.2138 -0.2093
vn -0.9545 0.2136 -0.2081
vn -0.0000 0.3547 -0.9350
vn -0.0000 0.1210 -0.9927
vn -0.0000 -0.1205 -0.9927
vn -0.0000 -0.3560 -0.9345
vn -0.0000 -0.5680 -0.8231
vn -0.0000 -0.5680 -0.8230
vn -0.0000 -0.1736 0.9848
vn 0.0002 -0.1737 0.9848
vn 0.0003 -0.1736 0.9848
vn -0.0005 -0.1740 0.9848
vn 0.0001 0.5123 0.8588
vn 0.0001 0.5124 0.8587
vn 0.0004 -0.7446 -0.6675
vn -0.0000 -0.7465 -0.6654
vn 0.0004 0.9496 0.3135
vn 0.0001 0.9494 0.3140
vn 0.0001 0.9809 0.1947
vn 0.0006 0.8321 0.5547
vn 0.0007 0.8322 0.5545
vn 0.0001 0.7172 0.6969
vn 0.0005 0.7179 0.6962
s 0
f 1140//587 1141//587 1138//587
f 1140//587 1138//587 1139//587
f 1142//588 1143//588 672//588
f 1142//588 672//588 670//588
f 1136//588 1139//588 1138//588
f 1136//588 1138//588 1137//588
f 1136//589 1137//589 1134//589
f 1136//589 1134//589 1135//589
f 1119//588 1118//588 1117//588
f 1119//588 1117//588 1116//588
f 1126//588 1131//588 1130//588
f 1126//588 1130//588 1127//588
f 1121//590 1132//590 1133//590
f 1121//590 1133//590 1118//590
f 673//591 1148//591 1110//591
f 673//591 1110//591 671//591
f 671//592 1144//592 1147//592
f 671//592 1147//592 673//592
f 1134//592 1141//592 1140//592
f 1134//592 1140//592 1135//592
f 1109//591 1148//591 673//591
f 1109//591 673//591 670//591
f 672//593 1143//593 1144//593
f 672//594 1144//594 671//594
f 1145//595 1146//595 1144//595
f 1145//595 1144//595 1143//595
f 1147//596 1142//596 670//596
f 1147//596 670//596 673//596
f 1111//592 1110//592 1105//592
f 1111//592 1105//592 1104//592
f 672//597 1113//597 1107//597
f 672//597 1107//597 670//597
f 1112//597 1113//597 672//597
f 1112//591 672//591 671//591
f 1111//597 1112//597 671//597
f 1111//591 671//591 1110//591
f 1105//598 1106//598 1103//598
f 1105//599 1103//599 1104//599
f 1107//591 1108//591 1109//591
f 1107//600 1109//600 670//600
f 1106//588 1108//588 1107//588
f 1106//588 1107//588 1103//588
f 1126//601 1127//601 1125//601
f 1126//601 1125//601 1124//601
f 1128//590 1129//590 1126//590
f 1128//590 1126//590 1124//590
f 1130//602 1131//602 1123//602
f 1130//602 1123//602 1122//602
f 1124//592 1125//592 1122//592
f 1124//592 1122//592 1123//592
f 1116//603 1117//603 1114//603
f 1116//603 1114//603 1115//603
f 1120//604 1121//604 1118//604
f 1120//604 1118//604 1119//604
f 1114//592 1121//592 1120//592
f 1114//592 1120//592 1115//592
f 732//605 733//605 696//605
f 732//606 696//606 695//606
f 733//607 728//607 691//607
f 733//607 691//607 696//607
f 731//592 730//592 676//592
f 731//592 676//592 681//592
f 690//608 731//608 681//608
f 690//609 681//609 688//609
f 691//610 728//610 729//610
f 691//610 729//610 692//610
f 689//611 730//611 731//611
f 689//611 731//611 690//611
f 692//612 729//612 730//612
f 692//612 730//612 689//612
f 686//588 685//588 688//588
f 710//613 709//613 1182//613
f 710//614 1182//614 695//614
f 695//615 1182//615 1181//615
f 695//616 1181//616 732//616
f 680//617 686//617 688//617
f 680//617 688//617 681//617
f 676//592 730//592 729//592
f 676//592 729//592 728//592
f 728//592 733//592 716//592
f 728//592 716//592 676//592
f 732//618 1181//618 716//618
f 732//592 716//592 733//592
f 1166//619 1167//619 721//619
f 1166//620 721//620 1161//620
f 719//621 711//621 707//621
f 719//621 707//621 693//621
f 721//619 1167//619 1168//619
f 721//622 1168//622 727//622
f 725//588 1163//588 1164//588
f 725//588 1164//588 726//588
f 1162//623 1163//623 725//623
f 1162//623 725//623 724//623
f 1164//624 1161//624 720//624
f 1164//625 720//625 726//625
f 1164//625 1165//625 1161//625
f 1177//592 1176//592 1171//592
f 1177//592 1171//592 1170//592
f 1175//626 1174//626 1179//626
f 1175//626 1179//626 1180//626
f 1172//588 1175//588 1180//588
f 1172//588 1180//588 1169//588
f 1177//626 1178//626 1173//626
f 1177//626 1173//626 1176//626
f 1168//592 1162//592 724//592
f 1168//592 724//592 727//592
f 1171//627 1172//627 1169//627
f 1171//627 1169//627 1170//627
f 1175//626 1176//626 1173//626
f 1175//626 1173//626 1174//626
f 745//628 747//628 748//628
f 745//629 748//629 746//629
f 746//630 748//630 744//630
f 746//631 744//631 743//631
f 1188//632 1189//632 747//632
f 1188//633 747//633 745//633
f 1187//634 745//634 746//634
f 1187//635 746//635 743//635
f 736//588 743//588 742//588
f 736//588 742//588 739//588
f 736//588 739//588 738//588
f 735//636 1185//636 736//636
f 735//588 736//588 738//588
f 741//637 744//637 748//637
f 741//638 748//638 740//638
f 1189//639 1184//639 1183//639
f 1189//640 1183//640 747//640
f 1191//639 1184//639 1189//639
f 737//641 740//641 748//641
f 1190//642 1187//642 736//642
f 1190//643 736//643 1186//643
f 1188//644 745//644 1187//644
f 748//645 747//645 1183//645
f 748//646 1183//646 737//646
f 710//588 695//588 694//588
f 1183//647 1184//647 1160//647
f 1183//648 1160//648 1159//648
f 735//649 1183//649 1185//649
f 734//650 1182//650 709//650
f 734//588 709//588 712//588
f 716//651 1181//651 1151//651
f 716//651 1151//651 702//651
f 704//652 734//652 712//652
f 704//652 712//652 705//652
f 1151//653 1182//653 734//653
f 1151//654 734//654 704//654
f 743//655 744//655 741//655
f 743//656 741//656 742//656
f 739//657 742//657 741//657
f 739//658 741//658 740//658
f 1187//659 743//659 736//659
f 739//660 740//660 737//660
f 739//661 737//661 738//661
f 1185//662 1158//662 1186//662
f 1185//663 1186//663 736//663
f 1158//664 1185//664 1159//664
f 1158//665 1159//665 714//665
f 737//666 1183//666 735//666
f 737//667 735//667 738//667
f 704//668 705//668 703//668
f 704//669 703//669 1151//669
f 701//670 1149//670 699//670
f 701//671 699//671 700//671
f 699//672 1149//672 698//672
f 701//673 1151//673 703//673
f 699//674 698//674 697//674
f 699//674 697//674 677//674
f 700//675 699//675 677//675
f 700//676 677//676 676//676
f 702//677 1151//677 701//677
f 702//678 701//678 700//678
f 709//679 710//679 694//679
f 709//680 694//680 708//680
f 707//592 711//592 697//592
f 697//681 1150//681 1152//681
f 697//682 1152//682 707//682
f 1152//683 1153//683 706//683
f 693//684 707//684 1152//684
f 693//685 1152//685 706//685
f 706//588 694//588 693//588
f 1153//686 708//686 694//686
f 1153//687 694//687 706//687
f 678//688 683//688 684//688
f 678//688 684//688 679//688
f 684//588 683//588 685//588
f 679//689 684//689 685//689
f 679//689 685//689 682//689
f 679//592 682//592 676//592
f 676//592 677//592 674//592
f 676//592 674//592 675//592
f 678//592 679//592 676//592
f 678//592 676//592 675//592
f 676//592 682//592 680//592
f 676//592 680//592 681//592
f 694//588 695//588 687//588
f 694//588 687//588 693//588
f 695//588 696//588 691//588
f 695//588 691//588 687//588
f 1149//690 1150//690 697//690
f 1149//691 697//691 698//691
f 691//588 692//588 689//588
f 691//588 689//588 687//588
f 682//692 685//692 686//692
f 682//692 686//692 680//692
f 687//588 688//588 685//588
f 687//588 685//588 683//588
f 689//588 690//588 688//588
f 689//588 688//588 687//588
f 723//592 722//592 677//592
f 723//592 677//592 721//592
f 711//592 721//592 677//592
f 711//592 677//592 697//592
f 1106//693 1105//693 724//693
f 1106//693 724//693 725//693
f 677//694 722//694 1148//694
f 677//695 1148//695 674//695
f 693//588 687//588 719//588
f 720//696 1161//696 719//696
f 720//588 719//588 687//588
f 719//697 1161//697 721//697
f 719//698 721//698 711//698
f 724//592 1105//592 1110//592
f 724//592 1110//592 727//592
f 722//699 1110//699 1148//699
f 723//700 721//700 727//700
f 723//701 727//701 1110//701
f 723//702 1110//702 722//702
f 687//703 1108//703 726//703
f 687//612 726//612 720//612
f 1108//588 1106//588 725//588
f 1108//588 725//588 726//588
f 687//704 1109//704 1108//704
f 714//705 1159//705 1160//705
f 714//706 1160//706 1156//706
f 713//707 715//707 701//707
f 713//708 701//708 703//708
f 1149//709 701//709 715//709
f 1149//710 715//710 1153//710
f 708//711 1153//711 715//711
f 708//588 715//588 713//588
f 708//588 713//588 712//588
f 708//588 712//588 709//588
f 1156//712 1157//712 1154//712
f 1156//712 1154//712 1155//712
f 1155//713 1158//713 714//713
f 1155//714 714//714 1156//714
f 1148//715 1109//715 718//715
f 1148//715 718//715 674//715
f 718//716 1109//716 687//716
f 718//588 687//588 683//588
f 717//588 718//588 683//588
f 675//717 717//717 683//717
f 675//717 683//717 678//717
f 705//718 712//718 713//718
f 705//718 713//718 703//718
f 676//719 716//719 702//719
f 676//719 702//719 700//719
f 674//720 718//720 717//720
f 674//720 717//720 675//720
f 1232//721 1231//721 1230//721
f 1232//721 1230//721 1229//721
f 793//722 775//722 804//722
f 793//722 804//722 758//722
f 804//723 775//723 766//723
f 804//723 766//723 759//723
f 1123//595 1131//595 1227//595
f 1123//595 1227//595 1228//595
f 1229//724 1230//724 1228//724
f 1229//724 1228//724 1227//724
f 1231//725 1232//725 1226//725
f 1231//725 1226//725 1225//725
f 805//726 806//726 759//726
f 805//726 759//726 766//726
f 807//592 756//592 755//592
f 756//727 807//727 808//727
f 756//727 808//727 771//727
f 808//728 807//728 755//728
f 808//728 755//728 770//728
f 806//729 805//729 770//729
f 806//729 770//729 755//729
f 804//592 759//592 758//592
f 806//592 755//592 759//592
f 801//730 803//730 802//730
f 801//730 802//730 800//730
f 794//588 774//588 776//588
f 795//588 772//588 774//588
f 1216//731 1217//731 1214//731
f 1216//731 1214//731 1215//731
f 750//732 779//732 772//732
f 750//732 772//732 754//732
f 754//733 772//733 795//733
f 754//733 795//733 753//733
f 779//588 773//588 772//588
f 1217//734 1218//734 1219//734
f 1217//734 1219//734 1214//734
f 1225//735 1226//735 1222//735
f 1225//735 1222//735 1221//735
f 798//736 799//736 796//736
f 798//736 796//736 797//736
f 796//737 801//737 800//737
f 796//737 800//737 797//737
f 1218//738 1220//738 1200//738
f 1218//738 1200//738 1219//738
f 785//739 1200//739 1220//739
f 785//740 1220//740 1194//740
f 1223//741 1224//741 1221//741
f 1223//741 1221//741 1222//741
f 808//588 770//588 771//588
f 823//592 824//592 813//592
f 823//592 813//592 809//592
f 1211//742 1210//742 825//742
f 1211//743 825//743 821//743
f 820//744 821//744 825//744
f 820//745 825//745 819//745
f 817//592 819//592 823//592
f 817//592 823//592 818//592
f 797//592 800//592 823//592
f 797//592 823//592 798//592
f 823//592 809//592 812//592
f 823//592 812//592 798//592
f 825//592 823//592 819//592
f 823//746 826//746 822//746
f 823//747 822//747 824//747
f 824//748 822//748 814//748
f 824//749 814//749 813//749
f 1233//750 1234//750 826//750
f 1233//751 826//751 823//751
f 825//752 1210//752 1233//752
f 825//753 1233//753 823//753
f 826//588 821//588 822//588
f 826//754 1234//754 1211//754
f 826//754 1211//754 821//754
f 802//592 818//592 823//592
f 802//592 823//592 800//592
f 813//755 814//755 810//755
f 813//755 810//755 809//755
f 812//756 811//756 799//756
f 812//757 799//757 798//757
f 817//758 818//758 815//758
f 817//758 815//758 816//758
f 805//588 766//588 770//588
f 793//588 776//588 775//588
f 811//759 812//759 809//759
f 811//760 809//760 810//760
f 816//761 820//761 819//761
f 816//762 819//762 817//762
f 821//588 801//588 796//588
f 821//588 796//588 799//588
f 821//588 815//588 803//588
f 821//588 803//588 801//588
f 821//588 820//588 816//588
f 821//588 816//588 815//588
f 803//763 815//763 818//763
f 803//764 818//764 802//764
f 811//588 810//588 821//588
f 811//588 821//588 799//588
f 814//588 822//588 821//588
f 814//588 821//588 810//588
f 780//765 773//765 779//765
f 780//765 779//765 750//765
f 773//766 780//766 749//766
f 773//766 749//766 777//766
f 780//592 750//592 749//592
f 778//592 763//592 757//592
f 778//592 757//592 751//592
f 764//588 768//588 765//588
f 771//767 1113//767 1112//767
f 771//767 1112//767 756//767
f 781//592 749//592 752//592
f 781//768 767//768 777//768
f 781//768 777//768 749//768
f 1192//769 1193//769 783//769
f 1192//770 783//770 784//770
f 1194//771 1192//771 784//771
f 1194//772 784//772 785//772
f 757//773 765//773 782//773
f 757//773 782//773 752//773
f 782//588 765//588 767//588
f 752//774 782//774 767//774
f 752//774 767//774 781//774
f 773//588 777//588 767//588
f 773//588 767//588 766//588
f 752//592 751//592 757//592
f 751//592 758//592 759//592
f 751//592 759//592 755//592
f 760//592 761//592 758//592
f 760//592 758//592 751//592
f 751//592 752//592 749//592
f 751//592 749//592 750//592
f 750//592 754//592 753//592
f 750//592 753//592 751//592
f 756//775 1112//775 751//775
f 756//592 751//592 755//592
f 753//592 762//592 760//592
f 753//592 760//592 751//592
f 769//776 1113//776 771//776
f 769//588 771//588 770//588
f 766//588 774//588 772//588
f 766//588 772//588 773//588
f 775//588 776//588 774//588
f 775//588 774//588 766//588
f 764//777 765//777 757//777
f 764//777 757//777 763//777
f 765//588 768//588 766//588
f 765//588 766//588 767//588
f 769//588 770//588 766//588
f 769//588 766//588 768//588
f 1193//778 1195//778 786//778
f 1193//779 786//779 783//779
f 1103//588 1107//588 791//588
f 1103//588 791//588 790//588
f 769//780 1107//780 1113//780
f 751//781 1111//781 792//781
f 751//782 792//782 778//782
f 1203//592 1208//592 792//592
f 1203//592 792//592 789//592
f 1104//783 1103//783 790//783
f 1104//784 790//784 789//784
f 768//785 791//785 1107//785
f 768//786 1107//786 769//786
f 792//592 1111//592 1104//592
f 792//592 1104//592 789//592
f 760//787 794//787 776//787
f 760//787 776//787 761//787
f 762//788 774//788 794//788
f 762//788 794//788 760//788
f 753//789 795//789 774//789
f 753//789 774//789 762//789
f 751//790 1112//790 1111//790
f 1212//791 1213//791 1210//791
f 1212//791 1210//791 1211//791
f 776//792 793//792 758//792
f 776//792 758//792 761//792
f 1209//793 1204//793 792//793
f 1209//794 792//794 1208//794
f 1200//795 785//795 1201//795
f 1201//796 785//796 784//796
f 1201//797 784//797 783//797
f 786//798 788//798 1201//798
f 786//799 1201//799 783//799
f 1196//800 1197//800 787//800
f 1196//801 787//801 788//801
f 1195//802 1196//802 788//802
f 1195//803 788//803 786//803
f 1197//804 1198//804 1199//804
f 1197//805 1199//805 787//805
f 787//806 1199//806 1201//806
f 787//807 1201//807 788//807
f 1206//808 764//808 1205//808
f 1206//809 1205//809 1207//809
f 791//588 1206//588 1202//588
f 791//588 1202//588 790//588
f 1204//810 763//810 778//810
f 1204//811 778//811 792//811
f 1202//812 1203//812 789//812
f 1202//813 789//813 790//813
f 763//809 1204//809 1205//809
f 763//814 1205//814 764//814
f 1206//815 791//815 768//815
f 1206//816 768//816 764//816
f 1290//817 1291//817 1288//817
f 1290//817 1288//817 1289//817
f 1289//818 1292//818 1293//818
f 1289//818 1293//818 1290//818
f 1280//819 1286//819 1285//819
f 1280//819 1285//819 1281//819
f 1282//818 1283//818 1279//818
f 1282//818 1279//818 1278//818
f 1286//820 1287//820 1284//820
f 1286//820 1284//820 1285//820
f 1294//821 1295//821 1275//821
f 1294//821 1275//821 1274//821
f 855//588 1297//588 1296//588
f 855//588 1296//588 856//588
f 859//588 1297//588 855//588
f 859//588 855//588 860//588
f 857//588 858//588 855//588
f 857//588 855//588 854//588
f 1295//822 1294//822 1293//822
f 1295//822 1293//822 1292//822
f 854//588 855//588 856//588
f 1272//820 1273//820 1270//820
f 1272//820 1270//820 1271//820
f 1274//819 1275//819 1273//819
f 1274//819 1273//819 1272//819
f 834//588 849//588 841//588
f 834//588 841//588 840//588
f 1269//588 1264//588 834//588
f 1269//588 834//588 1263//588
f 839//588 1263//588 834//588
f 839//588 834//588 840//588
f 851//823 852//823 833//823
f 851//823 833//823 832//823
f 1278//822 1279//822 1276//822
f 1278//822 1276//822 1277//822
f 1280//821 1281//821 1277//821
f 1280//821 1277//821 1276//821
f 853//824 850//824 846//824
f 853//824 846//824 845//824
f 833//592 852//592 853//592
f 833//592 853//592 845//592
f 850//825 853//825 852//825
f 850//825 852//825 851//825
f 830//588 1237//588 855//588
f 830//588 855//588 861//588
f 864//592 873//592 872//592
f 864//592 872//592 868//592
f 869//826 868//826 854//826
f 869//827 854//827 856//827
f 872//828 873//828 858//828
f 872//828 858//828 857//828
f 871//829 866//829 863//829
f 871//830 863//830 860//830
f 868//831 872//831 857//831
f 868//832 857//832 854//832
f 861//833 864//833 831//833
f 861//834 831//834 830//834
f 856//835 1296//835 1298//835
f 856//836 1298//836 869//836
f 1300//817 1301//817 1283//817
f 1300//817 1283//817 1282//817
f 865//837 1299//837 1297//837
f 865//838 1297//838 859//838
f 873//839 864//839 861//839
f 873//839 861//839 858//839
f 860//840 863//840 865//840
f 860//841 865//841 859//841
f 866//592 867//592 864//592
f 866//592 864//592 863//592
f 864//592 1298//592 1299//592
f 864//592 1299//592 865//592
f 863//592 864//592 865//592
f 861//588 855//588 858//588
f 862//842 855//842 1237//842
f 862//843 1237//843 828//843
f 869//592 1298//592 864//592
f 869//592 864//592 868//592
f 866//844 871//844 870//844
f 866//844 870//844 867//844
f 855//588 870//588 871//588
f 855//588 871//588 860//588
f 867//845 870//845 855//845
f 867//845 855//845 862//845
f 831//592 864//592 862//592
f 831//592 862//592 828//592
f 862//592 864//592 867//592
f 832//588 1238//588 1239//588
f 832//588 1239//588 834//588
f 1241//817 1242//817 1240//817
f 1241//846 1240//846 835//846
f 829//847 1238//847 832//847
f 829//848 832//848 833//848
f 831//849 828//849 1176//849
f 827//598 1239//598 1234//598
f 827//791 1234//791 1233//791
f 1243//850 1241//850 835//850
f 1243//851 835//851 836//851
f 1248//820 1249//820 1224//820
f 1248//820 1224//820 1223//820
f 1249//819 1248//819 1247//819
f 1249//819 1247//819 1246//819
f 1246//821 1247//821 1245//821
f 1246//821 1245//821 1244//821
f 835//852 1240//852 1244//852
f 835//852 1244//852 836//852
f 1244//822 1245//822 1243//822
f 1244//853 1243//853 836//853
f 1236//588 1212//588 1175//588
f 1236//588 1175//588 1172//588
f 1213//791 1176//791 1210//791
f 1175//854 1211//854 1234//854
f 1175//791 1234//791 1237//791
f 1235//855 1236//855 1172//855
f 1235//855 1172//855 1171//855
f 1212//791 1211//791 1175//791
f 1233//791 1210//791 1176//791
f 1233//856 1176//856 827//856
f 830//791 1175//791 1237//791
f 831//857 1176//857 1175//857
f 831//858 1175//858 830//858
f 1237//791 1238//791 829//791
f 1237//859 829//859 828//859
f 829//860 827//860 1176//860
f 829//861 1176//861 828//861
f 1176//592 1213//592 1235//592
f 1176//592 1235//592 1171//592
f 1252//821 1253//821 1250//821
f 1252//821 1250//821 1251//821
f 833//592 1265//592 1268//592
f 833//592 1268//592 1262//592
f 843//592 1265//592 833//592
f 843//592 833//592 845//592
f 833//592 1262//592 838//592
f 833//592 838//592 837//592
f 841//862 849//862 848//862
f 841//863 848//863 842//863
f 834//864 1239//864 827//864
f 834//865 827//865 847//865
f 842//592 848//592 833//592
f 842//592 833//592 837//592
f 850//588 851//588 834//588
f 850//588 834//588 846//588
f 832//588 834//588 851//588
f 834//588 1264//588 844//588
f 834//588 844//588 846//588
f 847//592 833//592 848//592
f 829//592 833//592 847//592
f 829//592 847//592 827//592
f 1250//819 1260//819 1259//819
f 1250//819 1259//819 1251//819
f 839//866 840//866 837//866
f 839//866 837//866 838//866
f 1260//867 1261//867 1258//867
f 1260//867 1258//867 1259//867
f 1254//822 1255//822 1253//822
f 1254//822 1253//822 1252//822
f 1256//818 1257//818 1255//818
f 1256//818 1255//818 1254//818
f 840//868 841//868 842//868
f 840//869 842//869 837//869
f 1256//817 1267//817 1266//817
f 1256//817 1266//817 1257//817
f 847//870 848//870 849//870
f 847//870 849//870 834//870
f 845//871 846//871 844//871
f 845//871 844//871 843//871
f 838//872 1262//872 1263//872
f 838//873 1263//873 839//873
f 1264//874 1265//874 843//874
f 1264//875 843//875 844//875
f 1126//588 1242//588 1241//588
f 1126//588 1241//588 1243//588
f 913//876 916//876 917//876
f 913//876 917//876 914//876
f 914//877 917//877 918//877
f 914//877 918//877 912//877
f 1126//588 1243//588 1245//588
f 1126//588 1245//588 1247//588
f 1232//588 1229//588 1126//588
f 1232//588 1126//588 1226//588
f 1227//588 1131//588 1126//588
f 1227//588 1126//588 1229//588
f 1126//588 1247//588 1248//588
f 1126//588 1248//588 1223//588
f 1126//588 918//588 917//588
f 1126//588 917//588 916//588
f 918//588 1126//588 1129//588
f 922//878 923//878 920//878
f 922//878 920//878 921//878
f 919//588 1242//588 1126//588
f 919//588 1126//588 916//588
f 1129//879 1128//879 912//879
f 1129//879 912//879 918//879
f 915//880 1240//880 1242//880
f 915//880 1242//880 919//880
f 915//881 919//881 916//881
f 915//881 916//881 913//881
f 910//882 908//882 891//882
f 910//882 891//882 890//882
f 1224//592 1249//592 1124//592
f 1246//592 1244//592 1124//592
f 1246//592 1124//592 1249//592
f 908//881 910//881 907//881
f 908//881 907//881 906//881
f 889//592 911//592 1147//592
f 1142//883 1147//883 911//883
f 1142//883 911//883 909//883
f 909//879 911//879 889//879
f 909//879 889//879 888//879
f 1124//592 1230//592 1231//592
f 1124//592 1231//592 1225//592
f 1124//592 1123//592 1228//592
f 1124//592 1228//592 1230//592
f 1222//588 1226//588 1126//588
f 1222//588 1126//588 1223//588
f 1124//592 1225//592 1221//592
f 1124//592 1221//592 1224//592
f 1128//592 1124//592 1244//592
f 1128//592 1244//592 912//592
f 1244//592 913//592 914//592
f 1244//592 914//592 912//592
f 1244//592 1240//592 915//592
f 1244//592 915//592 913//592
f 934//588 1267//588 1118//588
f 934//588 1118//588 931//588
f 1118//588 932//588 928//588
f 1118//588 928//588 931//588
f 932//588 1118//588 1133//588
f 932//884 1133//884 1132//884
f 932//884 1132//884 933//884
f 1117//588 1118//588 921//588
f 930//882 931//882 928//882
f 930//882 928//882 929//882
f 932//885 933//885 929//885
f 932//885 929//885 928//885
f 1121//592 1266//592 935//592
f 1121//592 935//592 930//592
f 929//592 933//592 1121//592
f 929//592 1121//592 930//592
f 933//592 1132//592 1121//592
f 1257//592 1266//592 1121//592
f 1257//592 1121//592 1255//592
f 1266//886 1267//886 934//886
f 1266//886 934//886 935//886
f 930//887 935//887 934//887
f 930//887 934//887 931//887
f 1269//888 1263//888 1262//888
f 1269//889 1262//889 1268//889
f 1253//592 1255//592 1121//592
f 1253//592 1121//592 1250//592
f 926//592 1261//592 1121//592
f 926//592 1121//592 925//592
f 923//592 925//592 1121//592
f 923//592 1121//592 920//592
f 1121//592 1261//592 1260//592
f 1121//592 1260//592 1250//592
f 924//890 925//890 923//890
f 924//890 923//890 922//890
f 924//891 927//891 926//891
f 924//891 926//891 925//891
f 1114//892 1117//892 921//892
f 1114//892 921//892 920//892
f 1118//588 1267//588 1256//588
f 1118//588 1256//588 1254//588
f 1118//588 1258//588 927//588
f 1118//588 927//588 924//588
f 1118//588 924//588 922//588
f 1118//588 922//588 921//588
f 1118//588 1254//588 1252//588
f 1118//588 1252//588 1251//588
f 1114//592 920//592 1121//592
f 927//893 1258//893 1261//893
f 927//893 1261//893 926//893
f 1118//588 1251//588 1259//588
f 1118//588 1259//588 1258//588
f 1147//592 910//592 890//592
f 1147//592 890//592 889//592
f 881//891 880//891 875//891
f 881//891 875//891 874//891
f 890//885 891//885 888//885
f 890//885 888//885 889//885
f 1301//894 1300//894 892//894
f 1301//894 892//894 893//894
f 880//895 1284//895 1287//895
f 880//895 1287//895 875//895
f 877//890 883//890 881//890
f 877//890 881//890 874//890
f 876//878 887//878 883//878
f 876//878 883//878 877//878
f 878//896 879//896 887//896
f 878//896 887//896 876//896
f 886//897 897//897 896//897
f 886//897 896//897 885//897
f 1283//592 1301//592 1135//592
f 1283//592 1135//592 1279//592
f 1135//592 1301//592 893//592
f 1135//592 893//592 894//592
f 886//898 1136//898 1135//898
f 886//898 1135//898 897//898
f 882//887 894//887 893//887
f 882//887 893//887 892//887
f 884//882 895//882 894//882
f 884//882 894//882 882//882
f 885//885 896//885 895//885
f 885//885 895//885 884//885
f 1135//592 1140//592 878//592
f 1135//592 878//592 876//592
f 1140//899 1139//899 879//899
f 1140//899 879//899 878//899
f 882//588 1284//588 880//588
f 882//588 880//588 881//588
f 1135//592 876//592 877//592
f 1135//592 877//592 874//592
f 1135//592 1287//592 1286//592
f 1135//592 1286//592 1280//592
f 1276//592 1279//592 1135//592
f 1276//592 1135//592 1280//592
f 875//592 1287//592 1135//592
f 875//592 1135//592 874//592
f 885//588 884//588 1139//588
f 1139//588 1136//588 886//588
f 1139//588 886//588 885//588
f 882//588 883//588 887//588
f 882//588 887//588 879//588
f 1139//588 884//588 882//588
f 1139//588 882//588 879//588
f 883//588 882//588 881//588
f 882//588 1281//588 1285//588
f 882//588 1285//588 1284//588
f 882//588 1278//588 1277//588
f 882//588 1277//588 1281//588
f 1271//900 1270//900 903//900
f 1271//900 903//900 898//900
f 900//878 904//878 905//878
f 900//878 905//878 901//878
f 899//890 902//890 904//890
f 899//890 904//890 900//890
f 907//901 1288//901 1291//901
f 907//901 1291//901 906//901
f 903//592 1270//592 1147//592
f 903//592 1147//592 902//592
f 1147//592 905//592 904//592
f 1147//592 904//592 902//592
f 1147//592 1144//592 1146//592
f 1147//592 1146//592 905//592
f 891//588 908//588 1142//588
f 891//588 1142//588 888//588
f 888//588 1142//588 909//588
f 1147//592 1288//592 907//592
f 1147//592 907//592 910//592
f 906//588 1291//588 1142//588
f 906//588 1142//588 908//588
f 903//902 902//902 899//902
f 903//902 899//902 898//902
f 905//903 1146//903 1145//903
f 905//903 1145//903 901//903
f 1265//904 1264//904 1269//904
f 1265//905 1269//905 1268//905
f 1297//906 1299//906 1298//906
f 1297//907 1298//907 1296//907
f 1142//588 1274//588 1272//588
f 1142//588 1272//588 1271//588
f 1142//588 1293//588 1294//588
f 1142//588 1294//588 1274//588
f 1300//588 1282//588 882//588
f 1300//588 882//588 892//588
f 895//592 896//592 1135//592
f 895//592 1135//592 894//592
f 896//592 897//592 1135//592
f 1278//588 882//588 1282//588
f 1147//592 1270//592 1273//592
f 1147//592 1273//592 1275//592
f 1295//592 1292//592 1147//592
f 1295//592 1147//592 1275//592
f 1289//592 1288//592 1147//592
f 1289//592 1147//592 1292//592
f 1145//588 1143//588 1142//588
f 1145//588 1142//588 901//588
f 1142//588 1291//588 1290//588
f 1142//588 1290//588 1293//588
f 1142//588 1271//588 898//588
f 1142//588 898//588 899//588
f 900//588 901//588 1142//588
f 900//588 1142//588 899//588
f 1157//908 1005//908 1004//908
f 1157//909 1004//909 1000//909
f 1157//909 1156//909 1005//909
f 1006//908 1005//908 1156//908
f 1006//910 1156//910 1160//910
f 1004//911 1167//911 1002//911
f 1004//592 1002//592 1000//592
f 1002//912 1003//912 1001//912
f 1002//912 1001//912 1000//912
f 1002//913 1167//913 1166//913
f 1002//913 1166//913 1003//913
f 944//914 1167//914 1004//914
f 944//592 1004//592 945//592
f 1166//915 1165//915 1003//915
f 1165//916 1179//916 975//916
f 1165//917 975//917 1007//917
f 1008//918 1009//918 1007//918
f 1008//919 1007//919 975//919
f 1003//920 1165//920 1154//920
f 1003//921 1154//921 1001//921
f 1190//588 1186//588 1165//588
f 1190//922 1165//922 1007//922
f 1158//588 1155//588 1165//588
f 1158//588 1165//588 1186//588
f 1154//588 1165//588 1155//588
f 994//923 997//923 954//923
f 994//923 954//923 953//923
f 995//924 998//924 997//924
f 995//925 997//925 994//925
f 998//926 995//926 992//926
f 998//927 992//927 991//927
f 993//928 996//928 956//928
f 993//928 956//928 936//928
f 996//929 992//929 995//929
f 996//929 995//929 956//929
f 996//592 993//592 992//592
f 939//930 989//930 993//930
f 939//930 993//930 936//930
f 964//930 963//930 999//930
f 964//930 999//930 949//930
f 949//931 999//931 987//931
f 949//931 987//931 950//931
f 1001//932 1154//932 1157//932
f 1001//932 1157//932 1000//932
f 997//588 963//588 959//588
f 997//588 959//588 954//588
f 998//933 991//933 984//933
f 998//933 984//933 985//933
f 998//588 999//588 963//588
f 998//588 963//588 997//588
f 999//588 998//588 985//588
f 999//588 985//588 987//588
f 1010//934 1008//934 975//934
f 1010//935 975//935 1011//935
f 979//936 1023//936 1022//936
f 979//937 1022//937 1013//937
f 978//938 1024//938 1023//938
f 978//939 1023//939 979//939
f 1025//940 1024//940 978//940
f 1025//941 978//941 938//941
f 1020//942 1010//942 1014//942
f 1020//943 1014//943 1013//943
f 1019//944 1010//944 1020//944
f 1008//945 1010//945 1019//945
f 1008//946 1019//946 1015//946
f 1022//947 1020//947 1013//947
f 1018//948 1027//948 945//948
f 1018//949 945//949 1004//949
f 1022//950 1023//950 1017//950
f 1022//951 1017//951 1020//951
f 1024//952 1025//952 1017//952
f 1024//953 1017//953 1023//953
f 1027//954 1026//954 938//954
f 1027//955 938//955 945//955
f 1025//956 938//956 1026//956
f 1017//957 1025//957 1026//957
f 1017//958 1026//958 1016//958
f 1026//959 1027//959 1018//959
f 1026//960 1018//960 1016//960
f 1015//588 1012//588 1009//588
f 1015//588 1009//588 1008//588
f 1013//911 1011//911 1173//911
f 1013//961 1173//961 979//961
f 1191//962 1016//962 1005//962
f 1191//963 1005//963 1006//963
f 1014//592 1010//592 1011//592
f 1014//592 1011//592 1013//592
f 975//964 1174//964 1173//964
f 975//964 1173//964 1011//964
f 1187//965 1190//965 1007//965
f 1187//965 1007//965 1009//965
f 1012//966 1188//966 1187//966
f 1012//967 1187//967 1009//967
f 1017//968 1191//968 1189//968
f 1017//969 1189//969 1021//969
f 1015//970 1019//970 1021//970
f 1015//971 1021//971 1012//971
f 1189//972 1188//972 1012//972
f 1189//973 1012//973 1021//973
f 1017//974 1021//974 1019//974
f 1017//975 1019//975 1020//975
f 1017//976 1016//976 1191//976
f 1184//977 1191//977 1006//977
f 1184//978 1006//978 1160//978
f 1005//979 1016//979 1018//979
f 1005//980 1018//980 1004//980
f 1165//981 1164//981 962//981
f 1165//981 962//981 961//981
f 959//588 962//588 955//588
f 959//588 955//588 954//588
f 962//588 1164//588 1163//588
f 962//588 1163//588 955//588
f 961//982 962//982 959//982
f 961//982 959//982 960//982
f 958//983 1168//983 944//983
f 958//984 944//984 943//984
f 944//985 1168//985 1167//985
f 1162//986 1168//986 958//986
f 1162//987 958//987 952//987
f 1170//988 1169//988 966//988
f 1170//989 966//989 965//989
f 970//990 971//990 969//990
f 970//990 969//990 942//990
f 946//990 973//990 972//990
f 946//990 972//990 947//990
f 967//991 968//991 965//991
f 967//991 965//991 966//991
f 963//992 964//992 960//992
f 963//992 960//992 959//992
f 949//993 1165//993 964//993
f 960//994 964//994 1165//994
f 960//995 1165//995 961//995
f 943//592 944//592 945//592
f 943//592 945//592 938//592
f 1165//996 948//996 946//996
f 1165//997 946//997 947//997
f 1165//998 949//998 950//998
f 1165//999 950//999 948//999
f 937//592 943//592 938//592
f 938//592 939//592 936//592
f 938//592 936//592 937//592
f 938//592 940//592 941//592
f 938//592 941//592 939//592
f 942//592 940//592 938//592
f 937//982 957//982 958//982
f 937//982 958//982 943//982
f 952//592 958//592 957//592
f 952//592 957//592 953//592
f 956//592 953//592 957//592
f 956//1000 957//1000 937//1000
f 956//1001 937//1001 936//1001
f 951//1002 1179//1002 1165//1002
f 951//1003 1165//1003 947//1003
f 954//1004 955//1004 952//1004
f 954//1004 952//1004 953//1004
f 955//1005 1163//1005 1162//1005
f 955//1006 1162//1006 952//1006
f 947//1007 972//1007 974//1007
f 947//1007 974//1007 951//1007
f 950//1008 987//1008 986//1008
f 950//1008 986//1008 948//1008
f 941//931 988//931 989//931
f 941//931 989//931 939//931
f 940//1008 990//1008 988//1008
f 940//1008 988//1008 941//1008
f 948//1009 986//1009 973//1009
f 948//1010 973//1010 946//1010
f 986//588 982//588 981//588
f 986//588 981//588 973//588
f 982//588 986//588 987//588
f 982//588 987//588 985//588
f 973//588 981//588 967//588
f 973//588 967//588 972//588
f 992//592 993//592 989//592
f 992//592 989//592 991//592
f 984//592 991//592 989//592
f 984//592 989//592 988//592
f 956//592 995//592 994//592
f 956//592 994//592 953//592
f 968//592 980//592 969//592
f 968//592 969//592 971//592
f 942//1010 969//1010 990//1010
f 942//1010 990//1010 940//1010
f 980//592 983//592 990//592
f 980//592 990//592 969//592
f 988//592 990//592 983//592
f 988//592 983//592 984//592
f 976//1011 977//1011 971//1011
f 976//1011 971//1011 970//1011
f 1178//1012 1177//1012 977//1012
f 1178//1013 977//1013 976//1013
f 971//592 977//592 965//592
f 971//592 965//592 968//592
f 1174//1014 975//1014 1179//1014
f 1180//1015 1179//1015 951//1015
f 1180//1016 951//1016 974//1016
f 966//588 974//588 972//588
f 966//588 972//588 967//588
f 1169//588 1180//588 974//588
f 1169//588 974//588 966//588
f 982//1017 983//1017 980//1017
f 982//1018 980//1018 981//1018
f 982//1019 985//1019 984//1019
f 982//1020 984//1020 983//1020
f 981//1021 980//1021 968//1021
f 981//1022 968//1022 967//1022
f 938//592 978//592 970//592
f 938//592 970//592 942//592
f 977//1023 1177//1023 1170//1023
f 977//1024 1170//1024 965//1024
f 978//1025 1178//1025 976//1025
f 978//592 976//592 970//592
f 979//1026 1173//1026 1178//1026
f 979//911 1178//911 978//911
f 1327//1027 1328//1027 1063//1027
f 1327//1028 1063//1028 1064//1028
f 1330//1029 1327//1029 1064//1029
f 1330//1030 1064//1030 1329//1030
f 1039//1031 1311//1031 1326//1031
f 1039//1032 1326//1032 1062//1032
f 1061//588 1060//588 1059//588
f 1062//1033 1326//1033 1321//1033
f 1062//1034 1321//1034 1051//1034
f 1050//1035 1058//1035 1066//1035
f 1050//1035 1066//1035 1049//1035
f 1067//1036 1066//1036 1058//1036
f 1067//1036 1058//1036 1057//1036
f 1065//1037 1331//1037 1320//1037
f 1065//1038 1320//1038 1047//1038
f 1054//1039 1324//1039 1329//1039
f 1054//1040 1329//1040 1064//1040
f 1063//1041 1328//1041 1331//1041
f 1063//1042 1331//1042 1065//1042
f 1035//1043 1050//1043 1049//1043
f 1035//1043 1049//1043 1048//1043
f 1051//1044 1321//1044 1322//1044
f 1051//1045 1322//1045 1052//1045
f 1202//588 1206//588 1048//588
f 1202//588 1048//588 1047//588
f 1048//1046 1206//1046 1207//1046
f 1048//1047 1207//1047 1035//1047
f 1207//1048 1205//1048 1034//1048
f 1207//1049 1034//1049 1035//1049
f 1057//588 1058//588 1031//588
f 1057//588 1031//588 1056//588
f 1031//588 1059//588 1060//588
f 1031//588 1060//588 1056//588
f 1053//1050 1323//1050 1325//1050
f 1053//1050 1325//1050 1055//1050
f 1052//1051 1322//1051 1323//1051
f 1052//1052 1323//1052 1053//1052
f 1055//1053 1325//1053 1324//1053
f 1055//1054 1324//1054 1054//1054
f 1074//1055 1073//1055 1061//1055
f 1074//1056 1061//1056 1059//1056
f 1052//588 1074//588 1069//588
f 1052//588 1069//588 1051//588
f 1069//1057 1074//1057 1059//1057
f 1069//1058 1059//1058 1070//1058
f 1061//1059 1073//1059 1071//1059
f 1061//1060 1071//1060 1060//1060
f 1072//1061 1067//1061 1057//1061
f 1072//1061 1057//1061 1056//1061
f 1063//588 1066//588 1067//588
f 1063//588 1067//588 1064//588
f 1064//588 1067//588 1072//588
f 1064//588 1072//588 1054//588
f 1055//588 1071//588 1073//588
f 1055//588 1073//588 1053//588
f 1053//588 1073//588 1074//588
f 1053//588 1074//588 1052//588
f 1054//588 1072//588 1071//588
f 1054//588 1071//588 1055//588
f 1068//1062 1069//1062 1070//1062
f 1068//1062 1070//1062 1031//1062
f 1070//588 1059//588 1031//588
f 1031//588 1058//588 1050//588
f 1031//588 1050//588 1035//588
f 1066//588 1063//588 1065//588
f 1066//588 1065//588 1049//588
f 1049//588 1065//588 1047//588
f 1049//588 1047//588 1048//588
f 1039//588 1062//588 1042//588
f 1071//1063 1072//1063 1056//1063
f 1071//1063 1056//1063 1060//1063
f 1068//588 1051//588 1069//588
f 1042//1064 1068//1064 1031//1064
f 1042//1064 1031//1064 1043//1064
f 1062//588 1051//588 1068//588
f 1062//588 1068//588 1042//588
f 1194//1065 1220//1065 1031//1065
f 1218//1066 1217//1066 1031//1066
f 1218//1065 1031//1065 1220//1065
f 1192//1067 1194//1067 1031//1067
f 1192//1067 1031//1067 1193//1067
f 1031//588 1035//588 1034//588
f 1031//588 1034//588 1033//588
f 1195//1068 1193//1068 1031//1068
f 1195//1068 1031//1068 1196//1068
f 1213//1069 1212//1069 1038//1069
f 1213//1070 1038//1070 1309//1070
f 1040//1071 1312//1071 1311//1071
f 1040//1072 1311//1072 1039//1072
f 1309//1073 1038//1073 1037//1073
f 1309//1074 1037//1074 1028//1074
f 1036//1075 1216//1075 1215//1075
f 1036//1075 1215//1075 1029//1075
f 1037//1076 1036//1076 1029//1076
f 1037//1076 1029//1076 1028//1076
f 1304//592 1308//592 1309//592
f 1304//592 1309//592 1028//592
f 1304//592 1215//592 1214//592
f 1304//592 1214//592 1219//592
f 1307//592 1308//592 1304//592
f 1307//592 1304//592 1303//592
f 1302//592 1303//592 1304//592
f 1306//592 1302//592 1304//592
f 1306//592 1304//592 1305//592
f 1197//1077 1196//1077 1031//1077
f 1197//1077 1031//1077 1198//1077
f 1032//1078 1198//1078 1031//1078
f 1032//588 1031//588 1033//588
f 1310//592 1201//592 1199//592
f 1310//592 1199//592 1030//592
f 1200//592 1201//592 1304//592
f 1200//592 1304//592 1219//592
f 1029//592 1215//592 1304//592
f 1029//592 1304//592 1028//592
f 1204//592 1314//592 1046//592
f 1315//592 1313//592 1209//592
f 1209//592 1313//592 1314//592
f 1209//592 1314//592 1204//592
f 1046//1079 1045//1079 1033//1079
f 1046//1079 1033//1079 1034//1079
f 1205//1080 1204//1080 1046//1080
f 1205//1080 1046//1080 1034//1080
f 1208//1081 1319//1081 1315//1081
f 1208//1081 1315//1081 1209//1081
f 1203//1082 1202//1082 1047//1082
f 1203//1083 1047//1083 1320//1083
f 1045//592 1316//592 1310//592
f 1045//592 1310//592 1030//592
f 1046//592 1314//592 1316//592
f 1046//592 1316//592 1045//592
f 1318//592 1313//592 1315//592
f 1318//592 1315//592 1317//592
f 1039//588 1042//588 1041//588
f 1039//588 1041//588 1040//588
f 1212//588 1236//588 1040//588
f 1212//588 1040//588 1041//588
f 1038//1084 1212//1084 1041//1084
f 1038//1085 1041//1085 1044//1085
f 1236//1086 1235//1086 1312//1086
f 1236//1086 1312//1086 1040//1086
f 1043//1087 1044//1087 1041//1087
f 1043//1087 1041//1087 1042//1087
f 1030//1088 1199//1088 1198//1088
f 1030//1088 1198//1088 1032//1088
f 1032//1089 1033//1089 1045//1089
f 1032//1089 1045//1089 1030//1089
f 1044//588 1043//588 1037//588
f 1044//588 1037//588 1038//588
f 1031//1090 1217//1090 1216//1090
f 1031//1091 1216//1091 1036//1091
f 1037//588 1043//588 1031//588
f 1037//588 1031//588 1036//588
f 1319//592 1208//592 1203//592
f 1319//592 1203//592 1320//592
f 1099//1092 1317//1092 1315//1092
f 1099//1093 1315//1093 1319//1093
f 1313//1094 1318//1094 1096//1094
f 1313//1095 1096//1095 1095//1095
f 1331//592 1328//592 1100//592
f 1331//592 1100//592 1099//592
f 1314//929 1313//929 1095//929
f 1314//929 1095//929 1094//929
f 1316//1096 1314//1096 1094//1096
f 1316//1097 1094//1097 1093//1097
f 1201//1098 1310//1098 1097//1098
f 1201//1099 1097//1099 1098//1099
f 1095//1100 1096//1100 1075//1100
f 1095//1101 1075//1101 1094//1101
f 1093//1102 1094//1102 1075//1102
f 1093//1103 1075//1103 1092//1103
f 1310//1104 1316//1104 1093//1104
f 1310//1105 1093//1105 1097//1105
f 1092//1106 1098//1106 1097//1106
f 1092//1107 1097//1107 1093//1107
f 1092//591 1304//591 1201//591
f 1092//591 1201//591 1098//591
f 1335//592 1100//592 1328//592
f 1088//909 1329//909 1324//909
f 1088//909 1324//909 1087//909
f 1100//1108 1335//1108 1102//1108
f 1100//1109 1102//1109 1101//1109
f 1335//1110 1337//1110 1102//1110
f 1101//1111 1075//1111 1096//1111
f 1075//1112 1101//1112 1102//1112
f 1075//1113 1102//1113 1084//1113
f 1330//909 1329//909 1088//909
f 1330//908 1088//908 1337//908
f 1099//1114 1100//1114 1101//1114
f 1099//1115 1101//1115 1096//1115
f 1320//592 1331//592 1099//592
f 1320//592 1099//592 1319//592
f 1327//592 1336//592 1328//592
f 1330//929 1337//929 1336//929
f 1330//929 1336//929 1327//929
f 1084//1116 1102//1116 1337//1116
f 1084//1117 1337//1117 1088//1117
f 1318//1118 1317//1118 1099//1118
f 1318//1119 1099//1119 1096//1119
f 1075//1120 1305//1120 1304//1120
f 1075//1121 1304//1121 1092//1121
f 1075//1122 1084//1122 1085//1122
f 1075//1123 1085//1123 1083//1123
f 1075//1124 1083//1124 1080//1124
f 1075//1125 1080//1125 1078//1125
f 1077//1126 1082//1126 1075//1126
f 1077//1127 1075//1127 1078//1127
f 1084//1128 1088//1128 1087//1128
f 1084//1128 1087//1128 1085//1128
f 1085//1129 1087//1129 1086//1129
f 1085//1129 1086//1129 1083//1129
f 1083//1130 1086//1130 1081//1130
f 1083//1130 1081//1130 1080//1130
f 1080//1131 1081//1131 1079//1131
f 1080//1131 1079//1131 1078//1131
f 1078//1132 1079//1132 1076//1132
f 1078//1133 1076//1133 1077//1133
f 1332//1134 1306//1134 1305//1134
f 1332//1135 1305//1135 1075//1135
f 1333//1136 1332//1136 1075//1136
f 1333//1137 1075//1137 1082//1137
f 1332//1138 1334//1138 1302//1138
f 1332//1139 1302//1139 1306//1139
f 1333//1140 1082//1140 1077//1140
f 1333//1141 1077//1141 1076//1141
f 1087//909 1324//909 1325//909
f 1087//909 1325//909 1086//909
f 1308//1142 1307//1142 1090//1142
f 1308//1143 1090//1143 1091//1143
f 1089//592 1326//592 1311//592
f 1089//592 1311//592 1090//592
f 1333//909 1326//909 1089//909
f 1333//592 1089//592 1334//592
f 1091//1026 1312//1026 1235//1026
f 1091//592 1235//592 1213//592
f 1090//1026 1311//1026 1312//1026
f 1090//1026 1312//1026 1091//1026
f 1091//1144 1213//1144 1309//1144
f 1091//1144 1309//1144 1308//1144
f 1322//909 1321//909 1076//909
f 1322//1025 1076//1025 1079//1025
f 1323//909 1322//909 1079//909
f 1323//909 1079//909 1081//909
f 1086//909 1325//909 1323//909
f 1086//909 1323//909 1081//909
f 1321//592 1326//592 1333//592
f 1321//961 1333//961 1076//961
f 1307//1145 1303//1145 1089//1145
f 1307//1146 1089//1146 1090//1146
f 1303//1147 1302//1147 1334//1147
f 1303//1148 1334//1148 1089//1148
o Turret_01_havok_s_armor_6_0
v -0.497003 2.193066 -1.536152
v 0.497003 2.193066 -1.536152
v 0.722158 2.389847 -0.618385
v -0.722158 2.389847 -0.618385
v 0.234087 2.541499 0.529853
v 0.255064 2.572908 0.498458
v 0.297055 2.572908 0.520903
v 0.282606 2.541499 0.555787
v 0.572533 2.592909 0.372116
v 0.614394 2.572908 0.389456
v 0.591950 2.572908 0.431447
v 0.554276 2.592909 0.406274
v 0.583776 2.592909 0.335053
v 0.628216 2.572908 0.343893
v 0.561744 2.572908 0.468252
v 0.529705 2.592909 0.436213
v 0.524939 2.572908 0.498458
v 0.545916 2.541499 0.529852
v 0.497398 2.541499 0.555787
v 0.482948 2.572908 0.520902
v 0.614394 2.572907 0.203563
v 0.572533 2.592909 0.220903
v 0.554276 2.592909 0.186745
v 0.591950 2.572907 0.161572
v 0.628216 2.572908 0.249126
v 0.583776 2.592909 0.257965
v 0.529705 2.592909 0.156806
v 0.561744 2.572907 0.124767
v 0.632882 2.572908 0.296510
v 0.587573 2.592909 0.296510
v 0.225727 2.592909 0.186745
v 0.188054 2.572907 0.161572
v 0.218259 2.572907 0.124767
v 0.250298 2.592909 0.156806
v 0.207470 2.592909 0.220903
v 0.165609 2.572907 0.203563
v 0.196227 2.592909 0.257965
v 0.151787 2.572908 0.249126
v 0.192430 2.592909 0.296510
v 0.147121 2.572908 0.296510
v 0.250298 2.592909 0.436213
v 0.218259 2.572908 0.468252
v 0.188054 2.572908 0.431447
v 0.225727 2.592909 0.406274
v 0.165609 2.572908 0.389456
v 0.207470 2.592909 0.372117
v 0.151787 2.572908 0.343893
v 0.196227 2.592909 0.335054
vn 0.3576 -0.9141 0.1911
vn 0.3880 -0.9141 0.1177
vn -0.4035 -0.9141 -0.0397
vn 0.3134 -0.9141 0.2572
vn 0.4035 -0.9141 0.0397
vn 0.3880 -0.9141 -0.1177
vn 0.4035 -0.9141 -0.0397
vn 0.3134 -0.9141 -0.2572
vn 0.3576 -0.9141 -0.1911
vn -0.4035 -0.9141 0.0397
vn -0.3576 -0.9141 -0.1911
vn -0.3880 -0.9141 -0.1177
vn -0.0000 -0.9778 0.2096
vn 0.3023 -0.7673 -0.5656
vn -0.3134 -0.9141 -0.2572
vn -0.3880 -0.9141 0.1177
vn -0.3134 -0.9141 0.2572
vn -0.3023 -0.7673 -0.5656
vn -0.3576 -0.9141 0.1911
s 0
f 1372//1149 1373//1149 1369//1149
f 1372//1149 1369//1149 1368//1149
f 1374//1150 1375//1150 1373//1150
f 1374//1150 1373//1150 1372//1150
f 1367//1151 1366//1151 1351//1151
f 1367//1151 1351//1151 1350//1151
f 1370//1152 1371//1152 1368//1152
f 1370//1152 1368//1152 1369//1152
f 1376//1153 1377//1153 1375//1153
f 1376//1153 1375//1153 1374//1153
f 1384//1154 1385//1154 1383//1154
f 1384//1154 1383//1154 1382//1154
f 1385//1155 1384//1155 1377//1155
f 1385//1155 1377//1155 1376//1155
f 1380//1156 1381//1156 1378//1156
f 1380//1156 1378//1156 1379//1156
f 1382//1157 1383//1157 1381//1157
f 1382//1157 1381//1157 1380//1157
f 1366//1158 1367//1158 1363//1158
f 1366//1158 1363//1158 1362//1158
f 1348//1159 1349//1159 1346//1159
f 1348//1159 1346//1159 1347//1159
f 1350//1160 1351//1160 1347//1160
f 1350//1160 1347//1160 1346//1160
f 1340//1161 1341//1161 1338//1161
f 1340//1161 1338//1161 1339//1161
f 1344//1162 1345//1162 1342//1162
f 1344//1162 1342//1162 1343//1162
f 1352//1163 1353//1163 1349//1163
f 1352//1163 1349//1163 1348//1163
f 1362//1164 1363//1164 1359//1164
f 1362//1164 1359//1164 1358//1164
f 1364//1165 1365//1165 1361//1165
f 1364//1165 1361//1165 1360//1165
f 1356//1166 1357//1166 1354//1166
f 1356//1166 1354//1166 1355//1166
f 1360//1167 1361//1167 1358//1167
f 1360//1167 1358//1167 1359//1167
o Turret_01_havok_s_surveyingDevice_1
v 0.497365 2.510316 0.000834
v 0.521545 2.494773 -0.017560
v 0.530062 2.473575 -0.043029
v 0.596215 2.494982 0.024888
v 0.592261 2.510567 0.055309
v 0.596215 2.495234 0.568224
v 0.592109 2.510944 0.537802
v 0.465125 2.516935 0.585203
v 0.498430 2.511196 0.592277
v 0.522914 2.452669 0.662317
v 0.498430 2.437001 0.680711
v 0.522914 2.495527 0.610672
v 0.531734 2.474077 0.636848
v 0.728218 2.495024 0.253400
v 0.754528 2.473784 0.248448
v 0.771865 2.452627 0.227932
v 0.700084 2.510567 0.242081
v 0.677577 2.516265 0.216612
v 0.754832 2.473910 0.344664
v 0.728370 2.495276 0.339004
v 0.765477 2.431178 0.165674
v 0.776123 2.437001 0.198218
v 0.690655 2.431262 0.036915
v 0.668300 2.436959 0.011446
v 0.613856 2.473742 0.005079
v 0.640166 2.452502 -0.000581
v 0.677577 2.516642 0.376500
v 0.765629 2.431220 0.427437
v 0.690959 2.431220 0.556904
v 0.613704 2.473952 0.588740
v 0.640166 2.452586 0.593692
v 0.668452 2.436959 0.582373
v 0.776427 2.436917 0.394894
v 0.772473 2.452586 0.364473
v 0.700084 2.510902 0.351031
v 0.281740 2.436742 -0.086977
v 0.512699 2.419948 -0.870160
v 0.512699 2.385047 -0.835831
v 0.288397 2.385047 -0.835831
v 0.288397 2.419948 -0.870160
v 0.288397 2.419948 -0.903690
v 0.512699 2.419948 -0.903690
v 0.014184 2.431378 0.166338
v 0.088959 2.431462 0.037246
v 0.102034 2.516456 0.216910
v 0.079561 2.510781 0.242196
v 0.176674 2.516456 0.087818
v 0.187297 2.510740 0.055212
v 0.183347 2.495218 0.025268
v 0.051367 2.495218 0.254174
v 0.025080 2.473980 0.248851
v 0.003560 2.437178 0.198278
v 0.007646 2.452825 0.228222
v 0.051776 2.495260 0.339348
v 0.025352 2.473896 0.344672
v 0.281822 2.510322 0.000647
v 0.139490 2.452700 -0.000018
v 0.111432 2.437178 0.011959
v 0.165777 2.473938 0.005305
v 0.014456 2.431211 0.427850
v 0.102715 2.516623 0.376612
v 0.089095 2.431211 0.556942
v 0.188115 2.510907 0.538310
v 0.184029 2.495301 0.568920
v 0.003696 2.436928 0.395244
v 0.007782 2.452575 0.364634
v 0.080106 2.510907 0.351326
v 0.257987 2.495510 0.610841
v 0.249133 2.474105 0.636793
v 0.257987 2.452658 0.662079
v 0.282367 2.437011 0.680711
v 0.282367 2.511199 0.592210
v 0.166458 2.473938 0.588882
v 0.140035 2.452616 0.594206
v 0.111705 2.436886 0.582228
v 0.464190 2.431152 -0.093594
v 0.464190 2.515988 0.007523
v 0.314964 2.516006 0.007508
v 0.314963 2.431170 -0.093609
v 0.507768 2.480394 0.012195
v 0.497308 2.490196 0.017627
v 0.464187 2.502768 0.018616
v 0.334183 2.506013 0.015893
v 0.390001 2.509507 0.012961
v 0.445819 2.506013 0.015893
v 0.394803 2.508998 0.013388
v 0.497312 2.436828 -0.086820
v 0.521470 2.452352 -0.068311
v 0.524993 2.427070 -0.029389
v 0.530050 2.439721 -0.014636
v 0.521464 2.466327 0.006117
v 0.521463 2.417378 -0.038968
v 0.577144 2.489707 0.064026
v 0.575374 2.466276 0.037111
v 0.593772 2.503547 0.092712
v 0.575147 2.466269 0.556104
v 0.576814 2.489845 0.529115
v 0.315727 2.516935 0.585442
v 0.465125 2.431257 0.687550
v 0.315727 2.431257 0.687550
v 0.390002 2.406409 0.666701
v 0.317078 2.402142 0.663120
v 0.462925 2.402142 0.663120
v 0.445736 2.506523 0.576705
v 0.465125 2.503097 0.573830
v 0.334267 2.506523 0.576705
v 0.376581 2.508999 0.578782
v 0.390002 2.510420 0.579975
v 0.315727 2.503247 0.573956
v 0.498484 2.490415 0.574843
v 0.522879 2.416885 0.631991
v 0.498484 2.402647 0.651889
v 0.465125 2.401753 0.662794
v 0.507156 2.482290 0.579345
v 0.522879 2.466143 0.586322
v 0.531732 2.439221 0.607233
v 0.525774 2.424656 0.624291
v 0.707026 2.465823 0.265901
v 0.685128 2.489980 0.250603
v 0.729292 2.439107 0.263010
v 0.746027 2.416966 0.243158
v 0.678954 2.495944 0.239033
v 0.667856 2.502799 0.222284
v 0.707005 2.465875 0.326885
v 0.684996 2.490155 0.342259
v 0.751820 2.403632 0.212102
v 0.749988 2.410142 0.224904
v 0.743726 2.401245 0.178512
v 0.733223 2.404857 0.154343
v 0.697851 2.406341 0.090811
v 0.602999 2.516247 0.087382
v 0.652835 2.507939 0.187641
v 0.626432 2.508998 0.140132
v 0.625802 2.508998 0.138953
v 0.589013 2.439563 0.019274
v 0.613998 2.416589 0.014813
v 0.644043 2.403646 0.025404
v 0.653306 2.403828 0.033205
v 0.669047 2.401467 0.049257
v 0.602795 2.516710 0.505694
v 0.733363 2.404679 0.438734
v 0.698023 2.406096 0.502323
v 0.669176 2.401162 0.544007
v 0.653489 2.403522 0.559997
v 0.644055 2.403339 0.567938
v 0.613855 2.416349 0.578585
v 0.588678 2.439421 0.574175
v 0.652632 2.508200 0.405294
v 0.667658 2.503043 0.370681
v 0.633235 2.508999 0.440159
v 0.625759 2.509569 0.454037
v 0.593429 2.503823 0.500289
v 0.623725 2.508999 0.456596
v 0.678754 2.496186 0.353946
v 0.752034 2.403371 0.380965
v 0.743806 2.401105 0.414648
v 0.750274 2.409798 0.368172
v 0.746336 2.416631 0.349593
v 0.729416 2.438997 0.329699
v 0.497305 2.403279 -0.058673
v 0.464184 2.402412 -0.069482
v 0.462841 2.402649 -0.069681
v 0.390001 2.406911 -0.073257
v 0.317162 2.402649 -0.069681
v 0.249097 2.473596 -0.043057
v 0.257684 2.494806 -0.017775
v 0.257905 2.452467 -0.068239
v 0.257898 2.417362 -0.038787
v 0.281733 2.402975 -0.058647
v 0.314957 2.402260 -0.069354
v 0.288400 2.343297 -0.835490
v 0.512699 2.343297 -0.835490
v 0.288400 2.328674 -0.903690
v 0.512699 2.328674 -0.903690
v 0.046758 2.404830 0.154334
v 0.082133 2.406315 0.090798
v 0.036094 2.401163 0.178876
v 0.110704 2.401479 0.049582
v 0.126730 2.403884 0.033238
v 0.154201 2.508998 0.138953
v 0.127147 2.507912 0.187632
v 0.185977 2.503562 0.093036
v 0.202571 2.489769 0.064329
v 0.029772 2.409850 0.224856
v 0.028000 2.403550 0.212466
v 0.033828 2.416835 0.243543
v 0.111964 2.502717 0.222648
v 0.101100 2.496006 0.239044
v 0.094726 2.489849 0.250987
v 0.072829 2.465692 0.266285
v 0.050562 2.438977 0.263395
v 0.073105 2.465963 0.327223
v 0.095115 2.490244 0.342597
v 0.050695 2.439085 0.330037
v 0.257678 2.466071 0.006333
v 0.249090 2.439463 -0.014420
v 0.254658 2.425982 -0.030238
v 0.272537 2.481330 0.012926
v 0.281837 2.490044 0.017754
v 0.314961 2.502617 0.018743
v 0.135671 2.403708 0.025708
v 0.165716 2.416651 0.015117
v 0.190701 2.439625 0.019578
v 0.204341 2.466338 0.037415
v 0.177314 2.516633 0.506018
v 0.203417 2.489769 0.529384
v 0.205198 2.466218 0.556439
v 0.186732 2.503673 0.500582
v 0.127356 2.508179 0.405301
v 0.147779 2.508999 0.442051
v 0.155937 2.508999 0.456182
v 0.186364 2.503794 0.500148
v 0.081979 2.406096 0.502324
v 0.046640 2.404678 0.438735
v 0.126441 2.403400 0.560070
v 0.111024 2.401127 0.544294
v 0.101184 2.496107 0.353959
v 0.112483 2.503090 0.371002
v 0.036335 2.401152 0.414969
v 0.028107 2.403418 0.381286
v 0.029916 2.410024 0.368135
v 0.033775 2.416719 0.349931
v 0.282367 2.402797 0.652015
v 0.257972 2.417035 0.632117
v 0.315727 2.401903 0.662920
v 0.254650 2.425956 0.623278
v 0.249119 2.439474 0.607445
v 0.257972 2.466396 0.586534
v 0.272549 2.481365 0.580067
v 0.282367 2.490565 0.574969
v 0.191552 2.439345 0.574444
v 0.166339 2.416348 0.578743
v 0.136157 2.403184 0.568279
vn -0.1125 0.4596 0.8810
vn -0.1230 0.4584 0.8802
vn -0.5119 0.6213 0.5933
vn -0.5149 0.6211 0.5909
vn 0.3198 0.1667 0.9327
vn 0.3239 0.1524 0.9337
vn -0.5510 -0.7689 0.3244
vn -0.5591 -0.7655 0.3185
vn 0.6497 -0.1639 0.7423
vn 0.6496 -0.1547 0.7444
vn -0.6625 0.6442 -0.3822
vn -0.5100 0.6237 -0.5924
vn -0.5557 -0.7663 -0.3225
vn -0.5563 -0.7666 -0.3208
vn -0.6621 0.6445 -0.3824
vn -0.6631 0.6434 -0.3825
vn -0.6640 0.6410 0.3850
vn -0.5135 0.6187 0.5946
vn -0.5563 -0.7663 -0.3216
vn -0.5571 -0.7658 -0.3213
vn -0.6644 0.6406 0.3849
vn -0.6610 0.6444 0.3845
vn -0.5586 -0.7656 0.3190
vn -0.5571 -0.7656 0.3216
vn -0.5554 -0.7666 0.3222
vn -0.5565 -0.7666 0.3203
vn -0.7712 0.6206 0.1417
vn -0.7711 0.6209 0.1411
vn -0.6610 0.6449 0.3836
vn -0.5539 -0.7680 0.3215
vn 0.7696 -0.6212 -0.1477
vn 0.6631 -0.6428 -0.3835
vn -0.5598 -0.7641 0.3207
vn 0.6634 -0.6428 -0.3830
vn 0.6648 -0.6410 -0.3836
vn 0.6647 -0.6413 -0.3833
vn -0.5563 -0.7665 -0.3210
vn 0.5084 -0.6245 0.5929
vn 0.5109 -0.6233 0.5920
vn -0.7702 0.6208 -0.1464
vn -0.7703 0.6206 -0.1469
vn 0.1203 -0.4595 0.8800
vn 0.5104 -0.6222 0.5936
vn -0.5569 -0.7638 -0.3263
vn -0.5590 -0.7642 -0.3218
vn -0.5552 -0.7705 -0.3130
vn -0.6508 0.1666 0.7407
vn -0.6498 0.1540 0.7444
vn -0.3186 -0.1680 0.9329
vn -0.8218 0.4559 0.3419
vn -0.6631 0.6432 -0.3829
vn -0.8219 0.4556 0.3420
vn -0.8218 0.4559 0.3416
vn 0.6562 -0.1649 -0.7364
vn 0.6562 -0.1696 -0.7353
vn 0.3131 0.1628 -0.9357
vn 0.3113 0.1688 -0.9352
vn -0.5523 -0.7722 -0.3140
vn -0.5567 -0.7647 -0.3245
vn -0.1164 0.4530 -0.8839
vn -0.1029 0.4546 -0.8847
vn -0.5101 0.6242 -0.5917
vn -0.5103 0.6242 -0.5916
vn 0.6631 -0.6428 0.3836
vn -0.5574 -0.7654 -0.3217
vn -0.5582 -0.7658 -0.3193
vn 0.7705 -0.6207 0.1449
vn 0.7719 -0.6191 0.1447
vn 0.6603 -0.6463 0.3825
vn 0.6606 -0.6457 0.3830
vn 0.8218 -0.4533 -0.3452
vn 0.8217 -0.4535 -0.3451
vn -0.0000 -0.7660 -0.6428
vn -0.0010 -0.7668 -0.6419
vn 0.7706 -0.6201 -0.1475
vn -0.0002 -0.7661 0.6427
vn -0.0015 -0.7663 0.6425
vn 0.8239 -0.4532 0.3404
vn 0.8233 -0.4546 0.3399
vn -0.0000 -0.6427 0.7661
vn -0.0000 -0.6428 0.7660
vn -0.0000 -0.6428 0.7661
vn 0.0012 -0.6337 0.7736
vn 0.0024 -0.6349 0.7726
vn -0.0000 0.6428 -0.7660
vn -0.0000 -0.6427 -0.7661
vn -0.0000 -0.6428 -0.7661
vn -0.2571 -0.6188 -0.7423
vn -0.2556 -0.6214 -0.7407
vn -0.7065 -0.4523 -0.5443
vn -0.7056 -0.4524 -0.5453
vn -0.9678 0.1620 0.1928
vn -0.9678 0.1620 0.1929
vn -0.9685 -0.1576 -0.1927
vn -0.7060 -0.4519 -0.5453
vn -0.9678 -0.1616 -0.1931
vn -0.0038 -0.7663 0.6425
vn -0.0005 -0.7658 0.6430
vn 0.0048 -0.7678 0.6407
vn -0.2586 -0.6213 0.7397
vn -0.2638 -0.6124 0.7452
vn 0.1100 -0.4473 -0.8876
vn 0.5141 -0.6192 -0.5936
vn 0.5128 -0.6202 -0.5936
vn 0.5143 -0.6195 -0.5931
vn -0.6577 0.1624 -0.7356
vn -0.6584 0.1713 -0.7330
vn -0.3143 -0.1716 -0.9337
vn 0.1109 -0.4580 -0.8820
vn -0.3162 -0.1624 -0.9347
vn -0.8208 0.4531 -0.3478
vn -0.8212 0.4480 -0.3533
vn -0.8237 0.4488 -0.3465
vn -0.5623 -0.7624 0.3203
vn -0.5557 -0.7668 0.3212
vn -0.3220 -0.1512 0.9346
vn 0.1196 -0.4514 0.8842
vn -0.5539 -0.7673 0.3232
vn -0.5578 -0.7657 0.3203
vn -0.2586 0.6206 -0.7402
vn -0.2590 0.6208 -0.7399
vn -0.0127 -0.7695 -0.6386
vn -0.7069 0.4577 -0.5392
vn -0.7024 0.4568 -0.5458
vn 0.0068 -0.7657 -0.6432
vn 0.0043 -0.7666 -0.6421
vn 0.0004 -0.7668 -0.6419
vn -0.9665 0.1665 -0.1953
vn -0.9666 0.1662 -0.1951
vn 0.0238 -0.7693 -0.6384
vn -0.9677 -0.1602 0.1948
vn -0.9666 -0.1660 0.1955
vn -0.9665 0.1663 -0.1956
vn -0.7061 -0.4511 0.5458
vn -0.7024 -0.4586 0.5444
vn -0.7058 -0.4515 0.5458
vn -0.0000 -0.0082 -1.0000
vn -0.0000 -0.0000 1.0000
vn -0.0000 -0.7012 -0.7129
vn -0.0000 -1.0000 -0.0000
vn -1.0000 -0.0000 -0.0000
vn 1.0000 -0.0000 -0.0000
vn 1.0000 0.0001 -0.0000
vn -0.0000 0.6427 0.7661
vn -0.7071 0.4546 0.5416
vn -0.2578 0.6210 0.7402
vn 0.2523 0.6219 0.7413
vn 0.7162 0.4485 0.5347
vn -0.1191 -0.4585 0.8807
vn -0.5108 -0.6218 0.5937
vn -0.5147 -0.6179 0.5944
vn -0.5099 -0.6202 0.5961
vn 0.5566 -0.7641 -0.3261
vn 0.5592 -0.7615 -0.3278
vn 0.5558 -0.7672 -0.3200
vn 0.6613 0.6452 -0.3825
vn 0.8216 0.4560 0.3421
vn 0.8216 0.4556 0.3426
vn -0.6660 -0.6397 0.3837
vn 0.7696 0.6215 -0.1462
vn 0.7694 0.6221 -0.1449
vn 0.5575 -0.7670 -0.3176
vn 0.5573 -0.7669 -0.3184
vn -0.8237 -0.4534 -0.3405
vn -0.8240 -0.4526 -0.3408
vn -0.7707 -0.6200 0.1471
vn -0.7697 -0.6212 0.1473
vn 0.5563 -0.7662 -0.3216
vn 0.5561 -0.7669 -0.3205
vn 0.5561 -0.7662 -0.3219
vn 0.6624 0.6441 -0.3825
vn 0.6613 0.6453 -0.3824
vn 0.6627 0.6439 -0.3824
vn 0.5130 0.6225 -0.5911
vn -0.6634 -0.6428 0.3830
vn -0.6663 -0.6391 0.3841
vn 0.8219 0.4557 0.3418
vn -0.6524 -0.1644 -0.7398
vn -0.6523 -0.1565 -0.7416
vn -0.3144 0.1701 -0.9339
vn -0.3174 0.1599 -0.9347
vn 0.7068 -0.4536 0.5428
vn 0.7068 -0.4536 0.5429
vn 0.2580 -0.6195 0.7414
vn 0.2570 -0.6212 0.7403
vn 0.5594 -0.7657 -0.3174
vn 0.5552 -0.7657 -0.3246
vn 0.5538 -0.7672 -0.3236
vn 0.5704 -0.7601 -0.3113
vn 0.1079 0.4551 -0.8839
vn 0.1215 0.4535 -0.8829
vn 0.5149 0.6190 -0.5930
vn 0.5111 0.6193 -0.5960
vn 0.0013 -0.7660 -0.6428
vn 0.0016 -0.7660 -0.6428
vn 0.7071 0.4550 -0.5413
vn 0.7064 0.4549 -0.5423
vn 0.2586 0.6208 -0.7401
vn 0.2588 0.6209 -0.7400
vn 0.6501 0.1674 0.7411
vn 0.6496 0.1605 0.7432
vn -0.0090 -0.7699 -0.6381
vn 0.9665 0.1650 -0.1967
vn 0.9662 0.1661 -0.1974
vn 0.9671 -0.1634 0.1951
vn 0.7067 -0.4536 0.5429
vn -0.0004 -0.7660 -0.6428
vn 0.0032 -0.7621 -0.6475
vn 0.9665 0.1658 -0.1961
vn 0.9666 -0.1660 0.1954
vn -0.8227 -0.4544 0.3415
vn -0.8240 -0.4512 0.3426
vn 0.8225 0.4507 -0.3470
vn 0.7714 0.6204 0.1418
vn 0.7717 0.6194 0.1442
vn 0.5544 -0.7671 0.3228
vn 0.5584 -0.7654 0.3199
vn 0.8222 0.4512 -0.3470
vn 0.8223 0.4506 -0.3477
vn -0.6651 -0.6408 -0.3834
vn -0.1214 -0.4578 -0.8807
vn -0.5125 -0.6206 -0.5935
vn 0.5562 -0.7653 0.3240
vn 0.5496 -0.7697 0.3248
vn -0.5137 -0.6193 -0.5938
vn -0.5122 -0.6199 -0.5944
vn -0.7687 -0.6229 -0.1451
vn -0.7739 -0.6167 -0.1440
vn 0.6642 0.6411 0.3844
vn 0.6643 0.6404 0.3854
vn 0.5141 0.6177 0.5950
vn 0.5562 -0.7660 0.3224
vn 0.5565 -0.7660 0.3219
vn 0.6650 0.6398 0.3852
vn 0.6641 0.6408 0.3851
vn -0.6713 -0.6321 -0.3872
vn -0.6664 -0.6383 -0.3853
vn -0.6669 -0.6374 -0.3860
vn 0.5566 -0.7659 0.3218
vn 0.5576 -0.7648 0.3229
vn 0.5596 -0.7659 0.3166
vn 0.3150 -0.1551 -0.9363
vn -0.1208 -0.4506 -0.8845
vn 0.1154 0.4547 0.8831
vn 0.1258 0.4535 0.8823
vn 0.5140 0.6170 0.5959
vn 0.5138 0.6170 0.5961
vn 0.2584 -0.6228 -0.7385
vn 0.2596 -0.6207 -0.7398
vn 0.5574 -0.7643 0.3242
vn -0.6501 -0.1635 0.7421
vn -0.6501 -0.1601 0.7428
vn 0.5564 -0.7681 0.3168
vn 0.5603 -0.7615 0.3259
vn -0.3162 0.1624 0.9347
vn -0.3173 0.1584 0.9350
vn 0.7074 -0.4555 -0.5405
vn 0.7063 -0.4556 -0.5417
vn 0.3157 -0.1574 0.9357
vn -0.1186 -0.4522 0.8840
vn 0.3144 -0.1642 0.9350
vn 0.3139 -0.1604 -0.9358
vn 0.6564 0.1641 -0.7363
vn 0.6572 0.1736 -0.7335
vn 0.9659 0.1662 0.1984
vn 0.9678 -0.1620 -0.1928
vn 0.7071 -0.4546 -0.5416
vn -0.0017 -0.7661 0.6427
vn 0.0012 -0.7656 0.6433
s 0
f 1411//1168 1521//1168 1522//1168
f 1411//1169 1522//1169 1409//1169
f 1409//1170 1522//1170 1523//1170
f 1409//1171 1523//1171 1408//1171
f 1520//1172 1521//1172 1411//1172
f 1520//1173 1411//1173 1410//1173
f 1516//1174 1410//1174 1411//1174
f 1516//1175 1411//1175 1409//1175
f 1479//1176 1520//1176 1410//1176
f 1479//1177 1410//1177 1389//1177
f 1414//1178 1527//1178 1528//1178
f 1414//1179 1528//1179 1529//1179
f 1392//1180 1525//1180 1414//1180
f 1392//1181 1414//1181 1391//1181
f 1526//1182 1527//1182 1414//1182
f 1526//1183 1414//1183 1413//1183
f 1524//1184 1515//1184 1408//1184
f 1524//1185 1408//1185 1523//1185
f 1414//1186 1525//1186 1412//1186
f 1414//1187 1412//1187 1413//1187
f 1408//1188 1515//1188 1514//1188
f 1408//1189 1514//1189 1406//1189
f 1516//1190 1409//1190 1408//1190
f 1516//1191 1408//1191 1403//1191
f 1403//1192 1408//1192 1406//1192
f 1403//1193 1406//1193 1402//1193
f 1513//1194 1511//1194 1407//1194
f 1513//1195 1407//1195 1406//1195
f 1513//1196 1406//1196 1514//1196
f 1390//1197 1389//1197 1516//1197
f 1390//1198 1516//1198 1480//1198
f 1516//1199 1519//1199 1480//1199
f 1410//1200 1516//1200 1389//1200
f 1517//1201 1518//1201 1516//1201
f 1517//1202 1516//1202 1403//1202
f 1508//1203 1517//1203 1403//1203
f 1415//1204 1391//1204 1414//1204
f 1412//1205 1534//1205 1539//1205
f 1412//1206 1539//1206 1420//1206
f 1418//1207 1540//1207 1541//1207
f 1418//1208 1541//1208 1413//1208
f 1510//1209 1405//1209 1420//1209
f 1510//1210 1420//1210 1539//1210
f 1419//1211 1412//1211 1404//1211
f 1412//1212 1420//1212 1405//1212
f 1412//1213 1405//1213 1404//1213
f 1544//1214 1543//1214 1419//1214
f 1544//1215 1419//1215 1404//1215
f 1544//1216 1404//1216 1509//1216
f 1543//1217 1542//1217 1419//1217
f 1541//1218 1526//1218 1413//1218
f 1542//1219 1540//1219 1418//1219
f 1542//1220 1418//1220 1419//1220
f 1415//1221 1532//1221 1481//1221
f 1415//1222 1481//1222 1391//1222
f 1416//1223 1531//1223 1532//1223
f 1416//1224 1532//1224 1415//1224
f 1414//1225 1417//1225 1416//1225
f 1414//1226 1416//1226 1415//1226
f 1530//1227 1531//1227 1416//1227
f 1530//1228 1416//1228 1417//1228
f 1529//1229 1530//1229 1417//1229
f 1529//1230 1417//1230 1414//1230
f 1538//1231 1525//1231 1537//1231
f 1412//1232 1419//1232 1418//1232
f 1412//1233 1418//1233 1413//1233
f 1537//1234 1525//1234 1392//1234
f 1537//1235 1392//1235 1482//1235
f 1412//1236 1525//1236 1533//1236
f 1412//1237 1533//1237 1534//1237
f 1525//1231 1536//1231 1535//1231
f 1525//1231 1535//1231 1533//1231
f 1391//1238 1481//1238 1482//1238
f 1391//1239 1482//1239 1392//1239
f 1484//1240 1485//1240 1483//1240
f 1484//1241 1483//1241 1393//1241
f 1480//1242 1478//1242 1390//1242
f 1462//1243 1461//1243 1472//1243
f 1462//1244 1472//1244 1386//1244
f 1478//1245 1479//1245 1389//1245
f 1478//1246 1389//1246 1390//1246
f 1492//1247 1493//1247 1483//1247
f 1492//1248 1483//1248 1491//1248
f 1494//1249 1491//1249 1483//1249
f 1393//1250 1483//1250 1489//1250
f 1393//1251 1489//1251 1490//1251
f 1484//1252 1486//1252 1487//1252
f 1484//1252 1487//1252 1485//1252
f 1486//1252 1484//1252 1488//1252
f 1462//1253 1469//1253 1468//1253
f 1462//1254 1468//1254 1463//1254
f 1462//1253 1467//1253 1470//1253
f 1462//1254 1470//1254 1471//1254
f 1386//1255 1466//1255 1467//1255
f 1386//1256 1467//1256 1462//1256
f 1463//1243 1464//1243 1461//1243
f 1463//1243 1461//1243 1462//1243
f 1465//1257 1466//1257 1386//1257
f 1465//1258 1386//1258 1387//1258
f 1473//1259 1477//1259 1474//1259
f 1473//1260 1474//1260 1388//1260
f 1387//1261 1388//1261 1476//1261
f 1387//1262 1476//1262 1465//1262
f 1475//1263 1476//1263 1388//1263
f 1475//1259 1388//1259 1474//1259
f 1386//1264 1472//1264 1387//1264
f 1472//1265 1473//1265 1388//1265
f 1472//1266 1388//1266 1387//1266
f 1490//1267 1495//1267 1394//1267
f 1490//1268 1394//1268 1393//1268
f 1402//1269 1399//1269 1504//1269
f 1402//1270 1504//1270 1507//1270
f 1507//1271 1508//1271 1403//1271
f 1507//1272 1403//1272 1402//1272
f 1401//1273 1506//1273 1505//1273
f 1401//1274 1505//1274 1400//1274
f 1399//1275 1400//1275 1503//1275
f 1399//1276 1503//1276 1504//1276
f 1400//1277 1505//1277 1503//1277
f 1407//1278 1511//1278 1512//1278
f 1407//1279 1512//1279 1401//1279
f 1506//1280 1401//1280 1512//1280
f 1406//1281 1407//1281 1401//1281
f 1406//1282 1401//1282 1400//1282
f 1509//1283 1404//1283 1405//1283
f 1509//1284 1405//1284 1510//1284
f 1399//1285 1402//1285 1406//1285
f 1399//1286 1406//1286 1400//1286
f 1396//1287 1497//1287 1498//1287
f 1396//1288 1498//1288 1484//1288
f 1397//1289 1395//1289 1394//1289
f 1395//1290 1496//1290 1497//1290
f 1395//1291 1497//1291 1396//1291
f 1395//1292 1396//1292 1393//1292
f 1395//1293 1393//1293 1394//1293
f 1396//1294 1484//1294 1393//1294
f 1502//1295 1496//1295 1395//1295
f 1502//1296 1395//1296 1398//1296
f 1398//1297 1395//1297 1397//1297
f 1398//1298 1397//1298 1500//1298
f 1398//1299 1500//1299 1501//1299
f 1398//1300 1501//1300 1502//1300
f 1495//1301 1499//1301 1397//1301
f 1495//1302 1397//1302 1394//1302
f 1500//1303 1397//1303 1499//1303
f 1423//1304 1557//1304 1556//1304
f 1423//1304 1556//1304 1424//1304
f 1426//1305 1558//1305 1559//1305
f 1426//1305 1559//1305 1427//1305
f 1424//1306 1425//1306 1422//1306
f 1424//1306 1422//1306 1423//1306
f 1425//1307 1426//1307 1427//1307
f 1425//1307 1427//1307 1422//1307
f 1427//1308 1559//1308 1557//1308
f 1427//1308 1557//1308 1423//1308
f 1427//1308 1423//1308 1422//1308
f 1556//1309 1558//1309 1426//1309
f 1556//1310 1426//1310 1424//1310
f 1424//1309 1426//1309 1425//1309
f 1464//1311 1548//1311 1547//1311
f 1464//1311 1547//1311 1461//1311
f 1548//1311 1464//1311 1549//1311
f 1545//1312 1477//1312 1473//1312
f 1545//1312 1473//1312 1472//1312
f 1472//1313 1461//1313 1546//1313
f 1472//1313 1546//1313 1545//1313
f 1421//1314 1554//1314 1555//1314
f 1421//1314 1555//1314 1464//1314
f 1464//1243 1550//1243 1552//1243
f 1464//1243 1552//1243 1421//1243
f 1550//1243 1464//1243 1551//1243
f 1552//1315 1553//1315 1554//1315
f 1552//1315 1554//1315 1421//1315
f 1452//1316 1439//1316 1578//1316
f 1452//1317 1578//1317 1602//1317
f 1602//1318 1603//1318 1446//1318
f 1602//1319 1446//1319 1452//1319
f 1440//1320 1446//1320 1451//1320
f 1439//1321 1452//1321 1446//1321
f 1439//1322 1446//1322 1440//1322
f 1604//1323 1445//1323 1599//1323
f 1450//1324 1605//1324 1606//1324
f 1450//1325 1606//1325 1451//1325
f 1603//1326 1594//1326 1446//1326
f 1604//1327 1605//1327 1450//1327
f 1604//1328 1450//1328 1445//1328
f 1450//1329 1451//1329 1446//1329
f 1450//1330 1446//1330 1445//1330
f 1591//1331 1592//1331 1449//1331
f 1591//1332 1449//1332 1448//1332
f 1593//1333 1591//1333 1448//1333
f 1593//1334 1448//1334 1590//1334
f 1590//1335 1447//1335 1445//1335
f 1590//1336 1445//1336 1446//1336
f 1590//1337 1448//1337 1447//1337
f 1447//1338 1598//1338 1599//1338
f 1447//1339 1599//1339 1445//1339
f 1601//1340 1598//1340 1447//1340
f 1601//1341 1447//1341 1600//1341
f 1594//1342 1595//1342 1590//1342
f 1594//1343 1590//1343 1446//1343
f 1590//1342 1596//1342 1597//1342
f 1607//1344 1451//1344 1606//1344
f 1592//1345 1616//1345 1458//1345
f 1592//1346 1458//1346 1449//1346
f 1616//1347 1617//1347 1459//1347
f 1616//1348 1459//1348 1458//1348
f 1614//1349 1615//1349 1457//1349
f 1614//1350 1457//1350 1453//1350
f 1457//1351 1615//1351 1494//1351
f 1457//1352 1494//1352 1483//1352
f 1448//1353 1459//1353 1460//1353
f 1448//1354 1460//1354 1447//1354
f 1458//1355 1459//1355 1448//1355
f 1458//1356 1448//1356 1449//1356
f 1459//1357 1617//1357 1618//1357
f 1459//1358 1618//1358 1460//1358
f 1460//1359 1618//1359 1600//1359
f 1460//1360 1600//1360 1447//1360
f 1457//1361 1483//1361 1485//1361
f 1457//1362 1485//1362 1453//1362
f 1608//1363 1609//1363 1455//1363
f 1608//1364 1455//1364 1456//1364
f 1610//1365 1608//1365 1456//1365
f 1610//1366 1456//1366 1485//1366
f 1451//1367 1607//1367 1579//1367
f 1451//1368 1579//1368 1440//1368
f 1453//1369 1485//1369 1454//1369
f 1455//1370 1609//1370 1611//1370
f 1455//1371 1611//1371 1454//1371
f 1453//1372 1454//1372 1613//1372
f 1453//1373 1613//1373 1614//1373
f 1485//1374 1456//1374 1455//1374
f 1485//1375 1455//1375 1454//1375
f 1454//1376 1611//1376 1612//1376
f 1454//1377 1612//1377 1613//1377
f 1434//1378 1589//1378 1568//1378
f 1434//1379 1568//1379 1433//1379
f 1571//1380 1569//1380 1438//1380
f 1437//1381 1570//1381 1562//1381
f 1437//1382 1562//1382 1428//1382
f 1435//1383 1436//1383 1428//1383
f 1435//1384 1428//1384 1431//1384
f 1569//1385 1570//1385 1437//1385
f 1569//1386 1437//1386 1438//1386
f 1572//1387 1430//1387 1566//1387
f 1574//1388 1435//1388 1431//1388
f 1574//1389 1431//1389 1573//1389
f 1438//1390 1437//1390 1428//1390
f 1438//1391 1428//1391 1436//1391
f 1430//1392 1572//1392 1573//1392
f 1430//1393 1573//1393 1431//1393
f 1433//1394 1568//1394 1567//1394
f 1433//1395 1567//1395 1432//1395
f 1562//1396 1560//1396 1428//1396
f 1429//1397 1561//1397 1563//1397
f 1429//1398 1563//1398 1564//1398
f 1430//1399 1431//1399 1428//1399
f 1430//1400 1428//1400 1429//1400
f 1560//1401 1561//1401 1429//1401
f 1560//1402 1429//1402 1428//1402
f 1432//1403 1565//1403 1566//1403
f 1432//1404 1566//1404 1430//1404
f 1565//1405 1432//1405 1567//1405
f 1430//1406 1429//1406 1432//1406
f 1429//1407 1434//1407 1433//1407
f 1429//1408 1433//1408 1432//1408
f 1575//1409 1436//1409 1435//1409
f 1575//1410 1435//1410 1574//1410
f 1586//1411 1587//1411 1442//1411
f 1586//1412 1442//1412 1443//1412
f 1564//1413 1586//1413 1443//1413
f 1564//1414 1443//1414 1429//1414
f 1585//1415 1584//1415 1441//1415
f 1585//1416 1441//1416 1463//1416
f 1585//1253 1463//1253 1468//1253
f 1434//1417 1429//1417 1444//1417
f 1444//1418 1588//1418 1589//1418
f 1444//1419 1589//1419 1434//1419
f 1442//1420 1444//1420 1429//1420
f 1442//1421 1429//1421 1443//1421
f 1442//1422 1587//1422 1588//1422
f 1442//1423 1588//1423 1444//1423
f 1441//1424 1584//1424 1583//1424
f 1441//1425 1583//1425 1551//1425
f 1439//1426 1440//1426 1577//1426
f 1439//1427 1577//1427 1578//1427
f 1440//1428 1579//1428 1577//1428
f 1576//1429 1436//1429 1575//1429
f 1576//1430 1571//1430 1438//1430
f 1576//1431 1438//1431 1436//1431
f 1582//1432 1553//1432 1552//1432
f 1582//1432 1552//1432 1550//1432
f 1580//1433 1550//1433 1551//1433
f 1580//1434 1551//1434 1583//1434
f 1464//1435 1463//1435 1441//1435
f 1464//1436 1441//1436 1551//1436
f 1550//1433 1580//1433 1581//1433
f 1550//1432 1581//1432 1582//1432
o Turret_01_havok_s_armor_5_2
v 0.511362 2.254707 1.996939
v -0.511362 2.254707 1.996939
v -0.759692 2.308941 0.963391
v 0.759692 2.308941 0.963391
v -0.773052 2.389847 0.752852
v 0.773052 2.389847 0.752852
v -0.815521 2.389847 0.542576
v 0.316804 2.389847 0.664500
v 0.533584 2.389847 0.643148
v 0.598451 2.389847 0.608476
v 0.463200 2.389847 0.664500
v 0.390001 2.389847 0.671709
v 0.815521 2.389847 0.542576
v 0.246419 2.389847 0.643149
v 0.181552 2.389847 0.608477
v 0.078034 2.389847 0.504960
v 0.124695 2.389847 0.561816
v -0.823368 2.389847 -0.093360
v 0.043362 2.389847 0.152927
v 0.022011 2.389847 0.223312
v -0.842100 2.389847 0.224887
v -0.838396 2.389847 0.065430
v 0.078034 2.389847 0.088060
v 0.124695 2.389847 0.031203
v 0.181552 2.389847 -0.015457
v 0.823368 2.389847 -0.093360
v 0.838396 2.389847 0.065430
v 0.701968 2.389847 0.088060
v 0.655307 2.389847 0.031203
v 0.757991 2.389847 0.223311
v 0.736640 2.389847 0.152927
v 0.842100 2.389847 0.224887
v 0.765201 2.389847 0.296510
v 0.598451 2.389847 -0.015457
v 0.533584 2.389847 -0.050130
v 0.463199 2.389847 -0.071481
v 0.390001 2.389847 -0.078690
v -0.797094 2.389847 -0.250682
v 0.797095 2.389847 -0.250682
v 0.246419 2.389847 -0.050130
v 0.316804 2.389847 -0.071481
v -0.722157 2.389847 -0.618384
v 0.722157 2.389847 -0.618384
v -0.834462 2.389847 0.384205
v 0.022011 2.389847 0.369707
v 0.014802 2.389847 0.296510
v 0.043362 2.389847 0.440092
v 0.834462 2.389847 0.384205
v 0.757992 2.389847 0.369707
v 0.736641 2.389847 0.440092
v 0.701968 2.389847 0.504959
v 0.655308 2.389847 0.561816
v 0.462662 2.609734 0.405254
v 0.281257 2.609733 0.223849
v 0.297522 2.609733 0.204030
v 0.317341 2.609733 0.187765
v 0.339952 2.609733 0.175680
v 0.364486 2.609733 0.168237
v 0.390001 2.609733 0.165724
v 0.415516 2.609733 0.168237
v 0.261729 2.609734 0.270994
v 0.269171 2.609733 0.246460
v 0.261729 2.609734 0.322024
v 0.259216 2.609734 0.296510
v 0.269171 2.609734 0.346559
v 0.281257 2.609734 0.369170
v 0.317341 2.609734 0.405254
v 0.297522 2.609734 0.388989
v 0.364486 2.609734 0.424782
v 0.339952 2.609734 0.417340
v 0.415516 2.609734 0.424782
v 0.390001 2.609734 0.427296
v 0.510832 2.609733 0.246460
v 0.518274 2.609734 0.270994
v 0.498746 2.609733 0.223849
v 0.520788 2.609734 0.296510
v 0.518274 2.609734 0.322024
v 0.510832 2.609734 0.346559
v 0.498746 2.609734 0.369170
v 0.482481 2.609734 0.388989
v 0.462662 2.609733 0.187765
v 0.482481 2.609733 0.204030
v 0.440051 2.609733 0.175680
v 0.440051 2.609734 0.417340
vn -0.0000 -1.0000 -0.0000
vn -0.0000 -0.9334 -0.3587
vn -0.0000 -0.9986 -0.0524
s 0
f 1675//1437 1676//1437 1671//1437
f 1675//1437 1671//1437 1674//1437
f 1673//1437 1674//1437 1671//1437
f 1673//1437 1671//1437 1672//1437
f 1677//1437 1678//1437 1671//1437
f 1677//1437 1671//1437 1676//1437
f 1671//1437 1681//1437 1682//1437
f 1671//1437 1682//1437 1679//1437
f 1671//1437 1679//1437 1680//1437
f 1671//1437 1680//1437 1672//1437
f 1631//1437 1628//1437 1670//1437
f 1631//1437 1670//1437 1669//1437
f 1665//1437 1634//1437 1625//1437
f 1665//1437 1625//1437 1663//1437
f 1639//1437 1638//1437 1664//1437
f 1639//1437 1664//1437 1663//1437
f 1650//1437 1666//1437 1667//1437
f 1650//1437 1667//1437 1651//1437
f 1669//1437 1668//1437 1666//1437
f 1669//1437 1666//1437 1631//1437
f 1668//1437 1667//1437 1666//1437
f 1697//1437 1698//1437 1671//1437
f 1697//1437 1671//1437 1696//1437
f 1696//1437 1671//1437 1695//1437
f 1671//1437 1699//1437 1700//1437
f 1671//1437 1700//1437 1693//1437
f 1689//1437 1671//1437 1702//1437
f 1701//1437 1699//1437 1671//1437
f 1701//1437 1671//1437 1678//1437
f 1694//1437 1695//1437 1671//1437
f 1694//1437 1671//1437 1692//1437
f 1671//1437 1685//1437 1686//1437
f 1671//1437 1686//1437 1684//1437
f 1671//1437 1684//1437 1683//1437
f 1671//1437 1683//1437 1681//1437
f 1671//1437 1687//1437 1688//1437
f 1671//1437 1688//1437 1685//1437
f 1671//1437 1693//1437 1691//1437
f 1671//1437 1691//1437 1692//1437
f 1671//1437 1689//1437 1690//1437
f 1671//1437 1690//1437 1687//1437
f 1625//1437 1662//1437 1639//1437
f 1625//1437 1639//1437 1663//1437
f 1635//1437 1633//1437 1625//1437
f 1635//1437 1625//1437 1634//1437
f 1632//1437 1626//1437 1625//1437
f 1632//1437 1625//1437 1633//1437
f 1638//1437 1639//1437 1636//1437
f 1638//1437 1636//1437 1637//1437
f 1637//1437 1636//1437 1641//1437
f 1640//1437 1636//1437 1639//1437
f 1624//1437 1628//1437 1631//1437
f 1623//1438 1624//1438 1622//1438
f 1623//1438 1622//1438 1621//1438
f 1621//1439 1622//1439 1619//1439
f 1621//1439 1619//1439 1620//1439
f 1625//1437 1626//1437 1624//1437
f 1625//1437 1624//1437 1623//1437
f 1624//1437 1626//1437 1630//1437
f 1624//1437 1630//1437 1629//1437
f 1627//1437 1628//1437 1624//1437
f 1627//1437 1624//1437 1629//1437
f 1656//1437 1657//1437 1644//1437
f 1656//1437 1644//1437 1636//1437
f 1644//1437 1653//1437 1654//1437
f 1644//1437 1654//1437 1655//1437
f 1658//1437 1643//1437 1636//1437
f 1658//1437 1636//1437 1659//1437
f 1660//1437 1661//1437 1657//1437
f 1660//1437 1657//1437 1656//1437
f 1636//1437 1644//1437 1655//1437
f 1636//1437 1655//1437 1659//1437
f 1644//1437 1647//1437 1652//1437
f 1644//1437 1652//1437 1653//1437
f 1646//1437 1647//1437 1644//1437
f 1646//1437 1644//1437 1645//1437
f 1642//1437 1641//1437 1636//1437
f 1642//1437 1636//1437 1643//1437
f 1645//1437 1650//1437 1648//1437
f 1645//1437 1648//1437 1649//1437
f 1651//1437 1648//1437 1650//1437
f 1649//1437 1646//1437 1645//1437
o Turret_01_havok_s_armor_3_3
v -1.318549 1.589926 0.302980
v -0.815521 2.389848 0.542576
v -0.773053 2.389848 0.752853
v -1.078699 1.589926 1.196973
v -0.759692 2.308941 0.963391
v -1.038813 1.648106 1.230648
v -1.344592 1.589926 0.174036
v -0.834462 2.389848 0.384205
v -1.076476 1.589926 0.478483
v -1.076476 1.540552 0.478483
v -1.136766 1.540552 0.333419
v -1.136766 1.589926 0.333419
v -1.177605 1.540552 0.181728
v -1.177605 1.589926 0.181728
v -1.354522 1.589926 0.098027
v -0.842099 2.389848 0.224888
v -1.359794 1.589926 -0.006073
v -0.838395 2.389848 0.065430
v 0.022011 2.400475 0.369708
v 0.022011 2.389848 0.369708
v 0.014802 2.389848 0.296510
v 0.014802 2.400475 0.296510
v 0.022011 2.389848 0.223312
v 0.022011 2.400475 0.223312
v -0.511362 2.254707 1.996939
v -0.827375 1.725952 1.865119
v -0.797095 2.389848 -0.250681
v -1.344568 1.589926 -0.213616
v -1.325649 1.589924 -0.317906
v -0.931035 2.011787 -0.618254
v -1.356396 1.589926 -0.110214
v -0.823368 2.389848 -0.093360
v -1.252158 1.589924 -0.532589
v -1.077741 1.540551 -0.583858
v -1.077741 1.589925 -0.583858
v -1.137684 1.589926 -0.438652
v -1.137684 1.540551 -0.438652
v -1.178162 1.589926 -0.286863
v -1.178162 1.540552 -0.286863
v -0.999356 1.589925 -0.719998
v -0.999356 1.540551 -0.719998
v -1.198482 1.589926 -0.131089
v -1.198482 1.540552 -0.131089
v -1.198295 1.540552 0.026003
v -1.198295 1.589926 0.026003
v -0.721888 2.255380 -0.984196
v -1.044767 1.589926 -0.902990
v -0.722158 2.389848 -0.618384
v 1.318549 1.589926 0.302980
v 1.078699 1.589926 1.196973
v 0.773053 2.389848 0.752853
v 0.815521 2.389848 0.542576
v 1.038813 1.648106 1.230648
v 0.759693 2.308941 0.963391
v 0.757992 2.400475 0.369707
v 0.757992 2.389848 0.369707
v 0.736641 2.389848 0.440092
v 0.736641 2.400475 0.440092
v 0.511362 2.254707 1.996939
v 0.827375 1.725952 1.865119
v 1.325649 1.589924 -0.317906
v 1.344568 1.589926 -0.213616
v 0.797095 2.389848 -0.250681
v 0.931035 2.011787 -0.618254
v 1.252158 1.589924 -0.532589
v 1.076475 1.540551 -0.586421
v 1.076475 1.589926 -0.586421
v 0.997767 1.589926 -0.722374
v 0.997767 1.540551 -0.722374
v 1.136764 1.540551 -0.441357
v 1.136764 1.589924 -0.441357
v 1.177603 1.540552 -0.289665
v 1.177603 1.589924 -0.289665
v 1.198294 1.540552 -0.133941
v 1.198294 1.589926 -0.133941
v 0.721893 2.255386 -0.984178
v 1.044767 1.589926 -0.902990
v 0.722158 2.389848 -0.618384
v 1.359794 1.589926 -0.006073
v 1.354522 1.589926 0.098027
v 0.842100 2.389848 0.224888
v 0.838395 2.389848 0.065430
v 1.356396 1.589926 -0.110214
v 0.823369 2.389848 -0.093360
v 1.137683 1.589926 0.330714
v 1.137683 1.540552 0.330714
v 1.077738 1.540552 0.475921
v 1.077738 1.589926 0.475921
v 1.178161 1.589926 0.178926
v 1.178161 1.540552 0.178926
v 1.198481 1.589926 0.023152
v 1.198481 1.540552 0.023152
v 0.834462 2.389848 0.384205
v 1.344592 1.589926 0.174036
v 0.757991 2.400475 0.223312
v 0.757991 2.389848 0.223312
v 0.765201 2.389848 0.296510
v 0.765201 2.400475 0.296510
v 0.736641 2.400475 0.152927
v 0.736641 2.389848 0.152927
v 0.623344 2.541498 0.140595
v 0.625802 2.508998 0.138953
v 0.652009 2.508998 0.187983
v 0.649278 2.541498 0.189114
v 0.668146 2.508999 0.241183
v 0.665248 2.541499 0.241759
v 0.673595 2.508999 0.296510
v 0.670641 2.541499 0.296510
v 0.668146 2.508999 0.351836
v 0.665249 2.541499 0.351259
v 0.649279 2.541499 0.403905
v 0.652009 2.508999 0.405036
v 0.625802 2.508999 0.454066
v 0.623344 2.541499 0.452425
v 0.590533 2.508999 0.497041
v 0.588444 2.541499 0.494951
v 0.701969 2.400475 0.504959
v 0.701969 2.389848 0.504959
v 0.655308 2.389848 0.561815
v 0.655308 2.400475 0.561815
v 0.701968 2.400475 0.088060
v 0.701968 2.389848 0.088060
v 0.043362 2.389848 0.152927
v 0.043362 2.400475 0.152927
v 0.043362 2.400475 0.440092
v 0.043362 2.389848 0.440092
v 0.078034 2.389848 0.088060
v 0.078034 2.400475 0.088060
v 0.124696 2.400475 0.561816
v 0.124696 2.389848 0.561816
v 0.078034 2.389848 0.504959
v 0.078034 2.400475 0.504959
v 0.127995 2.508999 0.405036
v 0.130725 2.541499 0.403906
v 0.156658 2.541499 0.452425
v 0.154202 2.508999 0.454066
v 0.111856 2.508999 0.351836
v 0.114754 2.541499 0.351259
v 0.106407 2.508999 0.296510
v 0.109362 2.541499 0.296510
v 0.111856 2.508999 0.241183
v 0.114754 2.541499 0.241759
v 0.130725 2.541498 0.189114
v 0.127995 2.508998 0.187983
v 0.154202 2.508998 0.138953
v 0.156658 2.541498 0.140595
v 0.191560 2.541499 0.494951
v 0.189470 2.508999 0.497041
vn -0.9569 -0.0000 0.2903
vn -0.8783 -0.0901 0.4695
vn -0.9952 -0.0000 0.0980
vn -0.9952 -0.0000 -0.0980
vn -0.9911 -0.0901 -0.0976
vn -0.8783 -0.0901 -0.4695
vn -0.9530 -0.0901 0.2891
vn -0.9911 -0.0901 0.0976
vn -0.8443 -0.5344 -0.0405
vn -0.8509 -0.5134 -0.1112
vn -0.8275 -0.5534 0.0947
vn -0.8204 -0.5551 0.1370
vn -0.9243 -0.0000 -0.3816
vn -0.8368 -0.5472 0.0194
vn -0.8443 -0.5341 -0.0428
vn -0.8288 -0.5540 0.0784
vn -0.8363 -0.5476 0.0273
vn -1.0000 -0.0000 0.0012
vn -0.8507 -0.5158 -0.1017
vn -0.8563 -0.4867 -0.1730
vn -0.9662 -0.0000 -0.2577
vn -0.9916 -0.0000 -0.1293
vn 0.9530 -0.0901 -0.2891
vn 0.9911 -0.0901 -0.0976
vn 0.8819 -0.0000 -0.4714
vn 0.8783 -0.0901 -0.4695
vn 0.9530 -0.0901 0.2891
vn 0.7699 -0.0901 -0.6318
vn 0.9911 -0.0901 0.0976
vn 0.8783 -0.0901 0.4695
vn 0.7730 -0.0000 -0.6344
vn -0.7730 -0.0000 -0.6344
vn -0.8819 -0.0000 -0.4714
vn -0.9530 -0.0901 -0.2891
vn -0.9531 -0.0901 -0.2891
vn -0.7699 -0.0901 -0.6318
vn 0.9569 -0.0000 -0.2903
vn 0.8819 -0.0000 0.4714
vn -0.8819 -0.0000 0.4714
vn 0.9569 -0.0000 0.2903
vn 0.8288 -0.5540 0.0784
vn 0.8363 -0.5476 0.0273
vn 0.8275 -0.5534 0.0947
vn 0.8204 -0.5551 0.1370
vn 0.8595 -0.4562 -0.2305
vn 0.8193 -0.5538 0.1486
vn 0.7919 -0.5462 0.2732
vn 0.9662 -0.0000 0.2577
vn 0.8666 -0.0000 0.4990
vn 0.7917 -0.5476 0.2710
vn 0.9243 -0.0000 0.3816
vn 0.9952 -0.0000 0.0980
vn 0.8507 -0.5158 -0.1017
vn 0.8563 -0.4867 -0.1730
vn 0.9234 -0.0000 -0.3838
vn 0.8563 -0.4867 -0.1729
vn 0.8594 -0.4564 -0.2306
vn 0.8596 -0.4561 -0.2301
vn 0.8597 -0.4561 -0.2298
vn 0.8368 -0.5472 0.0194
vn 0.8443 -0.5341 -0.0428
vn 0.9952 -0.0000 -0.0980
vn 0.9656 -0.0000 -0.2600
vn 0.8443 -0.5344 -0.0405
vn 0.8509 -0.5134 -0.1112
vn -0.8654 -0.0000 0.5010
vn -0.9234 -0.0000 0.3838
vn -0.8193 -0.5538 0.1486
vn -0.7919 -0.5462 0.2732
vn -0.7917 -0.5476 0.2710
vn -0.8847 -0.4000 0.2393
vn -0.8617 -0.4760 0.1756
vn -0.9656 -0.0000 0.2600
vn -0.9913 -0.0000 0.1317
vn -0.8595 -0.4562 -0.2305
vn 0.9913 -0.0000 -0.1317
vn 0.8847 -0.4000 0.2393
vn 0.9916 -0.0000 0.1293
vn 1.0000 -0.0000 -0.0012
vn -0.8596 -0.4561 -0.2301
vn -0.8597 -0.4561 -0.2298
vn -0.9569 -0.0000 -0.2903
vn 0.8617 -0.4760 0.1756
vn -0.8594 -0.4564 -0.2306
vn -0.8563 -0.4867 -0.1729
s 0
f 1801//1440 1802//1440 1798//1440
f 1801//1440 1798//1440 1797//1440
f 1805//1441 1806//1441 1803//1441
f 1805//1441 1803//1441 1804//1441
f 1799//1442 1800//1442 1797//1442
f 1799//1442 1797//1442 1798//1442
f 1800//1443 1799//1443 1758//1443
f 1800//1443 1758//1443 1757//1443
f 1811//1444 1812//1444 1810//1444
f 1811//1444 1810//1444 1809//1444
f 1815//1445 1816//1445 1813//1445
f 1815//1445 1813//1445 1814//1445
f 1807//1446 1808//1446 1806//1446
f 1807//1446 1806//1446 1805//1446
f 1809//1447 1810//1447 1808//1447
f 1809//1447 1808//1447 1807//1447
f 1795//1448 1783//1448 1782//1448
f 1795//1449 1782//1449 1796//1449
f 1764//1450 1785//1450 1786//1450
f 1764//1451 1786//1451 1765//1451
f 1789//1452 1790//1452 1787//1452
f 1789//1452 1787//1452 1788//1452
f 1783//1453 1784//1453 1781//1453
f 1783//1454 1781//1454 1782//1454
f 1784//1455 1786//1455 1785//1455
f 1784//1456 1785//1456 1781//1456
f 1794//1457 1793//1457 1777//1457
f 1794//1457 1777//1457 1776//1457
f 1754//1458 1795//1458 1796//1458
f 1754//1459 1796//1459 1751//1459
f 1791//1460 1792//1460 1788//1460
f 1791//1460 1788//1460 1787//1460
f 1791//1461 1793//1461 1794//1461
f 1791//1461 1794//1461 1792//1461
f 1839//1462 1840//1462 1836//1462
f 1839//1462 1836//1462 1835//1462
f 1841//1463 1842//1463 1840//1463
f 1841//1463 1840//1463 1839//1463
f 1834//1464 1833//1464 1828//1464
f 1834//1464 1828//1464 1827//1464
f 1837//1465 1838//1465 1835//1465
f 1837//1465 1835//1465 1836//1465
f 1846//1466 1845//1466 1844//1466
f 1846//1466 1844//1466 1843//1466
f 1849//1467 1850//1467 1838//1467
f 1849//1467 1838//1467 1837//1467
f 1843//1468 1844//1468 1842//1468
f 1843//1468 1842//1468 1841//1468
f 1847//1469 1848//1469 1845//1469
f 1847//1469 1845//1469 1846//1469
f 1833//1470 1834//1470 1831//1470
f 1833//1470 1831//1470 1832//1470
f 1821//1471 1822//1471 1819//1471
f 1821//1471 1819//1471 1820//1471
f 1820//1472 1819//1472 1760//1472
f 1820//1472 1760//1472 1759//1472
f 1814//1473 1813//1473 1812//1473
f 1814//1474 1812//1474 1811//1474
f 1817//1475 1818//1475 1816//1475
f 1817//1475 1816//1475 1815//1475
f 1827//1476 1828//1476 1722//1476
f 1827//1476 1722//1476 1721//1476
f 1829//1477 1830//1477 1826//1477
f 1829//1477 1826//1477 1825//1477
f 1823//1478 1824//1478 1802//1478
f 1823//1478 1802//1478 1801//1478
f 1825//1479 1826//1479 1726//1479
f 1825//1479 1726//1479 1725//1479
f 1733//1480 1734//1480 1720//1480
f 1733//1481 1720//1481 1719//1481
f 1734//1482 1733//1482 1730//1482
f 1734//1483 1730//1483 1729//1483
f 1727//1484 1728//1484 1708//1484
f 1727//1484 1708//1484 1707//1484
f 1729//1485 1730//1485 1731//1485
f 1729//1486 1731//1486 1732//1486
f 1740//1487 1741//1487 1739//1487
f 1740//1487 1739//1487 1738//1487
f 1736//1488 1743//1488 1742//1488
f 1736//1488 1742//1488 1737//1488
f 1735//1489 1732//1489 1731//1489
f 1738//1490 1739//1490 1736//1490
f 1738//1490 1736//1490 1737//1490
f 1725//1491 1726//1491 1724//1491
f 1725//1491 1724//1491 1723//1491
f 1709//1492 1710//1492 1704//1492
f 1709//1493 1704//1493 1703//1493
f 1713//1494 1714//1494 1711//1494
f 1713//1494 1711//1494 1712//1494
f 1703//1495 1704//1495 1705//1495
f 1703//1496 1705//1496 1706//1496
f 1707//1497 1708//1497 1706//1497
f 1707//1498 1706//1498 1705//1498
f 1719//1499 1720//1499 1718//1499
f 1719//1500 1718//1500 1717//1500
f 1723//1501 1724//1501 1721//1501
f 1723//1501 1721//1501 1722//1501
f 1715//1502 1716//1502 1714//1502
f 1715//1502 1714//1502 1713//1502
f 1717//1503 1718//1503 1710//1503
f 1717//1504 1710//1504 1709//1504
f 1770//1505 1771//1505 1768//1505
f 1770//1505 1768//1505 1769//1505
f 1772//1506 1773//1506 1769//1506
f 1772//1506 1769//1506 1768//1506
f 1763//1507 1764//1507 1765//1507
f 1763//1508 1765//1508 1766//1508
f 1767//1509 1763//1509 1766//1509
f 1766//1510 1778//1510 1779//1510
f 1780//1511 1778//1511 1766//1511
f 1780//1511 1766//1511 1765//1511
f 1772//1512 1774//1512 1775//1512
f 1772//1512 1775//1512 1773//1512
f 1776//1513 1777//1513 1775//1513
f 1776//1513 1775//1513 1774//1513
f 1755//1514 1762//1514 1761//1514
f 1755//1514 1761//1514 1756//1514
f 1746//1515 1747//1515 1716//1515
f 1746//1515 1716//1515 1715//1515
f 1748//1516 1732//1516 1749//1516
f 1744//1517 1745//1517 1741//1517
f 1744//1517 1741//1517 1740//1517
f 1744//1518 1747//1518 1746//1518
f 1744//1518 1746//1518 1745//1518
f 1752//1519 1755//1519 1756//1519
f 1752//1520 1756//1520 1753//1520
f 1759//1521 1760//1521 1757//1521
f 1759//1521 1757//1521 1758//1521
f 1732//1522 1748//1522 1750//1522
f 1732//1522 1750//1522 1729//1522
f 1751//1523 1752//1523 1753//1523
f 1751//1524 1753//1524 1754//1524
o Turret_01_havok_s_armor_10_4
v -1.136766 1.589926 0.333420
v -1.318549 1.589926 0.302980
v -1.078699 1.589926 1.196972
v -1.076476 1.589926 0.478483
v -1.356396 1.589926 -0.110214
v -1.359794 1.589926 -0.006072
v -1.198295 1.589926 0.026003
v -1.198482 1.589926 -0.131090
v -1.344568 1.589926 -0.213616
v -1.177605 1.589926 0.181728
v -1.354522 1.589926 0.098027
v -1.344592 1.589926 0.174036
v -0.901988 1.589926 0.738953
v -0.790774 1.589926 0.849902
v -0.997768 1.589926 0.614436
v -0.529890 1.589926 1.023771
v -0.666030 1.589926 0.945386
v 1.318549 1.589926 0.302980
v 0.999354 1.589926 0.612061
v 0.903871 1.589926 0.736805
v 1.078699 1.589926 1.196972
v 0.792920 1.589926 0.848018
v 0.668404 1.589926 0.943799
v 1.344592 1.589926 0.174036
v 1.354522 1.589926 0.098027
v 1.198481 1.589926 0.023152
v 1.178161 1.589926 0.178925
v 1.359794 1.589926 -0.006072
v 1.356396 1.589926 -0.110214
v 1.198294 1.589926 -0.133941
v 1.137683 1.589926 0.330714
v 1.077738 1.589926 0.475921
v -0.827375 1.725952 1.865120
v 0.827375 1.725952 1.865120
v 1.038813 1.648106 1.230648
v -1.038813 1.648106 1.230648
v 0.079972 1.589926 1.144325
v -0.077121 1.589926 1.144513
v -0.232894 1.589926 1.124193
v 0.235697 1.589926 1.123635
v 0.387387 1.589926 1.082796
v -0.384684 1.589926 1.083714
v 0.532452 1.589926 1.022507
v -0.079973 1.589926 -1.252263
v 0.077120 1.589926 -1.252450
v 0.000001 1.589926 -1.303167
v -0.116359 1.589926 -1.299548
v 0.116359 1.589926 -1.299548
v 0.219039 1.589926 -1.287208
v 0.232894 1.589925 -1.232131
v 0.328581 1.589924 -1.263295
v 0.384682 1.589925 -1.191652
v -0.235697 1.589926 -1.231573
v -0.219039 1.589926 -1.287208
v -0.328581 1.589924 -1.263295
v -0.387389 1.589924 -1.190734
v -0.614450 1.589926 -1.160001
v -0.532453 1.589925 -1.130445
v -0.788000 1.589926 -1.160001
v -0.861337 1.589924 -1.108918
v -0.792922 1.589926 -0.955956
v -0.668405 1.589926 -1.051737
v -1.044767 1.589926 -0.902990
v -0.903872 1.589925 -0.844742
v -1.325649 1.589924 -0.317906
v -1.178162 1.589926 -0.286863
v -1.137684 1.589926 -0.438652
v -1.252158 1.589924 -0.532590
v -1.199001 1.589926 -0.636990
v -1.077741 1.589925 -0.583858
v -0.999356 1.589925 -0.719998
v 0.788000 1.589926 -1.160001
v 0.614450 1.589926 -1.160001
v 0.666028 1.589925 -1.053324
v 0.861337 1.589924 -1.108918
v 0.529889 1.589926 -1.131708
v 0.790773 1.589925 -0.957840
v 0.901987 1.589926 -0.846890
v 1.044767 1.589926 -0.902990
v 0.997767 1.589926 -0.722374
v 1.252158 1.589924 -0.532590
v 1.136764 1.589924 -0.441357
v 1.177603 1.589924 -0.289666
v 1.325649 1.589924 -0.317906
v 1.076475 1.589926 -0.586421
v 1.199001 1.589926 -0.636990
v 1.344568 1.589926 -0.213616
vn -0.0000 1.0000 -0.0000
vn -0.0000 0.9926 -0.1218
s 0
f 1917//1525 1918//1525 1915//1525
f 1917//1525 1915//1525 1916//1525
f 1913//1525 1914//1525 1911//1525
f 1913//1525 1911//1525 1910//1525
f 1907//1525 1909//1525 1912//1525
f 1907//1525 1912//1525 1908//1525
f 1919//1525 1920//1525 1921//1525
f 1919//1525 1921//1525 1913//1525
f 1917//1525 1920//1525 1919//1525
f 1917//1525 1919//1525 1918//1525
f 1916//1525 1915//1525 1859//1525
f 1916//1525 1859//1525 1858//1525
f 1905//1525 1906//1525 1903//1525
f 1905//1525 1903//1525 1904//1525
f 1900//1525 1902//1525 1901//1525
f 1900//1525 1901//1525 1899//1525
f 1895//1525 1900//1525 1899//1525
f 1895//1525 1899//1525 1898//1525
f 1911//1525 1912//1525 1909//1525
f 1911//1525 1909//1525 1910//1525
f 1907//1525 1908//1525 1906//1525
f 1907//1525 1906//1525 1905//1525
f 1897//1525 1904//1525 1903//1525
f 1897//1525 1903//1525 1894//1525
f 1931//1525 1936//1525 1935//1525
f 1931//1525 1935//1525 1932//1525
f 1933//1525 1934//1525 1931//1525
f 1933//1525 1931//1525 1932//1525
f 1930//1525 1929//1525 1928//1525
f 1935//1525 1936//1525 1929//1525
f 1935//1525 1929//1525 1930//1525
f 1879//1525 1937//1525 1880//1525
f 1937//1525 1934//1525 1933//1525
f 1937//1525 1933//1525 1880//1525
f 1924//1525 1923//1525 1926//1525
f 1924//1525 1925//1525 1922//1525
f 1924//1525 1922//1525 1923//1525
f 1914//1525 1913//1525 1921//1525
f 1928//1525 1929//1525 1925//1525
f 1928//1525 1925//1525 1927//1525
f 1926//1525 1923//1525 1901//1525
f 1926//1525 1901//1525 1902//1525
f 1927//1525 1925//1525 1924//1525
f 1867//1525 1864//1525 1853//1525
f 1867//1525 1853//1525 1866//1525
f 1865//1525 1854//1525 1853//1525
f 1865//1525 1853//1525 1863//1525
f 1863//1525 1853//1525 1864//1525
f 1876//1525 1877//1525 1874//1525
f 1876//1525 1874//1525 1875//1525
f 1871//1525 1870//1525 1872//1525
f 1871//1525 1872//1525 1873//1525
f 1868//1525 1869//1525 1870//1525
f 1868//1525 1870//1525 1871//1525
f 1859//1525 1855//1525 1858//1525
f 1857//1525 1858//1525 1855//1525
f 1857//1525 1855//1525 1856//1525
f 1853//1525 1854//1525 1851//1525
f 1853//1525 1851//1525 1852//1525
f 1860//1525 1862//1525 1852//1525
f 1860//1525 1852//1525 1851//1525
f 1856//1525 1861//1525 1857//1525
f 1861//1525 1862//1525 1860//1525
f 1861//1525 1860//1525 1857//1525
f 1892//1525 1866//1525 1853//1525
f 1892//1525 1853//1525 1889//1525
f 1890//1525 1887//1525 1871//1525
f 1890//1525 1871//1525 1891//1525
f 1853//1525 1887//1525 1888//1525
f 1853//1525 1888//1525 1889//1525
f 1898//1525 1896//1525 1895//1525
f 1896//1525 1897//1525 1894//1525
f 1896//1525 1894//1525 1895//1525
f 1871//1525 1873//1525 1893//1525
f 1871//1525 1893//1525 1891//1525
f 1877//1525 1881//1525 1868//1525
f 1877//1525 1868//1525 1874//1525
f 1878//1525 1879//1525 1880//1525
f 1878//1525 1880//1525 1876//1525
f 1875//1525 1878//1525 1876//1525
f 1871//1525 1887//1525 1853//1525
f 1885//1526 1886//1526 1883//1526
f 1885//1526 1883//1526 1884//1526
f 1882//1525 1869//1525 1868//1525
f 1882//1525 1868//1525 1881//1525
o Turret_01_havok_s_armor_4_5
v 0.827375 1.725952 1.865119
v -0.827375 1.725952 1.865119
v -0.511362 2.254707 1.996939
v 0.511362 2.254707 1.996939
v -1.038813 1.648106 1.230647
v 1.038812 1.648106 1.230647
v 1.078699 1.589926 1.196972
v -1.078699 1.589926 1.196972
v -0.529890 1.540552 1.023770
v -0.529890 1.589926 1.023770
v -0.384683 1.589926 1.083715
v -0.384683 1.540552 1.083715
v -0.232895 1.589926 1.124193
v -0.232895 1.540552 1.124193
v -0.077121 1.589926 1.144512
v -0.077121 1.540552 1.144512
v 0.079972 1.589926 1.144325
v 0.079972 1.540552 1.144325
v 0.444752 2.541499 0.571757
v 0.445328 2.508999 0.574655
v 0.390002 2.508999 0.580104
v 0.390002 2.541499 0.577149
v 0.334675 2.508999 0.574655
v 0.335252 2.541499 0.571757
v 0.281475 2.508999 0.558517
v 0.282606 2.541499 0.555787
v 0.497398 2.541499 0.555786
v 0.498528 2.508999 0.558517
v 0.463200 2.400475 0.664500
v 0.463200 2.389848 0.664500
v 0.390002 2.389848 0.671709
v 0.390002 2.400475 0.671709
v 0.316804 2.389848 0.664500
v 0.316804 2.400475 0.664500
v 0.246419 2.389848 0.643149
v 0.246419 2.400475 0.643149
v 0.533584 2.400475 0.643149
v 0.533584 2.389848 0.643149
v 0.387388 1.589926 1.082796
v 0.387388 1.540552 1.082796
v 0.235697 1.540552 1.123635
v 0.235697 1.589926 1.123635
v 0.532452 1.589926 1.022507
v 0.532452 1.540552 1.022507
vn 0.0980 -0.0000 -0.9952
vn 0.2903 -0.0000 -0.9569
vn -0.2891 -0.0901 -0.9530
vn -0.0980 -0.0000 -0.9952
vn -0.1317 -0.0000 -0.9913
vn -0.3838 -0.0000 -0.9234
vn -0.2903 -0.0000 -0.9569
vn -0.2600 -0.0000 -0.9656
vn 0.2891 -0.0901 -0.9530
vn 0.3816 -0.0000 -0.9243
vn 0.2577 -0.0000 -0.9662
vn -0.0000 0.2419 -0.9703
vn -0.0000 0.5009 -0.8655
vn -0.0976 -0.0901 -0.9911
vn 0.0976 -0.0901 -0.9911
vn 0.1293 -0.0000 -0.9916
vn -0.0012 -0.0000 -1.0000
s 0
f 1970//1527 1971//1527 1969//1527
f 1970//1527 1969//1527 1968//1527
f 1972//1528 1973//1528 1971//1528
f 1972//1528 1971//1528 1970//1528
f 1964//1529 1965//1529 1957//1529
f 1964//1529 1957//1529 1956//1529
f 1968//1530 1969//1530 1966//1530
f 1968//1530 1966//1530 1967//1530
f 1979//1531 1978//1531 1955//1531
f 1979//1531 1955//1531 1954//1531
f 1980//1532 1981//1532 1977//1532
f 1980//1532 1977//1532 1976//1532
f 1974//1533 1975//1533 1967//1533
f 1974//1533 1967//1533 1966//1533
f 1978//1534 1979//1534 1976//1534
f 1978//1534 1976//1534 1977//1534
f 1962//1535 1963//1535 1961//1535
f 1962//1535 1961//1535 1960//1535
f 1948//1536 1949//1536 1946//1536
f 1948//1536 1946//1536 1947//1536
f 1950//1537 1951//1537 1949//1537
f 1950//1537 1949//1537 1948//1537
f 1940//1538 1941//1538 1938//1538
f 1940//1538 1938//1538 1939//1538
f 1944//1539 1945//1539 1942//1539
f 1944//1539 1942//1539 1943//1539
f 1958//1540 1959//1540 1956//1540
f 1958//1540 1956//1540 1957//1540
f 1960//1541 1961//1541 1959//1541
f 1960//1541 1959//1541 1958//1541
f 1952//1542 1953//1542 1951//1542
f 1952//1542 1951//1542 1950//1542
f 1954//1543 1955//1543 1953//1543
f 1954//1543 1953//1543 1952//1543
o Turret_01_havok_s_armor_8_6
v -0.903871 1.540552 -0.844742
v 0.903870 1.540552 0.736805
v 0.999354 1.540552 0.612060
v 1.077738 1.540552 0.475921
v 1.137683 1.540552 0.330714
v 1.178161 1.540552 0.178926
v 1.198481 1.540552 0.023152
v 1.198295 1.540552 -0.133941
v 1.177603 1.540552 -0.289665
v 1.136764 1.540552 -0.441357
v 1.076475 1.540552 -0.586421
v 0.997768 1.540552 -0.722374
v 0.901986 1.540552 -0.846890
v 0.792922 1.540552 0.848018
v 0.668404 1.540552 0.943799
v 0.532451 1.540552 1.022507
v 0.235696 1.540552 1.123635
v 0.387388 1.540552 1.082797
v 0.079972 1.540552 1.144325
v -0.077121 1.540552 1.144512
v -0.232894 1.540552 1.124193
v -0.384683 1.540552 1.083715
v -0.529890 1.540552 1.023771
v -0.666030 1.540552 0.945386
v -0.901987 1.540552 0.738953
v -0.790774 1.540552 0.849902
v -1.136765 1.540552 0.333420
v -1.076476 1.540552 0.478483
v -1.177605 1.540552 0.181728
v -1.198295 1.540552 0.026003
v -1.198482 1.540552 -0.131089
v -1.137684 1.540552 -0.438651
v -1.178162 1.540552 -0.286863
v -1.077741 1.540552 -0.583858
v -0.999355 1.540552 -0.719999
v -0.997768 1.540552 0.614436
v 0.384682 1.540551 -1.191652
v 0.232894 1.540551 -1.232131
v 0.529888 1.540551 -1.131708
v 0.077120 1.540551 -1.252450
v -0.079972 1.540551 -1.252263
v -0.235697 1.540551 -1.231573
v -0.387389 1.540551 -1.190734
v -0.532452 1.540551 -1.130445
v -0.668405 1.540551 -1.051736
v -0.792922 1.540551 -0.955956
v 0.790773 1.540551 -0.957840
v 0.666029 1.540551 -1.053323
v 0.332494 2.039764 -1.694234
v 0.341297 2.091854 -1.668751
v -0.341297 2.091854 -1.668751
v -0.332493 2.039764 -1.694234
v 0.307365 1.984308 -1.706378
v -0.307365 1.984308 -1.706378
v 0.242140 1.881893 -1.694660
v 0.276377 1.932960 -1.705857
v -0.276377 1.932960 -1.705857
v -0.242140 1.881893 -1.694660
v 0.049007 1.778754 -1.618441
v 0.195067 1.830351 -1.669412
v -0.195067 1.830351 -1.669412
v -0.049007 1.778754 -1.618441
v -0.316124 2.135512 -1.632977
v 0.316124 2.135512 -1.632977
v -0.286859 2.168981 -1.589137
v 0.286859 2.168981 -1.589137
vn -0.0000 1.0000 -0.0000
vn -0.0000 0.4399 0.8980
vn -0.0000 0.7028 0.7114
vn -0.0000 -0.7949 0.6068
vn -0.0000 -0.6338 0.7735
vn -0.0000 -0.2139 0.9769
vn -0.0000 -0.4395 0.8983
vn -0.0000 -0.4394 0.8983
vn -0.0000 0.0102 0.9999
vn -0.0000 0.2142 0.9768
s 0
f 2026//1544 2027//1544 1982//1544
f 2026//1544 1982//1544 2025//1544
f 2025//1544 1982//1544 2024//1544
f 2028//1544 1982//1544 1994//1544
f 1982//1544 2028//1544 2029//1544
f 1982//1544 2029//1544 2020//1544
f 1982//1544 2020//1544 2018//1544
f 1982//1544 2018//1544 2019//1544
f 1982//1544 2009//1544 2017//1544
f 1982//1544 2017//1544 2006//1544
f 2023//1544 2024//1544 1982//1544
f 2023//1544 1982//1544 2022//1544
f 2021//1544 2022//1544 1982//1544
f 2021//1544 1982//1544 2019//1544
f 2039//1545 2042//1545 2041//1545
f 2039//1545 2041//1545 2036//1545
f 2042//1546 2043//1546 2040//1546
f 2042//1546 2040//1546 2041//1546
f 2045//1547 2047//1547 2046//1547
f 2045//1547 2046//1547 2044//1547
f 2031//1548 2045//1548 2044//1548
f 2031//1548 2044//1548 2032//1548
f 2033//1549 2035//1549 2034//1549
f 2033//1549 2034//1549 2030//1549
f 2032//1550 2033//1550 2030//1550
f 2032//1551 2030//1551 2031//1551
f 2035//1552 2038//1552 2037//1552
f 2035//1552 2037//1552 2034//1552
f 2038//1553 2039//1553 2036//1553
f 2038//1553 2036//1553 2037//1553
f 1982//1544 2016//1544 2015//1544
f 1982//1544 2015//1544 2013//1544
f 1993//1544 1994//1544 1982//1544
f 1993//1544 1982//1544 1992//1544
f 1991//1544 1992//1544 1982//1544
f 1991//1544 1982//1544 1990//1544
f 1982//1544 1997//1544 1996//1544
f 1982//1544 1996//1544 1995//1544
f 1983//1544 1982//1544 1995//1544
f 1986//1544 1987//1544 1982//1544
f 1986//1544 1982//1544 1985//1544
f 1984//1544 1985//1544 1982//1544
f 1984//1544 1982//1544 1983//1544
f 1990//1544 1982//1544 1989//1544
f 1988//1544 1989//1544 1982//1544
f 1988//1544 1982//1544 1987//1544
f 1982//1544 2010//1544 2008//1544
f 1982//1544 2008//1544 2009//1544
f 1982//1544 2006//1544 2007//1544
f 1982//1544 2007//1544 2005//1544
f 1982//1544 2013//1544 2014//1544
f 1982//1544 2014//1544 2012//1544
f 1982//1544 2012//1544 2011//1544
f 1982//1544 2011//1544 2010//1544
f 1982//1544 2001//1544 2000//1544
f 1982//1544 2000//1544 1998//1544
f 1982//1544 1998//1544 1999//1544
f 1982//1544 1999//1544 1997//1544
f 1982//1544 2005//1544 2004//1544
f 1982//1544 2004//1544 2003//1544
f 1982//1544 2003//1544 2002//1544
f 1982//1544 2002//1544 2001//1544
o Turret_01_havok_s_armor_1_7
v 0.077120 1.540551 -1.252450
v 0.232894 1.540551 -1.232131
v 0.232894 1.589925 -1.232130
v 0.077120 1.589926 -1.252450
v -0.079973 1.589926 -1.252263
v -0.079973 1.540551 -1.252263
v -0.235697 1.589926 -1.231573
v -0.235697 1.540551 -1.231573
v -0.276377 1.932960 -1.705857
v -0.479575 1.932960 -1.705857
v -0.489354 1.881893 -1.694660
v -0.242140 1.881893 -1.694660
v 0.332494 2.039764 -1.694234
v 0.307365 1.984308 -1.706378
v 0.474763 1.984308 -1.706378
v 0.473488 2.039764 -1.694234
v 0.276377 1.932960 -1.705857
v 0.479576 1.932960 -1.705857
v 0.242140 1.881893 -1.694660
v 0.489354 1.881893 -1.694660
v -0.332493 2.039764 -1.694234
v -0.473488 2.039764 -1.694234
v -0.474763 1.984308 -1.706378
v -0.307365 1.984308 -1.706378
vn -0.0000 0.2142 0.9768
vn -0.0000 0.0102 0.9999
vn -0.0000 -0.2139 0.9769
vn 0.0012 -0.0000 1.0000
vn -0.1293 -0.0000 0.9916
vn 0.1317 -0.0000 0.9913
s 0
f 2064//1554 2066//1554 2067//1554
f 2064//1554 2067//1554 2065//1554
f 2061//1555 2064//1555 2065//1555
f 2061//1555 2065//1555 2062//1555
f 2071//1555 2070//1555 2057//1555
f 2071//1555 2057//1555 2056//1555
f 2070//1556 2071//1556 2068//1556
f 2070//1556 2068//1556 2069//1556
f 2062//1556 2063//1556 2060//1556
f 2062//1556 2060//1556 2061//1556
f 2052//1557 2053//1557 2048//1557
f 2052//1557 2048//1557 2051//1557
f 2050//1558 2051//1558 2048//1558
f 2050//1558 2048//1558 2049//1558
f 2058//1554 2059//1554 2056//1554
f 2058//1554 2056//1554 2057//1554
f 2054//1559 2055//1559 2053//1559
f 2054//1559 2053//1559 2052//1559
o Turret_01_havok_s_armor_22_8
v 0.328582 1.589924 -1.263295
v 0.403260 1.641140 -1.296026
v 0.271797 1.658032 -1.340893
v 0.219040 1.589926 -1.287208
v 0.136791 1.667181 -1.365188
v 0.116358 1.589926 -1.299548
v 0.000000 1.669546 -1.371475
v 0.000000 1.589926 -1.303167
v -0.116358 1.589926 -1.299548
v -0.136791 1.667181 -1.365188
v 0.614450 1.589926 -1.160001
v 0.529466 1.617340 -1.232815
v -0.529466 1.617340 -1.232815
v -0.614449 1.589926 -1.160001
v -0.328582 1.589924 -1.263295
v -0.403260 1.641140 -1.296026
v -0.271797 1.658032 -1.340893
v -0.219040 1.589926 -1.287208
v 0.532159 1.778754 -1.618441
v 0.504483 1.830351 -1.669412
v 0.195066 1.830351 -1.669412
v 0.049007 1.778754 -1.618441
v 0.553909 1.751394 -1.577877
v 0.593312 1.723561 -1.514934
v 0.599514 1.829542 -1.591715
v -0.553909 1.751394 -1.577877
v -0.599514 1.829542 -1.591715
v -0.593312 1.723561 -1.514934
v -1.044767 1.589926 -0.902990
v -0.861337 1.589924 -1.108918
v 0.861337 1.589924 -1.108918
v 1.044767 1.589926 -0.902990
v 0.444751 2.541499 0.021263
v 0.445328 2.508998 0.018365
v 0.498528 2.508998 0.034502
v 0.497397 2.541499 0.037233
v 0.282605 2.541499 0.037233
v 0.281474 2.508998 0.034502
v 0.334675 2.508998 0.018365
v 0.335251 2.541499 0.021263
v 0.463199 2.400475 -0.071480
v 0.463199 2.389848 -0.071480
v 0.533584 2.389848 -0.050129
v 0.533584 2.400475 -0.050129
v 0.246419 2.400475 -0.050129
v 0.246419 2.389848 -0.050129
v 0.316803 2.389848 -0.071480
v 0.316803 2.400475 -0.071480
v -0.195066 1.830351 -1.669412
v -0.504482 1.830351 -1.669412
v -0.532158 1.778754 -1.618441
v -0.049006 1.778754 -1.618441
vn 0.6614 0.4643 0.5891
vn 0.6604 0.4655 0.5892
vn -0.6614 0.4643 0.5891
vn -0.6604 0.4655 0.5892
vn -0.6340 0.4777 0.6081
vn 0.6340 0.4777 0.6081
vn -0.2891 -0.0901 0.9530
vn 0.2903 -0.0000 0.9569
vn -0.0000 0.7028 0.7114
vn 0.2891 -0.0901 0.9530
vn -0.2903 -0.0000 0.9569
vn -0.0236 0.6509 0.7588
vn 0.0236 0.6509 0.7588
vn -0.1558 0.6831 0.7135
vn -0.1557 0.6831 0.7135
vn -0.0898 0.6586 0.7471
vn -0.0898 0.6585 0.7472
vn -0.1992 0.7172 0.6678
vn -0.1934 0.8222 0.5353
vn 0.0898 0.6585 0.7472
vn 0.0898 0.6586 0.7471
vn 0.1934 0.8222 0.5353
vn 0.1992 0.7172 0.6678
vn 0.1558 0.6831 0.7135
vn 0.1557 0.6831 0.7135
s 0
f 2098//1560 2100//1560 2101//1560
f 2098//1561 2101//1561 2099//1561
f 2102//1562 2103//1562 2096//1562
f 2102//1563 2096//1563 2095//1563
f 2094//1564 2095//1564 2096//1564
f 2097//1565 2098//1565 2099//1565
f 2106//1566 2107//1566 2104//1566
f 2106//1566 2104//1566 2105//1566
f 2118//1567 2119//1567 2116//1567
f 2118//1567 2116//1567 2117//1567
f 2122//1568 2123//1568 2120//1568
f 2122//1568 2120//1568 2121//1568
f 2110//1569 2111//1569 2108//1569
f 2110//1569 2108//1569 2109//1569
f 2114//1570 2115//1570 2112//1570
f 2114//1570 2112//1570 2113//1570
f 2078//1571 2079//1571 2077//1571
f 2078//1571 2077//1571 2076//1571
f 2078//1572 2081//1572 2080//1572
f 2078//1572 2080//1572 2079//1572
f 2074//1573 2075//1573 2072//1573
f 2074//1574 2072//1574 2073//1574
f 2076//1575 2077//1575 2075//1575
f 2076//1576 2075//1576 2074//1576
f 2083//1577 2073//1577 2072//1577
f 2083//1578 2072//1578 2082//1578
f 2081//1579 2088//1579 2089//1579
f 2081//1580 2089//1580 2080//1580
f 2092//1568 2093//1568 2090//1568
f 2092//1568 2090//1568 2091//1568
f 2084//1581 2085//1581 2086//1581
f 2084//1582 2086//1582 2087//1582
f 2086//1583 2089//1583 2088//1583
f 2086//1584 2088//1584 2087//1584
o Turret_01_havok_s_armor_9_9
v -0.593313 1.723561 -1.514934
v -0.861337 1.589924 -1.108918
v -0.788001 1.589926 -1.160001
v 0.593312 1.723561 -1.514934
v 0.788001 1.589926 -1.160001
v 0.861337 1.589924 -1.108918
v 0.316803 2.400475 -0.071481
v 0.334675 2.508998 0.018364
v 0.281474 2.508998 0.034503
v 0.246419 2.400475 -0.050130
v 0.533584 2.400475 -0.050130
v 0.498529 2.508998 0.034503
v 0.445328 2.508998 0.018364
v 0.463199 2.400475 -0.071481
vn 0.2223 -0.6432 0.7327
vn -0.2223 -0.6432 0.7327
vn 0.3407 0.8029 0.4892
vn -0.3407 0.8029 0.4892
s 0
f 2132//1585 2133//1585 2130//1585
f 2132//1585 2130//1585 2131//1585
f 2136//1586 2137//1586 2134//1586
f 2136//1586 2134//1586 2135//1586
f 2124//1587 2125//1587 2126//1587
f 2127//1588 2128//1588 2129//1588
o Turret_01_havok_s_armor_19_10
v 0.078034 2.400475 0.504960
v 0.043362 2.400475 0.440093
v 0.154201 2.508999 0.454066
v 0.189470 2.508999 0.497041
v 0.124696 2.400475 0.561816
v 0.022011 2.400475 0.369708
v 0.111857 2.508999 0.351837
v 0.127995 2.508999 0.405036
v 0.014802 2.400475 0.296510
v 0.106407 2.508999 0.296510
v 0.022011 2.400475 0.223312
v 0.111857 2.508999 0.241183
v 0.043362 2.400475 0.152927
v 0.127995 2.508999 0.187983
v 0.652009 2.508999 0.405036
v 0.736641 2.400475 0.440092
v 0.701969 2.400475 0.504959
v 0.625802 2.508999 0.454066
v 0.668147 2.508999 0.351836
v 0.757992 2.400475 0.369707
v 0.655307 2.400475 0.561816
v 0.590533 2.508999 0.497041
v 0.765201 2.400475 0.296510
v 0.673596 2.508999 0.296510
v 0.668147 2.508999 0.241183
v 0.757992 2.400475 0.223312
v -0.901987 1.540552 0.738953
v -0.901987 1.589926 0.738953
v -0.790774 1.589926 0.849902
v -0.790774 1.540552 0.849902
v 0.792921 1.540552 0.848018
v 0.792921 1.589926 0.848018
v 0.903870 1.589926 0.736805
v 0.903870 1.540552 0.736805
v 0.497003 2.193066 -1.536152
v 0.573662 2.153191 -1.514030
v 0.721893 2.255386 -0.984178
v 0.722157 2.389847 -0.618384
v -0.497002 2.193066 -1.536152
v -0.722158 2.389847 -0.618384
v -0.721888 2.255380 -0.984196
v -0.573662 2.153191 -1.514030
v -0.593312 1.723561 -1.514934
v 0.136791 1.667181 -1.365188
v 0.271797 1.658032 -1.340893
v 0.593312 1.723561 -1.514934
v -0.000000 1.669546 -1.371474
v -0.136790 1.667181 -1.365188
v -0.271796 1.658032 -1.340893
v -0.403260 1.641141 -1.296026
v 0.529466 1.617340 -1.232815
v 0.614450 1.589926 -1.160001
v 0.788000 1.589926 -1.160001
v 0.403260 1.641141 -1.296026
v -0.529466 1.617340 -1.232815
v -0.614450 1.589926 -1.160001
v -0.788000 1.589926 -1.160001
v 0.524939 2.572907 0.094562
v 0.545916 2.541498 0.063166
v 0.588443 2.541498 0.098068
v 0.561744 2.572907 0.124767
v 0.234086 2.541498 0.063166
v 0.255064 2.572907 0.094562
v 0.218259 2.572907 0.124767
v 0.191559 2.541498 0.098068
v 0.078034 2.400475 0.088060
v 0.154201 2.508999 0.138953
v 0.736640 2.400475 0.152927
v 0.652009 2.508999 0.187983
v 0.625801 2.508999 0.138953
v 0.701969 2.400475 0.088060
vn -0.0000 0.9359 0.3524
vn -0.0000 0.9358 0.3524
vn -0.0000 0.9359 0.3523
vn -0.5067 -0.8091 0.2978
vn -0.5068 -0.8090 0.2978
vn 0.5068 -0.8090 0.2978
vn 0.5067 -0.8091 0.2978
vn 0.0001 0.9361 0.3518
vn 0.6753 -0.6432 0.3609
vn -0.6753 -0.6432 0.3609
vn -0.6753 -0.6432 0.3610
vn -0.7327 -0.6432 0.2223
vn 0.4069 -0.7673 0.4958
vn -0.4069 -0.7673 0.4958
vn 0.7620 -0.6432 -0.0751
vn 0.7620 -0.6432 -0.0750
vn 0.7620 -0.6432 0.0751
vn 0.7620 -0.6432 0.0750
vn 0.7327 -0.6432 0.2223
vn 0.6753 -0.6432 -0.3609
vn 0.5919 -0.6432 -0.4858
vn 0.7327 -0.6432 -0.2223
vn -0.7620 -0.6432 -0.0750
vn 0.7063 -0.0000 -0.7079
vn -0.7079 -0.0000 -0.7063
vn -0.7620 -0.6432 0.0750
vn -0.6753 -0.6432 -0.3609
vn -0.7327 -0.6432 -0.2223
vn -0.5919 -0.6432 -0.4858
vn -0.5919 -0.6432 -0.4857
s 0
f 2186//1589 2185//1589 2180//1589
f 2186//1589 2180//1589 2187//1589
f 2189//1589 2190//1589 2183//1589
f 2189//1589 2183//1589 2188//1589
f 2183//1589 2182//1589 2191//1589
f 2183//1589 2191//1589 2188//1589
f 2184//1590 2181//1590 2180//1590
f 2184//1591 2180//1591 2185//1591
f 2174//1592 2175//1592 2172//1592
f 2174//1593 2172//1593 2173//1593
f 2178//1594 2179//1594 2176//1594
f 2178//1595 2176//1595 2177//1595
f 2180//1596 2181//1596 2182//1596
f 2180//1589 2182//1589 2183//1589
f 2203//1597 2204//1597 2151//1597
f 2203//1597 2151//1597 2150//1597
f 2207//1598 2208//1598 2205//1598
f 2207//1599 2205//1599 2206//1599
f 2206//1600 2205//1600 2163//1600
f 2206//1600 2163//1600 2162//1600
f 2201//1601 2202//1601 2199//1601
f 2201//1601 2199//1601 2200//1601
f 2192//1589 2187//1589 2180//1589
f 2192//1589 2180//1589 2193//1589
f 2194//1589 2193//1589 2180//1589
f 2197//1602 2198//1602 2195//1602
f 2197//1602 2195//1602 2196//1602
f 2146//1603 2147//1603 2144//1603
f 2146//1604 2144//1604 2143//1604
f 2148//1605 2149//1605 2147//1605
f 2148//1606 2147//1606 2146//1606
f 2150//1607 2151//1607 2149//1607
f 2150//1607 2149//1607 2148//1607
f 2145//1608 2140//1608 2139//1608
f 2138//1608 2139//1608 2140//1608
f 2138//1609 2140//1609 2141//1609
f 2141//1609 2142//1609 2138//1609
f 2143//1610 2144//1610 2145//1610
f 2143//1610 2145//1610 2139//1610
f 2161//1611 2160//1611 2157//1611
f 2161//1611 2157//1611 2156//1611
f 2166//1612 2167//1612 2164//1612
f 2166//1612 2164//1612 2165//1612
f 2170//1613 2171//1613 2168//1613
f 2170//1613 2168//1613 2169//1613
f 2162//1614 2163//1614 2160//1614
f 2162//1614 2160//1614 2161//1614
f 2154//1615 2155//1615 2152//1615
f 2154//1615 2152//1615 2153//1615
f 2156//1616 2157//1616 2153//1616
f 2156//1616 2153//1616 2152//1616
f 2158//1617 2159//1617 2155//1617
f 2158//1618 2155//1618 2154//1618
o Turret_01_havok_s_armor_2_11
v -0.551177 2.026456 -1.649809
v -0.556102 1.977780 -1.658141
v -0.474763 1.984308 -1.706378
v -0.473488 2.039764 -1.694234
v -0.341298 2.091854 -1.668751
v -0.475001 2.091854 -1.668751
v -0.332493 2.039764 -1.694234
v -0.242139 1.881893 -1.694660
v -0.489354 1.881893 -1.694660
v -0.504483 1.830352 -1.669412
v -0.195066 1.830352 -1.669412
v 0.551177 2.026456 -1.649809
v 0.473488 2.039764 -1.694234
v 0.474763 1.984308 -1.706378
v 0.556102 1.977780 -1.658141
v 0.475002 2.091854 -1.668751
v 0.341298 2.091854 -1.668751
v 0.332494 2.039764 -1.694234
v 0.504483 1.830352 -1.669412
v 0.489354 1.881893 -1.694660
v 0.242140 1.881893 -1.694660
v 0.195067 1.830352 -1.669412
vn -0.5118 -0.1950 0.8367
vn -0.0000 -0.4394 0.8983
vn -0.0000 0.4399 0.8980
vn 0.5118 -0.1950 0.8367
s 0
f 2222//1619 2223//1619 2220//1619
f 2222//1619 2220//1619 2221//1619
f 2225//1620 2226//1620 2221//1620
f 2225//1620 2221//1620 2224//1620
f 2229//1621 2230//1621 2227//1621
f 2229//1621 2227//1621 2228//1621
f 2211//1622 2212//1622 2209//1622
f 2211//1622 2209//1622 2210//1622
f 2212//1620 2215//1620 2213//1620
f 2212//1620 2213//1620 2214//1620
f 2218//1621 2219//1621 2216//1621
f 2218//1621 2216//1621 2217//1621
o Turret_01_havok_s_armor_20_12
v 0.124695 2.389847 0.031204
v 0.124695 2.400475 0.031204
v 0.078034 2.400475 0.088060
v 0.078034 2.389847 0.088060
v 0.181552 2.389847 -0.015457
v 0.181552 2.400475 -0.015457
v 0.655308 2.400475 0.031204
v 0.655308 2.389847 0.031204
v 0.701968 2.389847 0.088060
v 0.701968 2.400475 0.088060
v 0.156658 2.541499 0.140595
v 0.154201 2.508999 0.138953
v 0.189470 2.508999 0.095978
v 0.191559 2.541499 0.098068
v 0.232445 2.508999 0.060710
v 0.234087 2.541499 0.063166
v 0.625802 2.508999 0.138953
v 0.623345 2.541499 0.140595
v 0.588443 2.541499 0.098068
v 0.590533 2.508999 0.095978
v 0.545916 2.541499 0.063166
v 0.547558 2.508999 0.060710
v -0.599514 1.829542 -1.591715
v -0.721889 2.255380 -0.984196
v -1.044767 1.589926 -0.902990
v 0.532159 1.778755 -1.618441
v 0.049007 1.778754 -1.618441
v -0.553909 1.751394 -1.577877
v 0.553909 1.751394 -1.577877
v -0.049006 1.778755 -1.618441
v -0.532158 1.778755 -1.618441
v 1.044767 1.589926 -0.902990
v 0.721893 2.255387 -0.984178
v 0.599514 1.829542 -1.591715
v 0.598451 2.400475 -0.015457
v 0.598451 2.389847 -0.015457
vn -0.0000 0.8290 0.5592
vn 0.8366 -0.3550 0.4173
vn -0.6318 -0.0901 0.7699
vn -0.6344 -0.0000 0.7730
vn -0.8366 -0.3550 0.4173
vn -0.7730 -0.0000 0.6344
vn 0.6344 -0.0000 0.7730
vn 0.7730 -0.0000 0.6344
vn -0.7699 -0.0901 0.6318
vn 0.6318 -0.0901 0.7699
vn 0.7699 -0.0901 0.6318
s 0
f 2258//1623 2259//1623 2256//1623
f 2258//1623 2256//1623 2257//1623
f 2253//1624 2254//1624 2255//1624
f 2251//1625 2252//1625 2250//1625
f 2251//1625 2250//1625 2249//1625
f 2265//1626 2266//1626 2238//1626
f 2265//1626 2238//1626 2237//1626
f 2262//1627 2263//1627 2264//1627
f 2260//1623 2261//1623 2258//1623
f 2260//1623 2258//1623 2257//1623
f 2239//1628 2240//1628 2237//1628
f 2239//1628 2237//1628 2238//1628
f 2235//1629 2236//1629 2232//1629
f 2235//1629 2232//1629 2231//1629
f 2233//1630 2234//1630 2231//1630
f 2233//1630 2231//1630 2232//1630
f 2249//1631 2250//1631 2247//1631
f 2249//1631 2247//1631 2248//1631
f 2245//1632 2246//1632 2244//1632
f 2245//1632 2244//1632 2243//1632
f 2243//1633 2244//1633 2241//1633
f 2243//1633 2241//1633 2242//1633
o Turret_01_havok_s_armor_15_13
v -0.997768 1.540552 0.614436
v -0.997768 1.589926 0.614436
v -0.901987 1.589926 0.738953
v -0.901987 1.540552 0.738953
v 0.999354 1.589926 0.612060
v 0.999354 1.540552 0.612060
v 0.903871 1.540552 0.736805
v 0.903871 1.589926 0.736805
v 0.181552 2.400475 0.608477
v 0.181552 2.389847 0.608477
v 0.124696 2.389847 0.561816
v 0.124696 2.400475 0.561816
v 0.598452 2.389847 0.608476
v 0.598452 2.400475 0.608476
v 0.655308 2.400475 0.561815
v 0.655308 2.389847 0.561815
v 0.234087 2.541499 0.529853
v 0.232445 2.508999 0.532310
v 0.189470 2.508999 0.497041
v 0.191560 2.541499 0.494952
v 0.553909 1.751394 -1.577877
v -0.553909 1.751394 -1.577877
v -0.593312 1.723561 -1.514934
v 0.593312 1.723561 -1.514934
v -0.486507 2.168981 -1.589137
v -0.286859 2.168981 -1.589137
v 0.497002 2.193066 -1.536152
v -0.497002 2.193066 -1.536152
v 0.286859 2.168981 -1.589137
v 0.486507 2.168981 -1.589137
v 0.282606 2.541498 0.037233
v 0.297055 2.572907 0.072117
v 0.255064 2.572907 0.094561
v 0.234087 2.541498 0.063167
v 0.482948 2.572907 0.072117
v 0.497397 2.541498 0.037233
v 0.545916 2.541498 0.063167
v 0.524939 2.572907 0.094561
v 0.588444 2.541499 0.494951
v 0.590533 2.508999 0.497041
v 0.547558 2.508999 0.532309
v 0.545917 2.541499 0.529853
vn -0.0000 -0.9104 0.4138
vn 0.3023 -0.7673 0.5656
vn -0.6318 -0.0901 -0.7699
vn -0.3023 -0.7673 0.5656
vn -0.0000 0.9146 0.4044
vn -0.7941 -0.0000 -0.6078
vn 0.7926 -0.0000 -0.6097
vn 0.6344 -0.0000 -0.7730
vn 0.6318 -0.0901 -0.7699
vn -0.6344 -0.0000 -0.7730
s 0
f 2295//1634 2296//1634 2293//1634
f 2295//1634 2293//1634 2292//1634
f 2293//1634 2294//1634 2291//1634
f 2293//1634 2291//1634 2292//1634
f 2299//1635 2300//1635 2297//1635
f 2299//1635 2297//1635 2298//1635
f 2307//1636 2308//1636 2305//1636
f 2307//1636 2305//1636 2306//1636
f 2303//1637 2304//1637 2301//1637
f 2303//1637 2301//1637 2302//1637
f 2289//1638 2290//1638 2287//1638
f 2289//1638 2287//1638 2288//1638
f 2273//1639 2274//1639 2271//1639
f 2273//1639 2271//1639 2272//1639
f 2269//1640 2270//1640 2267//1640
f 2269//1640 2267//1640 2268//1640
f 2277//1641 2278//1641 2275//1641
f 2277//1641 2275//1641 2276//1641
f 2285//1642 2286//1642 2283//1642
f 2285//1642 2283//1642 2284//1642
f 2281//1643 2282//1643 2279//1643
f 2281//1643 2279//1643 2280//1643
o Turret_01_havok_s_armor_16_14
v -0.532159 1.778754 -1.618441
v -0.504483 1.830352 -1.669412
v -0.582618 1.868460 -1.626921
v -0.599514 1.829542 -1.591715
v 0.341297 2.091854 -1.668751
v 0.475002 2.091854 -1.668751
v 0.479513 2.135512 -1.632977
v 0.316123 2.135512 -1.632977
v -0.479513 2.135512 -1.632977
v -0.475002 2.091854 -1.668751
v -0.341298 2.091854 -1.668751
v -0.316123 2.135512 -1.632977
v 0.582617 1.868457 -1.626921
v 0.504483 1.830352 -1.669412
v 0.532159 1.778754 -1.618441
v 0.599514 1.829542 -1.591715
vn -0.0000 -0.6338 0.7735
vn -0.5798 0.3936 0.7133
vn -0.5799 0.3936 0.7133
vn 0.5798 0.3936 0.7134
vn 0.5799 0.3936 0.7133
s 0
f 2319//1644 2320//1644 2317//1644
f 2319//1644 2317//1644 2318//1644
f 2323//1645 2324//1645 2321//1645
f 2323//1646 2321//1646 2322//1646
f 2311//1647 2312//1647 2309//1647
f 2311//1648 2309//1648 2310//1648
f 2315//1644 2316//1644 2313//1644
f 2315//1644 2313//1644 2314//1644
o Turret_01_havok_s_armor_17_15
v -0.316123 2.135512 -1.632977
v -0.286859 2.168981 -1.589137
v -0.486507 2.168981 -1.589137
v -0.479513 2.135512 -1.632977
v -0.562823 2.134467 -1.558379
v -0.554979 2.106305 -1.597752
v 0.486507 2.168981 -1.589137
v 0.286859 2.168981 -1.589137
v 0.316123 2.135512 -1.632977
v 0.479513 2.135512 -1.632977
v 0.554979 2.106302 -1.597752
v 0.562823 2.134467 -1.558379
vn -0.0000 -0.7949 0.6068
vn -0.5181 -0.6435 0.5635
vn -0.5142 -0.6402 0.5708
vn 0.5181 -0.6435 0.5635
vn 0.5142 -0.6402 0.5708
s 0
f 2333//1649 2334//1649 2331//1649
f 2333//1649 2331//1649 2332//1649
f 2335//1650 2336//1650 2331//1650
f 2335//1651 2331//1651 2334//1651
f 2327//1649 2328//1649 2325//1649
f 2327//1649 2325//1649 2326//1649
f 2327//1652 2329//1652 2330//1652
f 2327//1653 2330//1653 2328//1653
o Turret_01_havok_s_armor_18_16
v 0.931035 2.011787 -0.618254
v 1.044766 1.589926 -0.902990
v 1.199000 1.589926 -0.636990
v -0.931035 2.011787 -0.618254
v -1.199000 1.589926 -0.636990
v -1.044766 1.589926 -0.902990
vn 0.7510 -0.4964 0.4354
vn -0.7510 -0.4964 0.4354
s 0
f 2340//1654 2341//1654 2342//1654
f 2337//1655 2338//1655 2339//1655
o Turret_01_havok_s_armor_21_17
v -1.252158 1.589924 -0.532590
v -1.199000 1.589926 -0.636990
v -0.931035 2.011787 -0.618254
v -0.903871 1.540551 -0.844742
v -0.903871 1.589925 -0.844742
v -0.999356 1.589925 -0.719998
v -0.999356 1.540551 -0.719998
v 0.463200 2.400475 -0.071481
v 0.445328 2.508998 0.018365
v 0.390002 2.508998 0.012915
v 0.390002 2.400475 -0.078690
v 0.334675 2.508998 0.018365
v 0.316804 2.400475 -0.071481
v 1.252158 1.589924 -0.532590
v 0.931035 2.011787 -0.618254
v 1.199000 1.589926 -0.636990
v 0.901986 1.589926 -0.846890
v 0.901986 1.540551 -0.846890
v 0.997766 1.540551 -0.722374
v 0.997766 1.589926 -0.722374
vn 0.0751 -0.6432 0.7620
vn -0.7688 -0.5057 0.3914
vn -0.7926 -0.0000 0.6097
vn 0.7688 -0.5057 0.3914
vn 0.7941 -0.0000 0.6078
vn -0.0750 -0.6432 0.7620
vn -0.0751 -0.6432 0.7620
s 0
f 2354//1656 2355//1656 2353//1656
f 2354//1656 2353//1656 2352//1656
f 2356//1657 2357//1657 2358//1657
f 2361//1658 2362//1658 2359//1658
f 2361//1658 2359//1658 2360//1658
f 2343//1659 2344//1659 2345//1659
f 2348//1660 2349//1660 2346//1660
f 2348//1660 2346//1660 2347//1660
f 2352//1661 2353//1661 2350//1661
f 2352//1662 2350//1662 2351//1662
o Turret_01_havok_s_armor_24_18
v 0.721893 2.255386 -0.984178
v 0.561687 1.945257 -1.656297
v 0.569753 1.910083 -1.647758
v 0.582617 1.868457 -1.626921
v 0.556102 1.977780 -1.658141
v 0.551177 2.026456 -1.649809
v 0.599514 1.829542 -1.591715
v -0.721888 2.255380 -0.984196
v -0.599514 1.829542 -1.591715
v -0.582618 1.868460 -1.626921
v -0.569753 1.910083 -1.647756
v -0.561687 1.945257 -1.656297
v -0.556102 1.977780 -1.658141
v -0.551177 2.026456 -1.649809
v -0.550799 2.061624 -1.633516
v -0.554979 2.106305 -1.597752
v -0.562824 2.134467 -1.558379
v -0.573662 2.153191 -1.514030
v 0.550799 2.061624 -1.633516
v 0.554979 2.106302 -1.597752
v 0.573662 2.153191 -1.514030
v 0.562823 2.134467 -1.558379
vn 0.9451 -0.1457 0.2925
vn 0.9451 -0.1458 0.2925
vn -0.9451 -0.1456 0.2925
vn -0.9451 -0.1457 0.2925
s 0
f 2377//1663 2378//1663 2370//1663
f 2377//1663 2370//1663 2376//1663
f 2375//1663 2376//1663 2370//1663
f 2379//1664 2380//1664 2370//1664
f 2379//1663 2370//1663 2378//1663
f 2363//1665 2383//1665 2384//1665
f 2363//1666 2384//1666 2382//1666
f 2363//1666 2382//1666 2381//1666
f 2363//1666 2381//1666 2368//1666
f 2363//1666 2368//1666 2367//1666
f 2363//1666 2367//1666 2364//1666
f 2365//1666 2366//1666 2363//1666
f 2365//1666 2363//1666 2364//1666
f 2369//1666 2363//1666 2366//1666
f 2374//1663 2375//1663 2370//1663
f 2374//1663 2370//1663 2373//1663
f 2372//1663 2373//1663 2370//1663
f 2372//1663 2370//1663 2371//1663
o Turret_01_havok_s_armor_26_19
v 0.473488 2.039764 -1.694234
v 0.551177 2.026456 -1.649809
v 0.550799 2.061624 -1.633516
v 0.475001 2.091854 -1.668751
v -0.550799 2.061624 -1.633516
v -0.551177 2.026456 -1.649809
v -0.473488 2.039764 -1.694234
v -0.475001 2.091854 -1.668751
vn 0.5084 -0.3664 0.7793
vn 0.5084 -0.3665 0.7793
vn -0.5084 -0.3664 0.7793
vn -0.5084 -0.3665 0.7793
s 0
f 2391//1667 2392//1667 2389//1667
f 2391//1668 2389//1668 2390//1668
f 2387//1669 2388//1669 2385//1669
f 2387//1670 2385//1670 2386//1670
o Turret_01_havok_s_armor_27_20
v -0.479513 2.135512 -1.632977
v -0.554979 2.106305 -1.597752
v -0.550799 2.061624 -1.633516
v -0.475002 2.091854 -1.668751
v 0.550799 2.061624 -1.633516
v 0.554979 2.106302 -1.597752
v 0.479513 2.135512 -1.632977
v 0.475002 2.091854 -1.668751
vn -0.5213 -0.5080 0.6857
vn -0.5178 -0.5046 0.6909
vn 0.5213 -0.5080 0.6857
vn 0.5178 -0.5046 0.6909
s 0
f 2399//1671 2400//1671 2397//1671
f 2399//1672 2397//1672 2398//1672
f 2395//1673 2396//1673 2393//1673
f 2395//1674 2393//1674 2394//1674
o Turret_01_havok_s_armor_28_21
v -0.562823 2.134467 -1.558379
v -0.486507 2.168981 -1.589137
v -0.497002 2.193066 -1.536152
v -0.573662 2.153191 -1.514030
v 0.246419 2.400475 -0.050129
v 0.281475 2.508998 0.034503
v 0.232445 2.508998 0.060710
v 0.181551 2.400475 -0.015457
v 0.598451 2.400475 -0.015457
v 0.547558 2.508998 0.060710
v 0.498528 2.508998 0.034503
v 0.533584 2.400475 -0.050129
v 0.562823 2.134467 -1.558379
v 0.573662 2.153191 -1.514030
v 0.497003 2.193066 -1.536152
v 0.486507 2.168981 -1.589137
vn -0.3609 -0.6432 0.6753
vn -0.5110 -0.7399 0.4376
vn -0.5111 -0.7400 0.4373
vn 0.5111 -0.7400 0.4373
vn 0.5110 -0.7399 0.4375
vn 0.3609 -0.6432 0.6753
s 0
f 2411//1675 2412//1675 2409//1675
f 2411//1675 2409//1675 2410//1675
f 2415//1676 2416//1676 2413//1676
f 2415//1677 2413//1677 2414//1677
f 2403//1678 2404//1678 2401//1678
f 2403//1679 2401//1679 2402//1679
f 2407//1680 2408//1680 2405//1680
f 2407//1680 2405//1680 2406//1680
o Turret_01_havok_s_armor_29_22
v -0.235697 1.540551 -1.231573
v -0.235697 1.589926 -1.231573
v -0.387389 1.589924 -1.190734
v -0.387389 1.540551 -1.190734
v 0.384682 1.540551 -1.191652
v 0.384682 1.589925 -1.191652
v 0.232894 1.589925 -1.232130
v 0.232894 1.540551 -1.232131
v -0.489354 1.881893 -1.694660
v -0.479575 1.932960 -1.705857
v -0.561687 1.945258 -1.656297
v -0.569753 1.910083 -1.647756
v 0.561687 1.945258 -1.656297
v 0.479576 1.932960 -1.705857
v 0.489354 1.881893 -1.694660
v 0.569753 1.910083 -1.647758
v 0.556102 1.977780 -1.658141
v 0.474763 1.984308 -1.706378
v -0.474763 1.984308 -1.706378
v -0.556102 1.977780 -1.658141
vn -0.5242 0.0855 0.8473
vn -0.5242 0.0854 0.8473
vn -0.5120 -0.0393 0.8581
vn 0.5120 -0.0393 0.8581
vn 0.2600 -0.0000 0.9656
vn -0.2577 -0.0000 0.9662
vn 0.5243 0.0855 0.8473
vn 0.5242 0.0854 0.8473
s 0
f 2431//1681 2432//1681 2429//1681
f 2431//1682 2429//1682 2430//1682
f 2433//1683 2434//1683 2430//1683
f 2433//1683 2430//1683 2429//1683
f 2426//1684 2435//1684 2436//1684
f 2426//1684 2436//1684 2427//1684
f 2419//1685 2420//1685 2417//1685
f 2419//1685 2417//1685 2418//1685
f 2423//1686 2424//1686 2421//1686
f 2423//1686 2421//1686 2422//1686
f 2427//1687 2428//1687 2425//1687
f 2427//1688 2425//1688 2426//1688
o Turret_01_havok_s_armor_30_23
v -0.504483 1.830352 -1.669412
v -0.489354 1.881893 -1.694660
v -0.569754 1.910083 -1.647756
v -0.582618 1.868460 -1.626921
v -0.387389 1.540551 -1.190734
v -0.387389 1.589924 -1.190734
v -0.532453 1.589925 -1.130444
v -0.532453 1.540551 -1.130444
v 0.504483 1.830352 -1.669412
v 0.582617 1.868457 -1.626921
v 0.569753 1.910083 -1.647759
v 0.489354 1.881893 -1.694660
v 0.384683 1.589925 -1.191652
v 0.384682 1.540551 -1.191652
v 0.529889 1.540551 -1.131708
v 0.529889 1.589926 -1.131708
vn -0.5495 0.2319 0.8026
vn -0.5496 0.2319 0.8026
vn -0.3816 -0.0000 0.9243
vn 0.5496 0.2319 0.8026
vn 0.3838 -0.0000 0.9234
s 0
f 2447//1689 2448//1689 2445//1689
f 2447//1690 2445//1690 2446//1690
f 2451//1691 2452//1691 2449//1691
f 2451//1691 2449//1691 2450//1691
f 2439//1692 2440//1692 2437//1692
f 2439//1692 2437//1692 2438//1692
f 2443//1693 2444//1693 2441//1693
f 2443//1693 2441//1693 2442//1693
o Turret_01_havok_s_armor_13_24
v -0.668405 1.589926 -1.051736
v -0.792922 1.589925 -0.955956
v -0.792922 1.540551 -0.955956
v -0.668405 1.540551 -1.051736
v 0.666028 1.589925 -1.053323
v 0.666028 1.540551 -1.053323
v 0.790773 1.540551 -0.957840
v 0.790773 1.589924 -0.957840
v 0.553909 1.751394 -1.577877
v 0.599514 1.829542 -1.591715
v 0.532159 1.778754 -1.618441
v -0.553909 1.751394 -1.577877
v -0.532159 1.778754 -1.618441
v -0.599514 1.829542 -1.591715
v 0.390001 2.389848 -0.078690
v 0.390001 2.400475 -0.078690
v 0.316804 2.400475 -0.071481
v 0.316804 2.389848 -0.071481
v 0.445328 2.508998 0.018364
v 0.444752 2.541499 0.021263
v 0.390001 2.541499 0.015870
v 0.390001 2.508998 0.012915
v 0.335251 2.541499 0.021263
v 0.334675 2.508998 0.018364
v 0.463199 2.389848 -0.071481
v 0.463199 2.400475 -0.071481
vn -0.0976 -0.0901 0.9911
vn 0.0980 -0.0000 0.9952
vn -0.0980 -0.0000 0.9952
vn 0.0976 -0.0901 0.9911
vn -0.6078 -0.0000 0.7941
vn 0.6097 -0.0000 0.7926
vn 0.6076 0.4682 0.6416
vn -0.6076 0.4682 0.6416
s 0
f 2473//1694 2474//1694 2471//1694
f 2473//1694 2471//1694 2472//1694
f 2469//1695 2470//1695 2467//1695
f 2469//1695 2467//1695 2468//1695
f 2477//1696 2478//1696 2468//1696
f 2477//1696 2468//1696 2467//1696
f 2475//1697 2476//1697 2474//1697
f 2475//1697 2474//1697 2473//1697
f 2459//1698 2460//1698 2457//1698
f 2459//1698 2457//1698 2458//1698
f 2455//1699 2456//1699 2453//1699
f 2455//1699 2453//1699 2454//1699
f 2464//1700 2465//1700 2466//1700
f 2461//1701 2462//1701 2463//1701
o Turret_01_havok_s_armor_7_25
v -0.668405 1.589926 -1.051736
v -0.668405 1.540551 -1.051736
v -0.532452 1.540551 -1.130444
v -0.532452 1.589925 -1.130444
v 0.529889 1.589926 -1.131708
v 0.529889 1.540551 -1.131708
v 0.666029 1.540551 -1.053324
v 0.666029 1.589925 -1.053323
vn -0.4990 -0.0000 0.8666
vn 0.5010 -0.0000 0.8654
s 0
f 2485//1702 2486//1702 2483//1702
f 2485//1702 2483//1702 2484//1702
f 2481//1703 2482//1703 2479//1703
f 2481//1703 2479//1703 2480//1703
o Turret_01_havok_s_armor_11_26
v 0.790773 1.589924 -0.957840
v 0.790773 1.540551 -0.957840
v 0.901986 1.540551 -0.846890
v 0.901986 1.589926 -0.846890
v -0.903872 1.589925 -0.844742
v -0.903872 1.540551 -0.844742
v -0.792922 1.540551 -0.955956
v -0.792922 1.589925 -0.955956
v 0.181552 2.400475 -0.015457
v 0.181552 2.389848 -0.015457
v 0.246418 2.389848 -0.050130
v 0.246418 2.400475 -0.050130
v 0.234087 2.541499 0.063167
v 0.232445 2.508998 0.060710
v 0.281475 2.508998 0.034503
v 0.282605 2.541499 0.037233
v 0.547558 2.508998 0.060710
v 0.545916 2.541499 0.063167
v 0.497397 2.541499 0.037233
v 0.498528 2.508998 0.034503
v 0.533584 2.400475 -0.050130
v 0.533584 2.389848 -0.050130
v 0.598451 2.389848 -0.015457
v 0.598451 2.400475 -0.015457
vn 0.4695 -0.0901 0.8783
vn -0.4695 -0.0901 0.8783
vn -0.4714 -0.0000 0.8819
vn -0.7063 -0.0000 0.7079
vn 0.7079 -0.0000 0.7063
vn 0.4714 -0.0000 0.8819
s 0
f 2501//1704 2502//1704 2499//1704
f 2501//1704 2499//1704 2500//1704
f 2505//1705 2506//1705 2503//1705
f 2505//1705 2503//1705 2504//1705
f 2509//1706 2510//1706 2507//1706
f 2509//1706 2507//1706 2508//1706
f 2489//1707 2490//1707 2487//1707
f 2489//1707 2487//1707 2488//1707
f 2493//1708 2494//1708 2491//1708
f 2493//1708 2491//1708 2492//1708
f 2497//1709 2498//1709 2495//1709
f 2497//1709 2495//1709 2496//1709
o Turret_01_havok_s_armor_23_27
v -0.997768 1.589926 0.614436
v -0.997768 1.540552 0.614436
v -1.076476 1.540552 0.478483
v -1.076476 1.589926 0.478483
v 1.077739 1.589926 0.475921
v 1.077739 1.540552 0.475921
v 0.999354 1.540552 0.612061
v 0.999354 1.589926 0.612061
v 0.655308 2.400475 0.031203
v 0.701969 2.400475 0.088060
v 0.590533 2.508999 0.095978
v 0.547558 2.508999 0.060710
v 0.625801 2.508999 0.138953
v 0.598452 2.400475 -0.015457
v 0.390002 2.541498 0.015870
v 0.390002 2.572907 0.053629
v 0.342618 2.572907 0.058296
v 0.335252 2.541498 0.021263
v 0.444751 2.541498 0.021263
v 0.437385 2.572907 0.058296
v 0.297055 2.572907 0.072117
v 0.282605 2.541498 0.037233
v 0.497398 2.541498 0.037233
v 0.482948 2.572907 0.072117
v 0.124695 2.400475 0.031203
v 0.181552 2.400475 -0.015457
v 0.189470 2.508999 0.095978
v 0.154202 2.508999 0.138953
v 0.232444 2.508999 0.060710
v 0.078034 2.400475 0.088060
vn -0.1862 -0.7673 0.6137
vn 0.1862 -0.7673 0.6137
vn -0.0629 -0.7673 0.6382
vn 0.5919 -0.6432 0.4857
vn 0.4858 -0.6432 0.5919
vn 0.4857 -0.6432 0.5919
vn -0.5919 -0.6432 0.4858
vn -0.4858 -0.6432 0.5919
vn -0.8666 -0.0000 -0.4990
vn 0.8654 -0.0000 -0.5010
vn 0.0629 -0.7673 0.6382
vn -0.4857 -0.6432 0.5919
vn -0.5919 -0.6432 0.4857
s 0
f 2533//1710 2534//1710 2530//1710
f 2533//1710 2530//1710 2529//1710
f 2531//1711 2532//1711 2528//1711
f 2531//1711 2528//1711 2527//1711
f 2529//1712 2530//1712 2526//1712
f 2529//1712 2526//1712 2525//1712
f 2540//1713 2535//1713 2538//1713
f 2536//1714 2539//1714 2537//1714
f 2535//1715 2536//1715 2537//1715
f 2535//1713 2537//1713 2538//1713
f 2519//1716 2520//1716 2521//1716
f 2519//1717 2521//1717 2522//1717
f 2517//1718 2518//1718 2515//1718
f 2517//1718 2515//1718 2516//1718
f 2513//1719 2514//1719 2511//1719
f 2513//1719 2511//1719 2512//1719
f 2527//1720 2528//1720 2525//1720
f 2527//1720 2525//1720 2526//1720
f 2522//1721 2524//1721 2519//1721
f 2520//1722 2523//1722 2521//1722
o Turret_01_havok_s_armor_14_28
v 0.668405 1.540552 0.943799
v 0.668405 1.589926 0.943799
v 0.792921 1.589926 0.848018
v 0.792921 1.540552 0.848018
v -0.790774 1.540552 0.849902
v -0.790774 1.589926 0.849902
v -0.666030 1.589926 0.945386
v -0.666030 1.540552 0.945386
v 0.246419 2.400475 0.643149
v 0.246419 2.389848 0.643149
v 0.181552 2.389848 0.608477
v 0.181552 2.400475 0.608477
v 0.124695 2.400475 0.561816
v 0.189470 2.508999 0.497041
v 0.232445 2.508999 0.532310
v 0.545917 2.541499 0.529853
v 0.547558 2.508999 0.532310
v 0.498529 2.508999 0.558517
v 0.497398 2.541499 0.555786
v 0.234087 2.541499 0.529853
v 0.282605 2.541499 0.555787
v 0.281475 2.508999 0.558517
v 0.590533 2.508999 0.497041
v 0.655308 2.400475 0.561815
v 0.598452 2.400475 0.608476
v 0.533584 2.389848 0.643149
v 0.533584 2.400475 0.643149
v 0.598452 2.389848 0.608476
v 0.156658 2.541499 0.452425
v 0.188053 2.572908 0.431447
v 0.218259 2.572908 0.468253
v 0.191560 2.541499 0.494952
v 0.130724 2.541499 0.403906
v 0.165608 2.572908 0.389456
v 0.591950 2.572908 0.431447
v 0.623345 2.541499 0.452424
v 0.588443 2.541499 0.494951
v 0.561745 2.572908 0.468252
v 0.614395 2.572908 0.389456
v 0.649279 2.541499 0.403905
v 0.628216 2.572908 0.343893
v 0.665249 2.541499 0.351259
v 0.670641 2.541499 0.296510
v 0.632883 2.572908 0.296510
v 0.628216 2.572908 0.249126
v 0.665248 2.541499 0.241760
v 0.649279 2.541499 0.189114
v 0.614394 2.572907 0.203563
v 0.591950 2.572907 0.161572
v 0.623345 2.541499 0.140595
v 0.561744 2.572907 0.124767
v 0.588443 2.541499 0.098068
v 0.156658 2.541499 0.140595
v 0.188053 2.572907 0.161572
v 0.165608 2.572907 0.203563
v 0.130724 2.541499 0.189114
v 0.151787 2.572908 0.249126
v 0.114754 2.541499 0.241760
v 0.191560 2.541499 0.098068
v 0.218259 2.572907 0.124767
v 0.109362 2.541499 0.296510
v 0.147121 2.572908 0.296510
v 0.151787 2.572908 0.343893
v 0.114754 2.541499 0.351260
vn -0.5656 -0.7673 0.3023
vn -0.6137 -0.7673 0.1862
vn -0.4957 -0.7673 0.4069
vn -0.4958 -0.7673 0.4069
vn -0.6137 -0.7673 -0.1862
vn -0.6382 -0.7673 0.0629
vn -0.6382 -0.7673 -0.0629
vn 0.6382 -0.7673 -0.0629
vn 0.6382 -0.7673 0.0629
vn 0.6137 -0.7673 -0.1862
vn 0.5656 -0.7673 0.3023
vn 0.6137 -0.7673 0.1862
vn 0.4958 -0.7673 0.4069
vn 0.4957 -0.7673 0.4069
vn 0.4857 -0.6432 -0.5919
vn -0.4695 -0.0901 -0.8783
vn 0.4695 -0.0901 -0.8783
vn -0.6097 -0.0000 -0.7926
vn 0.6078 -0.0000 -0.7941
vn 0.4714 -0.0000 -0.8819
vn 0.5656 -0.7673 -0.3023
vn -0.4958 -0.7673 -0.4069
vn -0.5656 -0.7673 -0.3023
vn -0.4857 -0.6432 -0.5919
vn -0.4858 -0.6432 -0.5919
vn -0.4714 -0.0000 -0.8819
vn 0.4958 -0.7673 -0.4069
s 0
f 2589//1723 2590//1723 2587//1723
f 2589//1723 2587//1723 2588//1723
f 2588//1724 2587//1724 2586//1724
f 2588//1724 2586//1724 2585//1724
f 2591//1725 2592//1725 2590//1725
f 2591//1726 2590//1726 2589//1726
f 2581//1727 2582//1727 2580//1727
f 2581//1727 2580//1727 2579//1727
f 2585//1728 2586//1728 2583//1728
f 2585//1728 2583//1728 2584//1728
f 2584//1729 2583//1729 2582//1729
f 2584//1729 2582//1729 2581//1729
f 2603//1730 2604//1730 2601//1730
f 2603//1730 2601//1730 2602//1730
f 2602//1731 2601//1731 2598//1731
f 2602//1731 2598//1731 2597//1731
f 2604//1732 2603//1732 2574//1732
f 2604//1732 2574//1732 2573//1732
f 2595//1733 2596//1733 2593//1733
f 2595//1733 2593//1733 2594//1733
f 2597//1734 2598//1734 2596//1734
f 2597//1734 2596//1734 2595//1734
f 2599//1735 2600//1735 2594//1735
f 2599//1736 2594//1736 2593//1736
f 2553//1737 2554//1737 2555//1737
f 2553//1737 2555//1737 2552//1737
f 2558//1738 2559//1738 2556//1738
f 2558//1738 2556//1738 2557//1738
f 2561//1739 2562//1739 2555//1739
f 2561//1739 2555//1739 2560//1739
f 2543//1740 2544//1740 2541//1740
f 2543//1740 2541//1740 2542//1740
f 2547//1741 2548//1741 2545//1741
f 2547//1741 2545//1741 2546//1741
f 2551//1742 2552//1742 2549//1742
f 2551//1742 2549//1742 2550//1742
f 2573//1743 2574//1743 2570//1743
f 2573//1743 2570//1743 2569//1743
f 2577//1744 2578//1744 2575//1744
f 2577//1744 2575//1744 2576//1744
f 2579//1745 2580//1745 2576//1745
f 2579//1745 2576//1745 2575//1745
f 2563//1746 2564//1746 2565//1746
f 2563//1747 2565//1747 2557//1747
f 2565//1748 2568//1748 2566//1748
f 2565//1748 2566//1748 2567//1748
f 2571//1749 2572//1749 2569//1749
f 2571//1749 2569//1749 2570//1749
o Turret_01_havok_s_armor_25_29
v 0.668404 1.589926 0.943799
v 0.668404 1.540552 0.943799
v 0.532451 1.540552 1.022507
v 0.532451 1.589926 1.022507
v -0.529890 1.589926 1.023771
v -0.529890 1.540552 1.023771
v -0.666030 1.540552 0.945386
v -0.666030 1.589926 0.945386
v 0.547558 2.508999 0.532310
v 0.598452 2.400475 0.608476
v 0.533585 2.400475 0.643149
v 0.498528 2.508999 0.558517
v 0.191559 2.541499 0.494952
v 0.218259 2.572908 0.468253
v 0.255064 2.572908 0.498458
v 0.234086 2.541499 0.529853
v 0.561744 2.572908 0.468252
v 0.588444 2.541499 0.494951
v 0.545917 2.541499 0.529853
v 0.524939 2.572908 0.498458
v 0.281475 2.508999 0.558517
v 0.246419 2.400475 0.643149
v 0.181552 2.400475 0.608477
v 0.232445 2.508999 0.532310
v 0.524938 2.572907 0.094562
v 0.499766 2.592909 0.132235
v 0.465608 2.592909 0.113978
v 0.482948 2.572907 0.072117
v 0.428545 2.592909 0.102735
v 0.437385 2.572907 0.058295
v 0.561744 2.572907 0.124767
v 0.529705 2.592909 0.156806
v 0.351457 2.592909 0.102735
v 0.342618 2.572907 0.058295
v 0.390002 2.572907 0.053629
v 0.390002 2.592909 0.098939
v 0.297055 2.572907 0.072117
v 0.314394 2.592909 0.113978
v 0.280237 2.592909 0.132235
v 0.255064 2.572907 0.094562
v 0.250298 2.592909 0.156806
v 0.218259 2.572907 0.124767
vn 0.0397 -0.9141 0.4035
vn -0.2572 -0.9141 0.3134
vn -0.1177 -0.9141 0.3880
vn -0.0397 -0.9141 0.4035
vn 0.2572 -0.9141 0.3134
vn 0.1177 -0.9141 0.3880
vn 0.1911 -0.9141 0.3576
vn -0.3609 -0.6432 -0.6753
vn 0.4990 -0.0000 -0.8666
vn -0.5010 -0.0000 -0.8654
vn 0.4069 -0.7673 -0.4958
vn -0.1911 -0.9141 0.3576
vn 0.3609 -0.6432 -0.6753
vn -0.4069 -0.7673 -0.4958
s 0
f 2639//1750 2640//1750 2637//1750
f 2639//1750 2637//1750 2638//1750
f 2635//1751 2636//1751 2630//1751
f 2635//1751 2630//1751 2629//1751
f 2633//1752 2634//1752 2632//1752
f 2633//1752 2632//1752 2631//1752
f 2640//1753 2639//1753 2634//1753
f 2640//1753 2634//1753 2633//1753
f 2645//1754 2646//1754 2644//1754
f 2645//1754 2644//1754 2643//1754
f 2642//1755 2641//1755 2638//1755
f 2642//1755 2638//1755 2637//1755
f 2643//1756 2644//1756 2641//1756
f 2643//1756 2641//1756 2642//1756
f 2615//1757 2616//1757 2613//1757
f 2615//1757 2613//1757 2614//1757
f 2611//1758 2612//1758 2609//1758
f 2611//1758 2609//1758 2610//1758
f 2607//1759 2608//1759 2605//1759
f 2607//1759 2605//1759 2606//1759
f 2619//1760 2620//1760 2617//1760
f 2619//1760 2617//1760 2618//1760
f 2631//1761 2632//1761 2629//1761
f 2631//1761 2629//1761 2630//1761
f 2627//1762 2628//1762 2625//1762
f 2627//1762 2625//1762 2626//1762
f 2623//1763 2624//1763 2621//1763
f 2623//1763 2621//1763 2622//1763
o Turret_01_havok_s_armor_31_30
v 0.428556 2.592909 0.490290
v 0.437350 2.572908 0.534703
v 0.390055 2.572908 0.539391
v 0.390055 2.592909 0.494055
v 0.342653 2.572908 0.534703
v 0.351447 2.592909 0.490290
v 0.465555 2.592909 0.479072
v 0.314448 2.592909 0.479072
v 0.280237 2.592909 0.460784
v 0.499766 2.592909 0.460784
v 0.445328 2.508999 0.574655
v 0.463200 2.400475 0.664500
v 0.390002 2.400475 0.671709
v 0.390002 2.508999 0.580104
v 0.316804 2.400475 0.664500
v 0.334675 2.508999 0.574655
v 0.246419 2.400475 0.643149
v 0.281475 2.508999 0.558517
v 0.498529 2.508999 0.558517
v 0.533584 2.400475 0.643149
v 0.482948 2.572908 0.520902
v 0.297055 2.572908 0.520903
v 0.255064 2.572908 0.498458
v 0.444752 2.541499 0.571757
v 0.390002 2.541499 0.577149
v 0.335252 2.541499 0.571757
v 0.282606 2.541499 0.555787
v 0.497398 2.541499 0.555787
v 0.518274 2.609734 0.270995
v 0.583776 2.592909 0.257966
v 0.587572 2.592909 0.296510
v 0.520787 2.609734 0.296510
v 0.510832 2.609733 0.246460
v 0.572533 2.592909 0.220903
v 0.498746 2.609733 0.223849
v 0.583776 2.592909 0.335054
v 0.518274 2.609734 0.322024
v 0.529705 2.592909 0.156806
v 0.554276 2.592909 0.186745
v 0.482481 2.609733 0.204030
v 0.462662 2.609733 0.187765
v 0.499766 2.592909 0.132235
v 0.415517 2.609733 0.168237
v 0.428546 2.592909 0.102735
v 0.465609 2.592909 0.113978
v 0.440051 2.609733 0.175680
v 0.390001 2.609733 0.165724
v 0.390001 2.592909 0.098939
v 0.364486 2.609733 0.168237
v 0.351457 2.592909 0.102735
v 0.339952 2.609733 0.175680
v 0.297522 2.609733 0.204030
v 0.281257 2.609733 0.223849
v 0.250298 2.592909 0.156806
v 0.280237 2.592909 0.132235
v 0.225727 2.592909 0.186745
v 0.269171 2.609733 0.246460
v 0.207470 2.592909 0.220903
v 0.314394 2.592909 0.113978
v 0.317341 2.609733 0.187765
v 0.261729 2.609734 0.270995
v 0.196227 2.592909 0.257966
v 0.259216 2.609734 0.296510
v 0.192430 2.592909 0.296510
v 0.261729 2.609734 0.322025
v 0.196227 2.592909 0.335054
v 0.269171 2.609734 0.346559
v 0.297522 2.609734 0.388989
v 0.317341 2.609734 0.405254
v 0.250298 2.592909 0.436213
v 0.225727 2.592909 0.406274
v 0.218259 2.572908 0.468253
v 0.281257 2.609734 0.369170
v 0.207470 2.592909 0.372117
v 0.339952 2.609734 0.417340
v 0.364486 2.609734 0.424782
v 0.390001 2.609734 0.427296
v 0.415517 2.609734 0.424782
v 0.524939 2.572908 0.498458
v 0.529705 2.592909 0.436213
v 0.561744 2.572908 0.468252
v 0.440051 2.609734 0.417340
v 0.462662 2.609734 0.405254
v 0.482481 2.609734 0.388989
v 0.554276 2.592909 0.406274
v 0.498746 2.609734 0.369170
v 0.510832 2.609734 0.346559
v 0.572533 2.592909 0.372117
vn 0.1557 -0.9694 -0.1897
vn 0.1897 -0.9694 -0.1557
vn 0.2348 -0.9694 -0.0712
vn 0.2164 -0.9694 -0.1157
vn 0.2572 -0.9141 -0.3134
vn 0.2442 -0.9694 -0.0241
vn 0.1157 -0.9694 0.2164
vn 0.1557 -0.9694 0.1897
vn 0.2164 -0.9694 0.1157
vn 0.1897 -0.9694 0.1557
vn 0.2442 -0.9694 0.0241
vn 0.2348 -0.9694 0.0713
vn 0.2348 -0.9694 0.0712
vn 0.0712 -0.9694 0.2348
vn -0.2164 -0.9694 -0.1157
vn -0.1557 -0.9694 -0.1897
vn -0.1157 -0.9694 -0.2164
vn -0.0712 -0.9694 -0.2348
vn -0.1897 -0.9694 -0.1557
vn -0.2348 -0.9694 -0.0712
vn -0.0241 -0.9694 -0.2443
vn -0.0239 -0.9694 -0.2442
vn 0.0712 -0.9694 -0.2348
vn 0.1157 -0.9694 -0.2164
vn -0.1911 -0.9141 -0.3576
vn -0.1912 -0.9141 -0.3576
vn -0.2572 -0.9141 -0.3134
vn 0.0241 -0.9694 -0.2442
vn 0.0238 -0.9694 -0.2443
vn -0.0628 -0.7675 -0.6380
vn -0.0633 -0.7672 -0.6383
vn 0.1177 -0.9141 -0.3881
vn 0.1175 -0.9140 -0.3883
vn 0.1911 -0.9141 -0.3576
vn -0.1862 -0.7673 -0.6137
vn -0.1857 -0.7675 -0.6135
vn 0.1861 -0.7675 -0.6134
vn 0.1858 -0.7672 -0.6139
vn 0.0629 -0.7673 -0.6382
vn 0.0631 -0.7675 -0.6380
vn -0.1175 -0.9141 -0.3882
vn -0.1177 -0.9140 -0.3883
vn 0.2223 -0.6432 -0.7327
vn 0.0750 -0.6432 -0.7620
vn 0.0751 -0.6432 -0.7620
vn -0.0751 -0.6432 -0.7620
vn 0.0394 -0.9140 -0.4038
vn 0.0399 -0.9142 -0.4033
vn -0.0394 -0.9142 -0.4033
vn -0.0400 -0.9140 -0.4037
vn -0.2223 -0.6432 -0.7327
vn 0.0241 -0.9694 0.2442
vn -0.0241 -0.9694 0.2442
vn -0.0712 -0.9694 0.2348
vn -0.1157 -0.9694 0.2164
vn -0.1897 -0.9694 0.1557
vn -0.2164 -0.9694 0.1157
vn -0.2348 -0.9694 0.0713
vn -0.2348 -0.9694 0.0712
vn -0.2442 -0.9694 0.0241
vn -0.1557 -0.9694 0.1897
vn -0.2442 -0.9694 -0.0241
s 0
f 2655//1764 2716//1764 2715//1764
f 2716//1765 2717//1765 2714//1765
f 2716//1764 2714//1764 2715//1764
f 2712//1766 2711//1766 2713//1766
f 2713//1767 2719//1767 2720//1767
f 2713//1766 2720//1766 2712//1766
f 2717//1767 2720//1767 2719//1767
f 2717//1765 2719//1765 2714//1765
f 2718//1768 2716//1768 2655//1768
f 2718//1768 2655//1768 2669//1768
f 2711//1769 2712//1769 2710//1769
f 2711//1769 2710//1769 2709//1769
f 2701//1770 2705//1770 2706//1770
f 2701//1771 2706//1771 2698//1771
f 2703//1772 2704//1772 2702//1772
f 2703//1772 2702//1772 2699//1772
f 2699//1773 2702//1773 2700//1773
f 2709//1774 2710//1774 2708//1774
f 2709//1774 2708//1774 2707//1774
f 2707//1775 2708//1775 2704//1775
f 2707//1776 2704//1776 2703//1776
f 2697//1770 2706//1770 2705//1770
f 2697//1777 2705//1777 2696//1777
f 2733//1778 2734//1778 2731//1778
f 2733//1778 2731//1778 2732//1778
f 2729//1779 2730//1779 2656//1779
f 2729//1780 2656//1780 2653//1780
f 2647//1781 2724//1781 2728//1781
f 2731//1782 2726//1782 2732//1782
f 2730//1782 2732//1782 2726//1782
f 2730//1779 2726//1779 2656//1779
f 2734//1783 2733//1783 2683//1783
f 2734//1783 2683//1783 2682//1783
f 2728//1780 2729//1780 2653//1780
f 2728//1781 2653//1781 2647//1781
f 2650//1784 2723//1784 2724//1784
f 2650//1785 2724//1785 2647//1785
f 2654//1786 2721//1786 2722//1786
f 2654//1786 2722//1786 2652//1786
f 2655//1787 2715//1787 2721//1787
f 2655//1787 2721//1787 2654//1787
f 2656//1788 2725//1788 2667//1788
f 2656//1789 2667//1789 2653//1789
f 2726//1790 2727//1790 2725//1790
f 2726//1790 2725//1790 2656//1790
f 2652//1791 2722//1791 2723//1791
f 2652//1792 2723//1792 2650//1792
f 2648//1793 2670//1793 2671//1793
f 2648//1794 2671//1794 2649//1794
f 2668//1795 2654//1795 2652//1795
f 2668//1796 2652//1796 2651//1796
f 2654//1797 2668//1797 2669//1797
f 2654//1797 2669//1797 2655//1797
f 2667//1798 2674//1798 2670//1798
f 2667//1799 2670//1799 2648//1799
f 2651//1800 2672//1800 2673//1800
f 2651//1801 2673//1801 2668//1801
f 2649//1802 2671//1802 2672//1802
f 2649//1803 2672//1803 2651//1803
f 2653//1804 2667//1804 2648//1804
f 2653//1805 2648//1805 2647//1805
f 2663//1806 2664//1806 2662//1806
f 2663//1806 2662//1806 2661//1806
f 2661//1807 2662//1807 2660//1807
f 2661//1808 2660//1808 2659//1808
f 2659//1809 2660//1809 2657//1809
f 2659//1809 2657//1809 2658//1809
f 2651//1810 2652//1810 2650//1810
f 2651//1811 2650//1811 2649//1811
f 2649//1812 2650//1812 2647//1812
f 2649//1813 2647//1813 2648//1813
f 2665//1814 2666//1814 2658//1814
f 2665//1814 2658//1814 2657//1814
f 2695//1815 2696//1815 2694//1815
f 2695//1815 2694//1815 2693//1815
f 2693//1816 2694//1816 2690//1816
f 2693//1816 2690//1816 2689//1816
f 2691//1817 2692//1817 2689//1817
f 2691//1817 2689//1817 2690//1817
f 2700//1771 2701//1771 2698//1771
f 2700//1773 2698//1773 2699//1773
f 2692//1818 2691//1818 2688//1818
f 2692//1818 2688//1818 2687//1818
f 2695//1777 2697//1777 2696//1777
f 2681//1819 2686//1819 2685//1819
f 2681//1820 2685//1820 2680//1820
f 2679//1820 2681//1820 2680//1820
f 2679//1821 2680//1821 2676//1821
f 2676//1822 2675//1822 2679//1822
f 2677//1823 2678//1823 2675//1823
f 2677//1823 2675//1823 2676//1823
f 2688//1824 2684//1824 2687//1824
f 2686//1824 2687//1824 2684//1824
f 2686//1819 2684//1819 2685//1819
f 2682//1825 2683//1825 2678//1825
f 2682//1825 2678//1825 2677//1825
o Hull_havok_s_surveyingDevice_0
v -0.129726 1.518371 -2.125226
v -0.293608 1.518371 -2.010427
v -0.328244 1.518371 -2.060080
v -0.164363 1.518371 -2.174680
v -0.099900 1.518371 -2.153032
v 0.099900 1.518371 -2.153032
v 0.099900 1.518371 -2.213609
v -0.099900 1.518371 -2.213609
v 0.129726 1.518371 -2.125226
v 0.293608 1.518371 -2.010427
v 0.328244 1.518371 -2.060080
v 0.164363 1.518371 -2.174680
v -0.129713 1.454560 -2.125142
v -0.293543 1.464596 -2.010427
v -0.328244 1.460260 -2.059985
v -0.164414 1.450224 -2.174700
v -0.100000 1.452113 -2.153109
v 0.100000 1.452113 -2.153109
v 0.100000 1.446820 -2.213609
v -0.100000 1.446820 -2.213609
v 0.293543 1.464596 -2.010427
v 0.129713 1.454560 -2.125142
v 0.328244 1.460260 -2.059985
v 0.164414 1.450224 -2.174700
vn -0.8192 -0.0009 -0.5735
vn -0.8202 0.0010 -0.5721
vn 0.5736 -0.0012 -0.8191
vn 0.5737 -0.0007 -0.8190
vn 1.0000 -0.0014 0.0001
vn 1.0000 -0.0015 -0.0000
vn -0.0000 -1.0000 -0.0000
vn -1.0000 -0.0014 0.0001
vn -1.0000 -0.0015 -0.0000
vn 0.8192 0.0005 0.5735
vn 0.8191 0.0006 0.5737
vn -0.5735 -0.0007 0.8192
vn -0.5731 0.0013 0.8195
vn -0.8192 0.0005 0.5735
vn -0.8191 0.0006 0.5737
vn 0.8192 -0.0009 -0.5735
vn 0.8202 0.0010 -0.5721
vn -0.5736 -0.0012 -0.8191
vn -0.5737 -0.0007 -0.8190
vn 0.5735 -0.0007 0.8192
vn 0.5731 0.0013 0.8195
vn -0.0000 -0.0000 1.0000
vn -0.0000 0.0012 -1.0000
s 0
f 2745//1826 2757//1826 2755//1826
f 2745//1827 2755//1827 2744//1827
f 2755//1828 2756//1828 2743//1828
f 2755//1829 2743//1829 2744//1829
f 2751//1830 2754//1830 2742//1830
f 2751//1831 2742//1831 2739//1831
f 2743//1832 2746//1832 2745//1832
f 2743//1832 2745//1832 2744//1832
f 2741//1833 2753//1833 2752//1833
f 2741//1834 2752//1834 2740//1834
f 2756//1835 2758//1835 2746//1835
f 2756//1836 2746//1836 2743//1836
f 2746//1837 2758//1837 2757//1837
f 2746//1838 2757//1838 2745//1838
f 2738//1839 2750//1839 2747//1839
f 2738//1840 2747//1840 2735//1840
f 2736//1832 2737//1832 2738//1832
f 2736//1832 2738//1832 2735//1832
f 2748//1841 2749//1841 2737//1841
f 2748//1842 2737//1842 2736//1842
f 2735//1843 2747//1843 2748//1843
f 2735//1844 2748//1844 2736//1844
f 2749//1845 2750//1845 2738//1845
f 2749//1846 2738//1846 2737//1846
f 2742//1847 2754//1847 2753//1847
f 2742//1847 2753//1847 2741//1847
f 2739//1832 2742//1832 2741//1832
f 2739//1832 2741//1832 2740//1832
f 2740//1848 2752//1848 2751//1848
f 2740//1848 2751//1848 2739//1848
o Hull_havok_s_armor_5_1
v 1.061916 1.512162 3.096374
v -1.061916 1.512162 3.096374
v -1.061916 1.510556 1.237886
v 1.061916 1.510556 1.237886
v -0.000001 1.540556 1.059530
v 0.101276 1.540556 1.054642
v 1.414706 1.540556 1.232597
v -0.101276 1.540556 1.054642
v 1.060144 1.540556 -1.256815
v 1.414706 1.540556 -0.989470
v 1.006724 1.540556 -0.296169
v 1.031433 1.540556 -0.197275
v 1.046751 1.540556 -0.093386
v 1.051639 1.540556 0.007891
v 1.046751 1.540556 0.109167
v 1.006724 1.540556 0.311951
v 1.031433 1.540556 0.213056
v 0.971588 1.540556 0.410337
v 0.927818 1.540556 0.502966
v -1.060144 1.540556 -1.256815
v -1.051639 1.540556 0.007891
v -1.414706 1.540556 1.232597
v -1.414706 1.540556 -0.989470
v -1.046751 1.540556 -0.093386
v -1.031433 1.540556 -0.197275
v -1.046751 1.540556 0.109167
v -1.031433 1.540556 0.213056
v -1.006724 1.540556 0.311951
v -0.971587 1.540556 0.410337
v 0.402447 1.540556 0.979478
v 0.495074 1.540556 0.935708
v 0.304060 1.540556 1.014614
v 0.205166 1.540556 1.039323
v 0.666961 1.540556 0.820977
v 0.743621 1.540556 0.751511
v 0.813086 1.540556 0.674851
v 0.584260 1.540556 0.882296
v 0.874405 1.540556 0.592151
v -0.666961 1.540556 0.820977
v -0.584260 1.540556 0.882296
v -0.495074 1.540556 0.935708
v -0.743621 1.540556 0.751511
v -0.402447 1.540556 0.979478
v -0.304060 1.540556 1.014614
v -0.205166 1.540556 1.039323
v -0.927818 1.540556 0.502966
v -0.874405 1.540556 0.592151
v -0.813086 1.540556 0.674851
v -0.205166 1.540556 -1.023541
v -0.101276 1.540556 -1.038861
v -0.000001 1.540556 -1.043749
v 0.101276 1.540556 -1.038861
v 0.304060 1.540556 -0.998834
v 0.205166 1.540556 -1.023541
v 0.402447 1.540556 -0.963697
v 0.495074 1.540556 -0.919928
v -0.402447 1.540556 -0.963697
v -0.495074 1.540556 -0.919928
v -0.584260 1.540556 -0.866515
v -0.304060 1.540556 -0.998834
v 0.584260 1.540556 -0.866515
v 0.666961 1.540556 -0.805196
v 0.813086 1.540556 -0.659070
v 0.743621 1.540556 -0.735731
v 0.874405 1.540556 -0.576370
v 0.927818 1.540556 -0.487185
v 0.971588 1.540556 -0.394557
v -0.666961 1.540556 -0.805196
v -0.743621 1.540556 -0.735731
v -0.813086 1.540556 -0.659070
v -0.874405 1.540556 -0.576370
v -0.927818 1.540556 -0.487185
v -0.971587 1.540556 -0.394557
v -1.006724 1.540556 -0.296169
vn -0.0000 -1.0000 -0.0000
vn -0.0000 -1.0000 0.0009
vn -0.0001 -1.0000 -0.0000
s 0
f 2812//1849 2810//1849 2767//1849
f 2812//1849 2767//1849 2811//1849
f 2809//1849 2808//1849 2767//1849
f 2809//1849 2767//1849 2810//1849
f 2778//1849 2815//1849 2816//1849
f 2778//1849 2816//1849 2817//1849
f 2813//1849 2811//1849 2767//1849
f 2813//1849 2767//1849 2814//1849
f 2767//1849 2808//1849 2807//1849
f 2767//1849 2807//1849 2778//1849
f 2803//1849 2766//1849 2780//1849
f 2803//1849 2780//1849 2802//1849
f 2780//1849 2799//1849 2801//1849
f 2780//1849 2801//1849 2802//1849
f 2806//1849 2800//1849 2780//1849
f 2806//1849 2780//1849 2805//1849
f 2780//1849 2787//1849 2804//1849
f 2780//1849 2804//1849 2805//1849
f 2778//1849 2827//1849 2828//1849
f 2778//1849 2828//1849 2829//1849
f 2778//1849 2817//1849 2826//1849
f 2778//1849 2826//1849 2827//1849
f 2832//1849 2783//1849 2778//1849
f 2832//1849 2778//1849 2831//1849
f 2778//1849 2829//1849 2830//1849
f 2778//1849 2830//1849 2831//1849
f 2767//1849 2769//1849 2825//1849
f 2767//1849 2825//1849 2824//1849
f 2819//1849 2814//1849 2767//1849
f 2819//1849 2767//1849 2820//1849
f 2778//1849 2807//1849 2818//1849
f 2778//1849 2818//1849 2815//1849
f 2823//1849 2821//1849 2767//1849
f 2823//1849 2767//1849 2824//1849
f 2822//1849 2820//1849 2767//1849
f 2822//1849 2767//1849 2821//1849
f 2797//1849 2780//1849 2800//1849
f 2776//1849 2774//1849 2765//1849
f 2776//1849 2765//1849 2777//1849
f 2775//1849 2773//1849 2765//1849
f 2775//1849 2765//1849 2774//1849
f 2782//1849 2779//1849 2778//1849
f 2782//1849 2778//1849 2783//1849
f 2780//1849 2781//1849 2778//1849
f 2780//1849 2778//1849 2779//1849
f 2772//1849 2771//1849 2765//1849
f 2772//1849 2765//1849 2773//1849
f 2763//1849 2764//1849 2765//1849
f 2763//1849 2765//1849 2766//1849
f 2761//1850 2762//1850 2759//1850
f 2761//1850 2759//1850 2760//1850
f 2770//1851 2769//1851 2765//1851
f 2770//1849 2765//1849 2771//1849
f 2765//1849 2769//1849 2767//1849
f 2765//1849 2767//1849 2768//1849
f 2765//1849 2789//1849 2795//1849
f 2765//1849 2795//1849 2792//1849
f 2765//1849 2792//1849 2793//1849
f 2765//1849 2793//1849 2794//1849
f 2780//1849 2797//1849 2798//1849
f 2780//1849 2798//1849 2799//1849
f 2796//1849 2777//1849 2765//1849
f 2796//1849 2765//1849 2794//1849
f 2765//1849 2764//1849 2791//1849
f 2765//1849 2791//1849 2790//1849
f 2780//1849 2785//1849 2786//1849
f 2780//1849 2786//1849 2787//1849
f 2780//1849 2779//1849 2784//1849
f 2780//1849 2784//1849 2785//1849
f 2788//1849 2789//1849 2765//1849
f 2788//1849 2765//1849 2790//1849
f 2780//1849 2766//1849 2765//1849
o Hull_havok_s_armor_4_2
v -1.789994 1.245556 3.407882
v 1.076047 1.055557 3.374378
v -1.076047 1.055557 3.374378
v -1.563563 1.055557 3.374378
v 1.076049 0.439640 3.265775
v -1.076047 0.439640 3.265775
v 1.563563 1.055557 3.374378
v 1.789994 1.245556 3.407882
vn -0.0000 0.1737 -0.9848
vn -0.0000 0.1736 -0.9848
s 0
f 2833//1852 2840//1852 2839//1852
f 2833//1852 2839//1852 2834//1852
f 2837//1853 2838//1853 2835//1853
f 2837//1853 2835//1853 2834//1853
f 2835//1852 2836//1852 2833//1852
f 2835//1852 2833//1852 2834//1852
o Hull_havok_s_armor_2_3
v -0.794529 0.395560 -2.817101
v 0.794529 0.395560 -2.817101
v 0.409370 1.055558 -3.477095
v -0.409369 1.055558 -3.477095
vn -0.0000 0.7071 0.7071
s 0
f 2843//1854 2844//1854 2841//1854
f 2843//1854 2841//1854 2842//1854
o Hull_havok_s_armor_1_4
v 0.732800 1.425109 -2.461765
v -0.941300 1.245556 -2.955079
v -0.409370 1.055558 -3.477095
v 0.409370 1.055558 -3.477095
v -0.732800 1.425109 -2.461765
v 0.941300 1.245556 -2.955079
vn -0.0000 -0.9397 0.3420
s 0
f 2848//1855 2850//1855 2845//1855
f 2849//1855 2846//1855 2845//1855
f 2847//1855 2848//1855 2845//1855
f 2847//1855 2845//1855 2846//1855
o Hull_havok_s_armor_13_5
v -1.789994 1.245556 3.407882
v -1.789994 1.245556 -1.482379
v -1.444553 1.371287 -1.004345
v -1.444553 1.371287 1.262444
v -1.061916 1.510556 -1.262105
v -1.061916 1.510556 -1.485096
v -1.061916 1.510556 1.237886
v -1.061916 1.512163 3.096375
v 1.444553 1.371287 1.262444
v 1.789994 1.245556 3.407882
v 1.061916 1.512163 3.096375
v 1.061916 1.510556 1.237886
v 1.444553 1.371287 -1.004345
v 1.789994 1.245556 -1.482379
v 1.061916 1.510556 -1.262105
v 1.061916 1.510556 -1.485096
v 1.007474 1.530371 -1.258613
v -1.007474 1.530371 -1.258613
vn -0.3420 -0.9397 -0.0000
vn 0.3420 -0.9397 -0.0000
vn -0.3421 -0.9397 0.0008
vn -0.3440 -0.9390 0.0004
vn 0.3421 -0.9397 0.0008
vn 0.3440 -0.9390 0.0004
s 0
f 2865//1856 2866//1856 2864//1856
f 2865//1856 2864//1856 2863//1856
f 2863//1856 2864//1856 2860//1856
f 2863//1856 2860//1856 2859//1856
f 2868//1857 2855//1857 2856//1857
f 2867//1856 2866//1856 2865//1856
f 2852//1857 2856//1857 2855//1857
f 2852//1857 2855//1857 2853//1857
f 2853//1857 2854//1857 2851//1857
f 2853//1857 2851//1857 2852//1857
f 2861//1858 2862//1858 2859//1858
f 2861//1859 2859//1859 2860//1859
f 2854//1860 2857//1860 2858//1860
f 2854//1861 2858//1861 2851//1861
o Hull_havok_s_armor_7_6
v 0.732801 1.425109 -2.461765
v 0.941301 1.245556 -2.955079
v 1.789994 1.245556 -1.482380
v 1.061916 1.510556 -1.485097
v -0.732801 1.425109 -2.461765
v -1.061916 1.510556 -1.485097
v -1.789994 1.245556 -1.482380
v -0.941301 1.245556 -2.955079
vn 0.3359 -0.9218 0.1936
vn 0.3362 -0.9216 0.1939
vn -0.3362 -0.9216 0.1939
vn -0.3359 -0.9218 0.1936
s 0
f 2875//1862 2876//1862 2873//1862
f 2875//1863 2873//1863 2874//1863
f 2871//1864 2872//1864 2869//1864
f 2871//1865 2869//1865 2870//1865
o Hull_havok_s_armor_9_7
v -0.099900 1.446820 -2.213609
v 0.099900 1.446820 -2.213609
v 0.164363 1.450224 -2.174680
v 0.328244 1.460263 -2.060080
v -0.164363 1.450224 -2.174680
v -0.328244 1.460263 -2.060080
v -0.129726 1.454557 -2.125226
v -0.293608 1.464596 -2.010427
v 0.099900 1.452117 -2.153032
v -0.099900 1.452117 -2.153032
v 0.129726 1.454557 -2.125226
v 0.293608 1.464596 -2.010427
v -0.732800 1.425109 -2.461765
v 0.732801 1.425109 -2.461765
v 1.061915 1.510556 -1.485097
v -1.061915 1.510556 -1.485097
v 1.007474 1.530371 -1.258612
v -1.007474 1.530371 -1.258612
vn 0.0001 -0.9962 0.0870
vn -0.0000 -0.9962 0.0873
vn -0.0000 -0.9962 0.0874
vn -0.0000 -0.9962 0.0870
vn -0.0000 -0.9962 0.0871
vn -0.0001 -0.9962 0.0873
vn -0.0000 -0.9962 0.0872
vn -0.0001 -0.9962 0.0870
vn 0.0001 -0.9962 0.0873
s 0
f 2880//1866 2888//1866 2887//1866
f 2880//1867 2887//1867 2879//1867
f 2886//1868 2885//1868 2887//1868
f 2886//1869 2887//1869 2888//1869
f 2886//1870 2888//1870 2891//1870
f 2886//1871 2891//1871 2883//1871
f 2880//1872 2890//1872 2891//1872
f 2880//1866 2891//1866 2888//1866
f 2883//1872 2891//1872 2893//1872
f 2883//1870 2893//1870 2884//1870
f 2893//1872 2894//1872 2892//1872
f 2893//1872 2892//1872 2884//1872
f 2892//1872 2889//1872 2882//1872
f 2892//1873 2882//1873 2884//1873
f 2886//1871 2883//1871 2881//1871
f 2886//1870 2881//1870 2877//1870
f 2879//1872 2890//1872 2880//1872
f 2878//1872 2877//1872 2890//1872
f 2878//1870 2890//1870 2879//1870
f 2889//1872 2890//1872 2877//1872
f 2889//1870 2877//1870 2881//1870
f 2889//1872 2881//1872 2882//1872
f 2879//1874 2887//1874 2885//1874
f 2879//1870 2885//1870 2878//1870
f 2878//1870 2885//1870 2886//1870
f 2878//1870 2886//1870 2877//1870
f 2883//1873 2884//1873 2882//1873
f 2883//1867 2882//1867 2881//1867
o Hull_havok_s_armor_6_8
v 0.835828 0.395560 -2.745569
v -0.835828 0.395560 -2.745569
v -0.835828 0.395559 2.888933
v 0.835828 0.395559 2.888933
v -0.794530 0.395560 -2.817101
v 0.794530 0.395560 -2.817101
v -1.076048 0.395559 3.015777
v 1.076048 0.395559 3.015777
v 1.076048 0.395559 2.888933
v -1.076048 0.395559 2.888933
v -1.563562 1.055557 -1.485097
v -1.563562 1.055557 3.374378
v -1.076048 1.055557 2.507883
v -1.076048 1.055558 -2.329496
v -1.076048 1.055557 3.374378
v 1.076048 1.055557 3.374378
v 1.563562 1.055557 3.374378
v 1.563562 1.055557 -1.485097
v 1.076048 1.055557 2.507883
v 1.076048 1.055558 -2.329496
v -1.076048 0.439640 3.265775
v 1.076048 0.439640 3.265775
vn -0.0000 1.0000 -0.0000
vn -0.0000 0.9848 -0.1736
s 0
f 2909//1875 2907//1875 2906//1875
f 2907//1875 2908//1875 2905//1875
f 2907//1875 2905//1875 2906//1875
f 2912//1875 2913//1875 2910//1875
f 2912//1875 2910//1875 2911//1875
f 2915//1876 2916//1876 2902//1876
f 2915//1876 2902//1876 2901//1876
f 2914//1875 2913//1875 2912//1875
f 2895//1875 2900//1875 2899//1875
f 2895//1875 2899//1875 2896//1875
f 2897//1875 2898//1875 2895//1875
f 2897//1875 2895//1875 2896//1875
f 2901//1875 2902//1875 2898//1875
f 2901//1875 2898//1875 2897//1875
f 2904//1875 2901//1875 2897//1875
f 2903//1875 2898//1875 2902//1875
o Hull_havok_s_armor_11_9
v 1.076048 1.055558 -2.329497
v 0.409369 1.055558 -3.477095
v 0.794529 0.395560 -2.817101
v 0.835828 0.395560 -2.745569
v -1.076048 1.055558 -2.329497
v -0.835828 0.395560 -2.745569
v -0.794529 0.395560 -2.817101
v -0.409369 1.055558 -3.477095
vn 0.8660 -0.0000 0.5000
vn 0.8647 -0.0023 0.5023
vn -0.8660 -0.0000 0.5000
vn -0.8647 -0.0023 0.5023
s 0
f 2921//1877 2922//1877 2923//1877
f 2921//1878 2923//1878 2924//1878
f 2919//1879 2920//1879 2917//1879
f 2919//1880 2917//1880 2918//1880
o Hull_havok_s_armor_16_10
v -1.061915 1.510556 -1.262105
v -1.007474 1.530371 -1.258612
v -1.060145 1.540556 -1.256816
v 1.007474 1.530371 -1.258612
v 1.060145 1.540556 -1.256816
v 1.061915 1.510556 -1.262105
vn -0.0000 -0.1736 0.9848
vn -0.0000 -0.1737 0.9848
s 0
f 2930//1881 2929//1881 2928//1881
f 2928//1882 2929//1882 2927//1882
f 2928//1882 2927//1882 2926//1882
f 2925//1881 2926//1881 2927//1881
o Hull_havok_s_armor_19_11
v -1.444553 1.371287 1.262444
v -1.414706 1.540556 1.232597
v -1.061915 1.510556 1.237887
v 1.414706 1.540556 1.232597
v 1.061915 1.510556 1.237887
v 1.444553 1.371287 1.262444
vn -0.0000 -0.1736 -0.9848
vn -0.0000 -0.1737 -0.9848
s 0
f 2934//1883 2936//1883 2935//1883
f 2934//1884 2935//1884 2933//1884
f 2934//1884 2933//1884 2932//1884
f 2931//1883 2932//1883 2933//1883
o Hull_havok_s_armor_20_12
v -1.061916 1.512162 3.096374
v 1.061916 1.512162 3.096374
v 1.789994 1.245556 3.407882
v -1.789994 1.245556 3.407882
vn -0.0000 -0.7597 -0.6502
s 0
f 2939//1885 2940//1885 2937//1885
f 2939//1885 2937//1885 2938//1885
o Hull_havok_s_armor_21_13
v -1.076048 1.055557 2.507883
v -1.076048 1.055557 3.374378
v -1.076048 0.395559 2.888932
v -1.076048 0.395559 3.015776
v -1.076048 0.439640 3.265775
v 1.076048 1.055557 2.507883
v 1.076048 0.395559 2.888932
v 1.076048 1.055557 3.374378
v 1.076048 0.395559 3.015776
v 1.076048 0.439640 3.265775
vn -1.0000 -0.0000 -0.0000
vn 1.0000 -0.0000 -0.0000
s 0
f 2946//1886 2947//1886 2948//1886
f 2949//1886 2950//1886 2948//1886
f 2949//1886 2948//1886 2947//1886
f 2941//1887 2942//1887 2943//1887
f 2942//1887 2945//1887 2944//1887
f 2942//1887 2944//1887 2943//1887
o Hull_havok_s_armor_22_14
v 0.835828 0.395559 2.888932
v 1.076048 0.395559 2.888932
v 1.076048 1.055557 2.507883
v -0.835828 0.395559 2.888932
v -1.076048 1.055557 2.507883
v -1.076048 0.395559 2.888932
vn -0.0000 0.5000 0.8660
s 0
f 2954//1888 2955//1888 2956//1888
f 2951//1888 2952//1888 2953//1888
o Hull_havok_s_armor_18_15
v 1.789994 1.245556 -1.482379
v 1.563563 1.055557 -1.485096
v 1.563563 1.055557 3.374378
v 1.789994 1.245556 3.407882
v -1.789994 1.245556 -1.482379
v -1.789994 1.245556 3.407882
v -1.563563 1.055557 3.374378
v -1.563563 1.055557 -1.485096
vn 0.6428 0.7660 -0.0000
vn -0.6428 0.7660 -0.0000
s 0
f 2963//1889 2964//1889 2961//1889
f 2963//1889 2961//1889 2962//1889
f 2959//1890 2960//1890 2957//1890
f 2959//1890 2957//1890 2958//1890
o Hull_havok_s_armor_15_16
v -1.061915 1.510556 -1.262105
v -1.060145 1.540556 -1.256816
v -1.414706 1.540556 -0.989470
v -1.444553 1.371287 -1.004345
v 1.414706 1.540556 -0.989470
v 1.060145 1.540556 -1.256816
v 1.061915 1.510556 -1.262105
v 1.444553 1.371287 -1.004345
vn -0.5929 -0.1736 0.7863
vn 0.5929 -0.1736 0.7863
s 0
f 2971//1891 2972//1891 2969//1891
f 2971//1891 2969//1891 2970//1891
f 2967//1892 2968//1892 2965//1892
f 2967//1892 2965//1892 2966//1892
o Hull_havok_s_armor_10_17
v -1.789994 1.245556 -1.482380
v -1.563563 1.055557 -1.485097
v -1.076047 1.055558 -2.329497
v -0.941301 1.245556 -2.955079
v 0.409370 1.055558 -3.477095
v 1.076049 1.055558 -2.329497
v 0.941301 1.245556 -2.955079
v -0.409369 1.055558 -3.477095
v 1.563563 1.055557 -1.485097
v 1.789994 1.245556 -1.482380
vn 0.5991 0.7211 0.3480
vn -0.6048 0.7158 0.3492
vn -0.6037 0.7173 0.3479
vn 0.6037 0.7173 0.3479
vn 0.6048 0.7158 0.3492
vn -0.5991 0.7211 0.3480
s 0
f 2980//1893 2976//1893 2975//1893
f 2978//1894 2981//1894 2982//1894
f 2978//1895 2982//1895 2979//1895
f 2975//1896 2976//1896 2973//1896
f 2975//1897 2973//1897 2974//1897
f 2977//1898 2978//1898 2979//1898
o Hull_havok_s_armor_14_18
v 1.414706 1.540556 1.232597
v 1.414706 1.540556 -0.989470
v 1.444553 1.371287 -1.004345
v 1.444553 1.371287 1.262444
v -1.414706 1.540556 1.232597
v -1.444553 1.371287 1.262444
v -1.444553 1.371287 -1.004345
v -1.414706 1.540556 -0.989470
vn 0.9848 -0.1736 -0.0000
vn -0.9848 -0.1736 -0.0000
s 0
f 2989//1899 2990//1899 2987//1899
f 2989//1899 2987//1899 2988//1899
f 2985//1900 2986//1900 2983//1900
f 2985//1900 2983//1900 2984//1900
o Hull_havok_s_armor_8_19
v -0.402447 1.540556 -0.963697
v -0.813086 1.540556 0.674851
v -0.874406 1.540556 0.592151
v -0.927818 1.540556 0.502966
v -0.666961 1.540556 0.820976
v -0.743621 1.540556 0.751512
v -0.584261 1.540556 0.882296
v -0.495075 1.540556 0.935709
v -0.402447 1.540556 0.979478
v -0.971587 1.540556 0.410337
v -1.006724 1.540556 0.311950
v -1.031433 1.540556 0.213057
v -1.046751 1.540556 0.109167
v -1.051639 1.540556 0.007891
v -1.046751 1.540556 -0.093386
v -1.031433 1.540556 -0.197275
v -1.006724 1.540556 -0.296169
v -0.971587 1.540556 -0.394556
v -0.927818 1.540556 -0.487184
v -0.874406 1.540556 -0.576370
v -0.813086 1.540556 -0.659070
v -0.743621 1.540556 -0.735730
v -0.666961 1.540556 -0.805195
v -0.584261 1.540556 -0.866515
v -0.495075 1.540556 -0.919928
v 0.927819 1.540556 0.502966
v 0.874406 1.540556 0.592151
v 0.813086 1.540556 0.674851
v 0.743621 1.540556 0.751512
v 0.666961 1.540556 0.820976
v 1.006724 1.540556 0.311950
v 0.971587 1.540556 0.410337
v 1.031432 1.540556 0.213057
v 1.046751 1.540556 0.109167
v 1.046751 1.540556 -0.093386
v 1.051639 1.540556 0.007891
v 1.031432 1.540556 -0.197275
v 0.971587 1.540556 -0.394556
v 1.006724 1.540556 -0.296169
v 0.874406 1.540556 -0.576370
v 0.927819 1.540556 -0.487184
v 0.584260 1.540556 0.882296
v 0.495075 1.540556 0.935709
v 0.402447 1.540556 0.979478
v 0.304060 1.540556 1.014615
v 0.205166 1.540556 1.039322
v 0.101276 1.540556 1.054642
v 0.000000 1.540556 1.059530
v -0.101277 1.540556 1.054642
v -0.205166 1.540556 1.039322
v -0.304059 1.540556 1.014615
v 0.813086 1.540556 -0.659070
v 0.743621 1.540556 -0.735730
v 0.584260 1.540556 -0.866515
v 0.666961 1.540556 -0.805195
v 0.402447 1.540556 -0.963697
v 0.495075 1.540556 -0.919928
v 0.205166 1.540556 -1.023541
v 0.304060 1.540556 -0.998833
v 0.101276 1.540556 -1.038861
v -0.101277 1.540556 -1.038861
v 0.000000 1.540556 -1.043749
v -0.304059 1.540556 -0.998833
v -0.205166 1.540556 -1.023541
vn -0.0000 -1.0000 -0.0000
s 0
f 3036//1901 3037//1901 2991//1901
f 3036//1901 2991//1901 3035//1901
f 3034//1901 3035//1901 2991//1901
f 3034//1901 2991//1901 3033//1901
f 3040//1901 2991//1901 3039//1901
f 3038//1901 3039//1901 2991//1901
f 3038//1901 2991//1901 3037//1901
f 2991//1901 3028//1901 3029//1901
f 2991//1901 3029//1901 3027//1901
f 3025//1901 2991//1901 3027//1901
f 3032//1901 3033//1901 2991//1901
f 3032//1901 2991//1901 3020//1901
f 2991//1901 3030//1901 3031//1901
f 2991//1901 3031//1901 3028//1901
f 2991//1901 3051//1901 3052//1901
f 2991//1901 3052//1901 3050//1901
f 2991//1901 3050//1901 3048//1901
f 2991//1901 3048//1901 3049//1901
f 3046//1901 2991//1901 3049//1901
f 3053//1901 3054//1901 3051//1901
f 3053//1901 3051//1901 2991//1901
f 2991//1901 3043//1901 3042//1901
f 2991//1901 3042//1901 3030//1901
f 2991//1901 3040//1901 3041//1901
f 2991//1901 3041//1901 2999//1901
f 2991//1901 3046//1901 3047//1901
f 2991//1901 3047//1901 3044//1901
f 2991//1901 3044//1901 3045//1901
f 2991//1901 3045//1901 3043//1901
f 2991//1901 3025//1901 3026//1901
f 2991//1901 3026//1901 3024//1901
f 3002//1901 3003//1901 2991//1901
f 3002//1901 2991//1901 3001//1901
f 3000//1901 3001//1901 2991//1901
f 3000//1901 2991//1901 2994//1901
f 3006//1901 3007//1901 2991//1901
f 3006//1901 2991//1901 3005//1901
f 3004//1901 3005//1901 2991//1901
f 3004//1901 2991//1901 3003//1901
f 2991//1901 2995//1901 2996//1901
f 2991//1901 2996//1901 2992//1901
f 2993//1901 2994//1901 2991//1901
f 2993//1901 2991//1901 2992//1901
f 2998//1901 2991//1901 2999//1901
f 2991//1901 2998//1901 2997//1901
f 2991//1901 2997//1901 2995//1901
f 3019//1901 3020//1901 2991//1901
f 3019//1901 2991//1901 3018//1901
f 3017//1901 3018//1901 2991//1901
f 3017//1901 2991//1901 3016//1901
f 2991//1901 3024//1901 3023//1901
f 2991//1901 3023//1901 3021//1901
f 2991//1901 3021//1901 3022//1901
f 2991//1901 3022//1901 3016//1901
f 3010//1901 3011//1901 2991//1901
f 3010//1901 2991//1901 3009//1901
f 3008//1901 3009//1901 2991//1901
f 3008//1901 2991//1901 3007//1901
f 3014//1901 3015//1901 2991//1901
f 3014//1901 2991//1901 3013//1901
f 3012//1901 3013//1901 2991//1901
f 3012//1901 2991//1901 3011//1901
o Hull_havok_s_armor_3_20
v 1.076048 1.055558 -2.329497
v 0.835828 0.395560 -2.745569
v 0.835828 0.395559 2.888932
v 1.076048 1.055557 2.507883
v -0.835828 0.395559 2.888932
v -0.835828 0.395560 -2.745569
v -1.076048 1.055558 -2.329497
v -1.076048 1.055557 2.507883
vn 0.9397 0.3420 -0.0000
vn -0.9397 0.3420 -0.0000
s 0
f 3061//1902 3062//1902 3059//1902
f 3061//1902 3059//1902 3060//1902
f 3057//1903 3058//1903 3055//1903
f 3057//1903 3055//1903 3056//1903
o Gun_01_havok_s_gun_0
v 0.094514 1.904344 -2.115296
v 0.094514 1.904456 -1.318791
v 0.104674 1.930694 -1.318791
v 0.107800 1.958607 -1.318791
v 0.077877 1.881791 -1.318791
v 0.077877 1.881679 -2.115296
v 0.055994 1.864261 -1.318791
v 0.055994 1.864038 -2.115296
v 0.030314 1.852761 -2.115296
v 0.030314 1.852873 -1.318791
v 0.114276 1.839586 -1.318791
v 0.114276 2.068138 -1.318791
v 0.002512 1.848630 -1.318791
v -0.074305 1.878330 -2.115296
v -0.091834 1.900213 -2.115296
v -0.091834 1.900325 -1.318791
v -0.074305 1.878441 -1.318791
v -0.103222 1.926117 -1.318791
v -0.103222 1.925893 -2.115296
v -0.107465 1.953695 -2.115296
v -0.107465 1.953806 -1.318791
v -0.104451 1.981719 -1.318791
v -0.051639 1.861693 -2.115296
v -0.051639 1.861805 -1.318791
v -0.025401 1.851533 -2.115296
v -0.025401 1.851645 -1.318791
v 0.002512 1.848407 -2.115296
v 0.074528 2.034084 -1.318791
v 0.051862 2.050609 -1.318791
v 0.025624 2.060769 -1.318791
v -0.002289 2.063895 -1.318791
v -0.030090 2.059541 -1.318791
v 0.103446 1.986409 -1.318791
v 0.092169 2.012089 -1.318791
v -0.055770 2.048264 -1.318791
v -0.077654 2.030623 -1.318791
v -0.094290 2.007958 -1.318791
v -0.114276 2.068138 -1.318791
v -0.114276 1.839586 -1.318791
v -0.114276 2.068138 -0.188998
v -0.114276 1.839586 -0.188998
v 0.114276 2.068138 -0.188998
v 0.114276 1.839586 -0.188998
v -0.029254 2.055607 -4.625662
v -0.002179 2.059812 -4.625662
v 0.024999 2.056838 -4.625662
v 0.050536 2.046889 -4.625662
v -0.054381 2.044530 -4.625662
v -0.001871 2.039813 -2.506983
v 0.020076 2.037454 -2.506983
v -0.075713 2.027403 -4.625662
v -0.091917 2.005250 -4.625662
v -0.101865 1.979712 -4.625662
v -0.100634 1.925458 -4.625662
v -0.104839 1.952534 -4.625662
v 0.100891 1.984225 -4.625662
v 0.105096 1.957149 -4.625662
v 0.102122 1.929970 -4.625662
v 0.089815 2.009352 -4.625662
v 0.072688 2.030685 -4.625662
v 0.075970 1.882280 -4.625662
v 0.092174 1.904433 -4.625662
v 0.054638 1.865152 -4.625662
v 0.029511 1.854075 -4.625662
v 0.002436 1.849871 -4.625662
v -0.024742 1.852845 -4.625662
v -0.050278 1.862793 -4.625662
v -0.072431 1.878998 -4.625662
v -0.089558 1.900330 -4.625662
v 0.043989 1.878876 -5.143476
v 0.022836 1.870135 -5.143476
v 0.022836 1.870135 -4.763628
v 0.043989 1.878876 -4.763628
v 0.000109 1.867136 -4.763628
v 0.000109 1.867136 -5.143476
v 0.042722 1.881018 -5.149640
v 0.022180 1.872535 -5.149640
v 0.039706 1.886245 -5.151952
v 0.020607 1.878362 -5.151952
v 0.000109 1.869621 -5.149640
v 0.000109 1.875620 -5.151952
v 0.068727 1.915209 -5.151952
v 0.076637 1.934318 -5.151952
v 0.056139 1.898842 -5.151952
v 0.079303 1.954798 -5.151952
v 0.076637 1.975364 -5.151952
v 0.062127 1.892843 -5.143476
v 0.062127 1.892843 -4.763628
v 0.076069 1.911010 -5.143476
v 0.076069 1.911010 -4.763628
v 0.073927 1.912210 -5.149640
v 0.060379 1.894557 -5.149640
v 0.084854 1.932176 -5.143476
v 0.084854 1.932176 -4.763628
v 0.087826 1.954884 -4.763628
v 0.087826 1.954798 -5.143476
v 0.084854 1.977507 -4.763628
v 0.076069 1.998672 -4.763628
v 0.076069 1.998672 -5.143476
v 0.084854 1.977507 -5.143476
v 0.082450 1.932776 -5.149640
v 0.085335 1.954798 -5.149640
v 0.073927 1.997387 -5.149640
v 0.082450 1.976907 -5.149640
v 0.068727 1.994388 -5.151952
v 0.076244 1.977078 -4.757850
v 0.067896 1.996016 -4.757850
v 0.072966 1.996873 -4.757850
v 0.062127 2.016839 -4.763628
v 0.043989 2.030807 -4.763628
v 0.043989 2.030807 -5.143476
v 0.062127 2.016839 -5.143476
v 0.054959 2.012126 -4.757850
v 0.038220 2.024380 -4.757850
v 0.042197 2.027722 -4.757850
v 0.059592 2.014354 -4.757850
v 0.056139 2.010840 -5.151952
v 0.039706 2.023437 -5.151952
v 0.020607 2.031321 -5.151952
v 0.042722 2.028579 -5.149640
v 0.060379 2.015125 -5.149640
v 0.000109 2.042546 -5.143476
v 0.022836 2.039547 -5.143476
v 0.022836 2.039547 -4.763628
v 0.000109 2.042546 -4.763628
v 0.000109 2.038947 -4.757850
v 0.021918 2.036119 -4.757850
v 0.000109 2.040061 -5.149640
v 0.022180 2.037148 -5.149640
v 0.000109 2.034063 -5.151952
v -0.001639 2.034063 -4.757850
v 0.018946 2.031835 -4.757850
v 0.081256 1.979017 -2.506972
v 0.084645 1.957169 -2.506947
v 0.119580 1.958104 -2.532063
v 0.119580 1.958104 -2.506947
v 0.114790 1.989065 -2.506972
v 0.114790 1.988948 -2.532063
v 0.116192 1.927143 -2.532063
v 0.116192 1.927143 -2.506947
v 0.072260 1.999230 -2.506972
v 0.058473 2.016404 -2.506972
v -0.061172 2.013717 -2.506972
v -0.074258 1.995958 -2.506972
v -0.043880 2.027620 -2.506972
v -0.104870 2.013016 -2.506972
v -0.116204 1.983807 -2.506972
v -0.116204 1.983807 -2.532063
v -0.104870 2.013016 -2.532088
v -0.086410 2.038136 -2.532088
v -0.086410 2.038136 -2.506996
v -0.062107 2.057764 -2.506996
v -0.062107 2.057764 -2.532113
v -0.033481 2.070265 -2.532113
v -0.119592 1.952846 -2.506947
v -0.114802 1.922002 -2.506947
v -0.114802 1.922002 -2.532063
v -0.119592 1.952846 -2.532063
v -0.002635 2.075055 -2.532113
v 0.028328 2.071667 -2.532113
v 0.057421 2.060334 -2.532113
v 0.102171 2.017573 -2.506972
v 0.102171 2.017573 -2.532088
v 0.082658 2.041874 -2.506996
v 0.082658 2.041874 -2.532113
v -0.028340 1.839283 -2.506898
v -0.057433 1.850616 -2.506922
v -0.082671 1.869076 -2.506922
v -0.102183 1.893378 -2.506947
v -0.082671 1.869076 -2.532039
v -0.102183 1.893378 -2.532039
v -0.028340 1.839283 -2.532014
v -0.057433 1.850616 -2.532014
v 0.002623 1.835895 -2.532014
v 0.002623 1.835895 -2.506898
v 0.104858 1.897934 -2.532039
v 0.104858 1.898051 -2.506947
v 0.086397 1.872815 -2.532039
v 0.086397 1.872815 -2.506922
v 0.062095 1.853186 -2.532039
v 0.062095 1.853303 -2.506922
v 0.033469 1.840685 -2.532014
v 0.033469 1.840685 -2.506898
v -0.061883 1.892846 -5.143476
v -0.061883 1.892846 -4.763628
v -0.043720 1.878894 -4.763628
v -0.043720 1.878894 -5.143476
v -0.075816 1.910954 -5.143476
v -0.075816 1.911028 -4.763628
v -0.073654 1.912216 -5.149640
v -0.060120 1.894553 -5.149640
v -0.055868 1.898857 -5.151952
v -0.068462 1.915258 -5.151952
v -0.042475 1.881046 -5.149640
v -0.039467 1.886241 -5.151952
v -0.076356 1.934331 -5.151952
v -0.079059 1.954814 -5.151952
v -0.076356 1.975371 -5.151952
v -0.059345 1.895369 -4.757850
v -0.075816 1.998674 -4.763628
v -0.075816 1.998674 -5.143476
v -0.061883 2.016856 -5.143476
v -0.061883 2.016856 -4.763628
v -0.057183 2.009583 -4.757850
v -0.069425 1.992885 -4.757850
v -0.059345 2.014333 -4.757850
v -0.072691 1.996893 -4.757850
v -0.068462 1.994444 -5.151952
v -0.055868 2.010845 -5.151952
v -0.060120 2.015075 -5.149640
v -0.073654 1.997412 -5.149640
v -0.043720 2.030808 -5.143476
v -0.043720 2.030808 -4.763628
v -0.042475 2.028656 -5.149640
v -0.041041 2.022570 -4.757850
v -0.041911 2.027691 -4.757850
v -0.084580 1.932105 -5.143476
v -0.084580 1.932179 -4.763628
v -0.087564 1.954814 -5.143476
v -0.087564 1.954888 -4.763628
v -0.084580 1.977523 -4.763628
v -0.084580 1.977523 -5.143476
v -0.082160 1.932773 -5.149640
v -0.085074 1.954814 -5.149640
v -0.082160 1.976855 -5.149640
v 0.104705 1.930543 -2.115296
v 0.107750 1.958473 -2.115296
v 0.061152 1.896790 -2.506937
v 0.074205 1.914603 -2.506937
v 0.082200 1.935192 -2.506945
v 0.043932 1.882945 -2.506926
v -0.104453 1.981617 -2.115296
v 0.001887 1.870666 -2.506925
v 0.023718 1.874048 -2.506924
v -0.020072 1.873071 -2.506927
v -0.040663 1.881068 -2.506930
v -0.058483 1.894111 -2.506937
v -0.072316 1.911337 -2.506943
v -0.081222 1.931555 -2.506943
v -0.084593 1.953377 -2.506950
v -0.082198 1.975335 -2.506958
v 0.051859 2.050484 -2.115316
v 0.074531 2.033883 -2.115316
v 0.025663 2.060660 -2.115316
v -0.030049 2.059410 -2.115316
v -0.002275 2.063707 -2.115316
v 0.092131 2.011969 -2.115316
v 0.103462 1.986246 -2.115296
v -0.077674 2.030484 -2.115316
v -0.055766 2.048082 -2.115316
v -0.094280 2.007809 -2.115316
v -0.002219 2.060435 -2.532113
v -0.029307 2.056256 -2.532113
v 0.025028 2.057467 -2.532113
v 0.050578 2.047545 -2.532113
v -0.001710 2.037273 -4.667187
v -0.022988 2.033992 -4.667187
v 0.019693 2.034949 -4.667187
v 0.039763 2.027156 -4.667187
v -0.042690 2.025320 -4.667187
v -0.023717 2.036496 -2.506980
v 0.040663 2.029476 -2.506986
v -0.033534 2.070309 -2.506996
v -0.002673 2.075075 -2.506996
v 0.028369 2.071676 -2.506996
v 0.057477 2.060387 -2.506996
v -0.054390 2.045201 -2.532102
v -0.075757 2.028033 -2.532095
v -0.091953 2.005924 -2.532088
v -0.101875 1.980377 -2.532076
v -0.100663 1.926041 -2.532055
v -0.104845 1.953131 -2.532073
v -0.059475 2.011824 -4.667148
v -0.072197 1.994460 -4.667148
v -0.079990 1.974402 -4.667148
v -0.079038 1.931706 -4.667109
v -0.082324 1.952996 -4.667148
v 0.105090 1.957818 -2.532069
v 0.100907 1.984908 -2.532083
v 0.102119 1.930572 -2.532053
v 0.089856 2.009986 -2.532096
v 0.079297 1.977937 -4.667148
v 0.082582 1.956667 -4.667148
v 0.080249 1.935261 -4.667109
v 0.070616 1.997644 -4.667148
v 0.072690 2.031353 -2.532108
v 0.057132 2.014441 -4.667148
v 0.076001 1.882916 -2.532043
v 0.092197 1.905025 -2.532045
v 0.054634 1.865748 -2.532035
v 0.029551 1.854693 -2.532022
v 0.002463 1.850514 -2.532022
v 0.072455 1.915202 -4.667109
v 0.059733 1.897820 -4.667109
v 0.042949 1.884343 -4.667109
v 0.023246 1.875652 -4.667109
v 0.001968 1.872370 -4.667109
v -0.019435 1.874714 -4.667109
v -0.072446 1.879596 -2.532040
v -0.050334 1.863404 -2.532022
v -0.039505 1.882507 -4.667109
v -0.056874 1.895222 -4.667109
v -0.024784 1.853482 -2.532021
v -0.089612 1.900963 -2.532040
v -0.070358 1.911999 -4.667109
v -0.022566 1.870144 -4.763671
v -0.022567 1.870124 -5.143435
v -0.021922 1.872527 -5.149451
v -0.020367 1.878328 -5.151913
v 0.041302 1.887038 -4.757811
v 0.022357 1.878679 -4.757811
v 0.001898 1.875535 -4.757811
v -0.018682 1.877781 -4.757811
v 0.000131 1.870769 -4.757850
v 0.021896 1.873621 -4.757850
v 0.042179 1.882038 -4.757850
v -0.021635 1.873621 -4.757850
v -0.037980 1.885261 -4.757811
v -0.039467 2.023425 -5.151952
v 0.069674 1.916706 -4.757811
v 0.057441 1.900007 -4.757811
v 0.059596 1.895398 -4.757850
v 0.072960 1.912820 -4.757850
v 0.079411 1.956570 -4.757850
v 0.077168 1.936003 -4.757811
v 0.084227 1.954851 -4.757850
v 0.081361 1.976628 -4.757850
v 0.081361 1.933093 -4.757850
v -0.022567 2.039538 -5.143435
v -0.022566 2.039558 -4.763671
v -0.021635 2.036081 -4.757850
v -0.021922 2.037136 -5.149451
v -0.020367 2.031335 -5.151952
v -0.022099 2.030926 -4.757850
v -0.054681 1.897507 -4.757811
v -0.067647 1.913640 -4.757811
v -0.072699 1.912820 -4.757850
v -0.041917 1.882038 -4.757850
v -0.075993 1.932585 -4.757811
v -0.079152 1.953035 -4.757850
v -0.076909 1.973621 -4.757850
v -0.083965 1.954851 -4.757850
v -0.081100 1.933093 -4.757850
v -0.081100 1.976628 -4.757850
vn 0.8068 -0.5908 0.0001
vn 0.8062 -0.5917 0.0001
vn 0.4031 -0.9152 0.0002
vn 0.4021 -0.9156 0.0002
vn 0.6262 -0.7796 0.0002
vn 0.6276 -0.7785 0.0001
vn 0.9322 -0.3620 0.0001
vn 0.9325 -0.3611 -0.0000
vn -0.0000 -0.0000 1.0000
vn 0.1529 -0.9882 0.0002
vn 0.1547 -0.9880 0.0002
vn -0.3621 -0.9321 0.0001
vn -0.3611 -0.9325 0.0001
vn -0.5908 -0.8068 0.0002
vn -0.5891 -0.8080 0.0001
vn -0.1084 -0.9941 0.0001
vn -0.1113 -0.9938 0.0002
vn -0.7797 -0.6262 0.0001
vn -0.7801 -0.6257 0.0002
vn -0.9883 -0.1526 0.0001
vn -0.9880 -0.1547 -0.0000
vn -0.9151 -0.4031 0.0001
vn -0.9156 -0.4021 0.0001
vn -0.0000 -1.0000 -0.0000
vn -1.0000 -0.0000 -0.0000
vn -0.0000 1.0000 -0.0000
vn -0.0000 -0.0000 -1.0000
vn 1.0000 -0.0000 -0.0000
vn 0.9924 -0.1082 0.0581
vn 0.9926 -0.1071 0.0581
vn -0.6255 0.7781 0.0567
vn -0.6266 0.7773 0.0568
vn 0.9141 0.4054 -0.0001
vn 0.9148 0.4039 -0.0001
vn 0.7805 0.6252 -0.0001
vn -0.8062 0.5917 -0.0001
vn -0.9941 0.1084 -0.0001
vn -0.9938 0.1113 -0.0000
vn -0.9325 0.3611 -0.0001
vn -0.9320 0.3625 -0.0001
vn -0.6276 0.7785 -0.0002
vn -0.6252 0.7805 -0.0001
vn -0.9306 0.3614 0.0578
vn -0.9304 0.3619 0.0577
vn -0.8053 0.5901 0.0572
vn -0.8048 0.5907 0.0572
vn -0.4021 0.9156 -0.0001
vn -0.4054 0.9141 -0.0003
vn 0.5897 0.8057 0.0563
vn 0.5908 0.8049 0.0564
vn -0.4022 0.9138 0.0565
vn -0.4014 0.9141 0.0564
vn 0.1087 0.9925 0.0561
vn 0.1111 0.9922 0.0562
vn 0.3615 0.9307 0.0562
vn 0.3605 0.9311 0.0561
vn 0.9866 0.1524 0.0575
vn 0.9869 0.1506 0.0576
vn 0.9137 0.4025 0.0570
vn 0.9126 0.4047 0.0571
vn 0.7785 0.6251 0.0566
vn 0.7792 0.6242 0.0566
vn 0.5917 0.8062 -0.0001
vn 0.9942 -0.1073 -0.0000
vn 0.9942 -0.1074 -0.0000
vn 0.9886 0.1509 -0.0000
vn 0.9885 0.1515 -0.0000
vn 0.3611 0.9325 -0.0001
vn -0.1529 0.9866 0.0562
vn -0.1545 0.9864 0.0563
vn 0.1113 0.9938 -0.0001
vn 0.1074 0.9942 -0.0003
vn -0.1547 0.9880 -0.0003
vn -0.1509 0.9886 -0.0001
vn -0.6263 0.7795 -0.0002
vn -0.6261 0.7798 -0.0002
vn -0.9322 0.3620 -0.0001
vn -0.9318 0.3630 -0.0001
vn -0.8067 0.5910 -0.0002
vn -0.8071 0.5904 -0.0002
vn -0.7108 0.5202 0.4734
vn -0.7109 0.5200 0.4735
vn -0.1525 0.9883 -0.0003
vn -0.1535 0.9882 -0.0003
vn -0.4033 0.9151 -0.0003
vn -0.4034 0.9150 -0.0003
vn -0.5210 -0.7102 0.4734
vn -0.5202 -0.7112 0.4729
vn -0.8061 -0.3551 0.4734
vn -0.8061 -0.3553 0.4733
vn -0.8752 0.0963 0.4742
vn -0.8753 0.0958 0.4739
vn -0.8705 -0.1345 0.4735
vn -0.8702 -0.1351 0.4738
vn -0.6869 -0.5514 0.4735
vn -0.6868 -0.5514 0.4735
vn -0.5908 -0.8068 0.0003
vn -0.5904 -0.8071 0.0003
vn -0.7796 -0.6263 0.0002
vn -0.7798 -0.6261 0.0002
vn -0.8208 0.3189 0.4739
vn -0.8207 0.3197 0.4735
vn 0.7796 0.6263 -0.0002
vn 0.7798 0.6261 -0.0002
vn 0.1083 0.9941 -0.0003
vn 0.1088 0.9941 -0.0003
vn 0.3620 0.9322 -0.0003
vn 0.3630 0.9318 -0.0003
vn 0.8060 0.3551 0.4735
vn 0.8060 0.3553 0.4734
vn 0.6865 0.5517 0.4736
vn 0.6868 0.5514 0.4734
vn 0.9151 0.4032 -0.0001
vn 0.9150 0.4034 -0.0001
vn 0.3187 0.8209 0.4739
vn 0.3197 0.8207 0.4735
vn 0.0958 0.8752 0.4741
vn 0.0958 0.8753 0.4741
vn -0.1342 0.8705 0.4735
vn -0.1351 0.8701 0.4739
vn -0.5514 0.6868 0.4735
vn 0.5203 0.7108 0.4733
vn 0.5200 0.7109 0.4735
vn 0.5908 0.8068 -0.0002
vn 0.5904 0.8071 -0.0002
vn -0.3555 0.8060 0.4733
vn -0.3553 0.8060 0.4734
vn -0.3614 -0.9305 0.0602
vn -0.3607 -0.9308 0.0603
vn -0.1082 -0.9923 0.0603
vn -0.1067 -0.9925 0.0604
vn 0.1526 -0.9865 0.0602
vn 0.1498 -0.9869 0.0604
vn -0.0001 -0.0003 -1.0000
vn -0.0003 -0.0003 -1.0000
vn -0.0000 -0.0004 -1.0000
vn 0.0001 -0.0004 -1.0000
vn -0.0000 -0.0005 -1.0000
vn 0.3549 -0.8063 0.4733
vn 0.3554 -0.8062 0.4730
vn -0.3620 -0.9322 0.0003
vn -0.3630 -0.9318 0.0003
vn -0.1083 -0.9941 0.0003
vn -0.1088 -0.9941 0.0003
vn 0.1525 -0.9883 0.0003
vn 0.1535 -0.9882 0.0003
vn -0.3189 -0.8213 0.4730
vn -0.3197 -0.8207 0.4735
vn -0.0951 -0.8753 0.4741
vn -0.0958 -0.8754 0.4737
vn 0.1342 -0.8705 0.4734
vn 0.1351 -0.8702 0.4739
vn 0.6263 -0.7795 0.0002
vn 0.6261 -0.7798 0.0003
vn 0.8754 -0.0954 0.4738
vn 0.8753 -0.0958 0.4740
vn 0.8702 0.1352 0.4738
vn 0.8702 0.1351 0.4738
vn 0.5525 -0.6858 0.4738
vn 0.5516 -0.6870 0.4731
vn -0.9151 -0.4032 0.0001
vn -0.9150 -0.4034 0.0001
vn -0.9941 0.1084 -0.0000
vn -0.9941 0.1088 -0.0000
vn -0.9882 -0.1535 -0.0000
vn 0.8209 -0.3189 0.4737
vn 0.8208 -0.3197 0.4733
vn 0.9318 -0.3630 0.0001
vn 0.8067 -0.5910 0.0002
vn 0.8071 -0.5904 0.0002
vn 0.4033 -0.9151 0.0003
vn 0.4034 -0.9150 0.0003
vn 0.7106 -0.5207 0.4732
vn 0.7109 -0.5200 0.4735
vn 0.9941 -0.1084 -0.0000
vn 0.9941 -0.1088 -0.0000
vn 0.9883 0.1526 -0.0000
vn 0.9882 0.1535 -0.0000
vn -0.5904 -0.8064 0.0347
vn -0.5903 -0.8064 0.0347
vn -0.5206 -0.6774 -0.5197
vn -0.5204 -0.6757 -0.5221
vn -0.7793 -0.6256 0.0346
vn -0.7792 -0.6258 0.0346
vn -0.6101 -0.7923 -0.0000
vn -0.7933 -0.6088 -0.0000
vn -0.0000 0.0001 -1.0000
vn -0.6781 -0.5188 -0.5206
vn -0.6756 -0.5185 -0.5242
vn -0.8427 0.1110 -0.5269
vn -0.8439 0.1105 -0.5249
vn -0.9935 0.1084 0.0346
vn -0.9935 0.1085 0.0346
vn -0.0007 -0.0018 -1.0000
vn -0.9316 0.3619 0.0346
vn -0.9316 0.3618 0.0346
vn -0.9146 -0.4029 0.0346
vn -0.9145 -0.4031 0.0347
vn -0.9877 -0.1526 0.0347
vn -0.7855 0.3255 -0.5264
vn -0.7860 0.3262 -0.5251
vn -0.0073 0.0029 -1.0000
vn -0.8430 -0.1109 -0.5263
vn -0.8433 -0.1108 -0.5258
vn -0.7867 -0.3263 -0.5241
vn -0.7862 -0.3263 -0.5248
vn -0.3575 -0.8568 0.3716
vn -0.3530 -0.8544 0.3814
vn -0.1403 -0.3364 0.9312
vn -0.1374 -0.3329 0.9329
vn -0.0474 -0.3592 0.9321
vn -0.0478 -0.3571 0.9329
vn 0.0511 -0.3837 0.9220
vn 0.0556 -0.3591 0.9317
vn 0.1523 -0.9877 0.0351
vn 0.1514 -0.9879 0.0349
vn -0.3617 -0.9316 0.0347
vn -0.3605 -0.9321 0.0350
vn -0.1079 -0.9935 0.0350
vn -0.1075 -0.9936 0.0351
vn 0.1250 -0.9167 0.3795
vn 0.1228 -0.9204 0.3711
vn -0.2869 -0.2192 0.9325
vn -0.2875 -0.2199 0.9322
vn -0.1308 -0.9914 -0.0000
vn -0.7380 -0.5664 0.3668
vn -0.7372 -0.5630 0.3735
vn -0.5641 -0.7403 0.3658
vn -0.5642 -0.7326 0.3808
vn -0.2186 -0.2869 0.9327
vn -0.2214 -0.2888 0.9314
vn 0.1307 -0.9914 0.0001
vn 0.1315 -0.9913 -0.0000
vn -0.3268 -0.7892 -0.5200
vn -0.3258 -0.7883 -0.5219
vn -0.1215 -0.9205 0.3713
vn -0.1215 -0.9206 0.3711
vn -0.1098 -0.8471 -0.5199
vn -0.1113 -0.8435 -0.5254
vn -0.3819 -0.9242 -0.0000
vn 0.1114 -0.8452 -0.5227
vn 0.1121 -0.8435 -0.5254
vn -0.3575 -0.0466 0.9328
vn -0.3584 -0.0465 0.9324
vn -0.3250 0.7830 -0.5303
vn -0.3247 0.7856 -0.5267
vn 0.1102 0.8413 -0.5293
vn 0.1131 0.8450 -0.5228
vn -0.1103 0.8416 -0.5287
vn -0.1112 0.8429 -0.5265
vn 0.0009 0.0079 -1.0000
vn -0.0012 0.0079 -1.0000
vn 0.0029 0.0074 -1.0000
vn 0.0020 0.0005 1.0000
vn -0.6101 0.7923 -0.0000
vn 0.1088 0.9935 0.0345
vn 0.1084 0.9935 0.0346
vn -0.3545 0.8582 0.3712
vn -0.3545 0.8580 0.3717
vn -0.1374 0.3329 0.9329
vn -0.1376 0.3332 0.9328
vn 0.1307 0.9914 -0.0001
vn 0.1315 0.9913 -0.0000
vn -0.3819 0.9242 -0.0000
vn -0.1308 0.9914 -0.0000
vn -0.1215 0.9206 0.3712
vn -0.4034 0.9144 0.0345
vn -0.4035 0.9143 0.0345
vn -0.1518 0.9878 0.0346
vn -0.1523 0.9877 0.0345
vn 0.0518 0.3782 0.9243
vn 0.0553 0.3591 0.9317
vn -0.0474 0.3592 0.9321
vn -0.0478 0.3571 0.9329
vn 0.1242 0.9169 0.3794
vn 0.1220 0.9205 0.3711
vn -0.9915 -0.1303 -0.0000
vn -0.9915 -0.1298 -0.0000
vn -0.8583 0.3562 0.3694
vn -0.8591 0.3560 0.3678
vn -0.9236 -0.3833 -0.0000
vn -0.9236 0.3833 -0.0000
vn -0.9915 0.1298 -0.0000
vn -0.9915 0.1303 -0.0000
vn -0.3344 0.1386 0.9322
vn -0.3341 0.1383 0.9324
vn -0.3341 -0.1391 0.9322
vn -0.3339 -0.1388 0.9323
vn -0.9209 -0.1201 0.3708
vn -0.9204 -0.1205 0.3720
vn -0.8580 -0.3570 0.3693
vn -0.8573 -0.3558 0.3721
vn -0.9208 0.1206 0.3708
vn -0.9203 0.1209 0.3720
vn -0.3575 0.0468 0.9327
vn -0.3584 0.0466 0.9324
vn -0.0032 0.0073 -1.0000
vn -0.5678 0.7373 0.3660
vn -0.5648 0.7365 0.3722
vn -0.2194 0.2862 0.9327
vn -0.2192 0.2860 0.9328
vn -0.2863 0.2198 0.9326
vn -0.2870 0.2207 0.9322
vn -0.7933 0.6088 -0.0000
vn -0.7380 0.5664 0.3668
vn -0.7380 0.5664 0.3667
vn -0.8065 0.5902 0.0345
vn -0.8062 0.5906 0.0346
vn -0.0050 0.0061 -1.0000
vn -0.5161 0.6729 -0.5300
vn -0.5191 0.6741 -0.5254
vn -0.6260 0.7790 0.0346
vn -0.6257 0.7793 0.0345
vn -0.6751 0.5179 -0.5254
vn -0.6753 0.5182 -0.5249
vn -0.0064 0.0047 -1.0000
vn 0.0001 -0.0000 1.0000
vn 0.9150 0.4034 -0.0000
vn 0.7798 0.6261 -0.0000
vn -0.0007 -0.0009 -1.0000
vn 0.0020 0.0006 -1.0000
vn -0.0002 -0.0008 -1.0000
vn 0.1088 0.9941 -0.0000
vn 0.0002 0.0005 1.0000
vn 0.0002 0.0004 1.0000
vn -0.0007 0.0003 1.0000
vn -0.0003 0.0007 1.0000
vn 0.3630 0.9318 -0.0000
vn 0.0004 -0.0007 -1.0000
vn -0.0004 -0.0006 -1.0000
vn -0.0006 -0.0004 -1.0000
vn -0.0001 0.0005 1.0000
vn -0.0009 0.0003 1.0000
vn -0.7798 -0.6261 -0.0000
vn -0.0011 -0.0013 -1.0000
vn 0.0010 0.0004 -1.0000
vn -0.0003 -0.0004 -1.0000
vn 0.0001 0.0003 1.0000
vn 0.0004 -0.0005 -1.0000
vn -0.5923 -0.8057 0.0030
vn -0.5904 -0.8071 -0.0000
vn 0.0001 0.0004 1.0000
vn 0.0001 0.0005 1.0000
vn 0.0001 -0.0001 -1.0000
vn 0.0003 -0.0000 1.0000
vn -0.0002 0.0010 1.0000
vn -0.0000 -0.0002 -1.0000
vn -0.0005 -0.0009 -1.0000
vn -0.6260 0.7798 -0.0036
vn -0.6283 0.7780 -0.0000
vn -0.4033 0.9150 -0.0000
vn -0.4002 0.9164 -0.0043
vn 0.0002 -0.0007 -1.0000
vn 0.0001 -0.0008 -1.0000
vn -0.1535 0.9882 -0.0000
vn 0.0019 -0.0023 1.0000
vn -0.0000 0.0005 1.0000
vn -0.0003 0.0019 1.0000
vn -0.9318 0.3630 -0.0017
vn -0.9323 0.3617 -0.0000
vn 0.0008 -0.0000 1.0000
vn -0.0001 0.0009 1.0000
vn -0.0004 0.0005 1.0000
vn -0.0004 0.0008 1.0000
vn -0.0000 -0.0008 -1.0000
vn -0.0001 -0.0009 -1.0000
vn 0.5904 0.8071 -0.0000
vn -0.0003 0.0004 1.0000
vn -0.0003 0.0002 1.0000
vn -0.0001 -0.0007 -1.0000
vn -0.8071 0.5904 -0.0000
vn -0.8058 0.5922 -0.0028
vn -0.0003 0.0001 -1.0000
vn -0.0002 0.0002 -1.0000
vn -0.0008 0.0002 1.0000
vn -0.0015 0.0002 1.0000
vn 0.6251 -0.7782 0.0596
vn 0.6255 -0.7780 0.0597
vn 0.4022 -0.9136 0.0600
vn 0.4024 -0.9135 0.0599
vn 0.9316 -0.3586 0.0587
vn 0.9306 -0.3614 0.0585
vn -0.5907 -0.8047 0.0600
vn -0.5897 -0.8054 0.0601
vn 0.8054 -0.5898 0.0592
vn 0.8036 -0.5922 0.0590
vn 0.8058 -0.5922 -0.0000
vn 0.9323 -0.3617 -0.0000
vn 0.0010 0.0004 1.0000
vn -0.0015 0.0003 1.0000
vn -0.0004 -0.0001 1.0000
vn -0.9882 -0.1535 0.0007
vn -0.9882 -0.1529 -0.0000
vn -0.9866 -0.1523 0.0587
vn -0.9865 -0.1529 0.0588
vn -0.9924 0.1082 0.0583
vn -0.9922 0.1104 0.0582
vn -0.9136 -0.4024 0.0592
vn -0.9120 -0.4059 0.0595
vn -0.7783 -0.6251 0.0598
vn -0.7784 -0.6249 0.0598
vn -0.0001 -0.0000 -1.0000
vn -0.0000 -0.0001 -1.0000
vn -0.0004 0.0007 1.0000
vn 0.0007 -0.0001 1.0000
vn 0.0003 -0.0011 -1.0000
vn 0.0006 -0.0001 1.0000
vn 0.1526 -0.9883 0.0010
vn 0.1535 -0.9882 0.0021
vn -0.1088 -0.9941 0.0005
vn -0.1088 -0.9941 0.0006
vn 0.0009 -0.0000 1.0000
vn 0.0006 0.0008 1.0000
vn -0.0006 -0.0001 1.0000
vn -0.9150 -0.4034 -0.0000
vn -0.9144 -0.4048 0.0019
vn -0.3616 -0.9323 0.0009
vn -0.3630 -0.9318 0.0028
vn 0.0002 -0.0004 -1.0000
vn -0.0001 -0.0008 -1.0000
vn 0.6283 -0.7780 -0.0000
vn 0.0004 0.0001 1.0000
vn -0.0003 0.0006 1.0000
vn -0.0000 -0.0010 -1.0000
vn 0.0004 -0.0006 -1.0000
vn 0.4020 -0.9156 0.0025
vn 0.4002 -0.9164 -0.0000
vn -0.0001 -0.0004 -1.0000
vn 0.0002 -0.0008 -1.0000
vn 0.0002 0.0001 -1.0000
vn -0.0002 0.0007 1.0000
vn 0.0009 0.0002 1.0000
vn 0.9238 -0.3828 -0.0000
vn 0.9915 0.1303 -0.0000
vn 0.9238 0.3828 -0.0001
vn 0.9914 -0.1307 -0.0000
vn 0.9915 -0.1303 -0.0000
vn 0.9203 0.1216 0.3719
vn 0.9195 0.1208 0.3741
vn 0.3342 0.1383 0.9323
vn 0.3340 0.1382 0.9324
vn 0.8565 0.3549 0.3748
vn 0.8573 0.3547 0.3732
vn 0.6263 -0.7788 0.0350
vn 0.6265 -0.7787 0.0351
vn 0.1481 -0.3577 0.9220
vn 0.1305 -0.3371 0.9324
vn 0.3499 -0.8564 0.3795
vn 0.3536 -0.8586 0.3712
vn 0.4026 -0.9147 0.0349
vn 0.4034 -0.9144 0.0351
vn 0.3260 -0.7877 -0.5227
vn 0.3242 -0.7864 -0.5257
vn 0.5172 -0.6751 -0.5261
vn 0.5192 -0.6759 -0.5231
vn 0.3583 0.0474 0.9324
vn 0.3586 0.0473 0.9323
vn 0.8435 0.1111 -0.5256
vn 0.8439 0.1109 -0.5249
vn 0.0076 -0.0007 -1.0000
vn 0.7862 0.3258 -0.5251
vn 0.7862 0.3257 -0.5251
vn 0.8437 -0.1110 -0.5253
vn 0.8432 -0.1112 -0.5259
vn 0.7867 -0.3260 -0.5243
vn 0.7858 -0.3261 -0.5255
vn 0.9935 -0.1083 0.0347
vn 0.9203 -0.1216 0.3719
vn 0.9195 -0.1208 0.3741
vn 0.3354 -0.1388 0.9318
vn 0.3356 -0.1389 0.9317
vn 0.8565 -0.3549 0.3748
vn 0.8573 -0.3547 0.3732
vn 0.3583 -0.0474 0.9324
vn 0.3592 -0.0472 0.9321
vn 0.9316 -0.3619 0.0348
vn 0.9877 0.1527 0.0346
vn 0.9877 0.1525 0.0346
vn 0.9146 0.4029 0.0346
vn 0.2194 -0.2860 0.9328
vn 0.2210 -0.2872 0.9320
vn -0.0020 -0.0000 1.0000
vn 0.1445 0.3533 0.9243
vn 0.1317 0.3384 0.9317
vn 0.3618 0.9316 0.0345
vn 0.3612 0.9319 0.0344
vn 0.5910 0.8060 0.0344
vn 0.5903 0.8064 0.0346
vn 0.7790 0.6261 0.0346
vn 0.3537 0.8550 0.3793
vn 0.3527 0.8590 0.3712
vn 0.3830 0.9238 -0.0000
vn 0.3822 0.9241 -0.0000
vn 0.7937 0.6083 -0.0001
vn 0.7925 0.6098 -0.0000
vn 0.6092 0.7930 -0.0000
vn 0.7382 0.5656 0.3677
vn 0.7351 0.5657 0.3736
vn 0.2207 0.2870 0.9322
vn 0.2184 0.2854 0.9332
vn 0.5643 0.7373 0.3714
vn 0.5668 0.7379 0.3664
vn 0.2863 0.2198 0.9326
vn 0.2856 0.2189 0.9330
vn 0.7363 -0.5641 0.3737
vn 0.7363 -0.5642 0.3735
vn 0.2875 -0.2203 0.9321
vn 0.2882 -0.2213 0.9316
vn 0.5656 -0.7363 0.3714
vn 0.5656 -0.7349 0.3741
vn 0.3815 -0.9244 -0.0000
vn 0.3822 -0.9241 -0.0000
vn 0.6092 -0.7930 -0.0000
vn 0.6767 -0.5179 -0.5233
vn 0.6756 -0.5177 -0.5249
vn 0.3268 0.7875 -0.5226
vn 0.3237 0.7850 -0.5282
vn 0.5159 0.6746 -0.5280
vn 0.5192 0.6758 -0.5231
vn 0.6759 0.5172 -0.5250
vn 0.6764 0.5183 -0.5233
vn 0.0047 0.0064 -1.0000
vn 0.8062 -0.5907 0.0350
vn 0.8060 -0.5909 0.0349
vn 0.7937 -0.6083 -0.0000
vn 0.0072 0.0032 -1.0000
s 0
f 3313//1904 3311//1904 3098//1904
f 3313//1905 3098//1905 3099//1905
f 3312//1906 3307//1906 3094//1906
f 3312//1907 3094//1907 3097//1907
f 3311//1908 3312//1908 3097//1908
f 3311//1909 3097//1909 3098//1909
f 3294//1910 3313//1910 3099//1910
f 3294//1911 3099//1911 3084//1911
f 3095//1912 3066//1912 3074//1912
f 3095//1912 3074//1912 3096//1912
f 3093//1912 3092//1912 3074//1912
f 3093//1912 3074//1912 3100//1912
f 3091//1912 3090//1912 3074//1912
f 3091//1912 3074//1912 3092//1912
f 3307//1913 3308//1913 3093//1913
f 3307//1914 3093//1914 3094//1914
f 3306//1915 3304//1915 3091//1915
f 3306//1916 3091//1916 3092//1916
f 3304//1917 3305//1917 3090//1917
f 3304//1918 3090//1918 3091//1918
f 3308//1919 3306//1919 3092//1919
f 3308//1920 3092//1920 3093//1920
f 3305//1921 3309//1921 3096//1921
f 3305//1922 3096//1922 3090//1922
f 3310//1923 3289//1923 3066//1923
f 3310//1924 3066//1924 3095//1924
f 3309//1925 3310//1925 3095//1925
f 3309//1926 3095//1926 3096//1926
f 3073//1912 3075//1912 3101//1912
f 3101//1912 3075//1912 3088//1912
f 3101//1912 3088//1912 3086//1912
f 3101//1912 3078//1912 3080//1912
f 3101//1912 3080//1912 3083//1912
f 3079//1912 3078//1912 3101//1912
f 3079//1912 3101//1912 3086//1912
f 3074//1927 3104//1927 3102//1927
f 3074//1927 3102//1927 3100//1927
f 3105//1928 3104//1928 3074//1928
f 3105//1928 3074//1928 3073//1928
f 3101//1929 3103//1929 3105//1929
f 3101//1929 3105//1929 3073//1929
f 3104//1930 3105//1930 3103//1930
f 3104//1930 3103//1930 3102//1930
f 3102//1931 3103//1931 3101//1931
f 3102//1931 3101//1931 3100//1931
f 3090//1912 3096//1912 3074//1912
f 3098//1912 3097//1912 3100//1912
f 3098//1912 3100//1912 3099//1912
f 3101//1912 3083//1912 3100//1912
f 3100//1912 3083//1912 3084//1912
f 3100//1912 3084//1912 3099//1912
f 3094//1912 3093//1912 3100//1912
f 3094//1912 3100//1912 3097//1912
f 3302//1932 3303//1932 3294//1932
f 3302//1933 3294//1933 3082//1933
f 3066//1912 3065//1912 3073//1912
f 3066//1912 3073//1912 3074//1912
f 3073//1912 3065//1912 3064//1912
f 3073//1912 3064//1912 3067//1912
f 3068//1934 3290//1934 3293//1934
f 3068//1935 3293//1935 3070//1935
f 3073//1912 3069//1912 3072//1912
f 3073//1912 3072//1912 3075//1912
f 3077//1936 3081//1936 3080//1936
f 3077//1937 3080//1937 3078//1937
f 3078//1938 3079//1938 3076//1938
f 3078//1938 3076//1938 3077//1938
f 3067//1912 3069//1912 3073//1912
f 3063//1939 3068//1939 3067//1939
f 3063//1939 3067//1939 3064//1939
f 3289//1940 3288//1940 3065//1940
f 3289//1941 3065//1941 3066//1941
f 3064//1942 3065//1942 3288//1942
f 3064//1943 3288//1943 3063//1943
f 3068//1944 3070//1944 3069//1944
f 3068//1945 3069//1945 3067//1945
f 3288//1946 3292//1946 3291//1946
f 3288//1947 3291//1947 3063//1947
f 3063//1948 3291//1948 3290//1948
f 3063//1949 3290//1949 3068//1949
f 3070//1950 3071//1950 3072//1950
f 3070//1951 3072//1951 3069//1951
f 3298//1952 3299//1952 3076//1952
f 3298//1953 3076//1953 3085//1953
f 3070//1954 3293//1954 3296//1954
f 3070//1955 3296//1955 3071//1955
f 3295//1956 3297//1956 3087//1956
f 3295//1957 3087//1957 3089//1957
f 3297//1958 3298//1958 3085//1958
f 3297//1959 3085//1959 3087//1959
f 3301//1960 3302//1960 3082//1960
f 3301//1961 3082//1961 3081//1961
f 3077//1962 3300//1962 3301//1962
f 3077//1963 3301//1963 3081//1963
f 3299//1964 3300//1964 3077//1964
f 3299//1965 3077//1965 3076//1965
f 3079//1966 3086//1966 3085//1966
f 3079//1966 3085//1966 3076//1966
f 3082//1967 3294//1967 3084//1967
f 3082//1968 3084//1968 3083//1968
f 3081//1969 3082//1969 3083//1969
f 3081//1970 3083//1970 3080//1970
f 3086//1971 3088//1971 3087//1971
f 3086//1971 3087//1971 3085//1971
f 3071//1972 3296//1972 3295//1972
f 3071//1973 3295//1973 3089//1973
f 3089//1974 3087//1974 3088//1974
f 3089//1975 3088//1975 3075//1975
f 3071//1976 3089//1976 3075//1976
f 3071//1977 3075//1977 3072//1977
f 3352//1978 3350//1978 3123//1978
f 3352//1979 3123//1979 3125//1979
f 3351//1980 3342//1980 3120//1980
f 3351//1981 3120//1981 3124//1981
f 3123//1982 3350//1982 3351//1982
f 3123//1983 3351//1983 3124//1983
f 3124//1984 3355//1984 3356//1984
f 3124//1985 3356//1985 3123//1985
f 3354//1986 3353//1986 3126//1986
f 3354//1987 3126//1987 3127//1987
f 3353//1988 3352//1988 3125//1988
f 3353//1989 3125//1989 3126//1989
f 3321//1990 3349//1990 3122//1990
f 3321//1991 3122//1991 3109//1991
f 3347//1992 3344//1992 3118//1992
f 3347//1993 3118//1993 3121//1993
f 3345//1994 3346//1994 3120//1994
f 3345//1995 3120//1995 3119//1995
f 3118//1996 3344//1996 3345//1996
f 3118//1997 3345//1997 3119//1997
f 3349//1998 3347//1998 3121//1998
f 3349//1999 3121//1999 3122//1999
f 3122//2000 3348//2000 3317//2000
f 3122//2001 3317//2001 3109//2001
f 3121//2002 3343//2002 3348//2002
f 3121//2003 3348//2003 3122//2003
f 3120//2004 3346//2004 3355//2004
f 3120//2005 3355//2005 3124//2005
f 3366//2006 3361//2006 3130//2006
f 3366//2007 3130//2007 3131//2007
f 3365//2008 3354//2008 3127//2008
f 3365//2009 3127//2009 3128//2009
f 3362//2010 3365//2010 3128//2010
f 3362//2011 3128//2011 3129//2011
f 3367//2012 3338//2012 3116//2012
f 3367//2013 3116//2013 3131//2013
f 3130//2014 3364//2014 3367//2014
f 3130//2015 3367//2015 3131//2015
f 3333//2016 3366//2016 3131//2016
f 3333//2017 3131//2017 3116//2017
f 3128//2018 3360//2018 3363//2018
f 3128//2019 3363//2019 3129//2019
f 3359//2020 3360//2020 3128//2020
f 3359//2021 3128//2021 3127//2021
f 3126//2022 3358//2022 3359//2022
f 3126//2023 3359//2023 3127//2023
f 3356//2024 3357//2024 3125//2024
f 3356//2024 3125//2024 3123//2024
f 3129//2025 3363//2025 3364//2025
f 3129//2026 3364//2026 3130//2026
f 3361//2027 3362//2027 3129//2027
f 3361//2028 3129//2028 3130//2028
f 3357//2029 3358//2029 3126//2029
f 3357//2030 3126//2030 3125//2030
f 3324//2031 3304//2031 3306//2031
f 3324//2032 3306//2032 3112//2032
f 3112//2033 3306//2033 3308//2033
f 3112//2034 3308//2034 3111//2034
f 3308//2035 3307//2035 3323//2035
f 3308//2036 3323//2036 3111//2036
f 3327//2037 3328//2037 3324//2037
f 3327//2038 3324//2038 3112//2038
f 3326//2039 3327//2039 3112//2039
f 3326//2039 3112//2039 3111//2039
f 3325//2040 3326//2040 3111//2040
f 3325//2041 3111//2041 3323//2041
f 3322//2042 3319//2042 3106//2042
f 3322//2043 3106//2043 3110//2043
f 3109//2044 3317//2044 3316//2044
f 3109//2045 3316//2045 3108//2045
f 3316//2046 3314//2046 3107//2046
f 3316//2047 3107//2047 3108//2047
f 3314//2048 3315//2048 3106//2048
f 3314//2049 3106//2049 3107//2049
f 3320//2050 3321//2050 3109//2050
f 3320//2051 3109//2051 3108//2051
f 3107//2052 3318//2052 3320//2052
f 3107//2053 3320//2053 3108//2053
f 3106//2054 3319//2054 3318//2054
f 3106//2055 3318//2055 3107//2055
f 3329//2056 3330//2056 3113//2056
f 3329//2057 3113//2057 3110//2057
f 3339//2058 3337//2058 3115//2058
f 3339//2059 3115//2059 3117//2059
f 3116//2060 3338//2060 3339//2060
f 3116//2061 3339//2061 3117//2061
f 3113//2062 3335//2062 3322//2062
f 3113//2063 3322//2063 3110//2063
f 3341//2064 3343//2064 3121//2064
f 3341//2065 3121//2065 3118//2065
f 3342//2066 3340//2066 3119//2066
f 3342//2067 3119//2067 3120//2067
f 3340//1923 3341//1923 3118//1923
f 3340//2068 3118//2068 3119//2068
f 3115//2069 3337//2069 3336//2069
f 3115//2070 3336//2070 3114//2070
f 3331//1910 3332//1910 3115//1910
f 3331//2071 3115//2071 3114//2071
f 3330//2072 3331//2072 3114//2072
f 3330//2073 3114//2073 3113//2073
f 3315//2074 3329//2074 3110//2074
f 3315//2075 3110//2075 3106//2075
f 3114//2076 3336//2076 3335//2076
f 3114//2077 3335//2077 3113//2077
f 3332//2078 3334//2078 3117//2078
f 3332//2079 3117//2079 3115//2079
f 3117//2080 3334//2080 3333//2080
f 3117//2081 3333//2081 3116//2081
f 3349//2082 3321//2082 3176//2082
f 3349//2083 3176//2083 3175//2083
f 3171//2084 3178//2084 3177//2084
f 3171//2085 3177//2085 3172//2085
f 3347//2086 3349//2086 3175//2086
f 3347//2087 3175//2087 3169//2087
f 3173//2088 3174//2088 3171//2088
f 3173//2088 3171//2088 3172//2088
f 3160//2089 3171//2089 3174//2089
f 3160//2089 3174//2089 3161//2089
f 3177//1930 3178//1930 3175//1930
f 3177//2090 3175//2090 3176//2090
f 3179//1912 3180//1912 3381//1912
f 3179//1912 3381//1912 3167//1912
f 3181//1912 3381//1912 3180//1912
f 3167//1912 3381//1912 3148//1912
f 3170//2091 3178//2091 3171//2091
f 3170//2092 3171//2092 3160//2092
f 3169//1930 3175//1930 3178//1930
f 3169//1930 3178//1930 3170//1930
f 3156//2093 3390//2093 3388//2093
f 3156//2094 3388//2094 3157//2094
f 3387//2095 3346//2095 3345//2095
f 3387//2096 3345//2096 3386//2096
f 3386//2097 3388//2097 3387//2097
f 3355//2098 3346//2098 3387//2098
f 3355//2099 3387//2099 3382//2099
f 3168//2100 3344//2100 3347//2100
f 3168//2101 3347//2101 3169//2101
f 3168//2102 3386//2102 3345//2102
f 3168//2102 3345//2102 3344//2102
f 3168//1930 3389//1930 3386//1930
f 3385//2103 3390//2103 3156//2103
f 3385//2104 3156//2104 3152//2104
f 3387//2105 3390//2105 3382//2105
f 3170//1930 3389//1930 3168//1930
f 3170//1930 3168//1930 3169//1930
f 3388//2106 3389//2106 3159//2106
f 3388//2107 3159//2107 3157//2107
f 3389//2108 3170//2108 3160//2108
f 3389//2109 3160//2109 3159//2109
f 3185//2110 3191//2110 3182//2110
f 3185//2111 3182//2111 3173//2111
f 3180//2112 3182//2112 3191//2112
f 3180//2113 3191//2113 3181//2113
f 3192//1912 3395//1912 3381//1912
f 3192//1912 3381//1912 3181//1912
f 3191//2114 3190//2114 3192//2114
f 3191//2115 3192//2115 3181//2115
f 3394//2116 3395//2116 3192//2116
f 3394//2117 3192//2117 3190//2117
f 3193//2118 3318//2118 3319//2118
f 3193//2119 3319//2119 3396//2119
f 3176//2120 3321//2120 3320//2120
f 3176//2121 3320//2121 3194//2121
f 3176//2090 3194//2090 3189//2090
f 3176//1930 3189//1930 3177//1930
f 3194//1930 3193//1930 3188//1930
f 3194//1930 3188//1930 3189//1930
f 3194//2122 3320//2122 3318//2122
f 3194//2123 3318//2123 3193//2123
f 3193//1930 3396//1930 3393//1930
f 3193//1930 3393//1930 3188//1930
f 3391//2124 3394//2124 3190//2124
f 3391//2125 3190//2125 3184//2125
f 3165//2126 3183//2126 3179//2126
f 3165//2127 3179//2127 3167//2127
f 3186//2128 3187//2128 3184//2128
f 3186//2128 3184//2128 3185//2128
f 3161//2129 3174//2129 3183//2129
f 3161//2130 3183//2130 3165//2130
f 3182//2131 3183//2131 3174//2131
f 3182//2132 3174//2132 3173//2132
f 3179//2133 3183//2133 3182//2133
f 3179//2134 3182//2134 3180//2134
f 3187//2135 3392//2135 3391//2135
f 3187//2136 3391//2136 3184//2136
f 3177//2137 3189//2137 3186//2137
f 3177//2138 3186//2138 3172//2138
f 3190//2139 3191//2139 3185//2139
f 3190//2140 3185//2140 3184//2140
f 3186//2141 3189//2141 3188//2141
f 3186//2142 3188//2142 3187//2142
f 3172//2143 3186//2143 3185//2143
f 3172//2143 3185//2143 3173//2143
f 3188//2144 3393//2144 3392//2144
f 3188//2145 3392//2145 3187//2145
f 3147//2146 3164//2146 3166//2146
f 3147//2147 3166//2147 3148//2147
f 3377//2148 3378//2148 3135//2148
f 3377//2149 3135//2149 3134//2149
f 3379//2150 3376//2150 3136//2150
f 3379//2151 3136//2151 3368//2151
f 3136//2152 3376//2152 3377//2152
f 3136//2153 3377//2153 3134//2153
f 3374//2154 3376//2154 3375//2154
f 3373//2155 3377//2155 3374//2155
f 3375//2156 3379//2156 3380//2156
f 3381//2157 3371//2157 3143//2157
f 3381//1912 3143//1912 3141//1912
f 3135//2158 3150//2158 3149//2158
f 3135//2158 3149//2158 3132//2158
f 3140//1912 3146//1912 3381//1912
f 3140//1912 3381//1912 3141//1912
f 3381//1912 3146//1912 3144//1912
f 3381//1912 3144//1912 3145//1912
f 3147//1912 3148//1912 3381//1912
f 3147//1912 3381//1912 3145//1912
f 3375//2159 3360//2159 3359//2159
f 3375//2160 3359//2160 3374//2160
f 3132//2161 3138//2161 3139//2161
f 3132//2162 3139//2162 3133//2162
f 3140//2163 3141//2163 3139//2163
f 3140//2164 3139//2164 3138//2164
f 3137//2165 3369//2165 3368//2165
f 3137//2166 3368//2166 3136//2166
f 3134//2167 3135//2167 3132//2167
f 3134//2167 3132//2167 3133//2167
f 3133//2168 3137//2168 3136//2168
f 3133//2168 3136//2168 3134//2168
f 3139//2169 3142//2169 3137//2169
f 3139//2169 3137//2169 3133//2169
f 3358//2170 3357//2170 3372//2170
f 3358//2171 3372//2171 3373//2171
f 3373//2172 3374//2172 3359//2172
f 3373//2173 3359//2173 3358//2173
f 3143//2174 3371//2174 3370//2174
f 3143//2175 3370//2175 3142//2175
f 3143//2176 3142//2176 3139//2176
f 3143//2177 3139//2177 3141//2177
f 3142//2178 3370//2178 3369//2178
f 3142//2179 3369//2179 3137//2179
f 3157//2180 3159//2180 3162//2180
f 3157//2181 3162//2181 3158//2181
f 3151//2182 3155//2182 3163//2182
f 3151//2183 3163//2183 3153//2183
f 3161//2184 3162//2184 3159//2184
f 3161//2184 3159//2184 3160//2184
f 3152//2185 3156//2185 3155//2185
f 3152//2185 3155//2185 3151//2185
f 3156//2186 3157//2186 3158//2186
f 3156//2187 3158//2187 3155//2187
f 3144//2188 3153//2188 3163//2188
f 3144//2189 3163//2189 3145//2189
f 3166//2190 3165//2190 3167//2190
f 3166//2191 3167//2191 3148//2191
f 3162//2192 3166//2192 3164//2192
f 3162//2193 3164//2193 3158//2193
f 3165//2194 3166//2194 3162//2194
f 3165//2195 3162//2195 3161//2195
f 3164//2196 3163//2196 3155//2196
f 3164//2197 3155//2197 3158//2197
f 3163//2198 3164//2198 3147//2198
f 3163//2199 3147//2199 3145//2199
f 3372//2200 3378//2200 3373//2200
f 3132//2201 3149//2201 3154//2201
f 3132//2202 3154//2202 3138//2202
f 3138//2203 3154//2203 3146//2203
f 3138//2204 3146//2204 3140//2204
f 3146//2205 3154//2205 3153//2205
f 3146//2206 3153//2206 3144//2206
f 3150//2207 3152//2207 3151//2207
f 3150//2207 3151//2207 3149//2207
f 3153//2208 3154//2208 3149//2208
f 3153//2209 3149//2209 3151//2209
f 3356//2210 3355//2210 3382//2210
f 3356//2211 3382//2211 3383//2211
f 3383//2212 3384//2212 3372//2212
f 3135//2213 3378//2213 3384//2213
f 3135//2214 3384//2214 3150//2214
f 3356//2215 3383//2215 3372//2215
f 3356//2216 3372//2216 3357//2216
f 3384//2217 3385//2217 3152//2217
f 3384//2218 3152//2218 3150//2218
f 3382//2219 3385//2219 3383//2219
f 3361//2220 3366//2220 3233//2220
f 3361//2220 3233//2220 3232//2220
f 3231//2221 3233//2221 3219//2221
f 3231//2221 3219//2221 3218//2221
f 3230//2222 3232//2222 3233//2222
f 3230//2222 3233//2222 3231//2222
f 3299//2223 3217//2223 3300//2223
f 3217//2224 3230//2224 3231//2224
f 3217//1930 3231//1930 3218//1930
f 3228//2225 3299//2225 3298//2225
f 3228//2225 3298//2225 3297//2225
f 3228//2226 3237//2226 3236//2226
f 3228//2226 3236//2226 3234//2226
f 3365//2227 3362//2227 3235//2227
f 3365//2228 3235//2228 3234//2228
f 3366//2229 3333//2229 3219//2229
f 3366//2230 3219//2230 3233//2230
f 3228//2231 3234//2231 3235//2231
f 3228//2231 3235//2231 3229//2231
f 3224//2232 3203//2232 3226//2232
f 3204//2233 3328//2233 3226//2233
f 3204//2234 3226//2234 3203//2234
f 3227//2235 3348//2235 3343//2235
f 3227//2236 3343//2236 3225//2236
f 3195//1930 3203//1930 3224//1930
f 3195//1930 3224//1930 3199//1930
f 3226//2237 3227//2237 3225//2237
f 3226//2237 3225//2237 3224//2237
f 3217//2238 3299//2238 3228//2238
f 3217//2239 3228//2239 3229//2239
f 3230//2240 3217//2240 3229//2240
f 3317//2241 3348//2241 3227//2241
f 3317//1912 3227//1912 3223//1912
f 3204//2242 3324//2242 3328//2242
f 3226//2243 3328//2243 3223//2243
f 3226//2244 3223//2244 3227//2244
f 3354//2245 3365//2245 3234//2245
f 3354//2246 3234//2246 3236//2246
f 3243//2247 3293//2247 3241//2247
f 3240//2248 3353//2248 3236//2248
f 3240//2249 3236//2249 3244//2249
f 3296//2250 3293//2250 3243//2250
f 3296//2251 3243//2251 3245//2251
f 3242//2252 3243//2252 3241//2252
f 3242//2253 3241//2253 3240//2253
f 3244//2254 3245//2254 3243//2254
f 3244//2255 3243//2255 3242//2255
f 3353//2235 3354//2235 3236//2235
f 3295//2256 3296//2256 3245//2256
f 3295//2257 3245//2257 3237//2257
f 3245//2258 3244//2258 3236//2258
f 3245//2258 3236//2258 3237//2258
f 3242//2259 3240//2259 3244//2259
f 3240//2260 3350//2260 3352//2260
f 3240//2261 3352//2261 3353//2261
f 3238//2262 3239//2262 3202//2262
f 3238//2263 3202//2263 3201//2263
f 3201//2264 3342//2264 3351//2264
f 3201//2265 3351//2265 3238//2265
f 3362//2266 3361//2266 3232//2266
f 3362//2267 3232//2267 3235//2267
f 3297//2268 3295//2268 3237//2268
f 3297//2269 3237//2269 3228//2269
f 3235//2270 3232//2270 3230//2270
f 3235//2270 3230//2270 3229//2270
f 3238//2271 3351//2271 3350//2271
f 3238//2272 3350//2272 3240//2272
f 3241//2273 3293//2273 3290//2273
f 3241//2225 3290//2225 3239//2225
f 3240//2274 3241//2274 3239//2274
f 3240//2275 3239//2275 3238//2275
f 3291//2037 3292//2037 3202//2037
f 3291//2276 3202//2276 3239//2276
f 3290//2277 3291//2277 3239//2277
f 3225//2278 3343//2278 3341//2278
f 3225//2279 3341//2279 3200//2279
f 3207//2280 3312//2280 3311//2280
f 3207//2281 3311//2281 3205//2281
f 3207//2282 3323//2282 3307//2282
f 3207//2283 3307//2283 3312//2283
f 3294//2284 3303//2284 3206//2284
f 3294//2285 3206//2285 3313//2285
f 3304//2286 3324//2286 3204//2286
f 3304//2287 3204//2287 3305//2287
f 3205//2288 3311//2288 3313//2288
f 3205//2289 3313//2289 3206//2289
f 3205//1930 3206//1930 3208//1930
f 3211//2290 3212//2290 3213//2290
f 3211//2290 3213//2290 3208//2290
f 3206//2256 3303//2256 3209//2256
f 3206//1930 3209//1930 3208//1930
f 3210//2291 3211//2291 3208//2291
f 3210//2291 3208//2291 3209//2291
f 3332//2228 3331//2228 3211//2228
f 3332//2292 3211//2292 3210//2292
f 3201//2067 3202//2067 3198//2067
f 3201//2067 3198//2067 3197//2067
f 3200//2293 3341//2293 3340//2293
f 3200//2294 3340//2294 3197//2294
f 3199//2295 3200//2295 3197//2295
f 3199//2296 3197//2296 3198//2296
f 3196//2297 3289//2297 3310//2297
f 3196//2298 3310//2298 3195//2298
f 3292//2299 3288//2299 3289//2299
f 3292//2300 3289//2300 3196//2300
f 3195//2301 3310//2301 3309//2301
f 3195//2302 3309//2302 3203//2302
f 3203//2303 3309//2303 3305//2303
f 3203//2304 3305//2304 3204//2304
f 3198//2305 3202//2305 3292//2305
f 3198//2306 3292//2306 3196//2306
f 3197//2307 3340//2307 3342//2307
f 3197//2308 3342//2308 3201//2308
f 3199//2268 3198//2268 3196//2268
f 3199//2309 3196//2309 3195//2309
f 3331//2310 3330//2310 3212//2310
f 3331//1912 3212//1912 3211//1912
f 3221//2311 3326//2311 3325//2311
f 3221//2312 3325//2312 3216//2312
f 3222//2313 3327//2313 3326//2313
f 3222//2314 3326//2314 3221//2314
f 3334//2315 3332//2315 3210//2315
f 3334//2308 3210//2308 3220//2308
f 3209//2079 3217//2079 3220//2079
f 3209//2079 3220//2079 3210//2079
f 3333//2316 3334//2316 3220//2316
f 3333//2317 3220//2317 3219//2317
f 3316//1912 3317//1912 3223//1912
f 3316//1912 3223//1912 3222//1912
f 3224//2318 3225//2318 3200//2318
f 3224//2319 3200//2319 3199//2319
f 3328//2320 3327//2320 3222//2320
f 3328//2321 3222//2321 3223//2321
f 3315//1912 3314//1912 3221//1912
f 3315//1912 3221//1912 3216//1912
f 3314//1912 3316//1912 3222//1912
f 3314//1912 3222//1912 3221//1912
f 3214//2322 3325//2322 3323//2322
f 3214//2323 3323//2323 3207//2323
f 3215//2324 3214//2324 3213//2324
f 3215//2324 3213//2324 3212//2324
f 3329//2325 3315//2325 3216//2325
f 3329//2326 3216//2326 3215//2326
f 3205//2327 3208//2327 3213//2327
f 3205//2328 3213//2328 3207//2328
f 3216//2329 3325//2329 3214//2329
f 3216//2330 3214//2330 3215//2330
f 3303//2331 3302//2331 3217//2331
f 3303//2332 3217//2332 3209//2332
f 3219//2081 3220//2081 3217//2081
f 3219//2081 3217//2081 3218//2081
f 3217//2037 3302//2037 3301//2037
f 3217//2333 3301//2333 3300//2333
f 3330//2334 3329//2334 3215//2334
f 3330//2335 3215//2335 3212//2335
f 3214//2242 3207//2242 3213//2242
f 3283//2336 3284//2336 3263//2336
f 3283//2336 3263//2336 3262//2336
f 3279//2337 3281//2337 3282//2337
f 3279//2337 3282//2337 3280//2337
f 3250//2338 3279//2338 3280//2338
f 3250//2338 3280//2338 3251//2338
f 3284//2339 3283//2339 3282//2339
f 3284//2340 3282//2340 3281//2340
f 3285//2341 3286//2341 3281//2341
f 3285//2342 3281//2342 3279//2342
f 3258//2343 3285//2343 3252//2343
f 3258//2344 3252//2344 3255//2344
f 3285//2345 3279//2345 3250//2345
f 3285//2346 3250//2346 3252//2346
f 3278//1930 3393//1930 3396//1930
f 3278//1930 3396//1930 3277//1930
f 3277//2347 3322//2347 3335//2347
f 3277//2348 3335//2348 3266//2348
f 3381//2349 3395//2349 3394//2349
f 3381//2350 3394//2350 3276//2350
f 3276//2351 3394//2351 3391//2351
f 3276//2352 3391//2352 3274//2352
f 3396//2353 3319//2353 3322//2353
f 3396//2354 3322//2354 3277//2354
f 3392//2355 3393//2355 3278//2355
f 3392//2356 3278//2356 3275//2356
f 3268//1930 3278//1930 3277//1930
f 3268//1930 3277//1930 3266//1930
f 3275//2357 3278//2357 3268//2357
f 3275//2358 3268//2358 3265//2358
f 3259//2359 3286//2359 3285//2359
f 3259//2360 3285//2360 3258//2360
f 3404//2361 3405//2361 3280//2361
f 3404//2362 3280//2362 3282//2362
f 3401//2363 3405//2363 3402//2363
f 3402//1930 3404//1930 3403//1930
f 3280//2364 3405//2364 3399//2364
f 3280//2365 3399//2365 3251//2365
f 3283//2366 3406//2366 3404//2366
f 3283//2367 3404//2367 3282//2367
f 3267//2306 3403//2306 3406//2306
f 3267//1930 3406//1930 3269//1930
f 3406//2368 3283//2368 3262//2368
f 3406//2369 3262//2369 3269//2369
f 3403//2370 3337//2370 3339//2370
f 3403//2370 3339//2370 3402//2370
f 3281//2371 3286//2371 3287//2371
f 3281//2372 3287//2372 3284//2372
f 3270//2373 3273//2373 3287//2373
f 3270//2374 3287//2374 3260//2374
f 3263//2375 3284//2375 3287//2375
f 3263//2376 3287//2376 3273//2376
f 3287//2377 3286//2377 3259//2377
f 3287//2378 3259//2378 3260//2378
f 3336//2379 3337//2379 3403//2379
f 3336//2379 3403//2379 3267//2379
f 3401//2380 3402//2380 3339//2380
f 3401//2381 3339//2381 3338//2381
f 3401//2382 3338//2382 3367//2382
f 3401//2382 3367//2382 3398//2382
f 3271//2383 3381//2383 3276//2383
f 3271//2384 3276//2384 3272//2384
f 3381//1912 3258//1912 3255//1912
f 3381//1912 3255//1912 3254//1912
f 3257//2385 3371//2385 3381//2385
f 3257//1912 3381//1912 3254//1912
f 3370//2386 3371//2386 3257//2386
f 3370//2387 3257//2387 3256//2387
f 3381//1912 3260//1912 3259//1912
f 3381//1912 3259//1912 3258//1912
f 3363//2388 3360//2388 3375//2388
f 3363//2389 3375//2389 3380//2389
f 3363//2390 3380//2390 3397//2390
f 3363//2391 3397//2391 3364//2391
f 3397//2392 3398//2392 3367//2392
f 3397//2392 3367//2392 3364//2392
f 3249//2393 3369//2393 3370//2393
f 3249//2394 3370//2394 3256//2394
f 3368//2395 3369//2395 3249//2395
f 3368//2396 3249//2396 3248//2396
f 3250//2397 3251//2397 3247//2397
f 3250//2398 3247//2398 3246//2398
f 3248//2399 3249//2399 3246//2399
f 3248//2399 3246//2399 3247//2399
f 3246//2400 3253//2400 3252//2400
f 3246//2401 3252//2401 3250//2401
f 3256//2402 3257//2402 3254//2402
f 3256//2403 3254//2403 3253//2403
f 3249//2404 3256//2404 3253//2404
f 3249//2405 3253//2405 3246//2405
f 3254//2406 3255//2406 3252//2406
f 3254//2407 3252//2407 3253//2407
f 3261//1930 3399//1930 3400//1930
f 3263//2408 3273//2408 3272//2408
f 3263//2409 3272//2409 3264//2409
f 3381//1912 3271//1912 3270//1912
f 3381//1912 3270//1912 3260//1912
f 3269//1930 3268//1930 3266//1930
f 3269//2090 3266//2090 3267//2090
f 3271//2410 3272//2410 3273//2410
f 3271//2411 3273//2411 3270//2411
f 3276//2412 3274//2412 3264//2412
f 3276//2413 3264//2413 3272//2413
f 3274//2414 3391//2414 3392//2414
f 3274//2415 3392//2415 3275//2415
f 3274//2416 3275//2416 3265//2416
f 3274//2416 3265//2416 3264//2416
f 3265//2417 3268//2417 3269//2417
f 3265//2418 3269//2418 3262//2418
f 3400//2419 3379//2419 3368//2419
f 3400//2420 3368//2420 3248//2420
f 3261//2421 3400//2421 3248//2421
f 3261//2422 3248//2422 3247//2422
f 3251//2423 3399//2423 3261//2423
f 3251//2424 3261//2424 3247//2424
f 3380//2425 3400//2425 3397//2425
f 3266//2426 3335//2426 3336//2426
f 3266//2427 3336//2427 3267//2427
f 3264//2428 3265//2428 3262//2428
f 3264//2428 3262//2428 3263//2428
f 3398//2429 3399//2429 3401//2429
o Gun_01_havok_s_armor_2_1
v -0.367881 1.980250 -1.749593
v -0.309653 1.980114 -1.798675
v 0.309652 1.980114 -1.798675
v 0.367881 1.980250 -1.749593
v -0.367082 2.055426 -1.735003
v -0.308098 2.057457 -1.777191
v -0.382818 1.980597 -1.732391
v -0.382639 2.050601 -1.718159
v -0.380076 1.922960 -1.729542
v -0.362878 1.923375 -1.749437
v -0.286794 1.902223 -1.803382
v 0.140316 2.009508 -1.928831
v 0.308098 2.057457 -1.777191
v 0.123512 2.041520 -1.928831
v 0.148970 1.938239 -1.928831
v 0.286794 1.902223 -1.803382
v 0.148970 1.974391 -1.928831
v 0.140316 1.903121 -1.928831
v 0.367082 2.055426 -1.735003
v 0.382818 1.980597 -1.732391
v 0.382639 2.050601 -1.718159
v 0.380076 1.922960 -1.729542
v 0.362878 1.923375 -1.749437
v -0.140316 2.009508 -1.928831
v -0.123512 2.041520 -1.928831
v -0.148970 1.938239 -1.928831
v -0.148970 1.974391 -1.928831
v -0.140316 1.903121 -1.928831
vn -0.7541 0.0681 0.6533
vn -0.7540 0.0682 0.6533
vn -0.5970 0.1273 0.7921
vn -0.6435 0.0587 0.7632
vn -0.5713 -0.2303 0.7877
vn -0.6367 -0.1534 0.7557
vn -0.7469 -0.1343 0.6513
vn -0.7469 -0.1343 0.6512
vn 0.6417 0.1581 0.7504
vn 0.6188 -0.1525 0.7706
vn 0.5878 -0.3085 0.7479
vn 0.6181 -0.2219 0.7541
vn 0.6453 0.1440 0.7503
vn 0.6294 -0.0000 0.7771
vn 0.7541 0.0681 0.6533
vn 0.7540 0.0682 0.6533
vn 0.5970 0.1273 0.7921
vn 0.6435 0.0587 0.7632
vn 0.5713 -0.2303 0.7877
vn 0.6367 -0.1534 0.7557
vn 0.7469 -0.1343 0.6513
vn 0.7469 -0.1343 0.6512
vn -0.6417 0.1581 0.7504
vn -0.6188 -0.1525 0.7706
vn -0.5878 -0.3085 0.7479
vn -0.6181 -0.2219 0.7541
vn -0.6453 0.1440 0.7503
vn -0.6294 -0.0000 0.7771
s 0
f 3410//2430 3429//2430 3428//2430
f 3410//2431 3428//2431 3426//2431
f 3409//2432 3422//2432 3429//2432
f 3409//2433 3429//2433 3410//2433
f 3425//2434 3419//2434 3409//2434
f 3425//2435 3409//2435 3410//2435
f 3426//2436 3427//2436 3425//2436
f 3426//2437 3425//2437 3410//2437
f 3434//2438 3432//2438 3417//2438
f 3408//2439 3433//2439 3430//2439
f 3430//2440 3431//2440 3412//2440
f 3430//2441 3412//2441 3408//2441
f 3408//2442 3417//2442 3432//2442
f 3408//2443 3432//2443 3433//2443
f 3415//2444 3416//2444 3407//2444
f 3415//2445 3407//2445 3413//2445
f 3416//2446 3417//2446 3408//2446
f 3416//2447 3408//2447 3407//2447
f 3408//2448 3412//2448 3411//2448
f 3408//2449 3411//2449 3407//2449
f 3411//2450 3414//2450 3413//2450
f 3411//2451 3413//2451 3407//2451
f 3424//2452 3422//2452 3421//2452
f 3409//2453 3418//2453 3423//2453
f 3419//2454 3420//2454 3418//2454
f 3419//2455 3418//2455 3409//2455
f 3421//2456 3422//2456 3409//2456
f 3421//2457 3409//2457 3423//2457
o Gun_01_havok_s_armor_1_2
v -0.010370 2.105047 -1.928831
v -0.140316 1.903121 -1.928831
v -0.120383 1.865144 -1.928831
v -0.099534 1.844039 -1.928831
v -0.148970 1.974391 -1.928831
v -0.148970 1.938239 -1.928831
v -0.140316 2.009508 -1.928831
v -0.123512 2.041520 -1.928831
v -0.096393 2.069874 -1.928833
v -0.069775 1.823512 -1.928831
v -0.035965 1.810680 -1.928831
v 0.099534 1.844039 -1.928831
v 0.120383 1.865147 -1.928831
v 0.140316 1.903121 -1.928831
v 0.148970 1.938239 -1.928831
v 0.148970 1.974391 -1.928831
v 0.140316 2.009508 -1.928831
v 0.123512 2.041520 -1.928831
v 0.096406 2.069868 -1.928830
v 0.000000 2.106305 -1.928831
v 0.010370 2.105051 -1.928831
v 0.035965 1.810680 -1.928831
v 0.069775 1.823512 -1.928831
v 0.000000 1.807491 -1.928318
vn -0.0000 -0.0000 1.0000
vn 0.0141 0.0022 0.9999
vn -0.0142 0.0012 0.9999
vn -0.0001 -0.0002 1.0000
vn 0.0001 0.0002 1.0000
vn -0.0001 0.0002 1.0000
s 0
f 3452//2458 3453//2458 3435//2458
f 3452//2458 3435//2458 3451//2458
f 3450//2458 3451//2458 3435//2458
f 3449//2458 3450//2458 3435//2458
f 3449//2458 3435//2458 3448//2458
f 3458//2459 3456//2459 3435//2459
f 3458//2460 3435//2460 3445//2460
f 3435//2458 3456//2458 3457//2458
f 3435//2458 3457//2458 3446//2458
f 3453//2461 3455//2461 3454//2461
f 3453//2462 3454//2462 3435//2462
f 3441//2458 3439//2458 3435//2458
f 3435//2458 3439//2458 3440//2458
f 3435//2458 3440//2458 3436//2458
f 3437//2458 3438//2458 3435//2458
f 3437//2458 3435//2458 3436//2458
f 3447//2458 3448//2458 3435//2458
f 3447//2458 3435//2458 3446//2458
f 3444//2458 3445//2458 3435//2458
f 3444//2458 3435//2458 3438//2458
f 3435//2463 3443//2463 3442//2463
f 3435//2458 3442//2458 3441//2458
o Gun_01_havok_s_armor_4_3
v 0.301744 1.830350 -1.666890
v -0.301744 1.830350 -1.666890
v -0.345989 1.877067 -1.693784
v 0.345989 1.877067 -1.693784
v -0.362778 1.901639 -1.702364
v 0.362779 1.901639 -1.702364
v 0.251489 1.788553 -1.632971
v -0.251489 1.788553 -1.632971
v 0.158237 1.746714 -1.584974
v -0.158237 1.746714 -1.584974
v -0.212807 1.767066 -1.609808
v 0.212807 1.767066 -1.609808
v 0.092329 1.731527 -1.565086
v 0.000000 1.724731 -1.557805
v -0.092329 1.731527 -1.565086
v -0.377823 2.133844 -1.630748
v 0.377823 2.133844 -1.630748
v 0.376206 2.089043 -1.667308
v -0.376206 2.089043 -1.667308
v 0.375572 2.036307 -1.693052
v -0.375572 2.036307 -1.693052
v -0.377014 2.167848 -1.586282
v 0.377014 2.167848 -1.586282
v -0.373899 1.979975 -1.705392
v 0.373899 1.979975 -1.705392
v 0.369875 1.927849 -1.704878
v -0.369875 1.927849 -1.704878
v -0.350405 2.208180 -1.524183
v 0.350405 2.208180 -1.524183
v -0.330051 2.231696 -1.504964
v 0.330051 2.231696 -1.504964
v -0.285266 2.249020 -1.496829
v 0.285266 2.249020 -1.496829
vn -0.0000 -0.0099 -1.0000
vn -0.0000 -0.0955 -0.9954
vn -0.0000 0.4387 -0.8986
vn -0.0000 0.7944 -0.6075
vn -0.0000 0.6328 -0.7743
vn -0.0000 0.4250 -0.9052
vn -0.0000 0.2140 -0.9768
vn -0.0000 0.8386 -0.5447
vn -0.0000 -0.6301 -0.7765
vn -0.0000 -0.7734 -0.6339
vn -0.0000 -0.4989 -0.8667
vn -0.0000 -0.3297 -0.9441
vn -0.0000 -0.7332 -0.6801
vn -0.0000 0.6323 -0.7748
vn -0.0051 -0.7626 -0.6469
vn 0.0148 -0.8178 -0.5753
vn -0.0000 -0.7948 -0.6069
s 0
f 3484//2464 3485//2464 3482//2464
f 3484//2464 3482//2464 3483//2464
f 3485//2465 3484//2465 3464//2465
f 3485//2465 3464//2465 3463//2465
f 3478//2466 3479//2466 3477//2466
f 3478//2466 3477//2466 3476//2466
f 3480//2467 3481//2467 3475//2467
f 3480//2467 3475//2467 3474//2467
f 3488//2468 3489//2468 3487//2468
f 3488//2468 3487//2468 3486//2468
f 3490//2469 3491//2469 3489//2469
f 3490//2469 3489//2469 3488//2469
f 3483//2470 3482//2470 3479//2470
f 3483//2470 3479//2470 3478//2470
f 3486//2471 3487//2471 3481//2471
f 3486//2471 3481//2471 3480//2471
f 3465//2472 3466//2472 3460//2472
f 3465//2472 3460//2472 3459//2472
f 3469//2473 3470//2473 3467//2473
f 3469//2473 3467//2473 3468//2473
f 3461//2474 3462//2474 3459//2474
f 3461//2474 3459//2474 3460//2474
f 3463//2475 3464//2475 3462//2475
f 3463//2475 3462//2475 3461//2475
f 3470//2476 3469//2476 3466//2476
f 3470//2476 3466//2476 3465//2476
f 3476//2477 3477//2477 3474//2477
f 3476//2477 3474//2477 3475//2477
f 3472//2478 3473//2478 3467//2478
f 3472//2479 3467//2479 3471//2479
f 3468//2480 3467//2480 3473//2480
o Gun_01_havok_s_armor_3_4
v -0.385041 2.039686 -1.700948
v -0.382639 2.050601 -1.718159
v -0.380637 2.101295 -1.693105
v -0.383152 2.092471 -1.672623
v -0.382818 1.980597 -1.732391
v -0.384895 1.979712 -1.715593
v -0.370362 1.895035 -1.710418
v -0.367121 1.886600 -1.725255
v -0.380076 1.922960 -1.729542
v -0.382035 1.927874 -1.716140
v 0.380076 1.922960 -1.729542
v 0.367121 1.886600 -1.725255
v 0.370362 1.895035 -1.710418
v 0.382035 1.927874 -1.716140
v 0.384895 1.979712 -1.715593
v 0.382818 1.980597 -1.732391
v 0.385041 2.039686 -1.700948
v 0.382639 2.050601 -1.718159
v 0.349643 1.868341 -1.698974
v 0.344963 1.858239 -1.712298
v 0.379950 2.146574 -1.655054
v 0.380637 2.101295 -1.693105
v 0.383152 2.092471 -1.672623
v 0.382617 2.135911 -1.634668
v 0.382157 2.171969 -1.588058
v 0.378723 2.187503 -1.611692
v -0.382617 2.135911 -1.634668
v -0.379950 2.146574 -1.655054
v -0.378723 2.187503 -1.611692
v -0.382157 2.171969 -1.588058
vn -0.9929 -0.0820 0.0866
vn -0.9927 -0.0863 0.0847
vn -0.8108 0.5671 -0.1452
vn 0.9927 -0.0862 0.0847
vn 0.9927 -0.0863 0.0847
vn 0.9915 -0.1075 0.0734
vn -0.9915 -0.1075 0.0734
vn -0.9922 -0.0272 0.1213
vn 0.9414 0.3371 0.0140
vn 0.9922 -0.0272 0.1213
vn 0.9929 -0.0820 0.0866
vn -0.9907 0.0533 0.1253
vn -0.9414 0.3371 0.0140
vn 0.9907 0.0533 0.1253
s 0
f 3508//2481 3514//2481 3513//2481
f 3508//2481 3513//2481 3509//2481
f 3514//2482 3515//2482 3512//2482
f 3514//2482 3512//2482 3513//2482
f 3503//2483 3511//2483 3510//2483
f 3503//2483 3510//2483 3504//2483
f 3519//2484 3518//2484 3495//2484
f 3519//2485 3495//2485 3494//2485
f 3520//2486 3521//2486 3518//2486
f 3520//2486 3518//2486 3519//2486
f 3515//2487 3516//2487 3517//2487
f 3515//2487 3517//2487 3512//2487
f 3508//2488 3509//2488 3507//2488
f 3508//2488 3507//2488 3506//2488
f 3500//2489 3501//2489 3498//2489
f 3500//2489 3498//2489 3499//2489
f 3492//2490 3497//2490 3496//2490
f 3492//2490 3496//2490 3493//2490
f 3494//2491 3495//2491 3492//2491
f 3494//2491 3492//2491 3493//2491
f 3505//2492 3506//2492 3507//2492
f 3505//2492 3507//2492 3502//2492
f 3504//2493 3505//2493 3502//2493
f 3504//2493 3502//2493 3503//2493
f 3501//2494 3500//2494 3496//2494
f 3501//2494 3496//2494 3497//2494
o Gun_01_havok_s_armor_5_5
v 0.099534 1.844039 -1.928831
v 0.236819 1.831676 -1.784339
v 0.286794 1.902223 -1.803382
v 0.120383 1.865147 -1.928831
v -0.099534 1.844039 -1.928831
v -0.120383 1.865144 -1.928831
v -0.286794 1.902223 -1.803382
v -0.236819 1.831676 -1.784339
vn 0.5730 0.5659 0.5928
vn 0.5730 0.5660 0.5927
vn -0.5730 0.5660 0.5928
vn -0.5730 0.5659 0.5928
s 0
f 3528//2495 3529//2495 3526//2495
f 3528//2496 3526//2496 3527//2496
f 3524//2497 3525//2497 3522//2497
f 3524//2498 3522//2498 3523//2498
o Gun_01_havok_s_armor_6_6
v -0.324741 1.857329 -1.739132
v -0.352258 1.887692 -1.742835
v -0.367121 1.886600 -1.725255
v 0.324741 1.857329 -1.739132
v 0.352258 1.887692 -1.742835
v 0.286795 1.902223 -1.803382
v 0.236819 1.831676 -1.784339
v 0.367121 1.886600 -1.725255
v -0.286794 1.902223 -1.803382
v -0.236819 1.831676 -1.784339
vn -0.5913 0.6014 0.5372
vn 0.5042 0.5392 0.6746
vn 0.5913 0.6014 0.5372
vn -0.5042 0.5392 0.6746
s 0
f 3533//2499 3537//2499 3534//2499
f 3530//2500 3539//2500 3538//2500
f 3530//2500 3538//2500 3531//2500
f 3530//2501 3531//2501 3532//2501
f 3535//2502 3536//2502 3533//2502
f 3535//2502 3533//2502 3534//2502
o Gun_01_havok_s_armor_7_7
v -0.285247 1.805231 -1.705472
v -0.236819 1.831676 -1.784339
v -0.324741 1.857329 -1.739132
v -0.344963 1.858239 -1.712298
v -0.178503 1.779645 -1.765960
v 0.178503 1.779645 -1.765960
v 0.236819 1.831676 -1.784339
v 0.099534 1.844039 -1.928831
v 0.069775 1.823512 -1.928831
v 0.285247 1.805231 -1.705472
v 0.344963 1.858239 -1.712298
v 0.324741 1.857329 -1.739132
v -0.069775 1.823512 -1.928831
v -0.099534 1.844039 -1.928831
vn -0.4766 0.7027 0.5283
vn -0.5782 0.7044 0.4118
vn -0.4681 0.7103 0.5256
vn 0.4867 0.7056 0.5150
vn 0.4757 0.7144 0.5131
vn 0.4766 0.7027 0.5283
vn 0.5782 0.7044 0.4118
vn 0.4681 0.7103 0.5256
vn -0.4867 0.7056 0.5150
vn -0.4757 0.7144 0.5131
s 0
f 3551//2503 3546//2503 3549//2503
f 3551//2504 3549//2504 3550//2504
f 3549//2505 3546//2505 3545//2505
f 3544//2506 3552//2506 3553//2506
f 3544//2507 3553//2507 3541//2507
f 3540//2508 3541//2508 3542//2508
f 3540//2509 3542//2509 3543//2509
f 3540//2510 3544//2510 3541//2510
f 3547//2511 3548//2511 3545//2511
f 3547//2512 3545//2512 3546//2512
o Gun_01_havok_s_armor_8_8
v 0.127432 1.749743 -1.751136
v 0.178503 1.779645 -1.765960
v 0.069775 1.823512 -1.928831
v 0.035965 1.810680 -1.928831
v -0.127432 1.749743 -1.751136
v -0.035965 1.810680 -1.928831
v -0.069775 1.823512 -1.928831
v -0.178503 1.779645 -1.765960
vn 0.3486 0.8202 0.4536
vn 0.3170 0.8351 0.4495
vn -0.3170 0.8351 0.4495
vn -0.3486 0.8202 0.4536
s 0
f 3560//2513 3561//2513 3558//2513
f 3560//2514 3558//2514 3559//2514
f 3556//2515 3557//2515 3554//2515
f 3556//2516 3554//2516 3555//2516
o Gun_01_havok_s_armor_9_9
v -0.035965 1.810680 -1.928831
v -0.127432 1.749743 -1.751136
v -0.067759 1.728063 -1.738030
v 0.035965 1.810680 -1.928831
v 0.067759 1.728063 -1.738030
v 0.127432 1.749743 -1.751136
v 0.000000 1.807491 -1.928318
v 0.000000 1.720758 -1.734105
vn -0.0746 0.9105 0.4066
vn -0.0749 0.9105 0.4067
vn 0.0746 0.9105 0.4066
vn 0.0749 0.9105 0.4067
vn 0.2275 0.8792 0.4186
vn -0.2275 0.8792 0.4186
s 0
f 3568//2517 3569//2517 3566//2517
f 3568//2518 3566//2518 3565//2518
f 3564//2519 3569//2519 3568//2519
f 3564//2520 3568//2520 3562//2520
f 3562//2521 3563//2521 3564//2521
f 3565//2522 3566//2522 3567//2522
o Gun_01_havok_s_armor_11_10
v -0.195349 1.737593 -1.625885
v -0.183384 1.734235 -1.647816
v -0.230796 1.761422 -1.674466
v -0.242217 1.764742 -1.654486
v 0.183384 1.734235 -1.647816
v 0.230796 1.761422 -1.674466
v 0.127432 1.749743 -1.751136
v 0.195349 1.737593 -1.625885
v 0.242217 1.764742 -1.654486
v -0.127432 1.749743 -1.751136
vn -0.4479 0.8875 0.1085
vn 0.3333 0.8890 0.3139
vn 0.4479 0.8875 0.1085
vn -0.3333 0.8890 0.3139
s 0
f 3577//2523 3578//2523 3575//2523
f 3577//2523 3575//2523 3574//2523
f 3571//2524 3579//2524 3572//2524
f 3572//2525 3573//2525 3570//2525
f 3572//2525 3570//2525 3571//2525
f 3574//2526 3575//2526 3576//2526
o Gun_01_havok_s_armor_12_11
v -0.067759 1.728063 -1.738030
v -0.127432 1.749743 -1.751136
v -0.183384 1.734235 -1.647816
v 0.067759 1.728063 -1.738030
v 0.183384 1.734235 -1.647816
v 0.127432 1.749743 -1.751136
vn -0.2714 0.9193 0.2850
vn 0.2714 0.9193 0.2850
s 0
f 3583//2527 3584//2527 3585//2527
f 3580//2528 3581//2528 3582//2528
o Gun_01_havok_s_armor_13_12
v -0.098239 1.709352 -1.614827
v -0.067759 1.728063 -1.738030
v -0.183384 1.734235 -1.647816
v -0.140552 1.721534 -1.596386
v -0.195349 1.737593 -1.625885
v 0.098239 1.709352 -1.614827
v 0.183384 1.734235 -1.647816
v 0.067759 1.728063 -1.738030
v 0.140552 1.721534 -1.596386
v 0.195349 1.737593 -1.625885
v 0.078072 1.706852 -1.578607
v -0.078072 1.706852 -1.578607
vn -0.2787 0.9604 0.0050
vn -0.2787 0.9604 0.0051
vn -0.2473 0.9663 -0.0710
vn 0.2473 0.9663 -0.0710
vn 0.2043 0.9591 0.1962
vn 0.2787 0.9604 0.0050
vn 0.2787 0.9604 0.0051
vn -0.2043 0.9591 0.1962
s 0
f 3594//2529 3595//2529 3592//2529
f 3594//2530 3592//2530 3591//2530
f 3594//2531 3591//2531 3596//2531
f 3589//2532 3597//2532 3586//2532
f 3586//2533 3587//2533 3588//2533
f 3588//2534 3590//2534 3589//2534
f 3588//2535 3589//2535 3586//2535
f 3591//2536 3592//2536 3593//2536
o Gun_01_havok_s_armor_14_13
v 0.000000 1.696227 -1.598665
v 0.248266 1.779820 -1.632245
v 0.300228 1.821613 -1.667656
v 0.292671 1.806129 -1.686789
v 0.242217 1.764742 -1.654486
v 0.344963 1.858239 -1.712298
v 0.349643 1.868341 -1.698974
v -0.292671 1.806129 -1.686789
v -0.300228 1.821613 -1.667656
v -0.248266 1.779820 -1.632245
v -0.242217 1.764742 -1.654486
v -0.344963 1.858239 -1.712298
v -0.349642 1.868341 -1.698974
v 0.205453 1.754694 -1.606841
v 0.195349 1.737592 -1.625885
v 0.140552 1.721534 -1.596386
v 0.150397 1.735947 -1.581717
v -0.205453 1.754694 -1.606841
v -0.195349 1.737592 -1.625885
v -0.150397 1.735947 -1.581717
v -0.140552 1.721534 -1.596386
v -0.098239 1.709352 -1.614827
v 0.000000 1.720758 -1.734105
v -0.067759 1.728063 -1.738030
v -0.078072 1.706852 -1.578607
v 0.000000 1.696362 -1.576419
v 0.098239 1.709352 -1.614827
v 0.067759 1.728063 -1.738030
v 0.078072 1.706852 -1.578607
v -0.339229 2.251403 -1.542288
v -0.336138 2.246989 -1.505706
v -0.363774 2.217704 -1.529836
v -0.363279 2.226917 -1.567706
v -0.303742 2.278418 -1.523149
v -0.382157 2.171969 -1.588058
v -0.378722 2.187503 -1.611692
v -0.367121 1.886600 -1.725255
v -0.370362 1.895035 -1.710418
v 0.363774 2.217704 -1.529836
v 0.336138 2.246989 -1.505706
v 0.339229 2.251403 -1.542288
v 0.363279 2.226917 -1.567706
v 0.303743 2.278418 -1.523149
v 0.382157 2.171969 -1.588058
v 0.378723 2.187503 -1.611692
vn 0.7751 -0.6162 -0.1398
vn 0.6476 -0.7480 -0.1450
vn -0.0957 0.9803 0.1726
vn -0.1016 0.9789 0.1773
vn -0.1334 0.9910 -0.0059
vn -0.1333 0.9911 -0.0060
vn 0.9507 -0.3039 -0.0615
vn -0.6477 -0.7480 -0.1450
vn -0.9507 -0.3039 -0.0615
vn 0.8108 0.5670 -0.1452
vn 0.8108 0.5671 -0.1452
vn -0.7751 -0.6162 -0.1398
vn 0.1333 0.9911 -0.0060
vn 0.1334 0.9910 -0.0059
vn 0.7057 0.6606 -0.2559
vn 0.7404 0.6347 -0.2212
vn -0.7057 0.6606 -0.2559
vn -0.7404 0.6347 -0.2212
vn -0.6139 0.7209 -0.3217
vn -0.6139 0.7208 -0.3217
vn 0.4634 0.7674 -0.4431
vn 0.4635 0.7673 -0.4432
vn 0.0957 0.9803 0.1726
vn 0.1016 0.9789 0.1773
vn -0.4634 0.7674 -0.4431
vn -0.4635 0.7673 -0.4432
vn 0.6139 0.7209 -0.3217
vn 0.6139 0.7208 -0.3217
s 0
f 3629//2537 3630//2537 3627//2537
f 3629//2537 3627//2537 3628//2537
f 3631//2538 3628//2538 3627//2538
f 3624//2539 3625//2539 3620//2539
f 3624//2540 3620//2540 3598//2540
f 3626//2541 3624//2541 3598//2541
f 3626//2542 3598//2542 3623//2542
f 3632//2543 3633//2543 3630//2543
f 3632//2543 3630//2543 3629//2543
f 3640//2544 3638//2544 3637//2544
f 3639//2545 3642//2545 3641//2545
f 3639//2545 3641//2545 3636//2545
f 3634//2546 3635//2546 3610//2546
f 3634//2547 3610//2547 3609//2547
f 3638//2548 3639//2548 3636//2548
f 3638//2548 3636//2548 3637//2548
f 3622//2549 3623//2549 3598//2549
f 3622//2550 3598//2550 3619//2550
f 3607//2551 3608//2551 3605//2551
f 3607//2551 3605//2551 3606//2551
f 3609//2552 3610//2552 3606//2552
f 3609//2552 3606//2552 3605//2552
f 3601//2553 3602//2553 3599//2553
f 3601//2553 3599//2553 3600//2553
f 3600//2554 3604//2554 3603//2554
f 3600//2554 3603//2554 3601//2554
f 3602//2555 3612//2555 3611//2555
f 3602//2556 3611//2556 3599//2556
f 3617//2557 3618//2557 3616//2557
f 3617//2558 3616//2558 3615//2558
f 3620//2559 3621//2559 3619//2559
f 3620//2560 3619//2560 3598//2560
f 3612//2561 3613//2561 3614//2561
f 3612//2562 3614//2562 3611//2562
f 3615//2563 3616//2563 3608//2563
f 3615//2564 3608//2564 3607//2564
o Gun_01_havok_s_armor_15_14
v -0.292671 1.806129 -1.686789
v -0.242217 1.764742 -1.654486
v -0.230796 1.761422 -1.674466
v -0.285247 1.805231 -1.705472
v -0.344963 1.858239 -1.712298
v 0.230796 1.761422 -1.674466
v 0.285247 1.805231 -1.705472
v 0.178503 1.779645 -1.765960
v 0.242217 1.764742 -1.654486
v 0.292672 1.806129 -1.686789
v 0.344963 1.858239 -1.712298
v -0.178503 1.779645 -1.765960
vn -0.5522 0.8140 0.1804
vn -0.5522 0.8140 0.1803
vn -0.6342 0.7423 0.2163
vn 0.4231 0.8113 0.4034
vn 0.5522 0.8140 0.1803
vn 0.5522 0.8140 0.1804
vn 0.6342 0.7423 0.2163
vn -0.4231 0.8113 0.4034
s 0
f 3648//2565 3651//2565 3652//2565
f 3648//2566 3652//2566 3649//2566
f 3652//2567 3653//2567 3649//2567
f 3645//2568 3654//2568 3646//2568
f 3645//2569 3646//2569 3643//2569
f 3645//2570 3643//2570 3644//2570
f 3643//2571 3646//2571 3647//2571
f 3648//2572 3649//2572 3650//2572
o Gun_01_havok_s_armor_16_15
v -0.127432 1.749743 -1.751136
v -0.178503 1.779645 -1.765960
v -0.230796 1.761422 -1.674466
v 0.127432 1.749743 -1.751136
v 0.230796 1.761422 -1.674466
v 0.178504 1.779645 -1.765960
vn -0.3806 0.8408 0.3850
vn 0.3806 0.8408 0.3850
s 0
f 3658//2573 3659//2573 3660//2573
f 3655//2574 3656//2574 3657//2574
o Gun_01_havok_s_armor_17_16
v 0.363171 2.105797 -1.712513
v 0.285875 2.089368 -1.770894
v 0.308098 2.057457 -1.777191
v 0.367082 2.055426 -1.735003
v 0.382639 2.050601 -1.718159
v 0.380637 2.101295 -1.693105
v 0.286794 1.902223 -1.803382
v 0.352258 1.887692 -1.742835
v 0.362878 1.923375 -1.749437
v 0.367121 1.886600 -1.725255
v 0.380076 1.922960 -1.729542
v -0.308098 2.057457 -1.777191
v -0.285875 2.089368 -1.770894
v -0.363171 2.105797 -1.712513
v -0.367082 2.055426 -1.735003
v -0.380637 2.101295 -1.693105
v -0.382639 2.050601 -1.718159
v -0.367121 1.886600 -1.725255
v -0.352258 1.887692 -1.742835
v -0.362878 1.923375 -1.749437
v -0.380076 1.922960 -1.729542
v -0.120383 1.865144 -1.928831
v -0.140316 1.903121 -1.928831
v -0.286794 1.902223 -1.803382
v 0.120383 1.865147 -1.928831
v 0.140316 1.903121 -1.928831
vn 0.7116 0.3269 0.6219
vn 0.7116 0.3268 0.6219
vn 0.7398 -0.3214 0.5912
vn 0.7398 -0.3214 0.5911
vn 0.6146 0.3226 0.7199
vn -0.6146 0.3226 0.7199
vn 0.6057 0.3154 0.7305
vn -0.7398 -0.3214 0.5912
vn -0.7398 -0.3214 0.5911
vn -0.5475 -0.3762 0.7474
vn -0.4653 -0.4718 0.7489
vn -0.6057 0.3154 0.7305
vn 0.5475 -0.3762 0.7474
vn 0.4653 -0.4718 0.7489
vn -0.7116 0.3269 0.6219
vn -0.7116 0.3268 0.6219
s 0
f 3680//2575 3681//2575 3678//2575
f 3680//2576 3678//2576 3679//2576
f 3674//2577 3676//2577 3677//2577
f 3674//2578 3677//2578 3675//2578
f 3682//2579 3683//2579 3684//2579
f 3685//2580 3667//2580 3686//2580
f 3684//2581 3680//2581 3679//2581
f 3665//2582 3666//2582 3661//2582
f 3665//2583 3661//2583 3664//2583
f 3663//2584 3664//2584 3661//2584
f 3663//2585 3661//2585 3662//2585
f 3667//2586 3668//2586 3669//2586
f 3674//2587 3675//2587 3672//2587
f 3674//2588 3672//2588 3673//2588
f 3670//2589 3671//2589 3669//2589
f 3670//2590 3669//2590 3668//2590
o Gun_01_havok_s_armor_18_17
v -0.285875 2.089368 -1.770894
v -0.123512 2.041520 -1.928831
v -0.096393 2.069874 -1.928833
v -0.292341 2.163610 -1.706790
v -0.308098 2.057457 -1.777191
v -0.363171 2.105797 -1.712513
v -0.359853 2.157965 -1.672044
v -0.380637 2.101295 -1.693105
v -0.379950 2.146574 -1.655054
v 0.096406 2.069868 -1.928830
v 0.285875 2.089368 -1.770894
v 0.292341 2.163610 -1.706790
v 0.123512 2.041520 -1.928831
v 0.308098 2.057457 -1.777191
v 0.363171 2.105797 -1.712513
v 0.359854 2.157965 -1.672044
v 0.380637 2.101295 -1.693105
v 0.379950 2.146574 -1.655054
vn -0.5233 -0.5005 0.6896
vn -0.5234 -0.5005 0.6897
vn -0.5065 -0.5378 0.6740
vn -0.7108 -0.4588 0.5332
vn -0.4120 -0.5747 0.7071
vn -0.4119 -0.5747 0.7071
vn 0.5233 -0.5005 0.6896
vn 0.5064 -0.5378 0.6740
vn 0.7108 -0.4588 0.5332
vn 0.4120 -0.5747 0.7071
vn 0.4119 -0.5747 0.7071
s 0
f 3699//2591 3700//2591 3697//2591
f 3699//2592 3697//2592 3696//2592
f 3696//2593 3697//2593 3698//2593
f 3703//2594 3704//2594 3702//2594
f 3703//2594 3702//2594 3701//2594
f 3701//2595 3702//2595 3698//2595
f 3701//2596 3698//2596 3697//2596
f 3687//2597 3691//2597 3688//2597
f 3689//2598 3690//2598 3687//2598
f 3689//2597 3687//2597 3688//2597
f 3693//2599 3695//2599 3694//2599
f 3693//2599 3694//2599 3692//2599
f 3690//2600 3693//2600 3692//2600
f 3690//2601 3692//2601 3687//2601
o Gun_01_havok_s_armor_19_18
v -0.344963 1.858239 -1.712298
v -0.324741 1.857329 -1.739132
v -0.367121 1.886600 -1.725255
v 0.344964 1.858239 -1.712298
v 0.367121 1.886600 -1.725255
v 0.324741 1.857329 -1.739132
vn -0.6040 0.6694 0.4325
vn 0.6040 0.6694 0.4325
s 0
f 3708//2602 3709//2602 3710//2602
f 3705//2603 3706//2603 3707//2603
o Gun_01_havok_s_armor_20_19
v 0.345683 2.230338 -1.593418
v -0.345683 2.230338 -1.593418
v -0.318326 2.255362 -1.573463
v 0.318326 2.255362 -1.573463
v 0.096406 2.069868 -1.928830
v 0.292341 2.163610 -1.706790
v 0.285417 2.224664 -1.632435
v 0.010370 2.105051 -1.928831
v 0.357239 2.197750 -1.631986
v 0.378722 2.187503 -1.611692
v 0.363279 2.226917 -1.567706
v 0.359853 2.157965 -1.672044
v 0.379950 2.146574 -1.655054
v -0.285417 2.224664 -1.632435
v -0.292341 2.163610 -1.706790
v -0.096393 2.069874 -1.928833
v -0.010370 2.105047 -1.928831
v -0.357239 2.197750 -1.631986
v -0.378722 2.187503 -1.611692
v -0.379950 2.146574 -1.655054
v -0.359854 2.157965 -1.672044
v -0.363279 2.226917 -1.567706
v -0.339228 2.251403 -1.542288
v -0.303742 2.278418 -1.523149
v -0.296832 2.271440 -1.562541
v -0.294963 2.278414 -1.541975
v 0.339228 2.251403 -1.542288
v 0.303742 2.278418 -1.523149
v 0.294963 2.278414 -1.541975
v 0.296832 2.271440 -1.562541
vn 0.2910 -0.7725 0.5645
vn 0.2932 -0.7712 0.5651
vn 0.6572 -0.6612 0.3618
vn 0.5060 -0.8303 0.2338
vn 0.5021 -0.8319 0.2364
vn 0.5036 -0.8314 0.2350
vn -0.5021 -0.8318 0.2364
vn -0.5036 -0.8314 0.2350
vn -0.2910 -0.7725 0.5645
vn -0.2932 -0.7712 0.5651
vn -0.5399 -0.8005 0.2603
vn -0.5397 -0.7997 0.2630
vn -0.5060 -0.8303 0.2338
vn -0.6572 -0.6612 0.3618
vn -0.7027 -0.5272 0.4777
vn -0.3065 -0.7495 0.5869
vn -0.2860 -0.7534 0.5920
vn -0.2928 -0.7718 0.5644
vn 0.7027 -0.5272 0.4777
vn 0.5399 -0.8005 0.2603
vn 0.5397 -0.7997 0.2630
vn 0.3064 -0.7495 0.5868
vn 0.3065 -0.7494 0.5868
vn 0.2860 -0.7534 0.5920
vn 0.2928 -0.7718 0.5644
s 0
f 3724//2604 3735//2604 3713//2604
f 3724//2605 3713//2605 3712//2605
f 3712//2606 3732//2606 3729//2606
f 3712//2606 3729//2606 3728//2606
f 3733//2607 3713//2607 3734//2607
f 3713//2608 3735//2608 3736//2608
f 3713//2609 3736//2609 3734//2609
f 3739//2610 3740//2610 3714//2610
f 3739//2611 3714//2611 3738//2611
f 3714//2612 3740//2612 3717//2612
f 3714//2613 3717//2613 3711//2613
f 3721//2614 3737//2614 3714//2614
f 3721//2615 3714//2615 3711//2615
f 3737//2616 3738//2616 3714//2616
f 3720//2617 3721//2617 3711//2617
f 3720//2617 3711//2617 3719//2617
f 3719//2618 3722//2618 3723//2618
f 3719//2618 3723//2618 3720//2618
f 3717//2619 3718//2619 3715//2619
f 3717//2619 3715//2619 3716//2619
f 3717//2620 3716//2620 3719//2620
f 3717//2621 3719//2621 3711//2621
f 3730//2622 3731//2622 3728//2622
f 3730//2622 3728//2622 3729//2622
f 3713//2623 3733//2623 3732//2623
f 3713//2624 3732//2624 3712//2624
f 3726//2625 3727//2625 3724//2625
f 3726//2626 3724//2626 3725//2626
f 3728//2627 3725//2627 3724//2627
f 3728//2628 3724//2628 3712//2628
o Gun_01_havok_s_armor_21_20
v 0.010370 2.105051 -1.928831
v 0.285417 2.224664 -1.632435
v 0.177637 2.237242 -1.631439
v -0.000000 2.106305 -1.928831
v -0.177637 2.237242 -1.631439
v -0.285417 2.224664 -1.632435
v -0.010370 2.105047 -1.928831
vn 0.1073 -0.8847 0.4536
vn 0.0994 -0.8873 0.4503
vn -0.1071 -0.8848 0.4535
vn -0.0994 -0.8873 0.4503
s 0
f 3747//2629 3744//2629 3745//2629
f 3747//2630 3745//2630 3746//2630
f 3743//2631 3744//2631 3741//2631
f 3743//2632 3741//2632 3742//2632
o Gun_01_havok_s_armor_22_21
v -0.177637 2.237242 -1.631439
v 0.000000 2.106305 -1.928831
v 0.177637 2.237242 -1.631439
vn -0.0000 -0.9152 0.4030
s 0
f 3748//2633 3749//2633 3750//2633
o Gun_01_havok_s_armor_23_22
v -0.285417 2.224664 -1.632435
v -0.177637 2.237242 -1.631439
v -0.296832 2.271440 -1.562541
v 0.285417 2.224664 -1.632435
v 0.296832 2.271440 -1.562541
v 0.177637 2.237242 -1.631439
vn -0.0906 -0.8207 0.5641
vn 0.0906 -0.8207 0.5641
s 0
f 3754//2634 3755//2634 3756//2634
f 3751//2635 3752//2635 3753//2635
o Gun_01_havok_s_armor_24_23
v -0.177637 2.237242 -1.631439
v 0.177637 2.237242 -1.631439
v 0.296832 2.271440 -1.562541
v -0.296832 2.271440 -1.562541
vn -0.0000 -0.8957 0.4446
s 0
f 3759//2636 3760//2636 3757//2636
f 3759//2636 3757//2636 3758//2636
o Gun_01_havok_s_armor_25_24
v 0.294963 2.278414 -1.541975
v -0.294963 2.278414 -1.541975
v -0.296832 2.271440 -1.562541
v 0.296832 2.271440 -1.562541
vn -0.0000 -0.9470 0.3211
s 0
f 3763//2637 3764//2637 3761//2637
f 3763//2637 3761//2637 3762//2637
o Gun_01_havok_s_armor_26_25
v -0.303743 2.278418 -1.523149
v -0.294963 2.278414 -1.541975
v -0.276576 2.278417 -1.509063
v 0.294963 2.278414 -1.541975
v 0.276576 2.278417 -1.509063
v 0.303743 2.278418 -1.523149
vn 0.0001 -1.0000 0.0002
vn -0.0000 -1.0000 0.0001
vn -0.0001 -1.0000 0.0002
s 0
f 3770//2638 3769//2638 3768//2638
f 3766//2639 3768//2639 3769//2639
f 3766//2639 3769//2639 3767//2639
f 3765//2640 3766//2640 3767//2640
o Gun_01_havok_s_armor_27_26
v -0.078644 1.719807 -1.560133
v 0.000141 1.712550 -1.553381
v 0.078644 1.719807 -1.560133
v 0.287986 2.262750 -1.497913
v -0.287986 2.262750 -1.497913
v -0.251489 1.788553 -1.632971
v -0.248266 1.779820 -1.632245
v -0.300228 1.821613 -1.667656
v -0.301744 1.830350 -1.666890
v -0.212806 1.767066 -1.609808
v -0.205453 1.754694 -1.606841
v -0.349643 1.868341 -1.698974
v -0.345989 1.877067 -1.693784
v -0.370362 1.895034 -1.710418
v -0.362779 1.901639 -1.702364
v 0.301744 1.830350 -1.666890
v 0.345989 1.877067 -1.693784
v 0.349643 1.868341 -1.698974
v 0.300228 1.821613 -1.667656
v 0.362779 1.901639 -1.702364
v 0.370362 1.895034 -1.710418
v 0.369875 1.927849 -1.704878
v 0.382035 1.927874 -1.716140
v 0.248266 1.779820 -1.632245
v 0.251489 1.788553 -1.632971
v -0.078072 1.706852 -1.578607
v 0.000000 1.696362 -1.576419
v -0.092329 1.731527 -1.565086
v 0.000000 1.724731 -1.557805
v 0.078072 1.706852 -1.578607
v 0.092329 1.731527 -1.565086
v 0.150397 1.735947 -1.581717
v 0.140552 1.721534 -1.596386
v 0.158237 1.746714 -1.584974
v -0.140552 1.721534 -1.596386
v -0.150397 1.735947 -1.581717
v -0.158237 1.746714 -1.584974
v 0.205453 1.754694 -1.606841
v 0.212807 1.767066 -1.609808
v 0.373899 1.979975 -1.705392
v 0.375572 2.036307 -1.693052
v 0.385041 2.039686 -1.700948
v 0.384895 1.979712 -1.715593
v 0.376206 2.089043 -1.667308
v 0.383152 2.092471 -1.672623
v 0.382617 2.135911 -1.634668
v 0.377824 2.133844 -1.630748
v 0.377014 2.167848 -1.586282
v 0.382157 2.171969 -1.588058
v -0.375572 2.036307 -1.693052
v -0.385041 2.039686 -1.700948
v -0.383152 2.092471 -1.672623
v -0.376206 2.089043 -1.667308
v -0.382617 2.135911 -1.634668
v -0.377824 2.133844 -1.630748
v -0.382035 1.927874 -1.716140
v -0.384895 1.979712 -1.715593
v -0.373899 1.979975 -1.705392
v -0.369875 1.927849 -1.704878
v 0.276575 2.278417 -1.509063
v 0.303743 2.278418 -1.523149
v 0.336138 2.246989 -1.505706
v 0.285266 2.249020 -1.496829
v 0.330051 2.231696 -1.504964
v 0.363774 2.217704 -1.529836
v 0.350405 2.208180 -1.524183
v -0.276575 2.278417 -1.509063
v -0.285266 2.249020 -1.496829
v -0.363774 2.217704 -1.529836
v -0.350405 2.208180 -1.524183
v -0.377014 2.167848 -1.586282
v -0.382157 2.171969 -1.588058
v -0.336138 2.246989 -1.505706
v -0.303743 2.278418 -1.523149
v -0.330051 2.231696 -1.504964
vn 0.6696 0.4840 -0.5634
vn 0.6698 0.4839 -0.5632
vn 0.6711 0.3317 -0.6630
vn 0.6712 0.3317 -0.6630
vn 0.6789 0.0452 -0.7329
vn 0.6788 0.0452 -0.7329
vn 0.6669 0.1783 -0.7235
vn 0.6753 0.1130 -0.7289
vn 0.6755 0.1130 -0.7287
vn -0.6788 0.0452 -0.7329
vn -0.6669 0.1783 -0.7235
vn -0.6711 0.3317 -0.6630
vn -0.6712 0.3317 -0.6630
vn -0.6449 0.6014 -0.4716
vn -0.6450 0.6013 -0.4715
vn -0.6696 0.4840 -0.5634
vn -0.6698 0.4839 -0.5633
vn -0.3308 -0.6952 -0.6382
vn -0.3309 -0.6952 -0.6382
vn 0.6449 0.6014 -0.4717
vn 0.6450 0.6013 -0.4715
vn 0.6170 0.5124 -0.5973
vn 0.6173 0.5121 -0.5972
vn 0.3308 -0.6952 -0.6382
vn 0.3309 -0.6952 -0.6382
vn 0.5369 0.1736 -0.8256
vn 0.5137 0.2307 -0.8263
vn 0.1711 0.0203 -0.9850
vn 0.1734 -0.0433 -0.9839
vn -0.5137 0.2307 -0.8263
vn -0.5369 0.1736 -0.8256
vn -0.1711 0.0203 -0.9850
vn -0.1734 -0.0433 -0.9839
vn -0.6173 0.5121 -0.5972
vn -0.6170 0.5124 -0.5973
vn -0.0000 -0.0787 -0.9969
vn -0.0000 -0.5798 -0.8147
vn -0.6753 0.1130 -0.7289
vn -0.6755 0.1130 -0.7287
vn -0.6403 0.1765 -0.7476
vn -0.6403 0.1765 -0.7475
vn -0.6477 0.1774 -0.7410
vn -0.6476 0.1774 -0.7410
vn 0.0491 -0.3397 -0.9393
vn 0.0491 -0.3405 -0.9390
vn 0.1250 0.8114 -0.5709
vn 0.1236 0.8143 -0.5672
vn 0.5651 0.1409 -0.8129
vn 0.5651 0.1410 -0.8129
vn 0.6476 0.1774 -0.7410
vn 0.6477 0.1774 -0.7410
vn 0.6405 0.1763 -0.7474
vn 0.6407 0.1767 -0.7472
vn -0.6407 0.1767 -0.7472
vn -0.6405 0.1764 -0.7474
vn 0.6403 0.1765 -0.7476
vn 0.6403 0.1765 -0.7475
vn -0.1251 0.8121 -0.5699
vn -0.1240 0.8142 -0.5672
vn 0.2674 -0.0953 -0.9589
vn 0.3344 0.7764 -0.5341
vn 0.4250 0.0359 -0.9045
vn 0.4249 0.0357 -0.9045
vn -0.5651 0.1410 -0.8129
vn -0.4249 0.0357 -0.9045
vn -0.4250 0.0359 -0.9045
vn -0.3355 0.7747 -0.5360
vn -0.2676 -0.0928 -0.9590
vn -0.0491 -0.3397 -0.9393
vn -0.0492 -0.3415 -0.9386
vn -0.3344 0.7764 -0.5341
vn 0.3355 0.7747 -0.5360
vn 0.2676 -0.0928 -0.9590
vn -0.2674 -0.0953 -0.9589
s 0
f 3824//2641 3825//2641 3823//2641
f 3824//2642 3823//2642 3822//2642
f 3822//2643 3823//2643 3820//2643
f 3822//2644 3820//2644 3821//2644
f 3828//2645 3829//2645 3826//2645
f 3828//2646 3826//2646 3827//2646
f 3828//2647 3827//2647 3821//2647
f 3828//2647 3821//2647 3820//2647
f 3784//2648 3826//2648 3829//2648
f 3784//2649 3829//2649 3785//2649
f 3810//2650 3813//2650 3793//2650
f 3810//2650 3793//2650 3792//2650
f 3812//2651 3813//2651 3810//2651
f 3812//2651 3810//2651 3811//2651
f 3811//2652 3814//2652 3815//2652
f 3811//2653 3815//2653 3812//2653
f 3817//2654 3818//2654 3819//2654
f 3817//2655 3819//2655 3816//2655
f 3814//2656 3817//2656 3816//2656
f 3814//2657 3816//2657 3815//2657
f 3831//2658 3832//2658 3774//2658
f 3831//2659 3774//2659 3830//2659
f 3842//2660 3841//2660 3825//2660
f 3842//2661 3825//2661 3824//2661
f 3841//2662 3842//2662 3839//2662
f 3841//2663 3839//2663 3840//2663
f 3775//2664 3843//2664 3844//2664
f 3775//2665 3844//2665 3837//2665
f 3839//2666 3843//2666 3845//2666
f 3839//2667 3845//2667 3840//2667
f 3838//2668 3845//2668 3843//2668
f 3838//2669 3843//2669 3775//2669
f 3835//2670 3836//2670 3834//2670
f 3835//2671 3834//2671 3832//2671
f 3832//2672 3834//2672 3833//2672
f 3832//2673 3833//2673 3774//2673
f 3818//2674 3836//2674 3835//2674
f 3818//2675 3835//2675 3819//2675
f 3833//2676 3838//2676 3775//2676
f 3833//2676 3775//2676 3774//2676
f 3837//2677 3830//2677 3774//2677
f 3837//2677 3774//2677 3775//2677
f 3792//2678 3793//2678 3791//2678
f 3792//2679 3791//2679 3790//2679
f 3787//2680 3790//2680 3791//2680
f 3787//2681 3791//2681 3788//2681
f 3789//2682 3794//2682 3795//2682
f 3789//2683 3795//2683 3786//2683
f 3771//2684 3798//2684 3799//2684
f 3771//2685 3799//2685 3772//2685
f 3772//2686 3797//2686 3796//2686
f 3772//2687 3796//2687 3771//2687
f 3780//2688 3781//2688 3777//2688
f 3780//2689 3777//2689 3776//2689
f 3778//2690 3779//2690 3776//2690
f 3778//2691 3776//2691 3777//2691
f 3782//2692 3783//2692 3779//2692
f 3782//2693 3779//2693 3778//2693
f 3788//2694 3789//2694 3786//2694
f 3788//2695 3786//2695 3787//2695
f 3784//2696 3785//2696 3783//2696
f 3784//2697 3783//2697 3782//2697
f 3800//2698 3797//2698 3772//2698
f 3800//2699 3772//2699 3773//2699
f 3807//2700 3798//2700 3806//2700
f 3771//2701 3796//2701 3805//2701
f 3807//2702 3806//2702 3781//2702
f 3807//2703 3781//2703 3780//2703
f 3794//2704 3808//2704 3809//2704
f 3794//2704 3809//2704 3795//2704
f 3804//2705 3809//2705 3808//2705
f 3804//2706 3808//2706 3802//2706
f 3802//2707 3803//2707 3773//2707
f 3802//2708 3773//2708 3801//2708
f 3799//2709 3801//2709 3773//2709
f 3799//2710 3773//2710 3772//2710
f 3803//2711 3800//2711 3773//2711
f 3771//2712 3805//2712 3806//2712
f 3771//2713 3806//2713 3798//2713
f 3804//2714 3802//2714 3801//2714
o Gun_01_havok_s_armor_28_27
v 0.357239 2.197750 -1.631986
v 0.292341 2.163610 -1.706790
v 0.359854 2.157965 -1.672044
v -0.357239 2.197750 -1.631986
v -0.359854 2.157965 -1.672044
v -0.292341 2.163610 -1.706790
vn 0.3841 -0.6675 0.6379
vn -0.3841 -0.6675 0.6379
s 0
f 3849//2715 3850//2715 3851//2715
f 3846//2716 3847//2716 3848//2716
