# Blender 5.1.0
# www.blender.org
o Chassis_havok_s_leftTrack_0
v -1.390988 1.053292 0.763574
v -1.571295 1.053292 0.783494
v -1.571295 1.038826 0.746799
v -1.282268 1.053292 0.761477
v -1.282268 1.053025 1.653689
v -1.362608 1.053025 1.653689
v -1.571295 1.053025 1.640060
v -1.391977 1.053025 1.561428
v -1.362043 1.053292 0.854787
v -1.571295 1.053292 0.841158
v -1.571295 1.053025 1.582396
v -1.282268 1.053025 1.560379
v -1.282268 1.053292 0.854787
v -1.282268 1.013107 0.905112
v -1.571295 1.030387 0.884143
v -1.282268 1.013107 0.711153
v -1.571295 1.030387 1.683045
v -1.571295 1.038826 1.545701
v -1.282268 1.013107 1.510055
v -1.282268 1.013107 1.704014
v -1.571295 0.991809 1.492231
v -1.282268 0.783516 0.843255
v -1.282268 0.783516 0.773010
v -1.571295 0.779095 0.800269
v -1.571295 0.793160 0.869465
v -1.571295 0.840177 0.922935
v -1.571295 0.907554 0.944952
v -1.282268 0.880496 0.940759
v -1.282268 0.819013 0.905112
v -1.571295 0.977208 0.931323
v -1.282268 0.951490 0.940759
v -1.282268 0.951490 0.675506
v -1.571295 0.854911 0.684942
v -1.571295 0.801733 0.732121
v -1.282268 0.819013 0.711153
v -1.282268 0.880496 0.675506
v -1.571295 0.924566 0.671313
v -1.571295 0.991809 0.694378
v -1.571295 0.924566 1.470214
v -1.571295 0.854911 1.483844
v -1.282268 0.880496 1.474408
v -1.282268 0.951490 1.474408
v -1.282268 0.880496 1.739660
v -1.282268 0.819013 1.704014
v -1.571295 0.840177 1.720788
v -1.571295 0.907554 1.743854
v -1.282268 0.951490 1.739660
v -1.571295 0.977208 1.730224
v -1.571295 0.793160 1.668367
v -1.282268 0.783516 1.642156
v -1.282268 0.783516 1.571912
v -1.571295 0.779095 1.598122
v -1.282268 0.819013 1.510055
v -1.571295 0.801733 1.531023
v -1.285814 0.070063 -2.003154
v -1.285814 0.360108 -2.335077
v -1.285814 0.283302 -2.316339
v -1.285814 0.213233 -2.279756
v -1.285814 0.153943 -2.227113
v -1.565316 0.070063 -2.003154
v -1.565316 0.360108 -2.335077
v -1.565316 0.283302 -2.316339
v -1.565316 0.213233 -2.279756
v -1.565316 0.153943 -2.227113
v -1.565316 0.101392 -2.160193
v -1.285814 0.101392 -2.160193
v -1.149570 0.045977 -2.222651
v -1.701829 0.045977 -2.222651
v -1.701829 0.015321 -2.115580
v -1.149570 0.015321 -2.115580
v -1.701829 0.112172 -2.197668
v -1.149570 0.112172 -2.197668
v -1.565316 0.082695 -2.095057
v -1.701829 0.082695 -2.095057
v -1.149570 0.082695 -2.095057
v -1.285814 0.082695 -2.095057
v -1.565316 0.109140 -1.856822
v -1.565316 0.081011 -1.930881
v -1.285814 0.070063 -1.973709
v -1.285814 0.081011 -1.930881
v -1.285814 0.360108 -1.683723
v -1.285814 0.283302 -1.702461
v -1.285814 0.213233 -1.739043
v -1.565316 0.360108 -1.683723
v -1.565316 0.283302 -1.702461
v -1.565316 0.213233 -1.739043
v -1.285814 0.153943 -1.791687
v -1.565316 0.153943 -1.791687
v -1.565316 0.153943 -1.422289
v -1.565316 0.213233 -1.474933
v -1.565316 0.283302 -1.511516
v -1.565316 0.360108 -1.530253
v -1.285814 0.109140 -1.856822
v -1.701829 0.375490 3.151224
v -1.149553 0.375490 3.151224
v -1.149553 0.042894 2.220551
v -1.701829 0.042894 2.220551
v -1.149553 0.234421 2.550329
v -1.149553 0.120562 2.201525
v -1.701829 0.234421 2.550329
v -1.701829 0.120562 2.201525
v -1.285789 0.439156 2.317265
v -1.565287 0.439156 2.317265
v -1.565287 0.516031 2.298239
v -1.285789 0.516031 2.298239
v -1.285789 0.360168 2.317265
v -1.565287 0.360168 2.317265
v -1.285789 0.213287 2.261773
v -1.565287 0.213287 2.261773
v -1.565287 0.283293 2.298239
v -1.285789 0.283293 2.298239
v -1.565287 0.154112 2.209453
v -1.149553 0.439684 3.129027
v -1.701829 0.439684 3.129027
v -1.076547 0.554600 3.343066
v -1.076547 0.500444 3.308186
v -1.701829 0.500444 3.308186
v -1.076547 0.463196 3.276476
v -1.701829 0.463196 3.276476
v -1.701829 0.511275 3.230497
v -1.701829 0.470857 3.184519
v -1.076547 0.511275 3.230497
v -1.076547 0.470857 3.184519
v -1.149553 0.453421 3.152809
v -1.076547 0.453421 3.152809
v -1.076547 0.451308 3.265378
v -1.149553 0.410889 3.216228
v -1.701829 0.410889 3.216228
v -1.149553 0.451308 3.265378
v -1.565287 0.074595 2.011268
v -1.565287 0.154112 1.773447
v -1.565287 0.213287 1.721127
v -1.285789 0.213287 1.721127
v -1.285789 0.154112 1.773447
v -1.565287 0.109202 1.838452
v -1.285789 0.109202 1.838452
v -1.285789 0.091767 2.103226
v -1.285789 0.105768 2.150790
v -1.285789 0.154112 2.209453
v -1.565287 0.091767 2.103226
v -1.565287 0.105768 2.150790
v -1.285789 0.074595 2.011268
v -1.285789 0.072218 1.935166
v -1.149553 0.074595 2.011268
v -1.149553 0.091767 2.103226
v -1.565287 0.072218 1.935166
v -1.701829 0.074595 2.011268
v -1.701829 0.091767 2.103226
v -1.701829 0.013835 2.120666
v -1.149553 0.013835 2.120666
v -1.285714 0.069382 1.287251
v -1.285714 0.069750 -0.322655
v -1.285714 0.069615 0.299354
v -1.285714 0.109070 0.239898
v -1.285714 0.069421 1.106594
v -1.285714 0.069557 0.484585
v -1.285714 0.069789 -0.501025
v -1.285714 0.109070 -0.258624
v -1.285714 0.109070 -0.565055
v -1.285714 0.109070 -1.052143
v -1.565239 0.109070 -1.052143
v -1.565239 0.109070 -0.258624
v -1.285714 0.109070 0.544042
v -1.282268 0.880515 -0.126082
v -1.282268 0.951482 -0.126082
v -1.571295 0.924517 -0.130288
v -1.571295 0.854892 -0.116619
v -1.364302 1.053438 -0.036706
v -1.354560 1.053706 -0.749613
v -1.571295 0.840269 0.121017
v -1.571295 0.907614 0.143098
v -1.282268 0.880515 0.138892
v -1.282268 0.819073 0.103142
v -1.571295 0.977239 0.129429
v -1.282268 0.951482 0.138892
v -1.282268 1.013058 0.103142
v -1.571295 1.030364 0.082112
v -1.282268 1.013058 -0.091383
v -1.571295 0.991862 -0.108207
v -1.571295 1.038815 -0.054581
v -1.571295 0.801633 -0.069302
v -1.282268 0.819073 -0.091383
v -1.282268 0.783522 -0.029345
v -1.571295 0.779095 -0.002007
v -1.282268 0.783522 0.042156
v -1.571295 0.793181 0.067391
v -1.571295 0.924517 -0.932572
v -1.571295 0.854892 -0.918902
v -1.282268 0.880515 -0.928366
v -1.282268 0.951482 -0.928366
v -1.381387 1.053706 -0.840041
v -1.282268 0.880515 -0.663391
v -1.282268 0.819073 -0.698090
v -1.571295 0.840269 -0.681266
v -1.571295 0.907614 -0.659185
v -1.282268 0.951482 -0.663391
v -1.571295 0.977239 -0.672855
v -1.282268 1.013058 -0.698090
v -1.571295 1.030364 -0.720171
v -1.282268 1.013058 -0.892615
v -1.571295 0.991862 -0.910490
v -1.571295 1.038815 -0.856864
v -1.571295 0.801633 -0.871585
v -1.282268 0.819073 -0.892615
v -1.571295 0.779095 -0.804290
v -1.282268 0.783522 -0.831629
v -1.571295 0.793181 -0.734892
v -1.282268 0.783522 -0.760128
v -1.604998 0.439377 -2.685346
v -1.604998 0.426932 -2.714825
v -1.604998 0.975787 -2.735311
v -1.246995 0.963342 -2.703833
v -1.604998 0.407467 -2.778780
v -1.604998 0.993657 -2.839237
v -1.604998 0.416720 -2.744304
v -1.604998 0.404276 -2.807260
v -1.604998 0.402042 -2.837738
v -1.604998 0.404276 -2.865719
v -1.604998 0.993657 -2.824748
v -1.604998 0.991423 -2.794769
v -1.604998 0.985361 -2.763291
v -1.604998 0.989509 -2.884206
v -1.604998 0.410338 -2.898196
v -1.604998 0.947387 -2.990631
v -1.604998 0.973554 -2.939667
v -1.246995 0.428527 -2.954156
v -1.246995 0.975787 -2.735311
v -1.246995 0.410338 -2.898196
v -1.246995 0.404276 -2.865719
v -1.246995 0.402042 -2.837738
v -1.246995 0.404276 -2.807260
v -1.246995 0.407467 -2.778780
v -1.246995 0.985361 -2.763291
v -1.246995 0.991423 -2.794769
v -1.246995 0.993657 -2.824748
v -1.246995 0.993657 -2.839237
v -1.246995 0.989509 -2.884206
v -1.246995 0.457566 -3.003622
v -1.246995 0.973554 -2.939667
v -1.246995 0.947387 -2.990631
v -1.246995 0.439377 -2.685346
v -1.076547 0.989509 -2.884206
v -1.076547 0.973554 -2.939667
v -1.076547 1.055244 -2.904191
v -1.076547 1.032907 -2.975142
v -1.076547 0.947387 -2.990631
v -1.701829 0.989509 -2.884206
v -1.701829 0.973554 -2.939667
v -1.701829 0.947387 -2.990631
v -1.701829 1.055244 -2.904191
v -1.701829 1.032907 -2.975142
v -1.246995 0.867931 -3.073073
v -1.246995 0.817832 -3.101552
v -1.246995 0.762946 -3.119540
v -1.246995 0.705827 -3.126535
v -1.246995 0.648389 -3.122538
v -1.246995 0.592865 -3.107548
v -1.246995 0.911648 -3.036099
v -1.076547 0.911648 -3.036099
v -1.076547 0.867931 -3.073073
v -1.604998 0.762946 -3.119540
v -1.604998 0.817832 -3.101552
v -1.604998 0.867931 -3.073073
v -1.604998 0.705827 -3.126535
v -1.604998 0.648389 -3.122538
v -1.604998 0.911648 -3.036099
v -1.076547 0.947706 -3.097056
v -1.076547 0.997167 -3.039596
v -1.701829 0.911648 -3.036099
v -1.701829 0.997167 -3.039596
v -1.701829 0.947706 -3.097056
v -1.701829 0.867931 -3.073073
v -1.076547 0.748268 -3.193488
v -1.076547 0.673917 -3.196486
v -1.076547 0.705827 -3.126535
v -1.076547 0.762946 -3.119540
v -1.076547 0.817832 -3.101552
v -1.076547 0.821980 -3.175001
v -1.701829 0.817832 -3.101552
v -1.701829 0.762946 -3.119540
v -1.701829 0.705827 -3.126535
v -1.701829 0.673917 -3.196486
v -1.701829 0.748268 -3.193488
v -1.701829 0.821980 -3.175001
v -1.076547 0.648389 -3.122538
v -1.076547 0.600842 -3.183995
v -1.076547 0.592865 -3.107548
v -1.701829 0.648389 -3.122538
v -1.604998 0.592865 -3.107548
v -1.701829 0.592865 -3.107548
v -1.701829 0.600842 -3.183995
v -1.701829 0.888992 -3.142524
v -1.076547 0.888992 -3.142524
v -1.076547 0.503516 -3.139526
v -1.701829 0.503516 -3.139526
v -1.701829 0.447035 -3.096556
v -1.149553 0.451822 -3.100553
v -1.701829 0.414487 -3.063080
v -1.149553 0.414487 -3.063080
v -1.149553 0.447035 -3.096556
v -1.701829 0.530321 -3.157014
v -1.076547 0.530321 -3.157014
v -1.604998 0.457566 -3.003622
v -1.701829 0.457566 -3.003622
v -1.701829 0.495539 -3.047091
v -1.604998 0.495539 -3.047091
v -1.701829 0.541170 -3.082066
v -1.604998 0.541170 -3.082066
v -1.246995 0.495539 -3.047091
v -1.076547 0.495539 -3.047091
v -1.076547 0.457566 -3.003622
v -1.076547 0.452460 -2.995128
v -1.076547 0.451822 -3.100553
v -1.149553 0.452460 -2.995128
v -1.246995 0.541170 -3.082066
v -1.076547 0.541170 -3.082066
v -1.571397 0.778974 -1.605743
v -1.571397 0.793156 -1.535995
v -1.282123 0.783406 -1.561570
v -1.282123 0.783406 -1.632480
v -1.282123 0.819156 -1.499959
v -1.571397 0.840134 -1.482522
v -1.571397 0.907497 -1.460436
v -1.282123 0.880611 -1.465086
v -1.282123 0.880611 -1.730126
v -1.282123 0.951520 -1.465086
v -1.282123 0.819156 -1.694090
v -1.571397 0.854906 -1.719664
v -1.571397 0.801724 -1.673166
v -1.282123 0.951520 -1.730126
v -1.571397 0.924634 -1.734776
v -1.571397 0.977225 -1.474385
v -1.604998 0.545269 -2.578721
v -1.604998 0.522224 -2.593833
v -1.604998 0.570678 -2.562447
v -1.604998 0.497996 -2.614757
v -1.604998 0.600224 -2.550822
v -1.604998 0.629474 -2.543847
v -1.604998 0.691224 -2.535710
v -1.604998 0.659020 -2.538035
v -1.604998 0.722247 -2.536872
v -1.604998 0.932020 -2.649631
v -1.604998 0.913111 -2.628707
v -1.246995 0.891543 -2.607782
v -1.246995 0.865838 -2.589183
v -1.246995 0.836884 -2.570584
v -1.246995 0.782224 -2.546172
v -1.246995 0.810293 -2.557797
v -1.246995 0.722247 -2.536872
v -1.246995 0.753565 -2.539197
v -1.246995 0.659020 -2.538035
v -1.246995 0.691224 -2.535710
v -1.604998 0.810293 -2.557797
v -1.604998 0.782224 -2.546172
v -1.604998 0.753565 -2.539197
v -1.246995 0.497996 -2.614757
v -1.246995 0.522224 -2.593833
v -1.246995 0.629474 -2.543847
v -1.246995 0.600224 -2.550822
v -1.246995 0.570678 -2.562447
v -1.246995 0.545269 -2.578721
v -1.076547 1.102793 -2.147449
v -1.701829 1.102793 -2.147449
v -1.282123 1.012975 -1.694090
v -1.571397 0.991702 -1.711527
v -1.571397 1.030407 -1.522046
v -1.282123 1.012975 -1.499959
v -1.571397 1.038975 -1.658054
v -1.405225 1.054043 -1.644104
v -1.693582 0.674307 3.313138
v -1.693582 0.614911 3.296182
v -1.693582 0.735643 3.318163
v -1.693582 0.796978 3.311882
v -1.693582 0.855889 3.293042
v -1.693582 0.909952 3.263526
v -1.701829 0.909952 3.263526
v -1.693582 0.957711 3.224590
v -1.701829 0.957711 3.224590
v -1.158411 1.047411 3.002904
v -1.158411 0.614911 3.296182
v -1.158411 0.674307 3.313138
v -1.158411 0.735643 3.318163
v -1.158411 0.796978 3.311882
v -1.158411 0.855889 3.293042
v -1.158411 0.909952 3.263526
v -1.076547 0.811767 3.375311
v -1.076547 0.744855 3.383475
v -1.701829 0.744855 3.383475
v -1.701829 0.811767 3.375311
v -1.701829 0.681096 3.381591
v -1.076547 0.681096 3.381591
v -1.701829 0.873345 3.356471
v -1.076547 0.873345 3.356471
v -1.076547 0.984621 3.288018
v -1.701829 0.984621 3.288018
v -1.076547 0.796978 3.311882
v -1.076547 0.855889 3.293042
v -1.076547 0.735643 3.318163
v -1.076547 0.909952 3.263526
v -1.076547 0.674307 3.313138
v -1.701829 0.796978 3.311882
v -1.701829 0.855889 3.293042
v -1.701829 0.735643 3.318163
v -1.701829 0.674307 3.313138
v -1.701829 0.614911 3.296182
v -1.076547 1.111171 3.065077
v -1.076547 1.095170 3.127877
v -1.701829 1.095170 3.127877
v -1.701829 1.111171 3.065077
v -1.158411 1.026077 3.122225
v -1.158411 1.044260 3.063821
v -1.158411 0.996743 3.176862
v -1.076547 1.066079 3.188166
v -1.076547 1.028502 3.242802
v -1.701829 1.028502 3.242802
v -1.701829 1.066079 3.188166
v -1.701829 1.044260 3.063821
v -1.701829 0.996743 3.176862
v -1.701829 1.026077 3.122225
v -1.693582 0.996743 3.176862
v -1.693582 1.026077 3.122225
v -1.693582 1.044260 3.063821
v -1.076547 0.957711 3.224590
v -1.076547 0.996743 3.176862
v -1.158411 0.957711 3.224590
v -1.076547 1.026077 3.122225
v -1.076547 1.044260 3.063821
v -1.693582 0.949226 2.771170
v -1.158411 0.949226 2.771170
v -1.158411 1.002561 2.833343
v -1.693582 1.002561 2.833343
v -1.693582 0.912134 2.741026
v -1.158411 0.912134 2.741026
v -1.693582 1.025592 2.879815
v -1.565239 0.516044 0.083933
v -1.565239 0.439269 0.067118
v -1.565239 0.360127 0.067118
v -1.285714 0.516044 0.083933
v -1.285714 0.439269 0.067118
v -1.285714 0.360127 0.067118
v -1.285714 0.283352 0.083933
v -1.285714 0.213234 0.122367
v -1.565239 0.213234 0.662844
v -1.285714 0.213234 0.662844
v -1.565239 0.213234 0.122367
v -1.565239 0.283352 0.083933
v -1.565239 0.516044 0.698876
v -1.565239 0.439269 0.718093
v -1.565239 0.360127 0.718093
v -1.565239 0.283352 0.698876
v -1.285714 0.283352 0.698876
v -1.285714 0.360127 0.718093
v -1.285714 0.439269 0.718093
v -1.285714 0.516044 0.698876
v -1.565239 0.283352 0.891046
v -1.285714 0.283352 0.891046
v -1.285714 0.360127 0.871829
v -1.565239 0.360127 0.871829
v -1.285714 0.439269 0.871829
v -1.565239 0.439269 0.871829
v -1.285714 0.439269 1.522803
v -1.285714 0.213234 0.927077
v -1.285714 0.360127 1.522803
v -1.285714 0.283352 1.503586
v -1.285714 0.213234 1.467555
v -1.565239 0.213234 1.467555
v -1.565239 0.516044 1.503586
v -1.565239 0.439269 1.522803
v -1.565239 0.360127 1.522803
v -1.565239 0.283352 1.503586
v -1.285714 0.516044 0.891046
v -1.565239 0.213234 0.927077
v -1.565239 0.516044 0.891046
v -1.285714 0.516044 1.503586
v -1.285714 0.516044 -0.718375
v -1.285714 0.439269 -0.737592
v -1.285714 0.360127 -0.737592
v -1.285714 0.283352 -0.718375
v -1.285714 0.213234 -0.682344
v -1.285714 0.213234 -0.141866
v -1.565239 0.516044 -0.105835
v -1.565239 0.439269 -0.086618
v -1.565239 0.360127 -0.086618
v -1.565239 0.283352 -0.105835
v -1.565239 0.516044 -0.718375
v -1.565239 0.213234 -0.682344
v -1.565239 0.283352 -0.718375
v -1.565239 0.439269 -0.737592
v -1.565239 0.360127 -0.737592
v -1.285714 0.360127 -0.879318
v -1.565239 0.360127 -0.879318
v -1.565239 0.439269 -0.879318
v -1.285714 0.439269 -0.879318
v -1.285714 0.283352 -0.105835
v -1.285714 0.360127 -0.086618
v -1.285714 0.439269 -0.086618
v -1.285714 0.516044 -0.105835
v -1.565239 0.516044 -0.898534
v -1.565239 0.283352 -0.898534
v -1.285714 0.213234 -0.934566
v -1.285714 0.516044 -0.898534
v -1.285714 0.283352 -0.898534
v -1.076547 1.117875 3.004314
v -1.701829 1.117875 3.004314
v -1.701829 1.124407 -1.663652
v -1.076547 1.124407 -1.663652
v -1.076547 1.047295 3.002731
v -1.076547 1.053918 -1.659723
v -1.282268 1.053914 -1.646055
v -1.282268 1.053890 -1.548671
v -1.282268 1.053707 -0.840977
v -1.701829 1.047295 3.002731
v -1.571295 1.053893 -1.562077
v -1.571295 1.053909 -1.624287
v -1.701829 1.053918 -1.659723
v -1.571295 1.053701 -0.818513
v -1.340437 1.053476 0.049777
v -1.571295 1.053480 0.035298
v -1.282268 1.053477 0.049402
v -1.158327 1.047471 2.962299
v -1.693499 1.047471 2.962299
v -1.571295 1.053687 -0.764045
v -1.571295 1.053493 -0.013993
v -1.282268 1.053683 -0.750252
v -1.282268 1.053499 -0.037062
v -1.565240 0.690263 0.544368
v -1.285714 0.690263 0.544368
v -1.285714 0.645319 0.609480
v -1.565239 0.645319 0.609480
v -1.565240 0.718318 0.470391
v -1.285714 0.718318 0.470391
v -1.285714 0.586099 0.661945
v -1.565239 0.586099 0.661945
v -1.565239 0.718318 0.313310
v -1.285714 0.718318 0.313310
v -1.285714 0.727855 0.391852
v -1.565240 0.727855 0.391852
v -1.565239 0.690263 0.239334
v -1.285714 0.690263 0.239334
v -1.285714 0.645319 0.979379
v -1.565240 0.645319 0.979379
v -1.565240 0.586099 0.926914
v -1.285714 0.586099 0.926914
v -1.285714 0.690263 1.044492
v -1.565239 0.690263 1.044492
v -1.285714 0.718318 1.118468
v -1.565239 0.718318 1.118468
v -1.285714 0.727855 1.197007
v -1.565240 0.727855 1.197007
v -1.285714 0.718318 1.275548
v -1.565240 0.718318 1.275548
v -1.285714 0.645319 1.414637
v -1.565239 0.645319 1.414637
v -1.565240 0.690263 1.349525
v -1.285714 0.690263 1.349525
v -1.285714 0.586099 1.467102
v -1.565239 0.586099 1.467102
v -1.565240 0.586099 1.721127
v -1.285714 0.586099 1.721127
v -1.285714 0.645319 1.773591
v -1.565240 0.645319 1.773591
v -1.285714 0.690263 1.838703
v -1.565239 0.690263 1.838703
v -1.565240 0.690263 2.143736
v -1.285714 0.690263 2.143736
v -1.285714 0.645319 2.208848
v -1.565239 0.645319 2.208848
v -1.565240 0.718318 2.069760
v -1.285714 0.718318 2.069760
v -1.285714 0.586099 2.261313
v -1.565239 0.586099 2.261313
v -1.285714 0.727855 1.991220
v -1.565240 0.727855 1.991220
v -1.565239 0.718318 1.912679
v -1.285714 0.718318 1.912679
v -1.693499 0.705855 2.686199
v -1.158327 0.705855 2.686199
v -1.158327 0.790600 2.690384
v -1.693499 0.790600 2.690384
v -1.693499 0.660902 2.693900
v -1.158327 0.660902 2.693900
v -1.158327 0.837350 2.702276
v -1.693499 0.837350 2.702276
v -1.158327 0.583846 2.723246
v -1.693499 0.583846 2.723246
v -1.285714 0.690263 -2.161798
v -1.285714 0.645319 -2.226910
v -1.285714 0.718318 -2.087822
v -1.285714 0.718318 -1.930741
v -1.285714 0.727855 -2.009281
v -1.285714 0.586099 -2.279375
v -1.285714 0.516044 -2.316143
v -1.285714 0.439225 -2.335077
v -1.565239 0.690263 -2.161798
v -1.565239 0.718318 -2.087822
v -1.565240 0.645319 -2.226910
v -1.565240 0.727855 -2.009281
v -1.565240 0.718318 -1.930741
v -1.565239 0.516044 -2.316143
v -1.565240 0.586099 -2.279375
v -1.565239 0.439225 -2.335077
v -1.149570 0.000226 -2.016017
v -1.701829 0.000226 -2.016017
v -1.701829 0.070126 -2.003187
v -1.149570 0.070126 -2.003187
v -1.565240 0.070120 -1.974063
v -1.604954 0.413393 -2.917943
v -1.701829 0.428472 -2.953982
v -1.604954 0.428472 -2.953982
v -1.701829 0.371225 -2.997291
v -1.149570 0.428472 -2.953982
v -1.149570 0.371225 -2.997291
v -1.246999 0.413393 -2.917943
v -1.285714 0.516044 -1.702420
v -1.285714 0.586099 -1.739188
v -1.285714 0.645319 -1.791652
v -1.285714 0.439226 -1.683486
v -1.285714 0.690263 -1.856765
v -1.565239 0.586099 -1.739188
v -1.565240 0.516044 -1.702420
v -1.565239 0.645319 -1.791652
v -1.565240 0.439226 -1.683486
v -1.565240 0.690263 -1.856765
v -1.285714 0.154014 -1.422289
v -1.285714 0.213234 -1.474753
v -1.285714 0.283289 -1.511521
v -1.565239 0.109070 -1.357176
v -1.285714 0.109070 -1.357176
v -1.285714 0.360108 -1.530456
v -1.285714 0.439225 -1.530456
v -1.565239 0.439225 -1.530456
v -1.565239 0.516044 -1.511521
v -1.565240 0.586099 -1.474753
v -1.565240 0.645319 -1.422289
v -1.565239 0.069966 -1.294950
v -1.285714 0.069966 -1.294950
v -1.285714 0.069925 -1.114435
v -1.693499 0.541545 2.750704
v -1.158327 0.541545 2.750704
v -1.158327 0.439797 3.129319
v -1.158327 0.429547 3.100386
v -1.693499 0.429547 3.100386
v -1.693499 0.439797 3.129319
v -1.693499 0.456292 2.849343
v -1.693499 0.425878 2.928030
v -1.158327 0.425878 2.928030
v -1.158327 0.456292 2.849343
v -1.693499 0.419792 2.976170
v -1.158327 0.419792 2.976170
v -1.693499 0.424131 3.058842
v -1.158327 0.424131 3.058842
v -1.158327 0.481782 2.809488
v -1.693499 0.481782 2.809488
v -1.701829 0.554600 3.343066
v -1.076547 0.615776 3.367212
v -1.701829 0.615776 3.367212
v -1.701829 0.559907 3.268609
v -1.693499 0.511282 3.230680
v -1.693499 0.559907 3.268609
v -1.693499 0.470911 3.184260
v -1.076547 0.559907 3.268609
v -1.076547 0.614911 3.296492
v -1.158327 0.559907 3.268609
v -1.158327 0.511282 3.230680
v -1.158327 0.470911 3.184260
v -1.565239 0.516044 1.684360
v -1.565239 0.360108 1.665425
v -1.565239 0.439225 1.665425
v -1.565239 0.283289 1.684360
v -1.285714 0.283289 1.684360
v -1.285714 0.516044 1.684360
v -1.285714 0.439225 1.665425
v -1.285714 0.360108 1.665425
v -1.149570 0.069256 1.844429
v -1.149570 -0.000778 2.015714
v -1.701829 0.069256 1.844429
v -1.701829 -0.000778 2.015714
v -1.565240 0.069382 1.287251
v -1.565239 0.069606 0.299576
v -1.565240 0.069746 -0.323050
v -1.565239 0.109070 0.239334
v -1.565239 0.069786 -0.501198
v -1.565240 0.069925 -1.114435
v -1.565239 0.109070 -0.564608
v -1.565239 0.069423 1.106700
v -1.565240 0.069564 0.484063
v -1.565240 0.109070 0.544368
v -1.285714 0.109070 1.349525
v -1.565240 0.109070 1.349525
v -1.565239 0.109070 1.044492
v -1.285714 0.109070 1.044492
v -1.285714 0.154014 0.174222
v -1.565240 0.154014 0.174222
v -1.565239 0.154014 0.609480
v -1.285714 0.154014 0.609480
v -1.565239 0.154014 -0.194461
v -1.285714 0.154014 -0.194461
v -1.285714 0.154014 -0.629720
v -1.565240 0.154014 -0.629720
v -1.285714 0.154014 -0.987031
v -1.565239 0.154014 -0.987031
v -1.565239 0.213234 -0.141998
v -1.565239 0.213234 -0.934566
v -1.285714 0.154014 0.979379
v -1.565240 0.154014 0.979379
v -1.565239 0.154014 1.414637
v -1.285714 0.154014 1.414637
v -1.285714 0.645319 -0.194463
v -1.565239 0.645319 -0.194463
v -1.565240 0.690263 -0.259575
v -1.285714 0.690263 -0.259575
v -1.565240 0.718318 -0.333551
v -1.285714 0.718318 -0.333551
v -1.285714 0.586099 -0.141998
v -1.565239 0.586099 -0.141998
v -1.565239 0.718318 -0.490632
v -1.285714 0.718318 -0.490632
v -1.285714 0.727855 -0.412091
v -1.565240 0.727855 -0.412091
v -1.565239 0.690263 -0.564608
v -1.285714 0.690263 -0.564608
v -1.285714 0.645319 0.174222
v -1.565240 0.645319 0.174222
v -1.565240 0.586099 0.121757
v -1.285714 0.586099 0.121757
v -1.565240 0.690263 -1.052145
v -1.285714 0.690263 -1.052145
v -1.285714 0.645319 -0.987031
v -1.565239 0.645319 -0.987031
v -1.565240 0.718318 -1.126121
v -1.285714 0.718318 -1.126121
v -1.285714 0.586099 -0.934567
v -1.565239 0.586099 -0.934567
v -1.565239 0.718318 -1.283200
v -1.285714 0.718318 -1.283200
v -1.285714 0.727855 -1.204660
v -1.565240 0.727855 -1.204660
v -1.565239 0.690263 -1.357176
v -1.285714 0.690263 -1.357176
v -1.375312 1.053890 -1.548894
v -1.285714 0.645319 -0.629720
v -1.565240 0.645319 -0.629720
v -1.565240 0.586099 -0.682185
v -1.285714 0.586099 -0.682185
v -1.604954 0.454514 -2.662820
v -1.604954 0.963407 -2.703897
v -1.604954 0.474227 -2.638455
v -1.246999 0.950080 -2.676896
v -1.604954 0.950080 -2.676896
v -1.246999 0.416816 -2.744075
v -1.246999 0.913185 -2.628206
v -1.246999 0.932049 -2.649631
v -1.246999 0.426842 -2.714941
v -1.246999 0.454515 -2.662820
v -1.246999 0.474227 -2.638455
v -1.076547 0.994559 -2.828110
v -1.076547 1.062516 -2.834007
v -1.701829 0.994559 -2.828110
v -1.701829 1.062516 -2.834007
v -1.285714 0.645319 -1.422289
v -1.285714 0.586099 -1.474753
v -1.285714 0.516044 -1.511521
v -1.604954 0.891515 -2.607879
v -1.604954 0.865807 -2.588989
v -1.604954 0.836972 -2.571143
v -1.693499 1.047295 3.002731
v -1.158327 1.047082 2.959439
v -1.693499 1.047082 2.959439
v -1.158327 1.025632 2.879517
vn 1.0000 -0.0000 -0.0000
vn -0.0133 -0.5007 0.8655
vn 0.0165 -0.3244 0.9458
vn 0.0146 0.6636 0.7480
vn -0.0162 0.5015 0.8650
vn 0.0152 0.9489 0.3152
vn -0.0157 0.8672 0.4977
vn -1.0000 -0.0000 -0.0000
vn -0.0135 0.5015 -0.8650
vn 0.0166 0.3238 -0.9460
vn -0.0145 -0.0000 -0.9999
vn 0.0150 -0.1920 -0.9813
vn 0.0146 -0.6636 -0.7480
vn -0.0163 -0.5007 -0.8655
vn -0.0145 -0.0000 0.9999
vn 0.0150 0.1920 0.9813
vn 0.0161 -0.7443 0.6676
vn 0.0149 -0.1920 -0.9813
vn -0.0162 0.8672 -0.4977
vn 0.0143 0.7509 -0.6603
vn -0.0000 -0.6631 0.7485
vn -0.0000 -0.8230 0.5681
vn 0.0153 0.3106 -0.9504
vn -0.0166 0.5015 -0.8650
vn -0.0000 -0.9350 -0.3546
vn -0.0000 -0.6631 -0.7485
vn -0.0000 -0.9927 0.1205
vn -0.0000 -0.8230 -0.5681
vn -0.0000 0.1689 0.9856
vn -0.0000 0.1688 0.9856
vn -0.0000 -0.2465 0.9691
vn -0.0000 0.3559 0.9345
vn -0.0000 -0.9927 -0.1205
vn -0.0000 -0.9350 0.3546
vn -0.0000 -0.0493 0.9988
vn 0.0158 0.7443 -0.6676
vn 0.0149 0.9804 -0.1963
vn -0.0153 0.9999 -0.0000
vn 0.0145 0.9474 0.3196
vn -0.0165 -0.5007 0.8655
vn 0.0152 -0.3111 0.9502
vn -0.0416 0.9991 0.0003
vn -0.0459 0.9989 -0.0000
vn -0.0399 0.9992 0.0004
vn -0.0013 1.0000 0.0041
vn -0.0439 0.9990 -0.0000
vn -0.0000 1.0000 0.0004
vn -0.0415 0.9991 0.0003
vn 0.0001 1.0000 0.0042
vn 0.0278 0.9996 -0.0000
vn -0.0016 -0.7827 -0.6224
vn -0.0000 -0.7814 -0.6240
vn 0.0306 -0.8821 -0.4700
vn 0.0263 0.9997 0.0003
vn 0.0264 0.9997 0.0003
vn 0.0252 0.9997 0.0004
vn 0.0292 0.9996 -0.0000
vn -0.0414 0.9991 0.0003
vn -0.0003 1.0000 0.0014
vn -0.0000 -1.0000 -0.0014
vn 0.0001 1.0000 0.0014
vn -0.0000 1.0000 0.0003
vn -0.0000 1.0000 0.0042
vn -0.0003 1.0000 0.0042
vn 0.0405 -0.9295 0.3665
vn 0.0146 0.9799 -0.1992
vn 0.0073 -0.7820 0.6232
vn 0.0059 -0.7834 0.6214
vn 0.0120 -0.7814 0.6239
vn 0.0059 -0.7877 0.6160
vn 0.0304 -0.8844 -0.4658
vn 0.0422 -0.9318 0.3605
vn 0.0146 -0.7509 0.6603
vn -0.0020 -0.7850 -0.6195
vn -0.0000 -0.7835 -0.6214
vn 1.0000 -0.0000 -0.0002
vn 1.0000 -0.0010 0.0009
vn -1.0000 0.0001 0.0001
vn 1.0000 -0.0001 -0.0001
vn -0.0000 0.4628 -0.8865
vn -0.0000 0.2370 -0.9715
vn 1.0000 -0.0001 -0.0000
vn -0.0000 0.6640 -0.7478
vn -0.0000 0.6640 0.7478
vn -0.0000 0.4628 0.8865
vn 0.0001 -0.9226 -0.3858
vn -0.0000 -0.9226 -0.3858
vn -1.0000 0.0001 0.0002
vn -1.0000 0.0013 -0.0011
vn -0.0000 0.2370 0.9715
vn -0.0000 -0.0000 1.0000
vn 0.0004 -1.0000 -0.0001
vn -0.0000 -1.0000 -0.0002
vn -0.0000 0.8239 -0.5667
vn 1.0000 -0.0006 -0.0012
vn 1.0000 -0.0027 -0.0030
vn -0.0000 -1.0000 -0.0001
vn -0.0002 -1.0000 -0.0002
vn -0.0000 0.9348 -0.3551
vn 1.0000 -0.0002 -0.0007
vn -0.0006 0.4647 0.8855
vn -0.0000 0.8230 0.5681
vn -0.0002 0.8234 0.5675
vn -0.0000 0.0030 -1.0000
vn -0.0002 0.6631 0.7485
vn -0.0005 0.6640 0.7478
vn 1.0000 -0.0010 -0.0019
vn -0.0000 0.2393 0.9709
vn 0.0007 0.2370 0.9715
vn -0.0000 0.0026 1.0000
vn 0.0007 -0.0000 1.0000
vn -0.0000 0.7865 0.6176
vn 1.0000 -0.0000 0.0002
vn 1.0000 -0.0010 -0.0009
vn -0.0000 0.9887 0.1499
vn -0.0000 -0.9611 -0.2761
vn -0.0002 -0.9612 -0.2759
vn -0.0000 0.9614 0.2752
vn -0.0000 -0.9610 -0.2764
vn 1.0000 -0.0001 0.0001
vn -1.0000 0.0001 -0.0002
vn -1.0000 0.0001 -0.0001
vn -1.0000 0.0013 0.0011
vn -1.0000 0.0002 -0.0000
vn 0.0005 -1.0000 -0.0000
vn 0.0005 0.9688 -0.2477
vn -0.0000 0.9696 -0.2446
vn 0.9999 -0.0139 0.0053
vn 0.9999 0.0099 -0.0026
vn -0.0005 -1.0000 0.0020
vn -0.0000 0.9220 0.3871
vn -0.0000 -0.9225 -0.3860
vn -0.0001 -0.9226 -0.3858
vn -0.0004 -0.9908 -0.1356
vn -0.0000 -0.9907 -0.1362
vn -0.0000 -0.9612 -0.2759
vn 0.0001 -0.9611 -0.2761
vn 0.0004 -0.9908 -0.1356
vn -1.0000 0.0001 -0.0000
vn -1.0000 -0.0000 -0.0002
vn -1.0000 0.0013 0.0004
vn -1.0000 -0.0000 -0.0001
vn -1.0000 0.0005 -0.0011
vn 1.0000 -0.0000 0.0001
vn -0.0000 0.6624 0.7492
vn -0.0000 0.8227 0.5684
vn -0.0000 -0.4647 0.8855
vn 1.0000 -0.0009 -0.0004
vn -0.0000 0.4650 0.8853
vn -0.0000 0.6624 -0.7492
vn -0.0000 0.9904 -0.1379
vn -0.0000 -0.9593 0.2824
vn 0.0005 -0.9597 0.2811
vn -0.0000 -0.9830 0.1836
vn -0.0000 -0.9600 0.2799
vn -0.0000 0.7717 -0.6360
vn -0.0000 0.9602 -0.2793
vn -1.0000 0.0002 0.0001
vn -0.0005 -0.9597 0.2811
vn -0.0000 -0.9995 0.0320
vn -0.0009 -0.9995 0.0312
vn 0.0004 -0.9995 0.0320
vn -0.0000 -0.9995 0.0312
vn -0.0000 0.9340 0.3572
vn -0.0000 -0.9995 0.0326
vn 0.0284 -0.9422 0.3338
vn 0.0010 -0.9425 0.3343
vn -0.0000 0.5445 0.8388
vn -0.0270 -0.9422 0.3338
vn -0.0010 -0.9425 0.3343
vn -0.0000 -0.9425 0.3343
vn -0.0000 0.9916 -0.1293
vn -0.0000 0.7012 0.7129
vn -0.0000 0.9986 -0.0524
vn -0.0000 0.9327 0.3605
vn -0.0000 0.9921 0.1254
vn 1.0000 0.0006 0.0025
vn -0.0000 -0.9506 0.3103
vn -0.0000 -0.2402 -0.9707
vn -0.0000 0.9417 -0.3365
vn -0.0000 -0.0000 -1.0000
vn 1.0000 -0.0001 0.0002
vn 1.0000 -0.0001 0.0004
vn 1.0000 -0.0000 0.0009
vn -0.0000 0.2402 -0.9707
vn -0.0000 -0.4662 -0.8847
vn -0.0000 0.4620 -0.8869
vn -0.0000 0.8424 0.5388
vn -0.0000 0.8782 -0.4783
vn -0.0000 0.7551 -0.6556
vn 0.0307 0.5749 -0.8177
vn -0.0000 0.7724 -0.6352
vn -0.0000 0.9998 0.0188
vn -0.0055 -0.8701 0.4928
vn 0.0209 -0.8717 0.4897
vn 0.0318 -0.8697 0.4926
vn 0.0055 -0.8659 0.5002
vn -0.0000 0.6824 -0.7310
vn -0.0021 -0.8742 0.4856
vn -0.0000 -0.8763 0.4818
vn -0.0168 -0.6149 0.7884
vn -0.0000 -0.6168 0.7871
vn -0.0000 0.3671 -0.9302
vn -0.0000 0.5415 -0.8407
vn -0.0000 0.6482 -0.7615
vn 0.0017 -0.6150 0.7885
vn -0.0026 -0.7546 0.6562
vn 0.0014 -0.7511 0.6602
vn 0.0253 -0.7543 0.6560
vn -0.0139 -0.7510 0.6602
vn -0.0011 0.8253 0.5648
vn -0.0000 0.8191 -0.5737
vn -0.0000 0.8243 -0.5661
vn -0.0007 0.8230 -0.5681
vn -0.0000 0.8429 0.5381
vn 0.0002 0.8433 0.5375
vn -0.0000 0.8433 -0.5374
vn -0.0000 0.8467 0.5321
vn -0.0000 0.8230 -0.5681
vn 0.0009 0.8211 0.5707
vn 0.0004 0.8365 0.5480
vn -0.0011 0.8332 0.5529
vn 0.0002 -1.0000 -0.0002
vn 0.0003 -1.0000 -0.0002
vn 0.0001 -1.0000 -0.0002
vn -0.0016 -1.0000 -0.0003
vn -0.0000 1.0000 0.0002
vn -0.0003 0.8501 0.5266
vn 0.0008 0.8524 0.5229
vn -0.0006 0.8365 -0.5480
vn 0.0011 0.8329 -0.5535
vn -0.0000 0.8536 -0.5210
vn 0.0007 0.8522 -0.5233
vn -0.0000 0.8467 -0.5321
vn -0.0152 -0.4909 -0.8711
vn 0.0172 -0.6650 -0.7466
vn -0.0146 0.4917 -0.8706
vn 0.0154 0.3115 -0.9501
vn -0.0146 -0.0000 -0.9999
vn 0.0150 -0.1926 -0.9812
vn 0.0150 0.1926 0.9812
vn -0.0146 -0.0000 0.9999
vn -0.0057 -0.7889 -0.6144
vn 0.0003 -0.7848 -0.6197
vn 0.0313 -0.8826 -0.4692
vn 0.0410 -0.9315 0.3615
vn 0.0144 -0.7523 0.6587
vn 0.0058 -0.7857 0.6185
vn 0.0067 -0.7850 0.6195
vn -0.0155 0.8638 0.5035
vn 0.0155 0.9481 0.3175
vn 0.0154 0.9799 -0.1989
vn -0.0163 0.5029 0.8642
vn 0.0143 0.6641 0.7475
vn 0.0152 -0.3115 0.9501
vn -0.0167 -0.5020 0.8647
vn 0.0167 0.7513 -0.6597
vn -0.0144 0.8675 -0.4971
vn -0.0164 -0.5020 -0.8647
vn 0.0145 -0.6650 -0.7467
vn -0.0166 0.5028 -0.8642
vn 0.0003 1.0000 0.0003
vn -0.0001 1.0000 0.0004
vn -0.0007 1.0000 0.0004
vn -0.0041 -0.7993 -0.6009
vn 0.0277 -0.8963 -0.4426
vn 0.0370 -0.9398 0.3398
vn -0.0039 -0.7992 -0.6011
vn 0.0168 -0.7523 0.6587
vn 0.0032 -0.8021 0.5972
vn 0.0049 -0.8009 0.5988
vn -0.0144 0.8675 0.4971
vn -0.0151 0.4917 0.8706
vn 0.0170 0.6641 0.7475
vn -0.0147 -0.4909 0.8711
vn 0.0143 0.7514 -0.6597
vn -0.0151 0.8638 -0.5036
vn -0.0000 0.1685 0.9857
vn -0.0000 -0.0694 -0.9976
vn -0.0000 -0.2606 -0.9654
vn -0.0000 -0.6123 0.7907
vn -0.0000 0.4942 -0.8693
vn -0.0000 0.3114 -0.9503
vn -0.0000 0.4942 -0.8694
vn -0.0000 -0.4361 0.8999
vn -0.0000 -0.7579 0.6524
vn -0.0000 -0.8746 0.4849
vn -0.0000 0.7862 -0.6180
vn -0.0000 0.6458 -0.7635
vn -0.0000 -0.2433 0.9700
vn -0.0000 -0.0403 0.9992
vn -0.0000 0.1216 -0.9926
vn -0.0000 0.1215 -0.9926
vn -0.0000 -0.6083 -0.7937
vn 0.0004 -0.8639 -0.5037
vn -0.0011 -0.8624 -0.5063
vn -0.0000 -0.7531 -0.6579
vn -0.0000 1.0000 -0.0061
vn -0.0000 -0.8571 -0.5152
vn -0.0000 -0.4421 -0.8969
vn -1.0000 0.0002 -0.0003
vn -1.0000 0.0002 -0.0001
vn -0.0000 0.6020 0.7985
vn -0.0000 0.5464 0.8375
vn -0.0000 0.8355 0.5494
vn -0.0000 0.3573 0.9340
vn 0.0006 0.6015 0.7989
vn -0.0000 0.6055 0.7959
vn -0.0000 0.7170 0.6971
vn -0.0000 0.6409 0.7676
vn -0.0000 -0.8627 -0.5056
vn 1.0000 -0.0018 -0.0020
vn 1.0000 -0.0003 -0.0006
vn 1.0000 -0.0001 -0.0004
vn -1.0000 -0.0012 0.0006
vn -0.0000 0.9830 0.1835
vn -0.0000 0.9656 -0.2601
vn -0.0001 0.9658 -0.2592
vn -0.0000 0.9938 -0.1113
vn 0.0001 0.9456 -0.3254
vn -0.0000 0.9449 -0.3273
vn 0.0002 -0.9227 -0.3856
vn -0.0000 0.9882 0.1529
vn -0.0000 0.9973 -0.0731
vn -0.0000 0.9968 0.0796
vn 1.0000 -0.0001 -0.0018
vn 1.0000 -0.0001 -0.0014
vn -0.0000 -0.8967 -0.4426
vn -0.0001 -0.8971 -0.4417
vn -1.0000 -0.0001 0.0002
vn 1.0000 0.0001 -0.0000
vn 1.0000 -0.0002 0.0022
vn -0.0000 0.9208 -0.3900
vn 0.0001 0.9213 -0.3889
vn -0.0001 -0.9304 -0.3667
vn -0.0000 -0.9300 -0.3677
vn -0.0000 -0.9972 -0.0743
vn -0.0000 -1.0000 -0.0000
vn -0.0000 0.8896 -0.4567
vn 1.0000 0.0001 -0.0001
vn 1.0000 0.0001 -0.0002
vn 1.0000 -0.0000 -0.0003
vn -0.0000 -0.9820 -0.1891
vn -0.0000 0.9610 -0.2765
vn -0.0000 0.8300 -0.5577
vn -0.0000 0.8300 -0.5578
vn -0.0000 0.9960 -0.0897
vn 0.0007 0.9958 -0.0919
vn -0.0010 0.9960 -0.0897
vn -0.0000 0.9958 -0.0919
vn -0.0000 0.9967 -0.0807
vn -0.0000 -0.9538 0.3003
vn -0.0000 -0.9462 -0.3237
vn -0.0000 -0.9947 0.1031
vn -0.0000 0.5484 -0.8362
vn -0.0000 0.5394 -0.8421
vn -0.0000 0.5393 -0.8421
vn -0.0000 0.1930 -0.9812
vn -0.0000 0.3661 -0.9306
vn -0.0000 -0.0374 -0.9993
vn -0.0000 -0.9983 0.0586
vn -0.0000 0.0720 -0.9974
vn -0.0000 -0.2393 0.9709
vn -0.0000 0.2320 -0.9727
vn -0.0000 0.2319 -0.9727
vn -0.0000 0.7060 -0.7082
vn -0.0000 0.7774 -0.6290
vn 0.9999 -0.0064 -0.0095
vn 1.0000 0.0011 0.0027
vn 1.0000 -0.0028 -0.0050
vn 1.0000 0.0003 0.0012
vn -1.0000 -0.0000 0.0001
vn -1.0000 0.0003 -0.0002
vn -1.0000 -0.0001 0.0001
vn -0.0000 0.6536 -0.7568
vn -0.0000 -0.9990 0.0446
vn -1.0000 -0.0035 -0.0000
vn 0.0489 -0.9135 0.4039
vn -0.0005 1.0000 0.0022
vn 0.0007 0.9998 -0.0214
vn 0.0095 -0.7610 0.6487
vn 0.0136 -0.7559 0.6545
vn 1.0000 -0.0043 -0.0000
vn 1.0000 -0.0060 -0.0004
vn 0.0152 -0.7491 0.6623
vn -0.0161 -0.0000 -0.9999
vn 0.0141 -0.1962 -0.9805
vn 0.0153 -0.3275 0.9447
vn -0.0148 -0.5058 0.8625
vn -0.0000 -0.8341 -0.5516
vn 0.0001 -0.8337 -0.5522
vn -0.0000 0.9987 -0.0507
vn 0.0015 -0.7657 -0.6432
vn 0.0032 -0.7642 -0.6450
vn 0.0340 -0.8621 -0.5057
vn -0.0159 -0.4935 -0.8696
vn 0.0166 -0.6673 -0.7446
vn -0.0000 -0.0740 -0.9973
vn 0.0150 0.9474 0.3197
vn -0.0158 0.8648 0.5018
vn 0.0165 0.2118 0.9772
vn -0.0161 -0.0000 0.9999
vn -0.0137 0.5058 0.8625
vn 0.0148 0.6581 0.7527
vn -0.0000 -0.4647 -0.8855
vn -0.0000 -0.2393 -0.9709
vn 0.0154 0.9798 -0.1992
vn -0.0166 0.4935 -0.8696
vn 0.0137 0.3115 -0.9501
vn -0.0152 0.8648 -0.5018
vn 0.0147 0.7512 -0.6599
vn -0.0004 -0.5921 -0.8058
vn 0.0003 -0.5862 -0.8102
vn 0.0012 -0.5263 -0.8503
vn -0.0004 -0.5405 -0.8414
vn -0.0000 -0.2365 -0.9716
vn -0.0000 -0.3826 -0.9239
vn -0.0000 -0.4474 -0.8943
vn 0.0013 -0.4334 -0.9012
vn 0.0001 -0.7505 -0.6608
vn 0.0011 -0.7419 -0.6705
vn 1.0000 0.0002 0.0016
vn 1.0000 0.0013 0.0025
vn 0.0012 -0.6863 -0.7273
vn 0.0002 -0.6942 -0.7198
vn 1.0000 -0.0003 -0.0001
vn 1.0000 -0.0000 0.0003
vn -0.0000 1.0000 0.0044
vn -0.0000 0.7741 0.6331
vn -0.0000 0.8810 0.4730
vn 1.0000 0.0052 0.0016
vn 1.0000 0.0019 0.0010
vn -0.0000 0.9548 0.2972
vn -0.0000 0.9548 0.2973
vn -0.0000 0.9988 0.0496
vn 0.0015 0.9988 0.0496
vn -0.0000 0.9987 0.0517
vn -0.0000 0.6319 0.7751
vn -0.0000 -0.8239 -0.5667
vn -0.0000 -0.9006 -0.4346
vn -0.0000 -0.7176 -0.6964
vn 1.0000 0.0009 0.0007
vn 1.0000 0.0005 0.0006
vn -0.0000 0.7741 0.6330
vn -1.0000 0.0078 -0.0021
vn -1.0000 0.0001 -0.0003
vn -1.0000 -0.0015 0.0008
vn -1.0000 -0.0001 -0.0001
vn -1.0000 -0.0001 -0.0000
vn 1.0000 0.0004 -0.0005
vn 1.0000 0.0008 -0.0007
vn 1.0000 -0.0039 -0.0000
vn 1.0000 0.0021 -0.0010
vn 1.0000 0.0017 -0.0012
vn -0.0000 -0.7590 0.6511
vn -0.0000 -0.6307 0.7760
vn 0.0014 1.0000 0.0015
vn -0.0000 -0.4601 0.8879
vn -1.0000 -0.0001 -0.0002
vn -1.0000 -0.0000 -0.0003
vn 0.0002 -0.9658 0.2592
vn -0.0000 -0.9655 0.2606
vn -0.0000 -0.9909 0.1346
vn 0.0003 -0.8960 0.4440
vn -0.0000 -0.8946 0.4470
vn -0.0000 -0.1211 -0.9926
vn -0.0000 0.0295 -0.9996
vn -0.0000 -0.2926 -0.9562
vn -0.0000 0.1019 0.9948
vn -0.0000 0.4792 0.8777
vn -0.0000 -0.2699 0.9629
vn -0.0036 -0.2745 0.9616
vn -0.0000 0.2150 -0.9766
vn -0.0000 -0.5240 -0.8517
vn -0.0000 0.3046 0.9525
vn 1.0000 0.0008 0.0014
vn 1.0000 0.0002 0.0004
vn 1.0000 0.0001 0.0004
vn -1.0000 -0.0009 -0.0013
vn -0.0000 -0.0816 0.9967
vn -0.0000 -0.4481 0.8940
vn -0.0000 -0.2745 0.9616
vn -0.0000 -0.9690 -0.2469
vn -0.0000 -0.9940 -0.1097
vn -0.0034 -0.4521 0.8919
vn -0.0000 0.6642 0.7475
vn -0.0000 0.4571 0.8894
vn -0.0000 -0.4590 0.8885
vn -0.0000 -0.2428 0.9701
vn -0.0000 0.2428 -0.9701
vn -0.0000 0.2428 0.9701
vn -0.0000 0.4571 -0.8894
vn -0.0000 0.6631 -0.7485
vn 0.0004 0.6640 -0.7477
vn -0.0000 -0.4574 -0.8893
vn -0.0000 -0.2428 -0.9701
vn 0.0004 0.4584 -0.8888
vn -0.0000 -0.4587 -0.8886
vn -0.0000 0.2139 0.9768
vn -0.0000 -0.2139 0.9768
vn -0.0000 -0.4663 -0.8846
vn -0.0000 -0.4751 0.8799
vn -0.0000 0.6588 0.7523
vn -0.0000 0.4807 0.8769
vn -0.0000 0.6694 -0.7429
vn -0.0000 -0.4557 0.8901
vn -0.0000 0.6620 0.7495
vn -0.0000 -0.4619 -0.8869
vn -0.0000 0.6663 -0.7457
s 0
f 34//1 33//1 3//1
f 34//1 3//1 24//1
f 37//1 38//1 3//1
f 37//1 3//1 33//1
f 32//2 16//2 38//2
f 32//3 38//3 37//3
f 33//4 34//4 35//4
f 33//5 35//5 36//5
f 34//6 24//6 23//6
f 34//7 23//7 35//7
f 32//8 36//8 35//8
f 32//8 35//8 23//8
f 43//9 44//9 45//9
f 43//10 45//10 46//10
f 47//11 43//11 46//11
f 47//12 46//12 48//12
f 48//13 17//13 20//13
f 48//14 20//14 47//14
f 36//15 32//15 37//15
f 36//16 37//16 33//16
f 3//17 38//17 16//17
f 39//16 40//16 41//16
f 39//15 41//15 42//15
f 31//11 28//11 27//11
f 31//18 27//18 30//18
f 30//13 15//13 14//13
f 30//14 14//14 31//14
f 29//19 22//19 25//19
f 29//20 25//20 26//20
f 560//21 561//21 558//21
f 560//21 558//21 559//21
f 562//22 563//22 561//22
f 562//22 561//22 560//22
f 26//23 27//23 28//23
f 26//24 28//24 29//24
f 22//8 29//8 32//8
f 22//8 32//8 23//8
f 28//8 31//8 32//8
f 28//8 32//8 29//8
f 32//8 31//8 14//8
f 32//8 14//8 16//8
f 3//1 26//1 25//1
f 3//1 25//1 24//1
f 3//1 30//1 27//1
f 3//1 27//1 26//1
f 30//1 3//1 15//1
f 568//25 569//25 565//25
f 568//25 565//25 564//25
f 570//26 571//26 567//26
f 570//26 567//26 566//26
f 574//27 575//27 572//27
f 574//27 572//27 573//27
f 18//1 52//1 54//1
f 18//1 54//1 40//1
f 18//1 40//1 39//1
f 18//1 39//1 21//1
f 566//28 567//28 564//28
f 566//28 564//28 565//28
f 580//29 581//29 577//29
f 580//30 577//30 576//30
f 582//31 583//31 579//31
f 582//31 579//31 578//31
f 580//32 585//32 584//32
f 580//32 584//32 581//32
f 573//33 572//33 569//33
f 573//33 569//33 568//33
f 575//34 574//34 563//34
f 575//34 563//34 562//34
f 578//35 579//35 576//35
f 578//35 576//35 577//35
f 18//1 48//1 46//1
f 18//1 46//1 45//1
f 48//1 18//1 17//1
f 42//8 51//8 50//8
f 42//8 50//8 44//8
f 49//36 45//36 44//36
f 49//19 44//19 50//19
f 52//37 49//37 50//37
f 52//38 50//38 51//38
f 49//1 52//1 18//1
f 49//1 18//1 45//1
f 54//39 52//39 51//39
f 54//7 51//7 53//7
f 53//8 51//8 42//8
f 53//8 42//8 41//8
f 42//40 19//40 21//40
f 42//41 21//41 39//41
f 43//8 47//8 42//8
f 43//8 42//8 44//8
f 42//8 47//8 20//8
f 42//8 20//8 19//8
f 53//5 41//5 40//5
f 53//4 40//4 54//4
f 556//26 557//26 553//26
f 556//26 553//26 552//26
f 512//42 2//42 518//42
f 512//42 518//42 523//42
f 10//43 2//43 512//43
f 10//44 512//44 11//44
f 512//45 521//45 7//45
f 512//46 7//46 11//46
f 10//47 11//47 8//47
f 10//47 8//47 9//47
f 12//47 13//47 9//47
f 12//47 9//47 8//47
f 522//48 516//48 512//48
f 522//48 512//48 523//48
f 5//49 520//49 507//49
f 5//50 507//50 12//50
f 14//51 15//51 9//51
f 14//52 9//52 13//52
f 10//53 9//53 15//53
f 507//54 511//54 524//54
f 507//54 524//54 525//54
f 507//55 525//55 519//55
f 507//54 519//54 4//54
f 13//56 12//56 507//56
f 13//57 507//57 4//57
f 508//8 507//8 503//8
f 508//8 503//8 506//8
f 512//58 513//58 514//58
f 512//59 514//59 515//59
f 513//48 512//48 516//48
f 505//60 506//60 503//60
f 505//60 503//60 504//60
f 509//54 510//54 507//54
f 509//61 507//61 508//61
f 510//54 511//54 507//54
f 4//62 519//62 517//62
f 4//62 517//62 1//62
f 520//63 5//63 521//63
f 521//63 5//63 6//63
f 521//64 6//64 7//64
f 504//1 512//1 515//1
f 504//1 515//1 505//1
f 1//62 517//62 518//62
f 1//62 518//62 2//62
f 1//65 2//65 3//65
f 538//34 539//34 535//34
f 538//34 535//34 534//34
f 542//21 543//21 540//21
f 542//21 540//21 541//21
f 22//38 23//38 24//38
f 22//66 24//66 25//66
f 532//26 533//26 529//26
f 532//26 529//26 528//26
f 536//27 537//27 534//27
f 536//27 534//27 535//27
f 537//33 536//33 531//33
f 537//33 531//33 530//33
f 550//33 551//33 549//33
f 550//33 549//33 548//33
f 554//28 555//28 552//28
f 554//28 552//28 553//28
f 555//25 554//25 551//25
f 555//25 551//25 550//25
f 544//22 545//22 541//22
f 544//22 541//22 540//22
f 546//34 547//34 545//34
f 546//34 545//34 544//34
f 548//27 549//27 547//27
f 548//27 547//27 546//27
f 16//8 14//8 13//8
f 16//8 13//8 4//8
f 19//8 20//8 5//8
f 19//8 5//8 12//8
f 8//67 18//67 19//67
f 8//68 19//68 12//68
f 16//69 4//69 1//69
f 16//70 1//70 3//70
f 2//1 10//1 15//1
f 2//1 15//1 3//1
f 17//1 18//1 11//1
f 17//1 11//1 7//1
f 7//71 6//71 17//71
f 528//28 529//28 526//28
f 528//28 526//28 527//28
f 530//25 531//25 527//25
f 530//25 527//25 526//25
f 8//72 11//72 18//72
f 18//73 21//73 19//73
f 20//74 17//74 6//74
f 20//75 6//75 5//75
f 60//76 620//76 622//76
f 60//77 622//77 84//77
f 85//1 86//1 60//1
f 85//1 60//1 84//1
f 55//78 616//78 618//78
f 55//78 618//78 589//78
f 60//79 621//79 619//79
f 60//79 619//79 620//79
f 83//80 86//80 85//80
f 83//80 85//80 82//80
f 82//81 85//81 84//81
f 82//81 84//81 81//81
f 623//79 621//79 60//79
f 623//82 60//82 598//82
f 87//83 88//83 86//83
f 87//83 86//83 83//83
f 55//8 83//8 82//8
f 55//8 82//8 81//8
f 58//84 63//84 64//84
f 58//84 64//84 59//84
f 57//85 62//85 63//85
f 57//85 63//85 58//85
f 71//86 613//86 611//86
f 71//87 611//87 72//87
f 613//87 71//87 607//87
f 615//78 616//78 55//78
f 615//88 55//88 614//88
f 617//88 614//88 55//88
f 617//89 55//89 81//89
f 56//90 61//90 62//90
f 56//90 62//90 57//90
f 593//91 601//91 61//91
f 593//91 61//91 56//91
f 636//92 79//92 605//92
f 636//93 605//93 637//93
f 88//94 87//94 93//94
f 88//94 93//94 77//94
f 90//95 91//95 627//95
f 90//96 627//96 89//96
f 79//97 636//97 635//97
f 79//98 635//98 606//98
f 55//8 93//8 87//8
f 55//8 87//8 83//8
f 79//8 80//8 93//8
f 79//8 93//8 55//8
f 77//99 93//99 80//99
f 77//99 80//99 78//99
f 60//1 86//1 88//1
f 60//1 88//1 77//1
f 92//100 627//100 91//100
f 90//101 625//101 626//101
f 90//85 626//85 91//85
f 627//102 628//102 624//102
f 627//103 624//103 89//103
f 622//104 617//104 81//104
f 622//104 81//104 84//104
f 89//105 624//105 625//105
f 89//106 625//106 90//106
f 633//1 634//1 627//1
f 633//1 627//1 632//1
f 631//1 632//1 627//1
f 631//107 627//107 92//107
f 91//108 626//108 629//108
f 91//109 629//109 92//109
f 630//110 631//110 92//110
f 630//111 92//111 629//111
f 60//1 64//1 63//1
f 60//1 63//1 62//1
f 64//112 65//112 66//112
f 64//112 66//112 59//112
f 601//113 599//113 60//113
f 601//114 60//114 61//114
f 62//1 61//1 60//1
f 69//115 603//115 602//115
f 69//115 602//115 70//115
f 73//116 74//116 71//116
f 73//117 71//117 65//117
f 69//118 70//118 67//118
f 69//118 67//118 68//118
f 65//119 71//119 72//119
f 65//119 72//119 66//119
f 60//120 599//120 600//120
f 60//120 600//120 596//120
f 591//121 592//121 55//121
f 591//122 55//122 587//122
f 55//121 592//121 593//121
f 55//123 593//123 56//123
f 55//122 588//122 586//122
f 55//122 586//122 587//122
f 55//124 589//124 590//124
f 55//124 590//124 588//124
f 60//120 596//120 594//120
f 60//82 594//82 595//82
f 597//82 598//82 60//82
f 597//82 60//82 595//82
f 57//8 55//8 56//8
f 58//8 59//8 55//8
f 58//8 55//8 57//8
f 55//125 605//125 79//125
f 80//126 79//126 606//126
f 80//127 606//127 78//127
f 77//128 78//128 606//128
f 77//129 606//129 60//129
f 60//130 606//130 604//130
f 611//8 612//8 67//8
f 611//8 67//8 72//8
f 67//131 612//131 610//131
f 67//131 610//131 68//131
f 608//132 609//132 607//132
f 608//133 607//133 71//133
f 610//1 608//1 71//1
f 610//1 71//1 68//1
f 60//134 604//134 74//134
f 60//135 74//135 73//135
f 74//1 604//1 603//1
f 74//1 603//1 69//1
f 75//136 76//136 66//136
f 75//137 66//137 72//137
f 73//1 65//1 64//1
f 73//1 64//1 60//1
f 71//1 74//1 69//1
f 71//1 69//1 68//1
f 70//8 75//8 72//8
f 70//8 72//8 67//8
f 602//8 605//8 75//8
f 602//8 75//8 70//8
f 75//138 605//138 55//138
f 75//135 55//135 76//135
f 59//8 66//8 76//8
f 59//8 76//8 55//8
f 572//139 137//139 569//139
f 137//140 673//140 670//140
f 137//141 670//141 133//141
f 137//139 572//139 575//139
f 137//139 575//139 562//139
f 672//140 673//140 137//140
f 672//142 137//142 671//142
f 560//122 137//122 562//122
f 134//8 136//8 137//8
f 134//8 137//8 133//8
f 137//8 138//8 139//8
f 137//8 139//8 108//8
f 137//78 566//78 565//78
f 137//139 565//139 569//139
f 137//8 108//8 111//8
f 137//8 111//8 106//8
f 570//78 566//78 137//78
f 570//143 137//143 105//143
f 137//8 106//8 102//8
f 137//8 102//8 105//8
f 137//122 560//122 559//122
f 137//122 559//122 671//122
f 563//82 574//82 130//82
f 563//82 130//82 561//82
f 573//82 568//82 130//82
f 573//82 130//82 574//82
f 130//144 667//144 668//144
f 130//144 668//144 666//144
f 128//1 121//1 120//1
f 128//1 120//1 119//1
f 130//144 666//144 558//144
f 130//120 558//120 561//120
f 669//113 667//113 130//113
f 131//145 134//145 133//145
f 131//145 133//145 132//145
f 135//146 136//146 134//146
f 135//146 134//146 131//146
f 666//147 671//147 559//147
f 666//147 559//147 558//147
f 132//148 669//148 130//148
f 132//1 130//1 131//1
f 670//149 669//149 132//149
f 670//149 132//149 133//149
f 139//150 112//150 109//150
f 139//150 109//150 108//150
f 148//1 149//1 677//1
f 148//1 677//1 147//1
f 675//151 677//151 149//151
f 675//151 149//151 150//151
f 97//1 149//1 148//1
f 97//1 148//1 101//1
f 148//152 140//152 141//152
f 148//153 141//153 101//153
f 140//154 148//154 147//154
f 140//154 147//154 130//154
f 145//8 150//8 96//8
f 145//8 96//8 99//8
f 141//155 138//155 99//155
f 141//155 99//155 101//155
f 139//156 138//156 141//156
f 139//156 141//156 112//156
f 96//157 150//157 149//157
f 96//157 149//157 97//157
f 144//158 675//158 150//158
f 144//8 150//8 145//8
f 138//152 137//152 145//152
f 138//159 145//159 99//159
f 130//1 146//1 135//1
f 130//1 135//1 131//1
f 674//160 144//160 142//160
f 674//161 142//161 143//161
f 142//154 144//154 145//154
f 142//154 145//154 137//154
f 564//82 567//82 130//82
f 564//82 130//82 568//82
f 130//79 567//79 571//79
f 130//82 571//82 140//82
f 112//1 141//1 140//1
f 112//120 140//120 571//120
f 136//8 143//8 142//8
f 136//8 142//8 137//8
f 147//162 676//162 146//162
f 147//163 146//163 130//163
f 147//1 677//1 676//1
f 135//164 146//164 143//164
f 135//164 143//164 136//164
f 674//158 675//158 144//158
f 676//165 674//165 143//165
f 676//165 143//165 146//165
f 100//166 642//166 643//166
f 100//167 643//167 114//167
f 114//1 94//1 100//1
f 98//8 95//8 113//8
f 639//168 584//168 585//168
f 639//168 585//168 638//168
f 640//169 641//169 98//169
f 640//170 98//170 113//170
f 641//171 642//171 100//171
f 641//171 100//171 98//171
f 641//172 651//172 650//172
f 641//172 650//172 642//172
f 638//173 653//173 652//173
f 638//173 652//173 639//173
f 650//174 651//174 649//174
f 650//174 649//174 648//174
f 646//175 647//175 644//175
f 646//175 644//175 645//175
f 645//176 648//176 649//176
f 645//176 649//176 646//176
f 103//177 571//177 104//177
f 100//178 101//178 99//178
f 100//178 99//178 98//178
f 104//179 105//179 102//179
f 104//179 102//179 103//179
f 97//1 101//1 100//1
f 97//1 100//1 94//1
f 96//180 97//180 94//180
f 96//180 94//180 95//180
f 95//8 98//8 99//8
f 95//8 99//8 96//8
f 106//181 107//181 103//181
f 106//181 103//181 102//181
f 109//120 112//120 571//120
f 109//182 571//182 110//182
f 107//183 110//183 571//183
f 107//184 571//184 103//184
f 111//185 110//185 107//185
f 111//185 107//185 106//185
f 571//186 570//186 105//186
f 571//186 105//186 104//186
f 110//187 111//187 108//187
f 110//187 108//187 109//187
f 652//188 653//188 644//188
f 652//188 644//188 647//188
f 94//189 128//189 127//189
f 94//189 127//189 95//189
f 128//190 119//190 118//190
f 128//191 118//191 129//191
f 129//8 124//8 127//8
f 129//192 127//192 128//192
f 126//8 122//8 123//8
f 126//8 123//8 125//8
f 122//8 126//8 118//8
f 122//8 118//8 116//8
f 124//193 129//193 126//193
f 124//193 126//193 125//193
f 114//1 121//1 128//1
f 114//1 128//1 94//1
f 114//194 643//194 660//194
f 114//195 660//195 121//195
f 124//196 665//196 640//196
f 124//197 640//197 113//197
f 126//198 129//198 118//198
f 95//8 127//8 124//8
f 95//8 124//8 113//8
f 123//199 665//199 124//199
f 123//200 124//200 125//200
f 657//1 654//1 117//1
f 657//1 117//1 120//1
f 120//201 658//201 659//201
f 120//202 659//202 657//202
f 654//203 656//203 655//203
f 654//203 655//203 115//203
f 117//204 654//204 115//204
f 117//204 115//204 116//204
f 118//205 119//205 117//205
f 118//205 117//205 116//205
f 117//1 119//1 120//1
f 663//206 664//206 122//206
f 663//202 122//202 661//202
f 664//207 665//207 123//207
f 664//208 123//208 122//208
f 662//8 661//8 115//8
f 662//8 115//8 655//8
f 121//209 660//209 658//209
f 121//210 658//210 120//210
f 661//8 122//8 116//8
f 661//8 116//8 115//8
f 674//93 676//93 678//93
f 674//93 678//93 151//93
f 687//1 686//1 679//1
f 687//1 679//1 681//1
f 692//102 693//102 681//102
f 692//211 681//211 154//211
f 696//212 697//212 158//212
f 696//212 158//212 162//212
f 694//213 695//213 163//213
f 694//214 163//214 687//214
f 155//215 691//215 690//215
f 155//216 690//216 685//216
f 678//217 689//217 688//217
f 678//217 688//217 151//217
f 688//8 691//8 155//8
f 688//8 155//8 151//8
f 685//1 690//1 689//1
f 685//1 689//1 678//1
f 153//8 156//8 163//8
f 153//8 163//8 154//8
f 684//1 702//1 696//1
f 684//1 696//1 162//1
f 627//218 635//218 636//218
f 627//218 636//218 628//218
f 627//1 703//1 701//1
f 627//1 701//1 161//1
f 706//219 707//219 688//219
f 706//219 688//219 689//219
f 704//102 705//102 690//102
f 704//102 690//102 691//102
f 700//8 624//8 628//8
f 700//8 628//8 160//8
f 698//102 699//102 684//102
f 698//220 684//220 159//220
f 697//8 698//8 159//8
f 697//8 159//8 158//8
f 701//219 700//219 160//219
f 701//219 160//219 161//219
f 695//8 692//8 154//8
f 695//8 154//8 163//8
f 681//221 679//221 153//221
f 681//222 153//222 154//222
f 679//93 680//93 152//93
f 679//93 152//93 153//93
f 155//223 156//223 605//223
f 155//224 605//224 151//224
f 605//225 152//225 157//225
f 605//93 157//93 637//93
f 605//226 156//226 153//226
f 605//225 153//225 152//225
f 606//93 678//93 676//93
f 606//93 676//93 604//93
f 677//227 675//227 602//227
f 677//227 602//227 603//227
f 603//1 604//1 676//1
f 603//1 676//1 677//1
f 675//8 674//8 605//8
f 675//8 605//8 602//8
f 674//93 151//93 605//93
f 682//1 684//1 162//1
f 682//1 162//1 680//1
f 684//228 682//228 157//228
f 684//229 157//229 159//229
f 635//1 627//1 161//1
f 635//1 161//1 683//1
f 686//230 687//230 163//230
f 686//231 163//231 156//231
f 685//93 686//93 156//93
f 685//93 156//93 155//93
f 160//8 628//8 636//8
f 160//8 636//8 637//8
f 158//8 159//8 157//8
f 158//8 157//8 152//8
f 682//93 683//93 637//93
f 682//93 637//93 157//93
f 680//232 162//232 158//232
f 680//233 158//233 152//233
f 160//234 637//234 683//234
f 160//234 683//234 161//234
f 198//235 196//235 197//235
f 198//236 197//236 199//236
f 189//8 196//8 198//8
f 189//8 198//8 190//8
f 192//237 193//237 194//237
f 192//238 194//238 195//238
f 196//239 192//239 195//239
f 196//240 195//240 197//240
f 200//8 190//8 198//8
f 201//1 202//1 199//1
f 201//1 199//1 187//1
f 188//1 197//1 195//1
f 188//1 195//1 194//1
f 192//8 196//8 189//8
f 192//8 189//8 193//8
f 199//1 197//1 188//1
f 199//1 188//1 187//1
f 732//26 733//26 729//26
f 732//26 729//26 728//26
f 736//27 737//27 734//27
f 736//27 734//27 735//27
f 728//28 729//28 726//28
f 728//28 726//28 727//28
f 730//25 731//25 727//25
f 730//25 727//25 726//25
f 737//33 736//33 731//33
f 737//33 731//33 730//33
f 513//62 516//62 191//62
f 513//62 191//62 740//62
f 511//62 510//62 740//62
f 511//62 740//62 191//62
f 738//34 739//34 735//34
f 738//34 735//34 734//34
f 187//241 188//241 189//241
f 187//242 189//242 190//242
f 169//243 524//243 198//243
f 169//244 198//244 199//244
f 522//245 169//245 199//245
f 191//246 516//246 202//246
f 516//1 522//1 199//1
f 516//1 199//1 202//1
f 524//8 511//8 200//8
f 524//8 200//8 198//8
f 743//21 744//21 741//21
f 743//21 741//21 742//21
f 742//22 741//22 721//22
f 742//22 721//22 720//22
f 202//247 201//247 200//247
f 200//248 511//248 191//248
f 200//249 191//249 202//249
f 206//250 204//250 203//250
f 206//251 203//251 205//251
f 208//38 206//38 205//38
f 208//252 205//252 207//252
f 204//253 189//253 188//253
f 204//254 188//254 203//254
f 201//255 187//255 190//255
f 201//256 190//256 200//256
f 207//257 194//257 193//257
f 207//258 193//258 208//258
f 189//8 206//8 208//8
f 189//8 208//8 193//8
f 206//8 189//8 204//8
f 207//1 188//1 194//1
f 188//1 207//1 205//1
f 188//1 205//1 203//1
f 176//259 175//259 174//259
f 176//260 174//260 177//260
f 164//8 175//8 176//8
f 164//8 176//8 165//8
f 170//238 171//238 172//238
f 170//261 172//261 173//261
f 175//239 172//239 171//239
f 175//240 171//240 174//240
f 178//8 165//8 176//8
f 179//1 180//1 177//1
f 179//1 177//1 166//1
f 167//1 174//1 171//1
f 167//1 171//1 170//1
f 172//8 175//8 164//8
f 172//8 164//8 173//8
f 177//1 174//1 167//1
f 177//1 167//1 166//1
f 714//26 715//26 709//26
f 714//26 709//26 708//26
f 718//27 719//27 716//27
f 718//27 716//27 717//27
f 710//28 711//28 708//28
f 710//28 708//28 709//28
f 712//25 713//25 711//25
f 712//25 711//25 710//25
f 719//33 718//33 713//33
f 719//33 713//33 712//33
f 522//262 523//262 168//262
f 522//263 168//263 169//263
f 525//262 524//262 169//262
f 525//264 169//264 168//264
f 720//34 721//34 717//34
f 720//34 717//34 716//34
f 164//242 165//242 166//242
f 164//241 166//241 167//241
f 517//265 176//265 177//265
f 517//266 177//266 518//266
f 519//8 525//8 178//8
f 519//8 178//8 176//8
f 168//267 523//267 180//267
f 523//1 518//1 177//1
f 523//1 177//1 180//1
f 517//268 519//268 176//268
f 724//21 725//21 722//21
f 724//21 722//21 723//21
f 539//22 538//22 723//22
f 539//22 723//22 722//22
f 180//269 179//269 178//269
f 178//270 525//270 168//270
f 178//271 168//271 180//271
f 183//272 182//272 181//272
f 183//251 181//251 184//251
f 185//38 183//38 184//38
f 185//252 184//252 186//252
f 182//273 164//273 167//273
f 182//274 167//274 181//274
f 179//255 166//255 165//255
f 179//275 165//275 178//275
f 186//276 170//276 173//276
f 186//277 173//277 185//277
f 164//8 183//8 185//8
f 164//8 185//8 173//8
f 183//8 164//8 182//8
f 186//1 167//1 170//1
f 167//1 186//1 184//1
f 167//1 184//1 181//1
f 288//1 290//1 291//1
f 288//1 291//1 282//1
f 288//1 282//1 281//1
f 282//278 291//278 286//278
f 282//278 286//278 274//278
f 265//279 288//279 281//279
f 265//279 281//279 264//279
f 286//8 287//8 285//8
f 286//8 285//8 274//8
f 285//8 275//8 274//8
f 289//280 290//280 288//280
f 289//280 288//280 265//280
f 271//281 292//281 293//281
f 271//281 293//281 267//281
f 260//282 277//282 253//282
f 260//282 253//282 252//282
f 277//283 276//283 254//283
f 277//283 254//283 253//283
f 293//8 278//8 277//8
f 293//8 277//8 260//8
f 262//282 279//282 272//282
f 262//284 272//284 263//284
f 278//285 293//285 292//285
f 278//285 292//285 284//285
f 279//1 284//1 292//1
f 279//1 292//1 272//1
f 292//1 271//1 272//1
f 275//279 285//279 256//279
f 275//279 256//279 255//279
f 270//286 271//286 267//286
f 270//286 267//286 268//286
f 251//287 270//287 268//287
f 251//287 268//287 245//287
f 275//8 276//8 273//8
f 275//8 273//8 274//8
f 266//288 269//288 249//288
f 266//288 249//288 224//288
f 249//1 251//1 248//1
f 269//1 272//1 271//1
f 269//1 271//1 270//1
f 263//289 272//289 269//289
f 263//289 269//289 266//289
f 276//8 277//8 278//8
f 276//8 278//8 273//8
f 280//1 283//1 284//1
f 280//1 284//1 279//1
f 284//290 283//290 273//290
f 284//290 273//290 278//290
f 283//291 282//291 274//291
f 283//291 274//291 273//291
f 281//1 282//1 283//1
f 281//1 283//1 280//1
f 276//292 275//292 255//292
f 276//293 255//293 254//293
f 261//283 280//283 279//283
f 261//283 279//283 262//283
f 264//292 281//292 280//292
f 264//292 280//292 261//292
f 293//8 260//8 267//8
f 309//294 315//294 316//294
f 309//294 316//294 310//294
f 315//8 309//8 238//8
f 315//8 238//8 257//8
f 314//295 611//295 226//295
f 314//296 226//296 238//296
f 311//8 310//8 313//8
f 311//8 313//8 312//8
f 307//1 305//1 295//1
f 307//1 295//1 301//1
f 310//297 311//297 238//297
f 310//297 238//297 309//297
f 297//298 314//298 312//298
f 297//298 312//298 313//298
f 311//299 312//299 314//299
f 311//299 314//299 238//299
f 294//8 310//8 316//8
f 294//8 316//8 302//8
f 287//300 316//300 315//300
f 287//300 315//300 257//300
f 285//280 287//280 257//280
f 285//280 257//280 256//280
f 302//8 316//8 287//8
f 302//8 287//8 286//8
f 612//301 611//301 314//301
f 612//302 314//302 299//302
f 300//8 299//8 314//8
f 300//8 314//8 297//8
f 294//303 297//303 313//303
f 294//8 313//8 310//8
f 305//1 298//1 296//1
f 305//1 296//1 295//1
f 294//304 302//304 301//304
f 294//304 301//304 295//304
f 298//305 610//305 612//305
f 298//305 612//305 299//305
f 305//297 306//297 303//297
f 305//297 303//297 304//297
f 291//306 301//306 302//306
f 291//306 302//306 286//306
f 296//307 297//307 294//307
f 296//308 294//308 295//308
f 299//309 300//309 296//309
f 299//309 296//309 298//309
f 300//310 297//310 296//310
f 609//311 608//311 304//311
f 609//311 304//311 303//311
f 308//312 609//312 303//312
f 308//1 303//1 306//1
f 308//300 307//300 290//300
f 308//300 290//300 289//300
f 290//1 307//1 301//1
f 290//1 301//1 291//1
f 609//313 308//313 289//313
f 609//314 289//314 265//314
f 304//1 610//1 298//1
f 304//1 298//1 305//1
f 608//1 610//1 304//1
f 307//294 308//294 306//294
f 307//294 306//294 305//294
f 249//1 269//1 270//1
f 249//1 270//1 251//1
f 750//8 751//8 752//8
f 750//8 752//8 748//8
f 212//142 750//142 748//142
f 754//8 755//8 753//8
f 754//315 753//315 241//315
f 239//8 240//8 238//8
f 239//8 238//8 237//8
f 233//8 234//8 226//8
f 233//8 226//8 227//8
f 235//8 236//8 226//8
f 235//8 226//8 234//8
f 236//8 237//8 238//8
f 236//8 238//8 226//8
f 218//316 229//316 228//316
f 218//316 228//316 223//316
f 750//317 232//317 213//317
f 750//318 213//318 215//318
f 232//319 231//319 216//319
f 232//319 216//319 213//319
f 210//320 753//320 750//320
f 210//321 750//321 215//321
f 226//322 611//322 613//322
f 228//323 613//323 607//323
f 228//323 607//323 223//323
f 216//324 231//324 230//324
f 216//324 230//324 217//324
f 217//325 230//325 229//325
f 217//325 229//325 218//325
f 232//142 750//142 212//142
f 232//8 212//8 231//8
f 216//1 217//1 214//1
f 216//1 214//1 213//1
f 218//1 214//1 217//1
f 214//1 219//1 210//1
f 214//1 210//1 215//1
f 213//1 214//1 215//1
f 746//1 747//1 745//1
f 746//326 745//326 209//326
f 210//327 211//327 746//327
f 210//82 746//82 209//82
f 748//328 749//328 746//328
f 748//329 746//329 212//329
f 220//1 221//1 210//1
f 220//1 210//1 219//1
f 226//142 613//142 212//142
f 226//8 212//8 227//8
f 228//8 229//8 212//8
f 228//330 212//330 613//330
f 230//8 231//8 212//8
f 230//8 212//8 229//8
f 609//331 224//331 225//331
f 609//331 225//331 222//331
f 221//1 211//1 210//1
f 214//331 607//331 609//331
f 214//331 609//331 222//331
f 214//1 218//1 223//1
f 214//332 223//332 607//332
f 209//333 241//333 753//333
f 209//334 753//334 210//334
f 255//8 256//8 238//8
f 255//8 238//8 254//8
f 257//8 238//8 256//8
f 258//8 252//8 238//8
f 258//8 238//8 240//8
f 253//8 254//8 238//8
f 253//8 238//8 252//8
f 212//335 746//335 211//335
f 212//336 211//336 227//336
f 219//337 235//337 234//337
f 219//337 234//337 220//337
f 236//338 235//338 219//338
f 236//338 219//338 214//338
f 259//289 260//289 252//289
f 259//289 252//289 258//289
f 243//339 246//339 240//339
f 243//339 240//339 239//339
f 259//8 268//8 267//8
f 259//8 267//8 260//8
f 268//8 259//8 246//8
f 268//8 246//8 245//8
f 246//288 259//288 258//288
f 246//288 258//288 240//288
f 262//340 263//340 609//340
f 262//341 609//341 261//341
f 609//342 265//342 264//342
f 609//76 264//76 261//76
f 609//340 263//340 266//340
f 609//340 266//340 224//340
f 220//343 234//343 233//343
f 220//343 233//343 221//343
f 246//8 243//8 245//8
f 242//8 756//8 757//8
f 242//8 757//8 244//8
f 225//344 248//344 247//344
f 225//344 247//344 222//344
f 244//8 245//8 243//8
f 244//8 243//8 242//8
f 209//345 745//345 754//345
f 209//346 754//346 241//346
f 242//344 243//344 239//344
f 242//344 239//344 237//344
f 756//347 242//347 237//347
f 756//348 237//348 236//348
f 247//349 758//349 214//349
f 247//350 214//350 222//350
f 758//351 756//351 236//351
f 758//351 236//351 214//351
f 250//352 251//352 245//352
f 250//352 245//352 244//352
f 221//353 233//353 227//353
f 221//353 227//353 211//353
f 244//354 757//354 759//354
f 244//354 759//354 250//354
f 224//339 249//339 248//339
f 224//339 248//339 225//339
f 248//1 251//1 250//1
f 248//1 250//1 247//1
f 759//1 758//1 247//1
f 759//1 247//1 250//1
f 361//355 357//355 334//355
f 361//355 334//355 333//355
f 591//147 600//147 599//147
f 591//147 599//147 592//147
f 360//356 361//356 333//356
f 360//357 333//357 335//357
f 340//358 351//358 358//358
f 340//358 358//358 338//358
f 337//359 359//359 360//359
f 337//359 360//359 335//359
f 341//360 349//360 352//360
f 341//360 352//360 339//360
f 759//361 757//361 362//361
f 759//361 362//361 363//361
f 339//362 352//362 351//362
f 339//362 351//362 340//362
f 601//363 593//363 592//363
f 601//363 592//363 599//363
f 600//21 591//21 587//21
f 600//21 587//21 596//21
f 338//364 358//364 359//364
f 338//365 359//365 337//365
f 755//366 747//366 336//366
f 755//366 336//366 356//366
f 755//367 754//367 745//367
f 755//367 745//367 747//367
f 763//368 765//368 353//368
f 763//369 353//369 354//369
f 343//370 763//370 355//370
f 343//1 355//1 341//1
f 355//371 763//371 354//371
f 361//372 360//372 753//372
f 361//372 753//372 357//372
f 753//373 755//373 356//373
f 753//374 356//374 357//374
f 753//8 360//8 359//8
f 753//8 359//8 358//8
f 357//375 356//375 336//375
f 357//375 336//375 334//375
f 351//8 753//8 358//8
f 506//376 505//376 363//376
f 506//376 363//376 362//376
f 366//1 332//1 328//1
f 366//1 328//1 331//1
f 365//1 368//1 366//1
f 365//1 366//1 331//1
f 510//377 509//377 364//377
f 510//377 364//377 367//377
f 367//8 330//8 325//8
f 367//8 325//8 326//8
f 364//8 330//8 367//8
f 514//378 368//378 369//378
f 514//379 369//379 515//379
f 509//62 508//62 515//62
f 509//380 515//380 369//380
f 364//381 509//381 369//381
f 364//382 369//382 368//382
f 514//383 513//383 366//383
f 514//384 366//384 368//384
f 368//385 365//385 364//385
f 326//386 324//386 323//386
f 326//387 323//387 332//387
f 365//388 331//388 330//388
f 365//389 330//389 364//389
f 749//390 748//390 752//390
f 749//391 752//391 342//391
f 758//392 515//392 508//392
f 758//392 508//392 756//392
f 756//8 508//8 362//8
f 756//8 362//8 757//8
f 362//8 508//8 506//8
f 740//393 510//393 367//393
f 740//394 367//394 366//394
f 513//395 740//395 366//395
f 367//396 326//396 332//396
f 367//397 332//397 366//397
f 363//1 515//1 758//1
f 363//1 758//1 759//1
f 363//1 505//1 515//1
f 355//398 350//398 349//398
f 355//398 349//398 341//398
f 329//399 317//399 320//399
f 329//400 320//400 327//400
f 328//1 332//1 323//1
f 328//1 323//1 322//1
f 331//401 328//401 325//401
f 331//402 325//402 330//402
f 320//8 325//8 327//8
f 327//403 325//403 328//403
f 327//404 328//404 329//404
f 588//34 595//34 594//34
f 588//34 594//34 586//34
f 590//27 597//27 595//27
f 590//27 595//27 588//27
f 596//22 587//22 586//22
f 596//22 586//22 594//22
f 318//1 328//1 322//1
f 317//1 329//1 328//1
f 317//1 328//1 318//1
f 319//8 321//8 325//8
f 319//8 325//8 320//8
f 619//405 615//405 614//405
f 619//405 614//405 620//405
f 617//406 622//406 620//406
f 617//406 620//406 614//406
f 317//407 318//407 319//407
f 317//38 319//38 320//38
f 633//21 761//21 760//21
f 633//21 760//21 634//21
f 739//22 738//22 634//22
f 739//22 634//22 760//22
f 324//408 321//408 322//408
f 324//409 322//409 323//409
f 324//8 326//8 325//8
f 324//8 325//8 321//8
f 321//410 319//410 318//410
f 321//411 318//411 322//411
f 632//147 762//147 761//147
f 632//147 761//147 633//147
f 631//363 630//363 762//363
f 631//363 762//363 632//363
f 589//33 598//33 597//33
f 589//33 597//33 590//33
f 753//8 347//8 348//8
f 753//8 348//8 346//8
f 753//8 349//8 350//8
f 753//8 350//8 347//8
f 344//372 751//372 750//372
f 344//8 750//8 345//8
f 345//412 764//412 763//412
f 345//413 763//413 344//413
f 750//8 753//8 346//8
f 750//8 346//8 345//8
f 346//414 765//414 764//414
f 346//415 764//415 345//415
f 350//416 355//416 354//416
f 350//416 354//416 347//416
f 347//417 354//417 353//417
f 347//417 353//417 348//417
f 753//8 351//8 352//8
f 753//8 352//8 349//8
f 348//418 353//418 765//418
f 348//419 765//419 346//419
f 342//420 752//420 751//420
f 342//421 751//421 343//421
f 746//120 335//120 333//120
f 746//120 333//120 334//120
f 336//422 747//422 746//422
f 336//120 746//120 334//120
f 621//26 616//26 615//26
f 621//26 615//26 619//26
f 623//28 618//28 616//28
f 623//28 616//28 621//28
f 618//25 623//25 598//25
f 618//25 598//25 589//25
f 341//423 749//423 342//423
f 341//1 342//1 343//1
f 343//424 751//424 344//424
f 343//425 344//425 763//425
f 746//426 749//426 341//426
f 746//427 341//427 339//427
f 746//113 338//113 337//113
f 746//120 337//120 335//120
f 746//113 339//113 340//113
f 746//113 340//113 338//113
f 766//428 521//428 512//428
f 412//429 425//429 423//429
f 412//429 423//429 424//429
f 424//430 426//430 410//430
f 424//430 410//430 412//430
f 766//431 422//431 421//431
f 766//432 421//432 420//432
f 419//433 421//433 422//433
f 419//434 422//434 417//434
f 766//435 512//435 417//435
f 766//435 417//435 422//435
f 394//8 414//8 423//8
f 394//8 423//8 399//8
f 425//8 412//8 379//8
f 425//8 379//8 385//8
f 427//436 507//436 379//436
f 427//437 379//437 411//437
f 424//8 423//8 414//8
f 424//8 414//8 413//8
f 426//8 424//8 413//8
f 426//8 413//8 407//8
f 399//438 423//438 425//438
f 399//438 425//438 385//438
f 395//1 417//1 504//1
f 395//1 504//1 409//1
f 416//1 415//1 395//1
f 416//1 395//1 409//1
f 419//1 417//1 395//1
f 419//1 395//1 418//1
f 415//439 416//439 413//439
f 415//439 413//439 414//439
f 407//440 413//440 416//440
f 407//440 416//440 408//440
f 395//441 415//441 414//441
f 395//441 414//441 394//441
f 766//442 420//442 377//442
f 766//443 377//443 375//443
f 408//1 416//1 409//1
f 512//1 504//1 417//1
f 418//1 395//1 378//1
f 420//429 418//429 378//429
f 420//444 378//444 377//444
f 418//430 420//430 421//430
f 418//430 421//430 419//430
f 429//8 433//8 379//8
f 429//8 379//8 430//8
f 379//445 520//445 769//445
f 379//445 769//445 430//445
f 766//1 638//1 585//1
f 766//1 585//1 580//1
f 582//446 578//446 379//446
f 582//447 379//447 433//447
f 652//448 379//448 639//448
f 379//448 652//448 647//448
f 379//449 647//449 646//449
f 644//1 653//1 766//1
f 644//1 766//1 645//1
f 766//450 432//450 428//450
f 766//451 428//451 431//451
f 434//452 768//452 766//452
f 434//453 766//453 431//453
f 576//1 579//1 766//1
f 576//1 766//1 580//1
f 766//1 579//1 583//1
f 766//454 583//454 432//454
f 653//1 638//1 766//1
f 406//8 503//8 507//8
f 406//8 507//8 427//8
f 430//455 431//455 428//455
f 430//455 428//455 429//455
f 432//456 433//456 429//456
f 432//456 429//456 428//456
f 379//457 507//457 520//457
f 426//434 427//434 411//434
f 426//433 411//433 410//433
f 427//8 426//8 407//8
f 427//8 407//8 406//8
f 583//458 582//458 433//458
f 583//458 433//458 432//458
f 379//459 581//459 584//459
f 379//448 584//448 639//448
f 379//460 578//460 577//460
f 379//140 577//140 581//140
f 434//461 769//461 767//461
f 434//462 767//462 768//462
f 521//463 768//463 767//463
f 521//463 767//463 520//463
f 769//464 434//464 431//464
f 769//465 431//465 430//465
f 388//466 389//466 386//466
f 388//466 386//466 387//466
f 387//467 391//467 390//467
f 387//467 390//467 388//467
f 389//468 392//468 393//468
f 389//468 393//468 386//468
f 665//374 379//374 640//374
f 379//449 651//449 641//449
f 379//449 641//449 640//449
f 379//449 646//449 649//449
f 379//449 649//449 651//449
f 398//469 396//469 383//469
f 398//469 383//469 382//469
f 397//470 399//470 385//470
f 397//470 385//470 384//470
f 662//471 400//471 381//471
f 662//472 381//472 380//472
f 391//473 655//473 656//473
f 391//473 656//473 390//473
f 392//474 395//474 394//474
f 392//474 394//474 393//474
f 396//475 397//475 384//475
f 396//475 384//475 383//475
f 377//438 378//438 376//438
f 377//438 376//438 375//438
f 658//1 660//1 766//1
f 658//1 766//1 659//1
f 660//1 643//1 766//1
f 371//476 659//476 766//476
f 371//182 766//182 370//182
f 766//427 373//427 372//427
f 766//113 372//113 370//113
f 766//477 375//477 374//477
f 766//478 374//478 373//478
f 382//8 383//8 379//8
f 382//8 379//8 381//8
f 384//8 385//8 379//8
f 384//8 379//8 383//8
f 379//374 665//374 664//374
f 379//374 664//374 663//374
f 642//1 650//1 766//1
f 642//1 766//1 643//1
f 648//1 645//1 766//1
f 648//1 766//1 650//1
f 379//479 663//479 380//479
f 379//8 380//8 381//8
f 372//480 403//480 404//480
f 372//480 404//480 370//480
f 405//1 404//1 654//1
f 405//1 654//1 657//1
f 657//481 659//481 371//481
f 657//481 371//481 405//481
f 375//470 376//470 402//470
f 375//470 402//470 374//470
f 403//1 401//1 654//1
f 403//1 654//1 404//1
f 370//482 404//482 405//482
f 370//482 405//482 371//482
f 408//483 409//483 406//483
f 408//483 406//483 407//483
f 409//484 504//484 503//484
f 409//484 503//484 406//484
f 379//8 412//8 410//8
f 379//8 410//8 411//8
f 376//1 378//1 395//1
f 376//1 395//1 402//1
f 402//1 395//1 401//1
f 392//1 389//1 395//1
f 396//8 398//8 387//8
f 396//8 387//8 386//8
f 400//8 662//8 655//8
f 400//8 655//8 391//8
f 398//8 400//8 391//8
f 398//8 391//8 387//8
f 400//480 398//480 382//480
f 400//480 382//480 381//480
f 661//485 662//485 380//485
f 661//481 380//481 663//481
f 393//8 397//8 396//8
f 393//8 396//8 386//8
f 654//1 401//1 395//1
f 654//1 395//1 656//1
f 374//475 402//475 401//475
f 374//475 401//475 373//475
f 373//469 401//469 403//469
f 373//469 403//469 372//469
f 394//8 399//8 397//8
f 394//8 397//8 393//8
f 390//1 656//1 395//1
f 388//1 390//1 395//1
f 388//1 395//1 389//1
f 699//486 698//486 479//486
f 699//486 479//486 486//486
f 478//487 487//487 486//487
f 478//487 486//487 479//487
f 744//488 743//488 485//488
f 744//488 485//488 475//488
f 743//1 742//1 684//1
f 743//1 684//1 485//1
f 684//1 712//1 710//1
f 684//1 710//1 709//1
f 684//1 716//1 719//1
f 684//1 719//1 712//1
f 684//1 742//1 720//1
f 684//1 720//1 716//1
f 475//489 485//489 488//489
f 475//489 488//489 476//489
f 476//91 488//91 489//91
f 476//91 489//91 477//91
f 492//181 493//181 490//181
f 492//181 490//181 491//181
f 483//490 495//490 494//490
f 483//490 494//490 484//490
f 477//491 489//491 487//491
f 477//491 487//491 478//491
f 684//1 489//1 488//1
f 684//1 488//1 485//1
f 489//1 684//1 487//1
f 684//1 699//1 486//1
f 684//1 486//1 487//1
f 484//1 702//1 684//1
f 484//1 684//1 483//1
f 671//363 666//363 668//363
f 671//363 668//363 672//363
f 697//8 741//8 744//8
f 697//8 744//8 475//8
f 476//8 477//8 697//8
f 476//8 697//8 475//8
f 672//91 668//91 667//91
f 672//91 667//91 673//91
f 463//181 469//181 468//181
f 463//181 468//181 461//181
f 465//492 466//492 470//492
f 465//492 470//492 464//492
f 669//108 670//108 673//108
f 669//108 673//108 667//108
f 478//8 697//8 477//8
f 697//493 696//493 702//493
f 697//494 702//494 480//494
f 684//1 709//1 715//1
f 684//1 715//1 481//1
f 482//1 483//1 684//1
f 482//1 684//1 481//1
f 697//8 708//8 711//8
f 697//8 711//8 713//8
f 479//8 698//8 697//8
f 479//8 697//8 478//8
f 697//8 717//8 721//8
f 697//8 721//8 741//8
f 697//8 713//8 718//8
f 697//8 718//8 717//8
f 625//8 624//8 700//8
f 625//8 700//8 626//8
f 700//8 735//8 739//8
f 700//8 739//8 760//8
f 700//8 731//8 736//8
f 700//8 736//8 735//8
f 626//8 700//8 629//8
f 700//493 701//493 703//493
f 700//493 703//493 500//493
f 761//8 762//8 700//8
f 761//8 700//8 760//8
f 630//8 629//8 700//8
f 630//8 700//8 762//8
f 700//8 728//8 727//8
f 700//8 727//8 731//8
f 732//8 728//8 700//8
f 732//8 700//8 501//8
f 493//8 501//8 700//8
f 493//8 700//8 490//8
f 700//8 500//8 502//8
f 700//8 502//8 490//8
f 502//490 499//490 491//490
f 502//490 491//490 490//490
f 733//495 732//495 501//495
f 733//495 501//495 498//495
f 498//496 501//496 493//496
f 498//496 493//496 492//496
f 500//492 703//492 499//492
f 500//492 499//492 502//492
f 499//1 703//1 627//1
f 499//1 627//1 491//1
f 714//8 708//8 697//8
f 714//8 697//8 497//8
f 496//8 497//8 697//8
f 496//8 697//8 495//8
f 494//8 495//8 697//8
f 494//8 697//8 480//8
f 481//496 497//496 496//496
f 481//496 496//496 482//496
f 482//181 496//181 495//181
f 482//181 495//181 483//181
f 480//497 702//497 484//497
f 480//492 484//492 494//492
f 715//498 714//498 497//498
f 715//498 497//498 481//498
f 446//499 441//499 440//499
f 446//499 440//499 437//499
f 627//1 634//1 738//1
f 627//1 738//1 734//1
f 627//1 729//1 733//1
f 627//1 733//1 498//1
f 627//1 498//1 492//1
f 627//1 492//1 491//1
f 627//1 734//1 737//1
f 627//1 737//1 730//1
f 437//91 440//91 439//91
f 437//91 439//91 436//91
f 436//500 439//500 438//500
f 436//500 438//500 435//500
f 627//1 730//1 726//1
f 627//1 726//1 729//1
f 681//1 449//1 450//1
f 681//1 450//1 443//1
f 694//1 687//1 681//1
f 694//1 681//1 443//1
f 449//490 452//490 451//490
f 449//490 451//490 450//490
f 537//1 530//1 681//1
f 537//1 681//1 534//1
f 681//1 529//1 533//1
f 681//1 533//1 447//1
f 448//1 449//1 681//1
f 448//1 681//1 447//1
f 681//1 530//1 526//1
f 681//1 526//1 529//1
f 448//181 453//181 452//181
f 448//181 452//181 449//181
f 453//8 454//8 695//8
f 453//8 695//8 452//8
f 451//8 452//8 695//8
f 451//8 695//8 444//8
f 457//491 458//491 455//491
f 457//491 455//491 456//491
f 532//8 528//8 695//8
f 532//8 695//8 454//8
f 450//492 451//492 444//492
f 450//492 444//492 443//492
f 533//501 532//501 454//501
f 533//501 454//501 447//501
f 447//496 454//496 453//496
f 447//496 453//496 448//496
f 681//1 693//1 445//1
f 681//1 445//1 446//1
f 695//8 722//8 725//8
f 695//8 725//8 438//8
f 439//8 440//8 695//8
f 439//8 695//8 438//8
f 441//8 695//8 440//8
f 725//502 724//502 435//502
f 725//502 435//502 438//502
f 724//1 723//1 681//1
f 724//1 681//1 435//1
f 681//1 437//1 436//1
f 681//1 436//1 435//1
f 538//1 534//1 681//1
f 538//1 681//1 723//1
f 695//8 535//8 539//8
f 695//8 539//8 722//8
f 693//503 692//503 442//503
f 693//503 442//503 445//503
f 441//504 446//504 445//504
f 441//504 445//504 442//504
f 437//1 681//1 446//1
f 695//505 694//505 443//505
f 695//505 443//505 444//505
f 695//8 531//8 536//8
f 695//8 536//8 535//8
f 695//8 528//8 527//8
f 695//8 527//8 531//8
f 442//8 692//8 695//8
f 442//8 695//8 441//8
f 543//506 542//506 473//506
f 543//506 473//506 471//506
f 471//489 473//489 460//489
f 471//489 460//489 459//489
f 542//1 541//1 690//1
f 542//1 690//1 473//1
f 472//487 462//487 456//487
f 472//487 456//487 455//487
f 461//8 540//8 543//8
f 461//8 543//8 471//8
f 459//8 461//8 471//8
f 705//507 704//507 462//507
f 705//507 462//507 472//507
f 460//1 473//1 690//1
f 460//1 690//1 458//1
f 467//496 474//496 461//496
f 467//496 461//496 468//496
f 556//8 552//8 461//8
f 556//8 461//8 474//8
f 464//490 470//490 469//490
f 464//490 469//490 463//490
f 557//508 556//508 474//508
f 557//508 474//508 467//508
f 458//1 690//1 455//1
f 690//1 705//1 472//1
f 690//1 472//1 455//1
f 690//1 541//1 545//1
f 690//1 545//1 547//1
f 461//8 552//8 555//8
f 461//8 555//8 550//8
f 691//8 465//8 464//8
f 691//8 464//8 463//8
f 691//8 688//8 707//8
f 691//8 707//8 465//8
f 707//509 706//509 466//509
f 707//509 466//509 465//509
f 461//8 704//8 691//8
f 461//8 691//8 463//8
f 459//91 460//91 458//91
f 459//91 458//91 457//91
f 462//8 704//8 461//8
f 462//8 461//8 456//8
f 461//8 459//8 457//8
f 461//8 457//8 456//8
f 690//1 553//1 557//1
f 690//1 557//1 467//1
f 690//1 547//1 549//1
f 690//1 549//1 551//1
f 461//8 546//8 544//8
f 461//8 544//8 540//8
f 461//8 550//8 548//8
f 461//8 548//8 546//8
f 690//1 551//1 554//1
f 690//1 554//1 553//1
f 468//1 469//1 690//1
f 468//1 690//1 467//1
f 690//1 469//1 470//1
f 690//1 470//1 466//1
f 706//1 689//1 690//1
f 706//1 690//1 466//1
o Chassis_havok_s_rightTrack_1
v 1.565316 0.091890 2.103550
v 1.565316 0.645323 2.208519
v 1.565316 0.690113 2.144126
v 1.565316 0.718428 2.070030
v 1.565316 0.727695 1.991524
v 1.565316 0.516103 2.298492
v 1.565316 0.586119 2.261444
v 1.565316 0.360112 2.317016
v 1.565316 0.439394 2.317016
v 1.565316 0.283403 2.298492
v 1.565316 0.213388 2.261444
v 1.285814 0.439394 2.317016
v 1.285814 0.516103 2.298492
v 1.285814 0.360112 2.317016
v 1.285814 0.586119 2.261444
v 1.285814 0.213388 2.261444
v 1.285814 0.283403 2.298492
v 1.565316 0.586119 1.720722
v 1.565316 0.516103 1.684557
v 1.565316 0.645323 1.773648
v 1.565316 0.439394 1.665151
v 1.565316 0.360112 1.665151
v 1.565316 0.283403 1.684557
v 1.565316 0.213388 1.720722
v 1.565316 0.690113 1.838923
v 1.565316 0.718428 1.913018
v 1.285814 0.108879 1.838923
v 1.285814 0.645323 2.208519
v 1.285814 0.154183 2.208519
v 1.285814 0.690113 2.144126
v 1.285814 0.718428 2.070030
v 1.285814 0.727695 1.991524
v 1.285814 0.718428 1.913018
v 1.285814 0.645323 1.773648
v 1.285814 0.690113 1.838923
v 1.149570 -0.000778 2.015341
v 1.701829 -0.000778 2.015341
v 1.285814 0.072327 1.935953
v 1.565316 0.072327 1.935953
v 1.701829 0.013637 2.121192
v 1.149570 0.013637 2.121192
v 1.565316 0.108879 1.838923
v 1.285814 0.074386 2.010930
v 1.149570 0.074386 2.010930
v 1.285814 0.091890 2.103550
v 1.149570 0.091890 2.103550
v 1.285814 0.105790 2.151183
v 1.565316 0.154183 1.773648
v 1.701829 0.091890 2.103550
v 1.701829 0.120720 2.202344
v 1.565316 0.105790 2.151183
v 1.701829 0.074386 2.010930
v 1.565316 0.074386 2.010930
v 1.701829 0.042982 2.220868
v 1.149570 0.042982 2.220868
v 1.149570 0.120720 2.202344
v 1.565316 0.154183 2.208519
v 1.285814 0.586119 1.720722
v 1.285814 0.516103 1.684557
v 1.285814 0.439394 1.665151
v 1.285814 0.360112 1.665151
v 1.285814 0.283403 1.684557
v 1.285814 0.213388 1.720722
v 1.285814 0.154183 1.773648
v 1.285814 0.154183 1.414637
v 1.285814 0.213388 1.466680
v 1.285814 0.283403 1.503728
v 1.285814 0.360112 1.523134
v 1.285814 0.439394 1.523134
v 1.285814 0.645323 1.414637
v 1.285814 0.586119 1.466680
v 1.565316 0.645323 1.414637
v 1.565316 0.586119 1.466680
v 1.285814 0.516103 1.503728
v 1.565316 0.516103 1.503728
v 1.282307 0.783295 1.571649
v 1.571251 0.779177 1.598112
v 1.571251 0.801829 1.531073
v 1.282307 0.818818 1.509903
v 1.282307 0.783295 1.642216
v 1.571251 0.793077 1.667797
v 1.282307 0.818818 1.703963
v 1.571251 0.840440 1.721605
v 1.282307 0.951642 1.739246
v 1.282307 0.880597 1.474619
v 1.282307 0.951642 1.474619
v 1.282307 1.012906 1.509903
v 1.282307 1.012906 1.703963
v 1.571251 0.924356 1.470209
v 1.571251 0.991798 1.492261
v 1.571251 0.854855 1.484322
v 1.571251 1.030410 1.682792
v 1.571251 1.038647 1.546068
v 1.282307 0.880597 1.739246
v 1.571251 0.907367 1.743657
v 1.571251 0.977383 1.729543
v 1.362704 1.053062 1.653683
v 1.565239 0.213284 -1.475399
v 1.565239 0.154014 -1.421755
v 1.565239 0.439336 -0.878254
v 1.565239 0.283305 -1.512103
v 1.565239 0.439336 -1.530455
v 1.565239 0.360218 -1.530455
v 1.565239 0.360218 -0.878254
v 1.565239 0.283305 -0.898018
v 1.565239 0.213284 -0.934722
v 1.565239 0.154014 -0.986955
v 1.285714 0.154014 -1.421755
v 1.285714 0.645264 -1.421755
v 1.285714 0.690199 -1.356817
v 1.285714 0.718318 -1.283410
v 1.285714 0.690199 -1.051892
v 1.285714 0.645264 -0.986955
v 1.285714 0.515974 -1.512103
v 1.285714 0.585995 -1.475399
v 1.285714 0.360218 -1.530455
v 1.285714 0.439336 -1.530455
v 1.285714 0.283305 -1.512103
v 1.285714 0.213284 -1.475399
v 1.565239 0.690199 -1.356817
v 1.565239 0.718318 -1.283410
v 1.565239 0.690199 -1.051892
v 1.565239 0.585995 -1.475399
v 1.565239 0.645264 -1.421755
v 1.565239 0.515974 -1.512103
v 1.285714 0.154014 -0.986955
v 1.285714 0.213284 -0.934722
v 1.285714 0.283305 -0.898018
v 1.565239 0.585995 -0.934722
v 1.565239 0.515974 -0.898018
v 1.285714 0.515974 -0.898018
v 1.285714 0.585995 -0.934722
v 1.285714 0.439336 -0.878254
v 1.285714 0.360218 -0.878254
v 1.565239 0.645264 -0.986955
v 1.565239 0.213284 -0.682029
v 1.565239 0.439336 -0.086296
v 1.565239 0.283305 -0.718733
v 1.565239 0.360218 -0.086296
v 1.565239 0.213284 -0.141352
v 1.565239 0.283305 -0.104648
v 1.565239 0.154014 -0.194996
v 1.565239 0.360218 -0.738497
v 1.565239 0.439336 -0.738497
v 1.565239 0.515974 -0.718733
v 1.285714 0.154014 -0.194996
v 1.285714 0.585995 -0.682029
v 1.285714 0.645264 -0.629797
v 1.285714 0.515974 -0.718733
v 1.285714 0.360218 -0.738497
v 1.285714 0.439336 -0.738497
v 1.285714 0.213284 -0.682029
v 1.285714 0.283305 -0.718733
v 1.285714 0.690199 -0.564859
v 1.285714 0.718318 -0.490039
v 1.285714 0.690199 -0.259934
v 1.285714 0.645264 -0.194996
v 1.285714 0.585995 -0.141352
v 1.565239 0.690199 -0.564859
v 1.565239 0.718318 -0.490039
v 1.565239 0.645264 -0.629797
v 1.565239 0.585995 -0.682029
v 1.565239 0.690199 -0.259934
v 1.565239 0.645264 -0.194996
v 1.565239 0.585995 -0.141352
v 1.285714 0.213284 -0.141352
v 1.285714 0.283305 -0.104648
v 1.285714 0.360218 -0.086296
v 1.285714 0.439336 -0.086296
v 1.285714 0.515974 -0.104648
v 1.565239 0.515974 -0.104648
v 1.693499 0.583757 2.723159
v 1.693499 0.541434 2.750736
v 1.693499 0.912278 2.741097
v 1.693499 0.837399 2.702275
v 1.693499 0.481649 2.809370
v 1.693499 0.456196 2.849263
v 1.693499 0.426007 2.927978
v 1.693499 0.419792 2.976170
v 1.158327 0.541434 2.750736
v 1.158327 0.583757 2.723159
v 1.158327 0.837399 2.702275
v 1.158327 0.912278 2.741097
v 1.158327 0.481649 2.809370
v 1.158327 0.456196 2.849263
v 1.158327 0.426007 2.927978
v 1.158327 0.419792 2.976170
v 1.158327 1.002547 2.833466
v 1.158327 0.949273 2.771084
v 1.693499 0.949273 2.771084
v 1.693499 1.002547 2.833466
v 1.158327 1.025633 2.879517
v 1.285844 0.718167 -1.930470
v 1.285844 0.690011 -1.856765
v 1.285844 0.727730 -2.009036
v 1.285844 0.718167 -2.087601
v 1.285844 0.108822 -1.856765
v 1.285844 0.516292 -2.316008
v 1.285844 0.585886 -2.279560
v 1.285844 0.645386 -2.226913
v 1.285844 0.360104 -2.335446
v 1.285844 0.439260 -2.335446
v 1.285844 0.283072 -2.316008
v 1.285844 0.153978 -2.226913
v 1.285844 0.213478 -2.279560
v 1.285844 0.690011 -2.162117
v 1.565205 0.690011 -2.162117
v 1.565205 0.645386 -2.226913
v 1.565205 0.070040 -2.003366
v 1.565205 0.718167 -2.087601
v 1.565205 0.718167 -1.930470
v 1.565205 0.727730 -2.009036
v 1.565205 0.585886 -2.279560
v 1.565205 0.516292 -2.316008
v 1.565205 0.439260 -2.335446
v 1.565205 0.360104 -2.335446
v 1.565205 0.283072 -2.316008
v 1.565205 0.213478 -2.279560
v 1.565205 0.153978 -2.226913
v 1.565205 0.108822 -1.856765
v 1.565205 0.690011 -1.856765
v 1.701829 0.015321 -2.115139
v 1.701829 0.046134 -2.222863
v 1.149526 0.046134 -2.222863
v 1.149526 0.015321 -2.115139
v 1.565205 0.101384 -2.160497
v 1.285844 0.101384 -2.160497
v 1.149526 0.112009 -2.197754
v 1.701829 0.112009 -2.197754
v 1.285844 0.082790 -2.094891
v 1.149526 0.082790 -2.094891
v 1.701829 0.082790 -2.094891
v 1.565205 0.082790 -2.094891
v 1.285844 0.081197 -1.930470
v 1.565205 0.081197 -1.930470
v 1.076170 1.102793 -2.147537
v 1.701829 1.102793 -2.147537
v 1.076170 1.093762 -2.286039
v 1.701829 1.093762 -2.286039
v 1.604939 0.950324 -2.677246
v 1.604939 0.932262 -2.649708
v 1.247027 0.932262 -2.649708
v 1.247027 0.950324 -2.677246
v 1.604939 0.913137 -2.627839
v 1.247027 0.913137 -2.627839
v 1.604939 0.691605 -2.536314
v 1.604939 0.659198 -2.537934
v 1.247027 0.659198 -2.537934
v 1.247027 0.691605 -2.536314
v 1.604939 0.722417 -2.536314
v 1.247027 0.722417 -2.536314
v 1.604939 0.753761 -2.539554
v 1.247027 0.753761 -2.539554
v 1.604939 0.891355 -2.607590
v 1.604939 0.865855 -2.588961
v 1.247027 0.544979 -2.578432
v 1.247027 0.522135 -2.594631
v 1.247027 0.571011 -2.563043
v 1.247027 0.498229 -2.614880
v 1.247027 0.474323 -2.638368
v 1.247027 0.629448 -2.543604
v 1.247027 0.600229 -2.551703
v 1.247027 0.454666 -2.662667
v 1.247027 0.439260 -2.685346
v 1.604939 0.837168 -2.571142
v 1.604939 0.810605 -2.557373
v 1.604939 0.782449 -2.546844
v 1.247027 0.810605 -2.557373
v 1.247027 0.782449 -2.546844
v 1.604939 0.571011 -2.563043
v 1.604939 0.544979 -2.578432
v 1.604939 0.600229 -2.551703
v 1.604939 0.629448 -2.543604
v 1.604939 0.498229 -2.614880
v 1.604939 0.474323 -2.638368
v 1.604939 0.454666 -2.662667
v 1.604939 0.439260 -2.685346
v 1.604939 0.522135 -2.594631
v 1.282268 1.053915 -1.646055
v 1.282268 1.053889 -1.548266
v 1.405108 1.053914 -1.643610
v 1.282268 1.053268 0.854883
v 1.282268 1.053292 0.761984
v 1.282268 1.053476 0.050574
v 1.282268 1.053499 -0.037436
v 1.282268 1.053683 -0.751291
v 1.282268 1.053707 -0.841745
v 1.362043 1.053268 0.854883
v 1.340440 1.053476 0.050574
v 1.390988 1.053292 0.761984
v 1.381387 1.053706 -0.839300
v 1.375316 1.053890 -1.548266
v 1.364302 1.053499 -0.037436
v 1.354560 1.053683 -0.748846
v 1.571295 1.053701 -0.817298
v 1.571295 1.053893 -1.562934
v 1.571295 1.053909 -1.624052
v 1.571295 1.053687 -0.763514
v 1.571295 1.053493 -0.012989
v 1.571295 1.053480 0.035906
v 1.571295 1.053287 0.783987
v 1.571295 1.053272 0.840215
v 1.565239 0.069423 1.106701
v 1.565239 0.069564 0.484572
v 1.285714 0.069564 0.484572
v 1.285714 0.069423 1.106701
v 1.565239 0.069746 -0.323021
v 1.565239 0.069605 0.299107
v 1.285714 0.069605 0.299107
v 1.285714 0.069746 -0.323021
v 1.565239 0.069786 -0.501443
v 1.565239 0.069966 -1.294950
v 1.565239 0.069925 -1.114181
v 1.285714 0.069925 -1.114181
v 1.285714 0.069786 -0.501443
v 1.565239 0.213284 0.121758
v 1.285714 0.213284 0.121758
v 1.565239 0.154014 0.609882
v 1.285714 0.154014 0.609882
v 1.565239 0.439336 0.718030
v 1.565239 0.360218 0.718030
v 1.565239 0.213284 0.661520
v 1.565239 0.283305 0.698544
v 1.285714 0.585995 0.121758
v 1.285714 0.645264 0.174370
v 1.285714 0.690199 0.239648
v 1.285714 0.718318 0.313695
v 1.285714 0.690199 0.544604
v 1.285714 0.645264 0.609882
v 1.285714 0.585995 0.661520
v 1.565239 0.690199 0.239648
v 1.565239 0.718318 0.313695
v 1.565239 0.645264 0.174370
v 1.565239 0.585995 0.121758
v 1.565239 0.690199 0.544604
v 1.565239 0.645264 0.609882
v 1.565239 0.585995 0.661520
v 1.285714 0.213284 0.661520
v 1.285714 0.283305 0.698544
v 1.285714 0.360218 0.718030
v 1.285714 0.439336 0.718030
v 1.285714 0.515974 0.698544
v 1.565239 0.515974 0.698544
v 1.285714 0.360218 0.870995
v 1.285714 0.283305 0.890481
v 1.565239 0.283305 0.890481
v 1.565239 0.360218 0.870995
v 1.285714 0.439336 0.870995
v 1.565239 0.439336 0.870995
v 1.285714 0.515974 0.890481
v 1.285714 0.585995 0.926530
v 1.285714 0.645264 0.979142
v 1.285714 0.213284 0.926530
v 1.285714 0.690199 1.044420
v 1.285714 0.718318 1.118467
v 1.565239 0.690199 1.044420
v 1.565239 0.213284 0.926530
v 1.565239 0.645264 0.979142
v 1.565239 0.585995 0.926530
v 1.565239 0.515974 0.890481
v 1.693577 0.471079 3.184311
v 1.693577 0.511448 3.230585
v 1.693577 0.560028 3.268729
v 1.693577 0.439947 3.129283
v 1.693577 0.614766 3.296556
v 1.693577 0.674294 3.313439
v 1.693577 0.735874 3.318442
v 1.693577 0.797112 3.311563
v 1.693577 0.855955 3.293117
v 1.693577 0.910009 3.263726
v 1.701829 0.957563 3.224331
v 1.701829 0.910009 3.263726
v 1.701829 0.984589 3.288114
v 1.701829 1.028380 3.242778
v 1.693577 0.957563 3.224331
v 1.158389 0.511448 3.230585
v 1.158389 0.471079 3.184311
v 1.158389 0.560028 3.268729
v 1.158389 0.614766 3.296556
v 1.158389 0.674294 3.313439
v 1.158389 0.797112 3.311563
v 1.158389 0.735874 3.318442
v 1.158389 0.910009 3.263726
v 1.158389 0.855955 3.293117
v 1.076170 0.910009 3.263726
v 1.158389 0.957563 3.224331
v 1.076170 0.957563 3.224331
v 1.158389 0.996563 3.176807
v 1.076170 0.996563 3.176807
v 1.076170 1.028380 3.242778
v 1.076170 0.984589 3.288114
v 1.076170 0.511448 3.230585
v 1.076170 0.560028 3.268729
v 1.701829 0.463210 3.276546
v 1.701829 0.410867 3.215890
v 1.149526 0.410867 3.215890
v 1.149526 0.451236 3.264977
v 1.149526 0.453631 3.153358
v 1.076170 0.451236 3.264977
v 1.076170 0.453631 3.153358
v 1.701829 0.471079 3.184311
v 1.076170 0.471079 3.184311
v 1.701829 0.500500 3.308749
v 1.701829 0.511448 3.230585
v 1.701829 0.560028 3.268729
v 1.076170 1.111171 3.065188
v 1.701829 1.111171 3.065188
v 1.701829 1.095434 3.128032
v 1.076170 1.095434 3.128032
v 1.158389 1.044117 3.063625
v 1.158389 1.025985 3.122405
v 1.076170 1.066012 3.188376
v 1.701829 1.066012 3.188376
v 1.701829 1.044117 3.063625
v 1.701829 1.025985 3.122405
v 1.693577 0.996563 3.176807
v 1.693577 1.025985 3.122405
v 1.693577 1.044117 3.063625
v 1.701829 0.996563 3.176807
v 1.076170 1.044117 3.063625
v 1.076170 1.025985 3.122405
v 1.076170 0.674294 3.313439
v 1.076170 0.681136 3.381286
v 1.076170 0.615792 3.367217
v 1.076170 0.614766 3.296556
v 1.076170 0.735874 3.318442
v 1.076170 0.744769 3.383475
v 1.076170 0.554554 3.343142
v 1.701829 0.615792 3.367217
v 1.701829 0.681136 3.381286
v 1.701829 0.674294 3.313439
v 1.701829 0.614766 3.296556
v 1.701829 0.744769 3.383475
v 1.701829 0.735874 3.318442
v 1.701829 0.554554 3.343142
v 1.076170 0.500500 3.308749
v 1.076170 0.463210 3.276546
v 1.076170 0.873403 3.356586
v 1.076170 0.811823 3.375346
v 1.076170 0.797112 3.311563
v 1.076170 0.855955 3.293117
v 1.701829 0.873403 3.356586
v 1.701829 0.855955 3.293117
v 1.701829 0.797112 3.311563
v 1.701829 0.811823 3.375346
v 1.247027 0.993657 -2.839260
v 1.247027 0.993657 -2.824827
v 1.247027 0.416720 -2.744090
v 1.247027 0.991423 -2.794607
v 1.247027 0.985361 -2.763485
v 1.247027 0.407467 -2.778821
v 1.247027 0.404276 -2.807236
v 1.247027 0.402042 -2.837456
v 1.247027 0.428527 -2.953825
v 1.247027 0.989509 -2.884364
v 1.247027 0.404276 -2.865872
v 1.247027 0.410338 -2.898347
v 1.247027 0.947387 -2.990810
v 1.247027 0.973554 -2.939392
v 1.076170 0.973554 -2.939392
v 1.076170 0.947387 -2.990810
v 1.604939 0.975787 -2.735069
v 1.604939 0.410338 -2.898347
v 1.604939 0.404276 -2.865872
v 1.604939 0.402042 -2.837456
v 1.604939 0.404276 -2.807236
v 1.604939 0.407467 -2.778821
v 1.604939 0.985361 -2.763485
v 1.604939 0.991423 -2.794607
v 1.604939 0.993657 -2.824827
v 1.604939 0.993657 -2.839260
v 1.604939 0.989509 -2.884364
v 1.604939 0.457566 -3.003891
v 1.604939 0.973554 -2.939392
v 1.604939 0.947387 -2.990810
v 1.149526 0.452460 -2.995321
v 1.247027 0.457566 -3.003891
v 1.701829 0.457566 -3.003891
v 1.076170 0.989509 -2.884364
v 1.076170 1.032907 -2.975024
v 1.076170 1.055244 -2.903759
v 1.701829 0.973554 -2.939392
v 1.701829 0.989509 -2.884364
v 1.701829 0.947387 -2.990810
v 1.701829 1.055244 -2.903759
v 1.701829 1.032907 -2.975024
v 1.604939 0.817832 -3.101316
v 1.604939 0.762946 -3.119358
v 1.604939 0.867931 -3.073351
v 1.604939 0.705827 -3.126574
v 1.604939 0.648389 -3.122515
v 1.604939 0.592865 -3.107630
v 1.604939 0.911648 -3.035915
v 1.701829 0.911648 -3.035915
v 1.701829 0.867931 -3.073351
v 1.247027 0.817832 -3.101316
v 1.247027 0.867931 -3.073351
v 1.247027 0.762946 -3.119358
v 1.247027 0.648389 -3.122515
v 1.247027 0.705827 -3.126574
v 1.247027 0.911648 -3.035915
v 1.076170 0.867931 -3.073351
v 1.076170 0.911648 -3.035915
v 1.076170 0.947706 -3.096805
v 1.076170 0.997167 -3.039974
v 1.701829 0.997167 -3.039974
v 1.701829 0.947706 -3.096805
v 1.076170 0.748268 -3.193328
v 1.076170 0.762946 -3.119358
v 1.076170 0.705827 -3.126574
v 1.076170 0.673917 -3.196486
v 1.076170 0.821980 -3.174836
v 1.076170 0.817832 -3.101316
v 1.701829 0.817832 -3.101316
v 1.701829 0.762946 -3.119358
v 1.701829 0.705827 -3.126574
v 1.701829 0.748268 -3.193328
v 1.701829 0.673917 -3.196486
v 1.701829 0.821980 -3.174836
v 1.076170 0.600842 -3.184308
v 1.701829 0.600842 -3.184308
v 1.247027 0.592865 -3.107630
v 1.076170 0.592865 -3.107630
v 1.076170 0.648389 -3.122515
v 1.701829 0.648389 -3.122515
v 1.701829 0.592865 -3.107630
v 1.076170 0.888992 -3.142361
v 1.701829 0.888992 -3.142361
v 1.701829 0.414487 -3.062977
v 1.149526 0.414487 -3.062977
v 1.604939 0.495539 -3.047191
v 1.701829 0.495539 -3.047191
v 1.604939 0.541170 -3.081921
v 1.701829 0.541170 -3.081921
v 1.076170 0.495539 -3.047191
v 1.247027 0.495539 -3.047191
v 1.076170 0.457566 -3.003891
v 1.076170 0.452460 -2.995321
v 1.149526 0.451822 -3.100414
v 1.076170 0.451822 -3.100414
v 1.076170 0.541170 -3.081921
v 1.247027 0.541170 -3.081921
v 1.149526 0.447035 -3.096805
v 1.076170 0.530321 -3.157245
v 1.701829 0.530321 -3.157245
v 1.076170 0.503516 -3.139203
v 1.701829 0.503516 -3.139203
v 1.701829 0.447035 -3.096805
v 1.282268 0.880533 0.675412
v 1.571295 0.854862 0.685889
v 1.571295 0.924497 0.670174
v 1.282268 0.951519 0.675412
v 1.282268 0.951519 0.138461
v 1.571295 0.977190 0.127984
v 1.571295 0.907556 0.143699
v 1.282268 0.880533 0.138461
v 1.282268 0.783460 -0.029173
v 1.571295 0.779095 -0.002980
v 1.571295 0.801649 -0.068462
v 1.282268 0.819005 -0.092035
v 1.282268 0.783460 0.041548
v 1.571295 0.793230 0.067740
v 1.282268 0.819005 0.104410
v 1.571295 0.840208 0.120126
v 1.282268 0.880533 -0.126086
v 1.282268 0.951519 -0.126086
v 1.571295 0.924497 -0.131324
v 1.571295 0.854862 -0.115609
v 1.282268 0.783460 0.772325
v 1.571295 0.779095 0.798518
v 1.571295 0.801649 0.733036
v 1.282268 0.819005 0.712082
v 1.282268 0.783460 0.843046
v 1.571295 0.793230 0.869238
v 1.282268 0.819005 0.905908
v 1.571295 0.840208 0.921624
v 1.282268 0.951519 0.939959
v 1.282268 0.880533 0.939959
v 1.571295 0.907556 0.945197
v 1.571295 0.977190 0.932101
v 1.571295 0.924497 -0.932822
v 1.282268 0.951519 -0.927584
v 1.282268 0.880533 -0.927584
v 1.571295 0.854862 -0.919726
v 1.571295 0.907556 -1.459296
v 1.282268 0.880533 -1.464535
v 1.282268 0.951519 -1.464535
v 1.571295 0.977190 -1.475012
v 1.571295 0.801649 -1.674077
v 1.282268 0.819005 -1.695031
v 1.282268 0.783460 -1.632169
v 1.571295 0.779095 -1.605976
v 1.282268 0.783460 -1.561448
v 1.571295 0.793230 -1.535255
v 1.282268 0.819005 -1.501205
v 1.571295 0.840208 -1.482870
v 1.282268 0.880533 -1.729082
v 1.282268 0.951519 -1.729082
v 1.571295 0.924497 -1.734320
v 1.571295 0.991845 -1.710747
v 1.571295 0.854862 -1.721224
v 1.282268 0.783460 -0.830671
v 1.571295 0.779095 -0.804478
v 1.571295 0.801649 -0.872579
v 1.282268 0.819005 -0.893533
v 1.282268 0.783460 -0.759950
v 1.571295 0.793230 -0.733758
v 1.282268 0.819005 -0.699707
v 1.571295 0.840208 -0.681372
v 1.282268 0.951519 -0.663037
v 1.571295 0.991845 -0.909249
v 1.282268 0.880533 -0.663037
v 1.571295 0.907556 -0.657799
v 1.571295 0.977190 -0.673514
v 1.158327 0.705855 2.686199
v 1.158327 0.660902 2.693900
v 1.693499 0.660902 2.693900
v 1.693499 0.705855 2.686199
v 1.701829 -0.000720 1.842409
v 1.149570 -0.000720 1.842409
v 1.149570 0.069256 1.844429
v 1.701829 0.069256 1.844429
v 1.149570 0.168232 2.571461
v 1.701829 0.168232 2.571461
v 1.149570 0.234460 2.549733
v 1.701829 0.234460 2.549733
v 1.285714 0.069382 1.287251
v 1.565239 0.069382 1.287251
v 1.565239 0.213234 1.467102
v 1.565239 0.154014 1.414637
v 1.565239 0.283289 1.503870
v 1.565239 0.360108 1.522803
v 1.565239 0.439226 1.522803
v 1.565239 0.109070 1.349525
v 1.285714 0.109070 1.349525
v 1.285714 0.718318 1.275548
v 1.285714 0.690263 1.349525
v 1.565239 0.690263 1.349525
v 1.565239 0.718318 1.275548
v 1.565239 0.727855 1.197007
v 1.565239 0.718318 1.118468
v 1.076170 1.047295 3.002731
v 1.158327 1.047471 2.962299
v 1.701829 1.053055 1.679166
v 1.076170 1.053055 1.679166
v 1.693499 1.047471 2.962299
v 1.701829 1.047295 3.002731
v 1.701829 1.117875 3.004314
v 1.701829 1.123647 1.680162
v 1.693499 1.047295 3.002731
v 1.076170 1.117875 3.004314
v 1.076170 1.123647 1.680162
v 1.693499 0.790600 2.690384
v 1.158327 0.790600 2.690384
v 1.282268 1.053062 1.653431
v 1.571295 1.053065 1.640082
v 1.571295 1.053080 1.581973
v 1.391979 1.053085 1.561675
v 1.282268 1.053086 1.560421
v 1.565239 0.109070 -1.357176
v 1.565239 0.109070 -1.052143
v 1.285714 0.109070 -1.357176
v 1.285714 0.109070 -1.052143
v 1.285714 0.727855 -1.204660
v 1.285714 0.718318 -1.126121
v 1.565239 0.727855 -1.204660
v 1.565239 0.718318 -1.126121
v 1.565239 0.213234 -1.739188
v 1.565239 0.154014 -1.791652
v 1.285714 0.154014 -1.791652
v 1.285714 0.213234 -1.739188
v 1.565239 0.283289 -1.702420
v 1.285714 0.283289 -1.702420
v 1.565239 0.360108 -1.683486
v 1.285714 0.360108 -1.683486
v 1.285714 0.439226 -1.683486
v 1.565239 0.439226 -1.683486
v 1.565239 0.586099 -1.739188
v 1.565239 0.516044 -1.702420
v 1.285714 0.516044 -1.702420
v 1.285714 0.586099 -1.739188
v 1.285714 0.645319 -1.791652
v 1.565239 0.645319 -1.791652
v 1.565239 0.154014 -0.629720
v 1.565239 0.109070 -0.564608
v 1.565239 0.109070 -0.259575
v 1.285714 0.109070 -0.259575
v 1.285714 0.154014 -0.629720
v 1.285714 0.109070 -0.564608
v 1.285714 0.727855 -0.412091
v 1.285714 0.718318 -0.333551
v 1.565239 0.727855 -0.412091
v 1.565239 0.718318 -0.333551
v 1.565239 0.283289 0.084990
v 1.565239 0.360108 0.066056
v 1.285714 0.360108 0.066056
v 1.285714 0.283289 0.084990
v 1.565239 0.439225 0.066056
v 1.285714 0.439225 0.066056
v 1.285714 0.516044 0.084990
v 1.565239 0.516044 0.084990
v 1.693499 0.424131 3.058842
v 1.158327 1.047295 3.002731
v 1.158327 0.424131 3.058842
v 1.158327 1.047082 2.959439
v 1.693499 1.025632 2.879517
v 1.693499 1.047082 2.959439
v 1.149570 0.375597 3.151533
v 1.701829 0.375597 3.151533
v 1.693499 0.429547 3.100386
v 1.158327 0.429547 3.100386
v 1.701829 0.439797 3.129319
v 1.149570 0.439797 3.129319
v 1.158327 0.439797 3.129319
v 1.285714 0.070126 -2.003187
v 1.149570 0.000226 -2.016017
v 1.701829 0.000226 -2.016017
v 1.149570 0.070126 -2.003187
v 1.701829 0.070126 -2.003187
v 1.565239 0.070120 -1.974063
v 1.285714 0.070120 -1.974063
v 1.701829 0.371225 -2.997291
v 1.149570 0.371225 -2.997291
v 1.604954 0.413393 -2.917943
v 1.604954 0.428472 -2.953982
v 1.701829 0.428472 -2.953982
v 1.149570 0.428472 -2.953982
v 1.246999 0.413393 -2.917943
v 1.701829 0.994559 -2.828110
v 1.076170 0.994559 -2.828110
v 1.076170 1.053918 -1.659723
v 1.701829 1.053918 -1.659723
v 1.076170 1.124407 -1.663652
v 1.701829 1.124407 -1.663652
v 1.076170 1.062516 -2.834007
v 1.701829 1.062516 -2.834007
v 1.604954 0.963407 -2.703897
v 1.246999 0.963407 -2.703897
v 1.604954 0.416816 -2.744075
v 1.246999 0.865807 -2.588989
v 1.246999 0.891515 -2.607879
v 1.246999 0.426842 -2.714941
v 1.246999 0.975692 -2.735070
v 1.604954 0.426842 -2.714941
v 1.246999 0.836972 -2.571143
v 1.571295 1.038869 -1.658513
v 1.571295 1.038869 -0.856765
v 1.571295 1.030398 0.884061
v 1.282268 1.013056 0.905273
v 1.282268 1.013056 0.711238
v 1.571295 1.038869 0.747119
v 1.571295 0.991845 0.693895
v 1.571295 1.038869 -0.054979
v 1.571295 1.030398 0.081963
v 1.282268 1.013056 0.103173
v 1.282268 1.013056 -0.090862
v 1.571295 0.991845 -0.108205
v 1.282268 1.013056 -0.698612
v 1.571295 1.030398 -0.719822
v 1.571295 1.030398 -1.521570
v 1.282268 1.013056 -0.892648
v 1.282268 1.013056 -1.694396
v 1.282268 1.013056 -1.500361
v 1.285714 0.069966 -1.294950
v 1.285714 0.109070 1.044492
v 1.285714 0.109070 0.239334
v 1.285714 0.109070 0.544368
v 1.565239 0.109070 1.044492
v 1.565239 0.109070 0.544368
v 1.565239 0.109070 0.239334
v 1.285714 0.154014 0.979379
v 1.565239 0.154014 0.979379
v 1.565239 0.154014 0.174222
v 1.285714 0.154014 0.174222
v 1.285714 0.727855 0.391852
v 1.285714 0.718318 0.470391
v 1.565239 0.727855 0.391852
v 1.565239 0.718318 0.470391
v 1.285714 0.727855 1.197007
vn 1.0000 -0.0000 -0.0000
vn -0.0013 -0.2408 -0.9706
vn -0.0000 -0.2453 -0.9695
vn -1.0000 -0.0000 -0.0000
vn -0.0000 -0.4677 -0.8839
vn 1.0000 -0.0000 -0.0015
vn -0.0000 -0.6602 -0.7511
vn -0.0000 -0.8230 -0.5680
vn -1.0000 0.0015 0.0022
vn -0.0000 1.0000 0.0044
vn -0.0000 -1.0000 -0.0044
vn -1.0000 0.0019 0.0035
vn -1.0000 0.0009 0.0011
vn -0.0000 0.6665 0.7455
vn -0.0000 0.4589 0.8885
vn -0.0000 0.8215 0.5702
vn 0.0004 0.6631 -0.7485
vn 0.0015 0.6602 -0.7511
vn -0.0000 0.8433 -0.5374
vn 1.0000 -0.0002 -0.0002
vn 1.0000 0.0002 -0.0017
vn -0.0000 0.8230 -0.5681
vn 0.0005 0.8220 -0.5695
vn 0.0016 0.4647 -0.8855
vn 0.0006 0.4677 -0.8839
vn 0.0006 0.2393 -0.9709
vn -0.0011 0.2453 -0.9695
vn -0.0012 -0.0000 -1.0000
vn 0.0020 -0.7829 -0.6221
vn 0.0018 -0.7828 -0.6223
vn 0.0159 0.4959 -0.8682
vn -0.0145 0.3129 -0.9497
vn 0.0153 -0.0000 -0.9999
vn -0.0153 -0.1976 -0.9802
vn 0.0154 -0.4990 -0.8665
vn -0.0149 -0.6613 -0.7500
vn -0.0305 -0.8830 -0.4684
vn -0.0071 -0.7826 0.6225
vn -0.0086 -0.7811 0.6243
vn -0.0000 1.0000 0.0003
vn -0.0000 1.0000 0.0002
vn -0.0150 -0.7541 0.6566
vn -0.0422 -0.9270 0.3727
vn -1.0000 0.0019 -0.0000
vn -1.0000 0.0026 0.0002
vn 1.0000 0.0010 -0.0000
vn -0.0158 0.9473 0.3201
vn 0.0144 0.8667 0.4986
vn 0.0143 0.9999 -0.0000
vn -0.0159 0.9806 -0.1956
vn 0.0148 0.8667 -0.4986
vn -0.0158 0.7505 -0.6606
vn -0.0000 -0.0493 0.9988
vn -0.0000 -0.9931 0.1172
vn -0.0000 -0.9931 -0.1172
vn -0.0000 -0.9341 -0.3570
vn -0.0161 0.6612 0.7500
vn 0.0150 0.4959 0.8683
vn 0.0153 -0.0000 0.9999
vn -0.0152 0.1990 0.9799
vn 0.0164 -0.4990 0.8664
vn -0.0148 -0.3108 0.9504
vn -0.0000 -0.6665 -0.7455
vn -0.0000 -0.8209 -0.5710
vn -0.0000 -0.9994 0.0335
vn -0.0000 0.9909 -0.1349
vn -0.0000 0.9358 0.3525
vn -0.0000 -0.8246 0.5658
vn -0.0000 -0.9341 0.3570
vn -0.0000 0.1688 0.9856
vn -0.0000 0.1689 0.9856
vn -0.0000 -0.2347 -0.9721
vn -0.0000 -0.0000 -1.0000
vn -0.0000 0.4677 -0.8839
vn -0.0000 0.2347 -0.9721
vn -0.0000 -0.9600 0.2801
vn -0.0000 0.7642 -0.6450
vn -0.0000 0.6665 -0.7455
vn -0.0000 0.9593 -0.2824
vn -0.0000 -0.6665 0.7455
vn -0.0000 0.2453 0.9695
vn -0.0000 -0.0000 1.0000
vn -0.0000 -0.2453 0.9695
vn -0.0000 -1.0000 -0.0002
vn -0.0000 -0.4589 0.8885
vn -0.0000 -0.9504 0.3112
vn -0.0000 -0.9995 0.0308
vn 0.0041 -0.9996 0.0275
vn -0.0000 -0.9826 0.1857
vn -0.0000 0.9417 -0.3364
vn -0.0018 -0.9995 0.0308
vn -0.0000 -0.9996 0.0275
vn -0.0000 0.2489 0.9685
vn -0.0000 0.4643 0.8857
vn -0.0000 -0.9361 0.3518
vn -0.0000 0.6617 0.7498
vn -0.0000 -0.2497 0.9683
vn -0.0000 0.6710 0.7414
vn -0.0000 0.8208 -0.5712
vn -0.0000 -0.9926 0.1214
vn -0.0000 0.2321 -0.9727
vn -0.0000 -0.4643 -0.8857
vn -0.0000 -0.2393 0.9709
vn -0.0000 0.2393 0.9709
vn -0.0000 -0.2329 -0.9725
vn -0.0000 0.4643 -0.8857
vn -0.0000 -0.8223 -0.5690
vn -0.0000 -0.9342 -0.3568
vn -0.0000 -0.4643 0.8857
vn -0.0000 -0.8223 0.5690
vn -0.0000 -0.6612 0.7502
vn -0.0000 -0.6710 -0.7414
vn -0.0000 0.6710 -0.7414
vn -0.0000 -0.9352 -0.3542
vn -0.0000 -0.6710 0.7414
vn -0.0000 -0.9927 0.1202
vn -0.0000 -0.9338 0.3577
vn -0.0000 0.6612 -0.7502
vn -0.0000 0.8208 0.5712
vn -0.0000 0.2393 -0.9709
vn -0.0000 0.4647 -0.8855
vn -0.0000 0.6631 -0.7485
vn -0.0000 -0.4647 -0.8855
vn -0.0000 -0.2329 0.9725
vn -0.0000 0.2321 0.9727
vn -0.0000 -0.2393 -0.9709
vn -0.0000 -0.6631 -0.7485
vn -0.0000 0.2489 -0.9685
vn -0.0000 -0.2497 -0.9683
vn -0.0000 0.8233 -0.5676
vn -0.0000 -0.6612 -0.7502
vn -0.0000 -0.8940 0.4481
vn -0.0000 -0.6297 0.7769
vn -0.0000 -0.7604 0.6494
vn -0.0000 -0.9909 0.1346
vn -0.0000 -0.9658 0.2592
vn -0.0000 -0.9426 0.3339
vn -0.0000 -0.9426 0.3340
vn -0.0000 0.9918 0.1279
vn -0.0000 0.9416 -0.3366
vn -0.0000 0.9986 -0.0524
vn -0.0000 0.8430 0.5379
vn -0.0000 0.7002 0.7139
vn -0.0000 0.3546 0.9350
vn -0.0000 0.9337 0.3581
vn -0.0000 0.5459 0.8378
vn -0.0000 -0.2463 0.9692
vn -0.0000 -0.4603 0.8878
vn -1.0000 -0.0000 -0.0005
vn 0.0004 -0.5921 -0.8058
vn 0.0001 -0.5899 -0.8075
vn -0.0000 -0.9354 0.3535
vn -0.0000 -0.9927 0.1208
vn -0.0000 -0.9927 -0.1208
vn -0.0000 -0.8236 0.5672
vn 1.0000 -0.0000 -0.0001
vn 1.0000 -0.0000 -0.0002
vn 1.0000 -0.0009 -0.0015
vn 0.0003 -0.6809 -0.7324
vn -0.0000 -0.6783 -0.7348
vn 1.0000 0.0001 -0.0000
vn -0.0000 -0.8977 -0.4407
vn -0.0000 -0.7527 -0.6583
vn -0.0000 -0.4639 0.8859
vn -0.0000 -0.8362 -0.5485
vn -0.0000 -0.9984 0.0569
vn -0.0000 -0.1028 -0.9947
vn -0.0000 -0.8245 -0.5659
vn -0.0000 -0.9342 -0.3569
vn -0.0000 -0.2447 0.9696
vn -0.0000 -0.6627 0.7489
vn -0.0000 0.0499 -0.9988
vn -0.0000 0.7775 -0.6289
vn -0.0000 0.9221 -0.3869
vn -0.0000 0.8272 -0.5619
vn -0.0000 0.7008 -0.7133
vn -0.0000 0.3618 -0.9323
vn -0.0000 0.2671 -0.9637
vn -0.0000 0.1872 -0.9823
vn -1.0000 0.0002 -0.0003
vn -1.0000 0.0001 -0.0002
vn -1.0000 0.0003 -0.0003
vn -1.0000 0.0005 -0.0005
vn -1.0000 0.0019 -0.0013
vn -1.0000 0.0010 -0.0008
vn -1.0000 -0.0000 -0.0001
vn -1.0000 0.0001 -0.0001
vn -0.0000 0.6463 -0.7631
vn -0.0000 0.5784 -0.8157
vn 0.0001 -0.5263 -0.8503
vn 0.0003 -0.5276 -0.8495
vn 1.0000 -0.0000 -0.0010
vn 1.0000 -0.0002 -0.0008
vn 1.0000 0.0047 0.0071
vn 1.0000 -0.0005 -0.0014
vn -0.0000 0.5089 -0.8608
vn 1.0000 0.0020 0.0035
vn 0.0003 -0.4629 -0.8864
vn -0.0000 -0.4602 -0.8878
vn -0.0000 -0.3503 -0.9367
vn -0.0000 -0.3503 -0.9366
vn -0.0000 -0.2463 -0.9692
vn -1.0000 -0.0000 0.0001
vn -1.0000 -0.0001 0.0002
vn -1.0000 -0.0002 0.0002
vn -1.0000 0.0012 -0.0003
vn -0.0000 -0.9617 -0.2742
vn -0.0000 -0.9619 -0.2732
vn -0.0005 -0.9621 -0.2727
vn -0.0000 -0.9906 -0.1368
vn -0.0000 0.7840 0.6208
vn -1.0000 -0.0001 0.0005
vn -0.0000 0.9614 0.2750
vn -0.0000 0.9886 0.1506
vn 1.0000 0.0067 -0.0027
vn 1.0000 -0.0002 0.0002
vn 1.0000 -0.0001 0.0002
vn 1.0000 -0.0006 0.0016
vn 1.0000 -0.0002 -0.0001
vn 1.0000 -0.0002 -0.0000
vn 1.0000 -0.0002 0.0001
vn 1.0000 -0.0000 0.0004
vn 1.0000 -0.0001 0.0003
vn 1.0000 0.0001 0.0005
vn 1.0000 0.0008 0.0009
vn 1.0000 0.0003 0.0006
vn 1.0000 0.0035 0.0019
vn -0.0000 -0.9225 -0.3860
vn -0.0000 0.6627 0.7489
vn -0.0000 0.4639 0.8859
vn -0.0000 -0.9225 -0.3861
vn -0.0004 -0.9225 -0.3860
vn 1.0000 -0.0000 0.0001
vn -0.0000 -0.9979 0.0651
vn -0.0000 -0.9990 0.0446
vn -0.0000 0.2447 0.9696
vn -0.0000 0.9987 -0.0507
vn 0.0006 -1.0000 0.0027
vn 0.0008 -0.9904 -0.1380
vn 1.0000 0.0001 -0.0005
vn 1.0000 0.0001 -0.0004
vn -0.0000 -0.9621 -0.2727
vn 0.0003 -0.9619 -0.2732
vn -1.0000 0.0065 -0.0024
vn -1.0000 -0.0044 0.0012
vn -0.0000 0.8215 -0.5702
vn -0.0000 0.9221 0.3871
vn 1.0000 -0.0033 -0.0000
vn 0.9997 0.0246 -0.0092
vn -0.0000 0.9364 -0.3510
vn -0.0000 0.9692 -0.2463
vn -0.0153 -0.7493 0.6620
vn -0.0000 -0.7929 -0.6093
vn 0.0031 -0.7946 -0.6072
vn -0.0284 -0.8936 -0.4479
vn -0.0324 -0.8861 -0.4623
vn 0.0013 -0.7826 -0.6225
vn -0.0000 -0.7816 -0.6238
vn -0.0444 -0.9304 0.3639
vn -0.0096 -0.7734 0.6338
vn -0.0000 -0.7836 0.6213
vn -0.0046 -0.7939 0.6080
vn -0.0000 -0.7973 0.6036
vn -0.0116 -0.7653 0.6436
vn -0.0129 -0.7637 0.6455
vn -0.0318 -0.8820 -0.4701
vn -0.0054 -0.7905 0.6125
vn -0.0154 -0.7813 0.6240
vn -0.0023 -0.7589 -0.6512
vn -0.0000 -0.7610 -0.6487
vn 0.0006 -0.7779 -0.6284
vn 0.0206 -0.7917 -0.6106
vn -0.0388 -0.9437 0.3287
vn -0.0369 -0.8689 -0.4936
vn 0.0001 1.0000 0.0003
vn -0.0471 -0.9155 0.3996
vn -0.0408 -0.9353 0.3515
vn -0.0000 0.8230 0.5681
vn -0.0000 0.8433 0.5374
vn -0.0000 0.8433 0.5375
vn -0.0000 0.8343 -0.5512
vn -0.0000 0.8345 0.5510
vn -0.0000 0.8500 -0.5268
vn -0.0000 0.8467 0.5321
vn -0.0000 0.8492 0.5281
vn -0.0000 0.8457 -0.5336
vn -0.0000 -0.9349 0.3550
vn -0.0000 -0.4674 -0.8840
vn -0.0000 -0.2464 -0.9692
vn -0.0000 0.2456 -0.9694
vn -0.0000 0.2456 0.9694
vn -0.0000 -0.6639 0.7479
vn -0.0000 -0.8237 0.5670
vn -0.0000 0.6655 0.7464
vn -0.0000 0.4577 0.8891
vn -0.0000 -0.4577 0.8891
vn -0.0000 -0.2464 0.9692
vn -0.0000 -0.9927 0.1205
vn -0.0000 -0.9350 -0.3546
vn -0.0000 0.8246 -0.5657
vn -0.0000 0.6628 0.7488
vn -0.0000 0.4650 0.8853
vn -0.0000 0.4674 -0.8840
vn -0.0000 0.6569 -0.7540
vn -0.0000 -0.9926 0.1211
vn -0.0000 -0.9351 -0.3543
vn -0.0000 -0.6569 -0.7540
vn -0.0000 -0.4653 0.8852
vn -0.0000 -0.8237 -0.5670
vn -0.0000 -0.0810 0.9967
vn -0.0000 -0.2729 0.9621
vn -0.0000 0.3659 -0.9307
vn -0.0000 0.2105 -0.9776
vn 1.0000 -0.0007 -0.0006
vn 1.0000 -0.0004 -0.0004
vn -0.0000 0.9556 0.2948
vn -1.0000 0.0008 0.0007
vn -1.0000 0.0004 0.0005
vn -0.0000 0.8796 0.4757
vn -0.0000 0.9986 0.0521
vn -0.0000 0.5368 -0.8437
vn -0.0000 0.2991 0.9542
vn -0.0000 0.1116 0.9938
vn -0.0000 0.4777 0.8785
vn -0.0000 0.0344 -0.9994
vn -0.0000 -0.2914 -0.9566
vn -0.0000 -0.1203 -0.9927
vn -0.0000 -0.5244 -0.8515
vn -0.0000 -0.4532 0.8914
vn -0.0000 0.6536 -0.7568
vn -0.0000 0.6948 -0.7192
vn -0.0000 0.7730 0.6344
vn -0.0000 0.6380 0.7701
vn 1.0000 -0.0002 -0.0003
vn 1.0000 -0.0001 -0.0003
vn -0.0000 -0.6176 0.7865
vn -0.0000 0.9998 0.0214
vn -0.0000 -0.8667 0.4988
vn -0.0157 -0.8691 0.4944
vn -0.0034 0.7724 -0.6352
vn -0.0000 0.7571 -0.6533
vn 1.0000 0.0005 0.0016
vn 1.0000 0.0006 0.0004
vn 1.0000 0.0001 -0.0001
vn -1.0000 -0.0000 0.0003
vn -1.0000 -0.0000 0.0002
vn -1.0000 0.0004 0.0025
vn -1.0000 -0.0001 0.0001
vn -1.0000 0.0002 0.0004
vn -1.0000 0.0001 0.0003
vn 1.0000 -0.0002 -0.0010
vn -0.0000 -0.8989 -0.4383
vn -0.0000 -0.7193 -0.6947
vn -0.0000 -0.8224 -0.5689
vn -0.0000 -0.9940 -0.1095
vn 1.0000 -0.0040 -0.0012
vn 1.0000 -0.0014 -0.0008
vn -1.0000 0.0050 0.0015
vn -1.0000 0.0018 0.0010
vn -0.0000 -0.9700 -0.2429
vn -0.0000 0.8769 -0.4806
vn -0.0000 0.9916 -0.1293
vn -0.0179 -0.8691 0.4944
vn -0.0000 -0.8704 0.4924
vn -0.0185 -0.9407 0.3386
vn -0.0000 -0.7535 0.6574
vn -0.0000 -0.7536 0.6574
vn -0.0000 -0.8711 0.4910
vn -0.0000 -0.0705 -0.9975
vn -0.0000 -0.2589 -0.9659
vn -0.0000 0.4874 -0.8732
vn -0.0000 0.3123 -0.9500
vn -0.0000 -0.6130 0.7901
vn -0.0000 -0.4361 0.8999
vn -0.0000 0.1644 0.9864
vn -0.0000 -0.8761 0.4821
vn -0.0000 -0.7543 0.6565
vn -0.0000 0.7838 -0.6210
vn -0.0000 0.7838 -0.6211
vn -0.0000 -0.2433 0.9699
vn -0.0000 -0.0424 0.9991
vn -0.0000 0.1253 -0.9921
vn -0.0000 -0.4453 -0.8954
vn -0.0000 0.6002 0.7999
vn -0.0000 0.3583 0.9336
vn -0.0000 0.5584 0.8296
vn -0.0003 0.6020 0.7985
vn -0.0000 0.6003 0.7997
vn -0.0000 0.7206 0.6933
vn -0.0000 -0.7518 -0.6593
vn -0.0000 -0.6056 -0.7957
vn -0.0000 0.8351 0.5500
vn 1.0000 0.0006 -0.0008
vn 1.0000 0.0006 -0.0003
vn -0.0000 -0.8591 -0.5118
vn -0.0000 1.0000 -0.0061
vn 0.0013 -0.8649 -0.5019
vn 0.0012 -0.8650 -0.5017
vn 0.0011 -0.9214 -0.3886
vn -0.0000 0.9881 0.1540
vn -0.0000 0.9830 0.1835
vn -0.0002 0.9657 -0.2598
vn -0.0000 0.9663 -0.2575
vn -0.0000 0.9938 -0.1116
vn -0.0000 0.9969 0.0784
vn -0.0000 -0.8639 -0.5036
vn -0.0000 0.9973 -0.0737
vn -1.0000 -0.0000 0.0004
vn 1.0000 -0.0001 0.0007
vn 1.0000 0.0001 -0.0014
vn 1.0000 0.0001 0.0009
vn 1.0000 -0.0001 -0.0000
vn 1.0000 -0.0000 0.0010
vn -1.0000 -0.0002 0.0004
vn -1.0000 0.0003 -0.0007
vn -0.0000 0.8912 -0.4535
vn -0.0002 0.9456 -0.3254
vn -0.0000 0.9447 -0.3280
vn -0.0000 0.9604 -0.2785
vn -0.0000 -0.9294 -0.3691
vn 0.0002 -0.9304 -0.3666
vn -0.0000 -0.9973 -0.0737
vn -0.0000 -1.0000 -0.0000
vn -0.0000 0.6504 -0.7596
vn -0.0000 -0.9815 -0.1912
vn 0.0010 0.9960 -0.0894
vn -0.0000 0.9958 -0.0916
vn -0.0000 0.9960 -0.0894
vn -0.0007 0.9958 -0.0916
vn -0.0000 0.9967 -0.0806
vn -0.0000 -0.9542 0.2991
vn 0.0003 -0.9477 -0.3193
vn -0.0000 -0.9467 -0.3221
vn -0.0000 -0.9946 0.1037
vn -0.0167 -0.7431 0.6690
vn -0.0144 0.6631 0.7484
vn 0.0192 0.4841 0.8748
vn 0.0134 -0.5031 -0.8641
vn -0.0157 -0.6584 -0.7525
vn -0.0138 0.3303 -0.9438
vn 0.0169 0.5119 -0.8589
vn 0.0181 -0.0000 0.9998
vn -0.0103 0.1848 0.9827
vn 0.0166 0.8704 0.4921
vn -0.0142 0.9492 0.3144
vn 0.0151 0.9999 -0.0000
vn -0.0154 0.9805 -0.1960
vn -0.0000 -0.9927 -0.1205
vn 0.0181 -0.0000 -0.9998
vn -0.0158 -0.2201 -0.9753
vn 0.0169 0.8611 -0.5081
vn -0.0123 0.7444 -0.6676
vn -0.0138 -0.3303 0.9438
vn 0.0132 -0.4910 0.8711
vn 0.0131 -0.5005 -0.8657
vn -0.0160 -0.6564 -0.7542
vn -0.0163 -0.7447 0.6672
vn 0.0137 -0.4937 0.8695
vn -0.0158 0.2201 0.9753
vn -0.0212 0.6630 0.7483
vn 0.0113 0.4842 0.8749
vn 0.0127 -0.4974 -0.8674
vn -0.0162 -0.6541 -0.7562
vn 0.0121 0.4842 -0.8749
vn -0.0132 -0.3247 0.9457
vn 0.0156 -0.4967 0.8678
vn -0.0152 0.9454 0.3256
vn 0.0121 0.8704 0.4922
vn 0.0152 0.8704 -0.4921
vn -0.0183 0.7444 -0.6675
vn -0.0103 -0.1848 -0.9827
vn 0.0199 -0.4909 -0.8710
vn -0.0143 -0.6701 -0.7422
vn 0.0149 0.8612 0.5081
vn -0.0140 -0.3322 0.9431
vn 0.0149 -0.5031 0.8641
vn 0.0143 0.5119 0.8589
s 0
f 838//510 840//510 843//510
f 844//511 1402//511 838//511
f 844//512 838//512 843//512
f 1409//513 1410//513 1402//513
f 1409//513 1402//513 1408//513
f 842//514 844//514 843//514
f 842//514 843//514 840//514
f 1404//510 1405//510 1406//510
f 1404//515 1406//515 839//515
f 841//516 842//516 840//516
f 841//516 840//516 839//516
f 839//517 1406//517 1407//517
f 839//517 1407//517 841//517
f 1407//513 1408//513 1402//513
f 1407//518 1402//518 841//518
f 1416//519 1413//519 1419//519
f 1417//520 1420//520 1421//520
f 1417//520 1421//520 1418//520
f 1421//510 1420//510 1411//510
f 1421//510 1411//510 1414//510
f 1416//513 1417//513 1418//513
f 1416//513 1418//513 1413//513
f 1402//521 844//521 842//521
f 1402//522 842//522 841//522
f 1413//519 1414//519 1411//519
f 1413//519 1411//519 1412//519
f 1413//519 1412//519 1415//519
f 840//510 838//510 837//510
f 840//510 837//510 836//510
f 796//510 830//510 829//510
f 796//510 829//510 828//510
f 830//510 796//510 831//510
f 796//510 833//510 832//510
f 796//510 832//510 831//510
f 796//510 828//510 827//510
f 796//510 827//510 803//510
f 832//523 833//523 817//523
f 832//523 817//523 793//523
f 831//524 832//524 793//524
f 831//524 793//524 792//524
f 811//525 817//525 833//525
f 811//525 833//525 796//525
f 1398//526 1399//526 834//526
f 1398//527 834//527 835//527
f 1396//528 1404//528 1403//528
f 1396//528 1403//528 1397//528
f 1404//529 839//529 840//529
f 1404//530 840//530 834//530
f 840//510 836//510 835//510
f 840//510 835//510 834//510
f 1399//531 1403//531 1404//531
f 1399//532 1404//532 834//532
f 1400//533 1398//533 835//533
f 1400//534 835//534 836//534
f 1401//535 1400//535 836//535
f 1401//536 836//536 837//536
f 1402//537 1401//537 837//537
f 1402//537 837//537 838//537
f 864//513 865//513 861//513
f 864//513 861//513 852//513
f 853//510 863//510 851//510
f 853//510 851//510 849//510
f 857//538 1424//538 866//538
f 857//539 866//539 861//539
f 852//513 861//513 850//513
f 852//540 851//540 863//540
f 852//541 863//541 864//541
f 864//542 863//542 853//542
f 864//543 853//543 865//543
f 865//544 853//544 857//544
f 865//545 857//545 861//545
f 866//546 1425//546 861//546
f 1427//547 1428//547 856//547
f 1427//548 856//548 862//548
f 1425//549 866//549 1414//549
f 1425//550 1414//550 1413//550
f 866//550 1424//550 1414//550
f 862//551 856//551 859//551
f 1426//552 1427//552 862//552
f 861//553 1425//553 1426//553
f 861//554 1426//554 862//554
f 1428//555 1424//555 857//555
f 1428//555 857//555 856//555
f 846//513 850//513 861//513
f 846//513 861//513 847//513
f 845//556 846//556 847//556
f 845//557 847//557 848//557
f 846//558 845//558 849//558
f 846//559 849//559 850//559
f 850//560 849//560 851//560
f 850//561 851//561 852//561
f 1387//562 1422//562 1423//562
f 1387//562 1423//562 1384//562
f 801//563 802//563 795//563
f 801//563 795//563 774//563
f 800//564 801//564 774//564
f 800//564 774//564 773//564
f 799//565 800//565 773//565
f 799//565 773//565 772//565
f 853//510 849//510 845//510
f 853//510 845//510 848//510
f 848//566 847//566 860//566
f 848//567 860//567 854//567
f 861//513 858//513 860//513
f 861//513 860//513 847//513
f 861//513 862//513 859//513
f 861//513 859//513 858//513
f 858//568 855//568 854//568
f 858//569 854//569 860//569
f 854//510 855//510 853//510
f 854//510 853//510 848//510
f 856//510 857//510 853//510
f 856//510 853//510 855//510
f 859//570 856//570 855//570
f 859//571 855//571 858//571
f 796//510 802//510 801//510
f 796//510 801//510 800//510
f 796//510 803//510 804//510
f 796//510 804//510 802//510
f 784//572 797//572 771//572
f 784//572 771//572 776//572
f 796//510 800//510 799//510
f 796//510 799//510 797//510
f 781//510 783//510 796//510
f 781//510 796//510 782//510
f 786//510 796//510 783//510
f 785//510 798//510 796//510
f 785//510 796//510 786//510
f 797//573 799//573 772//573
f 797//573 772//573 771//573
f 807//574 1390//574 1391//574
f 807//574 1391//574 808//574
f 805//575 810//575 809//575
f 805//575 809//575 806//575
f 808//576 811//576 796//576
f 808//576 796//576 807//576
f 1388//549 1389//549 805//549
f 1388//549 805//549 806//549
f 804//577 803//577 789//577
f 804//577 789//577 794//577
f 802//578 804//578 794//578
f 802//578 794//578 795//578
f 1386//579 1387//579 1384//579
f 1386//580 1384//580 1385//580
f 796//510 797//510 784//510
f 796//510 784//510 782//510
f 770//513 780//513 779//513
f 770//513 779//513 777//513
f 781//581 782//581 775//581
f 781//581 775//581 778//581
f 783//582 781//582 778//582
f 783//582 778//582 777//582
f 770//513 777//513 778//513
f 770//513 778//513 775//513
f 772//513 773//513 770//513
f 772//513 770//513 771//513
f 774//513 770//513 773//513
f 770//513 775//513 776//513
f 770//513 776//513 771//513
f 782//514 784//514 776//514
f 782//514 776//514 775//514
f 792//513 793//513 770//513
f 792//513 770//513 791//513
f 789//513 770//513 794//513
f 795//513 794//513 770//513
f 795//513 770//513 774//513
f 790//513 791//513 770//513
f 790//513 770//513 788//513
f 785//583 786//583 779//583
f 785//583 779//583 780//583
f 786//584 783//584 777//584
f 786//584 777//584 779//584
f 770//513 789//513 787//513
f 770//513 787//513 788//513
f 820//585 819//585 825//585
f 820//585 825//585 816//585
f 826//586 820//586 816//586
f 826//586 816//586 798//586
f 780//587 826//587 798//587
f 780//587 798//587 785//587
f 815//510 825//510 824//510
f 815//510 824//510 810//510
f 1393//513 1395//513 819//513
f 1393//513 819//513 823//513
f 824//588 823//588 809//588
f 824//588 809//588 810//588
f 816//585 825//585 815//585
f 816//585 815//585 814//585
f 770//513 820//513 826//513
f 770//513 826//513 780//513
f 803//589 827//589 787//589
f 803//589 787//589 789//589
f 830//590 831//590 792//590
f 830//590 792//590 791//590
f 829//591 830//591 791//591
f 829//591 791//591 790//591
f 828//592 829//592 790//592
f 828//592 790//592 788//592
f 823//513 819//513 818//513
f 823//513 818//513 809//513
f 1396//593 1397//593 1391//593
f 1396//593 1391//593 1390//593
f 827//594 828//594 788//594
f 827//594 788//594 787//594
f 1395//595 1394//595 825//595
f 1395//595 825//595 819//595
f 798//510 816//510 814//510
f 798//510 814//510 796//510
f 796//510 814//510 812//510
f 796//510 812//510 807//510
f 817//513 811//513 770//513
f 817//513 770//513 793//513
f 813//510 815//510 810//510
f 813//510 810//510 805//510
f 812//596 813//596 1390//596
f 812//597 1390//597 807//597
f 814//598 815//598 813//598
f 814//598 813//598 812//598
f 805//510 1389//510 1390//510
f 805//510 1390//510 813//510
f 819//585 820//585 770//585
f 819//585 770//585 818//585
f 809//513 818//513 821//513
f 809//513 821//513 806//513
f 1392//599 1393//599 823//599
f 1392//599 823//599 824//599
f 825//510 1394//510 1392//510
f 825//510 1392//510 824//510
f 1391//513 1388//513 806//513
f 1391//513 806//513 821//513
f 808//600 1391//600 821//600
f 808//601 821//601 822//601
f 822//598 821//598 818//598
f 822//598 818//598 770//598
f 811//513 808//513 822//513
f 811//513 822//513 770//513
f 1456//510 1460//510 925//510
f 1456//510 925//510 926//510
f 1456//510 926//510 927//510
f 1456//510 927//510 915//510
f 1459//510 1460//510 1456//510
f 1459//510 1456//510 924//510
f 1456//510 1458//510 1457//510
f 1456//510 1457//510 921//510
f 923//510 924//510 1456//510
f 923//510 1456//510 917//510
f 919//602 922//602 907//602
f 919//602 907//602 912//602
f 922//603 921//603 905//603
f 922//603 905//603 907//603
f 928//604 929//604 924//604
f 928//604 924//604 923//604
f 921//605 1457//605 1453//605
f 921//605 1453//605 905//605
f 920//591 919//591 912//591
f 920//591 912//591 913//591
f 918//606 920//606 913//606
f 918//606 913//606 914//606
f 1456//510 921//510 922//510
f 1456//510 922//510 919//510
f 906//513 1453//513 1454//513
f 906//513 1454//513 908//513
f 1454//513 909//513 910//513
f 1454//513 910//513 908//513
f 905//513 1453//513 906//513
f 905//513 906//513 907//513
f 888//607 877//607 868//607
f 888//607 868//607 867//607
f 887//603 888//603 867//603
f 887//603 867//603 870//603
f 1454//513 1455//513 911//513
f 1454//513 911//513 909//513
f 1456//510 918//510 916//510
f 1456//510 916//510 917//510
f 1456//510 919//510 920//510
f 1456//510 920//510 918//510
f 911//608 1455//608 1456//608
f 911//608 1456//608 915//608
f 906//513 913//513 912//513
f 906//513 912//513 907//513
f 913//513 906//513 914//513
f 929//609 1461//609 1459//609
f 929//609 1459//609 924//609
f 927//510 938//510 937//510
f 927//510 937//510 936//510
f 938//510 927//510 939//510
f 927//510 936//510 935//510
f 927//510 935//510 915//510
f 936//610 937//610 908//610
f 936//610 908//610 910//610
f 937//582 938//582 906//582
f 937//582 906//582 908//582
f 934//611 940//611 939//611
f 934//611 939//611 927//611
f 1464//591 1467//591 1468//591
f 1464//591 1468//591 1465//591
f 1467//612 1470//612 1469//612
f 1467//612 1469//612 1468//612
f 1465//613 1466//613 1463//613
f 1465//613 1463//613 1464//613
f 938//614 939//614 940//614
f 938//614 940//614 906//614
f 906//513 940//513 934//513
f 906//513 934//513 933//513
f 935//615 936//615 910//615
f 935//615 910//615 909//615
f 932//616 933//616 926//616
f 932//616 926//616 925//616
f 925//617 1460//617 1462//617
f 925//617 1462//617 932//617
f 914//618 931//618 916//618
f 914//618 916//618 918//618
f 930//619 928//619 923//619
f 930//619 923//619 917//619
f 931//620 930//620 917//620
f 931//620 917//620 916//620
f 933//621 934//621 927//621
f 933//621 927//621 926//621
f 906//513 930//513 931//513
f 906//513 931//513 914//513
f 915//622 935//622 909//622
f 915//622 909//622 911//622
f 932//513 1462//513 906//513
f 932//513 906//513 933//513
f 928//513 930//513 906//513
f 928//513 906//513 929//513
f 906//513 1462//513 1461//513
f 906//513 1461//513 929//513
f 886//591 885//591 872//591
f 886//591 872//591 871//591
f 881//623 1434//623 1436//623
f 881//623 1436//623 891//623
f 892//624 893//624 878//624
f 892//624 878//624 884//624
f 890//625 1435//625 1433//625
f 890//625 1433//625 880//625
f 1432//510 1431//510 877//510
f 1432//510 877//510 888//510
f 889//626 890//626 880//626
f 889//626 880//626 879//626
f 893//619 889//619 879//619
f 893//619 879//619 878//619
f 871//513 869//513 894//513
f 895//627 896//627 875//627
f 895//627 875//627 876//627
f 892//513 894//513 869//513
f 892//513 869//513 893//513
f 889//513 893//513 869//513
f 889//513 869//513 890//513
f 869//513 1436//513 1435//513
f 869//513 1435//513 890//513
f 1432//510 888//510 887//510
f 1432//510 887//510 885//510
f 1429//513 875//513 874//513
f 1429//513 874//513 873//513
f 1429//513 1430//513 876//513
f 1429//513 876//513 875//513
f 1429//513 873//513 869//513
f 1429//513 869//513 868//513
f 869//513 870//513 867//513
f 869//513 867//513 868//513
f 869//513 871//513 872//513
f 869//513 872//513 870//513
f 877//628 1431//628 1429//628
f 877//628 1429//628 868//628
f 1432//510 883//510 884//510
f 1432//510 884//510 878//510
f 1432//510 885//510 886//510
f 1432//510 886//510 883//510
f 1432//510 1434//510 881//510
f 1432//510 881//510 882//510
f 879//510 880//510 1432//510
f 879//510 1432//510 878//510
f 1433//510 1434//510 1432//510
f 1433//510 1432//510 880//510
f 896//615 897//615 874//615
f 896//615 874//615 875//615
f 1442//629 1444//629 1443//629
f 1442//629 1443//629 1441//629
f 1444//582 1445//582 1446//582
f 1444//582 1446//582 1443//582
f 1440//630 1442//630 1441//630
f 1440//630 1441//630 1437//630
f 898//513 904//513 869//513
f 898//513 869//513 899//513
f 1439//631 1440//631 1437//631
f 1439//631 1437//631 1438//631
f 1449//632 1450//632 1447//632
f 1449//632 1447//632 1448//632
f 871//633 894//633 883//633
f 871//633 883//633 886//633
f 885//634 887//634 870//634
f 885//634 870//634 872//634
f 894//618 892//618 884//618
f 894//618 884//618 883//618
f 1445//635 1449//635 1448//635
f 1445//635 1448//635 1446//635
f 1450//636 1451//636 1452//636
f 1450//636 1452//636 1447//636
f 891//513 1436//513 869//513
f 891//513 869//513 904//513
f 897//637 903//637 873//637
f 897//637 873//637 874//637
f 903//582 902//582 869//582
f 903//582 869//582 873//582
f 902//638 900//638 899//638
f 902//638 899//638 869//638
f 876//639 1430//639 1432//639
f 876//639 1432//639 895//639
f 900//611 901//611 898//611
f 900//611 898//611 899//611
f 901//510 895//510 1432//510
f 901//510 1432//510 882//510
f 904//640 898//640 901//640
f 904//640 901//640 882//640
f 891//616 904//616 882//616
f 891//616 882//616 881//616
f 902//510 901//510 900//510
f 901//510 897//510 896//510
f 901//510 896//510 895//510
f 901//510 902//510 903//510
f 901//510 903//510 897//510
f 1419//513 1415//513 1475//513
f 1419//513 1475//513 960//513
f 1419//513 960//513 959//513
f 1419//513 959//513 943//513
f 961//510 1474//510 1472//510
f 961//510 1472//510 957//510
f 958//510 957//510 1472//510
f 958//510 1472//510 952//510
f 960//641 1475//641 961//641
f 960//641 961//641 957//641
f 943//642 959//642 958//642
f 943//642 958//642 952//642
f 959//643 960//643 957//643
f 959//643 957//643 958//643
f 1476//644 1415//644 1412//644
f 1476//644 1412//644 1474//644
f 1475//645 1476//645 1474//645
f 1475//645 1474//645 961//645
f 1393//513 1478//513 1395//513
f 1395//513 1478//513 1481//513
f 1395//646 1481//646 1479//646
f 1394//647 1480//647 1483//647
f 1394//646 1483//646 1482//646
f 1394//510 1482//510 1477//510
f 1394//510 1477//510 1392//510
f 947//648 955//648 956//648
f 947//648 956//648 948//648
f 1477//649 1478//649 1393//649
f 1477//649 1393//649 1392//649
f 1472//519 1412//519 1411//519
f 956//650 1473//650 1471//650
f 956//650 1471//650 948//650
f 1394//646 1395//646 1479//646
f 1394//646 1479//646 1480//646
f 953//651 954//651 946//651
f 953//651 946//651 945//651
f 950//510 1385//510 1472//510
f 950//510 1472//510 949//510
f 948//513 1471//513 1419//513
f 948//513 1419//513 947//513
f 1472//510 1423//510 951//510
f 1472//510 951//510 952//510
f 1384//510 1423//510 1472//510
f 1384//510 1472//510 1385//510
f 946//513 947//513 1419//513
f 946//513 1419//513 945//513
f 1419//513 1422//513 1387//513
f 1419//513 1387//513 1386//513
f 1419//513 1386//513 941//513
f 1419//513 941//513 942//513
f 945//513 1419//513 942//513
f 944//513 1422//513 1419//513
f 944//513 1419//513 943//513
f 942//652 949//652 953//652
f 942//652 953//652 945//652
f 1386//653 1385//653 950//653
f 1386//653 950//653 941//653
f 946//654 954//654 955//654
f 946//654 955//654 947//654
f 941//655 950//655 949//655
f 941//655 949//655 942//655
f 951//656 1423//656 1422//656
f 951//656 1422//656 944//656
f 1472//510 955//510 954//510
f 1472//510 954//510 953//510
f 953//510 949//510 1472//510
f 952//657 951//657 944//657
f 952//657 944//657 943//657
f 1472//510 1473//510 956//510
f 1472//510 956//510 955//510
f 1508//513 1013//513 1010//513
f 1508//513 1010//513 1009//513
f 1506//658 1508//658 1009//658
f 1509//659 1510//659 1023//659
f 1509//660 1023//660 1024//660
f 976//661 979//661 965//661
f 976//661 965//661 975//661
f 979//662 981//662 964//662
f 979//662 964//662 965//662
f 981//663 980//663 962//663
f 981//663 962//663 964//663
f 977//664 976//664 975//664
f 977//664 975//664 969//664
f 1017//665 1030//665 1507//665
f 1017//666 1507//666 1018//666
f 1020//666 1018//666 1507//666
f 1020//667 1507//667 1012//667
f 1011//510 1014//510 1020//510
f 1011//510 1020//510 1012//510
f 1507//665 1030//665 1031//665
f 1507//665 1031//665 1027//665
f 1013//668 1023//668 1510//668
f 1013//669 1510//669 1014//669
f 1507//665 1027//665 1025//665
f 1507//665 1025//665 1026//665
f 1028//670 1029//670 1507//670
f 1028//665 1507//665 1026//665
f 1012//671 1507//671 1506//671
f 1012//671 1506//671 1009//671
f 1010//672 1013//672 1014//672
f 1010//672 1014//672 1011//672
f 983//673 982//673 968//673
f 983//673 968//673 967//673
f 1011//674 1012//674 1009//674
f 1011//674 1009//674 1010//674
f 1008//513 1505//513 1498//513
f 1008//513 1498//513 1501//513
f 1501//513 1503//513 1006//513
f 1501//513 1006//513 1008//513
f 1504//675 1505//675 1008//675
f 1504//675 1008//675 1007//675
f 1020//676 1022//676 1021//676
f 1020//676 1021//676 1019//676
f 990//677 1452//677 1451//677
f 990//677 1451//677 963//677
f 980//678 990//678 963//678
f 980//678 963//678 962//678
f 1018//582 1020//582 1019//582
f 1018//582 1019//582 1015//582
f 984//679 983//679 967//679
f 984//679 967//679 971//679
f 982//680 977//680 969//680
f 982//680 969//680 968//680
f 1017//681 1018//681 1015//681
f 1017//681 1015//681 1016//681
f 1032//670 1033//670 1507//670
f 1032//670 1507//670 1029//670
f 1029//682 1044//682 1045//682
f 1029//682 1045//682 1032//682
f 1046//683 1513//683 1511//683
f 1046//683 1511//683 1033//683
f 1032//684 1045//684 1046//684
f 1032//684 1046//684 1033//684
f 1043//685 1044//685 1029//685
f 1043//685 1029//685 1028//685
f 1041//686 1039//686 1027//686
f 1041//686 1027//686 1031//686
f 1042//687 1041//687 1031//687
f 1042//687 1031//687 1030//687
f 1016//688 1042//688 1030//688
f 1016//688 1030//688 1017//688
f 1513//689 1047//689 1040//689
f 1513//690 1040//690 1039//690
f 1043//691 1047//691 1513//691
f 1043//692 1513//692 1044//692
f 1513//693 1046//693 1045//693
f 1513//694 1045//694 1044//694
f 1041//695 1042//695 1513//695
f 1041//696 1513//696 1039//696
f 1026//697 1047//697 1043//697
f 1026//697 1043//697 1028//697
f 1025//698 1040//698 1047//698
f 1025//698 1047//698 1026//698
f 1016//695 1513//695 1042//695
f 1021//513 1036//513 1513//513
f 1021//695 1513//695 1019//695
f 1015//695 1019//695 1513//695
f 1015//695 1513//695 1016//695
f 1514//699 1509//699 1024//699
f 1514//700 1024//700 1034//700
f 1513//695 1036//695 1035//695
f 1513//513 1035//513 1034//513
f 1511//510 1512//510 1507//510
f 1511//701 1507//701 1033//701
f 1508//513 1513//513 1034//513
f 1508//513 1034//513 1024//513
f 1508//513 1024//513 1023//513
f 1508//513 1023//513 1013//513
f 1022//702 1510//702 1038//702
f 1510//703 1514//703 1037//703
f 1510//704 1037//704 1038//704
f 1027//705 1039//705 1040//705
f 1027//705 1040//705 1025//705
f 1014//706 1510//706 1022//706
f 1014//510 1022//510 1020//510
f 1037//707 1514//707 1034//707
f 1037//708 1034//708 1035//708
f 1038//709 1037//709 1035//709
f 1038//710 1035//710 1036//710
f 1022//711 1038//711 1036//711
f 1022//711 1036//711 1021//711
f 978//712 1443//712 1446//712
f 978//712 1446//712 1448//712
f 978//713 1437//713 1441//713
f 978//712 1441//712 1443//712
f 1438//714 1437//714 978//714
f 1438//715 978//715 989//715
f 978//712 1448//712 1447//712
f 978//513 1447//513 1452//513
f 984//513 985//513 978//513
f 984//513 978//513 983//513
f 986//513 978//513 985//513
f 987//513 988//513 978//513
f 987//513 978//513 986//513
f 996//716 997//716 998//716
f 996//716 998//716 995//716
f 999//717 1000//717 997//717
f 999//718 997//718 996//718
f 1484//719 1487//719 1000//719
f 1484//719 1000//719 999//719
f 973//720 996//720 995//720
f 973//720 995//720 988//720
f 978//721 1452//721 990//721
f 978//513 990//513 980//513
f 993//722 994//722 991//722
f 993//722 991//722 992//722
f 1485//723 1486//723 991//723
f 1485//723 991//723 994//723
f 1442//510 1440//510 1484//510
f 1442//510 1484//510 1444//510
f 1484//510 1440//510 1439//510
f 1484//724 1439//724 966//724
f 968//725 969//725 1484//725
f 968//726 1484//726 967//726
f 1445//510 1444//510 1484//510
f 1445//510 1484//510 1449//510
f 963//727 1451//727 1484//727
f 963//728 1484//728 962//728
f 1484//729 965//729 964//729
f 1484//729 964//729 962//729
f 1450//510 1449//510 1484//510
f 1450//510 1484//510 1451//510
f 978//513 979//513 976//513
f 978//513 976//513 977//513
f 978//513 980//513 981//513
f 978//513 981//513 979//513
f 982//513 983//513 978//513
f 982//513 978//513 977//513
f 1484//730 969//730 975//730
f 1484//730 975//730 965//730
f 1484//731 970//731 971//731
f 1484//732 971//732 967//732
f 972//733 970//733 1484//733
f 1484//734 973//734 974//734
f 1484//735 974//735 972//735
f 973//736 1484//736 999//736
f 973//510 999//510 996//510
f 998//737 1497//737 1493//737
f 988//738 987//738 974//738
f 988//738 974//738 973//738
f 987//739 986//739 972//739
f 987//739 972//739 974//739
f 1496//740 1497//740 998//740
f 1496//737 998//737 997//737
f 998//741 1493//741 1494//741
f 998//737 1494//737 1495//737
f 998//513 1495//513 1491//513
f 998//513 1491//513 992//513
f 993//510 1492//510 1496//510
f 993//742 1496//742 997//742
f 1005//743 1007//743 1008//743
f 1005//743 1008//743 1006//743
f 1502//510 1500//510 1499//510
f 1502//510 1499//510 1005//510
f 1007//510 1005//510 1499//510
f 1007//510 1499//510 1504//510
f 1006//744 1503//744 1502//744
f 1006//744 1502//744 1005//744
f 986//745 985//745 970//745
f 986//745 970//745 972//745
f 985//591 984//591 971//591
f 985//591 971//591 970//591
f 1500//746 1501//746 1498//746
f 1500//746 1498//746 1499//746
f 978//747 1488//747 1489//747
f 988//513 995//513 1002//513
f 988//513 1002//513 978//513
f 991//513 1001//513 998//513
f 991//513 998//513 992//513
f 1002//719 1001//719 1488//719
f 1002//748 1488//748 978//748
f 997//510 1000//510 994//510
f 997//510 994//510 993//510
f 1000//749 1487//749 1485//749
f 1000//750 1485//750 994//750
f 1001//751 1002//751 995//751
f 1001//752 995//752 998//752
f 1489//753 1004//753 989//753
f 1489//754 989//754 978//754
f 966//755 1439//755 1438//755
f 966//755 1438//755 989//755
f 1491//756 1492//756 993//756
f 1491//756 993//756 992//756
f 1490//757 1484//757 966//757
f 1490//758 966//758 1003//758
f 1486//513 1488//513 1001//513
f 1486//513 1001//513 991//513
f 989//759 1004//759 1003//759
f 989//759 1003//759 966//759
f 1004//760 1489//760 1490//760
f 1004//760 1490//760 1003//760
f 1070//513 1520//513 1517//513
f 1070//513 1517//513 1071//513
f 1068//513 1522//513 1523//513
f 1068//513 1523//513 1069//513
f 1520//761 1519//761 1521//761
f 1053//762 1058//762 1524//762
f 1524//510 1525//510 1054//510
f 1524//510 1054//510 1053//510
f 1523//763 1524//763 1058//763
f 1523//764 1058//764 1069//764
f 1057//765 1071//765 1517//765
f 1057//766 1517//766 1518//766
f 1057//767 1518//767 1051//767
f 1501//513 1413//513 1418//513
f 1501//513 1418//513 1503//513
f 1070//768 1059//768 1520//768
f 1519//769 1520//769 1059//769
f 1519//770 1059//770 1052//770
f 1518//510 1519//510 1052//510
f 1518//510 1052//510 1051//510
f 1525//771 1522//771 1062//771
f 1525//772 1062//772 1054//772
f 1531//773 1515//773 1050//773
f 1531//774 1050//774 1048//774
f 1063//775 1067//775 1528//775
f 1530//776 1516//776 1060//776
f 1530//777 1060//777 1056//777
f 1527//510 1530//510 1056//510
f 1527//510 1056//510 1055//510
f 1532//510 1531//510 1048//510
f 1532//510 1048//510 1049//510
f 1061//778 1529//778 1532//778
f 1061//779 1532//779 1049//779
f 1063//780 1528//780 1527//780
f 1063//781 1527//781 1055//781
f 1522//761 1525//761 1526//761
f 1068//782 1062//782 1522//782
f 1064//513 1516//513 1528//513
f 1064//513 1528//513 1067//513
f 1066//513 1515//513 1529//513
f 1066//513 1529//513 1065//513
f 1061//549 1060//549 1065//549
f 1061//783 1065//783 1529//783
f 1414//510 1500//510 1502//510
f 1414//510 1502//510 1421//510
f 1500//549 1055//549 1056//549
f 1500//549 1056//549 1049//549
f 1054//549 1055//549 1500//549
f 1054//549 1500//549 1053//549
f 1060//549 1061//549 1049//549
f 1060//549 1049//549 1056//549
f 1052//549 1059//549 1058//549
f 1052//549 1058//549 1053//549
f 1428//549 1427//549 1057//549
f 1428//549 1057//549 1051//549
f 1501//549 1500//549 1048//549
f 1501//549 1048//549 1050//549
f 1048//549 1500//549 1049//549
f 1418//593 1421//593 1502//593
f 1418//593 1502//593 1503//593
f 1500//549 1051//549 1052//549
f 1500//549 1052//549 1053//549
f 1428//549 1051//549 1500//549
f 1424//549 1428//549 1500//549
f 1424//549 1500//549 1414//549
f 1054//549 1062//549 1063//549
f 1054//549 1063//549 1055//549
f 1426//549 1501//549 1071//549
f 1501//784 1426//784 1425//784
f 1501//549 1425//549 1413//549
f 1427//549 1426//549 1071//549
f 1427//549 1071//549 1057//549
f 1067//784 1501//784 1064//784
f 1068//549 1069//549 1501//549
f 1068//549 1501//549 1067//549
f 1070//784 1071//784 1501//784
f 1070//549 1501//549 1069//549
f 1066//549 1065//549 1501//549
f 1066//549 1501//549 1050//549
f 1066//785 1050//785 1515//785
f 1501//549 1065//549 1060//549
f 1501//549 1060//549 1064//549
f 1059//549 1070//549 1069//549
f 1059//549 1069//549 1058//549
f 1064//786 1060//786 1516//786
f 1062//549 1068//549 1067//549
f 1062//549 1067//549 1063//549
f 1080//593 1082//593 1488//593
f 1080//593 1488//593 1076//593
f 1077//593 1076//593 1488//593
f 1077//593 1488//593 1073//593
f 1534//510 1404//510 1396//510
f 1534//510 1396//510 1075//510
f 1488//593 1082//593 1081//593
f 1488//593 1081//593 1489//593
f 1533//593 1083//593 1487//593
f 1533//593 1487//593 1484//593
f 1487//593 1083//593 1084//593
f 1487//593 1084//593 1079//593
f 1431//510 1432//510 1083//510
f 1431//510 1083//510 1533//510
f 1458//510 1456//510 1079//510
f 1458//510 1079//510 1084//510
f 1535//510 1536//510 1074//510
f 1535//510 1074//510 1078//510
f 1539//787 1542//787 1543//787
f 1539//787 1543//787 1535//787
f 1072//788 1537//788 1534//788
f 1072//789 1534//789 1075//789
f 1074//790 1536//790 1538//790
f 1074//790 1538//790 1073//790
f 1077//791 1539//791 1535//791
f 1077//791 1535//791 1078//791
f 1538//513 1539//513 1077//513
f 1538//513 1077//513 1073//513
f 1403//513 1537//513 1072//513
f 1403//513 1072//513 1397//513
f 1537//787 1541//787 1540//787
f 1537//787 1540//787 1534//787
f 1075//593 1074//593 1073//593
f 1075//593 1073//593 1072//593
f 1487//593 1079//593 1078//593
f 1487//593 1078//593 1074//593
f 1487//593 1074//593 1075//593
f 1487//593 1075//593 1396//593
f 1390//593 1487//593 1396//593
f 1078//593 1079//593 1076//593
f 1078//593 1076//593 1077//593
f 1487//510 1390//510 1389//510
f 1487//510 1389//510 1485//510
f 1391//593 1397//593 1488//593
f 1389//550 1388//550 1486//550
f 1389//550 1486//550 1485//550
f 1388//513 1391//513 1488//513
f 1388//513 1488//513 1486//513
f 1072//593 1073//593 1488//593
f 1072//593 1488//593 1397//593
f 1079//792 1456//792 1455//792
f 1079//792 1455//792 1076//792
f 1084//593 1083//593 1082//593
f 1084//593 1082//593 1080//593
f 1081//793 1429//793 1431//793
f 1081//793 1431//793 1533//793
f 1080//794 1454//794 1458//794
f 1080//794 1458//794 1084//794
f 1454//787 1453//787 1457//787
f 1454//787 1457//787 1458//787
f 1490//593 1489//593 1081//593
f 1490//593 1081//593 1533//593
f 1455//513 1454//513 1080//513
f 1455//513 1080//513 1076//513
f 1430//513 1429//513 1081//513
f 1430//513 1081//513 1082//513
f 1083//795 1432//795 1430//795
f 1083//795 1430//795 1082//795
f 1117//510 1119//510 1404//510
f 1117//510 1404//510 1113//510
f 1404//510 1122//510 1114//510
f 1404//510 1114//510 1113//510
f 1109//582 1110//582 1089//582
f 1109//582 1089//582 1090//582
f 1120//510 1121//510 1404//510
f 1120//510 1404//510 1119//510
f 1548//510 1405//510 1404//510
f 1548//510 1404//510 1124//510
f 1125//796 1410//796 1124//796
f 1125//796 1124//796 1123//796
f 1404//510 1534//510 1540//510
f 1404//510 1540//510 1122//510
f 1123//510 1124//510 1404//510
f 1123//510 1404//510 1121//510
f 1106//797 1112//797 1111//797
f 1106//797 1111//797 1099//797
f 1110//798 1111//798 1112//798
f 1110//798 1112//798 1089//798
f 1099//510 1110//510 1109//510
f 1099//510 1109//510 1108//510
f 1110//510 1099//510 1111//510
f 1116//591 1118//591 1117//591
f 1116//591 1117//591 1113//591
f 1108//799 1109//799 1090//799
f 1108//799 1090//799 1092//799
f 1089//513 1112//513 1106//513
f 1089//513 1106//513 1105//513
f 1115//800 1116//800 1113//800
f 1115//800 1113//800 1114//800
f 1128//801 1127//801 1121//801
f 1128//801 1121//801 1120//801
f 1127//802 1125//802 1123//802
f 1127//802 1123//802 1121//802
f 1128//513 1129//513 1402//513
f 1128//513 1402//513 1127//513
f 1118//513 1402//513 1129//513
f 1122//803 1540//803 1541//803
f 1122//803 1541//803 1126//803
f 1114//804 1122//804 1126//804
f 1114//804 1126//804 1115//804
f 1129//805 1128//805 1120//805
f 1129//805 1120//805 1119//805
f 1118//806 1129//806 1119//806
f 1118//806 1119//806 1117//806
f 1126//513 1541//513 1402//513
f 1126//513 1402//513 1115//513
f 1402//513 1118//513 1116//513
f 1402//513 1116//513 1115//513
f 1410//807 1409//807 1548//807
f 1410//807 1548//807 1124//807
f 1408//808 1407//808 1406//808
f 1408//808 1406//808 1405//808
f 1537//513 1403//513 1399//513
f 1537//513 1399//513 1398//513
f 1402//513 1410//513 1125//513
f 1402//513 1125//513 1127//513
f 1537//513 1401//513 1402//513
f 1537//513 1402//513 1541//513
f 1537//513 1398//513 1400//513
f 1537//513 1400//513 1401//513
f 1466//510 1465//510 1536//510
f 1466//510 1536//510 1086//510
f 1536//510 1535//510 1543//510
f 1536//510 1543//510 1086//510
f 1536//510 1469//510 1093//510
f 1536//510 1093//510 1094//510
f 1536//510 1465//510 1468//510
f 1536//510 1468//510 1469//510
f 1536//510 1545//510 1097//510
f 1536//510 1097//510 1098//510
f 1536//510 1098//510 1099//510
f 1536//510 1099//510 1088//510
f 1095//510 1096//510 1536//510
f 1095//510 1536//510 1094//510
f 1544//510 1545//510 1536//510
f 1544//510 1536//510 1096//510
f 1087//809 1538//809 1536//809
f 1087//809 1536//809 1088//809
f 1089//513 1463//513 1085//513
f 1089//513 1085//513 1542//513
f 1086//810 1543//810 1542//810
f 1086//810 1542//810 1085//810
f 1085//811 1463//811 1466//811
f 1085//811 1466//811 1086//811
f 1539//513 1091//513 1092//513
f 1539//513 1092//513 1090//513
f 1539//513 1538//513 1087//513
f 1539//513 1087//513 1091//513
f 1089//513 1467//513 1464//513
f 1089//513 1464//513 1463//513
f 1089//513 1542//513 1539//513
f 1089//513 1539//513 1090//513
f 1104//513 1547//513 1089//513
f 1104//513 1089//513 1105//513
f 1103//513 1470//513 1089//513
f 1103//513 1089//513 1102//513
f 1100//513 1102//513 1089//513
f 1100//513 1089//513 1101//513
f 1089//513 1547//513 1546//513
f 1089//513 1546//513 1101//513
f 1107//812 1108//812 1092//812
f 1107//812 1092//812 1091//812
f 1099//510 1108//510 1107//510
f 1099//510 1107//510 1088//510
f 1467//513 1089//513 1470//513
f 1088//813 1107//813 1091//813
f 1088//813 1091//813 1087//813
f 1102//802 1100//802 1095//802
f 1102//802 1095//802 1094//802
f 1103//801 1102//801 1094//801
f 1103//801 1094//801 1093//801
f 1100//796 1101//796 1096//796
f 1100//796 1096//796 1095//796
f 1101//814 1546//814 1544//814
f 1101//814 1544//814 1096//814
f 1097//815 1545//815 1547//815
f 1097//815 1547//815 1104//815
f 1105//816 1106//816 1099//816
f 1105//816 1099//816 1098//816
f 1093//817 1469//817 1470//817
f 1093//817 1470//817 1103//817
f 1104//818 1105//818 1098//818
f 1104//818 1098//818 1097//818
f 1151//819 1195//819 1191//819
f 1151//819 1191//819 1149//819
f 1200//513 1201//513 1198//513
f 1200//513 1198//513 1199//513
f 1149//820 1191//820 1194//820
f 1149//820 1194//820 1148//820
f 1195//510 1196//510 1192//510
f 1195//510 1192//510 1191//510
f 1194//510 1193//510 1197//510
f 1194//510 1197//510 1162//510
f 1134//820 1201//820 1200//820
f 1134//820 1200//820 1135//820
f 1193//821 1198//821 1204//821
f 1193//821 1204//821 1197//821
f 1192//822 1199//822 1198//822
f 1192//822 1198//822 1193//822
f 1204//513 1198//513 1201//513
f 1204//513 1201//513 1174//513
f 1199//513 1202//513 1203//513
f 1199//513 1203//513 1200//513
f 1135//819 1200//819 1203//819
f 1135//819 1203//819 1136//819
f 1193//510 1194//510 1191//510
f 1193//510 1191//510 1192//510
f 1472//823 1157//823 1155//823
f 1472//824 1155//824 1152//824
f 1179//825 1189//825 1190//825
f 1179//825 1190//825 1180//825
f 1144//826 1185//826 1419//826
f 1144//827 1419//827 1139//827
f 1184//513 1188//513 1182//513
f 1184//513 1182//513 1177//513
f 1185//828 1188//828 1184//828
f 1185//828 1184//828 1186//828
f 1472//829 1411//829 1189//829
f 1472//829 1189//829 1179//829
f 1178//510 1190//510 1189//510
f 1178//510 1189//510 1175//510
f 1411//510 1420//510 1175//510
f 1411//510 1175//510 1189//510
f 1190//510 1178//510 1181//510
f 1190//510 1181//510 1158//510
f 1180//828 1190//828 1158//828
f 1180//828 1158//828 1157//828
f 1158//510 1181//510 1159//510
f 1158//510 1159//510 1156//510
f 1172//830 1205//830 1197//830
f 1172//830 1197//830 1204//830
f 1137//831 1213//831 1212//831
f 1137//831 1212//831 1138//831
f 1136//832 1203//832 1213//832
f 1136//832 1213//832 1137//832
f 1202//513 1214//513 1213//513
f 1202//513 1213//513 1203//513
f 1152//833 1154//833 1210//833
f 1152//833 1210//833 1153//833
f 1213//513 1214//513 1211//513
f 1213//513 1211//513 1212//513
f 1138//833 1212//833 1141//833
f 1138//833 1141//833 1139//833
f 1196//834 1202//834 1199//834
f 1196//834 1199//834 1192//834
f 1207//835 1211//835 1214//835
f 1207//835 1214//835 1208//835
f 1208//836 1214//836 1202//836
f 1208//836 1202//836 1196//836
f 1212//513 1211//513 1142//513
f 1212//513 1142//513 1141//513
f 1211//837 1207//837 1160//837
f 1211//837 1160//837 1142//837
f 1150//832 1209//832 1195//832
f 1150//832 1195//832 1151//832
f 1172//513 1204//513 1174//513
f 1172//513 1174//513 1173//513
f 1132//838 1174//838 1201//838
f 1132//838 1201//838 1134//838
f 1148//838 1194//838 1162//838
f 1148//838 1162//838 1147//838
f 1162//510 1197//510 1205//510
f 1162//510 1205//510 1161//510
f 1161//510 1205//510 1206//510
f 1161//510 1206//510 1168//510
f 1206//839 1205//839 1172//839
f 1206//839 1172//839 1163//839
f 1160//510 1207//510 1210//510
f 1160//510 1210//510 1154//510
f 1153//831 1210//831 1209//831
f 1153//831 1209//831 1150//831
f 1209//510 1208//510 1196//510
f 1209//510 1196//510 1195//510
f 1166//840 1168//840 1206//840
f 1166//840 1206//840 1163//840
f 1209//510 1210//510 1207//510
f 1209//510 1207//510 1208//510
f 1188//841 1185//841 1144//841
f 1188//841 1144//841 1140//841
f 1157//841 1158//841 1156//841
f 1157//841 1156//841 1155//841
f 1156//510 1159//510 1160//510
f 1156//510 1160//510 1154//510
f 1155//842 1156//842 1154//842
f 1155//842 1154//842 1152//842
f 1472//666 1150//666 1151//666
f 1472//666 1151//666 1149//666
f 1472//843 1152//843 1153//843
f 1472//844 1153//844 1150//844
f 1147//845 1162//845 1161//845
f 1147//845 1161//845 1145//845
f 1166//510 1165//510 1167//510
f 1167//846 1169//846 1168//846
f 1167//846 1168//846 1166//846
f 1167//847 1482//847 1483//847
f 1167//848 1483//848 1146//848
f 1165//849 1166//849 1163//849
f 1165//850 1163//850 1164//850
f 1477//851 1482//851 1167//851
f 1477//852 1167//852 1165//852
f 1472//665 1149//665 1148//665
f 1472//853 1148//853 1147//853
f 1134//713 1135//713 1419//713
f 1134//713 1419//713 1132//713
f 1136//854 1137//854 1419//854
f 1136//855 1419//855 1135//855
f 1419//513 1471//513 1479//513
f 1419//856 1479//856 1133//856
f 1131//857 1132//857 1419//857
f 1131//857 1419//857 1130//857
f 1130//857 1419//857 1133//857
f 1138//858 1139//858 1419//858
f 1138//859 1419//859 1137//859
f 1146//860 1483//860 1472//860
f 1480//510 1473//510 1472//510
f 1480//510 1472//510 1483//510
f 1472//853 1147//853 1145//853
f 1472//853 1145//853 1146//853
f 1142//513 1143//513 1140//513
f 1142//513 1140//513 1141//513
f 1140//842 1144//842 1139//842
f 1140//842 1139//842 1141//842
f 1164//513 1163//513 1170//513
f 1182//861 1181//861 1178//861
f 1182//861 1178//861 1177//861
f 1142//862 1160//862 1159//862
f 1142//862 1159//862 1143//862
f 1181//863 1182//863 1143//863
f 1181//863 1143//863 1159//863
f 1420//864 1417//864 1176//864
f 1420//864 1176//864 1175//864
f 1472//865 1179//865 1180//865
f 1472//866 1180//866 1157//866
f 1183//513 1184//513 1177//513
f 1183//513 1177//513 1176//513
f 1416//829 1419//829 1187//829
f 1416//829 1187//829 1183//829
f 1143//513 1182//513 1188//513
f 1143//513 1188//513 1140//513
f 1183//825 1187//825 1186//825
f 1183//825 1186//825 1184//825
f 1176//513 1417//513 1416//513
f 1176//513 1416//513 1183//513
f 1186//867 1187//867 1419//867
f 1186//868 1419//868 1185//868
f 1177//869 1178//869 1175//869
f 1177//869 1175//869 1176//869
f 1478//870 1477//870 1165//870
f 1478//870 1165//870 1164//870
f 1473//871 1480//871 1479//871
f 1473//871 1479//871 1471//871
f 1481//513 1478//513 1164//513
f 1481//513 1164//513 1170//513
f 1133//872 1481//872 1170//872
f 1133//873 1170//873 1130//873
f 1133//874 1479//874 1481//874
f 1145//875 1161//875 1171//875
f 1145//875 1171//875 1146//875
f 1130//876 1170//876 1173//876
f 1130//875 1173//875 1131//875
f 1131//845 1173//845 1174//845
f 1131//845 1174//845 1132//845
f 1163//513 1172//513 1173//513
f 1163//513 1173//513 1170//513
f 1171//877 1169//877 1167//877
f 1171//877 1167//877 1146//877
f 1171//510 1161//510 1168//510
f 1171//510 1168//510 1169//510
f 1290//513 1295//513 1294//513
f 1290//513 1294//513 1287//513
f 1294//513 1285//513 1287//513
f 1259//878 1285//878 1294//878
f 1259//878 1294//878 1260//878
f 1279//510 1293//510 1280//510
f 1291//879 1292//879 1293//879
f 1291//879 1293//879 1268//879
f 1268//878 1293//878 1279//878
f 1268//878 1279//878 1269//878
f 1293//510 1292//510 1289//510
f 1293//510 1289//510 1280//510
f 1258//880 1264//880 1283//880
f 1258//880 1283//880 1256//880
f 1265//880 1282//880 1271//880
f 1265//880 1271//880 1266//880
f 1267//881 1278//881 1282//881
f 1267//881 1282//881 1265//881
f 1297//513 1264//513 1276//513
f 1296//882 1297//882 1276//882
f 1296//882 1276//882 1273//882
f 1297//883 1296//883 1281//883
f 1297//883 1281//883 1288//883
f 1297//513 1288//513 1283//513
f 1297//513 1283//513 1264//513
f 1289//884 1290//884 1287//884
f 1289//884 1287//884 1280//884
f 1274//885 1275//885 1255//885
f 1274//885 1255//885 1249//885
f 1279//510 1280//510 1277//510
f 1279//510 1277//510 1278//510
f 1281//510 1282//510 1278//510
f 1281//510 1278//510 1277//510
f 1273//886 1276//886 1275//886
f 1273//886 1275//886 1274//886
f 1263//513 1275//513 1276//513
f 1263//513 1276//513 1264//513
f 1275//513 1263//513 1253//513
f 1275//513 1253//513 1255//513
f 1263//887 1262//887 1244//887
f 1263//888 1244//888 1253//888
f 1288//513 1286//513 1284//513
f 1288//513 1284//513 1283//513
f 1277//889 1286//889 1288//889
f 1277//889 1288//889 1281//889
f 1280//890 1287//890 1286//890
f 1280//890 1286//890 1277//890
f 1286//513 1287//513 1285//513
f 1286//513 1285//513 1284//513
f 1269//891 1279//891 1278//891
f 1269//891 1278//891 1267//891
f 1256//881 1283//881 1284//881
f 1256//881 1284//881 1257//881
f 1257//891 1284//891 1285//891
f 1257//891 1285//891 1259//891
f 1282//510 1281//510 1296//510
f 1282//510 1296//510 1271//510
f 1292//510 1310//510 1313//510
f 1292//510 1313//510 1289//510
f 1311//892 1310//892 1292//892
f 1311//892 1292//892 1291//892
f 1316//893 1315//893 1309//893
f 1316//893 1309//893 1308//893
f 1309//510 1315//510 1304//510
f 1313//894 1314//894 1290//894
f 1313//894 1290//894 1289//894
f 1315//895 1316//895 1314//895
f 1315//895 1314//895 1313//895
f 1315//510 1313//510 1310//510
f 1315//510 1310//510 1304//510
f 1314//513 1303//513 1295//513
f 1314//513 1295//513 1290//513
f 1303//892 1302//892 1261//892
f 1303//892 1261//892 1295//892
f 1260//879 1294//879 1295//879
f 1260//879 1295//879 1261//879
f 1303//513 1314//513 1316//513
f 1303//513 1316//513 1301//513
f 1316//896 1308//896 1312//896
f 1316//897 1312//897 1317//897
f 1317//898 1312//898 1299//898
f 1317//898 1299//898 1298//898
f 1301//513 1316//513 1317//513
f 1301//513 1317//513 1298//513
f 1246//510 1305//510 1311//510
f 1246//510 1311//510 1223//510
f 1302//513 1300//513 1242//513
f 1302//513 1242//513 1261//513
f 1298//513 1491//513 1247//513
f 1298//513 1247//513 1301//513
f 1246//899 1306//899 1304//899
f 1246//899 1304//899 1305//899
f 1302//900 1303//900 1301//900
f 1302//900 1301//900 1300//900
f 1273//510 1271//510 1296//510
f 1492//901 1491//901 1298//901
f 1492//901 1298//901 1299//901
f 1300//899 1301//899 1247//899
f 1300//899 1247//899 1242//899
f 1245//902 1496//902 1492//902
f 1245//903 1492//903 1299//903
f 1312//510 1308//510 1245//510
f 1312//510 1245//510 1299//510
f 1223//510 1311//510 1291//510
f 1223//510 1291//510 1268//510
f 1310//900 1311//900 1305//900
f 1310//900 1305//900 1304//900
f 1245//904 1307//904 1306//904
f 1245//904 1306//904 1246//904
f 1308//905 1309//905 1307//905
f 1308//905 1307//905 1245//905
f 1309//510 1304//510 1306//510
f 1309//510 1306//510 1307//510
f 1230//510 1272//510 1274//510
f 1230//510 1274//510 1249//510
f 1223//906 1496//906 1245//906
f 1223//907 1245//907 1246//907
f 1223//908 1497//908 1496//908
f 1232//909 1493//909 1497//909
f 1232//909 1497//909 1226//909
f 1243//513 1244//513 1242//513
f 1243//513 1242//513 1241//513
f 1237//513 1238//513 1494//513
f 1237//513 1494//513 1231//513
f 1239//513 1240//513 1494//513
f 1239//513 1494//513 1238//513
f 1242//713 1494//713 1240//713
f 1242//513 1240//513 1241//513
f 1233//910 1232//910 1226//910
f 1233//910 1226//910 1225//910
f 1217//911 1508//911 1236//911
f 1217//912 1236//912 1220//912
f 1220//913 1236//913 1235//913
f 1220//913 1235//913 1221//913
f 1234//914 1233//914 1225//914
f 1234//914 1225//914 1222//914
f 1495//915 1494//915 1242//915
f 1495//915 1242//915 1247//915
f 1495//513 1247//513 1491//513
f 1235//916 1234//916 1222//916
f 1235//916 1222//916 1221//916
f 1236//917 1508//917 1506//917
f 1236//513 1506//513 1235//513
f 1221//510 1222//510 1215//510
f 1221//510 1215//510 1220//510
f 1215//918 1497//918 1223//918
f 1215//510 1223//510 1224//510
f 1215//510 1225//510 1226//510
f 1215//919 1226//919 1497//919
f 1220//510 1215//510 1217//510
f 1511//920 1217//920 1215//920
f 1511//510 1215//510 1216//510
f 1218//921 1219//921 1511//921
f 1218//510 1511//510 1216//510
f 1219//922 1512//922 1511//922
f 1494//513 1493//513 1506//513
f 1494//923 1506//923 1231//923
f 1232//513 1233//513 1506//513
f 1232//924 1506//924 1493//924
f 1234//513 1235//513 1506//513
f 1234//513 1506//513 1233//513
f 1227//925 1230//925 1229//925
f 1227//925 1229//925 1228//925
f 1225//510 1215//510 1222//510
f 1513//926 1508//926 1217//926
f 1513//927 1217//927 1511//927
f 1223//510 1227//510 1228//510
f 1223//510 1228//510 1224//510
f 1228//928 1229//928 1248//928
f 1228//928 1248//928 1224//928
f 1259//513 1260//513 1242//513
f 1259//513 1242//513 1257//513
f 1261//513 1242//513 1260//513
f 1262//513 1258//513 1242//513
f 1262//513 1242//513 1244//513
f 1242//513 1258//513 1256//513
f 1242//513 1256//513 1257//513
f 1231//929 1506//929 1507//929
f 1231//930 1507//930 1512//930
f 1239//931 1238//931 1218//931
f 1239//931 1218//931 1216//931
f 1240//932 1239//932 1216//932
f 1240//932 1216//932 1215//932
f 1266//933 1271//933 1272//933
f 1266//933 1272//933 1270//933
f 1270//887 1272//887 1230//887
f 1270//887 1230//887 1227//887
f 1273//510 1274//510 1272//510
f 1273//510 1272//510 1271//510
f 1223//510 1266//510 1270//510
f 1223//510 1270//510 1227//510
f 1262//933 1263//933 1264//933
f 1262//933 1264//933 1258//933
f 1223//510 1267//510 1265//510
f 1223//510 1265//510 1266//510
f 1223//510 1268//510 1269//510
f 1223//510 1269//510 1267//510
f 1238//934 1237//934 1219//934
f 1238//934 1219//934 1218//934
f 1241//928 1252//928 1251//928
f 1241//928 1251//928 1243//928
f 1240//935 1498//935 1252//935
f 1240//936 1252//936 1241//936
f 1243//925 1251//925 1253//925
f 1243//925 1253//925 1244//925
f 1250//510 1504//510 1499//510
f 1250//510 1499//510 1248//510
f 1224//937 1248//937 1499//937
f 1224//938 1499//938 1215//938
f 1229//510 1249//510 1250//510
f 1229//510 1250//510 1248//510
f 1229//510 1230//510 1249//510
f 1215//939 1499//939 1498//939
f 1215//939 1498//939 1240//939
f 1249//940 1255//940 1254//940
f 1249//940 1254//940 1250//940
f 1237//941 1231//941 1512//941
f 1237//942 1512//942 1219//942
f 1505//943 1504//943 1250//943
f 1505//943 1250//943 1254//943
f 1254//513 1255//513 1251//513
f 1254//513 1251//513 1252//513
f 1253//513 1251//513 1255//513
f 1252//513 1498//513 1505//513
f 1252//513 1505//513 1254//513
f 1529//513 1368//513 1370//513
f 1529//513 1370//513 1358//513
f 1529//513 1515//513 1369//513
f 1529//513 1369//513 1368//513
f 1515//944 1531//944 1369//944
f 1359//945 1358//945 1370//945
f 1359//946 1370//946 1366//946
f 1361//513 1363//513 1529//513
f 1361//513 1529//513 1358//513
f 1365//513 1529//513 1363//513
f 1529//513 1365//513 1354//513
f 1529//513 1354//513 1357//513
f 1357//947 1356//947 1532//947
f 1357//948 1532//948 1529//948
f 1355//949 1354//949 1365//949
f 1355//950 1365//950 1364//950
f 1368//951 1367//951 1366//951
f 1368//952 1366//952 1370//952
f 1358//953 1359//953 1360//953
f 1358//954 1360//954 1361//954
f 1361//955 1360//955 1362//955
f 1361//956 1362//956 1363//956
f 1434//957 1433//957 1435//957
f 1434//957 1435//957 1436//957
f 1354//958 1355//958 1356//958
f 1354//959 1356//959 1357//959
f 1363//960 1362//960 1364//960
f 1363//961 1364//961 1365//961
f 1531//510 1532//510 1356//510
f 1531//510 1356//510 1367//510
f 1367//962 1368//962 1369//962
f 1367//963 1369//963 1531//963
f 1356//510 1362//510 1360//510
f 1356//510 1360//510 1359//510
f 1366//510 1367//510 1356//510
f 1366//510 1356//510 1359//510
f 1364//510 1362//510 1356//510
f 1364//510 1356//510 1355//510
f 1378//950 1377//950 1381//950
f 1378//949 1381//949 1382//949
f 1382//958 1381//958 1379//958
f 1382//959 1379//959 1383//959
f 1528//513 1516//513 1380//513
f 1528//513 1380//513 1350//513
f 1372//513 1376//513 1528//513
f 1372//513 1528//513 1373//513
f 1383//964 1379//964 1527//964
f 1383//965 1527//965 1528//965
f 1379//510 1381//510 1377//510
f 1379//510 1377//510 1375//510
f 1461//957 1462//957 1460//957
f 1461//957 1460//957 1459//957
f 1378//513 1528//513 1376//513
f 1382//513 1383//513 1528//513
f 1382//513 1528//513 1378//513
f 1353//513 1373//513 1528//513
f 1353//513 1528//513 1350//513
f 1376//960 1375//960 1377//960
f 1376//961 1377//961 1378//961
f 1379//510 1375//510 1371//510
f 1379//510 1371//510 1374//510
f 1371//954 1372//954 1373//954
f 1371//953 1373//953 1374//953
f 1372//955 1371//955 1375//955
f 1372//956 1375//956 1376//956
f 1379//510 1374//510 1352//510
f 1379//510 1352//510 1351//510
f 1516//966 1530//966 1380//966
f 1353//946 1352//946 1374//946
f 1353//945 1374//945 1373//945
f 1530//510 1527//510 1379//510
f 1530//510 1379//510 1351//510
f 1351//962 1350//962 1380//962
f 1351//967 1380//967 1530//967
f 1523//513 1336//513 1337//513
f 1523//513 1337//513 1328//513
f 1523//513 1522//513 1526//513
f 1523//513 1526//513 1336//513
f 1336//951 1335//951 1334//951
f 1336//968 1334//968 1337//968
f 1329//969 1328//969 1337//969
f 1329//970 1337//970 1334//970
f 1327//513 1331//513 1523//513
f 1327//513 1523//513 1328//513
f 1333//513 1523//513 1331//513
f 1523//513 1333//513 1324//513
f 1523//513 1324//513 1323//513
f 1323//971 1322//971 1524//971
f 1323//972 1524//972 1523//972
f 1325//949 1324//949 1333//949
f 1325//973 1333//973 1332//973
f 1335//974 1336//974 1526//974
f 1335//975 1526//975 1525//975
f 1322//959 1323//959 1324//959
f 1322//958 1324//958 1325//958
f 1326//976 1327//976 1328//976
f 1326//977 1328//977 1329//977
f 1318//968 1319//968 1320//968
f 1318//951 1320//951 1321//951
f 1545//957 1544//957 1546//957
f 1545//957 1546//957 1547//957
f 1327//955 1326//955 1330//955
f 1327//956 1330//956 1331//956
f 1334//510 1335//510 1322//510
f 1334//510 1322//510 1329//510
f 1525//510 1524//510 1322//510
f 1525//510 1322//510 1335//510
f 1331//978 1330//978 1332//978
f 1331//979 1332//979 1333//979
f 1322//510 1330//510 1326//510
f 1322//510 1326//510 1329//510
f 1332//510 1330//510 1322//510
f 1332//510 1322//510 1325//510
f 1348//958 1347//958 1346//958
f 1348//980 1346//980 1349//980
f 1349//981 1346//981 1518//981
f 1349//982 1518//982 1517//982
f 1339//513 1343//513 1517//513
f 1339//513 1517//513 1340//513
f 1345//973 1344//973 1347//973
f 1345//949 1347//949 1348//949
f 1345//513 1517//513 1343//513
f 1405//957 1548//957 1409//957
f 1405//957 1409//957 1408//957
f 1350//951 1351//951 1352//951
f 1350//952 1352//952 1353//952
f 1348//513 1349//513 1517//513
f 1348//513 1517//513 1345//513
f 1346//510 1347//510 1344//510
f 1346//510 1344//510 1342//510
f 1517//513 1520//513 1521//513
f 1517//513 1521//513 1320//513
f 1343//978 1342//978 1344//978
f 1343//979 1344//979 1345//979
f 1346//510 1342//510 1338//510
f 1346//510 1338//510 1341//510
f 1338//976 1339//976 1340//976
f 1338//983 1340//983 1341//983
f 1339//955 1338//955 1342//955
f 1339//956 1342//956 1343//956
f 1346//510 1341//510 1318//510
f 1346//510 1318//510 1321//510
f 1321//984 1320//984 1521//984
f 1321//985 1521//985 1519//985
f 1319//513 1340//513 1517//513
f 1319//513 1517//513 1320//513
f 1519//510 1518//510 1346//510
f 1519//510 1346//510 1321//510
f 1319//986 1318//986 1341//986
f 1319//945 1341//945 1340//945
o Turret_01_havok_s_armor_16_0
v -0.411060 1.878672 -1.496097
v -0.411060 1.795396 -1.509258
v -0.411060 1.955710 -1.465894
v -0.411060 1.714560 -1.506727
v -0.411060 1.645932 -1.491541
v -0.411060 1.591680 -1.466062
v -0.411060 1.557772 -1.443452
v 0.411060 1.878672 -1.496097
v 0.411060 1.795396 -1.509258
v 0.411060 1.955710 -1.465894
v 0.411060 1.714560 -1.506727
v 0.411060 1.645932 -1.491541
v 0.411060 1.591680 -1.466062
v 0.411060 1.557772 -1.443452
v -0.411060 2.024067 -1.420673
v -0.411060 2.113040 -1.336645
v 0.411060 2.113040 -1.336645
v 0.411060 2.024067 -1.420673
v -0.411060 1.888867 -1.438627
v -0.411060 1.795274 -1.454118
v -0.411060 1.738884 -1.453288
v -0.411060 1.685335 -1.442147
v -0.383800 1.795276 -1.509256
v -0.383800 1.878677 -1.496035
v -0.383800 1.714448 -1.506777
v -0.383800 1.645965 -1.491470
v -0.383800 1.591708 -1.466130
v -0.411060 1.615062 -1.414218
v -0.383800 1.557776 -1.443380
v -0.411060 1.563104 -1.380092
v -0.383800 1.563104 -1.379966
v 0.411060 1.795274 -1.454118
v 0.411060 1.888867 -1.438628
v 0.411060 1.685335 -1.442147
v 0.411060 1.738884 -1.453288
v 0.383801 1.878677 -1.496035
v 0.383801 1.795276 -1.509256
v 0.383801 1.714448 -1.506777
v 0.383801 1.645965 -1.491470
v 0.411060 1.615062 -1.414218
v 0.383801 1.591708 -1.466130
v 0.383801 1.557776 -1.443380
v 0.383801 1.563104 -1.380092
v 0.411060 1.563104 -1.380092
v -0.411060 2.068291 -1.307807
v -0.411060 1.984520 -1.387490
v -0.383800 2.113040 -1.336645
v -0.383800 2.024189 -1.420609
v -0.411060 2.112900 -1.254440
v -0.383800 2.112900 -1.254440
v -0.383800 1.955583 -1.465899
v 0.411060 2.068291 -1.307807
v 0.411060 1.984520 -1.387513
v 0.383801 2.113040 -1.336645
v 0.383801 2.024189 -1.420609
v 0.411060 2.112900 -1.254440
v 0.383801 2.112900 -1.254440
v 0.383801 1.955583 -1.465899
vn 0.0013 -0.6868 0.7268
vn -0.0000 -0.6866 0.7270
vn 1.0000 -0.0000 -0.0000
vn -0.0000 -1.0000 -0.0017
vn -1.0000 -0.0000 -0.0000
vn -0.0018 0.4232 0.9061
vn 0.0029 0.4251 0.9051
vn -0.0000 0.9965 -0.0838
vn -0.0001 0.9965 -0.0839
vn 0.0023 0.5569 0.8306
vn -0.0015 0.5548 0.8320
vn 0.0021 -0.3648 0.9311
vn 0.0015 -0.3650 0.9310
vn 0.0024 -0.5509 0.8345
vn -0.0005 -0.5517 0.8340
vn -0.0021 -0.3648 0.9311
vn -0.0015 -0.3650 0.9310
vn -0.0024 -0.5509 0.8345
vn 0.0005 -0.5517 0.8340
vn -0.0013 -0.6868 0.7268
vn 0.0018 0.4232 0.9061
vn -0.0029 0.4251 0.9051
vn 0.0020 0.0306 0.9995
vn 0.0001 0.0313 0.9995
vn -0.0028 0.2181 0.9759
vn 0.0027 0.2160 0.9764
vn -0.0008 -0.1566 0.9877
vn -0.0022 -0.1561 0.9877
vn -0.0023 0.5569 0.8306
vn 0.0015 0.5548 0.8320
vn 0.0008 -0.1566 0.9877
vn 0.0022 -0.1561 0.9877
vn 0.0028 0.2181 0.9759
vn -0.0027 0.2160 0.9764
vn -0.0020 0.0306 0.9995
vn -0.0001 0.0313 0.9995
vn 0.0004 0.9965 -0.0837
vn 0.0001 0.9965 -0.0838
s 0
f 1563//987 1596//987 1595//987
f 1563//988 1595//988 1564//988
f 1593//989 1594//989 1563//989
f 1593//989 1563//989 1564//989
f 1598//990 1597//990 1564//990
f 1598//990 1564//990 1595//990
f 1597//989 1593//989 1564//989
f 1562//991 1592//991 1588//991
f 1562//991 1588//991 1561//991
f 1587//992 1589//992 1561//992
f 1587//993 1561//993 1560//993
f 1588//991 1582//991 1560//991
f 1588//991 1560//991 1561//991
f 1591//994 1592//994 1562//994
f 1591//995 1562//995 1590//995
f 1589//996 1590//996 1562//996
f 1589//997 1562//997 1561//997
f 1594//989 1567//989 1551//989
f 1594//989 1551//989 1563//989
f 1558//991 1581//991 1601//991
f 1558//991 1601//991 1566//991
f 1565//990 1604//990 1605//990
f 1565//990 1605//990 1602//990
f 1606//998 1584//998 1556//998
f 1606//999 1556//999 1558//999
f 1603//1000 1606//1000 1558//1000
f 1603//1001 1558//1001 1566//1001
f 1565//991 1600//991 1604//991
f 1549//1002 1572//1002 1599//1002
f 1549//1003 1599//1003 1551//1003
f 1551//1004 1599//1004 1596//1004
f 1551//1005 1596//1005 1563//1005
f 1602//1006 1603//1006 1566//1006
f 1602//988 1566//988 1565//988
f 1566//991 1601//991 1600//991
f 1566//991 1600//991 1565//991
f 1554//1007 1575//1007 1574//1007
f 1554//1008 1574//1008 1553//1008
f 1552//1009 1573//1009 1571//1009
f 1552//1010 1571//1010 1550//1010
f 1553//989 1570//989 1576//989
f 1553//989 1576//989 1554//989
f 1553//1011 1574//1011 1573//1011
f 1553//1012 1573//1012 1552//1012
f 1550//1013 1571//1013 1572//1013
f 1550//1014 1572//1014 1549//1014
f 1551//989 1567//989 1549//989
f 1549//989 1567//989 1568//989
f 1549//989 1568//989 1550//989
f 1568//989 1569//989 1552//989
f 1568//989 1552//989 1550//989
f 1552//989 1569//989 1570//989
f 1552//989 1570//989 1553//989
f 1555//1015 1577//1015 1575//1015
f 1555//1016 1575//1016 1554//1016
f 1584//1017 1585//1017 1557//1017
f 1584//1018 1557//1018 1556//1018
f 1583//991 1580//991 1557//991
f 1583//991 1557//991 1559//991
f 1586//1019 1587//1019 1560//1019
f 1586//1020 1560//1020 1559//1020
f 1585//1021 1586//1021 1559//1021
f 1585//1022 1559//1022 1557//1022
f 1582//991 1583//991 1559//991
f 1582//991 1559//991 1560//991
f 1576//989 1578//989 1555//989
f 1576//989 1555//989 1554//989
f 1578//1023 1579//1023 1577//1023
f 1578//1024 1577//1024 1555//1024
f 1558//991 1556//991 1581//991
f 1580//991 1581//991 1556//991
f 1580//991 1556//991 1557//991
o Turret_01_havok_s_surveyingDevice_1
v -0.782239 2.267374 0.037479
v -0.584719 2.387738 0.091027
v -0.414778 2.387738 0.091027
v -0.414778 2.387738 0.150524
v -0.584719 2.387738 0.150524
v -0.215307 2.267374 0.035496
v -0.211964 2.294975 0.602701
v -0.781404 2.294122 0.604684
v -0.414778 2.342211 0.206054
v -0.584719 2.342211 0.206054
v -0.548780 2.325422 -0.357184
v -0.505599 2.325422 -0.349251
v -0.461860 2.325422 -0.355201
v -0.423136 2.325422 -0.377017
v -0.578311 2.325422 -0.613022
v -0.420350 2.325422 -0.613022
v -0.512006 1.805264 -1.424164
v -0.586390 2.325422 -0.380983
v -0.578311 2.325422 -0.575340
v -0.393605 2.325422 -0.408748
v -0.377447 2.325422 -0.450396
v -0.390262 2.325422 -0.535675
v -0.376333 2.325422 -0.494027
v -0.420350 2.325422 -0.571374
v -0.627900 2.325422 -0.456346
v -0.613692 2.325422 -0.414698
v -0.626507 2.325422 -0.501960
v -0.610349 2.325422 -0.541625
v -0.870881 2.227815 0.101970
v -0.720304 2.221019 -0.049578
v -0.690196 2.252204 -0.037984
v -0.676993 2.284153 -0.009376
v -0.827571 2.290949 0.142172
v -0.857678 2.259764 0.130577
v -0.584828 2.313203 0.090587
v -0.414828 2.313203 0.090587
v -0.169272 2.290895 0.139946
v -0.320972 2.284058 -0.010477
v -0.126263 2.227746 0.099442
v -0.139253 2.259704 0.128137
v -0.277964 2.220910 -0.050980
v -0.307983 2.252100 -0.039171
v -0.275435 2.254539 0.692878
v -0.124858 2.247652 0.541334
v -0.168168 2.306906 0.495607
v -0.138061 2.276892 0.509964
v -0.318746 2.313794 0.647151
v -0.305543 2.284553 0.678520
v -0.717775 2.254557 0.694284
v -0.869475 2.247811 0.543858
v -0.856486 2.277053 0.512399
v -0.826467 2.307052 0.497828
v -0.674767 2.313798 0.648255
v -0.687756 2.284556 0.679713
v -0.584828 2.318502 0.207973
v -0.414828 2.318502 0.207973
v -0.505494 2.176571 -0.348748
v -0.548745 2.176188 -0.357597
v -0.461825 2.176291 -0.355225
v -0.423005 2.175381 -0.376248
v -0.578390 2.165104 -0.613695
v -0.420357 2.165104 -0.613695
v -0.472175 1.872586 -1.409686
v -0.528985 1.872405 -1.379629
v -0.531421 1.822724 -1.388889
v -0.474877 1.795836 -1.421838
v -0.473042 1.854805 -1.413002
v -0.529891 1.734099 -1.393170
v -0.472343 1.734150 -1.421802
v -0.472923 1.739259 -1.422576
v -0.473514 1.760444 -1.422006
v -0.530515 1.739608 -1.394006
v -0.531644 1.780512 -1.392911
v -0.532250 1.796342 -1.392838
v -0.586361 2.175188 -0.380705
v -0.578390 2.166761 -0.575386
v -0.393716 2.173951 -0.409280
v -0.377491 2.172173 -0.450337
v -0.390249 2.168451 -0.536348
v -0.376287 2.170263 -0.494467
v -0.420357 2.166955 -0.570928
v -0.613805 2.173691 -0.415285
v -0.627767 2.171877 -0.457166
v -0.626563 2.169967 -0.501296
v -0.610338 2.168191 -0.542354
vn -0.9300 0.0001 -0.3675
vn -0.9323 0.0020 -0.3617
vn -0.7482 0.0029 -0.6635
vn -0.7320 -0.0041 -0.6813
vn 1.0000 -0.0005 -0.0000
vn -0.9487 -0.0014 0.3163
vn -0.9484 -0.0012 0.3172
vn -1.0000 -0.0000 -0.0000
vn -0.7542 0.0019 0.6566
vn -0.7646 -0.0028 0.6445
vn -0.9996 -0.0002 -0.0273
vn -0.9997 0.0003 -0.0255
vn 0.2535 0.1730 0.9517
vn -0.0899 -0.0293 0.9955
vn 0.4290 0.2679 0.8627
vn -0.0516 -0.1807 0.9822
vn -0.0984 -0.1445 0.9846
vn -0.0644 -0.0072 0.9979
vn 0.5235 -0.0015 -0.8520
vn 0.5347 0.0025 -0.8450
vn 0.8486 -0.1043 0.5187
vn 0.8357 0.0294 0.5484
vn 0.6036 0.1860 0.7753
vn 0.8435 0.0089 0.5371
vn -0.0000 -1.0000 -0.0000
vn 0.7833 0.0018 -0.6217
vn 0.7771 -0.0010 -0.6293
vn 0.9996 -0.0002 0.0273
vn 0.9995 0.0007 0.0305
vn 0.9300 -0.0016 0.3676
vn 0.9261 0.0013 0.3773
vn 0.7188 -0.0006 0.6952
vn 0.7249 -0.0031 0.6888
vn 0.9486 0.0025 -0.3164
vn 0.9464 0.0005 -0.3229
vn 0.4247 -0.4234 0.8002
vn 0.8366 -0.1397 0.5296
vn -0.4138 -0.6425 0.6450
vn -0.3752 -0.6991 0.6087
vn -0.6450 -0.3723 0.6674
vn -0.6120 -0.6514 0.4485
vn -0.5735 -0.7080 0.4122
vn -0.6624 -0.3886 -0.6405
vn -0.3615 -0.7530 -0.5497
vn -0.4060 -0.6925 -0.5963
vn -0.2534 -0.9445 -0.2089
vn -0.5866 -0.7428 -0.3226
vn -0.6311 -0.6818 -0.3700
vn 0.2893 -0.8994 0.3278
vn 0.3808 -0.6992 0.6051
vn 0.4194 -0.6431 0.6408
vn 0.6490 -0.3755 0.6617
vn 0.5759 -0.7080 0.4088
vn 0.6143 -0.6519 0.4445
vn -0.2851 -0.9005 0.3284
vn -0.0000 -0.0059 1.0000
vn 1.0000 -0.0000 -0.0000
vn 1.0000 -0.0015 0.0001
vn 1.0000 -0.0048 -0.0019
vn 0.2004 0.0028 -0.9797
vn 0.1807 -0.0032 -0.9835
vn -0.0000 -0.0042 1.0000
vn -0.4763 -0.0049 -0.8793
vn -0.4908 -0.0000 -0.8713
vn -0.1467 0.0001 -0.9892
vn -0.1348 -0.0034 -0.9909
vn 0.2650 -0.9376 -0.2252
vn 0.5800 -0.7428 -0.3345
vn 0.6222 -0.6847 -0.3796
vn 0.6539 -0.4011 -0.6415
vn 0.3633 -0.7524 -0.5494
vn 0.4054 -0.6944 -0.5945
vn -1.0000 0.0007 -0.0000
vn -1.0000 0.0022 0.0009
vn -0.0000 -0.0807 -0.9967
vn -0.0000 -0.7733 -0.6340
s 0
f 1627//1025 1684//1025 1683//1025
f 1627//1026 1683//1026 1626//1026
f 1626//1027 1683//1027 1666//1027
f 1626//1028 1666//1028 1620//1028
f 1682//1029 1667//1029 1621//1029
f 1682//1029 1621//1029 1625//1029
f 1628//1030 1685//1030 1686//1030
f 1628//1031 1686//1031 1629//1031
f 1622//1032 1668//1032 1687//1032
f 1622//1032 1687//1032 1630//1032
f 1630//1033 1687//1033 1685//1033
f 1630//1034 1685//1034 1628//1034
f 1629//1035 1686//1035 1684//1035
f 1629//1036 1684//1036 1627//1036
f 1623//1037 1675//1037 1676//1037
f 1623//1038 1676//1038 1677//1038
f 1674//1039 1675//1039 1623//1039
f 1673//1040 1669//1040 1623//1040
f 1673//1041 1623//1041 1672//1041
f 1623//1042 1677//1042 1672//1042
f 1664//1043 1681//1043 1624//1043
f 1664//1044 1624//1044 1617//1044
f 1623//1045 1671//1045 1680//1045
f 1623//1046 1680//1046 1679//1046
f 1678//1047 1674//1047 1623//1047
f 1678//1048 1623//1048 1679//1048
f 1631//1049 1633//1049 1625//1049
f 1631//1049 1625//1049 1632//1049
f 1681//1050 1688//1050 1632//1050
f 1681//1051 1632//1051 1624//1051
f 1689//1052 1690//1052 1633//1052
f 1689//1053 1633//1053 1631//1053
f 1634//1049 1625//1049 1633//1049
f 1690//1054 1691//1054 1634//1054
f 1690//1055 1634//1055 1633//1055
f 1691//1056 1682//1056 1625//1056
f 1691//1057 1625//1057 1634//1057
f 1624//1049 1632//1049 1625//1049
f 1625//1049 1620//1049 1619//1049
f 1625//1049 1619//1049 1618//1049
f 1625//1049 1629//1049 1627//1049
f 1625//1049 1627//1049 1626//1049
f 1626//1049 1620//1049 1625//1049
f 1617//1049 1624//1049 1625//1049
f 1617//1049 1625//1049 1618//1049
f 1688//1058 1689//1058 1631//1058
f 1688//1059 1631//1059 1632//1059
f 1630//1049 1625//1049 1621//1049
f 1630//1049 1621//1049 1622//1049
f 1625//1049 1630//1049 1628//1049
f 1625//1049 1628//1049 1629//1049
f 1623//1060 1669//1060 1670//1060
f 1623//1061 1670//1061 1671//1061
f 1648//1062 1647//1062 1612//1062
f 1648//1063 1612//1063 1644//1063
f 1645//1064 1612//1064 1647//1064
f 1612//1065 1645//1065 1646//1065
f 1612//1066 1646//1066 1643//1066
f 1649//1067 1613//1067 1650//1067
f 1654//1068 1653//1068 1613//1068
f 1654//1069 1613//1069 1649//1069
f 1613//1070 1653//1070 1651//1070
f 1613//1071 1651//1071 1652//1071
f 1613//1072 1652//1072 1650//1072
f 1639//1073 1607//1073 1638//1073
f 1637//1074 1638//1074 1607//1074
f 1637//1075 1607//1075 1636//1075
f 1607//1076 1635//1076 1636//1076
f 1607//1077 1639//1077 1640//1077
f 1607//1078 1640//1078 1635//1078
f 1612//1079 1643//1079 1644//1079
f 1610//1049 1611//1049 1608//1049
f 1610//1049 1608//1049 1609//1049
f 1608//1080 1641//1080 1642//1080
f 1608//1080 1642//1080 1609//1080
f 1616//1081 1608//1081 1611//1081
f 1661//1082 1641//1082 1608//1082
f 1661//1083 1608//1083 1616//1083
f 1609//1032 1615//1032 1610//1032
f 1663//1084 1664//1084 1617//1084
f 1663//1085 1617//1085 1618//1085
f 1621//1086 1667//1086 1668//1086
f 1621//1086 1668//1086 1622//1086
f 1620//1087 1666//1087 1665//1087
f 1620//1088 1665//1088 1619//1088
f 1619//1089 1665//1089 1663//1089
f 1619//1090 1663//1090 1618//1090
f 1659//1091 1614//1091 1658//1091
f 1657//1092 1658//1092 1614//1092
f 1657//1093 1614//1093 1656//1093
f 1614//1094 1655//1094 1656//1094
f 1614//1095 1659//1095 1660//1095
f 1614//1096 1660//1096 1655//1096
f 1609//1097 1642//1097 1662//1097
f 1609//1098 1662//1098 1615//1098
f 1615//1099 1662//1099 1661//1099
f 1615//1099 1661//1099 1616//1099
f 1615//1100 1616//1100 1611//1100
f 1615//1100 1611//1100 1610//1100
o Turret_01_havok_s_armor_8_2
v 0.726054 1.543595 0.780831
v -0.750073 1.543595 -0.705771
v 0.505646 1.543595 0.944366
v 0.250423 1.543595 1.045284
v 0.000000 1.543595 1.076706
v 0.896625 1.543595 0.565822
v 1.005736 1.543595 0.313993
v -0.913609 1.543595 -0.485365
v -0.250422 1.543595 1.045284
v -0.505646 1.543595 0.944366
v -0.896625 1.543595 0.565822
v -0.726054 1.543595 0.780831
v -1.005735 1.543595 0.313993
v -1.045950 1.543595 0.042505
v -1.014527 1.543595 -0.230142
v 1.045950 1.543595 0.042505
v 1.014528 1.543595 -0.230142
v 0.913609 1.543595 -0.485365
v 0.750074 1.543595 -0.705771
v 0.535064 1.543595 -0.876342
v 0.283234 1.543595 -0.985453
v -0.535064 1.543595 -0.876342
v -0.283233 1.543595 -0.985453
v 0.000000 1.543595 -1.025668
v 0.310699 1.888867 -1.438627
v -0.262191 1.888867 -1.438627
v -0.262191 1.795274 -1.454118
v 0.310699 1.795274 -1.454118
v 0.310699 1.738884 -1.453289
v -0.262191 1.738884 -1.453289
v 0.310699 1.685335 -1.442148
v -0.262191 1.685335 -1.442148
v 0.310699 1.650198 -1.428183
v -0.262191 1.650198 -1.428183
v 0.310699 1.984520 -1.387513
v -0.262191 1.984520 -1.387513
v 0.310699 2.013487 -1.359960
v -0.262191 2.013893 -1.359575
vn -0.0000 1.0000 -0.0000
vn -0.0000 -0.1633 0.9866
vn -0.0000 0.0147 0.9999
vn -0.0000 -0.4713 0.8820
vn -0.0000 -0.6892 0.7246
vn -0.0000 0.2037 0.9790
vn -0.0000 0.3693 0.9293
s 0
f 1715//1101 1714//1101 1693//1101
f 1715//1101 1693//1101 1712//1101
f 1718//1102 1719//1102 1716//1102
f 1718//1102 1716//1102 1717//1102
f 1711//1101 1712//1101 1693//1101
f 1711//1101 1693//1101 1710//1101
f 1713//1101 1693//1101 1714//1101
f 1718//1103 1721//1103 1720//1103
f 1718//1103 1720//1103 1719//1103
f 1726//1104 1727//1104 1717//1104
f 1726//1104 1717//1104 1716//1104
f 1728//1105 1729//1105 1727//1105
f 1728//1105 1727//1105 1726//1105
f 1721//1106 1723//1106 1722//1106
f 1721//1106 1722//1106 1720//1106
f 1723//1107 1725//1107 1724//1107
f 1723//1107 1724//1107 1722//1107
f 1709//1101 1710//1101 1693//1101
f 1709//1101 1693//1101 1708//1101
f 1697//1101 1698//1101 1693//1101
f 1697//1101 1693//1101 1692//1101
f 1699//1101 1700//1101 1696//1101
f 1699//1101 1696//1101 1693//1101
f 1692//1101 1693//1101 1694//1101
f 1693//1101 1696//1101 1695//1101
f 1693//1101 1695//1101 1694//1101
f 1700//1101 1699//1101 1701//1101
f 1699//1101 1706//1101 1705//1101
f 1699//1101 1705//1101 1704//1101
f 1707//1101 1708//1101 1693//1101
f 1707//1101 1693//1101 1698//1101
f 1699//1101 1702//1101 1703//1101
f 1699//1101 1703//1101 1701//1101
f 1702//1101 1699//1101 1704//1101
o Turret_01_havok_s_armor_5_3
v -0.584828 2.318496 0.208109
v -0.584828 2.313203 0.090587
v -0.414987 2.318496 0.208109
v -0.414987 2.313203 0.090587
v 0.698065 2.336502 0.297789
v 0.552039 2.361550 0.336182
v 0.662342 2.340685 0.390400
v 0.449257 2.361574 0.336182
v 0.337702 2.340685 0.390400
v 0.301979 2.336502 0.297789
v -0.420391 2.166953 -0.570962
v -0.420391 2.165104 -0.613695
v -0.390292 2.168448 -0.536257
v -0.578380 2.165104 -0.613695
v -0.626539 2.169966 -0.501293
v -0.610322 2.168190 -0.542473
v -0.578380 2.166762 -0.575364
v -0.377516 2.172174 -0.450272
v -0.376287 2.170263 -0.494559
v -0.393732 2.173949 -0.409352
v -0.422971 2.175378 -0.376201
v -0.586366 2.175188 -0.380604
v -0.613762 2.173692 -0.415308
v -0.627767 2.171877 -0.457265
v -0.505528 2.176571 -0.348748
v -0.461793 2.176291 -0.355223
v -0.548773 2.176190 -0.357553
v -0.917007 2.210669 0.435642
v -1.041293 2.211636 0.457879
v -1.041818 2.191082 -0.014393
v -0.926621 2.208972 0.396670
v -0.931628 2.206168 0.332222
v -0.921157 2.201645 0.228308
v -0.931627 2.204392 0.291433
v -0.911232 2.199894 0.188075
v -0.886193 2.197361 0.129866
v -0.824565 2.193395 0.038730
v -0.867574 2.195866 0.095522
v -0.879794 2.214752 0.528339
v -0.840687 2.217531 0.590588
v -0.816946 2.218738 0.617859
v -0.885464 2.214301 0.518231
v -0.896517 2.213382 0.497614
v -0.719648 2.334263 0.557061
v -0.778146 2.331007 0.484949
v -0.813937 2.327141 0.399295
v -0.824123 2.322975 0.307037
v -0.807878 2.318849 0.215650
v -0.703392 2.312022 0.064430
v -0.766517 2.315097 0.132536
v -0.643184 2.336644 0.609787
v -0.187862 2.328071 0.419913
v -0.554946 2.337956 0.638857
v -0.462084 2.338094 0.641915
v -0.372122 2.337047 0.618714
v -0.229222 2.331824 0.503027
v -0.292347 2.334898 0.571133
v -0.440793 2.308964 -0.003294
v -0.352556 2.310277 0.025776
v -0.276091 2.312657 0.078502
v -0.217593 2.315913 0.150614
v -0.533655 2.308826 -0.006352
v -0.623617 2.309874 0.016849
v -0.680141 2.223229 0.719103
v -0.643502 2.223857 0.732984
v -0.943972 2.229025 0.856188
v -0.737259 2.221749 0.685901
v -0.580022 2.224677 0.751586
v -0.541232 2.224876 0.756294
v -0.769583 2.220759 0.663610
v -0.754518 2.221251 0.674696
v -0.749043 2.221379 0.677569
v -0.969956 2.228268 0.839220
v -0.996633 2.226733 0.804312
v -0.568802 2.235400 0.997174
v -0.274783 2.222271 0.699437
v -0.226065 2.240619 1.112154
v -0.334869 2.223547 0.727668
v -0.371259 2.224171 0.741454
v -0.436330 2.224769 0.754494
v -0.475014 2.224988 0.759185
v -0.258881 2.221822 0.689451
v -0.242751 2.221278 0.677348
v -0.073351 2.242502 1.153260
v 0.214359 2.217698 0.595773
v 0.194471 2.216709 0.573344
v 0.073412 2.242502 1.153260
v -0.000000 2.243109 1.166121
v 0.263045 2.219594 0.638839
v 0.287536 2.220336 0.655729
v 0.226190 2.240619 1.112154
v -0.191194 2.219402 0.635588
v 0.113544 2.209270 0.403360
v 0.120834 2.210559 0.432908
v -0.168756 2.218269 0.610042
v -0.124135 2.215700 0.551132
v -0.119393 2.215355 0.543224
v -0.107041 2.214288 0.518739
v -0.081118 2.211664 0.458526
v -0.071530 2.209970 0.419606
v 0.143653 2.213189 0.493302
v 0.157691 2.214355 0.520027
v 0.173157 2.262900 0.544714
v 0.128991 2.259105 0.460651
v 0.253028 2.258875 0.455557
v 0.236177 2.266109 0.615776
v 0.106248 2.254943 0.368472
v 0.227029 2.255163 0.373336
v 0.128991 2.246495 0.181354
v 0.249743 2.247642 0.206754
v 0.225220 2.251354 0.288975
v 0.106248 2.250657 0.273533
v 0.283803 2.270194 0.205807
v 0.227057 2.277715 0.372389
v 0.225248 2.273906 0.288027
v 0.249771 2.270194 0.205807
v 0.173157 2.242700 0.097290
v 0.236177 2.239491 0.026228
v -0.222063 2.191022 -0.015777
v 0.289051 2.191349 -0.008282
v 0.263490 2.192116 0.009344
v -0.177081 2.192914 0.027690
v 0.215509 2.193964 0.051822
v -0.151052 2.194199 0.057210
v 0.194915 2.194975 0.075046
v 0.158438 2.197269 0.127750
v -0.113020 2.196834 0.117749
v 0.121174 2.201070 0.215097
v -0.075782 2.200872 0.210548
v -0.095743 2.198242 0.150122
v 0.144037 2.198462 0.155163
v 0.113789 2.202373 0.245033
v -0.065855 2.202621 0.250733
v -0.106661 2.197305 0.128581
v 0.105907 2.205148 0.308788
v -0.060898 2.205410 0.314818
v 0.105907 2.206482 0.339437
v -0.060884 2.207183 0.355553
v -0.181802 2.319780 0.236268
v -0.171616 2.323946 0.328526
v 0.997306 2.226733 0.804312
v 0.840171 2.214346 0.520022
v 0.854203 2.213181 0.493308
v 0.877285 2.210549 0.432902
v 0.803143 2.216671 0.573368
v 0.884568 2.209264 0.403364
v 1.042307 2.211636 0.457879
v 0.783298 2.217646 0.595751
v 0.734367 2.219526 0.638873
v 0.970565 2.228268 0.839220
v 0.944482 2.229025 0.856188
v 0.569113 2.235400 0.997174
v 0.709959 2.220260 0.655706
v 0.651897 2.221594 0.685994
v 0.465743 2.222933 0.715515
v 0.372979 2.222115 0.696428
v 0.436688 2.222786 0.711989
v 0.345384 2.221660 0.685971
v 0.531532 2.222912 0.715515
v 0.560547 2.222747 0.711996
v 0.624384 2.222054 0.696419
v 0.840479 2.197269 0.127750
v 0.804234 2.194975 0.075046
v 1.043043 2.191082 -0.014393
v 0.854885 2.198462 0.155163
v 0.877485 2.201070 0.215097
v 0.884874 2.202373 0.245033
v 0.892479 2.205148 0.308788
v 0.892483 2.206481 0.339436
v 0.783636 2.193964 0.051822
v 0.735846 2.192116 0.009344
v 0.680790 2.237057 -0.027703
v 0.759003 2.239491 0.026228
v 0.750545 2.247642 0.206754
v 0.591931 2.235537 -0.061369
v 0.822022 2.242700 0.097290
v 0.866187 2.246495 0.181354
v 0.314389 2.237056 -0.027703
v 0.403248 2.235537 -0.061368
v 0.497590 2.235020 -0.072812
v 0.612058 2.356381 0.201916
v 0.716541 2.332229 0.203006
v 0.500171 2.364352 0.201556
v 0.388286 2.356381 0.201916
v 0.500172 2.343372 0.449801
v 0.286641 2.343371 0.449801
v 0.713703 2.343371 0.449801
v 0.419998 2.338682 0.450165
v 0.532511 2.340648 0.450012
v 0.419998 2.338008 0.483540
v 0.283803 2.332229 0.203006
v 0.286641 2.281427 0.454610
v 0.253056 2.281427 0.454610
v 0.497590 2.270580 0.714816
v 0.403248 2.270063 0.703373
v 0.419955 2.263139 0.549995
v 0.591931 2.270063 0.703373
v 0.314389 2.268543 0.669708
v 0.660759 2.263139 0.550005
v 0.680791 2.268543 0.669708
v 0.419953 2.258875 0.455557
v 0.545729 2.339882 0.450072
v 0.660798 2.329685 0.450863
v 0.660798 2.319366 0.502089
v 0.540398 2.326899 0.547225
v 0.660798 2.298467 0.548508
v 0.419998 2.322109 0.547441
v 0.540398 2.340502 0.450023
v 0.773258 2.255163 0.373336
v 0.888931 2.250657 0.273533
v 0.888931 2.254943 0.368471
v 0.866188 2.259105 0.460650
v 0.822022 2.262900 0.544714
v 0.759003 2.266109 0.615776
v 0.747260 2.258875 0.455556
v 0.660754 2.258875 0.455557
v 0.747288 2.281427 0.454610
v 0.713703 2.281427 0.454610
v 0.716541 2.270194 0.205807
v 0.773286 2.277715 0.372389
v 0.775096 2.273906 0.288027
v 0.750572 2.270194 0.205807
v 0.775067 2.251354 0.288974
v -0.848450 2.158249 -0.772424
v 0.849715 2.158249 -0.772424
v 0.913407 2.164041 -0.638261
v -0.912159 2.164041 -0.638261
v -0.766871 2.152533 -0.906397
v 0.768011 2.152533 -0.906397
v -0.965340 2.170380 -0.491767
v 0.966632 2.170380 -0.491767
v -0.678935 2.147864 -1.016994
v -0.566647 2.143500 -1.121100
v 0.679844 2.147864 -1.016994
v 0.567237 2.143500 -1.121100
v -0.411060 2.141270 -1.174286
v 0.411060 2.141273 -1.174285
v 1.031189 2.183640 -0.185825
v 0.624693 2.189576 -0.049091
v 0.562501 2.188905 -0.064536
v 0.531851 2.188744 -0.068254
v 0.467696 2.188744 -0.068254
v 0.437047 2.188905 -0.064536
v 0.374776 2.189576 -0.049091
v 0.345791 2.190053 -0.038109
v -0.238101 2.190502 -0.027769
v -0.257488 2.189962 -0.040200
v -0.311216 2.188606 -0.071440
v -0.351768 2.187939 -0.086801
v -0.411146 2.187183 -0.104207
v 0.653680 2.190053 -0.038109
v 0.710283 2.191349 -0.008282
v 1.006475 2.177063 -0.337391
v -1.029904 2.183640 -0.185825
v -0.800454 2.192174 0.010685
v -0.752008 2.190467 -0.028573
v -0.733772 2.189892 -0.041814
v -0.716569 2.189406 -0.053011
v -0.660453 2.188261 -0.079387
v -1.005182 2.177063 -0.337391
v -0.454368 2.186955 -0.109449
v -0.516067 2.186838 -0.112145
v -0.559294 2.187066 -0.106902
v -0.619890 2.187593 -0.094755
vn 0.0001 -0.9991 0.0434
vn -0.0000 -0.9991 0.0435
vn -0.0003 -0.9990 0.0444
vn -0.0003 -0.9990 0.0443
vn 0.0001 -0.9990 0.0443
vn -0.0000 -0.9990 0.0443
vn -0.0000 -0.9990 0.0451
vn -0.2252 -0.9743 -0.0000
vn -0.1798 -0.9828 -0.0425
vn -0.0000 -0.9991 0.0436
vn 0.0007 -0.9990 0.0446
vn 0.0002 -0.9990 0.0444
vn -0.0004 -0.9990 0.0441
vn -0.0004 -0.9990 0.0440
vn -0.0002 -0.9990 0.0438
vn -0.1749 -0.9843 -0.0230
vn -0.1132 -0.9840 -0.1377
vn -0.0181 -0.9902 -0.1386
vn 0.0381 -0.9697 -0.2413
vn -0.0852 -0.9767 -0.1968
vn -0.2064 -0.8922 -0.4017
vn 0.0001 -0.9990 0.0451
vn 0.0004 -0.9990 0.0451
vn -0.0003 -0.9990 0.0450
vn -0.0000 -0.9990 0.0452
vn 0.0174 -0.9996 -0.0202
vn 0.2252 -0.9743 0.0007
vn 0.1786 -0.9830 -0.0431
vn -0.0881 -0.9765 -0.1965
vn -0.0002 -0.9874 -0.1581
vn -0.0711 -0.9974 0.0066
vn -0.0002 -0.9998 -0.0207
vn 0.0711 -0.9975 0.0063
vn 0.0877 -0.9767 -0.1958
vn 0.1735 -0.9846 -0.0224
vn -0.0001 -0.9990 0.0451
vn -0.0004 -0.9990 0.0451
vn 0.0002 -0.9990 0.0450
vn 0.0006 -0.9991 0.0435
vn 0.0006 -0.9991 0.0434
vn 0.0007 -0.9991 0.0435
vn 0.0004 -0.9991 0.0428
vn 0.0001 -0.9991 0.0418
vn -0.0000 -0.9990 0.0450
vn -0.0003 -0.9990 0.0448
vn 0.0003 -0.9990 0.0440
vn -0.0002 -0.9990 0.0447
vn -0.0002 -0.9990 0.0446
vn 0.0001 -0.9991 0.0435
vn -0.0000 -0.9990 0.0437
vn 0.0005 -0.9990 0.0437
vn -0.0002 -0.9991 0.0436
vn -0.0000 -0.9990 0.0441
vn -0.0001 -0.9990 0.0436
vn -0.0003 -0.9990 0.0445
vn 0.0003 -0.9990 0.0446
vn -0.0002 -0.9990 0.0442
vn 0.0001 -0.9990 0.0444
vn -0.0002 -0.9990 0.0436
vn -0.0004 -0.9991 0.0436
vn -0.0009 -0.9991 0.0431
vn 0.0003 -0.9990 0.0444
vn -0.0007 -0.9991 0.0433
vn -0.0005 -0.9991 0.0435
vn 0.0017 -0.9989 0.0458
vn 0.0001 -0.9990 0.0436
vn 0.0001 -0.9991 0.0436
vn 0.0167 -0.9977 0.0654
vn -0.0005 -0.9990 0.0443
vn 0.0004 -0.9990 0.0447
vn -0.0004 -0.9990 0.0443
vn -0.0000 -0.9991 0.0434
vn -0.0001 -0.9991 0.0431
vn -0.0000 -0.9991 0.0433
vn -0.0000 -0.9991 0.0432
vn -0.0003 -0.9991 0.0432
vn -0.0001 -0.9991 0.0433
vn -0.0001 -0.9991 0.0435
vn -0.0000 -0.9991 0.0431
vn 0.0001 -0.9991 0.0431
vn -0.0001 -0.9991 0.0432
vn 0.0002 -0.9991 0.0434
vn 0.0001 -0.9991 0.0432
vn -0.0002 -0.9991 0.0432
vn -0.0001 -0.9991 0.0434
vn -0.0005 -0.9991 0.0429
vn -0.0000 -0.9991 0.0422
vn -0.0000 -0.9991 0.0419
vn -0.0000 -0.9991 0.0426
vn -0.0000 -0.9991 0.0418
s 0
f 1894//1108 1891//1108 1876//1108
f 1894//1109 1876//1109 1895//1109
f 1896//1109 1895//1109 1876//1109
f 1896//1109 1876//1109 1897//1109
f 1876//1109 1875//1109 1898//1109
f 1876//1109 1898//1109 1897//1109
f 1893//1109 1876//1109 1891//1109
f 1893//1109 1891//1109 1892//1109
f 1820//1110 1819//1110 1887//1110
f 1820//1110 1887//1110 1885//1110
f 1881//1111 1884//1111 1888//1111
f 1881//1111 1888//1111 1889//1111
f 1890//1112 1883//1112 1881//1112
f 1890//1113 1881//1113 1889//1113
f 1903//1114 1908//1114 1909//1114
f 1903//1114 1909//1114 1904//1114
f 1847//1114 1907//1114 1903//1114
f 1847//1114 1903//1114 1839//1114
f 1910//1115 1911//1115 1734//1115
f 1910//1116 1734//1116 1735//1116
f 1907//1114 1908//1114 1903//1114
f 1893//1109 1892//1109 1899//1109
f 1893//1109 1899//1109 1900//1109
f 1903//1114 1904//1114 1901//1114
f 1903//1114 1901//1114 1902//1114
f 1905//1114 1906//1114 1903//1114
f 1905//1114 1903//1114 1902//1114
f 1868//1114 1869//1114 1781//1114
f 1868//1114 1781//1114 1790//1114
f 1870//1109 1871//1109 1872//1109
f 1870//1109 1872//1109 1873//1109
f 1871//1109 1870//1109 1874//1109
f 1867//1117 1866//1117 1822//1117
f 1867//1109 1822//1109 1829//1109
f 1863//1109 1856//1109 1855//1109
f 1864//1109 1865//1109 1862//1109
f 1864//1109 1862//1109 1861//1109
f 1866//1109 1867//1109 1865//1109
f 1866//1109 1865//1109 1864//1109
f 1882//1118 1878//1118 1881//1118
f 1882//1119 1881//1119 1883//1119
f 1881//1111 1820//1111 1884//1111
f 1886//1110 1884//1110 1820//1110
f 1886//1110 1820//1110 1885//1110
f 1880//1120 1881//1120 1878//1120
f 1873//1109 1875//1109 1876//1109
f 1873//1109 1876//1109 1870//1109
f 1877//1109 1874//1109 1870//1109
f 1877//1109 1870//1109 1878//1109
f 1879//1121 1880//1121 1878//1121
f 1879//1122 1878//1122 1870//1122
f 1736//1123 1735//1123 1734//1123
f 1937//1124 1931//1124 1934//1124
f 1937//1125 1934//1125 1918//1125
f 1906//1114 1939//1114 1929//1114
f 1906//1114 1929//1114 1938//1114
f 1940//1114 1941//1114 1929//1114
f 1940//1114 1929//1114 1939//1114
f 1934//1126 1936//1126 1919//1126
f 1934//1125 1919//1125 1918//1125
f 1927//1114 1835//1114 1834//1114
f 1933//1124 1934//1124 1931//1124
f 1933//1127 1931//1127 1932//1127
f 1934//1128 1933//1128 1935//1128
f 1948//1114 1951//1114 1950//1114
f 1948//1114 1950//1114 1949//1114
f 1916//1129 1736//1129 1734//1129
f 1916//1130 1734//1130 1911//1130
f 1952//1114 1903//1114 1906//1114
f 1952//1114 1906//1114 1938//1114
f 1948//1114 1949//1114 1946//1114
f 1948//1114 1946//1114 1947//1114
f 1942//1114 1943//1114 1929//1114
f 1942//1114 1929//1114 1941//1114
f 1938//1131 1929//1131 1944//1131
f 1945//1114 1944//1114 1929//1114
f 1945//1114 1929//1114 1928//1114
f 1914//1132 1736//1132 1916//1132
f 1917//1133 1918//1133 1919//1133
f 1739//1134 1920//1134 1913//1134
f 1739//1135 1913//1135 1737//1135
f 1735//1136 1736//1136 1914//1136
f 1735//1137 1914//1137 1737//1137
f 1912//1138 1910//1138 1735//1138
f 1912//1139 1735//1139 1737//1139
f 1913//1140 1912//1140 1737//1140
f 1738//1141 1737//1141 1914//1141
f 1738//1132 1914//1132 1915//1132
f 1924//1114 1927//1114 1925//1114
f 1925//1114 1928//1114 1929//1114
f 1925//1114 1929//1114 1926//1114
f 1834//1114 1930//1114 1925//1114
f 1834//1114 1925//1114 1927//1114
f 1925//1114 1926//1114 1923//1114
f 1925//1114 1923//1114 1924//1114
f 1739//1142 1737//1142 1738//1142
f 1739//1143 1738//1143 1915//1143
f 1739//1144 1915//1144 1920//1144
f 1842//1114 1921//1114 1922//1114
f 1842//1114 1922//1114 1843//1114
f 1859//1109 1863//1109 1855//1109
f 1859//1109 1855//1109 1860//1109
f 1733//1145 1781//1145 1732//1145
f 1789//1114 1790//1114 1781//1114
f 1789//1114 1781//1114 1788//1114
f 1731//1114 1791//1114 1787//1114
f 1731//1114 1787//1114 1733//1114
f 1787//1114 1788//1114 1781//1114
f 1787//1114 1781//1114 1733//1114
f 1781//1114 1784//1114 1783//1114
f 1781//1114 1783//1114 1782//1114
f 1781//1114 1785//1114 1786//1114
f 1781//1114 1786//1114 1784//1114
f 1773//1114 1730//1114 1780//1114
f 1795//1146 1770//1146 1799//1146
f 1795//1146 1799//1146 1800//1146
f 1795//1146 1800//1146 1801//1146
f 1795//1146 1801//1146 1796//1146
f 1802//1147 1803//1147 1770//1147
f 1802//1148 1770//1148 1795//1148
f 1795//1149 1794//1149 1797//1149
f 1795//1150 1797//1150 1798//1150
f 1792//1114 1791//1114 1731//1114
f 1792//1114 1731//1114 1778//1114
f 1731//1151 1733//1151 1732//1151
f 1731//1151 1732//1151 1730//1151
f 1793//1146 1794//1146 1795//1146
f 1793//1146 1795//1146 1796//1146
f 1767//1109 1765//1109 1759//1109
f 1767//1109 1759//1109 1766//1109
f 1758//1152 1768//1152 1769//1152
f 1758//1153 1769//1153 1770//1153
f 1771//1154 1768//1154 1758//1154
f 1771//1155 1758//1155 1772//1155
f 1764//1109 1762//1109 1759//1109
f 1764//1109 1759//1109 1765//1109
f 1759//1156 1760//1156 1757//1156
f 1759//1109 1757//1109 1758//1109
f 1760//1109 1759//1109 1761//1109
f 1763//1109 1761//1109 1759//1109
f 1763//1109 1759//1109 1762//1109
f 1779//1143 1730//1143 1777//1143
f 1732//1114 1781//1114 1780//1114
f 1732//1114 1780//1114 1730//1114
f 1780//1114 1781//1114 1782//1114
f 1730//1143 1779//1143 1778//1143
f 1730//1151 1778//1151 1731//1151
f 1772//1157 1758//1157 1757//1157
f 1774//1114 1775//1114 1730//1114
f 1774//1114 1730//1114 1773//1114
f 1776//1143 1777//1143 1730//1143
f 1776//1143 1730//1143 1775//1143
f 1804//1158 1795//1158 1798//1158
f 1840//1114 1841//1114 1838//1114
f 1840//1114 1838//1114 1839//1114
f 1836//1114 1841//1114 1840//1114
f 1836//1114 1840//1114 1837//1114
f 1844//1114 1845//1114 1842//1114
f 1844//1114 1842//1114 1843//1114
f 1833//1114 1836//1114 1837//1114
f 1833//1114 1837//1114 1834//1114
f 1823//1159 1830//1159 1812//1159
f 1831//1160 1815//1160 1812//1160
f 1831//1161 1812//1161 1830//1161
f 1834//1114 1835//1114 1832//1114
f 1834//1114 1832//1114 1833//1114
f 1854//1109 1853//1109 1852//1109
f 1859//1109 1860//1109 1857//1109
f 1859//1109 1857//1109 1858//1109
f 1861//1109 1862//1109 1858//1109
f 1861//1109 1858//1109 1857//1109
f 1855//1109 1856//1109 1853//1109
f 1855//1109 1853//1109 1854//1109
f 1846//1114 1847//1114 1839//1114
f 1846//1114 1839//1114 1838//1114
f 1850//1109 1851//1109 1848//1109
f 1850//1109 1848//1109 1849//1109
f 1852//1109 1853//1109 1851//1109
f 1852//1109 1851//1109 1850//1109
f 1806//1110 1805//1110 1811//1110
f 1806//1162 1811//1162 1812//1162
f 1813//1163 1806//1163 1814//1163
f 1815//1164 1814//1164 1806//1164
f 1815//1165 1806//1165 1812//1165
f 1804//1166 1798//1166 1810//1166
f 1804//1167 1810//1167 1809//1167
f 1803//1146 1758//1146 1770//1146
f 1804//1168 1807//1168 1805//1168
f 1804//1169 1805//1169 1806//1169
f 1808//1170 1807//1170 1804//1170
f 1808//1171 1804//1171 1809//1171
f 1822//1172 1821//1172 1824//1172
f 1822//1173 1824//1173 1825//1173
f 1822//1173 1825//1173 1826//1173
f 1822//1174 1826//1174 1827//1174
f 1822//1174 1827//1174 1828//1174
f 1822//1109 1828//1109 1829//1109
f 1812//1175 1821//1175 1822//1175
f 1812//1161 1822//1161 1823//1161
f 1814//1176 1816//1176 1817//1176
f 1814//1177 1817//1177 1813//1177
f 1819//1178 1820//1178 1816//1178
f 1819//1110 1816//1110 1818//1110
f 1818//1110 1816//1110 1814//1110
f 1987//1179 1986//1179 1751//1179
f 1987//1179 1751//1179 1988//1179
f 1985//1179 1751//1179 1986//1179
f 1983//1179 1989//1179 1752//1179
f 1983//1180 1752//1180 1751//1180
f 1744//1181 1753//1181 1959//1181
f 1989//1181 1959//1181 1753//1181
f 1989//1182 1753//1182 1752//1182
f 1984//1183 1766//1183 1751//1183
f 1984//1184 1751//1184 1985//1184
f 1848//1179 1975//1179 1849//1179
f 1981//1109 1893//1109 1900//1109
f 1747//1179 1982//1179 1967//1179
f 1747//1179 1967//1179 1749//1179
f 1766//1179 1759//1179 1983//1179
f 1766//1179 1983//1179 1751//1179
f 1960//1181 1982//1181 1747//1181
f 1742//1185 1748//1185 1746//1185
f 1742//1186 1746//1186 1740//1186
f 1747//1184 1749//1184 1746//1184
f 1747//1187 1746//1187 1748//1187
f 1754//1182 1756//1182 1746//1182
f 1754//1182 1746//1182 1755//1182
f 1746//1188 1752//1188 1753//1188
f 1746//1189 1753//1189 1744//1189
f 1746//1190 1756//1190 1751//1190
f 1746//1191 1751//1191 1752//1191
f 1750//1184 1755//1184 1746//1184
f 1750//1187 1746//1187 1749//1187
f 1754//1179 1991//1179 1992//1179
f 1754//1181 1992//1181 1756//1181
f 1990//1179 1991//1179 1754//1179
f 1990//1181 1754//1181 1755//1181
f 1979//1181 1990//1181 1755//1181
f 1979//1192 1755//1192 1750//1192
f 1756//1181 1992//1181 1993//1181
f 1756//1108 1993//1108 1751//1108
f 1988//1179 1751//1179 1993//1179
f 1980//1179 1968//1179 1893//1179
f 1980//1179 1893//1179 1981//1179
f 1744//1193 1745//1193 1746//1193
f 1740//1182 1746//1182 1743//1182
f 1740//1182 1743//1182 1741//1182
f 1955//1182 1960//1182 1747//1182
f 1955//1186 1747//1186 1748//1186
f 1962//1194 1963//1194 1958//1194
f 1962//1195 1958//1195 1961//1195
f 1742//1109 1955//1109 1748//1109
f 1746//1179 1745//1179 1956//1179
f 1746//1182 1956//1182 1743//1182
f 1957//1196 1958//1196 1954//1196
f 1957//1196 1954//1196 1953//1196
f 1955//1186 1956//1186 1953//1186
f 1955//1186 1953//1186 1954//1186
f 1955//1186 1742//1186 1740//1186
f 1955//1182 1740//1182 1741//1182
f 1744//1182 1959//1182 1956//1182
f 1744//1187 1956//1187 1745//1187
f 1741//1182 1743//1182 1956//1182
f 1741//1182 1956//1182 1955//1182
f 1849//1179 1975//1179 1750//1179
f 1849//1179 1750//1179 1974//1179
f 1750//1179 1971//1179 1972//1179
f 1750//1179 1972//1179 1973//1179
f 1974//1179 1750//1179 1973//1179
f 1750//1179 1977//1179 1978//1179
f 1750//1179 1978//1179 1979//1179
f 1750//1179 1975//1179 1976//1179
f 1750//1179 1976//1179 1977//1179
f 1750//1179 1969//1179 1970//1179
f 1750//1179 1970//1179 1971//1179
f 1964//1195 1963//1195 1962//1195
f 1961//1194 1958//1194 1957//1194
f 1962//1195 1965//1195 1966//1195
f 1962//1197 1966//1197 1964//1197
f 1968//1181 1969//1181 1750//1181
f 1968//1179 1750//1179 1893//1179
f 1749//1179 1967//1179 1893//1179
f 1749//1187 1893//1187 1750//1187
o Turret_01_havok_s_armor_7_4
v -0.517166 2.123444 -1.192677
v -0.411060 2.112900 -1.254440
v -0.411060 2.141270 -1.174286
v -0.566647 2.143500 -1.121100
v 0.411060 2.112900 -1.254440
v 0.411060 2.141273 -1.174285
v 0.517143 2.123514 -1.192604
v 0.567237 2.143500 -1.121100
vn -0.0997 -0.9380 0.3320
vn -0.0000 -0.9427 0.3337
vn 0.1000 -0.9380 0.3320
s 0
f 2000//1198 2001//1198 1999//1198
f 2000//1198 1999//1198 1998//1198
f 1998//1199 1999//1199 1996//1199
f 1998//1199 1996//1199 1995//1199
f 1996//1200 1997//1200 1994//1200
f 1996//1200 1994//1200 1995//1200
o Turret_01_havok_s_armor_13_5
v -0.901763 2.083377 -0.811127
v -0.982944 1.915815 -0.849295
v -0.882877 1.952899 -1.009913
v -0.818161 2.078607 -0.958667
v -0.761975 1.991870 -1.128702
v -0.724430 2.074415 -1.080707
v -0.601271 2.070868 -1.196951
v -0.566647 2.143500 -1.121100
v -0.678935 2.147864 -1.016993
v -0.766870 2.152533 -0.906397
v -1.039413 1.755387 -0.854810
v -0.951378 1.751709 -1.018168
v -0.936163 1.808227 -1.021822
v -0.960928 1.697647 -1.006528
v -1.045615 1.700015 -0.845612
v -1.045160 1.640859 -0.830852
v -0.958126 1.639338 -0.990130
v -0.933873 1.573236 -0.960357
v -1.023020 1.575411 -0.805429
v 1.039413 1.755387 -0.854810
v 0.982945 1.915815 -0.849295
v 0.936163 1.808227 -1.021822
v 0.951378 1.751709 -1.018168
v 0.882877 1.952899 -1.009913
v 0.960928 1.697647 -1.006528
v 1.045615 1.700015 -0.845612
v 0.958126 1.639338 -0.990130
v 1.045160 1.640859 -0.830852
v 0.933937 1.573414 -0.960437
v 1.023065 1.575546 -0.805480
v 0.901762 2.083377 -0.811127
v 0.818161 2.078607 -0.958667
v 0.761975 1.991870 -1.128702
v 0.724430 2.074415 -1.080707
v 0.768010 2.152533 -0.906397
v 0.679845 2.147864 -1.016993
v 0.567238 2.143500 -1.121100
v 0.601271 2.070868 -1.196951
v 0.517143 2.123514 -1.192604
v 0.411060 2.068291 -1.307807
v 0.411060 2.112901 -1.254440
v -0.411060 2.112901 -1.254440
v -0.411060 2.068291 -1.307807
v -0.517166 2.123444 -1.192677
vn -0.7931 -0.4720 0.3851
vn -0.7216 -0.5453 0.4265
vn -0.6343 -0.5834 0.5072
vn -0.6692 -0.5488 0.5011
vn -0.7822 0.4371 0.4439
vn -0.7750 0.4731 0.4190
vn -0.8846 -0.0217 0.4659
vn -0.8786 -0.0530 0.4747
vn -0.8711 0.1252 0.4748
vn -0.8730 0.1705 0.4569
vn -0.0000 -0.7673 0.6413
vn 0.4372 -0.7409 0.5098
vn -0.4364 -0.7396 0.5124
vn -0.5452 -0.6981 0.4641
vn -0.5436 -0.7135 0.4421
vn -0.4528 -0.7367 0.5022
vn -0.4521 -0.7251 0.5195
vn -0.8309 -0.3422 0.4387
vn 0.5425 -0.7023 0.4610
vn 0.5409 -0.7168 0.4401
vn 0.8489 -0.3134 0.4256
vn 0.8604 -0.2013 0.4682
vn 0.4509 -0.7277 0.5169
vn 0.4515 -0.7384 0.5009
vn 0.7931 -0.4719 0.3851
vn 0.7216 -0.5453 0.4265
vn 0.6343 -0.5834 0.5072
vn 0.6692 -0.5488 0.5011
vn 0.7822 0.4371 0.4440
vn 0.7750 0.4731 0.4190
vn -0.8489 -0.3134 0.4256
vn -0.8604 -0.2013 0.4682
vn 0.8711 0.1252 0.4748
vn 0.8730 0.1705 0.4569
vn 0.8309 -0.3422 0.4387
vn 0.8846 -0.0217 0.4659
vn 0.8786 -0.0530 0.4747
s 0
f 2025//1201 2022//1201 2032//1201
f 2025//1202 2032//1202 2033//1202
f 2033//1203 2035//1203 2034//1203
f 2033//1204 2034//1204 2025//1204
f 2030//1205 2031//1205 2029//1205
f 2030//1206 2029//1206 2028//1206
f 2026//1207 2027//1207 2021//1207
f 2026//1208 2021//1208 2024//1208
f 2028//1209 2029//1209 2027//1209
f 2028//1210 2027//1210 2026//1210
f 2043//1211 2044//1211 2041//1211
f 2043//1211 2041//1211 2042//1211
f 2045//1212 2009//1212 2008//1212
f 2039//1213 2038//1213 2040//1213
f 2033//1214 2036//1214 2037//1214
f 2033//1215 2037//1215 2035//1215
f 2038//1216 2039//1216 2035//1216
f 2038//1217 2035//1217 2037//1217
f 2025//1218 2023//1218 2022//1218
f 2010//1219 2011//1219 2005//1219
f 2010//1220 2005//1220 2007//1220
f 2014//1221 2003//1221 2012//1221
f 2014//1222 2012//1222 2013//1222
f 2009//1223 2010//1223 2007//1223
f 2009//1224 2007//1224 2008//1224
f 2002//1225 2003//1225 2004//1225
f 2002//1226 2004//1226 2005//1226
f 2006//1227 2007//1227 2005//1227
f 2006//1228 2005//1228 2004//1228
f 2017//1229 2020//1229 2019//1229
f 2017//1230 2019//1230 2018//1230
f 2021//1231 2022//1231 2023//1231
f 2021//1232 2023//1232 2024//1232
f 2016//1233 2017//1233 2018//1233
f 2016//1234 2018//1234 2015//1234
f 2004//1235 2003//1235 2014//1235
f 2012//1236 2016//1236 2015//1236
f 2012//1237 2015//1237 2013//1237
o Turret_01_havok_s_armor_15_6
v -0.197704 1.549174 -1.323678
v 0.000001 1.563104 -1.380092
v -0.383800 1.563104 -1.379966
v -0.411060 1.563104 -1.380092
v 0.383801 1.563104 -1.380092
v 0.197704 1.549174 -1.323678
v 0.411060 1.563104 -1.380092
vn -0.0000 0.9708 0.2397
vn 0.0001 0.9708 0.2400
vn -0.0011 0.9698 0.2437
s 0
f 2051//1238 2047//1238 2046//1238
f 2051//1238 2052//1238 2050//1238
f 2051//1238 2050//1238 2047//1238
f 2046//1239 2047//1239 2048//1239
f 2046//1240 2048//1240 2049//1240
o Turret_01_havok_s_armor_9_7
v 0.323287 1.543595 1.266351
v -0.000000 1.543595 1.301658
v 0.169860 1.560752 1.388407
v 0.346246 1.559160 1.353730
v -0.000000 1.561980 1.407827
v -0.169839 1.560891 1.388584
v -0.322471 1.543595 1.263535
v -0.346363 1.559833 1.354481
v -0.629504 1.543595 1.125740
v -0.688832 1.564250 1.228442
v -1.027315 1.575875 1.068432
v -0.938448 1.543595 0.909303
v -1.075923 1.575706 1.037235
v -1.124614 1.575567 0.974159
v -1.043134 1.543595 0.486417
v -1.063092 1.543595 -0.015787
v -1.216294 1.575830 0.150388
v -1.181482 1.572667 0.546154
v -1.199059 1.574627 -0.186582
v -1.210826 1.574054 -0.022985
v -1.027370 1.543595 -0.309201
v -1.171166 1.574272 -0.357517
v -0.981449 1.543595 0.854730
v 0.689847 1.567420 1.231123
v 1.029310 1.578812 1.070036
v 0.936970 1.543595 0.907900
v 0.622212 1.543595 1.113950
v 1.076184 1.576162 1.037445
v 1.124140 1.574583 0.973626
v 0.984903 1.543595 0.857492
v 1.216324 1.575943 0.150387
v 1.061330 1.543595 -0.015708
v 1.043118 1.543595 0.486411
v 1.181484 1.572668 0.546155
v 1.199148 1.574944 -0.186613
v 1.025533 1.543595 -0.308607
v 1.210983 1.574502 -0.022999
v -0.728057 1.568107 -1.200297
v -0.825260 1.569203 -1.100197
v -0.654831 1.543595 -1.075952
v -0.498573 1.543595 -1.208606
v -0.545428 1.564195 -1.325572
v -0.638981 1.566670 -1.270776
v -0.738928 1.543595 -0.981339
v -0.933873 1.573236 -0.960357
v -0.377462 1.543595 -1.264231
v -0.411060 1.563104 -1.380092
v -0.192796 1.543595 -1.289878
v -0.197704 1.549174 -1.323678
v 0.192796 1.543595 -1.289877
v 0.197704 1.549174 -1.323678
v -1.023021 1.575411 -0.805429
v -1.076894 1.574564 -0.671758
v -1.136522 1.575182 -0.506479
v 1.023065 1.575546 -0.805479
v 0.933936 1.573414 -0.960437
v 1.077019 1.574886 -0.671847
v 1.171314 1.574755 -0.357594
v 1.136615 1.575500 -0.506548
v 0.738088 1.543595 -0.980226
v 0.728057 1.568110 -1.200299
v 0.500611 1.543595 -1.214026
v 0.654820 1.543595 -1.075933
v 0.825346 1.569507 -1.100367
v 0.638981 1.566667 -1.270774
v 0.545105 1.563076 -1.325126
v 0.377160 1.543595 -1.263310
v 0.411060 1.563104 -1.380092
vn -0.0000 0.9867 0.1628
vn 0.0222 0.9869 0.1597
vn 0.1447 0.9874 0.0646
vn 0.1363 0.9886 0.0646
vn 0.1571 0.9853 0.0674
vn 0.0675 0.9869 0.1466
vn 0.0674 0.9869 0.1468
vn 0.1099 0.9855 0.1295
vn 0.1313 0.9844 0.1167
vn -0.1930 0.9807 -0.0303
vn 0.1597 0.9825 0.0957
vn 0.1035 0.9858 0.1322
vn 0.1097 0.9869 0.1185
vn 0.1761 0.9825 0.0599
vn 0.1921 0.9801 0.0507
vn -0.1330 0.9843 0.1157
vn -0.1593 0.9825 0.0962
vn -0.1118 0.9854 0.1280
vn -0.1137 0.9858 0.1235
vn -0.0228 0.9871 0.1583
vn -0.0222 0.9869 0.1597
vn -0.0602 0.9872 0.1474
vn -0.0596 0.9870 0.1492
vn -0.1139 0.9853 0.1272
vn -0.1927 0.9800 0.0498
vn -0.1758 0.9826 0.0597
vn -0.1469 0.9871 0.0642
vn -0.1354 0.9887 0.0643
vn -0.1568 0.9853 0.0671
vn -0.1989 0.9795 0.0313
vn 0.2015 0.9794 -0.0099
vn 0.1977 0.9802 -0.0079
vn 0.1328 0.9856 -0.1047
vn 0.0918 0.9846 -0.1485
vn 0.1988 0.9796 0.0304
vn 0.1941 0.9807 0.0236
vn 0.2011 0.9794 0.0179
vn 0.1006 0.9845 -0.1436
vn 0.1001 0.9850 -0.1403
vn 0.0130 0.9853 -0.1706
vn -0.0124 0.9853 -0.1706
vn -0.0244 0.9853 -0.1691
vn -0.0176 0.9868 -0.1608
vn 0.0706 0.9850 -0.1573
vn 0.0267 0.9853 -0.1689
vn 0.0189 0.9870 -0.1595
vn 0.2021 0.9794 -0.0037
vn -0.2016 0.9794 -0.0096
vn -0.1970 0.9804 -0.0071
vn -0.0789 0.9848 -0.1547
vn -0.2023 0.9793 -0.0019
vn -0.2014 0.9794 0.0172
vn -0.1937 0.9808 0.0237
vn -0.1223 0.9856 -0.1163
vn 0.1328 0.9856 -0.1046
vn 0.1922 0.9808 -0.0322
vn -0.0665 0.9822 -0.1755
vn -0.0951 0.9848 -0.1453
vn -0.1057 0.9825 -0.1532
s 0
f 2102//1241 2103//1241 2101//1241
f 2102//1241 2101//1241 2100//1241
f 2100//1242 2101//1242 2099//1242
f 2100//1242 2099//1242 2098//1242
f 2104//1243 2105//1243 2073//1243
f 2104//1244 2073//1244 2097//1244
f 2096//1245 2097//1245 2073//1245
f 2098//1246 2099//1246 2094//1246
f 2098//1247 2094//1247 2093//1247
f 2092//1248 2093//1248 2090//1248
f 2092//1249 2090//1249 2091//1249
f 2086//1250 2085//1250 2082//1250
f 2086//1250 2082//1250 2081//1250
f 2091//1251 2097//1251 2096//1251
f 2091//1249 2096//1249 2092//1249
f 2093//1252 2094//1252 2095//1252
f 2093//1253 2095//1253 2090//1253
f 2073//1254 2105//1254 2106//1254
f 2073//1255 2106//1255 2074//1255
f 2116//1256 2115//1256 2112//1256
f 2116//1257 2112//1257 2108//1257
f 2117//1258 2118//1258 2114//1258
f 2117//1259 2114//1259 2113//1259
f 2102//1260 2119//1260 2120//1260
f 2102//1261 2120//1261 2103//1261
f 2118//1262 2120//1262 2119//1262
f 2118//1263 2119//1263 2114//1263
f 2115//1256 2116//1256 2113//1256
f 2115//1264 2113//1264 2114//1264
f 2088//1265 2110//1265 2111//1265
f 2088//1266 2111//1266 2109//1266
f 2088//1267 2109//1267 2107//1267
f 2088//1268 2107//1268 2108//1268
f 2112//1269 2088//1269 2108//1269
f 2110//1270 2088//1270 2087//1270
f 2069//1271 2070//1271 2067//1271
f 2069//1272 2067//1272 2068//1272
f 2064//1273 2066//1273 2065//1273
f 2064//1274 2065//1274 2063//1274
f 2074//1275 2071//1275 2073//1275
f 2068//1276 2073//1276 2071//1276
f 2068//1277 2071//1277 2072//1277
f 2061//1278 2064//1278 2063//1278
f 2061//1279 2063//1279 2062//1279
f 2054//1280 2058//1280 2057//1280
f 2054//1281 2057//1281 2055//1281
f 2055//1282 2056//1282 2053//1282
f 2055//1283 2053//1283 2054//1283
f 2061//1284 2062//1284 2060//1284
f 2061//1284 2060//1284 2059//1284
f 2059//1285 2060//1285 2058//1285
f 2059//1286 2058//1286 2054//1286
f 2072//1287 2069//1287 2068//1287
f 2085//1288 2086//1288 2083//1288
f 2085//1289 2083//1289 2084//1289
f 2056//1290 2076//1290 2079//1290
f 2056//1290 2079//1290 2053//1290
f 2089//1291 2084//1291 2083//1291
f 2084//1292 2089//1292 2087//1292
f 2084//1293 2087//1293 2088//1293
f 2082//1294 2078//1294 2081//1294
f 2075//1295 2066//1295 2064//1295
f 2075//1296 2067//1296 2070//1296
f 2075//1296 2070//1296 2066//1296
f 2080//1294 2081//1294 2078//1294
f 2080//1297 2078//1297 2077//1297
f 2078//1298 2079//1298 2076//1298
f 2078//1299 2076//1299 2077//1299
o Turret_01_havok_s_armor_10_8
v -0.283234 1.543595 -0.985453
v -0.377462 1.543595 -1.264231
v -0.498574 1.543595 -1.208606
v -0.654831 1.543595 -1.075952
v -0.535064 1.543595 -0.876342
v -0.738928 1.543595 -0.981339
v -0.750073 1.543595 -0.705771
v 0.000000 1.543595 -1.025667
v -0.192796 1.543595 -1.289877
v 0.192796 1.543595 -1.289877
v -0.913609 1.543595 -0.485364
v -1.027370 1.543595 -0.309200
v -1.063091 1.543595 -0.015788
v -1.043134 1.543595 0.486417
v -1.005735 1.543595 0.313993
v -1.045949 1.543595 0.042505
v -1.014527 1.543595 -0.230142
v -0.322472 1.543595 1.263535
v -0.726054 1.543595 0.780831
v -0.629505 1.543595 1.125740
v -0.938447 1.543595 0.909303
v -0.981448 1.543595 0.854730
v -0.896624 1.543595 0.565822
v -0.250422 1.543595 1.045283
v -0.505646 1.543595 0.944367
v 0.000000 1.543595 1.301658
v 0.000000 1.543595 1.076706
v 0.283234 1.543595 -0.985453
v 0.377160 1.543595 -1.263310
v 0.500611 1.543595 -1.214026
v 0.535064 1.543595 -0.876342
v 0.738088 1.543595 -0.980226
v 0.654820 1.543595 -1.075933
v 0.750073 1.543595 -0.705771
v 0.323287 1.543595 1.266351
v 0.622212 1.543595 1.113950
v 0.505646 1.543595 0.944367
v 0.250423 1.543595 1.045283
v 1.045950 1.543595 0.042505
v 1.005735 1.543595 0.313993
v 1.043118 1.543595 0.486411
v 1.061330 1.543595 -0.015708
v 1.025532 1.543595 -0.308607
v 1.014527 1.543595 -0.230142
v 0.913610 1.543595 -0.485364
v 0.984904 1.543595 0.857492
v 0.936970 1.543595 0.907900
v 0.896625 1.543595 0.565822
v 0.726054 1.543595 0.780831
vn -0.0000 1.0000 -0.0000
s 0
f 2157//1300 2158//1300 2155//1300
f 2157//1300 2155//1300 2156//1300
f 2146//1300 2155//1300 2158//1300
f 2146//1300 2158//1300 2147//1300
f 2161//1300 2162//1300 2159//1300
f 2161//1300 2159//1300 2160//1300
f 2150//1300 2151//1300 2153//1300
f 2148//1300 2149//1300 2130//1300
f 2148//1300 2130//1300 2128//1300
f 2148//1300 2151//1300 2150//1300
f 2148//1300 2150//1300 2149//1300
f 2151//1300 2154//1300 2152//1300
f 2151//1300 2152//1300 2153//1300
f 2152//1300 2154//1300 2165//1300
f 2152//1300 2165//1300 2163//1300
f 2161//1300 2168//1300 2156//1300
f 2161//1300 2156//1300 2167//1300
f 2169//1300 2157//1300 2156//1300
f 2169//1300 2156//1300 2168//1300
f 2160//1300 2168//1300 2161//1300
f 2162//1300 2163//1300 2164//1300
f 2162//1300 2164//1300 2159//1300
f 2165//1300 2164//1300 2163//1300
f 2166//1300 2161//1300 2167//1300
f 2129//1300 2128//1300 2130//1300
f 2131//1300 2127//1300 2126//1300
f 2131//1300 2126//1300 2132//1300
f 2135//1300 2136//1300 2133//1300
f 2135//1300 2133//1300 2134//1300
f 2121//1300 2128//1300 2129//1300
f 2121//1300 2129//1300 2122//1300
f 2123//1300 2124//1300 2121//1300
f 2123//1300 2121//1300 2122//1300
f 2125//1300 2121//1300 2124//1300
f 2126//1300 2127//1300 2125//1300
f 2126//1300 2125//1300 2124//1300
f 2143//1300 2135//1300 2134//1300
f 2143//1300 2134//1300 2139//1300
f 2145//1300 2139//1300 2138//1300
f 2145//1300 2138//1300 2144//1300
f 2138//1300 2146//1300 2147//1300
f 2138//1300 2147//1300 2144//1300
f 2134//1300 2142//1300 2141//1300
f 2134//1300 2141//1300 2140//1300
f 2133//1300 2136//1300 2137//1300
f 2133//1300 2137//1300 2132//1300
f 2137//1300 2131//1300 2132//1300
f 2134//1300 2140//1300 2138//1300
f 2134//1300 2138//1300 2139//1300
o Turret_01_havok_s_armor_1_9
v -0.561634 1.619967 -1.347777
v -0.574627 1.686072 -1.367428
v -0.664930 1.687930 -1.311540
v -0.661682 1.741558 -1.318787
v -0.579825 1.739965 -1.369380
v -0.578525 1.796779 -1.369380
v -0.654536 1.798637 -1.319345
v -0.565532 1.891689 -1.356139
v -0.410912 1.685276 -1.442132
v -0.529800 1.734125 -1.393212
v -0.472630 1.734125 -1.421784
v -0.531100 1.822663 -1.388892
v -0.532399 1.796381 -1.392794
v -0.474579 1.795850 -1.421784
v -0.473280 1.854787 -1.413003
v -0.529151 1.872442 -1.379693
v -0.471980 1.872574 -1.409658
v -0.530450 1.739567 -1.394049
v -0.472630 1.739302 -1.422620
v -0.473280 1.760407 -1.422063
v -0.531749 1.780452 -1.392933
v -0.410912 1.888901 -1.438648
v -0.410912 1.738903 -1.453282
v -0.410912 1.795319 -1.454118
v 0.578525 1.796779 -1.369380
v 0.410912 1.795319 -1.454118
v 0.410912 1.738903 -1.453282
v 0.579825 1.739965 -1.369380
v 0.410912 1.685276 -1.442132
v 0.574627 1.686072 -1.367428
v 0.565532 1.891689 -1.356139
v 0.410912 1.888901 -1.438648
v 0.664931 1.687930 -1.311540
v 0.561634 1.619967 -1.347777
v 0.661682 1.741558 -1.318787
v 0.654536 1.798637 -1.319345
v -0.655234 1.621395 -1.292992
v -0.638981 1.566670 -1.270776
v -0.545428 1.564195 -1.325571
v -0.743386 1.801213 -1.248007
v -0.751417 1.743830 -1.248414
v -0.754246 1.689376 -1.240932
v -0.745881 1.624125 -1.224414
v -0.679929 1.893731 -1.273423
v -0.630918 1.988457 -1.254169
v -0.525439 1.986607 -1.324364
v -0.411060 1.615062 -1.414218
v -0.411060 1.984520 -1.387490
v -0.262192 1.738884 -1.453288
v -0.262192 1.685335 -1.442147
v -0.262192 1.795274 -1.454118
v -0.262192 1.888867 -1.438627
v -0.411060 1.563103 -1.380092
v -0.262192 1.615062 -1.414218
v 0.310699 1.615062 -1.414218
v 0.310699 1.650198 -1.428183
v -0.262192 1.650198 -1.428183
v -0.262192 1.984520 -1.387513
v 0.310699 1.738884 -1.453288
v 0.310699 1.685335 -1.442147
v 0.310699 1.795274 -1.454118
v 0.310699 1.888867 -1.438627
v 0.411060 1.615062 -1.414218
v 0.411060 1.984520 -1.387513
v 0.310699 1.984520 -1.387513
v 0.655235 1.621395 -1.292992
v 0.638982 1.566667 -1.270774
v 0.545104 1.563076 -1.325126
v 0.743386 1.801213 -1.248007
v 0.751417 1.743830 -1.248414
v 0.754246 1.689376 -1.240932
v 0.745882 1.624125 -1.224414
v 0.679929 1.893731 -1.273423
v 0.630919 1.988457 -1.254169
v 0.525440 1.986607 -1.324364
v 0.411060 1.563103 -1.380092
vn -0.4601 -0.1842 0.8685
vn -0.4453 -0.1460 0.8834
vn -0.4143 0.0728 0.9072
vn -0.4383 0.1830 0.8800
vn -0.4448 -0.0102 0.8956
vn -0.4512 0.0132 0.8923
vn -0.0000 0.2037 0.9790
vn -0.0001 0.2036 0.9791
vn -0.0000 0.3694 0.9293
vn 0.0001 0.3693 0.9293
vn 0.0003 -0.1633 0.9866
vn 0.0001 -0.1631 0.9866
vn -0.0000 0.0147 0.9999
vn -0.0001 0.0148 0.9999
vn 0.3607 0.5120 0.7796
vn 0.3421 0.4317 0.8346
vn 0.4116 0.1453 0.8997
vn 0.4384 0.1830 0.8800
vn 0.4449 -0.0100 0.8955
vn -0.0000 0.3693 0.9293
vn 0.0001 -0.4713 0.8820
vn -0.0002 -0.4717 0.8817
vn -0.0001 0.3693 0.9293
vn -0.6088 -0.2072 0.7658
vn -0.5675 -0.2302 0.7905
vn -0.5368 -0.1882 0.8225
vn -0.5863 0.2686 0.7643
vn -0.5955 0.2951 0.7472
vn -0.4877 -0.4553 0.7448
vn -0.5262 -0.4223 0.7381
vn -0.4268 -0.4440 0.7878
vn -0.4196 -0.4276 0.8007
vn -0.3421 0.4317 0.8346
vn -0.3607 0.5120 0.7796
vn -0.3898 0.3320 0.8590
vn -0.3919 0.3392 0.8552
vn -0.4623 0.4407 0.7694
vn -0.4568 0.4477 0.7687
vn -0.4797 0.3353 0.8108
vn -0.5066 0.2992 0.8086
vn -0.0000 -0.4713 0.8820
vn 0.0003 -0.4716 0.8818
vn -0.5257 0.0826 0.8467
vn -0.5251 0.0813 0.8471
vn -0.6192 0.0752 0.7817
vn -0.6167 0.0686 0.7842
vn -0.6131 -0.0914 0.7847
vn -0.6233 -0.0704 0.7788
vn -0.5241 -0.0573 0.8497
vn -0.5496 -0.0126 0.8354
vn 0.4512 0.0132 0.8923
vn 0.4529 0.0096 0.8915
vn 0.4877 -0.4554 0.7448
vn 0.5262 -0.4223 0.7381
vn 0.6088 -0.2072 0.7658
vn 0.5675 -0.2302 0.7905
vn 0.5368 -0.1882 0.8225
vn 0.3919 0.3392 0.8552
vn 0.3898 0.3320 0.8590
vn 0.4469 -0.1414 0.8833
vn 0.4418 -0.1531 0.8840
vn 0.4390 0.1887 0.8784
vn 0.4403 0.1936 0.8767
vn 0.4143 0.0728 0.9072
vn 0.5251 0.0813 0.8471
vn 0.5257 0.0826 0.8467
vn 0.4623 0.4407 0.7694
vn 0.4568 0.4477 0.7687
vn 0.5066 0.2992 0.8086
vn 0.4797 0.3353 0.8108
vn 0.5496 -0.0126 0.8354
vn 0.5241 -0.0573 0.8497
vn 0.5863 0.2686 0.7643
vn 0.5955 0.2951 0.7472
vn 0.6191 0.0752 0.7817
vn 0.6167 0.0686 0.7842
vn 0.6131 -0.0914 0.7847
vn 0.6233 -0.0704 0.7788
vn 0.4555 -0.1965 0.8682
vn 0.4616 -0.1786 0.8689
vn 0.0001 0.2036 0.9791
vn 0.4583 -0.1629 0.8737
vn 0.4592 -0.1931 0.8671
vn 0.4267 -0.4440 0.7879
vn 0.4195 -0.4277 0.8007
vn -0.0000 0.0148 0.9999
vn 0.4628 -0.1964 0.8644
vn 0.4435 -0.1462 0.8842
vn 0.4473 -0.1414 0.8831
vn -0.0002 -0.1633 0.9866
vn -0.0000 -0.1631 0.9866
vn 0.4485 0.0094 0.8937
vn 0.4482 0.0105 0.8938
vn 0.4359 0.1873 0.8803
vn 0.4424 0.1430 0.8853
vn 0.4430 -0.0104 0.8964
vn 0.4429 -0.0100 0.8965
vn 0.4665 -0.1784 0.8663
vn 0.4582 -0.1840 0.8696
vn 0.4463 -0.1530 0.8817
vn 0.4527 0.0107 0.8916
vn 0.4402 0.1874 0.8781
vn 0.4469 -0.0102 0.8945
s 0
f 2194//1301 2200//1301 2201//1301
f 2194//1302 2201//1302 2195//1302
f 2198//1303 2199//1303 2197//1303
f 2198//1304 2197//1304 2196//1304
f 2196//1305 2197//1305 2194//1305
f 2196//1306 2194//1306 2195//1306
f 2228//1307 2229//1307 2198//1307
f 2228//1308 2198//1308 2196//1308
f 2224//1309 2232//1309 2198//1309
f 2224//1310 2198//1310 2225//1310
f 2201//1311 2231//1311 2230//1311
f 2201//1312 2230//1312 2195//1312
f 2195//1313 2230//1313 2228//1313
f 2195//1314 2228//1314 2196//1314
f 2222//1315 2216//1315 2170//1315
f 2222//1316 2170//1316 2208//1316
f 2188//1317 2180//1317 2178//1317
f 2188//1318 2178//1318 2192//1318
f 2192//1319 2189//1319 2188//1319
f 2225//1320 2226//1320 2223//1320
f 2225//1320 2223//1320 2224//1320
f 2221//1321 2227//1321 2217//1321
f 2221//1322 2217//1322 2191//1322
f 2178//1323 2226//1323 2219//1323
f 2223//1323 2226//1323 2178//1323
f 2223//1309 2178//1309 2216//1309
f 2225//1310 2198//1310 2229//1310
f 2205//1324 2238//1324 2242//1324
f 2205//1325 2242//1325 2200//1325
f 2205//1326 2200//1326 2194//1326
f 2235//1327 2241//1327 2240//1327
f 2235//1328 2240//1328 2202//1328
f 2243//1329 2244//1329 2200//1329
f 2243//1330 2200//1330 2242//1330
f 2200//1331 2244//1331 2233//1331
f 2200//1332 2233//1332 2201//1332
f 2245//1333 2237//1333 2203//1333
f 2245//1334 2203//1334 2232//1334
f 2232//1335 2203//1335 2199//1335
f 2232//1336 2199//1336 2198//1336
f 2203//1337 2237//1337 2236//1337
f 2203//1338 2236//1338 2235//1338
f 2199//1339 2203//1339 2235//1339
f 2199//1340 2235//1340 2202//1340
f 2233//1341 2234//1341 2231//1341
f 2233//1342 2231//1342 2201//1342
f 2199//1343 2202//1343 2204//1343
f 2199//1344 2204//1344 2197//1344
f 2202//1345 2240//1345 2239//1345
f 2202//1346 2239//1346 2204//1346
f 2204//1347 2239//1347 2238//1347
f 2204//1348 2238//1348 2205//1348
f 2197//1349 2204//1349 2205//1349
f 2197//1350 2205//1350 2194//1350
f 2189//1351 2192//1351 2193//1351
f 2189//1352 2193//1352 2183//1352
f 2177//1353 2215//1353 2214//1353
f 2177//1354 2214//1354 2213//1354
f 2176//1355 2213//1355 2209//1355
f 2177//1356 2213//1356 2176//1356
f 2177//1357 2176//1357 2175//1357
f 2216//1358 2178//1358 2171//1358
f 2216//1359 2171//1359 2170//1359
f 2183//1360 2184//1360 2181//1360
f 2183//1361 2181//1361 2182//1361
f 2179//1362 2178//1362 2180//1362
f 2178//1363 2179//1363 2174//1363
f 2178//1364 2174//1364 2171//1364
f 2171//1365 2174//1365 2173//1365
f 2171//1366 2173//1366 2172//1366
f 2207//1367 2208//1367 2170//1367
f 2207//1368 2170//1368 2206//1368
f 2171//1369 2172//1369 2206//1369
f 2171//1370 2206//1370 2170//1370
f 2174//1371 2175//1371 2176//1371
f 2174//1372 2176//1372 2173//1372
f 2211//1373 2212//1373 2206//1373
f 2211//1374 2206//1374 2172//1374
f 2210//1375 2211//1375 2172//1375
f 2210//1376 2172//1376 2173//1376
f 2209//1377 2210//1377 2173//1377
f 2209//1378 2173//1378 2176//1378
f 2184//1379 2186//1379 2185//1379
f 2184//1380 2185//1380 2181//1380
f 2178//1307 2219//1307 2218//1307
f 2178//1381 2218//1381 2192//1381
f 2185//1382 2186//1382 2191//1382
f 2185//1383 2191//1383 2177//1383
f 2217//1384 2215//1384 2177//1384
f 2217//1385 2177//1385 2191//1385
f 2218//1313 2220//1313 2193//1313
f 2218//1386 2193//1386 2192//1386
f 2191//1387 2186//1387 2184//1387
f 2193//1388 2191//1388 2184//1388
f 2193//1389 2184//1389 2183//1389
f 2220//1390 2221//1390 2191//1390
f 2220//1391 2191//1391 2193//1391
f 2190//1392 2189//1392 2183//1392
f 2190//1393 2183//1393 2182//1393
f 2188//1394 2187//1394 2179//1394
f 2188//1395 2179//1395 2180//1395
f 2189//1396 2190//1396 2187//1396
f 2189//1397 2187//1397 2188//1397
f 2181//1398 2185//1398 2177//1398
f 2181//1399 2177//1399 2175//1399
f 2182//1400 2181//1400 2175//1400
f 2182//1401 2175//1401 2190//1401
f 2187//1402 2174//1402 2179//1402
f 2174//1403 2187//1403 2190//1403
f 2174//1403 2190//1403 2175//1403
o Turret_01_havok_s_armor_2_10
v -0.743386 1.801212 -1.248007
v -0.679930 1.893731 -1.273423
v -0.800240 1.896403 -1.159036
v -0.830720 1.804188 -1.164701
v -0.841585 1.746510 -1.161041
v -0.846081 1.690555 -1.150631
v -0.754246 1.689377 -1.240932
v -0.751417 1.743830 -1.248414
v -0.761975 1.991870 -1.128702
v -0.630919 1.988457 -1.254169
v -0.841966 1.628719 -1.133072
v -0.825259 1.569203 -1.100197
v -0.728057 1.568107 -1.200297
v -0.745881 1.624125 -1.224414
v -0.638982 1.566670 -1.270776
v -0.655234 1.621396 -1.292992
v -0.525440 1.986607 -1.324364
v -0.491447 2.069020 -1.269697
v -0.601272 2.070868 -1.196951
v -0.411060 1.984520 -1.387490
v -0.411060 2.068291 -1.307807
v 0.000000 1.563104 -1.380092
v 0.383801 1.563104 -1.380092
v 0.310698 1.615062 -1.414218
v -0.262192 1.615062 -1.414218
v -0.383800 1.563104 -1.379966
v -0.411060 1.563104 -1.380092
v -0.411060 1.615062 -1.414218
v 0.491447 2.069020 -1.269697
v 0.525440 1.986607 -1.324364
v 0.630919 1.988457 -1.254169
v 0.601272 2.070868 -1.196951
v 0.411060 2.068291 -1.307807
v 0.411060 1.984520 -1.387513
v 0.411060 1.563104 -1.380092
v 0.411060 1.615062 -1.414218
v 0.800240 1.896403 -1.159036
v 0.679929 1.893731 -1.273423
v 0.743386 1.801212 -1.248007
v 0.830720 1.804188 -1.164701
v 0.754246 1.689377 -1.240932
v 0.846081 1.690555 -1.150631
v 0.841585 1.746510 -1.161041
v 0.751417 1.743830 -1.248414
v 0.761975 1.991870 -1.128702
v 0.841966 1.628719 -1.133072
v 0.745881 1.624125 -1.224414
v 0.728058 1.568110 -1.200299
v 0.825347 1.569507 -1.100367
v 0.655234 1.621396 -1.292992
v 0.638982 1.566667 -1.270774
vn -0.0000 0.5490 0.8358
vn -0.6615 -0.2618 0.7028
vn -0.6621 -0.2611 0.7025
vn -0.3612 -0.6428 0.6755
vn -0.3340 -0.6128 0.7162
vn -0.0038 0.5566 0.8307
vn -0.4286 -0.6142 0.6626
vn -0.4291 -0.6155 0.6611
vn -0.6955 0.0622 0.7158
vn -0.6996 0.0760 0.7105
vn -0.6744 0.2429 0.6972
vn -0.6786 0.2608 0.6867
vn -0.5589 0.4490 0.6972
vn -0.5409 0.4719 0.6962
vn -0.6219 0.5051 0.5984
vn -0.6204 0.4683 0.6291
vn -0.6921 -0.0849 0.7168
vn -0.6849 -0.1010 0.7216
vn -0.6096 -0.4514 0.6517
vn -0.6118 -0.4489 0.6513
vn 0.6118 -0.4489 0.6513
vn 0.6096 -0.4514 0.6517
vn 0.6204 0.4683 0.6291
vn 0.6219 0.5051 0.5984
vn 0.6921 -0.0849 0.7168
vn 0.6849 -0.1010 0.7216
vn 0.6615 -0.2618 0.7028
vn 0.6621 -0.2611 0.7025
vn 0.6955 0.0622 0.7158
vn 0.6996 0.0760 0.7105
vn 0.6744 0.2429 0.6972
vn 0.6786 0.2608 0.6867
vn 0.0003 0.5499 0.8352
vn 0.3612 -0.6427 0.6757
vn 0.3340 -0.6128 0.7162
vn 0.5589 0.4490 0.6972
vn 0.5409 0.4719 0.6962
vn 0.4286 -0.6142 0.6626
vn 0.4291 -0.6155 0.6611
s 0
f 2280//1404 2281//1404 2269//1404
f 2280//1404 2269//1404 2268//1404
f 2284//1405 2285//1405 2282//1405
f 2284//1406 2282//1406 2283//1406
f 2278//1407 2279//1407 2275//1407
f 2278//1408 2275//1408 2274//1408
f 2270//1404 2273//1404 2272//1404
f 2270//1409 2272//1409 2271//1409
f 2276//1410 2277//1410 2274//1410
f 2276//1411 2274//1411 2275//1411
f 2288//1412 2289//1412 2286//1412
f 2288//1413 2286//1413 2287//1413
f 2292//1414 2291//1414 2287//1414
f 2292//1415 2287//1415 2286//1415
f 2295//1416 2296//1416 2293//1416
f 2295//1417 2293//1417 2292//1417
f 2293//1418 2294//1418 2291//1418
f 2293//1419 2291//1419 2292//1419
f 2289//1420 2288//1420 2285//1420
f 2289//1421 2285//1421 2284//1421
f 2283//1422 2282//1422 2290//1422
f 2283//1423 2290//1423 2276//1423
f 2247//1424 2255//1424 2254//1424
f 2247//1425 2254//1425 2248//1425
f 2258//1426 2259//1426 2256//1426
f 2258//1427 2256//1427 2257//1427
f 2249//1428 2250//1428 2253//1428
f 2249//1429 2253//1429 2246//1429
f 2248//1430 2249//1430 2246//1430
f 2248//1431 2246//1431 2247//1431
f 2252//1432 2253//1432 2250//1432
f 2252//1433 2250//1433 2251//1433
f 2251//1434 2256//1434 2259//1434
f 2251//1435 2259//1435 2252//1435
f 2269//1404 2270//1404 2267//1404
f 2269//1404 2267//1404 2268//1404
f 2271//1436 2267//1436 2270//1436
f 2262//1437 2265//1437 2266//1437
f 2262//1438 2266//1438 2263//1438
f 2258//1439 2260//1439 2261//1439
f 2258//1440 2261//1440 2259//1440
f 2263//1441 2264//1441 2255//1441
f 2263//1442 2255//1442 2262//1442
o Turret_01_havok_s_armor_6_11
v -0.411060 2.112900 -1.254440
v -0.517166 2.123444 -1.192677
v -0.491447 2.069020 -1.269697
v -0.411060 2.068291 -1.307807
v -0.601272 2.070868 -1.196951
v -0.411059 1.984520 -1.387490
v -0.262192 1.984520 -1.387513
v -0.262192 2.013893 -1.359574
v -0.724430 2.074414 -1.080707
v -0.761975 1.991870 -1.128702
v -0.630919 1.988457 -1.254169
v 0.310698 2.013487 -1.359960
v 0.411059 2.068291 -1.307807
v -0.958126 1.639338 -0.990130
v -0.933872 1.573236 -0.960357
v -0.825259 1.569203 -1.100197
v -0.841966 1.628720 -1.133072
v -0.960928 1.697647 -1.006528
v -0.846082 1.690555 -1.150631
v -0.841585 1.746510 -1.161041
v -0.951378 1.751709 -1.018168
v -0.830720 1.804188 -1.164701
v -0.936163 1.808227 -1.021822
v -0.800240 1.896404 -1.159036
v -0.882876 1.952899 -1.009913
v 0.411059 2.112900 -1.254440
v 0.491447 2.069020 -1.269697
v 0.517143 2.123514 -1.192604
v 0.601272 2.070868 -1.196951
v 0.411059 1.984520 -1.387513
v 0.310698 1.984520 -1.387513
v 0.761975 1.991870 -1.128702
v 0.724430 2.074414 -1.080707
v 0.630919 1.988457 -1.254169
v 0.825347 1.569507 -1.100367
v 0.933936 1.573414 -0.960437
v 0.958126 1.639338 -0.990130
v 0.841966 1.628720 -1.133072
v 0.960928 1.697647 -1.006528
v 0.846082 1.690555 -1.150631
v 0.951378 1.751709 -1.018168
v 0.841585 1.746510 -1.161041
v 0.936163 1.808227 -1.021822
v 0.830721 1.804188 -1.164701
v 0.800240 1.896404 -1.159036
v 0.882877 1.952899 -1.009913
vn -0.5441 -0.6017 0.5847
vn -0.5437 -0.5928 0.5941
vn -0.6951 0.4871 0.5287
vn -0.6946 0.4915 0.5253
vn -0.0000 -0.6892 0.7246
vn -0.0001 -0.6893 0.7245
vn -0.2848 -0.7355 0.6148
vn -0.3955 -0.6827 0.6144
vn -0.7680 -0.3282 0.5499
vn -0.7665 -0.2886 0.5738
vn -0.6943 -0.4554 0.5573
vn -0.7980 -0.1127 0.5921
vn -0.7783 -0.1704 0.6043
vn -0.7678 0.2218 0.6010
vn -0.7666 0.2077 0.6076
vn -0.7928 0.0493 0.6075
vn -0.7819 -0.0039 0.6234
vn 0.6943 -0.4554 0.5573
vn 0.5441 -0.6017 0.5847
vn 0.5437 -0.5928 0.5941
vn -0.0000 -0.6894 0.7244
vn 0.0001 -0.6892 0.7246
vn 0.2848 -0.7355 0.6148
vn 0.3955 -0.6827 0.6145
vn 0.7980 -0.1127 0.5921
vn 0.7783 -0.1704 0.6043
vn 0.7680 -0.3282 0.5499
vn 0.7665 -0.2886 0.5738
vn 0.7928 0.0493 0.6075
vn 0.7819 -0.0039 0.6234
vn 0.6951 0.4872 0.5287
vn 0.6946 0.4915 0.5253
vn 0.7678 0.2218 0.6010
vn 0.7666 0.2077 0.6076
s 0
f 2325//1443 2330//1443 2328//1443
f 2325//1444 2328//1444 2329//1444
f 2333//1445 2334//1445 2331//1445
f 2333//1446 2331//1446 2332//1446
f 2308//1447 2327//1447 2326//1447
f 2308//1448 2326//1448 2309//1448
f 2323//1449 2324//1449 2322//1449
f 2323//1449 2322//1449 2309//1449
f 2323//1450 2325//1450 2324//1450
f 2339//1451 2342//1451 2341//1451
f 2339//1452 2341//1452 2340//1452
f 2328//1453 2341//1453 2342//1453
f 2339//1454 2340//1454 2338//1454
f 2339//1455 2338//1455 2337//1455
f 2335//1456 2336//1456 2334//1456
f 2335//1457 2334//1457 2333//1457
f 2337//1458 2338//1458 2336//1458
f 2337//1459 2336//1459 2335//1459
f 2306//1460 2321//1460 2320//1460
f 2306//1461 2307//1461 2301//1461
f 2306//1462 2301//1462 2305//1462
f 2308//1463 2309//1463 2300//1463
f 2308//1463 2300//1463 2304//1463
f 2302//1464 2303//1464 2304//1464
f 2302//1464 2304//1464 2300//1464
f 2299//1465 2300//1465 2297//1465
f 2299//1465 2297//1465 2298//1465
f 2299//1466 2298//1466 2301//1466
f 2316//1467 2318//1467 2319//1467
f 2316//1468 2319//1468 2317//1468
f 2320//1469 2321//1469 2319//1469
f 2320//1470 2319//1470 2318//1470
f 2315//1471 2316//1471 2317//1471
f 2315//1472 2317//1472 2314//1472
f 2312//1473 2313//1473 2310//1473
f 2312//1474 2310//1474 2311//1474
f 2313//1475 2315//1475 2314//1475
f 2313//1476 2314//1476 2310//1476
o Turret_01_havok_s_armor_3_12
v -1.211158 1.734133 0.559379
v -1.213577 1.669644 0.561224
v -1.237764 1.655913 0.149821
v -1.234136 1.730210 0.147053
v -1.215996 1.784645 0.146131
v -1.201483 1.787587 0.555689
v -1.203902 1.615455 0.556611
v -1.237764 1.651499 -0.025441
v -1.234136 1.720156 -0.027286
v -1.183343 1.870220 0.546465
v -1.172459 1.940349 0.146131
v -1.161575 1.986937 0.534473
v -1.206321 1.767971 -0.202547
v -1.183343 1.766009 -0.382420
v -1.138597 1.928088 -0.374119
v -1.163994 1.930295 -0.201624
v -1.220833 1.774346 -0.029130
v -1.177297 1.935690 -0.024518
v -1.215996 1.714271 -0.197935
v -1.219624 1.648802 -0.193323
v -1.193018 1.647576 -0.369506
v -1.191809 1.712065 -0.376886
v -1.103527 2.105615 0.142441
v -1.102317 2.117385 0.495731
v -1.089014 2.099485 -0.194245
v -1.102317 2.103163 -0.018984
v -1.061200 2.096298 -0.355670
v 1.211158 1.734133 0.559379
v 1.234136 1.730210 0.147053
v 1.237764 1.655913 0.149821
v 1.213577 1.669644 0.561224
v 1.201483 1.787587 0.555689
v 1.215995 1.784645 0.146131
v 1.203902 1.615455 0.556611
v 1.237764 1.651499 -0.025441
v 1.234136 1.720156 -0.027286
v 1.183343 1.870220 0.546465
v 1.161575 1.986937 0.534473
v 1.172459 1.940349 0.146131
v 1.206321 1.767971 -0.202547
v 1.163994 1.930295 -0.201624
v 1.138597 1.928088 -0.374119
v 1.183343 1.766009 -0.382420
v 1.220833 1.774346 -0.029130
v 1.177297 1.935690 -0.024518
v 1.215995 1.714271 -0.197935
v 1.191809 1.712065 -0.376886
v 1.193018 1.647576 -0.369506
v 1.219623 1.648802 -0.193323
v 1.103526 2.105615 0.142441
v 1.102317 2.117385 0.495731
v 1.089014 2.099485 -0.194245
v 1.102317 2.103163 -0.018984
v 1.061200 2.096298 -0.355670
v -1.216293 1.575830 0.150388
v -1.181481 1.572667 0.546155
v -1.210825 1.574054 -0.022985
v -1.157565 1.672737 1.011913
v -1.171714 1.742219 1.022515
v -1.171986 1.797516 1.021761
v -1.158527 1.854852 1.010915
v -1.149414 1.626994 1.002048
v -1.124613 1.575567 0.974159
v -1.136820 1.916875 0.993831
v -1.199059 1.574627 -0.186583
v -1.171167 1.574272 -0.357517
v -1.157124 1.645464 -0.521619
v -1.155181 1.707897 -0.531613
v -1.146623 1.761684 -0.539735
v -1.136522 1.575182 -0.506479
v -1.097036 1.922954 -0.533475
v -1.041818 2.191082 -0.014393
v -1.041293 2.211636 0.457879
v -1.029904 2.183640 -0.185825
v -1.077951 2.062323 0.917646
v -1.110291 1.987552 0.962136
v -1.046347 2.127303 0.874612
v -0.996633 2.226733 0.804312
v -1.019552 2.092760 -0.512870
v -0.965340 2.170380 -0.491767
v -1.005183 2.177063 -0.337391
v 1.216324 1.575943 0.150387
v 1.181484 1.572669 0.546155
v 1.210982 1.574502 -0.022999
v 1.157565 1.672737 1.011913
v 1.171714 1.742219 1.022515
v 1.171986 1.797516 1.021761
v 1.158527 1.854852 1.010915
v 1.124140 1.574583 0.973626
v 1.149414 1.626994 1.002048
v 1.136820 1.916875 0.993831
v 1.171313 1.574755 -0.357594
v 1.199149 1.574944 -0.186613
v 1.097036 1.922954 -0.533475
v 1.146623 1.761684 -0.539735
v 1.157124 1.645464 -0.521619
v 1.155181 1.707897 -0.531613
v 1.136614 1.575500 -0.506548
v 1.042307 2.211636 0.457879
v 1.043043 2.191082 -0.014393
v 1.031188 2.183640 -0.185825
v 1.077951 2.062323 0.917646
v 1.110291 1.987552 0.962136
v 1.046347 2.127303 0.874612
v 0.997306 2.226733 0.804312
v 1.019552 2.092760 -0.512870
v 1.006475 2.177063 -0.337391
v 0.966632 2.170380 -0.491767
vn -0.9547 -0.2700 0.1249
vn -0.9573 -0.2505 0.1442
vn -0.9618 -0.2618 0.0802
vn -0.9636 -0.2518 0.0899
vn -0.9803 -0.1888 -0.0586
vn -0.9295 -0.3540 -0.1041
vn -0.8677 0.4828 -0.1186
vn -0.8673 0.4834 -0.1185
vn -0.9722 0.1996 -0.1222
vn -0.9750 0.1846 -0.1240
vn -0.9772 -0.1645 0.1341
vn -0.9818 -0.1410 0.1270
vn -0.9485 0.2769 0.1541
vn -0.9424 0.3038 0.1402
vn -0.9878 -0.0442 0.1495
vn -0.9910 -0.0033 0.1340
vn -0.9655 -0.2602 -0.0114
vn -0.9629 -0.2692 -0.0199
vn -0.9712 -0.2379 0.0137
vn -0.9486 -0.3163 -0.0076
vn -0.9696 -0.2382 -0.0563
vn -0.9736 -0.2204 -0.0593
vn -0.8759 0.4768 -0.0732
vn -0.9655 0.2590 0.0276
vn -0.9445 0.3283 -0.0083
vn -0.9645 0.2582 -0.0546
vn -0.9815 0.1807 -0.0637
vn -0.9976 -0.0391 -0.0573
vn -0.9972 -0.0507 -0.0551
vn -0.9481 -0.3165 -0.0313
vn -0.9820 -0.1814 -0.0530
vn -0.9916 -0.0407 -0.1230
vn -0.9735 0.2115 -0.0866
vn -0.9816 -0.1817 -0.0583
vn -0.9964 0.0037 -0.0849
vn -0.9754 -0.2178 -0.0330
vn -0.9986 -0.0527 0.0013
vn -0.9988 -0.0487 0.0028
vn -0.9628 -0.2692 -0.0210
vn -0.9829 -0.1839 -0.0055
vn -0.8615 -0.4947 -0.1143
vn -0.9136 -0.3918 -0.1090
vn -0.8882 -0.4471 -0.1059
vn -0.8925 -0.4377 -0.1087
vn -0.8244 -0.5601 0.0813
vn -0.8184 -0.5698 0.0741
vn -0.8287 -0.5595 0.0147
vn -0.7817 -0.5810 0.2269
vn -0.7774 -0.5896 0.2192
vn -0.8067 -0.5699 0.1563
vn -0.8025 -0.5776 0.1497
vn -0.8994 -0.4057 0.1630
vn -0.8941 -0.4264 0.1371
vn -0.8569 -0.5028 -0.1134
vn -0.8252 -0.5587 -0.0828
vn -0.8716 -0.4269 0.2411
vn -0.8715 -0.4274 0.2405
vn -0.8352 -0.5495 0.0226
vn -0.8461 -0.5328 0.0149
vn -0.9289 -0.2943 0.2249
vn -0.9297 -0.2695 0.2511
vn -0.9731 0.0066 0.2302
vn -0.9733 0.0080 0.2295
vn -0.9416 0.3297 0.0690
vn -0.9566 0.2742 0.0990
vn -0.9931 -0.0475 0.1072
vn -0.9929 -0.0496 0.1081
vn -0.9816 -0.1693 0.0884
vn -0.9661 -0.2334 0.1107
vn -0.9090 -0.4095 0.0776
vn -0.9100 -0.4068 0.0807
vn -0.9230 -0.3847 0.0128
vn -0.9128 -0.4082 -0.0147
vn -0.9116 -0.4110 0.0106
vn -0.9229 -0.3845 0.0203
vn -0.9662 -0.1192 0.2288
vn -0.9644 -0.1276 0.2317
vn -0.9241 0.3169 0.2137
vn -0.9252 0.3113 0.2171
vn 0.9573 -0.2505 0.1442
vn 0.9547 -0.2700 0.1249
vn 0.9618 -0.2618 0.0802
vn 0.9636 -0.2518 0.0899
vn 0.9803 -0.1888 -0.0586
vn 0.9295 -0.3540 -0.1041
vn 0.8677 0.4828 -0.1186
vn 0.8673 0.4834 -0.1185
vn 0.9722 0.1996 -0.1222
vn 0.9750 0.1846 -0.1240
vn 0.9772 -0.1645 0.1341
vn 0.9818 -0.1411 0.1270
vn 0.9484 0.2770 0.1542
vn 0.9424 0.3038 0.1402
vn 0.9910 -0.0033 0.1340
vn 0.9878 -0.0442 0.1495
vn 0.9655 -0.2602 -0.0114
vn 0.9629 -0.2692 -0.0199
vn 0.9712 -0.2379 0.0137
vn 0.9486 -0.3163 -0.0076
vn 0.9696 -0.2382 -0.0563
vn 0.9736 -0.2204 -0.0593
vn 0.8759 0.4769 -0.0732
vn 0.9655 0.2590 0.0278
vn 0.9445 0.3283 -0.0083
vn 0.9645 0.2582 -0.0546
vn 0.9815 0.1807 -0.0637
vn 0.9972 -0.0507 -0.0551
vn 0.9976 -0.0391 -0.0573
vn 0.9481 -0.3165 -0.0313
vn 0.9820 -0.1814 -0.0530
vn 0.9916 -0.0407 -0.1230
vn 0.9735 0.2115 -0.0866
vn 0.9816 -0.1817 -0.0583
vn 0.9964 0.0037 -0.0849
vn 0.9829 -0.1839 -0.0055
vn 0.9986 -0.0527 0.0013
vn 0.9988 -0.0487 0.0028
vn 0.9628 -0.2692 -0.0210
vn 0.9754 -0.2178 -0.0330
vn 0.8615 -0.4947 -0.1143
vn 0.9136 -0.3918 -0.1090
vn 0.8882 -0.4471 -0.1059
vn 0.8925 -0.4377 -0.1087
vn 0.8191 -0.5679 0.0816
vn 0.8126 -0.5781 0.0738
vn 0.8234 -0.5673 0.0148
vn 0.7758 -0.5892 0.2257
vn 0.7714 -0.5980 0.2178
vn 0.8009 -0.5782 0.1557
vn 0.7965 -0.5861 0.1488
vn 0.8994 -0.4057 0.1630
vn 0.8941 -0.4264 0.1371
vn 0.8545 -0.5071 -0.1130
vn 0.8214 -0.5645 -0.0813
vn 0.8716 -0.4269 0.2411
vn 0.8715 -0.4274 0.2405
vn 0.8303 -0.5568 0.0233
vn 0.8421 -0.5392 0.0151
vn 0.9731 0.0066 0.2302
vn 0.9733 0.0080 0.2295
vn 0.9662 -0.1192 0.2288
vn 0.9644 -0.1276 0.2317
vn 0.9416 0.3297 0.0689
vn 0.9566 0.2742 0.0990
vn 0.9931 -0.0475 0.1072
vn 0.9929 -0.0496 0.1081
vn 0.9816 -0.1693 0.0884
vn 0.9661 -0.2334 0.1107
vn 0.9090 -0.4095 0.0776
vn 0.9100 -0.4068 0.0807
vn 0.9230 -0.3847 0.0128
vn 0.9128 -0.4082 -0.0147
vn 0.9116 -0.4110 0.0106
vn 0.9229 -0.3845 0.0203
vn 0.9241 0.3169 0.2137
vn 0.9252 0.3113 0.2171
vn 0.9289 -0.2943 0.2249
vn 0.9297 -0.2695 0.2511
s 0
f 2384//1477 2385//1477 2382//1477
f 2384//1478 2382//1478 2383//1478
f 2386//1479 2387//1479 2383//1479
f 2386//1480 2383//1480 2382//1480
f 2380//1481 2379//1481 2430//1481
f 2380//1482 2430//1482 2433//1482
f 2431//1483 2432//1483 2376//1483
f 2431//1484 2376//1484 2425//1484
f 2432//1485 2427//1485 2373//1485
f 2432//1486 2373//1486 2376//1486
f 2389//1487 2388//1487 2382//1487
f 2389//1488 2382//1488 2385//1488
f 2434//1489 2435//1489 2391//1489
f 2434//1490 2391//1490 2390//1490
f 2390//1491 2391//1491 2388//1491
f 2390//1492 2388//1492 2389//1492
f 2387//1493 2386//1493 2375//1493
f 2387//1494 2375//1494 2381//1494
f 2386//1495 2378//1495 2371//1495
f 2386//1496 2371//1496 2375//1496
f 2374//1497 2429//1497 2430//1497
f 2374//1498 2430//1498 2379//1498
f 2376//1499 2424//1499 2425//1499
f 2426//1500 2424//1500 2372//1500
f 2426//1501 2372//1501 2377//1501
f 2372//1502 2424//1502 2376//1502
f 2372//1503 2376//1503 2373//1503
f 2372//1504 2373//1504 2370//1504
f 2372//1505 2370//1505 2371//1505
f 2374//1506 2375//1506 2371//1506
f 2374//1507 2371//1507 2370//1507
f 2370//1508 2373//1508 2427//1508
f 2370//1509 2427//1509 2428//1509
f 2429//1510 2374//1510 2370//1510
f 2429//1511 2370//1511 2428//1511
f 2379//1512 2375//1512 2374//1512
f 2378//1513 2377//1513 2372//1513
f 2378//1514 2372//1514 2371//1514
f 2381//1515 2375//1515 2379//1515
f 2381//1516 2379//1516 2380//1516
f 2444//1517 2446//1517 2393//1517
f 2445//1518 2380//1518 2433//1518
f 2380//1519 2445//1519 2444//1519
f 2380//1520 2444//1520 2393//1520
f 2395//1521 2442//1521 2443//1521
f 2395//1522 2443//1522 2394//1522
f 2395//1523 2392//1523 2442//1523
f 2396//1524 2449//1524 2450//1524
f 2396//1525 2450//1525 2448//1525
f 2394//1526 2443//1526 2449//1526
f 2394//1527 2449//1527 2396//1527
f 2383//1528 2394//1528 2396//1528
f 2383//1529 2396//1529 2384//1529
f 2393//1530 2446//1530 2447//1530
f 2393//1531 2447//1531 2441//1531
f 2448//1532 2436//1532 2384//1532
f 2448//1533 2384//1533 2396//1533
f 2441//1534 2442//1534 2392//1534
f 2441//1535 2392//1535 2393//1535
f 2436//1536 2437//1536 2385//1536
f 2436//1537 2385//1537 2384//1537
f 2389//1538 2439//1538 2438//1538
f 2389//1539 2438//1539 2390//1539
f 2435//1540 2426//1540 2377//1540
f 2435//1541 2377//1541 2391//1541
f 2378//1542 2388//1542 2391//1542
f 2378//1543 2391//1543 2377//1543
f 2386//1544 2382//1544 2388//1544
f 2386//1545 2388//1545 2378//1545
f 2387//1546 2395//1546 2394//1546
f 2387//1547 2394//1547 2383//1547
f 2381//1548 2392//1548 2395//1548
f 2381//1549 2395//1549 2387//1549
f 2380//1550 2393//1550 2392//1550
f 2380//1551 2392//1551 2381//1551
f 2385//1552 2437//1552 2439//1552
f 2385//1553 2439//1553 2389//1553
f 2390//1554 2438//1554 2440//1554
f 2390//1555 2440//1555 2434//1555
f 2357//1556 2358//1556 2355//1556
f 2357//1557 2355//1557 2356//1557
f 2358//1558 2360//1558 2359//1558
f 2358//1559 2359//1559 2355//1559
f 2403//1560 2352//1560 2354//1560
f 2403//1561 2354//1561 2406//1561
f 2349//1562 2404//1562 2405//1562
f 2349//1563 2405//1563 2398//1563
f 2344//1564 2400//1564 2404//1564
f 2344//1565 2404//1565 2349//1565
f 2355//1566 2361//1566 2364//1566
f 2355//1567 2364//1567 2356//1567
f 2362//1568 2407//1568 2408//1568
f 2362//1569 2408//1569 2363//1569
f 2363//1570 2364//1570 2361//1570
f 2363//1571 2361//1571 2362//1571
f 2347//1572 2359//1572 2360//1572
f 2347//1573 2360//1573 2353//1573
f 2346//1574 2351//1574 2359//1574
f 2346//1575 2359//1575 2347//1575
f 2403//1576 2402//1576 2348//1576
f 2403//1577 2348//1577 2352//1577
f 2349//1578 2398//1578 2397//1578
f 2345//1579 2397//1579 2399//1579
f 2345//1580 2399//1580 2350//1580
f 2349//1581 2397//1581 2345//1581
f 2349//1582 2345//1582 2344//1582
f 2345//1583 2346//1583 2343//1583
f 2345//1584 2343//1584 2344//1584
f 2346//1585 2347//1585 2348//1585
f 2346//1586 2348//1586 2343//1586
f 2400//1587 2344//1587 2343//1587
f 2400//1588 2343//1588 2401//1588
f 2343//1589 2348//1589 2402//1589
f 2343//1590 2402//1590 2401//1590
f 2352//1591 2353//1591 2354//1591
f 2345//1592 2350//1592 2351//1592
f 2345//1593 2351//1593 2346//1593
f 2347//1594 2353//1594 2352//1594
f 2347//1595 2352//1595 2348//1595
f 2417//1596 2366//1596 2419//1596
f 2418//1597 2406//1597 2354//1597
f 2417//1598 2418//1598 2354//1598
f 2417//1599 2354//1599 2366//1599
f 2416//1600 2414//1600 2368//1600
f 2416//1601 2368//1601 2367//1601
f 2368//1602 2414//1602 2365//1602
f 2422//1603 2423//1603 2369//1603
f 2422//1604 2369//1604 2421//1604
f 2423//1605 2416//1605 2367//1605
f 2423//1606 2367//1606 2369//1606
f 2369//1607 2367//1607 2358//1607
f 2369//1608 2358//1608 2357//1608
f 2420//1609 2419//1609 2366//1609
f 2420//1610 2366//1610 2415//1610
f 2357//1611 2413//1611 2421//1611
f 2357//1612 2421//1612 2369//1612
f 2365//1613 2414//1613 2415//1613
f 2365//1614 2415//1614 2366//1614
f 2409//1615 2410//1615 2364//1615
f 2409//1616 2364//1616 2363//1616
f 2410//1617 2411//1617 2356//1617
f 2410//1618 2356//1618 2364//1618
f 2350//1619 2399//1619 2407//1619
f 2350//1620 2407//1620 2362//1620
f 2362//1621 2361//1621 2351//1621
f 2362//1622 2351//1622 2350//1622
f 2361//1623 2355//1623 2359//1623
f 2361//1624 2359//1624 2351//1624
f 2367//1625 2368//1625 2360//1625
f 2367//1626 2360//1626 2358//1626
f 2368//1627 2365//1627 2353//1627
f 2368//1628 2353//1628 2360//1628
f 2365//1629 2366//1629 2354//1629
f 2365//1630 2354//1630 2353//1630
f 2412//1631 2409//1631 2363//1631
f 2412//1632 2363//1632 2408//1632
f 2356//1633 2411//1633 2413//1633
f 2356//1634 2413//1634 2357//1634
o Turret_01_havok_s_armor_4_13
v -0.611742 2.131576 1.090698
v -0.267672 2.142340 1.213356
v -0.300650 2.002670 1.312946
v -0.649117 2.000570 1.195351
v -0.166539 2.018422 1.333764
v -0.135760 2.141552 1.252742
v 0.000550 2.136827 1.262307
v 0.166539 2.018422 1.333764
v 0.135760 2.141552 1.252742
v -0.153348 1.853549 1.426039
v 0.153348 1.847773 1.428852
v -0.327032 1.856699 1.386091
v -0.685393 1.862212 1.272997
v -1.054747 1.925484 1.067066
v -1.071236 1.861687 1.094636
v -1.036060 1.988755 1.034432
v -1.125100 1.793690 1.088447
v -1.114108 1.859587 1.069317
v -1.080030 1.792640 1.117705
v -1.011876 2.057540 0.989420
v -1.047052 2.056753 0.968039
v -1.073435 1.987968 1.011364
v -1.018471 2.125275 0.917963
v -0.985493 2.126063 0.937656
v -1.095420 1.924171 1.042872
v -0.712875 1.717816 1.298317
v -0.349017 1.701539 1.427164
v -0.353414 1.639055 1.424914
v -0.713974 1.654282 1.297191
v -0.354514 1.604925 1.405221
v -0.706279 1.617002 1.272997
v -0.707379 1.774787 1.292127
v -0.342422 1.760610 1.416474
v -0.163241 1.607288 1.447982
v -1.067938 1.669772 1.112078
v -1.078931 1.736194 1.121081
v -1.060244 1.623828 1.094636
v -1.124001 1.738032 1.087884
v -1.111909 1.670297 1.070442
v -1.104214 1.625666 1.060314
v -0.000550 1.755359 1.486805
v -0.152249 1.756410 1.469926
v 0.152249 1.756410 1.469926
v -0.000550 1.640630 1.485117
v -0.000550 1.698914 1.493557
v 0.156646 1.700752 1.475552
v 0.159943 1.638793 1.468800
v -0.156646 1.700752 1.475552
v -0.159943 1.638793 1.468800
v -0.000550 1.604925 1.462049
v 0.163241 1.607288 1.447982
v 0.300650 2.002670 1.312946
v 0.267672 2.142340 1.213356
v 0.611742 2.131576 1.090698
v 0.649118 2.000570 1.195351
v 0.327032 1.856699 1.386091
v 0.685393 1.862475 1.272997
v 0.712875 1.717816 1.298317
v 0.713974 1.654282 1.297191
v 0.353415 1.639055 1.424914
v 0.349018 1.701539 1.427164
v 0.706280 1.617002 1.272997
v 0.354514 1.604925 1.405221
v 0.707379 1.774787 1.292127
v 0.342422 1.760610 1.416474
v 1.054747 1.925484 1.067066
v 1.071236 1.861687 1.094636
v 1.036060 1.988755 1.034432
v 1.011876 2.057540 0.989420
v 1.078931 1.736194 1.121081
v 1.067939 1.669772 1.112078
v 1.060244 1.623828 1.094636
v 1.104214 1.625666 1.060314
v 1.080030 1.792640 1.117705
v 0.985493 2.126063 0.937656
v 1.018471 2.125275 0.917963
v 1.047052 2.056753 0.968039
v 1.073435 1.987968 1.011364
v 1.095420 1.924171 1.042872
v 1.114108 1.859587 1.069317
v 1.111909 1.670297 1.070442
v 1.124001 1.738032 1.087884
v 1.125100 1.793690 1.088447
v -0.568803 2.235400 0.997174
v -0.226064 2.240619 1.112154
v -0.000000 2.243109 1.166121
v 0.073412 2.242502 1.153260
v -0.073351 2.242502 1.153260
v -1.110290 1.987552 0.962136
v -1.077951 2.062323 0.917646
v -1.046347 2.127303 0.874612
v -0.996632 2.226733 0.804312
v -0.969956 2.228268 0.839220
v -0.943972 2.229025 0.856188
v -1.136820 1.916875 0.993831
v -1.158527 1.854852 1.010916
v -0.346364 1.559833 1.354481
v -0.688832 1.564250 1.228442
v -0.169840 1.560891 1.388584
v -1.027315 1.575876 1.068432
v -1.171986 1.797516 1.021760
v -1.171714 1.742219 1.022515
v -1.157564 1.672737 1.011913
v -1.075922 1.575706 1.037235
v -1.124614 1.575567 0.974159
v -1.149413 1.626994 1.002048
v -0.000000 1.561980 1.407827
v 0.169860 1.560752 1.388407
v 0.569113 2.235400 0.997174
v 0.226191 2.240619 1.112154
v 0.346246 1.559160 1.353730
v 0.689847 1.567420 1.231123
v 1.029309 1.578812 1.070036
v 1.076184 1.576162 1.037445
v 0.944483 2.229025 0.856188
v 1.046347 2.127303 0.874612
v 0.970564 2.228268 0.839220
v 0.997305 2.226733 0.804312
v 1.077950 2.062323 0.917646
v 1.110291 1.987552 0.962136
v 1.136820 1.916875 0.993831
v 1.157564 1.672737 1.011913
v 1.171713 1.742219 1.022515
v 1.149413 1.626994 1.002048
v 1.124140 1.574583 0.973626
v 1.158526 1.854852 1.010916
v 1.171986 1.797516 1.021760
vn -0.2632 0.6719 -0.6923
vn -0.2579 0.7423 -0.6184
vn -0.3005 -0.2746 -0.9134
vn -0.2793 -0.3299 -0.9018
vn -0.2212 0.0196 -0.9750
vn -0.2433 0.0923 -0.9656
vn -0.3342 0.0104 -0.9424
vn -0.3343 0.0109 -0.9424
vn -0.3079 0.5618 -0.7678
vn -0.3127 0.4671 -0.8270
vn -0.3088 -0.2027 -0.9293
vn -0.3255 -0.1331 -0.9361
vn -0.1849 0.4867 -0.8538
vn -0.1886 0.5276 -0.8283
vn -0.3434 -0.5272 -0.7772
vn -0.3759 -0.4478 -0.8113
vn -0.3438 -0.5087 -0.7893
vn -0.2975 -0.6463 -0.7028
vn -0.3240 -0.5952 -0.7354
vn -0.2383 -0.1986 -0.9507
vn -0.2663 -0.1178 -0.9567
vn -0.1207 0.7515 -0.6486
vn -0.1289 0.7745 -0.6193
vn -0.2489 -0.3280 -0.9113
vn -0.1997 -0.3998 -0.8946
vn 0.2433 0.0923 -0.9656
vn 0.2212 0.0196 -0.9750
vn 0.1886 0.5276 -0.8283
vn 0.1849 0.4867 -0.8538
vn 0.2663 -0.1178 -0.9567
vn 0.2383 -0.1986 -0.9507
vn 0.0651 0.7829 -0.6188
vn 0.0649 0.7826 -0.6192
vn -0.0796 0.5437 -0.8355
vn -0.0789 0.5410 -0.8373
vn 0.0795 0.5410 -0.8373
vn 0.0801 0.5437 -0.8355
vn 0.2489 -0.3280 -0.9113
vn 0.1983 -0.4017 -0.8940
vn -0.1819 -0.7449 -0.6419
vn -0.1877 -0.7420 -0.6436
vn -0.2848 -0.4701 -0.8354
vn -0.2487 -0.5235 -0.8149
vn -0.1889 -0.4670 -0.8638
vn -0.1887 -0.4668 -0.8640
vn -0.2852 -0.6002 -0.7473
vn -0.2473 -0.6468 -0.7214
vn -0.1911 -0.5994 -0.7773
vn -0.2310 -0.5745 -0.7853
vn -0.2228 -0.7434 -0.6306
vn -0.2582 -0.7030 -0.6627
vn -0.4637 0.0077 -0.8860
vn -0.4355 0.1913 -0.8796
vn -0.7902 0.2465 -0.5610
vn -0.7614 0.2858 -0.5820
vn -0.7660 0.2630 -0.5866
vn -0.7648 0.2651 -0.5872
vn -0.6439 0.5807 -0.4982
vn -0.6446 0.5897 -0.4866
vn -0.6978 -0.4944 -0.5183
vn -0.6986 -0.4956 -0.5160
vn -0.4504 -0.5153 -0.7291
vn -0.4594 -0.5106 -0.7268
vn -0.4709 -0.4475 -0.7602
vn -0.4673 -0.4497 -0.7612
vn -0.5738 0.2988 -0.7625
vn -0.6739 0.2076 -0.7091
vn -0.7270 -0.4068 -0.5532
vn -0.7358 -0.4278 -0.5249
vn -0.4937 -0.3174 -0.8096
vn -0.5085 -0.3304 -0.7951
vn -0.5447 0.0192 -0.8384
vn -0.5917 -0.0366 -0.8053
vn -0.5988 0.2740 -0.7525
vn -0.6428 0.3636 -0.6742
vn -0.7733 -0.2883 -0.5647
vn -0.7744 -0.2921 -0.5612
vn -0.8179 -0.0038 -0.5753
vn -0.8082 0.0219 -0.5885
vn -0.3860 -0.3362 -0.8591
vn -0.4020 -0.2903 -0.8684
vn -0.4217 -0.0460 -0.9056
vn -0.4260 -0.1382 -0.8941
vn -0.2605 -0.7030 -0.6617
vn -0.2923 -0.6623 -0.6899
vn -0.4216 0.3827 -0.8221
vn -0.4044 0.5552 -0.7268
vn -0.3364 0.6702 -0.6615
vn -0.3606 0.6258 -0.6917
vn -0.4145 0.6389 -0.6480
vn -0.5152 0.5823 -0.6289
vn -0.6289 -0.6312 -0.4540
vn -0.6376 -0.6327 -0.4396
vn -0.4277 -0.5935 -0.6818
vn -0.4311 -0.5953 -0.6781
vn -0.6512 -0.6130 -0.4474
vn -0.6455 -0.6075 -0.4629
vn -0.4037 -0.6436 -0.6503
vn -0.4073 -0.6452 -0.6464
vn -0.4201 -0.6664 -0.6160
vn -0.3960 -0.6616 -0.6368
vn -0.2975 -0.6458 -0.7032
vn -0.6698 -0.5717 -0.4739
vn -0.6632 -0.5641 -0.4918
vn -0.0651 0.7829 -0.6188
vn -0.0645 0.7820 -0.6200
vn 0.4277 -0.5935 -0.6818
vn 0.4311 -0.5953 -0.6781
vn 0.6512 -0.6130 -0.4474
vn 0.6455 -0.6075 -0.4629
vn 0.4037 -0.6436 -0.6503
vn 0.4073 -0.6452 -0.6464
vn 0.5085 -0.3304 -0.7951
vn 0.4937 -0.3174 -0.8096
vn 0.2975 -0.6463 -0.7028
vn 0.3240 -0.5952 -0.7354
vn 0.6698 -0.5717 -0.4739
vn 0.6632 -0.5641 -0.4918
vn 0.6279 -0.6335 -0.4520
vn 0.6360 -0.6349 -0.4386
vn 0.7270 -0.4068 -0.5532
vn 0.7358 -0.4278 -0.5249
vn 0.4709 -0.4475 -0.7602
vn 0.4673 -0.4497 -0.7612
vn 0.2605 -0.7034 -0.6613
vn 0.2920 -0.6631 -0.6892
vn 0.4206 -0.6677 -0.6142
vn 0.3956 -0.6627 -0.6359
vn 0.6978 -0.4944 -0.5183
vn 0.6986 -0.4956 -0.5160
vn 0.4504 -0.5153 -0.7291
vn 0.4594 -0.5106 -0.7268
vn -0.0393 -0.5561 -0.8302
vn 0.2310 -0.5745 -0.7853
vn 0.1911 -0.5994 -0.7773
vn -0.0290 -0.6708 -0.7411
vn -0.1231 -0.7341 -0.6678
vn 0.2852 -0.6002 -0.7473
vn 0.2473 -0.6468 -0.7214
vn 0.2228 -0.7435 -0.6305
vn 0.2581 -0.7034 -0.6623
vn -0.0000 -0.5167 -0.8562
vn 0.0390 -0.5561 -0.8302
vn 0.0288 -0.6707 -0.7412
vn 0.1231 -0.7341 -0.6677
vn 0.2848 -0.4701 -0.8354
vn 0.2492 -0.5228 -0.8152
vn 0.3434 -0.5265 -0.7777
vn 0.3757 -0.4478 -0.8114
vn 0.3438 -0.5087 -0.7893
vn 0.1819 -0.7450 -0.6418
vn 0.1877 -0.7421 -0.6435
vn -0.0012 -0.4867 -0.8736
vn -0.0000 -0.4884 -0.8726
vn 0.1900 -0.4679 -0.8631
vn 0.1889 -0.4670 -0.8638
vn 0.2975 -0.6458 -0.7032
vn 0.6438 0.5807 -0.4983
vn 0.6445 0.5898 -0.4866
vn 0.7660 0.2630 -0.5866
vn 0.7648 0.2651 -0.5872
vn 0.4140 0.6387 -0.6486
vn 0.5152 0.5823 -0.6289
vn 0.7902 0.2465 -0.5610
vn 0.7613 0.2858 -0.5820
vn 0.5738 0.2988 -0.7625
vn 0.6739 0.2076 -0.7091
vn 0.5917 -0.0366 -0.8053
vn 0.5447 0.0192 -0.8384
vn 0.5988 0.2740 -0.7525
vn 0.6428 0.3636 -0.6742
vn -0.1119 -0.1087 -0.9878
vn -0.1082 -0.1181 -0.9871
vn 0.1001 0.1025 -0.9897
vn 0.1151 0.1424 -0.9831
vn 0.1126 -0.1087 -0.9877
vn 0.1090 -0.1181 -0.9870
vn -0.0022 -0.5287 -0.8488
vn 0.0981 -0.4088 -0.9073
vn -0.0975 -0.4071 -0.9082
vn -0.0995 0.1026 -0.9897
vn -0.1143 0.1424 -0.9832
vn 0.3004 -0.2754 -0.9132
vn 0.2795 -0.3299 -0.9017
vn 0.2634 0.6718 -0.6923
vn 0.2579 0.7424 -0.6183
vn 0.1208 0.7516 -0.6485
vn 0.1289 0.7745 -0.6193
vn 0.3343 0.0109 -0.9424
vn 0.3342 0.0104 -0.9424
vn 0.3079 0.5618 -0.7678
vn 0.3127 0.4671 -0.8270
vn 0.3088 -0.2027 -0.9293
vn 0.3255 -0.1331 -0.9361
vn 0.4637 0.0077 -0.8860
vn 0.4355 0.1913 -0.8796
vn 0.4260 -0.1382 -0.8941
vn 0.4217 -0.0459 -0.9056
vn 0.7733 -0.2883 -0.5647
vn 0.7744 -0.2921 -0.5612
vn 0.8179 -0.0038 -0.5753
vn 0.8082 0.0219 -0.5885
vn 0.4216 0.3827 -0.8221
vn 0.4044 0.5552 -0.7268
vn 0.3359 0.6701 -0.6619
vn 0.3606 0.6257 -0.6917
vn 0.3860 -0.3362 -0.8591
vn 0.4018 -0.2910 -0.8683
s 0
f 2512//1635 2562//1635 2561//1635
f 2512//1636 2561//1636 2513//1636
f 2507//1637 2514//1637 2515//1637
f 2507//1638 2515//1638 2506//1638
f 2511//1639 2510//1639 2497//1639
f 2511//1640 2497//1640 2496//1640
f 2510//1641 2511//1641 2508//1641
f 2510//1642 2508//1642 2509//1642
f 2509//1643 2512//1643 2513//1643
f 2509//1644 2513//1644 2510//1644
f 2511//1645 2515//1645 2514//1645
f 2511//1646 2514//1646 2508//1646
f 2510//1647 2513//1647 2501//1647
f 2510//1648 2501//1648 2497//1648
f 2507//1649 2505//1649 2516//1649
f 2507//1650 2516//1650 2517//1650
f 2505//1651 2518//1651 2516//1651
f 2505//1652 2504//1652 2519//1652
f 2505//1653 2519//1653 2518//1653
f 2515//1654 2511//1654 2496//1654
f 2515//1655 2496//1655 2493//1655
f 2513//1656 2561//1656 2558//1656
f 2513//1657 2558//1657 2501//1657
f 2506//1658 2515//1658 2493//1658
f 2506//1659 2493//1659 2461//1659
f 2477//1660 2498//1660 2499//1660
f 2477//1661 2499//1661 2478//1661
f 2478//1662 2499//1662 2484//1662
f 2478//1663 2484//1663 2480//1663
f 2483//1664 2492//1664 2498//1664
f 2483//1665 2498//1665 2477//1665
f 2557//1666 2549//1666 2484//1666
f 2557//1667 2484//1667 2500//1667
f 2497//1668 2501//1668 2500//1668
f 2497//1669 2500//1669 2494//1669
f 2499//1670 2494//1670 2500//1670
f 2499//1671 2500//1671 2484//1671
f 2492//1672 2483//1672 2462//1672
f 2492//1673 2462//1673 2460//1673
f 2459//1674 2537//1674 2560//1674
f 2459//1675 2560//1675 2503//1675
f 2506//1676 2502//1676 2505//1676
f 2506//1677 2505//1677 2507//1677
f 2458//1678 2502//1678 2506//1678
f 2458//1679 2506//1679 2461//1679
f 2502//1680 2503//1680 2504//1680
f 2502//1681 2504//1681 2505//1681
f 2503//1682 2502//1682 2458//1682
f 2503//1683 2458//1683 2459//1683
f 2503//1684 2560//1684 2559//1684
f 2503//1685 2559//1685 2504//1685
f 2521//1686 2509//1686 2508//1686
f 2521//1687 2508//1687 2520//1687
f 2532//1688 2573//1688 2572//1688
f 2532//1689 2572//1689 2531//1689
f 2531//1690 2572//1690 2574//1690
f 2531//1691 2574//1691 2523//1691
f 2574//1692 2575//1692 2564//1692
f 2574//1693 2564//1693 2523//1693
f 2528//1694 2570//1694 2571//1694
f 2528//1695 2571//1695 2529//1695
f 2528//1696 2529//1696 2516//1696
f 2528//1697 2516//1697 2518//1697
f 2529//1698 2530//1698 2517//1698
f 2529//1699 2517//1699 2516//1699
f 2520//1700 2532//1700 2531//1700
f 2520//1701 2531//1701 2521//1701
f 2529//1702 2571//1702 2576//1702
f 2529//1703 2576//1703 2530//1703
f 2517//1704 2530//1704 2533//1704
f 2517//1705 2533//1705 2524//1705
f 2524//1706 2533//1706 2532//1706
f 2524//1707 2532//1707 2520//1707
f 2531//1708 2523//1708 2522//1708
f 2531//1709 2522//1709 2521//1709
f 2530//1710 2576//1710 2577//1710
f 2530//1711 2577//1711 2533//1711
f 2533//1712 2577//1712 2573//1712
f 2533//1713 2573//1713 2532//1713
f 2517//1714 2524//1714 2514//1714
f 2517//1715 2514//1715 2507//1715
f 2514//1716 2524//1716 2520//1716
f 2514//1717 2520//1717 2508//1717
f 2504//1718 2559//1718 2565//1718
f 2504//1719 2565//1719 2525//1719
f 2521//1720 2522//1720 2512//1720
f 2521//1721 2512//1721 2509//1721
f 2563//1722 2562//1722 2512//1722
f 2563//1723 2512//1723 2522//1723
f 2564//1724 2563//1724 2522//1724
f 2564//1725 2522//1725 2523//1725
f 2567//1726 2568//1726 2566//1726
f 2567//1727 2566//1727 2526//1727
f 2519//1728 2527//1728 2528//1728
f 2519//1729 2528//1729 2518//1729
f 2526//1730 2566//1730 2569//1730
f 2526//1731 2569//1731 2527//1731
f 2525//1732 2526//1732 2527//1732
f 2525//1733 2527//1733 2519//1733
f 2565//1734 2567//1734 2526//1734
f 2565//1735 2526//1735 2525//1735
f 2525//1736 2519//1736 2504//1736
f 2527//1737 2569//1737 2570//1737
f 2527//1738 2570//1738 2528//1738
f 2501//1739 2558//1739 2557//1739
f 2501//1740 2557//1740 2500//1740
f 2472//1741 2471//1741 2470//1741
f 2472//1742 2470//1742 2466//1742
f 2540//1743 2541//1743 2473//1743
f 2540//1744 2473//1744 2471//1744
f 2471//1745 2473//1745 2474//1745
f 2471//1746 2474//1746 2470//1746
f 2465//1747 2469//1747 2467//1747
f 2465//1748 2467//1748 2468//1748
f 2470//1749 2451//1749 2454//1749
f 2470//1750 2454//1750 2466//1750
f 2539//1751 2540//1751 2471//1751
f 2539//1752 2471//1752 2472//1752
f 2541//1753 2542//1753 2543//1753
f 2541//1754 2543//1754 2473//1754
f 2546//1755 2545//1755 2475//1755
f 2546//1756 2475//1756 2468//1756
f 2465//1757 2468//1757 2475//1757
f 2465//1758 2475//1758 2464//1758
f 2544//1759 2534//1759 2451//1759
f 2544//1760 2451//1760 2474//1760
f 2473//1761 2543//1761 2544//1761
f 2473//1762 2544//1762 2474//1762
f 2545//1763 2539//1763 2472//1763
f 2545//1764 2472//1764 2475//1764
f 2464//1765 2475//1765 2472//1765
f 2464//1766 2472//1766 2466//1766
f 2457//1767 2459//1767 2458//1767
f 2452//1768 2456//1768 2455//1768
f 2452//1769 2455//1769 2453//1769
f 2459//1770 2457//1770 2536//1770
f 2459//1771 2536//1771 2537//1771
f 2451//1772 2452//1772 2453//1772
f 2451//1773 2453//1773 2454//1773
f 2534//1774 2535//1774 2452//1774
f 2534//1775 2452//1775 2451//1775
f 2457//1776 2458//1776 2455//1776
f 2457//1777 2455//1777 2456//1777
f 2536//1778 2457//1778 2456//1778
f 2536//1779 2456//1779 2538//1779
f 2454//1780 2453//1780 2462//1780
f 2454//1781 2462//1781 2463//1781
f 2464//1782 2454//1782 2463//1782
f 2464//1783 2463//1783 2465//1783
f 2466//1784 2454//1784 2464//1784
f 2535//1785 2538//1785 2456//1785
f 2535//1786 2456//1786 2452//1786
f 2458//1787 2461//1787 2460//1787
f 2458//1788 2460//1788 2455//1788
f 2455//1789 2460//1789 2462//1789
f 2455//1790 2462//1790 2453//1790
f 2474//1791 2451//1791 2470//1791
f 2554//1792 2555//1792 2556//1792
f 2554//1793 2556//1793 2490//1793
f 2556//1794 2553//1794 2489//1794
f 2556//1795 2489//1795 2490//1795
f 2487//1796 2550//1796 2554//1796
f 2487//1797 2554//1797 2490//1797
f 2553//1798 2552//1798 2488//1798
f 2553//1799 2488//1799 2489//1799
f 2489//1800 2488//1800 2486//1800
f 2489//1801 2486//1801 2485//1801
f 2469//1802 2486//1802 2488//1802
f 2469//1803 2488//1803 2467//1803
f 2487//1804 2490//1804 2489//1804
f 2487//1805 2489//1805 2485//1805
f 2493//1806 2496//1806 2495//1806
f 2493//1807 2495//1807 2491//1807
f 2494//1808 2499//1808 2498//1808
f 2494//1809 2498//1809 2495//1809
f 2495//1810 2498//1810 2492//1810
f 2495//1811 2492//1811 2491//1811
f 2460//1812 2461//1812 2491//1812
f 2460//1813 2491//1813 2492//1813
f 2461//1814 2493//1814 2491//1814
f 2496//1815 2497//1815 2494//1815
f 2496//1816 2494//1816 2495//1816
f 2483//1817 2482//1817 2463//1817
f 2483//1818 2463//1818 2462//1818
f 2547//1819 2548//1819 2481//1819
f 2547//1820 2481//1820 2480//1820
f 2549//1821 2547//1821 2480//1821
f 2549//1822 2480//1822 2484//1822
f 2478//1823 2479//1823 2476//1823
f 2478//1824 2476//1824 2477//1824
f 2480//1825 2481//1825 2479//1825
f 2480//1826 2479//1826 2478//1826
f 2482//1827 2483//1827 2477//1827
f 2482//1828 2477//1828 2476//1828
f 2476//1829 2479//1829 2485//1829
f 2476//1830 2485//1830 2486//1830
f 2482//1831 2476//1831 2486//1831
f 2482//1832 2486//1832 2469//1832
f 2551//1833 2546//1833 2468//1833
f 2551//1834 2468//1834 2467//1834
f 2552//1835 2551//1835 2467//1835
f 2552//1836 2467//1836 2488//1836
f 2481//1837 2487//1837 2485//1837
f 2481//1838 2485//1838 2479//1838
f 2481//1839 2548//1839 2550//1839
f 2481//1840 2550//1840 2487//1840
f 2482//1841 2469//1841 2465//1841
f 2482//1842 2465//1842 2463//1842
o Turret_01_havok_s_armor_14_14
v -0.901763 2.083377 -0.811127
v -0.963830 2.088419 -0.668752
v -1.040907 1.918662 -0.701056
v -0.982945 1.915815 -0.849295
v -0.818161 2.078607 -0.958667
v -0.766870 2.152533 -0.906397
v -0.848450 2.158249 -0.772424
v -1.045160 1.640859 -0.830852
v -1.045616 1.700015 -0.845612
v -1.103901 1.700814 -0.702137
v -1.102595 1.641655 -0.690186
v -1.039413 1.755387 -0.854810
v -1.091677 1.755393 -0.711446
v -1.023020 1.575411 -0.805429
v -1.076894 1.574564 -0.671758
v 0.901763 2.083377 -0.811127
v 0.982945 1.915815 -0.849295
v 1.040907 1.918662 -0.701056
v 0.963830 2.088419 -0.668752
v 0.768011 2.152533 -0.906397
v 0.818161 2.078607 -0.958667
v 0.849715 2.158249 -0.772424
v 1.045160 1.640859 -0.830852
v 1.102595 1.641655 -0.690186
v 1.103901 1.700814 -0.702137
v 1.045616 1.700015 -0.845612
v 1.091677 1.755393 -0.711446
v 1.039413 1.755387 -0.854810
v 1.023065 1.575546 -0.805480
v 1.077019 1.574885 -0.671847
vn -0.9220 0.1004 0.3740
vn -0.9217 0.0963 0.3758
vn -0.6331 -0.6541 0.4140
vn -0.6223 -0.6872 0.3748
vn -0.8167 -0.4415 0.3717
vn -0.8183 -0.4714 0.3290
vn -0.8964 -0.2995 0.3268
vn -0.8797 -0.3217 0.3502
vn -0.8423 0.4166 0.3421
vn -0.8421 0.4175 0.3415
vn -0.9384 -0.0483 0.3421
vn -0.9168 -0.1417 0.3732
vn 0.9217 0.0963 0.3758
vn 0.9220 0.1004 0.3740
vn 0.6287 -0.6601 0.4110
vn 0.6180 -0.6922 0.3726
vn 0.8183 -0.4714 0.3290
vn 0.8167 -0.4415 0.3717
vn 0.8964 -0.2995 0.3268
vn 0.8797 -0.3217 0.3502
vn 0.8423 0.4166 0.3421
vn 0.8421 0.4175 0.3415
vn 0.9384 -0.0483 0.3421
vn 0.9168 -0.1417 0.3732
s 0
f 2602//1843 2603//1843 2600//1843
f 2602//1844 2600//1844 2601//1844
f 2593//1845 2599//1845 2597//1845
f 2593//1846 2597//1846 2598//1846
f 2595//1847 2596//1847 2593//1847
f 2595//1848 2593//1848 2594//1848
f 2605//1849 2604//1849 2595//1849
f 2605//1850 2595//1850 2594//1850
f 2606//1851 2607//1851 2601//1851
f 2606//1852 2601//1852 2600//1852
f 2604//1853 2605//1853 2603//1853
f 2604//1854 2603//1854 2602//1854
f 2587//1855 2588//1855 2585//1855
f 2587//1856 2585//1856 2586//1856
f 2583//1857 2584//1857 2578//1857
f 2583//1858 2578//1858 2582//1858
f 2580//1859 2581//1859 2578//1859
f 2580//1860 2578//1860 2579//1860
f 2580//1861 2590//1861 2589//1861
f 2580//1862 2589//1862 2581//1862
f 2588//1863 2592//1863 2591//1863
f 2588//1864 2591//1864 2585//1864
f 2586//1865 2589//1865 2590//1865
f 2586//1866 2590//1866 2587//1866
o Turret_01_havok_s_armor_11_15
v -0.848450 2.158249 -0.772424
v -0.912159 2.164041 -0.638261
v -0.963829 2.088419 -0.668752
v -0.901763 2.083377 -0.811127
v -0.965339 2.170380 -0.491767
v -1.019552 2.092760 -0.512870
v -1.097036 1.922954 -0.533474
v -1.040907 1.918662 -0.701056
v -1.146623 1.761684 -0.539735
v -1.155181 1.707897 -0.531613
v -1.103900 1.700814 -0.702137
v -1.091678 1.755393 -0.711446
v -1.157124 1.645464 -0.521618
v -1.102596 1.641655 -0.690186
v -1.136521 1.575182 -0.506479
v -1.076894 1.574564 -0.671758
v 0.849715 2.158249 -0.772424
v 0.901762 2.083377 -0.811127
v 0.963830 2.088419 -0.668752
v 0.913406 2.164041 -0.638261
v 1.040907 1.918662 -0.701056
v 1.097037 1.922954 -0.533474
v 1.019552 2.092760 -0.512870
v 0.966631 2.170380 -0.491767
v 1.146623 1.761684 -0.539735
v 1.091678 1.755393 -0.711446
v 1.103901 1.700814 -0.702137
v 1.155181 1.707897 -0.531613
v 1.102596 1.641655 -0.690186
v 1.157124 1.645464 -0.521618
v 1.077020 1.574886 -0.671847
v 1.136614 1.575500 -0.506548
vn -0.7491 -0.5917 0.2978
vn -0.7418 -0.6084 0.2821
vn -0.8484 -0.4254 0.3151
vn -0.8476 -0.4410 0.2952
vn -0.7027 -0.6137 0.3601
vn -0.6902 -0.6472 0.3238
vn -0.9509 -0.1074 0.2904
vn -0.9388 -0.1580 0.3062
vn -0.9081 -0.2909 0.3012
vn -0.9021 -0.3002 0.3098
vn -0.8887 0.3293 0.3192
vn -0.8711 0.4085 0.2726
vn -0.9514 0.0196 0.3073
vn -0.9556 0.0785 0.2841
vn 0.8476 -0.4410 0.2952
vn 0.8484 -0.4254 0.3151
vn 0.7435 -0.5997 0.2959
vn 0.7362 -0.6160 0.2803
vn 0.6848 -0.6539 0.3217
vn 0.6974 -0.6209 0.3580
vn 0.9388 -0.1580 0.3062
vn 0.9509 -0.1074 0.2904
vn 0.9081 -0.2909 0.3012
vn 0.9021 -0.3002 0.3098
vn 0.8886 0.3293 0.3193
vn 0.8711 0.4086 0.2725
vn 0.9514 0.0196 0.3073
vn 0.9556 0.0785 0.2841
s 0
f 2630//1867 2631//1867 2627//1867
f 2630//1868 2627//1868 2626//1868
f 2629//1869 2630//1869 2626//1869
f 2629//1870 2626//1870 2628//1870
f 2626//1871 2627//1871 2624//1871
f 2626//1872 2624//1872 2625//1872
f 2634//1873 2635//1873 2632//1873
f 2634//1874 2632//1874 2633//1874
f 2633//1875 2632//1875 2629//1875
f 2633//1876 2629//1876 2628//1876
f 2638//1877 2639//1877 2637//1877
f 2638//1878 2637//1878 2636//1878
f 2636//1879 2637//1879 2635//1879
f 2636//1880 2635//1880 2634//1880
f 2614//1881 2615//1881 2610//1881
f 2614//1882 2610//1882 2613//1882
f 2609//1883 2612//1883 2613//1883
f 2609//1884 2613//1884 2610//1884
f 2610//1885 2611//1885 2608//1885
f 2610//1886 2608//1886 2609//1886
f 2618//1887 2619//1887 2616//1887
f 2618//1888 2616//1888 2617//1888
f 2614//1889 2616//1889 2619//1889
f 2614//1890 2619//1890 2615//1890
f 2620//1891 2622//1891 2623//1891
f 2620//1892 2623//1892 2621//1892
f 2617//1893 2620//1893 2621//1893
f 2617//1894 2621//1894 2618//1894
o Turret_01_havok_s_armor_12_16
v -0.294853 2.239926 0.708763
v 0.419966 2.281427 0.454610
v 0.660768 2.281427 0.454610
v -0.107040 2.214288 0.518739
v -0.119393 2.215355 0.543225
v -0.124858 2.247651 0.541334
v -0.089403 2.229466 0.477094
v -0.081118 2.211664 0.458525
v -0.139255 2.240364 0.568214
v -0.124135 2.215700 0.551132
v -0.168756 2.218269 0.610042
v -0.064199 2.224854 0.374944
v -0.071529 2.209970 0.419607
v -0.060898 2.205410 0.314818
v -0.060884 2.207183 0.355553
v -0.064199 2.220105 0.269737
v 0.105907 2.205148 0.308788
v 0.106249 2.250657 0.273533
v 0.106249 2.254943 0.368471
v 0.105907 2.206482 0.339437
v 0.113545 2.209270 0.403360
v -0.917007 2.210669 0.435643
v -0.926621 2.208972 0.396670
v -0.931539 2.224854 0.374944
v -0.906337 2.229466 0.477094
v -0.885463 2.214301 0.518231
v -0.896517 2.213382 0.497614
v -0.931627 2.206168 0.332222
v -0.931627 2.204392 0.291433
v -0.931539 2.220105 0.269737
v -0.869476 2.247811 0.543858
v -0.879794 2.214752 0.528339
v -0.854885 2.240506 0.570629
v -0.840687 2.217531 0.590587
v -0.787558 2.237227 0.648999
v -0.816945 2.218738 0.617859
v -0.769583 2.220759 0.663610
v -0.744299 2.245423 0.680285
v -0.749043 2.221379 0.677570
v -0.754518 2.221251 0.674696
v -0.191194 2.219402 0.635588
v -0.208180 2.237227 0.648999
v -0.242752 2.221278 0.677348
v -0.249021 2.245385 0.678686
v -0.393323 2.241610 0.746070
v -0.275435 2.254539 0.692878
v -0.334870 2.223547 0.727668
v -0.371258 2.224171 0.741454
v -0.274784 2.222271 0.699437
v -0.258881 2.221822 0.689451
v -0.541232 2.224876 0.756294
v -0.580022 2.224677 0.751586
v -0.602416 2.241610 0.746071
v -0.497869 2.242182 0.758752
v -0.475014 2.224988 0.759185
v -0.436331 2.224769 0.754494
v -0.700887 2.239926 0.708764
v -0.643502 2.223857 0.732984
v -0.680141 2.223229 0.719103
v -0.737259 2.221749 0.685901
v -0.717776 2.254557 0.694284
v -0.106661 2.197305 0.128582
v -0.089403 2.215493 0.167587
v -0.126264 2.227747 0.099442
v -0.113019 2.196834 0.117749
v -0.095743 2.198242 0.150122
v -0.075781 2.200872 0.210548
v -0.065855 2.202621 0.250733
v -0.140854 2.218059 0.073438
v -0.208181 2.207732 -0.004318
v -0.177081 2.192914 0.027690
v -0.151052 2.194199 0.057211
v -0.906337 2.215493 0.167587
v -0.886193 2.197361 0.129866
v -0.856485 2.218135 0.075856
v -0.870881 2.227815 0.101970
v -0.911231 2.199894 0.188075
v -0.921157 2.201645 0.228308
v -0.787558 2.207732 -0.004317
v -0.824565 2.193395 0.038731
v -0.800454 2.192174 0.010685
v -0.867575 2.195866 0.095523
v -0.238101 2.190502 -0.027768
v -0.222063 2.191022 -0.015777
v -0.251439 2.213075 -0.036215
v -0.257489 2.189962 -0.040199
v -0.294854 2.205033 -0.064082
v -0.277964 2.220910 -0.050980
v -0.311216 2.188606 -0.071439
v -0.351768 2.187939 -0.086801
v -0.393324 2.203349 -0.101389
v -0.411146 2.187183 -0.104207
v -0.497869 2.202776 -0.114070
v -0.454368 2.186955 -0.109449
v -0.516067 2.186838 -0.112145
v -0.602416 2.203349 -0.101389
v -0.700887 2.205033 -0.064082
v -0.660453 2.188261 -0.079387
v -0.619891 2.187593 -0.094755
v -0.716569 2.189406 -0.053011
v -0.559294 2.187066 -0.106902
v -0.752009 2.190467 -0.028573
v -0.746718 2.213181 -0.034619
v -0.733771 2.189892 -0.041814
v -0.720303 2.221019 -0.049578
v 0.716541 2.270194 0.205807
v 0.388286 2.356381 0.201916
v 0.283803 2.332229 0.203006
v 0.283803 2.270194 0.205807
v 0.500172 2.364352 0.201556
v 0.612058 2.356381 0.201916
v 0.716541 2.332229 0.203006
v 0.249743 2.247642 0.206754
v 0.750544 2.247642 0.206754
v 0.249771 2.270194 0.205807
v 0.713703 2.281427 0.454610
v 0.713703 2.343372 0.449801
v 0.286641 2.343372 0.449801
v 0.286641 2.281427 0.454610
v 0.225248 2.273906 0.288028
v 0.225220 2.251354 0.288975
v 0.227057 2.277715 0.372389
v 0.227029 2.255163 0.373336
v 0.121174 2.201070 0.215097
v 0.128992 2.246495 0.181354
v 0.113789 2.202373 0.245033
v 0.144036 2.198462 0.155163
v 0.888931 2.254943 0.368471
v 0.888931 2.250657 0.273533
v 0.892479 2.205148 0.308788
v 0.892482 2.206481 0.339437
v 0.884874 2.202373 0.245032
v 0.884569 2.209264 0.403364
v 0.866187 2.246495 0.181354
v 0.877485 2.201070 0.215097
v 0.750573 2.270194 0.205807
v 0.775067 2.251354 0.288974
v 0.775095 2.273906 0.288027
v 0.773258 2.255163 0.373336
v 0.773287 2.277715 0.372389
v 0.314389 2.237057 -0.027703
v 0.236176 2.239491 0.026228
v 0.263490 2.192116 0.009344
v 0.289051 2.191349 -0.008282
v 0.215509 2.193964 0.051822
v 0.345792 2.190053 -0.038109
v 0.374776 2.189576 -0.049091
v 0.403247 2.235537 -0.061368
v 0.497590 2.235020 -0.072812
v 0.437046 2.188905 -0.064536
v 0.467696 2.188744 -0.068254
v 0.591931 2.235537 -0.061368
v 0.531851 2.188744 -0.068254
v 0.562501 2.188905 -0.064536
v 0.158438 2.197269 0.127750
v 0.173156 2.242700 0.097291
v 0.194915 2.194975 0.075047
v 0.822022 2.242700 0.097290
v 0.840479 2.197269 0.127749
v 0.854884 2.198462 0.155163
v 0.804235 2.194975 0.075047
v 0.759002 2.239491 0.026228
v 0.783637 2.193964 0.051822
v 0.735846 2.192116 0.009344
v 0.680790 2.237057 -0.027703
v 0.710284 2.191349 -0.008282
v 0.653680 2.190053 -0.038109
v 0.624694 2.189576 -0.049091
v 0.419954 2.258875 0.455557
v 0.419955 2.263139 0.549995
v 0.419998 2.338008 0.483540
v 0.419998 2.322109 0.547441
v 0.419998 2.338682 0.450165
v 0.253056 2.281427 0.454610
v 0.253028 2.258875 0.455557
v 0.540398 2.326899 0.547225
v 0.660759 2.263139 0.550005
v 0.532510 2.340648 0.450013
v 0.143654 2.213189 0.493302
v 0.128992 2.259105 0.460651
v 0.173156 2.262900 0.544714
v 0.157691 2.214355 0.520027
v 0.194472 2.216709 0.573345
v 0.120834 2.210559 0.432908
v 0.660798 2.298467 0.548508
v 0.660798 2.319366 0.502089
v 0.660754 2.258875 0.455557
v 0.660798 2.329685 0.450863
v 0.747260 2.258875 0.455557
v 0.747289 2.281427 0.454610
v 0.545729 2.339882 0.450072
v 0.540398 2.340502 0.450024
v 0.822022 2.262900 0.544714
v 0.866187 2.259105 0.460651
v 0.854202 2.213181 0.493308
v 0.840171 2.214346 0.520022
v 0.803143 2.216671 0.573368
v 0.877285 2.210549 0.432902
v 0.531532 2.222913 0.715515
v 0.497590 2.270580 0.714816
v 0.591932 2.270063 0.703373
v 0.560547 2.222747 0.711996
v 0.465743 2.222933 0.715515
v 0.624384 2.222054 0.696419
v 0.436688 2.222786 0.711989
v 0.403248 2.270063 0.703373
v 0.372980 2.222116 0.696428
v 0.345384 2.221660 0.685971
v 0.314389 2.268543 0.669708
v 0.287535 2.220336 0.655729
v 0.680791 2.268543 0.669708
v 0.651897 2.221594 0.685994
v 0.709959 2.220260 0.655707
v 0.263044 2.219594 0.638839
v 0.236176 2.266109 0.615777
v 0.214359 2.217699 0.595772
v 0.759003 2.266109 0.615777
v 0.734367 2.219526 0.638873
v 0.783298 2.217646 0.595751
vn 0.9672 0.2039 0.1515
vn 0.9709 0.0094 0.2391
vn 0.9007 0.2140 0.3781
vn 0.7583 0.0001 0.6519
vn -0.5397 -0.0039 0.8419
vn -0.5969 -0.0531 0.8006
vn 0.8787 -0.0163 0.4771
vn 0.7931 0.1305 0.5950
vn 0.8783 0.0172 0.4778
vn -0.8815 -0.1343 0.4527
vn -0.9494 0.0329 0.3122
vn -0.8591 -0.0677 0.5072
vn 0.5748 -0.1352 -0.8070
vn 0.4645 0.0084 -0.8855
vn -0.9542 -0.1740 0.2433
vn -0.9542 -0.1741 0.2433
vn -0.8468 0.0001 0.5320
vn -0.8591 -0.0677 0.5073
vn -0.7407 -0.1315 0.6588
vn -0.9970 0.0111 0.0766
vn 0.1946 0.1894 0.9624
vn 0.1203 -0.0175 0.9926
vn 0.4198 0.2051 0.8842
vn 0.5874 0.0776 0.8056
vn 0.6195 0.2147 0.7551
vn 0.5873 0.0776 0.8056
vn 0.5185 -0.1362 0.8442
vn 0.5459 0.0450 0.8367
vn 0.5459 0.0449 0.8367
vn 0.3543 0.0008 0.9351
vn -0.5015 0.1155 0.8574
vn -0.5143 -0.1498 0.8444
vn -0.6942 0.0867 0.7146
vn -0.3525 -0.0669 0.9334
vn -0.3525 -0.0670 0.9334
vn -0.0433 0.1684 0.9848
vn -0.1201 -0.0405 0.9919
vn -0.2801 0.1433 0.9492
vn 0.4990 0.0861 -0.8623
vn 0.9339 0.1669 -0.3161
vn 0.8808 -0.0612 -0.4695
vn 0.9708 -0.0254 -0.2384
vn 0.9905 0.0656 -0.1212
vn 1.0000 -0.0053 0.0002
vn 1.0000 -0.0052 0.0002
vn 0.8441 0.0587 -0.5329
vn 0.8722 -0.0435 -0.4872
vn 0.9786 0.1879 -0.0842
vn 1.0000 -0.0072 0.0003
vn -0.7966 -0.0726 -0.6002
vn -0.9186 -0.0157 -0.3948
vn -0.8821 -0.1749 -0.4373
vn -0.8821 -0.1749 -0.4374
vn -0.8480 -0.1728 -0.5010
vn -0.9865 -0.0054 -0.1637
vn -0.9810 -0.1936 0.0087
vn -0.9810 -0.1936 0.0088
vn -0.9518 -0.2078 -0.2255
vn 0.1197 -0.1608 -0.9797
vn -0.5282 -0.1600 -0.8339
vn -0.5988 -0.1117 -0.7931
vn -0.5282 -0.1599 -0.8339
vn -0.5185 -0.2117 -0.8285
vn 0.0435 0.0327 -0.9985
vn -0.1194 -0.1833 -0.9758
vn 0.2800 0.0582 -0.9582
vn 0.3531 -0.1346 -0.9259
vn -0.1964 0.0111 -0.9805
vn -0.4253 -0.0054 -0.9050
vn 0.5928 -0.0650 -0.8027
vn 0.6877 0.1145 -0.7169
vn 0.7526 -0.1002 -0.6508
vn -0.7373 -0.2228 -0.6377
vn -0.3501 -0.2008 -0.9149
vn -0.3501 -0.2007 -0.9150
vn -0.3198 -0.4696 -0.8229
vn -0.6297 -0.0157 -0.7767
vn -1.0000 0.0006 -0.0000
vn -1.0000 0.0006 0.0001
vn 0.9536 -0.0139 -0.3009
vn 0.9536 -0.0138 -0.3009
vn -1.0000 0.0011 0.0005
vn -1.0000 0.0007 -0.0000
vn -0.9536 -0.0114 -0.3010
vn -0.0000 -0.0420 -0.9991
vn -0.0000 -0.0775 -0.9970
vn -0.0000 -0.0774 -0.9970
vn 0.9338 0.0459 -0.3548
vn 1.0000 -0.0007 -0.0002
vn 1.0000 -0.0006 -0.0000
vn -0.0001 -0.0437 -0.9990
vn -0.0000 -0.0433 -0.9991
vn 0.8223 0.0271 -0.5684
vn 0.9708 -0.0269 -0.2383
vn 0.9708 -0.0270 -0.2383
vn 0.8852 -0.0466 -0.4629
vn -0.8829 -0.0963 -0.4595
vn -0.8829 -0.0964 -0.4595
vn 0.5676 -0.0785 -0.8196
vn 0.6623 0.0111 -0.7492
vn -0.3539 -0.1046 -0.9294
vn -0.4628 -0.0226 -0.8862
vn 0.7481 -0.0642 -0.6605
vn -0.7465 -0.1026 -0.6574
vn 0.0007 -0.0423 -0.9991
vn -0.5667 -0.1054 -0.8171
vn -0.6615 -0.0218 -0.7496
vn 0.4633 -0.0011 -0.8862
vn -0.9342 -0.0098 -0.3566
vn -0.1203 -0.1002 -0.9877
vn -0.1204 -0.1002 -0.9877
vn -0.8217 -0.0175 -0.5696
vn -0.9681 -0.0870 -0.2349
vn -0.0000 -0.0147 -0.9999
vn 0.2374 -0.0091 -0.9714
vn 0.3542 -0.0888 -0.9309
vn -0.2372 -0.0197 -0.9713
vn 0.1204 -0.0949 -0.9882
vn -0.9929 0.0139 0.1178
vn -0.9924 0.0009 -0.1229
vn 0.9311 0.1003 0.3508
vn -0.9972 -0.0751 0.0034
vn -0.9684 -0.0613 0.2417
vn -0.9998 0.0004 -0.0214
vn -0.9998 0.0003 -0.0215
vn 0.5681 0.0345 0.8223
vn -0.9584 0.0132 0.2852
vn -0.0000 0.0420 0.9991
vn 0.9893 0.0845 0.1186
vn -0.0000 0.0451 0.9990
vn -0.9999 -0.0009 -0.0114
vn -0.9999 -0.0005 -0.0115
vn 0.9998 -0.0021 -0.0213
vn 0.9709 0.0105 0.2391
vn 0.9999 -0.0009 -0.0114
vn 0.9999 -0.0005 -0.0115
vn 0.9584 0.0108 0.2854
vn 0.9584 0.0108 0.2853
vn 0.6608 0.1168 0.7414
vn -0.7471 -0.0310 0.6640
vn -0.6645 0.0593 0.7450
vn -0.9357 0.0285 0.3516
vn -0.8241 0.0439 0.5648
vn -0.5673 -0.0162 0.8234
vn -0.2410 0.0864 0.9667
vn -0.4662 0.0737 0.8816
vn -0.3542 -0.0027 0.9351
vn -0.8834 -0.0463 0.4662
vn 0.1205 0.0199 0.9925
vn 0.2404 0.1087 0.9646
vn 0.3546 0.0300 0.9345
vn 0.4642 0.1157 0.8781
vn -0.1205 0.0086 0.9927
vn 0.8194 0.1115 0.5623
vn 0.7485 0.0326 0.6623
vn 0.7485 0.0325 0.6623
vn -0.0000 0.0980 0.9952
vn 0.8854 0.0243 0.4641
vn 0.8855 0.0243 0.4641
s 0
f 2668//1895 2717//1895 2669//1895
f 2717//1896 2716//1896 2712//1896
f 2717//1896 2712//1896 2669//1896
f 2716//1897 2713//1897 2712//1897
f 2719//1898 2720//1898 2718//1898
f 2719//1898 2718//1898 2714//1898
f 2725//1899 2722//1899 2724//1899
f 2709//1900 2724//1900 2722//1900
f 2709//1900 2722//1900 2723//1900
f 2714//1901 2713//1901 2721//1901
f 2714//1902 2721//1902 2719//1902
f 2714//1903 2715//1903 2712//1903
f 2714//1901 2712//1901 2713//1901
f 2702//1904 2701//1904 2705//1904
f 2702//1905 2705//1905 2706//1905
f 2703//1906 2704//1906 2701//1906
f 2703//1904 2701//1904 2702//1904
f 2700//1907 2699//1907 2678//1907
f 2700//1908 2678//1908 2677//1908
f 2706//1909 2707//1909 2655//1909
f 2706//1910 2655//1910 2702//1910
f 2708//1911 2711//1911 2704//1911
f 2708//1912 2704//1912 2703//1912
f 2710//1913 2711//1913 2708//1913
f 2710//1913 2708//1913 2709//1913
f 2707//1914 2653//1914 2655//1914
f 2738//1915 2740//1915 2735//1915
f 2732//1916 2735//1916 2740//1916
f 2732//1916 2740//1916 2734//1916
f 2739//1917 2737//1917 2736//1917
f 2741//1918 2742//1918 2718//1918
f 2741//1919 2718//1919 2720//1919
f 2743//1920 2742//1920 2741//1920
f 2742//1921 2736//1921 2744//1921
f 2736//1922 2742//1922 2743//1922
f 2736//1923 2743//1923 2739//1923
f 2737//1924 2738//1924 2735//1924
f 2737//1924 2735//1924 2736//1924
f 2728//1925 2725//1925 2726//1925
f 2724//1926 2727//1926 2726//1926
f 2724//1899 2726//1899 2725//1899
f 2709//1927 2723//1927 2710//1927
f 2726//1928 2730//1928 2729//1928
f 2726//1929 2729//1929 2728//1929
f 2734//1930 2733//1930 2732//1930
f 2730//1931 2732//1931 2733//1931
f 2730//1931 2733//1931 2731//1931
f 2731//1932 2729//1932 2730//1932
f 2699//1907 2700//1907 2696//1907
f 2699//1933 2696//1933 2698//1933
f 2666//1934 2661//1934 2664//1934
f 2666//1935 2664//1935 2665//1935
f 2663//1936 2664//1936 2661//1936
f 2663//1936 2661//1936 2662//1936
f 2658//1937 2660//1937 2659//1937
f 2667//1938 2668//1938 2669//1938
f 2667//1939 2669//1939 2663//1939
f 2672//1940 2673//1940 2671//1940
f 2672//1941 2671//1941 2670//1941
f 2670//1941 2671//1941 2665//1941
f 2670//1935 2665//1935 2664//1935
f 2662//1942 2667//1942 2663//1942
f 2658//1943 2659//1943 2656//1943
f 2658//1943 2656//1943 2657//1943
f 2648//1944 2649//1944 2650//1944
f 2647//1945 2643//1945 2646//1945
f 2645//1946 2646//1946 2643//1946
f 2645//1947 2643//1947 2644//1947
f 2649//1948 2648//1948 2645//1948
f 2649//1948 2645//1948 2644//1948
f 2654//1949 2652//1949 2651//1949
f 2651//1950 2655//1950 2653//1950
f 2651//1951 2653//1951 2654//1951
f 2646//1952 2651//1952 2652//1952
f 2646//1952 2652//1952 2647//1952
f 2692//1953 2693//1953 2690//1953
f 2692//1953 2690//1953 2691//1953
f 2689//1954 2688//1954 2683//1954
f 2689//1955 2683//1955 2682//1955
f 2683//1956 2688//1956 2640//1956
f 2683//1957 2640//1957 2685//1957
f 2694//1958 2690//1958 2693//1958
f 2694//1959 2693//1959 2695//1959
f 2692//1960 2691//1960 2697//1960
f 2697//1961 2698//1961 2696//1961
f 2697//1961 2696//1961 2692//1961
f 2695//1959 2693//1959 2684//1959
f 2695//1962 2684//1962 2687//1962
f 2640//1963 2688//1963 2686//1963
f 2679//1964 2676//1964 2677//1964
f 2679//1908 2677//1908 2678//1908
f 2674//1964 2677//1964 2676//1964
f 2674//1965 2676//1965 2675//1965
f 2672//1966 2674//1966 2675//1966
f 2672//1966 2675//1966 2673//1966
f 2650//1967 2680//1967 2681//1967
f 2650//1967 2681//1967 2648//1967
f 2686//1968 2687//1968 2684//1968
f 2686//1969 2684//1969 2640//1969
f 2640//1970 2684//1970 2685//1970
f 2682//1955 2683//1955 2681//1955
f 2682//1971 2681//1971 2680//1971
f 2826//1972 2816//1972 2642//1972
f 2827//1973 2642//1973 2825//1973
f 2761//1974 2813//1974 2814//1974
f 2761//1975 2814//1975 2762//1975
f 2816//1976 2824//1976 2825//1976
f 2816//1977 2825//1977 2642//1977
f 2828//1978 2829//1978 2779//1978
f 2828//1978 2779//1978 2778//1978
f 2755//1979 2829//1979 2828//1979
f 2830//1980 2831//1980 2756//1980
f 2830//1981 2756//1981 2827//1981
f 2827//1981 2756//1981 2755//1981
f 2827//1981 2755//1981 2642//1981
f 2828//1979 2826//1979 2642//1979
f 2828//1979 2642//1979 2755//1979
f 2819//1982 2818//1982 2823//1982
f 2757//1981 2812//1981 2641//1981
f 2757//1981 2641//1981 2758//1981
f 2808//1979 2814//1979 2813//1979
f 2808//1979 2813//1979 2758//1979
f 2810//1983 2811//1983 2809//1983
f 2810//1984 2809//1984 2641//1984
f 2812//1984 2810//1984 2641//1984
f 2811//1985 2815//1985 2816//1985
f 2811//1986 2816//1986 2809//1986
f 2822//1987 2821//1987 2820//1987
f 2660//1988 2658//1988 2819//1988
f 2660//1989 2819//1989 2823//1989
f 2757//1981 2756//1981 2817//1981
f 2757//1981 2817//1981 2812//1981
f 2820//1990 2821//1990 2818//1990
f 2820//1990 2818//1990 2819//1990
f 2834//1991 2835//1991 2832//1991
f 2834//1992 2832//1992 2833//1992
f 2853//1993 2854//1993 2848//1993
f 2853//1993 2848//1993 2849//1993
f 2853//1994 2855//1994 2854//1994
f 2850//1995 2851//1995 2843//1995
f 2850//1995 2843//1995 2840//1995
f 2850//1996 2852//1996 2851//1996
f 2854//1997 2855//1997 2822//1997
f 2854//1997 2822//1997 2820//1997
f 2858//1998 2856//1998 2832//1998
f 2858//1998 2832//1998 2836//1998
f 2815//1999 2824//1999 2816//1999
f 2856//2000 2857//2000 2852//2000
f 2856//2000 2852//2000 2850//2000
f 2858//2001 2857//2001 2856//2001
f 2847//2002 2849//2002 2848//2002
f 2833//2003 2837//2003 2834//2003
f 2840//2004 2841//2004 2838//2004
f 2840//2005 2838//2005 2839//2005
f 2835//2006 2836//2006 2832//2006
f 2772//2007 2837//2007 2833//2007
f 2772//2007 2833//2007 2767//2007
f 2838//2008 2842//2008 2839//2008
f 2844//2009 2846//2009 2845//2009
f 2847//2010 2848//2010 2845//2010
f 2847//2010 2845//2010 2846//2010
f 2840//2011 2843//2011 2841//2011
f 2844//2012 2845//2012 2839//2012
f 2844//2012 2839//2012 2842//2012
f 2771//2013 2769//2013 2768//2013
f 2770//2014 2772//2014 2767//2014
f 2764//2015 2763//2015 2766//2015
f 2769//2016 2770//2016 2767//2016
f 2769//2016 2767//2016 2768//2016
f 2768//2017 2773//2017 2774//2017
f 2768//2017 2774//2017 2771//2017
f 2778//2018 2779//2018 2777//2018
f 2778//2019 2777//2019 2776//2019
f 2782//2020 2783//2020 2780//2020
f 2782//2020 2780//2020 2781//2020
f 2776//2021 2777//2021 2775//2021
f 2776//2021 2775//2021 2753//2021
f 2775//2022 2745//2022 2753//2022
f 2657//2023 2656//2023 2765//2023
f 2750//2024 2745//2024 2751//2024
f 2745//2022 2754//2022 2752//2022
f 2745//2022 2752//2022 2753//2022
f 2747//2024 2748//2024 2745//2024
f 2747//2024 2745//2024 2746//2024
f 2745//2024 2750//2024 2749//2024
f 2745//2024 2749//2024 2746//2024
f 2745//2025 2755//2025 2756//2025
f 2745//2026 2756//2026 2751//2026
f 2759//2027 2761//2027 2762//2027
f 2759//2027 2762//2027 2760//2027
f 2657//2028 2765//2028 2763//2028
f 2657//2028 2763//2028 2764//2028
f 2757//2029 2758//2029 2748//2029
f 2757//2030 2748//2030 2747//2030
f 2754//2031 2759//2031 2760//2031
f 2754//2032 2760//2032 2752//2032
f 2781//2033 2784//2033 2782//2033
f 2797//2034 2801//2034 2802//2034
f 2797//2034 2802//2034 2800//2034
f 2801//2035 2803//2035 2802//2035
f 2799//2036 2774//2036 2773//2036
f 2800//2037 2798//2037 2797//2037
f 2801//2038 2804//2038 2805//2038
f 2801//2038 2805//2038 2803//2038
f 2793//2039 2807//2039 2791//2039
f 2808//1979 2758//1979 2641//1979
f 2808//1984 2641//1984 2809//1984
f 2804//2040 2806//2040 2805//2040
f 2807//2041 2806//2041 2804//2041
f 2807//2041 2804//2041 2791//2041
f 2798//2042 2799//2042 2773//2042
f 2798//2042 2773//2042 2797//2042
f 2789//2043 2790//2043 2788//2043
f 2789//2043 2788//2043 2787//2043
f 2787//2044 2786//2044 2789//2044
f 2785//2045 2786//2045 2787//2045
f 2785//2045 2787//2045 2780//2045
f 2780//2046 2783//2046 2785//2046
f 2792//2047 2793//2047 2791//2047
f 2792//2047 2791//2047 2788//2047
f 2795//2048 2794//2048 2796//2048
f 2781//2049 2795//2049 2796//2049
f 2781//2050 2796//2050 2784//2050
f 2790//2051 2792//2051 2788//2051
f 2766//2052 2794//2052 2795//2052
f 2766//2053 2795//2053 2764//2053
o Turret_01_havok_s_armor_17_17
v -0.064199 2.220105 0.269737
v -0.101326 2.274184 0.320257
v -0.114838 2.269555 0.217728
v -0.089403 2.215493 0.167587
v -0.139252 2.259705 0.128137
v -0.126264 2.227747 0.099442
v -0.880901 2.269555 0.217728
v -0.894413 2.274184 0.320257
v -0.931540 2.220105 0.269737
v -0.906337 2.215493 0.167587
v -0.870881 2.227815 0.101970
v -0.857678 2.259763 0.130577
v -0.497870 2.256299 -0.075884
v -0.600503 2.256909 -0.062386
v -0.602416 2.203349 -0.101389
v -0.497870 2.202776 -0.114070
v -0.393324 2.203349 -0.101389
v -0.395236 2.256909 -0.062386
v -0.294853 2.205033 -0.064082
v -0.307983 2.252100 -0.039172
v -0.277964 2.220910 -0.050980
v -0.690196 2.252204 -0.037983
v -0.700886 2.205033 -0.064082
v -0.720304 2.221019 -0.049578
v -0.931540 2.224854 0.374944
v -0.880901 2.278813 0.422785
v -0.856486 2.277053 0.512399
v -0.906337 2.229466 0.477094
v -0.869475 2.247811 0.543858
v -0.114838 2.278813 0.422785
v -0.064199 2.224854 0.374944
v -0.089402 2.229466 0.477094
v -0.124858 2.247651 0.541334
v -0.138061 2.276892 0.509964
v -0.497870 2.292069 0.716397
v -0.497869 2.242183 0.758752
v -0.602416 2.241610 0.746071
v -0.600503 2.291460 0.702898
v -0.395236 2.291460 0.702898
v -0.393323 2.241610 0.746070
v -0.700886 2.239926 0.708764
v -0.687756 2.284556 0.679713
v -0.717775 2.254557 0.694284
v -0.305543 2.284553 0.678520
v -0.275435 2.254539 0.692878
vn -0.8125 -0.5824 0.0263
vn -0.7567 -0.6057 -0.2462
vn -0.7521 -0.6233 -0.2141
vn -0.7887 -0.5913 -0.1679
vn -0.7578 -0.6486 -0.0706
vn 0.7554 -0.6053 -0.2508
vn 0.8125 -0.5824 0.0263
vn 0.7578 -0.6486 -0.0706
vn 0.1865 -0.5739 -0.7974
vn -0.2654 -0.6196 -0.7387
vn -0.2471 -0.6398 -0.7278
vn 0.2971 -0.5808 -0.7579
vn 0.2442 -0.6402 -0.7284
vn 0.1025 -0.6535 -0.7500
vn 0.0956 -0.6443 -0.7588
vn -0.1025 -0.6535 -0.7500
vn -0.0956 -0.6443 -0.7588
vn 0.7367 -0.6589 -0.1520
vn 0.8030 -0.5500 -0.2296
vn 0.7566 -0.5811 0.2997
vn 0.7519 -0.6023 0.2680
vn 0.0951 -0.5782 0.8104
vn 0.1020 -0.5880 0.8024
vn 0.7879 -0.5751 0.2204
vn 0.7574 -0.6402 0.1287
vn -0.7879 -0.5751 0.2204
vn -0.7574 -0.6402 0.1287
vn -0.7554 -0.5803 0.3043
vn -0.7498 -0.6038 0.2707
vn 0.2965 -0.5129 0.8056
vn 0.2425 -0.5768 0.7801
vn 0.2053 -0.5090 0.8359
vn -0.1865 -0.4997 0.8459
vn -0.1020 -0.5880 0.8024
vn -0.0951 -0.5782 0.8104
vn -0.2971 -0.5101 0.8072
vn -0.2395 -0.5771 0.7807
s 0
f 2889//2054 2860//2054 2859//2054
f 2890//2055 2891//2055 2892//2055
f 2890//2056 2892//2056 2888//2056
f 2889//2057 2890//2057 2888//2057
f 2889//2058 2888//2058 2860//2058
f 2887//2059 2886//2059 2885//2059
f 2883//2060 2867//2060 2866//2060
f 2883//2061 2866//2061 2884//2061
f 2901//2062 2900//2062 2899//2062
f 2902//2063 2903//2063 2898//2063
f 2902//2064 2898//2064 2897//2064
f 2895//2065 2899//2065 2900//2065
f 2895//2066 2900//2066 2896//2066
f 2895//2067 2896//2067 2893//2067
f 2895//2068 2893//2068 2894//2068
f 2893//2069 2897//2069 2898//2069
f 2893//2070 2898//2070 2894//2070
f 2885//2071 2886//2071 2883//2071
f 2885//2072 2883//2072 2884//2072
f 2868//2073 2869//2073 2870//2073
f 2868//2074 2870//2074 2865//2074
f 2873//2075 2874//2075 2871//2075
f 2873//2076 2871//2076 2872//2076
f 2867//2077 2868//2077 2865//2077
f 2867//2078 2865//2078 2866//2078
f 2861//2079 2862//2079 2859//2079
f 2861//2080 2859//2080 2860//2080
f 2863//2081 2864//2081 2862//2081
f 2863//2082 2862//2082 2861//2082
f 2880//2083 2881//2083 2873//2083
f 2880//2084 2873//2084 2872//2084
f 2880//2085 2882//2085 2881//2085
f 2877//2086 2879//2086 2878//2086
f 2875//2087 2876//2087 2871//2087
f 2875//2088 2871//2088 2874//2088
f 2875//2089 2877//2089 2878//2089
f 2875//2090 2878//2090 2876//2090
o Turret_01_havok_s_armor_18_18
v -0.813938 2.327141 0.399295
v -0.880901 2.278813 0.422785
v -0.894413 2.274184 0.320256
v -0.824124 2.322975 0.307037
v -0.880901 2.269555 0.217728
v -0.807878 2.318849 0.215650
v -0.826467 2.307052 0.497829
v -0.856486 2.277053 0.512399
v -0.778146 2.331007 0.484950
v -0.171616 2.323946 0.328526
v -0.101326 2.274184 0.320256
v -0.114838 2.278813 0.422785
v -0.187861 2.328071 0.419913
v -0.138061 2.276892 0.509964
v -0.168168 2.306906 0.495607
v -0.181801 2.319780 0.236268
v -0.114838 2.269555 0.217728
v -0.643184 2.336644 0.609787
v -0.554946 2.337956 0.638857
v -0.600503 2.291460 0.702898
v -0.674767 2.313797 0.648255
v -0.687756 2.284556 0.679713
v -0.497870 2.292069 0.716397
v -0.462085 2.338094 0.641915
v -0.395236 2.291460 0.702898
v -0.372122 2.337047 0.618714
v -0.318746 2.313794 0.647150
v -0.305543 2.284553 0.678520
v -0.169272 2.290895 0.139946
v -0.139253 2.259705 0.128137
v -0.217593 2.315913 0.150614
v -0.827571 2.290949 0.142171
v -0.857678 2.259763 0.130577
v -0.352556 2.310277 0.025776
v -0.440793 2.308964 -0.003294
v -0.395236 2.256909 -0.062386
v -0.320972 2.284058 -0.010476
v -0.307983 2.252100 -0.039172
v -0.533655 2.308826 -0.006352
v -0.497870 2.256299 -0.075884
v -0.600503 2.256909 -0.062386
v -0.623617 2.309874 0.016849
v -0.676993 2.284153 -0.009376
v -0.690196 2.252204 -0.037984
vn 0.5553 -0.8159 0.1610
vn 0.6472 -0.7190 0.2533
vn -0.4120 -0.8862 0.2122
vn -0.1105 -0.8609 -0.4966
vn -0.2247 -0.7582 -0.6121
vn -0.5607 -0.8104 0.1701
vn -0.6465 -0.7189 0.2552
vn 0.1397 -0.8039 0.5781
vn 0.0777 -0.7758 0.6261
vn 0.1089 -0.8114 0.5742
vn 0.2215 -0.6997 0.6792
vn -0.0185 -0.8023 0.5966
vn -0.0775 -0.7770 0.6247
vn -0.0728 -0.8372 0.5420
vn -0.1761 -0.8020 0.5708
vn -0.2195 -0.6997 0.6799
vn -0.1391 -0.8543 -0.5008
vn -0.0774 -0.8311 -0.5507
vn 0.4120 -0.9017 -0.1314
vn -0.5565 -0.8286 -0.0615
vn -0.5805 -0.8133 -0.0398
vn 0.5600 -0.8229 -0.0966
vn 0.6461 -0.7391 -0.1905
vn 0.5668 -0.8235 -0.0254
vn 0.5757 -0.8167 -0.0390
vn 0.5570 -0.8193 0.1360
vn 0.5808 -0.8062 0.1129
vn 0.2228 -0.7582 -0.6128
vn 0.0184 -0.8545 -0.5192
vn 0.0772 -0.8321 -0.5492
vn 0.0750 -0.8832 -0.4630
vn 0.1753 -0.8518 -0.4937
vn -0.5547 -0.8275 -0.0870
vn -0.6468 -0.7390 -0.1886
vn -0.5761 -0.8096 0.1125
vn -0.5671 -0.8176 0.0995
s 0
f 2909//2091 2908//2091 2935//2091
f 2935//2092 2908//2092 2936//2092
f 2934//2093 2932//2093 2919//2093
f 2928//2094 2929//2094 2930//2094
f 2928//2095 2930//2095 2931//2095
f 2920//2096 2919//2096 2932//2096
f 2920//2097 2932//2097 2933//2097
f 2942//2098 2945//2098 2944//2098
f 2942//2099 2944//2099 2943//2099
f 2944//2100 2945//2100 2946//2100
f 2944//2101 2946//2101 2947//2101
f 2938//2102 2942//2102 2943//2102
f 2938//2103 2943//2103 2939//2103
f 2939//2104 2940//2104 2937//2104
f 2939//2105 2937//2105 2938//2105
f 2940//2106 2939//2106 2941//2106
f 2927//2107 2929//2107 2928//2107
f 2927//2108 2928//2108 2926//2108
f 2912//2109 2910//2109 2904//2109
f 2915//2110 2916//2110 2913//2110
f 2915//2111 2913//2111 2914//2111
f 2905//2112 2904//2112 2910//2112
f 2905//2113 2910//2113 2911//2113
f 2906//2114 2907//2114 2904//2114
f 2906//2115 2904//2115 2905//2115
f 2908//2116 2909//2116 2907//2116
f 2908//2117 2907//2117 2906//2117
f 2924//2118 2923//2118 2925//2118
f 2922//2119 2927//2119 2926//2119
f 2922//2120 2926//2120 2923//2120
f 2923//2121 2924//2121 2921//2121
f 2923//2122 2921//2122 2922//2122
f 2918//2123 2916//2123 2915//2123
f 2918//2124 2915//2124 2917//2124
f 2919//2125 2920//2125 2914//2125
f 2919//2126 2914//2126 2913//2126
o Turret_01_havok_s_armor_19_19
v -0.801156 2.298787 0.127212
v -0.691389 2.293833 0.016738
v -0.703392 2.312022 0.064430
v -0.766517 2.315097 0.132536
v -0.623617 2.309874 0.016849
v -0.676993 2.284153 -0.009376
v -0.807878 2.318849 0.215650
v -0.827571 2.290949 0.142172
v -0.276091 2.312657 0.078502
v -0.306381 2.293745 0.015527
v -0.195797 2.298729 0.125181
v -0.217593 2.315913 0.150614
v -0.169272 2.290895 0.139946
v -0.352556 2.310277 0.025776
v -0.320972 2.284058 -0.010476
v -0.194583 2.316061 0.509799
v -0.304350 2.321081 0.620270
v -0.292347 2.334898 0.571133
v -0.229222 2.331824 0.503027
v -0.318746 2.313794 0.647150
v -0.372122 2.337047 0.618714
v -0.187861 2.328071 0.419913
v -0.168168 2.306906 0.495607
v -0.799943 2.316185 0.511827
v -0.719649 2.334263 0.557061
v -0.689358 2.321103 0.621484
v -0.826467 2.307052 0.497829
v -0.778146 2.331007 0.484950
v -0.643184 2.336644 0.609787
v -0.674767 2.313797 0.648255
vn -0.3950 -0.9062 -0.1506
vn -0.3850 -0.9106 -0.1505
vn -0.2064 -0.9108 -0.3575
vn -0.2111 -0.9263 -0.3120
vn -0.3504 -0.8923 -0.2845
vn -0.3765 -0.8638 -0.3349
vn 0.2131 -0.9068 -0.3636
vn 0.2353 -0.9246 -0.2995
vn 0.3358 -0.9131 -0.2312
vn 0.4005 -0.9001 -0.1716
vn 0.3923 -0.8475 -0.3576
vn 0.3950 -0.8890 0.2317
vn 0.3850 -0.8933 0.2319
vn 0.2064 -0.8749 0.4381
vn 0.2111 -0.8944 0.3942
vn 0.3504 -0.8630 0.3638
vn 0.3765 -0.8301 0.4113
vn -0.2131 -0.8704 0.4438
vn -0.2353 -0.8939 0.3816
vn -0.3358 -0.8886 0.3125
vn -0.4005 -0.8810 0.2520
vn -0.3922 -0.8119 0.4325
s 0
f 2969//2127 2970//2127 2963//2127
f 2969//2128 2963//2128 2966//2128
f 2964//2129 2967//2129 2968//2129
f 2964//2130 2968//2130 2965//2130
f 2965//2131 2966//2131 2963//2131
f 2965//2132 2963//2132 2964//2132
f 2976//2133 2977//2133 2973//2133
f 2976//2134 2973//2134 2972//2134
f 2975//2135 2972//2135 2971//2135
f 2975//2136 2971//2136 2974//2136
f 2971//2137 2972//2137 2973//2137
f 2954//2138 2955//2138 2948//2138
f 2954//2139 2948//2139 2951//2139
f 2949//2140 2953//2140 2952//2140
f 2949//2141 2952//2141 2950//2141
f 2950//2142 2951//2142 2948//2142
f 2950//2143 2948//2143 2949//2143
f 2961//2144 2962//2144 2957//2144
f 2961//2145 2957//2145 2956//2145
f 2959//2146 2956//2146 2958//2146
f 2959//2147 2958//2147 2960//2147
f 2956//2148 2957//2148 2958//2148
o Turret_01_havok_s_armor_20_20
v -0.869475 2.247811 0.543858
v -0.674767 2.313797 0.648255
v -0.687756 2.284556 0.679713
v -0.717775 2.254557 0.694284
v -0.744300 2.245423 0.680285
v -0.854885 2.240506 0.570629
v -0.787558 2.237227 0.648999
v -0.856486 2.277053 0.512399
v -0.826467 2.307052 0.497829
v -0.799943 2.316185 0.511827
v -0.689358 2.321103 0.621484
v -0.827571 2.290949 0.142171
v -0.857678 2.259763 0.130577
v -0.676993 2.284153 -0.009376
v -0.275435 2.254539 0.692878
v -0.305543 2.284553 0.678520
v -0.168168 2.306906 0.495607
v -0.138061 2.276892 0.509964
v -0.318746 2.313794 0.647150
v -0.194583 2.316061 0.509799
v -0.304350 2.321081 0.620270
v -0.124858 2.247651 0.541334
v -0.249021 2.245385 0.678686
v -0.139254 2.240364 0.568214
v -0.208181 2.237227 0.648999
v -0.870881 2.227815 0.101970
v -0.690196 2.252204 -0.037984
v -0.691389 2.293833 0.016738
v -0.801157 2.298787 0.127213
v -0.720304 2.221019 -0.049578
v -0.856485 2.218135 0.075856
v -0.746718 2.213181 -0.034619
v -0.787558 2.207732 -0.004317
v -0.277964 2.220910 -0.050980
v -0.139253 2.259705 0.128137
v -0.169272 2.290895 0.139946
v -0.307983 2.252100 -0.039172
v -0.320972 2.284058 -0.010476
v -0.195796 2.298729 0.125181
v -0.306381 2.293745 0.015527
v -0.126263 2.227747 0.099442
v -0.140854 2.218059 0.073438
v -0.251439 2.213075 -0.036216
v -0.208181 2.207732 -0.004318
vn 0.5029 -0.6826 0.5303
vn 0.4653 -0.7336 0.4952
vn -0.4989 -0.6824 0.5342
vn -0.4547 -0.7423 0.4923
vn -0.4653 -0.7753 -0.4271
vn -0.5029 -0.7276 -0.4666
vn 0.4989 -0.7278 -0.4705
vn 0.4547 -0.7836 -0.4234
s 0
f 3003//2149 3008//2149 3009//2149
f 3003//2149 3009//2149 3007//2149
f 3009//2150 3008//2150 3010//2150
f 3004//2149 3003//2149 3007//2149
f 3003//2149 3004//2149 2991//2149
f 3003//2149 2991//2149 2990//2149
f 2991//2149 3005//2149 3006//2149
f 2991//2149 3006//2149 2989//2149
f 3011//2151 3019//2151 3018//2151
f 3011//2151 3018//2151 3012//2151
f 3020//2152 3021//2152 3019//2152
f 3020//2151 3019//2151 3011//2151
f 3013//2151 3016//2151 3017//2151
f 3013//2151 3017//2151 3015//2151
f 3013//2151 3014//2151 3011//2151
f 3013//2151 3011//2151 3012//2151
f 3014//2151 3013//2151 3015//2151
f 3001//2153 3002//2153 3000//2153
f 3001//2154 3000//2154 2999//2154
f 2985//2155 2986//2155 2979//2155
f 2985//2155 2979//2155 2978//2155
f 2986//2155 2987//2155 2988//2155
f 2986//2155 2988//2155 2979//2155
f 2982//2156 2984//2156 2983//2156
f 2980//2155 2981//2155 2978//2155
f 2980//2155 2978//2155 2979//2155
f 2981//2155 2982//2155 2983//2155
f 2981//2155 2983//2155 2978//2155
f 2996//2154 2998//2154 2997//2154
f 2996//2154 2997//2154 2994//2154
f 2999//2154 3000//2154 2992//2154
f 2999//2154 2992//2154 2995//2154
f 2996//2154 2994//2154 2993//2154
f 2989//2149 2990//2149 2991//2149
f 2994//2154 2995//2154 2992//2154
f 2994//2154 2992//2154 2993//2154
o Hull_havok_s_armor_7_0
v 1.076171 0.453580 3.152112
v 1.076171 0.453580 -2.699388
v -1.076547 0.453580 -2.699388
v -1.076546 0.453580 3.152109
v -1.185586 1.289797 -0.379885
v -1.206720 1.289799 -0.231508
v -1.076547 1.289800 0.778685
v -1.154741 1.289797 -0.516680
v -1.217447 1.289798 -0.075990
v -1.217385 1.289798 0.118056
v -1.206551 1.289799 0.273375
v -1.185342 1.289797 0.421659
v -1.154435 1.289797 0.558440
v -1.114779 1.289800 0.679549
v -1.115129 1.289797 -0.637743
v -1.076547 1.289801 -0.736826
v 1.076171 1.289801 -0.736818
v 1.114775 1.289800 0.679549
v 1.154433 1.289797 0.558440
v 1.185347 1.289797 0.421659
v 1.076171 1.289800 0.778685
v 1.206550 1.289799 0.273375
v 1.115134 1.289797 -0.637743
v 1.154746 1.289797 -0.516680
v 1.185591 1.289797 -0.379885
v 1.206717 1.289799 -0.231508
v 1.217452 1.289798 -0.075990
v 1.217383 1.289798 0.118056
vn 0.0001 1.0000 -0.0000
vn -0.0000 1.0000 -0.0000
vn -0.0001 1.0000 -0.0000
vn -0.0003 1.0000 0.0001
s 0
f 3043//2157 3044//2157 3038//2157
f 3043//2158 3038//2158 3041//2158
f 3042//2158 3039//2158 3038//2158
f 3040//2158 3041//2158 3038//2158
f 3040//2157 3038//2157 3039//2157
f 3043//2157 3049//2157 3048//2157
f 3043//2157 3048//2157 3047//2157
f 3043//2159 3047//2159 3046//2159
f 3043//2158 3046//2158 3045//2158
f 3044//2158 3043//2158 3045//2158
f 3030//2158 3031//2158 3028//2158
f 3030//2158 3028//2158 3027//2158
f 3028//2158 3029//2158 3026//2158
f 3028//2158 3026//2158 3027//2158
f 3024//2158 3025//2158 3022//2158
f 3024//2158 3022//2158 3023//2158
f 3028//2159 3037//2159 3036//2159
f 3028//2158 3036//2158 3029//2158
f 3033//2160 3034//2160 3035//2160
f 3033//2157 3035//2157 3028//2157
f 3032//2159 3033//2159 3028//2159
f 3032//2158 3028//2158 3031//2158
o Hull_havok_s_surveyingDevice_1
v -0.304503 1.569701 -2.163514
v -0.138356 1.569701 -2.223936
v -0.307508 1.554960 -2.171848
v -0.141661 1.555251 -2.232270
v -0.088481 1.569701 -2.220845
v 0.088483 1.569701 -2.220845
v 0.088483 1.554778 -2.229515
v -0.088481 1.554778 -2.229515
v 0.307509 1.554960 -2.171848
v 0.141662 1.555251 -2.232270
v 0.138357 1.569701 -2.223936
v 0.304505 1.569701 -2.163514
v -0.290904 1.496110 -2.126230
v -0.120954 1.474612 -2.175763
v -0.307508 1.476305 -2.171861
v -0.141523 1.450086 -2.232270
v -0.088379 1.476781 -2.170766
v 0.088379 1.476781 -2.170766
v 0.088379 1.451197 -2.229710
v -0.088379 1.451197 -2.229710
v 0.307509 1.476305 -2.171861
v 0.141523 1.450086 -2.232270
v 0.120955 1.474612 -2.175763
v 0.290905 1.496110 -2.126230
vn -0.2929 -0.5151 0.8055
vn -0.2917 -0.5271 0.7982
vn -0.3421 0.0004 0.9397
vn -0.3423 -0.0001 0.9396
vn 1.0000 0.0010 -0.0004
vn 1.0000 0.0006 -0.0010
vn 0.9395 -0.0012 0.3425
vn 0.9347 0.0089 0.3552
vn -0.9397 0.0001 -0.3420
vn -0.9401 0.0011 -0.3408
vn 0.3011 -0.4742 -0.8273
vn 0.3008 -0.4747 -0.8272
vn -1.0000 0.0010 -0.0004
vn -1.0000 0.0006 -0.0010
vn -0.9395 -0.0012 0.3425
vn -0.9347 0.0089 0.3552
vn 0.3421 0.0004 0.9397
vn 0.3423 -0.0001 0.9396
vn 0.9397 0.0001 -0.3420
vn 0.9401 0.0011 -0.3408
vn -0.3011 -0.4742 -0.8273
vn -0.3008 -0.4747 -0.8272
vn 0.2917 -0.5271 0.7982
vn 0.2929 -0.5151 0.8055
vn -0.0000 -0.5024 0.8647
vn -0.0000 -0.0019 1.0000
vn -0.0000 -0.4744 -0.8803
s 0
f 3058//2161 3061//2161 3060//2161
f 3058//2162 3060//2162 3059//2162
f 3059//2163 3071//2163 3070//2163
f 3059//2164 3070//2164 3058//2164
f 3066//2165 3069//2165 3057//2165
f 3066//2166 3057//2166 3054//2166
f 3072//2167 3071//2167 3059//2167
f 3072//2168 3059//2168 3060//2168
f 3058//2169 3070//2169 3073//2169
f 3058//2170 3073//2170 3061//2170
f 3073//2171 3072//2171 3060//2171
f 3073//2172 3060//2172 3061//2172
f 3056//2173 3068//2173 3067//2173
f 3056//2174 3067//2174 3055//2174
f 3053//2175 3065//2175 3063//2175
f 3053//2176 3063//2176 3051//2176
f 3064//2177 3065//2177 3053//2177
f 3064//2178 3053//2178 3052//2178
f 3062//2179 3064//2179 3052//2179
f 3062//2180 3052//2180 3050//2180
f 3051//2181 3063//2181 3062//2181
f 3051//2182 3062//2182 3050//2182
f 3052//2183 3053//2183 3051//2183
f 3052//2184 3051//2184 3050//2184
f 3054//2185 3057//2185 3056//2185
f 3054//2185 3056//2185 3055//2185
f 3057//2186 3069//2186 3068//2186
f 3057//2186 3068//2186 3056//2186
f 3055//2187 3067//2187 3066//2187
f 3055//2187 3066//2187 3054//2187
o Hull_havok_s_armor_1_2
v 0.290984 1.496110 -2.126230
v 0.307509 1.476302 -2.171839
v 0.141662 1.450086 -2.232270
v 0.088483 1.476774 -2.170802
v -0.088481 1.476774 -2.170802
v -0.088481 1.451187 -2.229679
v 0.088483 1.451187 -2.229679
v 0.120931 1.474616 -2.175778
v -0.141661 1.450086 -2.232270
v -0.120930 1.474616 -2.175778
v -0.307508 1.476302 -2.171839
v -0.290983 1.496110 -2.126230
v 1.076171 1.563673 -1.970567
v -1.076547 1.563673 -1.970567
v 1.076171 1.543589 -1.942048
v -1.076547 1.543589 -1.942048
v -1.076547 0.983360 -3.307594
v 1.076171 0.983360 -3.307594
vn -0.0000 -0.9174 0.3980
vn -0.0000 -0.9173 0.3981
vn 0.0002 -0.9169 0.3991
vn 0.0001 -0.9172 0.3984
vn -0.0002 -0.9176 0.3974
vn -0.0000 -0.9172 0.3984
vn -0.0000 -0.8176 -0.5758
vn -0.0000 -0.9203 0.3912
vn -0.0000 -0.9203 0.3913
vn -0.0001 -0.9173 0.3983
vn -0.0001 -0.9172 0.3983
vn 0.0001 -0.9171 0.3986
vn 0.0004 -0.9172 0.3984
vn -0.0000 -0.9171 0.3986
vn -0.0000 -0.9172 0.3983
vn 0.0002 -0.9176 0.3974
vn 0.0001 -0.9173 0.3983
vn 0.0001 -0.9172 0.3983
vn -0.0004 -0.9172 0.3984
vn -0.0001 -0.9171 0.3986
s 0
f 3087//2188 3081//2188 3074//2188
f 3087//2189 3074//2189 3086//2189
f 3077//2190 3081//2190 3087//2190
f 3077//2191 3087//2191 3085//2191
f 3087//2192 3082//2192 3084//2192
f 3087//2193 3084//2193 3085//2193
f 3086//2194 3088//2194 3089//2194
f 3086//2194 3089//2194 3087//2194
f 3080//2195 3079//2195 3082//2195
f 3080//2196 3082//2196 3076//2196
f 3076//2189 3082//2189 3091//2189
f 3076//2189 3091//2189 3086//2189
f 3087//2189 3090//2189 3091//2189
f 3087//2189 3091//2189 3082//2189
f 3081//2197 3076//2197 3075//2197
f 3081//2198 3075//2198 3074//2198
f 3081//2199 3077//2199 3080//2199
f 3081//2200 3080//2200 3076//2200
f 3079//2201 3080//2201 3077//2201
f 3079//2201 3077//2201 3078//2201
f 3086//2202 3074//2202 3075//2202
f 3086//2203 3075//2203 3076//2203
f 3082//2204 3083//2204 3084//2204
f 3085//2205 3084//2205 3083//2205
f 3085//2188 3083//2188 3078//2188
f 3077//2188 3085//2188 3078//2188
f 3083//2206 3082//2206 3079//2206
f 3083//2207 3079//2207 3078//2207
o Hull_havok_s_armor_2_3
v 1.076171 0.453580 -2.699388
v 1.076171 0.983360 -3.307594
v -1.076547 0.983360 -3.307594
v -1.076547 0.453580 -2.699388
vn -0.0000 0.7540 0.6568
s 0
f 3094//2208 3095//2208 3092//2208
f 3094//2208 3092//2208 3093//2208
o Hull_havok_s_armor_3_4
v 1.076171 1.543588 -1.942048
v 1.076171 0.453580 -2.699388
v 1.076171 0.453580 3.152112
v 1.076171 1.289801 -0.736817
v 1.076171 1.289801 0.778685
v 1.076171 0.600350 3.295109
v 1.076171 1.543588 1.185928
v 1.076171 0.759107 3.339376
v 1.076171 1.317592 3.024060
v 1.076171 1.543588 0.778685
v 1.114775 1.543588 0.679549
v 1.154433 1.543588 0.558440
v 1.154433 1.289797 0.558440
v 1.114775 1.289801 0.679549
v 1.206550 1.289799 0.273375
v 1.185347 1.289797 0.421661
v 1.185347 1.543588 0.421661
v 1.206550 1.543588 0.273375
v 1.217383 1.289798 0.118055
v 1.217383 1.543588 0.118055
v -1.076546 0.453580 3.152110
v -1.076547 0.453580 -2.699388
v -1.076547 1.543588 -1.942048
v -1.076547 1.289801 -0.736825
v -1.076547 1.289801 0.778685
v -1.076547 1.543588 1.185942
v -1.076547 0.600359 3.295116
v -1.076547 1.317592 3.024060
v -1.076547 0.759107 3.339376
v -1.114779 1.543588 0.679549
v -1.114779 1.289801 0.679549
v -1.154435 1.289797 0.558440
v -1.154435 1.543588 0.558440
v -1.076547 1.543588 0.778685
v -1.185342 1.289797 0.421661
v -1.185342 1.543588 0.421661
v -1.206551 1.289799 0.273375
v -1.206551 1.543588 0.273375
v -1.217385 1.289798 0.118055
v -1.217385 1.543588 0.118055
v -1.217447 1.289798 -0.075991
v -1.217447 1.543588 -0.075991
v 1.076171 1.563673 -1.970567
v 1.076171 0.983360 -3.307594
v 1.115134 1.543588 -0.637743
v 1.115134 1.289797 -0.637743
v 1.154746 1.289797 -0.516680
v 1.154746 1.543588 -0.516680
v 1.076171 1.543588 -0.736817
v 1.185591 1.289797 -0.379884
v 1.185591 1.543588 -0.379884
v 1.206717 1.543588 -0.231508
v 1.206717 1.289799 -0.231508
v 1.217452 1.289798 -0.075991
v 1.217452 1.543588 -0.075991
v -1.076547 1.563673 -1.970567
v -1.076547 0.983360 -3.307594
v -1.076547 1.543588 -0.736817
v -1.185586 1.289797 -0.379884
v -1.185586 1.543588 -0.379884
v -1.206720 1.543588 -0.231508
v -1.206720 1.289799 -0.231508
v -1.154741 1.289797 -0.516680
v -1.154741 1.543588 -0.516680
v -1.115129 1.543588 -0.637743
v -1.115129 1.289797 -0.637743
vn -0.9755 -0.0000 0.2200
vn -0.9306 -0.0000 0.3660
vn -0.9976 -0.0000 0.0689
vn -0.9900 -0.0000 0.1410
vn -0.9504 -0.0000 0.3110
vn 0.9976 -0.0000 -0.0696
vn 0.9899 -0.0000 -0.1416
vn -1.0000 -0.0000 -0.0000
vn 1.0000 -0.0000 -0.0003
vn 0.9755 -0.0000 0.2200
vn 0.9976 -0.0000 0.0688
vn 0.9318 -0.0000 0.3629
vn 0.9504 -0.0000 0.3110
vn 0.9900 -0.0000 0.1410
vn -1.0000 -0.0000 -0.0004
vn 1.0000 -0.0000 -0.0000
vn -0.9318 -0.0000 -0.3629
vn -0.9503 -0.0000 -0.3112
vn -0.9976 -0.0000 -0.0696
vn -0.9899 -0.0000 -0.1415
vn 0.9330 -0.0000 -0.3598
vn 0.9503 -0.0000 -0.3112
vn 0.9754 -0.0000 -0.2204
vn 1.0000 0.0001 -0.0000
vn -0.9754 -0.0000 -0.2205
s 0
f 3142//2209 3145//2209 3146//2209
f 3142//2209 3146//2209 3143//2209
f 3141//2210 3140//2210 3144//2210
f 3141//2210 3144//2210 3099//2210
f 3148//2211 3149//2211 3150//2211
f 3148//2211 3150//2211 3147//2211
f 3145//2212 3148//2212 3147//2212
f 3145//2212 3147//2212 3146//2212
f 3142//2213 3143//2213 3140//2213
f 3142//2213 3140//2213 3141//2213
f 3134//2214 3135//2214 3133//2214
f 3134//2214 3133//2214 3132//2214
f 3132//2215 3133//2215 3131//2215
f 3132//2215 3131//2215 3130//2215
f 3097//2216 3096//2216 3138//2216
f 3097//2216 3138//2216 3139//2216
f 3136//2217 3137//2217 3135//2217
f 3136//2217 3135//2217 3134//2217
f 3158//2218 3159//2218 3155//2218
f 3158//2218 3155//2218 3154//2218
f 3157//2219 3156//2219 3137//2219
f 3157//2219 3137//2219 3136//2219
f 3160//2220 3161//2220 3119//2220
f 3160//2220 3119//2220 3153//2220
f 3158//2221 3161//2221 3160//2221
f 3158//2221 3160//2221 3159//2221
f 3156//2222 3157//2222 3154//2222
f 3156//2222 3154//2222 3155//2222
f 3144//2216 3096//2216 3099//2216
f 3115//2223 3150//2223 3149//2223
f 3115//2223 3149//2223 3114//2223
f 3153//2224 3119//2224 3118//2224
f 3151//2224 3118//2224 3117//2224
f 3151//2224 3117//2224 3152//2224
f 3105//2225 3106//2225 3109//2225
f 3105//2225 3109//2225 3100//2225
f 3108//2226 3109//2226 3106//2226
f 3108//2226 3106//2226 3107//2226
f 3113//2227 3115//2227 3114//2227
f 3113//2227 3114//2227 3110//2227
f 3112//2228 3113//2228 3110//2228
f 3112//2228 3110//2228 3111//2228
f 3105//2216 3100//2216 3102//2216
f 3099//2216 3098//2216 3100//2216
f 3098//2216 3099//2216 3096//2216
f 3098//2216 3096//2216 3097//2216
f 3103//2216 3104//2216 3102//2216
f 3103//2216 3102//2216 3101//2216
f 3098//2216 3101//2216 3102//2216
f 3098//2216 3102//2216 3100//2216
f 3126//2229 3125//2229 3129//2229
f 3126//2229 3129//2229 3120//2229
f 3127//2230 3128//2230 3125//2230
f 3127//2230 3125//2230 3126//2230
f 3129//2224 3121//2224 3120//2224
f 3130//2231 3131//2231 3128//2231
f 3130//2231 3128//2231 3127//2231
f 3121//2224 3123//2224 3124//2224
f 3121//2224 3124//2224 3122//2224
f 3118//2232 3119//2232 3116//2232
f 3118//2224 3116//2224 3117//2224
f 3107//2233 3112//2233 3111//2233
f 3107//2233 3111//2233 3108//2233
f 3121//2224 3122//2224 3116//2224
f 3121//2224 3116//2224 3120//2224
f 3119//2224 3120//2224 3116//2224
o Hull_havok_s_armor_5_5
v -0.977352 1.543589 0.305852
v -1.206551 1.543589 0.273375
v -1.217385 1.543589 0.118056
v -1.016432 1.543589 0.042026
v -1.185342 1.543589 0.421660
v -1.217447 1.543589 -0.075990
v -1.206720 1.543589 -0.231508
v -0.985896 1.543589 -0.222926
v -0.887826 1.543589 -0.470946
v -1.154741 1.543589 -0.516679
v -1.185586 1.543589 -0.379884
v 1.217452 1.543589 -0.075990
v 1.016432 1.543589 0.042026
v 0.985896 1.543589 -0.222926
v 1.206717 1.543589 -0.231508
v 1.217383 1.543589 0.118056
v 1.206550 1.543589 0.273375
v 0.977352 1.543589 0.305852
v 1.185591 1.543589 -0.379884
v 0.887826 1.543589 -0.470946
v -0.243355 1.543589 1.016505
v 1.076171 1.543589 1.185928
v -1.076547 1.543589 1.185942
v -0.491376 1.543589 0.918436
v -0.000000 1.543589 1.047040
v 0.243355 1.543589 1.016505
v 0.491376 1.543589 0.918436
v 0.705563 1.543589 0.759515
v 1.076171 1.543589 0.778685
v -1.076547 1.543589 0.778685
v -0.705564 1.543589 0.759515
v -0.871321 1.543589 0.550574
v -1.114779 1.543589 0.679549
v -1.154435 1.543589 0.558440
v 0.871320 1.543589 0.550574
v 1.114775 1.543589 0.679549
v 1.154433 1.543589 0.558440
v 1.185347 1.543589 0.421660
v 1.076171 1.543589 -0.736817
v 0.519963 1.543589 -0.850891
v -1.076547 1.543589 -1.942048
v 1.076171 1.543589 -1.942048
v 0.275241 1.543589 -0.956922
v -0.000000 1.543589 -0.996001
v -0.275240 1.543589 -0.956922
v -1.076547 1.543589 -0.736817
v -0.519964 1.543589 -0.850891
v -0.728906 1.543589 -0.685133
v -1.115129 1.543589 -0.637743
v 1.115134 1.543589 -0.637743
v 1.154746 1.543589 -0.516679
v 0.728905 1.543589 -0.685133
vn -0.0000 -1.0000 -0.0000
s 0
f 3199//2234 3179//2234 3178//2234
f 3179//2234 3199//2234 3198//2234
f 3179//2234 3198//2234 3196//2234
f 3201//2234 3204//2234 3202//2234
f 3202//2234 3203//2234 3200//2234
f 3202//2234 3200//2234 3201//2234
f 3193//2234 3195//2234 3166//2234
f 3193//2234 3166//2234 3162//2234
f 3194//2234 3195//2234 3193//2234
f 3194//2234 3193//2234 3191//2234
f 3196//2234 3198//2234 3197//2234
f 3196//2234 3197//2234 3190//2234
f 3189//2234 3196//2234 3190//2234
f 3181//2234 3213//2234 3211//2234
f 3181//2234 3211//2234 3212//2234
f 3210//2234 3207//2234 3170//2234
f 3210//2234 3170//2234 3171//2234
f 3200//2234 3211//2234 3213//2234
f 3200//2234 3213//2234 3201//2234
f 3180//2234 3181//2234 3212//2234
f 3202//2234 3206//2234 3207//2234
f 3202//2234 3204//2234 3205//2234
f 3202//2234 3205//2234 3206//2234
f 3209//2234 3170//2234 3207//2234
f 3207//2234 3206//2234 3208//2234
f 3207//2234 3208//2234 3209//2234
f 3172//2234 3171//2234 3169//2234
f 3172//2234 3169//2234 3168//2234
f 3170//2234 3169//2234 3171//2234
f 3177//2234 3174//2234 3173//2234
f 3175//2234 3176//2234 3173//2234
f 3175//2234 3173//2234 3174//2234
f 3163//2234 3162//2234 3166//2234
f 3164//2234 3165//2234 3162//2234
f 3164//2234 3162//2234 3163//2234
f 3167//2234 3165//2234 3164//2234
f 3168//2234 3169//2234 3165//2234
f 3168//2234 3165//2234 3167//2234
f 3189//2234 3190//2234 3183//2234
f 3189//2234 3183//2234 3188//2234
f 3187//2234 3188//2234 3183//2234
f 3193//2234 3192//2234 3191//2234
f 3184//2234 3191//2234 3192//2234
f 3184//2234 3192//2234 3185//2234
f 3175//2234 3181//2234 3180//2234
f 3175//2234 3180//2234 3176//2234
f 3178//2234 3179//2234 3174//2234
f 3178//2234 3174//2234 3177//2234
f 3183//2234 3182//2234 3186//2234
f 3183//2234 3186//2234 3187//2234
f 3182//2234 3183//2234 3184//2234
f 3182//2234 3184//2234 3185//2234
o Hull_havok_s_armor_4_6
v -1.076547 0.600359 3.295115
v 1.076171 0.600350 3.295109
v 1.076171 0.453580 3.152112
v -1.076546 0.453580 3.152109
v -1.076547 1.317593 3.024059
v 1.076171 1.317593 3.024059
v 1.076171 0.759107 3.339376
v -1.076547 0.759107 3.339376
vn -0.0000 0.2686 -0.9633
vn -0.0000 -0.4916 -0.8708
vn -0.0000 0.6978 -0.7163
s 0
f 3221//2235 3220//2235 3215//2235
f 3221//2235 3215//2235 3214//2235
f 3220//2236 3221//2236 3218//2236
f 3220//2236 3218//2236 3219//2236
f 3216//2237 3217//2237 3214//2237
f 3216//2237 3214//2237 3215//2237
o Hull_havok_s_armor_8_7
v -0.275240 1.543589 -0.956922
v -0.705564 1.543589 0.759515
v -0.871321 1.543589 0.550574
v -0.977352 1.543589 0.305852
v -1.016432 1.543589 0.042026
v -0.985895 1.543589 -0.222926
v -0.887826 1.543589 -0.470946
v -0.728905 1.543589 -0.685134
v -0.519964 1.543589 -0.850891
v -0.243354 1.543589 1.016505
v -0.491376 1.543589 0.918436
v 0.275240 1.543589 -0.956922
v 0.000001 1.543589 1.047041
v 0.000001 1.543589 -0.996001
v 0.705564 1.543589 0.759515
v 0.491376 1.543589 0.918436
v 0.243355 1.543589 1.016505
v 0.871321 1.543589 0.550574
v 0.977353 1.543589 0.305852
v 1.016432 1.543589 0.042026
v 0.985896 1.543589 -0.222926
v 0.887826 1.543589 -0.470946
v 0.519964 1.543589 -0.850891
v 0.728906 1.543589 -0.685134
vn -0.0000 -1.0000 -0.0000
s 0
f 3233//2238 3240//2238 3239//2238
f 3233//2238 3239//2238 3236//2238
f 3234//2238 3233//2238 3238//2238
f 3237//2238 3238//2238 3233//2238
f 3237//2238 3233//2238 3236//2238
f 3233//2238 3244//2238 3245//2238
f 3233//2238 3245//2238 3243//2238
f 3242//2238 3233//2238 3243//2238
f 3233//2238 3242//2238 3241//2238
f 3233//2238 3241//2238 3240//2238
f 3222//2238 3235//2238 3231//2238
f 3228//2238 3222//2238 3227//2238
f 3226//2238 3227//2238 3222//2238
f 3226//2238 3222//2238 3225//2238
f 3224//2238 3225//2238 3222//2238
f 3224//2238 3222//2238 3223//2238
f 3231//2238 3235//2238 3233//2238
f 3231//2238 3233//2238 3234//2238
f 3222//2238 3231//2238 3232//2238
f 3222//2238 3232//2238 3223//2238
f 3229//2238 3230//2238 3222//2238
f 3229//2238 3222//2238 3228//2238
o Hull_havok_s_armor_6_8
v -1.076547 1.543589 1.185943
v 1.076171 1.543589 1.185927
v 1.076171 1.317593 3.024059
v -1.076547 1.317593 3.024059
vn -0.0000 -0.9925 -0.1220
s 0
f 3248//2239 3249//2239 3246//2239
f 3248//2239 3246//2239 3247//2239
o Gun_01_havok_s_gun_0
v 0.085937 1.889214 -5.213177
v 0.085937 1.717655 -5.213177
v 0.103034 1.700533 -1.670177
v 0.103034 1.906335 -1.670177
v -0.085368 1.717655 -5.213177
v -0.102465 1.700533 -1.670177
v -0.102465 1.906335 -1.670177
v -0.085368 1.889214 -5.213177
v -0.102465 1.906335 -1.647929
v -0.102465 1.700533 -1.647929
v 0.103034 1.700533 -1.647929
v -0.111523 1.691462 -5.274359
v -0.111523 1.915407 -5.274359
v 0.112092 1.915407 -5.274359
v 0.112092 1.691462 -5.274359
v 0.103034 1.906335 -1.230778
v 0.103034 1.700533 -1.230778
v 0.116168 1.687380 -1.180720
v 0.116168 1.919489 -1.180720
v -0.115599 1.687380 -1.180720
v -0.102465 1.700533 -1.230778
v -0.115599 1.919489 -1.180720
v -0.102465 1.906335 -1.230778
v -0.115599 1.919489 -0.796941
v 0.116168 1.919489 -0.796941
v 0.116168 1.687380 -0.796941
v -0.115599 1.687380 -0.796941
v 0.103034 1.906335 -1.647929
v -0.112655 1.690328 -5.719319
v -0.112655 1.916540 -5.719319
v 0.113224 1.916540 -5.719319
v 0.113224 1.690328 -5.719319
v -0.086501 1.716521 -5.769378
v -0.086501 1.890347 -5.769378
v -0.084802 1.718222 -5.808311
v -0.084802 1.888647 -5.808311
v -0.069857 1.733190 -5.808311
v -0.069857 1.873679 -5.808311
v 0.087070 1.716521 -5.769378
v 0.085371 1.718222 -5.808311
v 0.087070 1.890347 -5.769378
v 0.085371 1.888647 -5.808311
v 0.070426 1.873679 -5.808311
v -0.091369 1.711646 -6.425694
v -0.091369 1.895563 -6.425694
v -0.091143 1.895790 -5.947362
v -0.091143 1.711872 -5.947362
v 0.091712 1.895790 -5.947362
v 0.091938 1.895563 -6.425694
v 0.091938 1.711646 -6.425694
v 0.091712 1.711872 -5.947362
v 0.080503 1.723098 -5.936238
v 0.080503 1.883771 -5.936238
v -0.079934 1.723098 -5.936238
v -0.081858 1.721170 -6.436819
v -0.081066 1.721964 -6.486877
v -0.081066 1.885245 -6.486877
v -0.081858 1.886039 -6.436819
v 0.081635 1.885245 -6.486877
v 0.082427 1.886039 -6.436819
v 0.081635 1.721964 -6.486877
v 0.082427 1.721170 -6.436819
v 0.070652 1.873906 -5.880618
v 0.070652 1.732963 -5.880618
v 0.070426 1.733190 -5.808311
v 0.080163 1.723438 -5.880618
v 0.080163 1.883431 -5.880618
v -0.070083 1.732963 -5.880618
v -0.079594 1.723438 -5.880618
v -0.079934 1.883771 -5.936238
v -0.079594 1.883431 -5.880618
v -0.070083 1.873906 -5.880618
vn 0.7601 -0.0000 0.6498
vn -0.0000 -0.9999 0.0159
vn -0.0000 0.7039 -0.7103
vn 0.9999 -0.0000 0.0158
vn -0.9999 -0.0000 0.0158
vn -0.7601 -0.0000 0.6498
vn -0.0000 -0.7596 0.6504
vn -0.0000 -0.0000 1.0000
vn -0.7044 -0.0000 -0.7098
vn -0.8863 -0.0000 0.4631
vn -0.9991 -0.0000 0.0436
vn -0.0000 -0.9990 0.0436
vn -0.0000 1.0000 -0.0005
vn -1.0000 -0.0000 -0.0005
vn 1.0000 -0.0000 -0.0005
vn -0.0000 -1.0000 0.0005
vn -0.0000 0.9999 0.0159
vn 0.7044 -0.0000 -0.7098
vn 1.0000 -0.0000 -0.0031
vn 1.0000 -0.0000 -0.0061
vn -0.0000 -0.0000 -1.0000
vn -0.0000 -0.6792 -0.7339
vn -0.0000 -1.0000 -0.0031
vn -0.0000 -1.0000 -0.0061
vn -1.0000 -0.0000 -0.0061
vn -0.0000 0.7596 0.6504
vn -1.0000 -0.0000 -0.0031
vn -0.0000 1.0000 -0.0061
vn -0.0000 1.0000 -0.0031
vn -0.0000 -0.9672 0.2541
vn -0.0000 0.9672 0.2541
vn 0.9673 -0.0000 0.2538
vn -1.0000 -0.0000 -0.0000
vn 1.0000 -0.0000 -0.0000
vn -0.9673 -0.0000 0.2538
vn 1.0000 -0.0000 0.0048
vn -0.0000 -1.0000 0.0048
vn -1.0000 -0.0000 0.0048
vn -0.0000 1.0000 0.0048
vn 0.9195 -0.0000 -0.3931
vn -0.9195 -0.0000 -0.3931
vn -0.0000 1.0000 -0.0000
vn -0.0000 -1.0000 -0.0000
vn 0.8863 -0.0000 0.4631
vn 0.9990 -0.0000 0.0436
vn -0.0000 -0.9193 -0.3936
vn -0.0000 0.9193 -0.3936
vn -0.0000 0.9990 0.0436
vn -0.0000 -0.8860 0.4636
vn -0.0000 0.8860 0.4636
vn -1.0000 -0.0000 -0.0025
vn -0.0000 -1.0000 -0.0025
vn -0.0000 1.0000 -0.0025
vn 1.0000 -0.0000 -0.0025
s 0
f 3304//2240 3307//2240 3294//2240
f 3304//2240 3294//2240 3293//2240
f 3306//2241 3308//2241 3309//2241
f 3306//2241 3309//2241 3307//2241
f 3303//2242 3301//2242 3300//2242
f 3303//2242 3300//2242 3296//2242
f 3306//2243 3307//2243 3304//2243
f 3306//2243 3304//2243 3305//2243
f 3308//2244 3310//2244 3311//2244
f 3308//2244 3311//2244 3309//2244
f 3309//2245 3311//2245 3299//2245
f 3309//2245 3299//2245 3298//2245
f 3307//2246 3309//2246 3298//2246
f 3307//2246 3298//2246 3294//2246
f 3305//2247 3310//2247 3308//2247
f 3305//2247 3308//2247 3306//2247
f 3300//2248 3301//2248 3302//2248
f 3300//2248 3302//2248 3297//2248
f 3290//2249 3288//2249 3281//2249
f 3290//2249 3281//2249 3280//2249
f 3288//2250 3290//2250 3291//2250
f 3288//2250 3291//2250 3289//2250
f 3285//2251 3291//2251 3290//2251
f 3285//2251 3290//2251 3283//2251
f 3287//2247 3292//2247 3291//2247
f 3287//2247 3291//2247 3285//2247
f 3296//2252 3300//2252 3299//2252
f 3296//2252 3299//2252 3293//2252
f 3298//2253 3299//2253 3300//2253
f 3298//2253 3300//2253 3297//2253
f 3295//2254 3296//2254 3293//2254
f 3295//2254 3293//2254 3294//2254
f 3294//2255 3298//2255 3297//2255
f 3294//2255 3297//2255 3295//2255
f 3304//2256 3311//2256 3310//2256
f 3304//2256 3310//2256 3305//2256
f 3319//2257 3303//2257 3296//2257
f 3319//2257 3296//2257 3295//2257
f 3317//2258 3321//2258 3287//2258
f 3317//2258 3287//2258 3286//2258
f 3303//2259 3319//2259 3320//2259
f 3303//2259 3320//2259 3318//2259
f 3318//2260 3320//2260 3321//2260
f 3318//2260 3321//2260 3317//2260
f 3302//2261 3319//2261 3295//2261
f 3302//2261 3295//2261 3297//2261
f 3321//2262 3312//2262 3292//2262
f 3321//2262 3292//2262 3287//2262
f 3316//2263 3320//2263 3319//2263
f 3316//2263 3319//2263 3302//2263
f 3312//2260 3321//2260 3320//2260
f 3312//2260 3320//2260 3316//2260
f 3315//2260 3318//2260 3317//2260
f 3315//2260 3317//2260 3313//2260
f 3292//2247 3314//2247 3289//2247
f 3292//2247 3289//2247 3291//2247
f 3315//2264 3316//2264 3302//2264
f 3315//2264 3302//2264 3301//2264
f 3311//2265 3304//2265 3293//2265
f 3311//2265 3293//2265 3299//2265
f 3312//2266 3313//2266 3314//2266
f 3312//2266 3314//2266 3292//2266
f 3284//2247 3289//2247 3314//2247
f 3284//2247 3314//2247 3286//2247
f 3318//2267 3315//2267 3301//2267
f 3318//2267 3301//2267 3303//2267
f 3316//2260 3315//2260 3313//2260
f 3316//2260 3313//2260 3312//2260
f 3313//2268 3317//2268 3286//2268
f 3313//2268 3286//2268 3314//2268
f 3268//2269 3271//2269 3272//2269
f 3268//2269 3272//2269 3265//2269
f 3275//2260 3276//2260 3273//2260
f 3275//2260 3273//2260 3274//2260
f 3266//2270 3270//2270 3269//2270
f 3266//2270 3269//2270 3267//2270
f 3270//2271 3272//2271 3271//2271
f 3270//2271 3271//2271 3269//2271
f 3267//2272 3275//2272 3274//2272
f 3267//2272 3274//2272 3268//2272
f 3266//2272 3265//2272 3277//2272
f 3266//2272 3277//2272 3260//2272
f 3273//2273 3276//2273 3269//2273
f 3273//2273 3269//2273 3271//2273
f 3272//2273 3270//2273 3259//2273
f 3272//2273 3259//2273 3258//2273
f 3267//2274 3268//2274 3265//2274
f 3267//2274 3265//2274 3266//2274
f 3254//2275 3257//2275 3256//2275
f 3254//2275 3256//2275 3255//2275
f 3253//2276 3256//2276 3257//2276
f 3253//2276 3257//2276 3250//2276
f 3252//2277 3253//2277 3250//2277
f 3252//2277 3250//2277 3251//2277
f 3251//2278 3254//2278 3255//2278
f 3251//2278 3255//2278 3252//2278
f 3261//2279 3262//2279 3257//2279
f 3261//2279 3257//2279 3254//2279
f 3263//2280 3264//2280 3251//2280
f 3263//2280 3251//2280 3250//2280
f 3258//2273 3259//2273 3255//2273
f 3258//2273 3255//2273 3256//2273
f 3259//2281 3260//2281 3252//2281
f 3259//2281 3252//2281 3255//2281
f 3274//2282 3273//2282 3271//2282
f 3274//2282 3271//2282 3268//2282
f 3282//2283 3283//2283 3279//2283
f 3282//2283 3279//2283 3278//2283
f 3284//2284 3285//2284 3283//2284
f 3284//2284 3283//2284 3282//2284
f 3262//2285 3263//2285 3250//2285
f 3262//2285 3250//2285 3257//2285
f 3264//2286 3261//2286 3254//2286
f 3264//2286 3254//2286 3251//2286
f 3282//2287 3288//2287 3289//2287
f 3282//2287 3289//2287 3284//2287
f 3283//2288 3290//2288 3280//2288
f 3283//2288 3280//2288 3279//2288
f 3286//2247 3287//2247 3285//2247
f 3286//2247 3285//2247 3284//2247
f 3288//2289 3282//2289 3278//2289
f 3288//2289 3278//2289 3281//2289
f 3280//2290 3281//2290 3264//2290
f 3280//2290 3264//2290 3263//2290
f 3270//2281 3266//2281 3260//2281
f 3270//2281 3260//2281 3259//2281
f 3260//2272 3277//2272 3253//2272
f 3260//2272 3253//2272 3252//2272
f 3258//2282 3277//2282 3265//2282
f 3258//2282 3265//2282 3272//2282
f 3276//2281 3275//2281 3267//2281
f 3276//2281 3267//2281 3269//2281
f 3279//2291 3280//2291 3263//2291
f 3279//2291 3263//2291 3262//2291
f 3281//2292 3278//2292 3261//2292
f 3281//2292 3261//2292 3264//2292
f 3277//2282 3258//2282 3256//2282
f 3277//2282 3256//2282 3253//2282
f 3278//2293 3279//2293 3262//2293
f 3278//2293 3262//2293 3261//2293
o Gun_01_havok_s_armor_1_1
v -0.126910 1.899187 -1.658139
v -0.150302 1.855247 -1.658139
v -0.051768 1.652959 -1.658139
v -0.091084 1.933748 -1.658139
v -0.158972 1.806228 -1.658139
v -0.152069 1.756929 -1.658139
v -0.130270 1.712177 -1.658139
v -0.095709 1.676351 -1.658139
v -0.046332 1.955547 -1.658139
v 0.002967 1.644289 -1.658139
v 0.002967 1.962450 -1.658139
v 0.057702 1.652959 -1.658139
v 0.156236 1.855247 -1.658139
v 0.132844 1.899187 -1.658139
v 0.097018 1.933748 -1.658139
v 0.158002 1.756929 -1.658139
v 0.164905 1.806228 -1.658139
v 0.136204 1.712177 -1.658139
v 0.101642 1.676351 -1.658139
v 0.052265 1.955547 -1.658139
vn -0.0000 -0.0000 1.0000
s 0
f 3333//2294 3337//2294 3338//2294
f 3333//2294 3338//2294 3334//2294
f 3335//2294 3336//2294 3333//2294
f 3335//2294 3333//2294 3334//2294
f 3333//2294 3340//2294 3339//2294
f 3333//2294 3339//2294 3337//2294
f 3341//2294 3333//2294 3336//2294
f 3333//2294 3341//2294 3332//2294
f 3333//2294 3332//2294 3331//2294
f 3326//2294 3327//2294 3324//2294
f 3326//2294 3324//2294 3323//2294
f 3324//2294 3325//2294 3322//2294
f 3324//2294 3322//2294 3323//2294
f 3328//2294 3329//2294 3324//2294
f 3328//2294 3324//2294 3327//2294
f 3325//2294 3324//2294 3330//2294
f 3331//2294 3332//2294 3330//2294
f 3331//2294 3330//2294 3324//2294
o Gun_01_havok_s_armor_2_2
v -0.249790 1.914686 -1.578232
v -0.258795 1.810335 -1.598107
v -0.150303 1.855246 -1.658139
v -0.126910 1.899187 -1.658139
v -0.152069 1.756929 -1.658139
v -0.248483 1.705985 -1.587110
v -0.130270 1.712177 -1.658139
v 0.255723 1.914686 -1.578232
v 0.132843 1.899187 -1.658139
v 0.156236 1.855246 -1.658139
v 0.264728 1.810335 -1.598107
v 0.158003 1.756929 -1.658139
v 0.136204 1.712177 -1.658139
v 0.254417 1.705985 -1.587110
vn -0.5369 -0.2023 0.8190
vn -0.5015 -0.2670 0.8229
vn -0.5379 0.1408 0.8311
vn -0.4909 0.2391 0.8378
vn 0.5015 -0.2670 0.8229
vn 0.5369 -0.2023 0.8190
vn 0.5379 0.1408 0.8311
vn 0.4909 0.2391 0.8378
s 0
f 3351//2295 3352//2295 3349//2295
f 3351//2296 3349//2296 3350//2296
f 3355//2297 3352//2297 3353//2297
f 3355//2298 3353//2298 3354//2298
f 3344//2299 3345//2299 3342//2299
f 3344//2300 3342//2300 3343//2300
f 3346//2301 3343//2301 3347//2301
f 3346//2302 3347//2302 3348//2302
o Gun_01_havok_s_armor_3_3
v -0.383800 2.095984 -1.308503
v 0.002967 2.019838 -1.504427
v 0.383802 2.095984 -1.308503
vn -0.0000 -0.9321 0.3623
s 0
f 3356//2303 3357//2303 3358//2303
o Gun_01_havok_s_armor_5_4
v 0.383802 2.095984 -1.308503
v 0.002967 2.019838 -1.504427
v 0.178117 2.004229 -1.504427
v -0.172184 2.004229 -1.504427
v -0.383800 2.095984 -1.308503
vn 0.0774 -0.8682 0.4902
vn -0.0775 -0.8692 0.4884
s 0
f 3362//2304 3360//2304 3363//2304
f 3359//2305 3360//2305 3361//2305
o Gun_01_havok_s_armor_6_5
v -0.383800 2.024254 -1.392716
v -0.249790 1.914686 -1.578232
v -0.172184 2.004229 -1.504427
v -0.383800 2.095984 -1.308503
v 0.178117 2.004229 -1.504427
v 0.132844 1.899187 -1.658139
v 0.255723 1.914686 -1.578232
v -0.126910 1.899187 -1.658139
v 0.383802 2.024254 -1.392716
v 0.383802 2.095984 -1.308503
vn 0.2939 -0.7466 0.5968
vn -0.2679 -0.7335 0.6247
vn -0.2643 -0.7394 0.6192
vn 0.2609 -0.7349 0.6260
vn 0.2591 -0.7381 0.6230
vn -0.2939 -0.7466 0.5968
s 0
f 3365//2306 3371//2306 3366//2306
f 3372//2307 3373//2307 3368//2307
f 3372//2308 3368//2308 3370//2308
f 3366//2309 3367//2309 3364//2309
f 3366//2310 3364//2310 3365//2310
f 3368//2311 3369//2311 3370//2311
o Gun_01_havok_s_armor_7_6
v 0.002967 1.962450 -1.658139
v 0.178117 2.004229 -1.504427
v 0.002967 2.019838 -1.504427
v -0.172184 2.004229 -1.504427
vn -0.0832 -0.9336 0.3486
vn 0.0832 -0.9336 0.3486
s 0
f 3374//2312 3375//2312 3376//2312
f 3374//2313 3376//2313 3377//2313
o Gun_01_havok_s_armor_8_7
v -0.172184 2.004229 -1.504427
v -0.046332 1.955547 -1.658139
v 0.002967 1.962450 -1.658139
v 0.052265 1.955547 -1.658139
v 0.178117 2.004229 -1.504427
vn -0.1275 -0.9107 0.3928
vn 0.1275 -0.9107 0.3928
s 0
f 3381//2314 3382//2314 3380//2314
f 3378//2315 3379//2315 3380//2315
o Gun_01_havok_s_armor_9_8
v -0.091084 1.933748 -1.658139
v -0.046332 1.955547 -1.658139
v -0.172184 2.004229 -1.504427
v -0.126910 1.899187 -1.658139
v 0.178117 2.004229 -1.504427
v 0.052265 1.955547 -1.658139
v 0.097018 1.933748 -1.658139
v 0.132844 1.899187 -1.658139
vn -0.3683 -0.7561 0.5410
vn -0.5698 -0.5906 0.5714
vn 0.3683 -0.7561 0.5410
vn 0.5698 -0.5906 0.5714
s 0
f 3387//2316 3388//2316 3389//2316
f 3387//2317 3389//2317 3390//2317
f 3383//2318 3384//2318 3385//2318
f 3383//2319 3385//2319 3386//2319
o Gun_01_havok_s_armor_10_9
v -0.051769 1.652959 -1.658139
v -0.095709 1.676351 -1.658139
v -0.383800 1.601605 -1.445241
v -0.383800 1.904324 -1.482382
v -0.249790 1.914686 -1.578232
v -0.383800 2.024254 -1.392716
v 0.383802 1.601605 -1.445241
v 0.101643 1.676351 -1.658139
v 0.057702 1.652959 -1.658139
v 0.383802 2.024254 -1.392716
v 0.255723 1.914686 -1.578232
v 0.383802 1.904324 -1.482382
vn -0.3436 0.6455 0.6821
vn -0.5437 -0.5026 0.6722
vn 0.3414 0.6413 0.6871
vn 0.5264 -0.5091 0.6810
s 0
f 3397//2320 3398//2320 3399//2320
f 3400//2321 3401//2321 3402//2321
f 3391//2322 3392//2322 3393//2322
f 3394//2323 3395//2323 3396//2323
o Gun_01_havok_s_armor_11_10
v -0.383800 1.601605 -1.445241
v -0.095709 1.676351 -1.658139
v -0.248483 1.705985 -1.587110
v -0.383800 1.677017 -1.481202
v -0.383800 1.904324 -1.482382
v -0.383800 1.771540 -1.501865
v -0.258795 1.810335 -1.598107
v -0.249790 1.914686 -1.578232
v 0.383802 1.601605 -1.445241
v 0.383802 1.677017 -1.481202
v 0.254417 1.705985 -1.587110
v 0.101643 1.676351 -1.658139
v 0.264728 1.810335 -1.598107
v 0.383802 1.771540 -1.501865
v 0.383802 1.904324 -1.482382
v 0.255723 1.914686 -1.578232
v 0.136204 1.712177 -1.658139
v -0.130270 1.712177 -1.658139
vn -0.5938 0.1421 0.7920
vn -0.6009 0.1707 0.7808
vn -0.6463 -0.1108 0.7550
vn -0.5974 -0.1995 0.7767
vn 0.4478 0.4320 0.7829
vn -0.4478 0.4320 0.7829
vn 0.6279 -0.1130 0.7700
vn 0.5802 -0.2004 0.7895
vn 0.4459 0.4630 0.7660
vn 0.5234 0.3668 0.7691
vn -0.4448 0.4780 0.7574
vn -0.5405 0.3621 0.7594
vn 0.5759 0.1418 0.8051
vn 0.5837 0.1734 0.7932
s 0
f 3416//2324 3415//2324 3413//2324
f 3416//2325 3413//2325 3412//2325
f 3415//2326 3416//2326 3417//2326
f 3415//2327 3417//2327 3418//2327
f 3405//2328 3404//2328 3420//2328
f 3414//2329 3413//2329 3419//2329
f 3407//2330 3408//2330 3409//2330
f 3407//2331 3409//2331 3410//2331
f 3403//2332 3404//2332 3405//2332
f 3403//2333 3405//2333 3406//2333
f 3413//2334 3414//2334 3411//2334
f 3413//2335 3411//2335 3412//2335
f 3405//2336 3409//2336 3408//2336
f 3405//2337 3408//2337 3406//2337
o Gun_01_havok_s_armor_12_11
v 0.383802 1.601605 -1.445241
v 0.057702 1.652959 -1.658139
v 0.002967 1.644289 -1.658139
v -0.051769 1.652959 -1.658139
v -0.383800 1.601605 -1.445241
vn 0.1409 0.8897 0.4344
vn -0.1411 0.8912 0.4312
s 0
f 3423//2338 3424//2338 3425//2338
f 3421//2339 3422//2339 3423//2339
o Gun_01_havok_s_armor_4_12
v 0.383802 1.671533 -1.439312
v -0.383800 1.671533 -1.439312
v -0.383800 1.768206 -1.460296
v 0.383802 1.768206 -1.460296
v 0.383802 1.613020 -1.413719
v -0.383800 1.613020 -1.413719
v -0.383800 1.601605 -1.445241
v 0.383802 1.601605 -1.445241
v 0.383802 1.903056 -1.440511
v -0.383800 1.903056 -1.440511
v -0.383800 2.025082 -1.349586
v 0.383802 2.025082 -1.349586
v -0.383800 2.081988 -1.282538
v 0.383802 2.081988 -1.282538
v -0.383800 2.095984 -1.308503
v 0.383802 2.095984 -1.308503
vn -0.0000 0.7624 -0.6471
vn -0.0000 -0.8803 -0.4745
vn -0.0000 0.1452 -0.9894
vn -0.0000 0.5975 -0.8019
vn -0.0000 -0.2121 -0.9772
vn -0.0000 -0.4007 -0.9162
vn -0.0000 0.9402 -0.3405
s 0
f 3438//2340 3439//2340 3437//2340
f 3438//2340 3437//2340 3436//2340
f 3438//2341 3440//2341 3441//2341
f 3438//2341 3441//2341 3439//2341
f 3435//2342 3434//2342 3429//2342
f 3435//2342 3429//2342 3428//2342
f 3436//2343 3437//2343 3434//2343
f 3436//2343 3434//2343 3435//2343
f 3428//2344 3429//2344 3426//2344
f 3428//2344 3426//2344 3427//2344
f 3426//2345 3430//2345 3431//2345
f 3426//2345 3431//2345 3427//2345
f 3430//2346 3433//2346 3432//2346
f 3430//2346 3432//2346 3431//2346
o Gun_01_havok_s_armor_14_13
v -0.383800 1.904324 -1.482382
v -0.383800 1.903056 -1.440511
v -0.383800 1.768206 -1.460296
v -0.383800 1.771539 -1.501865
v -0.383800 1.671533 -1.439312
v -0.383800 1.677017 -1.481202
v -0.383800 1.601605 -1.445241
v -0.383800 1.613020 -1.413719
v 0.383802 1.677017 -1.481202
v 0.383802 1.671533 -1.439312
v 0.383802 1.768206 -1.460296
v 0.383802 1.771539 -1.501865
v 0.383802 1.601605 -1.445241
v 0.383802 1.613020 -1.413719
v 0.383802 1.903056 -1.440511
v 0.383802 2.025082 -1.349586
v 0.383802 2.024254 -1.392716
v 0.383802 1.904324 -1.482382
v 0.383802 2.081988 -1.282538
v 0.383802 2.095984 -1.308503
v -0.383800 2.024254 -1.392716
v -0.383800 2.025082 -1.349586
v -0.383800 2.095984 -1.308503
v -0.383800 2.081988 -1.282538
vn -1.0000 -0.0000 -0.0000
vn 1.0000 -0.0000 -0.0000
s 0
f 3457//2347 3460//2347 3461//2347
f 3457//2347 3461//2347 3458//2347
f 3458//2347 3459//2347 3456//2347
f 3458//2347 3456//2347 3457//2347
f 3452//2347 3456//2347 3459//2347
f 3452//2347 3459//2347 3453//2347
f 3464//2348 3465//2348 3463//2348
f 3464//2348 3463//2348 3462//2348
f 3462//2348 3463//2348 3443//2348
f 3462//2348 3443//2348 3442//2348
f 3444//2348 3446//2348 3447//2348
f 3444//2348 3447//2348 3445//2348
f 3444//2348 3445//2348 3442//2348
f 3444//2348 3442//2348 3443//2348
f 3446//2348 3449//2348 3448//2348
f 3446//2348 3448//2348 3447//2348
f 3454//2347 3455//2347 3451//2347
f 3454//2347 3451//2347 3450//2347
f 3452//2347 3453//2347 3450//2347
f 3452//2347 3450//2347 3451//2347
o Gun_01_havok_s_armor_15_14
v 0.264728 1.810335 -1.598107
v 0.156236 1.855246 -1.658139
v 0.164905 1.806228 -1.658139
v 0.158003 1.756929 -1.658139
v -0.158972 1.806228 -1.658139
v -0.150303 1.855246 -1.658139
v -0.258795 1.810335 -1.598107
v -0.152069 1.756929 -1.658139
vn 0.5105 -0.0903 0.8551
vn 0.5162 0.0723 0.8534
vn -0.5105 -0.0903 0.8551
vn -0.5162 0.0723 0.8534
s 0
f 3470//2349 3471//2349 3472//2349
f 3470//2350 3472//2350 3473//2350
f 3466//2351 3467//2351 3468//2351
f 3466//2352 3468//2352 3469//2352
o Gun_01_havok_s_armor_13_15
v 0.002967 1.644289 -1.658139
v -0.383800 1.601605 -1.445241
v 0.383802 1.601605 -1.445241
vn -0.0000 0.9805 0.1966
s 0
f 3474//2353 3475//2353 3476//2353
