# Blender 5.1.0
# www.blender.org
o Chassis_havok_s_rightTrack_0
v 1.279611 1.269728 1.589213
v 1.524309 1.269728 1.589213
v 1.524309 1.269728 1.721371
v 1.524309 1.233261 1.778594
v 1.279611 1.233261 1.778594
v 1.279611 1.269728 1.721371
v 1.279611 1.286335 1.692759
v 1.279611 1.043905 1.495884
v 1.524309 1.043905 1.495884
v 1.524309 1.109991 1.481238
v 1.279611 1.109991 1.481238
v 1.524309 1.176077 1.495884
v 1.279611 1.176077 1.495884
v 1.279611 0.986893 1.532330
v 1.524309 0.986893 1.532330
v 1.279611 1.233261 1.532330
v 1.524309 1.233261 1.532330
v 1.524309 0.950426 1.589553
v 1.524309 0.935874 1.655632
v 1.524309 0.950598 1.721712
v 1.279611 1.176249 1.815040
v 1.279611 0.950426 1.589553
v 1.279611 0.950598 1.721712
v 1.279611 0.935874 1.655632
v 1.279611 0.986893 1.778594
v 1.524309 0.986893 1.778594
v 1.524309 1.176249 1.815040
v 1.279611 1.044077 1.815040
v 1.524309 1.044077 1.815040
v 1.279611 1.110163 1.829686
v 1.524309 1.110163 1.829686
v 1.588001 0.711588 -0.847488
v 1.588001 0.748867 -0.925966
v 1.588001 0.655250 -0.782248
v 1.221141 0.748867 -0.925966
v 1.221141 0.711588 -0.847488
v 1.221141 0.583775 -0.733082
v 1.221141 0.501930 -0.704716
v 1.221141 0.655250 -0.782248
v 1.221141 0.415600 -0.698098
v 1.221141 0.330672 -0.713226
v 1.221141 0.252470 -0.751046
v 1.588001 0.583775 -0.733082
v 1.588001 0.501930 -0.704716
v 1.588001 0.330672 -0.713226
v 1.588001 0.415600 -0.698098
v 1.588001 0.252470 -0.751046
v 1.588001 0.422607 -0.621511
v 1.221141 0.422607 -0.621511
v 1.221141 0.337118 -0.607328
v 1.588001 0.337118 -0.607328
v 1.588001 0.508657 -0.613001
v 1.221141 0.508657 -0.613001
v 1.221141 0.756715 -0.214941
v 1.221141 0.726164 -0.133627
v 1.221141 0.765124 -0.300982
v 1.221141 0.715232 -0.465502
v 1.221141 0.751110 -0.387024
v 1.588001 0.751110 -0.387024
v 1.588001 0.715232 -0.465502
v 1.588001 0.765124 -0.300982
v 1.588001 0.589942 -0.582745
v 1.588001 0.660295 -0.532633
v 1.588001 0.258356 -0.571399
v 1.588001 0.191366 -0.516559
v 1.588001 0.726164 -0.133627
v 1.588001 0.756715 -0.214941
v 1.588001 0.675711 -0.063659
v 1.221141 0.675711 -0.063659
v 1.221141 0.207063 -0.047585
v 1.588001 0.207063 -0.047585
v 1.221141 0.609002 -0.008819
v 1.221141 0.529959 0.027110
v 1.221141 0.444750 0.041293
v 1.221141 0.358421 0.032783
v 1.221141 0.277416 0.002527
v 1.221141 0.258356 -0.571399
v 1.221141 0.191366 -0.516559
v 1.221141 0.589942 -0.582745
v 1.221141 0.660295 -0.532633
v 1.588001 0.609002 -0.008819
v 1.588001 0.529959 0.027110
v 1.588001 0.444750 0.041293
v 1.588001 0.358421 0.032783
v 1.588001 0.277416 0.002527
v 1.672156 1.200542 2.814305
v 1.672156 0.760230 3.098284
v 1.672156 0.814177 3.128177
v 1.672156 0.873368 3.145723
v 1.672156 0.935056 3.150271
v 1.672156 0.996245 3.141174
v 1.672156 1.053938 3.119079
v 1.672156 1.105386 3.085288
v 1.121949 0.760230 3.098284
v 1.060986 0.760230 3.098284
v 1.121949 1.105386 3.085288
v 1.121949 1.064677 2.863043
v 1.121949 1.148344 3.040449
v 1.121949 1.053938 3.119079
v 1.121949 1.054187 2.916979
v 1.121949 0.996245 3.141174
v 1.121949 0.978513 2.992361
v 1.121949 1.023968 2.962468
v 1.121949 0.925066 3.003408
v 1.121949 0.935056 3.150271
v 1.121949 0.873368 3.145723
v 1.121949 0.871619 2.992361
v 1.121949 0.814177 3.128177
v 1.121949 0.826165 2.962468
v 1.121949 0.795945 2.916979
v 1.060986 1.271471 3.030701
v 1.691245 1.271471 3.030701
v 1.691245 1.227764 3.101534
v 1.060986 1.227764 3.101534
v 1.121949 1.200791 2.929326
v 1.121949 1.180562 2.987812
v 1.672156 1.148344 3.040449
v 1.672156 1.180562 2.987812
v 1.691245 1.148344 3.040449
v 1.691245 1.169822 3.161968
v 1.691245 1.105386 3.085288
v 1.691245 1.180562 2.987812
v 1.672156 1.200791 2.929326
v 1.060986 1.105386 3.085288
v 1.060986 1.053938 3.119079
v 1.060986 1.180562 2.987812
v 1.060986 1.148344 3.040449
v 1.060986 0.775715 3.221104
v 1.691245 0.775715 3.221104
v 1.060986 0.855885 3.244498
v 1.691245 0.855885 3.244498
v 1.691245 0.873368 3.145723
v 1.691245 0.814177 3.128177
v 1.060986 0.814177 3.128177
v 1.060986 0.873368 3.145723
v 1.691245 0.939302 3.250347
v 1.060986 0.939302 3.250347
v 1.060986 1.021970 3.238000
v 1.691245 1.021970 3.238000
v 1.060986 0.935056 3.150271
v 1.060986 0.996245 3.141174
v 1.691245 0.996245 3.141174
v 1.691245 0.935056 3.150271
v 1.691245 1.053938 3.119079
v 1.060986 1.169822 3.161968
v 1.691245 1.100142 3.208107
v 1.060986 1.100142 3.208107
v 1.672156 0.793697 2.615454
v 1.121949 0.793697 2.615454
v 1.672156 0.876365 2.586861
v 1.121949 0.876365 2.586861
v 1.672156 1.047694 2.610905
v 1.121949 1.047694 2.610905
v 1.121949 0.964027 2.585562
v 1.672156 0.964027 2.585562
v 1.672156 1.172070 2.731775
v 1.672156 1.119622 2.661593
v 1.121949 0.925566 2.723977
v 1.121949 0.871619 2.734375
v 1.121949 0.978263 2.735024
v 1.121949 0.939052 2.727226
v 1.121949 0.826165 2.764267
v 1.121949 1.023218 2.764917
v 1.081615 1.049942 2.738274
v 1.079152 0.993748 2.697334
v 1.121949 0.795945 2.809756
v 1.121949 0.785205 2.863043
v 1.121949 1.119622 2.661593
v 1.121949 1.172070 2.731775
v 1.121949 1.045196 2.798059
v 1.121949 1.053938 2.809106
v 1.121949 1.200542 2.814305
v 1.221113 0.743457 2.063265
v 1.588018 0.743457 2.063265
v 1.588018 0.702324 2.139307
v 1.221113 0.702324 2.139307
v 1.588018 0.642591 2.202676
v 1.221113 0.642591 2.202676
v 1.221113 0.239127 2.213237
v 1.588018 0.239127 2.213237
v 1.588018 0.176176 2.154093
v 1.221113 0.176176 2.154093
v 1.588018 0.736304 1.809791
v 1.588018 0.691236 1.735861
v 1.588018 0.628284 1.675661
v 1.588018 0.552098 1.634472
v 1.588018 0.467685 1.614405
v 1.588018 0.381127 1.617573
v 1.588018 0.298145 1.641865
v 1.588018 0.224462 1.687279
v 1.588018 0.165087 1.750647
v 1.588018 0.123597 1.826689
v 1.221113 0.165087 1.750647
v 1.221113 0.224462 1.687279
v 1.221113 0.485927 2.272381
v 1.221113 0.399368 2.274493
v 1.221113 0.298145 1.641865
v 1.221113 0.381127 1.617573
v 1.221113 0.628284 1.675661
v 1.221113 0.691236 1.735861
v 1.221113 0.552098 1.634472
v 1.221113 0.467685 1.614405
v 1.221113 0.736304 1.809791
v 1.221113 0.123597 1.826689
v 1.221113 0.315313 2.254427
v 1.221113 0.098201 1.942865
v 1.221113 0.142196 2.111848
v 1.221113 0.108216 2.030525
v 1.221113 0.149707 2.125577
v 1.588018 0.315313 2.254427
v 1.588018 0.399368 2.274493
v 1.588018 0.485927 2.272381
v 1.588018 0.568909 2.248090
v 1.221113 0.568909 2.248090
v 1.279739 0.466612 2.306178
v 1.524343 0.466612 2.306178
v 1.524343 0.533499 2.295616
v 1.279739 0.533499 2.295616
v 1.279739 0.598597 2.312515
v 1.279739 0.654037 2.351592
v 1.279739 0.687659 2.410736
v 1.279739 0.699105 2.477273
v 1.524343 0.654037 2.351592
v 1.524343 0.598597 2.312515
v 1.524343 0.687659 2.410736
v 1.524343 0.699105 2.477273
v 1.279739 0.407953 2.339974
v 1.524343 0.407953 2.339974
v 1.279739 0.368965 2.395950
v 1.524343 0.368965 2.395950
v 1.279739 0.351081 2.460374
v 1.524343 0.351081 2.460374
v 1.524343 0.345716 2.506845
v 1.279739 0.345716 2.506845
v 1.691245 0.052776 2.156205
v 1.117045 0.052776 2.156205
v 1.691245 0.142196 2.111848
v 1.588018 0.149707 2.125577
v 1.588018 0.142196 2.111848
v 1.117045 0.142196 2.111848
v 1.691245 0.011285 2.055872
v 1.117045 0.011285 2.055872
v 1.691245 0.108216 2.030525
v 1.221113 0.098201 1.882665
v 1.588018 0.098201 1.942865
v 1.588018 0.108216 2.030525
v 1.117045 0.108216 2.030525
v 1.588018 0.358593 1.522521
v 1.588018 0.444794 1.530970
v 1.588018 0.206936 1.442254
v 1.588018 0.277399 1.491892
v 1.588018 0.529922 1.517240
v 1.588018 0.608969 1.481331
v 1.588018 0.675856 1.426412
v 1.524309 1.233186 -1.437314
v 1.279611 1.233186 -1.437314
v 1.279611 1.176156 -1.473735
v 1.524309 1.176156 -1.473735
v 1.279611 1.110048 -1.488304
v 1.524309 1.110048 -1.488304
v 1.524309 1.269665 -1.380214
v 1.279611 1.269665 -1.380214
v 1.524309 1.286449 -1.354366
v 1.279611 1.286449 -1.354366
v 1.279611 1.269665 -1.247921
v 1.524309 1.269665 -1.247921
v 1.279611 1.043941 -1.473735
v 1.524309 1.043941 -1.473735
v 1.279611 0.950602 -1.247921
v 1.524309 0.950602 -1.247921
v 1.524309 0.935873 -1.313950
v 1.279611 0.935873 -1.313950
v 1.524309 0.950431 -1.380214
v 1.279611 0.950431 -1.380214
v 1.279611 0.986910 -1.437314
v 1.524309 0.986910 -1.437314
v 1.279611 1.286394 0.207286
v 1.279611 1.286394 0.124002
v 1.524309 1.286394 0.207286
v 1.524309 1.286394 0.124002
v 1.524309 1.269784 0.232124
v 1.279611 1.269784 0.232124
v 1.524309 1.269612 0.099163
v 1.279611 1.044095 -1.154471
v 1.279611 1.110192 -1.139859
v 1.524309 1.110021 -0.007498
v 1.279611 1.110021 -0.007498
v 1.279611 1.043923 0.007113
v 1.524309 1.043923 0.007113
v 1.524309 1.176118 0.007113
v 1.279611 1.176118 0.007113
v 1.279611 0.935874 0.166374
v 1.524309 0.935874 0.166374
v 1.524309 0.950429 0.100624
v 1.279611 0.950429 0.100624
v 1.279611 0.986902 0.289108
v 1.524309 0.986902 0.289108
v 1.524309 0.950600 0.232124
v 1.279611 0.950600 0.232124
v 1.279611 1.044095 0.325636
v 1.524309 1.044095 0.325636
v 1.279611 1.110192 0.340247
v 1.524309 1.110192 0.340247
v 1.279611 0.986902 0.042180
v 1.524309 0.986902 0.042180
v 1.279611 1.176289 0.325636
v 1.524309 1.176289 0.325636
v 1.279611 1.269612 0.099163
v 1.279611 1.233310 0.042180
v 1.524309 1.233310 0.042180
v 1.279611 1.233310 0.289108
v 1.524309 1.233310 0.289108
v 1.588001 0.098252 1.105283
v 1.588001 0.098269 0.558053
v 1.588001 0.098275 0.357070
v 1.588001 0.098292 -0.184191
v 1.588001 0.098299 -0.385173
v 1.221141 0.098299 -0.385173
v 1.221141 0.098316 -0.930414
v 1.221141 0.098275 0.357070
v 1.221141 0.098292 -0.184191
v 1.221141 0.098269 0.558053
v 1.221141 0.765124 1.189142
v 1.221141 0.756715 1.274934
v 1.221141 0.751110 1.103351
v 1.221141 0.715232 1.024244
v 1.588001 0.751110 1.103351
v 1.588001 0.715232 1.024244
v 1.588001 0.765124 1.189142
v 1.588001 0.660295 0.957393
v 1.588001 0.589941 0.907255
v 1.588001 0.508657 0.877172
v 1.588001 0.422607 0.868258
v 1.588001 0.337118 0.882743
v 1.588001 0.258355 0.918396
v 1.221141 0.660295 0.957393
v 1.221141 0.589941 0.907255
v 1.221141 0.508657 0.877172
v 1.221141 0.337118 0.882743
v 1.221141 0.422607 0.868258
v 1.221141 0.258355 0.918396
v 1.221141 0.444750 0.783581
v 1.588001 0.444750 0.783581
v 1.588001 0.358420 0.775781
v 1.221141 0.358420 0.775781
v 1.221141 0.726164 0.608654
v 1.221141 0.715232 0.277742
v 1.221141 0.751110 0.355735
v 1.588001 0.751110 0.355735
v 1.588001 0.715232 0.277742
v 1.588001 0.589941 0.159639
v 1.588001 0.660295 0.209777
v 1.588001 0.337118 0.135127
v 1.588001 0.258355 0.170781
v 1.588001 0.191366 0.225376
v 1.221141 0.589941 0.159639
v 1.221141 0.660295 0.209777
v 1.221141 0.337118 0.135127
v 1.221141 0.258355 0.170781
v 1.221141 0.191366 0.225376
v 1.588001 0.726164 0.608654
v 1.588001 0.675711 0.678847
v 1.221141 0.675711 0.678847
v 1.221141 0.207062 0.694446
v 1.588001 0.207062 0.694446
v 1.221141 0.609001 0.734557
v 1.221141 0.529959 0.770210
v 1.221141 0.277415 0.744584
v 1.588001 0.529959 0.770210
v 1.588001 0.609001 0.734557
v 1.588001 0.277415 0.744584
v 1.022297 1.210870 2.934372
v 0.827950 1.210870 2.934372
v 0.827950 1.246231 2.741891
v 1.022297 1.255537 2.655562
v 1.022297 1.181713 3.005993
v 0.827950 0.631757 2.858275
v 1.022297 0.631757 2.858275
v 1.022297 0.641683 2.782178
v 0.827950 0.641683 2.782178
v 1.022297 0.641683 2.934372
v 0.827950 0.641683 2.934372
v 1.022297 0.671150 2.711196
v 0.827950 0.671150 2.711196
v 0.827950 0.671150 3.005993
v 1.022297 0.671150 3.005993
v 0.827950 0.779094 2.603126
v 0.827950 1.134875 3.066743
v 0.827950 1.073769 3.113425
v 0.827950 0.717988 2.649807
v 0.827950 1.181713 3.005993
v 0.827950 0.911853 2.525749
v 1.022297 1.256778 2.588418
v 0.827950 1.266703 2.640854
v 0.827950 1.259569 2.547492
v 0.827950 0.952797 2.498892
v 1.022297 0.779094 2.603126
v 1.022297 0.717988 2.649807
v 1.022297 1.134875 3.066743
v 1.022297 1.073769 3.113425
v 1.022297 0.717988 3.066743
v 1.022297 0.779094 3.113425
v 0.827950 0.779094 3.113425
v 0.827950 0.717988 3.066743
v 0.827950 0.926432 3.153072
v 1.022297 0.926432 3.153072
v 1.022297 0.850126 3.142840
v 0.827950 0.850126 3.142840
v 0.827950 1.002737 3.142840
v 1.022297 1.002737 3.142840
v 1.691245 0.315894 2.657876
v 1.117024 0.315894 2.657876
v 1.117024 0.500502 2.926316
v 1.691245 0.595407 3.064400
v 1.691245 0.677754 3.007724
v 1.524367 0.402726 2.606867
v 1.524367 0.399317 2.602230
v 1.691245 0.399317 2.602230
v 1.672156 0.670757 2.997419
v 1.672156 0.649049 2.911374
v 1.672156 0.647614 2.823783
v 1.060988 0.677754 3.007724
v 1.060988 0.500502 2.749589
v 1.060988 0.500502 2.926316
v 1.117024 0.399317 2.602230
v 1.060988 0.595407 3.064400
v 1.060988 0.640258 3.125199
v 1.060988 0.683136 3.014937
v 1.691245 0.640258 3.125199
v 1.279592 0.402726 2.606867
v 1.279592 0.399317 2.602230
v 1.279592 0.642232 2.598108
v 1.279592 0.583387 2.631599
v 1.279592 0.516648 2.642934
v 1.279592 0.451345 2.625416
v 1.524367 0.642232 2.598108
v 1.524367 0.583387 2.631599
v 1.524367 0.516648 2.642934
v 1.524367 0.451345 2.625416
v 1.588101 0.196123 -2.179274
v 1.588101 0.268094 -2.228739
v 1.588101 0.233260 -2.214420
v 1.691245 0.196123 -2.179274
v 1.221092 0.233260 -2.214420
v 1.221092 0.268094 -2.228739
v 1.221092 0.196123 -2.179274
v 1.221092 0.600028 -2.228739
v 1.588101 0.600028 -2.228739
v 1.588101 0.598876 -1.653379
v 1.588101 0.518844 -1.620836
v 1.588101 0.433053 -1.609120
v 1.588101 0.347263 -1.620836
v 1.588101 0.112924 -1.856447
v 1.588101 0.146031 -1.775740
v 1.588101 0.198714 -1.706749
v 1.588101 0.267231 -1.654680
v 1.221092 0.519995 -2.261282
v 1.221092 0.348127 -2.262584
v 1.221092 0.434205 -2.272997
v 1.221092 0.108893 -2.029576
v 1.691245 0.011875 -2.054308
v 1.117025 0.011875 -2.054308
v 1.588101 0.098241 -1.900705
v 1.221092 0.112924 -1.856447
v 1.117025 0.142576 -2.110282
v 1.221092 0.142576 -2.110282
v 1.117025 0.108893 -2.029576
v 1.221092 0.146031 -1.775740
v 1.117025 0.055634 -2.159748
v 1.588101 0.108893 -2.029576
v 1.691245 0.108893 -2.029576
v 1.588101 0.098241 -1.943662
v 1.588101 0.142576 -2.110282
v 1.691245 0.142576 -2.110282
v 1.691245 0.055634 -2.159748
v 1.691245 0.125303 -2.250868
v 1.117025 0.125303 -2.250868
v 1.117025 0.196123 -2.179274
v 1.117025 0.500419 -2.607539
v 1.117025 0.500419 -2.469557
v 1.588101 0.348127 -2.262584
v 1.588101 0.434205 -2.272997
v 1.588101 0.519995 -2.261282
v 1.060988 0.500419 -2.469557
v 1.060988 0.500419 -2.607539
v 1.221092 0.601179 -2.464350
v 1.221092 0.347263 -1.620836
v 1.221092 0.267231 -1.654680
v 1.221092 0.433053 -1.609120
v 1.221092 0.198714 -1.706749
v 1.221092 0.598876 -1.653379
v 1.221092 0.518844 -1.620836
v 1.588101 0.211957 -1.275880
v 1.221092 0.211957 -1.275880
v 1.221092 0.283352 -1.325345
v 1.221092 0.365112 -1.353983
v 1.221092 0.536693 -1.344871
v 1.221092 0.451478 -1.360492
v 1.588101 1.241346 -2.542695
v 1.588101 1.263262 -2.457391
v 1.588101 0.664337 -2.218169
v 1.588101 1.198168 -2.619344
v 1.221091 0.664337 -2.218169
v 1.221091 0.804337 -2.729374
v 1.221091 1.234804 -2.287401
v 1.221091 0.727795 -2.686104
v 1.221091 1.198168 -2.619344
v 1.221091 1.241346 -2.542695
v 1.221091 1.137000 -2.681777
v 1.060986 1.137000 -2.681777
v 1.060986 1.198168 -2.619344
v 1.060986 0.727795 -2.686104
v 1.588101 0.804337 -2.729374
v 1.588101 0.727795 -2.686104
v 1.588101 1.234804 -2.287401
v 1.060986 1.241346 -2.542695
v 1.060986 1.278309 -2.679922
v 1.691245 1.278309 -2.679922
v 1.691245 1.333916 -2.581637
v 1.060986 1.333916 -2.581637
v 1.691245 1.241346 -2.542695
v 1.691245 1.198168 -2.619344
v 1.691245 1.137000 -2.681777
v 1.588101 1.137000 -2.681777
v 1.691245 1.198495 -2.760899
v 1.691245 1.061439 -2.726901
v 1.588101 1.061439 -2.726901
v 1.691245 0.976720 -2.750391
v 1.588101 0.976720 -2.750391
v 1.691245 0.889056 -2.751009
v 1.588101 0.889056 -2.751009
v 1.060986 1.198495 -2.760899
v 1.221091 1.061439 -2.726901
v 1.060986 1.061439 -2.726901
v 1.221091 0.976720 -2.750391
v 1.060986 0.976720 -2.750391
v 1.060986 0.889056 -2.751009
v 1.221091 0.889056 -2.751009
v 1.060986 0.804337 -2.729374
v 1.060986 0.990458 -2.849293
v 1.691245 0.990458 -2.849293
v 1.691245 1.100365 -2.819005
v 1.060986 1.100365 -2.819005
v 1.060986 0.876626 -2.850530
v 1.691245 0.876626 -2.850530
v 1.691245 0.766393 -2.822095
v 1.060986 0.766393 -2.822095
v 1.060986 0.682982 -2.775116
v 1.691245 0.804337 -2.729374
v 1.691245 1.298679 2.951383
v 1.060987 1.298679 2.951383
v 1.060987 1.386452 1.749689
v 1.691245 1.386452 1.749689
v 1.691245 1.286333 1.744044
v 1.060986 1.286333 1.744044
v 1.121995 1.206874 2.845407
v 1.672294 1.206874 2.845408
v 1.691245 1.200803 2.929569
v 1.060986 1.200803 2.929569
v 1.022296 1.169201 2.465972
v 0.827950 1.202180 2.472960
v 0.827950 1.115162 2.436916
v 1.022296 1.088634 2.449437
v 0.827950 1.021782 2.449208
v 1.022296 1.026473 2.463543
v 1.022296 1.225572 2.510523
v 1.524310 1.286338 1.618185
v 1.279611 1.286338 1.618185
v 1.524310 1.286335 1.692675
v 1.588001 0.763543 1.979018
v 1.221141 0.763543 1.979018
v 1.221141 0.761145 1.892456
v 1.588001 0.761145 1.892456
v 1.588001 0.186708 -0.807446
v 1.588001 0.137779 -0.878892
v 1.588001 0.764823 -1.011086
v 1.221141 0.764823 -1.011086
v 1.221141 0.155692 -1.210125
v 1.221141 0.137779 -0.878892
v 1.221141 0.186708 -0.807446
v 1.221141 0.758175 -1.097424
v 1.221141 0.680473 -1.250549
v 1.221141 0.729403 -1.179101
v 1.588001 0.729403 -1.179101
v 1.588001 0.758175 -1.097424
v 1.588001 0.614720 -1.306897
v 1.588001 0.536622 -1.344307
v 1.588001 0.680473 -1.250549
v 1.588001 0.451503 -1.360230
v 1.588001 0.365163 -1.353578
v 1.588001 0.283488 -1.324809
v 1.588001 0.155692 -1.210125
v 1.221141 0.140963 -0.446459
v 1.588001 0.151987 -0.114925
v 1.588001 0.140963 -0.446459
v 1.221141 0.151987 -0.114925
v 1.221141 0.422566 0.120976
v 1.588001 0.422566 0.120976
v 1.588001 0.508749 0.129421
v 1.221141 0.508749 0.129421
v 1.672294 0.677808 3.007529
v 1.672294 0.714016 3.057232
v 1.060986 0.714016 3.057232
v 1.121995 0.714016 3.057232
v 1.691245 0.760231 3.098191
v 1.691245 0.714016 3.057232
v 1.121995 0.677808 3.007529
v 1.121995 0.670796 2.997320
v 1.121995 0.649099 2.911258
v 1.022296 0.753752 3.034618
v 1.022296 0.701248 2.956036
v 1.022296 0.832330 3.087123
v 1.022296 0.925021 3.105558
v 1.022296 1.017711 3.087123
v 1.022296 1.096290 3.034619
v 1.022296 1.148794 2.956038
v 1.022296 1.167233 2.863350
v 1.691245 0.702622 3.180269
v 1.060987 0.702622 3.180269
v 1.060988 0.683136 3.163054
v 1.121995 0.723586 2.668180
v 1.672294 0.723585 2.668180
v 1.672294 0.673292 2.739907
v 1.121995 0.673293 2.739907
v 1.121995 0.647626 2.823667
v 1.022296 0.753752 2.692080
v 1.022296 0.832330 2.639576
v 1.022296 0.929962 2.622121
v 1.022296 0.993661 2.697638
v 1.022296 0.941944 2.625292
v 1.022296 1.050066 2.738304
v 1.022296 0.701247 2.770658
v 1.022296 0.682811 2.863349
v 1.022296 1.147450 2.765862
v 1.022296 1.140121 2.756511
v 1.279612 0.347638 2.510529
v 1.279611 0.681280 2.542830
v 1.524310 0.347638 2.510529
v 1.524310 0.681280 2.542830
v 1.117045 0.258831 2.557101
v 1.691245 0.258831 2.557101
v 1.691245 0.347638 2.510529
v 1.117045 0.347638 2.510529
v 1.691245 0.000022 1.947137
v 1.117045 0.000022 1.947137
v 1.691245 0.098226 1.943150
v 1.588001 0.098228 1.882383
v 1.117045 0.098226 1.943150
v 1.221141 0.358433 1.522869
v 1.221141 0.444616 1.531310
v 1.221141 0.206957 1.442003
v 1.221141 0.277372 1.492406
v 1.221141 0.530048 1.517160
v 1.221141 0.608906 1.481382
v 1.221141 0.675817 1.426411
v 1.221141 0.726220 1.355996
v 1.588001 0.726220 1.355996
v 1.588001 0.151987 1.375091
v 1.588001 0.756681 1.274934
v 1.588001 0.098246 1.306079
v 1.221141 0.098246 1.306079
v 1.221141 0.151987 1.375091
v 1.221141 0.098252 1.105283
v 1.060987 1.354263 -2.026770
v 1.691245 1.354263 -2.026770
v 1.691245 1.378497 -0.992572
v 1.060987 1.378497 -0.992572
v 1.691245 1.363344 -2.462770
v 1.691245 1.263201 -2.457561
v 1.691245 1.286451 -1.398886
v 1.588001 1.265435 -2.355844
v 1.060986 1.286451 -1.398886
v 1.221141 1.265435 -2.355844
v 1.221141 1.263201 -2.457561
v 1.060986 1.263201 -2.457561
v 1.060987 1.363344 -2.462770
v 1.588001 1.128780 -2.152109
v 1.221141 1.128780 -2.152109
v 1.221141 1.190645 -2.212701
v 1.588001 1.190645 -2.212701
v 1.524310 1.233336 -1.190928
v 1.279611 1.233336 -1.190928
v 1.524310 1.286446 -1.273756
v 1.279611 1.286446 -1.273756
v 1.524310 1.176257 -1.154517
v 1.279611 1.176257 -1.154517
v 1.588001 0.754148 -2.026762
v 1.221141 0.754148 -2.026762
v 1.221141 0.721142 -2.106822
v 1.588001 0.721142 -2.106822
v 1.221141 0.882877 -2.088950
v 1.588001 0.882877 -2.088950
v 1.588001 0.799470 -2.112230
v 1.221141 0.799470 -2.112230
v 1.221141 0.668540 -2.175610
v 1.588001 0.668540 -2.175610
v 1.588001 0.724930 -2.156305
v 1.221141 0.724930 -2.156305
v 1.221141 1.053341 -2.109591
v 1.588001 1.053341 -2.109591
v 1.588001 0.969469 -2.088049
v 1.221141 0.969469 -2.088049
v 1.588001 0.667760 -1.706491
v 1.221141 0.667760 -1.706491
v 1.221141 0.720590 -1.775106
v 1.588001 0.720590 -1.775106
v 1.221141 0.753862 -1.855053
v 1.588001 0.753862 -1.855053
v 1.221141 0.765307 -1.940890
v 1.588001 0.765307 -1.940890
v 1.279611 0.986946 -1.190842
v 1.524310 0.986946 -1.190842
v 1.524310 1.044053 -1.154470
v 1.524310 1.110159 -1.139855
v 1.221141 0.614720 -1.306897
v 1.588001 0.756682 0.527669
v 1.221141 0.756682 0.527669
v 1.221141 0.765125 0.441486
v 1.588001 0.765125 0.441486
v 1.691245 0.000146 -1.947140
v 1.117045 0.000146 -1.947140
v 1.221141 0.098347 -1.943099
v 1.221141 0.098346 -1.901075
v 1.117045 0.098347 -1.943099
v 1.221141 0.098322 -1.148498
v 1.691245 0.098347 -1.943099
v 1.588001 0.098316 -0.930414
v 1.588001 0.140962 1.043558
v 1.221141 0.140962 1.043558
v 1.588001 0.151987 0.627826
v 1.588001 0.140963 0.296291
v 1.588001 0.098322 -1.148498
v 1.221141 0.151987 0.627826
v 1.221141 0.140963 0.296291
v 1.588001 0.191365 0.973145
v 1.221141 0.191365 0.973145
v 1.117044 0.500545 2.749445
v 1.691245 0.667364 -2.766300
v 1.588001 0.651493 -2.613558
v 1.691245 0.727678 -2.686189
v 1.221141 0.651493 -2.613558
v 1.060988 0.683132 -2.643722
v 1.060988 0.667364 -2.766300
v 1.588001 0.601179 -2.464073
v 1.588001 0.624458 -2.547482
v 1.221141 0.624458 -2.547482
v 1.221141 0.600279 -2.377483
v 1.588001 0.600279 -2.377483
v 1.221141 0.621820 -2.293610
v 1.588001 0.621820 -2.293610
vn 1.0000 -0.0000 -0.0000
vn -0.0000 0.9761 -0.2175
vn -0.0000 0.8433 0.5374
vn -0.0000 0.9766 0.2151
vn -1.0000 -0.0000 -0.0000
vn -0.0000 -0.2164 -0.9763
vn -0.0000 -0.9996 0.0277
vn -0.0000 0.2164 -0.9763
vn -0.0000 -0.5386 -0.8426
vn -0.0000 0.8430 -0.5379
vn -0.0000 0.5375 -0.8433
vn -0.0770 0.2206 0.9723
vn -0.0460 0.1304 0.9904
vn -0.0317 -0.3825 0.9234
vn -0.0902 -0.2002 0.9756
vn -0.0768 -0.6182 0.7823
vn -0.0000 -0.8675 0.4974
vn -0.0000 0.9974 0.0720
vn -0.0000 -0.9973 -0.0728
vn -0.0000 -0.2164 0.9763
vn -0.0000 0.2164 0.9763
vn -0.0000 0.5386 0.8426
vn -0.0000 -0.5375 0.8433
vn -0.0000 -0.8419 0.5397
vn -0.0000 1.0000 -0.0000
vn -0.0002 -0.8655 -0.5009
vn -0.0000 -0.8649 -0.5020
vn -0.0000 -0.8433 -0.5374
vn -0.0000 0.6334 0.7738
vn -0.0000 0.4150 0.9098
vn -0.0000 -0.8111 -0.5849
vn -0.0000 0.7741 -0.6331
vn -0.0000 -0.9361 -0.3517
vn -0.0000 -0.9953 -0.0973
vn -0.0000 0.8119 0.5838
vn -0.0000 -0.1642 -0.9864
vn -0.0000 0.5802 -0.8145
vn -0.0000 0.3499 -0.9368
vn -0.0000 0.0981 -0.9952
vn -0.0000 -0.0975 0.9952
vn -0.0000 -0.4138 -0.9104
vn -0.0000 -0.7739 0.6333
vn -0.0000 -0.5802 0.8145
vn -0.0000 -0.3488 0.9372
vn -0.0000 -0.6350 -0.7725
vn -0.0000 -0.9432 0.3323
vn -0.0000 -0.9033 -0.4291
vn -0.0000 -0.9829 -0.1842
vn -0.0000 0.4354 -0.9002
vn -0.0000 -0.0984 0.9951
vn -0.0000 0.6510 -0.7591
vn -0.0000 -0.9870 0.1608
vn -0.0000 -0.9095 0.4158
vn -0.0000 0.1637 0.9865
vn -0.0000 -0.7569 -0.6536
vn -0.0000 -0.5667 -0.8239
vn -0.0000 -0.3275 -0.9449
vn -0.0000 0.1754 -0.9845
vn -0.0000 -0.0764 -0.9971
vn -0.0000 0.0148 0.9999
vn -1.0000 -0.0002 0.0001
vn -1.0000 -0.0001 0.0002
vn -0.0000 -0.2899 0.9571
vn -0.0000 0.6010 0.7992
vn -0.0000 0.3269 0.9451
vn -1.0000 -0.0001 0.0003
vn -1.0000 -0.0000 0.0003
vn -1.0000 0.0001 0.0004
vn -1.0000 -0.0022 -0.0003
vn -0.0000 0.5490 0.8358
vn -0.0000 0.3576 0.9339
vn -0.0000 -0.5521 -0.8338
vn -0.0000 -0.3572 -0.9340
vn -0.0000 -0.0735 0.9973
vn -0.0000 0.1471 0.9891
vn -0.0000 -0.7218 -0.6921
vn -0.7069 -0.1810 0.6838
vn -0.7075 -0.1655 0.6870
vn 0.0052 -0.5848 0.8111
vn -0.0008 -0.5888 0.8083
vn -0.6827 -0.1425 0.7167
vn -0.7062 -0.1780 0.6853
vn 0.0043 -0.8135 0.5815
vn -0.0015 0.9974 0.0723
vn -0.7106 0.3909 0.5850
vn -0.7087 0.3877 0.5895
vn -0.7065 0.1245 0.6966
vn -0.7102 0.1332 0.6913
vn -0.7095 -0.5546 0.4347
vn 0.0001 -0.1982 0.9802
vn -0.7093 -0.5548 0.4348
vn -0.7091 -0.5529 0.4375
vn 1.0000 -0.0003 0.0005
vn 0.0005 0.9974 0.0723
vn -0.7092 -0.6909 0.1402
vn -0.7102 -0.6905 0.1375
vn -0.7101 0.6906 0.1374
vn -0.7094 0.6909 0.1392
vn -0.7100 0.6906 -0.1374
vn -0.7101 0.6905 -0.1375
vn -0.7094 0.5860 0.3915
vn -0.7101 0.5864 0.3896
vn -1.0000 -0.0060 -0.0021
vn -0.9999 0.0140 0.0016
vn 1.0000 0.0003 -0.0000
vn 1.0000 0.0003 -0.0001
vn -0.0000 -0.8010 0.5986
vn -0.0000 -0.5760 0.8174
vn 1.0000 0.0003 0.0001
vn -0.6817 -0.4110 0.6052
vn -0.6758 -0.4081 0.6138
vn 1.0000 0.0003 0.0002
vn 1.0000 0.0006 -0.0001
vn 1.0000 -0.0005 -0.0014
vn -0.0000 -0.9453 0.3261
vn -0.0000 -0.9799 0.1995
vn -0.6760 -0.6142 0.4073
vn -0.0000 -0.9459 -0.3245
vn 1.0000 0.0003 -0.0002
vn -0.0000 -0.8510 -0.5251
vn -0.7099 0.5856 -0.3913
vn -0.7092 0.5872 -0.3901
vn -0.7091 0.3917 -0.5863
vn -0.7110 0.3864 -0.5875
vn -0.0047 0.9451 0.3269
vn -0.0000 0.9446 0.3283
vn -0.0000 0.7221 0.6918
vn -0.0000 0.8529 0.5220
vn -0.0000 0.8529 0.5221
vn -0.0000 -0.6641 0.7476
vn -0.0000 -0.6633 0.7484
vn 0.0037 -0.6641 0.7476
vn -1.0000 -0.0002 0.0002
vn -1.0000 -0.0013 -0.0020
vn 1.0000 0.0007 0.0003
vn -0.0000 -0.4847 0.8747
vn 0.0043 -0.4858 0.8740
vn -0.0000 -0.2842 0.9588
vn -0.0000 -0.1477 -0.9890
vn -0.0000 0.0699 -0.9976
vn -0.7091 -0.5863 -0.3917
vn -0.7098 -0.5867 -0.3898
vn -0.7090 -0.1376 -0.6917
vn -0.7109 -0.1424 -0.6887
vn -0.7105 0.1373 -0.6902
vn -0.7085 0.1429 -0.6911
vn -0.7103 -0.3910 -0.5852
vn -0.7084 -0.3878 -0.5897
vn -0.7098 -0.6909 -0.1374
vn -0.7109 -0.6904 -0.1343
vn -0.0000 0.4877 -0.8730
vn -0.0000 0.2801 -0.9600
vn 0.0015 0.9446 0.3283
vn -0.0000 0.9451 0.3269
vn -1.0000 0.0013 0.0003
vn 0.0002 -1.0000 -0.0004
vn -0.0001 -0.9935 0.1136
vn -0.0000 -0.9935 0.1135
vn -0.0000 -0.9227 0.3855
vn 0.0003 0.9107 0.4132
vn -0.0000 0.9100 0.4145
vn -0.0000 0.7329 -0.6803
vn -0.0000 -0.8773 0.4800
vn -0.0002 -1.0000 -0.0000
vn -0.0000 -0.8894 0.4572
vn -0.0000 0.4756 -0.8797
vn -0.0000 0.8894 -0.4571
vn 0.0136 -0.8865 0.4625
vn -0.0000 -0.8889 0.4581
vn -0.0040 -0.8896 0.4567
vn -0.0000 0.9934 0.1147
vn -0.0000 0.9241 -0.3821
vn -0.0000 0.9947 -0.1030
vn -0.0000 -0.8866 0.4624
vn 0.0037 -0.8889 0.4581
vn -0.0002 -0.8893 0.4572
vn -0.0000 -0.8134 -0.5817
vn 0.0001 -0.8132 -0.5821
vn -1.0000 -0.0000 0.0001
vn 0.0001 -0.4132 -0.9107
vn -0.0001 -0.4136 -0.9105
vn -0.0008 -0.1634 -0.9866
vn 0.0002 -0.1592 -0.9872
vn -0.0000 -0.6348 -0.7727
vn 0.0001 -0.6346 -0.7729
vn -0.0000 0.7890 -0.6144
vn -0.0000 0.7727 -0.6348
vn 0.0005 0.7740 -0.6332
vn -0.0000 -1.0000 -0.0000
vn -0.0003 -1.0000 -0.0001
vn -1.0000 -0.0004 0.0006
vn -0.0000 -1.0000 -0.0001
vn 0.0001 -1.0000 -0.0000
vn -0.0000 0.8778 0.4790
vn -0.0000 0.7297 0.6837
vn -0.0000 -0.2313 0.9729
vn -0.0000 0.0366 0.9993
vn -0.0000 -0.9935 0.1136
vn 0.0001 -0.9935 0.1135
vn -0.0000 0.5247 0.8513
vn -0.0000 0.2809 0.9597
vn -0.0010 0.0975 -0.9952
vn -0.0010 0.0976 -0.9952
vn -0.0000 -0.9577 0.2878
vn 0.0006 0.5821 -0.8131
vn -0.0012 0.5759 -0.8175
vn -0.0013 0.3518 -0.9361
vn -0.0010 0.3529 -0.9356
vn -0.0000 -0.6911 0.7227
vn -0.0000 -0.4756 0.8797
vn -0.0000 -0.8539 0.5205
vn 1.0000 -0.0004 -0.0002
vn 1.0000 -0.0001 -0.0000
vn 1.0000 0.0003 0.0004
vn -0.0000 0.2322 -0.9727
vn -0.0000 -0.0244 -0.9997
vn -0.0000 0.6847 -0.7288
vn -1.0000 -0.0001 -0.0002
vn -1.0000 -0.0000 0.0002
vn -0.0000 -0.8796 -0.4758
vn -0.0000 -0.9727 -0.2319
vn -0.0000 -0.7277 -0.6859
vn -0.0000 -0.9650 -0.2624
vn -0.0000 -0.9855 0.1695
vn -0.0000 -0.8693 0.4942
vn -0.0000 -0.5761 0.8174
vn -0.0000 -0.2513 0.9679
vn -0.0000 0.4992 0.8665
vn -0.0000 0.8206 0.5715
vn 1.0000 0.0005 0.0009
vn 0.9991 0.0388 0.0145
vn -0.0000 0.9636 0.2675
vn -0.9999 -0.0099 -0.0037
vn -0.0000 -0.2809 -0.9597
vn -0.0000 0.1560 0.9878
vn -0.0000 -0.5247 -0.8513
vn -1.0000 0.0001 -0.0000
vn -1.0000 0.0001 -0.0001
vn -1.0000 -0.0000 -0.0001
vn -1.0000 -0.0000 -0.0002
vn -1.0000 -0.0000 -0.0005
vn 1.0000 -0.0003 0.0002
vn 1.0000 -0.0002 0.0003
vn 1.0000 -0.0001 0.0005
vn 1.0000 0.0001 0.0007
vn 1.0000 -0.0002 0.0019
vn 1.0000 -0.0004 0.0001
vn -0.0000 -0.9917 0.1289
vn -0.0000 -0.9912 -0.1322
vn -0.0000 -0.9232 -0.3842
vn -0.0000 0.9767 0.2146
vn -0.0000 0.9760 -0.2177
vn -0.0000 0.2152 0.9766
vn -0.0000 -0.7924 -0.6101
vn -0.0000 0.5090 -0.8608
vn -0.0000 -0.7944 0.6074
vn -0.0000 0.2688 -0.9632
vn -0.0000 -0.4910 -0.8712
vn -0.0000 0.0104 -0.9999
vn -0.0000 -0.2488 -0.9686
vn -0.0000 0.8435 -0.5371
vn -0.0000 -0.8251 0.5650
vn -0.0000 -0.6507 0.7593
vn -0.0000 0.8427 0.5384
vn -0.0000 0.5382 0.8428
vn -0.0000 -0.2152 0.9766
vn -0.0000 -0.5382 0.8428
vn -0.0000 0.9998 -0.0220
vn -0.0000 -0.8387 0.5446
vn -0.0000 -0.8427 0.5384
vn -0.0000 -0.6997 -0.7144
vn -0.0000 -0.9997 0.0234
vn -0.0000 -0.8433 -0.5375
vn -0.0000 -0.9245 0.3811
vn -0.0000 -0.8386 -0.5447
vn -0.0000 0.8484 0.5294
vn -0.0000 0.5238 0.8518
vn -0.0000 -0.8434 0.5373
vn -0.0000 -0.8422 -0.5391
vn -0.0000 -0.2158 -0.9764
vn -0.0000 -0.5394 -0.8420
vn -0.0000 -0.5227 0.8525
vn -0.0000 -0.8286 0.5598
vn -0.0000 0.2158 -0.9764
vn -0.0003 1.0000 -0.0000
vn -0.0000 -0.8313 -0.5559
vn 0.0002 1.0000 -0.0000
vn -0.0000 -1.0000 0.0029
vn 0.0001 1.0000 -0.0000
vn 0.0001 0.5372 -0.8435
vn -0.0000 0.5369 -0.8436
vn -0.0000 0.9764 0.2161
vn -0.0000 -0.9952 -0.0975
vn -0.0000 -0.2158 0.9764
vn -0.0000 0.5383 -0.8428
vn -0.0000 0.9758 -0.2186
vn -0.0000 0.8434 -0.5373
vn -0.0000 0.2159 -0.9764
vn -0.0000 -0.2166 -0.9763
vn -0.0000 0.2158 0.9764
vn -0.0000 -0.9970 0.0768
vn -0.0000 -0.5378 -0.8431
vn -0.0000 0.8223 0.5690
vn -0.0000 0.7924 -0.6100
vn -0.0000 0.8207 0.5713
vn -0.0000 0.8131 0.5821
vn -0.0000 0.8183 0.5747
vn -0.0000 0.8251 -0.5650
vn -0.0000 0.7903 -0.6127
vn -0.0000 0.7319 0.6814
vn -0.0000 0.7939 -0.6081
vn -0.0000 0.6317 0.7752
vn -0.0000 0.1634 0.9866
vn -0.0000 -0.8120 -0.5836
vn -0.0000 0.8151 0.5793
vn -0.0000 0.4124 0.9110
vn -0.0000 -0.7777 0.6286
vn -0.0000 -0.5804 0.8144
vn -0.0000 -0.9358 -0.3526
vn -0.0000 -0.6410 -0.7676
vn -0.0000 0.5804 -0.8144
vn -0.0000 -0.4112 -0.9116
vn -0.0000 -0.1550 -0.9879
vn -0.0000 0.3594 -0.9332
vn -0.0000 0.7707 -0.6372
vn -0.0001 -0.9361 -0.3518
vn -0.0000 -0.9360 -0.3521
vn -0.0000 -0.9952 -0.0979
vn -0.0001 -0.9952 -0.0975
vn -0.0000 -0.9107 0.4130
vn -0.0000 -0.9869 0.1612
vn -0.0000 0.6328 0.7743
vn -0.0000 -0.1030 0.9947
vn -0.0000 0.0900 -0.9959
vn -0.0000 -0.9085 0.4179
vn -0.0000 -0.9869 0.1613
vn -0.0000 -0.7726 0.6349
vn -0.0000 -0.3471 0.9378
vn -0.0000 0.1670 0.9859
vn -0.0000 -0.9262 -0.3771
vn -0.0000 -0.7919 -0.6106
vn 0.0417 0.5480 0.8354
vn -0.0000 0.5035 0.8640
vn -0.0279 0.4912 0.8706
vn -0.0738 0.5828 0.8092
vn -0.0000 0.7950 0.6066
vn -0.0000 0.6071 0.7947
vn -0.0000 -0.3826 -0.9239
vn -0.0000 -0.6071 -0.7947
vn -0.0000 0.7919 -0.6106
vn -0.0000 0.6071 -0.7947
vn -0.0000 0.1329 -0.9911
vn -0.0000 0.3826 -0.9239
vn -0.0000 -0.1329 -0.9911
vn -0.0230 -0.9871 -0.1581
vn -0.0000 -0.9835 -0.1807
vn -0.0000 0.9916 0.1293
vn -0.0000 0.9248 -0.3805
vn -0.0000 0.9236 0.3834
vn -0.0000 0.9916 -0.1293
vn -0.0304 -0.9966 0.0762
vn -0.0560 -0.9983 -0.0184
vn -0.0412 -0.9792 -0.1984
vn -0.0913 -0.9244 0.3703
vn -0.0225 -0.7921 0.6099
vn 1.0000 -0.0000 0.0003
vn 1.0000 -0.0000 0.0001
vn -0.0000 0.8188 0.5741
vn 1.0000 -0.0001 0.0002
vn -1.0000 -0.0002 0.0007
vn -1.0000 -0.0001 0.0010
vn -1.0000 0.0001 0.0002
vn -0.0000 -0.8057 0.5923
vn 0.0011 -0.8240 0.5666
vn -0.0082 -0.8201 0.5721
vn -0.9995 0.0308 -0.0078
vn -0.0000 -0.8067 0.5909
vn -0.0084 -0.8082 0.5888
vn -0.0000 -0.8246 0.5657
vn -0.0000 0.2591 -0.9659
vn -1.0000 -0.0004 0.0008
vn -0.0000 -0.8712 0.4910
vn 1.0000 0.0001 0.0002
vn 1.0000 0.0001 0.0001
vn 1.0000 -0.0000 -0.0001
vn 1.0000 -0.0001 0.0003
vn -0.0000 0.3565 -0.9343
vn -0.0000 0.3564 -0.9343
vn -0.0000 -0.1674 -0.9859
vn -0.0000 -0.8168 -0.5770
vn -0.0000 0.8702 -0.4927
vn -0.0000 -0.4946 -0.8691
vn -0.0000 0.9561 0.2930
vn -0.0000 0.9562 0.2927
vn -0.0000 0.9999 -0.0168
vn 0.0001 0.9999 -0.0164
vn -1.0000 0.0051 -0.0001
vn 0.0025 -0.8243 0.5661
vn 0.0021 -0.8244 0.5661
vn 0.0001 0.9697 -0.2445
vn 0.0001 0.9696 -0.2446
vn -0.0945 -0.8021 0.5896
vn -0.0000 -0.8244 0.5661
vn 0.0001 0.8240 -0.5666
vn -0.0000 0.8240 -0.5666
vn -0.0041 -0.8238 0.5669
vn 0.0002 -0.8243 0.5662
vn -0.0002 -0.8245 0.5659
vn -0.0008 1.0000 0.0002
vn -0.0000 0.6619 -0.7496
vn -0.0000 0.6618 -0.7496
vn 0.0026 -0.8015 0.5980
vn -0.0000 0.6621 -0.7494
vn -0.0000 0.8047 -0.5936
vn -0.0000 0.8047 -0.5937
vn -0.0000 -0.8083 0.5888
vn 0.0011 -0.8076 0.5897
vn -0.0000 0.8241 -0.5664
vn 1.0000 -0.0001 -0.0001
vn 1.0000 -0.0002 0.0001
vn -0.0000 0.9999 0.0104
vn -0.0000 0.9255 0.3787
vn -0.0000 0.9686 -0.2488
vn -0.0000 0.9630 0.2697
vn -0.0002 0.9632 0.2688
vn 1.0000 -0.0042 -0.0006
vn -0.0000 0.1353 -0.9908
vn -0.0000 0.6051 -0.7962
vn -0.0000 0.3895 -0.9210
vn -0.0000 -0.3767 0.9263
vn -0.0000 -0.1353 0.9908
vn -0.0000 0.6891 0.7246
vn -0.0000 -0.6903 -0.7236
vn 0.0161 -0.6873 -0.7262
vn 0.0005 -0.6904 -0.7234
vn -0.0019 -0.6901 -0.7237
vn -0.0000 -0.6900 -0.7238
vn -0.0000 -0.6106 -0.7919
vn 1.0000 -0.0002 -0.0007
vn 1.0000 -0.0012 -0.0018
vn -0.0007 -0.1839 0.9829
vn -0.0015 -0.1803 0.9836
vn 1.0000 -0.0000 -0.0002
vn 1.0000 -0.0000 -0.0004
vn -0.0015 0.3322 0.9432
vn -0.0011 0.3306 0.9438
vn 1.0000 -0.0002 -0.0009
vn -0.0000 -1.0000 0.0001
vn -0.0003 -1.0000 -0.0000
vn 0.0011 -1.0000 0.0001
vn -0.0000 -0.1353 -0.9908
vn -0.0011 0.0768 0.9970
vn -0.0007 0.0751 0.9972
vn -0.0015 -0.4320 0.9019
vn -0.0000 -0.4376 0.8992
vn -0.0014 0.5695 0.8220
vn -0.0000 0.5646 0.8254
vn 1.0000 -0.0002 0.0006
vn 1.0000 -0.0000 0.0002
vn -0.0000 0.9252 -0.3795
vn -0.0000 -0.3767 -0.9263
vn -0.0000 0.7948 -0.6069
vn -0.0000 0.7598 0.6501
vn -0.0000 0.7598 0.6502
vn -1.0000 -0.0059 -0.0065
vn 1.0000 -0.0006 0.0005
vn 1.0000 -0.0006 -0.0006
vn 1.0000 -0.0002 -0.0006
vn -0.0000 -0.9229 -0.3852
vn -0.0000 -0.9926 -0.1211
vn 0.0006 0.9506 -0.3105
vn -0.0000 0.9491 -0.3149
vn -0.0000 0.9941 0.1088
vn -1.0000 -0.0003 0.0002
vn -1.0000 -0.0000 -0.0019
vn -0.0000 -0.6128 0.7902
vn -0.0000 -0.6874 -0.7263
vn -1.0000 -0.0010 0.0006
vn -1.0000 -0.0001 -0.0001
vn -1.0000 -0.0002 -0.0001
vn -1.0000 -0.0002 -0.0000
vn 1.0000 0.0033 -0.0000
vn 1.0000 -0.0023 0.0009
vn -0.0000 -0.7900 -0.6131
vn -0.0000 0.9236 0.3833
vn -0.0000 0.3802 0.9249
vn -0.0000 0.1201 0.9928
vn -0.0000 0.3895 0.9210
vn -0.0000 0.6891 0.7247
vn 0.0004 -0.6906 -0.7233
vn -0.0000 -0.6904 -0.7234
vn 0.0010 -1.0000 -0.0000
vn 0.0017 -0.9924 -0.1230
vn -0.0000 0.7944 0.6074
vn -0.0000 0.2672 -0.9636
vn -0.0000 -0.7122 0.7020
vn -0.0000 0.5127 -0.8586
vn -0.0000 -0.2474 -0.9689
vn -0.0000 -0.2657 0.9641
vn -0.0000 -0.0109 0.9999
vn -0.0000 0.8713 -0.4908
vn -0.0000 0.0071 -1.0000
vn -0.0000 0.0070 -1.0000
vn -0.0000 -0.4908 -0.8713
vn -0.0013 -0.4921 -0.8705
vn -0.0000 0.2498 0.9683
vn -0.0000 -0.4921 -0.8705
vn 1.0000 0.0001 -0.0000
vn -0.0000 0.4916 0.8708
vn -0.0000 -0.5095 0.8605
vn -0.0000 0.4909 0.8712
vn -0.0000 0.4907 0.8713
vn 1.0000 0.0004 -0.0004
vn 1.0000 0.0009 0.0001
vn 1.0000 -0.0007 -0.0001
vn -0.0000 0.7143 -0.6998
vn 0.0004 -0.6890 -0.7247
vn -0.0000 -0.6883 -0.7254
vn 1.0000 0.0006 0.0001
vn 1.0000 0.0002 -0.0001
vn 1.0000 0.0003 -0.0007
vn -1.0000 -0.0001 -0.0003
vn -1.0000 -0.0000 -0.0003
vn -1.0000 -0.0002 -0.0004
vn -1.0000 0.0001 -0.0002
vn -1.0000 0.0002 -0.0001
vn -1.0000 -0.0006 -0.0010
vn -0.0000 0.7144 -0.6997
vn -0.0000 0.8712 -0.4910
vn -1.0000 0.0007 0.0009
vn -1.0000 0.0002 -0.0000
vn -0.0000 -0.9707 0.2403
vn -0.0000 -0.9998 -0.0208
vn -0.0000 -0.8704 0.4924
vn 0.0002 0.9686 -0.2487
vn -0.0000 0.9685 -0.2488
vn -1.0000 -0.0052 -0.0009
vn 0.0006 0.9998 -0.0214
vn -1.0000 0.0002 0.0001
vn -1.0000 0.0021 0.0009
vn -0.0014 -0.6890 -0.7247
vn 1.0000 0.0011 0.0004
vn -1.0000 0.0001 -0.0007
vn -0.0000 -0.8608 -0.5089
vn 1.0000 -0.0015 -0.0000
vn -1.0000 -0.0031 -0.0032
vn -1.0000 0.0012 0.0002
vn -0.0000 -0.9128 -0.4085
vn -0.0000 0.9686 -0.2487
s 0
f 16//1 21//1 13//1
f 21//1 16//1 1//1
f 21//1 1//1 5//1
f 19//2 24//2 23//2
f 19//2 23//2 20//2
f 22//3 18//3 15//3
f 22//3 15//3 14//3
f 18//4 22//4 24//4
f 18//4 24//4 19//4
f 11//1 13//1 21//1
f 11//1 21//1 8//1
f 3//5 12//5 10//5
f 3//5 10//5 9//5
f 19//5 20//5 3//5
f 19//5 3//5 18//5
f 17//5 12//5 3//5
f 17//5 3//5 2//5
f 21//1 23//1 24//1
f 21//1 24//1 22//1
f 21//1 22//1 14//1
f 21//1 14//1 8//1
f 27//5 4//5 3//5
f 3//5 29//5 31//5
f 3//5 31//5 27//5
f 31//6 30//6 21//6
f 31//6 21//6 27//6
f 572//7 573//7 570//7
f 572//7 570//7 571//7
f 30//8 31//8 29//8
f 30//8 29//8 28//8
f 26//5 29//5 3//5
f 26//5 3//5 20//5
f 27//9 21//9 5//9
f 27//9 5//9 4//9
f 25//10 26//10 20//10
f 25//10 20//10 23//10
f 28//11 29//11 26//11
f 28//11 26//11 25//11
f 21//1 30//1 28//1
f 21//1 28//1 25//1
f 23//1 21//1 25//1
f 15//5 18//5 3//5
f 15//5 3//5 9//5
f 564//12 565//12 563//12
f 564//13 563//13 562//13
f 560//14 561//14 562//14
f 560//15 562//15 563//15
f 560//16 566//16 561//16
f 569//5 567//5 2//5
f 569//5 2//5 3//5
f 567//17 568//17 1//17
f 567//17 1//17 2//17
f 559//18 556//18 555//18
f 556//18 557//18 554//18
f 556//18 554//18 555//18
f 552//19 553//19 550//19
f 552//19 550//19 551//19
f 558//5 550//5 554//5
f 558//18 554//18 557//18
f 559//1 555//1 552//1
f 559//1 552//1 551//1
f 553//5 554//5 550//5
f 12//20 13//20 11//20
f 12//20 11//20 10//20
f 10//21 11//21 8//21
f 10//21 8//21 9//21
f 14//22 15//22 9//22
f 14//22 9//22 8//22
f 17//23 16//23 13//23
f 17//23 13//23 12//23
f 16//24 17//24 2//24
f 16//24 2//24 1//24
f 554//25 569//25 7//25
f 554//25 7//25 555//25
f 7//26 569//26 3//26
f 7//27 3//27 6//27
f 4//28 5//28 6//28
f 4//28 6//28 3//28
f 568//25 555//25 7//25
f 568//1 7//1 6//1
f 568//1 6//1 1//1
f 6//1 5//1 1//1
f 74//1 75//1 593//1
f 74//1 593//1 73//1
f 76//1 593//1 75//1
f 594//5 68//5 66//5
f 594//5 66//5 67//5
f 72//1 73//1 593//1
f 72//1 593//1 69//1
f 64//29 77//29 78//29
f 64//29 78//29 65//29
f 77//30 64//30 51//30
f 77//30 51//30 50//30
f 70//1 596//1 593//1
f 70//1 593//1 76//1
f 69//1 593//1 55//1
f 594//5 67//5 61//5
f 594//5 61//5 59//5
f 65//5 595//5 594//5
f 65//5 594//5 64//5
f 60//5 63//5 594//5
f 60//5 594//5 59//5
f 594//5 52//5 48//5
f 594//5 48//5 51//5
f 64//5 594//5 51//5
f 68//31 69//31 55//31
f 68//31 55//31 66//31
f 594//32 596//32 70//32
f 594//32 70//32 71//32
f 54//33 67//33 66//33
f 54//33 66//33 55//33
f 56//34 61//34 67//34
f 56//34 67//34 54//34
f 593//35 595//35 65//35
f 593//35 65//35 78//35
f 85//5 84//5 594//5
f 85//5 594//5 71//5
f 73//36 82//36 83//36
f 73//36 83//36 74//36
f 594//5 82//5 81//5
f 594//5 81//5 68//5
f 594//5 84//5 83//5
f 594//5 83//5 82//5
f 76//37 85//37 71//37
f 76//37 71//37 70//37
f 75//38 84//38 85//38
f 75//38 85//38 76//38
f 74//39 83//39 84//39
f 74//39 84//39 75//39
f 599//40 600//40 597//40
f 599//40 597//40 598//40
f 72//41 81//41 82//41
f 72//41 82//41 73//41
f 80//42 63//42 60//42
f 80//42 60//42 57//42
f 79//1 80//1 593//1
f 79//1 593//1 53//1
f 63//43 80//43 79//43
f 63//43 79//43 62//43
f 62//44 79//44 53//44
f 62//44 53//44 52//44
f 57//1 593//1 80//1
f 81//45 72//45 69//45
f 81//45 69//45 68//45
f 49//1 53//1 593//1
f 49//1 593//1 50//1
f 593//1 78//1 77//1
f 593//1 77//1 50//1
f 578//1 582//1 583//1
f 578//1 583//1 581//1
f 583//46 584//46 585//46
f 583//46 585//46 581//46
f 36//1 39//1 578//1
f 36//1 578//1 35//1
f 578//1 581//1 577//1
f 578//1 577//1 35//1
f 591//5 592//5 575//5
f 591//5 575//5 590//5
f 588//5 575//5 584//5
f 575//5 588//5 586//5
f 575//5 586//5 587//5
f 589//5 590//5 575//5
f 589//5 575//5 587//5
f 42//1 580//1 579//1
f 42//1 579//1 578//1
f 576//5 575//5 33//5
f 32//47 36//47 35//47
f 32//47 35//47 33//47
f 33//5 575//5 574//5
f 33//5 574//5 32//5
f 32//5 574//5 34//5
f 40//1 41//1 578//1
f 40//1 578//1 38//1
f 42//1 578//1 41//1
f 577//48 576//48 33//48
f 577//48 33//48 35//48
f 578//1 39//1 37//1
f 578//1 37//1 38//1
f 585//5 584//5 575//5
f 585//5 575//5 576//5
f 41//49 45//49 47//49
f 41//49 47//49 42//49
f 593//1 56//1 54//1
f 593//1 54//1 55//1
f 52//50 53//50 49//50
f 52//50 49//50 48//50
f 574//51 580//51 42//51
f 574//51 42//51 47//51
f 58//52 59//52 61//52
f 58//52 61//52 56//52
f 594//5 63//5 62//5
f 594//5 62//5 52//5
f 593//1 57//1 58//1
f 593//1 58//1 56//1
f 57//53 60//53 59//53
f 57//53 59//53 58//53
f 50//54 51//54 48//54
f 50//54 48//54 49//54
f 34//55 39//55 36//55
f 34//55 36//55 32//55
f 574//5 44//5 43//5
f 574//5 43//5 34//5
f 43//56 37//56 39//56
f 43//56 39//56 34//56
f 37//57 43//57 44//57
f 37//57 44//57 38//57
f 40//58 46//58 45//58
f 40//58 45//58 41//58
f 38//59 44//59 46//59
f 38//59 46//59 40//59
f 574//5 45//5 46//5
f 574//5 46//5 44//5
f 45//5 574//5 47//5
f 155//60 154//60 151//60
f 155//60 151//60 150//60
f 601//61 156//61 157//61
f 601//62 157//62 152//62
f 156//61 601//61 86//61
f 154//63 155//63 152//63
f 154//63 152//63 153//63
f 121//5 146//5 120//5
f 121//5 120//5 119//5
f 621//64 622//64 148//64
f 621//64 148//64 149//64
f 150//65 151//65 149//65
f 150//65 149//65 148//65
f 154//1 160//1 161//1
f 154//1 161//1 158//1
f 159//1 162//1 149//1
f 159//1 149//1 151//1
f 153//1 163//1 160//1
f 153//1 160//1 154//1
f 158//1 159//1 151//1
f 158//1 151//1 154//1
f 601//66 152//66 155//66
f 601//67 155//67 150//67
f 148//68 601//68 150//68
f 622//5 623//5 601//5
f 622//69 601//69 148//69
f 92//70 144//70 121//70
f 92//70 121//70 93//70
f 91//71 142//71 144//71
f 91//71 144//71 92//71
f 146//72 147//72 145//72
f 146//72 145//72 120//72
f 147//73 146//73 139//73
f 147//73 139//73 138//73
f 89//74 132//74 143//74
f 89//74 143//74 90//74
f 142//5 143//5 136//5
f 142//5 136//5 139//5
f 131//5 136//5 143//5
f 131//5 143//5 132//5
f 90//75 143//75 142//75
f 90//75 142//75 91//75
f 99//71 125//71 141//71
f 99//71 141//71 101//71
f 139//5 146//5 144//5
f 139//5 144//5 142//5
f 121//5 144//5 146//5
f 145//1 125//1 124//1
f 145//1 124//1 114//1
f 120//76 145//76 114//76
f 120//76 114//76 113//76
f 147//1 138//1 141//1
f 147//1 141//1 125//1
f 147//1 125//1 145//1
f 630//77 628//77 158//77
f 630//78 158//78 161//78
f 631//79 629//79 165//79
f 631//80 165//80 164//80
f 161//81 160//81 165//81
f 630//82 161//82 165//82
f 630//83 165//83 629//83
f 123//84 558//84 557//84
f 159//85 627//85 626//85
f 159//86 626//86 162//86
f 158//87 628//87 627//87
f 158//88 627//88 159//88
f 164//89 170//89 635//89
f 164//90 635//90 631//90
f 171//91 634//91 635//91
f 171//92 635//92 170//92
f 115//93 97//93 556//93
f 115//94 556//94 559//94
f 617//95 634//95 171//95
f 617//96 171//96 97//96
f 166//97 632//97 633//97
f 166//98 633//98 167//98
f 167//99 633//99 611//99
f 167//100 611//100 110//100
f 162//101 626//101 632//101
f 162//102 632//102 166//102
f 118//103 123//103 557//103
f 118//104 557//104 86//104
f 609//105 625//105 167//105
f 609//106 167//106 110//106
f 156//107 169//107 168//107
f 156//107 168//107 157//107
f 157//108 168//108 153//108
f 157//108 153//108 152//108
f 625//109 624//109 166//109
f 625//109 166//109 167//109
f 164//110 165//110 160//110
f 164//111 160//111 163//111
f 162//112 166//112 621//112
f 162//113 621//113 149//113
f 624//112 621//112 166//112
f 172//114 556//114 97//114
f 172//1 97//1 171//1
f 86//115 172//115 169//115
f 86//115 169//115 156//115
f 557//116 556//116 172//116
f 557//116 172//116 86//116
f 169//1 172//1 171//1
f 169//1 171//1 168//1
f 168//1 163//1 153//1
f 168//1 171//1 170//1
f 168//1 170//1 163//1
f 163//117 170//117 164//117
f 97//1 115//1 116//1
f 97//1 116//1 98//1
f 117//5 118//5 86//5
f 117//5 86//5 93//5
f 113//5 119//5 120//5
f 551//118 550//118 112//118
f 551//118 112//118 111//118
f 607//119 608//119 110//119
f 607//119 110//119 109//119
f 609//106 110//106 608//106
f 113//120 114//120 111//120
f 113//120 111//120 112//120
f 122//5 119//5 113//5
f 122//5 113//5 112//5
f 110//121 611//121 610//121
f 110//122 610//122 109//122
f 109//123 610//123 612//123
f 109//124 612//124 107//124
f 558//125 123//125 118//125
f 558//126 118//126 122//126
f 93//127 121//127 119//127
f 93//127 119//127 117//127
f 112//5 550//5 558//5
f 112//5 558//5 122//5
f 117//128 119//128 122//128
f 117//129 122//129 118//129
f 94//1 109//1 107//1
f 94//1 107//1 108//1
f 603//130 604//130 94//130
f 603//130 94//130 95//130
f 602//131 606//131 605//131
f 602//132 605//132 87//132
f 96//1 97//1 98//1
f 92//5 93//5 86//5
f 92//5 86//5 91//5
f 86//133 601//133 602//133
f 86//134 602//134 87//134
f 88//5 89//5 86//5
f 88//5 86//5 87//5
f 90//5 91//5 86//5
f 90//5 86//5 89//5
f 106//1 108//1 107//1
f 101//1 105//1 104//1
f 101//1 104//1 102//1
f 604//119 607//119 109//119
f 604//135 109//135 94//135
f 106//1 107//1 104//1
f 106//1 104//1 105//1
f 99//1 100//1 97//1
f 99//1 97//1 96//1
f 102//1 103//1 99//1
f 102//1 99//1 101//1
f 100//1 99//1 103//1
f 108//136 134//136 95//136
f 108//136 95//136 94//136
f 128//1 619//1 95//1
f 128//1 95//1 134//1
f 95//1 619//1 620//1
f 95//1 620//1 603//1
f 134//1 135//1 130//1
f 134//1 130//1 128//1
f 87//137 605//137 133//137
f 87//136 133//136 88//136
f 88//138 133//138 132//138
f 88//138 132//138 89//138
f 133//5 605//5 618//5
f 133//5 618//5 129//5
f 101//75 141//75 140//75
f 101//75 140//75 105//75
f 105//74 140//74 135//74
f 105//74 135//74 106//74
f 106//138 135//138 134//138
f 106//138 134//138 108//138
f 135//1 140//1 137//1
f 135//1 137//1 130//1
f 138//139 139//139 136//139
f 138//139 136//139 137//139
f 137//140 136//140 131//140
f 137//140 131//140 130//140
f 140//1 141//1 138//1
f 140//1 138//1 137//1
f 132//5 133//5 129//5
f 132//5 129//5 131//5
f 103//141 615//141 616//141
f 103//142 616//142 100//142
f 126//1 559//1 551//1
f 126//1 551//1 111//1
f 127//1 126//1 111//1
f 96//70 124//70 125//70
f 96//70 125//70 99//70
f 104//143 613//143 614//143
f 104//144 614//144 102//144
f 107//145 612//145 613//145
f 107//146 613//146 104//146
f 102//147 614//147 615//147
f 102//148 615//148 103//148
f 100//149 616//149 617//149
f 100//150 617//150 97//150
f 618//151 619//151 128//151
f 618//151 128//151 129//151
f 130//152 131//152 129//152
f 130//152 129//152 128//152
f 98//127 127//127 124//127
f 98//127 124//127 96//127
f 116//129 126//129 127//129
f 116//129 127//129 98//129
f 115//153 559//153 126//153
f 115//154 126//154 116//154
f 114//1 124//1 127//1
f 114//1 127//1 111//1
f 245//155 192//155 647//155
f 245//156 647//156 646//156
f 245//157 646//157 243//157
f 245//158 243//158 246//158
f 246//159 243//159 237//159
f 246//159 237//159 239//159
f 646//5 644//5 241//5
f 646//5 241//5 243//5
f 204//160 244//160 647//160
f 204//161 647//161 192//161
f 238//162 209//162 182//162
f 238//162 182//162 181//162
f 245//5 238//5 181//5
f 245//5 181//5 192//5
f 207//159 240//159 247//159
f 207//159 247//159 208//159
f 207//163 209//163 240//163
f 244//1 204//1 206//1
f 244//164 206//164 648//164
f 245//5 246//5 239//5
f 245//5 239//5 238//5
f 236//1 242//1 247//1
f 236//1 247//1 240//1
f 242//1 645//1 648//1
f 242//1 648//1 247//1
f 235//5 641//5 642//5
f 235//5 642//5 237//5
f 209//165 238//165 233//165
f 209//165 233//165 234//165
f 205//166 210//166 180//166
f 205//166 180//166 179//166
f 640//167 641//167 235//167
f 640//167 235//167 236//167
f 638//168 233//168 237//168
f 638//169 237//169 642//169
f 237//170 233//170 238//170
f 237//163 238//163 239//163
f 231//171 234//171 233//171
f 231//171 233//171 232//171
f 241//172 242//172 236//172
f 241//172 236//172 235//172
f 644//173 645//173 242//173
f 644//173 242//173 241//173
f 243//5 241//5 235//5
f 243//5 235//5 237//5
f 636//174 643//174 234//174
f 643//175 240//175 209//175
f 643//176 209//176 234//176
f 240//1 643//1 640//1
f 240//1 640//1 236//1
f 656//177 657//177 254//177
f 656//178 254//178 655//178
f 657//5 659//5 658//5
f 657//67 658//67 254//67
f 253//5 254//5 658//5
f 253//179 658//179 252//179
f 252//180 653//180 654//180
f 252//181 654//181 253//181
f 249//182 650//182 653//182
f 249//183 653//183 252//183
f 253//184 654//184 655//184
f 253//185 655//185 254//185
f 249//179 252//179 658//179
f 249//179 658//179 248//179
f 660//186 661//186 662//186
f 660//186 662//186 658//186
f 658//187 662//187 651//187
f 658//188 651//188 250//188
f 648//189 663//189 661//189
f 648//190 661//190 244//190
f 658//191 250//191 251//191
f 658//62 251//62 248//62
f 244//192 661//192 660//192
f 244//193 660//193 647//193
f 191//194 193//194 204//194
f 191//194 204//194 192//194
f 190//195 194//195 193//195
f 190//195 193//195 191//195
f 186//196 201//196 202//196
f 186//196 202//196 187//196
f 187//197 202//197 198//197
f 187//197 198//197 188//197
f 208//198 247//198 648//198
f 208//199 648//199 206//199
f 189//200 197//200 194//200
f 189//200 194//200 190//200
f 188//201 198//201 197//201
f 188//201 197//201 189//201
f 248//202 649//202 650//202
f 248//203 650//203 249//203
f 573//204 572//204 203//204
f 573//204 203//204 183//204
f 250//205 651//205 652//205
f 250//206 652//206 251//206
f 251//207 652//207 649//207
f 251//208 649//208 248//208
f 184//209 200//209 199//209
f 184//209 199//209 185//209
f 185//210 199//210 201//210
f 185//210 201//210 186//210
f 183//211 203//211 200//211
f 183//211 200//211 184//211
f 227//1 231//1 229//1
f 203//212 572//212 195//212
f 203//1 195//1 200//1
f 195//213 572//213 571//213
f 195//214 571//214 173//214
f 176//1 195//1 173//1
f 197//1 198//1 195//1
f 197//1 195//1 194//1
f 195//1 201//1 199//1
f 195//1 199//1 200//1
f 202//1 201//1 195//1
f 202//1 195//1 198//1
f 193//1 196//1 204//1
f 182//1 205//1 179//1
f 196//215 211//215 210//215
f 196//215 210//215 205//215
f 195//216 212//216 211//216
f 195//216 211//216 196//216
f 196//1 205//1 206//1
f 196//1 206//1 204//1
f 205//1 207//1 208//1
f 205//1 208//1 206//1
f 209//1 207//1 205//1
f 209//1 205//1 182//1
f 181//217 182//217 179//217
f 181//217 179//217 180//217
f 181//5 570//5 573//5
f 181//218 573//218 183//218
f 174//219 570//219 181//219
f 174//5 181//5 175//5
f 175//220 176//220 173//220
f 175//220 173//220 174//220
f 571//221 570//221 174//221
f 571//221 174//221 173//221
f 177//222 178//222 176//222
f 177//222 176//222 175//222
f 181//5 180//5 177//5
f 181//5 177//5 175//5
f 189//5 190//5 181//5
f 189//5 181//5 188//5
f 191//5 192//5 181//5
f 191//5 181//5 190//5
f 195//1 196//1 193//1
f 195//1 193//1 194//1
f 183//5 184//5 181//5
f 185//5 186//5 181//5
f 185//5 181//5 184//5
f 187//5 188//5 181//5
f 187//5 181//5 186//5
f 639//223 637//223 222//223
f 639//223 222//223 226//223
f 221//224 225//224 226//224
f 221//224 226//224 222//224
f 220//225 223//225 225//225
f 220//225 225//225 221//225
f 219//226 224//226 223//226
f 219//226 223//226 220//226
f 224//227 219//227 218//227
f 224//227 218//227 217//227
f 227//228 228//228 216//228
f 227//228 216//228 215//228
f 229//229 230//229 228//229
f 229//229 228//229 227//229
f 232//5 228//5 230//5
f 215//230 636//230 227//230
f 227//231 636//231 234//231
f 227//1 234//1 231//1
f 231//232 232//232 230//232
f 231//232 230//232 229//232
f 216//218 228//218 638//218
f 233//233 638//233 228//233
f 233//5 228//5 232//5
f 214//234 213//234 212//234
f 214//234 212//234 195//234
f 217//235 218//235 215//235
f 217//235 215//235 216//235
f 213//236 214//236 178//236
f 213//236 178//236 177//236
f 211//5 212//5 177//5
f 211//5 177//5 210//5
f 213//5 177//5 212//5
f 210//5 177//5 180//5
f 178//1 214//1 195//1
f 178//1 195//1 176//1
f 638//237 225//237 223//237
f 638//238 223//238 224//238
f 638//239 224//239 217//239
f 638//240 217//240 216//240
f 638//241 639//241 226//241
f 638//237 226//237 225//237
f 220//242 221//242 636//242
f 220//243 636//243 219//243
f 218//244 219//244 636//244
f 218//245 636//245 215//245
f 222//246 637//246 636//246
f 222//247 636//247 221//247
f 710//248 709//248 688//248
f 710//248 688//248 687//248
f 709//249 710//249 708//249
f 709//249 708//249 707//249
f 707//250 708//250 706//250
f 707//250 706//250 705//250
f 273//251 274//251 272//251
f 273//251 272//251 271//251
f 271//252 272//252 269//252
f 271//252 269//252 270//252
f 267//253 268//253 260//253
f 267//253 260//253 259//253
f 705//254 706//254 703//254
f 705//254 703//254 704//254
f 697//255 698//255 694//255
f 697//255 694//255 693//255
f 695//256 696//256 690//256
f 695//256 690//256 689//256
f 693//257 694//257 691//257
f 693//257 691//257 692//257
f 700//258 699//258 678//258
f 700//258 678//258 677//258
f 702//259 701//259 692//259
f 702//259 692//259 691//259
f 701//260 702//260 699//260
f 701//260 699//260 700//260
f 711//261 712//261 270//261
f 711//261 270//261 269//261
f 273//5 258//5 276//5
f 258//5 273//5 271//5
f 258//5 271//5 270//5
f 258//5 713//5 714//5
f 258//5 714//5 685//5
f 584//262 583//262 582//262
f 584//262 582//262 588//262
f 715//263 586//263 588//263
f 715//263 588//263 582//263
f 268//5 276//5 258//5
f 268//5 258//5 260//5
f 712//5 713//5 258//5
f 712//5 258//5 270//5
f 686//1 274//1 275//1
f 686//1 275//1 267//1
f 276//264 275//264 274//264
f 276//264 274//264 273//264
f 275//265 276//265 268//265
f 275//265 268//265 267//265
f 269//1 686//1 711//1
f 272//1 274//1 686//1
f 272//1 686//1 269//1
f 686//1 267//1 259//1
f 686//1 259//1 257//1
f 259//266 260//266 258//266
f 259//266 258//266 257//266
f 257//267 258//267 255//267
f 257//267 255//267 256//267
f 671//268 673//268 672//268
f 671//268 672//268 670//268
f 263//269 264//269 262//269
f 263//269 262//269 261//269
f 261//270 262//270 256//270
f 261//270 256//270 255//270
f 679//271 680//271 677//271
f 679//271 677//271 678//271
f 664//1 667//1 672//1
f 665//5 670//5 666//5
f 669//5 670//5 665//5
f 669//5 665//5 668//5
f 666//272 667//272 664//272
f 666//272 664//272 665//272
f 675//1 676//1 664//1
f 675//1 664//1 672//1
f 672//268 673//268 674//268
f 672//268 674//268 675//268
f 669//268 671//268 670//268
f 681//273 682//273 265//273
f 681//273 265//273 266//273
f 263//25 670//25 672//25
f 263//25 672//25 264//25
f 264//1 684//1 265//1
f 264//1 265//1 262//1
f 265//1 682//1 262//1
f 689//274 690//274 687//274
f 689//274 687//274 688//274
f 263//25 683//25 670//25
f 264//25 672//25 684//25
f 256//1 686//1 257//1
f 681//5 258//5 685//5
f 258//5 681//5 266//5
f 258//5 266//5 255//5
f 265//275 684//275 683//275
f 265//275 683//275 266//275
f 262//1 682//1 686//1
f 262//1 686//1 256//1
f 261//5 266//5 683//5
f 261//5 683//5 263//5
f 261//5 255//5 266//5
f 303//5 307//5 290//5
f 303//5 290//5 301//5
f 297//5 301//5 290//5
f 297//5 290//5 298//5
f 306//1 302//1 300//1
f 306//1 300//1 296//1
f 289//5 305//5 290//5
f 289//5 290//5 286//5
f 294//5 290//5 305//5
f 293//5 298//5 290//5
f 293//5 290//5 294//5
f 306//1 295//1 304//1
f 306//1 304//1 288//1
f 305//276 304//276 295//276
f 305//276 295//276 294//276
f 304//277 305//277 289//277
f 304//277 289//277 288//277
f 299//1 306//1 296//1
f 306//1 299//1 292//1
f 306//1 292//1 295//1
f 287//1 291//1 306//1
f 287//1 306//1 288//1
f 309//278 310//278 283//278
f 309//278 283//278 308//278
f 312//5 290//5 307//5
f 283//5 310//5 281//5
f 290//5 312//5 281//5
f 290//5 281//5 310//5
f 312//279 311//279 282//279
f 312//279 282//279 281//279
f 306//280 307//280 303//280
f 306//280 303//280 302//280
f 311//281 312//281 307//281
f 311//281 307//281 306//281
f 308//1 311//1 306//1
f 308//1 306//1 309//1
f 310//282 309//282 291//282
f 310//282 291//282 290//282
f 308//283 283//283 280//283
f 308//283 280//283 278//283
f 282//1 308//1 278//1
f 282//1 278//1 277//1
f 282//1 311//1 308//1
f 309//1 306//1 291//1
f 302//284 303//284 301//284
f 302//284 301//284 300//284
f 280//25 683//25 684//25
f 280//25 684//25 278//25
f 666//5 670//5 554//5
f 666//5 554//5 553//5
f 280//285 279//285 670//285
f 280//25 670//25 683//25
f 277//25 568//25 567//25
f 277//25 567//25 279//25
f 283//5 281//5 279//5
f 283//5 279//5 280//5
f 281//286 282//286 277//286
f 281//286 277//286 279//286
f 672//287 277//287 278//287
f 672//25 278//25 684//25
f 672//25 555//25 568//25
f 672//25 568//25 277//25
f 667//288 666//288 553//288
f 667//288 553//288 552//288
f 567//25 670//25 279//25
f 670//289 567//289 569//289
f 670//25 569//25 554//25
f 555//1 672//1 667//1
f 555//1 667//1 552//1
f 284//290 713//290 712//290
f 284//291 712//291 711//291
f 294//292 295//292 292//292
f 294//292 292//292 293//292
f 718//293 719//293 716//293
f 718//293 716//293 717//293
f 290//294 291//294 287//294
f 290//294 287//294 286//294
f 300//295 301//295 297//295
f 300//295 297//295 296//295
f 299//296 298//296 293//296
f 299//296 293//296 292//296
f 298//297 299//297 296//297
f 298//297 296//297 297//297
f 285//298 714//298 713//298
f 285//284 713//284 284//284
f 686//299 685//299 714//299
f 686//299 714//299 285//299
f 284//1 711//1 686//1
f 284//1 686//1 285//1
f 288//300 289//300 286//300
f 288//300 286//300 287//300
f 576//301 577//301 581//301
f 576//301 581//301 585//301
f 682//302 681//302 685//302
f 682//302 685//302 686//302
f 320//1 734//1 733//1
f 320//1 733//1 322//1
f 592//5 732//5 727//5
f 592//5 727//5 575//5
f 662//1 661//1 663//1
f 662//1 663//1 729//1
f 318//1 593//1 596//1
f 318//1 596//1 321//1
f 730//5 731//5 315//5
f 730//5 315//5 314//5
f 728//303 729//303 663//303
f 728//303 663//303 313//303
f 658//5 728//5 313//5
f 658//5 313//5 660//5
f 594//5 595//5 317//5
f 594//5 317//5 316//5
f 322//304 733//304 730//304
f 322//304 730//304 314//304
f 317//305 595//305 593//305
f 317//305 593//305 318//305
f 735//306 736//306 729//306
f 735//306 729//306 728//306
f 315//307 731//307 734//307
f 315//307 734//307 320//307
f 580//308 574//308 575//308
f 580//308 575//308 579//308
f 578//1 579//1 319//1
f 578//1 319//1 725//1
f 321//309 596//309 594//309
f 321//309 594//309 316//309
f 732//310 592//310 578//310
f 732//310 578//310 725//310
f 726//189 660//189 313//189
f 726//189 313//189 314//189
f 726//189 646//189 647//189
f 726//189 647//189 660//189
f 726//189 316//189 317//189
f 726//189 317//189 727//189
f 315//189 316//189 726//189
f 315//189 726//189 314//189
f 722//189 723//189 648//189
f 722//189 648//189 724//189
f 720//25 721//25 645//25
f 720//25 645//25 644//25
f 724//1 648//1 645//1
f 724//1 645//1 721//1
f 723//189 725//189 648//189
f 648//189 318//189 321//189
f 648//189 321//189 320//189
f 648//189 725//189 319//189
f 648//189 319//189 318//189
f 663//189 322//189 314//189
f 663//189 314//189 313//189
f 322//189 663//189 648//189
f 322//189 648//189 320//189
f 318//189 319//189 727//189
f 318//189 727//189 317//189
f 646//5 726//5 720//5
f 646//5 720//5 644//5
f 320//189 321//189 316//189
f 320//189 316//189 315//189
f 319//311 579//311 575//311
f 319//311 575//311 727//311
f 347//1 734//1 357//1
f 354//312 359//312 360//312
f 354//312 360//312 355//312
f 597//1 600//1 734//1
f 597//1 734//1 358//1
f 734//1 360//1 359//1
f 734//1 359//1 358//1
f 598//313 597//313 358//313
f 598//313 358//313 353//313
f 362//314 363//314 346//314
f 362//314 346//314 361//314
f 734//315 731//315 355//315
f 734//315 355//315 360//315
f 353//316 358//316 359//316
f 353//316 359//316 354//316
f 355//5 731//5 730//5
f 355//5 730//5 354//5
f 350//5 352//5 730//5
f 350//5 730//5 349//5
f 730//5 599//5 598//5
f 730//5 598//5 353//5
f 354//5 730//5 353//5
f 357//317 352//317 350//317
f 357//317 350//317 347//317
f 734//1 600//1 356//1
f 734//1 356//1 357//1
f 352//318 357//318 356//318
f 352//318 356//318 351//318
f 600//44 599//44 351//44
f 600//44 351//44 356//44
f 717//319 716//319 361//319
f 717//319 361//319 346//319
f 370//320 366//320 363//320
f 370//320 363//320 362//320
f 368//321 371//321 365//321
f 368//321 365//321 364//321
f 366//322 370//322 369//322
f 366//322 369//322 367//322
f 367//323 369//323 343//323
f 367//323 343//323 342//323
f 343//5 369//5 730//5
f 343//5 730//5 344//5
f 730//5 365//5 371//5
f 730//5 371//5 344//5
f 371//324 368//324 345//324
f 371//324 345//324 344//324
f 730//5 369//5 370//5
f 730//5 370//5 362//5
f 361//5 716//5 730//5
f 361//5 730//5 362//5
f 366//1 367//1 734//1
f 366//1 734//1 363//1
f 730//325 733//325 364//325
f 730//325 364//325 365//325
f 730//5 716//5 719//5
f 730//5 719//5 349//5
f 364//1 733//1 734//1
f 364//1 734//1 368//1
f 363//1 734//1 346//1
f 734//1 367//1 342//1
f 734//1 342//1 345//1
f 368//1 734//1 345//1
f 351//5 599//5 730//5
f 351//5 730//5 352//5
f 324//326 659//326 657//326
f 324//327 657//327 656//327
f 323//328 329//328 659//328
f 323//329 659//329 324//329
f 328//5 330//5 658//5
f 328//5 658//5 327//5
f 658//5 659//5 329//5
f 658//5 329//5 327//5
f 652//1 729//1 649//1
f 651//1 662//1 729//1
f 651//1 729//1 652//1
f 729//1 655//1 654//1
f 729//1 654//1 653//1
f 650//1 649//1 729//1
f 650//1 729//1 653//1
f 326//330 328//330 327//330
f 326//330 327//330 325//330
f 325//331 327//331 329//331
f 325//331 329//331 323//331
f 324//1 656//1 729//1
f 324//1 729//1 323//1
f 729//1 326//1 325//1
f 729//1 325//1 323//1
f 335//5 658//5 334//5
f 735//5 728//5 658//5
f 735//5 658//5 335//5
f 331//5 332//5 658//5
f 331//5 658//5 330//5
f 333//5 334//5 658//5
f 333//5 658//5 332//5
f 655//1 729//1 656//1
f 736//332 735//332 335//332
f 736//332 335//332 341//332
f 334//316 339//316 341//316
f 334//316 341//316 335//316
f 332//333 338//333 340//333
f 332//333 340//333 333//333
f 344//334 345//334 342//334
f 344//334 342//334 343//334
f 347//335 350//335 349//335
f 347//335 349//335 348//335
f 719//336 718//336 348//336
f 719//336 348//336 349//336
f 734//1 718//1 717//1
f 734//1 717//1 346//1
f 348//1 718//1 734//1
f 348//1 734//1 347//1
f 336//337 330//337 328//337
f 336//337 328//337 326//337
f 729//1 338//1 337//1
f 729//1 337//1 336//1
f 330//318 336//318 337//318
f 330//318 337//318 331//318
f 331//338 337//338 338//338
f 331//338 338//338 332//338
f 326//1 729//1 336//1
f 333//339 340//339 339//339
f 333//339 339//339 334//339
f 729//1 339//1 340//1
f 729//1 340//1 338//1
f 729//1 736//1 341//1
f 729//1 341//1 339//1
f 610//5 611//5 386//5
f 610//5 386//5 401//5
f 615//5 614//5 400//5
f 615//5 400//5 399//5
f 376//5 616//5 615//5
f 376//5 615//5 399//5
f 402//5 612//5 610//5
f 402//5 610//5 401//5
f 382//1 389//1 385//1
f 376//340 391//340 373//340
f 376//340 373//340 372//340
f 399//341 388//341 391//341
f 399//341 391//341 376//341
f 627//5 628//5 565//5
f 627//5 565//5 397//5
f 397//342 396//342 392//342
f 397//343 392//343 387//343
f 396//344 397//344 565//344
f 396//345 565//345 564//345
f 398//346 390//346 384//346
f 398//346 384//346 383//346
f 383//5 632//5 626//5
f 383//5 626//5 398//5
f 626//5 627//5 397//5
f 626//5 397//5 398//5
f 390//347 398//347 397//347
f 390//347 397//347 387//347
f 400//5 614//5 410//5
f 410//5 614//5 613//5
f 410//5 613//5 406//5
f 403//1 389//1 408//1
f 613//5 612//5 407//5
f 613//5 407//5 406//5
f 410//348 409//348 389//348
f 410//348 389//348 400//348
f 388//349 399//349 400//349
f 388//349 400//349 389//349
f 407//5 612//5 402//5
f 404//350 401//350 386//350
f 404//350 386//350 385//350
f 401//351 404//351 403//351
f 401//351 403//351 402//351
f 389//1 403//1 404//1
f 389//1 404//1 385//1
f 407//352 408//352 405//352
f 407//352 405//352 406//352
f 389//1 409//1 405//1
f 389//1 405//1 408//1
f 408//353 407//353 402//353
f 408//353 402//353 403//353
f 409//354 410//354 406//354
f 409//354 406//354 405//354
f 381//5 611//5 633//5
f 381//5 633//5 378//5
f 379//5 632//5 383//5
f 633//5 632//5 379//5
f 633//5 379//5 378//5
f 386//5 611//5 381//5
f 384//1 390//1 389//1
f 384//1 389//1 380//1
f 391//1 388//1 387//1
f 391//1 387//1 373//1
f 389//1 390//1 387//1
f 389//1 387//1 388//1
f 372//5 617//5 616//5
f 372//5 616//5 376//5
f 375//5 634//5 617//5
f 375//5 617//5 372//5
f 374//355 375//355 372//355
f 374//356 372//356 373//356
f 379//357 380//357 377//357
f 379//357 377//357 378//357
f 385//358 386//358 381//358
f 385//358 381//358 382//358
f 383//359 384//359 380//359
f 383//359 380//359 379//359
f 377//360 382//360 381//360
f 377//360 381//360 378//360
f 394//361 395//361 393//361
f 394//362 393//362 375//362
f 375//363 374//363 394//363
f 635//5 634//5 375//5
f 635//5 375//5 393//5
f 566//364 393//364 395//364
f 566//365 395//365 561//365
f 394//1 562//1 561//1
f 394//1 561//1 395//1
f 564//1 562//1 394//1
f 564//1 394//1 396//1
f 396//1 394//1 374//1
f 396//1 374//1 392//1
f 560//5 563//5 629//5
f 560//5 629//5 631//5
f 373//1 387//1 392//1
f 373//1 392//1 374//1
f 389//1 382//1 377//1
f 389//1 377//1 380//1
f 565//5 629//5 563//5
f 631//5 635//5 393//5
f 566//5 560//5 631//5
f 566//5 631//5 393//5
f 630//5 629//5 565//5
f 630//5 565//5 628//5
f 636//366 637//366 432//366
f 636//367 432//367 433//367
f 622//368 621//368 624//368
f 622//368 624//368 623//368
f 434//369 435//369 636//369
f 434//367 636//367 433//367
f 638//370 439//370 438//370
f 638//68 438//68 437//68
f 436//371 639//371 638//371
f 436//372 638//372 437//372
f 425//373 431//373 430//373
f 425//374 430//374 737//374
f 419//375 415//375 601//375
f 419//376 601//376 420//376
f 415//377 606//377 602//377
f 415//378 602//378 601//378
f 429//5 605//5 606//5
f 429//5 606//5 414//5
f 416//379 737//379 430//379
f 618//5 605//5 429//5
f 434//380 438//380 439//380
f 434//380 439//380 435//380
f 418//5 642//5 641//5
f 418//5 641//5 411//5
f 417//5 416//5 439//5
f 417//381 439//381 638//381
f 643//382 636//382 431//382
f 643//382 431//382 425//382
f 640//383 643//383 425//383
f 640//384 425//384 412//384
f 435//385 430//385 431//385
f 435//386 431//386 636//386
f 638//382 642//382 418//382
f 638//382 418//382 417//382
f 435//387 439//387 416//387
f 435//388 416//388 430//388
f 433//389 437//389 438//389
f 433//389 438//389 434//389
f 637//390 639//390 436//390
f 637//390 436//390 432//390
f 641//391 640//391 412//391
f 641//391 412//391 411//391
f 432//392 436//392 437//392
f 432//392 437//392 433//392
f 623//393 624//393 625//393
f 623//394 625//394 421//394
f 421//395 625//395 609//395
f 421//396 609//396 420//396
f 601//397 623//397 421//397
f 601//397 421//397 420//397
f 423//1 422//1 424//1
f 737//398 607//398 422//398
f 737//399 422//399 423//399
f 609//400 608//400 419//400
f 609//401 419//401 420//401
f 415//402 416//402 417//402
f 415//403 417//403 418//403
f 413//404 414//404 411//404
f 413//405 411//405 412//405
f 415//406 419//406 416//406
f 608//407 737//407 416//407
f 608//408 416//408 419//408
f 415//5 418//5 411//5
f 415//5 411//5 414//5
f 413//409 737//409 423//409
f 413//25 423//25 424//25
f 620//410 618//410 429//410
f 620//411 429//411 427//411
f 422//412 607//412 428//412
f 619//413 618//413 620//413
f 606//5 415//5 414//5
f 427//414 429//414 414//414
f 427//415 414//415 426//415
f 607//416 604//416 603//416
f 607//417 603//417 428//417
f 414//418 413//418 424//418
f 414//418 424//418 426//418
f 412//419 425//419 737//419
f 412//420 737//420 413//420
f 422//1 427//1 426//1
f 422//1 426//1 424//1
f 428//1 603//1 620//1
f 428//1 620//1 427//1
f 428//1 427//1 422//1
f 747//421 748//421 744//421
f 747//421 744//421 486//421
f 746//422 745//422 739//422
f 746//422 739//422 741//422
f 749//423 750//423 748//423
f 749//423 748//423 747//423
f 745//424 746//424 486//424
f 745//425 486//425 744//425
f 486//426 746//426 747//426
f 452//427 487//427 489//427
f 452//427 489//427 451//427
f 455//428 490//428 488//428
f 455//428 488//428 456//428
f 456//429 488//429 487//429
f 456//429 487//429 452//429
f 457//430 483//430 448//430
f 457//430 448//430 447//430
f 459//431 482//431 483//431
f 459//431 483//431 457//431
f 485//432 479//432 738//432
f 485//432 738//432 743//432
f 446//433 478//433 480//433
f 446//434 480//434 444//434
f 442//435 739//435 740//435
f 442//436 740//436 443//436
f 477//1 479//1 480//1
f 477//1 480//1 478//1
f 441//5 483//5 482//5
f 441//5 482//5 481//5
f 483//5 441//5 448//5
f 485//25 484//25 480//25
f 485//25 480//25 479//25
f 742//1 485//1 743//1
f 742//437 480//437 484//437
f 742//1 484//1 485//1
f 443//5 740//5 738//5
f 443//5 738//5 476//5
f 741//437 739//437 480//437
f 741//437 480//437 742//437
f 704//438 703//438 449//438
f 704//438 449//438 491//438
f 495//439 496//439 578//439
f 495//440 578//440 494//440
f 498//441 589//441 587//441
f 498//442 587//442 497//442
f 498//443 497//443 578//443
f 498//444 578//444 496//444
f 495//445 591//445 590//445
f 495//446 590//446 496//446
f 715//1 582//1 578//1
f 715//447 578//447 497//447
f 463//448 732//448 725//448
f 463//449 725//449 723//449
f 726//189 727//189 732//189
f 726//450 732//450 463//450
f 451//451 489//451 492//451
f 451//451 492//451 450//451
f 496//452 590//452 589//452
f 496//453 589//453 498//453
f 497//454 587//454 586//454
f 497//455 586//455 715//455
f 591//456 495//456 494//456
f 591//457 494//457 493//457
f 722//458 704//458 491//458
f 722//367 491//367 492//367
f 722//367 492//367 489//367
f 722//459 489//459 487//459
f 453//460 464//460 468//460
f 453//460 468//460 454//460
f 450//461 492//461 491//461
f 450//461 491//461 449//461
f 454//462 468//462 490//462
f 454//462 490//462 455//462
f 578//463 592//463 493//463
f 578//464 493//464 494//464
f 493//465 592//465 591//465
f 705//1 704//1 722//1
f 705//1 722//1 707//1
f 487//369 488//369 722//369
f 722//243 488//243 490//243
f 722//466 490//466 468//466
f 458//467 722//467 460//467
f 458//1 460//1 445//1
f 689//1 688//1 722//1
f 689//1 722//1 695//1
f 722//443 458//443 459//443
f 722//385 459//385 457//385
f 452//5 441//5 456//5
f 447//468 695//468 722//468
f 447//385 722//385 457//385
f 460//469 467//469 465//469
f 460//469 465//469 466//469
f 722//470 724//470 467//470
f 722//470 467//470 460//470
f 463//471 723//471 464//471
f 463//472 464//472 453//472
f 709//1 707//1 722//1
f 709//1 722//1 688//1
f 721//473 720//473 461//473
f 721//473 461//473 462//473
f 455//5 456//5 441//5
f 455//5 441//5 454//5
f 690//61 441//61 687//61
f 441//474 690//474 696//474
f 441//475 696//475 448//475
f 696//476 695//476 447//476
f 696//476 447//476 448//476
f 440//5 441//5 442//5
f 440//477 442//477 443//477
f 444//1 445//1 446//1
f 441//5 452//5 451//5
f 441//5 451//5 450//5
f 453//5 454//5 441//5
f 453//5 441//5 440//5
f 449//478 703//478 441//478
f 449//5 441//5 450//5
f 441//479 703//479 706//479
f 441//480 706//480 708//480
f 441//481 708//481 710//481
f 441//481 710//481 687//481
f 464//482 723//482 722//482
f 464//483 722//483 468//483
f 466//484 465//484 478//484
f 466//484 478//484 446//484
f 460//1 466//1 446//1
f 460//1 446//1 445//1
f 469//1 477//1 478//1
f 469//1 478//1 465//1
f 474//484 473//484 440//484
f 474//484 440//484 443//484
f 475//485 469//485 462//485
f 475//485 462//485 461//485
f 441//486 445//486 444//486
f 441//486 444//486 442//486
f 458//487 481//487 482//487
f 458//487 482//487 459//487
f 481//488 458//488 445//488
f 481//488 445//488 441//488
f 476//489 738//489 479//489
f 476//489 479//489 477//489
f 444//490 480//490 739//490
f 444//491 739//491 442//491
f 476//5 475//5 474//5
f 476//5 474//5 443//5
f 472//492 726//492 463//492
f 453//5 470//5 472//5
f 453//5 472//5 463//5
f 726//493 472//493 470//493
f 726//470 470//470 471//470
f 462//1 469//1 465//1
f 462//1 465//1 467//1
f 467//443 724//443 721//443
f 467//443 721//443 462//443
f 461//5 720//5 726//5
f 461//5 726//5 471//5
f 476//494 477//494 469//494
f 476//494 469//494 475//494
f 471//5 474//5 475//5
f 471//5 475//5 461//5
f 473//469 474//469 471//469
f 473//469 471//469 470//469
f 473//5 470//5 453//5
f 473//5 453//5 440//5
f 535//495 536//495 534//495
f 535//495 534//495 533//495
f 510//1 534//1 532//1
f 510//1 532//1 517//1
f 532//496 525//496 518//496
f 532//496 518//496 517//496
f 533//497 534//497 510//497
f 533//497 510//497 509//497
f 504//498 539//498 537//498
f 504//498 537//498 538//498
f 542//499 543//499 540//499
f 542//499 540//499 541//499
f 544//500 545//500 541//500
f 544//500 541//500 540//500
f 504//1 538//1 535//1
f 504//1 535//1 533//1
f 504//1 533//1 509//1
f 504//1 509//1 507//1
f 527//5 529//5 502//5
f 527//5 502//5 524//5
f 676//1 675//1 516//1
f 676//1 516//1 520//1
f 507//501 511//501 516//501
f 507//501 516//501 508//501
f 511//1 517//1 520//1
f 511//1 520//1 516//1
f 510//1 517//1 511//1
f 525//5 526//5 523//5
f 525//5 523//5 518//5
f 530//502 531//502 529//502
f 530//503 529//503 528//503
f 502//5 529//5 531//5
f 502//5 531//5 513//5
f 526//497 527//497 524//497
f 526//497 524//497 523//497
f 528//495 529//495 527//495
f 528//495 527//495 526//495
f 545//5 546//5 549//5
f 545//5 549//5 530//5
f 513//504 549//504 740//504
f 513//505 740//505 514//505
f 547//506 546//506 545//506
f 547//506 545//506 544//506
f 546//5 738//5 740//5
f 546//5 740//5 549//5
f 531//498 530//498 549//498
f 531//498 549//498 513//498
f 539//1 547//1 544//1
f 539//1 544//1 537//1
f 506//507 512//507 539//507
f 506//507 539//507 504//507
f 548//1 547//1 539//1
f 548//1 539//1 512//1
f 742//508 743//508 548//508
f 742//1 548//1 512//1
f 743//509 738//509 548//509
f 542//5 526//5 525//5
f 541//5 545//5 530//5
f 541//5 530//5 528//5
f 543//510 542//510 525//510
f 543//510 525//510 532//510
f 542//5 541//5 528//5
f 542//5 528//5 526//5
f 536//1 540//1 543//1
f 536//1 543//1 534//1
f 538//502 537//502 536//502
f 538//503 536//503 535//503
f 548//511 738//511 546//511
f 548//512 546//512 547//512
f 543//1 532//1 534//1
f 537//1 544//1 540//1
f 537//1 540//1 536//1
f 694//385 504//385 691//385
f 504//385 694//385 698//385
f 504//419 698//419 506//419
f 702//385 691//385 504//385
f 702//385 504//385 699//385
f 504//242 674//242 505//242
f 504//513 505//513 679//513
f 503//514 749//514 506//514
f 503//515 506//515 698//515
f 509//516 510//516 511//516
f 509//516 511//516 507//516
f 506//517 741//517 742//517
f 506//518 742//518 512//518
f 747//519 746//519 506//519
f 747//520 506//520 749//520
f 508//521 674//521 504//521
f 508//1 504//1 507//1
f 678//385 699//385 504//385
f 678//419 504//419 679//419
f 701//522 700//522 500//522
f 701//523 500//523 692//523
f 677//524 500//524 700//524
f 499//238 697//238 693//238
f 499//525 693//525 692//525
f 500//526 499//526 692//526
f 697//527 499//527 501//527
f 698//528 697//528 501//528
f 698//528 501//528 503//528
f 750//529 749//529 503//529
f 750//529 503//529 501//529
f 502//530 750//530 501//530
f 502//5 501//5 499//5
f 502//531 744//531 748//531
f 502//531 748//531 750//531
f 668//532 676//532 520//532
f 668//532 520//532 519//532
f 499//501 521//501 522//501
f 499//501 522//501 502//501
f 665//533 664//533 676//533
f 665//533 676//533 668//533
f 519//534 520//534 517//534
f 519//534 517//534 518//534
f 500//535 669//535 521//535
f 500//536 521//536 499//536
f 523//5 522//5 518//5
f 521//5 669//5 668//5
f 521//5 668//5 519//5
f 523//516 524//516 502//516
f 523//516 502//516 522//516
f 522//5 521//5 519//5
f 522//5 519//5 518//5
f 500//537 515//537 671//537
f 500//538 671//538 669//538
f 744//539 502//539 745//539
f 739//540 745//540 514//540
f 739//541 514//541 740//541
f 741//542 506//542 746//542
f 514//543 745//543 502//543
f 514//5 502//5 513//5
f 680//544 679//544 505//544
f 680//544 505//544 515//544
f 673//545 505//545 674//545
f 677//546 680//546 515//546
f 677//547 515//547 500//547
f 505//548 673//548 671//548
f 505//548 671//548 515//548
f 675//549 674//549 508//549
f 675//549 508//549 516//549
o Chassis_havok_s_leftTrack_1
v -1.588027 0.736294 1.713359
v -1.221122 0.736294 1.713359
v -1.221122 0.743457 1.967307
v -1.588027 0.743457 1.967307
v -1.221122 0.098438 1.847921
v -1.588027 0.176156 2.058365
v -1.588027 0.551850 1.539338
v -1.588027 0.628135 1.579808
v -1.588027 0.691168 1.639501
v -1.588027 0.467686 1.519103
v -1.588027 0.381373 1.521127
v -1.588027 0.298283 1.546420
v -1.588027 0.165053 1.654677
v -1.588027 0.224505 1.591949
v -1.221122 0.702271 2.043188
v -1.588027 0.702271 2.043188
v -1.221122 0.176156 2.058365
v -1.588027 0.149295 2.032059
v -1.221122 0.569041 2.151445
v -1.221122 0.642819 2.105917
v -1.221122 0.485951 2.176739
v -1.221122 0.399280 2.178763
v -1.221122 0.315116 2.158528
v -1.221122 0.239189 2.118058
v -1.588027 0.569041 2.151445
v -1.588027 0.642819 2.105917
v -1.588027 0.485951 2.176739
v -1.588027 0.239189 2.118058
v -1.588027 0.315116 2.158528
v -1.588027 0.399280 2.178763
v -1.279749 0.533584 2.295114
v -1.117054 0.047223 2.049259
v -1.691254 0.047223 2.049259
v -1.221122 0.107392 1.930884
v -1.117054 0.107392 1.930884
v -1.691254 0.107392 1.930884
v -1.117054 0.010334 1.956178
v -1.691254 0.010334 1.956178
v -1.221122 0.123866 1.730558
v -1.588027 0.123866 1.730558
v -1.588027 0.098438 1.787216
v -1.588027 0.098438 1.847921
v -1.588027 0.107392 1.930884
v -1.221122 0.691168 1.639501
v -1.221122 0.628135 1.579808
v -1.221122 0.551850 1.539338
v -1.221122 0.224505 1.591949
v -1.221122 0.165053 1.654677
v -1.221122 0.298283 1.546420
v -1.221122 0.467686 1.519103
v -1.221122 0.381373 1.521127
v -1.221122 0.444764 1.435128
v -1.588027 0.444764 1.435128
v -1.588027 0.530003 1.420964
v -1.221122 0.530003 1.420964
v -1.221122 0.358451 1.427034
v -1.588027 0.358451 1.427034
v -1.221122 0.277511 1.396682
v -1.588027 0.277511 1.396682
v -1.221122 0.608795 1.385552
v -1.588027 0.608795 1.385552
v -1.221122 0.675768 1.330918
v -1.221122 0.726266 1.260096
v -1.221122 0.206956 1.346094
v -1.588027 0.206956 1.346094
v -1.221141 0.098108 1.004005
v -1.221141 0.098005 0.471644
v -1.221141 0.097963 0.253137
v -1.221141 0.097859 -0.281211
v -1.221141 0.097821 -0.479853
v -1.588001 0.097963 0.253137
v -1.588001 0.097859 -0.281211
v -1.588001 0.098005 0.471644
v -1.588001 0.097821 -0.479853
v -1.588001 0.097715 -1.028106
v -1.116984 0.314793 2.654370
v -1.691254 0.314793 2.654370
v -1.116984 0.500347 2.748665
v -1.524408 0.403218 2.605948
v -1.279617 0.403218 2.605948
v -1.279617 0.398178 2.598727
v -1.116984 0.398178 2.598727
v -1.524408 0.583273 2.631858
v -1.279617 0.583273 2.631858
v -1.279617 0.516841 2.643326
v -1.524408 0.516841 2.643326
v -1.691254 0.398178 2.598727
v -1.061790 0.500347 2.748665
v -1.026399 0.627715 2.774151
v -1.026399 0.617635 2.850182
v -0.828796 0.617635 2.850182
v -0.828796 0.627715 2.774151
v -1.524408 0.347781 2.511228
v -1.524408 0.398178 2.598727
v -1.524408 0.451324 2.625487
v -1.279617 0.451324 2.625487
v -1.279617 0.681319 2.542660
v -1.279617 0.699187 2.477672
v -1.279617 0.642376 2.598302
v -1.524408 0.642376 2.598302
v -1.524408 0.699187 2.477672
v -1.524408 0.681319 2.542660
v -1.672294 0.793568 2.615293
v -1.672294 0.723469 2.668387
v -1.121619 0.723469 2.668387
v -1.121619 0.793568 2.615293
v -1.121619 0.876494 2.586834
v -1.672294 0.876494 2.586834
v -1.121619 0.964002 2.585560
v -1.121619 1.047845 2.611045
v -1.672294 1.047845 2.611045
v -1.672294 0.964002 2.585560
v -1.672294 1.172005 2.731675
v -1.672294 1.119317 2.661591
v -1.121619 1.119317 2.661591
v -1.121619 1.172005 2.731675
v -1.121619 1.023562 2.765231
v -1.121619 1.045096 2.797512
v -1.121619 1.054259 2.809405
v -1.081593 1.050136 2.738471
v -1.121619 0.978205 2.734648
v -1.079065 0.993782 2.697695
v -1.121619 0.795858 2.809830
v -1.121619 0.826097 2.764381
v -1.121619 0.871454 2.733799
v -1.121619 0.925517 2.723605
v -1.121619 0.939262 2.727003
v -1.672294 0.673072 2.739746
v -1.672294 0.647415 2.823847
v -1.121619 0.647415 2.823847
v -1.121619 0.673072 2.739746
v -1.121619 0.784863 2.863349
v -1.026399 1.242562 2.580463
v -1.026399 1.133978 2.755037
v -1.026399 1.050136 2.738471
v -1.026399 0.993782 2.697695
v -1.026399 1.143600 2.767779
v -1.026399 1.241645 2.647574
v -0.828796 1.232024 2.733799
v -0.828796 1.252641 2.632708
v -1.026399 0.756915 2.695146
v -1.026399 0.765162 2.595329
v -1.026399 0.833885 2.643326
v -0.828796 0.703769 2.642052
v -0.828796 0.657037 2.703217
v -0.828796 0.765162 2.595329
v -0.828796 0.897569 2.517599
v -1.026399 0.703769 2.642052
v -1.026399 0.657037 2.703217
v -1.026399 0.705143 2.772452
v -1.026399 0.686817 2.863349
v -1.026399 0.929640 2.626336
v -1.026399 0.945676 2.630584
v -0.828796 0.938803 2.490840
v -0.828796 1.007527 2.441144
v -1.026399 1.012567 2.455585
v -1.026399 1.074418 2.441144
v -1.026399 1.155054 2.457709
v -1.026399 1.211407 2.502308
v -0.828796 1.245311 2.539686
v -0.828796 1.188041 2.464930
v -0.828796 1.100991 2.428826
v -1.279611 1.287829 1.596524
v -1.524310 1.269604 1.493659
v -1.279611 1.269604 1.493659
v -1.279611 1.269776 1.625817
v -1.524310 1.269776 1.625817
v -1.524310 1.233325 1.683040
v -1.279611 1.233325 1.683040
v -1.279611 0.950488 1.626158
v -1.524310 0.950488 1.626158
v -1.524310 0.986939 1.683040
v -1.279611 0.986939 1.683040
v -1.524310 1.044022 1.719486
v -1.279611 1.044022 1.719486
v -1.279611 0.935874 1.560078
v -1.524310 0.935874 1.560078
v -1.279611 0.950488 1.493999
v -1.524310 0.950488 1.493999
v -1.279611 1.176070 1.400330
v -1.279611 1.110218 1.734132
v -1.279611 1.176242 1.719486
v -1.524310 1.176242 1.719486
v -1.524310 0.986939 1.436776
v -1.524310 1.044022 1.400330
v -1.524310 1.110046 1.385684
v -1.524310 1.176070 1.400330
v -1.524310 1.110218 1.734132
v -1.279611 0.986939 1.436776
v -1.279611 1.044022 1.400330
v -1.279611 1.110046 1.385684
v -1.524310 1.233325 1.436776
v -1.279611 1.233325 1.436776
v -1.279611 1.110102 -1.583857
v -1.524310 1.110102 -1.583857
v -1.524310 1.043885 -1.569211
v -1.279611 1.043885 -1.569211
v -1.279611 1.176147 -1.569211
v -1.524310 1.176147 -1.569211
v -1.524310 1.233249 -1.532765
v -1.279611 1.233249 -1.532765
v -1.279611 1.110102 -1.235409
v -1.524310 1.110102 -1.235409
v -1.524310 1.176319 -1.250055
v -1.279611 1.176319 -1.250055
v -1.279611 1.044057 -1.250055
v -1.524310 1.044057 -1.250055
v -1.524310 1.233421 -1.286501
v -1.279611 1.233421 -1.286501
v -1.279611 1.269711 -1.475883
v -1.524310 1.269711 -1.475883
v -1.279611 1.269711 -1.343724
v -1.524310 0.986955 -1.286501
v -1.524310 0.950493 -1.343384
v -1.524310 1.269711 -1.343724
v -1.524310 0.935873 -1.409463
v -1.524310 0.950493 -1.475542
v -1.524310 0.986783 -1.532765
v -1.279611 0.986783 -1.532765
v -1.279611 0.950493 -1.475542
v -1.279611 0.950493 -1.343384
v -1.279611 0.986955 -1.286501
v -1.279611 0.935873 -1.409463
v -1.423896 1.287943 -1.448634
v -1.279611 1.287943 -1.448634
v -1.524310 1.287943 -1.448634
v -1.279611 1.287887 0.108788
v -1.279611 1.287887 0.031809
v -1.524310 1.287887 0.108788
v -1.421984 1.287887 0.031809
v -1.524310 1.269659 0.004219
v -1.279611 1.269659 0.004219
v -1.524310 1.287887 0.031809
v -1.279611 1.269659 0.136378
v -1.524310 1.269659 0.136378
v -1.279611 1.233374 0.193601
v -1.524310 1.233374 0.193601
v -1.524310 0.935874 0.070639
v -1.279611 0.935874 0.070639
v -1.279611 0.950491 0.004560
v -1.524310 0.950491 0.004560
v -1.524310 0.986947 0.193601
v -1.524310 0.950491 0.136718
v -1.524310 1.044040 0.230047
v -1.524310 1.110075 0.244693
v -1.524310 1.176282 0.230047
v -1.524310 0.986775 -0.052663
v -1.279611 0.950491 0.136718
v -1.279611 0.986947 0.193601
v -1.279611 1.043868 -0.089109
v -1.279611 1.176282 0.230047
v -1.279611 1.110075 0.244693
v -1.279611 1.044040 0.230047
v -1.279611 1.110075 -0.103756
v -1.279611 1.176110 -0.089109
v -1.279611 1.233202 -0.052663
v -1.524310 1.233202 -0.052663
v -1.524310 1.176110 -0.089109
v -1.524310 1.110075 -0.103756
v -1.524310 1.043868 -0.089109
v -1.279611 0.986775 -0.052663
v -1.221141 0.711607 -0.943822
v -1.221141 0.748787 -1.021866
v -1.221141 0.655018 -0.877576
v -1.588001 0.711607 -0.943822
v -1.588001 0.748787 -1.021866
v -1.588001 0.583666 -0.829480
v -1.588001 0.501925 -0.800440
v -1.588001 0.655018 -0.877576
v -1.588001 0.415811 -0.794088
v -1.588001 0.330517 -0.809515
v -1.588001 0.252330 -0.846722
v -1.221141 0.583666 -0.829480
v -1.221141 0.501925 -0.800440
v -1.221141 0.415811 -0.794088
v -1.221141 0.330517 -0.809515
v -1.221141 0.252330 -0.846722
v -1.221141 0.422645 -0.717859
v -1.588001 0.422645 -0.717859
v -1.588001 0.337078 -0.703339
v -1.221141 0.337078 -0.703339
v -1.221141 0.508760 -0.708784
v -1.588001 0.508760 -0.708784
v -1.588001 0.726096 -0.229633
v -1.588001 0.750974 -0.482821
v -1.588001 0.715161 -0.561772
v -1.221141 0.715161 -0.561772
v -1.221141 0.750974 -0.482821
v -1.221141 0.660212 -0.628018
v -1.221141 0.589680 -0.678837
v -1.221141 0.258344 -0.667947
v -1.221141 0.191366 -0.612591
v -1.588001 0.191366 -0.612591
v -1.588001 0.258344 -0.667947
v -1.588001 0.589680 -0.678837
v -1.588001 0.660212 -0.628018
v -1.221141 0.726096 -0.229633
v -1.221141 0.675795 -0.159757
v -1.588001 0.675795 -0.159757
v -1.588001 0.206949 -0.144330
v -1.221141 0.206949 -0.144330
v -1.588001 0.608817 -0.104400
v -1.588001 0.277481 -0.093511
v -1.221141 0.608817 -0.104400
v -1.221141 0.277481 -0.093511
v -1.691254 1.022124 3.238244
v -1.061790 1.022124 3.238244
v -1.061790 0.939469 3.250643
v -1.691254 0.939469 3.250643
v -1.061790 0.855823 3.244725
v -1.691254 0.855823 3.244725
v -1.061790 0.775483 3.221054
v -1.691254 0.775483 3.221054
v -1.691254 1.169910 3.162158
v -1.061790 1.169910 3.162158
v -1.061790 1.100150 3.208373
v -1.691254 1.100150 3.208373
v -1.672294 0.814165 3.128342
v -1.672294 0.759944 3.098471
v -1.672294 1.180821 2.988005
v -1.672294 0.873346 3.146095
v -1.672294 0.996336 3.141304
v -1.672294 0.935171 3.150322
v -1.672294 1.053863 3.119324
v -1.061790 1.228099 3.101852
v -1.691254 1.228099 3.101852
v -1.691254 1.271741 3.030557
v -1.061790 1.271741 3.030557
v -1.121619 1.105440 3.085226
v -1.121619 1.148420 3.040702
v -1.121619 1.024108 2.962361
v -1.121619 1.180821 2.988005
v -1.121619 0.978482 2.992795
v -1.121619 1.053863 3.119324
v -1.121619 0.826067 2.962361
v -1.061790 0.594965 3.064655
v -1.061790 0.683240 3.163567
v -1.061790 0.639929 3.125524
v -1.691254 0.639929 3.125524
v -1.691254 0.702416 3.180475
v -1.061790 0.702416 3.180475
v -1.672294 0.713657 3.057328
v -1.672294 0.677620 3.007731
v -1.691254 0.713657 3.057328
v -1.691254 0.759944 3.098471
v -1.672294 1.105440 3.085226
v -1.672294 1.148420 3.040702
v -1.691254 1.105440 3.085226
v -1.691254 1.148420 3.040702
v -1.691254 1.180821 2.988005
v -1.691254 0.935171 3.150322
v -1.691254 0.996336 3.141304
v -1.691254 0.873346 3.146095
v -1.691254 0.814165 3.128342
v -1.691254 1.053863 3.119324
v -1.026399 0.756638 3.031684
v -1.121619 0.871362 2.992795
v -1.026399 0.834002 3.083254
v -1.121619 0.924922 3.003504
v -1.026399 0.924922 3.101289
v -1.121619 0.873346 3.146095
v -1.121619 0.935171 3.150322
v -1.121619 0.814165 3.128342
v -1.121619 0.759944 3.098471
v -1.061790 0.873346 3.146095
v -1.061790 0.814165 3.128342
v -1.061790 0.935171 3.150322
v -1.061790 0.759944 3.098471
v -1.121619 0.713657 3.057328
v -1.061790 0.713657 3.057328
v -1.061790 0.683240 3.015340
v -1.026399 0.704069 3.058737
v -1.026399 0.764903 3.105516
v -1.026399 0.657122 2.997586
v -1.026399 1.093207 3.031684
v -1.026399 1.167596 2.997586
v -1.026399 1.120648 3.058737
v -1.061790 1.180821 2.988005
v -1.061790 1.148420 3.040702
v -1.061790 1.105440 3.085226
v -1.061790 1.053863 3.119324
v -1.121619 0.996336 3.141304
v -1.061790 0.996336 3.141304
v -1.026399 1.016173 3.083254
v -0.828796 1.167596 2.997586
v -0.828796 1.120648 3.058737
v -1.026399 1.059814 3.105516
v -0.828796 0.704069 3.058737
v -0.828796 0.657122 2.997586
v -0.828796 0.764903 3.105516
v -0.828796 0.835986 3.134823
v -0.828796 0.912359 3.144968
v -0.828796 0.988732 3.134823
v -0.828796 1.059814 3.105516
v -1.026399 0.835986 3.134823
v -1.026399 0.988732 3.134823
v -1.026399 0.912359 3.144968
v -1.221128 0.268187 -2.229346
v -1.221128 0.599927 -2.228138
v -1.221128 0.599065 -1.654414
v -1.221128 0.518930 -1.620595
v -1.221128 0.433051 -1.609724
v -1.221128 0.347172 -1.620595
v -1.587943 0.599927 -2.228138
v -1.587943 0.348321 -2.261958
v -1.587943 0.434200 -2.272829
v -1.587943 0.599065 -1.654414
v -1.587943 0.518930 -1.620595
v -1.587943 0.433051 -1.609724
v -1.587943 0.347172 -1.620595
v -1.587943 0.267325 -1.654414
v -1.587943 0.198679 -1.707559
v -1.587943 0.142671 -2.109770
v -1.691254 0.142671 -2.109770
v -1.691254 0.196382 -2.179825
v -1.587943 0.108779 -2.028845
v -1.691254 0.108779 -2.028845
v -1.587943 0.097578 -1.941880
v -1.587943 0.113088 -1.856124
v -1.691254 0.055643 -2.160500
v -1.691254 0.011986 -2.054209
v -1.691254 0.125438 -2.251088
v -1.587943 0.146118 -1.776406
v -1.221128 0.146118 -1.776406
v -1.221128 0.113088 -1.856124
v -1.221128 0.097578 -1.894775
v -1.117202 0.055643 -2.160500
v -1.117202 0.011986 -2.054209
v -1.117202 0.125438 -2.251088
v -1.587943 0.268187 -2.229346
v -1.221128 0.225965 -2.207605
v -1.117202 0.142671 -2.109770
v -1.221128 0.142671 -2.109770
v -1.221128 0.196382 -2.179825
v -1.117202 0.196382 -2.179825
v -1.117202 0.108779 -2.028845
v -1.221128 0.108779 -2.028845
v -1.221128 0.097578 -1.941880
v -1.221128 0.267325 -1.654414
v -1.221128 0.198679 -1.707559
v -1.117202 0.500548 -2.607400
v -1.117202 0.500548 -2.469707
v -1.221128 0.348321 -2.261958
v -1.221128 0.434200 -2.272829
v -1.221128 0.520079 -2.261958
v -1.587943 0.520079 -2.261958
v -1.061857 0.500548 -2.607400
v -1.061857 0.500548 -2.469707
v -1.587943 0.212179 -1.371780
v -1.221128 0.212179 -1.371780
v -1.587943 0.283409 -1.421301
v -1.587943 0.365267 -1.449082
v -1.587943 0.451433 -1.456329
v -1.587943 0.536738 -1.440627
v -1.221128 1.241465 -2.542757
v -1.221128 0.664337 -2.218169
v -1.221128 1.198278 -2.619421
v -1.587943 0.664337 -2.218169
v -1.587943 0.889103 -2.751111
v -1.587943 1.234594 -2.287415
v -1.587943 0.976784 -2.749874
v -1.587943 1.061521 -2.726380
v -1.587943 1.136770 -2.681865
v -1.587943 0.804038 -2.729472
v -1.587943 0.727808 -2.686193
v -1.221128 0.727808 -2.686193
v -1.061857 0.727808 -2.686193
v -1.061857 0.682985 -2.775223
v -1.221128 0.804038 -2.729472
v -1.061857 0.804038 -2.729472
v -1.221128 0.889103 -2.751111
v -1.061857 0.889103 -2.751111
v -1.221128 1.136770 -2.681865
v -1.061857 1.136770 -2.681865
v -1.061857 1.061521 -2.726380
v -1.221128 1.061521 -2.726380
v -1.061857 0.976784 -2.749874
v -1.221128 0.976784 -2.749874
v -1.691254 0.804038 -2.729472
v -1.691254 0.889103 -2.751111
v -1.691254 0.976784 -2.749874
v -1.691254 1.061521 -2.726380
v -1.691254 0.766414 -2.822211
v -1.691254 0.876997 -2.850651
v -1.691254 0.990525 -2.849414
v -1.691254 1.100454 -2.819119
v -1.061857 0.876997 -2.850651
v -1.061857 0.766414 -2.822211
v -1.061857 0.990525 -2.849414
v -1.061857 1.100454 -2.819119
v -1.587943 1.241465 -2.542757
v -1.691254 1.241465 -2.542757
v -1.691254 1.334054 -2.581089
v -1.587943 1.198278 -2.619421
v -1.221128 1.234594 -2.287415
v -1.061857 1.334054 -2.581089
v -1.061857 1.198278 -2.619421
v -1.061857 1.241465 -2.542757
v -1.061857 1.278108 -2.680011
v -1.061857 1.198278 -2.761003
v -1.691254 1.198278 -2.619421
v -1.691254 1.198278 -2.761003
v -1.691254 1.278108 -2.680011
v -1.691254 1.136770 -2.681865
v -1.588000 0.715232 0.181642
v -1.221141 0.715232 0.181642
v -1.221141 0.751110 0.259924
v -1.588000 0.751110 0.259924
v -1.221141 0.765125 0.345514
v -1.588000 0.765125 0.345514
v -1.588000 0.660295 0.114840
v -1.221141 0.660295 0.114840
v -1.221141 0.191365 0.130497
v -1.588000 0.191365 0.130497
v -1.588000 0.589942 0.063696
v -1.588000 0.508657 0.033426
v -1.588000 0.422607 0.025076
v -1.588000 0.337118 0.039689
v -1.588000 0.258355 0.075177
v -1.588000 0.756716 0.432146
v -1.588000 0.726164 0.512517
v -1.221141 0.589942 0.063696
v -1.221141 0.508657 0.033426
v -1.221141 0.422607 0.025076
v -1.221141 0.337118 0.039689
v -1.221141 0.258355 0.075177
v -1.221141 0.726164 0.512517
v -1.221141 0.756716 0.432146
v -1.221141 0.675711 0.583493
v -1.588000 0.675711 0.583493
v -1.588000 0.207062 0.599150
v -1.221141 0.207062 0.599150
v -1.588000 0.609002 0.637769
v -1.588000 0.529959 0.674301
v -1.588000 0.444750 0.687870
v -1.588000 0.358420 0.679520
v -1.588000 0.277415 0.649251
v -1.221141 0.277415 0.649251
v -1.221141 0.358420 0.679520
v -1.221141 0.609002 0.637769
v -1.221141 0.529959 0.674301
v -1.221141 0.444750 0.687870
v -1.588000 0.422607 0.772416
v -1.221141 0.422607 0.772416
v -1.221141 0.508657 0.780766
v -1.588000 0.508657 0.780766
v -1.588000 0.765125 1.092853
v -1.588000 0.751110 1.007264
v -1.588000 0.715232 0.928981
v -1.221141 0.715232 0.928981
v -1.221141 0.660295 0.861136
v -1.221141 0.589942 0.811035
v -1.221141 0.337118 0.785985
v -1.221141 0.258355 0.822517
v -1.588000 0.589942 0.811035
v -1.588000 0.660295 0.861136
v -1.588000 0.258355 0.822517
v -1.588000 0.337118 0.785985
v -1.221141 0.761145 1.796556
v -1.588000 0.761145 1.796556
v -1.588000 0.763543 1.883117
v -1.221141 0.763543 1.883117
v -1.221141 0.149184 2.031719
v -1.524310 0.533425 2.295114
v -1.524310 0.466696 2.306560
v -1.279612 0.466695 2.306560
v -1.524310 0.368830 2.395443
v -1.279612 0.368830 2.395443
v -1.279612 0.407921 2.340166
v -1.524310 0.407921 2.340166
v -1.524310 0.351032 2.460766
v -1.279612 0.351032 2.460766
v -1.279612 0.347591 2.511244
v -1.279612 0.598747 2.312911
v -1.524310 0.598747 2.312911
v -1.279611 0.654026 2.352002
v -1.524310 0.654027 2.352002
v -1.279611 0.687632 2.410778
v -1.524310 0.687632 2.410778
v -1.691254 0.255769 2.551550
v -1.117054 0.255769 2.551550
v -1.117054 0.347591 2.511244
v -1.279612 0.347181 2.510254
v -1.524310 0.347181 2.510254
v -1.691254 0.347591 2.511244
v -1.117054 0.000007 1.851311
v -1.691254 0.000007 1.851311
v -1.221141 0.098259 1.787662
v -1.117054 0.098271 1.847572
v -1.691254 0.098271 1.847572
v -1.588000 0.098149 1.215796
v -1.221141 0.098149 1.215796
v -1.588000 0.098108 1.004005
v -1.588000 0.675816 1.330512
v -1.588000 0.726219 1.260095
v -1.588000 0.756681 1.179034
v -1.221141 0.756681 1.179034
v -1.588000 0.151987 1.279192
v -1.221141 0.151987 1.279192
v -1.221141 0.765124 1.092853
v -1.221141 0.750975 1.007420
v -1.588000 0.140962 0.947659
v -1.117054 -0.000005 -1.946111
v -1.691254 -0.000005 -1.946111
v -1.117054 0.097538 -1.942044
v -1.221141 0.097714 -1.028106
v -1.588000 0.137779 -0.974792
v -1.221141 0.137779 -0.974792
v -1.221141 0.140963 -0.542358
v -1.588001 0.140963 -0.542358
v -1.691254 0.097538 -1.942044
v -1.588000 0.097547 -1.894305
v -1.588000 0.097673 -1.241314
v -1.588001 0.151987 -0.210824
v -1.588000 0.140963 0.200391
v -1.588000 0.151987 0.531926
v -1.588000 0.155692 -1.306025
v -1.221141 0.151987 -0.210824
v -1.221141 0.151987 0.531926
v -1.221141 0.140963 0.200391
v -1.221141 0.140962 0.947659
v -1.221141 0.155692 -1.306025
v -1.221141 0.097673 -1.241314
v -1.221141 0.191365 0.877244
v -1.588000 0.191365 0.877244
v -1.588000 0.186709 -0.903346
v -1.221141 0.186709 -0.903346
v -1.691254 0.594965 3.064553
v -1.117055 0.500545 2.926387
v -1.121736 0.671378 2.998641
v -1.672345 0.671378 2.998641
v -1.691254 0.677549 3.007669
v -1.121736 0.677549 3.007669
v -1.061858 0.677549 3.007669
v -1.061858 0.500545 2.926387
v -1.121736 1.207458 2.835635
v -1.672345 1.207458 2.835635
v -1.121736 1.065047 2.863350
v -1.672345 1.201092 2.929634
v -1.672345 0.649099 2.911258
v -1.691254 1.201092 2.929634
v -1.121736 0.649099 2.911258
v -1.121736 0.795654 2.916932
v -1.026413 1.163002 2.863350
v -1.026413 1.196937 2.926600
v -0.828796 1.196937 2.926600
v -0.828796 0.627735 2.926598
v -1.026413 0.627735 2.926598
v -1.026413 0.705155 2.954417
v -1.026413 1.144887 2.954419
v -1.121736 1.054389 2.916934
v -1.121736 1.201092 2.929634
v -1.061859 1.201092 2.929634
v -1.691254 1.387962 1.654150
v -1.691254 1.298969 2.951448
v -1.691254 1.287828 1.648785
v -1.061859 1.387962 1.654150
v -1.061859 1.287828 1.648785
v -1.061859 1.298969 2.951448
v -1.524310 1.287830 1.596627
v -1.279611 1.287832 1.523120
v -1.524310 1.287832 1.523120
v -1.221141 1.128780 -2.152109
v -1.588000 1.128780 -2.152109
v -1.588000 1.190646 -2.212700
v -1.221141 1.190646 -2.212700
v -1.221141 1.053342 -2.109592
v -1.588000 1.053342 -2.109592
v -1.221141 0.969468 -2.088050
v -1.588000 0.969468 -2.088050
v -1.221141 0.882877 -2.088951
v -1.588000 0.882877 -2.088951
v -1.221141 0.667760 -1.706492
v -1.588000 0.667760 -1.706492
v -1.588000 0.720589 -1.775105
v -1.221141 0.720589 -1.775105
v -1.588000 0.753862 -1.855054
v -1.221141 0.753862 -1.855054
v -1.588000 0.765307 -1.940890
v -1.221141 0.765307 -1.940890
v -1.588000 0.754148 -2.026762
v -1.221141 0.754148 -2.026762
v -1.588000 0.721142 -2.106822
v -1.221141 0.721142 -2.106822
v -1.221141 0.799470 -2.112229
v -1.588000 0.799470 -2.112229
v -1.588000 0.668540 -2.175609
v -1.221141 0.668540 -2.175609
v -1.221141 0.724931 -2.156306
v -1.588000 0.724931 -2.156306
v -1.588000 0.614719 -1.402796
v -1.221141 0.614720 -1.402796
v -1.221141 0.680473 -1.346448
v -1.588000 0.680473 -1.346448
v -1.221141 0.729403 -1.275002
v -1.588000 0.729403 -1.275002
v -1.221141 1.265673 -2.358987
v -1.061859 1.287944 -1.495259
v -1.061859 1.263129 -2.457639
v -1.221141 1.263129 -2.457639
v -1.061859 1.355192 -2.026858
v -1.061859 1.363242 -2.463383
v -1.061859 1.379105 -0.991939
v -1.691254 1.263129 -2.457639
v -1.691254 1.363242 -2.463383
v -1.691254 1.355192 -2.026858
v -1.691254 1.287944 -1.495259
v -1.691254 1.379105 -0.991939
v -1.588000 1.265673 -2.358987
v -1.588000 1.263129 -2.457639
v -1.279611 1.287939 -1.370660
v -1.524310 1.287939 -1.370660
v -1.379829 1.287939 -1.370660
v -1.221141 0.756682 -0.310982
v -1.588001 0.756682 -0.310982
v -1.588001 0.765125 -0.397165
v -1.221141 0.765124 -0.397165
v -1.221141 0.764823 -1.106985
v -1.588000 0.764823 -1.106985
v -1.588000 0.758175 -1.193325
v -1.221141 0.758175 -1.193325
v -1.221141 0.536622 -1.440207
v -1.221141 0.451503 -1.456130
v -1.221141 0.365163 -1.449480
v -1.221141 0.283487 -1.420709
v -1.588001 0.530048 -0.068756
v -1.588001 0.444616 -0.054607
v -1.588001 0.358434 -0.063051
v -1.221141 0.530048 -0.068756
v -1.221141 0.358434 -0.063051
v -1.221141 0.444616 -0.054607
v -1.588000 0.196400 -2.179606
v -1.588000 0.225969 -2.207792
v -1.061857 0.667309 -2.766083
v -1.691254 0.667309 -2.766083
v -1.588000 0.652711 -2.614542
v -1.691254 0.727762 -2.686076
v -1.221141 0.624458 -2.547482
v -1.588000 0.624458 -2.547482
v -1.588000 0.601179 -2.464073
v -1.221141 0.601179 -2.464073
v -1.221141 0.652711 -2.614542
v -1.588000 0.621820 -2.293610
v -1.221141 0.621820 -2.293610
v -1.221141 0.600279 -2.377483
v -1.588000 0.600279 -2.377483
v -1.061857 0.683133 -2.643539
vn -0.0000 0.8789 0.4770
vn -0.0000 0.5252 0.8510
vn -0.0000 0.7258 0.6879
vn -0.0000 -0.4686 0.8834
vn -0.0000 -0.8533 0.5214
vn -1.0000 -0.0000 -0.0000
vn -1.0000 -0.0000 -0.0002
vn -0.0000 -0.1639 -0.9865
vn -0.0000 -0.6876 0.7261
vn 1.0000 -0.0000 -0.0000
vn 0.0016 -1.0000 -0.0000
vn -0.0016 -1.0000 0.0030
vn -1.0000 0.0014 -0.0008
vn 0.0012 -0.9942 0.1073
vn -0.0000 -0.9941 0.1088
vn -0.0000 -0.9239 0.3826
vn -0.0000 0.0934 -0.9956
vn -1.0000 -0.0000 0.0002
vn -0.0000 0.7622 -0.6473
vn 1.0000 -0.0007 0.0010
vn -0.0000 0.7726 -0.6348
vn -1.0000 -0.0000 0.0001
vn 1.0000 -0.0000 0.0001
vn 1.0000 0.0002 -0.0000
vn 1.0000 -0.0002 0.0003
vn -1.0000 -0.0005 0.0007
vn -1.0000 -0.0001 0.0003
vn -0.0000 0.5827 -0.8127
vn -0.0000 0.2912 0.9567
vn -0.0000 -1.0000 0.0002
vn -0.0005 -1.0000 0.0005
vn -0.0000 0.0234 0.9997
vn -0.0000 0.3511 -0.9363
vn -0.0000 -0.2338 0.9723
vn -1.0000 0.0014 0.0003
vn 0.0005 -0.8132 -0.5820
vn 0.0001 -0.8142 -0.5806
vn -0.0000 -0.9363 -0.3513
vn 0.0001 -0.9361 -0.3518
vn -0.0000 -0.4099 -0.9121
vn 0.0019 -1.0000 0.0005
vn 0.0008 -0.6321 -0.7749
vn -0.0000 -0.6346 -0.7728
vn -0.0000 -0.5252 -0.8510
vn -0.0000 -0.2912 -0.9567
vn -0.0000 -0.7258 -0.6879
vn 1.0000 0.0001 0.0003
vn -0.0000 -0.9582 0.2862
vn -0.0000 -0.9727 -0.2321
vn -0.0000 -0.8789 -0.4770
vn -0.0005 0.6997 -0.7145
vn -0.0000 0.7028 -0.7114
vn 1.0000 -0.0002 -0.0003
vn -0.0000 0.2338 -0.9723
vn -0.0000 -0.9240 0.3824
vn 0.0001 -0.9240 0.3823
vn -0.0000 0.6876 -0.7261
vn -0.0030 -0.9238 0.3829
vn -0.0000 -0.9240 0.3823
vn 0.0003 -0.9240 0.3824
vn -0.0001 0.9125 0.4092
vn -0.0000 0.9123 0.4095
vn -0.0012 -0.9941 0.1088
vn -0.0000 -0.9942 0.1073
vn -0.0000 0.9952 -0.0980
vn -0.0000 0.9297 -0.3684
vn -0.0000 0.9236 -0.3835
vn -0.0000 0.8165 0.5774
vn -0.0000 0.1687 0.9857
vn -0.0001 0.1691 0.9856
vn -0.0000 -0.0233 -0.9997
vn -0.0000 0.4704 -0.8825
vn -0.0000 -0.2629 0.9648
vn 0.0002 -0.2635 0.9647
vn -0.0000 -0.8681 0.4964
vn -0.0000 -0.5774 0.8165
vn -0.0000 0.4964 0.8681
vn -1.0000 0.0016 0.0020
vn -1.0000 -0.0023 -0.0013
vn -0.0000 0.8131 0.5821
vn -0.0000 0.7960 0.6054
vn -0.0000 0.7959 0.6054
vn -0.0000 0.8251 -0.5650
vn -0.0000 0.7927 -0.6096
vn -0.0000 0.7450 -0.6671
vn -0.0000 0.7751 0.6319
vn -0.0000 1.0000 -0.0000
vn -0.0000 0.7994 -0.6008
vn -0.0000 0.8230 0.5680
vn -0.0000 -0.5862 0.8102
vn -0.0000 -0.9838 -0.1790
vn 0.0210 -0.9872 -0.1582
vn 0.0395 -0.9791 -0.1997
vn 1.0000 -0.0001 0.0002
vn 1.0000 -0.0000 0.0002
vn -0.0000 0.9914 -0.1310
vn -0.0000 0.7946 0.6071
vn -0.0000 0.9242 0.3820
vn -0.0000 0.9565 0.2918
vn -0.0000 0.9998 -0.0193
vn -0.0000 0.8168 0.5769
vn 1.0000 0.0012 0.0001
vn -0.0000 0.9977 0.0676
vn 1.0000 -0.0004 0.0003
vn 1.0000 -0.0002 0.0002
vn -0.0000 -0.8193 -0.5734
vn 1.0000 -0.0001 -0.0000
vn 1.0000 0.0001 0.0001
vn -0.0000 -0.9854 0.1702
vn -1.0000 0.0001 -0.0022
vn -1.0000 0.0004 -0.0013
vn -0.0000 -0.9642 -0.2651
vn -0.0348 0.5440 0.8383
vn -0.0000 0.5063 0.8624
vn -0.0000 0.6056 0.7958
vn 0.0890 -0.9252 0.3688
vn 0.0212 -0.7937 0.6080
vn 0.0442 0.1305 0.9905
vn 0.0767 0.2267 0.9709
vn 0.0747 -0.6188 0.7819
vn 0.0301 -0.9965 0.0785
vn 0.0545 -0.9984 -0.0136
vn 0.0878 -0.2005 0.9758
vn 0.0302 -0.3829 0.9233
vn 0.7056 -0.1827 0.6847
vn -0.0000 -0.8128 0.5826
vn 0.6781 -0.1416 0.7212
vn 0.7066 -0.1812 0.6840
vn 0.7068 -0.1698 0.6867
vn 0.7065 0.1236 0.6968
vn 0.7095 0.1306 0.6925
vn 0.7106 0.5846 0.3915
vn 0.7098 0.5865 0.3902
vn 0.7102 0.3931 0.5840
vn 0.7100 0.3937 0.5838
vn 0.7104 0.6899 0.1391
vn 0.7114 0.6884 0.1414
vn 0.7114 -0.5609 0.4235
vn 0.7112 -0.5569 0.4290
vn 0.7105 -0.5536 0.4344
vn -0.0000 -0.1938 0.9810
vn 0.0282 0.4916 0.8704
vn 0.0740 0.5844 0.8081
vn 0.7096 -0.6906 0.1396
vn 0.7094 -0.6907 0.1403
vn 0.7100 0.6903 -0.1389
vn 0.7106 0.6901 -0.1374
vn 0.7099 -0.6908 -0.1374
vn -0.0000 0.9970 0.0776
vn 0.0010 -0.8516 0.5242
vn -0.0000 0.9648 0.2629
vn -1.0000 -0.0000 -0.0001
vn -0.0000 0.8673 -0.4979
vn -0.0000 -0.8200 0.5723
vn -0.0000 -0.8657 0.5006
vn -1.0000 0.0003 0.0006
vn -1.0000 0.0003 0.0005
vn 0.0010 -0.8665 0.4991
vn -1.0000 0.0002 -0.0004
vn -0.0000 -0.8258 0.5639
vn -0.0010 -0.8253 0.5647
vn -0.0003 -0.8259 0.5639
vn 0.0005 -0.8257 0.5641
vn -0.0000 -0.1701 -0.9854
vn 0.0001 0.8258 -0.5639
vn -0.0000 0.8258 -0.5640
vn -0.0000 -0.8267 0.5626
vn -0.0125 -0.8199 0.5723
vn -0.0000 -0.8264 0.5631
vn -0.0000 0.9913 0.1314
vn 1.0000 0.0004 0.0007
vn 0.9940 0.1030 0.0368
vn -0.0000 1.0000 -0.0011
vn -0.0023 -0.8256 0.5643
vn -0.0000 -0.8253 0.5647
vn -1.0000 -0.0002 -0.0011
vn -1.0000 -0.0013 -0.0019
vn 0.6789 -0.4102 0.6089
vn 0.6792 -0.4103 0.6085
vn -0.0000 -0.9465 0.3228
vn 0.6784 -0.6112 0.4077
vn 1.0000 -0.0000 0.0006
vn 1.0000 0.0001 -0.0000
vn -0.0000 -0.4937 -0.8696
vn 1.0000 0.0001 0.0014
vn -0.0000 0.3763 -0.9265
vn -0.0000 0.2627 -0.9649
vn -0.0000 -0.2908 0.9568
vn -0.0000 0.0146 0.9999
vn -0.0000 -0.7993 0.6009
vn -0.0000 0.3246 0.9459
vn 1.0000 -0.0002 0.0001
vn 1.0000 -0.0001 0.0004
vn 1.0000 0.0001 0.0005
vn -0.0000 0.6038 0.7971
vn -0.0000 0.8434 0.5373
vn -0.0000 -0.2166 0.9763
vn -0.0000 0.2166 0.9763
vn -0.0000 0.5381 0.8429
vn -0.0000 -0.8431 0.5377
vn -0.0000 -0.5381 -0.8429
vn -0.0000 -0.2166 -0.9763
vn -0.0000 0.2160 -0.9764
vn -0.0000 -0.9996 0.0277
vn -0.0000 -0.5370 0.8436
vn -0.0000 -0.8504 0.5262
vn -0.0000 -0.9977 -0.0684
vn -0.0000 0.9764 0.2160
vn -0.0000 -0.8505 -0.5260
vn -0.0002 -0.8513 -0.5247
vn -0.0000 -0.8434 -0.5373
vn -0.0000 0.8420 -0.5395
vn -0.0000 0.9764 -0.2160
vn -0.0000 0.5381 -0.8429
vn -0.0000 -0.8251 0.5650
vn -0.0000 -0.6507 0.7593
vn -0.0000 0.5380 -0.8429
vn -0.0000 0.9997 -0.0258
vn -0.0000 0.8445 0.5356
vn -0.0000 0.5380 0.8429
vn -0.0000 0.8419 -0.5397
vn -0.0000 -0.8282 -0.5605
vn -0.0000 -0.8445 -0.5356
vn -0.0000 -0.9997 0.0231
vn -0.0000 -0.8311 0.5561
vn -0.0000 -0.9232 -0.3842
vn -0.0000 -0.7923 -0.6101
vn -0.0000 -0.5380 0.8429
vn -0.0000 -0.9912 -0.1322
vn -0.0000 0.2688 -0.9632
vn -0.0000 -0.9245 0.3811
vn -0.0000 -0.9917 0.1289
vn -0.0000 -0.2488 -0.9686
vn -0.0000 -0.4910 -0.8712
vn -0.0000 -0.6997 -0.7144
vn -0.0000 0.0104 -0.9999
vn -0.0000 -0.2165 0.9763
vn -0.0000 0.2160 0.9764
vn -0.0000 -0.7944 0.6075
vn -0.0000 0.2165 -0.9763
vn -0.0000 -0.2160 -0.9764
vn -0.0000 0.5090 -0.8608
vn -0.0000 -0.5380 -0.8429
vn -0.0000 -0.8419 0.5397
vn -0.0000 0.8419 -0.5396
vn -0.0000 0.8445 0.5355
vn -0.0000 -0.8419 0.5396
vn -0.0000 -0.5381 0.8429
vn -0.0000 -0.8445 -0.5355
vn -0.0000 -0.8343 -0.5512
vn -0.0000 -0.8343 0.5512
vn -0.0003 1.0000 -0.0000
vn -0.0000 -0.9970 0.0768
vn -0.0000 -0.9952 -0.0975
vn -0.0000 -1.0000 0.0033
vn 0.0003 1.0000 -0.0000
vn -0.0000 -0.7697 0.6384
vn -0.0000 -0.5846 0.8113
vn -0.0000 -0.3471 0.9378
vn -0.0000 -0.8116 -0.5842
vn -0.0000 0.4100 0.9121
vn -0.0000 0.8124 0.5831
vn -0.0000 0.6371 0.7708
vn -0.0000 -0.4123 -0.9111
vn -0.0000 0.5846 -0.8113
vn -0.0000 -0.6371 -0.7708
vn -0.0000 0.3522 -0.9359
vn -0.0000 -0.9360 -0.3519
vn -0.0000 0.7708 -0.6371
vn -0.0000 -0.9866 0.1630
vn -0.0000 -0.9432 0.3322
vn -0.0000 -0.9028 -0.4301
vn -0.0000 -0.9827 -0.1851
vn -0.0000 -0.1048 0.9945
vn -0.0000 0.6533 -0.7571
vn -0.0000 -0.0736 -0.9973
vn -0.0000 0.1673 0.9859
vn -0.0000 -0.9107 0.4131
vn -0.0000 0.4297 -0.9030
vn -0.0000 -0.3348 -0.9423
vn -0.0000 -0.7604 -0.6495
vn -0.0000 -0.5589 -0.8292
vn -0.0000 0.1780 -0.9840
vn 1.0000 -0.0001 -0.0003
vn -1.0000 -0.0002 0.0011
vn -1.0000 -0.0004 0.0007
vn 0.7098 -0.5854 -0.3917
vn 0.7099 -0.5852 -0.3919
vn -1.0000 -0.0005 0.0004
vn -1.0000 0.0078 0.0031
vn 1.0000 0.0001 -0.0002
vn 1.0000 0.0002 -0.0001
vn -0.0000 0.5515 0.8342
vn -0.0000 0.7195 0.6945
vn -0.0000 0.8519 0.5238
vn -0.0000 0.9447 0.3281
vn -0.0000 -0.6644 0.7474
vn 0.0015 -0.8088 0.5881
vn -0.0000 -0.8098 0.5867
vn -0.0000 -0.8031 0.5958
vn -0.0000 -0.0682 0.9977
vn -0.0000 -0.4825 0.8759
vn -0.0000 0.8258 -0.5639
vn -1.0000 -0.0003 0.0007
vn 1.0000 -0.0001 -0.0001
vn -1.0000 0.0012 0.0015
vn 0.7097 0.5846 -0.3932
vn 0.7108 0.5853 -0.3901
vn -0.0000 0.6096 -0.7927
vn -0.0000 0.3812 -0.9245
vn -0.0000 -0.3812 -0.9245
vn -0.0000 0.1317 -0.9913
vn -0.0000 -0.1317 -0.9913
vn -0.0000 -0.6096 -0.7927
vn 0.7102 -0.1365 -0.6907
vn 0.7096 -0.1381 -0.6910
vn 0.7102 -0.3917 -0.5851
vn 0.7106 -0.3904 -0.5853
vn -0.0000 0.1459 0.9893
vn -0.0000 0.1458 0.9893
vn -0.0000 0.3569 0.9341
vn -0.0000 0.7932 -0.6090
vn -0.0000 0.9240 -0.3825
vn -0.0000 -0.7932 -0.6090
vn -0.0000 -0.9242 -0.3820
vn 0.0001 0.8258 -0.5640
vn -0.0001 0.6604 -0.7509
vn -0.0000 0.6599 -0.7513
vn -0.0000 0.6614 -0.7501
vn -0.0000 0.9690 -0.2471
vn -1.0000 0.0013 0.0017
vn -0.0000 -0.8088 0.5881
vn 0.0011 -0.8090 0.5878
vn 1.0000 -0.0000 -0.0009
vn 0.0001 0.8048 -0.5935
vn -0.0000 0.8043 -0.5942
vn -0.0000 0.4855 -0.8742
vn -0.0000 -0.3575 -0.9339
vn -0.0000 -0.5523 -0.8337
vn -0.0000 -0.1484 -0.9889
vn -0.0000 0.0706 -0.9975
vn -0.0000 0.2826 -0.9592
vn -1.0000 0.0005 0.0004
vn -1.0000 -0.0019 0.0013
vn -1.0000 -0.0008 0.0017
vn -1.0000 0.0006 0.0004
vn -0.0000 -0.7196 -0.6944
vn -0.0000 -0.8529 -0.5221
vn -0.0000 -0.9456 -0.3255
vn 1.0000 -0.0002 -0.0054
vn 0.0012 -0.8244 0.5661
vn -0.0000 -0.2873 0.9578
vn 0.7100 0.3906 -0.5860
vn 0.7109 0.3922 -0.5837
vn 0.7097 0.1371 -0.6911
vn 0.7101 0.1381 -0.6904
vn -0.0000 0.9999 0.0104
vn -0.0000 -0.3900 0.9208
vn -0.0000 0.9686 -0.2488
vn -0.0000 0.9632 0.2688
vn -0.0000 0.9215 0.3883
vn -0.0000 -0.6895 -0.7243
vn -0.0000 -0.6894 -0.7243
vn -0.0002 -0.6895 -0.7243
vn -0.0000 -0.1256 0.9921
vn 1.0000 -0.0005 0.0017
vn -0.0000 -0.6845 -0.7290
vn -0.0029 -0.6899 -0.7239
vn 0.0004 -0.6899 -0.7239
vn -0.0006 -0.6904 -0.7235
vn -0.0000 0.6889 0.7249
vn -0.0010 0.6895 0.7243
vn -0.0000 0.6887 0.7250
vn 0.0002 -0.6898 -0.7240
vn 0.0017 -0.6899 -0.7239
vn -0.0000 0.3769 0.9262
vn -0.0000 0.1256 0.9921
vn -0.0000 0.6893 0.7244
vn -0.0000 0.6122 -0.7907
vn -0.0000 0.3900 -0.9208
vn -0.0000 -0.1256 -0.9921
vn -0.0000 -0.3888 -0.9213
vn -0.0000 0.1256 -0.9921
vn -0.0000 -1.0000 0.0001
vn 0.0001 -1.0000 0.0002
vn -0.0003 -1.0000 0.0001
vn -0.0000 0.7948 -0.6068
vn -0.0000 0.7446 0.6676
vn -0.0000 0.7585 0.6516
vn -0.0000 -0.6041 -0.7969
vn -0.0005 -0.1839 0.9829
vn -0.0012 -0.1810 0.9835
vn 0.0011 0.0768 0.9970
vn -0.0006 0.0838 0.9965
vn -1.0000 -0.0007 -0.0008
vn -0.0014 0.5708 0.8211
vn -0.0000 0.5658 0.8246
vn -0.0016 0.3322 0.9432
vn 0.0011 0.3214 0.9470
vn 1.0000 -0.0001 0.0003
vn 1.0000 -0.0000 0.0005
vn 1.0000 0.0003 0.0008
vn 1.0000 0.0015 0.0022
vn 1.0000 0.0002 0.0011
vn -0.0000 -0.4365 0.8997
vn -0.0012 -0.4320 0.9019
vn 0.0014 -0.7926 -0.6098
vn -0.0000 -0.7936 -0.6084
vn -0.0000 -0.9224 -0.3863
vn 1.0000 0.0006 -0.0003
vn 1.0000 -0.0066 0.0012
vn 0.0004 -1.0000 -0.0006
vn 0.0006 -0.9917 -0.1284
vn -0.0000 -0.9918 -0.1278
vn 1.0000 0.0003 -0.0001
vn 1.0000 0.0004 -0.0003
vn -1.0000 -0.0001 0.0001
vn -0.0000 -0.6079 0.7940
vn -0.0000 0.9238 -0.3828
vn -0.0006 -0.9918 -0.1278
vn -0.0000 -0.9917 -0.1284
vn -0.0004 -1.0000 -0.0000
vn -1.0000 -0.0001 0.0017
vn -1.0000 -0.0003 0.0013
vn -0.0000 0.7922 0.6103
vn -0.0000 0.9939 0.1102
vn -0.0006 0.9281 -0.3724
vn -0.0000 0.9262 -0.3770
vn -0.0000 0.9250 0.3799
vn 1.0000 -0.0029 -0.0031
vn -0.0004 0.4578 0.8891
vn -0.0000 0.4547 0.8906
vn 1.0000 -0.0018 -0.0014
vn 1.0000 0.0023 0.0010
vn 1.0000 0.0017 -0.0000
vn 1.0000 0.0024 0.0001
vn -0.0000 0.2491 0.9685
vn -0.0000 0.9691 -0.2467
vn -1.0000 -0.0004 -0.0000
vn -1.0000 0.0006 0.0002
vn -0.0000 -0.9706 0.2407
vn -0.0000 -0.8619 -0.5070
vn -0.0000 -0.9173 -0.3983
vn -0.0000 0.5037 0.8639
vn -0.0000 -0.2657 0.9641
vn 0.0004 0.4928 0.8701
vn -0.0000 0.4907 0.8713
vn -0.0000 -0.0109 0.9999
vn -0.0000 0.0141 -0.9999
vn -0.0000 0.7124 -0.7017
vn -0.0000 0.8713 -0.4908
vn -0.0000 -0.8704 0.4923
vn -0.0000 -0.5108 0.8597
vn -0.0000 0.5091 -0.8607
vn -0.0000 0.5092 -0.8607
vn -0.0000 -0.7122 0.7020
vn -0.0000 -0.9998 -0.0184
vn 1.0000 -0.0006 0.0004
vn 1.0000 -0.0011 -0.0001
vn 1.0000 0.0008 0.0001
vn 1.0000 -0.0005 -0.0000
vn 1.0000 -0.0003 0.0001
vn 1.0000 -0.0001 0.0001
vn -0.0000 0.8712 -0.4910
vn -1.0000 -0.0001 -0.0001
vn -0.0000 0.7144 -0.6997
vn -1.0000 0.0001 0.0001
vn -0.0008 -0.4945 -0.8692
vn -0.0000 -0.2465 -0.9691
vn -1.0000 0.0003 0.0001
vn -1.0000 -0.0001 -0.0002
vn -0.0005 -0.6903 -0.7235
vn -0.0000 0.2672 -0.9636
vn 1.0000 -0.0013 -0.0005
vn 1.0000 -0.0009 -0.0002
vn 0.0002 -0.6906 -0.7233
vn -0.0000 -0.6903 -0.7235
vn -0.0000 -0.4195 -0.9077
vn -0.0000 -0.0966 0.9953
vn -0.0000 -0.6311 -0.7757
vn -0.0004 -0.9866 0.1634
vn -0.0000 -0.9869 0.1616
vn -0.0000 0.5801 -0.8146
vn -0.0000 0.3500 -0.9367
vn -0.0000 -0.1573 -0.9876
vn -0.0000 0.0963 -0.9954
vn -0.0000 0.1568 0.9876
vn -0.0000 0.6327 0.7744
vn -0.0000 -0.7772 0.6293
vn -0.0000 0.4208 0.9072
vn -0.0000 -0.9100 0.4146
vn -0.0005 -0.9091 0.4166
vn -0.0000 -0.5801 0.8146
vn -0.0000 -0.3490 0.9371
vn -0.0000 0.1685 0.9857
vn -0.0000 -0.7724 0.6352
vn -0.0000 0.8111 0.5849
vn -0.0000 -0.9091 0.4166
vn -0.0000 0.7735 -0.6337
vn -0.0000 -0.9953 -0.0966
vn -0.0000 -0.8151 -0.5794
vn -0.0000 0.0975 -0.9952
vn -0.0000 -0.5880 0.8089
vn -0.0000 -0.1634 -0.9866
vn -0.0000 0.4108 0.9117
vn -0.0000 -0.9347 -0.3553
vn -0.0000 0.6367 0.7711
s 0
f 790//550 789//550 798//550
f 790//550 798//550 763//550
f 764//551 797//551 799//551
f 764//551 799//551 762//551
f 763//552 798//552 797//552
f 763//552 797//552 764//552
f 757//553 796//553 795//553
f 757//553 795//553 758//553
f 759//554 794//554 752//554
f 759//554 752//554 751//554
f 795//555 796//555 755//555
f 795//555 755//555 794//555
f 755//556 1309//556 752//556
f 755//555 752//555 794//555
f 804//557 805//557 802//557
f 804//557 802//557 803//557
f 755//555 799//555 797//555
f 755//555 797//555 798//555
f 800//555 801//555 755//555
f 800//555 755//555 796//555
f 801//555 799//555 755//555
f 758//558 795//558 794//558
f 758//558 794//558 759//558
f 787//555 782//555 785//555
f 791//559 790//559 792//559
f 791//560 792//560 1340//560
f 1339//555 1336//555 787//555
f 1339//555 787//555 785//555
f 755//561 1338//561 1339//561
f 784//562 1313//562 767//562
f 784//555 767//555 755//555
f 1340//563 792//563 793//563
f 1340//564 793//564 786//564
f 788//559 1337//559 1340//559
f 788//559 1340//559 786//559
f 788//559 786//559 783//559
f 793//559 792//559 756//559
f 793//559 756//559 768//559
f 793//565 768//565 786//565
f 756//559 792//559 790//559
f 756//559 790//559 763//559
f 806//566 807//566 803//566
f 806//566 803//566 802//566
f 1350//555 1351//555 1349//555
f 1350//555 1349//555 1347//555
f 813//567 1347//567 1349//567
f 813//555 1349//555 812//555
f 1348//568 1349//568 1342//568
f 1348//568 1342//568 1341//568
f 815//569 1348//569 809//569
f 1349//570 1348//570 815//570
f 1349//570 815//570 814//570
f 810//555 812//555 1349//555
f 810//571 1349//571 805//571
f 803//572 807//572 1352//572
f 803//559 1352//559 804//559
f 809//573 1348//573 1352//573
f 809//572 1352//572 807//572
f 1352//574 1344//574 811//574
f 1352//559 811//559 804//559
f 1349//571 806//571 802//571
f 1349//571 802//571 805//571
f 1349//575 814//575 808//575
f 1349//576 808//576 806//576
f 814//577 815//577 809//577
f 814//577 809//577 808//577
f 762//578 799//578 801//578
f 762//578 801//578 761//578
f 1341//579 1342//579 1338//579
f 1341//580 1338//580 791//580
f 761//581 801//581 800//581
f 761//581 800//581 760//581
f 808//582 809//582 807//582
f 808//582 807//582 806//582
f 760//583 800//583 796//583
f 760//583 796//583 757//583
f 789//584 1338//584 755//584
f 789//555 755//555 798//555
f 812//585 1344//585 1345//585
f 812//586 1345//586 813//586
f 1346//587 1347//587 813//587
f 1346//588 813//588 1345//588
f 811//589 810//589 805//589
f 811//589 805//589 804//589
f 1340//579 1343//579 1341//579
f 1340//590 1341//590 791//590
f 1344//591 812//591 810//591
f 1344//592 810//592 811//592
f 774//555 773//555 755//555
f 774//555 755//555 767//555
f 753//567 1312//567 755//567
f 753//555 755//555 765//555
f 773//555 772//555 755//555
f 755//555 769//555 770//555
f 755//555 770//555 765//555
f 755//555 772//555 771//555
f 755//555 771//555 769//555
f 769//593 775//593 776//593
f 769//593 776//593 770//593
f 777//559 778//559 756//559
f 777//559 756//559 775//559
f 777//559 780//559 779//559
f 777//559 779//559 778//559
f 776//559 775//559 756//559
f 776//559 756//559 766//559
f 771//594 777//594 775//594
f 771//594 775//594 769//594
f 770//595 776//595 766//595
f 770//595 766//595 765//595
f 756//596 1311//596 754//596
f 756//559 754//559 766//559
f 758//559 759//559 756//559
f 758//559 756//559 757//559
f 756//559 761//559 760//559
f 756//559 760//559 757//559
f 1312//555 1309//555 755//555
f 1309//597 1310//597 751//597
f 1309//597 751//597 752//597
f 1311//598 1312//598 753//598
f 1311//598 753//598 754//598
f 762//559 761//559 756//559
f 765//599 766//599 754//599
f 765//599 754//599 753//599
f 1313//600 768//600 756//600
f 1313//601 756//601 767//601
f 1310//559 1311//559 756//559
f 1310//602 756//602 751//602
f 756//559 763//559 764//559
f 756//559 764//559 762//559
f 759//559 751//559 756//559
f 773//603 779//603 780//603
f 773//603 780//603 772//603
f 1333//604 1334//604 768//604
f 1333//605 768//605 1313//605
f 778//606 774//606 767//606
f 778//606 767//606 756//606
f 782//555 1331//555 1332//555
f 782//555 1332//555 785//555
f 1332//607 1313//607 784//607
f 1332//604 784//604 785//604
f 1332//608 1323//608 1313//608
f 768//604 1334//604 1335//604
f 768//609 1335//609 786//609
f 791//610 1338//610 789//610
f 791//611 789//611 790//611
f 755//612 1339//612 785//612
f 755//613 785//613 784//613
f 1336//614 1337//614 788//614
f 1336//614 788//614 787//614
f 1335//559 1330//559 783//559
f 1335//559 783//559 786//559
f 787//615 788//615 783//615
f 787//615 783//615 782//615
f 1330//616 1331//616 782//616
f 1330//616 782//616 783//616
f 1319//617 1320//617 1317//617
f 1319//617 1317//617 1318//617
f 1320//559 1321//559 1317//559
f 1315//618 1316//618 781//618
f 1315//619 781//619 1314//619
f 772//620 780//620 777//620
f 772//620 777//620 771//620
f 774//621 778//621 779//621
f 774//621 779//621 773//621
f 1322//555 1319//555 1318//555
f 1324//622 1325//622 1314//622
f 1324//623 1314//623 781//623
f 1328//624 1329//624 1327//624
f 1328//624 1327//624 1326//624
f 1326//625 1327//625 1325//625
f 1326//625 1325//625 1324//625
f 1320//626 1319//626 1316//626
f 1320//626 1316//626 1315//626
f 1323//627 1324//627 781//627
f 1323//628 781//628 1316//628
f 825//559 1363//559 1367//559
f 825//559 1367//559 1357//559
f 1368//555 1359//555 820//555
f 1368//555 820//555 819//555
f 1369//555 1370//555 818//555
f 1369//555 818//555 817//555
f 1348//559 1341//559 1343//559
f 1348//559 1343//559 1352//559
f 1361//559 1340//559 1337//559
f 1361//559 1337//559 1354//559
f 824//559 1360//559 1364//559
f 824//559 1364//559 822//559
f 821//559 1365//559 1366//559
f 821//559 1366//559 823//559
f 1349//555 1371//555 816//555
f 1349//555 816//555 1342//555
f 1374//629 1375//629 1352//629
f 1374//629 1352//629 1371//629
f 816//630 1371//630 1352//630
f 816//631 1352//631 1343//631
f 1376//632 1377//632 1358//632
f 1376//632 1358//632 1357//632
f 822//633 1364//633 1368//633
f 822//633 1368//633 819//633
f 1372//555 1373//555 1356//555
f 1372//555 1356//555 1358//555
f 823//634 1366//634 1369//634
f 823//634 1369//634 817//634
f 818//635 1370//635 1365//635
f 818//635 1365//635 821//635
f 820//579 1356//579 1355//579
f 820//579 1355//579 819//579
f 1339//555 1355//555 1353//555
f 1339//555 1353//555 1336//555
f 821//579 822//579 819//579
f 821//579 819//579 818//579
f 818//579 819//579 1355//579
f 818//579 1355//579 817//579
f 1337//636 1336//636 1353//636
f 1337//636 1353//636 1354//636
f 1355//579 1339//579 1338//579
f 1355//579 1338//579 1342//579
f 1355//579 1342//579 816//579
f 1355//579 816//579 817//579
f 1343//579 823//579 817//579
f 1343//579 817//579 816//579
f 825//579 824//579 1340//579
f 825//579 1340//579 1363//579
f 1340//579 824//579 822//579
f 1340//579 822//579 821//579
f 1340//579 821//579 823//579
f 1340//579 823//579 1343//579
f 1362//579 1363//579 1340//579
f 1362//579 1340//579 1361//579
f 824//579 825//579 1356//579
f 824//579 1356//579 820//579
f 1357//637 1358//637 1356//637
f 1357//637 1356//637 825//637
f 820//638 1359//638 1360//638
f 820//638 1360//638 824//638
f 872//639 886//639 885//639
f 872//639 885//639 870//639
f 1396//555 896//555 894//555
f 1396//555 894//555 895//555
f 1396//555 895//555 842//555
f 1396//555 842//555 841//555
f 891//559 892//559 893//559
f 888//559 887//559 884//559
f 888//559 884//559 883//559
f 889//640 1396//640 1395//640
f 889//641 1395//641 888//641
f 888//642 890//642 889//642
f 841//555 1397//555 1396//555
f 891//559 899//559 898//559
f 891//559 898//559 892//559
f 899//559 891//559 900//559
f 899//559 900//559 839//559
f 901//643 1399//643 1398//643
f 901//644 1398//644 840//644
f 1398//645 1397//645 841//645
f 1398//645 841//645 840//645
f 897//555 896//555 1396//555
f 897//555 1396//555 889//555
f 898//646 899//646 895//646
f 898//646 895//646 894//646
f 842//647 895//647 899//647
f 842//647 899//647 839//647
f 880//648 881//648 878//648
f 880//648 878//648 879//648
f 879//649 1390//649 1392//649
f 879//649 1392//649 880//649
f 854//650 878//650 881//650
f 854//650 881//650 855//650
f 1389//651 863//651 1387//651
f 1389//652 1387//652 1391//652
f 858//572 862//572 1389//572
f 858//572 1389//572 853//572
f 861//643 1389//643 862//643
f 864//653 863//653 1389//653
f 864//654 1389//654 861//654
f 880//555 882//555 873//555
f 880//555 873//555 881//555
f 849//655 850//655 852//655
f 849//655 852//655 847//655
f 885//559 886//559 883//559
f 885//559 883//559 884//559
f 888//656 1395//656 1394//656
f 888//657 1394//657 887//657
f 1329//658 1328//658 848//658
f 1329//658 848//658 851//658
f 1392//659 1393//659 882//659
f 1392//660 882//660 880//660
f 881//555 873//555 855//555
f 847//661 852//661 851//661
f 847//661 851//661 848//661
f 906//559 886//559 903//559
f 906//559 903//559 902//559
f 908//559 909//559 886//559
f 908//559 886//559 907//559
f 909//559 883//559 886//559
f 906//559 907//559 886//559
f 897//662 904//662 892//662
f 897//663 892//663 896//663
f 892//664 898//664 894//664
f 892//664 894//664 896//664
f 906//559 902//559 893//559
f 906//559 893//559 892//559
f 910//665 883//665 909//665
f 910//666 909//666 911//666
f 904//555 897//555 889//555
f 904//555 889//555 890//555
f 890//555 912//555 905//555
f 890//555 905//555 904//555
f 911//555 912//555 890//555
f 911//555 890//555 910//555
f 905//667 912//667 907//667
f 905//668 907//668 906//668
f 909//669 908//669 911//669
f 883//670 910//670 890//670
f 883//671 890//671 888//671
f 908//672 907//672 912//672
f 908//673 912//673 911//673
f 872//674 877//674 903//674
f 872//675 903//675 886//675
f 871//676 877//676 872//676
f 876//677 902//677 903//677
f 876//678 903//678 877//678
f 893//679 902//679 876//679
f 893//680 876//680 875//680
f 900//559 901//559 840//559
f 900//559 840//559 839//559
f 873//681 900//681 891//681
f 873//682 891//682 874//682
f 874//683 891//683 893//683
f 874//684 893//684 875//684
f 882//685 901//685 900//685
f 882//686 900//686 873//686
f 884//687 887//687 869//687
f 884//688 869//688 868//688
f 884//689 868//689 870//689
f 884//690 870//690 885//690
f 906//691 892//691 904//691
f 906//692 904//692 905//692
f 1394//693 1388//693 869//693
f 1394//694 869//694 887//694
f 1393//695 1399//695 901//695
f 1393//696 901//696 882//696
f 1400//697 1401//697 1388//697
f 1400//697 1388//697 1394//697
f 1386//555 1388//555 1402//555
f 1386//652 1402//652 1403//652
f 1334//698 1333//698 1322//698
f 1334//698 1322//698 1321//698
f 843//699 1335//699 1334//699
f 1318//700 1317//700 1321//700
f 1318//700 1321//700 1322//700
f 831//555 830//555 846//555
f 831//701 846//701 1323//701
f 845//559 829//559 844//559
f 845//559 844//559 843//559
f 1316//555 1319//555 1323//555
f 1333//555 1323//555 1319//555
f 1333//555 1319//555 1322//555
f 1331//702 1330//702 827//702
f 1331//702 827//702 826//702
f 827//559 1330//559 1335//559
f 827//559 1335//559 837//559
f 1326//555 1324//555 1323//555
f 1326//555 1323//555 1328//555
f 848//701 1328//701 1323//701
f 848//555 1323//555 847//555
f 844//703 829//703 837//703
f 1323//704 1332//704 832//704
f 1323//704 832//704 831//704
f 832//705 1332//705 1331//705
f 832//706 1331//706 826//706
f 1335//707 843//707 844//707
f 1335//704 844//704 837//704
f 826//708 1379//708 828//708
f 826//555 828//555 832//555
f 1380//709 1381//709 829//709
f 1380//710 829//710 828//710
f 829//711 1381//711 1382//711
f 829//712 1382//712 837//712
f 835//713 836//713 833//713
f 835//713 833//713 834//713
f 1378//714 1379//714 826//714
f 1378//715 826//715 827//715
f 828//716 829//716 830//716
f 828//717 830//717 831//717
f 828//718 831//718 832//718
f 837//559 1382//559 1378//559
f 837//559 1378//559 827//559
f 841//719 842//719 839//719
f 841//719 839//719 840//719
f 1315//720 843//720 1320//720
f 1320//721 843//721 1334//721
f 1320//559 1334//559 1321//559
f 828//722 1379//722 1385//722
f 828//722 1385//722 838//722
f 1383//723 1380//723 838//723
f 1383//724 838//724 1384//724
f 838//708 1385//708 1384//708
f 838//724 1380//724 828//724
f 866//555 865//555 869//555
f 1388//725 1386//725 866//725
f 1388//726 866//726 869//726
f 871//727 872//727 870//727
f 871//728 870//728 867//728
f 868//555 869//555 865//555
f 868//555 865//555 867//555
f 860//625 865//625 864//625
f 860//625 864//625 861//625
f 866//729 1386//729 1387//729
f 866//729 1387//729 863//729
f 865//555 860//555 867//555
f 868//730 867//730 870//730
f 871//555 867//555 860//555
f 871//555 860//555 859//555
f 1389//657 878//657 854//657
f 1389//657 854//657 853//657
f 1389//731 1390//731 879//731
f 1389//732 879//732 878//732
f 859//555 876//555 877//555
f 859//555 877//555 871//555
f 855//555 873//555 874//555
f 855//555 874//555 856//555
f 856//555 874//555 875//555
f 856//555 875//555 857//555
f 857//555 875//555 876//555
f 857//555 876//555 859//555
f 850//733 849//733 834//733
f 850//733 834//733 833//733
f 843//734 1329//734 851//734
f 843//559 851//559 852//559
f 843//559 852//559 850//559
f 843//559 850//559 833//559
f 845//735 846//735 830//735
f 845//735 830//735 829//735
f 849//555 847//555 1323//555
f 849//555 1323//555 834//555
f 1323//701 846//701 835//701
f 1323//555 835//555 834//555
f 846//736 845//736 836//736
f 846//736 836//736 835//736
f 836//559 845//559 843//559
f 836//559 843//559 833//559
f 861//737 862//737 859//737
f 861//737 859//737 860//737
f 857//738 859//738 862//738
f 857//738 862//738 858//738
f 865//739 866//739 863//739
f 865//739 863//739 864//739
f 856//740 857//740 858//740
f 856//740 858//740 853//740
f 843//574 1325//574 1327//574
f 843//741 1327//741 1329//741
f 1314//742 1325//742 843//742
f 1314//743 843//743 1315//743
f 855//744 856//744 853//744
f 855//744 853//744 854//744
f 928//555 930//555 939//555
f 939//745 934//745 929//745
f 939//745 929//745 928//745
f 930//555 941//555 940//555
f 930//555 940//555 939//555
f 936//746 941//746 930//746
f 936//746 930//746 937//746
f 935//747 940//747 941//747
f 935//747 941//747 936//747
f 927//559 929//559 933//559
f 927//559 933//559 921//559
f 936//559 937//559 933//559
f 936//559 933//559 935//559
f 921//559 933//559 922//559
f 934//748 939//748 940//748
f 934//748 940//748 935//748
f 933//559 938//559 924//559
f 933//559 924//559 922//559
f 942//749 943//749 915//749
f 942//749 915//749 914//749
f 932//750 933//750 918//750
f 932//750 918//750 919//750
f 919//555 930//555 932//555
f 931//751 938//751 933//751
f 931//751 933//751 932//751
f 938//752 931//752 925//752
f 938//752 925//752 924//752
f 1312//753 1311//753 1310//753
f 1312//753 1310//753 1309//753
f 933//559 942//559 914//559
f 933//559 914//559 918//559
f 943//754 942//754 937//754
f 943//754 937//754 930//754
f 942//559 933//559 937//559
f 915//555 943//555 916//555
f 916//555 943//555 930//555
f 916//555 930//555 919//555
f 1411//636 913//636 1408//636
f 913//636 1410//636 1406//636
f 913//636 1406//636 1408//636
f 1411//755 1412//755 914//755
f 1411//755 914//755 915//755
f 917//559 918//559 914//559
f 913//555 1411//555 915//555
f 913//555 915//555 916//555
f 1403//555 1409//555 1407//555
f 1403//555 1407//555 1408//555
f 1391//559 1406//559 1404//559
f 1391//559 1404//559 1405//559
f 1404//756 1407//756 1409//756
f 1404//756 1409//756 1405//756
f 1406//652 1391//652 1387//652
f 1406//652 1387//652 1386//652
f 1406//652 1386//652 1403//652
f 1406//652 1403//652 1408//652
f 1412//559 1410//559 917//559
f 1412//559 917//559 914//559
f 923//555 925//555 930//555
f 923//555 930//555 920//555
f 928//757 929//757 927//757
f 928//757 927//757 926//757
f 931//555 932//555 930//555
f 931//555 930//555 925//555
f 934//559 935//559 933//559
f 934//559 933//559 929//559
f 930//555 928//555 926//555
f 930//555 926//555 920//555
f 916//758 917//758 1410//758
f 916//759 1410//759 913//759
f 919//760 918//760 917//760
f 919//760 917//760 916//760
f 922//761 923//761 920//761
f 922//761 920//761 921//761
f 926//762 927//762 921//762
f 926//762 921//762 920//762
f 924//763 925//763 923//763
f 924//763 923//763 922//763
f 1445//764 1446//764 1444//764
f 1445//764 1444//764 1443//764
f 1443//765 1444//765 1441//765
f 1443//765 1441//765 1442//765
f 972//766 963//766 957//766
f 972//766 957//766 956//766
f 966//757 973//757 970//757
f 966//757 970//757 967//757
f 1451//555 1448//555 1453//555
f 1451//555 1452//555 1449//555
f 1451//555 1449//555 1448//555
f 1449//767 1450//767 1447//767
f 1449//767 1447//767 1448//767
f 947//555 971//555 972//555
f 947//555 972//555 956//555
f 967//768 970//768 969//768
f 967//768 969//768 968//768
f 968//769 969//769 947//769
f 968//769 947//769 946//769
f 973//555 971//555 947//555
f 973//555 947//555 970//555
f 964//762 971//762 973//762
f 964//762 973//762 966//762
f 963//770 972//770 971//770
f 963//770 971//770 964//770
f 970//555 947//555 969//555
f 1456//559 1457//559 1454//559
f 1456//559 1454//559 1455//559
f 976//636 1457//636 1462//636
f 1461//555 975//555 960//555
f 1461//555 960//555 962//555
f 975//636 1461//636 1448//636
f 976//559 1462//559 965//559
f 976//559 965//559 961//559
f 962//771 1463//771 1461//771
f 1462//771 1463//771 962//771
f 1462//771 962//771 965//771
f 965//772 962//772 959//772
f 965//772 959//772 958//772
f 1453//773 1458//773 1456//773
f 1453//773 1456//773 1451//773
f 1459//767 1460//767 1454//767
f 1459//767 1454//767 1457//767
f 1458//559 1457//559 1456//559
f 1459//767 1457//767 1448//767
f 1459//767 1448//767 1447//767
f 960//774 975//774 974//774
f 960//774 974//774 961//774
f 976//774 961//774 974//774
f 976//636 974//636 1457//636
f 1448//636 1457//636 974//636
f 1448//636 974//636 975//636
f 967//559 968//559 961//559
f 1427//775 1428//775 1426//775
f 1427//775 1426//775 1425//775
f 1425//776 1426//776 1423//776
f 1425//776 1423//776 1424//776
f 951//777 950//777 949//777
f 951//777 949//777 948//777
f 1429//778 1430//778 1428//778
f 1429//778 1428//778 1427//778
f 1435//779 1436//779 1422//779
f 1435//779 1422//779 1421//779
f 1433//780 1434//780 1432//780
f 1433//780 1432//780 1431//780
f 1431//781 1432//781 1430//781
f 1431//781 1430//781 1429//781
f 1419//782 1420//782 1418//782
f 1419//782 1418//782 1417//782
f 1417//783 1418//783 1414//783
f 1417//783 1414//783 1413//783
f 1415//784 1416//784 1413//784
f 1415//784 1413//784 1414//784
f 1421//785 1422//785 1420//785
f 1421//785 1420//785 1419//785
f 949//559 950//559 946//559
f 949//559 946//559 945//559
f 948//786 949//786 945//786
f 948//786 945//786 944//786
f 946//787 947//787 944//787
f 946//787 944//787 945//787
f 1437//788 1438//788 1434//788
f 1437//788 1434//788 1433//788
f 963//559 964//559 961//559
f 963//559 961//559 957//559
f 962//555 960//555 951//555
f 962//555 951//555 948//555
f 962//555 948//555 944//555
f 962//555 944//555 947//555
f 953//559 957//559 961//559
f 953//559 961//559 954//559
f 961//559 968//559 946//559
f 961//559 946//559 950//559
f 966//559 967//559 961//559
f 966//559 961//559 964//559
f 961//559 965//559 958//559
f 961//559 958//559 954//559
f 956//789 957//789 953//789
f 956//789 953//789 952//789
f 954//790 955//790 952//790
f 954//790 952//790 953//790
f 1439//791 1440//791 1436//791
f 1439//791 1436//791 1435//791
f 958//792 959//792 955//792
f 958//792 955//792 954//792
f 947//555 956//555 952//555
f 947//555 952//555 955//555
f 959//555 962//555 947//555
f 959//555 947//555 955//555
f 960//793 961//793 950//793
f 960//793 950//793 951//793
f 1006//555 1005//555 984//555
f 1006//555 984//555 982//555
f 984//555 1005//555 1004//555
f 984//555 1004//555 1000//555
f 999//555 1003//555 1000//555
f 999//555 1000//555 998//555
f 996//790 1001//790 1002//790
f 996//790 1002//790 995//790
f 989//555 998//555 1000//555
f 989//555 1000//555 990//555
f 1000//555 1003//555 1002//555
f 1000//555 1002//555 1001//555
f 991//559 997//559 981//559
f 981//559 993//559 988//559
f 981//559 988//559 991//559
f 992//794 999//794 998//794
f 992//794 998//794 993//794
f 1000//555 1001//555 986//555
f 1000//555 986//555 984//555
f 993//762 998//762 989//762
f 993//762 989//762 988//762
f 995//789 1002//789 1003//789
f 995//789 1003//789 994//789
f 1010//559 1009//559 1008//559
f 1010//559 1008//559 1007//559
f 1010//559 1007//559 981//559
f 1010//559 981//559 997//559
f 1011//795 997//795 991//795
f 1011//795 991//795 990//795
f 997//748 1011//748 1000//748
f 997//748 1000//748 1010//748
f 990//555 1000//555 1011//555
f 1005//786 1008//786 1009//786
f 1005//786 1009//786 1004//786
f 1001//750 996//750 987//750
f 1001//750 987//750 986//750
f 994//763 1003//763 999//763
f 994//763 999//763 992//763
f 1007//796 1006//796 982//796
f 1007//796 982//796 981//796
f 1004//787 1009//787 1010//787
f 1004//787 1010//787 1000//787
f 1006//797 1007//797 1008//797
f 1006//797 1008//797 1005//797
f 985//559 981//559 983//559
f 985//559 983//559 979//559
f 982//555 984//555 977//555
f 982//555 977//555 978//555
f 986//798 987//798 985//798
f 986//798 985//798 984//798
f 980//636 1463//636 1462//636
f 980//636 1462//636 983//636
f 984//799 985//799 979//799
f 984//799 979//799 977//799
f 980//800 983//800 981//800
f 978//801 977//801 1448//801
f 978//636 1448//636 1461//636
f 1411//636 1408//636 1448//636
f 1411//636 1448//636 977//636
f 1408//555 1407//555 1453//555
f 1408//555 1453//555 1448//555
f 980//800 981//800 982//800
f 980//800 982//800 978//800
f 979//636 1412//636 1411//636
f 979//636 1411//636 977//636
f 978//636 1461//636 1463//636
f 978//636 1463//636 980//636
f 1470//802 1471//802 1468//802
f 1470//802 1468//802 1469//802
f 990//757 991//757 988//757
f 990//757 988//757 989//757
f 981//559 994//559 992//559
f 981//559 992//559 993//559
f 987//559 996//559 981//559
f 987//559 981//559 985//559
f 981//559 996//559 995//559
f 981//559 995//559 994//559
f 1466//803 1467//803 1464//803
f 1466//803 1464//803 1465//803
f 1410//636 1412//636 1457//636
f 1410//636 1457//636 1406//636
f 1407//804 1404//804 1458//804
f 1407//804 1458//804 1453//804
f 1412//636 979//636 1457//636
f 1406//559 1457//559 1458//559
f 1406//559 1458//559 1404//559
f 1457//805 979//805 983//805
f 1457//636 983//636 1462//636
f 1046//806 1039//806 1037//806
f 1046//806 1037//806 1036//806
f 1045//559 1046//559 1360//559
f 1045//559 1360//559 1033//559
f 1039//807 1046//807 1045//807
f 1039//807 1045//807 1040//807
f 1040//808 1045//808 1033//808
f 1040//808 1033//808 1032//808
f 1036//559 1360//559 1046//559
f 1048//809 1049//809 1034//809
f 1048//809 1034//809 1047//809
f 1029//559 1033//559 1360//559
f 1029//559 1360//559 1030//559
f 1360//559 1043//559 1044//559
f 1360//559 1044//559 1030//559
f 1041//555 1368//555 1031//555
f 1042//555 1359//555 1368//555
f 1042//555 1368//555 1041//555
f 1368//555 1039//555 1040//555
f 1368//555 1040//555 1032//555
f 1368//555 1032//555 1028//555
f 1368//555 1028//555 1031//555
f 1044//810 1041//810 1031//810
f 1044//810 1031//810 1030//810
f 1360//811 1359//811 1042//811
f 1360//811 1042//811 1043//811
f 1037//555 1039//555 1368//555
f 1037//555 1368//555 1038//555
f 1041//812 1044//812 1043//812
f 1041//812 1043//812 1042//812
f 1479//813 1476//813 1052//813
f 1479//813 1052//813 1054//813
f 1053//814 1055//814 1051//814
f 1053//814 1051//814 1050//814
f 1049//559 1360//559 1034//559
f 1054//815 1052//815 1049//815
f 1054//815 1049//815 1048//815
f 1368//555 1480//555 1481//555
f 1368//555 1481//555 1479//555
f 1055//555 1480//555 1368//555
f 1055//555 1368//555 1051//555
f 1478//816 1480//816 1055//816
f 1478//816 1055//816 1053//816
f 1368//555 1479//555 1054//555
f 1368//555 1054//555 1048//555
f 1368//555 1464//555 1467//555
f 1368//555 1467//555 1038//555
f 1047//555 1464//555 1368//555
f 1047//555 1368//555 1048//555
f 1465//817 1464//817 1047//817
f 1465//817 1047//817 1034//817
f 1368//818 1364//818 1050//818
f 1368//818 1050//818 1051//818
f 1053//559 1360//559 1478//559
f 1050//559 1364//559 1360//559
f 1050//559 1360//559 1053//559
f 1052//559 1476//559 1360//559
f 1052//559 1360//559 1049//559
f 1477//559 1478//559 1360//559
f 1477//559 1360//559 1476//559
f 1467//819 1466//819 1035//819
f 1467//819 1035//819 1038//819
f 1367//559 1470//559 1469//559
f 1367//559 1469//559 1016//559
f 1446//820 1445//820 1471//820
f 1446//820 1471//820 1470//820
f 1022//559 1376//559 1357//559
f 1022//559 1357//559 1367//559
f 1015//559 1019//559 1367//559
f 1015//559 1367//559 1016//559
f 1475//555 1372//555 1358//555
f 1475//555 1358//555 1474//555
f 1443//555 1358//555 1445//555
f 1442//555 1472//555 1358//555
f 1442//555 1358//555 1443//555
f 1473//555 1474//555 1358//555
f 1473//555 1358//555 1472//555
f 1468//555 1358//555 1013//555
f 1012//821 1015//821 1016//821
f 1012//821 1016//821 1013//821
f 1013//555 1358//555 1377//555
f 1013//555 1377//555 1012//555
f 1012//555 1377//555 1014//555
f 1020//559 1021//559 1367//559
f 1020//559 1367//559 1018//559
f 1022//559 1367//559 1021//559
f 1469//822 1468//822 1013//822
f 1469//822 1013//822 1016//822
f 1367//559 1019//559 1017//559
f 1367//559 1017//559 1018//559
f 1032//823 1033//823 1029//823
f 1032//823 1029//823 1028//823
f 1377//824 1376//824 1022//824
f 1377//824 1022//824 1027//824
f 1018//825 1024//825 1025//825
f 1018//825 1025//825 1020//825
f 1030//826 1031//826 1028//826
f 1030//826 1028//826 1029//826
f 1035//559 1466//559 1360//559
f 1035//559 1360//559 1036//559
f 1036//827 1037//827 1038//827
f 1036//827 1038//827 1035//827
f 1021//828 1026//828 1027//828
f 1021//828 1027//828 1022//828
f 1360//559 1466//559 1465//559
f 1360//559 1465//559 1034//559
f 1017//829 1023//829 1024//829
f 1017//829 1024//829 1018//829
f 1014//830 1019//830 1015//830
f 1014//830 1015//830 1012//830
f 1471//555 1445//555 1358//555
f 1471//555 1358//555 1468//555
f 1023//831 1017//831 1019//831
f 1023//831 1019//831 1014//831
f 1026//555 1377//555 1027//555
f 1020//832 1025//832 1026//832
f 1020//832 1026//832 1021//832
f 1377//555 1024//555 1023//555
f 1377//555 1023//555 1014//555
f 1377//555 1026//555 1025//555
f 1377//555 1025//555 1024//555
f 1125//833 1400//833 1126//833
f 1125//559 1126//559 1127//559
f 1400//559 1394//559 1395//559
f 1400//833 1395//833 1126//833
f 1409//834 1403//834 1128//834
f 1409//835 1128//835 1078//835
f 1401//836 1400//836 1125//836
f 1401//837 1125//837 1081//837
f 1086//838 1088//838 1384//838
f 1121//839 1384//839 1088//839
f 1121//555 1088//555 1087//555
f 1124//840 1398//840 1399//840
f 1124//841 1399//841 1122//841
f 1084//842 1131//842 1130//842
f 1084//842 1130//842 1079//842
f 1129//555 1130//555 1075//555
f 1129//555 1075//555 1078//555
f 1130//555 1131//555 1065//555
f 1130//555 1065//555 1075//555
f 1079//843 1130//843 1129//843
f 1079//843 1129//843 1080//843
f 1129//555 1078//555 1128//555
f 1080//844 1129//844 1128//844
f 1080//844 1128//844 1082//844
f 1403//845 1402//845 1082//845
f 1403//845 1082//845 1128//845
f 1119//846 1120//846 1118//846
f 1119//846 1118//846 1114//846
f 1119//847 1383//847 1121//847
f 1119//848 1121//848 1120//848
f 1384//849 1121//849 1383//849
f 1058//555 1117//555 1115//555
f 1058//555 1115//555 1060//555
f 1111//850 1115//850 1117//850
f 1111//850 1117//850 1112//850
f 1114//851 1118//851 1116//851
f 1114//851 1116//851 1113//851
f 1060//555 1115//555 1116//555
f 1060//555 1116//555 1062//555
f 1118//555 1120//555 1087//555
f 1118//555 1087//555 1091//555
f 1121//555 1087//555 1120//555
f 1385//852 1379//852 1086//852
f 1385//853 1086//853 1384//853
f 1062//555 1116//555 1118//555
f 1062//555 1118//555 1091//555
f 1122//854 1399//854 1106//854
f 1122//559 1106//559 1123//559
f 1085//855 1383//855 1119//855
f 1085//555 1119//555 1114//555
f 1399//856 1393//856 1085//856
f 1399//857 1085//857 1106//857
f 1066//555 1065//555 1131//555
f 1140//858 1138//858 1122//858
f 1140//858 1122//858 1123//858
f 1123//859 1145//859 1141//859
f 1123//859 1141//859 1140//859
f 1146//559 1147//559 1110//559
f 1146//559 1110//559 1134//559
f 1396//555 1397//555 1139//555
f 1396//555 1139//555 1138//555
f 1142//555 1143//555 1396//555
f 1142//555 1396//555 1141//555
f 1143//555 1144//555 1396//555
f 1396//555 1144//555 1136//555
f 1396//555 1136//555 1135//555
f 1144//860 1143//860 1146//860
f 1144//860 1146//860 1137//860
f 1145//861 1147//861 1142//861
f 1145//861 1142//861 1141//861
f 1147//862 1146//862 1143//862
f 1147//862 1143//862 1142//862
f 1136//863 1144//863 1137//863
f 1136//863 1137//863 1127//863
f 1137//559 1146//559 1134//559
f 1147//559 1145//559 1108//559
f 1147//559 1108//559 1110//559
f 1108//559 1145//559 1123//559
f 1108//559 1123//559 1106//559
f 1083//864 1134//864 1110//864
f 1083//865 1110//865 1109//865
f 1081//866 1125//866 1134//866
f 1081//867 1134//867 1083//867
f 1066//555 1131//555 1133//555
f 1066//555 1133//555 1057//555
f 1133//868 1132//868 1112//868
f 1133//869 1112//869 1117//869
f 1109//555 1112//555 1132//555
f 1109//555 1132//555 1083//555
f 1132//555 1084//555 1083//555
f 1132//870 1133//870 1131//870
f 1132//870 1131//870 1084//870
f 1138//871 1139//871 1124//871
f 1138//871 1124//871 1122//871
f 1139//872 1397//872 1398//872
f 1139//872 1398//872 1124//872
f 1140//555 1141//555 1396//555
f 1140//555 1396//555 1138//555
f 1137//559 1134//559 1125//559
f 1137//559 1125//559 1127//559
f 1057//555 1133//555 1117//555
f 1057//555 1117//555 1058//555
f 1135//873 1136//873 1127//873
f 1135//873 1127//873 1126//873
f 1126//874 1395//874 1396//874
f 1126//874 1396//874 1135//874
f 1379//875 1378//875 1086//875
f 1089//876 1090//876 1087//876
f 1089//877 1087//877 1088//877
f 1091//878 1087//878 1090//878
f 1392//555 1380//555 1393//555
f 1083//555 1084//555 1079//555
f 1083//555 1079//555 1081//555
f 1390//879 1381//879 1380//879
f 1390//879 1380//879 1392//879
f 1393//555 1380//555 1383//555
f 1393//880 1383//880 1085//880
f 1092//881 1094//881 1382//881
f 1092//882 1382//882 1093//882
f 1378//559 1382//559 1089//559
f 1390//883 1389//883 1070//883
f 1390//656 1070//656 1381//656
f 1069//846 1095//846 1094//846
f 1069//846 1094//846 1092//846
f 1086//884 1378//884 1089//884
f 1086//885 1089//885 1088//885
f 1091//886 1090//886 1063//886
f 1091//886 1063//886 1062//886
f 1092//559 1093//559 1070//559
f 1092//559 1070//559 1069//559
f 1067//887 1066//887 1057//887
f 1067//887 1057//887 1056//887
f 1070//559 1071//559 1068//559
f 1070//559 1068//559 1069//559
f 1070//559 1072//559 1073//559
f 1070//559 1073//559 1071//559
f 1066//888 1067//888 1064//888
f 1066//888 1064//888 1065//888
f 1058//889 1059//889 1056//889
f 1058//889 1056//889 1057//889
f 1060//890 1061//890 1059//890
f 1060//890 1059//890 1058//890
f 1062//891 1063//891 1061//891
f 1062//891 1061//891 1060//891
f 1079//892 1080//892 1388//892
f 1401//893 1081//893 1079//893
f 1401//584 1079//584 1388//584
f 1082//894 1402//894 1388//894
f 1082//895 1388//895 1080//895
f 1076//896 1075//896 1065//896
f 1076//896 1065//896 1064//896
f 1072//559 1070//559 1074//559
f 1077//897 1078//897 1075//897
f 1077//897 1075//897 1076//897
f 1405//898 1409//898 1078//898
f 1405//898 1078//898 1077//898
f 1381//899 1070//899 1093//899
f 1381//900 1093//900 1382//900
f 1064//559 1105//559 1098//559
f 1064//559 1098//559 1076//559
f 1067//559 1105//559 1064//559
f 1089//559 1382//559 1094//559
f 1089//559 1094//559 1090//559
f 1074//870 1105//870 1102//870
f 1074//870 1102//870 1072//870
f 1068//851 1104//851 1095//851
f 1068//851 1095//851 1069//851
f 1102//559 1105//559 1067//559
f 1102//559 1067//559 1056//559
f 1096//842 1098//842 1105//842
f 1096//842 1105//842 1074//842
f 1113//555 1111//555 1107//555
f 1114//555 1113//555 1107//555
f 1114//555 1107//555 1085//555
f 1113//901 1116//901 1115//901
f 1113//901 1115//901 1111//901
f 1111//555 1112//555 1109//555
f 1111//555 1109//555 1107//555
f 1090//559 1094//559 1095//559
f 1090//559 1095//559 1063//559
f 1107//902 1108//902 1106//902
f 1107//903 1106//903 1085//903
f 1109//904 1110//904 1108//904
f 1109//905 1108//905 1107//905
f 1099//559 1100//559 1077//559
f 1070//844 1100//844 1099//844
f 1070//844 1099//844 1097//844
f 1389//845 1391//845 1100//845
f 1389//845 1100//845 1070//845
f 1100//559 1391//559 1405//559
f 1100//559 1405//559 1077//559
f 1070//559 1097//559 1096//559
f 1070//559 1096//559 1074//559
f 1076//559 1098//559 1099//559
f 1076//559 1099//559 1077//559
f 1097//843 1099//843 1098//843
f 1097//843 1098//843 1096//843
f 1071//901 1103//901 1104//901
f 1071//901 1104//901 1068//901
f 1104//559 1103//559 1061//559
f 1104//559 1061//559 1063//559
f 1095//559 1104//559 1063//559
f 1073//850 1101//850 1103//850
f 1073//850 1103//850 1071//850
f 1101//559 1102//559 1056//559
f 1101//559 1056//559 1059//559
f 1103//559 1101//559 1059//559
f 1103//559 1059//559 1061//559
f 1072//868 1102//868 1101//868
f 1072//868 1101//868 1073//868
f 1496//906 1495//906 1491//906
f 1496//906 1491//906 1490//906
f 1196//907 1195//907 1149//907
f 1196//907 1149//907 1154//907
f 1495//908 1496//908 1493//908
f 1495//908 1493//908 1494//908
f 1490//909 1491//909 1488//909
f 1490//909 1488//909 1489//909
f 1489//910 1488//910 1492//910
f 1489//910 1492//910 1486//910
f 1198//911 1192//911 1497//911
f 1198//555 1497//555 1197//555
f 1198//636 1197//636 1191//636
f 1198//636 1191//636 1192//636
f 1192//912 1486//912 1492//912
f 1192//913 1492//913 1497//913
f 1195//914 1196//914 1156//914
f 1195//914 1156//914 1194//914
f 1154//915 1437//915 1156//915
f 1154//559 1156//559 1196//559
f 1172//559 1485//559 1487//559
f 1172//559 1487//559 1165//559
f 1185//916 1184//916 1181//916
f 1185//917 1181//917 1192//917
f 1181//918 1483//918 1486//918
f 1181//919 1486//919 1192//919
f 1192//555 1191//555 1179//555
f 1192//555 1179//555 1185//555
f 1484//920 1485//920 1172//920
f 1484//921 1172//921 1191//921
f 1191//922 1172//922 1179//922
f 1195//555 1148//555 1149//555
f 1165//923 1487//923 1486//923
f 1165//924 1486//924 1482//924
f 1148//555 1195//555 1194//555
f 1148//555 1194//555 1193//555
f 1193//925 1155//925 1180//925
f 1193//925 1180//925 1148//925
f 1155//926 1193//926 1194//926
f 1155//926 1194//926 1156//926
f 1484//927 1191//927 1197//927
f 1484//555 1197//555 1497//555
f 1161//928 1189//928 1190//928
f 1161//928 1190//928 1162//928
f 1189//929 1161//929 1160//929
f 1189//929 1160//929 1153//929
f 1152//930 1159//930 1158//930
f 1152//930 1158//930 1151//930
f 1151//931 1158//931 1157//931
f 1151//931 1157//931 1150//931
f 1153//932 1160//932 1159//932
f 1153//932 1159//932 1152//932
f 1176//933 1373//933 1363//933
f 1176//934 1363//934 1362//934
f 1355//579 1356//579 1373//579
f 1355//935 1373//935 1176//935
f 1162//936 1190//936 1174//936
f 1162//936 1174//936 1173//936
f 1363//937 1373//937 1372//937
f 1363//937 1372//937 1367//937
f 1367//938 1372//938 1200//938
f 1367//938 1200//938 1199//938
f 1424//939 1423//939 1150//939
f 1424//939 1150//939 1157//939
f 1203//940 1473//940 1472//940
f 1203//941 1472//941 1204//941
f 1202//942 1474//942 1473//942
f 1202//943 1473//943 1203//943
f 1200//944 1372//944 1475//944
f 1475//945 1201//945 1199//945
f 1475//946 1199//946 1200//946
f 1201//947 1475//947 1474//947
f 1201//948 1474//948 1202//948
f 1203//949 1204//949 1367//949
f 1203//950 1367//950 1202//950
f 1201//951 1202//951 1367//951
f 1201//952 1367//952 1199//952
f 1441//559 1444//559 1367//559
f 1441//953 1367//953 1204//953
f 1442//954 1441//954 1204//954
f 1442//955 1204//955 1472//955
f 1367//559 1444//559 1446//559
f 1367//559 1446//559 1470//559
f 1184//555 1183//555 1148//555
f 1184//555 1148//555 1181//555
f 1165//956 1482//956 1163//956
f 1165//957 1163//957 1164//957
f 1166//958 1167//958 1164//958
f 1166//958 1164//958 1163//958
f 1161//559 1162//559 1155//559
f 1161//559 1155//559 1160//559
f 1155//959 1424//959 1157//959
f 1155//559 1157//559 1158//559
f 1159//559 1160//559 1155//559
f 1159//559 1155//559 1158//559
f 1361//559 1354//559 1171//559
f 1361//559 1171//559 1167//559
f 1164//559 1170//559 1172//559
f 1164//559 1172//559 1165//559
f 1167//559 1171//559 1170//559
f 1167//559 1170//559 1164//559
f 1168//960 1169//960 1362//960
f 1168//961 1362//961 1361//961
f 1168//962 1361//962 1167//962
f 1168//963 1167//963 1166//963
f 1433//964 1431//964 1156//964
f 1433//965 1156//965 1437//965
f 1148//555 1434//555 1438//555
f 1148//556 1438//556 1149//556
f 1150//966 1423//966 1148//966
f 1150//555 1148//555 1151//555
f 1434//555 1148//555 1432//555
f 1148//555 1423//555 1426//555
f 1148//555 1426//555 1428//555
f 1430//555 1432//555 1148//555
f 1430//555 1148//555 1428//555
f 1425//732 1156//732 1427//732
f 1156//573 1431//573 1429//573
f 1156//573 1429//573 1427//573
f 1425//657 1424//657 1155//657
f 1425//572 1155//572 1156//572
f 1148//555 1153//555 1152//555
f 1148//555 1152//555 1151//555
f 1438//967 1437//967 1154//967
f 1438//967 1154//967 1149//967
f 1173//968 1174//968 1175//968
f 1173//968 1175//968 1169//968
f 1148//555 1187//555 1188//555
f 1148//555 1188//555 1175//555
f 1178//555 1186//555 1182//555
f 1178//555 1182//555 1177//555
f 1355//969 1188//969 1187//969
f 1355//970 1187//970 1186//970
f 1186//958 1187//958 1183//958
f 1186//958 1183//958 1182//958
f 1176//555 1175//555 1188//555
f 1176//971 1188//971 1355//971
f 1174//555 1190//555 1148//555
f 1174//555 1148//555 1175//555
f 1187//555 1148//555 1183//555
f 1148//555 1190//555 1189//555
f 1148//555 1189//555 1153//555
f 1353//972 1355//972 1186//972
f 1353//973 1186//973 1178//973
f 1177//555 1182//555 1185//555
f 1177//555 1185//555 1179//555
f 1184//957 1185//957 1182//957
f 1184//957 1182//957 1183//957
f 1170//974 1177//974 1179//974
f 1170//974 1179//974 1172//974
f 1173//559 1169//559 1155//559
f 1173//559 1155//559 1162//559
f 1354//975 1353//975 1178//975
f 1354//975 1178//975 1171//975
f 1175//976 1176//976 1362//976
f 1175//977 1362//977 1169//977
f 1171//978 1178//978 1177//978
f 1171//978 1177//978 1170//978
f 1483//979 1180//979 1482//979
f 1483//980 1181//980 1148//980
f 1483//981 1148//981 1180//981
f 1482//982 1180//982 1166//982
f 1482//983 1166//983 1163//983
f 1155//559 1169//559 1168//559
f 1155//559 1168//559 1166//559
f 1180//559 1155//559 1166//559
f 1460//984 1459//984 1210//984
f 1460//985 1210//985 1241//985
f 1243//559 1455//559 1454//559
f 1243//559 1454//559 1242//559
f 1233//986 1238//986 1237//986
f 1233//986 1237//986 1234//986
f 1454//987 1460//987 1241//987
f 1454//987 1241//987 1242//987
f 1244//559 1241//559 1210//559
f 1244//559 1210//559 1213//559
f 1245//988 1447//988 1450//988
f 1245//989 1450//989 1416//989
f 1452//990 1455//990 1243//990
f 1452//990 1243//990 1246//990
f 1416//991 1415//991 1210//991
f 1416//991 1210//991 1245//991
f 1210//992 1459//992 1447//992
f 1210//992 1447//992 1245//992
f 1484//993 1218//993 1485//993
f 1239//555 1237//555 1222//555
f 1239//555 1222//555 1227//555
f 1240//555 1239//555 1227//555
f 1240//555 1227//555 1225//555
f 1229//559 1487//559 1485//559
f 1229//559 1485//559 1233//559
f 1237//555 1238//555 1220//555
f 1237//555 1220//555 1222//555
f 1220//555 1238//555 1218//555
f 1220//555 1218//555 1217//555
f 1235//994 1239//994 1240//994
f 1235//994 1240//994 1236//994
f 1233//995 1485//995 1218//995
f 1233//996 1218//996 1238//996
f 1234//997 1237//997 1239//997
f 1234//997 1239//997 1235//997
f 1228//998 1227//998 1222//998
f 1228//998 1222//998 1221//998
f 1251//559 1254//559 1252//559
f 1213//999 1254//999 1251//999
f 1213//999 1251//999 1244//999
f 1243//559 1242//559 1253//559
f 1236//559 1252//559 1254//559
f 1236//559 1254//559 1232//559
f 1244//1000 1251//1000 1242//1000
f 1244//1000 1242//1000 1241//1000
f 1253//1001 1249//1001 1246//1001
f 1253//1001 1246//1001 1243//1001
f 1250//1002 1252//1002 1236//1002
f 1250//1002 1236//1002 1240//1002
f 1212//1003 1232//1003 1254//1003
f 1212//1004 1254//1004 1213//1004
f 1249//1005 1253//1005 1252//1005
f 1249//1005 1252//1005 1250//1005
f 1251//559 1252//559 1253//559
f 1251//559 1253//559 1242//559
f 1248//555 1449//555 1452//555
f 1248//555 1452//555 1246//555
f 1451//1006 1456//1006 1455//1006
f 1451//1006 1455//1006 1452//1006
f 1205//1000 1248//1000 1247//1000
f 1205//1000 1247//1000 1207//1000
f 1450//987 1449//987 1248//987
f 1450//987 1248//987 1205//987
f 1224//555 1249//555 1250//555
f 1224//555 1250//555 1225//555
f 1224//555 1247//555 1249//555
f 1207//999 1247//999 1224//999
f 1207//999 1224//999 1223//999
f 1240//555 1225//555 1250//555
f 1246//555 1249//555 1247//555
f 1246//555 1247//555 1248//555
f 1210//1007 1415//1007 1209//1007
f 1210//559 1209//559 1211//559
f 1212//559 1213//559 1210//559
f 1212//559 1210//559 1211//559
f 1209//657 1415//657 1414//657
f 1209//572 1414//572 1418//572
f 1420//572 1209//572 1418//572
f 1420//572 1422//572 1214//572
f 1420//572 1214//572 1209//572
f 1208//1008 1493//1008 1215//1008
f 1208//1009 1215//1009 1440//1009
f 1496//1010 1490//1010 1215//1010
f 1496//1011 1215//1011 1493//1011
f 1436//572 1214//572 1422//572
f 1214//1012 1436//1012 1440//1012
f 1214//657 1440//657 1215//657
f 1494//1013 1493//1013 1208//1013
f 1494//1013 1208//1013 1206//1013
f 1419//555 1417//555 1450//555
f 1419//555 1450//555 1421//555
f 1413//555 1416//555 1450//555
f 1413//555 1450//555 1417//555
f 1205//555 1439//555 1435//555
f 1205//555 1435//555 1421//555
f 1450//1014 1205//1014 1421//1014
f 1439//1014 1205//1014 1206//1014
f 1491//555 1207//555 1488//555
f 1440//1015 1439//1015 1206//1015
f 1440//1015 1206//1015 1208//1015
f 1207//1016 1494//1016 1206//1016
f 1207//555 1206//555 1205//555
f 1207//555 1491//555 1495//555
f 1207//555 1495//555 1494//555
f 1215//1017 1487//1017 1229//1017
f 1215//733 1229//733 1214//733
f 1214//1018 1229//1018 1230//1018
f 1214//1018 1230//1018 1209//1018
f 1216//1019 1492//1019 1488//1019
f 1216//1020 1488//1020 1219//1020
f 1215//1021 1486//1021 1487//1021
f 1209//998 1230//998 1231//998
f 1209//998 1231//998 1211//998
f 1234//559 1235//559 1231//559
f 1234//559 1231//559 1230//559
f 1235//559 1236//559 1232//559
f 1235//559 1232//559 1231//559
f 1211//1022 1231//1022 1232//1022
f 1211//1022 1232//1022 1212//1022
f 1233//559 1234//559 1230//559
f 1233//559 1230//559 1229//559
f 1221//701 1219//701 1488//701
f 1218//555 1484//555 1497//555
f 1218//555 1497//555 1217//555
f 1219//733 1220//733 1217//733
f 1219//733 1217//733 1216//733
f 1489//1023 1486//1023 1215//1023
f 1489//1024 1215//1024 1490//1024
f 1217//1025 1497//1025 1492//1025
f 1217//1026 1492//1026 1216//1026
f 1221//1018 1222//1018 1220//1018
f 1221//1018 1220//1018 1219//1018
f 1223//555 1226//555 1488//555
f 1223//555 1488//555 1207//555
f 1488//555 1226//555 1228//555
f 1488//701 1228//701 1221//701
f 1225//1003 1226//1003 1223//1003
f 1225//1004 1223//1004 1224//1004
f 1227//1022 1228//1022 1226//1022
f 1227//1022 1226//1022 1225//1022
f 1283//1027 1290//1027 1291//1027
f 1283//1027 1291//1027 1284//1027
f 1344//559 1352//559 1345//559
f 1295//1028 1296//1028 1293//1028
f 1295//1028 1293//1028 1294//1028
f 1290//1029 1283//1029 1280//1029
f 1290//1029 1280//1029 1279//1029
f 1298//1030 1351//1030 1350//1030
f 1298//1031 1350//1031 1297//1031
f 1297//803 1350//803 1347//803
f 1297//803 1347//803 1346//803
f 1346//559 1345//559 1352//559
f 1346//559 1352//559 1297//559
f 1352//559 1299//559 1298//559
f 1352//559 1298//559 1297//559
f 1281//559 1366//559 1287//559
f 1369//555 1291//555 1290//555
f 1369//555 1290//555 1279//555
f 1287//1032 1288//1032 1282//1032
f 1287//1032 1282//1032 1281//1032
f 1286//1033 1289//1033 1288//1033
f 1286//1033 1288//1033 1287//1033
f 1284//1034 1291//1034 1292//1034
f 1284//1034 1292//1034 1285//1034
f 1285//1035 1292//1035 1289//1035
f 1285//1035 1289//1035 1286//1035
f 1292//555 1291//555 1369//555
f 1292//555 1369//555 1289//555
f 1288//555 1289//555 1369//555
f 1288//555 1369//555 1282//555
f 1308//1036 1303//1036 1294//1036
f 1308//1036 1294//1036 1293//1036
f 1375//1037 1374//1037 1304//1037
f 1375//1037 1304//1037 1307//1037
f 1306//1038 1301//1038 1300//1038
f 1306//1038 1300//1038 1299//1038
f 1303//1039 1308//1039 1307//1039
f 1303//1039 1307//1039 1304//1039
f 1352//559 1375//559 1307//559
f 1352//559 1307//559 1308//559
f 1299//559 1352//559 1306//559
f 1305//559 1306//559 1352//559
f 1305//559 1352//559 1296//559
f 1352//559 1308//559 1293//559
f 1352//559 1293//559 1296//559
f 1294//555 1303//555 1349//555
f 1294//555 1349//555 1295//555
f 1304//555 1349//555 1303//555
f 1299//1040 1300//1040 1351//1040
f 1299//1041 1351//1041 1298//1041
f 1349//555 1301//555 1302//555
f 1349//555 1302//555 1295//555
f 1301//1042 1306//1042 1305//1042
f 1301//1042 1305//1042 1302//1042
f 1302//1043 1305//1043 1296//1043
f 1302//1043 1296//1043 1295//1043
f 1304//555 1374//555 1371//555
f 1304//555 1371//555 1349//555
f 1349//555 1351//555 1300//555
f 1349//555 1300//555 1301//555
f 1280//559 1365//559 1271//559
f 1272//555 1273//555 1369//555
f 1272//555 1369//555 1262//555
f 1274//555 1275//555 1369//555
f 1274//555 1369//555 1273//555
f 1255//559 1365//559 1261//559
f 1270//559 1271//559 1365//559
f 1270//559 1365//559 1260//559
f 1256//555 1262//555 1369//555
f 1256//555 1369//555 1257//555
f 1268//1044 1275//1044 1274//1044
f 1268//1044 1274//1044 1267//1044
f 1276//555 1369//555 1275//555
f 1276//555 1263//555 1370//555
f 1276//555 1370//555 1369//555
f 1261//1045 1262//1045 1256//1045
f 1261//1045 1256//1045 1255//1045
f 1365//1046 1370//1046 1263//1046
f 1365//1046 1263//1046 1264//1046
f 1257//1047 1258//1047 1255//1047
f 1257//1047 1255//1047 1256//1047
f 1259//1031 1260//1031 1258//1031
f 1259//1031 1258//1031 1257//1031
f 1365//559 1268//559 1267//559
f 1365//559 1267//559 1266//559
f 1269//559 1268//559 1365//559
f 1269//559 1365//559 1264//559
f 1258//559 1260//559 1365//559
f 1258//559 1365//559 1255//559
f 1365//559 1266//559 1265//559
f 1365//559 1265//559 1261//559
f 1369//1048 1366//1048 1281//1048
f 1369//1048 1281//1048 1282//1048
f 1369//555 1278//555 1259//555
f 1369//555 1259//555 1257//555
f 1278//1049 1270//1049 1260//1049
f 1278//1049 1260//1049 1259//1049
f 1279//1050 1280//1050 1271//1050
f 1279//1050 1271//1050 1277//1050
f 1285//559 1286//559 1365//559
f 1285//559 1365//559 1284//559
f 1287//559 1366//559 1365//559
f 1287//559 1365//559 1286//559
f 1369//555 1279//555 1277//555
f 1369//555 1277//555 1278//555
f 1283//559 1284//559 1365//559
f 1283//559 1365//559 1280//559
f 1480//1051 1478//1051 1477//1051
f 1480//1051 1477//1051 1481//1051
f 1265//1052 1272//1052 1262//1052
f 1265//1052 1262//1052 1261//1052
f 1267//1028 1274//1028 1273//1028
f 1267//1028 1273//1028 1266//1028
f 1476//1053 1479//1053 1481//1053
f 1476//1053 1481//1053 1477//1053
f 1269//1054 1276//1054 1275//1054
f 1269//1054 1275//1054 1268//1054
f 1270//1055 1278//1055 1277//1055
f 1270//1055 1277//1055 1271//1055
f 1266//1043 1273//1043 1272//1043
f 1266//1043 1272//1043 1265//1043
f 1276//1056 1269//1056 1264//1056
f 1276//1056 1264//1056 1263//1056
o Turret_01_havok_s_armor_11_0
v -0.786903 2.644585 -0.096003
v -0.476359 2.150102 1.379568
v -0.514760 2.211563 1.376683
v 0.343410 2.482900 1.365144
v 0.395167 2.424232 1.368028
v -0.316078 2.482900 1.365144
v 0.521221 2.211563 1.376683
v 0.495343 2.150102 1.379568
v 0.536248 2.174546 1.378125
v -0.367001 2.453566 1.366586
v -0.523108 2.174546 1.378125
v 0.695694 2.627823 0.387199
v 0.733259 2.610362 0.346812
v 0.626406 2.640744 0.430471
v 0.774999 2.605823 0.290559
v 0.835939 2.604426 0.192476
v 0.725746 2.676713 0.382872
v 0.836774 2.128800 0.489610
v 0.921923 2.139625 0.026601
v 0.907732 1.961877 0.023716
v 0.905227 2.083402 0.157859
v 0.909401 2.171404 0.065545
v 0.896044 2.138927 0.270365
v 0.879349 2.129498 0.335273
v 0.860148 2.126355 0.405951
v 0.873505 2.604076 0.118914
v 0.895210 2.601632 -0.000805
v -0.839169 2.642898 -0.231307
v -1.134703 1.957869 -0.496827
v -1.115704 1.962224 -0.352777
v 1.025865 1.957199 -0.249995
v -0.874040 2.158441 0.347496
v -0.866714 2.088919 0.356401
v -0.903944 2.068788 0.228645
v -0.924035 2.127326 0.189895
v -0.922029 2.049624 0.173290
v -0.963375 2.023834 0.074256
v -0.972807 2.091257 0.052910
v -0.809729 2.178790 0.607951
v -0.789496 2.089794 0.607149
v -1.034057 2.041517 -0.106089
v -1.047852 1.944738 -0.133963
v -0.665923 2.087971 1.214003
v -0.680281 2.178370 1.253597
v -0.643653 2.103366 1.291809
v -0.673529 2.182074 1.276321
v -0.757206 2.481607 -0.018868
v -0.795376 2.438529 -0.082513
v -0.748444 2.643447 -0.037472
v -0.735921 2.720225 -0.049191
v -0.771713 2.720225 -0.102171
v -0.817359 2.643467 -0.158701
v -0.830123 2.410025 -0.171879
v 0.208804 2.746125 0.380229
v 0.208804 2.663764 0.380229
v 0.124856 2.667860 0.310785
v 0.124856 2.746125 0.310785
v 0.306262 2.746125 0.429068
v 0.306264 2.661000 0.429068
v 0.422637 2.746125 0.456627
v 0.422637 2.659639 0.456627
v 0.477476 2.659798 0.456723
v 0.508876 2.746125 0.456652
v 0.508876 2.637859 0.456652
v 0.054191 2.673194 0.222300
v 0.054190 2.746125 0.222300
v 0.004844 2.680250 0.107591
v 0.004844 2.746125 0.107590
v -0.011793 2.686940 0.000264
v -0.011793 2.746125 0.000264
v -0.002916 2.693342 -0.101217
v -0.002917 2.746125 -0.101217
v -0.801333 2.720225 -0.164231
v 0.533970 2.074419 1.331419
v -0.534031 2.074419 1.331419
v -0.324432 2.563311 1.319021
v 0.357019 2.563311 1.319021
v -0.403049 2.524031 1.318355
v 0.584229 2.232276 1.338411
v 0.448726 2.467841 1.326751
v 0.391908 2.539418 1.320709
v -0.443478 2.468894 1.327184
v -0.594318 2.216041 1.338516
v -0.566929 2.084992 1.334244
v -0.601511 2.121978 1.338413
v -0.608205 2.170246 1.340795
v 0.719266 2.420019 0.363559
v 0.681956 2.470861 0.400242
v 0.620673 2.563467 0.433744
v 0.786862 2.336782 0.271021
v 0.833552 2.278951 0.208088
v 0.791298 2.657609 0.296651
v 0.848720 2.655542 0.203924
v 0.740446 2.665653 0.370829
v 0.812184 2.691799 0.313933
v 0.726072 2.746125 0.382227
v 0.812184 2.746125 0.313933
v 0.625995 2.746125 0.430805
v 0.807696 2.184670 0.614158
v 0.851658 2.186855 0.388448
v 0.803856 2.112031 0.608576
v 0.679706 2.110733 1.248651
v 0.680974 2.178083 1.265645
v 0.824085 2.079767 0.476840
v 0.807981 2.084832 0.538470
v 0.570672 2.089985 1.337113
v 0.597188 2.119870 1.341642
v 0.605082 2.166073 1.344120
v 0.641524 2.104105 1.299113
v 0.652365 2.161101 1.300113
v 0.968032 2.159594 -0.121412
v 0.954585 1.957635 -0.132901
v 0.907987 2.209970 0.040925
v 0.952107 1.776283 -0.131203
v 0.897639 1.822227 0.041717
v 0.887422 1.958049 0.145228
v 0.891676 2.208163 0.126199
v 0.848318 2.076772 0.400953
v 0.878631 2.081963 0.319999
v 0.903245 2.060313 0.210487
v 0.888272 2.018928 0.189331
v 0.870387 2.247374 0.117144
v 0.895727 2.251757 -0.016249
v 0.885183 2.603657 -0.101296
v 0.882350 2.311566 -0.119410
v 0.879770 2.691799 0.221875
v 0.879770 2.746125 0.221875
v 0.925250 2.746125 0.118453
v 0.925250 2.691798 0.118453
v 0.889168 2.657298 0.118628
v 0.910752 2.656410 -0.001387
v 0.905317 2.659704 -0.104919
v 0.946110 2.746125 -0.000595
v 0.946110 2.691798 -0.000595
v 0.937136 2.746125 -0.107563
v 0.937136 2.691798 -0.107563
v -1.124985 2.004961 -0.638618
v -1.102066 2.005926 -0.804073
v -0.708862 2.694555 -0.745066
v -0.708859 2.720225 -0.609934
v -0.849241 2.417179 -0.288031
v -0.850422 2.444580 -0.374283
v -0.840083 2.645519 -0.344386
v -0.821460 2.720225 -0.337621
v -0.820815 2.720225 -0.233433
v -0.708862 2.650018 -0.833999
v -0.739204 2.537521 -0.938134
v -0.726882 2.571651 -0.933639
v -0.708862 2.614476 -0.939267
v -1.126315 1.850081 -0.582607
v -1.103786 1.851766 -0.801684
v -1.135526 1.956705 -0.639762
v -1.105752 1.850816 -0.353392
v -1.125136 2.003036 -0.497589
v -1.107898 1.998633 -0.350894
v -1.098564 1.987096 -0.270648
v -1.079448 1.852273 -0.247003
v -1.041479 1.852810 -0.136673
v -0.708859 2.686945 -1.231365
v -0.708859 2.666785 -1.049366
v -0.708859 2.604831 -1.156677
v -0.708859 2.571864 -1.162488
v -0.708861 2.633819 -1.139939
v -0.708861 2.655336 -1.114296
v -0.708859 2.666785 -1.082841
v -0.708861 2.604831 -0.975531
v -0.708859 2.571652 -0.933631
v -0.708861 2.571864 -0.969717
v -0.708859 2.537521 -0.938125
v -0.708861 2.538898 -0.975530
v -0.708859 2.505716 -0.951299
v -0.708861 2.509909 -0.992268
v -0.708861 2.633819 -0.992269
v -0.708861 2.655336 -1.017911
v -0.745797 2.505754 -0.951290
v -0.708859 2.430135 -1.138739
v -0.708859 2.337344 -1.198810
v -0.708859 2.300126 -1.231364
v -0.708861 2.488392 -1.114296
v -0.708861 2.476943 -1.082841
v -0.708859 2.507301 -1.136831
v -0.708859 2.538899 -1.156677
v -0.708861 2.476943 -1.049366
v -0.708859 2.444272 -1.031374
v -0.708861 2.488392 -1.017911
v -0.708859 2.457447 -0.999568
v -0.708859 2.478404 -0.972256
v 0.023409 2.746125 -0.197200
v 0.023409 2.699464 -0.197200
v 0.128435 2.715014 -0.439670
v 0.128436 2.746125 -0.439670
v 0.156761 2.746125 -0.422479
v 0.156761 2.714087 -0.422479
v 0.093611 2.704138 -0.267297
v 0.085043 2.746125 -0.246239
v 0.207175 2.719452 -0.505286
v 0.207175 2.746125 -0.505286
v 0.221156 2.720232 -0.517882
v 0.184021 2.720220 -0.528490
v 0.184021 2.746125 -0.528491
v 0.178729 2.720230 -0.520029
v 0.293694 2.746125 -0.583233
v 0.293694 2.720268 -0.583233
v -0.460954 2.711778 -1.274569
v 0.466014 2.711795 -1.274273
v 0.464317 2.723202 -1.231471
v -0.459844 2.723201 -1.231742
v -0.708859 2.720225 -0.747835
v 0.782591 2.579036 -0.731844
v 1.145769 1.961990 -0.727587
v 0.782591 2.613320 -0.576740
v 0.847742 2.409581 -0.233912
v 0.856151 2.387156 -0.206049
v 0.875409 2.663133 -0.206264
v 0.852954 2.605223 -0.200454
v 0.906339 2.746125 -0.210997
v 0.906339 2.691798 -0.210997
v 0.772705 2.746125 -0.425098
v 0.856050 2.746125 -0.231327
v 0.840486 2.706549 -0.268012
v 0.772704 2.716205 -0.425098
v 0.845501 2.691798 -0.347335
v 0.811382 2.662446 -0.333564
v 1.120960 1.844681 -0.469016
v 1.135542 1.983653 -0.450651
v 1.145769 1.968401 -0.523017
v 1.127560 1.848373 -0.571397
v 1.150294 1.956816 -0.635663
v 1.117438 1.851908 -0.730527
v 1.102441 1.847318 -0.335603
v 1.117339 1.981774 -0.340484
v 0.984654 1.803349 -0.987947
v 1.045036 1.802076 -0.785589
v 1.081634 1.854059 -0.898710
v 1.058515 1.856080 -0.983030
v 1.034103 2.091424 -0.245880
v 1.025077 1.811297 -0.250295
v 0.743672 2.719586 -0.480326
v 0.743672 2.746125 -0.480326
v 0.709868 2.746125 -0.524727
v 0.734865 2.720227 -0.491885
v 0.709868 2.720268 -0.524726
v 0.634898 2.720269 -0.586066
v 0.634898 2.746125 -0.586067
v 0.782573 2.656140 -0.478367
v 0.782589 2.720225 -0.489470
v 0.782589 2.720225 -0.758252
v 0.783308 2.608262 -0.480572
v 0.782598 2.623652 -0.435596
v 0.785124 2.579344 -0.396383
v 0.782589 2.714829 -0.863129
v 0.782591 2.539333 -0.827727
v 0.711568 2.691031 -1.213886
v 0.711544 2.633819 -1.139407
v 0.711533 2.655336 -1.113764
v 0.711467 2.715384 -0.952555
v 0.711507 2.666785 -1.048834
v 0.711496 2.655336 -1.017379
v 0.711520 2.666785 -1.082309
v 0.711559 2.430257 -1.137407
v 0.711568 2.444272 -1.030951
v 0.711552 2.476943 -1.048834
v 0.711547 2.476943 -1.082309
v 0.711568 2.457447 -0.999145
v 0.711552 2.488392 -1.017379
v 0.711568 2.478404 -0.971833
v 0.711545 2.488392 -1.113764
v 0.711553 2.507301 -1.136299
v 0.711557 2.538899 -1.156144
v 0.711569 2.302670 -1.232794
v 0.711569 2.687590 -1.235703
v 0.711557 2.571864 -1.161956
v 0.711553 2.604831 -1.156144
v 0.711525 2.571864 -0.969185
v 0.711539 2.538898 -0.974998
v 0.711568 2.537521 -0.937702
v 0.711568 2.571652 -0.933208
v 0.711568 2.605784 -0.937702
v 0.711510 2.604831 -0.974998
v 0.711499 2.641330 -0.952424
v 0.711496 2.633819 -0.991736
v 0.711547 2.509909 -0.991736
v 0.711568 2.505716 -0.950876
v 0.782589 2.517098 -0.863997
vn -0.4537 -0.2174 -0.8642
vn -0.4534 -0.2177 -0.8643
vn -0.7970 0.1618 -0.5818
vn -0.7971 0.1618 -0.5818
vn -0.2341 0.3454 -0.9088
vn -0.4276 0.1211 -0.8958
vn -0.9148 0.3055 -0.2642
vn -0.9063 0.3733 -0.1982
vn -0.2375 0.3439 -0.9085
vn -0.0810 0.5053 -0.8592
vn -0.9530 0.0102 -0.3029
vn -0.9573 0.0322 -0.2873
vn -0.9925 0.0807 -0.0917
vn -0.9753 0.1545 -0.1581
vn -0.9426 -0.1235 -0.3103
vn -0.6595 0.1384 -0.7388
vn -0.6646 0.1528 -0.7314
vn -0.9547 0.0799 -0.2866
vn -0.9543 0.0809 -0.2877
vn -0.9796 0.0663 -0.1899
vn -0.9796 0.0664 -0.1899
vn -0.6214 -0.0000 -0.7835
vn -0.6231 -0.0043 -0.7822
vn -0.6254 0.0183 -0.7801
vn -0.5865 0.3856 -0.7123
vn -0.8044 0.3126 -0.5051
vn -0.8044 0.3141 -0.5043
vn -0.7580 0.3402 -0.5565
vn -0.7527 0.3055 -0.5832
vn -0.2168 -0.0252 -0.9759
vn -0.9781 -0.0826 -0.1913
vn -0.9639 0.0707 -0.2567
vn -0.2155 0.0023 -0.9765
vn -0.2174 -0.0000 -0.9761
vn -0.4367 -0.0063 -0.8996
vn -0.4325 0.0012 -0.9017
vn -0.4912 0.2543 -0.8331
vn -0.4889 0.2122 -0.8462
vn -0.9154 -0.0000 -0.4025
vn -0.8756 0.2555 -0.4100
vn -0.8465 0.3088 -0.4337
vn -0.9256 0.0100 -0.3784
vn -0.8905 -0.0153 -0.4547
vn -0.9824 0.0068 -0.1864
vn -0.9839 0.0095 -0.1786
vn -0.9916 0.0016 0.1295
vn -0.9951 -0.0058 0.0992
vn -0.9850 -0.0000 -0.1726
vn -0.9965 -0.0000 0.0836
vn -0.9382 0.3409 0.0601
vn -0.9568 0.2726 0.1010
vn -0.8061 -0.0000 -0.5918
vn -0.9481 0.2672 -0.1725
vn -0.9444 0.2770 -0.1769
vn -0.9673 0.1574 -0.1987
vn -0.9506 0.2959 0.0940
vn -0.9414 -0.2088 -0.2650
vn -0.9409 -0.2026 -0.2714
vn -0.9319 0.1236 -0.3410
vn -0.9376 0.2482 -0.2437
vn -0.9853 0.0502 -0.1631
vn -0.9703 -0.1515 -0.1883
vn -0.9703 -0.1543 -0.1860
vn -0.9695 -0.1561 -0.1888
vn -0.9972 -0.0470 -0.0582
vn -0.9973 -0.0251 -0.0690
vn -0.9677 0.0907 -0.2354
vn -0.9676 0.0904 -0.2358
vn -0.8958 -0.4106 -0.1701
vn -0.9531 -0.2830 -0.1070
vn -0.9438 -0.2070 -0.2576
vn -0.9195 0.2500 -0.3035
vn -0.9147 0.3056 -0.2645
vn -0.0023 -0.0000 -1.0000
vn 0.7814 -0.0000 -0.6240
vn 0.0003 -0.0009 -1.0000
vn 0.0017 -0.0000 -1.0000
vn 0.4480 -0.0000 -0.8940
vn 0.2304 -0.0000 -0.9731
vn 0.8801 -0.2143 -0.4237
vn 0.8821 -0.2115 -0.4210
vn 0.0017 -0.0476 -0.9989
vn 0.0012 -0.0462 -0.9989
vn 0.9962 -0.0000 0.0871
vn 0.9186 -0.0000 -0.3952
vn 0.9882 -0.0000 -0.1532
vn 0.6374 -0.0000 -0.7705
vn 0.9671 0.0706 -0.2443
vn 0.9332 0.2148 -0.2881
vn 0.9298 -0.0268 -0.3670
vn 0.9314 0.0152 -0.3636
vn 0.9222 0.0066 -0.3867
vn 0.9287 0.1003 -0.3571
vn 0.9408 0.1109 -0.3203
vn 0.9554 0.0637 -0.2885
vn 0.9357 0.0966 -0.3392
vn 0.8106 -0.2074 -0.5476
vn 0.8142 -0.2151 -0.5392
vn 0.9349 -0.0312 -0.3536
vn 0.8980 -0.0654 -0.4351
vn 0.8299 -0.1079 -0.5474
vn 0.8751 -0.0674 -0.4792
vn 0.9531 0.2350 -0.1909
vn 0.9562 0.2191 -0.1941
vn 0.9062 0.2819 -0.3152
vn 0.9062 0.2820 -0.3152
vn 0.4032 -0.1670 -0.8998
vn 0.4229 -0.1303 -0.8968
vn 0.0094 -0.0410 -0.9991
vn 0.2418 0.3290 -0.9129
vn 0.3955 0.0999 -0.9130
vn 0.4025 -0.2792 -0.8718
vn 0.0827 0.4893 -0.8682
vn 0.2091 0.3459 -0.9147
vn -0.8045 0.0069 -0.5939
vn -0.8027 0.0079 -0.5963
vn -0.8494 -0.0191 -0.5275
vn -0.7994 0.0084 -0.6008
vn -0.4813 -0.0014 -0.8765
vn -0.5327 -0.0237 -0.8460
vn 0.7083 0.1324 -0.6934
vn -0.6998 0.0019 -0.7144
vn -0.7335 -0.0059 -0.6797
vn 0.3563 -0.3967 -0.8459
vn -0.0096 -0.0428 -0.9990
vn -0.0000 -0.0469 -0.9989
vn -0.0000 -0.4976 -0.8674
vn -0.0000 -0.4975 -0.8674
vn -0.0000 0.5368 -0.8437
vn -0.0000 -0.0425 -0.9991
vn -0.0004 -0.0409 -0.9992
vn -0.3645 -0.3637 -0.8572
vn -0.0066 -0.0377 -0.9993
vn 0.3954 -0.2779 -0.8755
vn -0.3645 -0.3618 -0.8580
vn -0.2640 -0.4459 -0.8553
vn 0.2392 -0.4643 -0.8528
vn 0.2414 -0.4610 -0.8539
vn -0.4265 -0.2878 -0.8575
vn -0.4264 -0.2876 -0.8576
vn -0.7106 0.0651 -0.7006
vn 0.8851 -0.0000 -0.4653
vn 0.8852 -0.0000 -0.4653
vn -0.7419 0.0054 -0.6705
vn -0.7095 0.0531 -0.7028
vn -0.8598 0.0859 -0.5034
vn -0.8521 0.0682 -0.5189
vn -0.8535 0.0068 -0.5210
vn -0.8542 0.0057 -0.5200
vn -0.6280 0.7728 0.0913
vn -1.0000 -0.0000 -0.0000
vn 0.6332 -0.0000 -0.7740
vn 0.6332 -0.0000 -0.7739
vn 0.7957 -0.0000 -0.6057
vn 0.7956 -0.0002 -0.6058
vn 0.7954 -0.0000 -0.6061
vn -0.6332 0.7603 0.1445
vn 0.9182 -0.0000 -0.3962
vn 0.9186 0.0050 -0.3951
vn -0.5598 0.7808 0.2773
vn -0.6290 0.7250 0.2807
vn -0.9584 -0.0000 0.2854
vn -0.9591 -0.0082 0.2828
vn -0.9591 -0.0082 0.2829
vn -0.8985 0.3407 0.2767
vn -0.8814 0.3711 0.2923
vn -0.9817 0.1029 -0.1604
vn -0.9828 0.1215 -0.1388
vn -0.5796 0.7952 0.1780
vn -0.5796 0.7953 0.1779
vn -0.9678 0.2426 0.0670
vn -0.9670 0.2472 0.0615
vn -0.9834 0.1722 -0.0572
vn -0.9785 0.1244 -0.1645
vn -1.0000 -0.0002 0.0012
vn -1.0000 -0.0005 0.0008
vn -1.0000 -0.0002 0.0016
vn -1.0000 0.0002 0.0012
vn -1.0000 -0.0001 -0.0004
vn -1.0000 -0.0000 -0.0001
vn -1.0000 0.0001 0.0001
vn -1.0000 -0.0004 -0.0000
vn -1.0000 -0.0000 0.0001
vn -1.0000 -0.0006 0.0004
vn -1.0000 -0.0003 0.0008
vn -1.0000 -0.0004 0.0002
vn -1.0000 -0.0013 0.0016
vn -1.0000 -0.0004 0.0005
vn -1.0000 -0.0005 0.0003
vn -1.0000 0.0002 -0.0003
vn -0.9998 -0.0149 -0.0107
vn -0.9999 -0.0157 0.0066
vn -0.9985 -0.0544 0.0028
vn -1.0000 -0.0004 0.0003
vn -1.0000 -0.0002 -0.0000
vn -1.0000 -0.0004 0.0001
vn -0.8568 -0.5035 0.1113
vn 1.0000 -0.0000 -0.0000
vn 1.0000 0.0003 -0.0000
vn 0.9340 -0.0306 -0.3560
vn 0.9681 0.0967 -0.2313
vn 0.9667 0.0877 -0.2402
vn 1.0000 -0.0001 -0.0000
vn 1.0000 0.0001 -0.0000
vn 0.9428 0.0749 -0.3248
vn 0.9423 0.0764 -0.3259
vn 0.9867 -0.0032 -0.1626
vn 0.9572 -0.0361 -0.2872
vn 0.9306 -0.3501 0.1070
vn 0.9202 -0.3708 0.1252
vn 0.9729 -0.2311 -0.0060
vn 0.9705 -0.2407 -0.0134
vn 0.8587 -0.5034 0.0956
vn 0.8582 -0.5000 0.1160
vn 0.9985 -0.0471 -0.0286
vn 0.9991 -0.0423 -0.0091
vn 0.9694 -0.2005 -0.1416
vn 0.9783 -0.2072 -0.0018
vn 0.9770 -0.2133 -0.0039
vn 0.9719 -0.2022 -0.1203
vn 0.9706 -0.2076 -0.1217
vn 0.9966 0.0827 -0.0064
vn 0.9849 0.1399 0.1024
vn 0.9851 0.1474 -0.0888
vn 0.9871 0.0889 -0.1329
vn -0.6693 -0.0000 -0.7430
vn 0.8478 -0.0000 0.5303
vn -0.8542 -0.0000 -0.5200
vn -0.9262 -0.0000 -0.3769
vn 0.9644 -0.0000 0.2645
vn 0.9400 -0.2153 -0.2646
vn 0.9328 -0.2290 -0.2784
vn -0.0001 -0.9662 0.2577
vn -0.0001 -0.9663 0.2575
vn 0.8477 0.0001 0.5305
vn 0.8477 -0.0000 0.5305
vn 0.9176 -0.0000 0.3975
vn 1.0000 -0.0000 0.0001
vn 0.9808 -0.1542 -0.1192
s 0
f 1576//1057 1605//1057 1506//1057
f 1576//1058 1506//1058 1504//1058
f 1599//1059 1606//1059 1607//1059
f 1599//1060 1607//1060 1600//1060
f 1604//1061 1603//1061 1506//1061
f 1604//1062 1506//1062 1605//1062
f 1515//1063 1601//1063 1602//1063
f 1515//1064 1602//1064 1598//1064
f 1505//1065 1506//1065 1603//1065
f 1505//1066 1603//1066 1571//1066
f 1609//1067 1611//1067 1612//1067
f 1609//1068 1612//1068 1517//1068
f 1518//1069 1516//1069 1517//1069
f 1518//1070 1517//1070 1613//1070
f 1608//1071 1516//1071 1610//1071
f 1607//1072 1606//1072 1604//1072
f 1607//1073 1604//1073 1605//1073
f 1516//1074 1608//1074 1609//1074
f 1516//1075 1609//1075 1517//1075
f 1599//1076 1600//1076 1596//1076
f 1599//1077 1596//1077 1598//1077
f 1593//1078 1594//1078 1592//1078
f 1593//1079 1592//1079 1514//1079
f 1514//1080 1592//1080 1591//1080
f 1510//1081 1509//1081 1591//1081
f 1512//1082 1589//1082 1590//1082
f 1512//1083 1590//1083 1513//1083
f 1510//1084 1591//1084 1589//1084
f 1510//1085 1589//1085 1512//1085
f 1511//1086 1586//1086 1561//1086
f 1596//1087 1597//1087 1515//1087
f 1596//1088 1515//1088 1598//1088
f 1560//1089 1595//1089 1511//1089
f 1560//1090 1511//1090 1561//1090
f 1595//1091 1593//1091 1514//1091
f 1595//1092 1514//1092 1511//1092
f 1511//1093 1514//1093 1591//1093
f 1511//1094 1591//1094 1509//1094
f 1625//1095 1626//1095 1623//1095
f 1625//1095 1623//1095 1624//1095
f 1590//1096 1627//1096 1523//1096
f 1590//1097 1523//1097 1513//1097
f 1523//1098 1619//1098 1588//1098
f 1523//1099 1588//1099 1513//1099
f 1524//1100 1620//1100 1619//1100
f 1524//1101 1619//1101 1523//1101
f 1621//1102 1622//1102 1620//1102
f 1621//1103 1620//1103 1524//1103
f 1630//1104 1631//1104 1626//1104
f 1630//1104 1626//1104 1625//1104
f 1632//1105 1633//1105 1631//1105
f 1632//1105 1631//1105 1630//1105
f 1628//1106 1629//1106 1621//1106
f 1628//1107 1621//1107 1524//1107
f 1624//1108 1623//1108 1592//1108
f 1624//1108 1592//1108 1594//1108
f 1627//1109 1628//1109 1524//1109
f 1627//1110 1524//1110 1523//1110
f 1518//1111 1613//1111 1618//1111
f 1518//1112 1618//1112 1617//1112
f 1521//1113 1522//1113 1597//1113
f 1521//1114 1597//1114 1520//1114
f 1521//1115 1616//1115 1615//1115
f 1521//1116 1615//1116 1522//1116
f 1613//1117 1517//1117 1612//1117
f 1518//1118 1519//1118 1516//1118
f 1610//1119 1516//1119 1519//1119
f 1610//1120 1519//1120 1614//1120
f 1518//1121 1617//1121 1520//1121
f 1518//1122 1520//1122 1519//1122
f 1520//1123 1617//1123 1616//1123
f 1520//1124 1616//1124 1521//1124
f 1520//1125 1597//1125 1614//1125
f 1520//1126 1614//1126 1519//1126
f 1515//1127 1597//1127 1522//1127
f 1522//1128 1615//1128 1601//1128
f 1522//1129 1601//1129 1515//1129
f 1561//1130 1559//1130 1560//1130
f 1562//1131 1563//1131 1554//1131
f 1562//1131 1554//1131 1553//1131
f 1557//1132 1560//1132 1559//1132
f 1557//1133 1559//1133 1558//1133
f 1555//1134 1556//1134 1552//1134
f 1555//1134 1552//1134 1551//1134
f 1557//1135 1558//1135 1556//1135
f 1557//1135 1556//1135 1555//1135
f 1498//1136 1549//1136 1570//1136
f 1498//1137 1570//1137 1548//1137
f 1501//1138 1502//1138 1499//1138
f 1501//1139 1499//1139 1500//1139
f 1568//1140 1569//1140 1567//1140
f 1568//1140 1567//1140 1566//1140
f 1564//1141 1565//1141 1563//1141
f 1564//1141 1563//1141 1562//1141
f 1566//1142 1567//1142 1565//1142
f 1566//1142 1565//1142 1564//1142
f 1553//1143 1554//1143 1551//1143
f 1553//1143 1551//1143 1552//1143
f 1530//1144 1529//1144 1536//1144
f 1530//1145 1536//1145 1537//1145
f 1534//1146 1539//1146 1538//1146
f 1534//1147 1538//1147 1535//1147
f 1533//1148 1534//1148 1535//1148
f 1533//1149 1535//1149 1532//1149
f 1531//1150 1532//1150 1529//1150
f 1531//1151 1529//1151 1530//1151
f 1531//1152 1533//1152 1532//1152
f 1498//1153 1548//1153 1547//1153
f 1498//1154 1547//1154 1546//1154
f 1545//1155 1550//1155 1549//1155
f 1545//1156 1549//1156 1498//1156
f 1498//1157 1546//1157 1544//1157
f 1498//1158 1544//1158 1545//1158
f 1536//1159 1541//1159 1540//1159
f 1536//1160 1540//1160 1537//1160
f 1541//1161 1543//1161 1542//1161
f 1541//1162 1542//1162 1540//1162
f 1508//1163 1583//1163 1580//1163
f 1508//1164 1580//1164 1500//1164
f 1508//1165 1500//1165 1499//1165
f 1508//1166 1581//1166 1582//1166
f 1508//1167 1582//1167 1583//1167
f 1580//1168 1579//1168 1500//1168
f 1499//1169 1572//1169 1581//1169
f 1499//1170 1581//1170 1508//1170
f 1587//1171 1584//1171 1510//1171
f 1587//1172 1510//1172 1512//1172
f 1512//1173 1513//1173 1588//1173
f 1512//1174 1588//1174 1587//1174
f 1585//1175 1586//1175 1511//1175
f 1585//1176 1511//1176 1509//1176
f 1583//1177 1582//1177 1542//1177
f 1583//1177 1542//1177 1543//1177
f 1584//1178 1585//1178 1509//1178
f 1584//1179 1509//1179 1510//1179
f 1579//1180 1575//1180 1507//1180
f 1504//1181 1506//1181 1505//1181
f 1504//1182 1505//1182 1499//1182
f 1573//1183 1574//1183 1501//1183
f 1573//1184 1501//1184 1503//1184
f 1571//1185 1572//1185 1499//1185
f 1571//1185 1499//1185 1505//1185
f 1501//1186 1500//1186 1503//1186
f 1504//1187 1499//1187 1502//1187
f 1577//1188 1502//1188 1501//1188
f 1507//1189 1503//1189 1500//1189
f 1507//1190 1500//1190 1579//1190
f 1578//1191 1577//1191 1501//1191
f 1578//1192 1501//1192 1574//1192
f 1575//1193 1573//1193 1503//1193
f 1575//1194 1503//1194 1507//1194
f 1502//1195 1577//1195 1576//1195
f 1502//1196 1576//1196 1504//1196
f 1528//1197 1733//1197 1728//1197
f 1735//1198 1736//1198 1715//1198
f 1735//1199 1715//1199 1718//1199
f 1727//1200 1734//1200 1528//1200
f 1727//1201 1528//1201 1728//1201
f 1609//1202 1608//1202 1733//1202
f 1609//1203 1733//1203 1528//1203
f 1734//1204 1611//1204 1609//1204
f 1734//1205 1609//1205 1528//1205
f 1719//1206 1742//1206 1720//1206
f 1743//1207 1744//1207 1706//1207
f 1743//1207 1706//1207 1708//1207
f 1740//1208 1741//1208 1737//1208
f 1740//1209 1737//1209 1739//1209
f 1738//1210 1739//1210 1737//1210
f 1738//1211 1737//1211 1736//1211
f 1735//1212 1738//1212 1736//1212
f 1731//1213 1730//1213 1726//1213
f 1717//1214 1718//1214 1715//1214
f 1717//1215 1715//1215 1716//1215
f 1719//1216 1720//1216 1711//1216
f 1719//1217 1711//1217 1714//1217
f 1713//1218 1714//1218 1633//1218
f 1713//1218 1633//1218 1632//1218
f 1621//1219 1709//1219 1710//1219
f 1621//1220 1710//1220 1622//1220
f 1621//1221 1629//1221 1711//1221
f 1621//1222 1711//1222 1712//1222
f 1727//1223 1728//1223 1722//1223
f 1727//1224 1722//1224 1721//1224
f 1731//1225 1732//1225 1729//1225
f 1731//1226 1729//1226 1730//1226
f 1726//1227 1724//1227 1725//1227
f 1726//1228 1725//1228 1707//1228
f 1723//1229 1724//1229 1721//1229
f 1723//1230 1721//1230 1722//1230
f 1725//1229 1724//1229 1723//1229
f 1773//1231 1774//1231 1771//1231
f 1773//1232 1771//1232 1772//1232
f 1775//1233 1776//1233 1771//1233
f 1775//1234 1771//1234 1774//1234
f 1770//1235 1751//1235 1750//1235
f 1770//1235 1750//1235 1769//1235
f 1767//1236 1757//1236 1768//1236
f 1757//1235 1769//1235 1750//1235
f 1757//1236 1750//1236 1768//1236
f 1755//1237 1778//1237 1777//1237
f 1755//1238 1777//1238 1753//1238
f 1781//1239 1749//1239 1748//1239
f 1772//1240 1779//1240 1780//1240
f 1772//1241 1780//1241 1773//1241
f 1777//1242 1778//1242 1776//1242
f 1777//1243 1776//1243 1775//1243
f 1763//1244 1780//1244 1779//1244
f 1763//1245 1779//1245 1762//1245
f 1757//1235 1765//1235 1766//1235
f 1748//1207 1749//1207 1706//1207
f 1748//1207 1706//1207 1744//1207
f 1750//1235 1751//1235 1752//1235
f 1750//1235 1752//1235 1753//1235
f 1743//1246 1708//1246 1742//1246
f 1745//1247 1746//1247 1742//1247
f 1745//1248 1742//1248 1708//1248
f 1745//1249 1747//1249 1746//1249
f 1763//1250 1762//1250 1761//1250
f 1757//1251 1760//1251 1764//1251
f 1757//1235 1764//1235 1765//1235
f 1758//1242 1761//1242 1762//1242
f 1758//1252 1762//1252 1759//1252
f 1754//1235 1755//1235 1753//1235
f 1754//1235 1753//1235 1756//1235
f 1759//1252 1760//1252 1757//1252
f 1759//1252 1757//1252 1758//1252
f 1706//1253 1707//1253 1708//1253
f 1658//1254 1659//1254 1656//1254
f 1658//1254 1656//1254 1660//1254
f 1661//1254 1660//1254 1656//1254
f 1643//1255 1657//1255 1656//1255
f 1643//1254 1656//1254 1636//1254
f 1653//1256 1538//1256 1539//1256
f 1527//1257 1653//1257 1654//1257
f 1527//1258 1654//1258 1650//1258
f 1668//1254 1669//1254 1667//1254
f 1668//1254 1667//1254 1666//1254
f 1646//1254 1663//1254 1670//1254
f 1646//1254 1670//1254 1671//1254
f 1666//1254 1667//1254 1665//1254
f 1666//1254 1665//1254 1664//1254
f 1656//1254 1657//1254 1662//1254
f 1656//1259 1662//1259 1661//1259
f 1664//1254 1665//1254 1663//1254
f 1664//1260 1663//1260 1646//1260
f 1539//1261 1655//1261 1654//1261
f 1539//1262 1654//1262 1653//1262
f 1550//1263 1638//1263 1525//1263
f 1550//1264 1525//1264 1549//1264
f 1643//1265 1644//1265 1645//1265
f 1643//1266 1645//1266 1646//1266
f 1641//1267 1642//1267 1525//1267
f 1641//1268 1525//1268 1640//1268
f 1636//1269 1637//1269 1634//1269
f 1636//1270 1634//1270 1635//1270
f 1638//1271 1639//1271 1640//1271
f 1638//1272 1640//1272 1525//1272
f 1653//1273 1527//1273 1652//1273
f 1634//1274 1651//1274 1526//1274
f 1634//1275 1526//1275 1649//1275
f 1651//1276 1652//1276 1527//1276
f 1651//1277 1527//1277 1526//1277
f 1649//1278 1526//1278 1647//1278
f 1649//1279 1647//1279 1648//1279
f 1650//1280 1647//1280 1526//1280
f 1650//1281 1526//1281 1527//1281
f 1693//1282 1694//1282 1695//1282
f 1696//1283 1697//1283 1698//1283
f 1689//1284 1694//1284 1693//1284
f 1689//1284 1693//1284 1690//1284
f 1691//1285 1692//1285 1689//1285
f 1691//1285 1689//1285 1690//1285
f 1569//1286 1568//1286 1686//1286
f 1569//1286 1686//1286 1685//1286
f 1636//1259 1656//1259 1705//1259
f 1636//1259 1705//1259 1637//1259
f 1642//1287 1570//1287 1549//1287
f 1642//1288 1549//1288 1525//1288
f 1703//1289 1704//1289 1701//1289
f 1703//1290 1701//1290 1702//1290
f 1698//1291 1697//1291 1688//1291
f 1698//1292 1688//1292 1687//1292
f 1699//1282 1700//1282 1695//1282
f 1699//1282 1695//1282 1694//1282
f 1687//1293 1688//1293 1685//1293
f 1687//1293 1685//1293 1686//1293
f 1675//1254 1656//1254 1674//1254
f 1676//1254 1677//1254 1673//1254
f 1676//1294 1673//1294 1678//1294
f 1673//1254 1674//1254 1656//1254
f 1673//1254 1656//1254 1659//1254
f 1643//1254 1646//1254 1671//1254
f 1643//1259 1671//1259 1657//1259
f 1672//1295 1644//1295 1643//1295
f 1684//1254 1683//1254 1682//1254
f 1684//1254 1682//1254 1669//1254
f 1684//1254 1669//1254 1668//1254
f 1682//1254 1683//1254 1681//1254
f 1682//1254 1681//1254 1680//1254
f 1678//1254 1673//1254 1679//1254
f 1680//1254 1681//1254 1673//1254
f 1680//1254 1673//1254 1677//1254
o Turret_01_havok_s_armor_8_1
v -0.720964 1.749862 -1.296743
v -0.847791 1.749862 -1.142299
v 0.998807 1.749862 -0.376645
v -0.566443 1.749862 -1.423478
v -0.942050 1.749862 -0.966078
v -1.000119 1.749862 -0.774855
v -1.019767 1.749862 -0.575978
v -1.000238 1.749862 -0.377089
v -0.390168 1.749862 -1.517633
v -0.198910 1.749862 -1.575587
v 0.198856 1.749862 -1.575468
v -0.000021 1.749862 -1.595116
v 0.390078 1.749862 -1.517401
v 0.720743 1.749862 -1.296316
v 0.566299 1.749862 -1.423141
v 0.941632 1.749862 -0.965519
v 0.847478 1.749862 -1.141795
v 1.018110 1.749862 -0.575384
v 0.999587 1.749862 -0.774262
v 0.720314 1.749862 0.145392
v 0.847142 1.749862 -0.009054
v 0.941401 1.749862 -0.185272
v -0.721393 1.749862 0.144963
v -0.566948 1.749862 0.271789
v -0.848127 1.749862 -0.009557
v -0.942283 1.749862 -0.185833
v -0.390728 1.749862 0.366048
v -0.199505 1.749862 0.424118
v 0.003354 1.749862 0.443840
v 0.198261 1.749862 0.424236
v 0.389518 1.749862 0.366281
v 0.565794 1.749862 0.272127
v 0.711553 2.507301 -1.136299
v 0.711511 2.604830 -0.974998
v 0.711495 2.633820 -0.991736
v 0.711496 2.655337 -1.017379
v 0.711507 2.666785 -1.048834
v 0.711520 2.666785 -1.082309
v 0.711538 2.538898 -0.974998
v 0.711526 2.571865 -0.969185
v 0.711547 2.509909 -0.991736
v 0.711552 2.488392 -1.017379
v 0.711552 2.476943 -1.048834
v 0.711545 2.488392 -1.113764
v 0.711548 2.476943 -1.082309
v 0.711532 2.655337 -1.113764
v 0.711544 2.633820 -1.139407
v 0.711553 2.604830 -1.156144
v 0.711558 2.571865 -1.161956
v 0.711558 2.538899 -1.156144
v -0.708861 2.633820 -0.992268
v -0.708861 2.604830 -0.975531
v -0.708860 2.507301 -1.136831
v -0.708860 2.655337 -1.017911
v -0.708860 2.666785 -1.049366
v -0.708860 2.666785 -1.082842
v -0.708861 2.571865 -0.969718
v -0.708860 2.538898 -0.975530
v -0.708860 2.509909 -0.992268
v -0.708860 2.488392 -1.114296
v -0.708860 2.476943 -1.082842
v -0.708860 2.476943 -1.049366
v -0.708860 2.488392 -1.017911
v -0.708860 2.655337 -1.114296
v -0.708860 2.633820 -1.139940
v -0.708860 2.604830 -1.156677
v -0.708860 2.571865 -1.162488
v -0.708860 2.538899 -1.156677
v 0.221717 2.234167 -1.804245
v -0.218212 2.234167 -1.804245
v -0.235491 2.175161 -1.833050
v 0.244133 2.175161 -1.833050
v -0.224770 2.107238 -1.848099
v 0.237531 2.107238 -1.848099
v 0.191689 2.285220 -1.759270
v -0.186882 2.285220 -1.759270
v -0.075003 1.911935 -1.777060
v 0.109932 1.911935 -1.777060
v 0.184716 2.007719 -1.832265
v -0.169487 2.007719 -1.832265
v 0.226436 2.074228 -1.848777
v -0.220692 2.074228 -1.848777
v 0.209856 2.044250 -1.844696
v -0.211106 2.044250 -1.844696
vn 1.0000 -0.0000 -0.0000
vn -1.0000 -0.0001 -0.0004
vn -1.0000 0.0001 0.0001
vn -1.0000 -0.0001 -0.0003
vn -0.0000 0.4993 0.8664
vn -0.0000 -0.6610 0.7504
vn -0.0000 -0.0206 0.9998
vn -0.0000 0.3221 0.9467
vn -0.0000 0.1349 0.9909
vn -0.0000 -0.2163 0.9763
vn -0.0000 -0.4387 0.8986
vn -1.0000 0.0007 0.0002
vn -1.0000 -0.0000 -0.0000
vn -0.0000 1.0000 -0.0000
vn -1.0000 -0.0002 -0.0002
vn -1.0000 -0.0005 -0.0000
vn -1.0000 -0.0002 -0.0000
vn -1.0000 -0.0003 -0.0000
vn -1.0000 -0.0004 -0.0000
s 0
f 1838//1296 1839//1296 1834//1296
f 1838//1296 1834//1296 1833//1296
f 1834//1296 1837//1296 1836//1296
f 1834//1296 1836//1296 1835//1296
f 1840//1296 1841//1296 1834//1296
f 1840//1296 1834//1296 1839//1296
f 1843//1296 1840//1296 1844//1296
f 1840//1296 1843//1296 1842//1296
f 1840//1296 1842//1296 1841//1296
f 1827//1297 1828//1297 1814//1297
f 1827//1297 1814//1297 1819//1297
f 1824//1298 1825//1298 1826//1298
f 1829//1297 1814//1297 1828//1297
f 1834//1296 1835//1296 1832//1296
f 1834//1296 1832//1296 1833//1296
f 1830//1299 1831//1299 1814//1299
f 1830//1297 1814//1297 1829//1297
f 1860//1300 1861//1300 1858//1300
f 1860//1300 1858//1300 1859//1300
f 1850//1301 1856//1301 1857//1301
f 1850//1301 1857//1301 1851//1301
f 1854//1302 1863//1302 1862//1302
f 1854//1302 1862//1302 1855//1302
f 1864//1303 1865//1303 1861//1303
f 1864//1303 1861//1303 1860//1303
f 1863//1304 1865//1304 1864//1304
f 1863//1304 1864//1304 1862//1304
f 1847//1296 1846//1296 1834//1296
f 1834//1296 1846//1296 1845//1296
f 1834//1296 1845//1296 1837//1296
f 1834//1296 1849//1296 1848//1296
f 1834//1296 1848//1296 1847//1296
f 1854//1305 1855//1305 1853//1305
f 1854//1305 1853//1305 1852//1305
f 1852//1306 1853//1306 1850//1306
f 1852//1306 1850//1306 1851//1306
f 1814//1307 1825//1307 1824//1307
f 1814//1308 1824//1308 1823//1308
f 1784//1309 1795//1309 1796//1309
f 1784//1309 1796//1309 1794//1309
f 1792//1309 1784//1309 1794//1309
f 1784//1309 1797//1309 1798//1309
f 1784//1309 1798//1309 1795//1309
f 1802//1309 1803//1309 1784//1309
f 1802//1309 1784//1309 1801//1309
f 1799//1309 1800//1309 1797//1309
f 1799//1309 1797//1309 1784//1309
f 1786//1309 1787//1309 1784//1309
f 1786//1309 1784//1309 1783//1309
f 1784//1309 1785//1309 1782//1309
f 1784//1309 1782//1309 1783//1309
f 1788//1309 1789//1309 1784//1309
f 1788//1309 1784//1309 1787//1309
f 1784//1309 1792//1309 1793//1309
f 1784//1309 1793//1309 1791//1309
f 1784//1309 1791//1309 1790//1309
f 1784//1309 1790//1309 1785//1309
f 1816//1310 1817//1310 1814//1310
f 1816//1311 1814//1311 1815//1311
f 1784//1309 1812//1309 1813//1309
f 1784//1309 1813//1309 1801//1309
f 1818//1297 1819//1297 1814//1297
f 1818//1297 1814//1297 1817//1297
f 1814//1312 1823//1312 1822//1312
f 1814//1313 1822//1313 1820//1313
f 1814//1314 1820//1314 1821//1314
f 1814//1314 1821//1314 1815//1314
f 1807//1309 1806//1309 1784//1309
f 1807//1309 1784//1309 1789//1309
f 1784//1309 1806//1309 1804//1309
f 1784//1309 1804//1309 1805//1309
f 1808//1309 1809//1309 1784//1309
f 1808//1309 1784//1309 1805//1309
f 1812//1309 1784//1309 1811//1309
f 1810//1309 1811//1309 1784//1309
f 1810//1309 1784//1309 1809//1309
o Turret_01_havok_s_armor_5_2
v -0.552077 2.018526 1.239432
v 0.565560 2.018526 1.239432
v -0.251058 2.018528 0.757630
v 0.513678 2.018528 0.679892
v 0.271554 2.018528 0.753729
v 0.693856 2.018528 0.598290
v -0.721393 1.749862 0.144964
v -0.738980 1.749862 0.163687
v -0.585722 1.749861 0.289379
v -0.566948 1.749862 0.271790
v -0.390728 1.749862 0.366048
v -0.391890 1.749862 0.394836
v 0.003355 1.749862 0.443840
v 0.203915 1.749862 0.449497
v 0.198262 1.749862 0.424236
v -0.199506 1.749862 0.424118
v -0.223906 1.749863 0.443617
v 0.021926 1.749864 0.468691
v 0.389518 1.749862 0.366281
v 0.399958 1.749862 0.390057
v 0.587229 1.749862 0.290084
v 0.565795 1.749862 0.272126
v 0.720315 1.749862 0.145392
v 0.738612 1.749862 0.163781
v 0.847142 1.749862 -0.009054
v 0.869051 1.749862 0.007563
v 0.972223 1.749864 -0.207303
v 0.941401 1.749862 -0.185272
v 1.020836 1.749862 -0.351463
v 0.998807 1.749862 -0.376645
v 1.045937 1.749861 -0.550116
v 1.018111 1.749862 -0.575384
v -0.963816 1.749862 -0.169574
v -0.868710 1.749862 0.005790
v -0.848128 1.749862 -0.009558
v -0.942283 1.749862 -0.185832
v -1.000238 1.749862 -0.377089
v -1.024731 1.749864 -0.363718
v -0.312201 2.608303 1.236246
v -0.499086 2.685329 0.001103
v 0.208805 2.663764 0.380229
v 0.306264 2.661000 0.429068
v -0.373051 2.598806 1.224671
v -0.571350 2.670683 0.025344
v 0.124856 2.667861 0.310785
v 0.422637 2.659639 0.456627
v 0.364871 2.610756 1.231505
v 0.477477 2.659798 0.456722
v 0.003370 2.018528 0.785866
v -0.510181 2.018528 0.680122
v -0.663896 2.018528 0.598467
v -0.425176 2.690102 -0.071118
v -0.192813 2.708052 -0.345077
v -0.011793 2.686940 0.000264
v -0.442930 2.688924 -0.053301
v -0.002915 2.693342 -0.101217
v 0.023409 2.699464 -0.197200
v -0.168333 2.712868 -0.420388
v 0.128435 2.715014 -0.439670
v 0.128625 2.707391 -0.317338
v 0.093611 2.704138 -0.267297
v 0.156760 2.714087 -0.422479
v 0.202986 2.711871 -0.384818
v 0.054191 2.673194 0.222300
v 0.004844 2.680250 0.107591
v 0.567275 1.749862 -1.458081
v 0.399344 1.749862 -1.541730
v 0.390078 1.749862 -1.517401
v 0.566298 1.749862 -1.423142
v 0.203466 1.749862 -1.598922
v 0.198856 1.749862 -1.575468
v 0.720743 1.749862 -1.296316
v 0.738888 1.749862 -1.315719
v -0.000276 1.749862 -1.617270
v -0.204372 1.749862 -1.599013
v -0.198910 1.749862 -1.575587
v -0.000021 1.749862 -1.595116
v -0.390168 1.749862 -1.517633
v -0.399975 1.749862 -1.543001
v 0.847478 1.749862 -1.141795
v 0.872007 1.749861 -1.153131
v 0.941632 1.749862 -0.965519
v 0.965273 1.749862 -0.975982
v 0.999587 1.749862 -0.774262
v 1.024723 1.749862 -0.779595
v -0.847791 1.749862 -1.142299
v -0.720963 1.749862 -1.296743
v -0.739092 1.749862 -1.316157
v -0.875245 1.749862 -1.150066
v -0.965475 1.749862 -0.976508
v -0.942050 1.749862 -0.966078
v -1.044729 1.749862 -0.582230
v -1.019767 1.749862 -0.575979
v -1.000119 1.749862 -0.774855
v -1.024994 1.749862 -0.780241
v -0.587329 1.749862 -1.441904
v -0.566443 1.749862 -1.423478
v 0.184022 2.720219 -0.528490
v 0.178728 2.720230 -0.520029
v -0.597970 2.720225 -1.000210
v -0.450454 2.720225 -1.022492
v 0.280671 2.719932 -0.609051
v -0.708860 2.720225 -0.747834
v -0.179500 2.720225 -0.538158
v -0.708860 2.720225 -0.609934
v -0.174701 2.720225 -0.420157
v -0.708637 2.720225 -0.598588
v -0.461835 2.720225 -1.164838
v 0.467178 2.720225 -1.151934
v -0.459843 2.723201 -1.231742
v 0.464317 2.723202 -1.231471
v -0.193490 2.720225 -0.364132
v -0.451808 2.720225 -0.099301
v -0.799070 2.720225 -0.427903
v -0.821460 2.720225 -0.337621
v -0.820815 2.720225 -0.233433
v -0.771714 2.720225 -0.102171
v -0.801333 2.720225 -0.164231
v -0.518475 2.720225 -0.039306
v -0.592045 2.720225 -0.008423
v -0.468632 2.720225 -0.080298
v -0.646039 2.720225 -0.016220
v -0.735921 2.720225 -0.049192
v 0.030129 2.746125 0.057338
v 0.004844 2.746125 0.107590
v -0.011794 2.746125 0.000264
v 0.023279 2.746125 -0.041879
v -0.002916 2.746125 -0.101217
v 0.038679 2.746125 -0.140133
v 0.023409 2.746125 -0.197200
v 0.058322 2.746125 0.152785
v 0.054191 2.746125 0.222300
v 0.075555 2.746125 -0.232496
v 0.085043 2.746125 -0.246239
v 0.124856 2.746125 0.310784
v 0.107611 2.746125 0.239324
v 0.173719 2.746125 0.314104
v 0.208805 2.746125 0.380229
v 0.256012 2.746125 0.370920
v 0.306263 2.746125 0.429068
v 0.348882 2.746125 0.408000
v 0.422637 2.746125 0.456627
v 0.447677 2.746125 0.423484
v 0.156761 2.746125 -0.422479
v 0.128435 2.746125 -0.439671
v 0.142099 2.874962 -0.196657
v 0.188998 2.874962 -0.264585
v 0.368963 2.875146 0.334925
v 0.111492 2.874962 -0.119996
v 0.104396 2.874962 0.043902
v 0.098710 2.874962 -0.038447
v 0.168708 2.875009 0.194945
v 0.127800 2.875009 0.123120
v 0.291885 2.875147 0.304152
v 0.223587 2.875148 0.256998
v 0.249836 2.874962 -0.320374
v 0.321562 2.874962 -0.361227
v 0.564480 2.874962 -0.377999
v 0.450956 2.875147 0.347776
v 0.482931 2.874962 -0.390779
v 0.400581 2.874962 -0.385094
v 0.875099 2.746125 -0.197882
v 0.856050 2.746125 -0.231327
v 0.845501 2.746125 -0.347335
v 0.906339 2.746125 -0.210997
v 0.903855 2.746125 -0.102677
v 0.937136 2.746125 -0.107563
v 0.896594 2.746125 0.095147
v 0.910706 2.746125 -0.003460
v 0.946110 2.746125 -0.000595
v 0.925250 2.746125 0.118453
v 0.879770 2.746125 0.221875
v 0.812184 2.746125 0.313933
v 0.803771 2.746125 0.270599
v 0.859613 2.746125 0.187774
v 0.772705 2.746125 -0.425098
v 0.643169 2.746125 0.387681
v 0.726072 2.746125 0.382227
v 0.625995 2.746125 0.430805
v 0.547440 2.746125 0.416596
v 0.730063 2.746125 0.338190
v 0.508876 2.746125 0.456652
v 0.709068 2.874962 -0.300492
v 0.764857 2.874962 -0.239655
v 0.641141 2.874962 -0.347391
v 0.805711 2.874962 -0.167928
v 0.533753 2.875148 0.342060
v 0.613203 2.875149 0.318062
v 0.829577 2.874962 -0.088908
v 0.685319 2.875151 0.276988
v 0.746491 2.875153 0.220891
v 0.835263 2.874962 -0.006559
v 0.823538 2.875069 0.075280
v 0.792846 2.875067 0.152157
v 0.655206 2.720269 -0.608570
v 0.466221 2.720225 -1.020644
v 0.575545 2.720225 -1.002366
v 0.634898 2.720269 -0.586066
v 0.293695 2.720269 -0.583232
v 0.782589 2.720225 -0.758252
v 0.729420 2.720269 -0.548334
v 0.782589 2.720225 -0.489470
v 0.734865 2.720226 -0.491885
v 0.221156 2.720232 -0.517882
v 0.709868 2.720269 -0.524726
v 0.709868 2.746125 -0.524727
v 0.634898 2.746125 -0.586067
v 0.655207 2.746125 -0.608571
v 0.729420 2.746125 -0.548335
v 0.782589 2.746125 -0.489470
v 0.743672 2.746125 -0.480326
v 0.486345 2.718097 -0.469681
v 0.386376 2.717358 -0.462866
v 0.290347 2.715246 -0.434120
v 0.585349 2.717444 -0.454243
v 0.678528 2.715417 -0.417295
v 0.184022 2.746125 -0.528492
v 0.280671 2.746125 -0.609051
v 0.293695 2.746125 -0.583233
v 0.207175 2.746125 -0.505286
v 0.207175 2.719452 -0.505286
v 0.743672 2.719586 -0.480326
v 0.772705 2.716205 -0.425098
v 0.761291 2.712115 -0.360624
v 0.840486 2.706549 -0.268012
v 0.829533 2.707703 -0.286969
vn -0.0000 -1.0000 0.0003
vn 0.0001 -1.0000 0.0003
vn -0.0000 -1.0000 -0.0000
vn -0.0000 -1.0000 0.0002
vn 0.0011 -1.0000 -0.0006
vn 0.0001 -1.0000 0.0006
vn -0.0040 -1.0000 0.0058
vn -0.0009 -1.0000 0.0023
vn 0.0002 -1.0000 0.0002
vn 0.0032 -0.9980 -0.0628
vn 0.0031 -0.9980 -0.0626
vn 0.0004 -1.0000 0.0002
vn 0.0003 -1.0000 0.0002
vn 0.0008 -1.0000 -0.0001
vn 0.0006 -1.0000 0.0001
vn 0.0031 -0.9981 -0.0612
vn 0.0032 -0.9981 -0.0617
vn 0.0033 -0.9981 -0.0622
vn 0.0030 -0.9981 -0.0617
vn 0.0029 -0.9981 -0.0621
vn 0.0002 -1.0000 -0.0014
vn -0.0000 -1.0000 -0.0005
vn 0.0031 -0.9980 -0.0628
vn 0.0060 -0.9982 -0.0598
vn 0.0031 -0.9980 -0.0627
vn 0.0032 -0.9980 -0.0627
vn 0.0042 -0.9980 -0.0631
vn 0.0034 -0.9981 -0.0622
vn -0.0009 -0.9980 -0.0628
vn -0.0000 -1.0000 0.0004
vn -0.0003 -1.0000 0.0002
vn 0.0002 -1.0000 0.0004
vn 0.0004 -1.0000 0.0007
vn -0.0006 -1.0000 0.0002
vn -0.0001 -1.0000 0.0002
vn -0.0002 -1.0000 0.0002
vn 0.0008 -1.0000 0.0008
vn 0.0016 -1.0000 -0.0000
vn -0.0002 -1.0000 0.0001
vn -0.0008 -1.0000 -0.0000
vn 0.0001 -0.9999 0.0130
vn 0.0009 -1.0000 0.0008
vn 0.0019 -1.0000 0.0016
vn -0.0018 -1.0000 0.0001
vn -0.0046 -1.0000 -0.0019
vn -0.0000 -1.0000 0.0001
vn 0.0009 -1.0000 -0.0003
vn 0.1698 -0.9816 -0.0869
vn 0.1697 -0.9817 -0.0869
vn -0.0000 1.0000 -0.0000
vn 0.0001 1.0000 -0.0000
vn 0.0030 -0.9980 -0.0627
vn 0.0033 -0.9980 -0.0628
vn -0.0000 1.0000 -0.0001
vn -0.0000 1.0000 -0.0002
vn -0.0001 1.0000 -0.0000
vn -0.0001 1.0000 -0.0001
vn -0.0014 -1.0000 0.0018
vn -0.0006 -1.0000 0.0009
vn -0.0004 -1.0000 -0.0000
vn -0.0000 -0.9990 -0.0444
vn 0.0005 -0.9993 -0.0374
s 0
f 2026//1315 2025//1315 2013//1315
f 2026//1316 2013//1316 2022//1316
f 2029//1317 2030//1317 2027//1317
f 2029//1317 2027//1317 2028//1317
f 2030//1317 2032//1317 2031//1317
f 2030//1317 2031//1317 2027//1317
f 2013//1318 2025//1318 2023//1318
f 2013//1318 2023//1318 2024//1318
f 2013//1319 2017//1319 2018//1319
f 2013//1320 2018//1320 2015//1320
f 2019//1321 2020//1321 2017//1321
f 2019//1322 2017//1322 2013//1322
f 2021//1316 2022//1316 2013//1316
f 2021//1323 2013//1323 2012//1323
f 2035//1317 2036//1317 2033//1317
f 2035//1317 2033//1317 2034//1317
f 2044//1317 2045//1317 2042//1317
f 2044//1317 2042//1317 2043//1317
f 2042//1317 2046//1317 2043//1317
f 2008//1317 2045//1317 2047//1317
f 2008//1317 2047//1317 2007//1317
f 2041//1317 2029//1317 2028//1317
f 2032//1317 2035//1317 2034//1317
f 2032//1317 2034//1317 2031//1317
f 2039//1317 2040//1317 2037//1317
f 2039//1317 2037//1317 2038//1317
f 2036//1317 2037//1317 2040//1317
f 2036//1317 2040//1317 2033//1317
f 1993//1317 1995//1317 1994//1317
f 1993//1317 1994//1317 1992//1317
f 1996//1317 1997//1317 1990//1317
f 1996//1317 1990//1317 1989//1317
f 1998//1317 1994//1317 1995//1317
f 1998//1317 1995//1317 1999//1317
f 1993//1317 1992//1317 1991//1317
f 1978//1317 1986//1317 1982//1317
f 1969//1324 1964//1324 1924//1324
f 1969//1325 1924//1325 1923//1325
f 1991//1317 1992//1317 1989//1317
f 1991//1317 1989//1317 1990//1317
f 2001//1317 2002//1317 2000//1317
f 2001//1317 2000//1317 1997//1317
f 1995//1317 2010//1317 2009//1317
f 1995//1317 2009//1317 1999//1317
f 2013//1326 2014//1326 2011//1326
f 2013//1327 2011//1327 2012//1327
f 2013//1328 2015//1328 2016//1328
f 2013//1329 2016//1329 2014//1329
f 2006//1317 2008//1317 2007//1317
f 2006//1317 2007//1317 2005//1317
f 1996//1317 2001//1317 1997//1317
f 2002//1317 2004//1317 2003//1317
f 2002//1317 2003//1317 2000//1317
f 2004//1317 2006//1317 2005//1317
f 2004//1317 2005//1317 2003//1317
f 2077//1330 2069//1330 2068//1330
f 2069//1331 2077//1331 2078//1331
f 2069//1332 2078//1332 2079//1332
f 2080//1333 2077//1333 2068//1333
f 2080//1334 2068//1334 2081//1334
f 2075//1317 2076//1317 2071//1317
f 2075//1317 2071//1317 2074//1317
f 2064//1335 2070//1335 2068//1335
f 2064//1336 2068//1336 2069//1336
f 2063//1317 2070//1317 2064//1317
f 2073//1317 2074//1317 2071//1317
f 2073//1317 2071//1317 2072//1317
f 2084//1317 2085//1317 2082//1317
f 2084//1317 2082//1317 2083//1317
f 2087//1337 2088//1337 2081//1337
f 2087//1338 2081//1338 2068//1338
f 2089//1339 2081//1339 2088//1339
f 2091//1340 2089//1340 2088//1340
f 2091//1341 2088//1341 2090//1341
f 2041//1317 2076//1317 2075//1317
f 2041//1317 2075//1317 2029//1317
f 2010//1317 2082//1317 2085//1317
f 2010//1317 2085//1317 2009//1317
f 2079//1342 1928//1342 2069//1342
f 2086//1343 2069//1343 1928//1343
f 2086//1340 1928//1340 1927//1340
f 2051//1344 2052//1344 2024//1344
f 2051//1345 2024//1345 2049//1345
f 2053//1346 2052//1346 2051//1346
f 2054//1347 2055//1347 2053//1347
f 2054//1348 2053//1348 2051//1348
f 2050//1349 2024//1349 2023//1349
f 2047//1317 2045//1317 2044//1317
f 2038//1317 2043//1317 2046//1317
f 2038//1317 2046//1317 2039//1317
f 2024//1350 2050//1350 2048//1350
f 2024//1350 2048//1350 2049//1350
f 2056//1351 2055//1351 2054//1351
f 1974//1352 2061//1352 1967//1352
f 2060//1353 2062//1353 2065//1353
f 2066//1349 2060//1349 2065//1349
f 2066//1354 2065//1354 2067//1354
f 2063//1355 2064//1355 1967//1355
f 2063//1356 1967//1356 2060//1356
f 2057//1357 2058//1357 2056//1357
f 2057//1358 2056//1358 2054//1358
f 2059//1359 2056//1359 2058//1359
f 2061//1360 2062//1360 2060//1360
f 2061//1361 2060//1361 1967//1361
f 1987//1317 1988//1317 1982//1317
f 1987//1317 1982//1317 1985//1317
f 1908//1362 1909//1362 1905//1362
f 1908//1363 1905//1363 1904//1363
f 1906//1340 1905//1340 1910//1340
f 1911//1340 1912//1340 1904//1340
f 1911//1340 1904//1340 1907//1340
f 1904//1340 1905//1340 1906//1340
f 1904//1337 1906//1337 1907//1337
f 1900//1364 1901//1364 1898//1364
f 1900//1364 1898//1364 1899//1364
f 1901//1365 1902//1365 1903//1365
f 1901//1364 1903//1364 1898//1364
f 1872//1364 1900//1364 1899//1364
f 1872//1364 1899//1364 1873//1364
f 1913//1366 1912//1366 1911//1366
f 1923//1325 1924//1325 1922//1325
f 1923//1367 1922//1367 1918//1367
f 1925//1339 1926//1339 1927//1339
f 1925//1340 1927//1340 1928//1340
f 1929//1340 1910//1340 1905//1340
f 1929//1324 1905//1324 1930//1324
f 1921//1340 1919//1340 1918//1340
f 1921//1367 1918//1367 1922//1367
f 1914//1364 1868//1364 1867//1364
f 1914//1364 1867//1364 1870//1364
f 1866//1364 1868//1364 1915//1364
f 1866//1364 1915//1364 1916//1364
f 1917//1340 1918//1340 1919//1340
f 1917//1324 1919//1324 1920//1324
f 1878//1364 1879//1364 1880//1364
f 1878//1364 1881//1364 1882//1364
f 1882//1368 1883//1368 1879//1368
f 1882//1369 1879//1369 1878//1369
f 1874//1364 1877//1364 1876//1364
f 1874//1364 1876//1364 1875//1364
f 1866//1364 1867//1364 1868//1364
f 1869//1364 1870//1364 1867//1364
f 1869//1364 1867//1364 1871//1364
f 1874//1364 1875//1364 1872//1364
f 1874//1364 1872//1364 1873//1364
f 1882//1364 1881//1364 1876//1364
f 1882//1364 1876//1364 1877//1364
f 1891//1364 1890//1364 1888//1364
f 1891//1364 1888//1364 1889//1364
f 1892//1364 1894//1364 1895//1364
f 1892//1370 1895//1370 1893//1370
f 1896//1364 1897//1364 1895//1364
f 1896//1364 1895//1364 1894//1364
f 1892//1371 1893//1371 1890//1371
f 1892//1364 1890//1364 1891//1364
f 1886//1364 1887//1364 1884//1364
f 1886//1364 1884//1364 1885//1364
f 1885//1364 1884//1364 1880//1364
f 1885//1364 1880//1364 1879//1364
f 1886//1364 1889//1364 1888//1364
f 1886//1364 1888//1364 1887//1364
f 1966//1372 1967//1372 1963//1372
f 1965//1317 1964//1317 1968//1317
f 1969//1317 1970//1317 1968//1317
f 1969//1317 1968//1317 1964//1317
f 1965//1317 1966//1317 1963//1317
f 1965//1373 1963//1373 1964//1373
f 1955//1364 1960//1364 1959//1364
f 1955//1364 1959//1364 1956//1364
f 1952//1364 1962//1364 1961//1364
f 1952//1364 1961//1364 1953//1364
f 1944//1364 1961//1364 1962//1364
f 1944//1364 1962//1364 1943//1364
f 1971//1317 1972//1317 1970//1317
f 1971//1317 1970//1317 1969//1317
f 1978//1317 1981//1317 1980//1317
f 1978//1317 1980//1317 1979//1317
f 1978//1317 1982//1317 1983//1317
f 1978//1317 1983//1317 1981//1317
f 1982//1317 1986//1317 1984//1317
f 1982//1317 1984//1317 1985//1317
f 1972//1317 1978//1317 1979//1317
f 1973//1336 1974//1336 1967//1336
f 1973//1374 1967//1374 1966//1374
f 1973//1375 1975//1375 1976//1375
f 1973//1376 1976//1376 1974//1376
f 1977//1317 1978//1317 1972//1317
f 1977//1317 1972//1317 1971//1317
f 1941//1364 1942//1364 1939//1364
f 1941//1364 1939//1364 1940//1364
f 1935//1364 1939//1364 1942//1364
f 1935//1364 1942//1364 1936//1364
f 1940//1364 1944//1364 1943//1364
f 1940//1364 1943//1364 1941//1364
f 1934//1364 1937//1364 1938//1364
f 1934//1364 1938//1364 1931//1364
f 1920//1340 1919//1340 1930//1340
f 1920//1340 1930//1340 1905//1340
f 1933//1364 1934//1364 1931//1364
f 1933//1364 1931//1364 1932//1364
f 1932//1364 1935//1364 1936//1364
f 1932//1364 1936//1364 1933//1364
f 1945//1364 1946//1364 1938//1364
f 1945//1364 1938//1364 1937//1364
f 1954//1364 1955//1364 1956//1364
f 1954//1364 1956//1364 1951//1364
f 1902//1364 1958//1364 1957//1364
f 1902//1365 1957//1365 1903//1365
f 1959//1364 1960//1364 1957//1364
f 1959//1364 1957//1364 1958//1364
f 1953//1364 1954//1364 1951//1364
f 1953//1364 1951//1364 1952//1364
f 1947//1364 1948//1364 1946//1364
f 1947//1364 1946//1364 1945//1364
f 1949//1364 1950//1364 1948//1364
f 1949//1364 1948//1364 1947//1364
f 1950//1364 1949//1364 1897//1364
f 1950//1364 1897//1364 1896//1364
o Turret_01_havok_s_armor_3_3
v -0.493020 2.493604 1.259221
v 0.212906 1.808238 0.472443
v 0.002586 1.807217 0.494197
v 0.004668 1.862346 0.572150
v 0.228523 1.862346 0.548582
v -0.200446 1.807558 0.474256
v -0.210858 1.863027 0.554021
v 0.435720 1.862346 0.486945
v 0.412814 1.807898 0.412619
v -0.410766 1.809259 0.414431
v -0.443043 1.858263 0.483320
v -0.651280 2.218641 1.277349
v -0.874094 2.026711 0.251275
v -0.865765 1.933129 0.186012
v -0.626292 1.858263 0.381800
v -0.589850 1.807217 0.314724
v -0.796005 1.853158 0.242210
v -0.752275 1.808579 0.184199
v -0.944895 1.853839 0.053674
v -0.949060 1.968860 0.073615
v -0.882424 1.805176 0.024668
v 0.820959 2.029774 0.383613
v 0.861565 2.034878 0.294783
v 0.865730 2.007314 0.236772
v 0.828247 1.997445 0.296596
v 0.775147 1.948102 0.312912
v 0.788682 1.857242 0.249462
v 0.643957 1.860645 0.372736
v 0.823041 1.951165 0.254900
v 0.852195 1.836143 0.135252
v 0.826165 1.847373 0.187825
v 0.858442 1.952526 0.204140
v 0.756405 1.807558 0.182386
v 0.599186 1.808579 0.312912
v 0.655410 2.217960 1.273724
v 0.497150 2.490881 1.262846
v 1.063556 1.801773 -0.575386
v 1.035444 1.797009 -0.366908
v -1.049014 1.807898 -0.365095
v -1.067755 1.807217 -0.577199
v -0.983419 1.805176 -0.162056
v 0.533970 2.074419 1.331419
v 0.563429 2.034573 1.277437
v -0.547414 2.034573 1.277437
v -0.534031 2.074419 1.331419
v -0.431876 2.547632 1.271147
v -0.403049 2.524030 1.318355
v -0.443478 2.468893 1.327184
v 0.021925 1.749864 0.468691
v -0.223906 1.749863 0.443618
v 0.203915 1.749862 0.449498
v 0.003303 1.947552 0.622052
v 0.243023 1.951196 0.607039
v -0.221255 1.949232 0.609573
v 0.399958 1.749862 0.390057
v 0.456602 1.945745 0.533646
v -0.391891 1.749862 0.394836
v -0.459030 1.940377 0.526612
v -0.874040 2.158441 0.347496
v -0.698553 2.557660 0.050018
v -0.469086 2.540608 1.242334
v -0.809729 2.178791 0.607952
v -0.667654 2.614900 0.035923
v -0.680281 2.178370 1.253597
v -0.673529 2.182074 1.276322
v -0.594318 2.216041 1.338516
v -0.600553 2.052762 1.282955
v -0.643653 2.103366 1.291809
v -0.601511 2.121978 1.338413
v -0.566929 2.084992 1.334244
v -0.622776 2.038421 1.207345
v -0.665923 2.087971 1.214003
v -0.608205 2.170245 1.340795
v -0.866714 2.088919 0.356401
v -0.795783 2.016011 0.389772
v -0.903944 2.068788 0.228645
v -0.922029 2.049624 0.173290
v -0.789496 2.089794 0.607148
v -0.749256 2.043006 0.598351
v -0.757206 2.481607 -0.018868
v -0.924035 2.127326 0.189896
v -0.585722 1.749861 0.289379
v -0.644570 1.928093 0.413094
v -0.738980 1.749862 0.163687
v -0.765618 1.932402 0.306050
v -0.963375 2.023834 0.074256
v -0.868710 1.749862 0.005790
v 0.807696 2.184670 0.614157
v 0.681956 2.470860 0.400242
v 0.719266 2.420018 0.363560
v 0.851658 2.186855 0.388448
v 0.790540 2.035063 0.468612
v 0.824085 2.079767 0.476840
v 0.848318 2.076772 0.400953
v 0.781610 1.993738 0.362537
v 0.878631 2.081963 0.319999
v 0.903245 2.060313 0.210487
v 0.888271 2.018928 0.189331
v 0.803856 2.112031 0.608576
v 0.807980 2.084832 0.538470
v 0.776394 2.045062 0.535515
v 0.741736 2.039144 0.598598
v 0.786862 2.336782 0.271021
v 0.833552 2.278951 0.208088
v 0.870387 2.247375 0.117144
v 0.891676 2.208163 0.126200
v 0.879770 2.691799 0.221875
v 0.848720 2.655542 0.203924
v 0.791299 2.657609 0.296651
v 0.812184 2.691799 0.313933
v 0.740445 2.665653 0.370829
v 0.925250 2.691798 0.118453
v 0.889168 2.657298 0.118628
v 0.659522 1.940554 0.413087
v 0.887421 1.958049 0.145228
v 0.738612 1.749862 0.163781
v 0.587228 1.749862 0.290084
v 0.620673 2.563467 0.433744
v 0.477394 2.529137 1.249356
v 0.584229 2.232276 1.338411
v 0.448726 2.467841 1.326751
v 0.391908 2.539418 1.320709
v 0.641524 2.104105 1.299113
v 0.604056 2.056748 1.288803
v 0.570672 2.089985 1.337113
v 0.597188 2.119870 1.341642
v 0.679706 2.110733 1.248652
v 0.621403 2.042663 1.240840
v 0.652366 2.161101 1.300113
v 0.605082 2.166073 1.344120
v 0.680974 2.178082 1.265645
v 1.117338 1.981774 -0.340484
v 0.796093 2.534522 -0.324525
v 0.785124 2.579343 -0.396383
v 1.135542 1.983653 -0.450651
v 0.783308 2.608262 -0.480572
v 0.782591 2.613320 -0.576740
v 1.145769 1.968400 -0.523016
v 1.145768 1.961989 -0.727587
v 1.150294 1.956816 -0.635663
v 0.830523 2.448094 -0.265631
v 0.847742 2.409581 -0.233912
v 0.856151 2.387156 -0.206049
v 1.034103 2.091424 -0.245880
v 0.968032 2.159594 -0.121412
v 0.882350 2.311566 -0.119410
v 1.024724 1.749862 -0.779595
v 1.045937 1.749861 -0.550116
v 1.045036 1.802076 -0.785589
v 1.020836 1.749862 -0.351463
v 0.972223 1.749864 -0.207303
v 0.952106 1.776283 -0.131203
v 1.025077 1.811297 -0.250295
v 1.120960 1.844681 -0.469017
v 1.102441 1.847318 -0.335603
v 1.127561 1.848373 -0.571397
v 1.117438 1.851908 -0.730528
v 0.907988 2.209970 0.040925
v 0.895727 2.251757 -0.016249
v 0.910751 2.656410 -0.001387
v 0.946110 2.691798 -0.000595
v 0.937136 2.691798 -0.107563
v 0.905317 2.659704 -0.104919
v 0.906339 2.691798 -0.210997
v 0.875409 2.663133 -0.206264
v 0.869051 1.749862 0.007563
v 0.897639 1.822227 0.041718
v -0.748444 2.643447 -0.037472
v -0.657228 2.634210 0.031166
v -0.735922 2.720225 -0.049191
v -0.652692 2.695478 0.008644
v -0.646039 2.720225 -0.016220
v -0.708638 2.720225 -0.598588
v -0.807491 2.546122 -0.479659
v -0.708860 2.720225 -0.609934
v -0.849241 2.417178 -0.288031
v -0.830123 2.410025 -0.171880
v -1.034057 2.041517 -0.106089
v -1.098565 1.987096 -0.270648
v -1.107898 1.998633 -0.350894
v -0.850422 2.444580 -0.374283
v -1.125137 2.003036 -0.497589
v -0.822000 2.517423 -0.463772
v -0.840471 2.471588 -0.403574
v -0.795376 2.438529 -0.082512
v -0.972806 2.091257 0.052910
v -1.047851 1.944738 -0.133963
v -1.124985 2.004961 -0.638618
v -1.105751 1.850816 -0.353392
v -1.126315 1.850081 -0.582607
v -1.079448 1.852273 -0.247003
v -1.046076 1.808041 -0.787174
v -1.103786 1.851766 -0.801684
v -1.024730 1.749864 -0.363718
v -1.044729 1.749862 -0.582230
v -1.024994 1.749862 -0.780240
v -1.041479 1.852810 -0.136673
v -0.963816 1.749862 -0.169574
v -0.985098 1.807452 -0.989111
v -1.040166 1.850884 -1.011228
vn -0.8717 -0.4898 0.0154
vn -0.8718 -0.4897 0.0153
vn -0.8465 -0.4857 -0.2179
vn -0.8530 -0.5013 -0.1456
vn -0.8529 -0.4884 -0.1843
vn -0.8530 -0.5012 -0.1459
vn -0.8705 -0.4918 -0.0194
vn -0.7435 0.6533 -0.1429
vn -0.8581 -0.4911 -0.1502
vn -0.8533 -0.4908 -0.1759
vn -0.8606 -0.4831 -0.1612
vn -0.8528 -0.4882 -0.1853
vn -0.5689 0.8169 -0.0951
vn -0.5335 0.8442 -0.0526
vn -0.5882 0.8087 -0.0088
vn -0.5481 0.8229 -0.1496
vn -0.9311 0.1856 -0.3140
vn -0.9256 0.3695 0.0821
vn -0.9300 0.3575 0.0860
vn -0.9564 0.2658 -0.1208
vn -0.9586 0.2566 -0.1234
vn -0.9306 0.1908 -0.3123
vn -0.6154 0.7739 -0.1495
vn -0.8490 -0.5002 -0.1702
vn -0.4299 0.4083 -0.8053
vn -0.4331 0.4019 -0.8068
vn -0.4261 0.5209 -0.7397
vn -0.4207 0.4729 -0.7742
vn -0.8498 -0.4989 -0.1703
vn -0.8495 -0.4994 -0.1703
vn -0.2740 0.8176 -0.5065
vn -0.2741 0.8141 -0.5119
vn -0.8667 0.3005 -0.3982
vn -0.8835 0.3208 -0.3413
vn -0.3584 0.8244 -0.4382
vn -0.3596 0.8203 -0.4448
vn -0.5887 0.3942 -0.7057
vn -0.5820 0.4066 -0.7042
vn -0.6516 -0.4065 -0.6404
vn -0.6579 -0.4067 -0.6339
vn -0.6692 -0.2830 -0.6871
vn -0.6766 -0.2721 -0.6843
vn -0.6637 -0.2854 -0.6914
vn -0.8448 -0.5066 -0.1724
vn -0.8490 -0.5001 -0.1706
vn -0.6643 0.6173 -0.4215
vn -0.5830 -0.5158 -0.6277
vn -0.5830 -0.5209 -0.6235
vn -0.4801 0.5317 -0.6977
vn -0.4801 0.5318 -0.6976
vn -0.2157 0.7285 -0.6502
vn -0.2081 0.7292 -0.6519
vn -0.5899 0.8055 0.0554
vn -0.5934 0.8031 0.0534
vn 0.5931 0.8032 -0.0558
vn 0.5951 0.8018 -0.0552
vn 0.5758 0.8031 -0.1534
vn 0.5918 0.8033 0.0670
vn 0.5856 0.8081 0.0636
vn 0.8633 -0.5047 -0.0060
vn 0.8645 -0.5023 -0.0167
vn 0.8489 -0.5002 -0.1705
vn 0.8678 0.2311 -0.4399
vn 0.9221 0.3776 -0.0844
vn 0.9200 0.3830 -0.0825
vn 0.5348 0.7987 -0.2757
vn 0.5082 0.8162 -0.2749
vn 0.8227 0.3522 -0.4462
vn 0.8221 0.3556 -0.4447
vn 0.8970 0.0750 -0.4356
vn 0.8861 0.1101 -0.4502
vn 0.5676 0.8058 0.1690
vn 0.5678 0.8056 0.1691
vn 0.9325 0.3490 0.0929
vn 0.9265 0.3635 0.0971
vn 0.5680 0.7985 -0.1994
vn 0.5489 0.8192 -0.1664
vn 0.8883 0.3651 -0.2787
vn 0.8912 0.3543 -0.2832
vn 0.8590 -0.4986 -0.1159
vn 0.8492 -0.4993 -0.1719
vn -0.6459 0.7325 0.2154
vn -0.6867 0.6976 0.2045
vn -0.4724 0.7001 -0.5354
vn -0.7017 0.4053 -0.5859
vn -0.8460 0.2815 -0.4529
vn -0.7466 0.5013 -0.4373
vn -0.7064 0.7053 0.0595
vn -0.7068 0.7049 0.0593
vn -0.8596 -0.4824 -0.1683
vn -0.8596 -0.4824 -0.1682
vn -0.8515 -0.4933 -0.1780
vn -0.8483 -0.5005 -0.1729
vn -0.7007 0.7028 -0.1228
vn -0.6857 0.7165 -0.1286
vn -0.7864 0.4889 -0.3776
vn 0.8499 -0.4995 -0.1680
vn 0.8495 -0.4994 -0.1703
vn 0.8495 -0.4993 -0.1706
vn 0.8590 -0.4986 -0.1162
vn 0.8590 -0.4986 -0.1161
vn 0.8645 -0.5024 -0.0169
vn 0.8133 -0.1097 -0.5714
vn 0.5060 -0.4538 -0.7335
vn 0.5734 -0.2142 -0.7908
vn 0.4684 -0.3352 -0.8175
vn 0.2392 -0.7194 -0.6521
vn -0.7543 0.4071 -0.5151
vn -0.7839 0.4620 -0.4149
vn 0.5019 0.5450 -0.6716
vn 0.5020 0.5450 -0.6716
vn 0.1987 0.7659 -0.6115
vn 0.1935 0.7658 -0.6133
vn 0.6910 0.6454 -0.3255
vn 0.6910 0.6455 -0.3255
vn 0.6546 -0.4187 -0.6294
vn 0.6556 -0.4188 -0.6283
vn 0.8485 -0.5010 -0.1704
vn 0.8508 -0.4958 -0.1741
vn 0.8443 -0.5090 -0.1678
vn 0.8461 -0.4993 -0.1865
vn 0.5820 -0.5207 -0.6246
vn 0.7040 -0.2466 -0.6660
vn 0.6219 -0.3589 -0.6960
vn 0.2631 0.8313 -0.4896
vn 0.2628 0.8401 -0.4745
vn 0.4402 0.3892 -0.8091
vn 0.4413 0.4045 -0.8010
vn 0.7359 0.6607 -0.1479
vn 0.7441 0.5508 -0.3782
vn 0.8458 0.4310 -0.3144
vn 0.8347 0.3756 -0.4027
vn 0.8383 0.3601 -0.4094
vn 0.7121 0.6583 -0.2440
vn 0.7482 0.6214 -0.2326
vn 0.8489 -0.5003 -0.1705
vn 0.0912 0.4379 -0.8944
vn 0.0890 0.4296 -0.8986
vn -0.0971 0.3769 -0.9211
vn -0.0971 0.3770 -0.9211
vn -0.0604 0.5555 -0.8293
vn -0.0905 0.5022 -0.8600
vn 0.0569 0.8231 -0.5650
vn 0.0512 0.8147 -0.5776
vn -0.0000 0.8046 -0.5939
vn 0.5840 -0.5271 -0.6174
vn 0.5843 -0.5246 -0.6191
vn -0.0600 0.8194 -0.5700
vn -0.0634 0.8156 -0.5751
vn 0.0506 0.5453 -0.8367
vn 0.0739 0.5049 -0.8600
vn 0.2584 0.3757 -0.8900
vn 0.2570 0.3697 -0.8929
vn 0.2580 0.5451 -0.7977
vn 0.2449 0.4891 -0.8372
vn 0.1556 0.8379 -0.5231
vn 0.1509 0.8207 -0.5510
vn -0.1631 0.8192 -0.5498
vn -0.1633 0.8197 -0.5490
vn -0.2674 0.3879 -0.8821
vn -0.2622 0.3996 -0.8784
vn -0.2564 0.5601 -0.7877
vn -0.2436 0.5196 -0.8190
vn 0.4328 0.4849 -0.7599
vn 0.4301 0.4606 -0.7764
vn -0.6320 0.6206 -0.4640
vn -0.5977 0.7028 -0.3858
vn -0.6133 0.6212 -0.4878
vn -0.6619 0.6908 -0.2911
vn -0.6494 0.7015 -0.2935
vn -0.6979 0.6391 -0.3234
vn -0.7415 0.6097 -0.2802
vn -0.7499 0.6139 -0.2464
vn -0.7518 0.6102 -0.2501
vn -0.6012 0.4504 -0.6600
vn -0.5881 0.4023 -0.7016
vn -0.8705 0.2844 -0.4016
vn -0.8182 0.3248 -0.4745
vn -0.7804 0.3227 -0.5356
vn -0.7865 0.3184 -0.5292
vn -0.4337 0.8130 -0.3884
vn -0.4325 0.8115 -0.3930
vn -0.7211 0.6276 -0.2936
vn -0.5333 0.7774 -0.3335
vn -0.5141 0.6637 -0.5434
vn -0.7420 0.3060 -0.5965
vn -0.6787 0.5825 -0.4473
vn -0.6622 0.5413 -0.5181
vn -0.7098 0.6151 -0.3432
vn 0.8048 0.3352 -0.4899
vn 0.8745 0.2327 -0.4257
vn 0.6843 0.4571 -0.5681
vn 0.7090 0.6100 -0.3538
vn 0.7504 0.2156 -0.6248
vn 0.7618 0.2424 -0.6007
vn 0.8158 0.1273 -0.5641
vn 0.3322 0.8521 -0.4044
vn 0.3410 0.8281 -0.4449
vn 0.5860 0.3823 -0.7145
vn 0.5856 0.3625 -0.7250
vn 0.5862 0.3600 -0.7258
vn 0.5997 0.4527 -0.6599
vn 0.4498 0.8063 -0.3841
vn 0.4222 0.8441 -0.3304
vn -0.8417 0.4581 -0.2858
vn -0.7641 0.5618 -0.3170
vn -0.8431 0.4531 -0.2897
vn -0.8436 0.4590 -0.2786
vn -0.8447 0.4561 -0.2800
vn -0.5755 0.7772 -0.2543
vn 0.7153 0.3779 -0.5877
vn 0.7163 0.3691 -0.5922
vn -0.7479 0.6096 -0.2629
vn -0.7676 0.5611 -0.3096
s 0
f 2230//1377 2231//1377 2229//1377
f 2230//1378 2229//1378 2228//1378
f 2232//1379 2224//1379 2223//1379
f 2232//1380 2223//1380 2233//1380
f 2223//1381 2235//1381 2234//1381
f 2223//1382 2234//1382 2233//1382
f 2228//1383 2229//1383 2226//1383
f 2228//1383 2226//1383 2227//1383
f 2193//1384 2219//1384 2218//1384
f 2193//1384 2218//1384 2190//1384
f 2225//1385 2226//1385 2223//1385
f 2225//1386 2223//1386 2224//1386
f 2225//1385 2227//1385 2226//1385
f 2236//1387 2237//1387 2234//1387
f 2236//1388 2234//1388 2235//1388
f 2129//1389 2246//1389 2245//1389
f 2129//1390 2245//1390 2128//1390
f 2245//1391 2247//1391 2128//1391
f 2244//1392 2246//1392 2129//1392
f 2241//1393 2242//1393 2129//1393
f 2128//1394 2240//1394 2238//1394
f 2128//1395 2238//1395 2239//1395
f 2128//1396 2239//1396 2241//1396
f 2128//1397 2241//1397 2129//1397
f 2129//1398 2242//1398 2243//1398
f 2129//1399 2243//1399 2244//1399
f 2222//1400 2180//1400 2179//1400
f 2208//1401 2146//1401 2100//1401
f 2208//1402 2100//1402 2125//1402
f 2099//1403 2147//1403 2205//1403
f 2099//1404 2205//1404 2119//1404
f 2127//1405 2210//1405 2209//1405
f 2127//1406 2209//1406 2126//1406
f 2119//1407 2125//1407 2100//1407
f 2119//1408 2100//1408 2099//1408
f 2189//1409 2206//1409 2123//1409
f 2189//1410 2123//1410 2115//1410
f 2118//1411 2124//1411 2125//1411
f 2118//1412 2125//1412 2119//1412
f 2207//1413 2208//1413 2125//1413
f 2207//1414 2125//1414 2124//1414
f 2211//1415 2212//1415 2127//1415
f 2211//1416 2127//1416 2126//1416
f 2126//1417 2220//1417 2221//1417
f 2126//1418 2221//1418 2211//1418
f 2220//1419 2126//1419 2222//1419
f 2180//1420 2222//1420 2126//1420
f 2180//1421 2126//1421 2209//1421
f 2214//1422 2218//1422 2219//1422
f 2214//1422 2219//1422 2215//1422
f 2127//1423 2212//1423 2213//1423
f 2127//1424 2213//1424 2210//1424
f 2216//1425 2217//1425 2214//1425
f 2216//1426 2214//1426 2215//1426
f 2216//1427 2215//1427 2134//1427
f 2216//1428 2134//1428 2133//1428
f 2128//1429 2247//1429 2248//1429
f 2128//1430 2248//1430 2240//1430
f 2131//1431 2281//1431 2280//1431
f 2131//1432 2280//1432 2130//1432
f 2280//1433 2282//1433 2130//1433
f 2283//1434 2284//1434 2281//1434
f 2283//1435 2281//1435 2131//1435
f 2265//1436 2273//1436 2279//1436
f 2265//1437 2279//1437 2266//1437
f 2268//1438 2276//1438 2277//1438
f 2268//1438 2277//1438 2269//1438
f 2278//1439 2177//1439 2111//1439
f 2172//1438 2277//1438 2276//1438
f 2172//1438 2276//1438 2171//1438
f 2285//1440 2286//1440 2131//1440
f 2285//1441 2131//1441 2130//1441
f 2132//1442 2288//1442 2110//1442
f 2132//1443 2110//1443 2112//1443
f 2178//1444 2289//1444 2132//1444
f 2178//1445 2132//1445 2112//1445
f 2288//1446 2278//1446 2111//1446
f 2288//1447 2111//1447 2110//1447
f 2290//1448 2291//1448 2284//1448
f 2290//1449 2284//1449 2283//1449
f 2286//1450 2287//1450 2283//1450
f 2286//1451 2283//1451 2131//1451
f 2282//1452 2288//1452 2132//1452
f 2282//1453 2132//1453 2130//1453
f 2289//1454 2285//1454 2130//1454
f 2289//1455 2130//1455 2132//1455
f 2271//1456 2273//1456 2275//1456
f 2271//1457 2275//1457 2272//1457
f 2255//1458 2256//1458 2254//1458
f 2255//1459 2254//1459 2253//1459
f 2124//1460 2121//1460 2257//1460
f 2124//1461 2257//1461 2207//1461
f 2121//1462 2206//1462 2258//1462
f 2121//1463 2258//1463 2257//1463
f 2253//1464 2254//1464 2251//1464
f 2253//1465 2251//1465 2252//1465
f 2236//1466 2249//1466 2250//1466
f 2236//1467 2250//1467 2237//1467
f 2196//1468 2250//1468 2249//1468
f 2196//1469 2249//1469 2197//1469
f 2203//1470 2252//1470 2251//1470
f 2203//1471 2251//1471 2204//1471
f 2257//1472 2258//1472 2243//1472
f 2257//1472 2243//1472 2242//1472
f 2269//1473 2270//1473 2267//1473
f 2269//1438 2267//1438 2268//1438
f 2271//1474 2272//1474 2267//1474
f 2271//1475 2267//1475 2270//1475
f 2273//1476 2265//1476 2274//1476
f 2273//1477 2274//1477 2275//1477
f 2264//1478 2265//1478 2266//1478
f 2151//1479 2171//1479 2259//1479
f 2151//1480 2259//1480 2260//1480
f 2260//1481 2259//1481 2261//1481
f 2260//1482 2261//1482 2262//1482
f 2262//1483 2261//1483 2263//1483
f 2115//1484 2123//1484 2120//1484
f 2115//1485 2120//1485 2116//1485
f 2160//1486 2161//1486 2158//1486
f 2160//1487 2158//1487 2159//1487
f 2135//1488 2158//1488 2161//1488
f 2135//1489 2161//1489 2136//1489
f 2158//1490 2162//1490 2163//1490
f 2158//1491 2163//1491 2159//1491
f 2092//1492 2139//1492 2157//1492
f 2092//1493 2157//1493 2103//1493
f 2092//1494 2155//1494 2153//1494
f 2092//1495 2153//1495 2152//1495
f 2103//1496 2156//1496 2155//1496
f 2103//1497 2155//1497 2092//1497
f 2092//1498 2152//1498 2137//1498
f 2103//1499 2157//1499 2164//1499
f 2103//1500 2164//1500 2156//1500
f 2150//1438 2172//1438 2171//1438
f 2150//1438 2171//1438 2151//1438
f 2101//1501 2107//1501 2106//1501
f 2101//1502 2106//1502 2102//1502
f 2148//1503 2173//1503 2107//1503
f 2148//1504 2107//1504 2101//1504
f 2170//1505 2169//1505 2163//1505
f 2170//1505 2163//1505 2162//1505
f 2165//1506 2166//1506 2104//1506
f 2165//1507 2104//1507 2167//1507
f 2168//1508 2167//1508 2104//1508
f 2168//1509 2104//1509 2105//1509
f 2169//1510 2170//1510 2166//1510
f 2169//1511 2166//1511 2165//1511
f 2154//1512 2152//1512 2151//1512
f 2140//1513 2141//1513 2097//1513
f 2140//1514 2097//1514 2094//1514
f 2142//1515 2140//1515 2094//1515
f 2142//1516 2094//1516 2093//1516
f 2143//1517 2144//1517 2096//1517
f 2143//1518 2096//1518 2095//1518
f 2094//1519 2097//1519 2098//1519
f 2094//1520 2098//1520 2095//1520
f 2135//1521 2136//1521 2133//1521
f 2135//1521 2133//1521 2134//1521
f 2138//1522 2139//1522 2092//1522
f 2138//1523 2092//1523 2137//1523
f 2095//1524 2096//1524 2093//1524
f 2095//1525 2093//1525 2094//1525
f 2098//1526 2145//1526 2143//1526
f 2098//1527 2143//1527 2095//1527
f 2141//1528 2148//1528 2101//1528
f 2141//1529 2101//1529 2097//1529
f 2149//1530 2145//1530 2098//1530
f 2149//1531 2098//1531 2102//1531
f 2152//1438 2153//1438 2150//1438
f 2152//1438 2150//1438 2151//1438
f 2097//1532 2101//1532 2102//1532
f 2097//1533 2102//1533 2098//1533
f 2099//1534 2100//1534 2093//1534
f 2099//1535 2093//1535 2096//1535
f 2146//1536 2142//1536 2093//1536
f 2146//1537 2093//1537 2100//1537
f 2096//1538 2144//1538 2147//1538
f 2096//1539 2147//1539 2099//1539
f 2174//1540 2149//1540 2102//1540
f 2174//1541 2102//1541 2106//1541
f 2200//1542 2201//1542 2198//1542
f 2200//1543 2198//1543 2199//1543
f 2200//1544 2202//1544 2201//1544
f 2198//1545 2203//1545 2204//1545
f 2198//1546 2204//1546 2199//1546
f 2196//1400 2197//1400 2182//1400
f 2196//1400 2182//1400 2195//1400
f 2192//1547 2193//1547 2190//1547
f 2192//1548 2190//1548 2191//1548
f 2192//1549 2191//1549 2184//1549
f 2192//1550 2184//1550 2183//1550
f 2194//1400 2195//1400 2182//1400
f 2194//1400 2182//1400 2181//1400
f 2119//1551 2205//1551 2117//1551
f 2119//1552 2117//1552 2118//1552
f 2123//1553 2206//1553 2121//1553
f 2123//1554 2121//1554 2122//1554
f 2120//1555 2123//1555 2122//1555
f 2120//1556 2122//1556 2118//1556
f 2122//1557 2121//1557 2124//1557
f 2122//1558 2124//1558 2118//1558
f 2113//1559 2114//1559 2116//1559
f 2113//1560 2116//1560 2186//1560
f 2117//1561 2205//1561 2186//1561
f 2117//1562 2120//1562 2118//1562
f 2117//1563 2186//1563 2116//1563
f 2117//1564 2116//1564 2120//1564
f 2114//1565 2115//1565 2116//1565
f 2168//1566 2105//1566 2111//1566
f 2168//1567 2111//1567 2177//1567
f 2176//1568 2105//1568 2104//1568
f 2176//1569 2104//1569 2166//1569
f 2105//1570 2176//1570 2108//1570
f 2105//1571 2108//1571 2110//1571
f 2105//1572 2110//1572 2111//1572
f 2107//1573 2109//1573 2108//1573
f 2107//1574 2108//1574 2106//1574
f 2173//1575 2175//1575 2109//1575
f 2173//1576 2109//1576 2107//1576
f 2106//1577 2108//1577 2176//1577
f 2106//1578 2176//1578 2174//1578
f 2109//1579 2112//1579 2110//1579
f 2109//1580 2110//1580 2108//1580
f 2185//1581 2187//1581 2114//1581
f 2185//1582 2114//1582 2113//1582
f 2188//1583 2189//1583 2115//1583
f 2188//1584 2115//1584 2114//1584
f 2187//1585 2188//1585 2114//1585
f 2186//1586 2183//1586 2113//1586
f 2175//1587 2178//1587 2112//1587
f 2175//1588 2112//1588 2109//1588
f 2181//1400 2182//1400 2179//1400
f 2181//1400 2179//1400 2180//1400
f 2183//1589 2184//1589 2185//1589
f 2183//1590 2185//1590 2113//1590
o Turret_01_havok_s_armor_4_4
v 0.874554 1.984985 -1.303600
v 0.951646 1.963716 -1.206323
v 0.994170 1.971922 -1.132732
v 1.030574 1.983429 -1.065258
v 0.753219 2.444273 -1.030939
vn -0.7360 -0.4786 0.4787
vn -0.7361 -0.4784 0.4788
vn -0.7361 -0.4786 0.4787
s 0
f 2295//1591 2296//1591 2292//1591
f 2294//1592 2295//1592 2292//1592
f 2294//1593 2292//1593 2293//1593
o Turret_01_havok_s_armor_6_5
v 0.720098 2.017269 0.523573
v 0.003370 2.018527 0.785866
v 0.271554 2.018527 0.753729
v 0.255675 1.987837 0.651621
v 0.003202 1.998076 0.676077
v -0.233641 1.987614 0.655703
v -0.251058 2.018527 0.757630
v 0.513678 2.018527 0.679892
v 0.473740 1.984422 0.575990
v -0.510181 2.018527 0.680122
v -0.475224 1.985060 0.575236
v 0.565560 2.018526 1.239432
v -0.552077 2.018527 1.239432
v -0.547414 2.034572 1.277437
v 0.563429 2.034572 1.277437
v -0.600553 2.052762 1.282955
v -0.622776 2.038421 1.207345
v 0.693856 2.018527 0.598290
v 0.621403 2.042663 1.240840
v 0.741736 2.039144 0.598598
v 0.655672 1.983195 0.477727
v 0.776394 2.045062 0.535515
v 0.790540 2.035063 0.468612
v 0.715860 1.997584 0.454203
v -0.663896 2.018527 0.598467
v -0.749256 2.043006 0.598351
v -0.678251 1.991121 0.470537
v -0.795783 2.016011 0.389772
v 0.363345 2.592114 1.267501
v -0.350327 2.592112 1.267501
v -0.312201 2.608302 1.236245
v 0.364870 2.610756 1.231505
v -0.373051 2.598806 1.224671
v 0.604056 2.056748 1.288803
v 0.711568 2.444272 -1.030951
v 0.711559 2.430257 -1.137406
v 0.753218 2.444273 -1.030940
v -0.708860 2.444272 -1.031374
v -0.744946 2.444272 -1.031385
v -0.708860 2.430136 -1.138740
v 0.575545 2.720225 -1.002365
v 0.711568 2.691031 -1.213886
v 0.711467 2.715384 -0.952555
v 0.782589 2.720225 -0.758252
v 0.766515 2.713629 -0.897439
v 0.782588 2.714829 -0.863130
v -0.451808 2.720225 -0.099301
v -0.193490 2.720225 -0.364132
v -0.192813 2.708052 -0.345078
v -0.425175 2.690102 -0.071118
v -0.518475 2.720225 -0.039306
v -0.468632 2.720225 -0.080298
v -0.442929 2.688924 -0.053301
v -0.499086 2.685329 0.001103
v -0.174702 2.720225 -0.420158
v -0.168333 2.712868 -0.420388
v -0.179500 2.720225 -0.538158
v -0.708860 2.720225 -0.747835
v -0.708859 2.686945 -1.231365
v -0.597970 2.720225 -1.000210
v 0.781610 1.993738 0.362537
vn -0.0000 -0.9914 0.1305
vn -0.0693 -0.9933 0.0925
vn -0.0516 -0.9977 0.0437
vn -0.1245 -0.9879 0.0929
vn -0.0722 -0.9961 0.0512
vn -0.0000 -0.8880 -0.4599
vn -0.0000 -0.8879 -0.4600
vn 0.1958 -0.9477 -0.2520
vn -0.3589 0.8524 -0.3801
vn -0.3589 0.8525 -0.3801
vn -0.7553 -0.6547 0.0307
vn 0.1544 -0.9857 0.0678
vn -0.3786 0.8728 -0.3081
vn -0.7365 -0.6297 -0.2470
vn -0.8093 -0.5076 -0.2955
vn -0.4417 -0.7894 -0.4263
vn -0.4738 -0.7497 -0.4621
vn -0.4105 -0.7783 -0.4752
vn -0.4091 -0.7650 -0.4974
vn -0.4296 -0.7657 -0.4787
vn -0.4605 -0.7885 -0.4077
vn -0.0000 0.9213 -0.3890
vn 0.3750 0.8844 -0.2780
vn 0.2588 0.8781 -0.4025
vn -0.3938 0.9158 -0.0788
vn 0.0824 0.9571 -0.2779
vn 0.0826 0.9575 -0.2763
vn -0.0339 0.9586 -0.2828
vn 0.0221 0.9828 -0.1831
vn 0.0203 0.9829 -0.1831
vn -0.0170 0.9560 -0.2929
vn -0.0828 0.9559 -0.2819
vn -0.0838 0.9578 -0.2749
vn 0.2754 0.9600 -0.0500
vn 0.2919 0.9551 -0.0509
vn 0.1436 0.9643 -0.2227
vn 0.1377 0.9560 -0.2592
vn 0.3284 0.9246 -0.1929
vn 0.2685 0.9353 -0.2305
vn -0.3139 0.9183 -0.2414
vn -0.3779 0.9139 -0.1481
vn -0.1245 0.9621 -0.2425
vn -0.1210 0.9560 -0.2673
vn -0.4014 0.8873 -0.2272
vn -0.3948 0.8928 -0.2169
vn -0.4136 0.8992 -0.1429
vn -0.3900 0.9081 -0.1523
s 0
f 2334//1594 2335//1594 2336//1594
f 2337//1595 2338//1595 2339//1595
f 2337//1596 2339//1596 2340//1596
f 2339//1597 2341//1597 2342//1597
f 2339//1598 2342//1598 2340//1598
f 2331//1594 2332//1594 2333//1594
f 2327//1599 2328//1599 2325//1599
f 2327//1600 2325//1600 2326//1600
f 2326//1601 2329//1601 2327//1601
f 2311//1602 2330//1602 2315//1602
f 2311//1603 2315//1603 2308//1603
f 2353//1604 2352//1604 2351//1604
f 2354//1605 2355//1605 2356//1605
f 2320//1606 2319//1606 2357//1606
f 2344//1607 2351//1607 2352//1607
f 2344//1608 2352//1608 2345//1608
f 2345//1609 2346//1609 2343//1609
f 2345//1610 2343//1610 2344//1610
f 2349//1611 2350//1611 2347//1611
f 2349//1612 2347//1612 2348//1612
f 2346//1613 2349//1613 2348//1613
f 2346//1614 2348//1614 2343//1614
f 2310//1615 2311//1615 2308//1615
f 2310//1615 2308//1615 2309//1615
f 2309//1616 2313//1616 2312//1616
f 2309//1617 2312//1617 2310//1617
f 2315//1618 2316//1618 2314//1618
f 2315//1618 2314//1618 2308//1618
f 2302//1619 2307//1619 2306//1619
f 2302//1620 2306//1620 2303//1620
f 2298//1621 2299//1621 2300//1621
f 2298//1622 2300//1622 2301//1622
f 2303//1623 2298//1623 2301//1623
f 2303//1624 2301//1624 2302//1624
f 2304//1625 2305//1625 2300//1625
f 2304//1626 2300//1626 2299//1626
f 2321//1627 2322//1627 2313//1627
f 2321//1628 2313//1628 2309//1628
f 2307//1629 2323//1629 2321//1629
f 2307//1630 2321//1630 2306//1630
f 2323//1631 2324//1631 2322//1631
f 2323//1632 2322//1632 2321//1632
f 2297//1633 2320//1633 2317//1633
f 2297//1634 2317//1634 2314//1634
f 2314//1635 2317//1635 2305//1635
f 2314//1636 2305//1636 2304//1636
f 2319//1637 2320//1637 2297//1637
f 2319//1638 2297//1638 2318//1638
f 2316//1639 2318//1639 2297//1639
f 2316//1640 2297//1640 2314//1640
o Turret_01_havok_s_armor_26_6
v -1.036591 2.003895 -1.011160
v -0.931418 2.005806 -1.205832
v -0.744946 2.444272 -1.031385
v -0.753962 2.457447 -0.999581
v -0.708860 2.337344 -1.198810
v -0.708860 2.430136 -1.138739
v -0.708638 2.720225 -0.598588
v -0.799069 2.720225 -0.427903
v -0.813563 2.649867 -0.437033
v -0.807491 2.546121 -0.479659
v -0.822000 2.517423 -0.463772
v -0.429131 2.357262 -1.597692
v -0.612996 2.339392 -1.316368
v -0.596482 2.172598 -1.497759
v -0.494379 2.199578 -1.637419
v -0.677702 2.156751 -1.396329
v -0.396066 2.322013 -1.704421
v -0.404688 2.337348 -1.669889
v -0.420178 2.222561 -1.747657
v -0.386368 2.234167 -1.804245
v -0.385474 2.285220 -1.759270
v -0.542803 2.408444 -1.361973
v -0.419525 2.407557 -1.563323
v -0.479975 2.481456 -1.402793
v -0.429413 2.383817 -1.570832
v -0.398238 2.449553 -1.562621
v -0.386808 2.484850 -1.551504
v -0.421445 2.535722 -1.440822
v -0.752330 1.796838 -1.335803
v -0.591084 1.796838 -1.469406
v -0.681241 1.850934 -1.480341
v -0.787409 1.851888 -1.382683
v -0.586500 1.841769 -1.538355
v -0.407134 1.796838 -1.568663
v -0.426192 1.845066 -1.658039
v 0.435176 2.383818 -1.570832
v 0.589394 2.174497 -1.511779
v 0.543590 2.417269 -1.362849
v 0.460236 2.498431 -1.416945
v 0.426759 2.407557 -1.563323
v 0.404847 2.449553 -1.562621
v 0.390288 2.511794 -1.529498
v 0.392310 2.484850 -1.551504
v 0.422926 2.543219 -1.441164
v 0.433874 2.357263 -1.597694
v 0.484676 2.210130 -1.650986
v 0.397207 2.322013 -1.704421
v 0.390281 2.285220 -1.759270
v 0.389872 2.234167 -1.804245
v 0.406971 2.337347 -1.669891
v 0.641811 2.324791 -1.299095
v 0.673040 2.152459 -1.410073
v 0.682915 2.293613 -1.272424
v 0.753219 2.444273 -1.030940
v 0.711559 2.430257 -1.137406
v 0.711569 2.302670 -1.232794
v 0.404788 1.807981 -1.567194
v 0.590968 1.796838 -1.469054
v 0.623122 1.839964 -1.511207
v 0.476234 1.842170 -1.619488
v 0.363361 1.844647 -1.690914
v 0.752136 1.796838 -1.335355
v 0.804681 1.856361 -1.370680
v 0.840262 1.981616 -1.345033
v 0.387964 2.634415 -1.405106
v -0.382717 2.511794 -1.529498
v -0.384093 2.599556 -1.440469
v -0.145874 1.852314 -1.701427
v -0.361428 1.844647 -1.691130
v -0.211946 1.809282 -1.611460
v -0.001963 1.809480 -1.630287
v 0.159941 1.851977 -1.702914
v 0.205541 1.808768 -1.611445
vn -0.7030 -0.4707 0.5331
vn -0.7329 -0.4572 0.5037
vn -0.7434 -0.4460 0.4984
vn -0.2624 0.7674 0.5850
vn -0.2153 0.9257 0.3110
vn -0.8792 -0.2854 0.3816
vn -0.8017 -0.4284 0.4169
vn -0.8020 -0.4279 0.4168
vn -0.7921 -0.4207 0.4423
vn -0.8113 -0.3828 0.4419
vn -0.8054 -0.4401 0.3969
vn -0.7696 -0.4350 0.4673
vn -0.7695 -0.4351 0.4675
vn 0.0034 0.8597 0.5107
vn -0.0370 0.8963 0.4419
vn -0.0119 0.9054 0.4243
vn 0.0399 0.8897 0.4549
vn -0.0636 0.9508 0.3031
vn 0.0076 0.9056 0.4240
vn 0.2231 0.8770 0.4256
vn 0.0221 0.9285 0.3707
vn 0.7668 -0.4512 0.4566
vn 0.7452 -0.4861 0.4566
vn -0.4654 0.7180 0.5175
vn -0.4031 0.7755 0.4859
vn -0.1935 0.9211 0.3378
vn -0.7611 -0.4690 0.4481
vn -0.6956 -0.4760 0.5381
vn -0.7920 -0.4207 0.4423
vn 0.7990 -0.3920 0.4561
vn 0.8097 -0.4340 0.3949
vn 0.7213 -0.4759 0.5032
vn 0.8261 -0.3805 0.4156
vn 0.8263 -0.3808 0.4150
vn 0.8099 -0.4344 0.3940
vn 0.7646 -0.4360 0.4747
vn 0.7651 -0.4378 0.4722
vn 0.9161 -0.2179 0.3366
vn 0.7657 -0.4878 0.4192
vn 0.7688 -0.4903 0.4105
vn 0.8528 -0.1550 0.4988
vn 0.8578 -0.1516 0.4911
vn 0.8587 -0.2359 0.4550
vn 0.3921 0.7586 0.5204
vn 0.4687 0.7265 0.5024
vn 0.4047 0.7731 0.4884
vn -0.7535 -0.4625 0.4672
vn -0.7686 -0.4336 0.4704
vn 0.2892 0.7931 0.5360
vn 0.2861 0.8674 0.4071
vn 0.7558 -0.4614 0.4646
vn 0.7555 -0.4619 0.4646
vn 0.7556 -0.4617 0.4647
vn 0.7797 -0.4031 0.4792
vn 0.7461 -0.4849 0.4563
vn 0.7795 -0.4034 0.4792
vn 0.7796 -0.4032 0.4792
s 0
f 2409//1641 2410//1641 2408//1641
f 2409//1642 2408//1642 2394//1642
f 2408//1643 2395//1643 2394//1643
f 2414//1644 2415//1644 2416//1644
f 2414//1645 2416//1645 2417//1645
f 2411//1646 2412//1646 2413//1646
f 2402//1647 2407//1647 2404//1647
f 2402//1648 2404//1648 2403//1648
f 2398//1649 2396//1649 2400//1649
f 2396//1649 2401//1649 2399//1649
f 2396//1649 2399//1649 2400//1649
f 2405//1650 2406//1650 2403//1650
f 2405//1651 2403//1651 2404//1651
f 2393//1652 2402//1652 2403//1652
f 2393//1653 2403//1653 2394//1653
f 2429//1654 2425//1654 2428//1654
f 2429//1655 2428//1655 2430//1655
f 2425//1656 2426//1656 2427//1656
f 2425//1657 2427//1657 2428//1657
f 2430//1658 2414//1658 2418//1658
f 2430//1659 2418//1659 2429//1659
f 2426//1660 2392//1660 2391//1660
f 2426//1661 2391//1661 2427//1661
f 2423//1662 2424//1662 2385//1662
f 2423//1663 2385//1663 2384//1663
f 2419//1664 2420//1664 2416//1664
f 2419//1665 2416//1665 2415//1665
f 2414//1666 2417//1666 2418//1666
f 2422//1667 2399//1667 2401//1667
f 2421//1668 2410//1668 2409//1668
f 2397//1669 2393//1669 2396//1669
f 2397//1649 2396//1649 2398//1649
f 2372//1670 2376//1670 2374//1670
f 2372//1671 2374//1671 2375//1671
f 2370//1672 2373//1672 2371//1672
f 2376//1673 2377//1673 2378//1673
f 2376//1674 2378//1674 2374//1674
f 2369//1675 2372//1675 2375//1675
f 2371//1676 2372//1676 2369//1676
f 2371//1677 2369//1677 2370//1677
f 2362//1678 2363//1678 2360//1678
f 2360//1679 2361//1679 2358//1679
f 2360//1680 2358//1680 2359//1680
f 2368//1681 2367//1681 2366//1681
f 2366//1682 2367//1682 2364//1682
f 2366//1683 2364//1683 2365//1683
f 2387//1684 2390//1684 2388//1684
f 2388//1685 2389//1685 2386//1685
f 2388//1686 2386//1686 2387//1686
f 2395//1687 2396//1687 2393//1687
f 2395//1688 2393//1688 2394//1688
f 2390//1689 2387//1689 2391//1689
f 2390//1690 2391//1690 2392//1690
f 2370//1691 2369//1691 2379//1691
f 2379//1692 2369//1692 2382//1692
f 2379//1693 2382//1693 2380//1693
f 2379//1694 2380//1694 2381//1694
f 2381//1695 2384//1695 2385//1695
f 2383//1696 2384//1696 2381//1696
f 2383//1697 2381//1697 2380//1697
o Turret_01_havok_s_armor_12_7
v -0.585307 2.686972 0.017972
v -0.571350 2.670683 0.025344
v -0.657228 2.634210 0.031166
v -0.652692 2.695478 0.008644
v -0.667655 2.614900 0.035923
v -0.592045 2.720225 -0.008423
v -0.518475 2.720225 -0.039306
v -0.499086 2.685329 0.001103
v -0.646039 2.720225 -0.016220
vn -0.1730 -0.5253 -0.8331
vn 0.0994 -0.7184 -0.6885
vn 0.0308 -0.6176 -0.7859
vn -0.2380 -0.7887 -0.5669
vn -0.1602 -0.6334 -0.7571
vn 0.0851 -0.3493 -0.9331
vn 0.0851 -0.3494 -0.9331
vn 0.0461 -0.2623 -0.9639
s 0
f 2432//1698 2431//1698 2438//1698
f 2434//1699 2439//1699 2436//1699
f 2434//1700 2436//1700 2431//1700
f 2436//1701 2437//1701 2438//1701
f 2436//1702 2438//1702 2431//1702
f 2432//1703 2433//1703 2434//1703
f 2432//1704 2434//1704 2431//1704
f 2435//1705 2433//1705 2432//1705
o Turret_01_havok_s_armor_13_8
v -0.403049 2.524031 1.318355
v -0.431876 2.547632 1.271148
v -0.350327 2.592112 1.267501
v -0.324432 2.563311 1.319021
v -0.373051 2.598806 1.224671
v -0.469085 2.540608 1.242334
v 0.363345 2.592114 1.267501
v 0.477394 2.529137 1.249356
v 0.391908 2.539418 1.320709
v 0.357018 2.563311 1.319021
v 0.364871 2.610756 1.231504
v 0.620673 2.563467 0.433744
v 0.508876 2.637859 0.456652
v 0.477477 2.659798 0.456722
v -0.667655 2.614900 0.035923
v -0.571350 2.670683 0.025344
vn -0.5678 -0.8122 -0.1339
vn -0.5679 -0.8121 -0.1339
vn -0.5679 -0.8122 -0.1339
vn 0.4859 -0.8640 -0.1321
vn 0.4954 -0.8582 -0.1344
vn -0.0000 -0.8729 -0.4880
vn 0.4343 -0.8259 -0.3596
vn 0.4344 -0.8259 -0.3595
vn 0.3657 -0.7220 -0.5874
vn 0.3678 -0.7223 -0.5857
vn -0.4893 -0.7658 -0.4173
vn -0.4825 -0.7379 -0.4718
s 0
f 2453//1706 2452//1706 2450//1706
f 2450//1707 2452//1707 2451//1707
f 2450//1708 2451//1708 2447//1708
f 2454//1709 2455//1709 2444//1709
f 2454//1710 2444//1710 2445//1710
f 2446//1711 2449//1711 2443//1711
f 2446//1711 2443//1711 2442//1711
f 2441//1712 2445//1712 2444//1712
f 2441//1713 2444//1713 2442//1713
f 2442//1714 2443//1714 2440//1714
f 2442//1715 2440//1715 2441//1715
f 2447//1716 2446//1716 2450//1716
f 2448//1717 2449//1717 2446//1717
f 2448//1717 2446//1717 2447//1717
o Turret_01_havok_s_armor_14_9
v 0.686663 2.682856 -1.270175
v 0.536900 2.671680 -1.367301
v 0.543590 2.417269 -1.362849
v 0.641811 2.324791 -1.299095
v 0.682915 2.293613 -1.272424
v 0.460236 2.498432 -1.416945
v 0.422927 2.543219 -1.441163
v 0.804681 1.856361 -1.370680
v 0.641569 1.871769 -1.528419
v 0.623122 1.839964 -1.511207
v -0.686493 2.681696 -1.268609
v -0.612996 2.339392 -1.316368
v -0.542803 2.408444 -1.361974
v -0.532251 2.670169 -1.368839
v -0.686485 2.290039 -1.268626
v -0.479975 2.481456 -1.402793
v -0.421445 2.535722 -1.440822
v 0.363361 1.844647 -1.690914
v 0.477932 1.930509 -1.694350
v 0.410045 1.951726 -1.754263
v 0.294868 1.911935 -1.777061
v 0.476235 1.842170 -1.619488
v 0.330160 2.007719 -1.832265
v -0.426192 1.845066 -1.658039
v -0.403833 1.937246 -1.753881
v -0.607777 1.878461 -1.558972
v -0.586500 1.841769 -1.538355
v -0.681241 1.850934 -1.480341
v -0.361428 1.844647 -1.691130
v -0.342225 1.954774 -1.801751
v -0.259939 1.911935 -1.777061
vn -0.4712 0.5755 0.6684
vn -0.4623 0.6142 0.6396
vn -0.3429 0.5607 0.7537
vn -0.4221 0.5908 0.6876
vn 0.4599 0.6225 0.6332
vn 0.4700 0.5788 0.6664
vn 0.1452 0.6885 0.7106
vn 0.3564 0.6305 0.6895
vn 0.4519 0.6216 0.6398
vn -0.3472 0.5850 0.7330
vn -0.5442 0.0004 0.8390
vn -0.5441 0.0004 0.8390
vn -0.5148 0.6194 0.5928
vn 0.5448 -0.0000 0.8386
vn 0.5449 -0.0000 0.8385
vn 0.5448 -0.0000 0.8385
s 0
f 2464//1718 2474//1718 2477//1718
f 2464//1719 2477//1719 2465//1719
f 2478//1720 2476//1720 2475//1720
f 2477//1721 2474//1721 2473//1721
f 2481//1722 2482//1722 2479//1722
f 2481//1723 2479//1723 2480//1723
f 2486//1724 2485//1724 2484//1724
f 2484//1725 2485//1725 2480//1725
f 2484//1725 2480//1725 2479//1725
f 2481//1726 2483//1726 2482//1726
f 2475//1727 2476//1727 2473//1727
f 2475//1721 2473//1721 2474//1721
f 2457//1728 2462//1728 2461//1728
f 2457//1729 2461//1729 2458//1729
f 2460//1729 2456//1729 2459//1729
f 2458//1728 2459//1728 2456//1728
f 2458//1729 2456//1729 2457//1729
f 2463//1730 2464//1730 2465//1730
f 2469//1731 2468//1731 2471//1731
f 2469//1731 2471//1731 2472//1731
f 2470//1731 2467//1731 2466//1731
f 2468//1732 2469//1732 2466//1732
f 2468//1733 2466//1733 2467//1733
o Turret_01_havok_s_armor_15_10
v -0.407046 2.030455 -1.797913
v 0.410045 1.951726 -1.754263
v 0.470508 2.042237 -1.751102
v 0.413628 2.107238 -1.848099
v 0.383107 2.074227 -1.848777
v 0.357923 2.044250 -1.844696
v 0.330160 2.007719 -1.832265
v 0.477932 1.930509 -1.694350
v 0.529005 2.007253 -1.685726
v 0.584065 1.978358 -1.622296
v 0.641569 1.871769 -1.528419
v 0.590968 1.796838 -1.469054
v 0.404788 1.807981 -1.567194
v 0.399344 1.749862 -1.541730
v 0.567275 1.749862 -1.458082
v 0.203466 1.749862 -1.598922
v -0.506113 1.984586 -1.697909
v -0.607777 1.878462 -1.558972
v -0.403833 1.937246 -1.753881
v -0.515568 2.022494 -1.698841
v -0.342224 1.954774 -1.801751
v -0.359172 2.044250 -1.844696
v -0.400866 2.107238 -1.848099
v -0.435041 2.092478 -1.792362
v -0.591084 1.796838 -1.469406
v -0.587329 1.749862 -1.441904
v -0.399975 1.749862 -1.543001
v -0.407134 1.796838 -1.568663
v -0.204372 1.749862 -1.599013
v 0.433875 2.357263 -1.597694
v 0.435176 2.383818 -1.570832
v -0.429413 2.383817 -1.570832
v -0.429131 2.357262 -1.597692
v -0.377363 2.074227 -1.848777
v 0.387964 2.634415 -1.405106
v 0.470221 2.673985 -1.364959
v -0.462929 2.672436 -1.366529
v -0.384093 2.599556 -1.440469
v 0.422926 2.543219 -1.441163
v 0.536901 2.671680 -1.367301
v -0.532251 2.670169 -1.368839
v -0.421445 2.535722 -1.440822
v 0.390288 2.511794 -1.529498
v -0.382718 2.511794 -1.529498
vn 0.2395 0.4933 0.8362
vn -0.0000 -0.7111 0.7031
vn -0.0000 -0.7112 0.7030
vn 0.6475 0.2271 0.7275
vn 0.7756 0.3004 0.5551
vn 0.4155 0.4840 0.7701
vn 0.4155 0.4841 0.7701
vn 0.5918 0.4071 0.6957
vn 0.5614 0.4364 0.7031
vn -0.0001 -0.7123 0.7019
vn 0.3443 -0.2066 0.9158
vn -0.0000 -0.7122 0.7020
vn -0.1279 -0.4067 0.9046
vn -0.0000 -0.7122 0.7019
vn -0.6113 0.3257 0.7213
vn -0.5576 0.3462 0.7545
vn -0.6246 0.2986 0.7216
vn -0.6283 0.3395 0.7000
vn -0.6426 0.4066 0.6494
vn -0.5071 0.4538 0.7327
vn -0.3660 0.5368 0.7602
vn -0.4507 0.4810 0.7520
vn -0.4090 0.3981 0.8211
vn 0.5715 0.3665 0.7342
vn 0.6557 0.1816 0.7329
vn 0.4629 0.4533 0.7617
vn 0.5972 0.3593 0.7171
vn -0.2559 0.4080 0.8764
vn 0.5745 0.3910 0.7191
s 0
f 2513//1734 2515//1734 2514//1734
f 2518//1735 2519//1735 2516//1735
f 2518//1736 2516//1736 2517//1736
f 2510//1737 2506//1737 2487//1737
f 2510//1738 2487//1738 2509//1738
f 2513//1739 2514//1739 2511//1739
f 2513//1740 2511//1740 2512//1740
f 2520//1741 2509//1741 2487//1741
f 2520//1742 2487//1742 2508//1742
f 2524//1743 2523//1743 2527//1743
f 2524//1744 2527//1744 2528//1744
f 2524//1745 2530//1745 2529//1745
f 2524//1745 2529//1745 2521//1745
f 2523//1745 2524//1745 2521//1745
f 2523//1745 2521//1745 2522//1745
f 2521//1746 2525//1746 2526//1746
f 2521//1747 2526//1747 2522//1747
f 2494//1748 2495//1748 2489//1748
f 2494//1749 2489//1749 2488//1749
f 2494//1750 2497//1750 2496//1750
f 2494//1751 2496//1751 2495//1751
f 2488//1752 2489//1752 2490//1752
f 2488//1753 2490//1753 2491//1753
f 2492//1754 2493//1754 2488//1754
f 2492//1755 2488//1755 2491//1755
f 2500//1756 2501//1756 2498//1756
f 2500//1756 2498//1756 2499//1756
f 2503//1757 2505//1757 2487//1757
f 2503//1758 2487//1758 2506//1758
f 2505//1759 2507//1759 2508//1759
f 2505//1760 2508//1760 2487//1760
f 2500//1761 2499//1761 2502//1761
f 2503//1762 2504//1762 2505//1762
o Turret_01_havok_s_armor_7_11
v 0.003202 1.998077 0.676078
v 0.255675 1.987837 0.651621
v 0.243023 1.951196 0.607039
v 0.003303 1.947553 0.622052
v -0.221255 1.949232 0.609573
v -0.233641 1.987614 0.655703
v 0.473740 1.984422 0.575990
v 0.456602 1.945745 0.533646
v 0.655672 1.983195 0.477727
v 0.659522 1.940554 0.413087
v 0.715860 1.997584 0.454203
v 0.781610 1.993738 0.362537
v -0.678251 1.991121 0.470537
v -0.475224 1.985060 0.575236
v -0.459030 1.940377 0.526612
v -0.644570 1.928093 0.413094
v -0.498997 2.700483 -1.181985
v -0.597970 2.720225 -1.000210
v -0.708860 2.686945 -1.231365
v -0.501661 2.694387 -1.220257
v -0.450454 2.720225 -1.022492
v -0.686493 2.681696 -1.268609
v -0.532250 2.670169 -1.368839
v -0.483091 2.681985 -1.302344
v -0.497006 2.688558 -1.258114
v -0.462929 2.672436 -1.366529
v 0.575545 2.720225 -1.002366
v 0.466220 2.720225 -1.020644
v 0.501968 2.701877 -1.181517
v 0.711567 2.691031 -1.213886
v 0.496231 2.683761 -1.297670
v 0.536900 2.671680 -1.367301
v 0.686663 2.682856 -1.270175
v 0.500092 2.688687 -1.265679
v 0.470220 2.673985 -1.364959
v 0.503954 2.693613 -1.233687
v 0.711569 2.687591 -1.235703
v -0.765618 1.932402 0.306050
v -0.795783 2.016011 0.389772
vn 0.0272 -0.9875 0.1554
vn 0.0271 -0.9875 0.1555
vn -0.0335 -0.9927 0.1155
vn -0.0183 -0.9938 0.1093
vn 0.0272 -0.9875 0.1553
vn 0.0271 -0.9875 0.1554
vn -0.0271 -0.9875 0.1553
vn -0.0271 -0.9875 0.1555
vn 0.4873 0.6994 -0.5229
vn 0.4923 0.7152 -0.4961
vn -0.0287 -0.9876 0.1546
vn -0.0271 -0.9874 0.1557
vn -0.0271 -0.9875 0.1554
vn -0.1929 0.7621 -0.6180
vn -0.1923 0.7842 -0.5899
vn -0.2993 0.7882 -0.5378
vn -0.3041 0.7615 -0.5725
vn -0.0538 0.7293 -0.6821
vn -0.0295 0.7763 -0.6297
vn 0.0207 0.7713 -0.6362
vn 0.0434 0.7297 -0.6824
vn -0.4987 0.7740 -0.3902
vn -0.3862 0.7592 -0.5238
vn 0.0342 -0.9914 0.1263
vn 0.0177 -0.9929 0.1175
vn 0.3233 0.7260 -0.6070
vn 0.3216 0.7481 -0.5804
vn 0.1913 0.7536 -0.6288
vn 0.1906 0.7792 -0.5971
s 0
f 2552//1763 2555//1763 2550//1763
f 2552//1764 2550//1764 2549//1764
f 2559//1765 2560//1765 2557//1765
f 2559//1766 2557//1766 2558//1766
f 2554//1767 2555//1767 2552//1767
f 2554//1763 2552//1763 2553//1763
f 2556//1768 2554//1768 2553//1768
f 2563//1769 2564//1769 2561//1769
f 2563//1770 2561//1770 2562//1770
f 2563//1769 2567//1769 2566//1769
f 2563//1769 2566//1769 2564//1769
f 2546//1771 2568//1771 2569//1771
f 2546//1772 2569//1772 2543//1772
f 2565//1773 2562//1773 2561//1773
f 2566//1774 2567//1774 2560//1774
f 2566//1775 2560//1775 2559//1775
f 2537//1776 2538//1776 2533//1776
f 2537//1777 2533//1777 2532//1777
f 2539//1778 2540//1778 2538//1778
f 2539//1779 2538//1779 2537//1779
f 2533//1780 2534//1780 2531//1780
f 2533//1781 2531//1781 2532//1781
f 2535//1782 2536//1782 2531//1782
f 2535//1783 2531//1783 2534//1783
f 2541//1784 2542//1784 2540//1784
f 2541//1785 2540//1785 2539//1785
f 2549//1768 2550//1768 2547//1768
f 2549//1786 2547//1786 2548//1786
f 2551//1787 2548//1787 2547//1787
f 2545//1788 2546//1788 2543//1788
f 2545//1789 2543//1789 2544//1789
f 2535//1790 2545//1790 2544//1790
f 2535//1791 2544//1791 2536//1791
o Turret_01_havok_s_armor_1_12
v -0.314932 2.007719 -1.832265
v 0.435176 2.383818 -1.570832
v 0.426760 2.407557 -1.563323
v -0.419526 2.407557 -1.563323
v -0.429413 2.383817 -1.570832
v 0.390281 2.285220 -1.759270
v 0.191690 2.285220 -1.759270
v 0.221717 2.234167 -1.804246
v 0.389872 2.234167 -1.804246
v -0.204372 1.749862 -1.599013
v -0.000277 1.749862 -1.617270
v -0.001963 1.809480 -1.630287
v -0.211946 1.809282 -1.611460
v 0.203466 1.749862 -1.598922
v 0.205542 1.808768 -1.611446
v -0.407134 1.796838 -1.568663
v 0.404788 1.807981 -1.567194
v -0.224770 2.107238 -1.848099
v -0.400866 2.107238 -1.848099
v -0.377364 2.074228 -1.848777
v -0.220693 2.074228 -1.848777
v -0.359172 2.044250 -1.844696
v -0.211106 2.044250 -1.844696
v -0.169487 2.007719 -1.832265
v -0.342225 1.954774 -1.801751
v -0.259939 1.911935 -1.777061
v -0.075003 1.911935 -1.777061
v -0.386368 2.234167 -1.804246
v -0.388551 2.175161 -1.833050
v -0.235492 2.175161 -1.833050
v -0.218213 2.234167 -1.804246
v -0.385474 2.285220 -1.759270
v -0.186882 2.285220 -1.759270
v 0.244134 2.175161 -1.833050
v 0.393779 2.175162 -1.833050
v 0.237531 2.107238 -1.848099
v 0.413627 2.107238 -1.848099
v 0.226436 2.074228 -1.848777
v 0.383107 2.074228 -1.848777
v 0.209856 2.044250 -1.844696
v 0.357923 2.044250 -1.844696
v 0.330160 2.007719 -1.832265
v 0.184716 2.007719 -1.832265
v 0.109932 1.911935 -1.777061
v 0.294868 1.911935 -1.777061
v 0.711568 2.537521 -0.937702
v 0.744831 2.537522 -0.937693
v 0.730606 2.571653 -0.933204
v 0.711568 2.571652 -0.933208
v 0.726161 2.605784 -0.937699
v 0.711568 2.605784 -0.937702
v 0.711499 2.641330 -0.952424
v 0.711568 2.505716 -0.950876
v 0.754697 2.505760 -0.950837
v -0.726882 2.571651 -0.933640
v -0.739204 2.537520 -0.938133
v -0.708860 2.537521 -0.938125
v -0.708860 2.571652 -0.933631
v -0.708861 2.614476 -0.939267
v -0.708860 2.505716 -0.951299
v -0.745797 2.505755 -0.951290
v -0.398238 2.449553 -1.562621
v 0.404848 2.449553 -1.562621
v 0.392310 2.484850 -1.551504
v -0.386808 2.484850 -1.551504
v -0.382718 2.511794 -1.529498
v 0.390288 2.511794 -1.529498
vn -0.0000 0.4993 0.8664
vn -0.0002 -0.1305 0.9914
vn -0.0003 -0.1305 0.9914
vn -0.0002 0.1305 0.9914
vn -0.0002 0.1306 0.9914
vn -0.0000 0.3221 0.9467
vn -0.0000 -0.2163 0.9763
vn -0.0000 -0.0206 0.9998
vn -0.0000 0.1349 0.9909
vn -0.0001 0.3826 0.9239
vn -0.0000 -0.3004 0.9538
vn -0.0000 -0.0167 0.9999
vn -0.0000 -0.6326 0.7745
vn -0.0002 -0.3826 0.9239
vn -0.0002 -0.3827 0.9239
vn -0.0005 -0.3825 0.9240
vn -0.0005 -0.1305 0.9914
vn -0.0003 -0.1304 0.9915
vn -0.0005 0.1305 0.9914
vn -0.0000 -0.4387 0.8986
vn 0.1950 0.2248 0.9547
vn -0.2112 0.2104 0.9545
vn -0.0877 0.2101 0.9737
vn -0.0000 -0.3016 0.9534
vn -0.0000 -0.6610 0.7504
vn 0.0870 0.2149 0.9728
vn 0.1211 0.4481 0.8858
s 0
f 2612//1792 2613//1792 2614//1792
f 2612//1792 2614//1792 2611//1792
f 2617//1793 2618//1793 2615//1793
f 2617//1794 2615//1794 2616//1794
f 2619//1795 2620//1795 2618//1795
f 2619//1796 2618//1796 2617//1796
f 2609//1797 2612//1797 2611//1797
f 2609//1797 2611//1797 2610//1797
f 2605//1798 2606//1798 2604//1798
f 2605//1798 2604//1798 2603//1798
f 2605//1799 2607//1799 2608//1799
f 2605//1799 2608//1799 2606//1799
f 2607//1800 2609//1800 2610//1800
f 2607//1800 2610//1800 2608//1800
f 2620//1801 2619//1801 2621//1801
f 2633//1802 2634//1802 2631//1802
f 2633//1802 2631//1802 2632//1802
f 2632//1803 2631//1803 2573//1803
f 2632//1803 2573//1803 2572//1803
f 2633//1804 2636//1804 2635//1804
f 2633//1804 2635//1804 2634//1804
f 2625//1805 2630//1805 2629//1805
f 2625//1806 2629//1806 2626//1806
f 2622//1807 2623//1807 2616//1807
f 2622//1806 2616//1806 2615//1806
f 2626//1808 2627//1808 2624//1808
f 2626//1809 2624//1809 2625//1809
f 2627//1810 2628//1810 2624//1810
f 2603//1811 2604//1811 2578//1811
f 2603//1811 2578//1811 2577//1811
f 2579//1812 2582//1812 2585//1812
f 2586//1813 2584//1813 2583//1813
f 2589//1799 2590//1799 2587//1799
f 2589//1799 2587//1799 2588//1799
f 2580//1814 2583//1814 2584//1814
f 2580//1814 2584//1814 2581//1814
f 2573//1815 2574//1815 2571//1815
f 2573//1815 2571//1815 2572//1815
f 2577//1816 2578//1816 2575//1816
f 2577//1816 2575//1816 2576//1816
f 2581//1817 2582//1817 2579//1817
f 2581//1817 2579//1817 2580//1817
f 2591//1800 2592//1800 2590//1800
f 2591//1800 2590//1800 2589//1800
f 2599//1811 2600//1811 2597//1811
f 2599//1811 2597//1811 2598//1811
f 2587//1798 2599//1798 2598//1798
f 2587//1798 2598//1798 2588//1798
f 2600//1816 2602//1816 2601//1816
f 2600//1816 2601//1816 2597//1816
f 2570//1792 2594//1792 2595//1792
f 2570//1792 2595//1792 2593//1792
f 2570//1797 2593//1797 2592//1797
f 2570//1797 2592//1797 2591//1797
f 2591//1818 2594//1818 2570//1818
f 2593//1792 2595//1792 2596//1792
o Turret_01_havok_s_armor_18_13
v 0.470221 2.673985 -1.364959
v 0.466942 2.688428 -1.333009
v -0.460350 2.695460 -1.315606
v -0.462930 2.672436 -1.366529
v 0.184021 2.746125 -0.528491
v 0.184021 2.720220 -0.528490
v 0.280670 2.719932 -0.609051
v 0.280670 2.746125 -0.609051
v -0.752330 1.796838 -1.335803
v -0.787410 1.851888 -1.382683
v -0.932015 1.851462 -1.211284
v -0.884679 1.796838 -1.172988
v -0.965474 1.749862 -0.976508
v -0.875244 1.749862 -1.150067
v -0.985098 1.807452 -0.989111
v -1.040166 1.850884 -1.011228
v -1.046244 1.955299 -1.015907
v -1.113518 1.956243 -0.804068
v -1.103786 1.851766 -0.801684
v -1.036591 2.003895 -1.011160
v -1.102066 2.005926 -0.804073
v 1.078633 1.969607 -0.970199
v 0.767477 2.522366 -0.896226
v 1.030575 1.983429 -1.065258
v 0.804681 1.856361 -1.370680
v 0.752136 1.796838 -1.335355
v 0.884387 1.796838 -1.172462
v 0.955431 1.855408 -1.186212
v 0.965273 1.749862 -0.975982
v 0.984655 1.803349 -0.987947
v 0.872007 1.749861 -1.153131
v 0.729420 2.720269 -0.548334
v 0.729420 2.746125 -0.548335
v 0.655207 2.746125 -0.608571
v 0.655206 2.720269 -0.608570
v 0.782589 2.720225 -0.489470
v 0.782589 2.746125 -0.489470
v 0.744830 2.537522 -0.937693
v 0.754697 2.505759 -0.950837
v 0.759563 2.478405 -0.971819
v 0.730606 2.571653 -0.933204
v 0.782572 2.656140 -0.478367
v 0.845501 2.691798 -0.347335
v 0.845501 2.746125 -0.347335
v 0.799887 2.608479 -0.307548
v 0.782597 2.623652 -0.435596
v 0.785124 2.579344 -0.396383
v 0.796093 2.534522 -0.324525
v 0.830524 2.448093 -0.265631
v 0.852954 2.605223 -0.200454
v 0.847741 2.409581 -0.233912
vn -0.8580 -0.3999 0.3224
vn -0.8580 -0.4000 0.3224
vn -0.6302 -0.0000 0.7764
vn -0.7421 -0.0000 0.6703
vn -0.9066 0.0723 0.4157
vn -0.8953 -0.0555 0.4420
vn -0.9017 -0.0494 0.4295
vn -0.9144 -0.0000 0.4047
vn -0.9144 -0.0000 0.4048
vn -0.9871 0.0140 0.1594
vn -0.9875 0.0689 0.1415
vn 0.5182 0.7444 0.4212
vn 0.5298 0.7197 0.4487
vn 0.8229 0.3740 0.4278
vn 0.0008 -0.9112 0.4119
vn 0.0008 -0.9112 0.4120
vn 0.6403 -0.0000 0.7681
vn 0.9526 0.0953 0.2888
vn 0.9509 0.0689 0.3017
vn -0.5228 0.7354 0.4311
vn -0.5329 0.7272 0.4327
vn -0.8144 0.3911 0.4288
vn -0.8144 0.3910 0.4288
vn 0.9308 -0.2138 0.2964
vn 0.9306 -0.2145 0.2965
vn -0.8018 -0.4960 0.3333
s 0
f 2659//1819 2674//1819 2675//1819
f 2659//1819 2675//1819 2676//1819
f 2677//1820 2674//1820 2659//1820
f 2670//1821 2671//1821 2668//1821
f 2670//1821 2668//1821 2669//1821
f 2672//1822 2673//1822 2669//1822
f 2672//1822 2669//1822 2668//1822
f 2678//1823 2679//1823 2672//1823
f 2685//1824 2686//1824 2681//1824
f 2685//1824 2681//1824 2684//1824
f 2686//1825 2685//1825 2687//1825
f 2672//1826 2679//1826 2680//1826
f 2672//1827 2680//1827 2673//1827
f 2683//1828 2684//1828 2681//1828
f 2683//1829 2681//1829 2682//1829
f 2647//1830 2648//1830 2645//1830
f 2647//1831 2645//1831 2646//1831
f 2648//1832 2651//1832 2649//1832
f 2648//1832 2649//1832 2650//1832
f 2639//1833 2640//1833 2637//1833
f 2639//1834 2637//1834 2638//1834
f 2643//1835 2644//1835 2641//1835
f 2643//1835 2641//1835 2642//1835
f 2654//1836 2655//1836 2652//1836
f 2654//1837 2652//1837 2653//1837
f 2663//1838 2664//1838 2661//1838
f 2663//1839 2661//1839 2662//1839
f 2663//1840 2667//1840 2665//1840
f 2663//1841 2665//1841 2666//1841
f 2653//1842 2656//1842 2657//1842
f 2653//1843 2657//1843 2654//1843
f 2658//1844 2659//1844 2660//1844
o Turret_01_havok_s_armor_19_14
v -0.460350 2.695460 -1.315606
v 0.466942 2.688428 -1.333009
v 0.466015 2.711795 -1.274273
v -0.460953 2.711778 -1.274569
v 0.782591 2.539333 -0.827727
v 1.078633 1.969607 -0.970199
v 1.120449 1.965949 -0.850324
v 0.875408 2.663133 -0.206264
v 0.811381 2.662446 -0.333564
v 0.799887 2.608479 -0.307548
v 0.852954 2.605223 -0.200454
v 0.782597 2.623652 -0.435596
v 0.782572 2.656140 -0.478367
v 0.845501 2.746125 -0.347335
v 0.845501 2.691798 -0.347335
v 0.906339 2.691798 -0.210997
v 0.906339 2.746125 -0.210997
vn -0.9550 0.2359 0.1797
vn -0.9467 0.2792 0.1609
vn -0.9132 -0.0000 0.4075
vn -0.8300 0.3642 0.4224
vn -0.8285 0.3764 0.4147
vn -0.0001 -0.9292 0.3695
vn -0.0001 -0.9292 0.3696
vn -0.8243 -0.4964 0.2724
s 0
f 2696//1845 2700//1845 2699//1845
f 2696//1846 2699//1846 2697//1846
f 2703//1847 2704//1847 2701//1847
f 2703//1847 2701//1847 2702//1847
f 2697//1848 2698//1848 2695//1848
f 2697//1849 2695//1849 2696//1849
f 2690//1850 2691//1850 2688//1850
f 2690//1851 2688//1851 2689//1851
f 2692//1852 2693//1852 2694//1852
o Turret_01_havok_s_armor_23_15
v -0.931418 2.005806 -1.205832
v -0.788705 2.004389 -1.384918
v -0.677702 2.156751 -1.396329
v -0.686485 2.290039 -1.268626
v -0.708860 2.300126 -1.231364
v -0.708860 2.337344 -1.198810
v -0.739093 1.749862 -1.316156
v -0.752330 1.796838 -1.335803
v -0.884679 1.796838 -1.172988
v -0.875244 1.749862 -1.150067
v -0.612996 2.339392 -1.316368
v -0.686493 2.681696 -1.268609
v -0.708859 2.686945 -1.231365
v 0.874554 1.984985 -1.303600
v 0.711569 2.302670 -1.232794
v 0.682915 2.293613 -1.272424
v 0.840262 1.981616 -1.345033
v 0.686662 2.682856 -1.270175
v 0.711569 2.687591 -1.235703
v 0.884387 1.796838 -1.172462
v 0.752136 1.796838 -1.335355
v 0.738888 1.749862 -1.315718
v 0.872007 1.749861 -1.153131
v 0.994170 1.971922 -1.132731
v 0.951646 1.963716 -1.206323
v 0.955432 1.855408 -1.186212
v 0.988512 1.854670 -1.119524
v 0.766515 2.713629 -0.897438
v 0.726161 2.605784 -0.937699
v 0.730606 2.571653 -0.933204
v 0.767478 2.522366 -0.896226
v 0.711467 2.715384 -0.952555
v 0.711499 2.641330 -0.952424
v 0.782589 2.517098 -0.863997
v 0.782588 2.714829 -0.863130
vn -0.8915 0.0930 0.4433
vn -0.8672 0.0615 0.4942
vn -0.7017 0.4213 0.5745
vn -0.6992 0.4345 0.5677
vn -0.8108 0.0044 0.5853
vn -0.9055 -0.0019 0.4243
vn -0.7075 0.0009 0.7067
vn 0.7013 0.4214 0.5749
vn 0.6989 0.4345 0.5681
vn 0.6914 -0.4756 0.5439
vn 0.6914 -0.4757 0.5438
vn 0.6913 -0.4756 0.5439
vn 0.6917 -0.4623 0.5548
vn -0.6610 -0.4696 0.5853
vn 0.8573 -0.0000 0.5148
vn 0.6815 -0.4824 0.5503
s 0
f 2730//1853 2731//1853 2728//1853
f 2730//1854 2728//1854 2729//1854
f 2726//1855 2727//1855 2724//1855
f 2726//1856 2724//1856 2725//1856
f 2719//1857 2723//1857 2722//1857
f 2719//1857 2722//1857 2720//1857
f 2735//1858 2738//1858 2739//1858
f 2735//1858 2739//1858 2732//1858
f 2732//1859 2736//1859 2737//1859
f 2732//1859 2737//1859 2733//1859
f 2734//1859 2735//1859 2732//1859
f 2734//1859 2732//1859 2733//1859
f 2713//1860 2714//1860 2711//1860
f 2713//1861 2711//1861 2712//1861
f 2705//1862 2708//1862 2709//1862
f 2705//1863 2709//1863 2710//1863
f 2707//1864 2708//1864 2705//1864
f 2707//1865 2705//1865 2706//1865
f 2720//1866 2721//1866 2718//1866
f 2720//1866 2718//1866 2719//1866
f 2716//1867 2717//1867 2709//1867
f 2716//1867 2709//1867 2708//1867
f 2715//1868 2708//1868 2707//1868
o Turret_01_havok_s_armor_17_16
v -0.429132 2.357262 -1.597692
v -0.404689 2.337348 -1.669889
v 0.406971 2.337347 -1.669890
v 0.433875 2.357263 -1.597694
v -1.113518 1.956243 -0.804068
v -1.135526 1.956705 -0.639762
v -1.103786 1.851766 -0.801684
v -1.124985 2.004961 -0.638618
v -1.102066 2.005926 -0.804073
v -0.459843 2.723201 -1.231742
v -0.501661 2.694387 -1.220257
v -0.497006 2.688558 -1.258114
v -0.460953 2.711778 -1.274569
v -0.483091 2.681985 -1.302344
v -0.460350 2.695460 -1.315605
v -0.461835 2.720225 -1.164838
v -0.498997 2.700483 -1.181985
v -0.462930 2.672436 -1.366529
v -0.450454 2.720225 -1.022492
v 0.464317 2.723202 -1.231471
v 0.503954 2.693613 -1.233687
v 0.501968 2.701877 -1.181517
v 0.467178 2.720225 -1.151934
v 0.466015 2.711795 -1.274273
v 0.500092 2.688687 -1.265679
v 0.466220 2.720225 -1.020644
v 0.496231 2.683761 -1.297670
v 0.466942 2.688429 -1.333009
v 0.470221 2.673985 -1.364959
vn -0.5835 -0.7891 0.1919
vn -0.5808 -0.7921 0.1881
vn -0.4769 -0.8788 -0.0157
vn -0.5912 -0.7998 0.1042
vn 0.4826 -0.8750 -0.0386
vn -0.5048 -0.8049 0.3121
vn -0.5049 -0.8048 0.3122
vn -0.4688 -0.8833 -0.0034
vn 0.6098 -0.7333 0.3006
vn 0.9659 -0.2226 0.1325
vn 0.9680 -0.2145 0.1303
vn 0.9867 0.0949 0.1319
vn -0.0000 -0.9640 0.2659
vn 0.4779 -0.8781 -0.0248
vn 0.5815 -0.8087 0.0883
vn 0.6096 -0.7334 0.3008
vn 0.5921 -0.7823 0.1933
s 0
f 2763//1869 2764//1869 2760//1869
f 2763//1870 2760//1870 2759//1870
f 2761//1871 2762//1871 2759//1871
f 2761//1872 2759//1872 2760//1872
f 2758//1873 2756//1873 2755//1873
f 2767//1874 2768//1874 2766//1874
f 2763//1875 2767//1875 2766//1875
f 2763//1869 2766//1869 2764//1869
f 2761//1876 2765//1876 2762//1876
f 2753//1877 2757//1877 2754//1877
f 2744//1878 2748//1878 2747//1878
f 2744//1879 2747//1879 2745//1879
f 2744//1880 2745//1880 2746//1880
f 2742//1881 2743//1881 2740//1881
f 2742//1881 2740//1881 2741//1881
f 2749//1882 2755//1882 2756//1882
f 2749//1883 2756//1883 2750//1883
f 2753//1877 2754//1877 2752//1877
f 2753//1884 2752//1884 2751//1884
f 2751//1885 2752//1885 2749//1885
f 2751//1885 2749//1885 2750//1885
o Turret_01_havok_s_armor_2_17
v -0.259939 1.911935 -1.777061
v -0.361428 1.844647 -1.691130
v -0.145874 1.852314 -1.701427
v -0.075004 1.911935 -1.777061
v 0.159941 1.851977 -1.702914
v 0.109932 1.911935 -1.777061
v 0.294868 1.911935 -1.777061
v 0.363361 1.844647 -1.690914
vn -0.0083 0.7849 0.6196
vn -0.0000 0.7776 0.6288
vn 0.0039 0.7836 0.6213
vn -0.0000 0.7853 0.6191
vn 0.0015 0.7865 0.6176
s 0
f 2773//1886 2776//1886 2775//1886
f 2773//1887 2775//1887 2774//1887
f 2773//1887 2774//1887 2772//1887
f 2773//1888 2772//1888 2771//1888
f 2771//1889 2772//1889 2769//1889
f 2771//1890 2769//1890 2770//1890
o Turret_01_havok_s_armor_22_18
v 0.685628 1.931462 -1.505567
v -0.704531 1.967041 -1.487853
v -0.621678 1.987270 -1.579376
v 0.804681 1.856361 -1.370680
v 0.840262 1.981616 -1.345033
v 0.676252 1.997230 -1.522047
v 0.641569 1.871769 -1.528419
v 0.590968 1.796838 -1.469054
v 0.567275 1.749862 -1.458082
v 0.738888 1.749862 -1.315718
v 0.752136 1.796838 -1.335355
v -0.787409 1.851888 -1.382683
v -0.681241 1.850934 -1.480341
v -0.794874 1.956857 -1.390692
v -0.788705 2.004388 -1.384918
v -0.702527 2.008295 -1.480032
v -0.591084 1.796838 -1.469406
v -0.752330 1.796838 -1.335803
v -0.739092 1.749862 -1.316156
v -0.587329 1.749862 -1.441903
v 0.663444 2.001437 -1.537004
v 0.584065 1.978358 -1.622296
v 0.541935 2.042134 -1.666207
v 0.529005 2.007253 -1.685726
v 0.470508 2.042237 -1.751102
v 0.485015 2.083035 -1.727318
v 0.413628 2.107238 -1.848098
v -0.506113 1.984586 -1.697909
v -0.515568 2.022494 -1.698841
v -0.607778 1.878462 -1.558972
v -0.518166 2.059247 -1.686960
v -0.620293 2.027991 -1.569315
v -0.435041 2.092478 -1.792362
vn -0.7670 -0.0971 0.6343
vn -0.7563 -0.0828 0.6490
vn 0.7014 0.2169 0.6789
vn 0.7048 0.1926 0.6828
vn -0.7690 -0.0705 0.6354
vn -0.7303 -0.0122 0.6830
vn -0.8601 0.0085 0.5101
vn 0.7429 -0.1843 0.6436
vn 0.7492 -0.1583 0.6432
vn 0.7982 -0.1335 0.5874
vn 0.7660 -0.1786 0.6175
vn 0.7608 -0.1503 0.6314
vn 0.6856 0.1831 0.7046
vn 0.6993 0.2171 0.6811
vn -0.5707 0.4485 0.6879
vn 0.7230 0.1035 0.6831
vn 0.6668 0.1805 0.7231
vn -0.7290 0.0668 0.6813
vn -0.7290 0.0676 0.6811
vn -0.6673 0.2201 0.7115
vn -0.6827 0.2396 0.6903
vn -0.7393 0.0666 0.6700
vn -0.7501 0.0581 0.6587
vn 0.7347 -0.1606 0.6591
vn 0.7301 -0.1750 0.6605
vn 0.5702 0.4485 0.6882
s 0
f 2802//1891 2801//1891 2800//1891
f 2802//1892 2800//1892 2799//1892
f 2779//1893 2806//1893 2804//1893
f 2779//1894 2804//1894 2805//1894
f 2799//1895 2800//1895 2798//1895
f 2799//1896 2798//1896 2797//1896
f 2801//1897 2802//1897 2803//1897
f 2779//1898 2808//1898 2792//1898
f 2779//1899 2792//1899 2778//1899
f 2807//1900 2805//1900 2809//1900
f 2807//1901 2808//1901 2779//1901
f 2807//1902 2779//1902 2805//1902
f 2778//1903 2789//1903 2806//1903
f 2778//1904 2806//1904 2779//1904
f 2786//1905 2787//1905 2784//1905
f 2786//1905 2784//1905 2785//1905
f 2778//1906 2790//1906 2788//1906
f 2778//1907 2788//1907 2789//1907
f 2781//1908 2782//1908 2777//1908
f 2781//1909 2777//1909 2780//1909
f 2780//1910 2777//1910 2783//1910
f 2798//1911 2783//1911 2777//1911
f 2798//1912 2777//1912 2797//1912
f 2782//1913 2797//1913 2777//1913
f 2778//1914 2792//1914 2791//1914
f 2778//1915 2791//1915 2790//1915
f 2795//1916 2796//1916 2793//1916
f 2795//1916 2793//1916 2794//1916
o Turret_01_havok_s_armor_20_19
v 0.782591 2.579036 -0.731844
v 0.782591 2.539333 -0.827728
v 1.120448 1.965949 -0.850324
v 0.988513 1.854670 -1.119524
v 0.955431 1.855409 -1.186211
v 0.884387 1.796838 -1.172462
v 0.984655 1.803349 -0.987947
v 1.058514 1.856080 -0.983030
v 0.965272 1.749862 -0.975981
v 1.024723 1.749862 -0.779595
v 1.045037 1.802076 -0.785589
v -1.040166 1.850884 -1.011228
v -0.985097 1.807452 -0.989111
v -0.884679 1.796838 -1.172988
v -0.932015 1.851462 -1.211284
v -1.046076 1.808041 -0.787174
v -1.024994 1.749862 -0.780241
v -0.965474 1.749862 -0.976508
v -0.840082 2.645519 -0.344386
v -0.840470 2.471588 -0.403574
v -0.822000 2.517422 -0.463772
v -0.813563 2.649867 -0.437033
v -0.850422 2.444580 -0.374283
v -0.799070 2.720225 -0.427903
v -0.821461 2.720225 -0.337621
v 0.280670 2.746126 -0.609051
v 0.280670 2.719932 -0.609051
v 0.293694 2.720269 -0.583233
v 0.293694 2.746126 -0.583233
v 0.711568 2.457447 -0.999145
v 0.711568 2.444272 -1.030951
v 0.753219 2.444273 -1.030939
v 0.760588 2.458721 -0.996061
v -0.708860 2.457447 -0.999568
v -0.753962 2.457447 -0.999581
v -0.744946 2.444272 -1.031385
v -0.708860 2.444272 -1.031374
v 0.746491 2.875153 0.220891
v 0.792846 2.875067 0.152157
v 0.817047 2.852394 0.165064
v 0.767249 2.852486 0.238903
v 0.823538 2.875069 0.075279
v 0.850018 2.852396 0.082478
v 0.835263 2.874962 -0.006559
v 0.862613 2.852281 -0.005438
v 0.829577 2.874962 -0.088908
v 0.856506 2.852281 -0.093903
v 0.830866 2.852281 -0.178790
v 0.805710 2.874962 -0.167927
v 0.764857 2.874962 -0.239654
v 0.786980 2.852281 -0.255843
v 0.709069 2.874962 -0.300492
v 0.727049 2.852281 -0.321200
v 0.701534 2.852483 0.299165
v 0.685319 2.875151 0.276987
v 0.624063 2.852481 0.343290
v 0.613202 2.875149 0.318062
v 0.641141 2.874962 -0.347391
v 0.654075 2.852281 -0.371581
v 0.564480 2.874962 -0.377998
v 0.571722 2.852281 -0.404461
v 0.634898 2.746126 -0.586067
v 0.634898 2.720269 -0.586066
v 0.655207 2.720269 -0.608570
v 0.655207 2.746126 -0.608571
v 0.233711 2.852281 -0.342557
v 0.310765 2.852281 -0.386444
v 0.321563 2.874962 -0.361226
v 0.249835 2.874962 -0.320374
v 0.395652 2.852281 -0.412084
v 0.400582 2.874962 -0.385094
v 0.188997 2.874962 -0.264585
v 0.168355 2.852281 -0.282626
v 0.482931 2.874962 -0.390779
v 0.484117 2.852281 -0.418192
v 0.142099 2.874962 -0.196657
v 0.117973 2.852281 -0.209653
v 0.085093 2.852281 -0.127300
v 0.111491 2.874962 -0.119996
v 0.098710 2.874962 -0.038447
v 0.071363 2.852281 -0.039694
v 0.104396 2.874962 0.043902
v 0.077471 2.852281 0.048771
v 0.278883 2.852479 0.328347
v 0.205514 2.852479 0.277691
v 0.223587 2.875148 0.256998
v 0.291885 2.875147 0.304152
v 0.368963 2.875146 0.334925
v 0.361685 2.852479 0.361406
v 0.450956 2.875147 0.347776
v 0.449768 2.852479 0.375211
v 0.533753 2.875148 0.342060
v 0.538713 2.852479 0.369070
v 0.127800 2.875009 0.123120
v 0.168709 2.875009 0.194945
v 0.146560 2.852330 0.211030
v 0.102614 2.852332 0.133871
vn -0.0990 -0.7688 0.6318
vn 0.4324 -0.7686 0.4715
vn 0.0440 -0.7688 0.6380
vn 0.0441 -0.7688 0.6380
vn 0.5945 -0.7683 0.2373
vn 0.5266 -0.7685 0.3636
vn 0.5266 -0.7684 0.3636
vn -0.2372 -0.7687 0.5940
vn -0.3634 -0.7687 0.5264
vn 0.7424 -0.0000 0.6700
vn 0.1849 -0.7687 0.6122
vn 0.3166 -0.7687 0.5558
vn -0.1847 -0.7692 -0.6117
vn -0.1847 -0.7693 -0.6117
vn -0.0440 -0.7692 -0.6375
vn 0.5564 -0.7681 -0.3169
vn 0.4800 -0.7687 -0.4228
vn 0.6143 -0.7681 -0.1810
vn 0.6390 -0.7680 -0.0441
vn 0.6326 -0.7681 0.0991
vn 0.3630 -0.7693 -0.5257
vn 0.0989 -0.7692 -0.6313
vn 0.2369 -0.7693 -0.5934
vn -0.3162 -0.7693 -0.5551
vn 0.9564 -0.1151 0.2684
vn 0.9686 -0.0820 0.2347
vn 0.8941 0.3563 0.2712
vn 0.8924 0.3628 0.2684
vn 0.9649 -0.0866 0.2480
vn -0.8928 -0.0000 0.4504
vn 0.9385 -0.2550 0.2328
vn 0.9391 -0.2269 0.2581
vn -0.5717 0.7699 0.2835
vn -0.5738 0.7648 0.2931
vn -0.8391 -0.5026 0.2081
vn -0.5696 0.7713 0.2841
vn 0.5919 0.7388 0.3221
vn 0.5371 0.8066 0.2467
vn -0.8869 0.3759 0.2685
vn -0.8855 0.3805 0.2666
vn -0.5561 -0.7684 0.3167
vn -0.6388 -0.7681 0.0441
vn -0.6128 -0.7683 0.1851
vn -0.4317 -0.7694 -0.4708
vn -0.4715 -0.7686 0.4324
vn -0.0001 -0.9239 0.3827
vn -0.5303 -0.7691 -0.3567
vn -0.6336 -0.7685 -0.0898
vn -0.6336 -0.7684 -0.0898
vn -0.5939 -0.7688 -0.2371
vn -0.5938 -0.7688 -0.2371
s 0
f 2883//1917 2884//1917 2870//1917
f 2883//1917 2870//1917 2869//1917
f 2878//1918 2881//1918 2882//1918
f 2878//1918 2882//1918 2875//1918
f 2884//1919 2883//1919 2880//1919
f 2884//1920 2880//1920 2879//1920
f 2885//1921 2888//1921 2887//1921
f 2885//1921 2887//1921 2886//1921
f 2881//1922 2885//1922 2886//1922
f 2881//1923 2886//1923 2882//1923
f 2869//1924 2870//1924 2868//1924
f 2869//1924 2868//1924 2867//1924
f 2867//1925 2868//1925 2862//1925
f 2867//1925 2862//1925 2861//1925
f 2873//1926 2874//1926 2871//1926
f 2873//1926 2871//1926 2872//1926
f 2879//1927 2880//1927 2877//1927
f 2879//1927 2877//1927 2876//1927
f 2877//1928 2878//1928 2875//1928
f 2877//1928 2875//1928 2876//1928
f 2902//1929 2901//1929 2866//1929
f 2902//1930 2866//1930 2865//1930
f 2901//1931 2902//1931 2900//1931
f 2901//1931 2900//1931 2899//1931
f 2905//1932 2906//1932 2903//1932
f 2905//1932 2903//1932 2904//1932
f 2905//1933 2904//1933 2895//1933
f 2905//1933 2895//1933 2894//1933
f 2903//1934 2906//1934 2892//1934
f 2903//1934 2892//1934 2891//1934
f 2889//1935 2891//1935 2892//1935
f 2889//1935 2892//1935 2890//1935
f 2888//1936 2889//1936 2890//1936
f 2888//1936 2890//1936 2887//1936
f 2895//1937 2896//1937 2893//1937
f 2895//1937 2893//1937 2894//1937
f 2899//1938 2900//1938 2898//1938
f 2899//1938 2898//1938 2897//1938
f 2897//1939 2898//1939 2893//1939
f 2897//1939 2893//1939 2896//1939
f 2865//1940 2866//1940 2864//1940
f 2865//1940 2864//1940 2863//1940
f 2830//1941 2831//1941 2828//1941
f 2830//1942 2828//1942 2829//1942
f 2825//1943 2826//1943 2827//1943
f 2825//1944 2827//1944 2822//1944
f 2828//1945 2832//1945 2829//1945
f 2837//1946 2838//1946 2835//1946
f 2837//1946 2835//1946 2836//1946
f 2833//1947 2834//1947 2828//1947
f 2833//1948 2828//1948 2831//1948
f 2815//1949 2816//1949 2813//1949
f 2815//1950 2813//1950 2814//1950
f 2810//1951 2811//1951 2812//1951
f 2816//1952 2817//1952 2813//1952
f 2823//1953 2824//1953 2821//1953
f 2823//1954 2821//1954 2822//1954
f 2818//1955 2819//1955 2820//1955
f 2818//1956 2820//1956 2816//1956
f 2859//1957 2860//1957 2857//1957
f 2859//1957 2857//1957 2858//1957
f 2855//1958 2856//1958 2854//1958
f 2855//1958 2854//1958 2853//1958
f 2858//1959 2857//1959 2856//1959
f 2858//1959 2856//1959 2855//1959
f 2863//1960 2864//1960 2847//1960
f 2863//1960 2847//1960 2850//1960
f 2861//1961 2862//1961 2860//1961
f 2861//1961 2860//1961 2859//1961
f 2845//1962 2846//1962 2843//1962
f 2845//1962 2843//1962 2844//1962
f 2841//1962 2842//1962 2839//1962
f 2841//1962 2839//1962 2840//1962
f 2849//1963 2850//1963 2847//1963
f 2849//1963 2847//1963 2848//1963
f 2851//1964 2853//1964 2854//1964
f 2851//1965 2854//1965 2852//1965
f 2851//1966 2852//1966 2849//1966
f 2851//1967 2849//1967 2848//1967
o Turret_01_havok_s_armor_24_20
v 0.756698 2.771521 -0.355344
v 0.675407 2.771521 -0.411468
v 0.678529 2.715417 -0.417296
v 0.761291 2.712115 -0.360625
v 0.585349 2.717444 -0.454243
v 0.583665 2.771521 -0.448097
v 0.290347 2.715246 -0.434120
v 0.292958 2.771521 -0.428026
v 0.207120 2.771521 -0.379137
v 0.202987 2.711871 -0.384818
v 0.386376 2.717359 -0.462867
v 0.387522 2.771521 -0.456589
v 0.134314 2.771521 -0.312372
v 0.128624 2.707392 -0.317338
v 0.085043 2.746125 -0.246239
v 0.093612 2.704138 -0.267297
v 0.078189 2.771521 -0.231081
v 0.075555 2.746125 -0.232497
v 0.041560 2.771521 -0.139339
v 0.038679 2.746125 -0.140133
v 0.026264 2.771521 -0.041746
v 0.023279 2.746125 -0.041879
v 0.823463 2.771521 -0.282537
v 0.829532 2.707703 -0.286969
v 0.872352 2.771521 -0.196699
v 0.856050 2.746125 -0.231327
v 0.875099 2.746125 -0.197882
v 0.840486 2.706549 -0.268012
v 0.903855 2.746125 -0.102677
v 0.900915 2.771521 -0.102135
v 0.910705 2.746125 -0.003460
v 0.907719 2.771521 -0.003586
v 0.173718 2.746125 0.314104
v 0.175709 2.771744 0.311821
v 0.257442 2.771742 0.368252
v 0.256011 2.746125 0.370920
v 0.348882 2.746125 0.407999
v 0.349684 2.771742 0.405080
v 0.447808 2.771742 0.420458
v 0.447677 2.746125 0.423484
v 0.546893 2.771744 0.413617
v 0.547440 2.746125 0.416596
v 0.641972 2.771745 0.384898
v 0.643169 2.746125 0.387681
v 0.730064 2.746125 0.338189
v 0.728276 2.771747 0.335743
v 0.801483 2.771750 0.268611
v 0.803770 2.746125 0.270599
v 0.896594 2.746125 0.095147
v 0.859614 2.746125 0.187774
v 0.856957 2.771647 0.186355
v 0.893687 2.771649 0.094353
v 0.107611 2.746125 0.239324
v 0.110034 2.771577 0.237560
v 0.058322 2.746125 0.152785
v 0.061078 2.771578 0.151605
v 0.033068 2.771521 0.056803
v 0.030129 2.746125 0.057338
v -0.931418 2.005806 -1.205832
v -0.708860 2.337344 -1.198810
v -0.744946 2.444272 -1.031385
v -0.404689 2.337348 -1.669889
v -0.396066 2.322013 -1.704421
v 0.397207 2.322013 -1.704421
v 0.406971 2.337347 -1.669890
v 0.711568 2.478404 -0.971833
v 0.711568 2.457447 -0.999145
v 0.760589 2.458720 -0.996061
v 0.759563 2.478404 -0.971819
v -0.708860 2.457447 -0.999568
v -0.708860 2.478404 -0.972256
v -0.753386 2.478402 -0.972268
v -0.753962 2.457447 -0.999581
v 0.486072 2.771521 -0.463393
v 0.486345 2.718097 -0.469682
vn -0.9832 -0.1163 -0.1407
vn -0.9224 -0.1165 -0.3683
vn 0.7441 -0.1164 -0.6578
vn -0.8235 -0.1166 -0.5552
vn -0.2872 -0.1167 -0.9507
vn -0.0684 -0.1167 -0.9908
vn -0.4915 -0.1167 -0.8630
vn -0.6713 -0.1167 -0.7320
vn -0.6712 -0.1167 -0.7320
vn 0.8631 -0.1162 -0.4916
vn -0.0002 -0.7934 0.6087
vn -0.0001 -0.7934 0.6088
vn -0.0002 -0.7763 0.6303
vn -0.0177 -0.7932 0.6087
vn 0.0684 -0.1163 0.9909
vn -0.1538 -0.1163 0.9812
vn 0.9909 -0.1161 -0.0684
vn 0.9525 -0.1162 -0.2814
vn -0.0000 -0.9139 0.4058
vn -0.0000 -0.9139 0.4059
vn 0.7263 -0.4976 0.4743
vn 0.8173 -0.1162 0.5643
vn 0.6713 -0.1162 0.7320
vn 0.9224 -0.1162 0.3683
vn 0.8174 -0.1162 0.5643
vn -0.3683 -0.1163 0.9224
vn -0.5643 -0.1163 0.8173
vn 0.2872 -0.1163 0.9508
vn 0.4916 -0.1163 0.8630
vn 0.9812 -0.1162 0.1538
vn 0.9813 -0.1161 0.1538
vn 0.5643 -0.1167 -0.8173
vn -0.9909 -0.1162 0.0684
vn 0.1538 -0.1167 -0.9812
vn 0.1538 -0.1166 -0.9812
vn 0.3683 -0.1167 -0.9224
vn -0.8630 -0.1162 0.4916
vn -0.8631 -0.1162 0.4916
vn -0.7320 -0.1162 0.6713
vn -0.7320 -0.1163 0.6713
vn -0.9508 -0.1162 0.2872
s 0
f 2955//1968 2958//1968 2938//1968
f 2955//1968 2938//1968 2937//1968
f 2957//1969 2958//1969 2955//1969
f 2957//1969 2955//1969 2956//1969
f 2959//1970 2960//1970 2940//1970
f 2959//1970 2940//1970 2939//1970
f 2953//1971 2957//1971 2956//1971
f 2953//1971 2956//1971 2954//1971
f 2949//1972 2950//1972 2948//1972
f 2949//1972 2948//1972 2947//1972
f 2947//1973 2948//1973 2946//1973
f 2947//1973 2946//1973 2945//1973
f 2949//1974 2952//1974 2951//1974
f 2949//1974 2951//1974 2950//1974
f 2953//1975 2954//1975 2951//1975
f 2953//1976 2951//1976 2952//1976
f 2959//1977 2961//1977 2962//1977
f 2959//1977 2962//1977 2960//1977
f 2978//1978 2979//1978 2976//1978
f 2978//1979 2976//1979 2977//1979
f 2974//1980 2975//1980 2972//1980
f 2974//1981 2972//1981 2973//1981
f 2981//1982 2980//1982 2918//1982
f 2981//1982 2918//1982 2917//1982
f 2912//1983 2980//1983 2981//1983
f 2912//1983 2981//1983 2911//1983
f 2963//1984 2964//1984 2928//1984
f 2963//1984 2928//1984 2927//1984
f 2961//1985 2964//1985 2963//1985
f 2961//1985 2963//1985 2962//1985
f 2970//1986 2971//1986 2968//1986
f 2970//1987 2968//1987 2969//1987
f 2965//1988 2966//1988 2967//1988
f 2921//1989 2922//1989 2920//1989
f 2921//1989 2920//1989 2919//1989
f 2919//1990 2920//1990 2916//1990
f 2919//1990 2916//1990 2915//1990
f 2925//1991 2926//1991 2924//1991
f 2925//1991 2924//1991 2923//1991
f 2923//1992 2924//1992 2921//1992
f 2923//1989 2921//1989 2919//1989
f 2908//1993 2912//1993 2911//1993
f 2908//1993 2911//1993 2909//1993
f 2909//1994 2910//1994 2907//1994
f 2909//1994 2907//1994 2908//1994
f 2917//1995 2918//1995 2914//1995
f 2917//1995 2914//1995 2913//1995
f 2915//1996 2916//1996 2913//1996
f 2915//1996 2913//1996 2914//1996
f 2927//1997 2928//1997 2926//1997
f 2927//1998 2926//1998 2925//1998
f 2941//1999 2942//1999 2939//1999
f 2941//1999 2939//1999 2940//1999
f 2935//2000 2937//2000 2938//2000
f 2935//2000 2938//2000 2936//2000
f 2945//2001 2946//2001 2943//2001
f 2945//2002 2943//2002 2944//2002
f 2941//2003 2944//2003 2943//2003
f 2941//2003 2943//2003 2942//2003
f 2932//2004 2933//2004 2931//2004
f 2932//2005 2931//2005 2929//2005
f 2910//2006 2930//2006 2929//2006
f 2910//2007 2929//2007 2907//2007
f 2933//2008 2935//2008 2936//2008
f 2933//2008 2936//2008 2931//2008
f 2934//2005 2932//2005 2929//2005
f 2934//2004 2929//2004 2930//2004
o Turret_01_havok_s_armor_25_21
v 0.397207 2.322013 -1.704421
v -0.396066 2.322013 -1.704421
v -0.385474 2.285220 -1.759270
v -0.186882 2.285220 -1.759270
v -0.745797 2.505755 -0.951290
v -0.753386 2.478402 -0.972268
v -0.708860 2.478404 -0.972256
v -0.708860 2.505716 -0.951299
v 0.191690 2.285220 -1.759270
v 0.390281 2.285220 -1.759270
v 0.759563 2.478404 -0.971819
v 0.754697 2.505760 -0.950837
v 0.711568 2.478404 -0.971833
v 0.711568 2.505716 -0.950876
vn -0.0002 -0.6086 0.7934
vn -0.0001 -0.6088 0.7934
vn -0.0000 -0.8305 0.5571
vn -0.0005 -0.6088 0.7934
vn -0.0002 -0.6085 0.7935
s 0
f 2992//2009 2993//2009 2994//2009
f 2993//2010 2995//2010 2994//2010
f 2990//2011 2991//2011 2982//2011
f 2990//2011 2982//2011 2985//2011
f 2984//2011 2985//2011 2982//2011
f 2984//2011 2982//2011 2983//2011
f 2988//2012 2989//2012 2986//2012
f 2988//2013 2986//2013 2987//2013
o Turret_01_havok_s_armor_21_22
v -0.494379 2.199578 -1.637419
v -0.518166 2.059247 -1.686960
v -0.435041 2.092478 -1.792362
v -0.420178 2.222561 -1.747657
v -0.386367 2.234167 -1.804246
v -0.400866 2.107238 -1.848098
v -0.388552 2.175161 -1.833050
v -0.596482 2.172598 -1.497759
v -0.620293 2.027991 -1.569315
v -0.677702 2.156751 -1.396329
v -0.788705 2.004388 -1.384918
v -0.702527 2.008295 -1.480032
v 0.484676 2.210130 -1.650986
v 0.389871 2.234167 -1.804246
v 0.485015 2.083035 -1.727318
v 0.589394 2.174497 -1.511779
v 0.541935 2.042134 -1.666207
v 0.663444 2.001437 -1.537004
v 0.673040 2.152459 -1.410073
v 0.676252 1.997230 -1.522047
v 0.393779 2.175162 -1.833050
v 0.413628 2.107238 -1.848098
v 0.840262 1.981616 -1.345033
vn -0.7492 -0.3976 0.5297
vn -0.7490 -0.3977 0.5299
vn -0.7283 -0.3934 0.5610
vn -0.8345 -0.2854 0.4714
vn -0.6780 -0.4392 0.5894
vn -0.8380 -0.3395 0.4272
vn -0.7950 -0.3178 0.5167
vn -0.7905 -0.3169 0.5241
vn 0.8529 -0.2555 0.4553
vn 0.8524 -0.2545 0.4567
vn 0.8523 -0.2544 0.4570
vn 0.8245 -0.2659 0.4995
vn 0.7905 -0.3186 0.5230
vn 0.7163 -0.4007 0.5713
vn 0.7178 -0.4856 0.4989
vn 0.6929 -0.3811 0.6121
vn 0.7936 -0.3177 0.5188
vn 0.7440 -0.3907 0.5420
s 0
f 3013//2014 3015//2014 3014//2014
f 3013//2015 3014//2015 3011//2015
f 3011//2016 3012//2016 3013//2016
f 3008//2017 3009//2017 3010//2017
f 3014//2018 3015//2018 3018//2018
f 3016//2019 3017//2019 3010//2019
f 3016//2017 3010//2017 3009//2017
f 3012//2020 3011//2020 3008//2020
f 3012//2021 3008//2021 3010//2021
f 2998//2022 3001//2022 3002//2022
f 2998//2023 3002//2023 3000//2023
f 2999//2024 2998//2024 3000//2024
f 2998//2025 2999//2025 2996//2025
f 2998//2026 2996//2026 2997//2026
f 3004//2027 3003//2027 3007//2027
f 3003//2028 3005//2028 3006//2028
f 3003//2029 3006//2029 3007//2029
f 2997//2030 2996//2030 3003//2030
f 2997//2031 3003//2031 3004//2031
o Turret_01_havok_s_armor_27_23
v 0.955432 1.855408 -1.186211
v 0.951646 1.963716 -1.206323
v 0.874554 1.984985 -1.303600
v -0.787409 1.851888 -1.382683
v -0.794874 1.956857 -1.390692
v -0.939327 1.950389 -1.212691
v -0.932015 1.851462 -1.211284
v -0.788705 2.004388 -1.384918
v -0.931418 2.005806 -1.205832
v 0.840262 1.981616 -1.345033
v 0.804681 1.856361 -1.370680
vn 0.7678 -0.1855 0.6133
vn 0.7677 -0.1745 0.6166
vn -0.7710 0.0899 0.6305
vn -0.7708 0.0902 0.6306
vn 0.7626 0.0655 0.6435
vn 0.7705 0.1028 0.6291
s 0
f 3026//2032 3027//2032 3024//2032
f 3026//2033 3024//2033 3023//2033
f 3028//2034 3029//2034 3019//2034
f 3028//2035 3019//2035 3021//2035
f 3019//2035 3020//2035 3021//2035
f 3024//2036 3025//2036 3022//2036
f 3024//2037 3022//2037 3023//2037
o Turret_01_havok_s_armor_28_24
v 0.760588 2.458720 -0.996061
v 0.753219 2.444273 -1.030940
v 1.030574 1.983429 -1.065258
v 0.759563 2.478404 -0.971819
v 1.081634 1.854059 -0.898710
v 1.120449 1.965949 -0.850324
v 1.078634 1.969607 -0.970199
v 1.058514 1.856080 -0.983030
v -0.753386 2.478402 -0.972268
v -0.708861 2.650018 -0.833999
v -1.036591 2.003895 -1.011160
v -0.753962 2.457447 -0.999581
v -0.745797 2.505755 -0.951290
v 0.767478 2.522365 -0.896226
vn 0.7864 -0.4983 0.3652
vn -0.7828 -0.4988 0.3721
vn 0.7855 -0.4988 0.3662
vn 0.7855 -0.4989 0.3662
vn -0.7828 -0.4988 0.3720
vn -0.7828 -0.4988 0.3719
vn -0.9542 0.1392 0.2650
vn -0.9272 0.1794 0.3289
s 0
f 3038//2038 3042//2038 3039//2038
f 3043//2039 3033//2039 3032//2039
f 3038//2040 3039//2040 3040//2040
f 3038//2041 3040//2041 3041//2041
f 3030//2042 3031//2042 3032//2042
f 3030//2043 3032//2043 3033//2043
f 3036//2044 3037//2044 3034//2044
f 3036//2045 3034//2045 3035//2045
o Turret_01_havok_s_armor_29_25
v 1.120449 1.965949 -0.850324
v 1.081634 1.854059 -0.898710
v 1.117439 1.851908 -0.730528
v 1.145768 1.961989 -0.727587
v -1.102066 2.005926 -0.804073
v -1.036591 2.003895 -1.011160
v -0.708862 2.650018 -0.833999
v -0.708862 2.694555 -0.745066
vn 0.8318 -0.4963 0.2485
vn 0.8281 -0.4931 0.2667
vn -0.9495 0.2389 0.2036
vn -0.9488 0.2404 0.2051
s 0
f 3050//2046 3051//2046 3048//2046
f 3050//2047 3048//2047 3049//2047
f 3046//2048 3047//2048 3044//2048
f 3046//2049 3044//2049 3045//2049
o Turret_01_havok_s_armor_30_26
v -0.939327 1.950389 -1.212691
v -1.046243 1.955299 -1.015907
v -1.040166 1.850884 -1.011228
v -0.932015 1.851462 -1.211284
v 0.988513 1.854670 -1.119524
v 1.058514 1.856080 -0.983030
v 1.030574 1.983429 -1.065258
v 0.994170 1.971922 -1.132732
v 1.078633 1.969607 -0.970199
v 0.874555 1.984985 -1.303600
v 0.753218 2.444273 -1.030939
v 0.711569 2.302670 -1.232794
v -0.931418 2.005806 -1.205832
v -1.036591 2.003895 -1.011160
vn -0.7275 -0.4821 0.4883
vn 0.8599 -0.2160 0.4625
vn 0.8622 -0.1816 0.4730
vn -0.8814 0.1041 0.4607
vn 0.8773 0.0716 0.4745
vn 0.8771 0.0723 0.4748
vn -0.8828 0.0944 0.4602
vn -0.8859 0.0983 0.4533
s 0
f 3061//2050 3062//2050 3063//2050
f 3064//2051 3065//2051 3053//2051
f 3064//2052 3053//2052 3052//2052
f 3060//2053 3058//2053 3057//2053
f 3054//2054 3055//2054 3052//2054
f 3054//2055 3052//2055 3053//2055
f 3058//2056 3059//2056 3056//2056
f 3058//2057 3056//2057 3057//2057
o Turret_01_havok_s_armor_9_27
v 0.744560 2.814972 -0.341368
v 0.727048 2.852281 -0.321199
v 0.654075 2.852281 -0.371581
v 0.666674 2.814972 -0.395142
v 0.571721 2.852281 -0.404461
v 0.578775 2.814972 -0.430236
v 0.484116 2.852281 -0.418191
v 0.485271 2.814972 -0.444891
v 0.395652 2.852281 -0.412084
v 0.390850 2.814972 -0.438372
v 0.218005 2.814972 -0.364164
v 0.300247 2.814972 -0.411006
v 0.310764 2.852281 -0.386444
v 0.233711 2.852281 -0.342557
v 0.168355 2.852281 -0.282625
v 0.148249 2.814972 -0.300197
v 0.786980 2.852281 -0.255843
v 0.808527 2.814972 -0.271612
v 0.855368 2.814972 -0.189370
v 0.830866 2.852281 -0.178790
v 0.882735 2.814972 -0.098767
v 0.856506 2.852281 -0.093902
v 0.094475 2.814972 -0.222311
v 0.117973 2.852281 -0.209653
v 0.059381 2.814972 -0.134412
v 0.085093 2.852281 -0.127299
v 0.071363 2.852281 -0.039694
v 0.044726 2.814972 -0.040908
v 0.051245 2.814972 0.053513
v 0.077470 2.852281 0.048770
v 0.701535 2.852483 0.299165
v 0.717329 2.815189 0.320767
v 0.634640 2.815187 0.367863
v 0.624062 2.852481 0.343291
v 0.543544 2.815185 0.395379
v 0.538713 2.852480 0.369070
v 0.449768 2.852479 0.375211
v 0.448610 2.815184 0.401934
v 0.354596 2.815184 0.387199
v 0.361685 2.852479 0.361406
v 0.205514 2.852480 0.277691
v 0.278883 2.852479 0.328347
v 0.266220 2.815184 0.351914
v 0.187910 2.815185 0.297847
v 0.102613 2.852331 0.133871
v 0.146560 2.852331 0.211030
v 0.124986 2.815026 0.226697
v 0.078081 2.815026 0.144343
v 0.767249 2.852486 0.238903
v 0.787468 2.815192 0.256448
v 0.840619 2.815094 0.177637
v 0.817047 2.852394 0.165064
v 0.850018 2.852395 0.082478
v 0.875810 2.815095 0.089490
v 0.862614 2.852281 -0.005438
v 0.889254 2.814972 -0.004346
v 0.782589 2.517097 -0.863997
v 0.767477 2.522366 -0.896226
v 1.078633 1.969607 -0.970199
v 0.782591 2.539333 -0.827727
vn 0.3019 -0.5804 -0.7563
vn 0.7084 -0.5791 -0.4035
vn 0.7820 -0.5790 -0.2307
vn 0.4626 -0.5805 -0.6701
vn -0.2355 -0.5804 -0.7795
vn -0.2354 -0.5804 -0.7795
vn 0.1261 -0.5804 -0.8045
vn -0.0561 -0.5804 -0.8124
vn -0.8068 -0.5795 -0.1148
vn -0.8135 -0.4981 0.3001
vn -0.8116 -0.4981 0.3054
vn -0.8133 -0.5791 0.0562
vn -0.7566 -0.5799 -0.3021
vn 0.6110 -0.5797 -0.5391
vn -0.5503 -0.5806 -0.6001
vn -0.6756 -0.5803 -0.4549
vn -0.4030 -0.5805 -0.7076
vn 0.4032 -0.5798 0.7080
vn 0.2356 -0.5799 0.7799
vn 0.5507 -0.5797 0.6006
vn 0.0561 -0.5799 0.8128
vn 0.0561 -0.5799 0.8127
vn -0.4629 -0.5798 0.6705
vn -0.3021 -0.5799 0.7566
vn -0.1261 -0.5799 0.8049
vn 0.7570 -0.5793 0.3022
vn 0.8054 -0.5791 0.1262
vn 0.8134 -0.5789 -0.0562
vn 0.6707 -0.5795 0.4630
vn -0.7082 -0.5795 0.4033
vn -0.7803 -0.5793 0.2357
vn -0.6006 -0.5796 0.5507
s 0
f 3108//2058 3107//2058 3105//2058
f 3108//2058 3105//2058 3104//2058
f 3112//2059 3113//2059 3110//2059
f 3112//2059 3110//2059 3111//2059
f 3110//2060 3113//2060 3094//2060
f 3110//2060 3094//2060 3095//2060
f 3108//2061 3109//2061 3106//2061
f 3108//2061 3106//2061 3107//2061
f 3100//2062 3101//2062 3099//2062
f 3100//2063 3099//2063 3098//2063
f 3104//2064 3105//2064 3102//2064
f 3104//2064 3102//2064 3103//2064
f 3103//2065 3102//2065 3101//2065
f 3103//2065 3101//2065 3100//2065
f 3118//2066 3120//2066 3121//2066
f 3118//2066 3121//2066 3119//2066
f 3122//2067 3123//2067 3124//2067
f 3122//2068 3124//2068 3125//2068
f 3121//2069 3120//2069 3087//2069
f 3121//2069 3087//2069 3086//2069
f 3118//2070 3119//2070 3116//2070
f 3118//2070 3116//2070 3117//2070
f 3112//2071 3111//2071 3106//2071
f 3112//2071 3106//2071 3109//2071
f 3114//2072 3115//2072 3097//2072
f 3114//2072 3097//2072 3096//2072
f 3114//2073 3117//2073 3116//2073
f 3114//2073 3116//2073 3115//2073
f 3098//2074 3099//2074 3096//2074
f 3098//2074 3096//2074 3097//2074
f 3078//2075 3079//2075 3076//2075
f 3078//2075 3076//2075 3077//2075
f 3078//2076 3077//2076 3075//2076
f 3078//2076 3075//2076 3074//2076
f 3079//2077 3080//2077 3081//2077
f 3079//2077 3081//2077 3076//2077
f 3074//2078 3075//2078 3073//2078
f 3074//2079 3073//2079 3072//2079
f 3068//2080 3069//2080 3066//2080
f 3068//2080 3066//2080 3067//2080
f 3070//2081 3071//2081 3069//2081
f 3070//2081 3069//2081 3068//2081
f 3072//2082 3073//2082 3071//2082
f 3072//2082 3071//2082 3070//2082
f 3089//2083 3091//2083 3090//2083
f 3089//2083 3090//2083 3088//2083
f 3091//2084 3092//2084 3093//2084
f 3091//2084 3093//2084 3090//2084
f 3092//2085 3095//2085 3094//2085
f 3092//2085 3094//2085 3093//2085
f 3080//2086 3089//2086 3088//2086
f 3080//2086 3088//2086 3081//2086
f 3084//2087 3085//2087 3082//2087
f 3084//2087 3082//2087 3083//2087
f 3086//2088 3087//2088 3085//2088
f 3086//2088 3085//2088 3084//2088
f 3083//2089 3082//2089 3067//2089
f 3083//2089 3067//2089 3066//2089
o Turret_01_havok_s_armor_10_28
v 1.145768 1.961989 -0.727587
v 0.782591 2.579036 -0.731844
v 1.120448 1.965949 -0.850324
v 0.885183 2.603657 -0.101296
v 0.852954 2.605223 -0.200454
v 0.847741 2.409580 -0.233912
vn -0.9508 -0.0274 0.3086
vn -0.8513 -0.4999 0.1595
s 0
f 3129//2090 3130//2090 3131//2090
f 3126//2091 3127//2091 3128//2091
o Turret_01_havok_s_armor_31_29
v -0.830373 2.507288 -1.136824
v -0.830373 2.538868 -1.156719
v -0.830346 2.488411 -1.114240
v -0.830373 2.604851 -1.156719
v -0.830373 2.571859 -1.162455
v -0.830346 2.476943 -1.082873
v -0.852639 2.486205 -1.081081
v -0.852639 2.496526 -1.109580
v -0.852639 2.486205 -1.050969
v -0.852667 2.513639 -1.129833
v -0.870649 2.520343 -1.109221
v -0.870649 2.504642 -1.066025
v -0.870621 2.520343 -1.022828
v -0.852612 2.496526 -1.022649
v -0.886175 2.533575 -1.052044
v -0.886175 2.551482 -1.030715
v -0.886202 2.533575 -1.080005
v -0.870649 2.560215 -1.132343
v -0.870649 2.605468 -1.124277
v -0.886202 2.578916 -1.106174
v -0.886202 2.551482 -1.101335
v -0.886202 2.603086 -1.092193
v -0.886175 2.603086 -1.039856
v -0.852667 2.571859 -1.152955
v -0.852667 2.601587 -1.147757
v -0.852667 2.542132 -1.147757
v -0.830346 2.655308 -1.114240
v -0.830373 2.633784 -1.139871
v -0.852639 2.657513 -1.081081
v -0.852639 2.647192 -1.109580
v -0.852639 2.657513 -1.050969
v -0.870621 2.635019 -1.043082
v -0.870649 2.635019 -1.089146
v -0.886202 2.612613 -1.066025
v -0.852667 2.627786 -1.132701
v -0.870621 2.605468 -1.007772
v -0.852612 2.601587 -0.984292
v -0.852612 2.571859 -0.979094
v -0.870621 2.560215 -0.999886
v -0.852612 2.542132 -0.984292
v -0.852612 2.515933 -0.999527
v -0.886175 2.578916 -1.025875
v -0.852612 2.647192 -1.022649
v -0.852612 2.627786 -0.999527
v 0.833682 2.571910 -0.969151
v 0.833682 2.604834 -0.974993
v 0.833682 2.538894 -0.974993
v 0.833682 2.633862 -0.991763
v 0.833682 2.509866 -0.991763
v 0.833709 2.488350 -1.017391
v 0.833709 2.655378 -1.017391
v 0.833709 2.666785 -1.048860
v 0.833709 2.666785 -1.082213
v 0.833737 2.655378 -1.113682
v 0.833737 2.604834 -1.156080
v 0.833737 2.571910 -1.161922
v 0.833737 2.538894 -1.156080
v 0.833737 2.507270 -1.136294
v 0.856043 2.571910 -1.152500
v 0.856016 2.601588 -1.147224
v 0.856016 2.542140 -1.147224
v 0.856016 2.513576 -1.129322
v 0.874036 2.560225 -1.131772
v 0.874036 2.605483 -1.123669
v 0.874009 2.520346 -1.108783
v 0.889572 2.533608 -1.079386
v 0.889572 2.551507 -1.100868
v 0.874009 2.504580 -1.065442
v 0.889545 2.533608 -1.051498
v 0.874009 2.520346 -1.022290
v 0.889545 2.551507 -1.030204
v 0.873982 2.560225 -0.999301
v 0.889545 2.578959 -1.025494
v 0.889572 2.603072 -1.091635
v 0.889572 2.578959 -1.105579
v 0.833737 2.488350 -1.113682
v 0.833709 2.476943 -1.082213
v 0.833709 2.476943 -1.048860
v 0.856016 2.486217 -1.080705
v 0.856016 2.496511 -1.108971
v 0.855989 2.486217 -1.050367
v 0.855989 2.496511 -1.022102
v 0.833737 2.633862 -1.139309
v 0.856016 2.627741 -1.132149
v 0.856016 2.647217 -1.108971
v 0.856016 2.657511 -1.080705
v 0.855989 2.657511 -1.050367
v 0.874009 2.635067 -1.088431
v 0.874009 2.635067 -1.042453
v 0.855989 2.647217 -1.022102
v 0.855989 2.627741 -0.998924
v 0.855989 2.601588 -0.983849
v 0.873982 2.605483 -1.007215
v 0.889572 2.612624 -1.065442
v 0.889545 2.603072 -1.039249
v 0.855989 2.571910 -0.978573
v 0.855989 2.515987 -0.998924
v 0.855989 2.542140 -0.983849
v -0.708860 2.507301 -1.136831
v -0.708860 2.538899 -1.156676
v -0.708860 2.488392 -1.114296
v -0.708860 2.604830 -1.156676
v -0.708860 2.571864 -1.162488
v -0.708860 2.476943 -1.082841
v -0.830336 2.476943 -1.049332
v -0.708860 2.476943 -1.049366
v -0.708860 2.655336 -1.114296
v -0.708860 2.633819 -1.139939
v -0.830346 2.666785 -1.082807
v -0.708860 2.666785 -1.082841
v -0.830336 2.666785 -1.049332
v -0.830327 2.488392 -1.017877
v -0.830319 2.509909 -0.992234
v -0.830314 2.538898 -0.975497
v -0.830312 2.571864 -0.969684
v -0.830327 2.655336 -1.017877
v -0.830319 2.633819 -0.992234
v -0.830314 2.604830 -0.975497
v 0.711525 2.571864 -0.969185
v 0.711510 2.604830 -0.974998
v 0.711538 2.538898 -0.974998
v 0.711496 2.633819 -0.991736
v 0.711547 2.509909 -0.991736
v 0.711552 2.488392 -1.017379
v 0.711496 2.655336 -1.017379
v 0.711507 2.666785 -1.048834
v 0.711519 2.666785 -1.082309
v 0.711532 2.655336 -1.113764
v -0.708861 2.571864 -0.969717
v -0.708860 2.538898 -0.975530
v -0.708861 2.604830 -0.975530
v -0.708860 2.509909 -0.992268
v -0.708860 2.488392 -1.017911
v -0.708861 2.633819 -0.992268
v -0.708860 2.655336 -1.017911
v -0.708860 2.666785 -1.049366
v 0.711553 2.604830 -1.156144
v 0.711558 2.571864 -1.161956
v 0.711558 2.538899 -1.156144
v 0.711553 2.507301 -1.136299
v 0.711546 2.488392 -1.113764
v 0.711547 2.476943 -1.082309
v 0.711552 2.476943 -1.048834
v 0.711544 2.633819 -1.139407
vn 0.7156 -0.3480 0.6056
vn 0.7814 -0.4784 0.4006
vn 0.7803 -0.4786 0.4026
vn 0.3816 -0.4605 0.8014
vn 0.3881 -0.4638 0.7964
vn 0.7805 -0.1073 -0.6159
vn 0.7802 -0.1077 -0.6162
vn 0.8213 -0.0979 -0.5620
vn 0.8802 0.0825 -0.4674
vn 0.7793 0.3125 -0.5432
vn 0.7139 0.5364 -0.4502
vn 0.7817 0.3135 -0.5392
vn 0.7161 0.1202 -0.6876
vn 0.7147 -0.6576 0.2382
vn 0.7810 -0.6245 -0.0005
vn 0.7806 -0.6250 -0.0000
vn 0.3839 -0.9234 -0.0001
vn 0.3840 -0.9233 -0.0000
vn 0.8810 -0.4446 0.1618
vn 0.8223 -0.4355 0.3663
vn 0.3819 -0.7081 0.5939
vn 0.3816 -0.7080 0.5942
vn 1.0000 0.0014 -0.0005
vn 0.8212 -0.5706 -0.0005
vn 0.8804 -0.4453 -0.1630
vn 0.7156 -0.6561 -0.2398
vn 0.3839 -0.8677 -0.3159
vn 0.3846 -0.8671 -0.3164
vn 0.7802 -0.4792 -0.4022
vn 0.7794 -0.4804 -0.4021
vn 0.3853 -0.7068 -0.5932
vn 0.3854 -0.7068 -0.5932
vn 0.3823 -0.1604 -0.9100
vn 0.3839 -0.1590 -0.9096
vn 0.7136 -0.3521 -0.6056
vn 0.3862 -0.4612 -0.7989
vn 0.3826 -0.4645 -0.7987
vn 0.3851 0.7069 -0.5933
vn 1.0000 -0.0000 -0.0000
vn 0.8210 0.2847 -0.4949
vn 0.3843 0.8675 -0.3159
vn 0.3835 0.8676 -0.3166
vn 0.8810 -0.2369 -0.4095
vn 0.8216 -0.4371 -0.3659
vn 0.3837 0.1603 -0.9094
vn 0.3821 0.1592 -0.9103
vn 0.3826 0.4619 -0.8002
vn 0.3862 0.4637 -0.7974
vn 0.3852 -0.8677 0.3142
vn 0.3822 -0.8680 0.3169
vn 0.7808 0.5872 0.2134
vn 0.7154 0.5342 0.4504
vn 0.3872 0.7045 0.5947
vn 0.3820 0.7093 0.5924
vn 0.3835 0.9235 -0.0001
vn 0.3837 0.9235 -0.0000
vn 0.7153 0.6988 -0.0000
vn 0.7802 0.5882 0.2130
vn 0.8810 0.4732 -0.0009
vn 0.8216 0.5358 0.1947
vn 0.8807 0.3628 -0.3046
vn 0.8218 0.5353 -0.1951
vn 0.7798 0.5880 -0.2150
vn 0.7804 0.5875 -0.2141
vn 0.0003 -0.1736 0.9848
vn -0.0004 -0.1713 0.9852
vn 0.0004 0.7660 0.6428
vn -0.0000 0.7673 0.6413
vn -0.0000 0.5319 0.8468
vn -0.0004 0.5330 0.8461
vn -0.0004 0.1736 0.9848
vn 0.0003 0.1713 0.9852
vn 0.3821 0.8689 0.3147
vn 0.3855 0.8666 0.3168
vn -0.0000 1.0000 -0.0000
vn 0.0003 0.9397 0.3420
vn -0.0001 0.9392 0.3434
vn 0.3870 0.1588 0.9083
vn 0.3881 0.1579 0.9080
vn 0.3882 -0.1587 0.9078
vn 0.3871 -0.1579 0.9084
vn 0.7799 0.3140 0.5415
vn 0.7598 0.3462 0.5503
vn 0.3850 0.4914 0.7812
vn 0.3858 0.4918 0.7806
vn -0.0004 -0.5000 0.8660
vn 0.0006 -0.5032 0.8642
vn 0.0001 -0.9397 0.3420
vn 0.0004 -0.9393 0.3430
vn 0.0006 -0.7660 0.6428
vn 0.0005 -0.7658 0.6431
vn 0.8219 0.2857 0.4927
vn 0.8807 0.3628 0.3046
vn 0.8810 -0.2369 0.4095
vn 0.8814 0.0821 0.4652
vn 0.8224 -0.0998 0.5601
vn 1.0000 -0.0003 -0.0002
vn 1.0000 0.0002 -0.0010
vn 0.7132 0.1207 0.6904
vn 0.7786 -0.1081 0.6182
vn 0.7803 -0.1097 0.6157
vn 1.0000 0.0003 -0.0005
vn 1.0000 -0.0001 -0.0004
vn -0.3838 -0.4611 0.8000
vn -0.3849 -0.4617 0.7992
vn -0.7156 -0.3488 0.6052
vn -0.0002 -0.7660 0.6428
vn -0.0002 -0.7659 0.6430
vn -0.0005 -0.5000 0.8660
vn -0.0004 -0.5003 0.8659
vn -0.3845 -0.7068 0.5939
vn -0.3849 -0.7069 0.5935
vn -0.7798 -0.6261 -0.0000
vn -0.7803 -0.6254 -0.0007
vn -0.7158 -0.6561 0.2390
vn -0.3823 -0.8682 0.3162
vn -0.3844 -0.8680 0.3143
vn -0.3839 -0.9234 -0.0003
vn -0.3843 -0.9232 -0.0000
vn -0.3845 0.8674 0.3159
vn -0.3825 0.8688 0.3146
vn -0.3839 0.9234 -0.0003
vn -0.3843 0.9232 -0.0000
vn -0.0001 0.9397 -0.3420
vn 0.0003 0.9401 -0.3408
vn -0.3827 0.8681 -0.3162
vn -0.3844 0.8679 -0.3146
vn -0.7140 0.7001 -0.0006
vn -0.7807 0.5872 0.2139
vn -0.7800 0.5880 -0.2142
vn -0.7795 0.5884 -0.2150
vn -0.3846 0.7080 0.5923
vn -0.3856 0.7070 0.5928
vn -0.7805 0.5875 0.2137
vn -0.7147 0.5360 0.4494
vn -0.7811 -0.4785 0.4012
vn -0.7805 -0.4786 0.4022
vn -0.7799 0.3126 -0.5423
vn -0.7144 0.1221 -0.6890
vn -0.7795 0.3124 -0.5429
vn -0.7139 0.5361 -0.4505
vn -0.7792 -0.4797 -0.4033
vn -0.7791 -0.4800 -0.4033
vn -0.7786 -0.1098 -0.6179
vn -0.7801 -0.1078 -0.6164
vn -0.8233 -0.0978 -0.5591
vn -0.8810 0.0800 -0.4662
vn -0.3844 0.1611 -0.9090
vn -0.3840 0.1609 -0.9092
vn -0.3840 -0.1616 -0.9091
vn -0.3844 -0.1613 -0.9090
vn -0.3845 0.7068 -0.5939
vn -0.3845 0.7068 -0.5938
vn -0.3834 0.4612 -0.8002
vn -0.3845 0.4618 -0.7993
vn -0.3846 -0.7067 -0.5938
vn -0.3845 -0.7068 -0.5938
vn -0.3846 -0.4610 -0.7997
vn -0.3835 -0.4620 -0.7997
vn -0.3845 -0.8674 -0.3159
vn -0.3828 -0.8685 -0.3148
vn -0.7141 -0.6578 -0.2396
vn -0.7130 -0.3501 -0.6074
vn -1.0000 -0.0008 -0.0013
vn -1.0000 0.0006 -0.0002
vn -0.8220 -0.4358 -0.3665
vn -0.8813 -0.2342 -0.4105
vn -0.8809 -0.4447 0.1622
vn -0.8220 -0.4365 0.3658
vn -0.8810 -0.4441 -0.1629
vn -0.8218 -0.5698 -0.0000
vn 0.0002 0.7660 0.6428
vn -0.0002 0.7670 0.6417
vn -0.0002 0.5000 -0.8660
vn -0.0002 0.7660 -0.6428
vn -0.0003 0.1736 -0.9848
vn -0.0003 -0.1737 -0.9848
vn -0.0001 -0.9397 -0.3420
vn -0.0000 -1.0000 -0.0000
vn -0.0002 -0.7660 -0.6428
vn -0.0002 -0.5000 -0.8660
vn 0.0001 -0.5000 -0.8660
vn -0.0000 -0.5003 -0.8659
vn 0.0002 0.7660 -0.6428
vn 0.0001 0.7659 -0.6430
vn 0.0003 -0.1737 -0.9848
vn -0.0000 -0.1747 -0.9846
vn -0.0000 0.1736 -0.9848
vn 0.0002 0.1742 -0.9847
vn -0.0000 0.5000 -0.8660
vn 0.0001 0.5003 -0.8659
vn -0.0003 -0.9397 0.3420
vn 0.0001 -0.9401 0.3408
vn 0.0001 -0.7660 -0.6428
vn 0.0002 -0.7659 -0.6430
vn 0.0003 -0.9397 -0.3420
vn -0.0001 -0.9401 -0.3408
vn -0.0005 -0.1736 0.9848
vn -0.0002 -0.1747 0.9846
vn -0.7795 0.3132 0.5425
vn -0.7594 0.3455 0.5513
vn -1.0000 0.0002 -0.0003
vn -1.0000 -0.0001 -0.0003
vn -0.8811 0.3620 -0.3043
vn -0.8227 0.5340 -0.1951
vn -0.8217 0.2842 -0.4940
vn -1.0000 0.0006 -0.0010
vn -1.0000 -0.0003 -0.0003
vn -0.8811 -0.2368 0.4095
vn 0.0001 0.9397 0.3420
vn -0.0003 0.9401 0.3408
vn -1.0000 -0.0000 -0.0000
vn -0.8814 0.0799 0.4656
vn -0.8227 -0.1002 0.5596
vn -0.3848 -0.1619 0.9087
vn -0.3840 -0.1613 0.9091
vn -0.3840 0.1615 0.9091
vn -0.3847 0.1608 0.9089
vn -0.0003 0.1736 0.9848
vn -0.0005 0.1742 0.9847
vn -0.0004 0.5319 0.8468
vn 0.0001 0.5304 0.8478
vn -0.3837 0.4904 0.7825
vn -0.3827 0.4900 0.7832
vn -0.8812 0.3632 0.3026
vn -0.8217 0.2851 0.4935
vn -0.8815 0.4722 -0.0009
vn -0.8226 0.5344 0.1944
vn -0.7805 -0.1102 0.6153
vn -0.7805 -0.1101 0.6154
vn -0.7142 0.1228 0.6891
s 0
f 3156//2092 3166//2092 3150//2092
f 3150//2093 3166//2093 3161//2093
f 3150//2094 3161//2094 3164//2094
f 3159//2095 3166//2095 3156//2095
f 3159//2096 3156//2096 3135//2096
f 3169//2097 3170//2097 3167//2097
f 3169//2098 3167//2098 3168//2098
f 3173//2099 3167//2099 3170//2099
f 3173//2100 3170//2100 3147//2100
f 3144//2101 3170//2101 3172//2101
f 3144//2102 3172//2102 3145//2102
f 3171//2103 3172//2103 3170//2103
f 3171//2104 3170//2104 3169//2104
f 3161//2105 3160//2105 3164//2105
f 3162//2106 3163//2106 3164//2106
f 3162//2107 3164//2107 3160//2107
f 3240//2108 3242//2108 3162//2108
f 3240//2109 3162//2109 3160//2109
f 3164//2110 3165//2110 3153//2110
f 3164//2111 3153//2111 3150//2111
f 3158//2112 3161//2112 3166//2112
f 3158//2113 3166//2113 3159//2113
f 3165//2114 3154//2114 3153//2114
f 3165//2115 3164//2115 3163//2115
f 3165//2116 3163//2116 3154//2116
f 3162//2117 3174//2117 3163//2117
f 3162//2118 3242//2118 3247//2118
f 3162//2119 3247//2119 3174//2119
f 3163//2120 3174//2120 3175//2120
f 3163//2121 3175//2121 3167//2121
f 3174//2122 3247//2122 3248//2122
f 3174//2123 3248//2123 3175//2123
f 3168//2124 3249//2124 3246//2124
f 3168//2125 3246//2125 3169//2125
f 3175//2126 3168//2126 3167//2126
f 3175//2127 3248//2127 3249//2127
f 3175//2128 3249//2128 3168//2128
f 3172//2129 3244//2129 3243//2129
f 3172//2129 3243//2129 3145//2129
f 3154//2130 3173//2130 3147//2130
f 3154//2130 3147//2130 3146//2130
f 3170//2131 3144//2131 3147//2131
f 3145//2132 3243//2132 3236//2132
f 3145//2133 3236//2133 3140//2133
f 3167//2134 3173//2134 3154//2134
f 3167//2135 3154//2135 3163//2135
f 3169//2136 3246//2136 3245//2136
f 3169//2137 3245//2137 3171//2137
f 3171//2138 3245//2138 3244//2138
f 3171//2139 3244//2139 3172//2139
f 3240//2140 3160//2140 3161//2140
f 3240//2141 3161//2141 3158//2141
f 3142//2142 3143//2142 3139//2142
f 3142//2143 3139//2143 3141//2143
f 3132//2144 3141//2144 3139//2144
f 3132//2145 3139//2145 3134//2145
f 3140//2146 3236//2146 3137//2146
f 3140//2147 3137//2147 3138//2147
f 3143//2148 3140//2148 3138//2148
f 3143//2149 3138//2149 3139//2149
f 3148//2150 3146//2150 3143//2150
f 3148//2151 3143//2151 3142//2151
f 3146//2152 3147//2152 3144//2152
f 3146//2153 3144//2153 3143//2153
f 3144//2154 3145//2154 3140//2154
f 3144//2155 3140//2155 3143//2155
f 3136//2156 3234//2156 3233//2156
f 3136//2157 3233//2157 3135//2157
f 3134//2158 3232//2158 3230//2158
f 3134//2159 3230//2159 3132//2159
f 3132//2160 3230//2160 3231//2160
f 3132//2161 3231//2161 3133//2161
f 3133//2162 3231//2162 3234//2162
f 3133//2163 3234//2163 3136//2163
f 3134//2164 3139//2164 3138//2164
f 3134//2165 3138//2165 3137//2165
f 3236//2166 3237//2166 3235//2166
f 3236//2166 3235//2166 3137//2166
f 3235//2167 3232//2167 3134//2167
f 3235//2168 3134//2168 3137//2168
f 3136//2169 3155//2169 3157//2169
f 3136//2170 3157//2170 3133//2170
f 3135//2171 3156//2171 3155//2171
f 3135//2172 3155//2172 3136//2172
f 3157//2173 3149//2173 3142//2173
f 3157//2174 3142//2174 3141//2174
f 3157//2175 3141//2175 3132//2175
f 3157//2176 3132//2176 3133//2176
f 3135//2177 3233//2177 3239//2177
f 3135//2178 3239//2178 3159//2178
f 3238//2179 3241//2179 3240//2179
f 3238//2180 3240//2180 3158//2180
f 3159//2181 3239//2181 3238//2181
f 3159//2182 3238//2182 3158//2182
f 3142//2183 3149//2183 3152//2183
f 3142//2184 3152//2184 3148//2184
f 3150//2185 3153//2185 3151//2185
f 3151//2186 3152//2186 3149//2186
f 3151//2187 3149//2187 3150//2187
f 3148//2188 3152//2188 3154//2188
f 3148//2189 3154//2189 3146//2189
f 3157//2190 3155//2190 3149//2190
f 3149//2191 3155//2191 3156//2191
f 3149//2192 3156//2192 3150//2192
f 3151//2193 3153//2193 3154//2193
f 3151//2194 3154//2194 3152//2194
f 3191//2195 3215//2195 3214//2195
f 3191//2196 3214//2196 3186//2196
f 3191//2197 3195//2197 3215//2197
f 3185//2198 3259//2198 3275//2198
f 3185//2199 3275//2199 3214//2199
f 3214//2200 3275//2200 3268//2200
f 3214//2201 3268//2201 3186//2201
f 3215//2202 3216//2202 3185//2202
f 3215//2203 3185//2203 3214//2203
f 3219//2204 3220//2204 3218//2204
f 3219//2205 3218//2205 3217//2205
f 3216//2206 3219//2206 3217//2206
f 3216//2207 3217//2207 3184//2207
f 3216//2208 3184//2208 3185//2208
f 3184//2209 3217//2209 3218//2209
f 3184//2210 3218//2210 3183//2210
f 3210//2211 3211//2211 3207//2211
f 3210//2212 3207//2212 3208//2212
f 3212//2213 3210//2213 3208//2213
f 3212//2214 3208//2214 3209//2214
f 3209//2215 3274//2215 3255//2215
f 3209//2216 3255//2216 3181//2216
f 3208//2166 3273//2166 3274//2166
f 3208//2166 3274//2166 3209//2166
f 3213//2217 3212//2217 3209//2217
f 3213//2218 3209//2218 3181//2218
f 3210//2219 3212//2219 3199//2219
f 3210//2220 3199//2220 3211//2220
f 3212//2221 3213//2221 3201//2221
f 3212//2222 3201//2222 3199//2222
f 3189//2223 3207//2223 3211//2223
f 3189//2224 3211//2224 3193//2224
f 3211//2225 3199//2225 3196//2225
f 3211//2226 3196//2226 3193//2226
f 3195//2227 3219//2227 3216//2227
f 3195//2228 3216//2228 3215//2228
f 3203//2229 3228//2229 3229//2229
f 3203//2230 3229//2230 3227//2230
f 3228//2231 3203//2231 3201//2231
f 3228//2232 3201//2232 3213//2232
f 3220//2233 3224//2233 3222//2233
f 3220//2234 3222//2234 3221//2234
f 3227//2235 3223//2235 3224//2235
f 3227//2236 3224//2236 3203//2236
f 3203//2237 3224//2237 3204//2237
f 3203//2238 3204//2238 3202//2238
f 3227//2239 3229//2239 3178//2239
f 3227//2240 3178//2240 3176//2240
f 3223//2241 3227//2241 3176//2241
f 3223//2242 3176//2242 3177//2242
f 3228//2243 3213//2243 3181//2243
f 3228//2244 3181//2244 3180//2244
f 3229//2245 3228//2245 3180//2245
f 3229//2246 3180//2246 3178//2246
f 3221//2247 3222//2247 3179//2247
f 3221//2248 3179//2248 3182//2248
f 3222//2249 3223//2249 3177//2249
f 3222//2250 3177//2250 3179//2250
f 3218//2251 3221//2251 3182//2251
f 3218//2252 3182//2252 3183//2252
f 3218//2253 3220//2253 3221//2253
f 3222//2254 3224//2254 3223//2254
f 3204//2255 3226//2255 3225//2255
f 3204//2256 3225//2256 3205//2256
f 3224//2257 3220//2257 3226//2257
f 3224//2258 3226//2258 3204//2258
f 3205//2259 3225//2259 3219//2259
f 3205//2260 3219//2260 3195//2260
f 3225//2261 3226//2261 3220//2261
f 3225//2262 3220//2262 3219//2262
f 3189//2263 3271//2263 3272//2263
f 3189//2264 3272//2264 3207//2264
f 3263//2265 3244//2265 3245//2265
f 3263//2265 3245//2265 3261//2265
f 3264//2266 3243//2266 3244//2266
f 3264//2266 3244//2266 3263//2266
f 3261//2267 3245//2267 3246//2267
f 3261//2267 3246//2267 3260//2267
f 3249//2268 3262//2268 3260//2268
f 3249//2268 3260//2268 3246//2268
f 3237//2215 3236//2215 3243//2215
f 3237//2215 3243//2215 3264//2215
f 3242//2269 3267//2269 3266//2269
f 3242//2269 3266//2269 3247//2269
f 3240//2270 3241//2270 3267//2270
f 3240//2270 3267//2270 3242//2270
f 3247//2271 3266//2271 3265//2271
f 3247//2271 3265//2271 3248//2271
f 3249//2272 3248//2272 3265//2272
f 3249//2272 3265//2272 3262//2272
f 3177//2273 3251//2273 3253//2273
f 3177//2274 3253//2274 3179//2274
f 3181//2275 3255//2275 3254//2275
f 3181//2276 3254//2276 3180//2276
f 3176//2277 3250//2277 3251//2277
f 3176//2278 3251//2278 3177//2278
f 3178//2279 3252//2279 3250//2279
f 3178//2280 3250//2280 3176//2280
f 3180//2281 3254//2281 3252//2281
f 3180//2282 3252//2282 3178//2282
f 3184//2283 3258//2283 3259//2283
f 3184//2284 3259//2284 3185//2284
f 3183//2270 3257//2270 3258//2270
f 3183//2270 3258//2270 3184//2270
f 3179//2285 3253//2285 3256//2285
f 3179//2286 3256//2286 3182//2286
f 3182//2287 3256//2287 3257//2287
f 3182//2288 3257//2288 3183//2288
f 3186//2289 3268//2289 3269//2289
f 3186//2290 3269//2290 3187//2290
f 3196//2291 3194//2291 3192//2291
f 3196//2292 3192//2292 3193//2292
f 3204//2293 3205//2293 3206//2293
f 3204//2294 3206//2294 3198//2294
f 3201//2295 3202//2295 3200//2295
f 3201//2296 3200//2296 3199//2296
f 3201//2297 3203//2297 3202//2297
f 3197//2298 3200//2298 3204//2298
f 3197//2299 3204//2299 3198//2299
f 3195//2300 3206//2300 3205//2300
f 3207//2301 3272//2301 3273//2301
f 3207//2302 3273//2302 3208//2302
f 3202//2303 3204//2303 3200//2303
f 3194//2304 3198//2304 3206//2304
f 3194//2305 3206//2305 3195//2305
f 3190//2306 3191//2306 3186//2306
f 3190//2307 3186//2307 3187//2307
f 3192//2308 3190//2308 3187//2308
f 3192//2309 3187//2309 3188//2309
f 3187//2310 3269//2310 3270//2310
f 3187//2311 3270//2311 3188//2311
f 3188//2312 3270//2312 3271//2312
f 3188//2313 3271//2313 3189//2313
f 3189//2314 3193//2314 3192//2314
f 3189//2315 3192//2315 3188//2315
f 3196//2316 3197//2316 3198//2316
f 3196//2317 3198//2317 3194//2317
f 3199//2318 3200//2318 3197//2318
f 3199//2319 3197//2319 3196//2319
f 3194//2320 3195//2320 3191//2320
f 3194//2321 3191//2321 3190//2321
f 3192//2322 3194//2322 3190//2322
o Turret_01_havok_s_surveyingDevice_30
v 0.158852 2.940152 0.028161
v 0.194751 2.940152 -0.173641
v 0.181640 2.940152 -0.175329
v 0.146054 2.940152 0.026473
v 0.736669 2.940152 -0.171108
v 0.772256 2.940152 0.030694
v 0.749468 2.940152 -0.173641
v 0.785054 2.940152 0.028161
v 0.363944 2.940152 -0.313804
v 0.569037 2.940152 -0.313804
v 0.569037 2.940152 -0.326470
v 0.363944 2.940152 -0.326470
v 0.685474 2.830379 -0.767225
v 0.464461 2.830379 -0.767225
v 0.464461 2.856226 -0.792556
v 0.685474 2.856226 -0.792556
v 0.472890 2.862286 -0.833085
v 0.677045 2.862286 -0.833085
v 0.677045 2.862286 -0.798466
v 0.472890 2.862286 -0.798466
v 0.464461 2.853706 -0.833085
v 0.685474 2.853706 -0.833085
v 0.252814 2.875000 -0.163130
v 0.217144 2.875033 0.038724
v 0.181694 2.874979 -0.175689
v 0.146054 2.874994 0.026172
v 0.713964 2.875041 0.040943
v 0.678376 2.874996 -0.160925
v 0.749505 2.874977 -0.173450
v 0.785054 2.875024 0.028426
v 0.568993 2.874991 -0.254542
v 0.364011 2.874993 -0.254591
v 0.569010 2.874974 -0.326771
v 0.364028 2.874974 -0.326817
v 0.685558 2.720231 -0.833019
v 0.685538 2.720241 -0.766813
v 0.464399 2.720166 -0.833086
v 0.464379 2.720146 -0.766878
vn 0.7134 -0.7008 -0.0000
vn 0.6057 -0.7942 0.0494
vn -1.0000 -0.0006 -0.0003
vn -1.0000 -0.0005 -0.0000
vn -1.0000 -0.0006 -0.0006
vn -0.0000 -0.6999 -0.7142
vn -0.0000 -1.0000 -0.0000
vn -0.0000 -0.6982 -0.7159
vn 0.0005 0.0005 1.0000
vn 0.0003 -0.0037 -1.0000
vn -0.0000 -0.0031 -1.0000
vn 1.0000 -0.0007 0.0003
vn 1.0000 -0.0004 -0.0004
vn -0.0002 -0.0053 1.0000
vn -0.0000 -0.0046 1.0000
vn -0.7134 -0.7008 -0.0000
vn -0.6057 -0.7942 0.0494
vn 1.0000 -0.0005 -0.0000
vn -0.0003 -0.0000 1.0000
vn -0.0002 0.0002 1.0000
vn -0.0000 0.0005 1.0000
vn 0.1739 -0.0041 -0.9848
vn 0.1308 0.0046 -0.9914
vn 0.7290 -0.6723 -0.1284
vn 0.7287 -0.6726 -0.1285
vn -0.7284 -0.6729 -0.1286
vn -0.7297 -0.6713 -0.1298
vn -0.1739 0.0039 0.9848
vn -0.1277 -0.0056 0.9918
vn 0.9848 -0.0008 0.1739
vn 0.9848 -0.0002 0.1737
vn 0.1734 -0.0013 0.9848
vn 0.1942 0.0030 0.9810
vn 0.0002 -0.6725 -0.7401
vn -0.0000 -0.6728 -0.7398
vn -1.0000 0.0005 -0.0002
vn -1.0000 0.0004 -0.0000
vn 1.0000 0.0012 0.0002
vn 1.0000 0.0013 -0.0000
vn -0.9848 -0.0001 0.1734
vn -0.9848 0.0007 0.1737
vn -0.1734 0.0002 -0.9849
vn -0.1941 -0.0040 -0.9810
s 0
f 3296//2323 3292//2323 3295//2323
f 3296//2324 3295//2324 3290//2324
f 3297//2325 3310//2325 3311//2325
f 3297//2326 3311//2326 3291//2326
f 3291//2327 3311//2327 3288//2327
f 3290//2328 3291//2328 3288//2328
f 3290//2328 3288//2328 3289//2328
f 3294//2329 3295//2329 3292//2329
f 3294//2329 3292//2329 3293//2329
f 3295//2330 3294//2330 3291//2330
f 3295//2330 3291//2330 3290//2330
f 3293//2331 3310//2331 3297//2331
f 3288//2332 3311//2332 3313//2332
f 3288//2333 3313//2333 3289//2333
f 3289//2334 3313//2334 3312//2334
f 3289//2335 3312//2335 3290//2335
f 3287//2336 3309//2336 3308//2336
f 3287//2337 3308//2337 3286//2337
f 3294//2338 3293//2338 3297//2338
f 3294//2339 3297//2339 3291//2339
f 3296//2340 3290//2340 3312//2340
f 3296//2341 3312//2341 3310//2341
f 3292//2342 3296//2342 3310//2342
f 3292//2343 3310//2343 3293//2343
f 3284//2329 3287//2329 3286//2329
f 3284//2329 3286//2329 3285//2329
f 3276//2329 3279//2329 3278//2329
f 3276//2329 3278//2329 3277//2329
f 3276//2344 3299//2344 3301//2344
f 3276//2345 3301//2345 3279//2345
f 3302//2346 3303//2346 3280//2346
f 3302//2347 3280//2347 3281//2347
f 3298//2348 3299//2348 3276//2348
f 3298//2349 3276//2349 3277//2349
f 3300//2350 3298//2350 3277//2350
f 3300//2351 3277//2351 3278//2351
f 3279//2352 3301//2352 3300//2352
f 3279//2353 3300//2353 3278//2353
f 3280//2354 3303//2354 3304//2354
f 3280//2355 3304//2355 3282//2355
f 3306//2356 3307//2356 3284//2356
f 3306//2357 3284//2357 3285//2357
f 3308//2358 3306//2358 3285//2358
f 3308//2359 3285//2359 3286//2359
f 3284//2360 3307//2360 3309//2360
f 3284//2361 3309//2361 3287//2361
f 3282//2362 3304//2362 3305//2362
f 3282//2363 3305//2363 3283//2363
f 3280//2329 3282//2329 3283//2329
f 3280//2329 3283//2329 3281//2329
f 3305//2364 3302//2364 3281//2364
f 3305//2365 3281//2365 3283//2365
o Turret_01_havok_s_armor_16_31
v 0.641972 2.771745 0.384899
v 0.634640 2.815187 0.367863
v 0.717329 2.815189 0.320767
v 0.728276 2.771748 0.335743
v 0.546893 2.771744 0.413617
v 0.543544 2.815185 0.395379
v 0.448610 2.815184 0.401934
v 0.447808 2.771743 0.420459
v 0.349684 2.771742 0.405079
v 0.354597 2.815184 0.387199
v 0.175709 2.771744 0.311821
v 0.187910 2.815185 0.297847
v 0.266220 2.815184 0.351914
v 0.257443 2.771743 0.368252
v 0.110034 2.771577 0.237560
v 0.061078 2.771578 0.151605
v 0.078081 2.815027 0.144343
v 0.124986 2.815026 0.226698
v 0.033068 2.771521 0.056803
v 0.051245 2.814972 0.053513
v 0.787468 2.815191 0.256448
v 0.801482 2.771750 0.268611
v 0.856957 2.771647 0.186354
v 0.840619 2.815094 0.177637
v 0.875811 2.815095 0.089490
v 0.893688 2.771649 0.094354
v 0.907719 2.771521 -0.003585
v 0.889254 2.814972 -0.004346
v 0.218005 2.814972 -0.364164
v 0.207120 2.771521 -0.379137
v 0.292958 2.771521 -0.428026
v 0.300247 2.814972 -0.411006
v 0.387522 2.771521 -0.456589
v 0.390850 2.814972 -0.438372
v 0.583664 2.771521 -0.448097
v 0.578775 2.814972 -0.430236
v 0.485271 2.814972 -0.444891
v 0.486072 2.771521 -0.463393
v 0.756698 2.771521 -0.355344
v 0.744560 2.814972 -0.341368
v 0.666674 2.814972 -0.395142
v 0.675407 2.771521 -0.411469
v 0.823462 2.771521 -0.282537
v 0.808527 2.814972 -0.271611
v 0.872352 2.771521 -0.196699
v 0.855368 2.814972 -0.189370
v 0.900915 2.771521 -0.102135
v 0.882735 2.814972 -0.098767
v 0.078189 2.771521 -0.231081
v 0.134314 2.771521 -0.312373
v 0.148249 2.814972 -0.300197
v 0.094475 2.814972 -0.222311
v 0.041560 2.771521 -0.139339
v 0.059381 2.814972 -0.134412
v 0.044726 2.814972 -0.040908
v 0.026264 2.771521 -0.041746
vn -0.3414 -0.3900 0.8552
vn -0.6787 -0.3898 0.6224
vn -0.8003 -0.3897 0.4558
vn -0.5232 -0.3899 0.7578
vn 0.2663 -0.3900 0.8815
vn -0.1426 -0.3900 0.9097
vn 0.0634 -0.3900 0.9186
vn 0.6224 -0.3898 0.6787
vn 0.9100 -0.3894 0.1426
vn 0.9190 -0.3892 -0.0634
vn 0.8554 -0.3895 0.3415
vn -0.8817 -0.3895 0.2663
vn -0.9189 -0.3894 0.0634
vn 0.7579 -0.3897 0.5232
vn 0.5230 -0.3906 -0.7576
vn 0.3414 -0.3905 -0.8550
vn 0.8004 -0.3894 -0.4558
vn 0.8004 -0.3894 -0.4559
vn -0.0634 -0.3905 -0.9184
vn -0.4556 -0.3906 -0.7999
vn -0.2662 -0.3905 -0.8813
vn 0.1425 -0.3905 -0.9095
vn -0.8551 -0.3901 -0.3414
vn -0.9117 -0.3897 -0.1301
vn 0.4557 -0.3899 0.8002
vn -0.7635 -0.3904 -0.5144
vn 0.8834 -0.3893 -0.2608
vn 0.6902 -0.3899 -0.6096
vn 0.6902 -0.3899 -0.6095
vn -0.6222 -0.3907 -0.6785
s 0
f 3355//2366 3354//2366 3349//2366
f 3355//2366 3349//2366 3348//2366
f 3356//2367 3357//2367 3353//2367
f 3356//2367 3353//2367 3352//2367
f 3358//2368 3359//2368 3357//2368
f 3358//2368 3357//2368 3356//2368
f 3354//2369 3355//2369 3352//2369
f 3354//2369 3352//2369 3353//2369
f 3346//2370 3347//2370 3345//2370
f 3346//2370 3345//2370 3344//2370
f 3350//2371 3351//2371 3348//2371
f 3350//2371 3348//2371 3349//2371
f 3351//2372 3350//2372 3347//2372
f 3351//2372 3347//2372 3346//2372
f 3364//2373 3363//2373 3343//2373
f 3364//2373 3343//2373 3342//2373
f 3367//2374 3368//2374 3369//2374
f 3367//2374 3369//2374 3366//2374
f 3332//2375 3369//2375 3368//2375
f 3332//2375 3368//2375 3333//2375
f 3365//2376 3367//2376 3366//2376
f 3365//2376 3366//2376 3362//2376
f 3360//2377 3361//2377 3359//2377
f 3360//2377 3359//2377 3358//2377
f 3361//2378 3360//2378 3340//2378
f 3361//2378 3340//2378 3341//2378
f 3364//2379 3365//2379 3362//2379
f 3364//2379 3362//2379 3363//2379
f 3326//2380 3327//2380 3324//2380
f 3326//2380 3324//2380 3325//2380
f 3327//2381 3326//2381 3323//2381
f 3327//2381 3323//2381 3322//2381
f 3330//2382 3331//2382 3328//2382
f 3330//2383 3328//2383 3329//2383
f 3321//2384 3320//2384 3319//2384
f 3321//2384 3319//2384 3318//2384
f 3316//2385 3317//2385 3314//2385
f 3316//2385 3314//2385 3315//2385
f 3318//2386 3319//2386 3315//2386
f 3318//2386 3315//2386 3314//2386
f 3322//2387 3323//2387 3320//2387
f 3322//2387 3320//2387 3321//2387
f 3338//2388 3339//2388 3336//2388
f 3338//2388 3336//2388 3337//2388
f 3338//2389 3341//2389 3340//2389
f 3338//2389 3340//2389 3339//2389
f 3344//2390 3345//2390 3342//2390
f 3344//2390 3342//2390 3343//2390
f 3334//2391 3337//2391 3336//2391
f 3334//2391 3336//2391 3335//2391
f 3332//2392 3333//2392 3330//2392
f 3332//2392 3330//2392 3329//2392
f 3328//2393 3331//2393 3325//2393
f 3328//2394 3325//2394 3324//2394
f 3334//2395 3335//2395 3317//2395
f 3334//2395 3317//2395 3316//2395
o Hull_havok_s_surveyingDevice_0
v -0.892629 1.740283 -1.738199
v -0.688231 1.740283 -1.738199
v -0.892629 1.740283 -1.748743
v -0.688231 1.740283 -1.748743
v -0.892396 1.683044 -1.656435
v -0.687714 1.683044 -1.656436
v -0.892627 1.683044 -1.748743
v -0.687714 1.683044 -1.748743
vn -0.0000 -0.0000 1.0000
vn -0.0000 -1.0000 -0.0000
vn -1.0000 -0.0090 -0.0000
vn -0.0000 -0.8192 -0.5735
vn 1.0000 0.0005 -0.0025
vn 1.0000 -0.0000 -0.0000
s 0
f 3376//2396 3377//2396 3373//2396
f 3376//2396 3373//2396 3372//2396
f 3370//2397 3372//2397 3373//2397
f 3370//2397 3373//2397 3371//2397
f 3377//2398 3375//2398 3371//2398
f 3377//2398 3371//2398 3373//2398
f 3371//2399 3375//2399 3374//2399
f 3371//2399 3374//2399 3370//2399
f 3370//2400 3374//2400 3376//2400
f 3370//2401 3376//2401 3372//2401
o Hull_havok_s_armor_10_1
v -0.909499 0.611455 -2.292182
v -0.897952 0.539937 -2.318842
v 0.908652 0.611455 -2.292182
v 0.897106 0.539937 -2.318842
v -1.061851 0.683135 1.421109
v -0.604843 0.468123 1.421109
v -0.604843 0.468123 -2.300239
v -0.731268 0.527602 -2.381106
v -1.061847 0.648685 -2.290171
v -1.061844 0.683131 -2.287963
v -0.702583 0.543387 -2.392142
v -0.739819 0.515321 -2.385772
v -1.061848 0.533712 -2.334545
v -1.061848 0.500544 -2.423441
v 0.603997 0.468123 1.421109
v 0.292623 0.468123 -2.167690
v -0.293469 0.468123 -2.167690
v -0.494779 0.468123 -2.281802
v 1.060987 0.683131 -2.287963
v 1.060987 0.683135 1.421109
v 0.730421 0.527602 -2.381106
v 0.603997 0.468123 -2.300239
v 1.060987 0.500544 -2.423441
v 0.738973 0.515321 -2.385772
v 1.060987 0.533712 -2.334545
v 0.701736 0.543387 -2.392142
v 1.060987 0.648685 -2.290171
v 0.493933 0.468123 -2.281802
vn 0.0021 0.9369 -0.3496
vn 0.3167 0.2860 -0.9044
vn -0.4257 0.9049 -0.0000
vn -0.4257 0.9048 -0.0000
vn -0.0025 0.0640 -0.9979
vn -0.0000 1.0000 -0.0000
vn 0.2702 0.5006 -0.8224
vn 0.5530 0.6034 -0.5745
vn -0.0755 0.3590 -0.9303
vn 0.4257 0.9049 -0.0000
vn 0.0025 0.0640 -0.9979
vn -0.3167 0.2860 -0.9044
vn -0.0021 0.9369 -0.3496
vn -0.0021 0.9369 -0.3495
vn -0.2702 0.5006 -0.8224
vn -0.5531 0.6034 -0.5745
vn 0.0755 0.3590 -0.9303
s 0
f 3381//2402 3402//2402 3400//2402
f 3381//2402 3400//2402 3401//2402
f 3380//2403 3381//2403 3398//2403
f 3392//2404 3397//2404 3396//2404
f 3392//2405 3396//2405 3380//2405
f 3398//2404 3399//2404 3392//2404
f 3398//2404 3392//2404 3380//2404
f 3404//2406 3380//2406 3396//2406
f 3392//2407 3399//2407 3405//2407
f 3392//2407 3405//2407 3393//2407
f 3398//2408 3381//2408 3401//2408
f 3398//2409 3401//2409 3403//2409
f 3380//2410 3404//2410 3402//2410
f 3380//2410 3402//2410 3381//2410
f 3383//2407 3394//2407 3395//2407
f 3383//2407 3395//2407 3384//2407
f 3387//2411 3382//2411 3378//2411
f 3387//2412 3378//2412 3386//2412
f 3378//2413 3385//2413 3379//2413
f 3384//2411 3385//2411 3382//2411
f 3384//2411 3382//2411 3383//2411
f 3378//2411 3382//2411 3385//2411
f 3391//2414 3390//2414 3379//2414
f 3391//2415 3379//2415 3389//2415
f 3393//2407 3394//2407 3383//2407
f 3393//2407 3383//2407 3392//2407
f 3389//2416 3379//2416 3385//2416
f 3389//2417 3385//2417 3388//2417
f 3390//2418 3386//2418 3378//2418
f 3390//2418 3378//2418 3379//2418
o Hull_havok_s_armor_1_2
v 1.123643 1.532733 -2.026527
v -1.124490 1.532733 -2.026527
v 1.060988 1.548615 -2.114578
v 0.363688 1.692658 -1.866030
v 0.682322 1.618974 -1.993173
v 1.060988 1.502972 -2.136079
v 1.060988 1.390605 -2.131210
v 1.124451 1.428981 -2.029752
v 1.060988 1.356038 -2.025585
v 1.102568 1.395820 -2.063875
v 1.060988 1.541495 -2.102630
v 1.114849 1.560829 -2.013882
v 1.151486 1.539432 -1.979093
v 1.138133 1.560319 -1.979802
v -0.364534 1.692658 -1.866030
v 0.179886 1.601782 -2.022846
v 0.173308 1.581808 -2.057312
v 0.176690 1.598321 -2.028816
v -1.061835 1.502972 -2.136079
v -1.125297 1.428981 -2.029752
v -1.061834 1.390605 -2.131210
v -1.103414 1.395820 -2.063875
v -1.061844 1.356038 -2.025585
v -1.061834 1.541495 -2.102630
v -1.115696 1.560829 -2.013882
v -1.152333 1.539432 -1.979093
v -1.138980 1.560319 -1.979802
v 0.431723 1.255105 -2.621070
v 0.316304 1.268874 -2.597309
v -1.061845 1.063799 -2.951191
v 0.480032 1.227018 -2.669538
v 0.518456 1.172584 -2.763471
v 0.562495 1.163856 -2.778529
v 0.243391 1.280589 -2.577094
v 0.186384 1.286475 -2.566936
v 1.060988 1.063799 -2.951191
v 0.880958 1.163862 -2.778524
v 1.060983 1.390907 -2.386723
v 1.040395 1.378077 -2.408864
v 1.012430 1.345587 -2.464930
v 0.999472 1.326402 -2.498037
v 0.998007 1.322287 -2.505137
v 0.978693 1.283372 -2.572292
v 0.964267 1.266282 -2.601783
v 0.898235 1.185089 -2.741886
v 1.029075 1.532921 -2.141661
v 1.060988 1.493582 -2.209545
v -1.061834 1.548615 -2.114578
v 0.153222 1.312122 -2.522680
v 0.143485 1.330518 -2.490936
vn -0.0000 -0.8652 0.5014
vn -0.0000 -0.8652 0.5015
vn -0.0001 -0.8652 0.5014
vn -0.0001 -0.8652 0.5013
vn -0.7102 -0.4615 0.5316
vn -0.7102 -0.4616 0.5316
vn -0.8608 -0.0225 0.5084
vn -0.7384 -0.4551 0.4977
vn -0.8514 0.0227 0.5240
vn -0.8652 -0.0223 0.5009
vn -0.5287 0.8067 0.2640
vn 0.7102 -0.4615 0.5316
vn 0.7102 -0.4616 0.5316
vn 0.8608 -0.0225 0.5085
vn 0.7384 -0.4551 0.4977
vn 0.8514 0.0227 0.5240
vn 0.8652 -0.0223 0.5009
vn 0.5288 0.8067 0.2640
s 0
f 3435//2419 3441//2419 3442//2419
f 3435//2419 3442//2419 3438//2419
f 3444//2419 3445//2419 3441//2419
f 3444//2419 3441//2419 3443//2419
f 3445//2419 3446//2419 3441//2419
f 3435//2419 3436//2419 3433//2419
f 3435//2419 3433//2419 3434//2419
f 3437//2419 3436//2419 3435//2419
f 3437//2420 3435//2420 3438//2420
f 3439//2419 3440//2419 3435//2419
f 3439//2419 3435//2419 3434//2419
f 3441//2421 3446//2421 3447//2421
f 3441//2419 3447//2419 3448//2419
f 3435//2419 3440//2419 3453//2419
f 3453//2419 3440//2419 3454//2419
f 3453//2419 3454//2419 3420//2419
f 3455//2419 3422//2419 3420//2419
f 3455//2419 3420//2419 3454//2419
f 3449//2419 3450//2419 3441//2419
f 3449//2419 3441//2419 3448//2419
f 3450//2422 3442//2422 3441//2422
f 3408//2419 3410//2419 3451//2419
f 3408//2419 3451//2419 3452//2419
f 3406//2423 3417//2423 3416//2423
f 3406//2424 3416//2424 3411//2424
f 3413//2425 3418//2425 3406//2425
f 3418//2426 3419//2426 3417//2426
f 3418//2426 3417//2426 3406//2426
f 3408//2419 3409//2419 3410//2419
f 3411//2427 3412//2427 3413//2427
f 3411//2428 3413//2428 3406//2428
f 3415//2427 3413//2427 3412//2427
f 3415//2429 3412//2429 3414//2429
f 3409//2419 3420//2419 3421//2419
f 3409//2419 3421//2419 3410//2419
f 3429//2430 3430//2430 3407//2430
f 3429//2431 3407//2431 3424//2431
f 3431//2432 3425//2432 3407//2432
f 3430//2433 3432//2433 3431//2433
f 3430//2433 3431//2433 3407//2433
f 3423//2419 3421//2419 3420//2419
f 3423//2419 3420//2419 3422//2419
f 3425//2434 3426//2434 3424//2434
f 3425//2435 3424//2435 3407//2435
f 3426//2434 3425//2434 3427//2434
f 3426//2436 3427//2436 3428//2436
o Hull_havok_s_armor_2_3
v -0.661313 0.831983 -2.641183
v -0.460692 0.831983 -2.641183
v 0.459846 0.831983 -2.641183
v -0.719978 0.634366 -2.535549
v -0.741706 0.553002 -2.487684
v 0.660466 0.831983 -2.641183
v 0.719132 0.634366 -2.535549
v 0.740860 0.553002 -2.487684
v -1.006272 1.646407 -1.345161
v -1.006396 1.591815 -1.874627
v -0.932894 1.683043 -1.672791
v -0.934264 1.683044 -1.612405
v -1.005420 1.591647 -1.877738
v -0.980369 1.592542 -1.906918
v -0.910607 1.683044 -1.775463
v -0.945281 1.596402 -1.922506
v -0.914465 1.600707 -1.927317
v -0.852372 1.683043 -1.813897
v -0.926091 1.683044 -1.736148
v -1.005890 1.646641 -1.343469
v -1.000743 1.648076 -1.337330
v -0.958729 1.659317 -1.322899
v -0.984423 1.653068 -1.327396
v -0.955786 1.659489 -1.326153
v -0.908892 1.683044 -1.623037
v -0.927961 1.665054 -1.329615
v -0.881720 1.671321 -1.356021
v -0.896831 1.670066 -1.341905
v -0.838652 1.683044 -1.566588
v -0.848225 1.675619 -1.376822
v -0.797875 1.683044 -1.401404
v -0.770342 1.683045 -1.845734
v -0.713271 1.631403 -1.935208
v -0.661587 1.683044 -1.804239
v -0.701379 1.683044 -1.838427
v -0.622768 1.652399 -1.878024
v -0.620873 1.669521 -1.762287
v -0.629084 1.648318 -1.896745
v -0.628178 1.648662 -1.895735
v -0.643838 1.683044 -1.746648
v -0.623201 1.674591 -1.723657
v -0.626966 1.679367 -1.684895
v -0.633355 1.683044 -1.649781
v 0.626119 1.679367 -1.684895
v 0.622355 1.674591 -1.723657
v 0.642991 1.683044 -1.746648
v 0.632508 1.683044 -1.649781
v 0.932047 1.683043 -1.672791
v 1.005549 1.591815 -1.874627
v 1.005425 1.646407 -1.345161
v 0.933417 1.683044 -1.612405
v 1.004573 1.591647 -1.877738
v 0.909760 1.683044 -1.775463
v 0.979522 1.592542 -1.906918
v 0.944434 1.596402 -1.922506
v 0.851525 1.683043 -1.813897
v 0.913618 1.600707 -1.927317
v 0.925245 1.683044 -1.736148
v 0.769495 1.683045 -1.845734
v 0.712424 1.631403 -1.935208
v 0.621921 1.652399 -1.878024
v 0.700533 1.683044 -1.838427
v 0.660740 1.683044 -1.804239
v 0.620027 1.669521 -1.762287
v 0.662215 1.640376 -1.923584
v 0.628237 1.648318 -1.896745
v 0.627331 1.648662 -1.895735
v 0.954939 1.659489 -1.326153
v 0.927114 1.665054 -1.329615
v 0.908046 1.683044 -1.623037
v 0.957882 1.659317 -1.322899
v 0.895985 1.670066 -1.341905
v 0.880874 1.671321 -1.356021
v 0.847378 1.675619 -1.376822
v 0.837805 1.683044 -1.566588
v 1.005044 1.646641 -1.343469
v 0.999896 1.648076 -1.337330
v 0.983577 1.653068 -1.327396
v 0.797029 1.683044 -1.401404
v 1.060987 1.063799 -2.951191
v -1.061846 1.063799 -2.951191
v -1.061849 0.898118 -2.727291
v 1.060987 0.898118 -2.727291
v -1.061849 0.806591 -2.683430
v -0.663061 1.640376 -1.923584
v -0.736913 1.683044 -1.847918
v 0.736067 1.683044 -1.847918
v -0.293469 0.468123 -2.167690
v 0.292623 0.468123 -2.167690
v -0.494779 0.468123 -2.281801
v -0.604843 0.468123 -2.300239
v -0.702583 0.543387 -2.392141
v -1.061849 0.536696 -2.520784
v -1.061849 0.681278 -2.611228
v -1.061848 0.500544 -2.423441
v -0.739819 0.515321 -2.385772
v -0.731268 0.527602 -2.381106
v 1.060987 0.806591 -2.683430
v 1.060987 0.681278 -2.611228
v 1.060987 0.536696 -2.520784
v 0.738973 0.515321 -2.385772
v 1.060987 0.500544 -2.423441
v 0.701737 0.543387 -2.392141
v 0.730422 0.527602 -2.381106
v 0.603997 0.468123 -2.300239
v 0.493932 0.468123 -2.281801
vn 0.1084 -0.9075 0.4059
vn -0.0336 -0.8562 0.5156
vn -0.1085 -0.9075 0.4059
vn 0.0337 -0.8562 0.5156
vn -0.0337 -0.8562 0.5156
vn -0.1175 0.7034 0.7010
vn -0.1174 0.7034 0.7010
vn -0.3655 0.6712 0.6449
vn -0.0000 0.7929 0.6093
vn -0.1084 -0.9075 0.4059
vn 0.0336 -0.8562 0.5156
vn -0.3166 -0.9476 -0.0439
vn -0.2456 -0.9676 -0.0585
vn -0.4861 -0.8738 0.0112
vn -0.1067 -0.9937 -0.0335
vn -0.0384 -0.9981 -0.0477
vn -0.1304 -0.9909 -0.0322
vn -0.0000 0.7931 0.6091
vn -0.1216 0.4289 0.8951
vn -0.0000 0.8039 0.5948
vn 0.8147 0.4399 0.3779
vn 0.5408 0.7857 0.3005
vn 0.0835 0.9342 0.3469
vn 0.1142 0.5269 0.8422
vn 0.1139 0.5262 0.8427
vn 0.1174 0.7035 0.7010
vn -0.0000 0.6533 0.7571
vn 0.8114 0.4441 0.3801
vn 0.1174 0.7034 0.7010
vn 0.1175 0.7034 0.7010
vn 0.3655 0.6712 0.6449
vn 0.1216 0.4289 0.8951
vn -0.0834 0.9342 0.3469
vn -0.0835 0.9342 0.3469
vn -0.1141 0.5269 0.8422
vn -0.1139 0.5262 0.8427
vn -0.8114 0.4441 0.3801
vn -0.8147 0.4399 0.3779
vn -0.5408 0.7857 0.3005
vn 0.1224 0.4955 0.8600
vn 0.1221 0.4958 0.8598
vn -0.1224 0.4955 0.8600
vn -0.1221 0.4958 0.8598
vn -0.1174 0.7035 0.7010
vn -0.0383 -0.9981 -0.0477
vn -0.1388 -0.9890 -0.0516
vn 0.1067 -0.9937 -0.0335
vn 0.0384 -0.9981 -0.0477
vn 0.0383 -0.9981 -0.0477
vn 0.1388 -0.9890 -0.0516
vn -0.0353 -0.9958 -0.0846
vn 0.1304 -0.9909 -0.0322
vn -0.1084 -0.9074 0.4060
vn -0.2299 -0.9357 0.2677
vn -0.2299 -0.9357 0.2676
vn -0.4378 -0.8883 0.1386
vn 0.1462 -0.8136 0.5628
vn 0.1955 -0.8414 0.5038
vn 0.1902 -0.9806 -0.0478
vn -0.0355 -0.9958 -0.0846
vn 0.2872 -0.8534 0.4351
vn 0.5472 -0.8088 0.2155
vn 0.4315 -0.8336 0.3449
vn 0.6901 -0.7199 0.0741
vn 0.4856 -0.8741 0.0110
vn 0.1962 -0.8415 0.5035
vn 0.2456 -0.9676 -0.0585
vn 0.3165 -0.9476 -0.0440
vn 0.3166 -0.9475 -0.0439
vn 0.4857 -0.8741 0.0110
vn 0.4337 -0.8911 0.1337
vn 0.4602 -0.8834 0.0882
vn 0.2299 -0.9357 0.2676
vn 0.4379 -0.8883 0.1386
vn -0.1462 -0.8136 0.5628
vn -0.1955 -0.8414 0.5038
vn 0.1085 -0.9075 0.4059
vn 0.0353 -0.9958 -0.0846
vn -0.1902 -0.9806 -0.0478
vn 0.0355 -0.9958 -0.0846
vn 0.1084 -0.9074 0.4060
vn 0.2299 -0.9357 0.2677
vn -0.6901 -0.7199 0.0741
vn -0.5472 -0.8088 0.2155
vn 0.3392 -0.9400 0.0367
vn 0.4415 -0.8947 0.0674
vn -0.3392 -0.9400 0.0367
vn -0.4415 -0.8947 0.0674
vn -0.4601 -0.8835 0.0882
vn -0.4337 -0.8911 0.1337
vn -0.4856 -0.8741 0.0110
vn -0.1962 -0.8415 0.5035
vn -0.2872 -0.8534 0.4351
vn -0.4315 -0.8336 0.3449
s 0
f 3542//2437 3517//2437 3520//2437
f 3542//2438 3520//2438 3515//2438
f 3490//2439 3540//2439 3493//2439
f 3487//2440 3488//2440 3541//2440
f 3515//2441 3514//2441 3542//2441
f 3457//2442 3547//2442 3546//2442
f 3457//2443 3546//2443 3545//2443
f 3457//2444 3545//2444 3543//2444
f 3543//2445 3544//2445 3458//2445
f 3543//2445 3458//2445 3457//2445
f 3540//2446 3490//2446 3541//2446
f 3540//2447 3541//2447 3488//2447
f 3506//2448 3532//2448 3533//2448
f 3506//2449 3533//2449 3526//2449
f 3531//2448 3532//2448 3506//2448
f 3531//2450 3506//2450 3505//2450
f 3528//2451 3529//2451 3530//2451
f 3528//2452 3530//2452 3525//2452
f 3534//2453 3530//2453 3529//2453
f 3457//2454 3458//2454 3538//2454
f 3457//2454 3538//2454 3456//2454
f 3456//2454 3538//2454 3537//2454
f 3456//2455 3537//2455 3539//2455
f 3537//2456 3538//2456 3535//2456
f 3537//2456 3535//2456 3536//2456
f 3463//2457 3462//2457 3558//2457
f 3463//2458 3558//2458 3556//2458
f 3463//2459 3556//2459 3557//2459
f 3463//2459 3557//2459 3555//2459
f 3555//2460 3554//2460 3462//2460
f 3555//2461 3462//2461 3463//2461
f 3559//2462 3558//2462 3560//2462
f 3461//2463 3458//2463 3558//2463
f 3461//2464 3558//2464 3462//2464
f 3458//2465 3561//2465 3560//2465
f 3458//2466 3560//2466 3558//2466
f 3458//2467 3544//2467 3561//2467
f 3538//2454 3458//2454 3461//2454
f 3538//2468 3461//2468 3553//2468
f 3550//2469 3551//2469 3460//2469
f 3550//2470 3460//2470 3548//2470
f 3459//2471 3549//2471 3548//2471
f 3459//2472 3548//2472 3460//2472
f 3547//2463 3457//2463 3456//2463
f 3547//2473 3456//2473 3459//2473
f 3547//2474 3459//2474 3460//2474
f 3547//2475 3460//2475 3551//2475
f 3462//2476 3554//2476 3553//2476
f 3462//2477 3553//2477 3461//2477
f 3539//2478 3549//2478 3459//2478
f 3539//2479 3459//2479 3456//2479
f 3552//2480 3546//2480 3547//2480
f 3527//2481 3528//2481 3525//2481
f 3527//2482 3525//2482 3524//2482
f 3484//2483 3485//2483 3482//2483
f 3484//2484 3482//2484 3480//2484
f 3480//2485 3482//2485 3483//2485
f 3480//2486 3483//2486 3481//2486
f 3477//2487 3467//2487 3479//2487
f 3486//2488 3485//2488 3484//2488
f 3490//2489 3493//2489 3494//2489
f 3490//2490 3494//2490 3491//2490
f 3489//2491 3490//2491 3491//2491
f 3489//2492 3491//2492 3492//2492
f 3472//2493 3488//2493 3487//2493
f 3472//2494 3487//2494 3473//2494
f 3480//2495 3481//2495 3479//2495
f 3480//2496 3479//2496 3467//2496
f 3470//2497 3469//2497 3471//2497
f 3470//2498 3465//2498 3468//2498
f 3470//2499 3468//2499 3469//2499
f 3464//2500 3465//2500 3466//2500
f 3464//2501 3466//2501 3467//2501
f 3471//2502 3472//2502 3473//2502
f 3471//2497 3473//2497 3470//2497
f 3467//2503 3477//2503 3478//2503
f 3467//2504 3478//2504 3476//2504
f 3467//2505 3476//2505 3475//2505
f 3467//2506 3475//2506 3464//2506
f 3474//2500 3466//2500 3465//2500
f 3474//2498 3465//2498 3470//2498
f 3519//2507 3518//2507 3501//2507
f 3519//2508 3501//2508 3500//2508
f 3516//2509 3517//2509 3518//2509
f 3516//2510 3518//2510 3519//2510
f 3514//2511 3515//2511 3512//2511
f 3514//2512 3512//2512 3511//2512
f 3520//2513 3517//2513 3521//2513
f 3526//2514 3523//2514 3506//2514
f 3523//2515 3524//2515 3525//2515
f 3523//2516 3525//2516 3506//2516
f 3522//2517 3521//2517 3517//2517
f 3522//2518 3517//2518 3516//2518
f 3504//2519 3503//2519 3513//2519
f 3504//2520 3513//2520 3508//2520
f 3501//2521 3502//2521 3499//2521
f 3501//2522 3499//2522 3500//2522
f 3497//2523 3498//2523 3495//2523
f 3497//2524 3495//2524 3496//2524
f 3492//2525 3496//2525 3495//2525
f 3492//2526 3495//2526 3489//2526
f 3503//2519 3504//2519 3505//2519
f 3503//2527 3505//2527 3506//2527
f 3511//2528 3512//2528 3510//2528
f 3511//2529 3510//2529 3508//2529
f 3509//2529 3508//2529 3510//2529
f 3507//2520 3504//2520 3508//2520
f 3507//2530 3508//2530 3509//2530
o Hull_havok_s_armor_3_4
v 1.060724 1.379761 -0.993676
v 1.101342 1.437271 -1.036373
v -1.061571 1.379761 -0.993676
v -1.102189 1.437271 -1.036373
v 1.048313 1.714090 -0.398623
v 1.060724 1.722976 -0.584323
v 1.040415 1.719287 -0.784255
v 1.154372 1.636795 -1.091947
v 1.060724 1.663957 -0.992998
v -1.049160 1.714090 -0.398623
v -1.061571 1.722976 -0.584323
v -1.061571 1.663957 -0.992998
v -1.041262 1.719287 -0.784255
v -1.155218 1.636795 -1.091947
v 1.060987 1.676909 1.421110
v 1.060987 1.679831 -0.104134
v 1.060987 0.683131 -2.287963
v 1.060987 0.683135 1.421108
v 1.060987 1.694580 -0.398351
v 1.060987 0.898118 -2.727290
v 1.060987 0.806590 -2.683430
v 1.060984 1.390907 -2.386723
v 1.060987 1.063799 -2.951192
v 1.102568 1.395820 -2.063875
v 1.060987 1.356038 -2.025586
v 1.124451 1.428982 -2.029752
v 1.061037 1.442295 -2.370125
v 1.060987 1.390606 -2.131211
v 1.060987 1.493582 -2.209545
v 1.060987 0.681279 -2.611228
v 1.060987 0.536696 -2.520785
v 1.060987 0.500544 -2.423442
v 1.060987 0.533712 -2.334546
v 1.060987 0.648685 -2.290171
v -1.061845 0.683131 -2.287963
v -1.061848 1.679831 -0.104134
v -1.061847 1.676909 1.421110
v -1.061851 0.683135 1.421108
v -1.061845 1.694580 -0.398351
v -1.061845 1.063799 -2.951192
v -1.061834 1.548615 -2.114578
v -1.061848 0.898118 -2.727290
v -1.061836 1.502972 -2.136079
v -1.061834 1.390606 -2.131211
v -1.103414 1.395820 -2.063875
v -1.061845 1.356038 -2.025586
v -1.125297 1.428982 -2.029752
v -1.061848 0.681279 -2.611228
v -1.061848 0.536696 -2.520785
v -1.061848 0.500544 -2.423442
v -1.061847 0.648685 -2.290171
v -1.061848 0.533712 -2.334546
v -1.061849 0.806590 -2.683430
v 0.478004 1.749862 0.504487
v 0.786862 1.749862 0.138412
v 0.651912 1.695028 0.331478
v 1.016318 1.679831 0.504432
v 0.904833 1.688998 0.042078
v 0.868218 1.749862 0.022183
v 0.978451 1.682945 -0.156660
v 0.975953 1.749862 -0.162937
v 1.040637 1.749862 -0.399127
v 1.060987 1.682681 -0.774323
v 0.992910 1.699505 -0.991677
v 1.032225 1.749862 -0.793184
v 0.972027 1.749862 -0.987684
v 1.055216 1.749862 -0.585778
v 1.151486 1.539432 -1.979093
v 1.145312 1.647981 -1.118453
v 1.138133 1.560319 -1.979803
v 1.060987 1.502972 -2.136079
v 1.060987 1.541495 -2.102630
v 1.060987 1.548615 -2.114578
v 1.060987 1.568654 -2.020780
v 1.060987 1.676673 -1.047022
v -0.652758 1.695028 0.331478
v -0.787708 1.749862 0.138412
v -0.478850 1.749862 0.504487
v -1.017165 1.679831 0.504432
v -0.905679 1.688998 0.042078
v -0.869064 1.749862 0.022183
v -0.979297 1.682945 -0.156660
v -1.041484 1.749862 -0.399127
v -1.056063 1.749862 -0.585778
v -0.976800 1.749862 -0.162937
v -1.061845 1.682681 -0.774323
v -1.061844 1.676673 -1.047022
v -0.993756 1.699505 -0.991677
v -1.033072 1.749862 -0.793184
v -0.972873 1.749862 -0.987684
v -1.152333 1.539432 -1.979093
v -1.138980 1.560319 -1.979803
v -1.146159 1.647981 -1.118453
v -1.061846 1.568654 -2.020780
v -1.061834 1.541495 -2.102630
vn -1.0000 -0.0000 0.0012
vn -0.9998 0.0189 -0.0004
vn -1.0000 -0.0000 -0.0000
vn -0.7261 0.0015 -0.6876
vn -0.7256 0.0016 -0.6881
vn 0.6946 -0.3987 -0.5988
vn 0.6774 -0.5625 -0.4741
vn 0.7122 -0.3629 -0.6009
vn 0.1268 -0.9752 0.1816
vn -0.4659 -0.8610 -0.2041
vn -0.4661 -0.8607 -0.2049
vn -0.9678 -0.2279 0.1073
vn -0.9756 -0.1943 0.1027
vn -0.8809 -0.3869 0.2726
vn -0.9536 -0.1865 0.2362
vn -0.8787 -0.4672 0.0979
vn -0.8726 -0.4252 0.2404
vn -0.9760 -0.2041 -0.0762
vn -0.9748 -0.2102 -0.0752
vn -0.8419 -0.5361 0.0616
vn -0.8420 -0.5360 0.0616
vn -0.9684 0.2483 -0.0246
vn -0.9678 0.2504 -0.0243
vn 0.9684 0.2483 -0.0246
vn 0.9678 0.2504 -0.0243
vn 0.8809 -0.3869 0.2726
vn 0.9536 -0.1865 0.2362
vn 0.9678 -0.2279 0.1073
vn 0.9756 -0.1943 0.1027
vn 0.8419 -0.5361 0.0616
vn 0.8420 -0.5360 0.0616
vn 0.4659 -0.8610 -0.2041
vn 0.4662 -0.8606 -0.2049
vn 0.7261 0.0015 -0.6876
vn 0.7256 0.0016 -0.6881
vn 1.0000 -0.0000 -0.0000
vn 1.0000 0.0002 0.0001
vn 0.9438 -0.2061 -0.2585
vn 0.9567 -0.0624 -0.2843
vn 0.9760 -0.2041 -0.0762
vn 0.9748 -0.2102 -0.0752
vn 0.8350 -0.5441 -0.0818
vn 0.7984 -0.5233 -0.2979
vn 0.7133 -0.5648 -0.4151
vn 0.9363 -0.0673 -0.3448
vn 0.8786 -0.4674 0.0979
vn 0.8725 -0.4254 0.2404
vn 1.0000 -0.0000 0.0013
vn 0.9998 0.0196 -0.0004
vn 1.0000 0.0023 -0.0019
vn 1.0000 -0.0015 0.0012
vn 0.9967 -0.0710 0.0381
vn -0.9970 -0.0682 0.0365
vn -0.8248 0.5649 -0.0238
vn -0.6992 0.7148 -0.0166
vn -1.0000 0.0001 -0.0003
vn -1.0000 -0.0002 -0.0002
vn -1.0000 0.0010 -0.0000
vn -0.8229 0.5676 -0.0239
vn -0.6946 -0.3987 -0.5988
vn -0.6774 -0.5625 -0.4741
vn -0.7122 -0.3629 -0.6009
vn -0.1268 -0.9752 0.1816
vn -0.8353 -0.5437 -0.0818
vn -0.7986 -0.5229 -0.2979
vn -1.0000 0.0022 -0.0019
vn -1.0000 -0.0014 0.0012
vn -0.7133 -0.5648 -0.4151
vn -0.9363 -0.0673 -0.3448
vn -0.9438 -0.2062 -0.2585
vn -0.9567 -0.0624 -0.2843
vn 0.8229 0.5676 -0.0239
vn 0.8248 0.5649 -0.0238
vn 0.6992 0.7147 -0.0166
vn 1.0000 -0.0001 -0.0000
vn 1.0000 0.0001 -0.0003
vn 1.0000 -0.0001 0.0001
s 0
f 3570//2531 3562//2531 3624//2531
f 3570//2532 3624//2532 3636//2532
f 3632//2533 3590//2533 3589//2533
f 3635//2533 3634//2533 3633//2533
f 3570//2534 3569//2534 3563//2534
f 3570//2535 3563//2535 3562//2535
f 3638//2536 3637//2536 3641//2536
f 3638//2537 3641//2537 3642//2537
f 3637//2538 3638//2538 3639//2538
f 3637//2539 3639//2539 3640//2539
f 3636//2540 3630//2540 3569//2540
f 3636//2541 3569//2541 3570//2541
f 3628//2542 3626//2542 3568//2542
f 3628//2543 3568//2543 3567//2543
f 3626//2544 3627//2544 3625//2544
f 3626//2545 3625//2545 3568//2545
f 3624//2546 3567//2546 3568//2546
f 3624//2547 3568//2547 3625//2547
f 3623//2548 3628//2548 3567//2548
f 3623//2549 3567//2549 3566//2549
f 3632//2533 3633//2533 3634//2533
f 3632//2533 3634//2533 3590//2533
f 3630//2550 3631//2550 3629//2550
f 3630//2551 3629//2551 3569//2551
f 3629//2552 3587//2552 3563//2552
f 3629//2553 3563//2553 3569//2553
f 3565//2554 3608//2554 3652//2554
f 3565//2555 3652//2555 3575//2555
f 3649//2556 3651//2556 3650//2556
f 3649//2557 3650//2557 3574//2557
f 3574//2558 3650//2558 3645//2558
f 3574//2559 3645//2559 3572//2559
f 3652//2560 3653//2560 3654//2560
f 3652//2561 3654//2561 3575//2561
f 3575//2562 3654//2562 3648//2562
f 3575//2563 3648//2563 3573//2563
f 3565//2564 3575//2564 3573//2564
f 3565//2565 3573//2565 3564//2565
f 3656//2566 3604//2566 3602//2566
f 3656//2567 3602//2567 3655//2567
f 3571//2568 3644//2568 3646//2568
f 3571//2569 3646//2569 3643//2569
f 3572//2570 3645//2570 3644//2570
f 3572//2571 3644//2571 3571//2571
f 3600//2572 3572//2572 3571//2572
f 3600//2573 3571//2573 3643//2573
f 3646//2574 3642//2574 3641//2574
f 3646//2575 3641//2575 3643//2575
f 3574//2576 3572//2576 3647//2576
f 3574//2577 3647//2577 3649//2577
f 3647//2578 3564//2578 3573//2578
f 3647//2579 3573//2579 3648//2579
f 3564//2580 3647//2580 3572//2580
f 3564//2581 3572//2581 3600//2581
f 3593//2533 3594//2533 3595//2533
f 3593//2533 3595//2533 3578//2533
f 3586//2533 3592//2533 3593//2533
f 3586//2533 3593//2533 3578//2533
f 3591//2533 3592//2533 3586//2533
f 3591//2533 3586//2533 3589//2533
f 3582//2533 3591//2533 3589//2533
f 3582//2533 3589//2533 3583//2533
f 3601//2566 3602//2566 3603//2566
f 3596//2582 3564//2582 3600//2582
f 3596//2566 3600//2566 3597//2566
f 3598//2566 3599//2566 3596//2566
f 3598//2566 3596//2566 3597//2566
f 3581//2533 3582//2533 3583//2533
f 3581//2533 3583//2533 3584//2533
f 3580//2583 3562//2583 3578//2583
f 3580//2533 3578//2533 3577//2533
f 3578//2533 3579//2533 3576//2533
f 3578//2533 3576//2533 3577//2533
f 3562//2584 3563//2584 3585//2584
f 3562//2585 3585//2585 3586//2585
f 3562//2586 3586//2586 3578//2586
f 3589//2587 3590//2587 3588//2587
f 3589//2588 3588//2588 3583//2588
f 3587//2589 3585//2589 3563//2589
f 3619//2590 3617//2590 3616//2590
f 3619//2591 3616//2591 3620//2591
f 3615//2592 3616//2592 3617//2592
f 3615//2593 3617//2593 3618//2593
f 3605//2566 3609//2566 3614//2566
f 3605//2566 3614//2566 3603//2566
f 3566//2594 3567//2594 3580//2594
f 3566//2595 3580//2595 3621//2595
f 3567//2596 3624//2596 3562//2596
f 3567//2597 3562//2597 3580//2597
f 3619//2598 3620//2598 3622//2598
f 3619//2599 3622//2599 3621//2599
f 3622//2600 3623//2600 3566//2600
f 3622//2601 3566//2601 3621//2601
f 3606//2602 3608//2602 3565//2602
f 3606//2603 3565//2603 3564//2603
f 3606//2604 3564//2604 3607//2604
f 3603//2605 3602//2605 3604//2605
f 3603//2566 3604//2566 3605//2566
f 3564//2606 3596//2606 3607//2606
f 3612//2566 3613//2566 3611//2566
f 3612//2607 3611//2607 3596//2607
f 3611//2566 3610//2566 3607//2566
f 3611//2566 3607//2566 3596//2566
f 3607//2566 3610//2566 3609//2566
f 3607//2607 3609//2607 3605//2607
o Hull_havok_s_armor_7_5
v -1.061845 1.568654 -2.020780
v -1.061834 1.548615 -2.114578
v -0.364535 1.692658 -1.866030
v -1.115696 1.560829 -2.013882
v -1.061834 1.541495 -2.102630
v 1.060987 1.568654 -2.020780
v 0.363688 1.692658 -1.866030
v 1.060987 1.548615 -2.114578
v 1.060987 1.541495 -2.102630
v 1.114849 1.560829 -2.013882
v 0.278872 1.731414 -1.752614
v -0.279719 1.731414 -1.752614
v -0.327369 1.726563 -1.747774
v -0.622571 1.648323 -1.906548
v 0.621725 1.648323 -1.906548
v 0.326523 1.726563 -1.747774
vn -0.0000 -0.9463 0.3234
vn 0.1285 -0.9633 0.2358
vn 0.1223 -0.9636 0.2378
vn -0.1285 -0.9633 0.2358
vn -0.1223 -0.9636 0.2378
vn -0.1754 -0.9344 0.3100
vn 0.1265 -0.9701 0.2073
vn 0.1755 -0.9344 0.3101
vn -0.1265 -0.9701 0.2072
s 0
f 3667//2608 3668//2608 3659//2608
f 3667//2608 3659//2608 3663//2608
f 3669//2609 3670//2609 3659//2609
f 3669//2610 3659//2610 3668//2610
f 3663//2611 3671//2611 3672//2611
f 3663//2612 3672//2612 3667//2612
f 3662//2613 3665//2613 3666//2613
f 3657//2614 3658//2614 3659//2614
f 3657//2615 3660//2615 3661//2615
f 3662//2616 3663//2616 3664//2616
o Hull_havok_s_armor_4_6
v 0.827651 0.866341 2.404952
v 0.827651 0.905316 3.020382
v 0.827651 1.297532 2.806617
v 0.827651 0.953418 2.385934
v 0.827651 1.314553 2.731305
v 0.827651 1.335274 2.531233
v 0.827651 1.275084 2.427013
v 0.827651 1.045922 2.354744
v 0.827651 1.119678 2.351701
v 0.827651 1.194421 2.370719
v 0.812095 0.904082 3.070590
v 0.827651 1.275084 3.038640
v 0.811058 0.926037 3.074394
v 0.817280 1.276564 3.072112
v 1.060987 0.953418 2.385934
v 1.060987 1.045922 2.354744
v 1.060987 0.866341 2.404952
v 1.060987 1.119678 2.351701
v 1.060987 1.194421 2.370719
v 0.976986 1.335274 2.531233
v 0.918911 1.371288 2.640018
v 0.868096 1.334780 2.733587
v 1.031950 1.275084 2.427013
v 0.694908 0.911236 3.129927
v -0.695780 0.911236 3.129927
v -0.705114 1.248937 3.129927
v 0.704241 1.248937 3.129927
v 0.755057 0.888542 3.117756
v -0.755929 0.888542 3.117756
v -0.758003 1.266451 3.120038
v 0.757131 1.266451 3.120038
v -0.828523 1.297532 2.806617
v -0.828523 0.905316 3.020382
v -0.828523 0.866341 2.404952
v -0.828523 0.953418 2.385934
v -0.828523 1.335274 2.531233
v -0.828523 1.314553 2.731305
v -0.828523 1.194421 2.370719
v -0.828523 1.275084 2.427013
v -0.828523 1.119678 2.351701
v -0.828523 1.045922 2.354744
v -0.828523 1.275084 3.038640
v -0.812967 0.904082 3.070590
v -0.811930 0.926037 3.074394
v -0.818153 1.276564 3.072112
v -1.061860 0.953418 2.385934
v -1.061860 1.045922 2.354744
v -1.061860 0.866341 2.404952
v -1.061860 1.119678 2.351701
v -1.061860 1.194421 2.370719
v -0.868968 1.334780 2.733587
v -0.919784 1.371288 2.640018
v -0.977859 1.335274 2.531233
v -1.032822 1.275084 2.427013
v 0.827948 0.573487 2.404989
v 0.782102 0.551918 2.514358
v 0.772637 0.849919 3.097601
v 1.060987 0.683139 2.404886
v 0.658811 1.627818 3.129927
v 1.060987 1.673988 2.383844
v -0.773484 0.849919 3.097601
v 0.502750 1.648313 3.129927
v -0.503596 1.648313 3.129927
v -0.659657 1.627818 3.129927
v -0.782948 0.551918 2.514358
v -0.828796 0.573487 2.404989
v -1.061858 0.683139 2.404886
v -1.061845 1.673988 2.383844
v -1.061851 0.683135 1.421109
v -1.061847 1.676909 1.421110
v 1.060987 1.676909 1.421110
v 1.060987 0.683135 1.421109
vn 0.8374 0.4811 -0.2594
vn 0.8471 0.4685 -0.2509
vn -0.0000 -0.3195 -0.9476
vn 0.1958 0.0070 -0.9806
vn 0.1854 0.0051 -0.9826
vn 1.0000 -0.0009 0.0001
vn 0.8399 0.4776 -0.2579
vn 0.0004 -0.0001 -1.0000
vn -0.0000 0.0004 -1.0000
vn 0.9053 -0.4228 -0.0409
vn 0.8805 0.0136 -0.4738
vn -0.0000 -0.2134 -0.9770
vn -0.0000 0.2466 -0.9691
vn 1.0000 -0.0000 -0.0000
vn 0.6499 0.0979 -0.7537
vn 0.6501 0.0998 -0.7533
vn 0.9549 0.0150 -0.2965
vn 0.9456 0.0117 -0.3251
vn 0.9552 0.0146 -0.2956
vn 0.6238 0.0060 -0.7816
vn 0.6156 0.0081 -0.7880
vn 0.6021 -0.1424 -0.7857
vn 0.8952 -0.3609 -0.2614
vn -0.0000 -0.0412 -0.9992
vn -1.0000 -0.0000 -0.0000
vn -0.0000 0.9493 -0.3143
vn 0.8810 0.0129 -0.4729
vn 0.8813 0.0130 -0.4723
vn 0.8808 0.0128 -0.4734
vn 0.8804 0.0120 -0.4740
vn 0.4496 0.8874 0.1021
vn 0.4581 0.8842 0.0916
vn 0.4474 0.8723 0.1971
vn 0.8738 -0.0044 -0.4862
vn -0.0000 0.8660 -0.5001
vn -0.0000 0.5723 -0.8200
vn -0.8804 0.0121 -0.4740
vn -0.8808 0.0128 -0.4733
vn -0.4496 0.8874 0.1021
vn -0.4581 0.8842 0.0916
vn -0.0004 -0.0001 -1.0000
vn -0.9053 -0.4228 -0.0409
vn -0.8805 0.0137 -0.4738
vn -1.0000 -0.0010 0.0001
vn -0.8399 0.4775 -0.2579
vn -0.8376 0.4809 -0.2593
vn -0.8471 0.4685 -0.2509
vn -0.9552 0.0146 -0.2956
vn -0.9549 0.0150 -0.2965
vn -0.9456 0.0117 -0.3251
vn -0.0000 -0.0000 -1.0000
vn 0.1770 -0.0212 -0.9840
vn -0.1770 -0.0212 -0.9840
vn -0.6499 0.0975 -0.7538
vn -0.6501 0.0998 -0.7533
vn -0.8952 -0.3609 -0.2614
vn -0.6021 -0.1423 -0.7857
vn -0.1958 0.0070 -0.9806
vn -0.1854 0.0051 -0.9826
vn -0.6156 0.0081 -0.7880
vn -0.6238 0.0060 -0.7816
vn -0.4474 0.8723 0.1971
vn -0.8739 -0.0044 -0.4862
vn -0.8810 0.0129 -0.4730
vn -0.8813 0.0130 -0.4723
vn -0.0000 0.4727 -0.8812
vn -0.0000 0.4626 -0.8866
vn 0.0003 0.4720 -0.8816
vn -0.0002 0.4626 -0.8866
s 0
f 3715//2617 3733//2617 3737//2617
f 3715//2618 3737//2618 3705//2618
f 3718//2619 3719//2619 3713//2619
f 3718//2619 3713//2619 3707//2619
f 3697//2620 3701//2620 3702//2620
f 3697//2621 3702//2621 3698//2621
f 3738//2622 3706//2622 3705//2622
f 3738//2623 3705//2623 3737//2623
f 3706//2624 3738//2624 3739//2624
f 3706//2625 3739//2625 3720//2625
f 3736//2626 3714//2626 3704//2626
f 3736//2627 3704//2627 3740//2627
f 3720//2628 3718//2628 3707//2628
f 3720//2628 3707//2628 3706//2628
f 3721//2629 3722//2629 3710//2629
f 3721//2629 3710//2629 3712//2629
f 3707//2630 3710//2630 3711//2630
f 3707//2630 3711//2630 3708//2630
f 3707//2630 3713//2630 3712//2630
f 3707//2630 3712//2630 3710//2630
f 3706//2630 3707//2630 3704//2630
f 3706//2630 3704//2630 3705//2630
f 3707//2630 3708//2630 3709//2630
f 3707//2630 3709//2630 3704//2630
f 3701//2631 3733//2631 3715//2631
f 3701//2632 3715//2632 3716//2632
f 3714//2633 3717//2633 3716//2633
f 3714//2634 3716//2634 3715//2634
f 3705//2630 3704//2630 3714//2630
f 3705//2635 3714//2635 3715//2635
f 3716//2636 3717//2636 3702//2636
f 3716//2637 3702//2637 3701//2637
f 3736//2638 3702//2638 3717//2638
f 3736//2639 3717//2639 3714//2639
f 3720//2630 3739//2630 3741//2630
f 3720//2630 3741//2630 3718//2630
f 3719//2640 3721//2640 3712//2640
f 3719//2640 3712//2640 3713//2640
f 3721//2630 3719//2630 3741//2630
f 3721//2630 3741//2630 3722//2630
f 3719//2630 3718//2630 3741//2630
f 3688//2641 3690//2641 3743//2641
f 3691//2641 3732//2641 3743//2641
f 3691//2641 3743//2641 3690//2641
f 3743//2641 3744//2641 3730//2641
f 3743//2641 3730//2641 3689//2641
f 3743//2641 3689//2641 3687//2641
f 3743//2641 3687//2641 3688//2641
f 3724//2642 3708//2642 3725//2642
f 3726//2643 3722//2643 3740//2643
f 3726//2644 3740//2644 3725//2644
f 3740//2645 3723//2645 3724//2645
f 3740//2646 3724//2646 3725//2646
f 3724//2647 3723//2647 3709//2647
f 3724//2648 3709//2648 3708//2648
f 3704//2649 3709//2649 3723//2649
f 3704//2650 3723//2650 3740//2650
f 3741//2630 3742//2630 3740//2630
f 3741//2630 3740//2630 3722//2630
f 3711//2651 3726//2651 3725//2651
f 3711//2651 3725//2651 3708//2651
f 3710//2652 3722//2652 3726//2652
f 3710//2652 3726//2652 3711//2652
f 3682//2629 3691//2629 3690//2629
f 3682//2629 3690//2629 3681//2629
f 3681//2640 3690//2640 3688//2640
f 3681//2640 3688//2640 3680//2640
f 3680//2619 3688//2619 3687//2619
f 3680//2619 3687//2619 3676//2619
f 3676//2628 3687//2628 3689//2628
f 3676//2628 3689//2628 3673//2628
f 3732//2653 3692//2653 3693//2653
f 3732//2654 3693//2654 3694//2654
f 3677//2655 3694//2655 3693//2655
f 3677//2656 3693//2656 3678//2656
f 3730//2657 3727//2657 3673//2657
f 3730//2625 3673//2625 3689//2625
f 3675//2658 3684//2658 3731//2658
f 3675//2659 3731//2659 3732//2659
f 3678//2641 3679//2641 3680//2641
f 3678//2641 3680//2641 3676//2641
f 3679//2641 3682//2641 3681//2641
f 3679//2641 3681//2641 3680//2641
f 3675//2641 3676//2641 3673//2641
f 3675//2641 3673//2641 3674//2641
f 3677//2641 3678//2641 3676//2641
f 3677//2641 3676//2641 3675//2641
f 3674//2660 3673//2660 3727//2660
f 3674//2661 3727//2661 3728//2661
f 3728//2662 3729//2662 3683//2662
f 3728//2663 3683//2663 3674//2663
f 3684//2641 3675//2641 3674//2641
f 3684//2664 3674//2664 3683//2664
f 3685//2665 3686//2665 3684//2665
f 3685//2666 3684//2666 3683//2666
f 3693//2642 3692//2642 3678//2642
f 3736//2667 3735//2667 3698//2667
f 3736//2668 3698//2668 3702//2668
f 3731//2669 3703//2669 3699//2669
f 3698//2667 3734//2667 3731//2667
f 3698//2667 3731//2667 3699//2667
f 3734//2667 3698//2667 3735//2667
f 3683//2670 3729//2670 3700//2670
f 3683//2671 3700//2671 3685//2671
f 3731//2672 3684//2672 3686//2672
f 3731//2673 3686//2673 3703//2673
f 3703//2674 3700//2674 3696//2674
f 3703//2675 3696//2675 3699//2675
f 3685//2676 3700//2676 3703//2676
f 3685//2677 3703//2677 3686//2677
f 3695//2652 3691//2652 3682//2652
f 3695//2652 3682//2652 3679//2652
f 3694//2678 3677//2678 3675//2678
f 3694//2679 3675//2679 3732//2679
f 3732//2680 3691//2680 3695//2680
f 3732//2681 3695//2681 3692//2681
f 3692//2651 3695//2651 3679//2651
f 3692//2651 3679//2651 3678//2651
f 3697//2682 3696//2682 3700//2682
f 3733//2683 3701//2683 3729//2683
f 3698//2667 3699//2667 3696//2667
f 3698//2667 3696//2667 3697//2667
f 3729//2684 3701//2684 3697//2684
f 3729//2685 3697//2685 3700//2685
o Hull_havok_s_armor_5_7
v 0.477898 1.749864 2.389330
v -0.478744 1.749864 2.389330
v 1.016319 1.679831 -0.103700
v -1.017165 1.679831 -0.103700
v -0.478850 1.749862 0.504488
v 0.478004 1.749862 0.504488
v -0.198725 1.749862 0.424601
v 1.016319 1.679831 0.504432
v 1.060987 1.673988 2.383845
v 1.060987 1.676909 1.421110
v 1.060987 1.679831 -0.104134
v -1.017166 1.679831 0.504432
v -1.061844 1.673988 2.383845
v -1.061846 1.676909 1.421110
v -1.061848 1.679831 -0.104134
v 0.502750 1.648313 3.129927
v -0.503597 1.648313 3.129927
v 0.658811 1.627818 3.129927
v -0.659657 1.627818 3.129927
v -0.787709 1.749862 0.138411
v -0.720613 1.749862 0.145446
v -0.566168 1.749862 0.272273
v -0.389948 1.749862 0.366531
v 0.390298 1.749862 0.366764
v 0.566574 1.749862 0.272609
v 0.199041 1.749862 0.424719
v 0.004135 1.749862 0.444324
v -0.905680 1.688998 0.042078
v -0.652759 1.695029 0.331477
v -0.979298 1.682945 -0.156661
v 0.651912 1.695029 0.331477
v 0.904833 1.688998 0.042078
v 0.978451 1.682945 -0.156661
v 0.721094 1.749862 0.145875
v 0.786862 1.749862 0.138411
v 0.847921 1.749862 -0.008570
v 0.868218 1.749862 0.022184
v -0.874416 1.749862 -1.168288
v -0.742909 1.749862 -1.325156
v -0.720183 1.749862 -1.296260
v -0.847011 1.749862 -1.141815
v -0.941271 1.749862 -0.965595
v -0.972874 1.749862 -0.987684
v -0.847347 1.749862 -0.009074
v -0.869065 1.749862 0.022184
v -0.976800 1.749862 -0.162937
v -0.941502 1.749862 -0.185349
v -1.056062 1.749862 -0.585778
v -1.033072 1.749862 -0.793183
v -0.999340 1.749862 -0.774372
v -1.018987 1.749862 -0.575495
v -1.041483 1.749862 -0.399126
v -0.999459 1.749862 -0.376606
v -1.061844 1.694579 -0.398350
v 1.060987 1.694579 -0.398350
v 0.942181 1.749862 -0.184789
v 0.999586 1.749862 -0.376162
v 1.040637 1.749862 -0.399126
v 0.975953 1.749862 -0.162937
v 1.055215 1.749862 -0.585778
v 1.018890 1.749862 -0.574901
v 1.000367 1.749862 -0.773779
v 1.032225 1.749862 -0.793183
v 0.942412 1.749862 -0.965036
v 0.972027 1.749862 -0.987684
v 0.873570 1.749862 -1.168288
v 0.848258 1.749862 -1.141312
v 0.721523 1.749862 -1.295833
v 0.742064 1.749862 -1.325156
v 0.567078 1.749862 -1.422658
v 0.587022 1.749862 -1.458233
v 0.390858 1.749862 -1.516918
v 0.406998 1.749862 -1.552976
v -0.198131 1.749862 -1.575104
v -0.208332 1.749862 -1.612870
v -0.000423 1.749862 -1.633102
v 0.000758 1.749862 -1.594633
v 0.207486 1.749862 -1.612870
v 0.199636 1.749862 -1.574986
v -0.565664 1.749862 -1.422996
v -0.587868 1.749862 -1.458233
v -0.407844 1.749862 -1.552976
v -0.389388 1.749862 -1.517150
vn -0.0101 -0.9986 -0.0515
vn -0.0005 -0.9987 -0.0501
vn -0.0000 -1.0000 -0.0000
vn 0.0101 -0.9986 -0.0515
vn 0.0005 -0.9987 -0.0501
vn 0.0261 -0.9997 -0.0019
vn 0.0031 -1.0000 -0.0030
vn -0.0000 -0.9907 -0.1358
vn 0.1291 -0.9830 -0.1305
vn 0.1291 -0.9830 -0.1304
vn -0.1291 -0.9830 -0.1305
vn -0.1291 -0.9830 -0.1304
vn 0.1290 -0.9916 -0.0000
vn -0.1290 -0.9916 -0.0000
vn -0.0261 -0.9997 -0.0019
vn -0.0031 -1.0000 -0.0030
vn -0.0819 -0.9966 -0.0000
vn -0.0364 -0.9993 -0.0110
vn 0.0820 -0.9966 -0.0000
vn 0.0819 -0.9966 -0.0000
vn 0.0364 -0.9993 -0.0110
s 0
f 3747//2686 3777//2686 3799//2686
f 3747//2687 3799//2687 3755//2687
f 3796//2688 3797//2688 3791//2688
f 3796//2688 3791//2688 3790//2688
f 3802//2688 3803//2688 3800//2688
f 3802//2688 3800//2688 3801//2688
f 3806//2688 3807//2688 3804//2688
f 3806//2688 3804//2688 3805//2688
f 3780//2688 3800//2688 3803//2688
f 3780//2688 3803//2688 3781//2688
f 3798//2689 3774//2689 3748//2689
f 3798//2690 3748//2690 3759//2690
f 3764//2688 3789//2688 3788//2688
f 3764//2688 3788//2688 3765//2688
f 3790//2688 3791//2688 3788//2688
f 3790//2688 3788//2688 3789//2688
f 3794//2688 3795//2688 3792//2688
f 3794//2688 3792//2688 3793//2688
f 3786//2688 3794//2688 3793//2688
f 3786//2688 3793//2688 3787//2688
f 3795//2688 3797//2688 3796//2688
f 3795//2688 3796//2688 3792//2688
f 3805//2688 3804//2688 3802//2688
f 3805//2688 3802//2688 3801//2688
f 3823//2688 3822//2688 3817//2688
f 3823//2688 3817//2688 3816//2688
f 3822//2688 3823//2688 3821//2688
f 3822//2688 3821//2688 3820//2688
f 3826//2688 3827//2688 3824//2688
f 3826//2688 3824//2688 3825//2688
f 3783//2688 3825//2688 3824//2688
f 3783//2688 3824//2688 3784//2688
f 3827//2688 3826//2688 3819//2688
f 3827//2688 3819//2688 3818//2688
f 3820//2688 3821//2688 3818//2688
f 3820//2688 3818//2688 3819//2688
f 3812//2688 3813//2688 3810//2688
f 3812//2688 3810//2688 3811//2688
f 3808//2688 3809//2688 3807//2688
f 3808//2688 3807//2688 3806//2688
f 3811//2688 3810//2688 3809//2688
f 3811//2688 3809//2688 3808//2688
f 3816//2688 3817//2688 3815//2688
f 3816//2688 3815//2688 3814//2688
f 3814//2688 3815//2688 3813//2688
f 3814//2688 3813//2688 3812//2688
f 3756//2691 3758//2691 3759//2691
f 3756//2688 3759//2688 3748//2688
f 3757//2692 3758//2692 3756//2692
f 3745//2693 3760//2693 3761//2693
f 3745//2693 3761//2693 3746//2693
f 3746//2694 3761//2694 3763//2694
f 3746//2695 3763//2695 3757//2695
f 3762//2696 3760//2696 3745//2696
f 3762//2697 3745//2697 3753//2697
f 3746//2698 3757//2698 3756//2698
f 3746//2698 3756//2698 3749//2698
f 3749//2688 3751//2688 3750//2688
f 3749//2688 3750//2688 3745//2688
f 3749//2688 3745//2688 3746//2688
f 3752//2699 3753//2699 3745//2699
f 3752//2699 3745//2699 3750//2699
f 3755//2700 3754//2700 3752//2700
f 3755//2688 3752//2688 3747//2688
f 3753//2701 3752//2701 3754//2701
f 3764//2688 3765//2688 3766//2688
f 3764//2688 3766//2688 3749//2688
f 3769//2688 3778//2688 3779//2688
f 3769//2688 3779//2688 3750//2688
f 3776//2702 3777//2702 3747//2702
f 3776//2702 3747//2702 3752//2702
f 3780//2688 3781//2688 3779//2688
f 3780//2688 3779//2688 3778//2688
f 3785//2688 3786//2688 3787//2688
f 3785//2688 3787//2688 3782//2688
f 3784//2688 3785//2688 3782//2688
f 3784//2688 3782//2688 3783//2688
f 3752//2703 3775//2703 3776//2703
f 3768//2688 3769//2688 3750//2688
f 3768//2688 3750//2688 3770//2688
f 3767//2688 3751//2688 3749//2688
f 3767//2688 3749//2688 3766//2688
f 3750//2688 3751//2688 3771//2688
f 3750//2688 3771//2688 3770//2688
f 3748//2704 3774//2704 3772//2704
f 3748//2705 3772//2705 3756//2705
f 3756//2706 3772//2706 3773//2706
o Hull_havok_s_armor_9_8
v 0.603997 0.468123 1.421108
v -0.604844 0.468123 1.421108
v -0.604844 0.468123 2.350351
v 0.603997 0.468123 2.350351
v -1.061858 0.683139 2.404887
v -0.828795 0.573487 2.404989
v -1.061851 0.683135 1.421109
v -0.782948 0.551918 2.514358
v 1.060987 0.683135 1.421109
v 0.827949 0.573487 2.404989
v 1.060987 0.683139 2.404887
v 0.782102 0.551918 2.514358
vn -0.4257 0.9049 -0.0000
vn -0.4258 0.9048 -0.0000
vn -0.0000 1.0000 -0.0000
vn 0.4257 0.9049 -0.0000
s 0
f 3831//2707 3837//2707 3836//2707
f 3831//2707 3836//2707 3828//2707
f 3837//2708 3838//2708 3836//2708
f 3839//2707 3837//2707 3831//2707
f 3830//2709 3831//2709 3828//2709
f 3830//2709 3828//2709 3829//2709
f 3829//2710 3834//2710 3832//2710
f 3829//2710 3832//2710 3833//2710
f 3833//2710 3835//2710 3830//2710
f 3833//2710 3830//2710 3829//2710
o Hull_havok_s_armor_11_9
v -0.327369 1.726563 -1.747775
v -0.438021 1.731758 -1.545436
v -0.598801 1.716866 -1.467690
v -0.622572 1.648323 -1.906548
v -0.620873 1.669521 -1.762287
v -0.622768 1.652398 -1.878024
v -0.838652 1.683044 -1.566588
v -0.908892 1.683044 -1.623037
v -0.643837 1.683044 -1.746648
v -0.633354 1.683044 -1.649781
v -0.932895 1.683043 -1.672791
v -0.926092 1.683044 -1.736148
v -0.910607 1.683044 -1.775463
v -0.852372 1.683043 -1.813897
v -0.770341 1.683045 -1.845734
v -0.661586 1.683044 -1.804239
v -0.736913 1.683044 -1.847918
v -0.701380 1.683044 -1.838427
v -0.364534 1.692658 -1.866030
v -0.663061 1.640376 -1.923584
v -1.061846 1.568653 -2.020780
v -0.629084 1.648319 -1.896745
v -0.628178 1.648662 -1.895735
v -0.713271 1.631403 -1.935208
v -0.914465 1.600707 -1.927317
v -0.623201 1.674591 -1.723658
v -0.626965 1.679367 -1.684896
v -0.934264 1.683044 -1.612405
v -0.797875 1.683044 -1.401404
v -0.753597 1.700997 -1.343893
v -0.848225 1.675619 -1.376823
v -0.958728 1.659317 -1.322899
v -0.891441 1.694048 -1.183941
v -0.984423 1.653067 -1.327396
v -0.955786 1.659489 -1.326153
v -0.927960 1.665054 -1.329615
v -0.896832 1.670065 -1.341905
v -0.881720 1.671321 -1.356021
v -1.006272 1.646407 -1.345161
v -1.146159 1.647981 -1.118452
v -1.138979 1.560319 -1.979802
v -1.006396 1.591815 -1.874627
v -0.945281 1.596402 -1.922506
v -0.980369 1.592542 -1.906918
v -1.005420 1.591647 -1.877738
v -1.115695 1.560829 -2.013882
v -0.993756 1.699505 -0.991677
v -1.061844 1.676673 -1.047021
v -1.000743 1.648076 -1.337330
v -1.005890 1.646641 -1.343469
v -1.061844 1.682681 -0.774323
v 0.632509 1.683044 -1.649781
v 0.837805 1.683044 -1.566588
v 0.797028 1.683044 -1.401404
v 0.597955 1.716866 -1.467690
v 0.847378 1.675619 -1.376823
v 0.752750 1.700997 -1.343893
v 0.621921 1.652398 -1.878024
v 0.620026 1.669521 -1.762287
v 0.621725 1.648323 -1.906548
v 0.622355 1.674591 -1.723658
v 0.626119 1.679367 -1.684896
v 0.437174 1.731758 -1.545436
v 0.326523 1.726563 -1.747775
v 0.363688 1.692658 -1.866030
v 1.060987 1.568653 -2.020780
v 0.662215 1.640376 -1.923584
v 0.628237 1.648319 -1.896745
v 0.627332 1.648662 -1.895735
v 0.769494 1.683045 -1.845734
v 0.851526 1.683043 -1.813897
v 0.642991 1.683044 -1.746648
v 0.660740 1.683044 -1.804239
v 0.700533 1.683044 -1.838427
v 0.736067 1.683044 -1.847918
v 0.210629 1.738923 -1.612845
v -0.000423 1.737816 -1.633406
v -0.279718 1.731414 -1.752614
v 0.278872 1.731414 -1.752614
v -0.211475 1.738923 -1.612845
v 0.908046 1.683044 -1.623037
v 0.925245 1.683044 -1.736148
v 0.932048 1.683043 -1.672791
v 0.933417 1.683044 -1.612405
v 0.909760 1.683044 -1.775463
v 0.880873 1.671321 -1.356021
v 0.895985 1.670065 -1.341905
v 0.913618 1.600707 -1.927317
v 0.712425 1.631403 -1.935208
v 0.944435 1.596402 -1.922506
v 0.979522 1.592542 -1.906918
v 1.005549 1.591815 -1.874627
v 1.004573 1.591647 -1.877738
v 1.114849 1.560829 -2.013882
v 1.138132 1.560319 -1.979802
v 1.145312 1.647981 -1.118452
v 1.005426 1.646407 -1.345161
v 1.060987 1.676673 -1.047021
v 0.992910 1.699505 -0.991677
v 0.890595 1.694048 -1.183941
v 0.983577 1.653067 -1.327396
v 0.999897 1.648076 -1.337330
v 1.005043 1.646641 -1.343469
v 0.957882 1.659317 -1.322899
v 0.927114 1.665054 -1.329615
v 0.954939 1.659489 -1.326153
v 1.060987 1.682681 -0.774323
vn -0.0000 -0.9986 0.0537
vn -0.0000 -0.9986 0.0536
vn -0.0000 -1.0000 -0.0000
vn 0.0468 -0.9976 0.0512
vn 0.1017 -0.9948 0.0038
vn -0.0468 -0.9976 0.0512
vn -0.1017 -0.9948 0.0038
vn -0.2109 -0.9675 0.1397
vn -0.1814 -0.9731 0.1422
vn -0.1406 -0.9848 0.1022
vn -0.1547 -0.9837 0.0912
vn -0.1510 -0.9835 0.0999
vn -0.1547 -0.9837 0.0913
vn -0.1532 -0.9830 0.1014
vn -0.1531 -0.9830 0.1013
vn -0.3025 -0.9529 0.0210
vn -0.2109 -0.9675 0.1396
vn -0.2108 -0.9675 0.1395
vn -0.1438 -0.9844 0.1015
vn -0.1545 -0.9837 0.0918
vn -0.1538 -0.9835 0.0948
vn -0.1525 -0.9835 0.0968
vn -0.1517 -0.9836 0.0978
vn -0.1521 -0.9832 0.1007
vn -0.1599 -0.9819 0.1013
vn -0.1546 -0.9838 0.0909
vn -0.1503 -0.9837 0.0989
vn -0.1481 -0.9839 0.0998
vn 0.1546 -0.9837 0.0915
vn 0.1538 -0.9835 0.0948
vn 0.2109 -0.9675 0.1397
vn 0.1547 -0.9837 0.0912
vn 0.1510 -0.9835 0.0999
vn 0.1814 -0.9731 0.1422
vn 0.1406 -0.9848 0.1022
vn 0.1546 -0.9838 0.0909
vn 0.1532 -0.9830 0.1014
vn 0.1531 -0.9830 0.1013
vn 0.3025 -0.9529 0.0210
vn 0.1481 -0.9839 0.0998
vn 0.1503 -0.9837 0.0988
vn 0.2109 -0.9675 0.1396
vn 0.2109 -0.9675 0.1395
vn 0.1525 -0.9835 0.0968
vn 0.1517 -0.9836 0.0978
vn 0.1438 -0.9844 0.1015
vn 0.1599 -0.9819 0.1013
vn 0.1521 -0.9832 0.1006
s 0
f 3916//2711 3919//2711 3917//2711
f 3917//2712 3918//2712 3915//2712
f 3917//2712 3915//2712 3916//2712
f 3912//2713 3913//2713 3914//2713
f 3912//2713 3914//2713 3909//2713
f 3919//2714 3841//2714 3840//2714
f 3919//2715 3840//2715 3917//2715
f 3911//2713 3921//2713 3922//2713
f 3911//2713 3922//2713 3920//2713
f 3911//2713 3920//2713 3892//2713
f 3911//2713 3892//2713 3891//2713
f 3903//2716 3902//2716 3915//2716
f 3903//2717 3915//2717 3918//2717
f 3911//2713 3912//2713 3909//2713
f 3911//2713 3909//2713 3910//2713
f 3891//2718 3894//2718 3901//2718
f 3894//2718 3898//2718 3900//2718
f 3894//2718 3900//2718 3901//2718
f 3894//2718 3899//2718 3897//2718
f 3894//2718 3897//2718 3898//2718
f 3903//2719 3899//2719 3894//2719
f 3903//2720 3894//2720 3902//2720
f 3908//2718 3897//2718 3899//2718
f 3899//2721 3904//2721 3906//2721
f 3899//2722 3906//2722 3907//2722
f 3904//2723 3905//2723 3906//2723
f 3923//2713 3920//2713 3922//2713
f 3942//2724 3936//2724 3935//2724
f 3942//2725 3935//2725 3941//2725
f 3940//2718 3941//2718 3935//2718
f 3940//2718 3935//2718 3937//2718
f 3939//2718 3940//2718 3937//2718
f 3939//2718 3937//2718 3938//2718
f 3939//2718 3896//2718 3943//2718
f 3939//2718 3943//2718 3940//2718
f 3937//2726 3946//2726 3938//2726
f 3944//2727 3896//2727 3926//2727
f 3896//2728 3944//2728 3945//2728
f 3896//2718 3945//2718 3943//2718
f 3936//2729 3931//2729 3905//2729
f 3928//2730 3906//2730 3905//2730
f 3928//2731 3905//2731 3927//2731
f 3925//2718 3926//2718 3896//2718
f 3925//2718 3896//2718 3895//2718
f 3924//2713 3921//2713 3911//2713
f 3924//2713 3911//2713 3910//2713
f 3929//2732 3927//2732 3905//2732
f 3929//2733 3905//2733 3930//2733
f 3935//2734 3936//2734 3905//2734
f 3935//2735 3905//2735 3934//2735
f 3933//2736 3934//2736 3905//2736
f 3932//2737 3930//2737 3905//2737
f 3932//2738 3905//2738 3931//2738
f 3860//2739 3859//2739 3863//2739
f 3860//2740 3863//2740 3864//2740
f 3862//2741 3843//2741 3845//2741
f 3859//2742 3858//2742 3843//2742
f 3859//2743 3843//2743 3861//2743
f 3865//2741 3844//2741 3842//2741
f 3865//2741 3842//2741 3866//2741
f 3849//2741 3842//2741 3868//2741
f 3849//2713 3868//2713 3846//2713
f 3867//2713 3850//2713 3847//2713
f 3866//2741 3842//2741 3849//2741
f 3858//2742 3859//2742 3860//2742
f 3848//2713 3849//2713 3846//2713
f 3848//2713 3846//2713 3847//2713
f 3842//2741 3844//2741 3845//2741
f 3842//2741 3845//2741 3843//2741
f 3842//2744 3843//2744 3840//2744
f 3842//2745 3840//2745 3841//2745
f 3850//2713 3851//2713 3848//2713
f 3850//2713 3848//2713 3847//2713
f 3856//2713 3857//2713 3855//2713
f 3856//2713 3855//2713 3854//2713
f 3854//2713 3855//2713 3848//2713
f 3854//2713 3848//2713 3853//2713
f 3852//2713 3853//2713 3848//2713
f 3852//2713 3848//2713 3851//2713
f 3869//2741 3870//2741 3868//2741
f 3869//2741 3868//2741 3842//2741
f 3879//2741 3888//2741 3873//2741
f 3879//2741 3873//2741 3887//2741
f 3872//2741 3886//2741 3887//2741
f 3872//2741 3887//2741 3873//2741
f 3885//2746 3860//2746 3880//2746
f 3879//2747 3878//2747 3889//2747
f 3879//2748 3889//2748 3888//2748
f 3893//2718 3895//2718 3896//2718
f 3893//2718 3896//2718 3894//2718
f 3891//2713 3892//2713 3893//2713
f 3891//2718 3893//2718 3894//2718
f 3887//2749 3886//2749 3890//2749
f 3884//2750 3881//2750 3860//2750
f 3884//2751 3860//2751 3883//2751
f 3875//2752 3876//2752 3869//2752
f 3874//2753 3875//2753 3869//2753
f 3874//2752 3869//2752 3871//2752
f 3871//2741 3869//2741 3872//2741
f 3871//2741 3872//2741 3873//2741
f 3869//2741 3876//2741 3877//2741
f 3869//2741 3877//2741 3870//2741
f 3860//2754 3864//2754 3882//2754
f 3860//2755 3882//2755 3883//2755
f 3878//2756 3860//2756 3881//2756
f 3879//2757 3880//2757 3860//2757
f 3879//2758 3860//2758 3878//2758
o Hull_havok_s_armor_6_10
v 0.772637 0.849919 3.097601
v 0.603997 0.468123 2.350351
v -0.604844 0.468123 2.350351
v -0.782948 0.551918 2.514358
v -0.773484 0.849919 3.097601
v 0.782102 0.551918 2.514358
vn -0.0000 0.8905 -0.4550
s 0
f 3948//2759 3947//2759 3952//2759
f 3951//2759 3947//2759 3950//2759
f 3949//2759 3950//2759 3947//2759
f 3949//2759 3947//2759 3948//2759
o Hull_havok_s_armor_8_11
v -0.389948 1.749862 0.366531
v -0.720184 1.749862 -1.296260
v -0.198725 1.749862 0.424601
v -0.566168 1.749862 0.272273
v -0.720612 1.749862 0.145446
v -0.941503 1.749862 -0.185349
v -0.999458 1.749862 -0.376606
v -0.847347 1.749862 -0.009075
v -1.018987 1.749862 -0.575496
v -0.999339 1.749862 -0.774372
v -0.941270 1.749862 -0.965595
v -0.847011 1.749862 -1.141816
v 0.566574 1.749862 0.272609
v 0.721094 1.749862 0.145875
v 0.390299 1.749862 0.366764
v 0.199041 1.749862 0.424719
v 0.004135 1.749862 0.444323
v 0.942181 1.749862 -0.184789
v 0.847922 1.749862 -0.008570
v 0.999587 1.749862 -0.376162
v 1.018890 1.749862 -0.574901
v -0.565664 1.749862 -1.422995
v 1.000367 1.749862 -0.773779
v 0.848258 1.749862 -1.141312
v 0.942412 1.749862 -0.965036
v 0.721523 1.749862 -1.295833
v 0.567079 1.749862 -1.422659
v 0.199636 1.749862 -1.574986
v 0.390857 1.749862 -1.516918
v -0.198131 1.749862 -1.575104
v 0.000759 1.749862 -1.594633
v -0.389388 1.749862 -1.517151
vn -0.0000 -1.0000 -0.0000
s 0
f 3974//2760 3975//2760 3973//2760
f 3974//2760 3973//2760 3954//2760
f 3974//2760 3976//2760 3977//2760
f 3974//2760 3977//2760 3975//2760
f 3954//2760 3970//2760 3971//2760
f 3954//2760 3971//2760 3966//2760
f 3954//2760 3973//2760 3972//2760
f 3954//2760 3972//2760 3970//2760
f 3974//2760 3982//2760 3983//2760
f 3974//2760 3983//2760 3980//2760
f 3982//2760 3974//2760 3984//2760
f 3974//2760 3979//2760 3978//2760
f 3974//2760 3978//2760 3976//2760
f 3974//2760 3980//2760 3981//2760
f 3974//2760 3981//2760 3979//2760
f 3954//2760 3968//2760 3969//2760
f 3954//2760 3969//2760 3955//2760
f 3954//2760 3960//2760 3958//2760
f 3954//2760 3958//2760 3959//2760
f 3961//2760 3962//2760 3954//2760
f 3961//2760 3954//2760 3959//2760
f 3953//2760 3954//2760 3955//2760
f 3956//2760 3957//2760 3954//2760
f 3956//2760 3954//2760 3953//2760
f 3965//2760 3954//2760 3966//2760
f 3967//2760 3968//2760 3954//2760
f 3967//2760 3954//2760 3965//2760
f 3963//2760 3964//2760 3954//2760
f 3963//2760 3954//2760 3962//2760
f 3960//2760 3954//2760 3957//2760
o Hull_havok_s_armor_13_12
v 0.867259 1.226849 -2.765425
v 0.574281 1.277322 -2.754932
v 0.562494 1.163856 -2.778529
v 0.880958 1.163862 -2.778524
v 0.518456 1.172584 -2.763471
v 0.850207 1.328639 -2.744253
v 0.600451 1.357435 -2.738272
v 0.665533 1.409755 -2.727386
v 0.827896 1.368864 -2.735891
v 0.739394 1.415583 -2.726178
vn -0.0000 -0.2037 0.9790
vn -0.0000 -0.2035 0.9791
vn -0.0000 -0.2036 0.9791
vn -0.0000 -0.2036 0.9790
vn 0.2755 -0.2231 0.9351
s 0
f 3991//2761 3990//2761 3992//2761
f 3990//2762 3993//2762 3994//2762
f 3990//2762 3994//2762 3992//2762
f 3990//2763 3991//2763 3986//2763
f 3990//2764 3986//2764 3985//2764
f 3987//2764 3988//2764 3985//2764
f 3987//2763 3985//2763 3986//2763
f 3989//2765 3987//2765 3986//2765
o Hull_havok_s_armor_14_13
v 0.603224 1.444323 -2.617243
v 0.682322 1.618974 -1.993173
v 0.179887 1.601782 -2.022846
v 0.511119 1.468602 -2.523873
v 0.747973 1.426260 -2.697880
v 0.943066 1.461941 -2.452693
v 1.002160 1.480889 -2.351336
v 1.029075 1.532921 -2.141660
vn -0.1290 -0.9584 0.2544
vn -0.1289 -0.9585 0.2544
vn 0.0280 -0.9635 0.2661
vn -0.1380 -0.9586 0.2493
vn 0.0171 -0.9634 0.2674
vn 0.0172 -0.9634 0.2674
s 0
f 4000//2766 4001//2766 4002//2766
f 4000//2767 4002//2767 3996//2767
f 3996//2768 3995//2768 3999//2768
f 3996//2769 3999//2769 4000//2769
f 3997//2770 3998//2770 3995//2770
f 3997//2771 3995//2771 3996//2771
o Hull_havok_s_armor_15_14
v 0.368366 1.434757 -2.515570
v 0.176690 1.598321 -2.028816
v 0.173308 1.581808 -2.057312
v 0.230533 1.383972 -2.487468
v 0.143484 1.330518 -2.490936
vn 0.4625 -0.7805 0.4205
vn 0.3880 -0.8167 0.4272
s 0
f 4005//2772 4007//2772 4006//2772
f 4005//2773 4006//2773 4003//2773
f 4005//2773 4003//2773 4004//2773
o Hull_havok_s_armor_16_15
v 0.176690 1.598321 -2.028816
v 0.368366 1.434757 -2.515570
v 0.511119 1.468602 -2.523873
v 0.179887 1.601782 -2.022846
v 1.029075 1.532921 -2.141660
v 1.002160 1.480889 -2.351336
v 1.061036 1.442295 -2.370125
v 1.060987 1.493582 -2.209545
v 0.943066 1.461941 -2.452693
v 1.020861 1.446223 -2.404002
v 0.827896 1.368864 -2.735891
v 0.839155 1.379706 -2.704851
v 0.747974 1.426260 -2.697880
v 0.739394 1.415583 -2.726178
v 0.665533 1.409755 -2.727386
v 0.646485 1.416849 -2.703493
v 0.603224 1.444323 -2.617243
v 0.589369 1.433335 -2.637628
v 0.494049 1.447417 -2.560296
v 0.984430 1.438889 -2.457417
vn 0.1700 -0.9111 0.3755
vn 0.1956 -0.8848 0.4230
vn 0.0687 -0.9401 0.3339
vn 0.2332 -0.8841 0.4050
vn -0.4126 -0.8212 0.3942
vn -0.4017 -0.8089 0.4293
vn -0.3854 -0.8186 0.4258
vn -0.4666 -0.8426 0.2690
vn -0.4665 -0.8426 0.2690
vn 0.2334 -0.8903 0.3910
vn 0.2338 -0.8901 0.3912
vn -0.4126 -0.8213 0.3941
vn -0.3854 -0.8186 0.4257
s 0
f 4026//2774 4025//2774 4024//2774
f 4026//2775 4024//2775 4010//2775
f 4023//2776 4020//2776 4024//2776
f 4023//2774 4024//2774 4025//2774
f 4026//2777 4010//2777 4009//2777
f 4027//2778 4017//2778 4016//2778
f 4019//2779 4027//2779 4016//2779
f 4019//2780 4016//2780 4020//2780
f 4014//2781 4015//2781 4012//2781
f 4014//2782 4012//2782 4013//2782
f 4010//2783 4011//2783 4008//2783
f 4010//2784 4008//2784 4009//2784
f 4016//2785 4017//2785 4014//2785
f 4016//2785 4014//2785 4013//2785
f 4020//2776 4023//2776 4022//2776
f 4020//2776 4022//2776 4021//2776
f 4020//2786 4021//2786 4018//2786
f 4020//2780 4018//2780 4019//2780
o Hull_havok_s_armor_17_16
v 0.349075 1.310055 -2.574763
v 0.436781 1.321860 -2.591614
v 0.240058 1.337783 -2.536348
v 0.519705 1.309781 -2.656896
v 0.316303 1.268874 -2.597309
v 0.431723 1.255105 -2.621070
v 0.243391 1.280589 -2.577094
v 0.477742 1.412552 -2.585867
v 0.356638 1.388342 -2.549979
v 0.231524 1.364148 -2.514360
v 0.186384 1.286475 -2.566936
v 0.574281 1.277322 -2.754932
v 0.480032 1.227018 -2.669538
v 0.518456 1.172584 -2.763471
v 0.588030 1.371073 -2.711800
v 0.528747 1.386005 -2.646068
v 0.600451 1.357435 -2.738272
vn 0.7591 -0.3607 0.5420
vn 0.7095 -0.1809 0.6810
vn 0.7215 -0.4289 0.5436
vn 0.5396 -0.3738 0.7544
vn 0.5395 -0.3738 0.7545
vn 0.5620 -0.3026 0.7698
vn 0.7096 -0.1809 0.6810
vn 0.1358 -0.6083 0.7820
vn 0.0857 -0.5748 0.8138
vn 0.1374 -0.5576 0.8187
vn 0.2249 -0.4076 0.8850
vn 0.1070 -0.5416 0.8338
vn 0.3151 -0.2011 0.9275
vn 0.2197 -0.3137 0.9238
vn 0.3254 -0.5413 0.7753
vn 0.1408 -0.5690 0.8102
vn 0.2435 -0.3140 0.9177
s 0
f 4031//2787 4039//2787 4042//2787
f 4031//2788 4042//2788 4043//2788
f 4040//2789 4041//2789 4039//2789
f 4040//2789 4039//2789 4031//2789
f 4044//2787 4042//2787 4039//2787
f 4029//2790 4033//2790 4040//2790
f 4029//2791 4040//2791 4031//2791
f 4035//2792 4029//2792 4031//2792
f 4035//2793 4031//2793 4043//2793
f 4030//2794 4037//2794 4038//2794
f 4030//2795 4038//2795 4034//2795
f 4034//2796 4032//2796 4028//2796
f 4033//2797 4029//2797 4028//2797
f 4033//2798 4028//2798 4032//2798
f 4029//2799 4035//2799 4036//2799
f 4029//2800 4036//2800 4028//2800
f 4037//2801 4030//2801 4036//2801
f 4030//2802 4034//2802 4028//2802
f 4030//2803 4028//2803 4036//2803
o Hull_havok_s_armor_18_17
v -0.000423 1.737816 -1.633406
v -0.000423 1.749862 -1.633102
v -0.208332 1.749862 -1.612871
v -0.211476 1.738923 -1.612845
v 0.210629 1.738923 -1.612845
v 0.207485 1.749862 -1.612871
vn -0.0968 -0.0255 0.9950
vn -0.0968 -0.0251 0.9950
vn 0.0968 -0.0255 0.9950
vn 0.0968 -0.0251 0.9950
s 0
f 4045//2804 4049//2804 4050//2804
f 4045//2805 4050//2805 4046//2805
f 4047//2806 4048//2806 4045//2806
f 4047//2807 4045//2807 4046//2807
o Hull_havok_s_armor_19_18
v -0.407844 1.749862 -1.552976
v -0.438020 1.731758 -1.545436
v -0.211476 1.738923 -1.612845
v -0.208332 1.749862 -1.612871
v 0.406997 1.749862 -1.552976
v 0.207485 1.749862 -1.612871
v 0.210629 1.738923 -1.612845
v 0.437174 1.731758 -1.545436
vn -0.2866 -0.0802 0.9547
vn -0.2866 -0.0801 0.9547
vn 0.2866 -0.0802 0.9547
vn 0.2866 -0.0801 0.9547
s 0
f 4057//2808 4058//2808 4055//2808
f 4057//2809 4055//2809 4056//2809
f 4053//2810 4054//2810 4051//2810
f 4053//2811 4051//2811 4052//2811
o Hull_havok_s_armor_20_19
v -0.438020 1.731758 -1.545436
v -0.407844 1.749862 -1.552976
v -0.587868 1.749862 -1.458233
v -0.598801 1.716866 -1.467690
v 0.587021 1.749862 -1.458233
v 0.406997 1.749862 -1.552976
v 0.437174 1.731758 -1.545436
v 0.597954 1.716866 -1.467690
vn -0.4312 -0.3777 0.8194
vn -0.4312 -0.3776 0.8194
vn 0.4312 -0.3777 0.8194
vn 0.4312 -0.3776 0.8194
s 0
f 4065//2812 4066//2812 4063//2812
f 4065//2813 4063//2813 4064//2813
f 4061//2814 4062//2814 4059//2814
f 4061//2815 4059//2815 4060//2815
o Hull_havok_s_armor_21_20
v -0.598801 1.716866 -1.467690
v -0.587868 1.749862 -1.458233
v -0.742910 1.749862 -1.325156
v -0.753597 1.700997 -1.343892
v 0.742063 1.749862 -1.325156
v 0.587021 1.749862 -1.458233
v 0.597954 1.716866 -1.467690
v 0.752750 1.700997 -1.343892
vn -0.5976 -0.3977 0.6962
vn -0.5976 -0.3976 0.6963
vn 0.5976 -0.3976 0.6962
vn 0.5976 -0.3976 0.6963
s 0
f 4073//2816 4074//2816 4071//2816
f 4073//2817 4071//2817 4072//2817
f 4069//2818 4070//2818 4067//2818
f 4069//2819 4067//2819 4068//2819
o Hull_havok_s_armor_22_21
v 0.742063 1.749862 -1.325156
v 0.752750 1.700997 -1.343892
v 0.890595 1.694048 -1.183941
v 0.873569 1.749862 -1.168287
v -0.742910 1.749862 -1.325156
v -0.874416 1.749862 -1.168287
v -0.891441 1.694048 -1.183941
v -0.753596 1.700997 -1.343892
vn 0.7081 -0.3824 0.5936
vn 0.7081 -0.3825 0.5936
vn -0.7081 -0.3825 0.5936
vn -0.7081 -0.3824 0.5936
s 0
f 4081//2820 4082//2820 4079//2820
f 4081//2821 4079//2821 4080//2821
f 4077//2822 4078//2822 4075//2822
f 4077//2823 4075//2823 4076//2823
o Hull_havok_s_armor_23_22
v 0.992910 1.699505 -0.991677
v 0.972027 1.749862 -0.987684
v 0.873570 1.749862 -1.168287
v 0.890595 1.694048 -1.183941
v -0.874416 1.749862 -1.168287
v -0.972874 1.749862 -0.987684
v -0.993756 1.699505 -0.991677
v -0.891441 1.694048 -1.183941
vn 0.8146 -0.3730 0.4441
vn -0.8146 -0.3730 0.4441
s 0
f 4089//2824 4090//2824 4087//2824
f 4089//2824 4087//2824 4088//2824
f 4085//2825 4086//2825 4083//2825
f 4085//2825 4083//2825 4084//2825
o Hull_havok_s_armor_12_23
v 0.143484 1.330518 -2.490936
v 0.153223 1.312121 -2.522680
v 0.231524 1.364148 -2.514360
v 0.230533 1.383972 -2.487468
v 0.337027 1.414834 -2.520253
v 0.368366 1.434757 -2.515570
vn 0.3848 -0.7361 0.5569
vn 0.3848 -0.7361 0.5568
vn 0.4217 -0.7223 0.5480
vn 0.4217 -0.7224 0.5480
s 0
f 4095//2826 4096//2826 4094//2826
f 4095//2827 4094//2827 4093//2827
f 4093//2828 4094//2828 4091//2828
f 4093//2829 4091//2829 4092//2829
o Hull_havok_s_armor_24_24
v 0.872534 1.323121 -2.713295
v 0.999472 1.326402 -2.498037
v 1.012429 1.345587 -2.464930
v 0.984431 1.438889 -2.457417
v 0.839155 1.379706 -2.704851
v 1.040395 1.378077 -2.408864
v 1.020861 1.446223 -2.404002
v 1.060983 1.390907 -2.386723
v 1.061036 1.442295 -2.370125
v 0.964267 1.266282 -2.601783
v 0.867259 1.226849 -2.765425
v 0.898235 1.185089 -2.741886
v 0.850207 1.328639 -2.744253
v 0.827896 1.368864 -2.735891
v 0.880958 1.163862 -2.778524
v 0.998007 1.322287 -2.505137
v 0.978693 1.283372 -2.572292
vn -0.7930 -0.2845 0.5388
vn -0.7409 -0.5034 0.4446
vn -0.7779 -0.4202 0.4672
vn -0.8063 -0.2468 0.5375
vn -0.8063 -0.2469 0.5375
vn -0.7796 -0.2640 0.5679
vn -0.7844 -0.2800 0.5535
vn -0.7900 -0.2989 0.5353
vn -0.8241 -0.2866 0.4886
vn -0.7930 -0.2846 0.5387
vn -0.6399 -0.2356 0.7315
s 0
f 4107//2830 4111//2830 4108//2830
f 4101//2831 4110//2831 4109//2831
f 4101//2831 4109//2831 4097//2831
f 4113//2832 4112//2832 4097//2832
f 4113//2833 4097//2833 4106//2833
f 4112//2831 4098//2831 4101//2831
f 4112//2831 4101//2831 4097//2831
f 4109//2834 4107//2834 4097//2834
f 4102//2835 4103//2835 4100//2835
f 4102//2836 4100//2836 4099//2836
f 4100//2837 4101//2837 4098//2837
f 4100//2838 4098//2838 4099//2838
f 4107//2839 4108//2839 4106//2839
f 4107//2834 4106//2834 4097//2834
f 4104//2840 4105//2840 4103//2840
f 4104//2840 4103//2840 4102//2840
o Hull_havok_s_armor_25_25
v 0.368366 1.434757 -2.515570
v 0.337027 1.414834 -2.520253
v 0.477742 1.412552 -2.585867
v 0.494049 1.447417 -2.560296
v 0.589369 1.433335 -2.637628
v 0.528747 1.386005 -2.646068
v 0.588030 1.371073 -2.711800
v 0.646485 1.416849 -2.703493
v 0.600452 1.357435 -2.738272
v 0.665533 1.409755 -2.727386
vn 0.4563 -0.6856 0.5673
vn 0.4188 -0.6496 0.6345
vn 0.4077 -0.6563 0.6348
vn 0.3116 -0.6524 0.6909
vn 0.3115 -0.6524 0.6908
s 0
f 4122//2841 4123//2841 4121//2841
f 4122//2841 4121//2841 4120//2841
f 4119//2842 4118//2842 4117//2842
f 4119//2843 4117//2843 4116//2843
f 4116//2844 4117//2844 4114//2844
f 4116//2845 4114//2845 4115//2845
f 4120//2841 4121//2841 4118//2841
f 4120//2841 4118//2841 4119//2841
o Hull_havok_s_armor_26_26
v 0.186384 1.286475 -2.566936
v 0.231524 1.364148 -2.514360
v 0.153223 1.312121 -2.522680
vn 0.3676 -0.6583 0.6569
s 0
f 4124//2846 4125//2846 4126//2846
o Hull_havok_s_armor_27_27
v 0.356638 1.388342 -2.549979
v 0.477742 1.412552 -2.585867
v 0.337027 1.414834 -2.520253
v 0.231524 1.364148 -2.514360
vn 0.3358 -0.5822 0.7404
vn 0.3246 -0.5896 0.7396
s 0
f 4127//2847 4128//2847 4129//2847
f 4127//2848 4129//2848 4130//2848
o Gun_02_havok_s_gun_0
v 0.059644 2.015837 -2.073666
v 0.059644 2.015837 -1.121085
v 0.076018 2.037066 -1.121085
v 0.076018 2.037066 -2.073666
v 0.086421 2.062292 -1.121085
v 0.086421 2.062292 -2.073666
v 0.038260 1.999353 -2.073666
v 0.038260 1.999353 -1.121085
v 0.013217 1.988863 -2.073666
v 0.013217 1.988863 -1.121085
v -0.086957 2.015837 -2.073666
v -0.086957 2.015837 -1.121085
v -0.065381 1.999353 -1.121085
v -0.065381 1.999353 -2.073666
v -0.040338 1.988863 -1.121085
v -0.040338 1.988863 -2.073666
v -0.103332 2.037066 -2.073666
v -0.113734 2.062292 -2.073666
v -0.117202 2.089016 -2.073666
v -0.117202 2.089016 -1.121085
v -0.113734 2.115741 -2.073666
v -0.113734 2.115741 -1.121085
v -0.103332 2.140717 -1.121085
v -0.103332 2.140717 -2.073666
v -0.086957 2.162196 -2.073666
v -0.086957 2.162196 -1.121085
v 0.184476 1.776318 -1.121085
v 0.184476 2.287325 -1.121085
v 0.086421 2.115741 -1.121085
v 0.090081 2.089016 -1.121085
v -0.209863 1.776318 -1.121085
v 0.038260 2.178680 -1.121085
v 0.013217 2.189170 -1.121085
v -0.013560 2.192667 -1.121085
v -0.040338 2.189170 -1.121085
v -0.065381 2.178680 -1.121085
v 0.059644 2.162196 -1.121085
v 0.076018 2.140717 -1.121085
v -0.209863 1.776068 -0.871984
v 0.184476 1.776068 -0.871984
v -0.013560 1.985366 -1.121085
v 0.184476 1.901197 -0.505252
v -0.209863 1.901197 -0.505252
v -0.209863 2.212897 -0.505252
v 0.184476 2.212897 -0.505252
v 0.184476 2.287325 -0.588286
v -0.209863 2.287325 -0.588286
v 0.184476 1.901197 -0.816629
v -0.209863 1.901197 -0.816629
v -0.209863 1.833513 -0.816629
v -0.209863 1.797547 -0.837387
v 0.184476 1.797547 -0.837387
v 0.184476 1.833513 -0.816629
v -0.065381 2.178680 -2.073666
v -0.076554 2.151956 -2.864792
v -0.040338 2.189170 -2.073666
v -0.090617 2.133474 -2.864792
v -0.013560 2.192667 -2.073666
v 0.013217 2.189170 -2.073666
v 0.038260 2.178680 -2.073666
v -0.013560 1.985366 -2.073666
v 0.049241 2.026077 -2.864792
v 0.076018 2.140717 -2.073666
v 0.059644 2.162196 -2.073666
v 0.086421 2.115741 -2.073666
v 0.090081 2.089016 -2.073666
v 0.049241 2.151956 -2.864792
v 0.063497 2.133474 -2.864792
v 0.072358 2.111994 -2.864792
v 0.075248 2.089016 -2.864792
v 0.072358 2.066039 -2.864792
v 0.063497 2.044559 -2.864792
v -0.099479 2.111994 -2.864792
v 0.039924 2.035453 -5.630565
v 0.053931 2.050015 -3.744779
v 0.051953 2.051123 -5.630565
v 0.061766 2.068771 -3.744779
v 0.059550 2.069404 -5.630565
v 0.064378 2.088952 -3.744779
v 0.062083 2.088952 -5.630565
v 0.061766 2.109211 -3.744779
v 0.059550 2.108578 -5.630565
v 0.051953 2.126860 -5.630565
v 0.039924 2.142529 -5.630565
v -0.086780 2.108578 -5.630565
v -0.079182 2.126860 -5.630565
v -0.086780 2.069404 -5.630565
v -0.089312 2.088952 -5.630565
v -0.067153 2.035453 -5.630565
v -0.079182 2.051123 -5.630565
v -0.070873 2.031733 -5.630565
v -0.083773 2.048511 -5.630565
v -0.013575 2.010999 -3.744779
v -0.013575 2.013294 -5.630565
v -0.033202 2.015826 -5.630565
v 0.005972 2.015826 -5.630565
v 0.024254 2.023424 -5.630565
v -0.013575 2.007991 -5.630565
v -0.034547 2.010761 -5.630565
v 0.007318 2.010761 -5.630565
v -0.054095 2.018834 -5.630565
v -0.051483 2.023424 -5.630565
v 0.043643 2.031733 -5.630565
v 0.026865 2.018834 -5.630565
v 0.024254 2.154559 -5.630565
v 0.005972 2.162156 -5.630565
v 0.006606 2.164372 -3.744779
v -0.013575 2.164689 -5.630565
v -0.013575 2.166984 -3.744779
v -0.033835 2.164372 -3.744779
v -0.033202 2.162156 -5.630565
v 0.026865 2.159149 -5.630565
v 0.043643 2.146249 -5.630565
v 0.007318 2.167221 -5.630565
v -0.034547 2.167221 -5.630565
v -0.013575 2.169991 -5.630565
v -0.051483 2.154559 -5.630565
v -0.070873 2.146249 -5.630565
v -0.054095 2.159149 -5.630565
v -0.067153 2.142529 -5.630565
v -0.070873 2.146249 -5.821377
v -0.054095 2.159149 -5.821377
v -0.034547 2.167221 -5.821377
v -0.083773 2.129472 -5.630565
v -0.013575 2.169991 -5.821377
v 0.007318 2.167221 -5.821377
v 0.026865 2.159149 -5.821377
v -0.094615 2.088952 -5.821377
v 0.064615 2.109924 -5.821377
v 0.056543 2.129472 -5.821377
v 0.043643 2.146249 -5.821377
v 0.067385 2.088952 -5.821377
v 0.064615 2.068059 -5.821377
v 0.056543 2.129472 -5.630565
v 0.064615 2.109924 -5.630565
v 0.067385 2.088952 -5.630565
v -0.091845 2.109924 -5.630565
v -0.091845 2.109924 -5.821377
v -0.083773 2.129472 -5.821377
v -0.094615 2.088952 -5.630565
v -0.070873 2.031733 -5.821377
v -0.054095 2.018834 -5.821377
v -0.034547 2.010761 -5.821377
v -0.083773 2.048511 -5.821377
v 0.026865 2.018834 -5.821377
v 0.043643 2.031733 -5.821377
v 0.007318 2.010761 -5.821377
v -0.013575 2.007991 -5.821377
v -0.091845 2.068059 -5.821377
v -0.091845 2.068059 -5.630565
v 0.056543 2.048511 -5.821377
v 0.064615 2.068059 -5.630565
v 0.056543 2.048511 -5.630565
v 0.100922 2.044742 -3.659618
v 0.079873 2.017326 -3.659618
v 0.114175 2.076576 -3.659618
v 0.052457 1.996276 -3.659618
v 0.119373 2.110748 -3.139779
v 0.118593 2.110878 -3.659618
v 0.080263 2.063842 -3.659618
v 0.083511 2.089049 -3.659618
v 0.070518 2.040454 -3.659618
v 0.080263 2.114127 -3.659618
v 0.020753 1.982373 -3.139779
v 0.020623 1.983023 -3.659618
v -0.013550 1.991858 -3.659618
v -0.047852 1.983023 -3.659618
v -0.013550 1.978605 -3.659618
v -0.038757 1.995107 -3.659618
v -0.013550 1.977826 -3.139779
v -0.142055 2.076446 -3.139779
v -0.128152 2.044742 -3.659618
v -0.141405 2.076576 -3.659618
v -0.146602 2.110748 -3.139779
v -0.145823 2.110878 -3.659618
v -0.107102 2.017326 -3.659618
v -0.110741 2.089049 -3.659618
v -0.107492 2.114127 -3.659618
v -0.079686 1.996276 -3.659618
v -0.062145 2.004852 -3.659618
v 0.100922 2.176885 -3.659618
v 0.114175 2.145051 -3.659618
v 0.079873 2.204301 -3.659618
v 0.052457 2.225350 -3.659618
v -0.013680 2.243801 -3.139779
v -0.013680 2.243021 -3.659618
v 0.020623 2.238604 -3.659618
v 0.020753 2.239253 -3.139779
v -0.047982 2.239253 -3.139779
v -0.047852 2.238604 -3.659618
v -0.142055 2.145181 -3.139779
v -0.141405 2.145051 -3.659618
v -0.128152 2.176885 -3.659618
v -0.107102 2.204301 -3.659618
v -0.082285 2.157655 -3.659618
v -0.062145 2.173117 -3.659618
v -0.079686 2.225350 -3.659618
v -0.097747 2.137515 -3.659618
v 0.034916 2.173117 -3.659618
v 0.011527 2.182862 -3.659618
v 0.054666 2.157265 -3.744780
v -0.038757 2.182862 -3.659618
v -0.013550 2.186110 -3.659618
v 0.055055 2.157655 -3.659618
v 0.070518 2.137515 -3.659618
v -0.081895 2.157265 -3.744780
v -0.110221 2.089049 -3.744780
v 0.034656 2.005372 -3.744780
v 0.034916 2.004852 -3.659618
v 0.055055 2.020314 -3.659618
v 0.011527 1.995107 -3.659618
v -0.097747 2.040454 -3.659618
v -0.097227 2.040714 -3.744780
v -0.106973 2.063972 -3.744780
v -0.107492 2.063842 -3.659618
v -0.082285 2.020314 -3.659618
v -0.081895 2.020704 -3.744780
v -0.061885 2.005372 -3.744780
v -0.036635 2.174901 -3.096778
v -0.013568 2.177913 -3.096778
v 0.009404 2.174901 -3.096778
v -0.081732 2.157106 -3.096778
v -0.061773 2.172452 -3.096778
v -0.038518 2.182056 -3.096778
v 0.011287 2.182056 -3.096778
v 0.034542 2.172452 -3.096778
v -0.106682 2.113892 -3.096778
v -0.097079 2.137147 -3.096778
v -0.109977 2.089036 -3.096778
v -0.013568 2.000066 -3.096778
v -0.036635 2.003078 -3.096778
v 0.009404 2.003078 -3.096778
v -0.090676 2.044504 -3.096778
v -0.099526 2.065970 -3.096778
v -0.106682 2.064087 -3.096778
v 0.054502 2.157106 -3.096778
v 0.069848 2.137147 -3.096778
v 0.079451 2.113892 -3.096778
v 0.082746 2.089036 -3.096778
v 0.079451 2.064087 -3.096778
v -0.013662 2.185351 -3.096778
v 0.054313 2.157106 -3.139779
v 0.079263 2.064087 -3.139779
v 0.069565 2.040832 -3.139779
v 0.054313 2.020873 -3.139779
v 0.054502 2.020873 -3.096778
v 0.069848 2.040832 -3.096778
v 0.034542 2.005526 -3.096778
v -0.013662 1.992628 -3.096778
v 0.011287 1.995923 -3.096778
v -0.081732 2.020873 -3.096778
v -0.061773 2.005526 -3.096778
v -0.082015 2.020873 -3.139779
v -0.097267 2.040832 -3.139779
v -0.103343 2.037185 -1.120239
v -0.113694 2.062174 -1.120239
v -0.209863 2.287325 -1.120239
v -0.058093 2.166029 -2.864792
v -0.036638 2.174915 -2.864792
v -0.090654 2.133468 -3.096778
v -0.076517 2.151892 -3.096778
v -0.058093 2.166028 -3.096778
v -0.013615 2.177947 -2.864792
v 0.009409 2.174915 -2.864792
v 0.030864 2.166029 -2.864792
v -0.058093 2.011950 -2.864792
v -0.076517 2.026087 -2.864792
v -0.036638 2.003064 -2.864792
v -0.013615 2.000032 -2.864792
v 0.009409 2.003064 -2.864792
v 0.030864 2.011950 -2.864792
v 0.030864 2.011950 -3.096778
v 0.049287 2.026087 -3.096778
v 0.049287 2.151892 -3.096778
v 0.063424 2.133468 -3.096778
v 0.072311 2.112013 -3.096778
v 0.030864 2.166028 -3.096778
v 0.075342 2.088989 -3.096778
v 0.072311 2.065966 -3.096778
v 0.063424 2.044511 -3.096778
v -0.099541 2.065966 -2.864792
v -0.102572 2.088989 -2.864792
v -0.099541 2.112013 -3.096778
v -0.102572 2.088989 -3.096778
v -0.090654 2.044511 -2.864792
v 0.041543 2.033833 -3.744780
v 0.053939 2.127992 -3.744780
v 0.041543 2.144148 -3.744780
v 0.079696 2.063987 -3.744779
v 0.082988 2.088990 -3.744780
v 0.079697 2.113993 -3.744780
v 0.070046 2.137291 -3.744780
v 0.054694 2.020682 -3.744779
v 0.070046 2.040689 -3.744780
v -0.088961 2.109179 -3.744780
v -0.081168 2.127992 -3.744780
v -0.097275 2.137291 -3.744780
v -0.106926 2.113993 -3.744780
v -0.088961 2.068801 -3.744779
v -0.091619 2.088990 -3.744780
v -0.081168 2.049988 -3.744780
v -0.068772 2.033833 -3.744779
v -0.033804 2.013644 -3.744779
v 0.006574 2.013644 -3.744780
v 0.025387 2.021437 -3.744780
v -0.038617 1.995679 -3.744780
v -0.013615 1.992387 -3.744780
v 0.011388 1.995679 -3.744780
v -0.052617 2.021437 -3.744779
v 0.025387 2.156544 -3.744780
v -0.013615 2.185593 -3.744780
v -0.038617 2.182302 -3.744780
v 0.011388 2.182302 -3.744780
v 0.034687 2.172651 -3.744779
v -0.052617 2.156544 -3.744779
v -0.061916 2.172651 -3.744779
v -0.068772 2.144148 -3.744779
v 0.080422 2.016777 -3.139780
v 0.101556 2.044319 -3.139780
v 0.114842 2.076393 -3.139780
v 0.052879 1.995642 -3.139780
v 0.082503 2.088989 -3.139780
v 0.079220 2.113930 -3.139780
v -0.048034 1.982357 -3.139780
v -0.013859 1.992628 -3.139780
v 0.011081 1.995911 -3.139780
v -0.038799 1.995911 -3.139780
v -0.062039 2.005538 -3.139780
v 0.034322 2.005538 -3.139780
v -0.128786 2.044319 -3.139780
v -0.110220 2.088989 -3.139780
v -0.106937 2.064049 -3.139780
v -0.106937 2.113930 -3.139780
v -0.107651 2.016777 -3.139780
v -0.080108 1.995642 -3.139780
v 0.114842 2.145233 -3.139780
v 0.101556 2.177307 -3.139780
v 0.069593 2.137170 -3.139780
v 0.080422 2.204849 -3.139780
v 0.052879 2.225984 -3.139780
v 0.011081 2.182068 -3.139780
v -0.013859 2.185351 -3.139780
v -0.038799 2.182068 -3.139780
v 0.034322 2.172441 -3.139780
v -0.128786 2.177307 -3.139780
v -0.107651 2.204849 -3.139780
v -0.080108 2.225984 -3.139780
v -0.097310 2.137170 -3.139780
v -0.081997 2.157127 -3.139780
v -0.062039 2.172441 -3.139780
v -0.058093 2.011950 -3.096778
v -0.076517 2.026087 -3.096778
v -0.038556 1.995911 -3.096778
v -0.097067 2.040809 -3.096778
vn 0.3863 -0.9224 -0.0000
vn 0.1295 0.9916 -0.0000
vn 0.6071 -0.7946 -0.0000
vn -0.1295 -0.9916 -0.0000
vn -0.3863 -0.9224 -0.0000
vn -0.1295 0.9916 -0.0000
vn -0.9908 -0.1357 -0.0000
vn -0.6079 -0.7938 0.0183
vn -0.6104 -0.7919 0.0184
vn -0.9908 0.1357 -0.0000
vn -0.7953 -0.6063 -0.0000
vn -0.9231 -0.3845 -0.0000
vn -0.3826 -0.9237 0.0183
vn -0.3863 -0.9222 0.0185
vn 0.6087 0.7932 0.0183
vn 0.6070 0.7945 0.0182
vn -0.1305 -0.9913 0.0185
vn -0.1295 -0.9914 0.0185
vn 0.6087 -0.7934 0.0003
vn 0.6062 -0.7953 -0.0000
vn 0.1305 -0.9913 0.0184
vn 0.1295 -0.9914 0.0185
vn 0.3826 0.9237 0.0182
vn 0.3863 0.9222 0.0184
vn -0.6088 0.7934 -0.0001
vn -0.6094 0.7928 -0.0000
vn 0.1295 -0.9916 -0.0000
vn -0.3826 0.9237 0.0184
vn -0.3863 0.9222 0.0183
vn 0.1305 0.9913 0.0184
vn 0.1295 0.9914 0.0184
vn -0.1305 0.9913 0.0184
vn -0.1295 0.9914 0.0184
vn -0.6105 -0.7920 -0.0000
vn 0.7957 -0.6054 0.0183
vn 0.7951 -0.6062 0.0183
vn 0.9243 -0.3813 0.0183
vn 0.9230 -0.3844 0.0185
vn 0.9914 -0.1305 -0.0000
vn 0.9911 -0.1333 -0.0003
vn 0.9909 -0.1332 0.0183
vn 0.9915 -0.1287 0.0185
vn 0.9239 -0.3827 -0.0003
vn 0.9244 -0.3814 -0.0001
vn 0.7932 0.6087 0.0184
vn 0.7917 0.6106 0.0184
vn -0.9243 0.3813 0.0182
vn -0.9243 0.3812 0.0182
vn -0.6093 0.7927 0.0183
vn -0.6104 0.7919 0.0183
vn -0.7934 0.6088 0.0001
vn -0.7918 0.6107 -0.0001
vn 0.9237 0.3826 0.0183
vn 0.9243 0.3812 0.0184
vn -0.7917 0.6106 0.0183
vn -0.9920 -0.1248 0.0182
vn -0.9906 -0.1357 0.0186
vn -0.7934 -0.6088 -0.0000
vn -0.7918 -0.6107 0.0003
vn -0.9920 0.1248 0.0182
vn -0.9906 0.1357 0.0186
vn -0.7917 -0.6106 0.0183
vn -0.7951 -0.6062 0.0181
vn -0.9243 -0.3813 0.0182
vn -0.9230 -0.3844 0.0181
vn -0.9239 -0.3827 0.0003
vn -0.9244 -0.3814 0.0002
vn -0.9239 0.3827 0.0001
vn -0.9244 0.3814 0.0002
vn 0.9913 0.1305 0.0183
vn 0.9915 0.1287 0.0184
vn -0.9914 -0.1305 0.0002
vn -0.9922 -0.1248 -0.0004
vn -0.6088 -0.7934 -0.0000
vn -0.6080 -0.7939 0.0001
vn -0.9914 0.1305 -0.0004
vn -0.9922 0.1248 0.0002
vn 0.7934 -0.6088 -0.0001
vn 0.7958 -0.6055 0.0003
vn -0.0000 -0.0000 1.0000
vn 0.0050 -0.0021 1.0000
vn 0.0039 -0.0030 1.0000
vn 0.9231 -0.3845 -0.0000
vn 0.0071 -0.0009 1.0000
vn 0.1056 0.0451 0.9934
vn -0.0016 -0.0123 0.9999
vn 0.0009 -0.0070 1.0000
vn 0.0030 -0.0039 1.0000
vn 0.0021 -0.0050 1.0000
vn 0.0021 -0.0029 1.0000
vn -0.0738 -0.1760 0.9816
vn 0.0309 -0.0159 0.9994
vn -0.0039 -0.0017 1.0000
vn -0.3863 0.9224 -0.0000
vn 0.6071 0.7946 -0.0000
vn -0.6105 0.7920 -0.0000
vn -0.7918 0.6107 -0.0000
vn -0.9245 0.3812 -0.0000
vn 0.3863 0.9224 -0.0000
vn 0.9917 -0.1287 -0.0000
vn 0.7953 -0.6063 -0.0000
vn 0.9916 0.1296 -0.0000
vn 0.9917 0.1287 -0.0000
vn 0.7933 0.6089 -0.0001
vn 0.7918 0.6107 -0.0000
vn 0.9239 0.3827 -0.0000
vn 0.9245 0.3812 -0.0000
vn -0.0000 0.8496 -0.5275
vn -0.0000 0.4999 -0.8661
vn 1.0000 -0.0000 -0.0000
vn -0.0000 -0.0000 -1.0000
vn 0.6061 -0.7951 0.0183
vn 0.6070 -0.7945 0.0183
vn 0.3826 -0.9237 0.0184
vn 0.3863 -0.9222 0.0183
vn -0.0000 1.0000 -0.0000
vn -1.0000 -0.0000 -0.0000
vn -0.0000 1.0000 0.0010
vn -0.0000 -0.7446 -0.6675
vn -0.0000 -1.0000 -0.0000
vn -0.7928 -0.6095 -0.0000
vn -0.6095 -0.7928 -0.0000
vn -0.9914 -0.1309 -0.0000
vn 0.7928 -0.6095 -0.0000
vn 0.9243 -0.3817 -0.0000
vn 0.9914 -0.1309 -0.0000
vn 0.1309 -0.9914 -0.0000
vn -0.1314 -0.9913 -0.0000
vn -0.3817 -0.9243 -0.0000
vn 0.6095 -0.7928 -0.0000
vn 0.3817 -0.9243 -0.0000
vn -0.9243 -0.3817 -0.0000
vn -0.9243 0.3817 -0.0000
vn -0.9913 0.1314 -0.0000
vn -0.7928 0.6095 -0.0000
vn -0.0000 -0.0001 -1.0000
vn -0.0000 0.0001 -1.0000
vn -0.6095 0.7928 -0.0000
vn 0.6095 0.7928 -0.0000
vn 0.3817 0.9243 -0.0000
vn 0.7928 0.6095 -0.0000
vn 0.9243 0.3817 -0.0000
vn 0.9913 0.1314 -0.0000
vn -0.3817 0.9243 -0.0000
vn 0.1309 0.9914 -0.0000
vn -0.1314 0.9913 -0.0000
vn 0.7934 0.6088 0.0012
vn 0.7932 0.6089 0.0012
vn 0.9239 0.3827 0.0012
vn 0.9234 0.3838 0.0012
vn 0.9914 0.1305 0.0012
vn 0.9917 0.1285 0.0012
vn 0.9914 -0.1305 0.0012
vn 0.9918 -0.1280 0.0012
vn 0.1297 0.9916 0.0012
vn 0.1280 0.9918 0.0012
vn -0.1285 0.9917 0.0012
vn -0.1302 0.9915 0.0012
vn -0.3827 0.9239 0.0012
vn -0.3838 0.9234 0.0012
vn -0.9918 -0.1280 0.0012
vn -0.9918 -0.1278 0.0012
vn -0.7934 -0.6088 0.0012
vn -0.7932 -0.6089 0.0012
vn -0.9234 -0.3838 0.0012
vn -0.9230 -0.3847 0.0012
vn -0.7940 0.6079 0.0012
vn -0.7932 0.6089 0.0012
vn -0.9234 0.3838 0.0012
vn -0.9227 0.3854 0.0012
vn -0.9917 0.1285 0.0012
vn -0.9917 0.1283 0.0012
vn 0.0001 -0.0000 1.0000
vn -0.0001 -0.0000 1.0000
vn 0.9239 -0.3827 0.0012
vn 0.9234 -0.3838 0.0012
vn -0.0000 0.0001 1.0000
vn -0.0000 -0.0001 1.0000
vn 0.6088 -0.7934 0.0012
vn 0.6089 -0.7932 0.0012
vn 0.7934 -0.6088 0.0012
vn 0.7932 -0.6089 0.0012
vn 0.3847 -0.9230 0.0012
vn 0.3838 -0.9234 0.0012
vn 0.3827 0.9239 0.0012
vn 0.3838 0.9234 0.0012
vn -0.6088 0.7933 0.0012
vn -0.6089 0.7932 0.0012
vn 0.0001 -0.0001 1.0000
vn 0.6087 0.7934 0.0012
vn 0.6089 0.7932 0.0012
vn 0.1280 -0.9918 0.0012
vn 0.1278 -0.9918 0.0012
vn -0.1285 -0.9917 0.0012
vn -0.1283 -0.9917 0.0012
vn -0.6088 -0.7934 0.0012
vn -0.6089 -0.7932 0.0012
vn -0.3847 -0.9230 0.0012
vn -0.3838 -0.9234 0.0012
vn -0.3846 0.9231 0.0068
vn -0.3845 0.9231 0.0068
vn -0.6071 0.7946 0.0060
vn -0.6090 0.7932 0.0067
vn -0.6101 -0.7923 0.0060
vn -0.6090 -0.7932 0.0064
vn -0.9239 -0.3827 0.0067
vn -0.9231 -0.3846 0.0061
vn 0.7923 -0.6101 0.0060
vn 0.7932 -0.6090 0.0064
vn 0.3827 -0.9239 0.0061
vn 0.3846 -0.9231 0.0067
vn -0.7932 -0.6090 0.0060
vn -0.7923 -0.6101 0.0064
vn 0.9239 -0.3827 0.0067
vn 0.9231 -0.3846 0.0061
vn 0.9914 -0.1310 0.0061
vn 0.9917 -0.1285 0.0068
vn 0.6101 -0.7923 0.0064
vn 0.6090 -0.7932 0.0060
vn 0.0002 -0.0000 1.0000
vn 0.6082 0.7938 0.0067
vn 0.6090 0.7932 0.0064
vn 0.3845 0.9231 0.0068
vn 0.3846 0.9231 0.0068
vn -0.0001 -0.0001 1.0000
vn 0.0001 0.0001 1.0000
vn 0.7938 0.6082 0.0064
vn 0.7932 0.6090 0.0067
vn -0.0000 0.0003 1.0000
vn 0.1305 0.9914 0.0061
vn 0.1278 0.9918 0.0069
vn -0.1305 0.9914 0.0069
vn -0.1285 0.9917 0.0063
vn -0.9914 -0.1305 0.0062
vn -0.9917 -0.1285 0.0068
vn 0.9231 0.3846 0.0062
vn 0.9223 0.3864 0.0068
vn 0.9917 0.1285 0.0062
vn 0.9918 0.1278 0.0061
vn -0.7933 0.6088 0.0061
vn -0.7932 0.6090 0.0060
vn -0.9239 0.3827 0.0068
vn -0.9231 0.3846 0.0062
vn -0.9914 0.1305 0.0068
vn -0.9918 0.1278 0.0060
vn -0.1305 -0.9914 0.0061
vn -0.1285 -0.9917 0.0067
vn 0.9243 0.3817 0.0014
vn 0.9232 0.3843 0.0012
vn 0.9918 0.1277 0.0015
vn 0.9913 0.1314 0.0013
vn 0.6088 0.7934 0.0015
vn 0.6090 0.7932 0.0015
vn 0.3827 0.9239 0.0013
vn 0.3843 0.9232 0.0014
vn 0.7933 0.6088 0.0015
vn 0.7932 0.6090 0.0015
vn -0.1314 0.9913 0.0015
vn -0.1282 0.9917 0.0013
vn -0.9914 0.1308 0.0015
vn -0.9918 0.1277 0.0013
vn -0.7933 0.6088 0.0015
vn -0.7932 0.6090 0.0015
vn -0.9239 0.3827 0.0013
vn -0.9232 0.3843 0.0014
vn -0.6088 0.7933 0.0015
vn -0.6090 0.7932 0.0015
vn 0.1303 0.9915 0.0013
vn 0.1277 0.9918 0.0015
vn -0.3817 0.9243 0.0014
vn -0.3843 0.9232 0.0012
vn 0.6088 -0.7934 0.0015
vn 0.6090 -0.7932 0.0015
vn 0.3818 -0.9243 0.0014
vn 0.3843 -0.9232 0.0012
vn 0.9917 -0.1282 0.0013
vn 0.9914 -0.1309 0.0015
vn 0.7933 -0.6088 0.0015
vn 0.7932 -0.6090 0.0015
vn -0.3827 -0.9239 0.0067
vn -0.3846 -0.9231 0.0061
vn 0.1305 -0.9914 0.0067
vn 0.1278 -0.9918 0.0059
vn 0.9243 -0.3818 0.0014
vn 0.9232 -0.3843 0.0012
vn -0.7933 -0.6088 0.0015
vn -0.7932 -0.6090 0.0015
vn -0.6088 -0.7933 0.0015
vn -0.6090 -0.7932 0.0015
vn -0.9239 -0.3827 0.0014
vn -0.9232 -0.3843 0.0013
vn -0.9915 -0.1303 0.0013
vn -0.9917 -0.1282 0.0015
vn -0.1309 -0.9914 0.0013
vn -0.1277 -0.9918 0.0015
vn 0.1282 -0.9917 0.0013
vn 0.1314 -0.9913 0.0015
vn -0.3818 -0.9243 0.0013
vn -0.3843 -0.9232 0.0014
vn -0.6086 0.7934 0.0033
vn -0.6095 0.7928 0.0027
vn -0.9229 0.3849 0.0061
vn -0.9243 0.3817 0.0040
vn -0.1305 0.9914 0.0006
vn -0.1309 0.9914 0.0004
vn 0.1305 0.9914 -0.0007
vn 0.1308 0.9914 -0.0006
vn -0.6086 -0.7934 0.0033
vn -0.6095 -0.7928 0.0027
vn -0.3827 -0.9239 0.0016
vn -0.3817 -0.9243 0.0022
vn -0.9916 0.1290 0.0043
vn -0.9914 0.1309 0.0055
vn -0.9914 -0.1305 0.0052
vn -0.9913 -0.1314 0.0058
vn -0.7928 0.6095 0.0052
vn -0.7946 0.6072 0.0035
vn 0.9231 0.3845 -0.0058
vn 0.9243 0.3818 -0.0041
vn 0.0001 0.0003 -1.0000
vn 0.9914 0.1305 -0.0057
vn 0.9914 0.1309 -0.0060
vn 0.7946 0.6072 -0.0034
vn 0.7926 0.6097 -0.0052
vn -0.3827 0.9239 0.0016
vn -0.3817 0.9243 0.0022
vn 0.3827 0.9239 -0.0021
vn 0.3826 0.9239 -0.0022
vn 0.6089 0.7932 -0.0040
vn 0.6095 0.7928 -0.0036
vn -0.9239 -0.3827 0.0053
vn -0.9243 -0.3817 0.0046
vn -0.1305 0.9914 0.0001
vn -0.1300 0.9915 0.0001
vn -0.3821 0.9241 -0.0000
vn -0.3827 0.9239 0.0001
vn 0.1305 0.9914 0.0001
vn 0.1295 0.9916 0.0002
vn 0.6088 0.7934 -0.0000
vn 0.6087 0.7934 -0.0000
vn 0.9239 0.3827 0.0001
vn 0.9245 0.3812 -0.0001
vn 0.9914 0.1305 -0.0000
vn 0.9914 0.1312 0.0001
vn 0.3827 0.9239 -0.0000
vn 0.3821 0.9241 0.0001
vn 0.7934 0.6088 -0.0001
vn -0.3827 -0.9239 -0.0000
vn -0.3821 -0.9241 0.0001
vn 0.3821 -0.9241 -0.0000
vn 0.3827 -0.9239 0.0001
vn 0.1305 -0.9914 0.0002
vn 0.1295 -0.9916 0.0001
vn -0.1305 -0.9914 0.0001
vn -0.1300 -0.9915 0.0001
vn 0.6088 -0.7933 -0.0041
vn 0.6095 -0.7928 -0.0036
vn 0.3827 -0.9239 -0.0021
vn 0.3817 -0.9243 -0.0027
vn 0.1305 -0.9914 -0.0011
vn 0.1314 -0.9913 -0.0006
vn -0.7937 -0.6083 0.0035
vn -0.7928 -0.6095 0.0044
vn -0.1305 -0.9914 0.0006
vn -0.1309 -0.9914 0.0004
vn 0.9914 -0.1305 -0.0055
vn 0.9913 -0.1314 -0.0060
vn 0.7934 -0.6087 -0.0046
vn 0.7928 -0.6095 -0.0052
vn 0.9239 -0.3827 -0.0058
vn 0.9243 -0.3817 -0.0052
s 0
f 4166//2849 4184//2849 4186//2849
f 4166//2849 4186//2849 4165//2849
f 4171//2850 4191//2850 4146//2850
f 4171//2850 4146//2850 4145//2850
f 4184//2851 4166//2851 4156//2851
f 4184//2851 4156//2851 4155//2851
f 4164//2852 4188//2852 4189//2852
f 4164//2852 4189//2852 4163//2852
f 4163//2853 4189//2853 4190//2853
f 4163//2853 4190//2853 4162//2853
f 4191//2854 4171//2854 4140//2854
f 4191//2854 4140//2854 4139//2854
f 4159//2855 4195//2855 4196//2855
f 4159//2855 4196//2855 4160//2855
f 4395//2856 4197//2856 4194//2856
f 4395//2857 4194//2857 4190//2857
f 4160//2858 4196//2858 4136//2858
f 4160//2858 4136//2858 4135//2858
f 4167//2859 4194//2859 4193//2859
f 4167//2859 4193//2859 4168//2859
f 4168//2860 4193//2860 4195//2860
f 4168//2860 4195//2860 4159//2860
f 4394//2861 4395//2861 4190//2861
f 4394//2862 4190//2862 4189//2862
f 4396//2863 4397//2863 4141//2863
f 4396//2864 4141//2864 4144//2864
f 4393//2865 4394//2865 4189//2865
f 4393//2866 4189//2866 4188//2866
f 4185//2867 4391//2867 4392//2867
f 4185//2868 4392//2868 4388//2868
f 4389//2869 4393//2869 4188//2869
f 4389//2870 4188//2870 4186//2870
f 4398//2871 4396//2871 4144//2871
f 4398//2872 4144//2872 4146//2872
f 4192//2873 4403//2873 4402//2873
f 4192//2874 4402//2874 4401//2874
f 4165//2875 4186//2875 4188//2875
f 4165//2875 4188//2875 4164//2875
f 4401//2876 4400//2876 4139//2876
f 4401//2877 4139//2877 4137//2877
f 4399//2878 4398//2878 4146//2878
f 4399//2879 4146//2879 4191//2879
f 4400//2880 4399//2880 4191//2880
f 4400//2881 4191//2881 4139//2881
f 4162//2882 4190//2882 4194//2882
f 4162//2882 4194//2882 4167//2882
f 4154//2883 4187//2883 4185//2883
f 4154//2884 4185//2884 4155//2884
f 4203//2885 4187//2885 4154//2885
f 4203//2886 4154//2886 4151//2886
f 4412//2887 4414//2887 4413//2887
f 4412//2888 4413//2888 4203//2888
f 4149//2889 4412//2889 4203//2889
f 4149//2890 4203//2890 4151//2890
f 4203//2891 4413//2891 4390//2891
f 4203//2892 4390//2892 4187//2892
f 4397//2893 4415//2893 4147//2893
f 4397//2894 4147//2894 4141//2894
f 4201//2895 4202//2895 4134//2895
f 4201//2896 4134//2896 4136//2896
f 4192//2897 4401//2897 4137//2897
f 4192//2898 4137//2898 4131//2898
f 4202//2899 4410//2899 4403//2899
f 4202//2900 4403//2900 4192//2900
f 4415//2901 4411//2901 4148//2901
f 4415//2902 4148//2902 4147//2902
f 4202//2903 4192//2903 4131//2903
f 4202//2903 4131//2903 4134//2903
f 4195//2904 4199//2904 4200//2904
f 4195//2905 4200//2905 4196//2905
f 4197//2906 4404//2906 4405//2906
f 4197//2907 4405//2907 4198//2907
f 4200//2908 4201//2908 4136//2908
f 4200//2909 4136//2909 4196//2909
f 4194//2910 4197//2910 4198//2910
f 4194//2911 4198//2911 4193//2911
f 4198//2912 4199//2912 4195//2912
f 4198//2913 4195//2913 4193//2913
f 4198//2914 4405//2914 4406//2914
f 4198//2915 4406//2915 4199//2915
f 4201//2916 4409//2916 4410//2916
f 4201//2917 4410//2917 4202//2917
f 4411//2918 4412//2918 4149//2918
f 4411//2919 4149//2919 4148//2919
f 4199//2920 4406//2920 4408//2920
f 4199//2921 4408//2921 4200//2921
f 4395//2922 4407//2922 4404//2922
f 4395//2923 4404//2923 4197//2923
f 4200//2924 4408//2924 4409//2924
f 4200//2925 4409//2925 4201//2925
f 4187//2926 4390//2926 4391//2926
f 4187//2927 4391//2927 4185//2927
f 4143//2928 4142//2928 4157//2928
f 4143//2928 4157//2928 4145//2928
f 4157//2928 4133//2928 4132//2928
f 4157//2928 4132//2928 4138//2928
f 4387//2929 4152//2929 4153//2929
f 4387//2930 4153//2930 4156//2930
f 4154//2931 4153//2931 4152//2931
f 4154//2931 4152//2931 4151//2931
f 4150//2932 4152//2932 4387//2932
f 4150//2933 4387//2933 4386//2933
f 4158//2928 4135//2928 4133//2928
f 4158//2928 4133//2928 4157//2928
f 4164//2934 4163//2934 4387//2934
f 4164//2935 4387//2935 4165//2935
f 4387//2936 4156//2936 4166//2936
f 4387//2937 4166//2937 4165//2937
f 4162//2938 4158//2938 4387//2938
f 4162//2939 4387//2939 4163//2939
f 4160//2928 4135//2928 4158//2928
f 4160//2928 4158//2928 4159//2928
f 4161//2940 4142//2940 4385//2940
f 4161//2941 4385//2941 4387//2941
f 4139//2942 4140//2942 4138//2942
f 4139//2942 4138//2942 4137//2942
f 4143//2943 4144//2943 4141//2943
f 4143//2943 4141//2943 4142//2943
f 4137//2944 4138//2944 4132//2944
f 4137//2944 4132//2944 4131//2944
f 4133//2945 4134//2945 4131//2945
f 4133//2945 4131//2945 4132//2945
f 4135//2946 4136//2946 4134//2946
f 4135//2946 4134//2946 4133//2946
f 4145//2947 4146//2947 4144//2947
f 4145//2947 4144//2947 4143//2947
f 4151//2948 4152//2948 4150//2948
f 4151//2948 4150//2948 4149//2948
f 4155//2949 4156//2949 4153//2949
f 4155//2949 4153//2949 4154//2949
f 4149//2950 4150//2950 4386//2950
f 4149//2951 4386//2951 4148//2951
f 4147//2952 4385//2952 4142//2952
f 4147//2953 4142//2953 4141//2953
f 4148//2954 4386//2954 4385//2954
f 4148//2955 4385//2955 4147//2955
f 4168//2928 4159//2928 4158//2928
f 4168//2928 4158//2928 4167//2928
f 4181//2956 4182//2956 4170//2956
f 4181//2956 4170//2956 4169//2956
f 4183//2957 4182//2957 4181//2957
f 4183//2957 4181//2957 4180//2957
f 4387//2958 4181//2958 4169//2958
f 4387//2958 4169//2958 4161//2958
f 4179//2958 4177//2958 4174//2958
f 4179//2958 4174//2958 4173//2958
f 4180//2958 4181//2958 4387//2958
f 4180//2958 4387//2958 4179//2958
f 4183//2959 4180//2959 4179//2959
f 4183//2959 4179//2959 4178//2959
f 4185//2960 4388//2960 4184//2960
f 4185//2961 4184//2961 4155//2961
f 4388//2962 4389//2962 4186//2962
f 4388//2963 4186//2963 4184//2963
f 4172//2964 4178//2964 4179//2964
f 4172//2964 4179//2964 4173//2964
f 4178//2965 4157//2965 4183//2965
f 4182//2965 4183//2965 4157//2965
f 4182//2965 4157//2965 4170//2965
f 4157//2928 4140//2928 4171//2928
f 4157//2928 4171//2928 4145//2928
f 4140//2928 4157//2928 4138//2928
f 4161//2928 4157//2928 4142//2928
f 4167//2928 4158//2928 4162//2928
f 4161//2966 4169//2966 4170//2966
f 4161//2966 4170//2966 4157//2966
f 4174//2959 4175//2959 4172//2959
f 4174//2959 4172//2959 4173//2959
f 4175//2965 4176//2965 4178//2965
f 4175//2965 4178//2965 4172//2965
f 4177//2958 4179//2958 4387//2958
f 4157//2965 4178//2965 4176//2965
f 4157//2965 4176//2965 4158//2965
f 4174//2967 4177//2967 4176//2967
f 4174//2967 4176//2967 4175//2967
f 4176//2968 4177//2968 4387//2968
f 4176//2968 4387//2968 4158//2968
f 4243//2959 4264//2959 4213//2959
f 4243//2959 4213//2959 4214//2959
f 4260//2969 4264//2969 4243//2969
f 4260//2969 4243//2969 4261//2969
f 4242//2970 4257//2970 4261//2970
f 4242//2970 4261//2970 4243//2970
f 4262//2971 4266//2971 4265//2971
f 4262//2971 4265//2971 4259//2971
f 4264//2959 4265//2959 4212//2959
f 4264//2959 4212//2959 4213//2959
f 4265//2959 4266//2959 4210//2959
f 4265//2959 4210//2959 4212//2959
f 4270//2959 4267//2959 4215//2959
f 4270//2959 4215//2959 4218//2959
f 4269//2928 4268//2928 4258//2928
f 4269//2928 4258//2928 4251//2928
f 4254//2972 4269//2972 4251//2972
f 4254//2972 4251//2972 4248//2972
f 4267//2973 4268//2973 4269//2973
f 4267//2973 4269//2973 4254//2973
f 4268//2974 4267//2974 4270//2974
f 4268//2974 4270//2974 4258//2974
f 4267//2959 4254//2959 4216//2959
f 4267//2959 4216//2959 4215//2959
f 4245//2975 4253//2975 4255//2975
f 4245//2975 4255//2975 4246//2975
f 4246//2976 4255//2976 4256//2976
f 4246//2976 4256//2976 4244//2976
f 4244//2977 4256//2977 4257//2977
f 4244//2977 4257//2977 4242//2977
f 4248//2978 4251//2978 4252//2978
f 4248//2978 4252//2978 4249//2978
f 4249//2979 4252//2979 4253//2979
f 4249//2979 4253//2979 4245//2979
f 4254//2959 4248//2959 4250//2959
f 4254//2959 4250//2959 4216//2959
f 4258//2928 4256//2928 4255//2928
f 4258//2928 4255//2928 4253//2928
f 4258//2928 4253//2928 4252//2928
f 4258//2928 4252//2928 4251//2928
f 4259//2980 4265//2980 4264//2980
f 4259//2980 4264//2980 4260//2980
f 4260//2928 4261//2928 4258//2928
f 4260//2928 4258//2928 4259//2928
f 4258//2928 4263//2928 4262//2928
f 4258//2928 4262//2928 4259//2928
f 4258//2928 4261//2928 4257//2928
f 4258//2928 4257//2928 4256//2928
f 4272//2928 4273//2928 4258//2928
f 4272//2928 4258//2928 4271//2928
f 4258//2928 4276//2928 4281//2928
f 4258//2928 4281//2928 4263//2928
f 4258//2928 4279//2928 4274//2928
f 4258//2928 4274//2928 4271//2928
f 4280//2959 4270//2959 4218//2959
f 4280//2959 4218//2959 4217//2959
f 4258//2928 4277//2928 4275//2928
f 4258//2928 4275//2928 4276//2928
f 4278//2928 4277//2928 4258//2928
f 4278//2928 4258//2928 4273//2928
f 4282//2959 4283//2959 4206//2959
f 4282//2959 4206//2959 4208//2959
f 4266//2959 4282//2959 4208//2959
f 4266//2959 4208//2959 4210//2959
f 4283//2959 4233//2959 4204//2959
f 4283//2959 4204//2959 4206//2959
f 4281//2981 4283//2981 4282//2981
f 4281//2981 4282//2981 4263//2981
f 4263//2982 4282//2982 4266//2982
f 4263//2982 4266//2982 4262//2982
f 4283//2983 4281//2983 4276//2983
f 4283//2983 4276//2983 4233//2983
f 4219//2984 4232//2984 4231//2984
f 4219//2959 4231//2959 4221//2959
f 4229//2985 4225//2985 4224//2985
f 4229//2959 4224//2959 4230//2959
f 4233//2986 4276//2986 4275//2986
f 4233//2986 4275//2986 4234//2986
f 4231//2987 4272//2987 4271//2987
f 4231//2987 4271//2987 4221//2987
f 4229//2988 4273//2988 4272//2988
f 4229//2988 4272//2988 4231//2988
f 4221//2989 4271//2989 4274//2989
f 4221//2989 4274//2989 4222//2989
f 4279//2990 4280//2990 4222//2990
f 4279//2990 4222//2990 4274//2990
f 4280//2991 4279//2991 4258//2991
f 4280//2991 4258//2991 4270//2991
f 4222//2959 4280//2959 4217//2959
f 4222//2959 4217//2959 4220//2959
f 4234//2992 4275//2992 4277//2992
f 4234//2992 4277//2992 4230//2992
f 4228//2993 4278//2993 4273//2993
f 4228//2993 4273//2993 4229//2993
f 4230//2994 4277//2994 4278//2994
f 4230//2994 4278//2994 4228//2994
f 4431//2995 4432//2995 4219//2995
f 4431//2996 4219//2996 4220//2996
f 4221//2959 4222//2959 4220//2959
f 4221//2959 4220//2959 4219//2959
f 4429//2997 4431//2997 4220//2997
f 4429//2998 4220//2998 4217//2998
f 4427//2928 4428//2928 4425//2928
f 4427//2928 4425//2928 4426//2928
f 4218//2999 4430//2999 4429//2999
f 4218//3000 4429//3000 4217//3000
f 4215//3001 4425//3001 4430//3001
f 4215//3002 4430//3002 4218//3002
f 4228//2959 4229//2959 4230//2959
f 4226//2984 4230//2984 4224//2984
f 4229//2985 4231//2985 4232//2985
f 4229//2959 4232//2959 4225//2959
f 4225//3003 4433//3003 4223//3003
f 4225//3004 4223//3004 4224//3004
f 4434//3005 4226//3005 4224//3005
f 4434//3006 4224//3006 4223//3006
f 4434//3007 4435//3007 4227//3007
f 4434//3008 4227//3008 4226//3008
f 4211//3009 4212//3009 4210//3009
f 4211//3010 4210//3010 4209//3010
f 4213//3011 4417//3011 4418//3011
f 4213//3012 4418//3012 4214//3012
f 4417//3013 4213//3013 4212//3013
f 4417//3014 4212//3014 4211//3014
f 4204//3015 4416//3015 4205//3015
f 4204//3016 4205//3016 4206//3016
f 4207//3017 4208//3017 4206//3017
f 4207//3018 4206//3018 4205//3018
f 4209//3019 4210//3019 4208//3019
f 4209//3020 4208//3020 4207//3020
f 4423//3021 4424//3021 4205//3021
f 4423//3022 4205//3022 4416//3022
f 4424//2928 4419//2928 4207//2928
f 4424//3021 4207//3021 4205//3021
f 4216//3023 4426//3023 4425//3023
f 4216//3024 4425//3024 4215//3024
f 4419//3021 4420//3021 4209//3021
f 4419//2928 4209//2928 4207//2928
f 4420//3021 4421//3021 4211//3021
f 4420//3021 4211//3021 4209//3021
f 4421//2928 4422//2928 4417//2928
f 4421//3025 4417//3025 4211//3025
f 4441//3025 4442//3025 4240//3025
f 4441//3025 4240//3025 4239//3025
f 4443//3025 4441//3025 4239//3025
f 4443//2928 4239//2928 4237//2928
f 4444//2928 4443//2928 4237//2928
f 4444//3026 4237//3026 4440//3026
f 4244//2959 4242//2959 4235//2959
f 4244//2959 4235//2959 4236//2959
f 4245//2959 4246//2959 4238//2959
f 4245//2984 4238//2984 4241//2984
f 4246//2985 4244//2985 4236//2985
f 4246//2959 4236//2959 4238//2959
f 4241//2959 4247//2959 4249//2959
f 4241//2959 4249//2959 4245//2959
f 4247//3027 4445//3027 4447//3027
f 4247//3028 4447//3028 4250//3028
f 4250//3029 4447//3029 4426//3029
f 4250//3030 4426//3030 4216//3030
f 4240//3031 4445//3031 4247//3031
f 4240//3032 4247//3032 4241//3032
f 4442//2928 4446//2928 4445//2928
f 4442//2928 4445//2928 4240//2928
f 4247//2959 4250//2959 4248//2959
f 4247//2959 4248//2959 4249//2959
f 4232//3033 4439//3033 4433//3033
f 4232//3034 4433//3034 4225//3034
f 4227//3035 4435//3035 4416//3035
f 4227//3036 4416//3036 4204//3036
f 4233//2959 4234//2959 4227//2959
f 4233//2959 4227//2959 4204//2959
f 4436//3026 4437//3026 4223//3026
f 4436//2928 4223//2928 4433//2928
f 4437//2928 4438//2928 4434//2928
f 4437//3037 4434//3037 4223//3037
f 4219//3038 4432//3038 4439//3038
f 4219//3039 4439//3039 4232//3039
f 4240//3040 4241//3040 4238//3040
f 4240//3041 4238//3041 4239//3041
f 4239//3042 4238//3042 4236//3042
f 4239//3043 4236//3043 4237//3043
f 4242//2984 4243//2984 4214//2984
f 4242//2959 4214//2959 4235//2959
f 4234//2984 4230//2984 4226//2984
f 4234//2959 4226//2959 4227//2959
f 4214//3044 4418//3044 4440//3044
f 4214//3045 4440//3045 4235//3045
f 4440//3046 4237//3046 4236//3046
f 4440//3047 4236//3047 4235//3047
f 4333//2928 4330//2928 4317//2928
f 4333//2928 4317//2928 4316//2928
f 4330//2928 4329//2928 4314//2928
f 4330//2928 4314//2928 4317//2928
f 4328//2928 4325//2928 4323//2928
f 4328//2928 4323//2928 4322//2928
f 4312//2928 4335//2928 4293//2928
f 4312//2928 4293//2928 4289//2928
f 4329//2928 4334//2928 4313//2928
f 4329//2928 4313//2928 4314//2928
f 4332//2928 4333//2928 4316//2928
f 4332//2928 4316//2928 4320//2928
f 4438//3048 4341//3048 4339//3048
f 4438//3049 4339//3049 4338//3049
f 4416//2928 4435//2928 4338//2928
f 4416//3022 4338//3022 4423//3022
f 4435//2928 4434//2928 4438//2928
f 4435//2928 4438//2928 4338//2928
f 4323//2928 4325//2928 4324//2928
f 4327//2928 4326//2928 4332//2928
f 4327//2928 4332//2928 4320//2928
f 4340//3050 4423//3050 4338//3050
f 4340//3051 4338//3051 4339//3051
f 4311//2928 4313//2928 4334//2928
f 4329//3052 4444//3052 4331//3052
f 4329//3053 4331//3053 4334//3053
f 4422//3054 4421//3054 4293//3054
f 4422//3055 4293//3055 4335//3055
f 4328//3056 4427//3056 4336//3056
f 4328//3057 4336//3057 4325//3057
f 4326//3058 4446//3058 4442//3058
f 4326//3059 4442//3059 4332//3059
f 4422//3060 4335//3060 4334//3060
f 4422//3061 4334//3061 4331//3061
f 4418//2928 4417//2928 4422//2928
f 4418//2928 4422//2928 4331//2928
f 4308//3062 4428//3062 4427//3062
f 4308//3063 4427//3063 4328//3063
f 4307//3064 4337//3064 4428//3064
f 4307//3065 4428//3065 4308//3065
f 4311//2928 4334//2928 4335//2928
f 4311//2928 4335//2928 4312//2928
f 4325//3066 4336//3066 4446//3066
f 4325//3067 4446//3067 4326//3067
f 4426//3022 4447//3022 4336//3022
f 4426//2928 4336//2928 4427//2928
f 4447//2928 4445//2928 4446//2928
f 4447//2928 4446//2928 4336//2928
f 4431//3068 4429//3068 4347//3068
f 4431//3022 4347//3022 4432//3022
f 4310//3069 4348//3069 4347//3069
f 4310//3070 4347//3070 4346//3070
f 4299//3071 4436//3071 4348//3071
f 4299//3072 4348//3072 4310//3072
f 4347//3073 4429//3073 4428//3073
f 4347//3021 4428//3021 4337//3021
f 4344//2928 4343//2928 4347//2928
f 4344//2928 4347//2928 4337//2928
f 4428//3074 4429//3074 4430//3074
f 4428//2928 4430//2928 4425//2928
f 4309//2928 4310//2928 4346//2928
f 4309//2928 4346//2928 4306//2928
f 4345//2928 4307//2928 4303//2928
f 4345//2928 4303//2928 4302//2928
f 4342//2928 4345//2928 4302//2928
f 4439//2928 4432//2928 4347//2928
f 4439//2928 4347//2928 4348//2928
f 4433//2928 4439//2928 4348//2928
f 4433//3026 4348//3026 4436//3026
f 4306//2928 4346//2928 4342//2928
f 4306//2928 4342//2928 4302//2928
f 4346//3075 4347//3075 4343//3075
f 4346//3076 4343//3076 4342//3076
f 4340//2928 4339//2928 4287//2928
f 4340//2928 4287//2928 4285//2928
f 4295//3026 4287//3026 4298//3026
f 4341//3077 4296//3077 4287//3077
f 4341//2928 4287//2928 4339//2928
f 4296//3078 4437//3078 4436//3078
f 4296//3079 4436//3079 4299//3079
f 4341//3080 4438//3080 4437//3080
f 4341//3081 4437//3081 4296//3081
f 4292//2928 4340//2928 4285//2928
f 4292//2928 4285//2928 4284//2928
f 4421//3082 4420//3082 4291//3082
f 4421//3083 4291//3083 4293//3083
f 4344//3084 4345//3084 4342//3084
f 4344//3085 4342//3085 4343//3085
f 4345//3086 4344//3086 4337//3086
f 4345//3087 4337//3087 4307//3087
f 4292//3088 4424//3088 4423//3088
f 4292//3089 4423//3089 4340//3089
f 4290//3090 4419//3090 4424//3090
f 4290//3091 4424//3091 4292//3091
f 4420//3092 4419//3092 4290//3092
f 4420//3093 4290//3093 4291//3093
f 4333//3094 4441//3094 4443//3094
f 4333//3095 4443//3095 4330//3095
f 4294//2984 4456//2984 4459//2984
f 4294//2959 4459//2959 4451//2959
f 4301//3096 4460//3096 4302//3096
f 4301//3097 4302//3097 4303//3097
f 4303//3098 4305//3098 4304//3098
f 4303//3099 4304//3099 4301//3099
f 4455//2984 4456//2984 4294//2984
f 4455//2959 4294//2959 4300//2959
f 4457//2984 4455//2984 4300//2984
f 4457//2959 4300//2959 4454//2959
f 4458//2959 4457//2959 4454//2959
f 4307//2928 4308//2928 4305//2928
f 4307//2928 4305//2928 4303//2928
f 4464//3100 4465//3100 4309//3100
f 4464//3101 4309//3101 4306//3101
f 4465//3102 4454//3102 4297//3102
f 4465//3103 4297//3103 4309//3103
f 4301//2959 4461//2959 4462//2959
f 4301//2959 4462//2959 4460//2959
f 4304//2959 4463//2959 4461//2959
f 4304//2959 4461//2959 4301//2959
f 4460//3104 4464//3104 4306//3104
f 4460//3105 4306//3105 4302//3105
f 4298//3106 4300//3106 4294//3106
f 4298//3107 4294//3107 4295//3107
f 4450//3108 4288//3108 4289//3108
f 4450//3109 4289//3109 4286//3109
f 4452//2959 4453//2959 4288//2959
f 4452//2959 4288//2959 4450//2959
f 4286//2928 4291//2928 4290//2928
f 4286//2928 4290//2928 4284//2928
f 4448//3110 4449//3110 4284//3110
f 4448//3111 4284//3111 4285//3111
f 4449//3112 4450//3112 4286//3112
f 4449//3113 4286//3113 4284//3113
f 4451//3114 4448//3114 4285//3114
f 4451//3115 4285//3115 4287//3115
f 4297//2928 4298//2928 4287//2928
f 4297//3026 4287//3026 4296//3026
f 4296//2928 4299//2928 4297//2928
f 4297//3116 4454//3116 4300//3116
f 4297//3117 4300//3117 4298//3117
f 4292//2928 4284//2928 4290//2928
f 4289//2928 4293//2928 4291//2928
f 4289//2928 4291//2928 4286//2928
f 4294//3118 4451//3118 4287//3118
f 4294//3119 4287//3119 4295//3119
f 4308//2928 4328//2928 4322//2928
f 4308//2928 4322//2928 4305//2928
f 4477//3120 4476//3120 4324//3120
f 4477//3121 4324//3121 4327//3121
f 4319//3122 4477//3122 4327//3122
f 4319//3123 4327//3123 4320//3123
f 4305//3124 4322//3124 4321//3124
f 4305//3125 4321//3125 4304//3125
f 4324//3126 4476//3126 4475//3126
f 4324//3127 4475//3127 4323//3127
f 4326//2928 4327//2928 4324//2928
f 4326//2928 4324//2928 4325//2928
f 4330//3128 4443//3128 4444//3128
f 4330//3129 4444//3129 4329//3129
f 4440//2928 4418//2928 4331//2928
f 4440//3026 4331//3026 4444//3026
f 4332//3130 4442//3130 4441//3130
f 4332//3131 4441//3131 4333//3131
f 4475//2959 4479//2959 4478//2959
f 4475//2959 4478//2959 4321//2959
f 4321//2959 4478//2959 4463//2959
f 4321//2959 4463//2959 4304//2959
f 4473//2959 4480//2959 4477//2959
f 4473//2959 4477//2959 4319//2959
f 4323//3132 4475//3132 4321//3132
f 4323//3133 4321//3133 4322//3133
f 4453//2959 4468//2959 4466//2959
f 4453//2959 4466//2959 4288//2959
f 4467//3134 4469//3134 4313//3134
f 4467//3135 4313//3135 4311//3135
f 4469//3136 4470//3136 4314//3136
f 4469//3137 4314//3137 4313//3137
f 4310//2928 4309//2928 4297//2928
f 4310//2928 4297//2928 4299//2928
f 4466//3138 4467//3138 4311//3138
f 4466//3139 4311//3139 4312//3139
f 4288//3140 4466//3140 4312//3140
f 4288//3141 4312//3141 4289//3141
f 4471//2959 4472//2959 4315//2959
f 4471//2959 4315//2959 4318//2959
f 4472//2959 4473//2959 4319//2959
f 4472//2959 4319//2959 4315//2959
f 4470//2959 4474//2959 4471//2959
f 4470//2959 4471//2959 4318//2959
f 4317//3142 4318//3142 4315//3142
f 4317//3143 4315//3143 4316//3143
f 4319//3144 4320//3144 4316//3144
f 4319//3145 4316//3145 4315//3145
f 4470//3146 4318//3146 4317//3146
f 4470//3147 4317//3147 4314//3147
f 4375//3148 4459//3148 4378//3148
f 4375//3149 4378//3149 4376//3149
f 4402//2959 4403//2959 4376//2959
f 4402//2959 4376//2959 4378//2959
f 4373//3150 4374//3150 4377//3150
f 4373//3151 4377//3151 4370//3151
f 4410//2959 4409//2959 4370//2959
f 4410//2959 4370//2959 4377//2959
f 4450//2959 4449//2959 4373//2959
f 4450//2959 4373//2959 4452//2959
f 4456//3152 4455//3152 4379//3152
f 4456//3153 4379//3153 4380//3153
f 4455//3154 4457//3154 4483//3154
f 4455//3155 4483//3155 4379//3155
f 4374//2959 4373//2959 4449//2959
f 4374//2959 4449//2959 4448//2959
f 4374//2959 4448//2959 4375//2959
f 4356//3156 4474//3156 4372//3156
f 4356//3157 4372//3157 4366//3157
f 4355//3158 4471//3158 4474//3158
f 4355//3159 4474//3159 4356//3159
f 4452//3160 4373//3160 4370//3160
f 4452//3161 4370//3161 4369//3161
f 4368//3162 4453//3162 4452//3162
f 4368//3163 4452//3163 4369//3163
f 4467//2959 4466//2959 4468//2959
f 4467//2959 4468//2959 4372//2959
f 4376//3164 4377//3164 4374//3164
f 4376//3165 4374//3165 4375//3165
f 4403//2959 4410//2959 4377//2959
f 4403//2959 4377//2959 4376//2959
f 4467//2959 4372//2959 4469//2959
f 4474//2959 4470//2959 4469//2959
f 4474//2959 4469//2959 4372//2959
f 4464//2959 4460//2959 4465//2959
f 4384//3166 4462//3166 4365//3166
f 4384//3167 4365//3167 4484//3167
f 4454//2959 4465//2959 4460//2959
f 4454//2959 4460//2959 4458//2959
f 4460//2959 4384//2959 4383//2959
f 4460//3168 4383//3168 4458//3168
f 4384//2959 4460//2959 4462//2959
f 4484//2959 4365//2959 4364//2959
f 4484//2959 4364//2959 4363//2959
f 4482//2959 4484//2959 4363//2959
f 4462//3169 4461//3169 4359//3169
f 4462//3170 4359//3170 4365//3170
f 4383//3171 4384//3171 4484//3171
f 4383//3172 4484//3172 4381//3172
f 4380//2959 4379//2959 4360//2959
f 4380//2959 4360//2959 4362//2959
f 4481//2959 4361//2959 4483//2959
f 4459//3173 4456//3173 4380//3173
f 4459//3174 4380//3174 4378//3174
f 4379//2959 4483//2959 4361//2959
f 4379//2959 4361//2959 4360//2959
f 4362//2959 4402//2959 4378//2959
f 4362//2959 4378//2959 4380//2959
f 4457//3175 4458//3175 4382//3175
f 4457//3176 4382//3176 4483//3176
f 4484//2959 4483//2959 4382//2959
f 4484//2959 4382//2959 4381//2959
f 4375//2959 4448//2959 4451//2959
f 4375//2959 4451//2959 4459//2959
f 4458//3177 4383//3177 4381//3177
f 4458//3178 4381//3178 4382//3178
f 4367//3179 4468//3179 4453//3179
f 4367//3180 4453//3180 4368//3180
f 4360//3181 4399//3181 4400//3181
f 4360//3182 4400//3182 4362//3182
f 4401//3183 4402//3183 4362//3183
f 4401//3184 4362//3184 4400//3184
f 4391//2959 4390//2959 4358//2959
f 4391//2959 4358//2959 4352//2959
f 4361//3185 4398//3185 4399//3185
f 4361//3186 4399//3186 4360//3186
f 4482//3187 4397//3187 4396//3187
f 4482//3188 4396//3188 4481//3188
f 4364//3189 4411//3189 4415//3189
f 4364//3190 4415//3190 4363//3190
f 4414//3191 4412//3191 4411//3191
f 4414//3192 4411//3192 4364//3192
f 4481//3193 4396//3193 4398//3193
f 4481//3194 4398//3194 4361//3194
f 4363//3195 4415//3195 4397//3195
f 4363//2989 4397//2989 4482//2989
f 4407//3196 4395//3196 4394//3196
f 4407//3197 4394//3197 4351//3197
f 4388//3198 4392//3198 4349//3198
f 4388//3199 4349//3199 4389//3199
f 4350//3200 4393//3200 4389//3200
f 4350//3201 4389//3201 4349//3201
f 4351//3202 4394//3202 4393//3202
f 4351//3203 4393//3203 4350//3203
f 4392//2959 4391//2959 4352//2959
f 4392//2959 4352//2959 4353//2959
f 4390//2959 4413//2959 4357//2959
f 4390//2959 4357//2959 4358//2959
f 4413//2959 4414//2959 4359//2959
f 4413//2959 4359//2959 4357//2959
f 4349//2959 4392//2959 4353//2959
f 4349//2959 4353//2959 4354//2959
f 4355//2959 4356//2959 4407//2959
f 4355//2959 4407//2959 4351//2959
f 4352//3204 4479//3204 4480//3204
f 4352//3205 4480//3205 4353//3205
f 4353//3206 4480//3206 4473//3206
f 4353//3207 4473//3207 4354//3207
f 4476//2959 4477//2959 4480//2959
f 4476//2959 4480//2959 4479//2959
f 4475//2959 4476//2959 4479//2959
f 4354//3208 4473//3208 4472//3208
f 4354//3209 4472//3209 4371//3209
f 4371//2959 4355//2959 4351//2959
f 4371//2959 4351//2959 4350//2959
f 4366//3210 4372//3210 4468//3210
f 4366//3211 4468//3211 4367//3211
f 4371//3212 4472//3212 4471//3212
f 4371//3213 4471//3213 4355//3213
f 4354//2959 4371//2959 4350//2959
f 4354//2959 4350//2959 4349//2959
f 4406//2959 4405//2959 4367//2959
f 4406//2959 4367//2959 4368//2959
f 4404//2959 4407//2959 4356//2959
f 4404//2959 4356//2959 4366//2959
f 4414//2959 4364//2959 4365//2959
f 4414//2959 4365//2959 4359//2959
f 4405//2959 4404//2959 4366//2959
f 4405//2959 4366//2959 4367//2959
f 4409//2959 4408//2959 4369//2959
f 4409//2959 4369//2959 4370//2959
f 4359//3214 4461//3214 4463//3214
f 4359//3215 4463//3215 4357//3215
f 4358//3216 4478//3216 4479//3216
f 4358//3217 4479//3217 4352//3217
f 4408//2959 4406//2959 4368//2959
f 4408//2959 4368//2959 4369//2959
f 4357//3218 4463//3218 4478//3218
f 4357//3219 4478//3219 4358//3219
o Gun_02_havok_s_armor_4_1
v -0.155163 2.088912 -1.895714
v -0.261526 2.135459 -1.853372
v -0.325404 2.227990 -1.819212
v -0.136214 2.159720 -1.895714
v -0.236158 2.062958 -1.856236
v -0.136214 2.018385 -1.895714
v -0.193979 1.979455 -1.833735
v -0.084560 1.966760 -1.895714
v -0.159136 1.941652 -1.813689
v 0.127553 2.088912 -1.895714
v 0.056951 1.966760 -1.895714
v -0.013958 1.947859 -1.895714
v -0.084560 2.211346 -1.895714
v -0.013958 2.230247 -1.895714
v 0.056951 2.211346 -1.895714
v 0.108604 2.159720 -1.895714
v 0.297794 2.227990 -1.819212
v 0.233916 2.135459 -1.853372
v 0.208548 2.062958 -1.856236
v 0.108604 2.018385 -1.895714
v 0.166369 1.979455 -1.833735
v -0.116958 1.901311 -1.782188
v -0.062554 1.868305 -1.745165
v -0.013958 1.855892 -1.729415
v 0.034945 1.868305 -1.745165
v 0.089348 1.901311 -1.782188
v 0.131527 1.941652 -1.813689
v 0.201212 2.433363 -1.690755
v 0.256839 2.407691 -1.686459
v 0.289236 2.366222 -1.691164
v 0.298406 2.331805 -1.718573
v 0.299017 2.275948 -1.783416
v -0.228822 2.433363 -1.690755
v -0.284449 2.407691 -1.686459
v -0.316846 2.366222 -1.691164
v -0.326016 2.331805 -1.718573
v -0.326627 2.275948 -1.783416
v -0.378170 2.091691 -1.863054
v -0.394458 2.129395 -1.859707
v -0.327791 2.039419 -1.857821
v -0.295616 2.007735 -1.848757
v -0.244054 1.954702 -1.831608
v 0.366848 2.129395 -1.859707
v 0.350560 2.091691 -1.863054
v 0.366605 2.173469 -1.846447
v 0.366958 2.225871 -1.820137
v 0.300181 2.039419 -1.857821
v 0.268006 2.007735 -1.848757
v 0.216444 1.954702 -1.831608
v -0.167605 1.887332 -1.771491
v -0.204821 1.926536 -1.807959
v -0.110429 1.847459 -1.725482
v 0.139995 1.887332 -1.771491
v 0.082819 1.847459 -1.725482
v 0.030046 1.823585 -1.698575
v -0.013805 1.820109 -1.695813
v -0.057656 1.823585 -1.698575
v 0.177211 1.926536 -1.807959
v 0.362827 2.333819 -1.719815
v 0.367918 2.275649 -1.784898
v 0.364388 2.365584 -1.695508
v -0.390437 2.333819 -1.719815
v -0.395528 2.275649 -1.784898
v -0.394568 2.225871 -1.820137
v -0.394215 2.173469 -1.846447
v 0.319961 2.412217 -1.687834
v 0.346795 2.389412 -1.684771
v 0.201843 2.447636 -1.695765
v 0.299009 2.432228 -1.698427
v -0.013805 2.447636 -1.695765
v -0.229453 2.447636 -1.695765
v -0.347571 2.412217 -1.687834
v -0.374406 2.389412 -1.684771
v -0.391998 2.365584 -1.695508
v -0.326619 2.432228 -1.698427
vn -0.0111 0.7451 -0.6668
vn -0.0362 0.7570 -0.6524
vn 0.1087 0.5928 -0.7980
vn -0.0769 0.7551 -0.6511
vn 0.4243 0.4223 -0.8010
vn 0.1291 0.6386 -0.7587
vn -0.0343 0.6084 -0.7929
vn -0.0403 0.6159 -0.7868
vn -0.4387 0.4389 -0.7842
vn -0.2962 0.5063 -0.8099
vn -0.1633 0.6098 -0.7755
vn -0.0000 0.7103 -0.7039
vn -0.0151 0.5779 -0.8160
vn 0.0076 0.5980 -0.8014
vn 0.1626 0.6102 -0.7754
vn 0.5362 -0.5365 -0.6517
vn 0.3066 -0.6509 -0.6945
vn 0.0281 -0.7197 -0.6937
vn -0.0084 -0.6845 -0.7289
vn 0.0414 -0.7186 -0.6941
vn 0.3346 -0.7719 -0.5405
vn 0.4387 0.4389 -0.7842
vn 0.2962 0.5063 -0.8099
vn -0.1912 -0.4612 -0.8665
vn -0.0343 -0.4433 -0.8957
vn -0.1078 -0.6203 -0.7769
vn -0.0026 -0.6137 -0.7895
vn -0.4243 0.4223 -0.8010
vn -0.1291 0.6386 -0.7587
vn -0.1113 -0.0024 -0.9938
vn 0.0282 0.0909 -0.9955
vn -0.0000 -0.3312 -0.9436
vn 0.0502 0.3793 -0.9239
vn -0.0134 -0.4568 -0.8895
vn 0.0775 -0.3262 -0.9421
vn 0.0782 -0.3271 -0.9417
vn 0.0343 0.6084 -0.7929
vn 0.0403 0.6159 -0.7868
vn 0.0134 -0.4568 -0.8895
vn 0.0151 0.5779 -0.8160
vn -0.0076 0.5980 -0.8014
vn 0.0111 0.7451 -0.6668
vn 0.0362 0.7570 -0.6524
vn -0.1087 0.5928 -0.7980
vn 0.0769 0.7551 -0.6511
vn 0.1497 0.2841 -0.9470
vn -0.0018 0.4487 -0.8937
vn -0.0775 -0.3262 -0.9421
vn -0.0782 -0.3271 -0.9417
vn -0.0502 0.3793 -0.9239
vn 0.1113 -0.0024 -0.9938
vn -0.0282 0.0909 -0.9955
vn -0.0281 -0.7197 -0.6937
vn -0.0000 -0.0000 -1.0000
vn -0.0278 0.3630 -0.9314
vn -0.0425 0.1065 -0.9934
vn 0.3184 0.1270 -0.9394
vn 0.3445 0.0922 -0.9342
vn -0.3066 -0.6509 -0.6945
vn -0.5362 -0.5365 -0.6517
vn 0.0882 -0.0147 -0.9960
vn 0.0066 0.0418 -0.9991
vn 0.0278 0.3630 -0.9314
vn 0.0425 0.1065 -0.9934
vn -0.3445 0.0922 -0.9342
vn -0.3184 0.1270 -0.9394
vn -0.4078 -0.1069 -0.9068
vn 0.0703 -0.2078 -0.9757
vn 0.0767 -0.2384 -0.9681
vn 0.0824 -0.2203 -0.9719
vn -0.4070 -0.1094 -0.9069
vn -0.4945 -0.4501 -0.7436
vn -0.1497 0.2841 -0.9470
vn 0.0018 0.4487 -0.8937
vn 0.1912 -0.4612 -0.8665
vn 0.0343 -0.4433 -0.8957
vn 0.1078 -0.6203 -0.7769
vn 0.0026 -0.6137 -0.7895
vn 0.1714 -0.8470 -0.5032
vn 0.2179 -0.8173 -0.5334
vn -0.3346 -0.7719 -0.5405
vn 0.0083 -0.6845 -0.7290
vn -0.0412 -0.7187 -0.6941
vn -0.0531 -0.7210 -0.6909
vn -0.0310 -0.7230 -0.6902
vn 0.0531 -0.7210 -0.6909
vn 0.0310 -0.7230 -0.6902
vn 0.0661 -0.8732 -0.4829
vn -0.0665 -0.8732 -0.4829
vn 0.4070 -0.1094 -0.9069
vn 0.4945 -0.4501 -0.7436
vn 0.4078 -0.1069 -0.9068
vn -0.0882 -0.0147 -0.9960
vn -0.0066 0.0418 -0.9991
vn -0.1716 -0.8471 -0.5030
vn -0.2187 -0.8171 -0.5335
vn -0.0703 -0.2078 -0.9757
vn -0.0767 -0.2384 -0.9681
vn -0.0824 -0.2203 -0.9719
s 0
f 4543//3220 4544//3220 4516//3220
f 4543//3221 4516//3221 4515//3221
f 4516//3222 4501//3222 4500//3222
f 4516//3223 4500//3223 4515//3223
f 4500//3224 4513//3224 4514//3224
f 4500//3225 4514//3225 4515//3225
f 4545//3226 4543//3226 4515//3226
f 4545//3227 4515//3227 4514//3227
f 4517//3228 4497//3228 4488//3228
f 4517//3229 4488//3229 4518//3229
f 4498//3230 4497//3230 4517//3230
f 4498//3231 4517//3231 4512//3231
f 4516//3232 4544//3232 4530//3232
f 4516//3233 4530//3233 4501//3233
f 4498//3234 4512//3234 4499//3234
f 4511//3235 4495//3235 4504//3235
f 4511//3236 4504//3236 4505//3236
f 4536//3237 4507//3237 4541//3237
f 4508//3238 4540//3238 4541//3238
f 4508//3239 4541//3239 4507//3239
f 4510//3240 4495//3240 4511//3240
f 4500//3241 4499//3241 4512//3241
f 4500//3242 4512//3242 4513//3242
f 4505//3243 4533//3243 4542//3243
f 4505//3244 4542//3244 4511//3244
f 4511//3245 4542//3245 4537//3245
f 4511//3246 4537//3246 4510//3246
f 4519//3247 4518//3247 4488//3247
f 4519//3248 4488//3248 4520//3248
f 4519//3249 4557//3249 4556//3249
f 4519//3250 4556//3250 4518//3250
f 4517//3251 4555//3251 4554//3251
f 4554//3251 4552//3251 4512//3251
f 4554//3251 4512//3251 4517//3251
f 4557//3252 4519//3252 4558//3252
f 4559//3253 4518//3253 4556//3253
f 4518//3254 4559//3254 4555//3254
f 4518//3255 4555//3255 4517//3255
f 4520//3256 4546//3256 4558//3256
f 4520//3257 4558//3257 4519//3257
f 4553//3258 4550//3258 4513//3258
f 4548//3259 4547//3259 4521//3259
f 4548//3260 4521//3260 4487//3260
f 4521//3261 4547//3261 4546//3261
f 4521//3262 4546//3262 4520//3262
f 4488//3263 4487//3263 4521//3263
f 4488//3264 4521//3264 4520//3264
f 4487//3265 4523//3265 4549//3265
f 4487//3266 4549//3266 4548//3266
f 4552//3267 4553//3267 4513//3267
f 4552//3268 4513//3268 4512//3268
f 4551//3269 4545//3269 4514//3269
f 4550//3270 4551//3270 4514//3270
f 4550//3271 4514//3271 4513//3271
f 4538//3272 4539//3272 4509//3272
f 4488//3273 4497//3273 4494//3273
f 4488//3273 4494//3273 4485//3273
f 4494//3273 4495//3273 4496//3273
f 4494//3273 4496//3273 4492//3273
f 4494//3273 4492//3273 4490//3273
f 4494//3273 4490//3273 4485//3273
f 4498//3273 4499//3273 4494//3273
f 4498//3273 4494//3273 4497//3273
f 4502//3274 4501//3274 4527//3274
f 4502//3275 4527//3275 4528//3275
f 4501//3276 4502//3276 4494//3276
f 4501//3277 4494//3277 4500//3277
f 4500//3273 4494//3273 4499//3273
f 4493//3278 4491//3278 4490//3278
f 4493//3279 4490//3279 4492//3279
f 4524//3280 4522//3280 4486//3280
f 4524//3281 4486//3281 4489//3281
f 4523//3282 4487//3282 4486//3282
f 4523//3283 4486//3283 4522//3283
f 4487//3284 4488//3284 4485//3284
f 4487//3285 4485//3285 4486//3285
f 4489//3286 4486//3286 4485//3286
f 4489//3287 4525//3287 4524//3287
f 4491//3288 4526//3288 4525//3288
f 4491//3289 4525//3289 4489//3289
f 4489//3290 4485//3290 4490//3290
f 4489//3291 4490//3291 4491//3291
f 4529//3292 4527//3292 4501//3292
f 4529//3293 4501//3293 4530//3293
f 4535//3294 4526//3294 4491//3294
f 4535//3295 4491//3295 4493//3295
f 4534//3296 4535//3296 4493//3296
f 4534//3297 4493//3297 4506//3297
f 4510//3298 4509//3298 4496//3298
f 4510//3299 4496//3299 4495//3299
f 4506//3300 4493//3300 4492//3300
f 4539//3301 4540//3301 4508//3301
f 4539//3302 4508//3302 4509//3302
f 4510//3303 4537//3303 4538//3303
f 4510//3304 4538//3304 4509//3304
f 4536//3305 4534//3305 4506//3305
f 4536//3306 4506//3306 4507//3306
f 4496//3307 4509//3307 4508//3307
f 4496//3308 4508//3308 4507//3308
f 4504//3309 4494//3309 4503//3309
f 4504//3310 4503//3310 4505//3310
f 4502//3311 4503//3311 4494//3311
f 4502//3312 4528//3312 4531//3312
f 4502//3313 4531//3313 4503//3313
f 4495//3273 4494//3273 4504//3273
f 4496//3314 4507//3314 4506//3314
f 4496//3315 4506//3315 4492//3315
f 4503//3316 4531//3316 4532//3316
f 4532//3317 4533//3317 4505//3317
f 4532//3318 4505//3318 4503//3318
o Gun_02_havok_s_armor_1_2
v -0.111405 1.993674 -2.083053
v -0.013805 2.220051 -2.083053
v -0.136925 2.025358 -2.083050
v -0.084038 1.973185 -2.083051
v -0.048124 1.958790 -2.083053
v -0.149086 2.054048 -2.083050
v -0.156743 2.105041 -2.083052
v -0.050599 2.219388 -2.083050
v -0.135087 2.157099 -2.083050
v -0.147880 2.137074 -2.083051
v -0.051807 2.219104 -2.083053
v -0.113744 2.185048 -2.083052
v 0.109315 2.025358 -2.083050
v 0.083795 1.993674 -2.083053
v 0.020514 1.958790 -2.083053
v 0.056428 1.973185 -2.083051
v 0.121476 2.054048 -2.083050
v 0.129133 2.105041 -2.083052
v 0.120270 2.137074 -2.083051
v 0.107477 2.157099 -2.083050
v 0.022989 2.219388 -2.083050
v 0.086134 2.185048 -2.083052
v 0.024197 2.219104 -2.083053
v -0.013805 1.954143 -2.083051
vn -0.0000 -0.0001 1.0000
vn -0.0000 -0.0000 1.0000
vn 0.0001 -0.0000 1.0000
vn -0.0001 -0.0000 1.0000
vn 0.0001 0.0001 1.0000
vn -0.0001 -0.0001 1.0000
vn -0.0001 0.0001 1.0000
vn 0.0001 -0.0001 1.0000
s 0
f 4578//3319 4561//3319 4577//3319
f 4576//3320 4577//3320 4561//3320
f 4576//3320 4561//3320 4572//3320
f 4561//3320 4574//3320 4575//3320
f 4561//3320 4575//3320 4573//3320
f 4583//3321 4574//3321 4561//3321
f 4583//3322 4561//3322 4564//3322
f 4581//3323 4582//3323 4579//3323
f 4579//3324 4580//3324 4561//3324
f 4579//3324 4561//3324 4578//3324
f 4572//3322 4561//3322 4573//3322
f 4561//3320 4566//3320 4565//3320
f 4561//3320 4565//3320 4562//3320
f 4563//3320 4564//3320 4561//3320
f 4563//3320 4561//3320 4560//3320
f 4560//3321 4561//3321 4562//3321
f 4568//3325 4570//3325 4571//3325
f 4567//3326 4568//3326 4569//3326
f 4567//3320 4569//3320 4566//3320
f 4561//3326 4567//3326 4566//3326
o Gun_02_havok_s_armor_2_3
v -0.013805 2.339488 -1.910732
v -0.153916 2.335207 -1.913287
v -0.050599 2.219388 -2.083050
v -0.013805 2.456908 -1.749344
v -0.275366 2.449970 -1.752577
v -0.246013 2.406643 -1.816905
v -0.013805 2.413817 -1.812550
v 0.126306 2.335207 -1.913287
v 0.022989 2.219388 -2.083050
v -0.013805 2.220051 -2.083053
v 0.218403 2.406643 -1.816905
v 0.247756 2.449970 -1.752577
vn 0.0149 -0.8218 0.5696
vn -0.0149 -0.8218 0.5696
vn -0.0150 -0.8261 0.5633
vn -0.0150 -0.8262 0.5632
vn -0.0147 -0.8218 0.5696
vn 0.0147 -0.8218 0.5696
vn 0.0150 -0.8262 0.5632
vn 0.0150 -0.8261 0.5633
s 0
f 4584//3327 4586//3327 4593//3327
f 4584//3328 4593//3328 4592//3328
f 4594//3329 4595//3329 4587//3329
f 4594//3330 4587//3330 4590//3330
f 4591//3331 4584//3331 4592//3331
f 4584//3332 4585//3332 4586//3332
f 4589//3333 4590//3333 4587//3333
f 4589//3334 4587//3334 4588//3334
o Gun_02_havok_s_armor_3_4
v 0.135090 1.869132 -1.790183
v 0.217009 1.952253 -1.845942
v 0.267988 2.005005 -1.858421
v 0.299631 2.036229 -1.866793
v -0.244619 1.952253 -1.845942
v -0.295598 2.005005 -1.858421
v -0.327241 2.036229 -1.866793
v -0.162700 1.869132 -1.790183
v -0.102580 1.826788 -1.742637
v 0.074970 1.826788 -1.742637
v -0.054061 1.802265 -1.715626
v -0.013629 1.791002 -1.719733
v 0.026451 1.802265 -1.715626
v -0.373650 2.082850 -1.877218
v 0.346040 2.082850 -1.877218
v 0.177211 1.926536 -1.807959
v 0.178227 1.913810 -1.834246
v 0.127325 1.869742 -1.824277
v 0.216444 1.954702 -1.831608
v 0.217006 1.952816 -1.852640
v 0.264227 2.004006 -1.886415
v 0.268006 2.007735 -1.848757
v -0.244054 1.954702 -1.831608
v -0.295616 2.007735 -1.848757
v -0.244616 1.952816 -1.852640
v -0.327791 2.039419 -1.857821
v -0.291837 2.004006 -1.886415
v -0.204821 1.926536 -1.807959
v -0.205837 1.913810 -1.834246
v -0.088819 1.831927 -1.831220
v -0.154935 1.869742 -1.824277
v -0.110429 1.847460 -1.725482
v -0.167605 1.887332 -1.771491
v 0.061209 1.831927 -1.831220
v 0.082819 1.847460 -1.725482
v 0.139995 1.887332 -1.771491
v -0.013805 1.809178 -1.828676
v 0.030046 1.823585 -1.698575
v -0.057656 1.823585 -1.698575
v -0.013805 1.820109 -1.695813
v -0.285985 2.452047 -1.718161
v -0.335049 2.442781 -1.717191
v -0.333528 2.438845 -1.752583
v -0.275366 2.449970 -1.752577
v -0.363636 2.423903 -1.713161
v -0.360951 2.419822 -1.755214
v -0.392924 2.372176 -1.723075
v -0.390413 2.369732 -1.772805
v -0.375926 2.402250 -1.763314
v -0.383037 2.395070 -1.712132
v -0.395528 2.275650 -1.784898
v -0.392672 2.278326 -1.830766
v -0.394957 2.335705 -1.792801
v -0.398402 2.337241 -1.737364
v -0.013805 2.458271 -1.718753
v -0.013805 2.456908 -1.749344
v 0.247756 2.449970 -1.752577
v 0.258375 2.452047 -1.718161
v 0.367347 2.335705 -1.792801
v 0.365062 2.278326 -1.830766
v 0.367918 2.275650 -1.784898
v 0.370792 2.337241 -1.737364
v 0.362803 2.369732 -1.772805
v 0.365314 2.372176 -1.723075
v 0.366958 2.225871 -1.820137
v 0.364567 2.225520 -1.859547
v 0.305918 2.438845 -1.752583
v 0.307439 2.442781 -1.717191
v 0.333341 2.419822 -1.755214
v 0.336026 2.423903 -1.713161
v 0.355427 2.395070 -1.712132
v 0.348316 2.402250 -1.763314
v -0.394568 2.225871 -1.820137
v -0.392177 2.225520 -1.859547
v -0.394216 2.173469 -1.846447
v -0.392207 2.164097 -1.883159
v -0.393408 2.129059 -1.877153
v -0.394458 2.129395 -1.859707
v -0.378170 2.091691 -1.863054
v -0.373543 2.083406 -1.883833
v 0.300182 2.039419 -1.857821
v 0.350560 2.091691 -1.863054
v 0.345933 2.083406 -1.883833
v 0.365797 2.129059 -1.877153
v 0.366848 2.129395 -1.859707
v 0.364597 2.164097 -1.883159
v 0.366605 2.173469 -1.846447
vn -0.1865 -0.9755 0.1165
vn -0.1866 -0.9755 0.1164
vn -0.9979 -0.0238 0.0608
vn -0.9823 -0.1779 0.0583
vn -0.9832 -0.1700 0.0658
vn -0.8297 -0.5570 0.0371
vn -0.7302 -0.6740 0.1120
vn -0.9041 -0.4222 0.0664
vn -0.5587 -0.8213 0.1154
vn -0.9981 -0.0013 0.0621
vn 0.9981 -0.0013 0.0621
vn 0.8297 -0.5570 0.0371
vn 0.7302 -0.6740 0.1120
vn 0.9041 -0.4222 0.0664
vn 0.0259 -0.9987 0.0445
vn 0.0230 -0.9975 0.0673
vn -0.0230 -0.9975 0.0673
vn -0.0259 -0.9987 0.0445
vn 0.9832 -0.1700 0.0658
vn 0.9823 -0.1779 0.0583
vn 0.9979 -0.0238 0.0608
vn -0.9185 0.3925 0.0477
vn -0.9184 0.3926 0.0480
vn -0.6963 0.7142 0.0712
vn -0.6963 0.7125 0.0864
vn -0.7155 0.6709 -0.1947
vn -0.7146 0.6735 -0.1890
vn -0.9979 -0.0238 0.0607
vn -0.9979 -0.0237 0.0607
vn -0.9979 -0.0238 0.0605
vn -0.9184 0.3926 0.0478
vn -0.7163 0.6713 -0.1904
vn -0.7166 0.6699 -0.1943
vn 0.9184 0.3926 0.0478
vn 0.9185 0.3925 0.0477
vn 0.9184 0.3926 0.0480
vn 0.9979 -0.0238 0.0607
vn 0.7163 0.6713 -0.1904
vn 0.7166 0.6699 -0.1943
vn 0.6963 0.7142 0.0712
vn 0.6963 0.7125 0.0864
vn 0.9979 -0.0238 0.0605
vn 0.9979 -0.0237 0.0607
vn 0.5587 -0.8213 0.1154
vn 0.7096 0.7010 0.0703
vn 0.6917 0.7190 0.0673
vn 0.7155 0.6709 -0.1947
vn 0.7146 0.6735 -0.1890
vn 0.7108 0.7009 0.0593
vn 0.7282 0.6599 -0.1851
vn 0.5025 0.8548 0.1297
vn 0.5017 0.8556 0.1276
vn 0.7182 0.6806 -0.1446
vn 0.6934 0.7180 0.0607
vn 0.6753 0.6532 -0.3423
vn 0.7323 0.6659 -0.1426
vn -0.7182 0.6806 -0.1446
vn -0.6934 0.7180 0.0607
vn -0.6753 0.6532 -0.3423
vn -0.8134 0.5106 -0.2786
vn -0.6287 0.7617 0.1568
vn -0.7282 0.6599 -0.1851
vn -0.7108 0.7009 0.0593
vn -0.7323 0.6659 -0.1427
vn -0.7096 0.7010 0.0703
vn -0.6917 0.7190 0.0673
vn 0.7154 0.5851 -0.3820
vn 0.7145 0.5871 -0.3806
vn 0.0985 0.6316 -0.7690
vn 0.0980 0.6322 -0.7686
vn -0.5580 0.6451 -0.5220
vn -0.6007 0.5587 -0.5719
vn -0.2816 0.9464 0.1582
vn -0.3966 0.9108 0.1145
vn 0.1866 -0.9755 0.1164
vn 0.1865 -0.9755 0.1165
vn 0.5580 0.6451 -0.5220
vn 0.6007 0.5587 -0.5719
vn -0.0985 0.6316 -0.7690
vn -0.0986 0.6315 -0.7691
vn 0.2798 0.9470 0.1576
vn -0.2821 0.9462 0.1583
vn -0.5025 0.8548 0.1297
vn -0.5017 0.8556 0.1276
vn 0.8130 0.5091 -0.2824
vn 0.8134 0.5106 -0.2786
vn 0.6287 0.7617 0.1568
vn 0.2816 0.9464 0.1582
vn 0.3966 0.9108 0.1145
vn -0.8130 0.5091 -0.2824
vn -0.7154 0.5851 -0.3820
vn -0.7145 0.5871 -0.3806
s 0
f 4662//3335 4663//3335 4653//3335
f 4662//3336 4653//3336 4652//3336
f 4655//3337 4661//3337 4660//3337
f 4655//3337 4660//3337 4656//3337
f 4657//3338 4659//3338 4658//3338
f 4657//3339 4658//3339 4654//3339
f 4667//3340 4666//3340 4665//3340
f 4667//3341 4665//3341 4664//3341
f 4659//3342 4666//3342 4667//3342
f 4659//3342 4667//3342 4658//3342
f 4664//3343 4665//3343 4663//3343
f 4664//3343 4663//3343 4662//3343
f 4656//3344 4657//3344 4654//3344
f 4656//3344 4654//3344 4655//3344
f 4648//3345 4649//3345 4646//3345
f 4648//3345 4646//3345 4647//3345
f 4640//3346 4645//3346 4644//3346
f 4640//3347 4644//3347 4641//3347
f 4644//3348 4645//3348 4642//3348
f 4644//3348 4642//3348 4643//3348
f 4639//3349 4651//3349 4650//3349
f 4639//3350 4650//3350 4636//3350
f 4652//3351 4653//3351 4650//3351
f 4652//3352 4650//3352 4651//3352
f 4649//3353 4648//3353 4643//3353
f 4649//3354 4643//3354 4642//3354
f 4668//3355 4669//3355 4647//3355
f 4668//3355 4647//3355 4646//3355
f 4677//3356 4680//3356 4679//3356
f 4677//3357 4679//3357 4610//3357
f 4610//3358 4678//3358 4616//3358
f 4610//3359 4616//3359 4599//3359
f 4617//3360 4676//3360 4599//3360
f 4617//3361 4599//3361 4598//3361
f 4661//3362 4681//3362 4682//3362
f 4661//3337 4682//3337 4660//3337
f 4680//3363 4682//3363 4681//3363
f 4680//3364 4681//3364 4679//3364
f 4678//3365 4610//3365 4679//3365
f 4676//3366 4677//3366 4610//3366
f 4676//3367 4610//3367 4599//3367
f 4675//3368 4672//3368 4609//3368
f 4672//3369 4673//3369 4674//3369
f 4672//3370 4674//3370 4609//3370
f 4670//3371 4671//3371 4669//3371
f 4670//3355 4669//3355 4668//3355
f 4609//3372 4674//3372 4621//3372
f 4609//3373 4621//3373 4602//3373
f 4622//3374 4675//3374 4609//3374
f 4622//3375 4609//3375 4602//3375
f 4673//3376 4672//3376 4671//3376
f 4673//3377 4671//3377 4670//3377
f 4637//3378 4640//3378 4641//3378
f 4637//3378 4641//3378 4638//3378
f 4601//3379 4620//3379 4622//3379
f 4601//3380 4622//3380 4602//3380
f 4602//3381 4621//3381 4619//3381
f 4602//3382 4619//3382 4601//3382
f 4600//3383 4620//3383 4601//3383
f 4600//3384 4601//3384 4619//3384
f 4625//3385 4626//3385 4603//3385
f 4625//3386 4603//3386 4604//3386
f 4600//3387 4618//3387 4624//3387
f 4600//3388 4624//3388 4620//3388
f 4623//3389 4624//3389 4618//3389
f 4618//3390 4600//3390 4619//3390
f 4612//3391 4614//3391 4597//3391
f 4612//3392 4597//3392 4615//3392
f 4612//3393 4611//3393 4614//3393
f 4596//3394 4611//3394 4612//3394
f 4596//3395 4612//3395 4613//3395
f 4597//3396 4617//3396 4598//3396
f 4597//3397 4598//3397 4615//3397
f 4597//3398 4614//3398 4617//3398
f 4616//3399 4615//3399 4598//3399
f 4616//3400 4598//3400 4599//3400
f 4603//3401 4628//3401 4627//3401
f 4603//3402 4627//3402 4604//3402
f 4606//3403 4634//3403 4635//3403
f 4606//3404 4635//3404 4607//3404
f 4633//3405 4630//3405 4605//3405
f 4633//3406 4605//3406 4608//3406
f 4629//3407 4632//3407 4608//3407
f 4629//3408 4608//3408 4605//3408
f 4638//3409 4639//3409 4636//3409
f 4638//3410 4636//3410 4637//3410
f 4604//3411 4627//3411 4634//3411
f 4604//3412 4634//3412 4606//3412
f 4635//3413 4633//3413 4608//3413
f 4635//3414 4608//3414 4607//3414
f 4632//3415 4606//3415 4607//3415
f 4632//3416 4607//3416 4608//3416
f 4596//3417 4613//3417 4629//3417
f 4596//3418 4629//3418 4605//3418
f 4628//3419 4603//3419 4623//3419
f 4624//3420 4623//3420 4603//3420
f 4624//3421 4603//3421 4626//3421
f 4606//3422 4632//3422 4625//3422
f 4606//3423 4625//3423 4604//3423
f 4631//3424 4611//3424 4596//3424
f 4630//3425 4631//3425 4596//3425
f 4630//3426 4596//3426 4605//3426
o Gun_02_havok_s_armor_5_5
v -0.246013 2.406643 -1.816905
v -0.153916 2.335207 -1.913287
v -0.013805 2.413817 -1.812550
v -0.013805 2.339488 -1.910732
v 0.126306 2.335207 -1.913287
v 0.218403 2.406643 -1.816905
vn 0.0134 -0.7972 0.6035
vn -0.0133 -0.7972 0.6036
vn -0.0134 -0.7972 0.6035
vn 0.0133 -0.7972 0.6036
s 0
f 4684//3427 4686//3427 4685//3427
f 4687//3428 4688//3428 4685//3428
f 4687//3429 4685//3429 4686//3429
f 4683//3430 4684//3430 4685//3430
o Gun_02_havok_s_armor_7_6
v 0.024197 2.219104 -2.083053
v 0.197845 2.318320 -1.913560
v 0.126306 2.335207 -1.913287
v 0.022989 2.219388 -2.083050
v -0.153916 2.335207 -1.913287
v -0.225455 2.318320 -1.913560
v -0.051807 2.219104 -2.083053
v -0.050599 2.219388 -2.083050
vn 0.1772 -0.7594 0.6260
vn 0.1769 -0.7596 0.6259
vn -0.1772 -0.7594 0.6260
vn -0.1769 -0.7596 0.6259
s 0
f 4695//3431 4696//3431 4693//3431
f 4695//3432 4693//3432 4694//3432
f 4691//3433 4692//3433 4689//3433
f 4691//3434 4689//3434 4690//3434
o Gun_02_havok_s_armor_8_7
v -0.265832 2.405921 -1.812874
v -0.320509 2.377762 -1.816314
v -0.225456 2.318320 -1.913560
v -0.246013 2.406643 -1.816905
v -0.360951 2.419822 -1.755214
v -0.375926 2.402250 -1.763314
v -0.333528 2.438845 -1.752583
v -0.346314 2.346460 -1.831212
v -0.392177 2.225520 -1.859547
v -0.371279 2.281407 -1.848695
v -0.392672 2.278326 -1.830766
v 0.238222 2.405921 -1.812874
v 0.218404 2.406643 -1.816905
v 0.197845 2.318320 -1.913560
v 0.292899 2.377762 -1.816314
v 0.126306 2.335207 -1.913287
v -0.153916 2.335207 -1.913287
v 0.348316 2.402250 -1.763314
v 0.333341 2.419822 -1.755214
v 0.305918 2.438845 -1.752583
v 0.318704 2.346460 -1.831212
v 0.364567 2.225520 -1.859547
v 0.365062 2.278326 -1.830766
v 0.343669 2.281407 -1.848695
vn -0.3723 -0.6309 0.6807
vn -0.3722 -0.6310 0.6807
vn 0.1651 -0.7103 0.6842
vn -0.1651 -0.7103 0.6842
vn -0.6278 -0.3680 0.6859
vn -0.2957 -0.6588 0.6918
vn 0.3723 -0.6309 0.6807
vn 0.3722 -0.6310 0.6807
vn 0.1650 -0.7103 0.6842
vn 0.2958 -0.6588 0.6918
vn -0.2958 -0.6588 0.6918
vn 0.6278 -0.3680 0.6859
vn 0.2957 -0.6588 0.6918
s 0
f 4715//3435 4716//3435 4711//3435
f 4715//3436 4711//3436 4714//3436
f 4699//3437 4713//3437 4700//3437
f 4712//3438 4710//3438 4709//3438
f 4718//3439 4719//3439 4720//3439
f 4716//3440 4708//3440 4711//3440
f 4717//3435 4714//3435 4711//3435
f 4704//3441 4698//3441 4702//3441
f 4698//3441 4703//3441 4701//3441
f 4698//3442 4701//3442 4702//3442
f 4699//3443 4700//3443 4697//3443
f 4699//3444 4697//3444 4698//3444
f 4710//3445 4711//3445 4708//3445
f 4710//3438 4708//3438 4709//3438
f 4705//3446 4706//3446 4707//3446
f 4703//3447 4698//3447 4697//3447
o Gun_02_havok_s_armor_9_8
v 0.238222 2.405921 -1.812874
v 0.305918 2.438845 -1.752583
v 0.247756 2.449970 -1.752577
v 0.218403 2.406643 -1.816905
v -0.265832 2.405921 -1.812874
v -0.246013 2.406643 -1.816905
v -0.275366 2.449970 -1.752577
v -0.333528 2.438845 -1.752583
vn 0.1504 -0.7868 0.5986
vn -0.1504 -0.7868 0.5986
s 0
f 4727//3448 4728//3448 4725//3448
f 4727//3448 4725//3448 4726//3448
f 4723//3449 4724//3449 4721//3449
f 4723//3449 4721//3449 4722//3449
o Gun_02_havok_s_armor_10_9
v -0.390413 2.369732 -1.772805
v -0.394957 2.335705 -1.792801
v -0.346314 2.346460 -1.831213
v -0.375926 2.402250 -1.763314
v -0.371279 2.281407 -1.848695
v -0.392672 2.278326 -1.830766
v 0.362803 2.369732 -1.772805
v 0.348316 2.402250 -1.763314
v 0.318704 2.346460 -1.831213
v 0.367347 2.335705 -1.792801
v 0.343669 2.281407 -1.848695
v 0.365062 2.278326 -1.830766
vn -0.6107 -0.4602 0.6444
vn -0.6185 -0.4163 0.6665
vn -0.6184 -0.4164 0.6665
vn 0.6107 -0.4602 0.6444
vn 0.6185 -0.4163 0.6664
vn 0.6184 -0.4164 0.6665
s 0
f 4737//3450 4738//3450 4735//3450
f 4737//3450 4735//3450 4736//3450
f 4739//3451 4740//3451 4738//3451
f 4739//3452 4738//3452 4737//3452
f 4731//3453 4732//3453 4729//3453
f 4731//3453 4729//3453 4730//3453
f 4730//3454 4734//3454 4733//3454
f 4730//3455 4733//3455 4731//3455
o Gun_02_havok_s_armor_11_10
v -0.149086 2.054048 -2.083050
v -0.328044 2.078403 -1.927326
v -0.136925 2.025358 -2.083050
v -0.346314 2.346460 -1.831213
v -0.225455 2.318320 -1.913560
v -0.320509 2.377762 -1.816314
v 0.086134 2.185048 -2.083052
v 0.318704 2.346460 -1.831213
v 0.197845 2.318320 -1.913560
v 0.024197 2.219104 -2.083053
v 0.292899 2.377762 -1.816314
v 0.121476 2.054048 -2.083050
v 0.109315 2.025358 -2.083050
v 0.300434 2.078403 -1.927326
v -0.113744 2.185048 -2.083052
v -0.051807 2.219104 -2.083053
vn -0.3396 -0.6176 0.7094
vn -0.6520 0.2764 0.7061
vn 0.3396 -0.6176 0.7094
vn 0.6520 0.2764 0.7061
s 0
f 4749//3456 4748//3456 4751//3456
f 4752//3457 4753//3457 4754//3457
f 4755//3458 4756//3458 4745//3458
f 4755//3458 4745//3458 4744//3458
f 4741//3459 4742//3459 4743//3459
f 4744//3458 4745//3458 4746//3458
f 4749//3456 4750//3456 4747//3456
f 4749//3456 4747//3456 4748//3456
o Gun_02_havok_s_armor_13_11
v -0.393407 2.129059 -1.877153
v -0.328045 2.078404 -1.927326
v -0.156743 2.105041 -2.083052
v -0.392207 2.164097 -1.883159
v -0.346314 2.346460 -1.831213
v -0.371279 2.281407 -1.848695
v -0.298910 2.258111 -1.912511
v 0.107476 2.157099 -2.083050
v 0.271300 2.258111 -1.912511
v 0.318704 2.346460 -1.831213
v 0.086134 2.185048 -2.083052
v 0.343669 2.281407 -1.848695
v 0.365797 2.129059 -1.877153
v 0.364597 2.164097 -1.883159
v 0.129133 2.105041 -2.083052
v 0.300434 2.078404 -1.927326
v 0.121476 2.054048 -2.083050
v 0.120270 2.137074 -2.083051
v 0.322471 2.173980 -1.914439
v -0.135086 2.157099 -2.083050
v -0.113744 2.185048 -2.083052
v -0.147880 2.137074 -2.083051
v -0.350081 2.173980 -1.914439
v -0.149086 2.054048 -2.083050
vn -0.5589 -0.3571 0.7484
vn -0.6608 0.0993 0.7439
vn 0.5286 -0.4036 0.7468
vn 0.6608 0.0993 0.7439
vn 0.5589 -0.3571 0.7484
vn 0.6588 0.1051 0.7450
vn 0.6587 0.1131 0.7439
vn -0.5286 -0.4036 0.7468
vn -0.6587 0.1131 0.7439
vn -0.6588 0.1051 0.7450
s 0
f 4774//3460 4775//3460 4765//3460
f 4774//3460 4765//3460 4764//3460
f 4773//3461 4772//3461 4771//3461
f 4776//3462 4777//3462 4761//3462
f 4776//3462 4761//3462 4763//3462
f 4780//3463 4759//3463 4758//3463
f 4763//3464 4779//3464 4778//3464
f 4763//3464 4778//3464 4776//3464
f 4761//3462 4762//3462 4763//3462
f 4759//3465 4760//3465 4757//3465
f 4759//3466 4757//3466 4758//3466
f 4766//3467 4767//3467 4764//3467
f 4766//3467 4764//3467 4765//3467
f 4771//3468 4772//3468 4769//3468
f 4771//3469 4769//3469 4770//3469
f 4766//3467 4765//3467 4768//3467
o Gun_02_havok_s_armor_15_12
v -0.156743 2.105041 -2.083052
v -0.147880 2.137074 -2.083051
v -0.350081 2.173980 -1.914439
v -0.392207 2.164097 -1.883159
v 0.322471 2.173980 -1.914439
v 0.120270 2.137074 -2.083051
v 0.129133 2.105041 -2.083052
v 0.364597 2.164097 -1.883159
vn -0.6128 -0.1692 0.7719
vn -0.6127 -0.1696 0.7719
vn 0.6128 -0.1692 0.7719
vn 0.6127 -0.1696 0.7719
s 0
f 4787//3470 4788//3470 4785//3470
f 4787//3471 4785//3471 4786//3471
f 4783//3472 4784//3472 4781//3472
f 4783//3473 4781//3473 4782//3473
o Gun_02_havok_s_armor_18_13
v -0.292862 2.035102 -1.927653
v -0.196831 1.994212 -1.993864
v -0.136925 2.025358 -2.083050
v -0.328044 2.078404 -1.927326
v -0.373543 2.083406 -1.883833
v 0.265252 2.035102 -1.927653
v 0.300434 2.078404 -1.927326
v 0.109315 2.025358 -2.083050
v 0.169221 1.994212 -1.993864
v 0.345933 2.083406 -1.883833
v -0.111405 1.993674 -2.083053
v 0.083795 1.993674 -2.083053
vn -0.6253 0.5035 0.5962
vn 0.6254 0.5037 0.5960
vn -0.6254 0.5037 0.5960
vn 0.6254 0.5036 0.5960
vn 0.6253 0.5035 0.5962
vn -0.6254 0.5036 0.5960
s 0
f 4798//3474 4795//3474 4794//3474
f 4791//3475 4790//3475 4799//3475
f 4797//3476 4796//3476 4800//3476
f 4791//3477 4792//3477 4789//3477
f 4791//3475 4789//3475 4790//3475
f 4793//3478 4789//3478 4792//3478
f 4796//3476 4797//3476 4794//3476
f 4796//3479 4794//3479 4795//3479
o Gun_02_havok_s_armor_19_14
v 0.083795 1.993674 -2.083053
v 0.164062 1.927471 -1.913347
v 0.169221 1.994212 -1.993864
v -0.111405 1.993674 -2.083053
v -0.196831 1.994212 -1.993864
v -0.191672 1.927471 -1.913347
vn 0.5422 0.6636 0.5153
vn -0.5422 0.6636 0.5153
s 0
f 4804//3480 4805//3480 4806//3480
f 4801//3481 4802//3481 4803//3481
o Gun_02_havok_s_armor_20_15
v 0.083795 1.993674 -2.083053
v 0.056428 1.973185 -2.083051
v 0.114976 1.890719 -1.913347
v 0.164062 1.927471 -1.913347
v -0.111405 1.993674 -2.083053
v -0.191672 1.927471 -1.913347
v -0.142586 1.890719 -1.913347
v -0.084038 1.973185 -2.083051
vn 0.5148 0.6877 0.5118
vn 0.5149 0.6877 0.5118
vn -0.5149 0.6877 0.5118
vn -0.5148 0.6877 0.5118
s 0
f 4813//3482 4814//3482 4811//3482
f 4813//3483 4811//3483 4812//3483
f 4809//3484 4810//3484 4807//3484
f 4809//3485 4807//3485 4808//3485
o Gun_02_havok_s_armor_21_16
v -0.084038 1.973185 -2.083051
v -0.142586 1.890719 -1.913347
v -0.082869 1.866785 -1.913348
v -0.013805 1.954143 -2.083051
v -0.013805 1.809178 -1.828676
v 0.055260 1.866785 -1.913348
v 0.056428 1.973185 -2.083051
v 0.020514 1.958790 -2.083053
v 0.114976 1.890719 -1.913347
v -0.048124 1.958790 -2.083053
vn -0.3219 0.8031 0.5013
vn 0.3219 0.8031 0.5013
vn 0.1168 0.8629 0.4917
vn -0.1168 0.8629 0.4917
vn 0.1169 0.8629 0.4917
vn -0.1169 0.8629 0.4917
s 0
f 4823//3486 4821//3486 4820//3486
f 4824//3487 4815//3487 4817//3487
f 4824//3488 4817//3488 4818//3488
f 4822//3489 4818//3489 4820//3489
f 4822//3486 4820//3486 4821//3486
f 4815//3487 4816//3487 4817//3487
f 4818//3490 4817//3490 4819//3490
f 4818//3491 4819//3491 4820//3491
o Gun_02_havok_s_armor_22_17
v -0.082869 1.866785 -1.913348
v -0.142586 1.890719 -1.913347
v -0.088819 1.831927 -1.831220
v 0.055260 1.866785 -1.913348
v 0.061209 1.831927 -1.831220
v 0.114976 1.890719 -1.913347
vn -0.3429 0.8555 0.3879
vn 0.3429 0.8555 0.3879
s 0
f 4828//3492 4829//3492 4830//3492
f 4825//3493 4826//3493 4827//3493
o Gun_02_havok_s_armor_23_18
v -0.291837 2.004006 -1.886415
v -0.292862 2.035102 -1.927653
v -0.373543 2.083406 -1.883833
v 0.169221 1.994212 -1.993864
v 0.164062 1.927471 -1.913347
v 0.264227 2.004006 -1.886415
v 0.265252 2.035102 -1.927653
v 0.345933 2.083406 -1.883833
v -0.191672 1.927471 -1.913347
v -0.196831 1.994212 -1.993864
vn -0.6265 0.6297 0.4593
vn 0.6101 0.6288 0.4821
vn 0.6003 0.6457 0.4719
vn 0.6265 0.6297 0.4593
vn -0.6003 0.6457 0.4719
vn -0.6101 0.6288 0.4821
s 0
f 4836//3494 4838//3494 4837//3494
f 4831//3495 4839//3495 4840//3495
f 4831//3496 4840//3496 4832//3496
f 4831//3497 4832//3497 4833//3497
f 4836//3498 4837//3498 4834//3498
f 4836//3499 4834//3499 4835//3499
o Gun_02_havok_s_armor_24_19
v -0.191672 1.927471 -1.913347
v -0.291837 2.004007 -1.886415
v -0.244616 1.952816 -1.852640
v -0.205837 1.913810 -1.834246
v -0.154935 1.869742 -1.824277
v 0.217006 1.952816 -1.852640
v 0.264227 2.004007 -1.886415
v 0.164062 1.927471 -1.913347
v 0.178227 1.913810 -1.834246
v 0.127325 1.869742 -1.824277
vn -0.6294 0.7390 0.2403
vn -0.6293 0.7391 0.2403
vn -0.6082 0.7567 0.2396
vn 0.6294 0.7390 0.2403
vn 0.6293 0.7391 0.2403
vn 0.6082 0.7567 0.2396
s 0
f 4848//3500 4849//3500 4846//3500
f 4848//3501 4846//3501 4847//3501
f 4849//3502 4848//3502 4850//3502
f 4843//3503 4844//3503 4841//3503
f 4843//3504 4841//3504 4842//3504
f 4844//3505 4845//3505 4841//3505
o Gun_02_havok_s_armor_25_20
v -0.088819 1.831927 -1.831220
v -0.013805 1.809178 -1.828676
v -0.082870 1.866785 -1.913348
v 0.061209 1.831927 -1.831220
v 0.055260 1.866785 -1.913348
vn -0.2546 0.8834 0.3934
vn 0.2546 0.8834 0.3934
s 0
f 4854//3506 4855//3506 4852//3506
f 4851//3507 4852//3507 4853//3507
o Gun_02_havok_s_armor_26_21
v -0.142586 1.890719 -1.913347
v -0.154935 1.869742 -1.824277
v -0.088819 1.831927 -1.831220
v 0.114976 1.890719 -1.913347
v 0.061209 1.831927 -1.831220
v 0.127325 1.869742 -1.824277
vn -0.4996 0.8252 0.2636
vn 0.4996 0.8252 0.2636
s 0
f 4859//3508 4860//3508 4861//3508
f 4856//3509 4857//3509 4858//3509
o Gun_02_havok_s_armor_27_22
v -0.154935 1.869742 -1.824277
v -0.142586 1.890719 -1.913347
v -0.191672 1.927471 -1.913347
v 0.127325 1.869742 -1.824277
v 0.164062 1.927471 -1.913347
v 0.114976 1.890719 -1.913347
vn -0.5784 0.7725 0.2621
vn 0.5784 0.7725 0.2621
s 0
f 4865//3510 4866//3510 4867//3510
f 4862//3511 4863//3511 4864//3511
o Gun_02_havok_s_armor_14_23
v 0.364567 2.225520 -1.859547
v 0.322471 2.173980 -1.914439
v 0.364597 2.164097 -1.883159
v -0.392177 2.225520 -1.859547
v -0.392207 2.164097 -1.883159
v -0.350081 2.173980 -1.914439
vn 0.6137 -0.2836 0.7369
vn -0.6137 -0.2836 0.7369
s 0
f 4871//3512 4872//3512 4873//3512
f 4868//3513 4869//3513 4870//3513
o Gun_02_havok_s_armor_12_24
v -0.393407 2.129059 -1.877153
v -0.373543 2.083406 -1.883833
v -0.328045 2.078404 -1.927326
v 0.365797 2.129059 -1.877153
v 0.300434 2.078404 -1.927326
v 0.345933 2.083406 -1.883833
vn -0.6886 0.1976 0.6977
vn 0.6886 0.1976 0.6977
s 0
f 4877//3514 4878//3514 4879//3514
f 4874//3515 4875//3515 4876//3515
o Gun_02_havok_s_armor_6_25
v 0.355427 2.395070 -1.712132
v 0.365314 2.372176 -1.723075
v 0.364388 2.365584 -1.695508
v 0.346795 2.389412 -1.684771
v 0.370792 2.337241 -1.737364
v 0.362827 2.333819 -1.719815
v 0.367918 2.275650 -1.784898
v -0.395528 2.275650 -1.784898
v -0.398402 2.337241 -1.737364
v -0.390437 2.333819 -1.719815
v -0.392924 2.372176 -1.723075
v -0.391998 2.365584 -1.695508
v -0.013805 2.458271 -1.718753
v -0.013805 2.447636 -1.695765
v -0.229453 2.447636 -1.695765
v -0.285985 2.452047 -1.718161
v -0.326619 2.432228 -1.698427
v -0.335049 2.442781 -1.717191
v 0.201843 2.447636 -1.695765
v 0.258375 2.452047 -1.718161
v 0.299009 2.432228 -1.698427
v 0.307439 2.442781 -1.717191
v 0.336026 2.423903 -1.713161
v 0.319961 2.412217 -1.687834
v -0.374405 2.389412 -1.684771
v -0.383037 2.395070 -1.712132
v -0.363636 2.423903 -1.713161
v -0.347571 2.412217 -1.687834
vn -0.4776 -0.6424 -0.5993
vn -0.7704 -0.5310 -0.3528
vn -0.1467 -0.8326 -0.5341
vn -0.1467 -0.8326 -0.5342
vn -0.0216 -0.9692 -0.2455
vn -0.0000 -0.9076 -0.4199
vn -0.3912 -0.7158 -0.5784
vn -0.3912 -0.7159 -0.5784
vn 0.8218 -0.4482 -0.3519
vn 0.9308 -0.3473 -0.1143
vn 0.3912 -0.7158 -0.5784
vn 0.3912 -0.7159 -0.5784
vn 0.4776 -0.6424 -0.5993
vn 0.7704 -0.5310 -0.3528
vn -0.8879 0.3063 -0.3433
vn -0.9896 -0.1290 -0.0641
vn -0.8218 -0.4482 -0.3519
vn -0.9308 -0.3473 -0.1143
vn 0.8879 0.3063 -0.3433
vn 0.1467 -0.8326 -0.5341
vn 0.1467 -0.8326 -0.5342
vn 0.0216 -0.9692 -0.2455
vn 0.9896 -0.1290 -0.0641
s 0
f 4883//3516 4903//3516 4902//3516
f 4883//3517 4902//3517 4880//3517
f 4899//3518 4901//3518 4900//3518
f 4899//3519 4900//3519 4898//3519
f 4892//3520 4899//3520 4898//3520
f 4892//3521 4898//3521 4893//3521
f 4902//3522 4903//3522 4900//3522
f 4902//3523 4900//3523 4901//3523
f 4905//3524 4904//3524 4891//3524
f 4905//3525 4891//3525 4890//3525
f 4896//3526 4907//3526 4906//3526
f 4896//3527 4906//3527 4897//3527
f 4906//3528 4907//3528 4904//3528
f 4906//3529 4904//3529 4905//3529
f 4886//3530 4885//3530 4884//3530
f 4882//3531 4881//3531 4884//3531
f 4882//3530 4884//3530 4885//3530
f 4882//3532 4883//3532 4880//3532
f 4882//3533 4880//3533 4881//3533
f 4887//3534 4888//3534 4889//3534
f 4896//3535 4897//3535 4895//3535
f 4896//3536 4895//3536 4894//3536
f 4894//3537 4895//3537 4892//3537
f 4894//3521 4892//3521 4893//3521
f 4888//3538 4890//3538 4891//3538
f 4888//3534 4891//3534 4889//3534
o Gun_02_havok_s_armor_17_26
v 0.271300 2.258110 -1.912511
v 0.322471 2.173980 -1.914439
v 0.364567 2.225520 -1.859547
v 0.343669 2.281407 -1.848695
v -0.392177 2.225520 -1.859547
v -0.350081 2.173980 -1.914439
v -0.298909 2.258110 -1.912511
v -0.371279 2.281407 -1.848695
vn 0.5522 -0.3532 0.7552
vn 0.5523 -0.3532 0.7552
vn -0.5522 -0.3532 0.7552
vn -0.5523 -0.3532 0.7552
s 0
f 4914//3539 4915//3539 4912//3539
f 4914//3540 4912//3540 4913//3540
f 4910//3541 4911//3541 4908//3541
f 4910//3542 4908//3542 4909//3542
