# Blender 5.1.0
# www.blender.org
o Chassis_havok_s_leftTrack_0
v -1.005028 1.026832 2.621906
v -1.581681 1.026832 2.621906
v -1.005028 0.985711 2.609639
v -1.581681 0.985711 2.609639
v -1.422798 0.612159 1.880795
v -1.208138 0.612159 1.880795
v -1.422798 0.622068 1.955418
v -1.422798 0.612159 2.031062
v -1.422798 0.582929 2.100573
v -1.208138 0.622068 1.955418
v -1.208138 0.612159 2.031062
v -1.208138 0.582929 2.100573
v -1.581681 0.653775 2.345906
v -1.005028 0.653775 2.345906
v -1.005028 0.740475 2.341817
v -1.581681 0.740475 2.341817
v -1.005028 0.767228 2.345906
v -1.581681 0.767228 2.345906
v -1.581681 0.628013 2.353062
v -1.005028 0.628013 2.353062
v -1.422798 0.041922 1.950306
v -1.208138 0.088988 2.121017
v -1.208138 0.116732 2.169062
v -1.208138 0.187083 2.206884
v -1.208138 0.041922 1.950306
v -1.422798 0.116732 2.169062
v -1.581681 0.088988 2.121017
v -1.422798 0.088988 2.121017
v -1.422798 0.187083 2.206884
v -1.581681 0.051831 2.032084
v -1.422798 0.051831 2.032084
v -1.581681 0.051336 2.138395
v -1.048974 0.051336 2.138395
v -1.048974 0.012692 2.043329
v -1.581681 0.012692 2.043329
v -1.208138 0.051831 2.032084
v -1.048974 0.051831 2.032084
v -1.048974 0.088988 2.121017
v -1.581681 0.185101 2.368395
v -1.048974 0.185101 2.368395
v -1.048974 0.220772 2.346928
v -1.581681 0.220772 2.346928
v -1.208138 0.536854 2.160884
v -1.422798 0.536854 2.160884
v -1.422798 0.332243 2.245728
v -1.422798 0.256938 2.235506
v -1.422798 0.476907 2.206884
v -1.422798 0.407052 2.235506
v -1.208138 0.332243 2.245728
v -1.208138 0.256938 2.235506
v -1.208138 0.407052 2.235506
v -1.208138 0.476907 2.206884
v -1.005028 0.441237 2.699595
v -1.005028 0.457090 2.797728
v -1.005028 0.505147 2.849861
v -1.005028 0.976793 2.557506
v -1.005028 0.437769 2.609639
v -1.005028 0.564103 2.890750
v -1.005028 0.629994 2.916306
v -1.005028 0.700345 2.926528
v -1.005028 0.771687 2.921417
v -1.005028 0.900498 2.864172
v -1.005028 0.839065 2.899950
v -1.581681 0.564103 2.890750
v -1.581681 0.505147 2.849861
v -1.581681 0.946077 2.476750
v -1.581681 0.976793 2.557506
v -1.581681 0.629994 2.916306
v -1.581681 0.771687 2.921417
v -1.581681 0.700345 2.926528
v -1.581681 0.900498 2.864172
v -1.581681 0.839065 2.899950
v -1.581681 0.457090 2.797728
v -1.581681 0.441237 2.699595
v -1.581681 0.437769 2.609639
v -1.581681 0.992152 2.755817
v -1.581681 0.952517 2.815106
v -1.581681 1.017418 2.689373
v -1.005028 0.992152 2.755817
v -1.005028 0.952517 2.815106
v -1.005028 1.017418 2.689373
v -1.005028 0.946077 2.476750
v -1.005028 0.439255 2.583061
v -1.005028 0.474430 2.475728
v -1.005028 0.462045 2.499239
v -1.581681 0.931214 2.454262
v -1.581681 0.870277 2.391906
v -1.581681 0.439255 2.583061
v -1.581681 0.462045 2.499239
v -1.005028 0.870277 2.391906
v -1.005028 0.931214 2.454262
v -1.005028 0.847982 2.377595
v -1.581681 0.847982 2.377595
v -1.005028 0.550231 2.391906
v -1.005028 0.529423 2.408262
v -1.581681 0.550231 2.391906
v -1.581681 0.529423 2.408262
v -1.581681 0.474430 2.475728
v -1.581681 0.419933 2.743550
v -1.048974 0.419933 2.743550
v -1.048974 0.419933 2.665862
v -1.005028 0.419933 2.743550
v -1.005028 0.419933 2.665862
v -1.422728 0.187028 1.704545
v -1.422728 0.331872 1.665699
v -1.207992 0.331872 1.665699
v -1.207992 0.291713 1.442486
v -1.207992 0.218614 1.422138
v -1.422728 0.218614 1.422138
v -1.422728 0.291713 1.442486
v -1.422728 0.367519 1.443103
v -1.207992 0.367519 1.443103
v -1.422728 0.506497 1.386991
v -1.207992 0.506497 1.386991
v -1.207992 0.440618 1.423988
v -1.422728 0.440618 1.423988
v -1.403636 0.796636 1.536211
v -1.226350 0.796636 1.536211
v -1.226350 0.810624 1.498598
v -1.403636 0.810624 1.498598
v -1.403636 0.796636 1.575674
v -1.226350 0.796636 1.575674
v -1.422728 0.537180 1.750791
v -1.207992 0.477167 1.704545
v -1.422728 0.560644 1.333963
v -1.422728 0.598998 1.268602
v -1.422728 0.619303 1.195842
v -1.422728 0.619755 1.119999
v -1.207992 0.153637 1.383908
v -1.422728 0.153637 1.383908
v -1.207992 0.560644 1.333963
v -1.207992 0.598998 1.268602
v -1.207992 0.619303 1.195842
v -1.422728 0.100393 1.329646
v -1.207992 0.100393 1.329646
v -1.403636 1.024054 1.507230
v -1.403636 1.022249 1.608971
v -1.403636 0.983895 1.644118
v -1.403636 0.983895 1.467767
v -1.226350 0.983895 1.467767
v -1.226350 1.022249 1.608971
v -1.226350 0.983895 1.644118
v -1.226350 0.949150 1.663849
v -1.403636 0.949150 1.663849
v -1.226350 0.949150 1.448036
v -1.226350 0.870637 1.663849
v -1.403636 0.870637 1.663849
v -1.403636 0.909893 1.670632
v -1.226350 0.909893 1.670632
v -1.226350 0.835892 1.644118
v -1.403636 0.835892 1.644118
v -1.226350 0.810624 1.613287
v -1.403636 0.810624 1.613287
v -1.226350 0.835892 1.467767
v -1.403636 0.909893 1.440636
v -1.403636 0.949150 1.448036
v -1.403636 0.870637 1.448036
v -1.403636 0.835892 1.467767
v -1.226350 0.909893 1.440636
v -1.226350 0.870637 1.448036
v -1.005028 1.115380 0.023246
v -1.581681 1.115380 0.023246
v -1.226449 1.073934 0.008183
v -1.005028 1.073934 0.022122
v -1.226449 1.073803 -0.096587
v -1.403642 1.073934 0.008183
v -1.581681 1.073934 0.022122
v -1.403642 1.034972 -0.132110
v -1.226449 1.034972 -0.132110
v -1.226449 1.000325 -0.152120
v -1.226449 1.034972 0.043931
v -1.403642 1.034972 0.043931
v -1.226449 1.000325 0.063940
v -1.403642 1.000325 0.063940
v -1.226449 0.960971 -0.159090
v -1.403642 0.960971 -0.159090
v -1.403642 0.921617 -0.152120
v -1.226449 0.921617 -0.152120
v -1.403642 1.000325 -0.152120
v -1.403642 0.887100 -0.132110
v -1.226449 0.887100 -0.132110
v -1.226449 0.921617 0.063940
v -1.403642 0.921617 0.063940
v -1.403642 0.960971 0.070910
v -1.226449 0.960971 0.070910
v -1.226449 0.887100 0.043931
v -1.403642 0.887100 0.043931
v -1.226449 0.861343 -0.101534
v -1.403642 0.861343 -0.101534
v -1.403642 0.847746 -0.063987
v -1.403642 0.847746 -0.024192
v -1.403642 0.861343 0.013354
v -1.226449 0.847746 -0.063987
v -1.226449 0.847746 -0.024192
v -1.226449 0.861343 0.013354
v -1.422798 0.115865 -1.850255
v -1.422798 0.041225 -2.055127
v -1.422798 0.096317 -2.224879
v -1.422798 0.054935 -2.139418
v -1.207856 0.115865 -1.850255
v -1.207856 0.096317 -2.224879
v -1.207856 0.041225 -2.055127
v -1.207856 0.041225 -1.932204
v -1.207856 0.054935 -2.139418
v -1.581681 0.096317 -2.224879
v -1.581681 0.054935 -2.139418
v -1.581681 0.016346 -2.152295
v -1.581681 0.059251 -2.242439
v -1.048974 0.059251 -2.242439
v -1.048974 0.016346 -2.152295
v -1.048974 0.096317 -2.224879
v -1.048974 0.054935 -2.139418
v -1.207856 0.490587 -2.286926
v -1.207856 0.347908 -2.333753
v -1.207856 0.201168 -2.302145
v -1.207856 0.120943 -2.265853
v -1.207856 0.525368 -1.828012
v -1.422798 0.201168 -2.302145
v -1.422798 0.391575 -1.760111
v -1.422798 0.241534 -1.768306
v -1.422798 0.173495 -1.801086
v -1.422798 0.120943 -2.265853
v -1.422798 0.315920 -1.754258
v -1.207856 0.315920 -1.754258
v -1.207856 0.241534 -1.768306
v -1.207856 0.391575 -1.760111
v -1.422798 0.462914 -1.784696
v -1.207856 0.462914 -1.784696
v -1.207856 0.173495 -1.801086
v -1.048974 0.420009 -2.824276
v -1.581681 0.500996 -2.951882
v -1.581681 0.221732 -2.511699
v -1.048974 0.221732 -2.511699
v -1.048974 0.420009 -2.747010
v -1.048974 0.257021 -2.489456
v -1.581681 0.536031 -2.929639
v -1.581681 0.257021 -2.489456
v -1.005028 0.420009 -2.824276
v -1.005028 0.500996 -2.951882
v -1.435475 0.517244 -2.900371
v -1.197433 0.517244 -2.900371
v -1.435475 0.509882 -2.807886
v -1.435475 0.519529 -2.735303
v -1.005028 0.536031 -2.929639
v -1.005028 0.420009 -2.747010
v -1.422798 0.490587 -2.286926
v -1.207856 0.422294 -2.319705
v -1.422798 0.422294 -2.319705
v -1.422798 0.272507 -2.327900
v -1.422798 0.347908 -2.333753
v -1.207856 0.272507 -2.327900
v -1.422728 0.506574 -0.212453
v -1.422728 0.440686 -0.173996
v -1.422728 0.367381 -0.157171
v -1.422728 0.291662 -0.157171
v -1.422728 0.218702 -0.176400
v -1.207992 0.440686 -0.173996
v -1.207992 0.506574 -0.212453
v -1.207992 0.291662 -0.157171
v -1.207992 0.367381 -0.157171
v -1.207992 0.218702 -0.176400
v -1.422728 0.510541 -0.671525
v -1.207992 0.510541 -0.671525
v -1.207992 0.445343 -0.709982
v -1.207992 0.372383 -0.731614
v -1.207992 0.296664 -0.731614
v -1.207992 0.223359 -0.712385
v -1.207992 0.157471 -0.676332
v -1.422728 0.445343 -0.709982
v -1.422728 0.372383 -0.731614
v -1.422728 0.296664 -0.731614
v -1.422728 0.223359 -0.712385
v -1.422728 0.157471 -0.676332
v -1.422728 0.223359 -0.974369
v -1.422728 0.296664 -0.955141
v -1.207992 0.296664 -0.955141
v -1.207992 0.223359 -0.974369
v -1.422728 0.372383 -0.957545
v -1.207992 0.372383 -0.957545
v -1.422728 0.510541 -1.015229
v -1.422728 0.445343 -0.976773
v -1.422728 0.157471 -1.012826
v -1.207992 0.510541 -1.015229
v -1.207992 0.506574 -1.476706
v -1.207992 0.440686 -1.512759
v -1.207992 0.367381 -1.531987
v -1.207992 0.291662 -1.531987
v -1.207992 0.218702 -1.510355
v -1.207992 0.157471 -1.012826
v -1.207992 0.445343 -0.976773
v -1.422728 0.218702 -1.510355
v -1.422728 0.291662 -1.531987
v -1.422728 0.440686 -1.512759
v -1.422728 0.367381 -1.531987
v -1.422728 0.506574 -1.476706
v -1.422728 0.510541 0.585517
v -1.422728 0.445343 0.623974
v -1.422728 0.372383 0.643202
v -1.422728 0.296664 0.643202
v -1.422728 0.223359 0.626377
v -1.422728 0.157471 0.587921
v -1.207992 0.510541 0.585517
v -1.207992 0.506574 0.124041
v -1.207992 0.440686 0.087988
v -1.207992 0.367381 0.068760
v -1.207992 0.291662 0.068760
v -1.207992 0.218702 0.090391
v -1.207992 0.445343 0.623974
v -1.207992 0.372383 0.643202
v -1.207992 0.296664 0.643202
v -1.207992 0.223359 0.626377
v -1.207992 0.157471 0.587921
v -1.422728 0.218702 0.090391
v -1.422728 0.291662 0.068760
v -1.422728 0.440686 0.087988
v -1.422728 0.367381 0.068760
v -1.422728 0.506574 0.124041
v -1.422728 0.157471 0.924414
v -1.207992 0.157471 0.924414
v -1.207992 0.223359 0.885958
v -1.422728 0.223359 0.885958
v -1.207992 0.296664 0.866729
v -1.422728 0.296664 0.866729
v -1.207992 0.372383 0.869133
v -1.422728 0.372383 0.869133
v -1.207992 0.445343 0.888361
v -1.207992 0.510541 0.926818
v -1.422728 0.510541 0.926818
v -1.422728 0.445343 0.888361
v -1.207856 0.615884 -2.103124
v -1.422798 0.621637 -2.027827
v -1.403642 1.000339 -1.752241
v -1.403642 0.961068 -1.759771
v -1.226449 0.961068 -1.759771
v -1.226449 1.000339 -1.752241
v -1.403642 0.921547 -1.752241
v -1.226449 0.921547 -1.752241
v -1.197433 0.789977 -2.527797
v -1.435475 0.789977 -2.527797
v -1.435475 0.862515 -2.536832
v -1.197433 0.862515 -2.536832
v -1.435475 0.717438 -2.536832
v -1.197433 0.717438 -2.536832
v -1.197433 0.649902 -2.565445
v -1.435475 0.649902 -2.565445
v -1.435475 0.988082 -2.609117
v -1.197433 0.988082 -2.609117
v -1.197433 0.930051 -2.565445
v -1.435475 0.930051 -2.565445
v -1.226449 1.034857 -1.732664
v -1.403642 1.034857 -1.732664
v -1.403642 0.887028 -1.732664
v -1.226449 0.887028 -1.732664
v -1.226449 0.861515 -1.701040
v -1.226449 0.861515 -1.586589
v -1.403642 0.861515 -1.701040
v -1.403642 0.847757 -1.624237
v -1.403642 0.847757 -1.663391
v -1.403642 0.861515 -1.586589
v -1.226449 0.847757 -1.663391
v -1.226449 0.847757 -1.624237
v -1.435475 0.592121 -2.609117
v -1.435475 1.068125 -2.798865
v -1.435475 1.032606 -2.667849
v -1.197433 0.592121 -2.609117
v -1.197433 1.011344 -2.976565
v -1.197433 1.043612 -2.922351
v -1.197433 1.068125 -2.798865
v -1.197433 1.062872 -2.862114
v -1.197433 1.032606 -2.667849
v -1.435475 0.617635 -3.026261
v -1.435475 0.671163 -3.059391
v -1.435475 0.730945 -3.078969
v -1.435475 0.793478 -3.086498
v -1.435475 0.856012 -3.077462
v -1.435475 1.062872 -2.862114
v -1.435475 1.043612 -2.922351
v -1.005028 1.043612 -2.922351
v -1.005028 1.011344 -2.976565
v -1.435475 1.011344 -2.976565
v -1.581681 1.011344 -2.976565
v -1.581681 1.043612 -2.922351
v -1.581681 1.043612 -3.002166
v -1.581681 1.080881 -2.940423
v -1.581681 1.062872 -2.862114
v -1.005028 1.062872 -2.862114
v -1.005028 1.103143 -2.871150
v -1.005028 1.080881 -2.940423
v -1.581681 1.103143 -2.871150
v -1.005028 0.591121 -3.057885
v -1.581681 0.591121 -3.057885
v -1.581681 0.617635 -3.026261
v -1.197433 0.617635 -3.026261
v -1.005028 0.617635 -3.026261
v -1.197433 0.967821 -3.021743
v -1.197433 0.915043 -3.056379
v -1.197433 0.856012 -3.077462
v -1.197433 0.793478 -3.086498
v -1.197433 0.730945 -3.078969
v -1.197433 0.671163 -3.059391
v -1.581681 0.993335 -3.054873
v -1.005028 0.993335 -3.054873
v -1.005028 1.043612 -3.002166
v -1.005028 0.967821 -3.021743
v -1.005028 0.915043 -3.056379
v -1.435475 0.915043 -3.056379
v -1.435475 0.967821 -3.021743
v -1.581681 0.967821 -3.021743
v -1.581681 0.864766 -3.118123
v -1.005028 0.864766 -3.118123
v -1.005028 0.932553 -3.094028
v -1.581681 0.932553 -3.094028
v -1.581681 0.792978 -3.127158
v -1.005028 0.792978 -3.127158
v -1.581681 0.856012 -3.077462
v -1.581681 0.915043 -3.056379
v -1.581681 0.793478 -3.086498
v -1.005028 0.856012 -3.077462
v -1.005028 0.793478 -3.086498
v -1.005028 0.730945 -3.078969
v -1.005028 0.720940 -3.119628
v -1.581681 0.720940 -3.119628
v -1.581681 0.652403 -3.095534
v -1.005028 0.652403 -3.095534
v -1.005028 0.671163 -3.059391
v -1.581681 0.730945 -3.078969
v -1.581681 0.671163 -3.059391
v -1.581681 1.063652 1.623456
v -1.005028 1.063652 1.623456
v -1.005028 1.022267 1.622225
v -1.581681 1.022267 1.622225
v -1.422728 0.583146 1.810852
v -1.207998 0.583147 1.810852
v -1.207998 0.537060 1.750792
v -1.422728 0.041773 1.839055
v -1.422728 0.126938 1.750792
v -1.581681 0.041785 1.949830
v -1.207998 0.041773 1.839055
v -1.207998 0.126938 1.750792
v -1.048869 -0.000000 1.956230
v -1.581681 -0.000000 1.956230
v -1.048869 0.041785 1.949830
v -1.207998 0.407057 1.675734
v -1.207998 0.256941 1.675734
v -1.207998 0.186999 1.704706
v -1.422728 0.407057 1.675734
v -1.422728 0.256941 1.675734
v -1.422728 0.476999 1.704706
v -1.048869 0.000000 -2.061734
v -1.581681 0.000000 -2.061734
v -1.048869 0.041328 -2.054847
v -1.207992 0.041706 1.254652
v -1.207992 0.041683 1.054293
v -1.207998 0.041615 0.455821
v -1.581681 0.041328 -2.054847
v -1.422722 0.041342 -1.932394
v -1.422728 0.041408 -1.350614
v -1.422728 0.041433 -1.135591
v -1.207992 0.041524 -0.341202
v -1.207998 0.041592 0.258792
v -1.422728 0.041592 0.258792
v -1.422722 0.041524 -0.341202
v -1.207998 0.100394 0.181873
v -1.422728 0.100394 0.181873
v -1.207992 0.100393 -0.269291
v -1.422722 0.100393 -0.269291
v -1.207992 0.103474 -0.622360
v -1.207992 0.041500 -0.548330
v -1.422722 0.153455 -0.215294
v -1.207992 0.153455 -0.215296
v -1.207998 0.153457 0.127876
v -1.422728 0.153457 0.127876
v -1.422728 0.041615 0.455821
v -1.422728 0.103476 0.534940
v -1.207998 0.103476 0.534940
v -1.422722 0.041500 -0.548330
v -1.422722 0.103474 -0.622360
v -1.207998 0.041408 -1.350614
v -1.207998 0.041433 -1.135591
v -1.422728 0.103476 -1.065606
v -1.207998 0.103476 -1.065606
v -1.207998 0.100394 -1.418674
v -1.422728 0.100394 -1.418674
v -1.207998 0.153457 -1.472672
v -1.422728 0.153457 -1.472672
v -1.422722 0.041683 1.054293
v -1.207992 0.103474 0.976799
v -1.422722 0.103474 0.976799
v -1.422722 0.041706 1.254652
v -1.422722 0.563602 0.980814
v -1.422722 0.600880 1.046704
v -1.207992 0.619836 1.119998
v -1.207992 0.600881 1.046704
v -1.581681 1.024054 1.507299
v -1.581681 1.065432 1.508747
v -1.403637 1.024296 1.500092
v -1.226363 1.024296 1.500092
v -1.226363 1.024054 1.507299
v -1.005028 1.065432 1.508747
v -1.005028 1.024054 1.507299
v -1.581681 1.109600 -2.800061
v -1.005028 1.109600 -2.800061
v -1.005028 1.068202 -2.799430
v -1.197500 1.068279 -2.761719
v -1.226363 1.070686 -1.588279
v -1.226363 1.070457 -1.700109
v -1.403637 1.073747 -0.096595
v -1.581681 1.068202 -2.799430
v -1.403637 1.070457 -1.700109
v -1.435525 1.068279 -2.761719
v -1.403637 1.070686 -1.588279
v -1.226363 1.034920 -1.555995
v -1.226363 1.000332 -1.536026
v -1.403637 1.000332 -1.536026
v -1.403637 1.034920 -1.555995
v -1.207998 0.619838 -1.208805
v -1.207998 0.600882 -1.135512
v -1.422728 0.600883 -1.135512
v -1.422728 0.619838 -1.208805
v -1.422728 0.619177 -1.284508
v -1.207998 0.619177 -1.284508
v -1.422728 0.563603 -1.069621
v -1.207998 0.563604 -1.069622
v -1.422728 0.598945 -1.357459
v -1.422728 0.560522 -1.422689
v -1.207998 0.560523 -1.422689
v -1.207998 0.598945 -1.357459
v -1.422722 0.619836 -0.479159
v -1.422722 0.600880 -0.552455
v -1.207992 0.600881 -0.552453
v -1.207992 0.619836 -0.479159
v -1.422722 0.619175 -0.403457
v -1.207992 0.619175 -0.403457
v -1.207992 0.563602 -0.618345
v -1.422722 0.563602 -0.618345
v -1.207992 0.598944 -0.330505
v -1.207992 0.560520 -0.265276
v -1.422722 0.560521 -0.265276
v -1.422722 0.598944 -0.330505
v -1.422728 0.600883 0.465035
v -1.422728 0.619838 0.391741
v -1.207998 0.619838 0.391741
v -1.207998 0.600882 0.465035
v -1.422728 0.619177 0.316039
v -1.207998 0.619177 0.316039
v -1.422728 0.563603 0.530925
v -1.207998 0.563604 0.530925
v -1.422728 0.598946 0.243087
v -1.422728 0.560522 0.177856
v -1.207998 0.560523 0.177856
v -1.207998 0.598946 0.243087
v -1.207992 0.563602 0.980814
v -1.226363 0.921667 -1.536026
v -1.403637 0.921667 -1.536026
v -1.403637 0.961000 -1.529090
v -1.226363 0.960999 -1.529090
v -1.226363 0.887080 -1.555995
v -1.403637 0.887080 -1.555995
v -1.207992 0.590746 -2.174773
v -1.207992 0.621557 -2.027854
v -1.207992 0.574781 -1.885213
v -1.207992 0.607559 -1.953454
v -1.422722 0.525459 -1.827779
v -1.422722 0.574782 -1.885213
v -1.422722 0.607559 -1.953454
v -1.422722 0.615823 -2.103341
v -1.422722 0.548036 -2.237280
v -1.422722 0.590745 -2.174773
v -1.005028 0.539945 -3.006598
v -1.581681 0.539945 -3.006598
v -1.435524 0.536031 -2.929667
v -1.435524 0.547512 -2.667591
v -1.581681 0.572981 -2.981644
v -1.435525 0.572981 -2.981644
v -1.197500 0.510001 -2.807590
v -1.197500 0.519541 -2.735122
v -1.197500 0.547512 -2.667591
v -1.197500 0.536031 -2.929667
v -1.197500 0.572981 -2.981644
v -1.005028 0.572981 -2.981644
v -1.207992 0.548036 -2.237280
vn -1.0000 -0.0000 -0.0000
vn -0.0000 -0.6862 -0.7275
vn -0.0000 -0.8314 -0.5557
vn -0.0000 -0.8313 -0.5557
vn -0.0000 -0.3036 -0.9528
vn 1.0000 -0.0000 -0.0000
vn -0.0000 -0.9347 -0.3554
vn -0.0000 -0.9347 0.3555
vn -0.0000 -0.9904 -0.1382
vn -0.0000 -0.9857 0.1686
vn -0.0000 0.5699 -0.8217
vn -0.0000 -0.0715 -0.9974
vn -0.0000 0.3616 -0.9323
vn -0.0000 -0.5033 -0.8641
vn -0.0000 0.1438 -0.9896
vn -0.0000 -0.7152 0.6989
vn -0.0000 -0.8482 0.5297
vn -0.0000 0.8247 -0.5656
vn -0.0161 -0.8358 0.5488
vn -0.0000 -0.8479 0.5301
vn -0.0000 0.8476 -0.5306
vn -0.0000 1.0000 -0.0000
vn -0.0000 0.7353 -0.6778
vn -0.0000 0.9650 0.2624
vn -0.0000 0.8847 0.4661
vn -0.0000 0.9984 0.0558
vn -0.0000 -0.8455 0.5340
vn -0.0000 0.9993 -0.0385
vn -0.0000 -0.8343 0.5514
vn -0.0000 -0.3653 0.9309
vn -0.0000 -0.5402 0.8415
vn -0.0000 0.4468 0.8946
vn -0.0000 0.6180 0.7862
vn -0.0000 0.7751 0.6318
vn -0.0000 -0.8660 0.5001
vn -0.0000 -0.9227 0.3855
vn -0.0000 0.9264 -0.3766
vn -1.0000 -0.0013 -0.0013
vn -1.0000 0.0010 -0.0003
vn 1.0000 0.0007 0.0006
vn 0.0009 -1.0000 0.0013
vn -0.0000 0.7196 0.6944
vn -1.0000 0.0003 -0.0003
vn -0.0000 0.9895 -0.1442
vn -0.0000 -0.9926 0.1212
vn 0.0005 -0.9927 0.1203
vn -0.0000 -0.9237 0.3832
vn -0.0000 -0.9237 0.3831
vn 1.0000 0.0036 -0.0005
vn -0.0000 0.9993 0.0370
vn -0.0000 -0.9993 -0.0369
vn -0.0000 -0.9915 -0.1299
vn -0.0000 0.0471 0.9989
vn -0.0000 -0.1511 0.9885
vn -0.0000 0.2676 0.9635
vn -0.0000 -0.9913 0.1316
vn -0.0000 -0.9218 -0.3876
vn -1.0000 0.0057 -0.0043
vn -1.0000 -0.0002 -0.0012
vn -1.0000 -0.0003 -0.0012
vn 1.0000 -0.0000 0.0001
vn -0.0000 0.1345 -0.9909
vn -0.0000 -0.1354 -0.9908
vn 1.0000 -0.0002 0.0004
vn 1.0000 -0.0007 0.0007
vn 1.0000 -0.0000 0.0003
vn 1.0000 0.0003 0.0005
vn 1.0000 0.0001 0.0001
vn 1.0000 0.0002 0.0001
vn -0.0000 0.3791 -0.9253
vn -0.0000 0.3792 -0.9253
vn -0.0000 -0.3791 -0.9253
vn -0.0000 -0.6088 -0.7933
vn -0.0000 0.4735 -0.8808
vn -0.0000 -0.8638 0.5039
vn 0.0072 -0.8660 0.5001
vn -0.0000 -0.8632 0.5049
vn -0.0009 -1.0000 0.0013
vn -0.0005 -0.9926 0.1212
vn -0.0000 -0.9927 0.1203
vn -0.0000 0.8644 -0.5027
vn -0.0053 -0.8583 0.5132
vn -0.0000 -0.7946 -0.6071
vn 1.0000 -0.0001 0.0001
vn 1.0000 -0.0002 -0.0000
vn -1.0000 -0.0006 -0.0007
vn -1.0000 -0.0000 -0.0003
vn -1.0000 0.0001 -0.0002
vn -1.0000 -0.0002 -0.0003
vn -0.0000 -1.0000 0.0001
vn -0.0000 0.7668 0.6419
vn -0.0000 0.7133 0.7009
vn -0.0000 0.7819 0.6234
vn -0.0000 0.7557 0.6549
vn -0.0000 0.7483 -0.6634
vn -0.0000 0.7133 -0.7009
vn -0.0000 0.7132 -0.7009
vn -0.0000 0.7878 -0.6159
vn -0.0000 0.7944 0.6073
vn -0.0000 0.7738 -0.6335
vn -1.0000 -0.0003 -0.0000
vn -0.0000 -0.9999 -0.0155
vn -1.0000 0.0001 0.0001
vn -0.0000 1.0000 -0.0014
vn -0.0000 0.1703 -0.9854
vn -0.0000 -0.1703 -0.9854
vn -0.0010 0.9999 0.0155
vn -0.0000 0.9998 0.0178
vn -0.0000 -0.4938 -0.8696
vn -0.0000 0.9999 0.0155
vn 0.0014 0.9998 0.0177
vn -0.0000 0.7138 -0.7004
vn -0.0000 -0.6247 0.7808
vn -0.0000 -0.6756 -0.7373
vn 1.0000 0.0001 -0.0002
vn -0.0000 0.9994 0.0340
vn -0.0000 0.4938 -0.8696
vn -0.0000 -0.1852 0.9827
vn -0.0000 0.1852 0.9827
vn -0.0000 0.7734 0.6339
vn -0.0000 0.4938 0.8696
vn -0.0000 -0.4938 0.8696
vn -0.0000 0.7734 -0.6339
vn -0.0000 0.9373 -0.3486
vn 0.0011 -0.6112 0.7915
vn -0.0003 -0.6080 0.7939
vn -0.0000 -0.2530 -0.9675
vn -0.0000 0.9373 0.3486
vn -1.0000 0.0003 -0.0005
vn -0.0000 -0.7933 0.6088
vn -0.0004 -0.7941 0.6078
vn -0.0000 -0.3827 0.9239
vn 0.0010 -0.3801 0.9249
vn -0.0000 -0.1323 0.9912
vn -0.0000 -0.4897 -0.8719
vn -0.0000 0.6088 0.7934
vn -0.0005 0.6099 0.7925
vn -0.0000 0.3827 0.9239
vn -0.0006 0.3810 0.9246
vn -0.0000 0.1327 0.9912
vn -0.0000 0.0081 -1.0000
vn -1.0000 -0.0000 -0.0007
vn -0.0000 0.2682 -0.9634
vn -0.0000 -0.9632 -0.2688
vn -0.0000 -0.6997 -0.7144
vn -0.0000 -0.8625 -0.5061
vn 0.0004 -0.9681 0.2504
vn -0.0000 -0.9684 0.2494
vn 1.0000 0.0001 -0.0000
vn -0.0000 0.7875 -0.6163
vn -0.0000 -1.0000 -0.0070
vn 0.0004 -1.0000 -0.0059
vn -0.0000 0.5071 -0.8619
vn -0.0000 0.5015 0.8651
vn -0.0000 0.1744 -0.9847
vn -0.0000 0.1744 0.9847
vn -0.0000 -0.1744 0.9847
vn -0.0000 -0.5001 0.8660
vn -0.0000 -0.1744 -0.9847
vn -0.0000 0.5015 -0.8651
vn -0.0000 -0.8616 0.5075
vn -0.0000 -0.9636 0.2672
vn -0.0000 -1.0000 0.0087
vn -0.0000 -0.8704 -0.4924
vn -0.0000 -0.1736 -0.9848
vn -0.0000 0.5000 -0.8660
vn -0.0000 -0.8704 0.4924
vn -0.0000 0.1736 -0.9848
vn -0.0000 0.7648 0.6443
vn -0.0000 0.9402 0.3405
vn -0.0000 0.7648 -0.6443
vn -0.0000 0.9402 -0.3405
vn -0.0000 -0.9681 -0.2504
vn -0.0000 -0.6754 0.7374
vn 0.0002 -0.6750 0.7378
vn -0.0003 1.0000 -0.0021
vn -0.0000 1.0000 -0.0021
vn -0.0000 -0.5000 -0.8660
vn 0.0006 0.9994 0.0336
vn -0.0000 0.9994 0.0336
vn -0.0015 1.0000 -0.0021
vn -0.0000 -1.0000 0.0020
vn 0.0100 0.9999 -0.0012
vn 0.0001 1.0000 -0.0020
vn -0.0040 1.0000 -0.0018
vn -0.0002 1.0000 -0.0020
vn -0.0000 -0.9994 -0.0336
vn -0.0000 -0.9681 0.2504
vn -0.0000 -0.8616 -0.5075
vn -0.0000 -0.9636 -0.2672
vn -0.0000 -1.0000 -0.0087
vn 1.0000 -0.0002 0.0001
vn -0.0000 -0.6761 -0.7368
vn -0.0000 -0.5001 -0.8660
vn 0.0001 0.9914 -0.1305
vn -0.0003 0.9913 -0.1318
vn -0.0000 0.9239 -0.3827
vn 0.0002 0.9242 -0.3819
vn -0.0006 0.9968 0.0794
vn -0.0000 0.9970 0.0778
vn 0.0001 -0.8441 -0.5362
vn 0.0063 -0.8418 -0.5398
vn -0.0000 -0.8152 -0.5792
vn 0.0001 -0.8150 -0.5794
vn -0.0000 -0.8441 -0.5362
vn -0.0000 -0.8150 -0.5794
vn -0.0001 -0.8152 -0.5792
vn -0.0000 -0.8446 -0.5354
vn -0.0007 -0.8450 -0.5348
vn -0.0000 0.8444 0.5357
vn -0.0000 0.8443 0.5359
vn -0.0001 -0.8418 -0.5398
vn 1.0000 0.0030 0.0002
vn 1.0000 0.0016 -0.0001
vn 1.0000 0.0026 -0.0003
vn -0.0000 0.8147 0.5799
vn -0.0027 -0.8476 -0.5306
vn -0.0000 -0.8446 -0.5355
vn -0.0000 -0.1856 0.9826
vn 1.0000 0.0001 -0.0010
vn 1.0000 -0.0001 -0.0004
vn 1.0000 0.0017 -0.0034
vn -0.0000 0.0774 0.9970
vn -1.0000 -0.0058 0.0039
vn -0.0000 0.3396 0.9406
vn -0.0000 -0.4327 0.9015
vn -0.0000 -0.8542 -0.5199
vn -0.0000 0.4122 0.9111
vn -1.0000 -0.0053 -0.0011
vn -0.0000 0.8562 0.5167
vn -0.0091 -0.8571 -0.5151
vn -0.0000 -0.8547 -0.5191
vn -0.0000 -0.6538 0.7566
vn -0.0000 -0.6539 0.7566
vn 0.0014 -0.8547 -0.5191
vn -0.0000 -0.8571 -0.5151
vn -0.0000 -0.9000 -0.4358
vn -0.0000 -0.9873 -0.1589
vn 0.0009 -0.9870 -0.1605
vn -0.0000 0.9029 0.4298
vn -0.0000 0.9841 0.1776
vn 0.0006 -1.0000 -0.0000
vn 0.0009 -1.0000 0.0003
vn -1.0000 -0.0002 0.0001
vn -1.0000 -0.0007 -0.0006
vn -1.0000 -0.0002 0.0012
vn -1.0000 -0.0004 0.0011
vn -0.0000 -1.0000 0.0003
vn -0.0005 -1.0000 0.0001
vn -0.0009 -0.9873 -0.1588
vn -0.0000 -0.9870 -0.1605
vn 1.0000 0.0017 -0.0006
vn 0.0010 0.7393 -0.6734
vn -0.0000 0.7406 -0.6719
vn -0.0006 -1.0000 0.0009
vn -1.0000 -0.0003 -0.0001
vn -0.0000 -0.5673 -0.8235
vn -0.0011 -0.5699 -0.8217
vn -0.0000 -0.3258 -0.9454
vn 1.0000 0.0012 0.0035
vn -0.0000 0.6491 -0.7607
vn -1.0000 0.0041 0.0059
vn -0.0000 0.4340 -0.9009
vn -1.0000 -0.0002 0.0011
vn -0.0000 -0.0771 -0.9970
vn -0.0000 -0.7586 -0.6515
vn -0.0010 -0.7567 -0.6537
vn 1.0000 -0.0001 -0.0001
vn -0.0000 0.1856 -0.9826
vn 1.0000 -0.0005 0.0002
vn -1.0000 0.0001 -0.0000
vn -1.0000 -0.0000 -0.0001
vn -0.0000 -0.7171 -0.6970
vn -0.0000 -0.2548 -0.9670
vn -0.0000 0.2237 -0.9747
vn -0.0000 -0.0000 -1.0000
vn -0.0000 -0.5080 -0.8613
vn -0.0000 -0.7076 0.7067
vn -0.0000 -0.4800 0.8773
vn -0.0000 -0.0000 1.0000
vn -0.0000 0.5001 0.8659
vn -0.0000 0.2843 0.9587
vn -0.0000 -0.2537 0.9673
vn -0.0000 -0.5080 0.8613
vn -0.0000 -0.2548 0.9670
vn -0.0000 -0.7133 0.7009
vn -0.0000 -0.0317 0.9995
vn -0.0000 0.6963 0.7177
vn -0.0000 0.5041 0.8637
vn -0.0000 0.2537 0.9673
vn 1.0000 -0.0000 -0.0001
vn 1.0000 -0.0002 -0.0003
vn -1.0000 -0.0002 0.0003
vn -1.0000 -0.0000 0.0001
vn -0.0000 0.4982 0.8671
vn -0.0000 0.7004 -0.7138
vn -0.0000 0.5041 -0.8637
vn -0.0000 -0.7062 0.7080
vn -0.0000 -0.5041 -0.8637
vn -0.0000 0.5121 -0.8590
vn -0.0000 0.5120 -0.8590
vn -0.0000 0.2548 -0.9670
vn -0.0000 -0.6996 -0.7145
vn -0.0000 -0.7079 0.7063
vn -0.0000 -0.2237 -0.9747
vn 1.0000 -0.0001 -0.0002
vn -0.0000 -0.7158 -0.6983
vn -0.0000 0.6990 -0.7151
vn -0.0000 0.4800 0.8773
vn -0.0000 0.2537 -0.9673
vn -0.0000 -0.0317 -0.9995
vn -0.0000 0.7069 0.7073
vn -0.0000 0.7070 0.7073
vn -0.0000 -0.2843 0.9587
vn -1.0000 0.0001 -0.0003
vn -1.0000 -0.0001 -0.0009
vn -1.0000 0.0001 -0.0005
vn -1.0000 -0.0005 -0.0015
vn -1.0000 -0.0024 -0.0039
vn -1.0000 0.0002 0.0001
vn -1.0000 0.0002 -0.0001
vn -0.0000 -0.7068 -0.7074
vn -0.0000 -0.7236 0.6902
vn -0.0000 -0.8561 0.5168
vn -0.0000 0.7202 -0.6938
vn -0.0000 0.5487 -0.8360
vn 1.0000 0.0048 0.0013
vn 0.0005 1.0000 -0.0041
vn -0.0000 0.9525 -0.3046
vn -0.0006 0.9964 -0.0847
vn -0.0000 0.9966 -0.0828
vn -0.0000 -0.7969 -0.6041
vn -0.0000 0.8593 -0.5115
vn -0.0000 -0.9520 0.3060
vn -0.0000 -0.9959 0.0904
vn -0.0000 0.7079 0.7063
vn -0.0000 0.9964 -0.0847
vn 0.0008 0.9966 -0.0828
vn -0.0000 -0.5263 -0.8503
vn -0.0000 -0.3112 -0.9503
vn -0.0000 0.5235 0.8521
vn -0.0000 0.5234 0.8521
vn -0.0000 0.3317 0.9434
vn -0.0000 0.1040 0.9946
vn -0.0000 -0.1195 -0.9928
vn -0.0000 -0.5415 0.8407
vn -0.0000 0.3363 -0.9417
vn -0.0000 0.1430 -0.9897
vn -0.0000 -0.1249 0.9922
vn -0.0000 -0.3349 0.9422
vn -0.0000 -0.9348 -0.3552
vn 1.0000 -0.0001 -0.0000
vn -0.0000 -0.6701 -0.7423
vn -0.0000 -0.6700 -0.7423
vn -0.0000 -0.6749 0.7380
vn -0.0000 -0.4933 0.8698
vn -0.0000 0.4933 0.8698
vn -1.0000 -0.0004 0.0007
vn -1.0000 0.0034 -0.0000
vn -1.0000 0.0001 0.0004
vn -1.0000 -0.0001 0.0005
vn -1.0000 -0.0003 0.0005
vn -1.0000 -0.0001 0.0006
vn -1.0000 0.0001 0.0005
vn -1.0000 0.0003 0.0002
vn -1.0000 0.0002 0.0003
vn -1.0000 0.0002 0.0004
vn -0.0000 -0.9014 -0.4330
vn -0.0000 -0.8257 0.5642
vn -0.0004 -0.9972 0.0752
vn 0.0002 -0.9970 0.0768
vn -0.0000 -0.9435 0.3313
vn -0.0001 -0.9436 0.3311
vn -0.9999 0.0134 -0.0028
vn -0.0000 -0.9826 -0.1860
vn -0.0004 -0.9828 -0.1849
vn 1.0000 0.0077 0.0004
vn -0.0000 0.3901 -0.9208
vn -0.0000 -0.6013 -0.7990
vn -0.0000 -0.3901 -0.9208
vn -0.0000 0.1236 -0.9923
vn -0.0000 -0.1883 0.9821
vn -0.0000 0.1872 0.9823
vn -0.0000 -0.1236 -0.9923
vn -1.0000 0.0005 0.0007
vn -0.0000 0.6030 -0.7978
vn -1.0000 0.0001 -0.0001
vn 1.0000 -0.0004 0.0007
vn -1.0000 -0.0065 -0.0018
vn -0.0004 1.0000 -0.0041
vn -0.0000 0.8593 -0.5114
vn -0.0000 0.7951 -0.6065
vn -0.0000 0.9393 0.3432
vn 1.0000 -0.0004 0.0002
vn -1.0000 0.0004 0.0005
vn -1.0000 0.0024 -0.0000
vn -0.0000 0.7783 0.6279
vn 1.0000 0.0001 -0.0001
vn 1.0000 -0.0010 -0.0001
vn -0.0000 0.7674 -0.6412
vn -0.0000 0.9393 -0.3432
s 0
f 3//1 79//1 81//1
f 3//1 81//1 1//1
f 77//2 80//2 62//2
f 77//2 62//2 71//2
f 76//3 79//3 80//3
f 76//4 80//4 77//4
f 62//1 80//1 79//1
f 62//1 79//1 3//1
f 61//5 69//5 72//5
f 61//5 72//5 63//5
f 4//6 76//6 77//6
f 4//6 77//6 71//6
f 78//6 76//6 4//6
f 78//6 4//6 2//6
f 78//7 81//7 79//7
f 78//7 79//7 76//7
f 66//8 82//8 56//8
f 66//8 56//8 67//8
f 75//6 87//6 86//6
f 75//6 86//6 66//6
f 88//6 89//6 87//6
f 88//6 87//6 75//6
f 82//1 84//1 85//1
f 82//1 85//1 83//1
f 81//9 78//9 2//9
f 81//9 2//9 1//9
f 4//10 67//10 56//10
f 4//10 56//10 3//10
f 82//1 83//1 57//1
f 82//1 57//1 56//1
f 55//11 65//11 64//11
f 55//11 64//11 58//11
f 66//6 67//6 64//6
f 66//6 64//6 65//6
f 4//6 68//6 64//6
f 4//6 64//6 67//6
f 61//1 63//1 62//1
f 61//1 62//1 3//1
f 3//1 56//1 57//1
f 3//1 57//1 53//1
f 58//1 59//1 3//1
f 58//1 3//1 55//1
f 60//1 61//1 3//1
f 60//1 3//1 59//1
f 4//6 69//6 70//6
f 4//6 70//6 68//6
f 60//12 70//12 69//12
f 60//12 69//12 61//12
f 58//13 64//13 68//13
f 58//13 68//13 59//13
f 63//14 72//14 71//14
f 63//14 71//14 62//14
f 59//15 68//15 70//15
f 59//15 70//15 60//15
f 4//6 71//6 72//6
f 4//6 72//6 69//6
f 73//6 74//6 66//6
f 73//6 66//6 65//6
f 74//6 75//6 66//6
f 87//16 90//16 91//16
f 87//16 91//16 86//16
f 101//17 42//17 41//17
f 99//6 74//6 73//6
f 99//18 73//18 100//18
f 102//18 100//18 73//18
f 102//18 73//18 54//18
f 42//19 101//19 53//19
f 42//20 53//20 74//20
f 99//21 100//21 40//21
f 99//21 40//21 39//21
f 40//1 100//1 101//1
f 40//1 101//1 41//1
f 42//6 74//6 99//6
f 42//6 99//6 39//6
f 102//22 103//22 101//22
f 102//22 101//22 100//22
f 54//23 73//23 65//23
f 54//23 65//23 55//23
f 85//24 89//24 88//24
f 85//24 88//24 83//24
f 84//25 98//25 89//25
f 84//25 89//25 85//25
f 83//26 88//26 75//26
f 83//26 75//26 57//26
f 103//27 53//27 101//27
f 53//1 103//1 102//1
f 53//1 102//1 54//1
f 75//28 74//28 53//28
f 75//28 53//28 57//28
f 14//1 20//1 82//1
f 14//1 82//1 15//1
f 82//1 91//1 17//1
f 82//1 17//1 15//1
f 90//1 92//1 17//1
f 90//1 17//1 91//1
f 94//1 82//1 20//1
f 86//29 91//29 82//29
f 86//29 82//29 66//29
f 92//30 93//30 18//30
f 92//30 18//30 17//30
f 93//31 92//31 90//31
f 93//31 90//31 87//31
f 82//1 94//1 95//1
f 82//1 95//1 84//1
f 16//6 18//6 89//6
f 16//6 89//6 13//6
f 89//6 98//6 19//6
f 89//6 19//6 13//6
f 98//6 97//6 96//6
f 98//6 96//6 19//6
f 93//6 87//6 89//6
f 93//6 89//6 18//6
f 96//32 94//32 20//32
f 96//32 20//32 19//32
f 94//33 96//33 97//33
f 94//33 97//33 95//33
f 95//34 97//34 98//34
f 95//34 98//34 84//34
f 26//35 27//35 28//35
f 26//6 28//6 29//6
f 30//36 31//36 28//36
f 30//36 28//36 27//36
f 34//37 35//37 32//37
f 34//37 32//37 33//37
f 439//38 438//38 25//38
f 439//39 25//39 22//39
f 435//40 436//40 21//40
f 435//41 21//41 437//41
f 438//42 439//42 436//42
f 438//42 436//42 435//42
f 22//1 23//1 24//1
f 22//43 24//43 439//43
f 440//44 441//44 35//44
f 440//44 35//44 34//44
f 36//36 37//36 38//36
f 36//36 38//36 22//36
f 36//1 22//1 25//1
f 38//1 37//1 34//1
f 38//1 34//1 33//1
f 441//6 437//6 30//6
f 441//6 30//6 35//6
f 31//45 30//45 437//45
f 31//46 437//46 21//46
f 31//6 21//6 28//6
f 32//6 35//6 30//6
f 32//6 30//6 27//6
f 5//47 432//47 433//47
f 5//48 433//48 6//48
f 5//49 7//49 432//49
f 8//6 9//6 7//6
f 430//50 431//50 4//50
f 430//50 4//50 3//50
f 428//51 429//51 1//51
f 428//51 1//51 2//51
f 1//1 429//1 430//1
f 1//1 430//1 3//1
f 431//6 428//6 2//6
f 431//6 2//6 4//6
f 10//52 11//52 8//52
f 10//52 8//52 7//52
f 15//53 16//53 13//53
f 15//53 13//53 14//53
f 17//54 18//54 16//54
f 17//54 16//54 15//54
f 19//55 20//55 14//55
f 19//55 14//55 13//55
f 10//1 6//1 11//1
f 10//56 7//56 5//56
f 10//56 5//56 6//56
f 11//57 12//57 9//57
f 11//57 9//57 8//57
f 433//58 434//58 6//58
f 37//59 442//59 440//59
f 37//60 440//60 34//60
f 47//6 48//6 45//6
f 47//61 45//61 446//61
f 49//62 50//62 46//62
f 49//62 46//62 45//62
f 48//63 51//63 49//63
f 48//63 49//63 45//63
f 7//64 446//64 448//64
f 7//65 448//65 432//65
f 447//66 446//66 21//66
f 447//67 21//67 436//67
f 45//6 46//6 29//6
f 45//61 29//61 446//61
f 9//68 47//68 446//68
f 9//69 446//69 7//69
f 29//70 46//70 50//70
f 29//71 50//71 24//71
f 47//72 52//72 51//72
f 47//72 51//72 48//72
f 44//6 47//6 9//6
f 53//1 54//1 55//1
f 53//1 55//1 3//1
f 52//73 47//73 44//73
f 52//73 44//73 43//73
f 50//1 51//1 43//1
f 50//1 43//1 24//1
f 52//1 43//1 51//1
f 49//1 51//1 50//1
f 26//74 29//74 24//74
f 26//74 24//74 23//74
f 22//75 38//75 41//75
f 22//76 41//76 23//76
f 33//1 40//1 41//1
f 33//1 41//1 38//1
f 41//77 26//77 23//77
f 25//78 438//78 442//78
f 25//79 442//79 37//79
f 25//80 37//80 36//80
f 39//81 40//81 33//81
f 39//81 33//81 32//81
f 27//82 26//82 41//82
f 27//75 41//75 42//75
f 43//1 12//1 11//1
f 43//1 11//1 24//1
f 12//83 43//83 44//83
f 12//83 44//83 9//83
f 446//84 29//84 28//84
f 446//85 28//85 21//85
f 6//86 434//86 24//86
f 6//1 24//1 11//1
f 27//6 42//6 39//6
f 27//6 39//6 32//6
f 443//87 444//87 24//87
f 443//88 24//88 434//88
f 444//1 445//1 439//1
f 444//89 439//89 24//89
f 451//90 459//90 468//90
f 451//90 468//90 478//90
f 479//90 468//90 476//90
f 479//90 476//90 458//90
f 477//91 476//91 468//91
f 477//91 468//91 467//91
f 454//90 459//90 451//90
f 454//1 475//1 463//1
f 454//1 463//1 460//1
f 476//6 477//6 466//6
f 476//6 466//6 462//6
f 474//6 473//6 461//6
f 474//6 461//6 464//6
f 484//92 485//92 483//92
f 484//92 483//92 482//92
f 486//90 473//90 454//90
f 486//90 454//90 453//90
f 453//93 487//93 488//93
f 453//93 488//93 486//93
f 478//94 482//94 483//94
f 478//94 483//94 457//94
f 458//95 480//95 481//95
f 458//95 481//95 479//95
f 481//1 482//1 478//1
f 481//1 478//1 479//1
f 457//6 483//6 480//6
f 457//6 480//6 458//6
f 456//90 457//90 437//90
f 456//90 437//90 455//90
f 437//90 457//90 458//90
f 437//90 458//90 435//90
f 455//6 437//6 441//6
f 455//6 441//6 450//6
f 440//1 442//1 451//1
f 440//1 451//1 449//1
f 449//22 450//22 441//22
f 449//22 441//22 440//22
f 438//90 452//90 451//90
f 438//90 451//90 442//90
f 451//90 452//90 453//90
f 451//90 453//90 454//90
f 466//96 469//96 470//96
f 466//97 470//97 465//97
f 471//92 472//92 464//92
f 471//92 464//92 463//92
f 473//98 474//98 475//98
f 473//98 475//98 454//98
f 465//1 467//1 468//1
f 465//1 468//1 459//1
f 461//90 462//90 459//90
f 461//90 459//90 460//90
f 460//99 463//99 464//99
f 460//99 464//99 461//99
f 462//100 466//100 465//100
f 462//100 465//100 459//100
f 497//101 140//101 498//101
f 495//102 499//102 429//102
f 495//102 429//102 428//102
f 145//1 143//1 142//1
f 145//1 142//1 140//1
f 142//103 141//103 498//103
f 142//101 498//101 140//101
f 137//104 431//104 430//104
f 137//104 430//104 141//104
f 148//105 149//105 146//105
f 148//105 146//105 147//105
f 149//106 148//106 144//106
f 149//106 144//106 143//106
f 141//107 430//107 500//107
f 141//108 500//108 498//108
f 499//1 500//1 430//1
f 499//1 430//1 429//1
f 143//109 144//109 138//109
f 143//109 138//109 142//109
f 135//1 487//1 453//1
f 135//1 453//1 452//1
f 136//110 494//110 431//110
f 136//111 431//111 137//111
f 129//112 135//112 134//112
f 129//112 134//112 130//112
f 487//1 135//1 129//1
f 487//1 129//1 108//1
f 495//6 428//6 431//6
f 495//6 431//6 494//6
f 140//113 497//113 496//113
f 140//113 496//113 139//113
f 141//114 142//114 138//114
f 141//114 138//114 137//114
f 138//6 139//6 136//6
f 138//6 136//6 137//6
f 136//115 139//115 496//115
f 136//116 496//116 494//116
f 146//117 150//117 151//117
f 146//117 151//117 147//117
f 158//6 147//6 120//6
f 155//118 159//118 145//118
f 155//118 145//118 156//118
f 147//6 121//6 117//6
f 147//6 117//6 120//6
f 147//6 151//6 153//6
f 147//6 153//6 121//6
f 157//119 160//119 159//119
f 157//119 159//119 155//119
f 154//120 158//120 120//120
f 154//120 120//120 119//120
f 160//121 157//121 158//121
f 160//121 158//121 154//121
f 145//1 159//1 160//1
f 145//1 160//1 154//1
f 156//122 145//122 140//122
f 156//122 140//122 139//122
f 158//6 157//6 148//6
f 158//6 148//6 147//6
f 145//1 152//1 150//1
f 145//1 150//1 146//1
f 145//1 146//1 149//1
f 145//1 149//1 143//1
f 152//123 153//123 151//123
f 152//123 151//123 150//123
f 153//124 152//124 122//124
f 153//124 122//124 121//124
f 122//1 152//1 145//1
f 122//1 145//1 118//1
f 148//6 156//6 139//6
f 148//6 139//6 144//6
f 138//6 144//6 139//6
f 145//1 154//1 119//1
f 145//1 119//1 118//1
f 148//6 157//6 155//6
f 148//6 155//6 156//6
f 117//22 121//22 122//22
f 117//22 122//22 118//22
f 448//125 124//125 434//125
f 448//126 434//126 123//126
f 116//127 115//127 112//127
f 116//127 112//127 111//127
f 119//128 120//128 117//128
f 119//128 117//128 118//128
f 124//129 443//129 434//129
f 434//130 433//130 432//130
f 434//131 432//131 123//131
f 123//6 432//6 448//6
f 448//132 446//132 443//132
f 448//133 443//133 124//133
f 106//134 443//134 446//134
f 106//134 446//134 105//134
f 115//135 116//135 113//135
f 115//135 113//135 114//135
f 104//6 447//6 436//6
f 105//6 446//6 447//6
f 436//136 439//136 445//136
f 436//137 445//137 104//137
f 445//138 444//138 447//138
f 445//139 447//139 104//139
f 447//140 444//140 106//140
f 447//140 106//140 105//140
f 110//141 111//141 112//141
f 110//141 112//141 107//141
f 435//90 489//90 452//90
f 435//90 452//90 438//90
f 106//142 444//142 443//142
f 109//143 110//143 107//143
f 109//143 107//143 108//143
f 488//6 125//6 113//6
f 488//6 113//6 116//6
f 133//144 132//144 126//144
f 133//144 126//144 127//144
f 113//145 125//145 131//145
f 113//145 131//145 114//145
f 133//1 492//1 487//1
f 133//1 487//1 132//1
f 132//146 131//146 125//146
f 132//146 125//146 126//146
f 493//147 492//147 128//147
f 493//148 128//148 491//148
f 489//6 486//6 488//6
f 489//149 488//149 134//149
f 135//150 452//150 489//150
f 135//150 489//150 134//150
f 492//151 133//151 127//151
f 492//152 127//152 128//152
f 130//6 134//6 488//6
f 130//6 488//6 109//6
f 131//1 132//1 487//1
f 125//6 488//6 126//6
f 488//6 128//6 127//6
f 488//6 127//6 126//6
f 488//6 116//6 111//6
f 488//6 111//6 110//6
f 109//6 488//6 110//6
f 488//6 490//6 491//6
f 488//61 491//61 128//61
f 112//1 115//1 487//1
f 112//1 487//1 107//1
f 108//1 107//1 487//1
f 108//153 129//153 130//153
f 108//153 130//153 109//153
f 114//1 131//1 487//1
f 114//1 487//1 115//1
f 180//154 181//154 178//154
f 180//154 178//154 177//154
f 184//155 185//155 182//155
f 184//155 182//155 183//155
f 177//156 178//156 175//156
f 177//156 175//156 176//156
f 170//157 179//157 176//157
f 170//157 176//157 175//157
f 179//158 170//158 169//158
f 179//158 169//158 168//158
f 181//1 188//1 171//1
f 181//1 171//1 178//1
f 185//159 184//159 174//159
f 185//159 174//159 173//159
f 186//160 187//160 183//160
f 186//160 183//160 182//160
f 550//161 551//161 548//161
f 550//161 548//161 549//161
f 548//162 551//162 545//162
f 548//162 545//162 544//162
f 544//163 545//163 542//163
f 544//163 542//163 541//163
f 543//164 547//164 546//164
f 543//164 546//164 540//164
f 556//165 555//165 514//165
f 556//165 514//165 513//165
f 557//166 558//166 554//166
f 557//166 554//166 553//166
f 552//167 493//167 491//167
f 552//167 491//167 490//167
f 555//168 556//168 553//168
f 555//168 553//168 554//168
f 175//1 178//1 171//1
f 175//1 171//1 170//1
f 194//22 193//22 190//22
f 194//22 190//22 191//22
f 180//169 189//169 188//169
f 180//169 188//169 181//169
f 187//6 172//6 183//6
f 190//170 193//170 188//170
f 190//170 188//170 189//170
f 188//1 195//1 186//1
f 188//1 186//1 182//1
f 194//1 195//1 188//1
f 194//1 188//1 193//1
f 195//171 192//171 187//171
f 195//171 187//171 186//171
f 192//172 195//172 194//172
f 192//172 194//172 191//172
f 172//6 189//6 180//6
f 172//6 180//6 177//6
f 176//6 179//6 172//6
f 176//6 172//6 177//6
f 171//1 188//1 173//1
f 188//1 182//1 185//1
f 188//1 185//1 173//1
f 192//6 191//6 172//6
f 192//6 172//6 187//6
f 184//6 183//6 172//6
f 184//6 172//6 174//6
f 168//6 172//6 179//6
f 172//6 191//6 190//6
f 172//6 190//6 189//6
f 542//173 543//173 540//173
f 542//173 540//173 541//173
f 507//174 168//174 169//174
f 507//175 169//175 165//175
f 169//1 170//1 171//1
f 511//176 507//176 165//176
f 511//177 165//177 505//177
f 514//178 515//178 512//178
f 514//178 512//178 513//178
f 164//179 497//179 498//179
f 164//180 498//180 500//180
f 164//1 500//1 499//1
f 164//1 499//1 161//1
f 494//180 496//180 164//180
f 494//180 164//180 167//180
f 164//180 496//180 497//180
f 503//177 504//177 165//177
f 505//181 165//181 504//181
f 505//177 504//177 506//177
f 501//182 502//182 161//182
f 501//182 161//182 162//182
f 503//183 165//183 163//183
f 503//184 163//184 164//184
f 507//177 509//177 510//177
f 507//177 510//177 508//177
f 508//6 501//6 162//6
f 508//6 162//6 167//6
f 161//1 502//1 503//1
f 161//1 503//1 164//1
f 166//185 507//185 508//185
f 166//186 508//186 167//186
f 499//187 495//187 162//187
f 499//187 162//187 161//187
f 524//162 527//162 521//162
f 524//162 521//162 520//162
f 530//188 531//188 528//188
f 530//188 528//188 529//188
f 517//164 523//164 522//164
f 517//164 522//164 518//164
f 526//161 527//161 524//161
f 526//161 524//161 525//161
f 538//189 539//189 536//189
f 538//189 536//189 537//189
f 536//190 539//190 532//190
f 536//190 532//190 533//190
f 531//191 533//191 532//191
f 531//191 532//191 528//191
f 529//167 535//167 534//167
f 529//167 534//167 530//167
f 168//192 507//192 166//192
f 168//6 166//6 172//6
f 163//193 171//193 172//193
f 163//193 172//193 166//193
f 495//6 494//6 167//6
f 495//6 167//6 162//6
f 169//1 171//1 163//1
f 169//1 163//1 165//1
f 518//173 519//173 516//173
f 518//173 516//173 517//173
f 520//163 521//163 516//163
f 520//163 516//163 519//163
f 173//194 174//194 172//194
f 173//194 172//194 171//194
f 163//22 166//22 167//22
f 163//22 167//22 164//22
f 243//195 576//195 575//195
f 243//196 575//196 242//196
f 572//197 577//197 576//197
f 572//198 576//198 243//198
f 570//6 573//6 236//6
f 570//6 236//6 231//6
f 240//199 242//199 575//199
f 240//200 575//200 241//200
f 578//201 244//201 234//201
f 578//202 234//202 241//202
f 238//1 245//1 244//1
f 238//1 244//1 239//1
f 579//203 580//203 244//203
f 579//204 244//204 578//204
f 245//205 234//205 244//205
f 245//22 238//22 230//22
f 245//22 230//22 234//22
f 573//206 574//206 571//206
f 573//207 571//207 236//207
f 235//208 237//208 236//208
f 235//209 236//209 234//209
f 231//6 236//6 237//6
f 231//6 237//6 232//6
f 232//210 233//210 230//210
f 232//210 230//210 231//210
f 233//1 235//1 234//1
f 233//1 234//1 230//1
f 231//211 230//211 238//211
f 231//211 238//211 239//211
f 240//212 236//212 571//212
f 240//213 571//213 242//213
f 242//214 571//214 572//214
f 242//215 572//215 243//215
f 569//216 570//216 231//216
f 569//216 231//216 239//216
f 234//217 236//217 240//217
f 234//218 240//218 241//218
f 244//1 580//1 569//1
f 244//1 569//1 239//1
f 250//6 248//6 249//6
f 248//219 250//219 214//219
f 248//219 214//219 247//219
f 249//220 248//220 567//220
f 249//221 567//221 218//221
f 246//222 567//222 248//222
f 249//223 251//223 214//223
f 249//223 214//223 250//223
f 251//1 215//1 214//1
f 581//224 213//224 559//224
f 215//225 251//225 249//225
f 215//225 249//225 218//225
f 247//1 214//1 213//1
f 246//226 248//226 247//226
f 246//226 247//226 213//226
f 222//227 237//227 235//227
f 222//227 235//227 216//227
f 218//228 222//228 216//228
f 218//228 216//228 215//228
f 241//229 575//229 578//229
f 233//230 232//230 208//230
f 233//230 208//230 209//230
f 237//231 222//231 198//231
f 237//232 198//232 205//232
f 235//1 233//1 209//1
f 235//1 209//1 211//1
f 581//233 567//233 246//233
f 581//234 246//234 213//234
f 232//6 237//6 205//6
f 232//6 205//6 208//6
f 216//235 235//235 211//235
f 216//236 211//236 201//236
f 226//1 228//1 224//1
f 201//237 211//237 212//237
f 201//237 212//237 204//237
f 204//238 212//238 451//238
f 204//239 451//239 202//239
f 207//240 210//240 209//240
f 207//240 209//240 208//240
f 450//241 449//241 210//241
f 450//241 210//241 207//241
f 210//1 212//1 211//1
f 210//1 211//1 209//1
f 203//242 202//242 451//242
f 203//243 451//243 478//243
f 200//244 560//244 559//244
f 200//245 559//245 213//245
f 449//246 451//246 212//246
f 449//247 212//247 210//247
f 203//248 478//248 457//248
f 203//249 457//249 456//249
f 197//250 455//250 206//250
f 197//251 206//251 199//251
f 202//1 203//1 200//1
f 202//1 200//1 201//1
f 204//1 202//1 201//1
f 196//252 456//252 197//252
f 196//6 197//6 198//6
f 199//6 198//6 197//6
f 200//253 203//253 456//253
f 200//254 456//254 196//254
f 208//6 205//6 206//6
f 208//6 206//6 455//6
f 197//255 456//255 455//255
f 199//237 206//237 205//237
f 199//237 205//237 198//237
f 208//6 455//6 450//6
f 208//6 450//6 207//6
f 561//1 562//1 560//1
f 561//256 560//256 200//256
f 228//257 227//257 563//257
f 228//258 563//258 217//258
f 227//259 228//259 226//259
f 227//259 226//259 219//259
f 227//260 219//260 563//260
f 223//6 220//6 219//6
f 196//261 221//261 229//261
f 196//261 229//261 200//261
f 217//262 561//262 228//262
f 224//1 228//1 229//1
f 224//1 229//1 225//1
f 225//263 229//263 221//263
f 225//263 221//263 220//263
f 228//264 561//264 200//264
f 228//1 200//1 229//1
f 219//265 226//265 224//265
f 219//265 224//265 223//265
f 563//266 564//266 561//266
f 563//267 561//267 217//267
f 218//85 566//85 565//85
f 218//268 565//268 563//268
f 214//1 215//1 200//1
f 214//1 200//1 213//1
f 215//1 216//1 201//1
f 215//1 201//1 200//1
f 567//6 568//6 566//6
f 567//192 566//192 218//192
f 198//6 222//6 218//6
f 198//6 218//6 196//6
f 224//269 225//269 220//269
f 224//269 220//269 223//269
f 218//270 563//270 219//270
f 218//6 219//6 220//6
f 220//6 221//6 196//6
f 220//6 196//6 218//6
f 305//1 306//1 475//1
f 305//1 475//1 304//1
f 307//1 475//1 306//1
f 471//1 463//1 475//1
f 471//271 475//271 307//271
f 475//272 550//272 303//272
f 475//1 303//1 304//1
f 464//6 544//6 541//6
f 464//6 541//6 540//6
f 464//6 549//6 548//6
f 464//6 548//6 544//6
f 546//273 547//273 302//273
f 546//273 302//273 296//273
f 297//274 308//274 309//274
f 297//274 309//274 298//274
f 310//275 311//275 300//275
f 310//275 300//275 299//275
f 309//276 310//276 299//276
f 309//276 299//276 298//276
f 296//277 302//277 308//277
f 296//277 308//277 297//277
f 550//1 475//1 551//1
f 475//1 542//1 545//1
f 475//1 545//1 551//1
f 543//1 542//1 475//1
f 543//1 475//1 547//1
f 284//278 526//278 525//278
f 284//278 525//278 295//278
f 284//279 295//279 293//279
f 284//279 293//279 285//279
f 295//6 525//6 483//6
f 295//6 483//6 293//6
f 294//280 292//280 287//280
f 294//280 287//280 286//280
f 291//281 485//281 484//281
f 291//281 484//281 288//281
f 287//282 292//282 291//282
f 287//282 291//282 288//282
f 293//283 294//283 286//283
f 293//283 286//283 285//283
f 300//6 464//6 299//6
f 301//6 474//6 464//6
f 301//6 464//6 300//6
f 546//6 464//6 540//6
f 298//6 299//6 464//6
f 298//6 464//6 297//6
f 294//6 293//6 483//6
f 294//6 483//6 292//6
f 483//6 485//6 291//6
f 483//6 291//6 292//6
f 464//6 546//6 296//6
f 464//6 296//6 297//6
f 328//284 329//284 326//284
f 328//284 326//284 327//284
f 324//285 326//285 329//285
f 324//285 329//285 325//285
f 552//286 490//286 328//286
f 552//286 328//286 327//286
f 324//287 325//287 323//287
f 324//287 323//287 322//287
f 318//288 488//288 487//288
f 318//288 487//288 319//288
f 320//289 321//289 318//289
f 320//289 318//289 319//289
f 320//290 322//290 323//290
f 320//290 323//290 321//290
f 487//1 552//1 327//1
f 487//1 327//1 326//1
f 487//1 326//1 324//1
f 487//1 324//1 322//1
f 487//1 322//1 320//1
f 487//1 320//1 319//1
f 487//1 492//1 493//1
f 487//1 493//1 552//1
f 328//291 490//291 488//291
f 328//6 488//6 329//6
f 325//6 329//6 488//6
f 325//291 488//291 323//291
f 321//291 323//291 488//291
f 321//292 488//292 318//292
f 475//293 312//293 311//293
f 475//294 311//294 310//294
f 313//295 472//295 471//295
f 313//295 471//295 307//295
f 306//282 314//282 313//282
f 306//282 313//282 307//282
f 475//294 310//294 309//294
f 475//1 309//1 308//1
f 475//296 474//296 301//296
f 475//296 301//296 312//296
f 311//297 312//297 301//297
f 311//297 301//297 300//297
f 302//294 547//294 475//294
f 302//1 475//1 308//1
f 317//6 549//6 464//6
f 317//6 464//6 315//6
f 316//6 315//6 464//6
f 316//6 464//6 314//6
f 464//6 472//6 313//6
f 464//6 313//6 314//6
f 303//279 317//279 315//279
f 303//279 315//279 304//279
f 315//283 316//283 305//283
f 315//283 305//283 304//283
f 316//280 314//280 306//280
f 316//280 306//280 305//280
f 303//298 550//298 549//298
f 303//298 549//298 317//298
f 481//293 289//293 277//293
f 481//294 277//294 276//294
f 252//299 258//299 257//299
f 252//299 257//299 253//299
f 261//300 470//300 469//300
f 261//301 469//301 256//301
f 259//302 261//302 256//302
f 259//302 256//302 255//302
f 260//276 259//276 255//276
f 260//276 255//276 254//276
f 252//303 538//303 537//303
f 252//303 537//303 258//303
f 534//304 535//304 262//304
f 534//304 262//304 263//304
f 253//305 257//305 260//305
f 253//305 260//305 254//305
f 477//291 271//291 270//291
f 477//6 270//6 269//6
f 477//306 273//306 272//306
f 477//291 272//291 271//291
f 262//284 269//284 264//284
f 262//284 264//284 263//284
f 262//291 535//291 477//291
f 262//6 477//6 269//6
f 467//1 534//1 263//1
f 467//1 263//1 264//1
f 265//1 266//1 467//1
f 265//1 467//1 264//1
f 267//1 268//1 467//1
f 267//1 467//1 266//1
f 538//6 477//6 539//6
f 477//6 528//6 532//6
f 477//6 532//6 539//6
f 477//6 535//6 529//6
f 477//6 529//6 528//6
f 469//6 466//6 477//6
f 469//149 477//149 256//149
f 477//84 538//84 252//84
f 477//6 252//6 253//6
f 254//6 255//6 477//6
f 254//6 477//6 253//6
f 256//6 477//6 255//6
f 537//1 536//1 467//1
f 533//1 531//1 467//1
f 533//1 467//1 536//1
f 530//1 534//1 467//1
f 530//1 467//1 531//1
f 467//1 465//1 470//1
f 467//1 470//1 261//1
f 258//1 537//1 467//1
f 258//1 467//1 257//1
f 467//1 259//1 260//1
f 467//1 260//1 257//1
f 261//1 259//1 467//1
f 484//1 482//1 481//1
f 484//271 481//271 288//271
f 526//1 481//1 527//1
f 481//1 516//1 521//1
f 481//1 521//1 527//1
f 288//1 481//1 287//1
f 522//307 523//307 283//307
f 522//307 283//307 280//307
f 481//272 526//272 284//272
f 481//1 284//1 285//1
f 286//1 287//1 481//1
f 286//1 481//1 285//1
f 281//274 290//274 279//274
f 281//274 279//274 278//274
f 283//294 523//294 481//294
f 283//1 481//1 290//1
f 279//1 290//1 481//1
f 279//294 481//294 276//294
f 280//277 283//277 290//277
f 280//277 290//277 281//277
f 517//1 516//1 481//1
f 517//1 481//1 523//1
f 481//308 480//308 282//308
f 481//308 282//308 289//308
f 277//297 289//297 282//297
f 277//297 282//297 274//297
f 267//309 272//309 273//309
f 267//309 273//309 268//309
f 276//310 277//310 274//310
f 276//310 274//310 275//310
f 275//311 278//311 279//311
f 275//311 279//311 276//311
f 273//312 477//312 467//312
f 273//313 467//313 268//313
f 269//314 270//314 265//314
f 269//314 265//314 264//314
f 271//290 272//290 267//290
f 271//290 267//290 266//290
f 265//280 270//280 271//280
f 265//280 271//280 266//280
f 522//6 483//6 518//6
f 483//6 520//6 519//6
f 483//6 519//6 518//6
f 483//6 525//6 524//6
f 483//6 524//6 520//6
f 282//6 480//6 483//6
f 282//6 483//6 274//6
f 483//6 522//6 280//6
f 483//6 280//6 281//6
f 483//6 281//6 278//6
f 483//6 278//6 275//6
f 274//6 483//6 275//6
f 396//315 397//315 579//315
f 396//88 579//88 395//88
f 398//316 399//316 579//316
f 398//317 579//317 397//317
f 579//318 399//318 400//318
f 579//319 400//319 393//319
f 579//320 578//320 366//320
f 579//321 366//321 395//321
f 573//6 570//6 391//6
f 573//6 391//6 392//6
f 580//322 579//322 393//322
f 580//322 393//322 394//322
f 390//1 569//1 580//1
f 390//1 580//1 394//1
f 401//323 402//323 403//323
f 401//323 403//323 383//323
f 388//1 403//1 379//1
f 388//1 379//1 378//1
f 377//6 375//6 380//6
f 375//6 406//6 407//6
f 375//6 407//6 380//6
f 403//1 402//1 404//1
f 403//1 404//1 379//1
f 383//324 403//324 388//324
f 383//324 388//324 384//324
f 404//325 395//325 366//325
f 404//325 366//325 379//325
f 395//326 404//326 405//326
f 395//326 405//326 396//326
f 574//322 573//322 392//322
f 574//322 392//322 371//322
f 510//327 364//327 363//327
f 510//328 363//328 508//328
f 369//329 386//329 378//329
f 369//329 378//329 367//329
f 368//330 503//330 386//330
f 368//331 386//331 369//331
f 377//329 382//329 385//329
f 377//329 385//329 376//329
f 364//332 370//332 347//332
f 364//332 347//332 346//332
f 380//333 381//333 382//333
f 380//333 382//333 377//333
f 381//6 383//6 384//6
f 381//6 384//6 382//6
f 387//1 388//1 378//1
f 387//1 378//1 386//1
f 387//334 389//334 384//334
f 387//334 384//334 388//334
f 502//335 501//335 389//335
f 502//335 389//335 387//335
f 570//336 569//336 390//336
f 570//336 390//336 391//336
f 501//6 508//6 385//6
f 501//6 385//6 389//6
f 386//1 503//1 502//1
f 386//1 502//1 387//1
f 376//337 385//337 508//337
f 376//338 508//338 363//338
f 389//6 385//6 382//6
f 389//6 382//6 384//6
f 400//339 425//339 394//339
f 400//339 394//339 393//339
f 399//340 420//340 425//340
f 399//340 425//340 400//340
f 421//1 424//1 425//1
f 421//1 425//1 420//1
f 424//341 423//341 391//341
f 424//342 391//342 390//342
f 402//1 411//1 405//1
f 402//1 405//1 404//1
f 423//343 424//343 421//343
f 423//343 421//343 422//343
f 422//344 421//344 414//344
f 422//344 414//344 413//344
f 414//1 421//1 420//1
f 414//1 420//1 419//1
f 422//6 426//6 427//6
f 422//6 427//6 423//6
f 426//6 422//6 413//6
f 426//6 413//6 417//6
f 423//6 427//6 392//6
f 423//6 392//6 391//6
f 371//339 392//339 427//339
f 371//339 427//339 372//339
f 394//1 425//1 424//1
f 394//1 424//1 390//1
f 372//340 427//340 426//340
f 372//340 426//340 373//340
f 373//345 426//345 417//345
f 373//345 417//345 374//345
f 419//1 418//1 410//1
f 419//1 410//1 414//1
f 412//346 411//346 402//346
f 412//346 402//346 401//346
f 375//347 415//347 416//347
f 375//347 416//347 406//347
f 374//348 417//348 415//348
f 374//348 415//348 375//348
f 413//349 414//349 410//349
f 413//349 410//349 409//349
f 407//325 408//325 381//325
f 407//325 381//325 380//325
f 408//6 401//6 383//6
f 408//6 383//6 381//6
f 411//350 412//350 409//350
f 411//350 409//350 410//350
f 406//326 416//326 408//326
f 406//326 408//326 407//326
f 398//345 419//345 420//345
f 398//345 420//345 399//345
f 396//347 405//347 418//347
f 396//347 418//347 397//347
f 411//1 410//1 418//1
f 411//1 418//1 405//1
f 397//348 418//348 419//348
f 397//348 419//348 398//348
f 412//6 416//6 415//6
f 412//6 415//6 409//6
f 409//6 415//6 417//6
f 409//6 417//6 413//6
f 416//6 412//6 401//6
f 416//6 401//6 408//6
f 364//351 510//351 504//351
f 364//351 504//351 370//351
f 351//6 555//6 554//6
f 351//6 554//6 332//6
f 514//6 555//6 351//6
f 514//6 351//6 515//6
f 509//6 511//6 515//6
f 509//352 515//352 351//352
f 515//353 511//353 505//353
f 515//354 505//354 512//354
f 350//355 506//355 509//355
f 350//355 509//355 351//355
f 335//356 350//356 351//356
f 335//356 351//356 332//356
f 352//357 353//357 337//357
f 352//357 337//357 336//357
f 554//6 336//6 333//6
f 554//6 333//6 332//6
f 557//358 553//358 354//358
f 557//359 354//359 355//359
f 334//360 337//360 512//360
f 334//361 512//361 335//361
f 350//362 335//362 512//362
f 354//363 553//363 556//363
f 354//364 556//364 513//364
f 336//6 554//6 558//6
f 336//6 558//6 352//6
f 353//365 354//365 512//365
f 353//366 512//366 337//366
f 512//367 354//367 513//367
f 510//177 509//177 506//177
f 510//177 506//177 504//177
f 562//368 561//368 564//368
f 562//368 564//368 565//368
f 568//369 567//369 581//369
f 568//369 581//369 559//369
f 564//6 563//6 565//6
f 330//370 560//370 331//370
f 330//371 331//371 566//371
f 566//372 568//372 559//372
f 566//373 559//373 330//373
f 330//374 559//374 560//374
f 562//375 565//375 331//375
f 562//376 331//376 560//376
f 331//377 565//377 566//377
f 344//378 345//378 342//378
f 344//378 342//378 343//378
f 348//379 349//379 346//379
f 348//379 346//379 347//379
f 349//380 348//380 341//380
f 349//380 341//380 340//380
f 338//381 343//381 342//381
f 338//381 342//381 339//381
f 334//382 335//382 332//382
f 334//382 332//382 333//382
f 336//383 337//383 334//383
f 336//383 334//383 333//383
f 340//384 341//384 338//384
f 340//384 338//384 339//384
f 367//1 365//1 344//1
f 367//1 344//1 343//1
f 343//1 368//1 369//1
f 343//1 369//1 367//1
f 368//1 343//1 338//1
f 368//1 338//1 341//1
f 365//385 367//385 577//385
f 365//386 362//386 345//386
f 365//386 345//386 344//386
f 366//271 576//271 577//271
f 366//387 577//387 367//387
f 366//271 578//271 575//271
f 366//271 575//271 576//271
f 348//1 370//1 368//1
f 348//1 368//1 341//1
f 574//388 371//388 363//388
f 368//389 370//389 504//389
f 368//390 504//390 503//390
f 367//333 378//333 379//333
f 367//391 379//391 366//391
f 375//6 377//6 376//6
f 375//6 376//6 363//6
f 347//1 370//1 348//1
f 372//6 373//6 363//6
f 372//6 363//6 371//6
f 374//6 375//6 363//6
f 374//6 363//6 373//6
f 577//392 572//392 362//392
f 577//392 362//392 365//392
f 352//6 558//6 356//6
f 358//393 360//393 354//393
f 358//393 354//393 356//393
f 357//22 361//22 360//22
f 357//22 360//22 358//22
f 357//394 558//394 359//394
f 350//395 512//395 505//395
f 350//396 505//396 506//396
f 356//397 354//397 353//397
f 356//397 353//397 352//397
f 558//352 357//352 358//352
f 558//352 358//352 356//352
f 354//1 360//1 361//1
f 354//1 361//1 355//1
f 345//398 362//398 574//398
f 345//398 574//398 342//398
f 572//6 571//6 574//6
f 572//399 574//399 362//399
f 574//352 363//352 364//352
f 574//268 364//268 346//268
f 339//291 342//291 574//291
f 339//291 574//291 340//291
f 558//400 557//400 355//400
f 558//400 355//400 359//400
f 361//401 357//401 359//401
f 361//401 359//401 355//401
f 574//268 346//268 349//268
f 574//291 349//291 340//291
o Chassis_havok_s_rightTrack_1
v 1.207992 0.041307 -0.443414
v 1.207992 0.041279 -0.239005
v 1.207992 0.041198 0.355499
v 1.207992 0.041169 0.566150
v 1.422728 0.041198 0.355499
v 1.422728 0.041169 0.566150
v 1.422728 0.041090 1.152852
v 1.226349 1.071806 -1.597015
v 1.403630 1.071806 -1.597015
v 1.226349 1.034977 -1.452225
v 1.403630 1.034977 -1.452225
v 1.226349 1.034977 -1.628165
v 1.403630 0.961094 -1.655277
v 1.403630 1.000393 -1.648354
v 1.226349 1.000393 -1.648354
v 1.226349 0.961094 -1.655277
v 1.403630 0.921570 -1.648354
v 1.226349 0.921570 -1.648354
v 1.422722 0.612116 -1.865251
v 1.207992 0.621997 -1.940241
v 1.422722 0.612116 -2.015232
v 1.226349 0.847687 -1.560096
v 1.226349 0.847687 -1.520293
v 1.403630 0.847687 -1.520293
v 1.403630 0.847687 -1.560096
v 1.403630 0.861386 -1.597592
v 1.403630 0.886987 -1.628165
v 1.226349 0.886987 -1.628165
v 1.226349 0.861386 -1.597592
v 1.403630 0.861386 -1.482798
v 1.226349 0.861386 -1.482798
v 1.403630 1.034977 -1.628165
v 1.403630 1.000393 -1.432035
v 1.403630 0.961094 -1.425113
v 1.226349 0.961094 -1.425113
v 1.226349 1.000393 -1.432035
v 1.403630 0.921570 -1.432035
v 1.226349 0.921570 -1.432035
v 1.226349 0.886987 -1.452225
v 1.403630 0.886987 -1.452225
v 1.422588 0.563526 2.234519
v 1.422588 0.510414 2.288503
v 1.208021 0.510414 2.288503
v 1.208021 0.563526 2.234519
v 1.208021 0.601046 2.168145
v 1.422588 0.601046 2.168145
v 1.422588 0.445121 2.326557
v 1.208021 0.620049 2.095576
v 1.422588 0.620049 2.095576
v 1.422588 0.619074 2.019468
v 1.581401 0.544523 2.405320
v 1.581401 0.601046 2.370806
v 1.004999 0.601046 2.370806
v 1.004999 0.544523 2.405320
v 1.004999 0.664390 2.351336
v 1.581401 0.664390 2.351336
v 1.581401 0.730658 2.347796
v 1.004999 0.498233 2.453110
v 1.581401 0.498233 2.453110
v 1.581401 0.795951 2.361956
v 1.004999 0.795951 2.361956
v 1.004999 0.730658 2.347796
v 1.004999 0.855397 2.391161
v 1.004999 0.906073 2.433640
v 1.581401 0.855397 2.391161
v 1.581401 0.906073 2.433640
v 1.004999 0.771101 2.919496
v 1.004999 0.630769 2.914186
v 1.004999 0.506029 2.848697
v 1.004999 0.457790 2.730994
v 1.004999 0.446583 2.641611
v 1.004999 0.460226 2.800023
v 1.004999 0.465099 2.510633
v 1.004999 0.447557 2.574352
v 1.581401 0.700447 2.924806
v 1.581401 0.630769 2.914186
v 1.004999 0.700447 2.924806
v 1.581401 0.771101 2.919496
v 1.004999 0.564501 2.888521
v 1.581401 0.564501 2.888521
v 1.581401 0.506029 2.848697
v 1.581401 0.460226 2.800023
v 1.581401 0.465099 2.510633
v 1.581401 0.446583 2.641611
v 1.581401 0.457790 2.730994
v 1.581401 0.899738 2.861972
v 1.581401 0.838343 2.898256
v 1.004999 0.838343 2.898256
v 1.004999 0.899738 2.861972
v 1.004999 0.950901 2.814183
v 1.581401 0.950901 2.814183
v 1.004999 0.944079 2.488509
v 1.581401 0.944079 2.488509
v 1.581401 0.990370 2.754889
v 1.004999 0.967468 2.550458
v 1.004999 0.990370 2.754889
v 1.581401 0.967468 2.550458
v 1.581401 1.015707 2.689400
v 1.004999 1.015707 2.689400
v 1.422588 0.296506 2.347796
v 1.422588 0.096727 2.225669
v 1.422588 0.223416 2.328327
v 1.208021 0.096727 2.225669
v 1.208021 0.223416 2.328327
v 1.208021 0.372519 2.346912
v 1.208021 0.296506 2.347796
v 1.208021 0.445121 2.326557
v 1.208021 0.041179 2.053982
v 1.208021 0.056772 2.147790
v 1.048645 0.056772 2.147790
v 1.048645 0.096727 2.225669
v 1.048645 0.060183 2.245139
v 1.048645 0.018278 2.161065
v 1.422588 0.056772 2.147790
v 1.581401 0.060183 2.245139
v 1.581401 0.018278 2.161065
v 1.581401 0.056772 2.147790
v 1.581401 0.096727 2.225669
v 1.208021 0.150326 2.300892
v 1.048645 0.417347 2.746039
v 1.581401 0.417347 2.746039
v 1.048645 0.419783 2.678780
v 1.422588 0.150326 2.300892
v 1.581401 0.450481 2.722145
v 1.004999 0.450481 2.722145
v 1.422588 0.372519 2.346912
v 1.581401 0.447557 2.574352
v 1.048645 0.419783 2.749579
v 1.004999 0.419783 2.749579
v 1.004999 0.419783 2.678780
v 1.226363 1.072916 0.115757
v 1.403638 1.072916 0.115757
v 1.226363 0.961002 0.174887
v 1.226363 1.000356 0.167917
v 1.403638 1.000356 0.167917
v 1.403638 0.961002 0.174887
v 1.226363 1.034903 0.147908
v 1.226363 0.921647 0.167917
v 1.403638 1.034903 0.147908
v 1.403638 1.034903 -0.028133
v 1.403638 1.000356 -0.048143
v 1.226363 1.034903 -0.028133
v 1.226363 1.076605 0.010762
v 1.226363 1.000356 -0.048143
v 1.226363 0.961002 -0.055113
v 1.403638 0.961002 -0.055113
v 1.226363 0.847746 0.079784
v 1.403638 0.847746 0.079784
v 1.403638 0.847746 0.039990
v 1.226363 0.847746 0.039990
v 1.403638 0.861386 0.002443
v 1.403638 0.887100 -0.028133
v 1.226363 0.887100 -0.028133
v 1.226363 0.861386 0.002443
v 1.403638 0.861386 0.117331
v 1.226363 0.861386 0.117331
v 1.403638 0.921647 -0.048143
v 1.226363 0.921647 -0.048143
v 1.403638 0.921647 0.167917
v 1.403638 0.887100 0.147908
v 1.226363 0.887100 0.147908
v 1.207992 0.563593 0.634884
v 1.207992 0.510513 0.688809
v 1.207992 0.445235 0.727078
v 1.207992 0.372277 0.746213
v 1.207992 0.296609 0.747953
v 1.207992 0.223426 0.728818
v 1.207992 0.157471 0.692288
v 1.207992 0.600862 0.568782
v 1.422728 0.600862 0.568782
v 1.422728 0.563593 0.634884
v 1.422728 0.506447 0.227835
v 1.422728 0.440717 0.191305
v 1.422728 0.560431 0.281760
v 1.422728 0.367308 0.172171
v 1.422728 0.291640 0.172171
v 1.422728 0.218683 0.193045
v 1.422728 0.599055 0.346123
v 1.207992 0.506447 0.227835
v 1.207992 0.560431 0.281760
v 1.207992 0.440717 0.191305
v 1.207992 0.599055 0.346123
v 1.207992 0.218683 0.193045
v 1.207992 0.291640 0.172171
v 1.207992 0.367308 0.172171
v 1.422728 0.510513 0.688809
v 1.422728 0.445235 0.727078
v 1.422728 0.372277 0.746213
v 1.422728 0.296609 0.747953
v 1.422728 0.157471 0.692288
v 1.422728 0.223426 0.728818
v 1.207992 0.510513 1.031495
v 1.207992 0.563593 1.085420
v 1.207992 0.445235 0.993226
v 1.207992 0.372277 0.972351
v 1.207992 0.296609 0.972351
v 1.207992 0.223426 0.991486
v 1.207992 0.157471 1.028016
v 1.207992 0.600862 1.151522
v 1.422728 0.600862 1.151522
v 1.422728 0.510513 1.031495
v 1.422728 0.445235 0.993226
v 1.422728 0.563593 1.085420
v 1.422728 0.372277 0.972351
v 1.422728 0.296609 0.972351
v 1.422728 0.223426 0.991486
v 1.422728 0.157471 1.028016
v 1.422728 0.563593 -0.514941
v 1.422728 0.510513 -0.568866
v 1.422728 0.445235 -0.607136
v 1.422728 0.372277 -0.628010
v 1.422728 0.296609 -0.628010
v 1.422728 0.223426 -0.608876
v 1.422728 0.157471 -0.572345
v 1.422728 0.600862 -0.448839
v 1.422728 0.619158 -0.299240
v 1.422728 0.619836 -0.375779
v 1.422728 0.560431 -0.161818
v 1.422728 0.599055 -0.226180
v 1.207992 0.510513 -0.568866
v 1.207992 0.563593 -0.514941
v 1.207992 0.445235 -0.607136
v 1.207992 0.372277 -0.628010
v 1.207992 0.296609 -0.628010
v 1.207992 0.223426 -0.608876
v 1.207992 0.157471 -0.572345
v 1.207992 0.600862 -0.448839
v 1.207992 0.619836 -0.375779
v 1.207992 0.619158 -0.299240
v 1.207992 0.599055 -0.226180
v 1.207992 0.560431 -0.161818
v 1.207992 0.218683 -0.073102
v 1.422728 0.218683 -0.073102
v 1.207992 0.291640 -0.052228
v 1.422728 0.291640 -0.052228
v 1.422728 0.440717 -0.071363
v 1.422728 0.367308 -0.052228
v 1.207992 0.367308 -0.052228
v 1.207992 0.440717 -0.071363
v 1.422728 0.506447 -0.107893
v 1.207992 0.506447 -0.107893
v 1.429909 1.043753 -2.921867
v 1.429909 1.011382 -2.976227
v 1.429909 0.519475 -2.734978
v 1.429909 0.540833 -2.929055
v 1.429909 0.510130 -2.807757
v 1.429909 1.062776 -2.862116
v 1.429909 1.068115 -2.799221
v 1.197602 0.540833 -2.929055
v 1.197602 1.032407 -2.667590
v 1.197602 1.068115 -2.799221
v 1.197602 1.062776 -2.862116
v 1.581401 1.062776 -2.862116
v 1.581401 1.103156 -2.871551
v 1.581401 1.043753 -2.921867
v 1.004999 1.062776 -2.862116
v 1.004999 1.103156 -2.871551
v 1.004999 0.420025 -2.714312
v 1.004999 0.540833 -2.929055
v 1.004999 0.420025 -2.798772
v 1.004999 0.504791 -2.949721
v 1.197602 0.510130 -2.807757
v 1.197602 0.519475 -2.734978
v 1.429909 0.915270 -3.056194
v 1.429909 0.855867 -3.077758
v 1.429909 0.967665 -3.021601
v 1.429909 0.793461 -3.085844
v 1.429909 0.730721 -3.079555
v 1.581401 0.967665 -3.021601
v 1.581401 0.915270 -3.056194
v 1.197602 0.671319 -3.059338
v 1.197602 1.043753 -2.921867
v 1.197602 0.617589 -3.026094
v 1.197602 1.011382 -2.976227
v 1.197602 0.967665 -3.021601
v 1.197602 0.572870 -2.981618
v 1.004999 0.572870 -2.981618
v 1.004999 0.617589 -3.026094
v 1.004999 0.591225 -3.057541
v 1.004999 0.539832 -3.006776
v 1.581401 0.539832 -3.006776
v 1.581401 0.591225 -3.057541
v 1.004999 0.671319 -3.059338
v 1.429909 0.617589 -3.026094
v 1.429909 0.671319 -3.059338
v 1.581401 0.671319 -3.059338
v 1.581401 0.617589 -3.026094
v 1.581401 0.572870 -2.981618
v 1.429909 0.572870 -2.981618
v 1.004999 1.080797 -2.939837
v 1.004999 1.043753 -3.002283
v 1.581401 1.043753 -3.002283
v 1.581401 1.080797 -2.939837
v 1.581401 0.993361 -3.053947
v 1.004999 0.993361 -3.053947
v 1.581401 1.011382 -2.976227
v 1.004999 1.011382 -2.976227
v 1.004999 1.043753 -2.921867
v 1.004999 0.967665 -3.021601
v 1.197602 0.915270 -3.056194
v 1.004999 0.915270 -3.056194
v 1.004999 0.864544 -3.118191
v 1.004999 0.792794 -3.127176
v 1.581401 0.792794 -3.127176
v 1.581401 0.864544 -3.118191
v 1.004999 0.721043 -3.119538
v 1.581401 0.721043 -3.119538
v 1.197602 0.793461 -3.085844
v 1.197602 0.855867 -3.077758
v 1.197602 0.730721 -3.079555
v 1.004999 0.932624 -3.093482
v 1.581401 0.932624 -3.093482
v 1.581401 0.855867 -3.077758
v 1.581401 0.793461 -3.085844
v 1.581401 0.730721 -3.079555
v 1.004999 0.793461 -3.085844
v 1.004999 0.855867 -3.077758
v 1.004999 0.730721 -3.079555
v 1.581401 0.652630 -3.096177
v 1.004999 0.652630 -3.096177
v 1.207886 0.103546 -0.959333
v 1.207886 0.100488 -1.312138
v 1.422625 0.103546 -0.959333
v 1.422625 0.100488 -1.312138
v 1.207886 0.153498 -1.366798
v 1.422625 0.153498 -1.366798
v 1.422625 0.506475 -1.369282
v 1.422625 0.440722 -1.406550
v 1.422625 0.367323 -1.425184
v 1.422625 0.291631 -1.425184
v 1.422625 0.218741 -1.405308
v 1.207886 0.506475 -1.369282
v 1.207886 0.440722 -1.406550
v 1.207886 0.218741 -1.405308
v 1.207886 0.291631 -1.425184
v 1.207886 0.367323 -1.425184
v 1.207886 0.331898 -1.650035
v 1.422625 0.331898 -1.650035
v 1.422625 0.256970 -1.659973
v 1.207886 0.256970 -1.659973
v 1.207886 0.407081 -1.659973
v 1.422625 0.407081 -1.659973
v 1.207886 0.476912 -1.688545
v 1.422625 0.537058 -1.734509
v 1.422625 0.476912 -1.688545
v 1.422625 0.126993 -1.734509
v 1.207886 0.126993 -1.734509
v 1.207886 0.186884 -1.688545
v 1.422625 0.186884 -1.688545
v 1.581401 0.049007 -2.137005
v 1.048589 0.049007 -2.137005
v 1.422625 0.101507 -2.146943
v 1.207886 0.101507 -2.146943
v 1.207886 0.407081 -2.220237
v 1.422625 0.407081 -2.220237
v 1.422625 0.476912 -2.191665
v 1.207886 0.476912 -2.191665
v 1.422625 0.331898 -2.230175
v 1.207886 0.331898 -2.230175
v 1.207886 0.256970 -2.220237
v 1.422625 0.256970 -2.220237
v 1.207886 0.186884 -2.191665
v 1.422625 0.186884 -2.191665
v 1.207886 0.537058 -2.145701
v 1.207886 0.086725 -2.119613
v 1.048589 0.086725 -2.119613
v 1.422625 0.086725 -2.119613
v 1.581401 0.086725 -2.119613
v 1.422625 0.537058 -2.145701
v 1.048589 0.015365 -2.046319
v 1.581401 0.015365 -2.046319
v 1.581401 0.054868 -2.035139
v 1.422625 0.054868 -2.035139
v 1.207886 0.054868 -2.035139
v 1.048589 0.054868 -2.035139
v 1.207886 0.041616 -1.950664
v 1.422728 0.560371 1.881286
v 1.422728 0.506413 1.828325
v 1.422728 0.367258 1.771909
v 1.422728 0.153455 1.831395
v 1.422728 0.218773 1.793017
v 1.422728 0.291798 1.772677
v 1.422728 0.440690 1.791098
v 1.207992 0.291798 1.772677
v 1.207992 0.506413 1.828325
v 1.207992 0.560371 1.881286
v 1.226350 0.796893 1.679803
v 1.403636 0.796893 1.679803
v 1.403636 0.796893 1.639889
v 1.226350 0.796893 1.639889
v 1.422728 0.440690 1.528978
v 1.422728 0.367258 1.548166
v 1.207992 0.367258 1.548166
v 1.207992 0.440690 1.528978
v 1.422728 0.291798 1.547399
v 1.207992 0.291798 1.547399
v 1.422728 0.218773 1.527059
v 1.207992 0.218773 1.527059
v 1.207992 0.506413 1.491751
v 1.207992 0.153455 1.488681
v 1.422728 0.506413 1.491751
v 1.422728 0.153455 1.488681
v 1.403636 0.810281 1.602279
v 1.403636 0.836245 1.571961
v 1.226350 0.836245 1.571961
v 1.226350 0.810281 1.602279
v 1.403636 0.810281 1.717413
v 1.226350 0.810281 1.717413
v 1.226350 0.870730 1.552004
v 1.403636 0.870730 1.552004
v 1.226350 0.910083 1.544712
v 1.403636 0.910083 1.544712
v 1.226350 0.949435 1.768072
v 1.403636 0.983920 1.748115
v 1.403636 0.949435 1.552004
v 1.403636 0.983920 1.571961
v 1.226350 0.983920 1.571961
v 1.226350 0.949435 1.552004
v 1.226350 0.983920 1.748115
v 1.226350 0.836245 1.748115
v 1.403636 0.836245 1.748115
v 1.226350 0.870730 1.768072
v 1.403636 0.870730 1.768072
v 1.226350 0.910083 1.774980
v 1.403636 0.910083 1.774980
v 1.403636 0.949435 1.768072
v 1.207992 0.041495 -1.826382
v 1.207998 0.041414 -1.234084
v 1.048589 0.040967 2.054235
v 1.048589 0.041511 -1.950281
v 1.207998 0.041388 -1.039876
v 1.048589 0.000250 2.061735
v 1.048589 0.000178 -1.955348
v 1.207992 0.103474 -0.518713
v 1.422722 0.041307 -0.443414
v 1.422722 0.103474 -0.518713
v 1.422722 0.041279 -0.238856
v 1.422722 0.100393 -0.165646
v 1.207992 0.100392 -0.165646
v 1.207992 0.153455 -0.111650
v 1.422722 0.153455 -0.111648
v 1.207998 0.100395 0.285302
v 1.207998 0.103476 0.638371
v 1.422728 0.100395 0.285302
v 1.422728 0.153457 0.231306
v 1.207998 0.153457 0.231306
v 1.422728 0.103476 0.638371
v 1.422728 0.041388 -1.039876
v 1.581401 0.000250 2.061735
v 1.581401 0.000178 -1.955348
v 1.581401 0.041511 -1.950281
v 1.581401 0.040967 2.054235
v 1.422728 0.040967 2.054235
v 1.422728 0.040979 1.966640
v 1.422722 0.041061 1.365292
v 1.207992 0.041090 1.152852
v 1.422722 0.100393 1.434684
v 1.207992 0.041061 1.365292
v 1.207992 0.100392 1.434684
v 1.422722 0.103474 1.081616
v 1.207992 0.103474 1.081616
v 1.005001 1.118008 0.010896
v 1.005001 1.109616 -2.800046
v 1.581401 1.109616 -2.800046
v 1.581401 1.118008 0.010896
v 1.226363 1.076594 0.007146
v 1.197500 1.068404 -2.736797
v 1.005001 1.068217 -2.799427
v 1.005001 1.076606 0.010803
v 1.226363 1.072146 -1.483343
v 1.581401 1.076606 0.010803
v 1.581401 1.068217 -2.799427
v 1.429769 1.068404 -2.736797
v 1.403638 1.076606 0.010803
v 1.403638 1.072146 -1.483343
v 1.403638 1.076594 0.007146
v 1.197500 0.930001 -2.565102
v 1.197500 0.987989 -2.609600
v 1.429769 0.987990 -2.609600
v 1.429769 0.930000 -2.565102
v 1.197500 0.862469 -2.537130
v 1.429768 0.862469 -2.537130
v 1.429768 1.032488 -2.667590
v 1.197500 0.789999 -2.527589
v 1.429768 0.789999 -2.527589
v 1.429768 0.717531 -2.537130
v 1.197500 0.717531 -2.537131
v 1.429769 0.649999 -2.565104
v 1.429769 0.592009 -2.609600
v 1.197500 0.592009 -2.609600
v 1.197500 0.649999 -2.565104
v 1.429768 0.547513 -2.667590
v 1.197500 0.547513 -2.667590
v 1.422722 0.621997 -1.940175
v 1.207992 0.612116 -1.865117
v 1.207992 0.612116 -2.015232
v 1.422722 0.583145 -1.795175
v 1.207992 0.583144 -1.795175
v 1.422722 0.583144 -2.085176
v 1.207992 0.537059 -1.735114
v 1.207992 0.583145 -2.085176
v 1.422728 0.600883 -1.029239
v 1.207998 0.600882 -1.029239
v 1.207998 0.619837 -1.102533
v 1.422728 0.619837 -1.102533
v 1.207998 0.619177 -1.178235
v 1.422728 0.619177 -1.178235
v 1.422728 0.563603 -0.963349
v 1.207998 0.563604 -0.963349
v 1.422728 0.598946 -1.251187
v 1.207998 0.598946 -1.251187
v 1.207998 0.560523 -1.316418
v 1.422728 0.560522 -1.316416
v 1.403638 1.015824 1.717702
v 1.226364 1.015824 1.717703
v 1.005001 0.984107 2.608377
v 1.581401 0.984107 2.608377
v 1.207998 0.619177 2.019468
v 1.207998 0.598946 1.946516
v 1.422728 0.598946 1.946516
v 1.207998 0.440635 1.790945
v 1.581401 1.025050 2.621895
v 1.005001 1.025050 2.621895
v 1.422728 0.100395 1.885302
v 1.207998 0.218687 1.792881
v 1.207998 0.367341 1.771989
v 1.207998 0.040979 1.966640
v 1.207998 0.100395 1.885302
v 1.207998 0.153457 1.831306
v 1.226364 1.019807 1.605850
v 1.403638 1.019807 1.605850
v 1.422728 0.619177 0.419469
v 1.422728 0.619837 0.495172
v 1.207998 0.619837 0.495172
v 1.207998 0.619177 0.419469
v 1.207992 0.619836 1.224817
v 1.422722 0.619836 1.224817
v 1.422722 0.619175 1.300519
v 1.207992 0.619175 1.300519
v 1.207992 0.598944 1.373471
v 1.207992 0.560520 1.438700
v 1.422722 0.598944 1.373471
v 1.422722 0.560521 1.438700
v 1.207998 0.296657 -0.850036
v 1.422728 0.296657 -0.850037
v 1.422728 0.223363 -0.868992
v 1.207998 0.223363 -0.868993
v 1.207998 0.372360 -0.850698
v 1.422728 0.372359 -0.850698
v 1.422728 0.157472 -0.906271
v 1.207998 0.157472 -0.906271
v 1.207998 0.445311 -0.870929
v 1.207998 0.510540 -0.909353
v 1.422728 0.510542 -0.909353
v 1.422728 0.445311 -0.870929
v 1.197500 0.513326 -2.880436
v 1.048589 0.420025 -2.714134
v 1.048589 0.420025 -2.798692
v 1.429769 0.513326 -2.880436
v 1.581401 0.504687 -2.949656
v 1.581401 0.540714 -2.929255
v 1.422728 0.041414 -1.234084
v 1.422722 0.041495 -1.826382
v 1.422722 0.041511 -1.950281
vn -0.0000 -1.0000 -0.0001
vn -1.0000 -0.0000 -0.0000
vn -0.0000 1.0000 -0.0000
vn -0.0001 -1.0000 -0.0001
vn -1.0000 -0.0001 -0.0000
vn -0.0000 0.7523 0.6588
vn 1.0000 -0.0000 -0.0000
vn -0.0000 0.7601 -0.6499
vn -0.0000 0.7787 -0.6275
vn 0.0004 0.7780 -0.6282
vn -0.0000 0.7133 -0.7009
vn -0.0000 0.7132 -0.7009
vn -0.0000 0.7711 0.6367
vn -0.0000 0.7572 -0.6532
vn -0.0000 0.7132 0.7009
vn 1.0000 -0.0001 -0.0000
vn -0.0000 0.7645 0.6447
vn -0.0000 -0.1735 -0.9848
vn -0.0000 -0.5042 0.8636
vn -0.0000 -0.6458 0.7635
vn -0.0000 0.1725 -0.9850
vn -0.0000 0.5042 -0.8636
vn -0.0000 0.7667 -0.6420
vn -0.0000 -0.5042 -0.8636
vn -0.0000 0.9393 -0.3432
vn -0.0000 -0.9636 0.2672
vn -0.0000 -0.8616 0.5075
vn -0.0000 -0.8704 -0.4924
vn -0.0000 0.5042 0.8636
vn -0.0000 0.9393 0.3432
vn -0.0000 0.7667 0.6420
vn -1.0000 0.0002 -0.0000
vn -1.0000 -0.0001 0.0001
vn -0.0000 -0.6088 -0.7934
vn -0.0000 -0.6088 -0.7933
vn 1.0000 -0.0004 -0.0000
vn 1.0000 0.0001 -0.0001
vn -0.0000 -0.6419 -0.7668
vn -0.0000 -0.3827 -0.9239
vn -0.0000 0.1305 -0.9914
vn -0.0000 -0.1305 -0.9914
vn -0.0000 1.0000 -0.0030
vn 0.0003 1.0000 -0.0030
vn -0.0000 -1.0000 0.0030
vn -0.0003 1.0000 -0.0030
vn -0.0000 -1.0000 0.0087
vn -0.0000 -0.9681 -0.2504
vn -0.0000 -0.9239 0.3827
vn -0.0000 -0.9239 -0.3827
vn -0.0002 -0.9241 -0.3821
vn -0.0000 0.7934 -0.6088
vn -0.0000 0.3827 -0.9239
vn -0.0000 0.6088 -0.7934
vn -0.0000 0.6087 -0.7934
vn -0.0000 -0.1735 0.9848
vn -0.0000 -0.9914 0.1305
vn -0.0000 -0.9914 0.1306
vn -0.0000 -0.9915 -0.1304
vn -0.0001 -0.9914 -0.1307
vn -0.0000 0.1725 0.9850
vn -0.0000 0.8075 0.5899
vn -1.0000 -0.0012 -0.0004
vn -1.0000 0.0044 -0.0022
vn 1.0000 -0.0001 -0.0006
vn 1.0000 -0.0002 -0.0005
vn 1.0000 -0.0004 -0.0003
vn 1.0000 0.0002 -0.0001
vn -0.0000 -0.8144 0.5803
vn -0.0000 -0.9860 0.1666
vn -0.0000 0.8950 -0.4461
vn -0.0000 0.9839 -0.1786
vn -0.0000 -0.8897 0.4565
vn -0.0000 -0.8324 -0.5541
vn -1.0000 -0.0000 -0.0003
vn -1.0000 -0.0002 -0.0002
vn -1.0000 0.0003 -0.0004
vn -1.0000 0.0001 -0.0003
vn -0.0000 -0.9326 -0.3608
vn -0.0000 -0.9906 -0.1371
vn 0.0016 -0.9865 0.1640
vn 0.0013 -1.0000 0.0023
vn -1.0000 0.0001 -0.0010
vn -1.0000 -0.0002 -0.0001
vn 1.0000 -0.0000 -0.0001
vn -0.0000 0.7802 -0.6255
vn -0.0000 -0.8162 0.5778
vn -0.0006 0.7830 -0.6220
vn -0.0000 0.8665 0.4991
vn -0.0000 0.9641 0.2654
vn -0.0000 0.9999 0.0145
vn -0.0000 0.8238 -0.5670
vn -0.0000 0.9922 -0.1244
vn -0.0000 -0.7710 0.6368
vn 0.0004 -0.8140 0.5808
vn -0.0000 -0.8142 0.5806
vn -0.0002 -0.8142 0.5805
vn 1.0000 -0.0001 -0.0001
vn -0.0000 0.8142 -0.5806
vn -0.0000 -0.0116 -0.9999
vn -0.0000 0.3514 -0.9362
vn -0.0000 -0.5035 -0.8640
vn -0.0000 0.2574 -0.9663
vn -0.0248 -0.8275 0.5609
vn -0.0000 -0.2700 -0.9629
vn -0.0000 -0.6424 0.7664
vn -0.0000 0.0533 0.9986
vn -0.0000 0.7183 0.6958
vn -0.0000 -0.2119 0.9773
vn -0.0000 -0.4409 0.8975
vn -0.0000 -0.9674 -0.2533
vn -0.0005 -0.9999 0.0115
vn -0.0000 -0.9999 0.0128
vn -0.0005 -0.9640 0.2660
vn -0.0000 0.9994 0.0356
vn -0.0000 -0.7128 -0.7013
vn -0.0000 -0.8705 -0.4921
vn -0.0000 0.5211 0.8535
vn -0.0000 0.5212 0.8535
vn -0.0000 0.2938 0.9559
vn 1.0000 0.0004 -0.0003
vn -1.0000 -0.0073 0.0001
vn -0.0000 -0.8221 0.5694
vn -0.0000 -0.8220 0.5694
vn -0.0000 -0.5088 -0.8609
vn -0.0000 -0.3012 -0.9536
vn -0.0000 -0.6826 -0.7308
vn -0.0000 -0.9355 0.3532
vn -0.0000 -0.9611 0.2761
vn 1.0000 0.0001 -0.0000
vn -0.0000 0.5629 -0.8265
vn -0.0000 0.3611 -0.9325
vn -0.0000 0.7283 -0.6853
vn -0.0000 0.1507 -0.9886
vn -0.0000 -0.0749 -0.9972
vn -0.0000 0.5012 0.8653
vn -0.0000 0.9399 -0.3414
vn -0.0000 0.1744 0.9847
vn -0.0000 0.9399 0.3414
vn -0.0000 0.9994 0.0351
vn -0.0000 -1.0000 -0.0087
vn -0.0000 0.7653 0.6436
vn -0.0000 0.7653 -0.6436
vn -0.0000 0.1744 -0.9847
vn -0.0000 0.5012 -0.8653
vn -0.0000 -0.1744 -0.9847
vn 0.0003 0.9994 0.0356
vn -0.0000 -0.9994 -0.0356
vn -0.0002 0.9994 0.0356
vn -0.0000 -0.5012 0.8653
vn -0.0000 -0.5012 -0.8653
vn -0.0000 -0.1744 0.9847
vn -0.0000 -0.6460 0.7634
vn -0.0000 -0.6458 -0.7635
vn -0.0000 -0.8575 -0.5146
vn -0.0000 -0.9642 -0.2653
vn -0.0000 -0.9679 0.2514
vn -0.0000 0.7047 0.7095
vn -0.0000 0.4845 0.8748
vn -0.0000 -0.5058 0.8627
vn -0.0000 -0.7127 0.7015
vn -0.0000 -0.8711 0.4911
vn -0.0000 0.2530 0.9675
vn -0.0000 -0.0000 1.0000
vn -0.0000 0.7045 0.7097
vn -1.0000 0.0001 -0.0000
vn -0.0000 -0.4858 -0.8741
vn -0.0000 -0.2522 -0.9677
vn -0.0000 -0.0000 -1.0000
vn -0.0000 -0.7067 -0.7075
vn -0.0000 -0.2522 0.9677
vn -0.0000 0.2751 0.9614
vn -1.0000 -0.0000 0.0001
vn -1.0000 0.0002 -0.0002
vn -0.0000 0.2504 -0.9681
vn -0.0000 0.2504 -0.9682
vn -0.0000 -0.0087 -1.0000
vn -0.0000 0.4924 -0.8704
vn -0.0000 -1.0000 -0.0089
vn -0.0000 -0.5075 -0.8616
vn -0.0000 -0.2751 0.9614
vn -0.0000 0.5088 -0.8609
vn -0.0000 0.2751 -0.9614
vn -0.0000 -0.2672 -0.9636
vn -0.0000 -0.4858 0.8741
vn -0.0000 -0.8575 0.5146
vn -0.0000 -0.9644 0.2646
vn -0.0000 -0.7067 0.7075
vn -0.0000 0.5060 0.8626
vn 1.0000 0.0002 0.0002
vn -0.0000 -0.5058 -0.8627
vn -0.0000 -0.2537 -0.9673
vn 1.0000 -0.0000 0.0001
vn -0.0000 -0.8711 -0.4911
vn -0.0000 -0.9683 -0.2496
vn -0.0000 -0.9681 0.2506
vn -0.0000 -0.9636 -0.2672
vn -1.0000 -0.0000 -0.0001
vn -0.0000 0.7066 -0.7076
vn -0.0000 0.4845 -0.8748
vn -0.0000 -0.7127 -0.7015
vn -0.0000 0.2530 -0.9675
vn -0.0000 -0.0230 -0.9997
vn -0.0000 0.8592 -0.5116
vn -0.0000 0.8592 -0.5117
vn -0.0000 0.9529 -0.3034
vn -0.0000 0.1058 0.9944
vn -0.0000 -0.5455 0.8381
vn -0.0000 0.7201 -0.6938
vn -0.0000 0.5510 -0.8345
vn -0.0000 -0.1243 0.9922
vn -0.0000 -0.1243 0.9923
vn -0.0000 -0.8601 0.5102
vn -0.0014 -0.8521 -0.5233
vn -0.0000 -0.8539 -0.5205
vn -0.0000 -0.9504 0.3112
vn -0.0000 -0.7159 0.6982
vn -0.0000 0.5325 0.8464
vn -0.0000 0.3232 0.9463
vn -0.0000 -0.3222 -0.9467
vn -0.0000 0.3412 -0.9400
vn -0.0000 -0.3412 0.9400
vn -0.0000 0.1285 -0.9917
vn -0.0000 -0.0997 -0.9950
vn -0.0000 -0.0998 -0.9950
vn -0.0000 -0.7052 -0.7090
vn -1.0000 -0.0043 -0.0022
vn -0.0007 1.0000 -0.0046
vn -0.0000 -0.8872 -0.4615
vn 0.0003 -0.8876 -0.4606
vn -0.0000 0.9963 -0.0865
vn -0.0008 0.9964 -0.0846
vn -0.0000 -0.9959 0.0900
vn 0.0020 -0.8729 -0.4879
vn -0.0007 -0.8715 -0.4903
vn -0.0000 -0.7934 -0.6088
vn 0.0003 -0.7939 -0.6081
vn 1.0000 0.0059 0.0016
vn 0.0005 1.0000 -0.0046
vn 0.0006 0.9964 -0.0846
vn -1.0000 0.0004 -0.0000
vn -1.0000 0.0003 -0.0001
vn -1.0000 -0.0001 -0.0006
vn -1.0000 0.0001 -0.0005
vn -1.0000 -0.0008 -0.0017
vn -1.0000 0.0002 -0.0001
vn 1.0000 -0.0001 0.0003
vn 1.0000 -0.0005 0.0004
vn 1.0000 -0.0003 0.0004
vn 1.0000 -0.0007 0.0013
vn -1.0000 -0.0015 -0.0015
vn -1.0000 -0.0003 -0.0008
vn 1.0000 0.0001 0.0002
vn 1.0000 -0.0000 0.0003
vn 1.0000 -0.0000 0.0002
vn -0.0000 0.7027 0.7114
vn -0.0000 -0.5262 -0.8504
vn -0.0000 0.8517 0.5240
vn 0.0001 0.8521 0.5233
vn 1.0000 0.0053 -0.0007
vn 1.0000 0.0014 0.0004
vn -0.0000 0.9919 -0.1273
vn -0.0000 0.9990 0.0439
vn 1.0000 -0.0067 -0.0017
vn -0.0000 0.9233 -0.3841
vn -0.0009 0.8719 0.4896
vn 0.0001 0.8721 0.4894
vn -1.0000 0.0092 0.0023
vn -0.0013 -0.8704 -0.4924
vn -0.0001 -0.8720 -0.4896
vn 0.0888 -0.8761 -0.4739
vn -0.0000 -0.8722 -0.4891
vn -0.0647 -0.8777 -0.4747
vn -0.0000 -0.8723 -0.4890
vn -0.0000 -0.6072 0.7946
vn -0.0000 -0.6072 0.7945
vn -0.0000 0.4640 0.8858
vn -0.0000 -0.7963 -0.6049
vn 0.0017 -0.7934 -0.6088
vn -1.0000 -0.0029 0.0039
vn -0.0000 -0.7956 0.6058
vn -0.0004 -0.8720 -0.4896
vn -0.0000 -0.3787 0.9255
vn -0.0000 -0.8720 -0.4896
vn -0.0000 0.8722 0.4891
vn -0.0000 -0.1310 0.9914
vn -0.0000 0.1315 0.9913
vn -0.0000 0.3775 0.9260
vn -1.0000 0.0005 0.0004
vn 0.0007 -1.0000 -0.0010
vn 0.0003 -0.9878 -0.1555
vn -0.0000 -0.9879 -0.1550
vn -0.0000 -0.9357 -0.3529
vn 1.0000 0.0021 -0.0009
vn -1.0000 -0.0011 -0.0000
vn -1.0000 -0.0009 -0.0001
vn -1.0000 0.0052 0.0020
vn -1.0000 0.0005 0.0007
vn -0.0000 0.7320 -0.6813
vn 1.0000 -0.0002 -0.0000
vn 1.0000 -0.0002 -0.0001
vn 1.0000 -0.0007 0.0003
vn -1.0000 0.0002 0.0001
vn 1.0000 -0.0050 0.0021
vn 1.0000 0.0001 -0.0009
vn -0.0000 -0.9878 -0.1555
vn -0.0000 0.9376 0.3478
vn -0.0000 0.9863 0.1647
vn -1.0000 0.0010 0.0010
vn -1.0000 -0.0005 0.0018
vn -1.0000 -0.0026 0.0046
vn -0.0000 -0.7132 -0.7009
vn -0.0000 -0.7133 -0.7009
vn 1.0000 -0.0000 -0.0002
vn 1.0000 -0.0001 -0.0002
vn 1.0000 0.0001 -0.0003
vn -1.0000 -0.0000 0.0009
vn -1.0000 0.0002 0.0006
vn -0.0000 0.7179 0.6962
vn -0.0000 0.7917 -0.6110
vn -0.0000 0.7974 0.6035
vn 1.0000 0.0018 -0.0000
vn 1.0000 0.0019 -0.0000
vn -1.0000 -0.0018 -0.0000
vn -1.0000 -0.0017 -0.0000
vn -0.0000 0.7014 -0.7128
vn -1.0000 0.0002 0.0004
vn -1.0000 0.0002 0.0002
vn 1.0000 0.0002 -0.0003
vn 1.0000 -0.0021 -0.0000
vn -0.0000 -0.3787 -0.9255
vn -0.0000 0.6088 -0.7933
vn 0.0022 -0.6122 -0.7907
vn -0.0000 -0.6072 -0.7946
vn 1.0000 0.0020 0.0048
vn -0.0000 0.3775 -0.9260
vn -0.0000 -0.2461 0.9693
vn -1.0000 0.0001 -0.0008
vn -1.0000 -0.0029 -0.0038
vn -0.0000 -0.1310 -0.9914
vn -0.0000 -0.6992 0.7149
vn -0.0000 -0.6993 0.7149
vn -0.0000 -0.4931 0.8700
vn 1.0000 -0.0002 0.0001
vn -0.0000 0.5083 0.8612
vn -0.0000 0.1315 -0.9913
vn -0.0000 0.2631 0.9648
vn 1.0000 -0.0003 -0.0018
vn -0.0000 -0.5009 0.8655
vn -0.0000 -0.1822 0.9833
vn -0.0000 -0.6866 0.7270
vn -0.0000 0.9421 0.3354
vn -0.0000 0.7595 0.6505
vn -0.0000 0.9421 -0.3354
vn -0.0000 0.1822 0.9833
vn -0.0000 0.5009 0.8655
vn -0.0000 -0.5009 -0.8655
vn -0.0000 -0.6900 -0.7238
vn -0.0000 -0.1729 -0.9849
vn -0.0000 0.1729 -0.9849
vn -0.0000 0.5009 -0.8655
vn -0.0000 0.7636 -0.6457
vn -0.0000 -0.8608 0.5090
vn -0.0005 -0.4941 0.8694
vn -0.0000 -0.4928 0.8701
vn -0.0000 -0.7005 0.7137
vn -0.0000 -0.2528 -0.9675
vn 1.0000 0.0002 -0.0002
vn 0.0004 0.0091 1.0000
vn -0.0000 0.0102 0.9999
vn -0.0006 -0.2504 0.9681
vn 0.0003 -0.2528 0.9675
vn -0.0007 0.2664 0.9639
vn -0.0000 0.2683 0.9633
vn -0.0000 -0.8616 -0.5075
vn -0.0000 -0.4928 -0.8701
vn -0.0000 -0.7001 -0.7140
vn -0.0003 0.7127 0.7015
vn -0.0000 0.5066 -0.8622
vn -0.0007 0.5075 0.8616
vn -0.0004 0.5066 0.8622
vn -1.0000 -0.0002 0.0003
vn -0.0000 0.2683 -0.9633
vn -0.0000 0.0102 -0.9999
s 0
f 1032//402 587//402 586//402
f 1032//402 586//402 1018//402
f 1033//403 1032//403 1031//403
f 1033//403 1031//403 1030//403
f 587//403 1028//403 1025//403
f 587//403 1025//403 586//403
f 588//402 587//402 1032//402
f 588//402 1032//402 1036//402
f 1030//404 1031//404 1014//404
f 1030//404 1014//404 1013//404
f 1034//405 1035//405 1032//405
f 1034//402 1032//402 1033//402
f 1035//402 1036//402 1032//402
f 1038//406 1041//406 588//406
f 1038//403 588//403 1036//403
f 588//407 1041//407 1042//407
f 588//407 1042//407 1037//407
f 1042//408 1040//408 1039//408
f 1042//408 1039//408 1037//408
f 1039//409 1040//409 1038//409
f 1039//409 1038//409 1036//409
f 583//402 584//402 1010//402
f 583//402 1010//402 582//402
f 585//402 1037//402 1010//402
f 585//402 1010//402 584//402
f 588//402 1037//402 585//402
f 588//402 585//402 587//402
f 1016//403 1018//403 1019//403
f 1016//403 1019//403 1017//403
f 583//410 1020//410 1019//410
f 583//411 1019//411 1018//411
f 1021//412 1022//412 1019//412
f 1021//413 1019//413 1020//413
f 1016//414 1017//414 1015//414
f 1016//414 1015//414 582//414
f 1010//402 1011//402 1008//402
f 1010//402 1008//402 1009//402
f 1010//402 1009//402 1012//402
f 1010//402 1012//402 582//402
f 1010//408 1013//408 1014//408
f 1010//408 1014//408 1011//408
f 585//415 1024//415 1028//415
f 585//415 1028//415 587//415
f 1029//402 1016//402 582//402
f 1029//402 582//402 1012//402
f 1018//402 586//402 584//402
f 1018//402 584//402 583//402
f 1025//416 1026//416 1027//416
f 1025//416 1027//416 1023//416
f 584//417 1023//417 1024//417
f 584//417 1024//417 585//417
f 1015//408 1020//408 583//408
f 1015//408 583//408 582//408
f 586//418 1025//418 1023//418
f 586//418 1023//418 584//418
f 616//419 617//419 614//419
f 616//419 614//419 615//419
f 595//420 613//420 593//420
f 595//420 593//420 596//420
f 589//421 593//421 613//421
f 589//421 613//421 590//421
f 615//422 618//422 619//422
f 615//422 619//422 616//422
f 618//423 621//423 620//423
f 618//423 620//423 619//423
f 612//424 620//424 621//424
f 612//424 621//424 611//424
f 592//425 614//425 617//425
f 592//425 617//425 591//425
f 604//426 612//426 611//426
f 604//426 611//426 605//426
f 1087//427 1092//427 1091//427
f 1087//427 1091//427 1088//427
f 1093//428 1094//428 1091//428
f 1093//428 1091//428 1092//428
f 1089//429 1090//429 1084//429
f 1089//429 1084//429 1083//429
f 605//404 606//404 603//404
f 605//404 603//404 604//404
f 599//430 609//430 608//430
f 599//430 608//430 598//430
f 606//431 607//431 610//431
f 606//431 610//431 603//431
f 609//432 610//432 607//432
f 609//432 607//432 608//432
f 613//403 595//403 592//403
f 594//403 598//403 592//403
f 594//403 592//403 595//403
f 592//403 607//403 606//403
f 592//403 606//403 605//403
f 613//433 592//433 1056//433
f 613//434 1056//434 590//434
f 621//403 618//403 592//403
f 592//403 618//403 615//403
f 592//403 615//403 614//403
f 611//403 621//403 592//403
f 611//403 592//403 605//403
f 608//403 607//403 592//403
f 608//403 592//403 598//403
f 593//408 591//408 596//408
f 591//408 599//408 597//408
f 591//408 597//408 596//408
f 591//408 610//408 609//408
f 591//408 609//408 599//408
f 603//408 610//408 591//408
f 603//408 591//408 604//408
f 620//408 591//408 619//408
f 616//408 619//408 591//408
f 616//408 591//408 617//408
f 591//408 620//408 612//408
f 591//408 612//408 604//408
f 1060//435 1061//435 1058//435
f 1060//436 1058//436 1059//436
f 1051//437 591//437 593//437
f 1051//438 593//438 589//438
f 591//439 1051//439 1056//439
f 591//439 1056//439 592//439
f 1061//440 1063//440 1062//440
f 1061//440 1062//440 1058//440
f 1067//441 1068//441 1065//441
f 1067//441 1065//441 1066//441
f 1063//442 1066//442 1065//442
f 1063//442 1065//442 1062//442
f 1060//403 1064//403 1061//403
f 590//443 1054//443 1048//443
f 590//443 1048//443 589//443
f 1051//444 589//444 1048//444
f 1051//443 1048//443 1047//443
f 1049//443 1050//443 1047//443
f 1049//443 1047//443 1048//443
f 1045//445 1046//445 1043//445
f 1045//445 1043//445 1044//445
f 1043//408 1050//408 1049//408
f 1043//408 1049//408 1044//408
f 1053//403 1052//403 1046//403
f 1053//403 1046//403 1045//403
f 1054//446 590//446 1056//446
f 1054//443 1056//443 1057//443
f 1054//443 1055//443 1052//443
f 1054//443 1052//443 1053//443
f 1079//408 1081//408 1076//408
f 600//403 1075//403 1078//403
f 602//403 1080//403 1075//403
f 601//408 1076//408 1077//408
f 1085//447 1087//447 1088//447
f 1085//447 1088//447 1086//447
f 1085//448 1086//448 1083//448
f 1085//448 1083//448 1084//448
f 1082//449 1080//449 602//449
f 1082//449 602//449 1077//449
f 1078//450 1079//450 1076//450
f 1078//451 1076//451 600//451
f 1070//452 1073//452 1074//452
f 1070//452 1074//452 1071//452
f 1067//453 1069//453 1072//453
f 1067//453 1072//453 1068//453
f 1071//454 1072//454 1069//454
f 1071//455 1069//455 1070//455
f 596//456 597//456 594//456
f 596//456 594//456 595//456
f 1077//457 602//457 1075//457
f 1077//458 1075//458 601//458
f 1076//459 601//459 1075//459
f 1076//460 1075//460 600//460
f 597//461 599//461 598//461
f 597//461 598//461 594//461
f 1109//462 1108//462 1035//462
f 1109//462 1035//462 1105//462
f 1105//403 1035//403 1034//403
f 1105//463 1034//463 682//463
f 695//464 682//464 1034//464
f 1013//465 1010//465 691//465
f 1013//466 691//466 694//466
f 689//467 1108//467 1109//467
f 689//468 1109//468 684//468
f 690//408 689//408 684//408
f 693//408 694//408 691//408
f 693//408 691//408 692//408
f 696//403 699//403 698//403
f 696//403 698//403 697//403
f 698//403 1033//403 1030//403
f 698//403 1030//403 697//403
f 684//408 685//408 700//408
f 684//469 700//469 692//469
f 1034//470 1033//470 698//470
f 1034//470 698//470 695//470
f 696//471 697//471 694//471
f 696//471 694//471 693//471
f 1030//472 1013//472 694//472
f 1030//472 694//472 697//472
f 698//473 699//473 682//473
f 698//473 682//473 695//473
f 671//474 677//474 675//474
f 671//474 675//474 672//474
f 1105//475 681//475 628//475
f 1105//476 628//476 622//476
f 1105//477 682//477 683//477
f 1105//478 683//478 681//478
f 1097//408 1104//408 680//408
f 1097//408 680//408 677//408
f 678//403 674//403 1098//403
f 677//479 680//479 679//479
f 677//479 679//479 675//479
f 680//480 1104//480 1103//480
f 680//480 1103//480 679//480
f 686//408 1107//408 688//408
f 690//470 691//470 1010//470
f 690//481 1010//481 689//481
f 689//482 1010//482 1108//482
f 1107//408 1102//408 624//408
f 1107//408 624//408 688//408
f 630//483 1101//483 1105//483
f 630//484 1105//484 622//484
f 684//485 1106//485 1107//485
f 684//408 1107//408 685//408
f 1107//408 686//408 687//408
f 1107//408 687//408 685//408
f 710//408 651//408 653//408
f 710//486 653//486 709//486
f 711//487 703//487 706//487
f 711//404 710//404 709//404
f 711//404 709//404 703//404
f 663//488 702//488 709//488
f 663//486 709//486 653//486
f 704//403 683//403 682//403
f 704//469 682//469 699//469
f 639//489 654//489 664//489
f 639//489 664//489 640//489
f 708//490 664//490 654//490
f 708//490 654//490 655//490
f 665//491 708//491 655//491
f 665//491 655//491 652//491
f 705//403 702//403 663//403
f 705//403 663//403 666//403
f 708//403 665//403 664//403
f 709//492 702//492 701//492
f 709//408 701//408 703//408
f 706//408 651//408 710//408
f 706//408 710//408 711//408
f 666//493 665//493 652//493
f 666//493 652//493 651//493
f 651//494 706//494 705//494
f 651//494 705//494 666//494
f 703//408 701//408 693//408
f 703//408 693//408 692//408
f 704//495 699//495 703//495
f 704//496 703//496 700//496
f 702//403 705//403 699//403
f 702//403 699//403 696//403
f 692//497 700//497 703//497
f 684//473 692//473 691//473
f 684//473 691//473 690//473
f 1109//408 1110//408 1106//408
f 1109//498 1106//498 684//498
f 693//499 701//499 702//499
f 693//499 702//499 696//499
f 686//500 707//500 681//500
f 686//500 681//500 687//500
f 683//501 704//501 700//501
f 683//501 700//501 685//501
f 623//502 628//502 688//502
f 623//502 688//502 624//502
f 683//503 685//503 687//503
f 683//503 687//503 681//503
f 706//504 703//504 699//504
f 706//469 699//469 705//469
f 628//505 707//505 686//505
f 628//505 686//505 688//505
f 707//403 628//403 681//403
f 679//403 1103//403 1098//403
f 679//403 1098//403 675//403
f 644//408 645//408 642//408
f 643//408 642//408 636//408
f 646//506 647//506 645//506
f 646//506 645//506 644//506
f 637//507 638//507 643//507
f 637//507 643//507 636//507
f 637//403 633//403 638//403
f 635//508 639//508 640//508
f 635//508 640//508 632//508
f 642//509 643//509 638//509
f 642//509 638//509 641//509
f 654//408 639//408 635//408
f 654//408 635//408 1097//408
f 652//408 655//408 654//408
f 652//408 654//408 1097//408
f 636//408 642//408 1097//408
f 636//408 1097//408 635//408
f 653//408 651//408 650//408
f 641//510 646//510 644//510
f 641//510 644//510 642//510
f 649//408 650//408 1097//408
f 649//408 1097//408 648//408
f 651//408 652//408 1097//408
f 651//408 1097//408 650//408
f 629//511 630//511 627//511
f 629//511 627//511 626//511
f 629//512 1099//512 631//512
f 629//513 631//513 630//513
f 1099//427 1100//427 1101//427
f 1099//514 1101//514 631//514
f 623//403 622//403 628//403
f 1097//515 1098//515 1095//515
f 1097//515 1095//515 1096//515
f 624//516 625//516 622//516
f 624//516 622//516 623//516
f 626//517 627//517 622//517
f 626//517 622//517 625//517
f 634//518 635//518 632//518
f 634//519 632//519 633//519
f 634//408 636//408 635//408
f 633//520 637//520 636//520
f 633//520 636//520 634//520
f 1102//521 1099//521 629//521
f 1102//417 629//417 626//417
f 627//403 630//403 622//403
f 631//522 1101//522 630//522
f 1102//417 626//417 625//417
f 1102//408 625//408 624//408
f 1098//403 674//403 659//403
f 1098//403 659//403 667//403
f 667//403 672//403 675//403
f 667//403 675//403 1098//403
f 668//403 667//403 659//403
f 647//523 674//523 673//523
f 647//524 673//524 645//524
f 669//525 670//525 667//525
f 669//525 667//525 668//525
f 648//526 669//526 668//526
f 648//526 668//526 659//526
f 670//527 671//527 672//527
f 670//527 672//527 667//527
f 670//408 669//408 648//408
f 670//408 648//408 1097//408
f 674//528 678//528 676//528
f 674//528 676//528 673//528
f 678//529 1098//529 1097//529
f 678//529 1097//529 676//529
f 673//408 676//408 645//408
f 674//403 647//403 646//403
f 674//403 646//403 659//403
f 676//530 1097//530 642//530
f 676//408 642//408 645//408
f 677//408 671//408 670//408
f 677//408 670//408 1097//408
f 661//531 662//531 650//531
f 661//531 650//531 660//531
f 657//532 661//532 660//532
f 657//532 660//532 649//532
f 662//533 663//533 653//533
f 662//533 653//533 650//533
f 658//408 649//408 648//408
f 649//534 658//534 656//534
f 649//534 656//534 657//534
f 659//535 656//535 658//535
f 659//535 658//535 648//535
f 660//408 650//408 649//408
f 665//403 666//403 656//403
f 665//403 656//403 664//403
f 666//403 661//403 657//403
f 666//403 657//403 656//403
f 666//403 663//403 662//403
f 666//403 662//403 661//403
f 640//403 664//403 632//403
f 633//403 656//403 659//403
f 633//403 659//403 638//403
f 646//403 641//403 638//403
f 646//403 638//403 659//403
f 632//403 664//403 656//403
f 632//403 656//403 633//403
f 733//536 738//536 739//536
f 733//536 739//536 734//536
f 728//537 737//537 736//537
f 728//537 736//537 729//537
f 726//538 739//538 738//538
f 726//538 738//538 727//538
f 727//403 738//403 720//403
f 727//403 720//403 722//403
f 720//403 738//403 733//403
f 720//403 733//403 732//403
f 732//539 735//539 731//539
f 732//539 731//539 730//539
f 1115//447 1116//447 1113//447
f 1115//447 1113//447 1114//447
f 1055//540 713//540 1052//540
f 1119//541 1120//541 1117//541
f 1119//541 1117//541 1118//541
f 734//542 735//542 732//542
f 734//542 732//542 733//542
f 730//404 731//404 728//404
f 730//404 728//404 729//404
f 720//403 732//403 730//403
f 720//403 730//403 729//403
f 742//408 718//408 719//408
f 718//408 742//408 737//408
f 718//408 737//408 728//408
f 736//403 741//403 720//403
f 736//403 720//403 729//403
f 741//403 740//403 720//403
f 720//403 740//403 717//403
f 720//403 717//403 716//403
f 737//543 742//543 741//543
f 737//543 741//543 736//543
f 718//408 739//408 726//408
f 718//408 726//408 725//408
f 734//408 739//408 718//408
f 734//408 718//408 735//408
f 731//408 735//408 718//408
f 731//408 718//408 728//408
f 717//544 740//544 719//544
f 717//544 719//544 714//544
f 741//545 742//545 719//545
f 741//545 719//545 740//545
f 712//515 1111//515 1112//515
f 712//515 1112//515 713//515
f 1052//403 1098//403 1103//403
f 1052//403 1103//403 1046//403
f 716//546 717//546 714//546
f 716//546 714//546 715//546
f 1047//443 1057//443 1056//443
f 1047//443 1056//443 1051//443
f 714//408 719//408 718//408
f 714//408 718//408 715//408
f 1052//547 713//547 1112//547
f 1052//515 1112//515 1095//515
f 1097//515 1096//515 1050//515
f 1104//548 1043//548 1046//548
f 1104//548 1046//548 1103//548
f 1050//515 1096//515 1111//515
f 1050//549 1111//549 712//549
f 1098//515 1052//515 1095//515
f 1104//408 1097//408 1050//408
f 1104//408 1050//408 1043//408
f 1055//403 721//403 720//403
f 1055//403 720//403 713//403
f 723//550 725//550 722//550
f 723//550 722//550 721//550
f 718//551 720//551 716//551
f 718//551 716//551 715//551
f 725//552 726//552 727//552
f 725//552 727//552 722//552
f 1050//540 712//540 724//540
f 1050//443 724//443 1047//443
f 721//553 1057//553 1047//553
f 721//553 1047//553 723//553
f 713//554 720//554 718//554
f 713//554 718//554 712//554
f 721//403 722//403 720//403
f 1057//403 721//403 1055//403
f 718//408 723//408 724//408
f 718//408 724//408 712//408
f 723//408 718//408 725//408
f 1047//408 724//408 723//408
f 1020//408 1015//408 807//408
f 1020//408 807//408 806//408
f 802//408 808//408 1020//408
f 809//408 810//408 1020//408
f 809//408 1020//408 808//408
f 1020//408 803//408 801//408
f 1020//408 801//408 802//408
f 1020//408 805//408 804//408
f 1020//408 804//408 803//408
f 806//408 805//408 1020//408
f 811//408 812//408 1020//408
f 811//408 1020//408 810//408
f 799//555 812//555 811//555
f 799//555 811//555 800//555
f 811//556 810//556 797//556
f 811//556 797//556 800//556
f 798//557 809//557 808//557
f 798//557 808//557 796//557
f 1015//558 1017//558 795//558
f 1015//558 795//558 807//558
f 806//559 807//559 795//559
f 806//559 795//559 794//559
f 790//560 801//560 803//560
f 790//560 803//560 791//560
f 788//559 787//559 778//559
f 788//559 778//559 779//559
f 782//561 784//561 774//561
f 782//561 774//561 773//561
f 774//562 784//562 781//562
f 774//562 781//562 780//562
f 778//563 787//563 786//563
f 778//563 786//563 777//563
f 786//564 785//564 776//564
f 786//564 776//564 777//564
f 1042//565 1041//565 788//565
f 1042//565 788//565 779//565
f 790//403 791//403 1019//403
f 790//403 1019//403 789//403
f 789//403 1019//403 796//403
f 1019//403 797//403 798//403
f 1019//403 798//403 796//403
f 1019//403 799//403 800//403
f 1019//403 800//403 797//403
f 792//403 793//403 1019//403
f 792//403 1019//403 791//403
f 794//403 1019//403 793//403
f 795//566 1017//566 1019//566
f 795//403 1019//403 794//403
f 820//567 822//567 821//567
f 820//567 821//567 817//567
f 822//408 1021//408 1020//408
f 822//408 1020//408 812//408
f 813//408 1021//408 822//408
f 813//408 822//408 815//408
f 819//568 820//568 817//568
f 819//568 817//568 818//568
f 819//569 818//569 816//569
f 819//569 816//569 815//569
f 821//570 822//570 812//570
f 821//570 812//570 799//570
f 822//408 820//408 819//408
f 822//408 819//408 815//408
f 754//571 762//571 766//571
f 754//571 766//571 756//571
f 756//564 766//564 765//564
f 756//564 765//564 757//564
f 765//572 764//572 758//572
f 765//572 758//572 757//572
f 1019//403 817//403 821//403
f 1019//403 821//403 799//403
f 818//403 817//403 1019//403
f 818//573 1019//573 816//573
f 1019//574 1022//574 814//574
f 1019//573 814//573 816//573
f 1127//575 1128//575 1125//575
f 1127//576 1125//576 1126//576
f 1129//577 1130//577 1126//577
f 1129//577 1126//577 1125//577
f 1131//578 1132//578 1128//578
f 1131//578 1128//578 1127//578
f 797//579 810//579 809//579
f 797//579 809//579 798//579
f 802//561 801//561 790//561
f 802//561 790//561 789//561
f 796//562 808//562 802//562
f 796//562 802//562 789//562
f 1135//580 1136//580 1133//580
f 1135//580 1133//580 1134//580
f 791//581 803//581 804//581
f 791//581 804//581 792//581
f 1022//582 1021//582 813//582
f 1022//582 813//582 814//582
f 815//583 816//583 814//583
f 815//583 814//583 813//583
f 1129//584 1133//584 1136//584
f 1129//584 1136//584 1130//584
f 793//563 805//563 806//563
f 793//563 806//563 794//563
f 804//564 805//564 793//564
f 804//564 793//564 792//564
f 760//585 762//585 754//585
f 760//585 754//585 753//585
f 759//586 763//586 761//586
f 759//586 761//586 755//586
f 759//587 1113//587 1116//587
f 759//587 1116//587 763//587
f 1028//403 1114//403 1113//403
f 1028//403 1113//403 759//403
f 751//403 1114//403 1028//403
f 751//403 1028//403 752//403
f 755//588 761//588 760//588
f 755//588 760//588 753//588
f 1027//589 1026//589 758//589
f 1027//589 758//589 764//589
f 1023//590 1027//590 764//590
f 1023//485 764//485 765//485
f 767//591 768//591 745//591
f 767//591 745//591 744//591
f 768//592 769//592 746//592
f 768//592 746//592 745//592
f 763//485 1116//485 1023//485
f 763//408 1023//408 761//408
f 1023//408 762//408 760//408
f 1023//408 760//408 761//408
f 1023//485 765//485 766//485
f 1023//408 766//408 762//408
f 749//530 1024//530 1023//530
f 749//408 1023//408 748//408
f 743//408 1023//408 750//408
f 1023//408 1116//408 1115//408
f 1023//593 1115//593 750//593
f 744//408 745//408 1023//408
f 744//408 1023//408 743//408
f 746//408 747//408 1023//408
f 746//408 1023//408 745//408
f 748//408 1023//408 747//408
f 750//594 751//594 752//594
f 750//594 752//594 743//594
f 758//403 1028//403 757//403
f 1026//403 1025//403 1028//403
f 1026//403 1028//403 758//403
f 755//403 1028//403 759//403
f 1115//595 1114//595 751//595
f 1115//595 751//595 750//595
f 1028//403 755//403 753//403
f 1028//403 753//403 754//403
f 756//403 757//403 1028//403
f 756//403 1028//403 754//403
f 1118//596 1117//596 780//596
f 1118//596 780//596 781//596
f 1038//403 784//403 782//403
f 1038//403 782//403 783//403
f 785//403 786//403 1038//403
f 785//403 1038//403 783//403
f 1117//408 1120//408 1040//408
f 1117//408 1040//408 780//408
f 1121//408 1122//408 1040//408
f 1121//408 1040//408 1120//408
f 1120//597 1119//597 1123//597
f 1120//597 1123//597 1121//597
f 787//403 1038//403 786//403
f 1038//403 1124//403 1123//403
f 1038//403 1123//403 1119//403
f 775//560 783//560 782//560
f 775//560 782//560 773//560
f 776//581 785//581 783//581
f 776//581 783//581 775//581
f 788//566 1041//566 1038//566
f 788//403 1038//403 787//403
f 784//403 1038//403 781//403
f 1038//403 1119//403 1118//403
f 1038//598 1118//598 781//598
f 1028//403 771//403 772//403
f 1028//403 772//403 770//403
f 771//599 1028//599 1024//599
f 771//599 1024//599 749//599
f 748//600 772//600 771//600
f 748//600 771//600 749//600
f 752//601 767//601 744//601
f 752//601 744//601 743//601
f 1028//403 768//403 767//403
f 1028//403 767//403 752//403
f 1028//403 770//403 769//403
f 1028//403 769//403 768//403
f 747//602 770//602 772//602
f 747//602 772//602 748//602
f 778//408 777//408 1040//408
f 1040//408 1042//408 779//408
f 1040//408 779//408 778//408
f 774//408 780//408 1040//408
f 746//603 769//603 770//603
f 746//603 770//603 747//603
f 1040//408 775//408 773//408
f 1040//408 773//408 774//408
f 1040//408 777//408 776//408
f 1040//408 776//408 775//408
f 871//408 879//408 878//408
f 871//408 878//408 872//408
f 879//408 871//408 838//408
f 879//408 838//408 837//408
f 872//408 878//408 880//408
f 872//408 880//408 876//408
f 850//403 877//403 873//403
f 850//403 873//403 875//403
f 855//604 878//604 879//604
f 855//605 879//605 853//605
f 853//606 879//606 837//606
f 853//606 837//606 833//606
f 884//607 887//607 888//607
f 884//607 888//607 885//607
f 852//408 891//408 889//408
f 852//408 889//408 890//408
f 876//608 892//608 893//608
f 876//608 893//608 875//608
f 856//609 880//609 878//609
f 856//609 878//609 855//609
f 881//610 882//610 880//610
f 881//610 880//610 856//610
f 885//611 886//611 883//611
f 885//612 883//612 884//612
f 849//403 866//403 826//403
f 865//403 870//403 826//403
f 865//403 826//403 866//403
f 873//613 874//613 871//613
f 873//613 871//613 872//613
f 869//614 1142//614 826//614
f 869//615 826//615 870//615
f 869//403 868//403 863//403
f 869//403 863//403 862//403
f 862//403 1141//403 1142//403
f 862//403 1142//403 869//403
f 836//604 877//604 824//604
f 836//604 824//604 823//604
f 874//403 873//403 877//403
f 874//403 877//403 836//403
f 835//403 874//403 836//403
f 835//403 836//403 834//403
f 838//616 871//616 874//616
f 838//616 874//616 835//616
f 872//617 876//617 875//617
f 872//617 875//617 873//617
f 877//609 850//609 847//609
f 877//609 847//609 824//609
f 883//408 898//408 897//408
f 883//408 897//408 884//408
f 884//408 897//408 899//408
f 884//408 899//408 887//408
f 863//618 900//618 901//618
f 863//618 901//618 860//618
f 852//408 890//408 881//408
f 852//408 881//408 856//408
f 882//408 892//408 876//408
f 882//408 876//408 880//408
f 898//408 883//408 892//408
f 898//408 892//408 882//408
f 864//408 901//408 887//408
f 864//408 887//408 899//408
f 868//403 867//403 900//403
f 868//403 900//403 863//403
f 888//403 900//403 867//403
f 888//403 867//403 896//403
f 887//619 901//619 900//619
f 887//619 900//619 888//619
f 899//620 891//620 852//620
f 899//620 852//620 864//620
f 901//408 864//408 859//408
f 901//408 859//408 860//408
f 896//620 867//620 866//620
f 896//620 866//620 849//620
f 851//621 894//621 846//621
f 851//621 846//621 845//621
f 875//403 893//403 851//403
f 875//403 851//403 850//403
f 886//622 893//622 892//622
f 886//622 892//622 883//622
f 894//623 895//623 848//623
f 894//623 848//623 846//623
f 895//624 896//624 849//624
f 895//625 849//625 848//625
f 889//623 897//623 898//623
f 889//623 898//623 890//623
f 891//624 899//624 897//624
f 891//624 897//624 889//624
f 890//621 898//621 882//621
f 890//621 882//621 881//621
f 893//403 886//403 894//403
f 893//403 894//403 851//403
f 895//403 894//403 886//403
f 895//403 886//403 885//403
f 896//403 895//403 885//403
f 896//403 885//403 888//403
f 868//626 869//626 870//626
f 868//626 870//626 865//626
f 834//606 836//606 823//606
f 834//606 823//606 828//606
f 829//627 1064//627 1054//627
f 829//628 1054//628 1053//628
f 831//629 1048//629 1054//629
f 831//630 1054//630 1064//630
f 832//408 830//408 833//408
f 1053//631 834//631 828//631
f 1053//632 828//632 829//632
f 834//403 1053//403 1045//403
f 834//403 1045//403 835//403
f 1044//408 1049//408 837//408
f 1044//408 837//408 838//408
f 835//633 1045//633 1044//633
f 835//633 1044//633 838//633
f 1137//634 1138//634 839//634
f 1137//635 839//635 840//635
f 1064//636 1060//636 1059//636
f 1064//637 1059//637 831//637
f 1048//638 831//638 832//638
f 1048//639 832//639 1049//639
f 833//631 837//631 1049//631
f 833//640 1049//640 832//640
f 1069//478 1067//478 823//478
f 1069//574 823//574 1070//574
f 1067//641 829//641 828//641
f 1067//642 828//642 823//642
f 1066//643 1063//643 829//643
f 1066//644 829//644 1067//644
f 824//645 825//645 1073//645
f 824//646 1073//646 823//646
f 824//403 826//403 827//403
f 824//403 827//403 825//403
f 1070//574 823//574 1073//574
f 1072//647 830//647 1068//647
f 1071//648 1074//648 830//648
f 1071//649 830//649 1072//649
f 831//650 1059//650 830//650
f 831//408 830//408 832//408
f 1061//651 1064//651 829//651
f 1061//652 829//652 1063//652
f 830//653 1059//653 1058//653
f 830//653 1058//653 1062//653
f 1065//654 1068//654 830//654
f 1065//655 830//655 1062//655
f 857//408 854//408 833//408
f 857//408 833//408 830//408
f 857//626 858//626 859//626
f 857//626 859//626 854//626
f 858//615 857//615 830//615
f 858//615 830//615 840//615
f 850//610 851//610 845//610
f 850//610 845//610 847//610
f 833//408 854//408 852//408
f 833//408 852//408 853//408
f 852//408 856//408 855//408
f 852//408 855//408 853//408
f 862//656 863//656 860//656
f 862//656 860//656 861//656
f 854//657 859//657 864//657
f 854//657 864//657 852//657
f 867//657 868//657 865//657
f 867//657 865//657 866//657
f 858//408 861//408 860//408
f 858//408 860//408 859//408
f 861//408 858//408 840//408
f 861//408 840//408 842//408
f 1141//658 862//658 861//658
f 1141//659 861//659 842//659
f 1074//660 844//660 843//660
f 1074//661 843//661 830//661
f 843//662 844//662 825//662
f 843//662 825//662 827//662
f 827//663 1140//663 1137//663
f 827//663 1137//663 843//663
f 841//408 842//408 840//408
f 841//408 840//408 839//408
f 1138//404 1139//404 841//404
f 1138//404 841//404 839//404
f 1137//429 840//429 830//429
f 1137//664 830//664 843//664
f 826//403 847//403 845//403
f 826//403 845//403 846//403
f 848//403 849//403 826//403
f 848//403 826//403 846//403
f 824//403 847//403 826//403
f 844//665 1074//665 1073//665
f 844//665 1073//665 825//665
f 842//666 841//666 1139//666
f 842//667 1139//667 1141//667
f 1140//668 827//668 826//668
f 1140//669 826//669 1142//669
f 1142//670 933//670 1140//670
f 949//403 1142//403 1141//403
f 949//403 1141//403 931//403
f 948//671 933//671 1142//671
f 948//672 1142//672 949//672
f 1138//673 934//673 946//673
f 1138//674 946//674 947//674
f 932//408 1139//408 1138//408
f 932//408 1138//408 947//408
f 937//675 950//675 945//675
f 937//676 945//676 938//676
f 933//677 944//677 943//677
f 933//677 943//677 934//677
f 933//403 948//403 944//403
f 1079//678 1078//678 925//678
f 1079//679 925//679 1081//679
f 950//680 937//680 1080//680
f 1080//681 1082//681 945//681
f 1080//681 945//681 950//681
f 1137//682 934//682 1138//682
f 937//683 938//683 935//683
f 937//683 935//683 936//683
f 936//403 939//403 937//403
f 1137//684 1140//684 933//684
f 1137//684 933//684 934//684
f 910//564 917//564 916//564
f 910//564 916//564 911//564
f 931//685 1141//685 1139//685
f 931//685 1139//685 932//685
f 940//686 939//686 936//686
f 940//686 936//686 935//686
f 938//408 945//408 935//408
f 940//408 935//408 941//408
f 945//408 943//408 941//408
f 945//408 941//408 935//408
f 940//687 941//687 942//687
f 940//687 942//687 939//687
f 943//688 944//688 942//688
f 943//688 942//688 941//688
f 927//689 1080//689 937//689
f 927//403 937//403 939//403
f 957//690 1008//690 1011//690
f 957//691 1011//691 956//691
f 957//692 956//692 955//692
f 956//408 1011//408 1014//408
f 956//408 1014//408 951//408
f 955//693 956//693 947//693
f 955//693 947//693 946//693
f 947//408 956//408 951//408
f 947//408 951//408 932//408
f 928//694 1008//694 957//694
f 928//408 957//408 943//408
f 1145//695 1144//695 927//695
f 1145//696 927//696 944//696
f 948//697 954//697 1145//697
f 948//698 1145//698 944//698
f 927//699 1144//699 1008//699
f 927//699 1008//699 928//699
f 957//408 955//408 946//408
f 957//408 946//408 943//408
f 934//408 943//408 946//408
f 952//403 1031//403 1032//403
f 952//403 1032//403 953//403
f 921//408 929//408 928//408
f 921//408 928//408 943//408
f 943//700 1077//700 1076//700
f 943//701 1076//701 1081//701
f 943//702 1081//702 922//702
f 943//408 922//408 921//408
f 939//403 942//403 944//403
f 939//403 944//403 927//403
f 1075//433 1080//433 927//433
f 1075//703 927//703 1078//703
f 945//704 1082//704 1077//704
f 945//705 1077//705 943//705
f 953//706 1032//706 1145//706
f 953//706 1145//706 954//706
f 931//403 952//403 953//403
f 931//403 953//403 949//403
f 953//693 954//693 948//693
f 953//693 948//693 949//693
f 951//707 952//707 931//707
f 951//707 931//707 932//707
f 951//708 1014//708 1031//708
f 951//708 1031//708 952//708
f 910//403 911//403 904//403
f 910//403 904//403 909//403
f 912//403 904//403 911//403
f 904//709 1094//709 908//709
f 904//403 908//403 909//403
f 1127//710 1126//710 904//710
f 1127//711 904//711 1131//711
f 1134//712 1090//712 1089//712
f 1134//713 1089//713 1135//713
f 904//403 912//403 907//403
f 904//403 907//403 905//403
f 1129//714 1125//714 903//714
f 1129//715 903//715 1133//715
f 1128//716 903//716 1125//716
f 1134//715 1133//715 903//715
f 1134//498 903//498 1090//498
f 1094//646 904//646 1091//646
f 1088//433 1091//433 904//433
f 1088//433 904//433 1086//433
f 904//717 1126//717 1130//717
f 904//718 1130//718 1136//718
f 905//719 907//719 906//719
f 905//719 906//719 903//719
f 904//720 1029//720 1012//720
f 904//720 1012//720 902//720
f 903//721 1009//721 1143//721
f 903//721 1143//721 905//721
f 902//722 1012//722 1009//722
f 902//723 1009//723 903//723
f 905//724 1143//724 1029//724
f 905//725 1029//725 904//725
f 902//726 1132//726 1131//726
f 902//726 1131//726 904//726
f 904//703 1089//703 1083//703
f 904//703 1083//703 1086//703
f 904//727 1136//727 1135//727
f 904//728 1135//728 1089//728
f 1032//402 1029//402 1143//402
f 1032//402 1143//402 1145//402
f 1009//402 1008//402 1144//402
f 1009//402 1144//402 1143//402
f 1032//402 1018//402 1016//402
f 1032//402 1016//402 1029//402
f 903//729 1128//729 1132//729
f 903//730 1132//730 902//730
f 922//731 924//731 926//731
f 922//731 926//731 923//731
f 929//732 930//732 927//732
f 929//732 927//732 928//732
f 924//733 1081//733 925//733
f 924//734 925//734 926//734
f 924//735 922//735 1081//735
f 918//408 921//408 922//408
f 930//736 929//736 921//736
f 930//736 921//736 920//736
f 920//403 919//403 930//403
f 909//737 914//737 917//737
f 909//737 917//737 910//737
f 926//403 930//403 919//403
f 926//403 919//403 923//403
f 926//738 1078//738 927//738
f 926//403 927//403 930//403
f 925//739 1078//739 926//739
f 918//740 922//740 923//740
f 918//740 923//740 919//740
f 1094//741 1093//741 913//741
f 1094//742 913//742 908//742
f 913//743 914//743 909//743
f 913//743 909//743 908//743
f 903//744 1093//744 1092//744
f 903//744 1092//744 1087//744
f 1090//701 903//701 1084//701
f 903//700 1087//700 1085//700
f 903//701 1085//701 1084//701
f 912//745 915//745 906//745
f 912//745 906//745 907//745
f 915//408 916//408 903//408
f 915//408 903//408 906//408
f 920//746 921//746 918//746
f 920//746 918//746 919//746
f 903//408 916//408 917//408
f 903//408 917//408 914//408
f 916//747 915//747 912//747
f 916//747 912//747 911//747
f 913//748 1093//748 903//748
f 913//408 903//408 914//408
f 998//749 999//749 996//749
f 998//749 996//749 997//749
f 995//403 984//403 970//403
f 995//403 970//403 969//403
f 995//403 991//403 985//403
f 995//403 985//403 984//403
f 993//750 996//750 999//750
f 993//750 999//750 992//750
f 997//403 996//403 995//403
f 995//403 996//403 993//403
f 995//403 993//403 991//403
f 997//751 1112//751 1111//751
f 997//751 1111//751 998//751
f 971//408 987//408 994//408
f 971//408 994//408 968//408
f 970//752 984//752 987//752
f 970//752 987//752 971//752
f 986//753 987//753 984//753
f 986//753 984//753 985//753
f 1039//402 1108//402 1010//402
f 1039//402 1010//402 1037//402
f 968//754 989//754 988//754
f 968//754 988//754 969//754
f 986//408 990//408 994//408
f 986//408 994//408 987//408
f 991//755 993//755 992//755
f 991//755 992//755 990//755
f 985//756 991//756 990//756
f 985//756 990//756 986//756
f 988//403 1002//403 995//403
f 988//403 995//403 969//403
f 994//408 1005//408 1003//408
f 994//408 1003//408 1001//408
f 994//408 1001//408 989//408
f 994//408 989//408 968//408
f 1006//403 1007//403 995//403
f 1006//403 995//403 1004//403
f 995//757 1007//757 994//757
f 995//757 994//757 1000//757
f 1000//758 1096//758 1095//758
f 1000//758 1095//758 995//758
f 1002//403 1004//403 995//403
f 1007//759 1006//759 1005//759
f 1007//759 1005//759 994//759
f 998//408 1000//408 994//408
f 998//408 994//408 999//408
f 992//408 999//408 994//408
f 992//408 994//408 990//408
f 1095//566 1112//566 997//566
f 1095//566 997//566 995//566
f 998//437 1111//437 1096//437
f 998//437 1096//437 1000//437
f 1005//760 1006//760 1004//760
f 1005//760 1004//760 1003//760
f 1003//761 1004//761 1002//761
f 1003//761 1002//761 1001//761
f 1001//762 1002//762 988//762
f 1001//762 988//762 989//762
f 1036//402 1035//402 1108//402
f 1036//402 1108//402 1039//402
f 1101//763 1100//763 967//763
f 1101//763 967//763 958//763
f 966//764 1102//764 964//764
f 966//765 964//765 959//765
f 958//766 967//766 966//766
f 958//766 966//766 959//766
f 1099//408 1102//408 1100//408
f 974//767 975//767 972//767
f 974//767 972//767 973//767
f 970//404 971//404 968//404
f 970//404 968//404 969//404
f 967//768 1100//768 1102//768
f 967//768 1102//768 966//768
f 960//769 1107//769 965//769
f 960//770 965//770 963//770
f 960//403 963//403 962//403
f 960//403 962//403 961//403
f 960//403 961//403 1105//403
f 960//403 1105//403 959//403
f 1101//403 958//403 959//403
f 1101//403 959//403 1105//403
f 964//403 960//403 959//403
f 964//771 1102//771 1107//771
f 964//772 1107//772 960//772
f 965//465 1107//465 1106//465
f 965//773 1106//773 962//773
f 965//774 962//774 963//774
f 1121//775 1123//775 1124//775
f 1121//775 1124//775 1122//775
f 975//776 980//776 982//776
f 975//776 982//776 972//776
f 1122//777 1124//777 982//777
f 1122//777 982//777 980//777
f 1110//416 1109//416 1105//416
f 1110//778 1105//778 961//778
f 983//779 981//779 979//779
f 983//779 979//779 978//779
f 1038//413 1040//413 981//413
f 1038//412 981//412 983//412
f 962//780 1106//780 1110//780
f 962//781 1110//781 961//781
f 1038//782 983//782 978//782
f 1038//573 978//573 976//573
f 1040//408 1122//408 980//408
f 1040//408 980//408 981//408
f 978//783 979//783 977//783
f 978//783 977//783 976//783
f 976//784 977//784 974//784
f 976//784 974//784 973//784
f 979//408 981//408 980//408
f 979//408 980//408 977//408
f 1038//573 976//573 973//573
f 1038//403 973//403 972//403
f 982//573 1124//573 1038//573
f 982//403 1038//403 972//403
f 974//408 977//408 980//408
f 974//408 980//408 975//408
o Turret_01_havok_s_armor_3_0
v -0.783125 2.109068 -0.118090
v -0.641599 1.861246 1.591906
v -1.040018 1.735615 -0.204712
v -0.774146 2.144039 -0.197781
v -0.728817 2.241987 -0.303462
v -0.747660 2.204965 -0.273474
v -0.747660 2.122621 0.037295
v -0.704994 2.170468 0.105199
v -0.648288 2.242944 0.161905
v -0.637597 2.258195 0.168622
v -0.608353 2.258195 0.336907
v -0.774147 2.101807 -0.038399
v 1.040004 1.735615 -0.204712
v 0.641586 1.861246 1.591906
v 0.713980 2.258195 -0.262199
v 0.608342 2.258195 0.336907
v 0.436924 2.181434 1.591907
v -0.436936 2.181434 1.591907
vn -0.8319 -0.5352 -0.1471
vn 0.8654 -0.4807 -0.1413
vn 0.8348 -0.5307 -0.1462
vn 0.8335 -0.5328 -0.1464
vn -0.8335 -0.5328 -0.1464
vn -0.8327 -0.5339 -0.1468
vn 0.8306 -0.5383 -0.1426
vn 0.8305 -0.5373 -0.1466
vn 0.8359 -0.5293 -0.1453
vn 0.8390 -0.5247 -0.1440
vn 0.8325 -0.5343 -0.1466
vn 0.8315 -0.5357 -0.1469
s 0
f 1158//785 1159//785 1160//785
f 1147//786 1146//786 1157//786
f 1147//787 1157//787 1152//787
f 1156//788 1163//788 1147//788
f 1159//789 1162//789 1161//789
f 1159//790 1161//790 1160//790
f 1151//791 1149//791 1148//791
f 1151//791 1148//791 1150//791
f 1146//792 1147//792 1148//792
f 1146//791 1148//791 1149//791
f 1155//793 1156//793 1147//793
f 1155//794 1147//794 1154//794
f 1147//795 1152//795 1153//795
f 1147//796 1153//796 1154//796
o Turret_01_havok_s_armor_6_1
v -0.299160 1.795367 0.649790
v -0.417360 1.790924 0.586244
v -0.641599 1.861246 1.591906
v 0.641586 1.861246 1.591906
v -0.182096 1.798354 0.692510
v -0.293540 1.795494 0.651607
v -0.067475 1.799945 0.715252
v 0.062499 1.800000 0.716046
v -0.062512 1.800000 0.716046
v 0.067462 1.799945 0.715252
v 0.182083 1.798354 0.692510
v 0.411598 1.791142 0.589371
v 0.187788 1.798225 0.690659
v -0.979406 1.746861 -0.043888
v -1.007591 1.742496 -0.106304
v -1.040018 1.735615 -0.204712
v -0.977911 1.747116 -0.040237
v -0.942332 1.752252 0.033213
v -0.895125 1.757561 0.109130
v -0.891778 1.757979 0.115115
v -0.840355 1.762923 0.185822
v -0.781553 1.768390 0.263991
v -0.773788 1.768948 0.271971
v -0.699827 1.774626 0.353183
v -0.609884 1.780913 0.443091
v -0.614741 1.780662 0.439493
v -0.509887 1.786619 0.524681
v 1.013929 1.741302 -0.119940
v 0.979393 1.746861 -0.043888
v 1.040004 1.735615 -0.204712
v 0.977900 1.747116 -0.040237
v 0.942320 1.752252 0.033213
v 0.895111 1.757560 0.109131
v 0.891765 1.757979 0.115115
v 0.840342 1.762923 0.185822
v 0.781541 1.768389 0.263991
v 0.773775 1.768947 0.271971
v 0.699815 1.774626 0.353183
v 0.609871 1.780913 0.443091
v 0.509875 1.786619 0.524681
v 0.614728 1.780662 0.439494
v 0.417348 1.790923 0.586244
vn -0.0000 0.9976 -0.0698
vn 0.0128 0.9977 -0.0671
vn -0.0330 0.9965 -0.0770
vn 0.0001 0.9976 -0.0698
s 0
f 1167//797 1192//797 1194//797
f 1167//797 1194//797 1195//797
f 1195//797 1196//797 1167//797
f 1191//798 1192//798 1167//798
f 1191//799 1167//799 1193//799
f 1189//797 1187//797 1166//797
f 1189//797 1166//797 1188//797
f 1166//797 1165//797 1190//797
f 1166//797 1190//797 1188//797
f 1167//797 1196//797 1197//797
f 1167//797 1197//797 1198//797
f 1167//797 1201//797 1204//797
f 1167//797 1204//797 1202//797
f 1205//797 1175//797 1167//797
f 1205//797 1167//797 1203//797
f 1202//797 1203//797 1167//797
f 1198//797 1199//797 1167//797
f 1200//797 1201//797 1167//797
f 1200//797 1167//797 1199//797
f 1166//797 1187//797 1186//797
f 1166//797 1186//797 1185//797
f 1172//797 1170//797 1167//797
f 1172//797 1167//797 1171//797
f 1173//797 1171//797 1167//797
f 1173//797 1167//797 1174//797
f 1168//797 1167//797 1170//797
f 1166//797 1167//797 1164//797
f 1166//797 1164//797 1165//797
f 1169//797 1164//797 1167//797
f 1169//797 1167//797 1168//797
f 1176//797 1174//797 1167//797
f 1176//797 1167//797 1175//797
f 1183//797 1182//797 1166//797
f 1183//797 1166//797 1184//797
f 1184//797 1166//797 1185//797
f 1181//797 1166//797 1182//797
f 1166//797 1177//797 1178//797
f 1166//797 1178//797 1179//797
f 1180//800 1177//800 1166//800
f 1180//797 1166//797 1181//797
o Turret_01_havok_s_armor_2_2
v -0.528172 2.114142 -1.009336
v -0.517273 2.005210 -1.106450
v -0.402554 2.050211 -1.377370
v -0.529490 2.126168 -0.998314
v 0.402541 2.050202 -1.377376
v 0.516457 2.007137 -1.105524
v 0.528174 2.114087 -1.009368
v 0.529609 2.126116 -0.998246
v 0.504939 1.849068 -1.232457
v 0.400479 1.929327 -1.454745
v 0.501953 1.790447 -1.276147
v -0.506787 1.841005 -1.237338
v -0.401845 1.930255 -1.454152
v -0.504809 1.804933 -1.265243
v -0.503602 1.789416 -1.278174
vn -0.9115 -0.2150 0.3507
vn -0.9119 -0.2102 0.3526
vn 0.9106 -0.2190 0.3506
vn 0.9109 -0.2201 0.3491
vn 0.9104 -0.2207 0.3498
vn 0.9108 -0.2201 0.3491
vn -0.9126 -0.2134 0.3486
s 0
f 1215//801 1216//801 1214//801
f 1215//802 1214//802 1210//802
f 1217//803 1218//803 1208//803
f 1217//804 1208//804 1207//804
f 1219//805 1220//805 1218//805
f 1219//805 1218//805 1217//805
f 1206//804 1207//804 1208//804
f 1206//806 1208//806 1209//806
f 1210//807 1211//807 1212//807
f 1210//807 1212//807 1213//807
f 1211//807 1210//807 1214//807
o Turret_01_havok_s_armor_4_3
v 0.436923 2.181434 1.591907
v 0.641586 1.861246 1.591906
v -0.641599 1.861246 1.591906
v -0.436936 2.181434 1.591907
vn -0.0000 -0.0000 -1.0000
s 0
f 1223//808 1224//808 1221//808
f 1223//808 1221//808 1222//808
o Turret_01_havok_s_armor_1_4
v -0.207249 1.811657 -1.530064
v 0.207234 1.811658 -1.530065
v 0.151000 1.874642 -1.489748
v -0.151000 1.874642 -1.489749
v 0.234983 1.815813 -1.527402
v -0.402554 2.050211 -1.377370
v -0.401845 1.930255 -1.454152
v -0.151000 2.129966 -1.326320
v -0.233736 1.814948 -1.527957
v -0.211994 2.193339 -1.285756
v 0.151000 2.129967 -1.326319
v 0.211979 2.193342 -1.285754
v 0.400479 1.929327 -1.454745
v 0.402541 2.050202 -1.377376
vn -0.0000 -0.5391 0.8422
vn -0.0001 -0.5392 0.8422
s 0
f 1235//809 1236//809 1234//809
f 1235//809 1234//809 1232//809
f 1234//809 1230//809 1232//809
f 1229//809 1236//809 1235//809
f 1229//809 1235//809 1227//809
f 1237//809 1238//809 1236//809
f 1237//809 1236//809 1229//809
f 1229//810 1227//810 1226//810
f 1227//809 1228//809 1225//809
f 1227//809 1225//809 1226//809
f 1233//809 1225//809 1228//809
f 1233//809 1228//809 1231//809
f 1228//809 1232//809 1230//809
f 1228//809 1230//809 1231//809
o Turret_01_havok_s_armor_5_5
v 0.585487 2.258195 -0.451475
v 0.452949 2.258195 -0.545951
v 0.409008 2.258195 -0.649214
v 0.343455 2.258195 -0.791294
v 0.344600 2.258195 -0.793857
v 0.365067 2.258195 -0.826081
v 0.503903 2.258195 -0.617356
v 0.451088 2.258195 -0.650313
v 0.480000 2.258195 -0.664228
v 0.636441 2.258195 -0.523247
v 0.502758 2.258195 -0.686931
v 0.425039 2.258195 -0.647017
v 0.520936 2.258195 -0.747718
v 0.516928 2.258195 -0.715860
v 0.519218 2.258195 -0.757971
v 0.513779 2.258195 -0.776280
v 0.505334 2.258195 -0.793857
v 0.485010 2.258195 -0.826081
v 0.608342 2.258195 0.336907
v -0.108465 2.258195 0.034346
v 0.713979 2.258195 -0.262198
v -0.082480 2.258195 -0.039911
v -0.073671 2.258195 -0.118089
v -0.205950 2.258195 0.156590
v -0.150321 2.258195 0.100960
v -0.272564 2.258195 0.198447
v -0.346821 2.258195 0.224431
v -0.424999 2.258195 0.233239
v -0.608353 2.258195 0.336907
v -0.577436 2.258195 0.198446
v -0.503177 2.258195 0.224431
v 0.716556 2.258195 -0.498383
v 0.724303 2.258195 -0.419718
v 0.724303 2.258195 -0.356470
v -0.082480 2.258195 -0.196267
v -0.108465 2.258195 -0.270525
v -0.150321 2.258195 -0.337139
v -0.699679 2.258195 0.100960
v -0.704994 2.258195 0.105199
v -0.747661 2.258195 0.037295
v -0.741536 2.258195 0.034346
v -0.774146 2.258195 -0.038400
v -0.767520 2.258195 -0.039911
v -0.644050 2.258195 0.156590
v -0.648288 2.258195 0.161904
v -0.747661 2.258195 -0.273474
v -0.741536 2.258195 -0.270525
v -0.767520 2.258195 -0.196267
v -0.774146 2.258195 -0.197780
v -0.776328 2.258195 -0.118089
v -0.783126 2.258195 -0.118089
v -0.637597 2.258195 0.168622
v -0.716568 2.258195 -0.498383
v -0.577436 2.258195 -0.434625
v -0.644050 2.258195 -0.392768
v -0.724316 2.258195 -0.419718
v -0.724316 2.258195 -0.356470
v -0.699679 2.258195 -0.337139
v -0.720330 2.258195 -0.316970
v -0.205950 2.258195 -0.392769
v -0.272564 2.258195 -0.434625
v -0.328281 2.258195 -1.034514
v -0.238802 2.258195 -1.072638
v -0.145024 2.258195 -1.098442
v -0.048638 2.258195 -1.111461
v 0.048626 2.258195 -1.111461
v 0.145012 2.258195 -1.098442
v 0.238789 2.258195 -1.072638
v 0.328269 2.258195 -1.034515
v -0.411854 2.258195 -0.984757
v -0.346823 2.258195 -0.460609
v -0.488013 2.258195 -0.924261
v -0.555389 2.258195 -0.854113
v -0.424999 2.258195 -0.469417
v -0.643090 2.258195 -0.722861
v -0.602821 2.258195 -0.790882
v -0.503177 2.258195 -0.460609
v -0.675713 2.258195 -0.650861
v -0.700303 2.258195 -0.575737
v 0.700290 2.258195 -0.575737
v 0.675700 2.258195 -0.650861
v 0.643076 2.258195 -0.722861
v 0.602809 2.258195 -0.790882
v 0.555376 2.258195 -0.854115
v 0.487999 2.258195 -0.924261
v 0.411840 2.258195 -0.984757
vn -0.0000 -1.0000 -0.0000
s 0
f 1248//811 1240//811 1245//811
f 1248//811 1245//811 1270//811
f 1318//811 1270//811 1247//811
f 1270//811 1245//811 1246//811
f 1270//811 1246//811 1247//811
f 1248//811 1270//811 1239//811
f 1248//811 1239//811 1240//811
f 1241//811 1250//811 1240//811
f 1250//811 1246//811 1245//811
f 1250//811 1245//811 1240//811
f 1249//811 1319//811 1318//811
f 1249//811 1318//811 1247//811
f 1309//811 1312//811 1311//811
f 1309//811 1311//811 1310//811
f 1309//811 1300//811 1299//811
f 1309//811 1310//811 1308//811
f 1309//811 1308//811 1300//811
f 1312//811 1315//811 1313//811
f 1312//811 1313//811 1314//811
f 1317//811 1315//811 1292//811
f 1317//811 1292//811 1291//811
f 1315//811 1317//811 1316//811
f 1315//811 1316//811 1313//811
f 1314//811 1311//811 1312//811
f 1323//811 1322//811 1256//811
f 1321//811 1253//811 1254//811
f 1321//811 1254//811 1255//811
f 1322//811 1321//811 1255//811
f 1322//811 1255//811 1256//811
f 1242//811 1256//811 1255//811
f 1242//811 1255//811 1254//811
f 1307//811 1324//811 1244//811
f 1244//811 1324//811 1323//811
f 1244//811 1323//811 1256//811
f 1256//811 1242//811 1243//811
f 1256//811 1243//811 1244//811
f 1242//811 1251//811 1252//811
f 1242//811 1252//811 1249//811
f 1242//811 1246//811 1250//811
f 1242//811 1250//811 1241//811
f 1242//811 1249//811 1247//811
f 1242//811 1247//811 1246//811
f 1242//811 1254//811 1253//811
f 1242//811 1253//811 1251//811
f 1320//811 1252//811 1251//811
f 1320//811 1251//811 1253//811
f 1321//811 1320//811 1253//811
f 1252//811 1320//811 1319//811
f 1252//811 1319//811 1249//811
f 1275//811 1298//811 1242//811
f 1275//811 1242//811 1241//811
f 1261//811 1273//811 1241//811
f 1261//811 1241//811 1240//811
f 1239//811 1261//811 1240//811
f 1261//811 1271//811 1272//811
f 1261//811 1272//811 1259//811
f 1241//811 1273//811 1274//811
f 1241//811 1274//811 1275//811
f 1282//811 1283//811 1277//811
f 1282//811 1277//811 1276//811
f 1280//811 1281//811 1279//811
f 1280//811 1279//811 1278//811
f 1278//811 1279//811 1276//811
f 1278//811 1276//811 1277//811
f 1263//811 1258//811 1257//811
f 1263//811 1257//811 1262//811
f 1259//811 1258//811 1260//811
f 1259//811 1260//811 1261//811
f 1257//811 1258//811 1259//811
f 1264//811 1262//811 1257//811
f 1264//811 1257//811 1265//811
f 1270//811 1271//811 1261//811
f 1270//811 1261//811 1239//811
f 1269//811 1266//811 1267//811
f 1269//811 1267//811 1268//811
f 1257//811 1267//811 1266//811
f 1257//811 1266//811 1265//811
f 1301//811 1302//811 1242//811
f 1301//811 1242//811 1300//811
f 1299//811 1300//811 1242//811
f 1299//811 1242//811 1298//811
f 1297//811 1295//811 1296//811
f 1303//811 1304//811 1242//811
f 1303//811 1242//811 1302//811
f 1243//811 1242//811 1307//811
f 1243//811 1307//811 1244//811
f 1306//811 1307//811 1242//811
f 1306//811 1242//811 1305//811
f 1304//811 1305//811 1242//811
f 1289//811 1288//811 1281//811
f 1289//811 1281//811 1280//811
f 1288//811 1289//811 1287//811
f 1288//811 1287//811 1286//811
f 1286//811 1287//811 1284//811
f 1286//811 1284//811 1285//811
f 1268//811 1267//811 1290//811
f 1268//811 1290//811 1282//811
f 1297//811 1296//811 1285//811
f 1297//811 1285//811 1284//811
f 1293//811 1296//811 1295//811
f 1293//811 1295//811 1294//811
f 1293//811 1294//811 1291//811
f 1293//811 1291//811 1292//811
o Turret_01_havok_s_armor_8_6
v 0.588104 1.700016 0.513770
v 0.741011 1.700016 0.397381
v -1.042044 1.700016 -0.667308
v 0.426777 1.700016 0.599665
v 0.858806 1.700016 0.265866
v 0.062500 1.700016 0.683114
v 0.251728 1.700016 0.653801
v -0.251742 1.700016 0.653801
v -0.062512 1.700016 0.683114
v -0.588118 1.700016 0.513770
v -0.434282 1.700016 0.595582
v -0.741025 1.700016 0.397381
v -0.858820 1.700016 0.265866
v -0.998695 1.700016 0.021563
v -0.940522 1.700016 0.145573
v -1.042525 1.700016 -0.108154
v -1.062449 1.700016 -0.200756
v -1.062387 1.700016 -0.575595
v -1.074676 1.700016 -0.293729
v -1.074675 1.700016 -0.482460
v 0.935490 1.700016 0.153358
v 0.998683 1.700016 0.021563
v 1.047011 1.700016 -0.119537
v 1.062437 1.700016 -0.200756
v -1.013804 1.700016 -0.756904
v -0.643624 1.700016 -1.253916
v -0.740426 1.700016 -1.172687
v -0.826414 1.700016 -1.081531
v -0.883609 1.700016 -1.007008
v -0.934107 1.700016 -0.927792
v -0.977527 1.700016 -0.844487
v -0.539777 1.700016 -1.322159
v -0.427822 1.700016 -1.378459
v -0.309074 1.700016 -1.421678
v -0.187132 1.700016 -1.450541
v -0.062663 1.700016 -1.465070
v 0.062649 1.700016 -1.465071
v 0.187117 1.700016 -1.450542
v 0.310078 1.700016 -1.421399
v 1.074663 1.700016 -0.293729
v 0.427807 1.700016 -1.378459
v 0.538855 1.700016 -1.322698
v 0.740412 1.700016 -1.172687
v 0.643609 1.700016 -1.253916
v 1.074663 1.700016 -0.482460
v 0.826400 1.700016 -1.081531
v 1.062374 1.700016 -0.575595
v 1.042032 1.700016 -0.667308
v 1.013791 1.700016 -0.756904
v 0.977867 1.700016 -0.843706
v 0.934532 1.700016 -0.927054
v 0.883596 1.700016 -1.007007
v -0.151000 2.046858 -1.196480
v -0.151000 1.791534 -1.359909
v 0.151000 1.791534 -1.359908
v 0.151000 2.046858 -1.196480
vn -0.0000 1.0000 -0.0000
vn -0.0000 -0.5391 0.8422
s 0
f 1348//812 1361//812 1360//812
f 1348//812 1360//812 1359//812
f 1348//812 1363//812 1362//812
f 1348//812 1362//812 1361//812
f 1364//812 1365//812 1363//812
f 1364//812 1363//812 1348//812
f 1348//812 1359//812 1358//812
f 1348//812 1358//812 1357//812
f 1353//812 1354//812 1348//812
f 1353//812 1348//812 1352//812
f 1348//812 1354//812 1355//812
f 1348//812 1355//812 1349//812
f 1348//812 1357//812 1356//812
f 1348//812 1356//812 1350//812
f 1373//812 1374//812 1370//812
f 1373//812 1370//812 1372//812
f 1375//812 1376//812 1370//812
f 1375//812 1370//812 1374//812
f 1379//813 1380//813 1377//813
f 1379//813 1377//813 1378//813
f 1371//812 1372//812 1370//812
f 1371//812 1370//812 1369//812
f 1366//812 1365//812 1364//812
f 1364//812 1367//812 1368//812
f 1364//812 1368//812 1366//812
f 1364//812 1369//812 1370//812
f 1364//812 1370//812 1367//812
f 1327//812 1334//812 1335//812
f 1327//812 1335//812 1332//812
f 1327//812 1337//812 1336//812
f 1327//812 1336//812 1334//812
f 1327//812 1338//812 1339//812
f 1327//812 1339//812 1337//812
f 1327//812 1332//812 1333//812
f 1327//812 1333//812 1330//812
f 1327//812 1328//812 1325//812
f 1327//812 1325//812 1326//812
f 1329//812 1327//812 1326//812
f 1327//812 1330//812 1331//812
f 1327//812 1331//812 1328//812
f 1347//812 1348//812 1327//812
f 1347//812 1327//812 1346//812
f 1349//812 1327//812 1348//812
f 1351//812 1352//812 1348//812
f 1351//812 1348//812 1350//812
f 1345//812 1346//812 1327//812
f 1345//812 1327//812 1329//812
f 1327//812 1341//812 1340//812
f 1327//812 1340//812 1338//812
f 1327//812 1342//812 1343//812
f 1327//812 1343//812 1341//812
f 1343//812 1342//812 1344//812
o Turret_01_havok_s_armor_7_7
v -0.741025 1.700016 0.397381
v -0.699828 1.774626 0.353183
v -0.614741 1.780662 0.439494
v -0.588118 1.700016 0.513770
v -0.858820 1.700016 0.265866
v -0.781553 1.768390 0.263991
v -0.773787 1.768948 0.271971
v -1.040018 1.735615 -0.204712
v -1.007591 1.742496 -0.106304
v -1.013942 1.741302 -0.119939
v 0.251729 1.700016 0.653801
v 0.062500 1.700016 0.683114
v 0.067462 1.799945 0.715252
v 0.182083 1.798354 0.692510
v 0.187788 1.798225 0.690659
v 0.062499 1.800000 0.716047
v -0.062511 1.700016 0.683114
v -0.062512 1.800000 0.716047
v -0.067475 1.799945 0.715252
v 0.411598 1.791142 0.589371
v 0.426777 1.700016 0.599665
v -0.251742 1.700016 0.653801
v -0.182096 1.798354 0.692510
v -0.299160 1.795367 0.649790
v -0.293540 1.795494 0.651607
v -0.434282 1.700016 0.595582
v -0.417360 1.790924 0.586244
v -0.509887 1.786619 0.524681
v -0.609884 1.780913 0.443091
v 0.741011 1.700016 0.397381
v 0.588104 1.700016 0.513770
v 0.614728 1.780662 0.439494
v 0.699814 1.774626 0.353183
v 0.773775 1.768947 0.271971
v 0.417348 1.790924 0.586244
v 0.509875 1.786619 0.524681
v 0.609871 1.780913 0.443091
vn 0.4623 -0.1753 -0.8692
vn 0.5249 -0.3781 -0.7625
vn 0.5422 -0.4653 -0.6996
vn 0.5826 -0.4402 -0.6832
vn 0.3020 0.1104 -0.9469
vn 0.4712 -0.1765 -0.8642
vn 0.1855 0.2434 -0.9520
vn 0.1456 0.3095 -0.9397
vn 0.3389 0.1269 -0.9322
vn 0.3034 0.1110 -0.9464
vn -0.4755 -0.1766 -0.8618
vn -0.5423 -0.4653 -0.6996
vn -0.5826 -0.4402 -0.6832
vn -0.4626 -0.1763 -0.8689
vn -0.5249 -0.3781 -0.7625
vn -0.5345 -0.4703 -0.7022
vn -0.5757 -0.6280 -0.5236
vn -0.5976 -0.6264 -0.5004
vn 0.1285 -0.9913 0.0270
vn -0.1855 0.2434 -0.9520
vn -0.1456 0.3094 -0.9397
vn 0.5976 -0.6264 -0.5004
vn 0.5757 -0.6280 -0.5236
vn 0.5345 -0.4703 -0.7022
vn 0.5653 -0.6527 -0.5045
vn 0.5648 -0.6519 -0.5059
vn 0.1469 0.3094 -0.9395
vn -0.2915 0.1639 -0.9424
vn -0.4108 -0.1696 -0.8958
vn -0.1469 0.3094 -0.9395
vn -0.3016 0.1566 -0.9405
vn -0.0000 0.3128 -0.9498
s 0
f 1407//814 1406//814 1384//814
f 1407//815 1384//815 1408//815
f 1384//816 1383//816 1409//816
f 1384//817 1409//817 1408//817
f 1404//818 1402//818 1406//818
f 1404//819 1406//819 1407//819
f 1402//820 1403//820 1399//820
f 1402//821 1399//821 1397//821
f 1405//822 1403//822 1402//822
f 1405//823 1402//823 1404//823
f 1400//824 1415//824 1401//824
f 1417//825 1412//825 1411//825
f 1417//826 1411//826 1416//826
f 1411//827 1401//827 1415//827
f 1411//828 1415//828 1416//828
f 1410//829 1411//829 1412//829
f 1410//830 1412//830 1413//830
f 1413//831 1414//831 1410//831
f 1388//832 1389//832 1390//832
f 1393//833 1394//833 1391//833
f 1393//834 1391//834 1392//834
f 1387//835 1382//835 1381//835
f 1381//836 1382//836 1383//836
f 1381//837 1383//837 1384//837
f 1385//838 1386//838 1387//838
f 1385//839 1387//839 1381//839
f 1398//840 1397//840 1399//840
f 1401//841 1391//841 1395//841
f 1401//842 1395//842 1400//842
f 1396//843 1393//843 1392//843
f 1394//844 1395//844 1391//844
f 1397//845 1398//845 1396//845
f 1397//845 1396//845 1392//845
o Turret_01_havok_s_armor_9_8
v -0.151000 1.791534 -1.359909
v -0.151000 1.874642 -1.489749
v 0.151000 1.874642 -1.489748
v 0.151000 1.791534 -1.359909
v 0.151000 2.129967 -1.326319
v 0.151000 2.046859 -1.196480
v -0.151000 2.129966 -1.326320
v -0.151000 2.046858 -1.196480
vn -0.0000 0.8422 0.5391
vn -1.0000 -0.0000 -0.0000
vn -0.0000 -0.8422 -0.5391
vn 1.0000 -0.0000 -0.0000
s 0
f 1422//846 1424//846 1425//846
f 1422//846 1425//846 1423//846
f 1425//847 1424//847 1419//847
f 1425//847 1419//847 1418//847
f 1420//848 1421//848 1418//848
f 1420//848 1418//848 1419//848
f 1422//849 1423//849 1421//849
f 1422//849 1421//849 1420//849
o Turret_01_havok_s_armor_10_9
v -0.577436 2.258195 0.198447
v -0.644050 2.258195 0.156590
v -0.644050 2.307913 0.156590
v -0.577435 2.307913 0.198447
v -0.503178 2.307913 0.224431
v -0.503178 2.258195 0.224431
v -0.699680 2.258195 0.100960
v -0.699680 2.307913 0.100960
v -0.205951 2.258195 0.156590
v -0.272565 2.258195 0.198447
v -0.272565 2.307913 0.198447
v -0.205951 2.307913 0.156590
v -0.346822 2.258195 0.224431
v -0.346822 2.307913 0.224431
v -0.150321 2.307913 0.100960
v -0.150321 2.258195 0.100960
v -0.424999 2.307913 0.233239
v -0.424999 2.258195 0.233239
vn -0.7071 -0.0000 -0.7071
vn -0.3303 -0.0000 -0.9439
vn -0.1120 -0.0000 -0.9937
vn 0.1120 -0.0000 -0.9937
vn 0.3303 -0.0000 -0.9439
vn 0.5320 -0.0000 -0.8467
vn -0.5320 -0.0000 -0.8467
vn 0.7071 -0.0000 -0.7071
s 0
f 1440//850 1441//850 1434//850
f 1440//850 1434//850 1437//850
f 1438//851 1439//851 1436//851
f 1438//851 1436//851 1435//851
f 1443//852 1442//852 1439//852
f 1443//852 1439//852 1438//852
f 1442//853 1443//853 1431//853
f 1442//853 1431//853 1430//853
f 1429//854 1430//854 1431//854
f 1429//854 1431//854 1426//854
f 1428//855 1429//855 1426//855
f 1428//855 1426//855 1427//855
f 1436//856 1437//856 1434//856
f 1436//856 1434//856 1435//856
f 1432//857 1433//857 1428//857
f 1432//857 1428//857 1427//857
o Turret_01_havok_s_armor_11_10
v -0.704993 2.170467 0.105199
v -0.747661 2.122621 0.037296
v -0.747661 2.258195 0.037296
v -0.704993 2.258195 0.105199
v -0.648288 2.242944 0.161905
v -0.648288 2.258195 0.161905
v -0.637597 2.258195 0.168622
v -0.774147 2.258195 -0.038399
v -0.774147 2.101807 -0.038399
v -0.783126 2.109068 -0.118089
v -0.783126 2.258195 -0.118089
v -0.774147 2.144039 -0.197780
v -0.774147 2.258195 -0.197780
v -0.747661 2.204966 -0.273474
v -0.747661 2.258195 -0.273474
v -0.728818 2.241987 -0.303462
v -0.720330 2.258195 -0.316970
vn 0.9439 -0.0000 -0.3303
vn 0.9937 -0.0000 0.1120
vn 0.8467 -0.0000 0.5320
vn 0.9439 -0.0000 0.3303
vn 0.7071 -0.0000 -0.7071
vn 0.8467 -0.0000 -0.5320
vn 0.9937 -0.0000 -0.1120
vn 0.5320 -0.0000 -0.8467
s 0
f 1445//858 1452//858 1451//858
f 1445//858 1451//858 1446//858
f 1455//859 1456//859 1454//859
f 1455//859 1454//859 1453//859
f 1458//860 1457//860 1459//860
f 1458//860 1459//860 1460//860
f 1457//861 1458//861 1456//861
f 1457//861 1456//861 1455//861
f 1444//862 1447//862 1448//862
f 1446//863 1447//863 1444//863
f 1446//863 1444//863 1445//863
f 1453//864 1454//864 1451//864
f 1453//864 1451//864 1452//864
f 1448//862 1447//862 1449//862
f 1448//865 1449//865 1450//865
o Turret_01_havok_s_armor_12_11
v -0.883609 1.700016 -1.007008
v -0.555388 2.258195 -0.854113
v -0.602821 2.258195 -0.790882
v -0.934107 1.700016 -0.927792
v -0.826414 1.700016 -1.081531
v -0.643090 2.258195 -0.722861
v -0.977527 1.700016 -0.844487
v -0.675713 2.258195 -0.650861
v -1.013804 1.700016 -0.756904
v -0.700302 2.258195 -0.575737
v -1.042044 1.700016 -0.667308
v -0.724316 2.258195 -0.356469
v -1.074676 1.700016 -0.293729
v -1.074675 1.700016 -0.482460
v -0.724316 2.258195 -0.419717
v -0.728818 2.241987 -0.303462
v -1.040018 1.735615 -0.204711
v -0.720329 2.258195 -0.316970
v -1.062449 1.700016 -0.200756
v -1.062387 1.700016 -0.575595
v -0.716568 2.258195 -0.498383
v 0.826400 1.700016 -1.081531
v 0.883596 1.700016 -1.007007
v 0.555376 2.258195 -0.854115
v 0.934532 1.700016 -0.927054
v 0.602809 2.258195 -0.790882
v 0.643077 2.258195 -0.722861
v 0.977867 1.700016 -0.843706
v 1.013791 1.700016 -0.756904
v 0.675699 2.258195 -0.650861
v 0.700290 2.258195 -0.575737
v 1.042032 1.700016 -0.667308
v 0.724303 2.258195 -0.419717
v 1.074663 1.700016 -0.482460
v 1.074663 1.700016 -0.293729
v 0.724303 2.258195 -0.356469
v 1.040005 1.735615 -0.204711
v 0.713979 2.258195 -0.262199
v 1.062437 1.700016 -0.200756
v 1.062374 1.700016 -0.575595
v 0.716556 2.258195 -0.498383
vn -0.7810 -0.5344 0.3232
vn -0.7687 -0.5365 0.3483
vn -0.8058 -0.5350 0.2540
vn -0.8024 -0.5359 0.2627
vn -0.7500 -0.5343 0.3900
vn -0.7262 -0.5365 0.4299
vn -0.6702 -0.5350 0.5144
vn -0.7128 -0.5344 0.4541
vn -0.6754 -0.5359 0.5066
vn -0.8262 -0.5359 0.1737
vn -0.8248 -0.5350 0.1829
vn -0.8420 -0.5331 0.0829
vn -0.8362 -0.5373 0.1103
vn -0.8354 -0.5386 -0.1098
vn -0.8470 -0.5316 -0.0000
vn -0.8403 -0.5343 -0.0920
vn -0.8361 -0.5373 -0.1107
vn 0.8420 -0.5331 0.0829
vn 0.8362 -0.5373 0.1103
vn 0.7809 -0.5344 0.3234
vn 0.7687 -0.5365 0.3483
vn 0.8058 -0.5350 0.2540
vn 0.8024 -0.5359 0.2626
vn 0.7496 -0.5343 0.3907
vn 0.7262 -0.5365 0.4299
vn 0.7127 -0.5344 0.4543
vn 0.6754 -0.5359 0.5066
vn 0.6702 -0.5350 0.5144
vn 0.8354 -0.5386 -0.1099
vn 0.8262 -0.5359 0.1737
vn 0.8248 -0.5350 0.1830
vn 0.8514 -0.5175 -0.0859
vn 0.8470 -0.5316 -0.0000
vn 0.8402 -0.5343 -0.0920
vn 0.8361 -0.5373 -0.1107
s 0
f 1488//866 1489//866 1490//866
f 1488//867 1490//867 1487//867
f 1489//868 1492//868 1491//868
f 1489//869 1491//869 1490//869
f 1485//870 1488//870 1487//870
f 1485//871 1487//871 1486//871
f 1482//872 1483//872 1484//872
f 1483//873 1485//873 1486//873
f 1483//874 1486//874 1484//874
f 1500//875 1501//875 1491//875
f 1500//876 1491//876 1492//876
f 1493//877 1501//877 1500//877
f 1493//878 1500//878 1494//878
f 1499//879 1497//879 1495//879
f 1495//880 1496//880 1493//880
f 1495//880 1493//880 1494//880
f 1497//881 1498//881 1496//881
f 1497//882 1496//882 1495//882
f 1480//883 1481//883 1475//883
f 1480//884 1475//884 1474//884
f 1468//885 1469//885 1467//885
f 1468//886 1467//886 1466//886
f 1470//887 1471//887 1469//887
f 1470//888 1469//888 1468//888
f 1466//889 1467//889 1464//889
f 1466//890 1464//890 1463//890
f 1463//891 1464//891 1461//891
f 1463//892 1461//892 1462//892
f 1465//893 1462//893 1461//893
f 1479//894 1473//894 1477//894
f 1470//895 1481//895 1480//895
f 1470//896 1480//896 1471//896
f 1472//897 1478//897 1476//897
f 1474//898 1475//898 1472//898
f 1474//898 1472//898 1473//898
f 1472//899 1476//899 1477//899
f 1472//900 1477//900 1473//900
o Turret_01_havok_s_armor_13_12
v -0.826414 1.700016 -1.081531
v -0.740426 1.700016 -1.172687
v -0.555388 2.258195 -0.854113
v -0.529490 2.126168 -0.998314
v -0.488013 2.258195 -0.924260
v -0.643624 1.700016 -1.253916
v -0.528171 2.114142 -1.009336
v -0.506787 1.841005 -1.237338
v -0.517273 2.005210 -1.106450
v -0.539777 1.700016 -1.322159
v -0.504809 1.804933 -1.265243
v -0.524287 2.128079 -1.001105
v -0.454760 2.155228 -1.034287
v -0.433036 2.165105 -1.041117
v -0.411854 2.258195 -0.984757
v -0.347878 2.206475 -1.061167
v -0.328281 2.258195 -1.034514
v -0.289189 2.239187 -1.064326
v -0.238802 2.258195 -1.072637
v -0.245947 2.237097 -1.084196
v -0.241510 2.236686 -1.086087
v -0.283388 2.241172 -1.065423
v -0.336341 2.212559 -1.062668
v -0.153206 2.230529 -1.114449
v -0.145024 2.258195 -1.098442
v -0.305782 1.726165 -1.405327
v -0.406400 1.763273 -1.343801
v -0.427822 1.700016 -1.378459
v -0.309074 1.700016 -1.421679
v -0.415189 1.766053 -1.338132
v -0.295009 1.721145 -1.411267
v -0.187131 1.700016 -1.450541
v -0.265879 1.721526 -1.417924
v -0.302753 1.724831 -1.407041
v -0.184731 1.731825 -1.430476
v -0.494128 1.786294 -1.284204
v -0.503420 1.795966 -1.272713
v -0.501763 1.789416 -1.278167
v 0.424184 1.769220 -1.330482
v 0.427807 1.700016 -1.378459
v 0.538856 1.700016 -1.322698
v 0.501953 1.790447 -1.276147
v 0.406026 1.764339 -1.343216
v 0.305856 1.725480 -1.405755
v 0.310078 1.700016 -1.421399
v 0.302944 1.724143 -1.407439
v 0.298269 1.721839 -1.410042
v 0.414950 1.767333 -1.337342
v 0.643609 1.700016 -1.253916
v 0.504939 1.849068 -1.232457
v 0.524275 2.128075 -1.001107
v 0.529609 2.126116 -0.998246
v 0.487999 2.258195 -0.924260
v 0.454748 2.155226 -1.034288
v 0.411841 2.258195 -0.984757
v 0.413934 2.175248 -1.043404
v 0.433023 2.165104 -1.041118
v 0.328270 2.258195 -1.034515
v 0.336328 2.212556 -1.062671
v 0.740413 1.700016 -1.172687
v 0.555376 2.258195 -0.854115
v 0.528174 2.114087 -1.009368
v 0.516457 2.007137 -1.105523
v 0.826400 1.700016 -1.081531
v 0.153194 2.230529 -1.114449
v 0.241497 2.236686 -1.086087
v 0.238789 2.258195 -1.072637
v 0.145012 2.258195 -1.098442
v 0.048625 2.258195 -1.111461
v 0.049413 2.226870 -1.131306
v 0.147127 2.230165 -1.116123
v -0.048638 2.258195 -1.111461
v -0.147139 2.230165 -1.116123
v -0.049425 2.226870 -1.131306
v 0.289167 2.239191 -1.064328
v 0.245934 2.237097 -1.084196
v 0.283377 2.241172 -1.065423
v 0.062649 1.700016 -1.465071
v 0.187116 1.700016 -1.450542
v 0.184666 1.732519 -1.430038
v 0.061646 1.739970 -1.439759
v 0.265169 1.722595 -1.417396
v -0.062664 1.700016 -1.465070
v -0.061665 1.739738 -1.439905
vn -0.5435 -0.5340 0.6477
vn -0.6090 -0.5357 0.5849
vn -0.5434 -0.5340 0.6477
vn -0.5249 -0.5366 0.6608
vn -0.4643 -0.5337 0.7068
vn -0.2238 -0.5368 0.8135
vn -0.6147 -0.5347 0.5798
vn -0.4347 -0.5272 0.7301
vn -0.4642 -0.5336 0.7069
vn -0.3775 -0.5409 0.7516
vn -0.3306 -0.5371 0.7760
vn -0.4340 -0.5285 0.7296
vn -0.4647 -0.5336 0.7066
vn -0.1122 -0.5338 0.8381
vn -0.1130 -0.5362 0.8365
vn -0.1950 -0.5338 0.8228
vn -0.1950 -0.5337 0.8229
vn -0.0987 -0.5343 0.8395
vn -0.0979 -0.5362 0.8384
vn -0.0000 -0.5352 0.8448
vn -0.0000 -0.5352 0.8447
vn 0.0987 -0.5343 0.8395
vn 0.0979 -0.5362 0.8384
vn -0.2893 -0.5334 0.7948
vn 0.1122 -0.5338 0.8381
vn 0.1130 -0.5362 0.8365
vn -0.1950 -0.5337 0.8228
vn 0.1950 -0.5338 0.8228
vn -0.0000 -0.5351 0.8448
vn 0.4315 -0.5370 0.7248
vn 0.4647 -0.5336 0.7066
vn 0.5249 -0.5366 0.6608
vn 0.3306 -0.5371 0.7760
vn 0.3796 -0.5334 0.7559
vn 0.2893 -0.5334 0.7948
vn 0.5435 -0.5340 0.6477
vn 0.5434 -0.5340 0.6477
vn 0.6090 -0.5357 0.5849
vn 0.6147 -0.5347 0.5798
vn 0.4644 -0.5338 0.7067
vn 0.4643 -0.5337 0.7068
vn 0.2238 -0.5368 0.8135
vn 0.4315 -0.5370 0.7249
vn -0.3774 -0.5409 0.7517
vn -0.1951 -0.5338 0.8228
vn -0.2894 -0.5354 0.7935
vn 0.3793 -0.5340 0.7556
vn 0.3800 -0.5335 0.7557
vn 0.1946 -0.5347 0.8223
vn 0.1944 -0.5346 0.8224
s 0
f 1561//901 1553//901 1563//901
f 1561//901 1563//901 1550//901
f 1561//902 1562//902 1554//902
f 1561//903 1554//903 1553//903
f 1550//904 1563//904 1564//904
f 1550//905 1564//905 1551//905
f 1568//906 1569//906 1566//906
f 1568//906 1566//906 1567//906
f 1565//907 1562//907 1561//907
f 1556//908 1559//908 1560//908
f 1556//908 1560//908 1557//908
f 1542//909 1550//909 1551//909
f 1542//910 1551//910 1543//910
f 1549//911 1544//911 1541//911
f 1549//912 1541//912 1540//912
f 1552//901 1553//901 1554//901
f 1552//904 1554//904 1555//904
f 1556//910 1557//910 1558//910
f 1556//913 1558//913 1555//913
f 1554//904 1556//904 1555//904
f 1570//914 1571//914 1572//914
f 1570//915 1572//915 1569//915
f 1548//916 1583//916 1580//916
f 1548//917 1580//917 1546//917
f 1581//918 1582//918 1579//918
f 1581//919 1579//919 1580//919
f 1580//916 1583//916 1581//916
f 1585//920 1584//920 1579//920
f 1585//921 1579//921 1582//921
f 1584//922 1585//922 1536//922
f 1584//923 1536//923 1533//923
f 1577//911 1578//911 1568//911
f 1577//924 1568//924 1567//924
f 1574//925 1575//925 1573//925
f 1574//926 1573//926 1526//926
f 1572//927 1566//927 1569//927
f 1525//928 1574//928 1526//928
f 1576//911 1560//911 1559//911
f 1576//911 1559//911 1568//911
f 1573//929 1575//929 1571//929
f 1573//920 1571//920 1570//920
f 1517//930 1518//930 1516//930
f 1517//930 1516//930 1515//930
f 1514//931 1515//931 1516//931
f 1514//932 1516//932 1506//932
f 1518//933 1519//933 1520//933
f 1524//933 1519//933 1518//933
f 1524//934 1518//934 1517//934
f 1520//933 1523//933 1521//933
f 1520//935 1521//935 1522//935
f 1506//936 1505//936 1513//936
f 1506//932 1513//932 1514//932
f 1503//937 1505//937 1506//937
f 1503//938 1506//938 1504//938
f 1502//939 1503//939 1504//939
f 1508//936 1505//936 1503//936
f 1508//936 1503//936 1507//936
f 1511//930 1512//930 1509//930
f 1511//940 1509//940 1507//940
f 1507//941 1509//941 1510//941
f 1507//932 1510//932 1508//932
f 1525//942 1526//942 1520//942
f 1525//942 1520//942 1522//942
f 1539//934 1511//934 1537//934
f 1538//943 1512//943 1511//943
f 1538//934 1511//934 1539//934
f 1542//910 1543//910 1540//910
f 1542//944 1540//944 1541//944
f 1547//945 1548//945 1546//945
f 1545//946 1546//946 1541//946
f 1545//924 1541//924 1544//924
f 1529//947 1531//947 1537//947
f 1529//948 1537//948 1511//948
f 1528//933 1531//933 1529//933
f 1529//935 1530//935 1527//935
f 1529//935 1527//935 1528//935
f 1533//928 1534//928 1532//928
f 1533//949 1532//949 1530//949
f 1533//928 1536//928 1534//928
f 1530//950 1532//950 1535//950
f 1530//942 1535//942 1527//942
o Turret_01_havok_s_armor_17_13
v -0.184731 1.731825 -1.430476
v -0.061665 1.739738 -1.439905
v 0.207234 1.811658 -1.530065
v -0.207249 1.811657 -1.530064
v 0.061646 1.739970 -1.439759
v 0.184665 1.732519 -1.430038
v -0.233736 1.814948 -1.527957
v -0.265879 1.721526 -1.417924
v -0.295009 1.721145 -1.411267
v 0.265169 1.722595 -1.417396
v 0.234983 1.815813 -1.527402
v 0.298269 1.721839 -1.410041
vn 0.1423 0.7337 0.6645
vn -0.0007 0.7843 0.6204
vn -0.1727 0.7276 0.6639
vn -0.1301 0.7385 0.6615
vn -0.0000 0.7803 0.6255
vn -0.0032 0.7864 0.6177
vn -0.0022 0.7849 0.6196
vn -0.0015 0.7844 0.6203
vn -0.0022 0.7800 0.6258
vn 0.1440 0.7332 0.6646
s 0
f 1594//951 1593//951 1592//951
f 1588//952 1591//952 1595//952
f 1588//953 1595//953 1596//953
f 1595//954 1597//954 1596//954
f 1588//955 1589//955 1586//955
f 1588//956 1586//956 1587//956
f 1588//957 1587//957 1590//957
f 1588//958 1590//958 1591//958
f 1593//959 1586//959 1589//959
f 1593//960 1589//960 1592//960
o Turret_01_havok_s_armor_18_14
v -0.285010 2.241172 -1.065423
v -0.402554 2.050211 -1.377370
v -0.211993 2.193339 -1.285756
v -0.289189 2.239187 -1.064326
v -0.336340 2.212559 -1.062668
v -0.347878 2.206475 -1.061167
v -0.433036 2.165105 -1.041116
v -0.524286 2.128079 -1.001105
v -0.529490 2.126168 -0.998314
v -0.454760 2.155228 -1.034287
v 0.402541 2.050202 -1.377376
v 0.284996 2.241172 -1.065423
v 0.211979 2.193342 -1.285754
v 0.336328 2.212556 -1.062671
v 0.289167 2.239191 -1.064328
v 0.413934 2.175248 -1.043404
v 0.529609 2.126116 -0.998246
v 0.524274 2.128075 -1.001107
v 0.454748 2.155226 -1.034288
v 0.433024 2.165104 -1.041118
vn -0.4740 -0.8192 0.3229
vn -0.4597 -0.8240 0.3312
vn 0.4740 -0.8192 0.3229
vn 0.4597 -0.8240 0.3312
s 0
f 1612//961 1609//961 1608//961
f 1612//961 1608//961 1611//961
f 1608//962 1609//962 1610//962
f 1611//961 1608//961 1613//961
f 1617//961 1613//961 1608//961
f 1617//961 1608//961 1616//961
f 1608//961 1614//961 1615//961
f 1608//961 1615//961 1616//961
f 1599//963 1598//963 1601//963
f 1599//963 1601//963 1602//963
f 1598//964 1599//964 1600//964
f 1599//963 1602//963 1603//963
f 1599//963 1603//963 1604//963
f 1607//963 1599//963 1604//963
f 1605//963 1606//963 1599//963
f 1605//963 1599//963 1607//963
o Turret_01_havok_s_armor_19_15
v -0.233736 1.814948 -1.527957
v -0.401845 1.930255 -1.454152
v -0.295009 1.721145 -1.411267
v -0.406400 1.763273 -1.343801
v -0.305782 1.726165 -1.405327
v -0.415189 1.766053 -1.338132
v -0.302753 1.724831 -1.407041
v -0.494128 1.786294 -1.284204
v -0.503602 1.789416 -1.278174
v 0.234984 1.815813 -1.527402
v 0.298269 1.721839 -1.410041
v 0.400479 1.929327 -1.454745
v 0.406026 1.764339 -1.343216
v 0.305856 1.725480 -1.405755
v 0.302944 1.724143 -1.407439
v 0.501953 1.790447 -1.276147
v 0.424184 1.769220 -1.330482
v 0.414950 1.767333 -1.337342
vn -0.5923 0.4375 0.6766
vn -0.5922 0.4375 0.6767
vn -0.5961 0.4385 0.6726
vn 0.5810 0.4376 0.6862
vn 0.5972 0.4423 0.6691
vn 0.5823 0.4380 0.6849
s 0
f 1629//965 1628//965 1632//965
f 1629//966 1632//966 1631//966
f 1630//966 1629//966 1631//966
f 1629//966 1630//966 1635//966
f 1629//966 1635//966 1634//966
f 1633//966 1629//966 1634//966
f 1627//967 1628//967 1629//967
f 1621//968 1622//968 1619//968
f 1621//968 1619//968 1623//968
f 1618//969 1619//969 1620//969
f 1619//968 1626//968 1625//968
f 1619//968 1625//968 1623//968
f 1624//970 1620//970 1619//970
f 1624//968 1619//968 1622//968
o Turret_01_havok_s_armor_16_16
v -0.741536 2.307913 0.034346
v -0.767520 2.307913 -0.039911
v -0.150321 2.307913 0.100960
v -0.699679 2.307913 0.100960
v -0.503178 2.307913 0.224431
v -0.577436 2.307913 0.198447
v -0.644049 2.307913 0.156590
v -0.346822 2.307913 0.224431
v -0.425000 2.307913 0.233239
v -0.205951 2.307913 0.156590
v -0.272565 2.307913 0.198447
v -0.644049 2.307913 -0.392768
v -0.577436 2.307913 -0.434625
v -0.503178 2.307913 -0.460609
v -0.699679 2.307913 -0.337139
v -0.767520 2.307913 -0.196267
v -0.741536 2.307913 -0.270525
v -0.776327 2.307913 -0.118089
v -0.425000 2.307913 -0.469417
v -0.346823 2.307913 -0.460609
v -0.272565 2.307913 -0.434625
v -0.205951 2.307913 -0.392769
v -0.150321 2.307913 -0.337139
v -0.108465 2.307913 -0.270525
v -0.082481 2.307913 -0.196267
v -0.073672 2.307913 -0.118089
v -0.082481 2.307913 -0.039911
v -0.108465 2.307913 0.034346
vn -0.0000 -1.0000 -0.0000
s 0
f 1656//971 1638//971 1655//971
f 1654//971 1655//971 1638//971
f 1654//971 1638//971 1649//971
f 1653//971 1651//971 1638//971
f 1653//971 1638//971 1637//971
f 1657//971 1658//971 1638//971
f 1657//971 1638//971 1656//971
f 1663//971 1638//971 1662//971
f 1661//971 1662//971 1638//971
f 1661//971 1638//971 1660//971
f 1659//971 1660//971 1638//971
f 1659//971 1638//971 1658//971
f 1638//971 1651//971 1652//971
f 1638//971 1652//971 1650//971
f 1638//971 1643//971 1644//971
f 1638//971 1644//971 1640//971
f 1641//971 1642//971 1638//971
f 1641//971 1638//971 1640//971
f 1638//971 1639//971 1636//971
f 1638//971 1636//971 1637//971
f 1638//971 1645//971 1646//971
f 1638//971 1646//971 1643//971
f 1647//971 1638//971 1650//971
f 1648//971 1649//971 1638//971
f 1648//971 1638//971 1647//971
f 1639//971 1638//971 1642//971
o Turret_01_havok_s_armor_21_17
v -0.699679 2.307913 0.100959
v -0.699679 2.258195 0.100959
v -0.741536 2.258195 0.034346
v -0.741536 2.307913 0.034346
v -0.767520 2.258195 -0.039911
v -0.767520 2.307913 -0.039911
v -0.776327 2.258195 -0.118089
v -0.776327 2.307913 -0.118089
v -0.767520 2.258195 -0.196267
v -0.767520 2.307913 -0.196267
v -0.741536 2.307913 -0.270525
v -0.741536 2.258195 -0.270525
v -0.699679 2.258195 -0.337139
v -0.699679 2.307913 -0.337139
v -0.108465 2.258195 0.034346
v -0.150321 2.258195 0.100959
v -0.150321 2.307913 0.100960
v -0.108465 2.307913 0.034346
v -0.082481 2.307913 -0.039911
v -0.073672 2.307913 -0.118089
v -0.073672 2.258195 -0.118089
v -0.082481 2.258195 -0.039911
v -0.082481 2.258195 -0.196267
v -0.082481 2.307913 -0.196267
v -0.108465 2.258195 -0.270525
v -0.108465 2.307913 -0.270525
v -0.150321 2.307913 -0.337139
v -0.150321 2.258195 -0.337139
vn -0.9937 -0.0000 0.1120
vn -0.9937 -0.0000 -0.1120
vn -0.8467 -0.0000 -0.5320
vn -0.9439 -0.0000 0.3303
vn -0.8467 -0.0000 0.5320
vn -0.9439 -0.0000 -0.3303
vn 0.9937 -0.0000 -0.1120
vn 0.9439 -0.0000 -0.3303
vn 0.8467 -0.0000 -0.5320
vn 0.9439 -0.0000 0.3303
vn 0.8467 -0.0000 0.5320
vn 0.9937 -0.0000 0.1120
s 0
f 1683//972 1687//972 1686//972
f 1683//972 1686//972 1684//972
f 1684//973 1685//973 1682//973
f 1684//973 1682//973 1683//973
f 1680//974 1681//974 1678//974
f 1680//974 1678//974 1679//974
f 1689//975 1688//975 1686//975
f 1689//975 1686//975 1687//975
f 1690//976 1691//976 1688//976
f 1690//976 1688//976 1689//976
f 1682//977 1685//977 1678//977
f 1682//977 1678//977 1681//977
f 1670//978 1671//978 1669//978
f 1670//978 1669//978 1668//978
f 1668//979 1669//979 1667//979
f 1668//979 1667//979 1666//979
f 1666//980 1667//980 1664//980
f 1666//980 1664//980 1665//980
f 1675//981 1674//981 1673//981
f 1675//981 1673//981 1672//981
f 1676//982 1677//982 1674//982
f 1676//982 1674//982 1675//982
f 1672//983 1673//983 1671//983
f 1672//983 1671//983 1670//983
o Turret_01_havok_s_armor_20_18
v -0.644050 2.258195 -0.392768
v -0.644050 2.307913 -0.392768
v -0.699680 2.307913 -0.337139
v -0.699680 2.258195 -0.337139
v -0.577436 2.258195 -0.434625
v -0.577435 2.307913 -0.434625
v -0.503178 2.258195 -0.460609
v -0.503178 2.307913 -0.460609
v -0.424999 2.258195 -0.469417
v -0.424999 2.307913 -0.469417
v -0.205951 2.307913 -0.392769
v -0.205951 2.258195 -0.392769
v -0.150321 2.258195 -0.337139
v -0.150321 2.307913 -0.337139
v -0.272565 2.307913 -0.434625
v -0.272565 2.258195 -0.434625
v -0.346823 2.307913 -0.460609
v -0.346823 2.258195 -0.460609
vn -0.5320 -0.0000 0.8467
vn -0.7071 -0.0000 0.7071
vn -0.1120 -0.0000 0.9937
vn -0.3303 -0.0000 0.9439
vn 0.5320 -0.0000 0.8467
vn 0.7071 -0.0000 0.7071
vn 0.1120 -0.0000 0.9937
vn 0.3303 -0.0000 0.9439
s 0
f 1706//984 1707//984 1703//984
f 1706//984 1703//984 1702//984
f 1704//985 1705//985 1702//985
f 1704//985 1702//985 1703//985
f 1709//986 1708//986 1701//986
f 1709//986 1701//986 1700//986
f 1708//987 1709//987 1707//987
f 1708//987 1707//987 1706//987
f 1696//988 1697//988 1693//988
f 1696//988 1693//988 1692//988
f 1694//989 1695//989 1692//989
f 1694//989 1692//989 1693//989
f 1700//990 1701//990 1699//990
f 1700//990 1699//990 1698//990
f 1696//991 1698//991 1699//991
f 1696//991 1699//991 1697//991
o Turret_01_havok_s_armor_14_19
v -0.211993 2.193339 -1.285756
v 0.211979 2.193342 -1.285754
v -0.153206 2.230529 -1.114449
v -0.049425 2.226870 -1.131306
v -0.147139 2.230165 -1.116123
v 0.147126 2.230165 -1.116123
v 0.049412 2.226870 -1.131305
v -0.241510 2.236686 -1.086087
v -0.245947 2.237097 -1.084197
v -0.283388 2.241172 -1.065423
v -0.285011 2.241172 -1.065423
v 0.153194 2.230529 -1.114449
v 0.241497 2.236686 -1.086087
v 0.283376 2.241172 -1.065423
v 0.245934 2.237097 -1.084197
v 0.284996 2.241172 -1.065423
vn -0.0000 -0.9772 0.2121
vn -0.0000 -0.9772 0.2122
s 0
f 1721//992 1715//992 1711//992
f 1721//992 1711//992 1722//992
f 1719//993 1720//993 1710//993
f 1719//993 1710//993 1718//993
f 1724//992 1722//992 1711//992
f 1711//992 1725//992 1723//992
f 1711//992 1723//992 1724//992
f 1714//992 1712//992 1711//992
f 1714//992 1711//992 1713//992
f 1710//993 1711//993 1712//993
f 1710//993 1712//993 1717//993
f 1710//992 1717//992 1718//992
f 1716//992 1713//992 1711//992
f 1716//992 1711//992 1715//992
o Turret_01_havok_s_armor_15_20
v 0.608341 2.258195 0.336907
v 0.436923 2.181434 1.591907
v -0.436936 2.181434 1.591907
v -0.608354 2.258195 0.336907
vn -0.0000 -0.9981 -0.0610
s 0
f 1728//994 1729//994 1726//994
f 1728//994 1726//994 1727//994
o Turret_01_havok_s_surveyingDevice_21
v -0.337682 2.426999 -0.408796
v -0.512523 2.426999 -0.408796
v -0.337682 2.425197 -0.359703
v -0.512523 2.425197 -0.359703
v -0.337682 2.346800 -0.305700
v -0.512523 2.346800 -0.305700
v -0.564180 2.388016 -0.323374
v -0.576101 2.388016 -0.339084
v -0.286024 2.388016 -0.323374
v -0.274103 2.388016 -0.339084
v 0.586192 2.279499 -0.452980
v 0.453737 2.279499 -0.547239
v 0.492812 2.343845 -0.601242
v 0.625267 2.343845 -0.506983
v 0.636525 2.343845 -0.523674
v 0.504070 2.343845 -0.617934
v -0.542325 2.350763 -0.294900
v -0.664184 2.350763 -0.201622
v -0.686039 2.388016 -0.230097
v -0.698622 2.388016 -0.245806
v -0.718490 2.388016 -0.174130
v -0.719153 2.388016 -0.019977
v -0.699284 2.388016 -0.019977
v -0.698622 2.388016 -0.174130
v -0.662859 2.350763 -0.174130
v -0.663521 2.350763 -0.019977
v -0.151582 2.388016 -0.245806
v -0.307880 2.350763 -0.294900
v -0.185359 2.350763 -0.201622
v -0.163503 2.388016 -0.230097
v -0.131052 2.388016 -0.019977
v -0.131052 2.388016 -0.174130
v -0.150920 2.388016 -0.019977
v -0.187345 2.350763 -0.174130
v -0.150920 2.388016 -0.174130
v -0.186683 2.350763 -0.019977
v -0.651600 2.350763 0.013406
v -0.535702 2.350763 0.114538
v -0.559544 2.388016 0.142031
v -0.675442 2.388016 0.040898
v -0.572127 2.388016 0.156759
v -0.688688 2.388016 0.055626
v -0.347616 2.388016 0.178360
v -0.501264 2.388016 0.178360
v -0.347616 2.388016 0.158722
v -0.501264 2.350763 0.122393
v -0.347616 2.350763 0.122393
v -0.501264 2.388016 0.157740
v -0.197942 2.350763 0.013406
v -0.174100 2.388016 0.040898
v -0.290660 2.388016 0.142031
v -0.314502 2.350763 0.114538
v -0.161517 2.388016 0.055626
v -0.277415 2.388016 0.156759
v 0.331216 2.409993 -0.758340
v 0.336515 2.409993 -0.776014
v 0.329229 2.399761 -0.747540
v 0.344462 2.409993 -0.793688
v 0.364992 2.409993 -0.826089
v 0.484864 2.409993 -0.826089
v 0.514004 2.409993 -0.776014
v 0.519303 2.409993 -0.758340
v 0.505395 2.409993 -0.793688
v 0.520627 2.399761 -0.747540
v 0.333203 2.368128 -0.716120
v 0.347111 2.339810 -0.686664
v 0.516653 2.368128 -0.716120
v 0.502746 2.339810 -0.686664
v 0.480228 2.317544 -0.664081
v 0.369628 2.317544 -0.664081
v 0.451088 2.303277 -0.650335
v 0.398768 2.303277 -0.650335
v 0.425259 2.299098 -0.647390
v -0.337499 2.307913 -0.408589
v -0.512499 2.307913 -0.408589
v -0.512499 2.307913 -0.306104
v -0.576036 2.307913 -0.339101
v -0.337499 2.307913 -0.306104
v -0.273962 2.307913 -0.339101
v 0.452943 2.258195 -0.545773
v 0.585425 2.258195 -0.451475
v 0.636441 2.258195 -0.523097
v 0.503960 2.258195 -0.617395
v -0.698338 2.307913 -0.245515
v -0.542018 2.307913 -0.294645
v -0.664319 2.307913 -0.201059
v -0.718668 2.307913 -0.174175
v -0.719153 2.307913 -0.020177
v -0.663176 2.307913 -0.020001
v -0.662691 2.307913 -0.173999
v -0.151662 2.307913 -0.245514
v -0.307982 2.307913 -0.294644
v -0.185682 2.307913 -0.201057
v -0.130848 2.307913 -0.020176
v -0.131330 2.307913 -0.174175
v -0.186830 2.307913 -0.020000
v -0.187313 2.307913 -0.173999
v -0.688546 2.307913 0.055785
v -0.572372 2.307913 0.156875
v -0.535624 2.307913 0.114644
v -0.651800 2.307913 0.013554
v -0.347594 2.307913 0.178360
v -0.501593 2.307913 0.177875
v -0.347418 2.307913 0.122380
v -0.501417 2.307913 0.121895
v -0.277628 2.307913 0.156875
v -0.161452 2.307913 0.055785
v -0.314375 2.307913 0.114645
v -0.198199 2.307913 0.013554
v 0.330849 2.258195 -0.758115
v 0.336236 2.258195 -0.776253
v 0.329098 2.258195 -0.747624
v 0.344611 2.258195 -0.793704
v 0.365000 2.258195 -0.826081
v 0.485000 2.258195 -0.826081
v 0.513765 2.258195 -0.776253
v 0.519151 2.258195 -0.758114
v 0.520901 2.258195 -0.747623
v 0.505388 2.258195 -0.793704
v 0.333071 2.258195 -0.715991
v 0.347182 2.258195 -0.687113
v 0.516928 2.258195 -0.715991
v 0.369933 2.258195 -0.664293
v 0.398873 2.258195 -0.650439
v 0.480067 2.258195 -0.664293
v 0.451126 2.258195 -0.650439
v 0.425000 2.258195 -0.647011
v 0.502817 2.258195 -0.687112
v 0.272501 2.062000 -1.482157
v 0.272501 2.062000 -1.369823
v 0.272501 1.949000 -1.442152
v 0.272501 1.949000 -1.482157
v 0.317500 1.949000 -1.482157
v 0.317500 2.062000 -1.482157
v 0.317500 1.949000 -1.442152
v 0.317500 2.062000 -1.369824
vn -0.0031 0.0005 -1.0000
vn -0.0021 0.0020 -1.0000
vn 0.9586 -0.0019 0.2847
vn 0.9579 -0.0022 0.2872
vn 0.9864 -0.0010 0.1646
vn 0.9838 -0.0021 0.1790
vn -1.0000 -0.0046 -0.0031
vn -1.0000 -0.0002 0.0002
vn -0.7544 0.0068 0.6564
vn -0.7568 0.0020 0.6536
vn -0.7603 0.0007 0.6496
vn 0.9015 -0.0023 0.4327
vn 0.9120 0.0009 0.4101
vn -0.0000 -1.0000 -0.0000
vn -0.9586 0.0014 0.2847
vn -0.9579 0.0011 0.2872
vn 0.8462 0.0008 0.5329
vn 0.8447 0.0001 0.5352
vn -0.0000 0.0001 1.0000
vn -0.7544 -0.0030 -0.6564
vn -0.7557 -0.0003 -0.6549
vn -0.7603 0.0014 -0.6496
vn 1.0000 -0.0036 0.0032
vn 1.0000 -0.0032 0.0034
vn -0.0046 -0.6883 0.7254
vn -0.0000 -0.6982 0.7159
vn -0.0031 -0.0116 0.9999
vn -0.0000 -0.0003 1.0000
vn 1.0000 -0.0041 -0.0000
vn 0.6564 0.0038 0.7544
vn 0.6553 -0.0013 0.7553
vn 0.7544 0.0006 -0.6564
vn 0.7547 0.0012 -0.6561
vn 0.7435 -0.0030 -0.6687
vn 0.4688 -0.6988 0.5403
vn -0.6564 -0.0020 -0.7544
vn -0.6575 0.0007 -0.7535
vn -0.9864 -0.0020 0.1646
vn -0.9924 0.0012 0.1228
vn -0.1301 -0.0084 -0.9915
vn -0.1137 0.0022 -0.9935
vn -0.7082 0.0044 -0.7060
vn -0.7097 0.0032 -0.7045
vn 0.8290 0.0024 0.5592
vn -0.4318 0.0017 -0.9020
vn -0.4284 0.0044 -0.9036
vn 0.1301 -0.0100 -0.9915
vn 0.1109 0.0025 -0.9938
vn -0.0000 -0.5761 -0.8174
vn -0.8985 0.0016 -0.4390
vn -0.9032 -0.0028 -0.4291
vn -0.0000 1.0000 -0.0000
vn -1.0000 -0.0000 -0.0000
vn 1.0000 -0.0000 -0.0000
vn -0.0000 -0.0000 1.0000
vn 0.8985 0.0032 -0.4390
vn 0.9037 -0.0016 -0.4282
vn -0.9922 -0.0026 -0.1246
vn -0.9919 -0.0018 -0.1273
vn 0.0071 -0.7255 -0.6882
vn -0.0024 -0.7049 -0.7093
vn -0.9015 -0.0000 0.4327
vn -0.8990 0.0007 0.4379
vn -0.8462 -0.0007 0.5329
vn -0.8447 -0.0000 0.5352
vn 0.9922 -0.0013 -0.1246
vn 0.9920 -0.0008 -0.1263
vn -0.0000 -0.7260 -0.6877
vn 0.7082 0.0061 -0.7060
vn 0.7103 0.0045 -0.7038
vn -0.0000 -0.6938 -0.7201
vn 0.4318 0.0031 -0.9020
vn 0.4288 0.0054 -0.9034
vn -0.0000 -0.7047 -0.7095
vn -0.0000 -0.7209 -0.6930
vn -0.0000 -0.7121 -0.7021
vn -1.0000 -0.0003 -0.0000
vn -0.4377 -0.6939 -0.5718
vn 0.6077 0.0050 0.7942
vn 0.6057 0.0003 0.7957
vn -0.5799 0.0059 0.8147
vn -0.5798 0.0061 0.8147
vn 0.8145 0.0096 0.5801
vn 0.8125 -0.0042 0.5829
vn -0.6077 -0.0091 -0.7941
vn -0.6078 -0.0085 -0.7940
vn -0.0000 0.0025 -1.0000
vn -0.7214 -0.6925 -0.0031
vn -0.7942 -0.0021 0.6077
vn -0.7943 -0.0017 0.6075
vn -0.0000 0.0104 -0.9999
vn 1.0000 -0.0000 0.0031
vn 1.0000 -0.0022 0.0043
vn 1.0000 0.0001 0.0002
vn 1.0000 0.0002 -0.0000
vn 1.0000 0.0006 -0.0000
vn -0.7966 -0.0008 0.6045
vn -0.0000 0.0017 1.0000
vn -0.0000 -0.9993 -0.0367
vn -0.0000 -0.5673 -0.8235
vn -1.0000 -0.0010 -0.0014
vn -1.0000 -0.0015 -0.0001
vn 0.5781 -0.0782 -0.8122
vn 0.5781 -0.0775 -0.8123
vn -0.8144 -0.0116 -0.5801
vn -0.8123 0.0038 -0.5833
vn -0.8290 -0.0030 -0.5592
vn -1.0000 -0.0047 -0.0000
vn 0.7966 0.0013 0.6045
vn 0.4027 -0.7195 -0.5659
vn -1.0000 -0.0039 -0.0031
vn -1.0000 -0.0081 -0.0043
vn 0.0032 0.0031 1.0000
vn 0.0005 -0.0005 1.0000
vn -0.0000 -0.0006 1.0000
vn -0.4703 -0.6988 0.5390
vn 1.0000 -0.0034 -0.0031
vn 1.0000 0.0008 -0.0043
vn -0.7941 -0.0020 -0.6077
vn -0.7932 -0.0001 -0.6089
vn -0.7966 -0.0014 -0.6045
vn 0.7435 0.0026 0.6687
vn 0.0031 0.0006 -1.0000
vn 0.0021 0.0020 -1.0000
vn 0.0031 -0.0000 -1.0000
vn -0.0000 0.0060 -1.0000
vn 0.6564 -0.0031 -0.7544
vn 0.6553 -0.0003 -0.7553
vn -0.6564 0.0056 0.7544
vn -0.6575 0.0006 0.7535
vn 0.7544 -0.0012 0.6564
vn 0.7545 -0.0015 0.6563
vn -0.6077 -0.0012 0.7942
vn -0.6057 0.0035 0.7957
vn 0.7942 0.0017 0.6077
vn 0.7933 -0.0001 0.6088
vn 0.7941 -0.0105 -0.6077
vn 0.7909 -0.0037 -0.6119
vn 0.7805 0.0005 -0.6252
vn -0.0032 -0.0006 1.0000
vn -0.0000 0.0016 1.0000
vn 0.4362 -0.6938 -0.5730
vn 0.7214 -0.6925 -0.0031
vn 0.7150 -0.6991 -0.0000
vn 0.6077 -0.0062 -0.7941
vn 0.6057 -0.0151 -0.7956
vn -1.0000 0.0035 0.0031
vn -1.0000 -0.0026 -0.0000
s 0
f 1823//995 1825//995 1765//995
f 1823//996 1765//996 1762//996
f 1784//997 1839//997 1840//997
f 1784//998 1840//998 1785//998
f 1786//999 1841//999 1839//999
f 1786//1000 1839//1000 1784//1000
f 1776//1001 1833//1001 1831//1001
f 1776//1002 1831//1002 1774//1002
f 1778//1003 1838//1003 1836//1003
f 1778//1004 1836//1004 1779//1004
f 1782//1005 1779//1005 1836//1005
f 1785//1006 1840//1006 1842//1006
f 1785//1007 1842//1007 1787//1007
f 1787//1008 1792//1008 1790//1008
f 1787//1008 1790//1008 1785//1008
f 1789//1008 1792//1008 1787//1008
f 1789//1008 1787//1008 1788//1008
f 1845//1009 1846//1009 1791//1009
f 1845//1010 1791//1010 1790//1010
f 1787//1011 1842//1011 1843//1011
f 1787//1012 1843//1012 1788//1012
f 1788//1013 1843//1013 1844//1013
f 1788//1013 1844//1013 1789//1013
f 1785//1008 1790//1008 1791//1008
f 1785//1008 1791//1008 1784//1008
f 1767//1014 1829//1014 1828//1014
f 1767//1015 1828//1015 1768//1015
f 1768//1016 1828//1016 1770//1016
f 1832//1017 1834//1017 1775//1017
f 1832//1018 1775//1018 1777//1018
f 1774//1019 1777//1019 1775//1019
f 1774//1020 1775//1020 1776//1020
f 1777//1008 1774//1008 1772//1008
f 1777//1008 1772//1008 1773//1008
f 1775//1021 1834//1021 1833//1021
f 1775//1022 1833//1022 1776//1022
f 1777//1023 1773//1023 1832//1023
f 1781//1024 1837//1024 1838//1024
f 1781//1025 1838//1025 1778//1025
f 1835//1026 1837//1026 1781//1026
f 1835//1027 1781//1027 1780//1027
f 1780//1028 1783//1028 1835//1028
f 1780//1029 1781//1029 1778//1029
f 1780//1029 1778//1029 1779//1029
f 1782//1008 1783//1008 1780//1008
f 1782//1008 1780//1008 1779//1008
f 1782//1030 1836//1030 1835//1030
f 1782//1031 1835//1031 1783//1031
f 1846//1032 1847//1032 1793//1032
f 1846//1033 1793//1033 1791//1033
f 1855//1034 1856//1034 1802//1034
f 1855//1035 1802//1035 1800//1035
f 1857//1036 1854//1036 1798//1036
f 1857//1037 1798//1037 1797//1037
f 1745//1038 1742//1038 1812//1038
f 1854//1039 1855//1039 1800//1039
f 1854//1040 1800//1040 1798//1040
f 1802//1041 1856//1041 1853//1041
f 1802//1042 1853//1042 1801//1042
f 1801//1043 1800//1043 1802//1043
f 1851//1044 1857//1044 1797//1044
f 1851//1045 1797//1045 1796//1045
f 1864//1046 1862//1046 1861//1046
f 1864//1046 1861//1046 1860//1046
f 1864//1047 1865//1047 1863//1047
f 1864//1047 1863//1047 1862//1047
f 1858//1008 1863//1008 1865//1008
f 1858//1008 1865//1008 1859//1008
f 1860//1048 1861//1048 1858//1048
f 1860//1048 1858//1048 1859//1048
f 1861//1049 1862//1049 1863//1049
f 1861//1049 1863//1049 1858//1049
f 1795//1050 1850//1050 1849//1050
f 1795//1051 1849//1051 1794//1051
f 1847//1052 1851//1052 1796//1052
f 1847//1053 1796//1053 1793//1053
f 1791//1054 1793//1054 1794//1054
f 1791//1055 1794//1055 1786//1055
f 1792//1056 1848//1056 1845//1056
f 1792//1057 1845//1057 1790//1057
f 1789//1058 1844//1058 1848//1058
f 1789//1059 1848//1059 1792//1059
f 1794//1060 1849//1060 1841//1060
f 1794//1061 1841//1061 1786//1061
f 1784//1062 1791//1062 1786//1062
f 1799//1063 1852//1063 1850//1063
f 1799//1064 1850//1064 1795//1064
f 1798//1065 1800//1065 1801//1065
f 1798//1065 1801//1065 1799//1065
f 1801//1066 1853//1066 1852//1066
f 1801//1067 1852//1067 1799//1067
f 1793//1068 1796//1068 1794//1068
f 1796//1069 1797//1069 1795//1069
f 1796//1069 1795//1069 1794//1069
f 1797//1070 1798//1070 1799//1070
f 1797//1070 1799//1070 1795//1070
f 1772//1071 1774//1071 1831//1071
f 1747//1072 1748//1072 1736//1072
f 1747//1072 1736//1072 1746//1072
f 1736//1008 1748//1008 1749//1008
f 1736//1008 1749//1008 1737//1008
f 1749//1073 1813//1073 1806//1073
f 1749//1074 1806//1074 1737//1074
f 1745//1075 1812//1075 1811//1075
f 1745//1076 1811//1076 1744//1076
f 1745//1008 1744//1008 1743//1008
f 1745//1008 1743//1008 1742//1008
f 1741//1077 1809//1077 1812//1077
f 1741//1078 1812//1078 1742//1078
f 1746//1079 1814//1079 1815//1079
f 1746//1080 1815//1080 1747//1080
f 1751//1081 1752//1081 1817//1081
f 1754//1082 1755//1082 1752//1082
f 1754//1082 1752//1082 1753//1082
f 1753//1008 1752//1008 1751//1008
f 1753//1008 1751//1008 1750//1008
f 1806//1083 1814//1083 1746//1083
f 1806//1084 1746//1084 1736//1084
f 1734//1085 1807//1085 1805//1085
f 1734//1085 1805//1085 1735//1085
f 1751//1086 1817//1086 1816//1086
f 1751//1087 1816//1087 1750//1087
f 1733//1088 1735//1088 1804//1088
f 1733//1089 1804//1089 1731//1089
f 1804//1090 1735//1090 1805//1090
f 1806//1091 1736//1091 1737//1091
f 1731//1092 1804//1092 1803//1092
f 1731//1092 1803//1092 1730//1092
f 1732//1093 1733//1093 1731//1093
f 1732//1093 1731//1093 1730//1093
f 1734//1094 1735//1094 1733//1094
f 1734//1094 1733//1094 1732//1094
f 1803//1095 1734//1095 1732//1095
f 1803//1096 1732//1096 1730//1096
f 1740//1097 1810//1097 1809//1097
f 1740//1098 1809//1098 1741//1098
f 1811//1099 1810//1099 1740//1099
f 1811//1100 1740//1100 1743//1100
f 1744//1101 1811//1101 1743//1101
f 1803//1102 1807//1102 1734//1102
f 1738//1103 1808//1103 1739//1103
f 1742//1104 1743//1104 1740//1104
f 1742//1104 1740//1104 1741//1104
f 1754//1105 1819//1105 1818//1105
f 1754//1106 1818//1106 1755//1106
f 1763//1107 1826//1107 1824//1107
f 1763//1108 1824//1108 1764//1108
f 1761//1109 1764//1109 1824//1109
f 1768//1110 1769//1110 1766//1110
f 1768//1110 1766//1110 1767//1110
f 1765//1111 1825//1111 1826//1111
f 1765//1112 1826//1112 1763//1112
f 1820//1113 1822//1113 1758//1113
f 1820//1114 1758//1114 1759//1114
f 1759//1115 1756//1115 1820//1115
f 1770//1008 1771//1008 1769//1008
f 1770//1008 1769//1008 1768//1008
f 1769//1116 1771//1116 1827//1116
f 1755//1117 1818//1117 1817//1117
f 1755//1118 1817//1118 1752//1118
f 1772//1119 1831//1119 1832//1119
f 1772//1120 1832//1120 1773//1120
f 1770//1121 1828//1121 1827//1121
f 1770//1122 1827//1122 1771//1122
f 1766//1123 1830//1123 1829//1123
f 1766//1124 1829//1124 1767//1124
f 1827//1125 1830//1125 1766//1125
f 1827//1126 1766//1126 1769//1126
f 1753//1107 1819//1107 1754//1107
f 1739//1127 1808//1127 1820//1127
f 1739//1128 1820//1128 1756//1128
f 1757//1129 1821//1129 1808//1129
f 1757//1130 1808//1130 1738//1130
f 1747//1131 1815//1131 1813//1131
f 1747//1132 1813//1132 1748//1132
f 1749//1133 1748//1133 1813//1133
f 1750//1134 1816//1134 1819//1134
f 1750//1135 1819//1135 1753//1135
f 1738//1136 1759//1136 1758//1136
f 1738//1136 1758//1136 1757//1136
f 1762//1081 1760//1081 1823//1081
f 1762//1137 1765//1137 1763//1137
f 1762//1138 1763//1138 1764//1138
f 1762//1008 1764//1008 1761//1008
f 1762//1008 1761//1008 1760//1008
f 1739//1008 1756//1008 1759//1008
f 1739//1008 1759//1008 1738//1008
f 1822//1139 1821//1139 1757//1139
f 1822//1140 1757//1140 1758//1140
f 1761//1141 1824//1141 1823//1141
f 1761//1142 1823//1142 1760//1142
o Turret_01_havok_s_armor_22_22
v -0.895125 1.757561 0.109130
v -0.940522 1.700016 0.145573
v -0.998695 1.700016 0.021563
v -0.942333 1.752252 0.033214
v -0.891778 1.757979 0.115115
v -0.840355 1.762923 0.185822
v -0.858820 1.700016 0.265866
v -0.781553 1.768390 0.263991
v -1.042524 1.700016 -0.108154
v -1.007590 1.742496 -0.106304
v -0.979406 1.746861 -0.043888
v -0.977912 1.747116 -0.040237
v -1.062449 1.700016 -0.200756
v -1.040017 1.735615 -0.204711
v -1.013941 1.741302 -0.119940
v 0.741011 1.700016 0.397381
v 0.773774 1.768947 0.271971
v 0.858806 1.700016 0.265866
v 0.935490 1.700016 0.153358
v 0.840342 1.762923 0.185822
v 0.891764 1.757979 0.115115
v 0.895111 1.757560 0.109131
v 0.781540 1.768389 0.263991
v 0.998683 1.700016 0.021563
v 0.942320 1.752252 0.033214
v 1.047011 1.700016 -0.119538
v 0.979393 1.746860 -0.043888
v 1.013929 1.741302 -0.119940
v 0.977900 1.747116 -0.040237
v 1.062437 1.700016 -0.200756
v 1.040004 1.735615 -0.204711
vn -0.5653 -0.6527 -0.5044
vn -0.6008 -0.6900 -0.4037
vn -0.5968 -0.7041 -0.3848
vn -0.6472 -0.6950 -0.3134
vn -0.5963 -0.6922 -0.4065
vn -0.6711 -0.6410 -0.3725
vn -0.6489 -0.6944 -0.3111
vn -0.8154 -0.5377 -0.2147
vn -0.7713 -0.6194 -0.1465
vn -0.6827 -0.6734 -0.2836
vn -0.7212 -0.6461 -0.2498
vn -0.7444 -0.5994 -0.2942
vn -0.7236 -0.6442 -0.2478
vn -0.5648 -0.6519 -0.5059
vn 0.6008 -0.6900 -0.4037
vn 0.5974 -0.6917 -0.4058
vn 0.6413 -0.7020 -0.3096
vn 0.5968 -0.7041 -0.3848
vn 0.6711 -0.6410 -0.3725
vn 0.6456 -0.7011 -0.3028
vn 0.7444 -0.5994 -0.2942
vn 0.7264 -0.6420 -0.2454
vn 0.8154 -0.5376 -0.2147
vn 0.7870 -0.5932 -0.1693
vn 0.6827 -0.6734 -0.2836
vn 0.7211 -0.6462 -0.2500
s 0
f 1883//1143 1882//1143 1888//1143
f 1883//1144 1888//1144 1885//1144
f 1884//1145 1885//1145 1886//1145
f 1884//1146 1886//1146 1887//1146
f 1884//1147 1883//1147 1885//1147
f 1887//1148 1890//1148 1889//1148
f 1887//1149 1889//1149 1884//1149
f 1893//1150 1896//1150 1895//1150
f 1893//1151 1895//1151 1891//1151
f 1889//1152 1890//1152 1894//1152
f 1889//1153 1894//1153 1892//1153
f 1892//1154 1893//1154 1891//1154
f 1892//1155 1891//1155 1889//1155
f 1881//1156 1882//1156 1883//1156
f 1871//1157 1873//1157 1872//1157
f 1871//1158 1872//1158 1867//1158
f 1867//1159 1866//1159 1870//1159
f 1867//1160 1870//1160 1871//1160
f 1868//1161 1869//1161 1866//1161
f 1868//1162 1866//1162 1867//1162
f 1874//1163 1875//1163 1876//1163
f 1874//1164 1876//1164 1868//1164
f 1880//1163 1875//1163 1874//1163
f 1878//1165 1879//1165 1880//1165
f 1878//1166 1880//1166 1874//1166
f 1877//1167 1869//1167 1868//1167
f 1877//1168 1868//1168 1876//1168
o Hull_havok_s_armor_11_0
v -0.565032 1.673755 1.213175
v -0.565032 1.611999 2.391559
v -0.564532 1.542067 2.388393
v -0.564532 1.603877 1.209013
v -1.170032 1.611999 2.391560
v -1.170531 1.542068 2.388395
v -1.170531 1.545471 2.323483
v -1.170031 1.615399 2.326648
v -1.309809 1.615399 2.326648
v -1.310821 1.545717 2.323508
v -1.170531 1.603877 1.209013
v -1.170031 1.673755 1.212129
v -1.350031 1.670352 1.278086
v -1.170031 1.670352 1.278087
v -1.170531 1.600475 1.273924
v -1.350030 1.600668 1.274946
v 0.564468 1.542066 2.388395
v 0.564969 1.611996 2.391559
v 0.564969 1.673752 1.213174
v 0.564468 1.603875 1.209013
v 1.170467 1.542066 2.388395
v 1.169968 1.613081 2.391559
v 1.170468 1.545468 2.323483
v 1.310759 1.545715 2.323507
v 1.309746 1.615398 2.326648
v 1.169968 1.615398 2.326648
v 1.170467 1.603875 1.209012
v 1.169968 1.673752 1.213175
v 1.349967 1.670351 1.278086
v 1.349967 1.600667 1.274946
v 1.170467 1.600473 1.273924
v 1.169968 1.670351 1.278087
vn -0.0000 -0.0452 0.9990
vn -0.0001 -0.0450 0.9990
vn 0.0001 -0.0445 0.9990
vn -1.0000 0.0071 0.0004
vn 1.0000 0.0071 0.0004
vn 1.0000 0.0070 0.0003
vn -0.0000 0.0595 -0.9982
vn 0.0056 0.0450 -0.9990
vn -0.0000 0.0594 -0.9982
vn 0.0001 -0.0450 0.9990
vn -0.0056 0.0450 -0.9990
vn 0.0017 0.0445 -0.9990
s 0
f 1921//1169 1922//1169 1919//1169
f 1921//1170 1919//1170 1920//1170
f 1917//1171 1918//1171 1914//1171
f 1917//1169 1914//1169 1913//1169
f 1915//1172 1916//1172 1913//1172
f 1915//1172 1913//1172 1914//1172
f 1917//1173 1919//1173 1922//1173
f 1917//1174 1922//1174 1918//1174
f 1924//1173 1928//1173 1927//1173
f 1924//1173 1927//1173 1923//1173
f 1927//1175 1928//1175 1925//1175
f 1927//1176 1925//1176 1926//1176
f 1915//1175 1924//1175 1923//1175
f 1915//1177 1923//1177 1916//1177
f 1905//1178 1906//1178 1903//1178
f 1905//1169 1903//1169 1904//1169
f 1898//1169 1901//1169 1902//1169
f 1898//1169 1902//1169 1899//1169
f 1899//1173 1900//1173 1897//1173
f 1899//1173 1897//1173 1898//1173
f 1901//1172 1904//1172 1903//1172
f 1901//1172 1903//1172 1902//1172
f 1907//1172 1911//1172 1910//1172
f 1907//1172 1910//1172 1908//1172
f 1911//1179 1912//1179 1909//1179
f 1911//1175 1909//1175 1910//1175
f 1907//1180 1908//1180 1897//1180
f 1907//1175 1897//1175 1900//1175
o Hull_havok_s_surveyingDevice_1
v -0.158669 1.675328 -2.627118
v -0.272052 1.675328 -2.544840
v -0.257112 1.675328 -2.524271
v -0.143729 1.675328 -2.606548
v -0.070897 1.676328 -2.662497
v -0.070897 1.676328 -2.636991
v 0.071032 1.676328 -2.636991
v 0.071032 1.676328 -2.662497
v 0.155335 1.675328 -2.629174
v 0.274054 1.675328 -2.542921
v 0.140395 1.675328 -2.608468
v 0.259114 1.675328 -2.522214
v -0.179038 1.623156 -2.612432
v -0.159592 1.620121 -2.626561
v -0.186371 1.624036 -2.607104
v -0.212062 1.625485 -2.588438
v -0.251803 1.623157 -2.559564
v -0.218778 1.625485 -2.583559
v -0.249438 1.648542 -2.514548
v -0.271255 1.620566 -2.545431
v -0.148483 1.649658 -2.588528
v -0.170227 1.651562 -2.573808
v -0.184589 1.652158 -2.563712
v -0.203753 1.652158 -2.549789
v -0.238511 1.649658 -2.523119
v -0.136906 1.648354 -2.596200
v -0.070998 1.614863 -2.662496
v -0.070998 1.643811 -2.626954
v -0.000366 1.649387 -2.624833
v 0.071002 1.646411 -2.623492
v -0.070998 1.646443 -2.623507
v -0.000366 1.620512 -2.662496
v 0.052236 1.617699 -2.662496
v -0.052968 1.617700 -2.662496
v 0.071001 1.614746 -2.662496
v 0.071002 1.644875 -2.625504
v 0.156171 1.619704 -2.628512
v 0.178305 1.623158 -2.612430
v 0.211330 1.625486 -2.588437
v 0.203022 1.652159 -2.549788
v 0.183857 1.652159 -2.563712
v 0.147751 1.649660 -2.588527
v 0.133380 1.648040 -2.598051
v 0.237781 1.649660 -2.523118
v 0.218046 1.625486 -2.583557
v 0.251072 1.623158 -2.559563
v 0.251346 1.648273 -2.512477
v 0.273214 1.620208 -2.543475
vn -0.5879 0.0008 0.8090
vn -0.5878 0.0010 0.8090
vn -0.5878 0.0009 0.8090
vn 0.5340 -0.4180 -0.7349
vn 0.5340 -0.4179 -0.7349
vn -1.0000 0.0005 -0.0004
vn -1.0000 0.0010 -0.0000
vn -0.0000 -0.0000 1.0000
vn 0.8090 0.0191 0.5875
vn 0.8109 0.0149 0.5850
vn -0.8091 0.0182 -0.5873
vn -0.8108 0.0223 -0.5850
vn 0.5339 -0.4179 -0.7351
vn -0.5877 0.0008 0.8091
vn -0.5877 0.0008 0.8090
vn 0.5341 -0.4179 -0.7349
vn 0.5338 -0.4184 -0.7349
vn 0.5340 -0.4179 -0.7350
vn -0.0000 -1.0000 -0.0000
vn 1.0000 -0.0017 0.0013
vn 1.0000 -0.0034 -0.0000
vn 0.5878 -0.0002 0.8090
vn -0.5334 -0.4213 -0.7335
vn -0.5337 -0.4175 -0.7355
vn -0.5335 -0.4203 -0.7340
vn -0.5335 -0.4199 -0.7343
vn 0.8088 0.0181 -0.5878
vn 0.8090 0.0185 -0.5876
vn 0.5876 -0.0017 0.8091
vn 0.5873 -0.0015 0.8094
vn -0.5334 -0.4194 -0.7346
vn -0.5334 -0.4195 -0.7345
vn -0.0000 -0.4113 -0.9115
vn 1.0000 -0.0016 0.0013
vn -0.8095 0.0194 0.5868
vn -0.8089 0.0208 0.5875
vn -0.5342 -0.4172 -0.7352
s 0
f 1965//1181 1966//1181 1937//1181
f 1966//1182 1967//1182 1938//1182
f 1966//1183 1938//1183 1937//1183
f 1939//1184 1968//1184 1969//1184
f 1939//1185 1969//1185 1970//1185
f 1936//1186 1964//1186 1958//1186
f 1936//1187 1958//1187 1935//1187
f 1933//1188 1960//1188 1961//1188
f 1933//1188 1961//1188 1936//1188
f 1933//1188 1955//1188 1962//1188
f 1933//1188 1962//1188 1960//1188
f 1936//1188 1961//1188 1963//1188
f 1936//1186 1963//1186 1964//1186
f 1971//1189 1965//1189 1937//1189
f 1971//1190 1937//1190 1939//1190
f 1938//1191 1976//1191 1975//1191
f 1938//1192 1975//1192 1940//1192
f 1975//1193 1972//1193 1940//1193
f 1938//1194 1974//1194 1976//1194
f 1938//1183 1967//1183 1973//1183
f 1938//1195 1973//1195 1974//1195
f 1970//1196 1971//1196 1939//1196
f 1972//1197 1968//1197 1939//1197
f 1972//1198 1939//1198 1940//1198
f 1938//1199 1940//1199 1939//1199
f 1938//1199 1939//1199 1937//1199
f 1959//1200 1956//1200 1933//1200
f 1959//1201 1933//1201 1934//1201
f 1930//1202 1948//1202 1945//1202
f 1949//1203 1950//1203 1931//1203
f 1949//1204 1931//1204 1932//1204
f 1931//1205 1950//1205 1951//1205
f 1931//1206 1951//1206 1952//1206
f 1947//1207 1948//1207 1930//1207
f 1947//1208 1930//1208 1931//1208
f 1941//1209 1942//1209 1929//1209
f 1941//1210 1929//1210 1930//1210
f 1943//1202 1941//1202 1930//1202
f 1943//1202 1930//1202 1944//1202
f 1946//1202 1944//1202 1930//1202
f 1946//1202 1930//1202 1945//1202
f 1953//1211 1947//1211 1931//1211
f 1953//1212 1931//1212 1952//1212
f 1935//1213 1958//1213 1957//1213
f 1935//1213 1957//1213 1934//1213
f 1936//1199 1935//1199 1934//1199
f 1936//1199 1934//1199 1933//1199
f 1957//1213 1959//1213 1934//1213
f 1955//1214 1933//1214 1956//1214
f 1929//1199 1932//1199 1931//1199
f 1929//1199 1931//1199 1930//1199
f 1929//1215 1942//1215 1954//1215
f 1929//1216 1954//1216 1932//1216
f 1954//1217 1949//1217 1932//1217
o Hull_havok_s_armor_1_2
v -0.231693 1.574257 -2.649582
v -0.289838 1.584351 -2.592338
v -0.968511 1.400033 -3.637712
v 0.968448 1.400036 -3.637682
v -0.084074 1.561921 -2.719551
v -0.162043 1.566657 -2.692691
v 0.083343 1.561921 -2.719551
v -0.000184 1.560347 -2.728475
v 0.231115 1.574281 -2.649451
v 0.161312 1.566657 -2.692691
v 1.183416 1.700024 -1.936293
v 0.289497 1.584440 -2.591834
v 0.332857 1.596421 -2.523877
v -0.361068 1.638408 -2.285753
v -0.333853 1.651937 -2.209023
v -1.183479 1.700024 -1.936293
v -0.370250 1.624254 -2.366024
v -0.361007 1.609979 -2.446984
v -0.333867 1.596512 -2.523367
v -0.333587 1.596422 -2.523878
v 0.333135 1.596511 -2.523368
v 0.360330 1.610026 -2.446716
v 0.369520 1.624254 -2.366024
v 0.360264 1.638463 -2.285437
v 0.231065 1.674167 -2.082940
v 0.289299 1.664051 -2.140311
v 0.332999 1.651975 -2.208804
v 0.230649 1.674218 -2.082653
v 0.161373 1.681776 -2.039785
v 0.085504 1.685563 -2.018309
v 0.160692 1.681826 -2.039500
v 0.077815 1.685891 -2.016447
v -0.004532 1.686088 -2.015333
v 0.003800 1.686087 -2.015333
v -0.290029 1.664051 -2.140312
v -0.231796 1.674167 -2.082941
v -0.231380 1.674218 -2.082653
v -0.162104 1.681776 -2.039784
v -0.161422 1.681827 -2.039499
v -0.086235 1.685563 -2.018308
v -0.078545 1.685891 -2.016447
vn -0.0000 -0.9848 0.1736
vn -0.0000 -0.9848 0.1740
vn -0.0000 -0.9847 0.1741
vn -0.0000 -0.9848 0.1737
vn -0.0000 -0.9849 0.1734
vn 0.0002 -0.9848 0.1736
s 0
f 2006//1218 2007//1218 1987//1218
f 2006//1218 1987//1218 2008//1218
f 2010//1218 2008//1218 1987//1218
f 2010//1219 1987//1219 2009//1219
f 2004//1220 2001//1220 1987//1220
f 2004//1218 1987//1218 2005//1218
f 1999//1218 1998//1218 1987//1218
f 1999//1218 1987//1218 2000//1218
f 1987//1218 2001//1218 2002//1218
f 1987//1218 2002//1218 2003//1218
f 2000//1218 1987//1218 2003//1218
f 2016//1218 2017//1218 1992//1218
f 2017//1221 2009//1221 1987//1221
f 2017//1218 1987//1218 1992//1218
f 1992//1222 2014//1222 2015//1222
f 1992//1218 2015//1218 2016//1218
f 1992//1218 1991//1218 2011//1218
f 1992//1218 2011//1218 2012//1218
f 1992//1221 2012//1221 2013//1221
f 1992//1218 2013//1218 2014//1218
f 1986//1218 1983//1218 1980//1218
f 1986//1218 1980//1218 1985//1218
f 1980//1218 1987//1218 1985//1218
f 1984//1218 1981//1218 1980//1218
f 1984//1218 1980//1218 1983//1218
f 1977//1218 1978//1218 1979//1218
f 1977//1218 1979//1218 1980//1218
f 1982//1218 1977//1218 1980//1218
f 1982//1218 1980//1218 1981//1218
f 1988//1218 1985//1218 1987//1218
f 1988//1218 1987//1218 1989//1218
f 1979//1218 1978//1218 1996//1218
f 1979//1223 1996//1223 1995//1223
f 1997//1218 1987//1218 1998//1218
f 1994//1218 1979//1218 1995//1218
f 1979//1218 1990//1218 1991//1218
f 1979//1218 1991//1218 1992//1218
f 1993//1218 1990//1218 1979//1218
f 1993//1218 1979//1218 1994//1218
o Hull_havok_s_armor_2_3
v 0.968449 1.400036 -3.637682
v -0.968512 1.400033 -3.637712
v -1.005031 1.058676 -3.351169
v 1.005000 1.058674 -3.348643
vn -0.0010 0.6461 0.7632
vn -0.0000 0.6429 0.7659
s 0
f 2020//1224 2021//1224 2018//1224
f 2020//1225 2018//1225 2019//1225
o Hull_havok_s_armor_3_4
v -1.350031 1.180027 -0.618099
v -1.350031 1.700024 -0.618099
v -1.350031 1.700024 0.711900
v -1.350031 1.180026 2.201900
v -1.350030 1.600668 1.274946
v -1.350031 1.551841 2.201900
v -1.350031 1.670352 1.278087
v -1.310821 1.545717 2.323509
v -1.005033 1.565860 3.271897
v -1.005033 1.180026 3.271898
v -1.309809 1.615399 2.326647
v -1.005031 1.180028 -3.348676
v -1.183479 1.700024 -1.936293
v -0.968512 1.400033 -3.637712
v -1.005031 1.058676 -3.351169
v -1.005033 1.110026 3.271898
v -1.005033 0.420032 2.581903
v -1.005031 0.935907 -3.227247
v -1.005031 0.724630 -2.950114
v -1.005031 0.420030 -2.471990
v 1.005000 0.420028 -2.471988
v 1.005002 1.110024 3.272844
v 1.005016 1.180024 3.271898
v 1.005000 0.724629 -2.950114
v 1.005000 0.420030 2.581766
v 1.005000 0.935906 -3.225658
v 1.005011 1.180027 -3.348642
v 1.005000 1.058674 -3.348643
v 1.349999 1.180025 -0.618099
v 1.350000 1.180024 2.201899
v 1.349968 1.551840 2.201899
v 1.349968 1.600667 1.274946
v 1.349968 1.700024 0.711900
v 1.349968 1.700024 -0.618099
v 1.349968 1.670351 1.278087
v 1.310759 1.545715 2.323507
v 1.004968 1.565859 3.271897
v 1.309746 1.615397 2.326647
v 1.183416 1.700024 -1.936293
v 0.968449 1.400037 -3.637681
vn -1.0000 0.0001 -0.0000
vn -1.0000 -0.0000 -0.0000
vn -1.0000 -0.0001 -0.0000
vn -1.0000 0.0002 -0.0000
vn -0.9518 -0.0000 -0.3069
vn -0.9921 -0.0001 0.1254
vn -0.9921 -0.0001 0.1253
vn -0.9921 0.0001 0.1256
vn -0.9921 -0.0002 0.1254
vn -0.9518 -0.0001 -0.3069
vn 0.9518 -0.0000 -0.3069
vn 1.0000 -0.0000 -0.0000
vn 0.9921 -0.0000 0.1254
vn 0.9921 -0.0000 0.1253
vn 0.9923 -0.0025 0.1235
s 0
f 2044//1226 2048//1226 2049//1226
f 2044//1227 2049//1227 2047//1227
f 2052//1228 2053//1228 2050//1228
f 2052//1228 2050//1228 2051//1228
f 2054//1228 2055//1228 2050//1228
f 2054//1227 2050//1227 2053//1227
f 2044//1227 2045//1227 2042//1227
f 2044//1229 2042//1229 2043//1229
f 2043//1227 2042//1227 2046//1227
f 2047//1227 2045//1227 2044//1227
f 2059//1230 2057//1230 2058//1230
f 2050//1231 2055//1231 2060//1231
f 2050//1232 2060//1232 2048//1232
f 2061//1233 2049//1233 2048//1233
f 2061//1234 2048//1234 2060//1234
f 2056//1227 2054//1227 2053//1227
f 2044//1235 2058//1235 2057//1235
f 2044//1235 2057//1235 2051//1235
f 2052//1235 2051//1235 2057//1235
f 2029//1236 2030//1236 2031//1236
f 2029//1236 2031//1236 2025//1236
f 2027//1236 2029//1236 2025//1236
f 2032//1236 2030//1236 2029//1236
f 2024//1237 2025//1237 2022//1237
f 2024//1237 2022//1237 2023//1237
f 2025//1237 2024//1237 2026//1237
f 2025//1237 2026//1237 2027//1237
f 2028//1237 2026//1237 2024//1237
f 2031//1237 2037//1237 2033//1237
f 2038//1237 2040//1237 2039//1237
f 2038//1237 2039//1237 2036//1237
f 2040//1237 2038//1237 2041//1237
f 2022//1238 2033//1238 2034//1238
f 2022//1238 2034//1238 2023//1238
f 2035//1239 2034//1239 2033//1239
f 2035//1240 2033//1240 2036//1240
f 2033//1237 2037//1237 2038//1237
f 2033//1237 2038//1237 2036//1237
o Hull_havok_s_armor_4_5
v 1.005001 1.110025 3.272844
v 1.005000 0.420030 2.581766
v -1.005033 0.420032 2.581903
v -1.005033 1.110026 3.271898
vn 0.0003 0.7071 -0.7071
vn -0.0000 0.7077 -0.7066
s 0
f 2064//1241 2065//1241 2062//1241
f 2064//1242 2062//1242 2063//1242
o Hull_havok_s_armor_5_6
v -1.350031 1.700024 0.711900
v -0.521932 1.700024 0.393039
v -0.359513 1.700024 0.479854
v -0.183279 1.700024 0.533314
v -0.664293 1.700024 0.276206
v -0.867941 1.700024 -0.028575
v -0.781127 1.700024 0.133844
v -1.350031 1.700024 -0.618100
v -0.921402 1.700024 -0.571366
v -0.939453 1.700024 -0.388088
v -0.921402 1.700024 -0.204810
v 1.349968 1.700024 0.711900
v 0.183278 1.700023 0.533314
v 0.000000 1.700023 0.551365
v 0.781128 1.700023 0.133845
v 1.349968 1.700024 -0.618100
v 0.867943 1.700023 -0.028575
v 0.921402 1.700023 -0.204810
v 0.939454 1.700023 -0.388088
v 0.921402 1.700023 -0.571366
v 0.664294 1.700023 0.276206
v 0.521933 1.700023 0.393040
v 0.359513 1.700023 0.479854
v -1.183479 1.700024 -1.936293
v 1.183416 1.700024 -1.936293
v 0.359513 1.700024 -1.256029
v 0.183279 1.700024 -1.309490
v 0.000000 1.700024 -1.327541
v -0.183278 1.700024 -1.309490
v -0.359513 1.700024 -1.256030
v -0.521931 1.700024 -1.169214
v -0.664293 1.700024 -1.052382
v -0.781127 1.700024 -0.910020
v -0.867941 1.700024 -0.747601
v 0.867942 1.700023 -0.747601
v 0.781127 1.700023 -0.910020
v 0.664294 1.700024 -1.052381
v 0.521933 1.700024 -1.169214
vn -0.0000 -1.0000 -0.0000
s 0
f 2089//1243 2094//1243 2095//1243
f 2089//1243 2095//1243 2096//1243
f 2096//1243 2097//1243 2073//1243
f 2096//1243 2073//1243 2089//1243
f 2089//1243 2092//1243 2093//1243
f 2089//1243 2093//1243 2094//1243
f 2077//1243 2078//1243 2088//1243
f 2077//1243 2088//1243 2087//1243
f 2091//1243 2092//1243 2089//1243
f 2091//1243 2089//1243 2090//1243
f 2073//1243 2097//1243 2098//1243
f 2073//1243 2098//1243 2099//1243
f 2081//1243 2085//1243 2090//1243
f 2103//1243 2091//1243 2090//1243
f 2103//1243 2090//1243 2102//1243
f 2101//1243 2102//1243 2090//1243
f 2099//1243 2074//1243 2073//1243
f 2090//1243 2085//1243 2100//1243
f 2090//1243 2100//1243 2101//1243
f 2074//1243 2075//1243 2066//1243
f 2074//1243 2066//1243 2073//1243
f 2076//1243 2071//1243 2066//1243
f 2076//1243 2066//1243 2075//1243
f 2072//1243 2070//1243 2066//1243
f 2072//1243 2066//1243 2071//1243
f 2066//1243 2067//1243 2068//1243
f 2066//1243 2068//1243 2069//1243
f 2070//1243 2067//1243 2066//1243
f 2077//1243 2066//1243 2078//1243
f 2081//1243 2083//1243 2084//1243
f 2081//1243 2084//1243 2085//1243
f 2086//1243 2080//1243 2077//1243
f 2086//1243 2077//1243 2087//1243
f 2081//1243 2080//1243 2082//1243
f 2081//1243 2082//1243 2083//1243
f 2066//1243 2069//1243 2079//1243
f 2066//1243 2079//1243 2078//1243
f 2077//1243 2080//1243 2081//1243
o Hull_havok_s_armor_6_7
v -1.005033 0.420032 2.581903
v 1.005000 0.420030 2.581766
v 1.005001 0.420028 -2.471988
v -1.005031 0.420030 -2.471991
vn -0.0000 1.0000 -0.0000
s 0
f 2106//1244 2107//1244 2104//1244
f 2106//1244 2104//1244 2105//1244
o Hull_havok_s_armor_7_8
v 0.309029 1.654748 -2.401813
v 0.321612 1.659440 -2.329201
v 0.318152 1.663747 -2.271350
v 0.231956 1.681916 -2.465250
v 0.220001 1.685328 -2.474027
v 0.184453 1.685328 -2.507940
v 0.251460 1.648266 -2.512328
v 0.294243 1.604082 -2.553023
v 0.237933 1.649673 -2.523100
v -0.271379 1.620587 -2.545443
v -0.249358 1.648522 -2.514722
v -0.232685 1.681916 -2.465250
v -0.220731 1.685328 -2.474027
v -0.185183 1.685328 -2.507940
v -0.309759 1.654748 -2.401813
v -0.238662 1.649673 -2.523100
v -0.322342 1.659440 -2.329201
v -0.318881 1.663747 -2.271350
v 0.089134 1.598026 -2.679497
v 0.157714 1.603655 -2.651569
v 0.043520 1.605191 -2.679497
v -0.000522 1.607494 -2.679497
v -0.000522 1.649375 -2.624838
v -0.000522 1.620502 -2.662341
v 0.052328 1.617687 -2.662341
v 0.070888 1.614744 -2.662341
v -0.053058 1.617687 -2.662341
v -0.044249 1.605191 -2.679497
v 0.133491 1.648052 -2.598107
v 0.156141 1.619691 -2.628429
v 0.094482 1.681916 -2.564992
v -0.000522 1.676584 -2.589330
v 0.106751 1.685328 -2.556215
v 0.147647 1.649673 -2.588532
v 0.183824 1.652147 -2.563796
v 0.149849 1.685328 -2.533075
v 0.273166 1.620203 -2.543448
v 0.251145 1.623146 -2.559407
v 0.203014 1.652147 -2.549831
v 0.218114 1.625491 -2.583744
v 0.226293 1.611076 -2.601698
v 0.194205 1.609285 -2.624838
v 0.211193 1.625491 -2.588532
v 0.178162 1.623146 -2.612470
v 0.258066 1.609285 -2.578557
v -0.158443 1.603655 -2.651569
v -0.089864 1.598026 -2.679497
v -0.070989 1.614872 -2.662341
v -0.095212 1.681916 -2.564992
v -0.159702 1.620118 -2.626434
v -0.137052 1.648351 -2.596112
v -0.148377 1.649673 -2.588532
v -0.178891 1.623146 -2.612470
v -0.170083 1.651550 -2.573770
v -0.186442 1.624041 -2.607283
v -0.107481 1.685328 -2.556215
v -0.150579 1.685328 -2.533075
v -0.294973 1.604082 -2.553023
v -0.203744 1.652147 -2.549831
v -0.251875 1.623146 -2.559407
v -0.218844 1.625491 -2.583744
v -0.184554 1.652147 -2.563796
v -0.194935 1.609285 -2.624838
v -0.227023 1.611076 -2.601698
v -0.211923 1.625491 -2.588532
v -0.258796 1.609285 -2.578557
v 0.282484 1.649955 -2.472495
v 0.360329 1.610026 -2.446716
v 0.369520 1.624254 -2.366024
v 0.333135 1.596511 -2.523368
v 0.360264 1.638463 -2.285437
v 0.332999 1.651975 -2.208804
v 0.251748 1.694766 -2.185921
v 0.269527 1.694766 -2.254804
v 0.289298 1.664051 -2.140311
v 0.268871 1.694766 -2.325940
v 0.249826 1.694767 -2.394484
v 0.213690 1.694767 -2.455761
v 0.162925 1.694767 -2.505600
v -0.214421 1.694767 -2.455761
v -0.163656 1.694767 -2.505600
v -0.283215 1.649955 -2.472495
v -0.250557 1.694767 -2.394483
v -0.361006 1.609979 -2.446984
v -0.370250 1.624254 -2.366024
v -0.333866 1.596512 -2.523367
v -0.269602 1.694766 -2.325940
v -0.270257 1.694766 -2.254804
v -0.333853 1.651937 -2.209022
v -0.252479 1.694766 -2.185922
v -0.361068 1.638408 -2.285753
v 0.216749 1.694766 -2.123987
v 0.231065 1.674167 -2.082940
v 0.230649 1.674218 -2.082653
v 0.161373 1.681776 -2.039785
v 0.166911 1.694766 -2.073221
v 0.160692 1.681826 -2.039500
v 0.085503 1.685563 -2.018309
v 0.105632 1.694766 -2.037085
v 0.077815 1.685891 -2.016448
v 0.037088 1.694766 -2.016447
v 0.003800 1.686087 -2.015333
v -0.037818 1.694766 -2.016447
v -0.004532 1.686087 -2.015333
v -0.078545 1.685891 -2.016447
v -0.161421 1.681827 -2.039499
v -0.167641 1.694766 -2.073221
v -0.106363 1.694766 -2.037086
v -0.086235 1.685563 -2.018309
v -0.162104 1.681776 -2.039784
v -0.231379 1.674218 -2.082653
v -0.217478 1.694766 -2.123987
v -0.231796 1.674167 -2.082941
v -0.290029 1.664051 -2.140312
v 0.083343 1.561921 -2.719551
v 0.161312 1.566656 -2.692691
v -0.000184 1.560347 -2.728475
v 0.071001 1.646411 -2.623492
v 0.071001 1.644875 -2.625504
v 0.089268 1.671328 -2.589495
v 0.032108 1.694767 -2.558378
v -0.032839 1.694767 -2.558379
v 0.100992 1.694767 -2.540600
v 0.332856 1.596421 -2.523877
v 0.289498 1.584440 -2.591834
v 0.231115 1.574281 -2.649451
v -0.089999 1.671328 -2.589497
v -0.070998 1.643811 -2.626954
v -0.070998 1.646443 -2.623507
v -0.101721 1.694767 -2.540601
v -0.162043 1.566657 -2.692691
v -0.084074 1.561921 -2.719551
v -0.333586 1.596422 -2.523877
v -0.289837 1.584351 -2.592338
v -0.231693 1.574257 -2.649582
vn -0.3977 -0.7458 0.5345
vn 0.1901 -0.7611 0.6202
vn 0.1215 -0.7695 0.6269
vn 0.1147 -0.7690 0.6289
vn -0.3856 -0.8080 0.4455
vn -0.4178 -0.8010 0.4288
vn -0.4021 -0.7719 0.4924
vn -0.4296 -0.7834 0.4490
vn 0.0419 -0.7940 0.6065
vn 0.0444 -0.7916 0.6094
vn 0.1940 -0.7860 0.5870
vn 0.2681 -0.7969 0.5413
vn 0.2691 -0.7968 0.5410
vn 0.2683 -0.8047 0.5296
vn 0.2867 -0.8023 0.5236
vn 0.0425 -0.7934 0.6072
vn 0.1206 -0.7684 0.6284
vn 0.1212 -0.7717 0.6244
vn 0.1211 -0.7717 0.6243
vn 0.4031 -0.8057 0.4339
vn 0.2561 -0.8027 0.5386
vn -0.3839 -0.7975 0.4654
vn -0.3391 -0.8029 0.4902
vn -0.3917 -0.8000 0.4545
vn -0.3963 -0.8040 0.4433
vn -0.4025 -0.7960 0.4521
vn -0.4122 -0.8021 0.4321
vn -0.3500 -0.8038 0.4810
vn -0.3498 -0.8036 0.4815
vn -0.4535 -0.8013 0.3902
vn -0.4833 -0.7559 0.4416
vn -0.4162 -0.8004 0.4315
vn -0.4192 -0.7989 0.4312
vn -0.4227 -0.7997 0.4263
vn -0.3532 -0.7580 0.5484
vn -0.3153 -0.7454 0.5874
vn -0.3148 -0.7989 0.5126
vn -0.2965 -0.8049 0.5141
vn -0.3391 -0.8030 0.4901
vn -0.3482 -0.8061 0.4785
vn -0.2676 -0.7968 0.5418
vn -0.2740 -0.7959 0.5398
vn -0.3082 -0.8067 0.5043
vn -0.3212 -0.7997 0.5072
vn -0.2687 -0.7956 0.5430
vn -0.2693 -0.8000 0.5361
vn -0.3064 -0.7208 0.6217
vn 0.1406 -0.8976 0.4178
vn 0.0482 -0.8384 0.5429
vn 0.3246 -0.7955 0.5117
vn 0.2746 -0.7974 0.5374
vn 0.3391 -0.8029 0.4902
vn 0.3250 -0.8005 0.5036
vn 0.2723 -0.7967 0.5396
vn 0.2649 -0.8005 0.5376
vn 0.3187 -0.7988 0.5102
vn 0.3500 -0.8038 0.4810
vn 0.4535 -0.8013 0.3902
vn 0.4837 -0.7553 0.4423
vn 0.3532 -0.7580 0.5484
vn 0.3151 -0.7455 0.5872
vn 0.3062 -0.7209 0.6218
vn 0.4178 -0.8010 0.4288
vn 0.4172 -0.7970 0.4367
vn 0.4019 -0.7723 0.4920
vn 0.4297 -0.7833 0.4492
vn 0.3970 -0.7459 0.5348
vn 0.3182 -0.7995 0.5095
vn 0.3231 -0.8027 0.5012
vn 0.3495 -0.8045 0.4802
vn 0.3356 -0.8074 0.4852
vn 0.3839 -0.7975 0.4654
vn 0.3856 -0.8080 0.4455
vn 0.3498 -0.8036 0.4815
vn 0.2685 -0.7976 0.5402
vn 0.1982 -0.7878 0.5832
vn 0.2337 -0.8800 0.4135
vn 0.3199 -0.8388 0.4405
vn 0.2351 -0.8678 0.4379
vn 0.1261 -0.8634 0.4885
vn 0.1060 -0.8678 0.4855
vn 0.0455 -0.7939 0.6063
vn 0.0445 -0.7930 0.6076
vn 0.2828 -0.8017 0.5266
vn 0.2885 -0.8001 0.5259
vn 0.1882 -0.7158 0.6725
vn 0.2023 -0.7368 0.6452
vn 0.3917 -0.8000 0.4545
vn 0.3963 -0.8040 0.4433
vn 0.4152 -0.7999 0.4333
vn 0.4205 -0.8007 0.4267
vn 0.4025 -0.7960 0.4521
vn 0.4122 -0.8021 0.4321
vn 0.0616 -0.7079 0.7036
vn 0.0379 -0.7198 0.6931
vn 0.1146 -0.7296 0.6742
vn 0.4513 -0.8021 0.3910
vn 0.4322 -0.8047 0.4069
vn -0.2351 -0.8678 0.4379
vn 0.4567 -0.8479 0.2693
vn 0.4494 -0.8474 0.2827
vn 0.5348 -0.8196 0.2056
vn 0.5056 -0.8270 0.2460
vn 0.5142 -0.7946 0.3228
vn 0.3439 -0.8712 0.3503
vn 0.3266 -0.8810 0.3424
vn 0.5206 -0.8161 0.2509
vn 0.4859 -0.8301 0.2735
vn 0.4210 -0.8000 0.4275
vn 0.4939 -0.7888 0.3660
vn 0.5408 -0.8276 0.1503
vn 0.5441 -0.8259 0.1477
vn 0.5235 -0.8513 -0.0356
vn 0.5061 -0.8618 0.0339
vn -0.4272 -0.8590 -0.2821
vn -0.4237 -0.8736 -0.2394
vn -0.3343 -0.8585 -0.3889
vn -0.3335 -0.8841 -0.3274
vn 0.5563 -0.8310 0.0051
vn 0.5299 -0.8475 0.0314
vn 0.4899 -0.8626 -0.1264
vn 0.5444 -0.8384 -0.0281
vn 0.5469 -0.8329 0.0843
vn 0.5118 -0.8470 0.1434
vn 0.4879 -0.7909 0.3694
vn -0.5232 -0.8514 -0.0360
vn -0.5061 -0.8618 0.0339
vn -0.4899 -0.8626 -0.1264
vn -0.5445 -0.8383 -0.0285
vn -0.4957 -0.8525 -0.1660
vn -0.5347 -0.8197 0.2054
vn -0.5056 -0.8270 0.2460
vn -0.5144 -0.7946 0.3226
vn -0.5471 -0.8328 0.0840
vn -0.5118 -0.8470 0.1434
vn -0.5408 -0.8276 0.1503
vn -0.5441 -0.8259 0.1477
vn -0.3439 -0.8712 0.3503
vn -0.3266 -0.8810 0.3424
vn -0.4513 -0.8021 0.3910
vn -0.4658 -0.7998 0.3787
vn -0.4228 -0.7996 0.4265
vn -0.4919 -0.7918 0.3621
vn -0.5563 -0.8310 0.0051
vn -0.5299 -0.8475 0.0314
vn -0.4859 -0.8301 0.2735
vn -0.5206 -0.8161 0.2509
vn -0.4567 -0.8479 0.2693
vn -0.4494 -0.8474 0.2826
vn -0.2077 -0.7718 -0.6010
vn -0.2271 -0.8945 -0.3851
vn -0.2845 -0.7969 0.5329
vn -0.1214 -0.7695 0.6269
vn -0.1129 -0.7689 0.6293
vn -0.4031 -0.8057 0.4340
vn -0.2112 -0.7969 0.5660
vn -0.0425 -0.7971 0.6024
vn -0.0416 -0.7962 0.6037
vn -0.1223 -0.7713 0.6246
vn -0.1213 -0.7723 0.6236
vn -0.1901 -0.7611 0.6202
vn -0.0481 -0.8383 0.5431
vn -0.1406 -0.8976 0.4178
vn -0.3037 -0.7959 0.5238
vn -0.2828 -0.8017 0.5266
vn -0.2718 -0.7986 0.5371
vn -0.1947 -0.7912 0.5797
vn -0.2337 -0.8800 0.4135
vn -0.3199 -0.8388 0.4404
vn -0.0000 -0.8622 0.5065
vn -0.1261 -0.8634 0.4885
vn -0.1060 -0.8678 0.4855
vn -0.0454 -0.7940 0.6063
vn -0.0443 -0.7930 0.6076
vn 0.0427 -0.7970 0.6025
vn 0.0419 -0.7961 0.6037
vn 0.2077 -0.7718 -0.6010
vn 0.2271 -0.8945 -0.3851
vn 0.1738 -0.7978 -0.5773
vn 0.1738 -0.7978 -0.5774
vn 0.3335 -0.8841 -0.3274
vn 0.3343 -0.8585 -0.3889
vn -0.1739 -0.7977 -0.5774
vn -0.0000 -0.1272 -0.9919
vn -0.0152 -0.0696 -0.9975
vn 0.0152 -0.0697 -0.9975
vn 0.4272 -0.8590 -0.2821
vn 0.4237 -0.8736 -0.2395
vn -0.1146 -0.7296 0.6742
vn -0.0418 -0.7940 0.6065
vn -0.0443 -0.7916 0.6094
vn -0.0423 -0.7935 0.6071
vn -0.1218 -0.7681 0.6286
vn 0.4958 -0.8525 -0.1659
vn -0.1882 -0.7158 0.6725
vn -0.2023 -0.7368 0.6452
vn -0.0618 -0.7081 0.7034
vn -0.0377 -0.7201 0.6929
s 0
f 2233//1245 2232//1245 2148//1245
f 2153//1246 2154//1246 2234//1246
f 2235//1247 2234//1247 2154//1247
f 2235//1248 2154//1248 2155//1248
f 2145//1249 2147//1249 2152//1249
f 2144//1250 2145//1250 2152//1250
f 2144//1250 2152//1250 2115//1250
f 2152//1251 2148//1251 2232//1251
f 2152//1252 2232//1252 2115//1252
f 2236//1253 2235//1253 2131//1253
f 2236//1254 2131//1254 2130//1254
f 2157//1255 2156//1255 2158//1255
f 2159//1256 2160//1256 2157//1256
f 2159//1257 2157//1257 2158//1257
f 2161//1258 2162//1258 2160//1258
f 2161//1259 2160//1259 2159//1259
f 2134//1260 2131//1260 2235//1260
f 2134//1261 2235//1261 2155//1261
f 2155//1262 2154//1262 2135//1262
f 2155//1263 2135//1263 2134//1263
f 2153//1264 2234//1264 2156//1264
f 2153//1265 2156//1265 2157//1265
f 2148//1266 2152//1266 2147//1266
f 2148//1267 2147//1267 2150//1267
f 2146//1268 2147//1268 2145//1268
f 2146//1269 2145//1269 2116//1269
f 2113//1270 2146//1270 2116//1270
f 2113//1271 2116//1271 2112//1271
f 2143//1272 2142//1272 2146//1272
f 2143//1273 2146//1273 2113//1273
f 2231//1274 2174//1274 2115//1274
f 2231//1275 2115//1275 2232//1275
f 2114//1276 2144//1276 2115//1276
f 2116//1277 2145//1277 2144//1277
f 2116//1278 2144//1278 2114//1278
f 2233//1279 2148//1279 2149//1279
f 2233//1280 2149//1280 2127//1280
f 2151//1281 2150//1281 2142//1281
f 2151//1282 2142//1282 2141//1282
f 2142//1283 2150//1283 2147//1283
f 2142//1284 2147//1284 2146//1284
f 2137//1285 2151//1285 2141//1285
f 2137//1286 2141//1286 2136//1286
f 2150//1287 2151//1287 2149//1287
f 2150//1288 2149//1288 2148//1288
f 2149//1289 2151//1289 2137//1289
f 2149//1290 2137//1290 2127//1290
f 2223//1291 2233//1291 2127//1291
f 2229//1292 2156//1292 2234//1292
f 2229//1293 2234//1293 2139//1293
f 2162//1294 2171//1294 2170//1294
f 2162//1295 2170//1295 2160//1295
f 2172//1296 2168//1296 2171//1296
f 2172//1297 2171//1297 2162//1297
f 2160//1298 2170//1298 2153//1298
f 2160//1299 2153//1299 2157//1299
f 2169//1300 2161//1300 2164//1300
f 2169//1301 2164//1301 2166//1301
f 2165//1302 2189//1302 2240//1302
f 2165//1303 2240//1303 2241//1303
f 2170//1304 2171//1304 2242//1304
f 2170//1305 2242//1305 2153//1305
f 2242//1306 2238//1306 2153//1306
f 2165//1307 2173//1307 2167//1307
f 2165//1308 2167//1308 2117//1308
f 2241//1309 2171//1309 2173//1309
f 2241//1310 2173//1310 2165//1310
f 2241//1311 2242//1311 2171//1311
f 2161//1312 2169//1312 2172//1312
f 2161//1313 2172//1313 2162//1313
f 2172//1314 2169//1314 2166//1314
f 2172//1315 2166//1315 2168//1315
f 2173//1316 2171//1316 2168//1316
f 2173//1317 2168//1317 2167//1317
f 2121//1318 2166//1318 2164//1318
f 2163//1319 2159//1319 2158//1319
f 2163//1320 2158//1320 2156//1320
f 2164//1321 2237//1321 2188//1321
f 2164//1322 2188//1322 2121//1322
f 2237//1323 2164//1323 2163//1323
f 2156//1324 2229//1324 2237//1324
f 2156//1325 2237//1325 2163//1325
f 2139//1326 2234//1326 2236//1326
f 2139//1327 2236//1327 2130//1327
f 2159//1328 2163//1328 2164//1328
f 2159//1329 2164//1329 2161//1329
f 2238//1330 2239//1330 2154//1330
f 2238//1331 2154//1331 2153//1331
f 2167//1332 2168//1332 2166//1332
f 2167//1333 2166//1333 2123//1333
f 2117//1334 2167//1334 2123//1334
f 2117//1335 2123//1335 2118//1335
f 2123//1336 2166//1336 2121//1336
f 2123//1337 2121//1337 2120//1337
f 2135//1338 2239//1338 2224//1338
f 2135//1339 2224//1339 2129//1339
f 2154//1340 2239//1340 2135//1340
f 2119//1341 2189//1341 2165//1341
f 2119//1342 2165//1342 2117//1342
f 2143//1343 2230//1343 2140//1343
f 2187//1344 2190//1344 2119//1344
f 2187//1345 2119//1345 2120//1345
f 2122//1346 2192//1346 2191//1346
f 2122//1347 2191//1347 2189//1347
f 2191//1348 2193//1348 2189//1348
f 2121//1349 2188//1349 2187//1349
f 2121//1350 2187//1350 2120//1350
f 2190//1351 2122//1351 2189//1351
f 2190//1352 2189//1352 2119//1352
f 2118//1353 2123//1353 2120//1353
f 2118//1354 2120//1354 2119//1354
f 2122//1355 2190//1355 2194//1355
f 2122//1356 2194//1356 2124//1356
f 2125//1357 2196//1357 2198//1357
f 2125//1358 2198//1358 2124//1358
f 2182//1359 2200//1359 2199//1359
f 2182//1360 2199//1360 2180//1360
f 2201//1361 2202//1361 2203//1361
f 2201//1362 2203//1362 2199//1362
f 2124//1363 2194//1363 2195//1363
f 2124//1364 2195//1364 2125//1364
f 2195//1365 2197//1365 2196//1365
f 2195//1366 2196//1366 2125//1366
f 2124//1367 2198//1367 2192//1367
f 2124//1368 2192//1368 2122//1368
f 2117//1369 2118//1369 2119//1369
f 2178//1370 2179//1370 2110//1370
f 2178//1371 2110//1371 2109//1371
f 2179//1372 2180//1372 2181//1372
f 2179//1373 2181//1373 2110//1373
f 2179//1374 2182//1374 2180//1374
f 2175//1375 2176//1375 2108//1375
f 2175//1376 2108//1376 2174//1376
f 2177//1377 2175//1377 2174//1377
f 2176//1378 2178//1378 2109//1378
f 2176//1379 2109//1379 2108//1379
f 2183//1380 2184//1380 2108//1380
f 2183//1381 2108//1381 2109//1381
f 2185//1382 2186//1382 2113//1382
f 2185//1383 2113//1383 2112//1383
f 2115//1384 2174//1384 2111//1384
f 2115//1385 2111//1385 2114//1385
f 2112//1386 2116//1386 2114//1386
f 2112//1387 2114//1387 2111//1387
f 2181//1388 2183//1388 2109//1388
f 2181//1389 2109//1389 2110//1389
f 2184//1390 2111//1390 2174//1390
f 2184//1391 2174//1391 2108//1391
f 2111//1392 2184//1392 2185//1392
f 2111//1393 2185//1393 2112//1393
f 2204//1394 2205//1394 2206//1394
f 2204//1395 2206//1395 2203//1395
f 2136//1396 2127//1396 2137//1396
f 2126//1397 2227//1397 2226//1397
f 2126//1398 2226//1398 2133//1398
f 2138//1399 2227//1399 2127//1399
f 2138//1400 2127//1400 2136//1400
f 2128//1401 2132//1401 2131//1401
f 2128//1402 2131//1402 2129//1402
f 2133//1403 2132//1403 2128//1403
f 2133//1404 2128//1404 2126//1404
f 2126//1405 2127//1405 2227//1405
f 2228//1406 2139//1406 2227//1406
f 2228//1407 2227//1407 2138//1407
f 2141//1408 2142//1408 2143//1408
f 2141//1409 2143//1409 2140//1409
f 2136//1410 2141//1410 2140//1410
f 2136//1411 2140//1411 2138//1411
f 2186//1412 2230//1412 2143//1412
f 2186//1413 2143//1413 2113//1413
f 2139//1414 2228//1414 2229//1414
f 2230//1415 2228//1415 2138//1415
f 2230//1416 2138//1416 2140//1416
f 2225//1417 2227//1417 2139//1417
f 2225//1418 2139//1418 2130//1418
f 2131//1419 2134//1419 2135//1419
f 2131//1420 2135//1420 2129//1420
f 2215//1421 2216//1421 2213//1421
f 2215//1422 2213//1422 2214//1422
f 2212//1423 2216//1423 2215//1423
f 2212//1424 2215//1424 2210//1424
f 2218//1425 2219//1425 2214//1425
f 2218//1426 2214//1426 2217//1426
f 2207//1427 2208//1427 2206//1427
f 2207//1427 2206//1427 2205//1427
f 2209//1428 2210//1428 2208//1428
f 2209//1429 2208//1429 2207//1429
f 2211//1430 2212//1430 2210//1430
f 2219//1431 2220//1431 2221//1431
f 2219//1432 2221//1432 2197//1432
f 2222//1433 2126//1433 2128//1433
f 2131//1434 2226//1434 2225//1434
f 2131//1435 2225//1435 2130//1435
f 2226//1436 2131//1436 2132//1436
f 2226//1437 2132//1437 2133//1437
f 2221//1438 2196//1438 2197//1438
f 2126//1439 2222//1439 2223//1439
f 2126//1440 2223//1440 2127//1440
f 2224//1441 2222//1441 2128//1441
f 2224//1442 2128//1442 2129//1442
o Hull_havok_s_armor_9_9
v -1.005032 1.180026 3.271898
v -1.005032 1.565860 3.271897
v 1.004968 1.565859 3.271897
v 1.005016 1.180025 3.271899
v -1.005033 1.110026 3.271898
v 1.005002 1.110025 3.272844
vn 0.0005 -0.0135 -0.9999
vn -0.0000 -0.0000 -1.0000
s 0
f 2246//1443 2248//1443 2247//1443
f 2246//1444 2247//1444 2243//1444
f 2245//1444 2246//1444 2243//1444
f 2245//1444 2243//1444 2244//1444
o Hull_havok_s_armor_10_10
v 1.349999 1.180025 -0.618099
v 1.005011 1.180027 -3.348641
v 1.005016 1.180025 3.271899
v 1.350000 1.180024 2.201900
v -1.005033 1.180026 3.271897
v -1.005031 1.180028 -3.348676
v -1.350031 1.180027 -0.618099
v -1.350031 1.180026 2.201901
vn -0.0000 1.0000 -0.0000
s 0
f 2255//1445 2256//1445 2253//1445
f 2255//1445 2253//1445 2254//1445
f 2251//1445 2252//1445 2249//1445
f 2251//1445 2249//1445 2250//1445
o Hull_havok_s_armor_8_11
v -0.867942 1.700024 -0.028575
v -0.921402 1.700024 -0.204810
v -0.359513 1.700024 -1.256030
v -0.781128 1.700024 0.133844
v -0.939453 1.700024 -0.388088
v -0.921402 1.700024 -0.571367
v -0.867942 1.700024 -0.747602
v -0.781127 1.700024 -0.910021
v -0.664293 1.700024 -1.052382
v -0.521931 1.700024 -1.169215
v -0.521932 1.700024 0.393039
v -0.664294 1.700024 0.276206
v 0.867942 1.700023 -0.028575
v 0.781127 1.700023 0.133845
v 0.921403 1.700023 -0.204810
v 0.939454 1.700023 -0.388088
v 0.921402 1.700023 -0.571366
v 0.867941 1.700023 -0.747601
v 0.664294 1.700024 -1.052381
v 0.781126 1.700023 -0.910020
v 0.359514 1.700024 -1.256029
v 0.521933 1.700024 -1.169214
v 0.000001 1.700024 -1.327541
v 0.183278 1.700024 -1.309490
v -0.183278 1.700024 -1.309490
v 0.664294 1.700023 0.276206
v 0.521933 1.700023 0.393040
v 0.359513 1.700023 0.479854
v 0.183278 1.700023 0.533314
v -0.000000 1.700023 0.551366
v -0.183279 1.700024 0.533314
v -0.359513 1.700024 0.479854
vn -0.0000 -1.0000 -0.0000
s 0
f 2259//1446 2281//1446 2279//1446
f 2259//1446 2279//1446 2280//1446
f 2277//1446 2259//1446 2280//1446
f 2259//1446 2275//1446 2276//1446
f 2259//1446 2276//1446 2274//1446
f 2259//1446 2277//1446 2278//1446
f 2259//1446 2278//1446 2275//1446
f 2286//1446 2287//1446 2259//1446
f 2286//1446 2259//1446 2285//1446
f 2259//1446 2287//1446 2288//1446
f 2259//1446 2288//1446 2267//1446
f 2282//1446 2283//1446 2259//1446
f 2282//1446 2259//1446 2270//1446
f 2284//1446 2285//1446 2259//1446
f 2284//1446 2259//1446 2283//1446
f 2263//1446 2264//1446 2259//1446
f 2263//1446 2259//1446 2262//1446
f 2265//1446 2266//1446 2259//1446
f 2265//1446 2259//1446 2264//1446
f 2259//1446 2260//1446 2257//1446
f 2259//1446 2257//1446 2258//1446
f 2261//1446 2262//1446 2259//1446
f 2261//1446 2259//1446 2258//1446
f 2259//1446 2273//1446 2272//1446
f 2259//1446 2272//1446 2271//1446
f 2273//1446 2259//1446 2274//1446
f 2259//1446 2267//1446 2268//1446
f 2259//1446 2268//1446 2260//1446
f 2259//1446 2271//1446 2269//1446
f 2259//1446 2269//1446 2270//1446
o Hull_havok_s_armor_12_12
v 1.005000 0.935906 -3.225657
v 1.005000 1.058674 -3.348643
v -1.005031 1.058676 -3.351169
v -1.005031 0.935908 -3.227247
vn -0.0006 0.7104 0.7038
vn -0.0009 0.7077 0.7065
s 0
f 2291//1447 2292//1447 2289//1447
f 2291//1448 2289//1448 2290//1448
o Hull_havok_s_armor_13_13
v 1.005000 0.724629 -2.950114
v 1.005000 0.935906 -3.225657
v -1.005031 0.935908 -3.227247
v -1.005031 0.724631 -2.950114
vn -0.0000 0.7953 0.6063
vn -0.0005 0.7936 0.6085
s 0
f 2295//1449 2296//1449 2293//1449
f 2295//1450 2293//1450 2294//1450
o Hull_havok_s_armor_14_14
v -1.005031 0.724631 -2.950114
v -1.005031 0.420030 -2.471990
v 1.005001 0.420028 -2.471988
v 1.005000 0.724629 -2.950114
vn -0.0000 0.8434 0.5373
s 0
f 2299//1451 2300//1451 2297//1451
f 2299//1451 2297//1451 2298//1451
o Hull_havok_s_armor_15_15
v -0.089774 1.719703 -2.402119
v -0.123564 1.706283 -2.461924
v -0.063630 1.706283 -2.492073
v -0.036006 1.719703 -2.428809
v -0.000489 1.706364 -2.500970
v -0.128251 1.719703 -2.355165
v -0.095200 1.700054 -2.524694
v -0.153162 1.700054 -2.492073
v -0.030579 1.700054 -2.541498
v -0.058450 1.727804 -2.292395
v -0.144529 1.719703 -2.297337
v -0.041432 1.727777 -2.333912
v -0.041432 1.727831 -2.250877
v -0.135403 1.719703 -2.237533
v -0.000489 1.727818 -2.233579
v -0.171167 1.706283 -2.415464
v -0.200517 1.700054 -2.445613
v -0.201997 1.706283 -2.356153
v -0.234308 1.700054 -2.388280
v -0.213096 1.706283 -2.290418
v -0.252313 1.700054 -2.324027
v -0.252806 1.700054 -2.257303
v -0.126524 1.706283 -2.116935
v -0.103093 1.719703 -2.186625
v -0.052777 1.719703 -2.153510
v -0.067576 1.706283 -2.086291
v -0.000489 1.719703 -2.144613
v -0.000489 1.706256 -2.074923
v -0.203477 1.700054 -2.135222
v -0.173386 1.706283 -2.164383
v -0.156861 1.700054 -2.087280
v -0.203230 1.706283 -2.224188
v -0.099393 1.700054 -2.053670
v -0.035266 1.700054 -2.035877
v -0.236281 1.700054 -2.193050
v 0.062899 1.706283 -2.492073
v 0.122833 1.706283 -2.461924
v 0.089043 1.719703 -2.402119
v 0.035275 1.719703 -2.428809
v 0.127520 1.719703 -2.355165
v 0.029848 1.700054 -2.541498
v 0.094469 1.700054 -2.524694
v 0.152431 1.700054 -2.492073
v 0.143798 1.719703 -2.297337
v 0.057719 1.727804 -2.292395
v 0.040701 1.727777 -2.333912
v 0.134672 1.719703 -2.237533
v 0.040701 1.727831 -2.250877
v -0.000489 1.727723 -2.351211
v 0.170436 1.706283 -2.415464
v 0.201266 1.706283 -2.356153
v 0.212365 1.706283 -2.290418
v 0.199786 1.700054 -2.445613
v 0.233577 1.700054 -2.388280
v 0.251582 1.700054 -2.324027
v 0.252075 1.700054 -2.257303
v 0.202500 1.706283 -2.224188
v 0.172656 1.706283 -2.164383
v 0.102362 1.719703 -2.186625
v 0.125793 1.706283 -2.116935
v 0.235550 1.700054 -2.193050
v 0.202746 1.700054 -2.135222
v 0.052046 1.719703 -2.153510
v 0.066845 1.706283 -2.086291
v 0.156130 1.700054 -2.087280
v 0.098662 1.700054 -2.053670
v 0.034535 1.700054 -2.035877
v -0.163656 1.694767 -2.505600
v -0.101721 1.694767 -2.540601
v -0.032839 1.694767 -2.558379
v -0.214421 1.694767 -2.455761
v -0.250557 1.694767 -2.394483
v -0.269602 1.694766 -2.325940
v -0.270257 1.694766 -2.254804
v -0.106363 1.694766 -2.037086
v -0.167641 1.694766 -2.073221
v -0.037818 1.694766 -2.016447
v -0.252479 1.694766 -2.185922
v -0.217478 1.694766 -2.123987
v 0.032108 1.694767 -2.558378
v 0.100992 1.694767 -2.540600
v 0.162925 1.694767 -2.505600
v 0.213690 1.694767 -2.455761
v 0.249826 1.694767 -2.394484
v 0.268871 1.694766 -2.325940
v 0.269527 1.694766 -2.254804
v 0.251748 1.694766 -2.185921
v 0.216749 1.694766 -2.123987
v 0.166911 1.694766 -2.073221
v 0.105632 1.694766 -2.037085
v 0.037088 1.694766 -2.016447
vn -0.1025 -0.9892 0.1045
vn -0.1019 -0.9893 0.1044
vn -0.2083 -0.9548 0.2122
vn -0.2079 -0.9549 0.2120
vn -0.1952 -0.9802 0.0330
vn -0.1782 -0.9827 0.0502
vn 0.0353 -0.9956 0.0867
vn -0.1771 -0.9799 0.0921
vn -0.1261 -0.9836 0.1292
vn -0.2836 -0.9557 0.0788
vn -0.2812 -0.9564 0.0788
vn -0.2903 -0.9569 0.0027
vn -0.2923 -0.9563 0.0022
vn -0.1559 -0.9878 0.0012
vn -0.1466 -0.9546 0.2594
vn -0.1452 -0.9552 0.2580
vn -0.1269 -0.9913 0.0356
vn -0.1628 -0.9863 0.0275
vn -0.0740 -0.9885 0.1315
vn -0.0639 -0.9898 0.1271
vn -0.0922 -0.9954 0.0260
vn -0.0666 -0.9963 0.0546
vn -0.0000 -0.9543 0.2989
vn -0.0000 -0.9881 0.1538
vn -0.0741 -0.9550 0.2871
vn -0.0751 -0.9544 0.2889
vn -0.0000 -1.0000 0.0031
vn -0.0000 -1.0000 0.0007
vn -0.0351 -0.9956 0.0867
vn -0.0000 -0.9947 0.1028
vn 0.0004 -1.0000 0.0002
vn -0.1046 -0.9936 0.0435
vn -0.0433 -0.9953 0.0871
vn -0.0815 -0.9961 -0.0328
vn -0.0945 -0.9954 -0.0144
vn -0.1307 -0.9884 0.0770
vn -0.1258 -0.9899 0.0654
vn -0.2060 -0.9574 -0.2022
vn -0.2034 -0.9589 -0.1978
vn -0.0350 -0.9914 -0.1261
vn -0.0270 -0.9864 -0.1620
vn -0.1041 -0.9894 -0.1013
vn -0.1046 -0.9891 -0.1033
vn -0.0913 -0.9802 -0.1756
vn -0.1020 -0.9826 -0.1549
vn -0.0320 -0.9815 -0.1889
vn -0.0316 -0.9814 -0.1894
vn -0.0760 -0.9886 -0.1299
vn -0.0652 -0.9900 -0.1254
vn -0.1445 -0.9587 -0.2450
vn -0.1454 -0.9576 -0.2487
vn -0.0000 -0.9649 -0.2626
vn -0.0000 -0.9876 -0.1569
vn -0.0760 -0.9646 -0.2525
vn -0.0760 -0.9588 -0.2738
vn -0.1887 -0.9816 -0.0281
vn -0.1892 -0.9815 -0.0289
vn -0.1320 -0.9884 -0.0749
vn -0.1269 -0.9899 -0.0633
vn -0.1425 -0.9797 -0.1408
vn -0.2538 -0.9556 0.1497
vn -0.2541 -0.9555 0.1498
vn -0.1622 -0.9834 -0.0809
vn -0.1722 -0.9790 -0.1093
vn -0.0508 -0.9957 -0.0772
vn -0.0790 -0.9956 -0.0501
vn -0.0330 -0.9963 -0.0793
vn -0.0154 -0.9957 -0.0908
vn -0.2806 -0.9571 -0.0724
vn -0.2798 -0.9574 -0.0720
vn -0.2490 -0.9582 -0.1407
vn -0.2502 -0.9577 -0.1419
vn -0.1499 -0.9880 -0.0385
vn -0.1382 -0.9902 -0.0206
vn -0.0392 -0.9878 0.1507
vn -0.0207 -0.9901 0.1386
vn 0.1258 -0.9899 0.0654
vn 0.1307 -0.9884 0.0770
vn 0.2538 -0.9556 0.1497
vn 0.2541 -0.9555 0.1498
vn 0.2083 -0.9548 0.2122
vn 0.2079 -0.9549 0.2120
vn -0.0006 -1.0000 0.0007
vn 0.1025 -0.9892 0.1045
vn 0.1019 -0.9893 0.1044
vn 0.1559 -0.9878 0.0012
vn 0.2836 -0.9557 0.0788
vn 0.2812 -0.9564 0.0788
vn 0.1269 -0.9913 0.0356
vn 0.1628 -0.9863 0.0275
vn 0.1771 -0.9799 0.0921
vn 0.1261 -0.9836 0.1292
vn 0.1952 -0.9802 0.0330
vn 0.1782 -0.9827 0.0502
vn 0.0740 -0.9885 0.1315
vn 0.0639 -0.9898 0.1271
vn 0.1466 -0.9546 0.2594
vn 0.1452 -0.9552 0.2580
vn 0.1586 -0.9787 0.1300
vn 0.0849 -0.9816 0.1711
vn 0.0863 -0.9814 0.1715
vn 0.0288 -0.9803 0.1954
vn 0.1045 -0.9936 0.0435
vn 0.0433 -0.9953 0.0871
vn 0.0815 -0.9961 -0.0328
vn 0.0945 -0.9954 -0.0144
vn 0.0922 -0.9954 0.0260
vn 0.0666 -0.9963 0.0546
vn 0.0392 -0.9878 0.1507
vn 0.0208 -0.9901 0.1387
vn 0.0741 -0.9550 0.2871
vn 0.0751 -0.9544 0.2889
vn 0.2904 -0.9569 0.0027
vn 0.2923 -0.9563 0.0022
vn 0.1887 -0.9816 -0.0281
vn 0.1892 -0.9815 -0.0289
vn 0.1269 -0.9899 -0.0633
vn 0.1320 -0.9884 -0.0749
vn 0.2806 -0.9571 -0.0724
vn 0.2798 -0.9574 -0.0720
vn 0.0760 -0.9646 -0.2525
vn 0.0760 -0.9588 -0.2738
vn 0.1499 -0.9880 -0.0385
vn 0.1382 -0.9902 -0.0206
vn -0.1586 -0.9787 0.1300
vn -0.0287 -0.9803 0.1954
vn -0.0000 -0.9833 0.1818
vn -0.0849 -0.9816 0.1711
vn -0.0863 -0.9814 0.1715
vn 0.2490 -0.9582 -0.1407
vn 0.2502 -0.9577 -0.1419
vn 0.2060 -0.9574 -0.2022
vn 0.2034 -0.9589 -0.1978
vn 0.0376 -0.9952 -0.0898
vn 0.0790 -0.9956 -0.0501
vn 0.1041 -0.9894 -0.1013
vn 0.1046 -0.9891 -0.1033
vn 0.0155 -0.9957 -0.0908
vn 0.0465 -0.9964 -0.0706
vn 0.0913 -0.9802 -0.1756
vn 0.1020 -0.9826 -0.1549
vn 0.0317 -0.9814 -0.1894
vn 0.0321 -0.9815 -0.1889
vn 0.1445 -0.9587 -0.2450
vn 0.1454 -0.9576 -0.2487
vn 0.0350 -0.9914 -0.1263
vn 0.0270 -0.9864 -0.1620
vn 0.0760 -0.9886 -0.1299
vn 0.0652 -0.9900 -0.1254
vn 0.1425 -0.9797 -0.1408
vn 0.1622 -0.9834 -0.0809
vn 0.1722 -0.9790 -0.1093
s 0
f 2343//1452 2353//1452 2350//1452
f 2343//1453 2350//1453 2337//1453
f 2382//1454 2383//1454 2353//1454
f 2382//1455 2353//1455 2343//1455
f 2351//1456 2352//1456 2344//1456
f 2351//1457 2344//1457 2340//1457
f 2349//1458 2312//1458 2304//1458
f 2350//1459 2351//1459 2340//1459
f 2350//1460 2340//1460 2337//1460
f 2384//1461 2385//1461 2355//1461
f 2384//1462 2355//1462 2354//1462
f 2385//1463 2386//1463 2356//1463
f 2385//1464 2356//1464 2355//1464
f 2355//1465 2356//1465 2352//1465
f 2381//1466 2382//1466 2343//1466
f 2381//1467 2343//1467 2342//1467
f 2354//1468 2355//1468 2352//1468
f 2354//1469 2352//1469 2351//1469
f 2342//1470 2343//1470 2337//1470
f 2342//1471 2337//1471 2336//1471
f 2340//1472 2344//1472 2345//1472
f 2340//1473 2345//1473 2338//1473
f 2309//1474 2370//1474 2380//1474
f 2309//1474 2380//1474 2341//1474
f 2309//1475 2341//1475 2305//1475
f 2380//1476 2381//1476 2342//1476
f 2380//1477 2342//1477 2341//1477
f 2312//1478 2349//1478 2346//1478
f 2312//1479 2346//1479 2345//1479
f 2339//1480 2346//1480 2349//1480
f 2339//1481 2349//1481 2304//1481
f 2312//1479 2345//1479 2348//1479
f 2312//1482 2348//1482 2315//1482
f 2338//1483 2345//1483 2346//1483
f 2338//1484 2346//1484 2339//1484
f 2347//1485 2348//1485 2345//1485
f 2347//1486 2345//1486 2344//1486
f 2350//1487 2353//1487 2354//1487
f 2350//1488 2354//1488 2351//1488
f 2388//1489 2389//1489 2365//1489
f 2388//1490 2365//1490 2362//1490
f 2366//1491 2367//1491 2328//1491
f 2366//1492 2328//1492 2364//1492
f 2362//1493 2365//1493 2360//1493
f 2362//1494 2360//1494 2358//1494
f 2360//1495 2364//1495 2363//1495
f 2360//1496 2363//1496 2359//1496
f 2327//1497 2363//1497 2364//1497
f 2327//1498 2364//1498 2328//1498
f 2360//1499 2365//1499 2366//1499
f 2360//1500 2366//1500 2364//1500
f 2389//1501 2390//1501 2366//1501
f 2389//1502 2366//1502 2365//1502
f 2367//1503 2391//1503 2377//1503
f 2367//1503 2377//1503 2334//1503
f 2328//1504 2367//1504 2334//1504
f 2390//1505 2391//1505 2367//1505
f 2390//1506 2367//1506 2366//1506
f 2352//1507 2357//1507 2347//1507
f 2352//1508 2347//1508 2344//1508
f 2361//1509 2362//1509 2358//1509
f 2361//1510 2358//1510 2357//1510
f 2358//1511 2360//1511 2359//1511
f 2383//1512 2384//1512 2354//1512
f 2383//1513 2354//1513 2353//1513
f 2357//1514 2358//1514 2359//1514
f 2357//1515 2359//1515 2347//1515
f 2359//1516 2363//1516 2348//1516
f 2359//1517 2348//1517 2347//1517
f 2315//1518 2348//1518 2363//1518
f 2315//1519 2363//1519 2327//1519
f 2386//1520 2387//1520 2361//1520
f 2386//1521 2361//1521 2356//1521
f 2387//1522 2388//1522 2362//1522
f 2387//1523 2362//1523 2361//1523
f 2356//1524 2361//1524 2357//1524
f 2356//1525 2357//1525 2352//1525
f 2341//1526 2342//1526 2336//1526
f 2341//1527 2336//1527 2305//1527
f 2316//1528 2318//1528 2319//1528
f 2316//1529 2319//1529 2317//1529
f 2319//1530 2372//1530 2371//1530
f 2319//1531 2371//1531 2317//1531
f 2317//1532 2371//1532 2368//1532
f 2317//1533 2368//1533 2308//1533
f 2312//1534 2315//1534 2313//1534
f 2312//1479 2313//1479 2310//1479
f 2316//1535 2317//1535 2308//1535
f 2316//1536 2308//1536 2302//1536
f 2321//1537 2320//1537 2322//1537
f 2321//1538 2373//1538 2372//1538
f 2321//1539 2372//1539 2319//1539
f 2320//1540 2321//1540 2319//1540
f 2320//1541 2319//1541 2318//1541
f 2306//1542 2318//1542 2316//1542
f 2306//1543 2316//1543 2302//1543
f 2311//1544 2320//1544 2318//1544
f 2311//1545 2318//1545 2306//1545
f 2302//1546 2308//1546 2307//1546
f 2302//1547 2307//1547 2303//1547
f 2308//1548 2368//1548 2369//1548
f 2308//1549 2369//1549 2307//1549
f 2302//1550 2301//1550 2306//1550
f 2303//1551 2304//1551 2301//1551
f 2303//1552 2301//1552 2302//1552
f 2303//1553 2305//1553 2304//1553
f 2312//1554 2310//1554 2301//1554
f 2312//1555 2301//1555 2304//1555
f 2310//1556 2313//1556 2314//1556
f 2310//1557 2314//1557 2311//1557
f 2310//1558 2311//1558 2306//1558
f 2310//1559 2306//1559 2301//1559
f 2303//1560 2307//1560 2309//1560
f 2303//1561 2309//1561 2305//1561
f 2307//1562 2369//1562 2370//1562
f 2307//1563 2370//1563 2309//1563
f 2322//1564 2374//1564 2373//1564
f 2322//1565 2373//1565 2321//1565
f 2314//1566 2332//1566 2320//1566
f 2314//1567 2320//1567 2311//1567
f 2335//1568 2332//1568 2330//1568
f 2335//1569 2330//1569 2329//1569
f 2335//1570 2378//1570 2374//1570
f 2335//1571 2374//1571 2322//1571
f 2334//1572 2377//1572 2375//1572
f 2334//1573 2375//1573 2333//1573
f 2332//1574 2335//1574 2322//1574
f 2332//1575 2322//1575 2320//1575
f 2337//1576 2340//1576 2338//1576
f 2305//1577 2336//1577 2339//1577
f 2305//1578 2339//1578 2304//1578
f 2338//1579 2339//1579 2336//1579
f 2338//1580 2336//1580 2337//1580
f 2329//1581 2379//1581 2378//1581
f 2329//1582 2378//1582 2335//1582
f 2331//1583 2376//1583 2379//1583
f 2331//1584 2379//1584 2329//1584
f 2313//1585 2315//1585 2324//1585
f 2313//1586 2324//1586 2314//1586
f 2323//1587 2331//1587 2329//1587
f 2323//1588 2329//1588 2330//1588
f 2315//1589 2327//1589 2325//1589
f 2315//1590 2325//1590 2324//1590
f 2325//1591 2326//1591 2323//1591
f 2325//1592 2323//1592 2324//1592
f 2327//1593 2328//1593 2326//1593
f 2327//1594 2326//1594 2325//1594
f 2333//1595 2375//1595 2376//1595
f 2333//1596 2376//1596 2331//1596
f 2328//1597 2334//1597 2333//1597
f 2328//1598 2333//1598 2326//1598
f 2333//1599 2331//1599 2323//1599
f 2333//1600 2323//1600 2326//1600
f 2330//1601 2324//1601 2323//1601
f 2324//1602 2330//1602 2332//1602
f 2324//1603 2332//1603 2314//1603
o Hull_havok_s_armor_16_16
v -0.565032 1.611999 2.391560
v 0.564969 1.611996 2.391560
v 1.004968 1.565859 3.271897
v -1.005031 1.565860 3.271897
v 1.169968 1.613081 2.391560
v 1.169968 1.615398 2.326648
v 1.309747 1.615398 2.326648
v -1.170032 1.611999 2.391560
v -1.309809 1.615399 2.326648
v -1.170031 1.615399 2.326648
v -1.310821 1.545717 2.323508
v -1.350031 1.551841 2.201900
v -1.170531 1.545471 2.323483
v -1.170531 1.603877 1.209013
v -0.564532 1.603877 1.209013
v -0.564532 1.542067 2.388393
v -1.170531 1.600475 1.273924
v -1.170531 1.542068 2.388396
v -1.350030 1.600668 1.274947
v -1.170031 1.670352 1.278087
v -1.350031 1.670352 1.278086
v -1.350031 1.700024 0.711900
v -1.170031 1.673755 1.212129
v 1.169968 1.673752 1.213175
v 0.564969 1.673752 1.213174
v 1.349968 1.700024 0.711900
v -0.565032 1.673755 1.213175
v 0.564468 1.542066 2.388396
v 0.564468 1.603875 1.209013
v 1.170468 1.600473 1.273924
v 1.170468 1.542066 2.388396
v 1.170468 1.603875 1.209013
v 1.170468 1.545468 2.323483
v 1.349967 1.600667 1.274946
v 1.349967 1.551840 2.201898
v 1.310760 1.545715 2.323507
v 1.349967 1.670351 1.278086
v 1.169969 1.670351 1.278087
vn -0.0000 -0.9986 -0.0525
vn -0.0000 -1.0000 0.0016
vn -0.0000 -0.9986 -0.0523
vn -0.0026 -0.9987 -0.0515
vn -0.0002 -0.9986 -0.0526
vn 0.0014 -0.9986 -0.0523
vn 0.0018 -0.9988 -0.0497
vn -0.0091 -0.9984 -0.0553
vn -0.0000 -0.9994 -0.0357
vn 0.0018 -0.9986 -0.0532
vn -0.0014 -0.9986 -0.0523
vn 0.0002 -0.9986 -0.0526
vn -0.0018 -0.9988 -0.0497
s 0
f 2414//1604 2413//1604 2416//1604
f 2414//1605 2416//1605 2418//1605
f 2421//1606 2422//1606 2419//1606
f 2421//1606 2419//1606 2420//1606
f 2413//1607 2414//1607 2411//1607
f 2413//1606 2411//1606 2412//1606
f 2413//1606 2417//1606 2415//1606
f 2413//1606 2415//1606 2416//1606
f 2423//1606 2421//1606 2420//1606
f 2428//1606 2429//1606 2415//1606
f 2428//1606 2415//1606 2417//1606
f 2418//1606 2416//1606 2393//1606
f 2418//1606 2393//1606 2392//1606
f 2425//1608 2426//1608 2424//1608
f 2425//1609 2424//1609 2421//1609
f 2427//1610 2424//1610 2426//1610
f 2398//1611 2394//1611 2396//1611
f 2398//1612 2396//1612 2397//1612
f 2399//1606 2392//1606 2395//1606
f 2394//1606 2395//1606 2392//1606
f 2394//1606 2392//1606 2393//1606
f 2396//1613 2394//1613 2393//1613
f 2399//1606 2395//1606 2400//1606
f 2399//1606 2400//1606 2401//1606
f 2407//1606 2409//1606 2408//1606
f 2410//1614 2408//1614 2404//1614
f 2410//1615 2404//1615 2403//1615
f 2402//1616 2403//1616 2404//1616
f 2407//1606 2408//1606 2405//1606
f 2407//1606 2405//1606 2406//1606
o Gun_02_havok_s_armor_6_0
v 0.151000 1.835629 -1.415501
v 0.151000 1.844053 -1.442082
v -0.151000 1.844053 -1.442082
v -0.151000 1.835629 -1.415501
v -0.151000 1.832104 -1.387841
v 0.151000 1.832104 -1.387841
vn -0.0000 0.9920 0.1264
vn -0.0000 0.9533 0.3021
s 0
f 2433//1617 2434//1617 2435//1617
f 2433//1617 2435//1617 2430//1617
f 2432//1618 2433//1618 2430//1618
f 2432//1618 2430//1618 2431//1618
o Gun_02_havok_s_gun_1
v 0.074164 2.018671 -2.106079
v 0.063442 2.036597 -2.106079
v 0.053545 2.028803 -3.291924
v 0.062700 2.013648 -3.291924
v 0.079937 1.998493 -2.106079
v 0.067483 1.996674 -3.291924
v 0.048349 2.051233 -2.106079
v 0.040844 2.041100 -3.291924
v 0.075154 1.957184 -2.106079
v 0.080267 1.977535 -2.106079
v 0.067813 1.978921 -3.291924
v 0.063524 1.961774 -3.291924
v 0.008266 2.054004 -3.291924
v 0.025421 2.049760 -3.291924
v 0.030039 2.061365 -2.106079
v 0.009668 2.066474 -2.106079
v -0.011281 2.066128 -2.106079
v -0.009467 2.053744 -3.291924
v -0.049385 2.049587 -2.106079
v -0.063983 2.034605 -2.106079
v -0.053921 2.027071 -3.291924
v -0.041632 2.039801 -3.291924
v -0.074210 2.016246 -2.106079
v -0.062499 2.011656 -3.291924
v -0.026457 2.048894 -3.291924
v -0.031405 2.060412 -2.106079
v -0.066870 1.994509 -3.291924
v -0.079324 1.995895 -2.106079
v -0.066540 1.976756 -3.291924
v -0.078994 1.974937 -2.106079
v -0.073220 1.954759 -2.106079
v -0.061674 1.959782 -3.291924
v -0.071488 2.040148 -1.986233
v -0.055241 2.056948 -1.986233
v -0.082870 2.019710 -1.986233
v -0.035117 2.068986 -1.986233
v -0.088561 1.996934 -1.986233
v -0.088149 1.973552 -1.986233
v -0.081798 1.951036 -1.986233
v 0.027400 1.924536 -3.291924
v 0.010410 1.919686 -3.291924
v 0.012224 1.907302 -2.106079
v 0.032431 1.913018 -2.106079
v -0.007240 1.919426 -3.291924
v -0.008724 1.906956 -2.106079
v 0.036142 1.904444 -1.986233
v 0.013627 1.898036 -1.986233
v 0.050411 1.923756 -2.106079
v 0.065009 1.938825 -2.106079
v 0.054947 1.946359 -3.291924
v 0.042576 1.933629 -3.291924
v -0.024477 1.923670 -3.291924
v -0.039900 1.932243 -3.291924
v -0.047406 1.922198 -2.106079
v -0.029013 1.911979 -2.106079
v -0.062416 1.936833 -2.106079
v -0.052601 1.944627 -3.291924
v -0.069756 1.931031 -1.986233
v 0.057669 2.032094 -4.137155
v 0.067483 2.015726 -4.137155
v 0.072679 1.997367 -4.137155
v 0.043978 2.045344 -4.137155
v 0.053627 2.058334 -4.137155
v 0.073009 1.978315 -4.137155
v 0.068391 1.959869 -4.137155
v 0.059153 1.943155 -4.137155
v 0.008843 2.059286 -4.137155
v 0.027318 2.054610 -4.137155
v -0.010209 2.058940 -4.137155
v -0.028519 2.053744 -4.137155
v 0.010740 2.075307 -4.137155
v 0.033256 2.069679 -4.137155
v -0.012601 2.074961 -4.137155
v -0.058127 2.030189 -4.137155
v -0.044931 2.043871 -4.137155
v -0.067447 2.013561 -4.137155
v -0.072066 1.995115 -4.137155
v -0.071736 1.975977 -4.137155
v -0.066540 1.957704 -4.137155
v -0.034952 2.068553 -4.137155
v -0.026374 1.918820 -4.137155
v -0.043034 1.928087 -4.137155
v -0.007900 1.914144 -4.137155
v -0.056725 1.941336 -4.137155
v 0.045875 1.929472 -4.137155
v 0.029544 1.919686 -4.137155
v 0.011152 1.914490 -4.137155
v 0.035895 1.904878 -4.137155
v 0.013544 1.898469 -4.137155
v -0.009714 1.898123 -4.137155
v -0.032312 1.903752 -4.137155
v 0.042554 2.043452 -4.797152
v 0.026439 2.052435 -4.797152
v 0.008610 2.056892 -4.797152
v 0.055857 2.030629 -4.797152
v -0.009836 2.056618 -4.797152
v -0.009493 2.054081 -5.512153
v 0.065320 2.014789 -4.797152
v 0.070394 1.997028 -4.797152
v 0.070669 1.978582 -4.797152
v 0.066212 1.960753 -4.797152
v 0.010805 1.916798 -4.797152
v 0.028565 1.921872 -4.797152
v 0.044405 1.931335 -4.797152
v -0.007642 1.916524 -4.797152
v -0.024579 1.923381 -5.512153
v -0.025470 1.920981 -4.797152
v 0.057228 1.944639 -4.797152
v -0.062020 1.959656 -5.512153
v -0.066889 1.976731 -5.512153
v -0.067163 1.994491 -5.512153
v -0.069700 1.994834 -4.797152
v -0.052831 1.944433 -5.512153
v -0.054888 1.942787 -4.797152
v -0.041585 1.929964 -4.797152
v -0.040077 1.932021 -5.512153
v -0.056260 2.028778 -4.797152
v -0.065243 2.012663 -4.797152
v -0.062843 2.011771 -5.512153
v -0.043437 2.042081 -4.797152
v -0.026568 2.049212 -5.512153
v -0.027596 2.051544 -4.797152
v 0.120043 2.106804 -0.293656
v 0.120043 2.106804 -1.012990
v 0.120043 1.866598 -1.012990
v 0.120043 1.866598 -0.293656
v -0.120043 1.866598 -0.293656
v -0.120043 2.106804 -0.293656
v 0.033435 2.070080 -1.012990
v 0.053891 2.058715 -1.012990
v 0.070758 2.042446 -1.012990
v -0.012620 2.075343 -1.012990
v 0.010706 2.075702 -1.012990
v 0.082721 2.022349 -1.012990
v 0.089180 1.999860 -1.012990
v -0.120043 2.106804 -1.012990
v -0.035110 2.069003 -1.012990
v -0.055207 2.056921 -1.012990
v -0.082840 2.019718 -1.012990
v -0.071476 2.040174 -1.012990
v -0.088582 1.996989 -1.012990
v -0.088223 1.973542 -1.012990
v -0.120043 1.866598 -1.012990
v -0.052934 1.914687 -1.446464
v -0.069681 1.930956 -1.446464
v -0.069681 1.930956 -1.012990
v -0.052934 1.914687 -1.012990
v -0.032478 1.903323 -1.446464
v -0.032478 1.903323 -1.012990
v -0.081764 1.951053 -1.446464
v -0.081764 1.951053 -1.012990
v -0.009749 1.897700 -1.012990
v -0.009749 1.897700 -1.446464
v 0.013577 1.898059 -1.446464
v 0.013577 1.898059 -1.012990
v 0.036067 1.904399 -1.446464
v 0.036067 1.904399 -1.012990
v -0.096597 1.910380 -1.446464
v -0.073390 1.888011 -1.446464
v -0.045278 1.872340 -1.446464
v -0.014176 1.864564 -1.446464
v -0.113105 1.938014 -1.446464
v -0.121957 1.968997 -1.446464
v -0.088223 1.973542 -1.446464
v 0.018004 1.865043 -1.446464
v -0.088582 1.996989 -1.446464
v -0.082840 2.019718 -1.446464
v -0.055207 2.056921 -1.446464
v -0.071476 2.040174 -1.446464
v -0.035110 2.069003 -1.446464
v -0.012620 2.075343 -1.446464
v 0.010706 2.075702 -1.446464
v 0.033435 2.070080 -1.446464
v 0.056164 1.916481 -1.446464
v 0.056164 1.916481 -1.012990
v 0.072433 1.933349 -1.012990
v 0.072433 1.933349 -1.446464
v 0.083797 1.953685 -1.012990
v 0.083797 1.953685 -1.446464
v 0.098990 1.913610 -1.446464
v 0.114660 1.941722 -1.446464
v 0.089539 1.976413 -1.446464
v 0.122436 1.972825 -1.446464
v 0.076620 1.890403 -1.446464
v 0.048986 1.873895 -1.446464
v 0.053891 2.058715 -1.446464
v 0.070758 2.042446 -1.446464
v 0.082721 2.022349 -1.446464
v 0.089180 1.999860 -1.446464
v 0.089539 1.976413 -1.012990
v 0.121957 2.005004 -1.446464
v 0.095281 1.916242 -1.492155
v 0.073749 1.893992 -1.492155
v 0.110354 1.943397 -1.492155
v 0.117890 1.973423 -1.492155
v 0.047192 1.878082 -1.492155
v 0.096597 2.063620 -1.446464
v 0.073390 2.085990 -1.446464
v 0.045278 2.101660 -1.446464
v 0.014176 2.109436 -1.446464
v -0.018004 2.108958 -1.446464
v -0.048986 2.100106 -1.446464
v 0.108918 2.034192 -1.492155
v 0.113105 2.035987 -1.446464
v -0.114660 2.032278 -1.446464
v -0.122436 2.001176 -1.446464
v -0.110354 2.030603 -1.492155
v -0.070758 1.891719 -1.492155
v -0.098990 2.060390 -1.446464
v -0.076620 2.083597 -1.446464
v 0.098885 2.001235 -4.172153
v 0.091742 2.026233 -4.172153
v 0.099271 1.975271 -4.172153
v 0.078423 2.048529 -4.172153
v 0.082284 2.022180 -4.172153
v 0.088750 1.999787 -4.172153
v 0.083442 1.953941 -4.172153
v 0.089040 1.976526 -4.172153
v 0.059698 2.066578 -4.172153
v 0.011921 2.085496 -4.720613
v 0.037016 2.079222 -4.172153
v 0.011921 2.085496 -4.172153
v -0.014042 2.085110 -4.720613
v -0.014042 2.085110 -4.172153
v 0.040008 1.895450 -4.720613
v 0.015010 1.888308 -4.720613
v 0.015010 1.888308 -4.172153
v 0.040008 1.895450 -4.172153
v -0.010953 1.887922 -4.720613
v -0.010953 1.887922 -4.172153
v 0.062304 1.908770 -4.172153
v 0.080353 1.927494 -4.172153
v 0.092997 1.950176 -4.172153
v 0.072149 1.933575 -4.172153
v -0.092029 2.023241 -4.172153
v -0.098303 1.998146 -4.172153
v -0.098303 1.998146 -4.720613
v -0.097917 1.972183 -4.720613
v -0.097917 1.972183 -4.172153
v -0.090774 1.947184 -4.172153
v -0.082474 2.019477 -4.172153
v -0.088072 1.996892 -4.172153
v -0.087782 1.973631 -4.172153
v -0.036048 1.894195 -4.720613
v -0.058730 1.906839 -4.172153
v -0.036048 1.894195 -4.172153
v -0.039040 2.077968 -4.720613
v -0.039040 2.077968 -4.172153
v -0.061336 2.064648 -4.172153
v -0.079385 2.045923 -4.172153
v -0.071181 2.039843 -4.172153
v 0.055445 2.060843 -5.612208
v 0.034393 2.072578 -5.612208
v 0.034393 2.072578 -6.012151
v 0.055445 2.060843 -6.012151
v 0.045860 2.047853 -5.588055
v 0.028480 2.057438 -5.588055
v 0.011100 2.078401 -5.612208
v 0.009219 2.062276 -5.588055
v 0.011100 2.078401 -6.012151
v -0.012998 2.078043 -6.012151
v -0.012998 2.078043 -5.612208
v -0.036201 2.071414 -5.612208
v -0.056895 2.059051 -5.612208
v -0.056895 2.059051 -6.012151
v -0.036201 2.071414 -6.012151
v -0.071856 1.929331 -6.012151
v 0.072825 2.044090 -6.012151
v 0.085188 2.023396 -6.012151
v 0.092175 1.976095 -6.012151
v 0.091817 2.000193 -6.012151
v 0.074617 1.931750 -6.012151
v 0.086352 1.952803 -6.012151
v 0.085188 2.023396 -5.612208
v 0.072825 2.044090 -5.612208
v 0.091817 2.000193 -5.612208
v 0.086352 1.952803 -5.612208
v 0.092175 1.976095 -5.612208
v 0.070316 2.016946 -5.588055
v 0.060104 2.033967 -5.588055
v 0.075781 1.997864 -5.588055
v 0.071212 1.958715 -5.588055
v 0.076050 1.977976 -5.588055
v 0.061627 1.941336 -5.588055
v 0.074617 1.931750 -5.612208
v -0.073647 2.041671 -6.012151
v -0.073647 2.041671 -5.612208
v -0.046772 2.046330 -5.588055
v -0.060657 2.032086 -5.588055
v -0.085383 2.020619 -6.012151
v -0.085383 2.020619 -5.612208
v -0.091206 1.997327 -6.012151
v -0.091206 1.997327 -5.612208
v -0.090848 1.973228 -6.012151
v -0.090848 1.973228 -5.612208
v -0.084218 1.950026 -5.612208
v -0.084218 1.950026 -6.012151
v 0.057864 1.914371 -5.612208
v 0.047741 1.927092 -5.588055
v 0.037170 1.902008 -5.612208
v 0.030720 1.916879 -5.588055
v -0.059134 1.939455 -5.588055
v -0.044890 1.925569 -5.588055
v -0.054476 1.912579 -5.612208
v -0.071856 1.929331 -5.612208
v 0.037170 1.902008 -6.012151
v 0.057864 1.914371 -6.012151
v 0.013967 1.895379 -6.012151
v -0.010131 1.895020 -6.012151
v -0.033423 1.900843 -6.012151
v -0.054476 1.912579 -6.012151
v -0.033423 1.900843 -5.612208
v 0.013967 1.895379 -5.612208
v -0.010131 1.895020 -5.612208
v 0.028480 2.057438 -5.536959
v -0.010669 2.062007 -5.588055
v -0.029750 2.056542 -5.588055
v 0.011638 1.911414 -5.588055
v -0.008250 1.911146 -5.588055
v -0.027511 1.915983 -5.588055
v -0.069347 1.956476 -5.588055
v -0.074812 1.975557 -5.588055
v -0.075081 1.995445 -5.588055
v -0.070243 2.014706 -5.588055
v 0.061627 1.941336 -5.536959
v 0.047741 1.927092 -5.536959
v 0.071212 1.958715 -5.536959
v 0.076050 1.977976 -5.536959
v 0.075781 1.997864 -5.536959
v 0.060104 2.033967 -5.536959
v 0.045860 2.047853 -5.536959
v 0.070316 2.016946 -5.536959
v 0.048211 2.051045 -4.742704
v 0.063203 2.036498 -4.742704
v 0.048211 2.051045 -4.762166
v 0.063203 2.036498 -4.762166
v 0.051280 2.055202 -4.762166
v 0.067295 2.039695 -4.762166
v 0.048211 2.051045 -4.772155
v 0.063203 2.036498 -4.772155
v 0.067295 2.039695 -4.772155
v 0.051280 2.055202 -4.772155
v 0.031843 2.065993 -4.762166
v 0.031843 2.065993 -4.772155
v 0.073962 2.018513 -4.772155
v 0.073962 2.018513 -4.742704
v 0.073962 2.018513 -4.762166
v 0.078725 2.020591 -4.762166
v 0.078725 2.020591 -4.772155
v 0.029938 2.061197 -4.762166
v 0.029938 2.061197 -4.772155
v 0.074950 1.957284 -4.742704
v 0.080030 1.977507 -4.742704
v 0.079677 1.998449 -4.742704
v 0.079677 1.998449 -4.762166
v 0.080030 1.977507 -4.762166
v 0.084827 1.999169 -4.762166
v 0.085180 1.976947 -4.762166
v 0.074950 1.957284 -4.762166
v 0.084827 1.999169 -4.772155
v 0.079677 1.998449 -4.772155
v 0.079783 1.955366 -4.762166
v 0.085180 1.976947 -4.772155
v 0.079783 1.955366 -4.772155
v 0.080030 1.977507 -4.772155
v 0.074950 1.957284 -4.772155
v 0.064790 1.938979 -4.742704
v 0.064790 1.938979 -4.762166
v 0.068953 1.935942 -4.772155
v 0.068953 1.935942 -4.762166
v 0.064790 1.938979 -4.772155
v 0.050257 1.923952 -4.772155
v 0.050257 1.923952 -4.762166
v 0.053467 1.919875 -4.772155
v 0.053467 1.919875 -4.762166
v 0.034383 1.908445 -4.762166
v 0.034383 1.908445 -4.772155
v 0.032301 1.913241 -4.772155
v 0.032301 1.913241 -4.762166
v 0.012970 1.902370 -4.772155
v 0.012970 1.902370 -4.762166
v 0.044256 1.884990 -1.712844
v 0.069164 1.899870 -1.712844
v 0.016330 1.877012 -1.712844
v -0.012675 1.876580 -1.492155
v -0.012675 1.876580 -1.712844
v -0.040709 1.883589 -1.712844
v -0.032514 1.903320 -1.712844
v -0.066047 1.897714 -1.712844
v 0.089327 1.920788 -1.712844
v 0.103451 1.946126 -1.712844
v 0.110460 1.974161 -1.712844
v 0.110029 2.003165 -1.712844
v 0.072506 1.933295 -1.712844
v 0.083828 1.953782 -1.712844
v 0.089542 1.976425 -1.712844
v 0.089111 1.999823 -1.712844
v 0.012880 2.097295 -1.492155
v 0.012880 2.097295 -1.712844
v 0.040914 2.090286 -1.712844
v 0.040914 2.090286 -1.492155
v -0.016125 2.096864 -1.492155
v -0.016125 2.096864 -1.712844
v 0.066252 2.076162 -1.712844
v 0.066252 2.076162 -1.492155
v 0.010723 2.075730 -1.712844
v 0.033474 2.070016 -1.712844
v -0.044051 2.088885 -1.712844
v 0.053853 2.058694 -1.712844
v 0.087170 2.055999 -1.712844
v 0.102050 2.031091 -1.712844
v 0.087170 2.055999 -1.492155
v 0.070673 2.042413 -1.712844
v 0.082749 2.022358 -1.712844
v -0.103246 2.027749 -1.712844
v -0.089122 2.053087 -1.712844
v -0.110255 1.999715 -1.712844
v -0.068959 2.074005 -1.492155
v -0.068959 2.074005 -1.712844
v -0.044051 2.088885 -1.492155
v -0.109824 1.970710 -1.712844
v -0.101845 1.942784 -1.712844
v -0.086965 1.917877 -1.712844
v -0.078797 2.018054 -4.772155
v -0.067996 2.037477 -4.772155
v -0.067996 2.037477 -4.762164
v -0.078797 2.018054 -4.762164
v -0.063825 2.034440 -4.762164
v -0.073984 2.016135 -4.762164
v -0.033418 2.064974 -4.762164
v -0.052489 2.053544 -4.762164
v -0.052489 2.053544 -4.772155
v -0.033418 2.064974 -4.772155
v -0.049281 2.049467 -4.762164
v -0.063825 2.034440 -4.742702
v -0.063825 2.034440 -4.772155
v -0.049281 2.049467 -4.772155
v -0.079046 1.995912 -4.762164
v -0.078725 1.974970 -4.762164
v -0.084215 1.996472 -4.772155
v -0.084215 1.996472 -4.762164
v -0.079046 1.995912 -4.772155
v -0.073984 2.016135 -4.772155
v -0.083859 1.974250 -4.762164
v -0.083859 1.974250 -4.772155
v -0.078725 1.974970 -4.772155
v -0.047249 1.922374 -4.762164
v -0.062256 1.936921 -4.762164
v -0.062256 1.936921 -4.742702
v -0.050315 1.918217 -4.772155
v -0.066320 1.933724 -4.772155
v -0.066320 1.933724 -4.762164
v -0.050315 1.918217 -4.762164
v -0.047249 1.922374 -4.772155
v -0.062256 1.936921 -4.772155
v -0.077763 1.952828 -4.762164
v -0.077763 1.952828 -4.772155
v -0.072986 1.954906 -4.762164
v -0.072986 1.954906 -4.772155
v -0.031350 2.060178 -4.762164
v -0.011245 2.065933 -4.762164
v -0.011994 2.071049 -4.762164
v -0.011994 2.071049 -4.772155
v -0.031350 2.060178 -4.772155
v -0.011245 2.065933 -4.772155
v -0.028962 1.912222 -4.772155
v -0.028962 1.912222 -4.762164
v -0.030887 1.907426 -4.772155
v -0.030887 1.907426 -4.762164
v -0.055220 2.056929 -1.712844
v -0.071497 2.040119 -1.712844
v -0.082870 2.019669 -1.712844
v -0.035146 2.068954 -1.712844
v -0.012644 2.075373 -1.712844
v -0.012644 2.075374 -1.986233
v -0.088561 1.996972 -1.712844
v -0.088185 1.973576 -1.712844
v -0.081766 1.951074 -1.712844
v 0.082734 2.022336 -1.986233
v 0.070709 2.042409 -1.986233
v 0.089153 1.999834 -1.986233
v 0.053899 2.058687 -1.986233
v 0.083838 1.953740 -1.986233
v 0.089530 1.976437 -1.986233
v 0.033449 2.070059 -1.986233
v 0.010752 2.075751 -1.986233
v 0.036114 1.904455 -1.712844
v 0.013613 1.898035 -1.712844
v -0.009784 1.897660 -1.986233
v -0.009784 1.897659 -1.712844
v 0.056188 1.916479 -1.712844
v 0.056188 1.916480 -1.986233
v 0.072466 1.933290 -1.986233
v -0.069741 1.931000 -1.712844
v -0.052931 1.914723 -1.712844
v -0.052931 1.914724 -1.986233
v -0.032481 1.903352 -1.986233
v 0.053632 2.058329 -4.172155
v 0.070358 2.042133 -4.172155
v 0.070358 2.042133 -4.137155
v 0.082322 2.022159 -4.137155
v 0.088709 1.999771 -4.137155
v 0.089083 1.976492 -4.137155
v 0.083420 1.953908 -4.137155
v 0.010701 2.075307 -4.172154
v 0.033284 2.069645 -4.172155
v -0.012578 2.074932 -4.172153
v -0.054941 2.056582 -4.137155
v -0.054941 2.056582 -4.172155
v -0.034968 2.068546 -4.172153
v -0.071137 2.039856 -4.137155
v -0.082452 2.019508 -4.137155
v -0.088115 1.996925 -4.137155
v -0.087740 1.973646 -4.137155
v -0.081353 1.951256 -4.137155
v 0.035936 1.904871 -4.172154
v 0.013547 1.898484 -4.172154
v -0.009732 1.898109 -4.172154
v 0.055909 1.916835 -4.137155
v 0.055909 1.916835 -4.172155
v 0.072105 1.933561 -4.137155
v -0.069389 1.931283 -4.137155
v -0.052663 1.915087 -4.137155
v -0.052663 1.915087 -4.172155
v -0.032316 1.903772 -4.172155
v -0.069389 1.931283 -4.172155
v -0.081353 1.951256 -4.172154
v 0.041056 2.041383 -5.512153
v 0.025523 2.050020 -5.512153
v 0.008283 2.054343 -5.512153
v 0.053824 2.029018 -5.512153
v -0.010662 2.061988 -5.536957
v 0.009202 2.062308 -5.536957
v 0.063217 2.036471 -4.797153
v 0.048200 2.051013 -4.797153
v 0.029931 2.061172 -4.797153
v 0.009655 2.066256 -4.797153
v -0.011245 2.065920 -4.797153
v 0.079693 1.998438 -4.797153
v 0.073958 2.018539 -4.797153
v 0.080029 1.977537 -4.797153
v 0.062957 2.013772 -5.512154
v 0.067832 1.996680 -5.512153
v 0.068119 1.978910 -5.512154
v 0.063796 1.961670 -5.512154
v 0.010456 1.919360 -5.512153
v 0.027547 1.924236 -5.512153
v 0.011630 1.911430 -5.536957
v 0.030734 1.916880 -5.536957
v 0.042794 1.933369 -5.512153
v -0.007315 1.919074 -5.512153
v 0.055158 1.946137 -5.512153
v 0.050245 1.923975 -4.797153
v 0.064786 1.938992 -4.797153
v 0.032312 1.913234 -4.797153
v 0.012211 1.907499 -4.797153
v -0.008690 1.907163 -4.797153
v 0.074945 1.957261 -4.797153
v -0.069403 1.976360 -4.797153
v -0.064343 1.958625 -4.797153
v -0.074795 1.975563 -5.536958
v -0.069345 1.956459 -5.536958
v -0.075115 1.995427 -5.536958
v -0.059137 1.939417 -5.536958
v -0.079064 1.995883 -4.797153
v -0.078727 1.974982 -4.797153
v -0.062251 1.936948 -4.797153
v -0.072993 1.954880 -4.797153
v -0.027503 1.915943 -5.536957
v -0.044865 1.925598 -5.536958
v -0.008233 1.911111 -5.536958
v -0.047234 1.922407 -4.797153
v -0.028966 1.912248 -4.797153
v -0.054189 2.027280 -5.512153
v -0.041826 2.040048 -5.512153
v -0.046808 2.046330 -5.536958
v -0.029766 2.056539 -5.536957
v -0.060628 2.032058 -5.536958
v -0.070283 2.014696 -5.536958
v -0.063820 2.034427 -4.797153
v -0.073979 2.016158 -4.797153
v -0.049279 2.049444 -4.797153
v -0.031347 2.060185 -4.797153
v 0.089312 1.920738 -1.492154
v 0.069139 1.899904 -1.492154
v 0.103406 1.946083 -1.492154
v 0.110460 1.974212 -1.492154
v 0.109993 2.003208 -1.492154
v 0.117376 2.004379 -1.492154
v 0.044261 1.885002 -1.492154
v 0.017379 1.869625 -1.492154
v 0.016373 1.877047 -1.492154
v -0.013592 1.869126 -1.492154
v -0.043637 1.876661 -1.492154
v 0.070709 2.082286 -1.492154
v 0.092961 2.060739 -1.492154
v 0.043637 2.097340 -1.492154
v 0.013592 2.104874 -1.492154
v -0.017379 2.104376 -1.492154
v 0.102038 2.031096 -1.492154
v -0.117874 2.000593 -1.492154
v -0.117376 1.969621 -1.492154
v -0.101833 1.942780 -1.492154
v -0.109789 1.970667 -1.492154
v -0.108878 1.939835 -1.492154
v -0.110255 1.999663 -1.492154
v -0.103201 2.027792 -1.492154
v -0.092961 1.913262 -1.492154
v -0.066097 1.897728 -1.492154
v -0.086931 1.917901 -1.492154
v -0.040752 1.883634 -1.492154
v -0.095286 2.057709 -1.492154
v -0.089107 2.053137 -1.492154
v -0.073738 2.079961 -1.492154
v -0.047166 2.095878 -1.492154
v 0.091732 2.026238 -4.720615
v 0.098854 2.001274 -4.720615
v 0.099271 1.975318 -4.720615
v 0.078392 2.048507 -4.720615
v 0.037055 2.079182 -4.720614
v 0.009656 2.066256 -4.742703
v 0.029932 2.061171 -4.742703
v -0.011244 2.065920 -4.742702
v 0.059743 2.066566 -4.720614
v 0.062282 1.908802 -4.720615
v 0.032313 1.913235 -4.742703
v 0.012212 1.907499 -4.742703
v -0.008689 1.907163 -4.742705
v 0.050245 1.923975 -4.742705
v 0.092957 1.950138 -4.720615
v 0.080341 1.927451 -4.720615
v -0.091988 2.023281 -4.720614
v -0.079064 1.995883 -4.742702
v -0.073979 2.016158 -4.742703
v -0.078727 1.974982 -4.742703
v -0.090763 1.947181 -4.720614
v -0.072993 1.954880 -4.742702
v -0.077424 1.924911 -4.720614
v -0.077424 1.924911 -4.172155
v -0.058774 1.906853 -4.720614
v -0.028965 1.912248 -4.742703
v -0.047233 1.922407 -4.742703
v -0.061314 2.064617 -4.720614
v -0.049279 2.049444 -4.742702
v -0.031346 2.060185 -4.742701
v -0.079372 2.045968 -4.720614
v 0.009655 2.066256 -4.762153
v 0.010250 2.071407 -4.762153
v 0.010250 2.071407 -4.772155
v 0.009655 2.066256 -4.772155
v 0.012211 1.907499 -4.772155
v 0.012211 1.907499 -4.762154
v -0.009284 1.902012 -4.762156
v -0.009284 1.902012 -4.772155
v -0.008690 1.907163 -4.762153
v -0.008690 1.907163 -4.772155
vn -0.0000 -0.0000 -1.0000
vn -0.4860 -0.8739 0.0005
vn -0.4865 -0.8737 0.0001
vn -0.4861 -0.8739 -0.0062
vn -0.4896 -0.8719 -0.0061
vn -0.2432 -0.9700 0.0003
vn -0.2425 -0.9701 0.0007
vn 0.0161 -0.9999 0.0008
vn 0.0148 -0.9999 -0.0000
vn 0.7198 -0.6942 -0.0062
vn 0.7195 -0.6945 -0.0061
vn 0.9618 0.2735 -0.0062
vn 0.9613 0.2756 -0.0062
vn 0.5139 -0.8579 -0.0000
vn 0.5138 -0.8579 -0.0001
vn 0.2743 -0.9616 0.0001
vn 0.2756 -0.9613 0.0010
vn 0.9998 0.0172 -0.0061
vn 0.9998 0.0186 -0.0062
vn 0.5154 -0.8569 -0.0062
vn 0.5140 -0.8578 -0.0061
vn 0.8723 -0.4889 -0.0061
vn 0.8738 -0.4862 -0.0062
vn 0.9700 -0.2429 -0.0062
vn 0.9690 -0.2470 -0.0061
vn -0.6956 -0.7184 -0.0000
vn -0.8576 -0.5143 -0.0061
vn -0.8559 -0.5170 -0.0062
vn -0.9622 -0.2723 -0.0061
vn -0.9625 -0.2713 -0.0061
vn -0.6954 -0.7186 -0.0062
vn -0.6956 -0.7184 -0.0062
vn -0.9700 0.2429 -0.0061
vn -0.9701 0.2426 -0.0061
vn -0.2454 -0.9694 -0.0061
vn -0.2401 -0.9707 -0.0062
vn 0.0182 -0.9998 -0.0062
vn 0.0146 -0.9999 -0.0062
vn 0.2730 -0.9620 -0.0062
vn 0.2745 -0.9616 -0.0062
vn -0.8752 0.4837 -0.0062
vn -0.8738 0.4862 -0.0061
vn -0.9998 -0.0173 -0.0061
vn -0.9998 -0.0186 -0.0062
vn -0.5139 0.8579 -0.0000
vn -0.5129 0.8585 -0.0008
vn -0.2743 0.9616 -0.0005
vn -0.2756 0.9613 0.0004
vn -0.0161 0.9999 0.0004
vn -0.0149 0.9999 -0.0004
vn 0.2432 0.9700 -0.0005
vn 0.2417 0.9703 0.0005
vn 0.8579 0.5139 -0.0000
vn 0.4860 0.8740 0.0005
vn 0.4866 0.8736 -0.0000
vn -0.0001 -0.0001 -1.0000
vn 0.4861 0.8739 -0.0061
vn 0.4859 0.8740 -0.0061
vn -0.5140 0.8578 -0.0062
vn -0.2719 0.9623 -0.0062
vn -0.2745 0.9616 -0.0062
vn -0.0182 0.9998 -0.0062
vn -0.0147 0.9999 -0.0062
vn -0.7176 0.6964 -0.0062
vn -0.7171 0.6969 -0.0062
vn 0.2454 0.9694 -0.0061
vn 0.2390 0.9710 -0.0063
vn 0.6954 0.7186 -0.0062
vn 0.6981 0.7160 -0.0061
vn 0.8576 0.5143 -0.0062
vn 0.8580 0.5136 -0.0062
vn 0.7167 -0.6931 0.0769
vn 0.7141 -0.6958 0.0776
vn 0.8711 -0.4851 0.0770
vn 0.8710 -0.4852 0.0770
vn 0.5118 -0.8556 0.0776
vn 0.5143 -0.8542 0.0770
vn 0.2734 -0.9619 -0.0000
vn 0.2743 -0.9616 -0.0001
vn 0.7184 -0.6956 -0.0001
vn 0.7188 -0.6952 -0.0001
vn 0.8739 -0.4860 -0.0000
vn 0.8737 -0.4865 -0.0001
vn 0.5139 -0.8579 -0.0001
vn 0.5133 -0.8582 -0.0000
vn 0.2726 -0.9590 0.0770
vn 0.2724 -0.9591 0.0771
vn 0.9969 0.0176 0.0764
vn 0.9969 0.0157 0.0767
vn 0.9596 0.2706 0.0771
vn 0.9586 0.2743 0.0764
vn -0.8553 -0.5124 0.0767
vn -0.8557 -0.5118 0.0768
vn 0.9673 -0.2417 0.0767
vn 0.9670 -0.2430 0.0769
vn 0.9700 -0.2432 -0.0000
vn 0.9702 -0.2424 -0.0000
vn 0.9999 0.0161 -0.0000
vn 0.9998 0.0176 0.0001
vn 0.9616 0.2743 0.0001
vn 0.9625 0.2715 -0.0002
vn -0.9998 -0.0186 0.0105
vn -0.9998 -0.0157 0.0105
vn -0.2433 -0.9699 0.0105
vn -0.2401 -0.9707 0.0104
vn 0.0165 -0.9998 0.0105
vn 0.0146 -0.9998 0.0105
vn -0.9701 0.2426 0.0105
vn -0.9698 0.2437 0.0105
vn -0.8559 -0.5170 0.0105
vn -0.8582 -0.5133 0.0105
vn -0.9625 -0.2712 0.0105
vn -0.9614 -0.2751 0.0105
vn -0.6961 -0.7179 0.0105
vn -0.6955 -0.7184 0.0105
vn -0.4842 -0.8749 0.0104
vn -0.4896 -0.8719 0.0105
vn 0.9698 -0.2437 0.0105
vn 0.9690 -0.2470 0.0105
vn 0.9998 0.0157 0.0105
vn 0.9998 0.0186 0.0105
vn 0.9614 0.2751 0.0105
vn 0.9612 0.2756 0.0105
vn 0.2732 -0.9619 0.0105
vn 0.2745 -0.9615 0.0105
vn 0.7194 -0.6945 0.0104
vn 0.7162 -0.6978 0.0105
vn 0.8736 -0.4866 0.0105
vn 0.8738 -0.4862 0.0105
vn 0.5140 -0.8578 0.0105
vn 0.5158 -0.8567 0.0104
vn -0.5127 0.8585 0.0105
vn -0.5140 0.8578 0.0105
vn 0.4857 0.8741 0.0105
vn 0.4858 0.8740 0.0105
vn 0.2390 0.9710 0.0105
vn 0.2403 0.9706 0.0105
vn -0.8714 0.4846 0.0771
vn -0.8727 0.4822 0.0766
vn -0.7171 0.6969 0.0105
vn -0.7182 0.6958 0.0105
vn -0.8738 0.4862 0.0105
vn -0.8752 0.4836 0.0105
vn -0.7163 0.6936 0.0766
vn -0.7161 0.6938 0.0766
vn 0.6981 0.7160 0.0105
vn 0.4846 0.8714 0.0767
vn 0.4843 0.8716 0.0767
vn 0.2425 0.9671 0.0772
vn 0.2396 0.9678 0.0766
vn 0.6939 0.7160 0.0766
vn 0.6960 0.7139 0.0772
vn 0.6960 0.7181 -0.0000
vn 0.6956 0.7184 -0.0000
vn 0.8564 0.5162 0.0105
vn 0.8580 0.5136 0.0105
vn 0.8579 0.5139 -0.0002
vn 0.8568 0.5157 -0.0000
vn 0.8542 0.5142 0.0772
vn 0.8539 0.5147 0.0771
vn -0.2425 -0.9671 0.0771
vn -0.2426 -0.9671 0.0771
vn 0.0161 -0.9969 0.0771
vn 0.0165 -0.9969 0.0770
vn -0.4846 -0.8714 0.0770
vn -0.4828 -0.8724 0.0766
vn -0.9969 -0.0161 0.0768
vn -0.9969 -0.0157 0.0769
vn -0.9588 -0.2735 0.0769
vn -0.9586 -0.2743 0.0768
vn -0.6936 -0.7163 0.0767
vn -0.6941 -0.7158 0.0768
vn -0.9671 0.2425 0.0770
vn -0.9670 0.2430 0.0771
vn -0.2722 0.9622 0.0105
vn -0.2745 0.9615 0.0105
vn -0.2729 0.9589 0.0771
vn -0.2714 0.9594 0.0774
vn -0.0160 0.9969 0.0773
vn -0.0165 0.9969 0.0772
vn -0.5132 0.8548 0.0766
vn -0.5112 0.8560 0.0771
vn -0.5148 0.8573 -0.0000
vn -0.5139 0.8579 -0.0001
vn -0.0147 0.9998 0.0105
vn -0.0165 0.9998 0.0105
vn -0.2744 0.9616 -0.0000
vn -0.2737 0.9618 -0.0001
vn -0.0161 0.9999 -0.0000
vn 0.4630 0.8325 -0.3042
vn 0.4638 0.8318 -0.3049
vn 0.4870 0.8734 0.0035
vn 0.4869 0.8734 0.0035
vn 0.8586 0.5126 0.0035
vn 0.8561 0.5168 0.0037
vn 0.2316 0.9237 -0.3051
vn 0.2306 0.9242 -0.3043
vn -0.0000 -0.0002 1.0000
vn -0.0001 -0.0002 1.0000
vn -0.0001 -0.0001 1.0000
vn 0.6625 0.6842 -0.3050
vn 0.6638 0.6821 -0.3067
vn 0.6940 0.7200 0.0035
vn 0.6974 0.7167 0.0037
vn 0.8166 0.4891 -0.3065
vn 0.8155 0.4923 -0.3043
vn 0.9525 0.0153 -0.3043
vn 0.9523 0.0147 -0.3047
vn 0.9161 0.2613 -0.3042
vn 0.9161 0.2612 -0.3043
vn -0.0000 -0.0000 1.0000
vn -0.0002 -0.0000 1.0000
vn -0.0002 -0.0001 1.0000
vn -0.0002 0.0001 1.0000
vn 0.9239 -0.2317 -0.3045
vn 0.9239 -0.2310 -0.3049
vn 0.8325 -0.4630 -0.3043
vn 0.8316 -0.4640 -0.3052
vn 0.0001 0.0001 1.0000
vn -0.0000 0.0001 1.0000
vn -0.0001 0.0001 1.0000
vn 0.2613 -0.9160 -0.3043
vn 0.2612 -0.9160 -0.3043
vn 0.9701 -0.2425 0.0036
vn 0.8732 -0.4873 0.0035
vn 0.8734 -0.4869 0.0035
vn 0.7184 -0.6956 0.0035
vn 0.7200 -0.6940 0.0036
vn 0.4894 -0.8169 -0.3052
vn 0.4904 -0.8166 -0.3045
vn 0.2742 -0.9617 0.0035
vn 0.2747 -0.9615 0.0035
vn 0.5149 -0.8573 0.0036
vn 0.5129 -0.8585 0.0035
vn 0.9999 0.0161 0.0035
vn 0.9999 0.0154 0.0035
vn 0.0002 -0.0000 1.0000
vn 0.0002 0.0001 1.0000
vn -0.0000 0.0002 1.0000
vn -0.9700 0.2432 0.0036
vn -0.9701 0.2425 0.0036
vn -0.9616 -0.2743 0.0036
vn -0.9615 -0.2747 0.0036
vn -0.8578 -0.5139 0.0036
vn -0.8585 -0.5129 0.0036
vn -0.6957 -0.7184 0.0035
vn -0.6940 -0.7200 0.0036
vn -0.2432 -0.9700 0.0036
vn -0.2425 -0.9701 0.0036
vn -0.4860 -0.8739 0.0036
vn -0.4869 -0.8734 0.0035
vn 0.0148 -0.9999 0.0036
vn 0.0149 -0.9999 0.0036
vn 0.0001 0.0002 1.0000
vn 0.0153 -0.9524 -0.3044
vn 0.0141 -0.9522 -0.3052
vn 0.0001 -0.0002 1.0000
vn 0.0001 -0.0001 1.0000
vn 0.9616 0.2744 0.0035
vn 0.9617 0.2742 0.0035
vn 0.0002 -0.0001 1.0000
vn -0.8739 0.4860 0.0036
vn -0.8734 0.4869 0.0035
vn -0.2613 0.9158 -0.3051
vn -0.2743 0.9616 0.0036
vn -0.2747 0.9615 0.0036
vn -0.9999 -0.0161 0.0036
vn -0.9999 -0.0149 0.0036
vn -0.5139 0.8579 0.0036
vn -0.5129 0.8585 0.0036
vn -0.7184 0.6957 0.0035
vn -0.7200 0.6940 0.0036
vn -0.0161 0.9999 0.0036
vn -0.0149 0.9999 0.0036
vn 0.2420 0.9703 0.0036
vn 0.2425 0.9701 0.0036
vn -0.6921 -0.7148 0.1001
vn -0.6906 -0.7165 0.0986
vn -0.4836 -0.8697 0.0989
vn -0.4845 -0.8691 0.0996
vn -0.2420 -0.9651 0.1000
vn -0.2413 -0.9653 0.0995
vn 0.2420 0.9651 0.1000
vn 0.2413 0.9653 0.0995
vn -0.0160 0.9949 0.0991
vn -0.0148 0.9949 0.1000
vn 0.0160 -0.9949 0.0991
vn 0.0148 -0.9949 0.1000
vn -0.8529 -0.5127 0.0983
vn -0.8542 -0.5103 0.1001
vn -0.2716 0.9574 0.0984
vn -0.2734 0.9567 0.0997
vn -0.7151 0.6920 0.0993
vn -0.7165 0.6907 0.0979
vn -0.8701 0.4830 0.0984
vn -0.8691 0.4845 0.0997
vn -0.5114 0.8537 0.0983
vn -0.5103 0.8542 0.0992
vn -0.9651 0.2422 0.0998
vn -0.9654 0.2413 0.0992
vn 0.8698 -0.4835 0.0989
vn 0.8691 -0.4845 0.0997
vn 0.6929 0.7141 0.1002
vn 0.6907 0.7165 0.0979
vn 0.4831 0.8700 0.0984
vn 0.4845 0.8691 0.0996
vn 0.7148 -0.6922 0.1002
vn 0.7165 -0.6906 0.0986
vn 0.5113 -0.8536 0.0994
vn 0.5103 -0.8542 0.1002
vn 0.2730 -0.9569 0.0994
vn 0.2734 -0.9567 0.0997
vn 0.9569 0.2730 0.0994
vn 0.9567 0.2734 0.0997
vn 0.0001 -0.0000 1.0000
vn -0.9574 -0.2716 0.0984
vn -0.9567 -0.2734 0.0997
vn -0.9950 -0.0165 0.0988
vn -0.9949 -0.0148 0.1000
vn 0.9652 -0.2419 0.0998
vn 0.9653 -0.2413 0.0995
vn 0.8536 0.5113 0.0994
vn 0.8542 0.5103 0.1002
vn 0.9949 0.0160 0.0991
vn 0.9949 0.0148 0.1000
vn -0.0154 0.9999 -0.0000
vn -0.2713 0.9625 -0.0000
vn 0.4856 0.8742 -0.0000
vn 0.8570 0.5152 -0.0000
vn 0.2401 0.9707 -0.0000
vn 0.6968 0.7173 -0.0000
vn -1.0000 -0.0000 -0.0000
vn -0.0000 -1.0000 -0.0000
vn 1.0000 -0.0000 -0.0000
vn -0.0000 1.0000 -0.0000
vn -0.5152 0.8570 -0.0000
vn -0.6942 -0.7198 -0.0000
vn -0.9695 0.2449 -0.0000
vn -0.9999 -0.0153 -0.0000
vn -0.4856 -0.8742 -0.0000
vn -0.8593 -0.5115 -0.0000
vn -0.9611 -0.2761 -0.0000
vn -0.8729 0.4878 -0.0000
vn 0.9695 -0.2449 -0.0000
vn 0.9999 0.0153 -0.0000
vn 0.9611 0.2761 -0.0000
vn 0.7173 -0.6968 -0.0000
vn -0.2401 -0.9707 -0.0000
vn 0.0154 -0.9999 -0.0000
vn -0.7198 0.6942 -0.0000
vn 0.8742 -0.4856 -0.0000
vn 0.5152 -0.8570 -0.0000
vn 0.2713 -0.9625 -0.0000
vn 0.9999 0.0161 0.0012
vn 0.9999 0.0124 -0.0012
vn 0.9611 0.2762 -0.0000
vn 0.9616 0.2743 -0.0013
vn -0.0002 -0.0000 -1.0000
vn 0.2425 0.9701 -0.0000
vn 0.3667 0.6593 0.6564
vn 0.3672 0.6593 0.6561
vn 0.4869 0.8735 -0.0000
vn 0.9999 0.0149 -0.0000
vn 0.7321 -0.1836 0.6560
vn 0.7318 -0.1839 0.6562
vn 0.0001 -0.0002 -1.0000
vn 0.0001 -0.0001 -1.0000
vn 0.9699 -0.2437 0.0001
vn 0.9701 -0.2425 -0.0000
vn 0.7546 0.0121 0.6560
vn 0.7542 0.0112 0.6566
vn 0.9615 0.2747 -0.0000
vn 0.9614 0.2751 -0.0000
vn 0.9700 -0.2432 -0.0004
vn 0.9706 -0.2406 0.0014
vn 0.7256 0.2076 0.6561
vn 0.7254 0.2070 0.6564
vn 0.8577 0.5141 -0.0000
vn 0.8579 0.5138 -0.0000
vn 0.8740 -0.4860 -0.0000
vn 0.8735 -0.4869 -0.0000
vn 0.7184 -0.6956 -0.0000
vn 0.7177 -0.6963 -0.0006
vn 0.2070 -0.7254 0.6565
vn 0.2073 -0.7255 0.6563
vn 0.7184 -0.6956 0.0001
vn 0.7200 -0.6940 -0.0000
vn -0.0002 0.0001 -1.0000
vn -0.0000 0.0003 -1.0000
vn 0.8740 -0.4860 -0.0009
vn 0.8745 -0.4849 -0.0001
vn -0.0002 -0.0004 -1.0000
vn -0.0000 -0.0001 -1.0000
vn -0.0002 -0.0003 -1.0000
vn 0.1836 0.7319 0.6563
vn 0.1829 0.7317 0.6566
vn 0.6950 0.7190 -0.0000
vn 0.2747 -0.9615 -0.0000
vn 0.3877 -0.6473 0.6562
vn 0.3880 -0.6473 0.6561
vn 0.5129 -0.8585 0.0001
vn 0.5141 -0.8577 -0.0000
vn -0.0000 -0.0002 -1.0000
vn -0.2436 -0.9699 0.0001
vn -0.2425 -0.9701 -0.0000
vn 0.0149 -0.9999 -0.0000
vn -0.1836 -0.7320 0.6561
vn -0.1838 -0.7318 0.6563
vn -0.0001 -0.0000 -1.0000
vn -0.0000 0.0002 -1.0000
vn 0.0001 0.0002 -1.0000
vn 0.0122 -0.7546 0.6560
vn 0.0112 -0.7542 0.6566
vn -0.8579 -0.5139 -0.0000
vn -0.8585 -0.5129 0.0001
vn -0.8579 -0.5139 0.0006
vn -0.8584 -0.5130 -0.0000
vn -0.9616 -0.2743 -0.0000
vn -0.9615 -0.2747 -0.0000
vn -0.9999 -0.0161 -0.0000
vn -0.9999 -0.0149 0.0001
vn -0.9616 -0.2743 -0.0013
vn -0.9607 -0.2775 0.0009
vn 0.0002 0.0002 -1.0000
vn 0.0003 -0.0000 -1.0000
vn -0.9700 0.2432 -0.0004
vn -0.9706 0.2406 0.0014
vn -0.9999 -0.0161 0.0012
vn -0.9999 -0.0124 -0.0012
vn -0.7184 0.6956 -0.0000
vn -0.7178 0.6963 -0.0006
vn 0.0001 0.0001 -1.0000
vn 0.0002 -0.0002 -1.0000
vn -0.9700 0.2432 0.0001
vn -0.9701 0.2425 -0.0000
vn -0.7184 0.6956 0.0001
vn -0.7200 0.6940 -0.0000
vn -0.8740 0.4860 -0.0009
vn -0.8745 0.4849 -0.0001
vn -0.2747 0.9615 -0.0000
vn -0.0149 0.9999 -0.0000
vn -0.6957 -0.7184 0.0001
vn -0.6940 -0.7200 -0.0000
vn -0.4860 -0.8740 -0.0000
vn -0.4869 -0.8735 -0.0000
vn -0.5129 0.8585 0.0001
vn -0.5141 0.8577 -0.0000
vn -0.3878 0.6475 0.6560
vn -0.3879 0.6472 0.6562
vn -0.8740 0.4860 -0.0000
vn -0.8735 0.4869 -0.0000
vn -0.2070 0.7256 0.6563
vn -0.2072 0.7254 0.6564
vn -0.0122 0.7541 0.6567
vn -0.0112 0.7546 0.6561
vn 0.2432 0.9700 0.0007
vn 0.2436 0.9699 0.0006
vn 0.2027 0.8071 -0.5546
vn 0.2017 0.8069 -0.5551
vn -0.0113 0.8326 -0.5538
vn -0.0124 0.8321 -0.5545
vn -0.0153 0.9522 -0.3051
vn -0.2743 0.9616 -0.0003
vn -0.2753 0.9614 0.0001
vn 0.4860 0.8740 -0.0007
vn 0.4830 0.8756 0.0006
vn 0.8579 0.5139 0.0001
vn 0.8575 0.5145 0.0004
vn 0.9616 0.2743 -0.0004
vn 0.9614 0.2753 -0.0000
vn 0.9999 0.0161 0.0007
vn 0.9999 0.0135 -0.0003
vn -0.2288 0.8007 -0.5536
vn -0.2292 0.8004 -0.5540
vn 0.4018 0.7284 -0.5549
vn 0.4058 0.7280 -0.5526
vn 0.6956 0.7184 0.0006
vn 0.6980 0.7161 -0.0008
vn -0.2317 -0.9241 -0.3040
vn -0.2333 -0.9233 -0.3051
vn 0.5139 -0.8578 0.0001
vn 0.5145 -0.8575 0.0004
vn 0.2743 -0.9616 -0.0004
vn 0.2753 -0.9614 -0.0000
vn -0.2449 -0.9695 -0.0000
vn -0.2436 -0.9699 0.0005
vn 0.0161 -0.9999 0.0006
vn 0.0135 -0.9999 -0.0004
vn 0.0113 -0.8326 -0.5538
vn 0.0124 -0.8321 -0.5545
vn 0.4280 -0.7133 -0.5550
vn 0.4270 -0.7147 -0.5540
vn -0.0161 0.9999 0.0007
vn -0.0135 0.9999 -0.0003
vn 0.7184 -0.6956 0.0005
vn 0.7160 -0.6980 -0.0008
vn 0.6841 -0.6624 -0.3052
vn 0.6841 -0.6625 -0.3052
vn 0.2292 -0.8004 -0.5540
vn 0.2288 -0.8007 -0.5536
vn 0.8740 -0.4860 -0.0008
vn 0.8756 -0.4830 0.0006
vn -0.9526 -0.0153 -0.3040
vn -0.9520 -0.0129 -0.3057
vn -0.6980 -0.7161 -0.0000
vn -0.4830 -0.8756 -0.0000
vn -0.9699 0.2436 -0.0000
vn -0.9999 -0.0135 -0.0000
vn -0.9240 0.2317 -0.3042
vn -0.9240 0.2321 -0.3039
vn -0.9614 -0.2753 -0.0000
vn -0.8170 -0.4894 -0.3050
vn -0.8168 -0.4901 -0.3045
vn -0.9156 -0.2612 -0.3059
vn -0.9155 -0.2622 -0.3052
vn -0.6627 -0.6843 -0.3043
vn -0.6645 -0.6816 -0.3065
vn -0.4626 -0.8319 -0.3066
vn -0.4601 -0.8341 -0.3043
vn -0.8575 -0.5145 -0.0000
vn 0.7133 0.4280 -0.5550
vn 0.7147 0.4270 -0.5540
vn 0.7284 -0.4017 -0.5549
vn 0.7280 -0.4058 -0.5526
vn 0.8071 -0.2027 -0.5546
vn 0.8069 -0.2017 -0.5552
vn 0.9700 -0.2432 0.0007
vn 0.9699 -0.2436 0.0006
vn 0.8004 0.2292 -0.5540
vn 0.8007 0.2288 -0.5536
vn 0.8326 0.0113 -0.5538
vn 0.8321 0.0124 -0.5545
vn -0.8319 0.4626 -0.3065
vn -0.8342 0.4601 -0.3042
vn -0.5148 0.8573 0.0001
vn -0.5145 0.8575 -0.0000
vn -0.4894 0.8169 -0.3051
vn -0.4903 0.8166 -0.3044
vn -0.7161 0.6980 -0.0000
vn -0.8756 0.4830 -0.0000
vn -0.6843 0.6627 -0.3042
vn -0.6816 0.6645 -0.3064
vn -0.9999 -0.0149 -0.0000
vn -0.8585 -0.5129 -0.0000
vn -0.8071 0.2027 -0.5546
vn -0.8069 0.2017 -0.5552
vn -0.8326 -0.0113 -0.5538
vn -0.8321 -0.0124 -0.5545
vn -0.7280 0.4058 -0.5526
vn -0.7284 0.4017 -0.5549
vn -0.7133 -0.4280 -0.5550
vn -0.7147 -0.4270 -0.5540
vn -0.8004 -0.2292 -0.5540
vn -0.8007 -0.2288 -0.5536
vn -0.5773 -0.5989 -0.5550
vn -0.5820 -0.5970 -0.5521
vn 0.5129 -0.8585 -0.0000
vn -0.4018 -0.7284 -0.5549
vn -0.4058 -0.7280 -0.5526
vn -0.2027 -0.8071 -0.5546
vn -0.2017 -0.8069 -0.5551
vn 0.6940 0.7200 -0.0000
vn -0.0000 -0.0001 1.0000
vn 0.8585 0.5129 -0.0000
vn -0.5129 0.8585 -0.0000
vn 0.5970 -0.5820 -0.5521
vn 0.5989 -0.5773 -0.5550
vn -0.5989 0.5773 -0.5550
vn -0.5970 0.5820 -0.5521
vn -0.4269 0.7147 -0.5540
vn -0.4280 0.7133 -0.5550
vn 0.5773 0.5989 -0.5550
vn 0.5820 0.5970 -0.5521
vn -0.8734 0.4870 -0.0000
vn -0.6597 0.3669 0.6559
vn -0.6597 0.3662 0.6563
vn -0.8744 0.4853 -0.0000
vn -0.8740 0.4860 0.0004
vn -0.8744 0.4853 -0.0003
vn -0.7188 0.6952 -0.0013
vn -0.7180 0.6960 -0.0000
vn -0.7184 0.6956 0.0010
vn -0.7188 0.6952 0.0005
vn -0.9999 -0.0159 -0.0000
vn -0.9701 0.2426 -0.0000
vn -0.9999 -0.0168 -0.0006
vn -0.9616 -0.2744 -0.0005
vn -0.9617 -0.2739 -0.0001
vn -0.9700 0.2432 -0.0000
vn -0.9699 0.2436 0.0003
vn -0.0005 0.0007 -1.0000
vn -0.0001 0.0024 -1.0000
vn -0.0000 -0.0003 1.0000
vn -0.2729 0.9620 -0.0000
vn -0.5138 0.8579 -0.0004
vn -0.5123 0.8588 0.0010
vn -0.5138 0.8579 -0.0013
vn -0.5123 0.8588 0.0006
vn -0.5138 0.8579 -0.0000
vn -0.5422 0.5250 0.6561
vn -0.5420 0.5255 0.6558
vn -0.0000 0.0001 -1.0000
vn -0.0006 0.0023 -1.0000
vn -0.0005 -0.0001 -1.0000
vn -0.2748 0.9615 -0.0004
vn -0.2744 0.9616 0.0005
vn -0.2748 0.9615 -0.0000
vn -0.8579 -0.5139 -0.0004
vn -0.8582 -0.5134 0.0001
vn -0.8582 -0.5134 -0.0000
vn -0.4860 -0.8740 0.0013
vn -0.4856 -0.8742 0.0010
vn -0.4856 -0.8742 -0.0013
vn -0.4846 -0.8747 -0.0000
vn -0.6964 -0.7177 -0.0000
vn -0.5254 -0.5426 0.6555
vn -0.5256 -0.5417 0.6559
vn -0.3668 -0.6596 0.6561
vn -0.3660 -0.6608 0.6553
vn -0.4854 -0.8743 -0.0000
vn -0.6957 -0.7184 0.0004
vn -0.6964 -0.7177 0.0012
vn -0.2420 -0.9703 -0.0000
vn -0.2432 -0.9700 -0.0013
vn -0.6474 -0.3878 0.6560
vn -0.6475 -0.3874 0.6563
vn -0.7257 -0.2070 0.6562
vn -0.7256 -0.2067 0.6564
vn -0.9617 -0.2739 -0.0000
vn -0.8581 -0.5134 -0.0000
vn -0.9617 -0.2740 -0.0000
vn -0.0006 0.0001 -1.0000
vn -0.0006 0.0003 -1.0000
vn -0.2432 -0.9700 0.0010
vn -0.2432 -0.9700 -0.0000
vn -0.9999 -0.0168 -0.0000
vn -0.7320 0.1835 0.6561
vn -0.7321 0.1839 0.6559
vn -0.7543 -0.0121 0.6564
vn -0.7546 -0.0127 0.6560
vn 0.0161 -0.9999 -0.0001
vn 0.0153 -0.9999 -0.0000
vn -0.4860 -0.8740 -0.0001
vn -0.4856 -0.8742 -0.0001
vn -0.6956 -0.7184 -0.0001
vn -0.6955 -0.7185 -0.0001
vn -0.2432 -0.9700 -0.0001
vn -0.2436 -0.9699 -0.0001
vn 0.8740 -0.4860 -0.0001
vn 0.8735 -0.4869 0.0001
vn 0.9700 -0.2432 -0.0002
vn 0.9701 -0.2425 -0.0001
vn 0.7194 -0.6946 0.0001
vn -0.8740 0.4860 -0.0001
vn -0.8752 0.4837 0.0001
vn -0.9696 0.2447 -0.0001
vn -0.7177 0.6964 -0.0000
vn -0.9999 -0.0161 -0.0002
vn -0.9998 -0.0184 -0.0000
vn -0.8578 -0.5139 -0.0001
vn -0.8567 -0.5158 0.0001
vn -0.9616 -0.2743 0.0001
vn -0.9624 -0.2717 -0.0002
vn 0.4860 0.8740 0.0002
vn 0.4876 0.8731 -0.0000
vn 0.2432 0.9700 -0.0000
vn 0.2417 0.9704 0.0001
vn 0.8585 0.5129 -0.0002
vn 0.6956 0.7184 -0.0002
vn 0.6940 0.7200 0.0001
vn 0.4860 0.8740 0.0001
vn 0.4869 0.8735 -0.0001
vn 0.9616 0.2743 -0.0001
vn 0.9999 0.0149 -0.0002
vn -0.7200 0.6940 -0.0002
vn -0.8740 0.4860 0.0001
vn -0.8735 0.4869 -0.0001
vn -0.9700 0.2432 -0.0002
vn -0.9701 0.2425 -0.0001
vn -0.9999 -0.0149 -0.0002
vn -0.0001 -0.0000 1.0000
vn 0.2437 0.9699 -0.0002
vn -0.0149 0.9999 -0.0002
vn -0.5129 0.8585 -0.0002
vn -0.2743 0.9616 -0.0001
vn -0.8586 -0.5126 -0.0000
vn -0.9615 -0.2747 -0.0001
vn 0.0161 -0.9999 -0.0007
vn 0.0161 -0.9999 -0.0000
vn 0.2743 -0.9616 0.0005
vn 0.2752 -0.9614 -0.0002
vn 0.0154 -0.9999 0.0005
vn 0.0005 -0.0001 -1.0000
vn 0.0006 -0.0000 -1.0000
vn 0.2728 -0.9621 -0.0000
vn 0.9614 0.2750 0.0007
vn 0.9618 0.2737 -0.0000
vn 0.2743 -0.9616 0.0003
vn 0.2752 -0.9614 -0.0007
vn 0.4860 0.8740 0.0015
vn 0.4854 0.8743 0.0008
vn 0.0008 0.0014 -1.0000
vn -0.0005 -0.0019 -1.0000
vn 0.2431 0.9700 -0.0000
vn 0.0007 0.0004 -1.0000
vn 0.4860 0.8740 -0.0019
vn 0.4854 0.8743 -0.0011
vn 0.5139 -0.8579 -0.0002
vn 0.5128 -0.8585 0.0008
vn 0.5139 -0.8579 0.0002
vn 0.5128 -0.8585 -0.0011
vn 0.2421 0.9702 -0.0000
vn 0.2432 0.9700 -0.0012
vn 0.2433 0.9700 0.0010
vn 0.9999 0.0161 0.0009
vn 0.9999 0.0153 0.0001
vn 0.9699 -0.2435 -0.0000
vn 0.6598 -0.3665 0.6561
vn 0.6597 -0.3669 0.6559
vn 0.9700 -0.2433 -0.0000
vn 0.9701 -0.2428 0.0005
vn 0.9999 0.0160 -0.0000
vn 0.9701 -0.2428 -0.0004
vn 0.5422 -0.5250 0.6561
vn 0.5420 -0.5255 0.6558
vn 0.7180 -0.6961 -0.0000
vn 0.7186 -0.6955 -0.0009
vn 0.7184 -0.6956 0.0007
vn 0.7186 -0.6955 0.0005
vn 0.7195 -0.6945 -0.0000
vn 0.6477 0.3873 0.6561
vn 0.6477 0.3880 0.6557
vn 0.8583 0.5131 0.0010
vn 0.8588 0.5123 -0.0000
vn 0.5252 0.5425 0.6556
vn 0.5244 0.5427 0.6561
vn 0.8579 0.5139 -0.0008
vn 0.8588 0.5123 0.0007
vn 0.9614 0.2750 -0.0005
vn 0.6956 0.7184 0.0009
vn 0.6960 0.7180 0.0014
vn 0.8742 -0.4856 0.0003
vn 0.8744 -0.4853 -0.0000
vn 0.9999 0.0161 -0.0007
vn 0.9999 0.0153 -0.0001
vn 0.8740 -0.4860 0.0004
vn 0.8744 -0.4853 -0.0003
vn 0.6948 0.7192 -0.0000
vn 0.6960 0.7180 -0.0018
vn 0.6958 0.7182 -0.0000
s 0
f 2508//1619 2506//1619 2502//1619
f 2508//1619 2502//1619 2504//1619
f 2507//1620 2941//1620 2933//1620
f 2507//1621 2933//1621 2498//1621
f 2497//1619 2503//1619 2507//1619
f 2497//1619 2507//1619 2498//1619
f 2506//1619 2507//1619 2503//1619
f 2506//1619 2503//1619 2502//1619
f 2503//1622 2497//1622 2443//1622
f 2503//1623 2443//1623 2449//1623
f 2506//1624 2940//1624 2941//1624
f 2506//1625 2941//1625 2507//1625
f 2508//1626 2942//1626 2940//1626
f 2508//1627 2940//1627 2506//1627
f 2509//1628 2510//1628 2457//1628
f 2509//1629 2457//1629 2456//1629
f 2514//1630 2513//1630 2464//1630
f 2514//1631 2464//1631 2467//1631
f 2943//1632 2944//1632 2945//1632
f 2943//1633 2945//1633 2515//1633
f 2515//1634 2945//1634 2942//1634
f 2515//1635 2942//1635 2508//1635
f 2513//1636 2512//1636 2462//1636
f 2513//1637 2462//1637 2464//1637
f 2510//1638 2505//1638 2460//1638
f 2510//1639 2460//1639 2457//1639
f 2511//1640 2509//1640 2456//1640
f 2511//1641 2456//1641 2459//1641
f 2512//1642 2511//1642 2459//1642
f 2512//1643 2459//1643 2462//1643
f 2498//1619 2935//1619 2494//1619
f 2498//1619 2494//1619 2497//1619
f 2935//1619 2936//1619 2495//1619
f 2935//1619 2495//1619 2494//1619
f 2936//1619 2937//1619 2496//1619
f 2936//1619 2496//1619 2495//1619
f 2934//1644 2935//1644 2498//1644
f 2934//1644 2498//1644 2933//1644
f 2494//1645 2495//1645 2439//1645
f 2494//1646 2439//1646 2438//1646
f 2495//1647 2496//1647 2441//1647
f 2495//1648 2441//1648 2439//1648
f 2497//1649 2494//1649 2438//1649
f 2497//1650 2438//1650 2443//1650
f 2499//1651 2500//1651 2447//1651
f 2499//1652 2447//1652 2446//1652
f 2502//1653 2503//1653 2449//1653
f 2502//1654 2449//1654 2448//1654
f 2504//1655 2502//1655 2448//1655
f 2504//1656 2448//1656 2453//1656
f 2505//1657 2504//1657 2453//1657
f 2505//1658 2453//1658 2460//1658
f 2500//1659 2501//1659 2485//1659
f 2500//1660 2485//1660 2447//1660
f 2496//1661 2499//1661 2446//1661
f 2496//1662 2446//1662 2441//1662
f 2938//1619 2939//1619 2500//1619
f 2938//1619 2500//1619 2499//1619
f 2937//1619 2938//1619 2499//1619
f 2937//1619 2499//1619 2496//1619
f 2954//1663 2955//1663 2951//1663
f 2954//1664 2951//1664 2523//1664
f 2954//1619 2523//1619 2521//1619
f 2954//1619 2521//1619 2520//1619
f 2956//1619 2954//1619 2520//1619
f 2956//1619 2520//1619 2501//1619
f 2523//1619 2524//1619 2522//1619
f 2523//1619 2522//1619 2521//1619
f 2523//1665 2951//1665 2952//1665
f 2523//1666 2952//1666 2524//1666
f 2524//1667 2952//1667 2953//1667
f 2524//1668 2953//1668 2525//1668
f 2524//1619 2516//1619 2518//1619
f 2524//1619 2518//1619 2522//1619
f 2939//1619 2956//1619 2501//1619
f 2939//1619 2501//1619 2500//1619
f 2525//1669 2953//1669 2960//1669
f 2525//1670 2960//1670 2526//1670
f 2957//1671 2961//1671 2962//1671
f 2957//1671 2962//1671 2950//1671
f 2957//1619 2950//1619 2514//1619
f 2957//1619 2514//1619 2519//1619
f 2526//1672 2960//1672 2959//1672
f 2526//1673 2959//1673 2958//1673
f 2524//1619 2525//1619 2957//1619
f 2524//1619 2957//1619 2516//1619
f 2526//1674 2958//1674 2957//1674
f 2526//1619 2957//1619 2525//1619
f 2517//1619 2516//1619 2957//1619
f 2517//1619 2957//1619 2519//1619
f 2948//1619 2947//1619 2511//1619
f 2948//1619 2511//1619 2512//1619
f 2949//1619 2948//1619 2512//1619
f 2949//1619 2512//1619 2513//1619
f 2950//1619 2949//1619 2513//1619
f 2950//1619 2513//1619 2514//1619
f 2947//1619 2946//1619 2509//1619
f 2947//1619 2509//1619 2511//1619
f 2943//1619 2515//1619 2505//1619
f 2943//1619 2505//1619 2510//1619
f 2515//1619 2508//1619 2504//1619
f 2515//1619 2504//1619 2505//1619
f 2946//1619 2943//1619 2510//1619
f 2946//1619 2510//1619 2509//1619
f 2516//1675 2517//1675 2488//1675
f 2516//1676 2488//1676 2487//1676
f 2520//1677 2521//1677 2475//1677
f 2520//1677 2475//1677 2486//1677
f 2521//1678 2522//1678 2476//1678
f 2521//1679 2476//1679 2475//1679
f 2522//1680 2518//1680 2479//1680
f 2522//1681 2479//1681 2476//1681
f 2501//1682 2520//1682 2486//1682
f 2501//1683 2486//1683 2485//1683
f 2518//1684 2516//1684 2487//1684
f 2518//1685 2487//1685 2479//1685
f 2517//1686 2519//1686 2492//1686
f 2517//1687 2492//1687 2488//1687
f 2519//1688 2514//1688 2467//1688
f 2519//1689 2467//1689 2492//1689
f 2469//1690 2468//1690 2455//1690
f 2469//1691 2455//1691 2454//1691
f 2468//1692 2470//1692 2458//1692
f 2468//1693 2458//1693 2455//1693
f 2471//1694 2469//1694 2454//1694
f 2471//1695 2454//1695 2461//1695
f 2471//1696 2910//1696 2909//1696
f 2471//1697 2909//1697 2908//1697
f 2905//1698 2906//1698 2468//1698
f 2905//1699 2468//1699 2469//1699
f 2468//1700 2906//1700 2907//1700
f 2468//1701 2907//1701 2470//1701
f 2908//1702 2905//1702 2469//1702
f 2908//1703 2469//1703 2471//1703
f 2910//1704 2471//1704 2461//1704
f 2910//1705 2461//1705 2452//1705
f 2472//1706 2473//1706 2465//1706
f 2472//1707 2465//1707 2463//1707
f 2473//1708 2474//1708 2466//1708
f 2473//1709 2466//1709 2465//1709
f 2914//1710 2915//1710 2437//1710
f 2914//1711 2437//1711 2436//1711
f 2470//1712 2472//1712 2463//1712
f 2470//1713 2463//1713 2458//1713
f 2470//1714 2907//1714 2911//1714
f 2470//1715 2911//1715 2472//1715
f 2472//1716 2911//1716 2912//1716
f 2472//1717 2912//1717 2473//1717
f 2473//1718 2912//1718 2913//1718
f 2473//1719 2913//1719 2474//1719
f 2441//1720 2446//1720 2445//1720
f 2441//1721 2445//1721 2440//1721
f 2450//1722 2451//1722 2448//1722
f 2450//1723 2448//1723 2449//1723
f 2451//1724 2452//1724 2453//1724
f 2451//1725 2453//1725 2448//1725
f 2446//1726 2447//1726 2444//1726
f 2446//1727 2444//1727 2445//1727
f 2438//1728 2439//1728 2436//1728
f 2438//1729 2436//1729 2437//1729
f 2439//1730 2441//1730 2440//1730
f 2439//1731 2440//1731 2436//1731
f 2437//1732 2442//1732 2443//1732
f 2437//1733 2443//1733 2438//1733
f 2442//1734 2450//1734 2449//1734
f 2442//1735 2449//1735 2443//1735
f 2458//1736 2463//1736 2462//1736
f 2458//1737 2462//1737 2459//1737
f 2463//1738 2465//1738 2464//1738
f 2463//1739 2464//1739 2462//1739
f 2465//1740 2466//1740 2467//1740
f 2465//1741 2467//1741 2464//1741
f 2452//1742 2461//1742 2460//1742
f 2452//1743 2460//1743 2453//1743
f 2456//1744 2457//1744 2454//1744
f 2456//1745 2454//1745 2455//1745
f 2455//1746 2458//1746 2459//1746
f 2455//1747 2459//1747 2456//1747
f 2457//1748 2460//1748 2461//1748
f 2457//1749 2461//1749 2454//1749
f 2478//1750 2483//1750 2486//1750
f 2478//1751 2486//1751 2475//1751
f 2489//1752 2490//1752 2487//1752
f 2489//1753 2487//1753 2488//1753
f 2479//1754 2487//1754 2490//1754
f 2479//1755 2490//1755 2480//1755
f 2928//1756 2918//1756 2444//1756
f 2928//1757 2444//1757 2484//1757
f 2485//1758 2486//1758 2483//1758
f 2485//1759 2483//1759 2484//1759
f 2447//1760 2485//1760 2484//1760
f 2447//1761 2484//1761 2444//1761
f 2927//1762 2928//1762 2484//1762
f 2927//1763 2484//1763 2483//1763
f 2488//1764 2492//1764 2491//1764
f 2488//1764 2491//1764 2489//1764
f 2931//1765 2932//1765 2490//1765
f 2931//1766 2490//1766 2489//1766
f 2932//1767 2924//1767 2480//1767
f 2932//1768 2480//1768 2490//1768
f 2493//1769 2931//1769 2489//1769
f 2493//1770 2489//1770 2491//1770
f 2930//1771 2931//1771 2493//1771
f 2930//1772 2493//1772 2929//1772
f 2466//1773 2491//1773 2492//1773
f 2466//1774 2492//1774 2467//1774
f 2474//1775 2913//1775 2929//1775
f 2474//1776 2929//1776 2493//1776
f 2474//1777 2493//1777 2491//1777
f 2474//1778 2491//1778 2466//1778
f 2920//1779 2921//1779 2451//1779
f 2920//1780 2451//1780 2450//1780
f 2921//1781 2910//1781 2452//1781
f 2921//1782 2452//1782 2451//1782
f 2917//1783 2920//1783 2450//1783
f 2917//1784 2450//1784 2442//1784
f 2919//1785 2916//1785 2440//1785
f 2919//1786 2440//1786 2445//1786
f 2916//1787 2914//1787 2436//1787
f 2916//1788 2436//1788 2440//1788
f 2915//1789 2917//1789 2442//1789
f 2915//1790 2442//1790 2437//1790
f 2918//1791 2919//1791 2445//1791
f 2918//1792 2445//1792 2444//1792
f 2477//1793 2478//1793 2475//1793
f 2477//1794 2475//1794 2476//1794
f 2482//1795 2481//1795 2478//1795
f 2482//1796 2478//1796 2477//1796
f 2924//1797 2482//1797 2477//1797
f 2924//1798 2477//1798 2480//1798
f 2481//1799 2927//1799 2483//1799
f 2481//1800 2483//1800 2478//1800
f 2926//1801 2927//1801 2481//1801
f 2926//1802 2481//1802 2922//1802
f 2476//1803 2479//1803 2480//1803
f 2476//1804 2480//1804 2477//1804
f 2482//1805 2923//1805 2922//1805
f 2482//1806 2922//1806 2481//1806
f 2924//1807 2925//1807 2923//1807
f 2924//1807 2923//1807 2482//1807
f 2541//1808 3004//1808 3005//1808
f 2541//1809 3005//1809 2551//1809
f 2541//1810 2551//1810 2550//1810
f 2541//1811 2550//1811 2542//1811
f 2544//1812 2995//1812 2549//1812
f 2544//1813 2549//1813 2548//1813
f 2986//1814 3006//1814 3004//1814
f 2986//1815 3004//1815 2541//1815
f 3008//1816 2992//1816 2540//1816
f 3008//1816 2540//1816 2542//1816
f 3007//1817 3008//1817 2542//1817
f 3007//1818 2542//1818 2550//1818
f 2551//1819 3005//1819 2999//1819
f 2551//1820 2999//1820 2548//1820
f 2549//1821 2550//1821 2551//1821
f 2549//1822 2551//1822 2548//1822
f 2548//1823 2999//1823 2997//1823
f 2548//1824 2997//1824 2544//1824
f 2545//1825 2996//1825 2998//1825
f 2545//1826 2998//1826 2546//1826
f 2544//1827 2997//1827 2996//1827
f 2544//1828 2996//1828 2545//1828
f 3000//1829 3001//1829 3002//1829
f 3000//1829 3002//1829 2994//1829
f 2995//1830 3002//1830 2549//1830
f 3003//1829 3002//1829 3001//1829
f 2994//1831 2547//1831 3000//1831
f 3015//1832 3016//1832 2553//1832
f 3015//1832 2553//1832 2552//1832
f 2998//1833 3014//1833 2554//1833
f 2998//1834 2554//1834 2546//1834
f 2554//1835 3014//1835 3013//1835
f 2554//1836 3013//1836 3009//1836
f 3016//1832 3000//1832 2547//1832
f 3016//1830 2547//1830 2553//1830
f 2973//1837 3018//1837 2557//1837
f 2973//1838 2557//1838 2531//1838
f 3018//1839 3017//1839 2555//1839
f 3018//1838 2555//1838 2557//1838
f 3017//1839 3015//1839 2552//1839
f 3017//1839 2552//1839 2555//1839
f 2556//1840 3012//1840 2967//1840
f 2556//1841 2967//1841 2532//1841
f 2554//1842 2553//1842 2547//1842
f 2554//1842 2547//1842 2546//1842
f 2553//1843 2554//1843 3009//1843
f 2553//1844 3009//1844 2552//1844
f 3002//1817 3007//1817 2550//1817
f 3002//1818 2550//1818 2549//1818
f 2552//1845 3009//1845 3010//1845
f 2552//1846 3010//1846 2555//1846
f 3010//1847 3011//1847 3012//1847
f 3010//1848 3012//1848 2556//1848
f 2557//1849 2556//1849 2532//1849
f 2557//1850 2532//1850 2531//1850
f 2555//1851 3010//1851 2556//1851
f 2555//1852 2556//1852 2557//1852
f 2546//1853 2547//1853 2994//1853
f 2546//1854 2994//1854 2545//1854
f 2976//1855 2974//1855 2534//1855
f 2976//1855 2534//1855 2535//1855
f 2974//1856 2975//1856 2533//1856
f 2974//1855 2533//1855 2534//1855
f 2972//1857 2973//1857 2531//1857
f 2972//1857 2531//1857 2529//1857
f 2975//1856 2969//1856 2530//1856
f 2975//1856 2530//1856 2533//1856
f 2535//1858 2979//1858 2980//1858
f 2535//1859 2980//1859 2536//1859
f 2533//1860 2977//1860 2978//1860
f 2533//1861 2978//1861 2534//1861
f 2530//1862 2966//1862 2977//1862
f 2530//1863 2977//1863 2533//1863
f 2971//1857 2972//1857 2529//1857
f 2971//1857 2529//1857 2528//1857
f 2527//1864 2963//1864 2966//1864
f 2527//1865 2966//1865 2530//1865
f 2529//1866 2965//1866 2964//1866
f 2529//1867 2964//1867 2528//1867
f 2528//1868 2964//1868 2963//1868
f 2528//1869 2963//1869 2527//1869
f 2531//1870 2532//1870 2965//1870
f 2531//1871 2965//1871 2529//1871
f 2970//1872 2971//1872 2528//1872
f 2970//1837 2528//1837 2527//1837
f 2969//1872 2970//1872 2527//1872
f 2969//1837 2527//1837 2530//1837
f 2532//1873 2967//1873 2968//1873
f 2532//1874 2968//1874 2965//1874
f 2991//1816 2990//1816 2538//1816
f 2991//1816 2538//1816 2537//1816
f 2990//1875 2988//1875 2539//1875
f 2990//1876 2539//1876 2538//1876
f 2988//1875 2989//1875 2543//1875
f 2988//1876 2543//1876 2539//1876
f 2992//1816 2991//1816 2537//1816
f 2992//1816 2537//1816 2540//1816
f 2994//1877 2995//1877 2544//1877
f 2994//1878 2544//1878 2545//1878
f 2993//1855 2976//1855 2535//1855
f 2993//1855 2535//1855 2536//1855
f 2989//1879 2993//1879 2536//1879
f 2989//1879 2536//1879 2543//1879
f 2536//1880 2980//1880 2987//1880
f 2536//1881 2987//1881 2543//1881
f 2982//1882 2984//1882 2983//1882
f 2982//1882 2983//1882 2981//1882
f 2538//1883 2982//1883 2981//1883
f 2538//1884 2981//1884 2537//1884
f 2534//1885 2978//1885 2979//1885
f 2534//1886 2979//1886 2535//1886
f 2539//1887 2985//1887 2982//1887
f 2539//1888 2982//1888 2538//1888
f 2543//1889 2987//1889 2985//1889
f 2543//1890 2985//1890 2539//1890
f 2537//1891 2981//1891 2986//1891
f 2537//1892 2986//1892 2540//1892
f 2540//1893 2986//1893 2541//1893
f 2540//1894 2541//1894 2542//1894
f 3030//1895 3031//1895 2632//1895
f 3030//1896 2632//1896 2633//1896
f 3032//1897 3030//1897 2633//1897
f 3032//1898 2633//1898 2634//1898
f 3033//1899 3032//1899 2634//1899
f 3033//1900 2634//1900 2635//1900
f 3025//1829 3027//1829 3026//1829
f 3025//1829 3026//1829 2631//1829
f 3028//1901 3029//1901 2595//1901
f 3028//1902 2595//1902 2596//1902
f 3026//1903 3028//1903 2596//1903
f 3026//1904 2596//1904 2600//1904
f 3034//1905 3033//1905 2635//1905
f 3034//1906 2635//1906 2636//1906
f 2633//1619 2632//1619 2634//1619
f 2608//1619 2607//1619 2632//1619
f 2608//1619 2632//1619 2621//1619
f 3031//1907 2638//1907 2639//1907
f 3031//1908 2639//1908 2632//1908
f 2637//1619 2636//1619 2632//1619
f 2637//1619 2632//1619 2607//1619
f 2606//1619 2605//1619 2637//1619
f 2606//1619 2637//1619 2607//1619
f 2632//1619 2636//1619 2635//1619
f 2632//1619 2635//1619 2634//1619
f 2620//1909 2631//1909 3026//1909
f 2620//1910 3026//1910 2600//1910
f 2559//1829 2570//1829 2560//1829
f 2627//1911 2628//1911 2619//1911
f 2627//1912 2619//1912 2615//1912
f 3019//1829 3020//1829 2628//1829
f 3019//1829 2628//1829 2627//1829
f 2611//1829 2610//1829 2560//1829
f 2611//1829 2560//1829 2613//1829
f 2560//1829 2570//1829 2625//1829
f 2560//1829 2625//1829 2613//1829
f 2592//1829 2590//1829 2560//1829
f 2592//1829 2560//1829 2610//1829
f 2629//1913 2627//1913 2615//1913
f 2629//1914 2615//1914 2616//1914
f 2630//1829 3024//1829 3023//1829
f 2630//1829 3023//1829 3022//1829
f 2628//1915 2631//1915 2620//1915
f 2628//1916 2620//1916 2619//1916
f 3020//1829 3025//1829 2631//1829
f 3020//1829 2631//1829 2628//1829
f 3021//1829 3019//1829 2627//1829
f 3021//1829 2627//1829 2629//1829
f 2630//1917 2629//1917 2616//1917
f 2630//1918 2616//1918 2618//1918
f 3022//1829 3021//1829 2629//1829
f 3022//1829 2629//1829 2630//1829
f 3046//1829 3044//1829 2643//1829
f 3046//1829 2643//1829 3029//1829
f 2642//1919 3047//1919 2644//1919
f 2642//1920 2644//1920 2640//1920
f 3042//1829 3048//1829 3047//1829
f 3042//1829 3047//1829 2642//1829
f 2643//1921 3043//1921 2593//1921
f 2643//1922 2593//1922 2594//1922
f 3044//1829 3045//1829 3043//1829
f 3044//1829 3043//1829 2643//1829
f 3029//1923 2643//1923 2594//1923
f 3029//1924 2594//1924 2595//1924
f 3047//1925 3049//1925 2645//1925
f 3047//1926 2645//1926 2644//1926
f 2604//1619 2602//1619 2640//1619
f 3049//1927 3050//1927 2637//1927
f 3049//1928 2637//1928 2645//1928
f 2637//1929 3050//1929 3034//1929
f 2637//1930 3034//1930 2636//1930
f 2603//1619 2644//1619 2645//1619
f 2603//1619 2645//1619 2605//1619
f 2637//1619 2605//1619 2645//1619
f 2604//1619 2640//1619 2644//1619
f 2604//1619 2644//1619 2603//1619
f 2597//1931 3040//1931 3037//1931
f 2597//1932 3037//1932 2598//1932
f 2623//1619 2639//1619 2626//1619
f 2623//1619 2626//1619 2624//1619
f 2622//1619 2639//1619 2623//1619
f 2632//1619 2639//1619 2622//1619
f 2632//1619 2622//1619 2621//1619
f 3031//1829 3035//1829 3024//1829
f 3031//1933 3024//1933 2638//1933
f 2639//1934 2638//1934 3024//1934
f 2639//1935 3024//1935 2626//1935
f 3024//1936 2630//1936 2618//1936
f 3024//1937 2618//1937 2626//1937
f 3036//1938 2642//1938 2640//1938
f 3036//1939 2640//1939 2641//1939
f 2641//1619 2640//1619 2602//1619
f 2641//1619 2602//1619 2601//1619
f 2598//1619 2641//1619 2601//1619
f 2598//1619 2601//1619 2599//1619
f 3043//1940 3040//1940 2597//1940
f 3043//1941 2597//1941 2593//1941
f 3037//1942 3036//1942 2641//1942
f 3037//1943 2641//1943 2598//1943
f 3037//1829 3040//1829 3038//1829
f 3037//1829 3038//1829 3039//1829
f 3041//1829 3042//1829 2642//1829
f 3041//1829 2642//1829 3036//1829
f 2587//1944 2590//1944 2589//1944
f 2587//1944 2589//1944 2588//1944
f 2590//1945 2592//1945 2591//1945
f 2590//1945 2591//1945 2589//1945
f 2580//1619 2594//1619 2593//1619
f 2580//1619 2593//1619 2585//1619
f 2582//1946 2584//1946 2583//1946
f 2582//1946 2583//1946 2579//1946
f 2585//1947 2586//1947 2581//1947
f 2585//1947 2581//1947 2580//1947
f 2584//1948 2587//1948 2588//1948
f 2584//1948 2588//1948 2583//1948
f 2579//1619 2595//1619 2594//1619
f 2579//1619 2594//1619 2580//1619
f 2597//1619 2585//1619 2593//1619
f 2600//1619 2596//1619 2588//1619
f 2600//1619 2588//1619 2589//1619
f 2582//1829 2581//1829 2578//1829
f 2582//1829 2578//1829 2584//1829
f 2596//1619 2595//1619 2583//1619
f 2596//1619 2583//1619 2588//1619
f 2579//1619 2583//1619 2595//1619
f 2597//1619 2598//1619 2599//1619
f 2597//1619 2599//1619 2585//1619
f 2581//1949 2582//1949 2579//1949
f 2581//1949 2579//1949 2580//1949
f 2568//1829 2564//1829 2559//1829
f 2568//1829 2559//1829 2567//1829
f 2559//1829 2566//1829 2569//1829
f 2559//1829 2569//1829 2570//1829
f 2571//1829 2567//1829 2559//1829
f 2560//1950 2561//1950 2558//1950
f 2560//1950 2558//1950 2559//1950
f 2562//1619 2563//1619 2558//1619
f 2562//1619 2558//1619 2561//1619
f 2559//1829 2564//1829 2565//1829
f 2559//1829 2565//1829 2566//1829
f 2572//1829 2567//1829 2571//1829
f 2572//1829 2571//1829 2573//1829
f 2558//1951 2563//1951 2571//1951
f 2558//1951 2571//1951 2559//1951
f 2562//1952 2578//1952 2571//1952
f 2562//1952 2571//1952 2563//1952
f 2560//1953 2578//1953 2562//1953
f 2560//1953 2562//1953 2561//1953
f 2575//1829 2573//1829 2571//1829
f 2575//1829 2571//1829 2574//1829
f 2576//1829 2574//1829 2571//1829
f 2576//1829 2571//1829 2577//1829
f 2577//1829 2571//1829 2578//1829
f 2612//1619 2615//1619 2619//1619
f 2612//1619 2619//1619 2609//1619
f 2619//1619 2620//1619 2591//1619
f 2619//1619 2591//1619 2609//1619
f 2620//1619 2600//1619 2589//1619
f 2620//1619 2589//1619 2591//1619
f 2592//1954 2610//1954 2609//1954
f 2592//1954 2609//1954 2591//1954
f 2614//1619 2616//1619 2615//1619
f 2614//1619 2615//1619 2612//1619
f 2617//1619 2618//1619 2616//1619
f 2617//1619 2616//1619 2614//1619
f 2565//1955 2621//1955 2622//1955
f 2565//1955 2622//1955 2566//1955
f 2625//1956 2617//1956 2614//1956
f 2625//1956 2614//1956 2613//1956
f 2624//1957 2617//1957 2625//1957
f 2624//1957 2625//1957 2570//1957
f 2624//1619 2626//1619 2618//1619
f 2624//1619 2618//1619 2617//1619
f 2564//1958 2608//1958 2621//1958
f 2564//1958 2621//1958 2565//1958
f 2622//1959 2623//1959 2569//1959
f 2622//1959 2569//1959 2566//1959
f 2623//1960 2624//1960 2570//1960
f 2623//1960 2570//1960 2569//1960
f 2613//1961 2614//1961 2612//1961
f 2613//1961 2612//1961 2611//1961
f 2576//1962 2601//1962 2602//1962
f 2576//1962 2602//1962 2574//1962
f 2577//1963 2599//1963 2601//1963
f 2577//1963 2601//1963 2576//1963
f 2586//1964 2585//1964 2599//1964
f 2586//1964 2599//1964 2577//1964
f 2587//1829 2584//1829 2578//1829
f 2587//1829 2578//1829 2590//1829
f 2586//1829 2577//1829 2578//1829
f 2586//1829 2578//1829 2581//1829
f 2560//1829 2590//1829 2578//1829
f 2575//1965 2604//1965 2603//1965
f 2575//1965 2603//1965 2573//1965
f 2568//1966 2607//1966 2608//1966
f 2568//1966 2608//1966 2564//1966
f 2567//1967 2606//1967 2607//1967
f 2567//1967 2607//1967 2568//1967
f 2611//1968 2612//1968 2609//1968
f 2611//1968 2609//1968 2610//1968
f 2574//1969 2602//1969 2604//1969
f 2574//1969 2604//1969 2575//1969
f 2573//1970 2603//1970 2605//1970
f 2573//1970 2605//1970 2572//1970
f 2572//1971 2605//1971 2606//1971
f 2572//1971 2606//1971 2567//1971
f 2676//1619 2677//1619 2671//1619
f 2676//1619 2671//1619 2670//1619
f 2677//1619 2678//1619 2674//1619
f 2677//1619 2674//1619 2671//1619
f 2677//1972 2948//1972 2949//1972
f 2677//1973 2949//1973 2678//1973
f 2950//1974 2962//1974 2678//1974
f 2950//1975 2678//1975 2949//1975
f 2678//1976 2962//1976 2675//1976
f 2678//1619 2675//1619 2674//1619
f 2664//1977 2679//1977 2681//1977
f 2664//1977 2681//1977 2665//1977
f 2679//1978 3076//1978 3077//1978
f 2679//1979 3077//1979 3075//1979
f 2962//1619 2961//1619 3074//1619
f 2962//1976 3074//1976 2675//1976
f 2679//1673 3075//1673 2680//1673
f 2679//1980 2680//1980 2681//1980
f 2671//1981 2674//1981 2673//1981
f 2671//1981 2673//1981 2672//1981
f 3068//1982 3069//1982 3067//1982
f 3068//1983 3067//1983 2672//1983
f 2951//1984 2955//1984 2666//1984
f 2951//1985 2666//1985 2663//1985
f 2672//1986 3067//1986 2670//1986
f 2672//1987 2670//1987 2671//1987
f 3070//1988 3068//1988 2672//1988
f 3070//1989 2672//1989 2673//1989
f 2674//1990 2675//1990 3071//1990
f 2674//1991 3071//1991 2673//1991
f 2676//1992 2947//1992 2948//1992
f 2676//1993 2948//1993 2677//1993
f 2673//1994 3071//1994 3072//1994
f 2673//1995 3072//1995 3070//1995
f 2675//1996 3074//1996 3073//1996
f 2675//1997 3073//1997 3071//1997
f 3067//1998 3081//1998 2685//1998
f 3067//1999 2685//1999 2670//1999
f 2944//2000 2943//2000 2946//2000
f 2944//2001 2946//2001 2686//2001
f 3080//2002 3058//2002 2658//2002
f 3080//2003 2658//2003 2682//2003
f 3081//2004 3078//2004 2684//2004
f 3081//2005 2684//2005 2685//2005
f 2944//1674 2686//1674 2685//1674
f 2944//2006 2685//2006 2684//2006
f 2945//2007 2944//2007 2684//2007
f 2945//1619 2684//1619 2683//1619
f 2942//1619 2945//1619 2683//1619
f 2942//1619 2683//1619 2659//1619
f 2686//2008 2946//2008 2947//2008
f 2686//2009 2947//2009 2676//2009
f 2670//1619 2685//1619 2686//1619
f 2670//1619 2686//1619 2676//1619
f 3074//2010 2960//2010 2665//2010
f 3074//2011 2665//2011 2681//2011
f 2680//2012 3074//2012 2681//2012
f 2664//2013 3063//2013 3076//2013
f 2664//2014 3076//2014 2679//2014
f 3075//1772 3073//1772 3074//1772
f 3075//2015 3074//2015 2680//2015
f 2959//1619 3074//1619 2961//1619
f 2659//2016 2683//2016 2682//2016
f 2659//2016 2682//2016 2658//2016
f 3079//2017 3080//2017 2682//2017
f 3079//2018 2682//2018 3078//2018
f 2957//1772 2958//1772 2959//1772
f 2957//1772 2959//1772 2961//1772
f 2683//2019 2684//2019 3078//2019
f 2683//2020 3078//2020 2682//2020
f 2952//2021 2951//2021 2663//2021
f 2952//2011 2663//2011 2662//2011
f 2655//2022 3055//2022 2656//2022
f 2655//2023 2656//2023 2657//2023
f 2657//2024 2659//2024 2658//2024
f 2657//2024 2658//2024 2655//2024
f 2651//1619 2650//1619 2647//1619
f 2651//1619 2647//1619 2646//1619
f 2653//1619 2651//1619 2646//1619
f 2653//1619 2646//1619 2648//1619
f 3056//2025 3057//2025 3055//2025
f 3056//2026 3055//2026 2655//2026
f 2940//2027 2942//2027 2659//2027
f 2940//2028 2659//2028 2657//2028
f 2933//2029 2941//2029 2656//2029
f 2933//2029 2656//2029 2654//2029
f 3058//2030 3056//2030 2655//2030
f 3058//2031 2655//2031 2658//2031
f 2941//2028 2940//2028 2657//2028
f 2941//2029 2657//2029 2656//2029
f 3054//2032 3051//2032 2647//2032
f 3054//2033 2647//2033 2649//2033
f 2650//2034 2936//2034 2935//2034
f 2650//2035 2935//2035 2934//2035
f 3051//2036 3052//2036 2646//2036
f 3051//2037 2646//2037 2647//2037
f 3052//2038 3053//2038 2648//2038
f 3052//2039 2648//2039 2646//2039
f 2651//2040 2937//2040 2936//2040
f 2651//2041 2936//2041 2650//2041
f 2934//2042 2933//2042 2654//2042
f 2934//2042 2654//2042 2649//2042
f 2650//2043 2934//2043 2649//2043
f 2650//1619 2649//1619 2647//1619
f 2652//2044 2939//2044 2938//2044
f 2652//2045 2938//2045 2653//2045
f 2653//2046 2938//2046 2937//2046
f 2653//2047 2937//2047 2651//2047
f 2955//2048 2954//2048 2956//2048
f 2955//2049 2956//2049 2669//2049
f 2955//2050 2669//2050 2667//2050
f 2955//2051 2667//2051 2666//2051
f 3053//2052 3065//2052 2668//2052
f 3053//2053 2668//2053 2648//2053
f 3066//2054 3060//2054 2666//2054
f 3066//2055 2666//2055 2667//2055
f 2669//2056 2956//2056 2939//2056
f 2669//2057 2939//2057 2652//2057
f 2960//2011 2953//2011 2665//2011
f 2953//2011 2952//2011 2662//2011
f 2953//2021 2662//2021 2665//2021
f 2668//1619 2667//1619 2669//1619
f 2668//1619 2669//1619 2652//1619
f 2648//1619 2668//1619 2652//1619
f 2648//1619 2652//1619 2653//1619
f 2662//2058 2663//2058 2660//2058
f 2662//2058 2660//2058 2661//2058
f 2661//2059 2664//2059 2665//2059
f 2661//2059 2665//2059 2662//2059
f 3059//2060 3054//2060 2649//2060
f 3059//2061 2649//2061 2654//2061
f 3055//2062 3059//2062 2654//2062
f 3055//2063 2654//2063 2656//2063
f 2663//2064 2666//2064 3060//2064
f 2663//2065 3060//2065 2660//2065
f 3060//2066 3064//2066 3061//2066
f 3060//2067 3061//2067 2660//2067
f 3065//2068 3066//2068 2667//2068
f 3065//2069 2667//2069 2668//2069
f 2660//2070 3061//2070 3062//2070
f 2660//2071 3062//2071 2661//2071
f 2661//2072 3062//2072 3063//2072
f 2661//2073 3063//2073 2664//2073
f 2755//2074 3004//2074 3006//2074
f 2755//2075 3006//2075 2754//2075
f 2755//2076 2754//2076 2749//2076
f 2755//2077 2749//2077 2747//2077
f 2754//2078 2753//2078 2748//2078
f 2754//2079 2748//2079 2749//2079
f 3006//2080 2986//2080 2981//2080
f 3006//2080 2981//2080 2983//2080
f 2753//2081 2983//2081 2984//2081
f 2753//2082 2984//2082 2736//2082
f 2738//2083 3005//2083 3004//2083
f 2738//2084 3004//2084 2755//2084
f 2756//2085 2997//2085 2999//2085
f 2756//2086 2999//2086 2737//2086
f 2757//2087 2996//2087 2997//2087
f 2757//2088 2997//2088 2756//2088
f 2758//2089 2998//2089 2996//2089
f 2758//2090 2996//2090 2757//2090
f 2735//2091 2748//2091 2753//2091
f 2735//2092 2753//2092 2736//2092
f 2738//2093 2755//2093 2747//2093
f 2738//2094 2747//2094 2739//2094
f 2737//2095 2999//2095 3005//2095
f 2737//2096 3005//2096 2738//2096
f 2750//2097 2964//2097 2965//2097
f 2750//2098 2965//2098 2968//2098
f 2752//2099 3012//2099 3011//2099
f 2752//2100 3011//2100 2723//2100
f 2751//2101 2967//2101 3012//2101
f 2751//2102 3012//2102 2752//2102
f 2720//2069 2712//2069 2708//2069
f 2720//2069 2708//2069 2707//2069
f 2692//2103 2750//2103 2968//2103
f 2692//2104 2968//2104 2694//2104
f 2694//2105 2968//2105 2967//2105
f 2694//2106 2967//2106 2751//2106
f 2694//2107 2751//2107 2697//2107
f 2694//2108 2697//2108 2693//2108
f 2752//2109 2723//2109 2699//2109
f 2752//2110 2699//2110 2698//2110
f 2754//2111 3006//2111 2983//2111
f 2754//2112 2983//2112 2753//2112
f 2723//2113 3011//2113 3013//2113
f 2723//2114 3013//2114 2724//2114
f 3011//2115 3010//2115 3009//2115
f 3011//2116 3009//2116 3013//2116
f 2751//2117 2752//2117 2698//2117
f 2751//2118 2698//2118 2697//2118
f 2724//2119 3013//2119 3014//2119
f 2724//2120 3014//2120 2759//2120
f 2763//2121 2979//2121 2978//2121
f 2763//2122 2978//2122 2764//2122
f 2715//2123 2765//2123 2766//2123
f 2715//2123 2766//2123 2691//2123
f 2691//2124 2766//2124 2750//2124
f 2691//2124 2750//2124 2692//2124
f 2717//2125 2762//2125 2763//2125
f 2717//2125 2763//2125 2718//2125
f 2718//2126 2763//2126 2764//2126
f 2718//2126 2764//2126 2716//2126
f 2980//2127 2979//2127 2763//2127
f 2980//2128 2763//2128 2762//2128
f 2716//2129 2764//2129 2767//2129
f 2716//2129 2767//2129 2714//2129
f 2767//2130 2977//2130 2966//2130
f 2767//2131 2966//2131 2765//2131
f 2764//2132 2978//2132 2977//2132
f 2764//2133 2977//2133 2767//2133
f 2765//2134 2966//2134 2963//2134
f 2765//2135 2963//2135 2766//2135
f 2766//2136 2963//2136 2964//2136
f 2766//2137 2964//2137 2750//2137
f 2714//2138 2767//2138 2765//2138
f 2714//2138 2765//2138 2715//2138
f 2756//2139 2737//2139 2740//2139
f 2756//2140 2740//2140 2731//2140
f 2724//2141 2759//2141 2726//2141
f 2724//2142 2726//2142 2722//2142
f 2759//2143 2758//2143 2728//2143
f 2759//2144 2728//2144 2726//2144
f 2759//2145 3014//2145 2998//2145
f 2759//2146 2998//2146 2758//2146
f 2757//2147 2756//2147 2731//2147
f 2757//2148 2731//2148 2730//2148
f 2758//2149 2757//2149 2730//2149
f 2758//2150 2730//2150 2728//2150
f 2760//2151 2987//2151 2980//2151
f 2760//2152 2980//2152 2762//2152
f 2736//2153 2984//2153 2761//2153
f 2736//2154 2761//2154 2734//2154
f 2984//2155 2982//2155 2985//2155
f 2984//2156 2985//2156 2761//2156
f 2734//2157 2761//2157 2760//2157
f 2734//2157 2760//2157 2719//2157
f 2719//2158 2760//2158 2762//2158
f 2719//2158 2762//2158 2717//2158
f 2761//2159 2985//2159 2987//2159
f 2761//2160 2987//2160 2760//2160
f 2690//2061 2703//2061 2710//2061
f 2690//2061 2710//2061 2687//2061
f 2712//2053 2713//2053 2705//2053
f 2712//2053 2705//2053 2708//2053
f 2713//2161 2711//2161 2706//2161
f 2713//2161 2706//2161 2705//2161
f 2702//1838 2707//1838 2708//1838
f 2702//1829 2708//1829 2705//1829
f 2709//2162 2710//2162 2703//2162
f 2709//2162 2703//2162 2704//2162
f 2711//2037 2709//2037 2704//2037
f 2711//2037 2704//2037 2706//2037
f 2717//2163 2718//2163 2713//2163
f 2717//2164 2713//2164 2712//2164
f 2718//2165 2716//2165 2711//2165
f 2718//2166 2711//2166 2713//2166
f 2712//2167 2720//2167 2719//2167
f 2712//2168 2719//2168 2717//2168
f 2714//2169 2715//2169 2710//2169
f 2714//2170 2710//2170 2709//2170
f 2716//2171 2714//2171 2709//2171
f 2716//2172 2709//2172 2711//2172
f 2687//2173 2710//2173 2715//2173
f 2687//2174 2715//2174 2691//2174
f 2688//2023 2693//2023 2695//2023
f 2688//2023 2695//2023 2689//2023
f 2693//2024 2697//2024 2696//2024
f 2693//2024 2696//2024 2695//2024
f 2700//2175 2701//2175 2698//2175
f 2700//2175 2698//2175 2699//2175
f 2689//2063 2690//2063 2687//2063
f 2689//2063 2687//2063 2688//2063
f 2691//2176 2692//2176 2688//2176
f 2691//2177 2688//2177 2687//2177
f 2692//2178 2694//2178 2693//2178
f 2692//2179 2693//2179 2688//2179
f 2701//1829 2702//1829 2696//1829
f 2703//1829 2702//1829 2704//1829
f 2702//1829 2705//1829 2706//1829
f 2702//1829 2706//1829 2704//1829
f 2697//2016 2698//2016 2701//2016
f 2697//2016 2701//2016 2696//2016
f 2702//1829 2703//1829 2690//1829
f 2702//1829 2690//1829 2689//1829
f 2695//1829 2696//1829 2702//1829
f 2695//1829 2702//1829 2689//1829
f 2699//2005 2722//2005 2721//2005
f 2699//2005 2721//2005 2700//2005
f 2707//1829 2702//1829 2742//1829
f 2740//2180 2739//2180 2746//2180
f 2740//2180 2746//2180 2702//2180
f 2739//1980 2747//1980 2745//1980
f 2739//1980 2745//1980 2746//1980
f 2702//1829 2743//1829 2741//1829
f 2702//1829 2741//1829 2742//1829
f 2702//1829 2745//1829 2744//1829
f 2702//1829 2744//1829 2743//1829
f 2745//2181 2702//2181 2746//2181
f 2747//1977 2749//1977 2744//1977
f 2747//1977 2744//1977 2745//1977
f 2749//2059 2748//2059 2743//2059
f 2749//2059 2743//2059 2744//2059
f 2707//2055 2742//2055 2733//2055
f 2707//2055 2733//2055 2720//2055
f 2731//2182 2740//2182 2702//2182
f 2731//2182 2702//2182 2732//2182
f 2742//2183 2741//2183 2735//2183
f 2742//2183 2735//2183 2733//2183
f 2741//2058 2743//2058 2748//2058
f 2741//2058 2748//2058 2735//2058
f 2728//1981 2730//1981 2729//1981
f 2728//1981 2729//1981 2727//1981
f 2730//1990 2731//1990 2732//1990
f 2730//1990 2732//1990 2729//1990
f 2700//1829 2721//1829 2702//1829
f 2700//1829 2702//1829 2701//1829
f 2723//2184 2724//2184 2722//2184
f 2723//2185 2722//2185 2699//2185
f 2722//1999 2726//1999 2725//1999
f 2722//1999 2725//1999 2721//1999
f 2726//1987 2728//1987 2727//1987
f 2726//1987 2727//1987 2725//1987
f 2720//2186 2733//2186 2734//2186
f 2720//2187 2734//2187 2719//2187
f 2733//2188 2735//2188 2736//2188
f 2733//2189 2736//2189 2734//2189
f 2739//2190 2740//2190 2737//2190
f 2739//2191 2737//2191 2738//2191
f 2727//1829 2729//1829 2702//1829
f 2727//1829 2702//1829 2725//1829
f 2732//1829 2702//1829 2729//1829
f 2725//1829 2702//1829 2721//1829
f 2799//2192 2804//2192 2805//2192
f 2799//2192 2805//2192 2797//2192
f 2801//1829 2806//1829 2804//1829
f 2801//1829 2804//1829 2799//1829
f 2802//2193 3066//2193 3065//2193
f 2802//2194 3065//2194 2787//2194
f 2794//2195 2803//2195 2802//2195
f 2794//2195 2802//2195 2787//2195
f 2993//2196 2989//2196 2806//2196
f 2993//2197 2806//2197 2801//2197
f 2803//2198 2808//2198 3064//2198
f 2803//2199 3064//2199 2802//2199
f 2797//1619 2805//1619 2803//1619
f 2797//1619 2803//1619 2794//1619
f 2989//2200 2988//2200 2807//2200
f 2989//2201 2807//2201 2806//2201
f 2793//1619 2797//1619 2794//1619
f 2793//1619 2794//1619 2791//1619
f 2795//2202 2798//2202 2793//2202
f 2795//2202 2793//2202 2792//2202
f 2798//2203 2799//2203 2797//2203
f 2798//2203 2797//2203 2793//2203
f 2800//1829 2801//1829 2799//1829
f 2800//1829 2799//1829 2798//1829
f 2974//2038 2976//2038 2800//2038
f 2974//2204 2800//2204 2796//2204
f 2975//2205 2974//2205 2796//2205
f 2975//2206 2796//2206 2780//2206
f 2796//1829 2800//1829 2798//1829
f 2796//1829 2798//1829 2795//1829
f 2976//2207 2993//2207 2801//2207
f 2976//2208 2801//2208 2800//2208
f 2804//2055 2809//2055 2810//2055
f 2804//2055 2810//2055 2805//2055
f 2816//2209 3088//2209 3090//2209
f 2816//2210 3090//2210 3087//2210
f 3086//2181 3091//2181 3089//2181
f 3086//2211 3089//2211 2815//2211
f 2812//2212 2815//2212 2816//2212
f 2812//2212 2816//2212 2811//2212
f 2815//1807 3089//1807 3088//1807
f 2815//1807 3088//1807 2816//1807
f 2807//1829 2813//1829 2812//1829
f 2807//1829 2812//1829 2809//1829
f 2988//2213 2990//2213 2813//2213
f 2988//2214 2813//2214 2807//2214
f 3061//2215 3064//2215 2808//2215
f 3061//2216 2808//2216 2814//2216
f 2810//1619 2811//1619 2814//1619
f 2810//2011 2814//2011 2808//2011
f 2809//2217 2812//2217 2811//2217
f 2809//2217 2811//2217 2810//2217
f 3064//2218 3060//2218 3066//2218
f 3064//2219 3066//2219 2802//2219
f 2806//1829 2807//1829 2809//1829
f 2806//2181 2809//2181 2804//2181
f 2805//1619 2810//1619 2808//1619
f 2805//2220 2808//2220 2803//2220
f 2813//1876 3086//1876 2815//1876
f 2813//1829 2815//1829 2812//1829
f 2811//2221 2816//2221 3087//2221
f 2811//2222 3087//2222 2814//2222
f 2990//1805 2991//1805 3086//1805
f 2990//2223 3086//2223 2813//2223
f 3062//2224 3061//2224 2814//2224
f 3062//2225 2814//2225 3087//2225
f 2773//1619 2783//1619 2782//1619
f 2773//1619 2782//1619 2771//1619
f 2775//1829 2780//1829 2784//1829
f 2775//1829 2784//1829 2776//1829
f 2969//2226 2975//2226 2780//2226
f 2969//2227 2780//2227 2775//2227
f 2771//2228 2782//2228 2781//2228
f 2771//2228 2781//2228 2769//2228
f 2770//1619 2785//1619 2778//1619
f 2770//1619 2778//1619 2772//1619
f 2971//2229 2970//2229 2774//2229
f 2971//2230 2774//2230 2786//2230
f 3057//2231 2785//2231 2770//2231
f 3057//2232 2770//2232 2768//2232
f 2777//1829 2779//1829 2786//1829
f 2777//1829 2786//1829 2774//1829
f 2768//2233 2770//2233 2771//2233
f 2768//2233 2771//2233 2769//2233
f 2772//1619 2773//1619 2771//1619
f 2772//1619 2771//1619 2770//1619
f 3054//2234 3059//2234 2768//2234
f 3054//2235 2768//2235 2769//2235
f 3059//2236 3055//2236 3057//2236
f 3059//2237 3057//2237 2768//2237
f 2772//2238 2778//2238 2779//2238
f 2772//2238 2779//2238 2777//2238
f 2970//2239 2969//2239 2775//2239
f 2970//2240 2775//2240 2774//2240
f 2776//1829 2777//1829 2774//1829
f 2776//1829 2774//1829 2775//1829
f 2777//1644 2776//1644 2773//1644
f 2777//1644 2773//1644 2772//1644
f 3056//2241 3082//2241 2785//2241
f 3056//2242 2785//2242 3057//2242
f 3051//2243 3054//2243 2769//2243
f 3051//2244 2769//2244 2781//2244
f 3052//2245 3051//2245 2781//2245
f 3052//2246 2781//2246 2789//2246
f 2791//2125 2794//2125 2787//2125
f 2791//2125 2787//2125 2788//2125
f 2782//2247 2790//2247 2789//2247
f 2782//2247 2789//2247 2781//2247
f 2783//1619 2792//1619 2790//1619
f 2783//1619 2790//1619 2782//1619
f 2776//2248 2784//2248 2783//2248
f 2776//2248 2783//2248 2773//2248
f 2784//2249 2795//2249 2792//2249
f 2784//2249 2792//2249 2783//2249
f 2780//1829 2796//1829 2795//1829
f 2780//1829 2795//1829 2784//1829
f 2785//2250 3082//2250 3083//2250
f 2785//2251 3083//2251 2778//2251
f 2786//2241 3085//2241 2972//2241
f 2786//2252 2972//2252 2971//2252
f 2778//2253 3083//2253 3084//2253
f 2778//2253 3084//2253 2779//2253
f 2779//1829 3084//1829 3085//1829
f 2779//2181 3085//2181 2786//2181
f 2789//2254 2790//2254 2791//2254
f 2789//2254 2791//2254 2788//2254
f 2792//1619 2793//1619 2791//1619
f 2792//1619 2791//1619 2790//1619
f 2787//2255 3065//2255 3053//2255
f 2787//2256 3053//2256 2788//2256
f 3053//2257 3052//2257 2789//2257
f 3053//2258 2789//2258 2788//2258
f 2910//2259 2921//2259 2841//2259
f 2910//2260 2841//2260 2909//2260
f 2920//2261 2917//2261 2844//2261
f 2920//2262 2844//2262 2842//2262
f 2917//2263 2915//2263 2848//2263
f 2917//2264 2848//2264 2844//2264
f 2921//2265 2920//2265 2842//2265
f 2921//2266 2842//2266 2841//2266
f 3048//2267 3042//2267 2850//2267
f 3048//2268 2850//2268 2851//2268
f 2852//1876 2906//1876 2843//1876
f 2852//1829 2843//1829 2854//1829
f 2852//1829 2854//1829 2851//1829
f 2852//1829 2851//1829 2850//1829
f 2850//2269 3042//2269 3041//2269
f 2850//2270 3041//2270 2852//2270
f 2853//2271 3048//2271 2851//2271
f 2853//2005 2851//2005 2854//2005
f 2830//2272 2918//2272 2928//2272
f 2830//2273 2928//2273 2829//2273
f 2831//2052 2919//2052 2918//2052
f 2831//2274 2918//2274 2830//2274
f 2844//1829 2848//1829 2845//1829
f 2844//1829 2845//1829 2839//1829
f 2829//2054 2928//2054 2927//2054
f 2829//2275 2927//2275 2926//2275
f 2832//2276 2916//2276 2919//2276
f 2832//2277 2919//2277 2831//2277
f 2848//2278 2915//2278 2914//2278
f 2848//2279 2914//2279 2849//2279
f 2849//2280 2914//2280 2916//2280
f 2849//2281 2916//2281 2832//2281
f 2823//2282 2932//2282 2931//2282
f 2823//2283 2931//2283 2930//2283
f 2925//2284 2924//2284 2932//2284
f 2925//2285 2932//2285 2823//2285
f 3036//1829 3037//1829 3039//1829
f 3036//1829 3039//1829 3041//1829
f 2930//1829 2929//1829 2858//1829
f 2930//1829 2858//1829 2824//1829
f 2857//1997 3038//1997 3045//1997
f 2857//2286 3045//2286 2858//2286
f 3040//1829 3043//1829 3045//1829
f 3040//1829 3045//1829 3038//1829
f 2929//1829 2913//1829 2857//1829
f 2929//1829 2857//1829 2858//1829
f 2858//2287 3045//2287 3044//2287
f 2858//2288 3044//2288 2824//2288
f 2824//2289 3044//2289 3046//2289
f 2824//2290 3046//2290 2822//2290
f 2913//1829 2912//1829 2856//1829
f 2913//1829 2856//1829 2857//1829
f 2912//1829 2911//1829 2852//1829
f 2912//1829 2852//1829 2856//1829
f 2855//2175 2853//2175 2854//2175
f 2855//2175 2854//2175 2843//2175
f 2855//2016 2843//2016 2838//2016
f 2855//2016 2838//2016 2837//2016
f 2907//1829 2906//1829 2852//1829
f 2907//1829 2852//1829 2911//1829
f 2905//1829 2908//1829 2843//1829
f 2905//1829 2843//1829 2906//1829
f 3050//1829 3049//1829 2853//1829
f 3050//1829 2853//1829 2855//1829
f 2856//2291 3039//2291 3038//2291
f 2856//1990 3038//1990 2857//1990
f 2852//1716 3041//1716 3039//1716
f 2852//2292 3039//2292 2856//2292
f 3034//1829 3050//1829 2855//1829
f 3034//1829 2855//1829 2837//1829
f 3049//1829 3047//1829 3048//1829
f 3049//1829 3048//1829 2853//1829
f 2828//1829 2846//1829 2849//1829
f 2828//1829 2849//1829 2832//1829
f 3020//2054 3019//2054 2825//2054
f 3020//2293 2825//2293 2818//2293
f 2825//2294 3019//2294 3021//2294
f 2825//2295 3021//2295 2826//2295
f 2926//1829 2922//1829 2817//1829
f 2926//1829 2817//1829 2818//1829
f 2922//1829 2923//1829 2819//1829
f 2922//1829 2819//1829 2817//1829
f 2826//2296 3021//2296 3022//2296
f 2826//2297 3022//2297 2827//2297
f 2830//1829 2829//1829 2825//1829
f 2830//1829 2825//1829 2826//1829
f 2831//1829 2830//1829 2826//1829
f 2831//1829 2826//1829 2827//1829
f 2827//2038 3022//2038 3023//2038
f 2827//2298 3023//2298 2828//2298
f 2829//2299 2926//2299 2818//2299
f 2829//1829 2818//1829 2825//1829
f 2822//2300 3046//2300 2820//2300
f 2822//1977 2820//1977 2821//1977
f 2821//1807 2820//1807 3027//1807
f 2821//2301 3027//2301 2819//2301
f 2817//1663 3025//1663 3020//1663
f 2817//2302 3020//2302 2818//2302
f 2819//2303 3027//2303 3025//2303
f 2819//2058 3025//2058 2817//2058
f 3029//1829 3028//1829 2820//1829
f 3029//1829 2820//1829 3046//1829
f 2923//1829 2925//1829 2821//1829
f 2923//1829 2821//1829 2819//1829
f 2823//1838 2930//1838 2824//1838
f 2823//1829 2824//1829 2822//1829
f 3028//1829 3026//1829 3027//1829
f 3028//1829 3027//1829 2820//1829
f 2925//1829 2823//1829 2822//1829
f 2925//1829 2822//1829 2821//1829
f 3035//2304 2847//2304 2845//2304
f 3035//2162 2845//2162 2846//2162
f 3023//2036 3035//2036 2846//2036
f 3023//2305 2846//2305 2828//2305
f 2908//1829 2909//1829 2838//1829
f 2908//1829 2838//1829 2843//1829
f 2842//1829 2844//1829 2839//1829
f 2842//1829 2839//1829 2835//1829
f 2845//2061 2847//2061 2840//2061
f 2845//2061 2840//2061 2839//2061
f 3031//1829 3030//1829 2840//1829
f 3031//1829 2840//1829 2847//1829
f 2848//1829 2849//1829 2846//1829
f 2848//1829 2846//1829 2845//1829
f 3035//1829 3031//1829 2847//1829
f 3035//1829 3023//1829 3024//1829
f 2837//2024 2838//2024 2834//2024
f 2837//2024 2834//2024 2833//2024
f 2839//2063 2840//2063 2836//2063
f 2839//2063 2836//2063 2835//2063
f 2832//1829 2831//1829 2827//1829
f 2832//1829 2827//1829 2828//1829
f 2835//2023 2836//2023 2833//2023
f 2835//2023 2833//2023 2834//2023
f 3032//1829 3033//1829 2833//1829
f 3032//1829 2833//1829 2836//1829
f 2841//1829 2842//1829 2835//1829
f 2841//1829 2835//1829 2834//1829
f 2909//1829 2841//1829 2834//1829
f 2909//1829 2834//1829 2838//1829
f 3033//1829 3034//1829 2837//1829
f 3033//1829 2837//1829 2833//1829
f 3030//1829 3032//1829 2836//1829
f 3030//1829 2836//1829 2840//1829
f 2896//1967 3082//1967 3056//1967
f 2896//2306 3056//2306 3058//2306
f 2898//2307 3084//2307 3083//2307
f 2898//2307 3083//2307 2897//2307
f 2865//1619 2897//1619 2896//1619
f 2865//1619 2896//1619 2895//1619
f 2899//1829 2900//1829 2898//1829
f 2899//1829 2898//1829 2868//1829
f 3018//2308 2973//2308 2900//2308
f 3018//2309 2900//2309 2899//2309
f 2973//2307 2972//2307 3085//2307
f 2973//2310 3085//2310 2900//2310
f 2897//2311 3083//2311 3082//2311
f 2897//2312 3082//2312 2896//2312
f 2900//1829 3085//1829 3084//1829
f 2900//1829 3084//1829 2898//1829
f 2868//2313 2898//2313 2897//2313
f 2868//2313 2897//2313 2865//2313
f 2874//1619 2893//1619 2891//1619
f 2874//1619 2891//1619 2879//1619
f 2894//1829 2881//1829 2880//1829
f 2874//2291 3070//2291 3072//2291
f 2874//2314 3072//2314 2893//2314
f 2879//2315 2891//2315 2892//2315
f 2879//2315 2892//2315 2880//2315
f 2886//1829 2894//1829 2880//1829
f 2886//1829 2880//1829 2892//1829
f 3058//2316 3080//2316 2895//2316
f 3058//2317 2895//2317 2896//2317
f 2879//1619 2876//1619 2873//1619
f 2879//1619 2873//1619 2874//1619
f 2875//1829 2880//1829 2881//1829
f 2875//1829 2881//1829 2877//1829
f 3008//2318 3007//2318 2889//2318
f 3008//2319 2889//2319 2901//2319
f 3088//2320 2904//2320 2888//2320
f 3088//2321 2888//2321 2902//2321
f 2888//1946 2904//1946 2903//1946
f 2888//1946 2903//1946 2885//1946
f 2885//1829 2903//1829 2901//1829
f 2885//2181 2901//2181 2889//2181
f 2904//2322 3088//2322 3089//2322
f 2904//2322 3089//2322 2903//2322
f 2902//2220 2888//2220 2882//2220
f 2903//1838 3089//1838 3091//1838
f 2903//1829 3091//1829 2901//1829
f 3090//2323 3088//2323 2902//2323
f 2882//2324 3077//2324 3076//2324
f 2882//2325 3076//2325 2902//2325
f 2872//1829 2899//1829 2868//1829
f 2872//1829 2868//1829 2867//1829
f 3017//2326 3018//2326 2899//2326
f 3017//2327 2899//2327 2872//2327
f 2895//2328 3080//2328 3079//2328
f 2895//2329 3079//2329 2869//2329
f 2895//1619 2869//1619 2866//1619
f 2895//1619 2866//1619 2865//1619
f 3063//2330 3090//2330 2902//2330
f 3063//2331 2902//2331 3076//2331
f 3063//1807 3062//1807 3087//1807
f 3063//1807 3087//1807 3090//1807
f 2901//2330 3091//2330 2992//2330
f 2901//2332 2992//2332 3008//2332
f 3091//1807 3086//1807 2991//1807
f 3091//1807 2991//1807 2992//1807
f 2873//2333 3068//2333 3070//2333
f 2873//2334 3070//2334 2874//2334
f 2862//2335 2876//2335 2875//2335
f 2862//2335 2875//2335 2859//2335
f 3067//2336 3069//2336 2870//2336
f 3067//2337 2870//2337 3081//2337
f 2864//2338 3069//2338 3068//2338
f 2864//2339 3068//2339 2873//2339
f 2876//2340 2879//2340 2880//2340
f 2876//2340 2880//2340 2875//2340
f 3000//2338 3016//2338 2878//2338
f 3000//2341 2878//2341 2877//2341
f 2864//1619 2873//1619 2876//1619
f 2864//1619 2876//1619 2862//1619
f 2877//1829 2878//1829 2859//1829
f 2877//1829 2859//1829 2875//1829
f 3079//2342 3078//2342 3081//2342
f 3079//2343 3081//2343 2870//2343
f 2867//2020 2868//2020 2865//2020
f 2867//2020 2865//2020 2866//2020
f 3079//2344 2870//2344 2863//2344
f 3079//2345 2863//2345 2869//2345
f 2861//1998 2862//1998 2859//1998
f 2861//1998 2859//1998 2860//1998
f 2863//1619 2864//1619 2862//1619
f 2863//1619 2862//1619 2861//1619
f 2871//1829 2872//1829 2867//1829
f 2871//1829 2867//1829 2860//1829
f 3015//2346 3017//2346 2872//2346
f 3015//2347 2872//2347 2871//2347
f 2860//2348 2867//2348 2866//2348
f 2860//2348 2866//2348 2861//2348
f 2861//1619 2866//1619 2869//1619
f 2861//1619 2869//1619 2863//1619
f 2884//2349 3072//2349 3071//2349
f 2884//2350 3071//2350 3073//2350
f 2893//2351 3072//2351 2884//2351
f 2893//2352 2884//2352 2883//2352
f 2886//1997 2892//1997 2891//1997
f 2886//1997 2891//1997 2887//1997
f 2884//2353 3073//2353 3075//2353
f 2884//2354 3075//2354 3077//2354
f 3002//2355 3003//2355 2894//2355
f 3002//2356 2894//2356 2890//2356
f 3003//1718 3001//1718 2881//1718
f 3003//2357 2881//2357 2894//2357
f 2887//1619 2891//1619 2893//1619
f 2887//1619 2893//1619 2883//1619
f 2894//1829 2886//1829 2890//1829
f 3007//2358 3002//2358 2890//2358
f 3007//2359 2890//2359 2889//2359
f 2878//1829 2871//1829 2860//1829
f 2878//2181 2860//2181 2859//2181
f 2870//2360 3069//2360 2864//2360
f 2870//2361 2864//2361 2863//2361
f 3001//2362 3000//2362 2877//2362
f 3001//2363 2877//2363 2881//2363
f 3016//2364 3015//2364 2871//2364
f 3016//2365 2871//2365 2878//2365
f 2889//1838 2890//1838 2886//1838
f 2889//1829 2886//1829 2885//1829
f 2888//1619 2887//1619 2883//1619
f 2888//2011 2883//2011 2882//2011
f 2883//2366 2884//2366 3077//2366
f 2883//2367 3077//2367 2882//2367
f 2887//2368 2888//2368 2885//2368
f 2887//2368 2885//2368 2886//2368
o Gun_02_havok_s_armor_1_2
v 0.151000 1.973791 -1.474454
v 0.151000 2.128581 -1.455620
v -0.151000 2.128581 -1.455620
v -0.151000 1.973791 -1.474454
v -0.151000 1.952258 -1.474476
v 0.151000 1.952258 -1.474476
vn -0.0000 -0.0010 1.0000
vn -0.0000 -0.1208 0.9927
s 0
f 3096//2369 3097//2369 3092//2369
f 3096//2369 3092//2369 3095//2369
f 3094//2370 3095//2370 3092//2370
f 3094//2370 3092//2370 3093//2370
o Gun_02_havok_s_armor_2_3
v -0.151000 1.930702 -1.470305
v -0.151000 1.844053 -1.442082
v 0.151000 1.844053 -1.442082
v 0.151000 1.930702 -1.470305
v 0.151000 1.952258 -1.474476
v -0.151000 1.952258 -1.474476
vn -0.0000 0.1900 0.9818
vn -0.0000 0.3097 0.9508
s 0
f 3101//2371 3102//2371 3103//2371
f 3101//2371 3103//2371 3098//2371
f 3100//2372 3101//2372 3098//2372
f 3100//2372 3098//2372 3099//2372
o Gun_02_havok_s_armor_3_4
v 0.151000 2.124755 -1.311102
v 0.151000 2.135256 -1.336932
v 0.151000 1.832104 -1.387841
v 0.151000 2.109796 -1.287571
v 0.151000 2.140960 -1.364226
v 0.151000 2.141681 -1.392101
v 0.151000 2.137396 -1.419653
v 0.151000 1.835629 -1.415501
v 0.151000 1.930702 -1.470305
v 0.151000 1.844053 -1.442082
v 0.151000 1.952258 -1.474476
v 0.151000 1.973791 -1.474454
v -0.151000 1.844053 -1.442082
v -0.151000 1.930702 -1.470305
v -0.151000 2.109796 -1.287571
v -0.151000 1.952258 -1.474476
v -0.151000 1.973791 -1.474454
v -0.151000 1.835629 -1.415501
v -0.151000 1.832104 -1.387841
v -0.151000 2.124755 -1.311102
v -0.151000 2.135256 -1.336932
v -0.151000 2.140960 -1.364226
v -0.151000 2.141681 -1.392101
v -0.151000 2.137396 -1.419653
v -0.151000 2.128581 -1.455620
v 0.151000 2.128581 -1.455620
vn 1.0000 -0.0000 -0.0000
vn -1.0000 -0.0000 -0.0000
s 0
f 3120//2373 3125//2373 3124//2373
f 3120//2373 3124//2373 3123//2373
f 3118//2373 3120//2373 3123//2373
f 3118//2373 3122//2373 3121//2373
f 3118//2373 3121//2373 3116//2373
f 3115//2374 3110//2374 3129//2374
f 3128//2373 3127//2373 3120//2373
f 3120//2373 3127//2373 3126//2373
f 3120//2373 3126//2373 3125//2373
f 3119//2373 3120//2373 3118//2373
f 3119//2373 3118//2373 3117//2373
f 3110//2374 3111//2374 3106//2374
f 3110//2374 3106//2374 3109//2374
f 3108//2374 3109//2374 3106//2374
f 3108//2374 3106//2374 3105//2374
f 3106//2374 3107//2374 3104//2374
f 3106//2374 3104//2374 3105//2374
f 3116//2373 3117//2373 3118//2373
f 3110//2374 3115//2374 3114//2374
f 3110//2374 3114//2374 3112//2374
f 3110//2374 3112//2374 3113//2374
f 3110//2374 3113//2374 3111//2374
o Gun_02_havok_s_armor_4_5
v -0.151000 1.832104 -1.387841
v -0.151000 2.109796 -1.287571
v 0.151000 2.109796 -1.287571
v 0.151000 1.832104 -1.387841
vn -0.0000 0.3396 -0.9406
s 0
f 3132//2375 3133//2375 3130//2375
f 3132//2375 3130//2375 3131//2375
o Gun_02_havok_s_armor_5_6
v 0.151000 2.124755 -1.311102
v 0.151000 2.109796 -1.287571
v -0.151000 2.109796 -1.287571
v -0.151000 2.124755 -1.311102
v 0.151000 2.135256 -1.336932
v -0.151000 2.135256 -1.336932
v 0.151000 2.137396 -1.419653
v 0.151000 2.141681 -1.392101
v -0.151000 2.141681 -1.392101
v -0.151000 2.137396 -1.419653
v -0.151000 2.140960 -1.364226
v 0.151000 2.140960 -1.364226
v 0.151000 2.128581 -1.455620
v -0.151000 2.128581 -1.455620
vn -0.0000 -0.9997 -0.0259
vn -0.0000 -0.9789 -0.2046
vn -0.0000 -0.9713 0.2380
vn -0.0000 -0.8439 -0.5365
vn -0.0000 -0.9264 -0.3766
vn -0.0000 -0.9881 0.1537
s 0
f 3141//2376 3145//2376 3144//2376
f 3141//2376 3144//2376 3142//2376
f 3139//2377 3144//2377 3145//2377
f 3139//2377 3145//2377 3138//2377
f 3143//2378 3147//2378 3146//2378
f 3143//2378 3146//2378 3140//2378
f 3136//2379 3137//2379 3134//2379
f 3136//2379 3134//2379 3135//2379
f 3137//2380 3139//2380 3138//2380
f 3137//2380 3138//2380 3134//2380
f 3142//2381 3143//2381 3140//2381
f 3142//2381 3140//2381 3141//2381
