# Blender 5.1.0
# www.blender.org
o Chassis_havok_s_leftTrack_0
v -1.454120 0.065179 -0.623738
v -1.454120 0.065281 0.276272
v -1.454120 0.065194 -0.433736
v -1.454120 0.065296 0.462274
v -1.454120 0.095096 1.422284
v -1.153902 1.207911 -0.087041
v -1.405900 1.207911 -0.087041
v -1.153902 1.369620 -1.837379
v -1.153902 1.374264 -1.887869
v -1.405900 1.374264 -1.887869
v -1.153902 1.346565 -1.949580
v -1.153902 1.364244 -1.914049
v -1.405900 1.364244 -1.914049
v -1.405900 1.346565 -1.949580
v -1.405900 1.346565 -1.801848
v -1.405900 1.369620 -1.837379
v -1.153902 1.346565 -1.801848
v -1.405900 1.319030 -1.775668
v -1.153902 1.319030 -1.775668
v -1.153902 1.319030 -1.975760
v -1.405900 1.319030 -1.975760
v -1.153902 1.284407 -1.994460
v -1.405900 1.284407 -1.994460
v -1.153902 1.284407 -1.756968
v -1.405900 1.284407 -1.756968
v -1.405900 1.245955 -1.751358
v -1.405900 1.207504 -1.756968
v -1.153902 1.207504 -1.756968
v -1.153902 1.245955 -1.751358
v -1.153902 1.245955 -2.000070
v -1.153902 1.207504 -1.994460
v -1.405900 1.245955 -2.000070
v -1.405900 1.207504 -1.994460
v -1.105659 0.482674 1.972125
v -1.105659 0.132568 2.390303
v -1.105659 0.074495 2.246201
v -1.105659 0.663901 1.972125
v -1.454113 0.072159 2.086559
v -1.454113 0.132568 2.390303
v -1.105659 0.694273 1.828729
v -1.105659 0.663901 1.812482
v -1.105659 0.469324 1.760210
v -1.105659 0.390225 1.767980
v -1.105659 0.482674 1.761623
v -1.454113 0.694273 1.828729
v -1.454113 0.132568 1.940337
v -1.454113 0.182964 1.878882
v -1.454113 0.244375 1.828729
v -1.454113 0.095188 2.010269
v -1.454113 0.314129 1.791291
v -1.454113 0.390225 1.767980
v -1.454113 0.469324 1.760210
v -1.454113 0.548423 1.767980
v -1.454113 0.624185 1.791291
v -1.105659 0.244375 1.828729
v -1.105659 0.182964 1.878882
v -1.105659 0.132568 1.940337
v -1.105659 0.095188 2.010269
v -1.105659 0.314129 1.791291
v -1.105659 0.072159 2.086559
v -1.113001 0.663901 1.812482
v -1.113001 0.624185 1.791291
v -1.113001 0.548423 1.767980
v -1.113001 0.516049 1.667674
v -0.909689 0.669909 1.667674
v -1.113001 0.663901 1.667674
v -1.113001 0.482674 1.761623
v -1.113001 0.482674 1.671206
v -0.412140 0.489349 1.667674
v -0.412140 0.489349 1.972125
v -0.909689 0.669909 1.972125
v -1.454113 0.065484 2.119052
v -0.993273 0.011082 2.259622
v -1.568194 0.011082 2.259622
v -0.993273 0.074495 2.246201
v -1.454113 0.065484 2.173444
v -1.454113 0.074495 2.246201
v -1.568194 0.074495 2.246201
v -0.910048 0.669978 0.176237
v -0.910048 0.669978 -0.128458
v -0.910048 0.669978 -1.024965
v -0.910048 0.669978 -0.720269
v -0.909805 0.669978 0.768049
v -0.909805 0.669978 1.072744
v -0.910048 0.669978 -1.924401
v -0.910048 0.669978 -1.619706
v -0.412139 0.489235 -0.720269
v -0.412139 0.489235 -1.024965
v -0.412139 0.489235 -1.924401
v -0.412139 0.489235 -1.619706
v -0.412139 0.489235 1.072744
v -0.412139 0.489235 0.768049
v -0.412139 0.489235 -0.128458
v -0.412139 0.489235 0.176237
v -1.454116 0.064866 -2.325094
v -1.454116 0.078123 -2.420549
v -1.454116 0.110605 -2.504303
v -1.105784 0.237216 -2.654569
v -1.105784 0.110605 -2.504303
v -1.105784 0.314443 -2.698909
v -1.105784 0.469227 -2.729701
v -1.105784 0.390343 -2.721695
v -1.105784 0.694277 -2.661343
v -1.105784 0.624342 -2.698909
v -1.105784 0.548442 -2.721695
v -1.454116 0.132480 -2.099696
v -1.454116 0.095027 -2.169902
v -1.105784 0.132480 -2.099696
v -1.105784 0.095027 -2.169902
v -1.568194 0.054922 -2.536327
v -1.568194 0.015812 -2.439640
v -1.568194 0.078123 -2.420549
v -1.454116 0.072157 -2.245651
v -1.568194 0.110605 -2.504303
v -1.105784 0.072157 -2.245651
v -1.454116 0.694277 -2.661343
v -1.454116 0.548442 -2.721695
v -1.454116 0.624342 -2.698909
v -1.454116 0.469227 -2.729701
v -1.454116 0.390343 -2.721695
v -1.568194 0.195786 -2.707531
v -1.568194 0.107953 -2.623777
v -1.105784 0.158333 -2.582515
v -1.105784 0.263400 -2.676123
v -1.568194 0.237216 -2.654569
v -1.568194 0.158333 -2.582515
v -1.454116 0.158333 -2.582515
v -1.454116 0.237216 -2.654569
v -1.454116 0.263400 -2.676123
v -1.454116 0.314443 -2.698909
v -1.105784 0.182889 1.553779
v -1.105784 0.244345 1.603888
v -1.105784 0.314295 1.641469
v -1.454120 0.694274 1.603888
v -1.454120 0.624324 1.641469
v -1.454120 0.314295 1.641469
v -1.454120 0.244345 1.603888
v -1.105784 0.694274 1.603888
v -1.105784 0.624324 1.641469
v -1.105784 0.182889 0.981382
v -1.454120 0.182889 0.981382
v -1.105784 0.244345 0.930310
v -1.454120 0.244345 0.930310
v -1.105784 0.314295 0.892728
v -1.105784 0.390241 0.869601
v -1.105784 0.469185 0.861892
v -1.105784 0.694274 0.930310
v -1.454120 0.694274 0.930310
v -1.454120 0.624324 0.892728
v -1.454120 0.548378 0.869601
v -1.454120 0.469185 0.861892
v -1.454120 0.390241 0.869601
v -1.454120 0.314295 0.892728
v -1.105784 0.548378 0.766492
v -1.105784 0.624324 0.743365
v -1.105784 0.694274 0.705784
v -1.105784 0.182889 0.655675
v -1.105784 0.244345 0.705784
v -1.105784 0.314295 0.743365
v -1.105784 0.390241 0.766492
v -1.454120 0.182889 0.655675
v -1.454120 0.244345 0.705784
v -1.454120 0.314295 0.743365
v -1.454120 0.694274 0.705784
v -1.454120 0.624324 0.743365
v -1.454120 0.548378 0.766492
v -1.454120 0.469185 0.774201
v -1.454120 0.390241 0.766492
v -1.113271 0.548378 0.869601
v -1.113271 0.624324 0.892728
v -1.113271 0.482925 0.863819
v -1.113271 0.528892 0.768420
v -1.113271 0.482925 0.773238
v -1.454069 0.843427 2.010594
v -1.454069 0.805968 1.940194
v -1.454069 0.866542 2.086146
v -1.454069 0.874247 2.165132
v -1.002556 0.836670 2.888025
v -1.406049 0.914076 1.601928
v -1.406049 0.875669 1.608796
v -1.153788 0.875669 1.608796
v -1.153788 0.914076 1.601928
v -1.406049 0.952483 1.608796
v -1.153788 0.952483 1.608796
v -1.153788 0.813436 1.653441
v -1.153788 0.840937 1.625967
v -1.406049 0.840937 1.625967
v -1.406049 0.813436 1.653441
v -1.153788 0.795774 1.687782
v -1.406049 0.795774 1.687782
v -1.153788 0.840937 1.826866
v -1.153788 0.813436 1.799393
v -1.406049 0.813436 1.799393
v -1.406049 0.840937 1.826866
v -1.406049 1.014717 1.799393
v -1.406049 0.795774 1.765051
v -1.406049 0.789728 1.725558
v -1.153788 1.032379 1.687782
v -1.153788 0.875669 1.844037
v -1.153788 0.914076 1.850906
v -1.153788 0.952483 1.844037
v -1.153788 0.789728 1.725558
v -1.153788 0.795774 1.765051
v -1.406049 0.875669 1.844037
v -1.406049 0.914076 1.850906
v -1.406049 0.952483 1.844037
v -1.406049 0.987216 1.826866
v -1.153788 0.987216 1.826866
v -1.153788 0.987216 1.625967
v -1.153788 1.014717 1.653441
v -1.406049 1.014717 1.653441
v -1.406049 0.987216 1.625967
v -1.406049 1.032379 1.687782
v -1.153788 1.014717 1.799393
v -1.002556 0.860852 2.915498
v -1.002556 0.897125 2.977314
v -1.002556 0.908387 3.011655
v -1.002556 0.911587 3.119832
v -1.002556 0.899852 3.164476
v -1.556657 0.820785 3.276087
v -1.556657 0.853740 3.243462
v -1.556657 0.880293 3.205686
v -0.929902 0.961137 3.188515
v -1.568194 0.961137 3.188515
v -0.929902 0.880293 3.205686
v -0.929902 0.899852 3.164476
v -1.002556 0.880293 3.205686
v -1.556657 0.911587 3.119832
v -1.556657 0.899852 3.164476
v -1.568194 0.899852 3.164476
v -0.929902 0.902815 3.286389
v -0.929902 0.861326 3.325882
v -1.568194 0.861326 3.325882
v -1.568194 0.902815 3.286389
v -1.568194 0.813317 3.358507
v -0.929902 0.813317 3.358507
v -1.002556 0.820785 3.276087
v -0.929902 0.936481 3.240028
v -1.568194 0.936481 3.240028
v -1.568194 0.820785 3.276087
v -1.568194 0.853740 3.243462
v -1.568194 0.880293 3.205686
v -1.002556 0.853740 3.243462
v -0.929902 0.853740 3.243462
v -0.929902 0.820785 3.276087
v -1.423510 1.014166 -3.304413
v -1.136326 1.014166 -3.304413
v -1.136326 0.978747 -3.207409
v -1.136326 0.997862 -3.262188
v -1.423510 0.997862 -3.262188
v -1.423510 0.978747 -3.207409
v -1.423510 0.972281 -3.149206
v -1.423510 0.978747 -3.091574
v -1.136326 0.978747 -3.091574
v -1.136326 0.972281 -3.149206
v -1.136326 0.997862 -3.036795
v -1.423510 0.997862 -3.036795
v -1.568194 1.069826 -3.352345
v -1.568194 1.030190 -3.403700
v -0.929902 1.030190 -3.403700
v -1.136326 1.069826 -3.352345
v -0.929902 1.069826 -3.352345
v -1.423510 1.069826 -3.352345
v -1.423510 1.465066 -3.036795
v -1.423510 1.434144 -2.987723
v -1.423510 1.393102 -2.946638
v -1.423510 1.490928 -3.149206
v -1.423510 1.484462 -3.207409
v -1.423510 1.465066 -3.262188
v -1.423510 1.344189 -2.915825
v -1.423510 1.289372 -2.896425
v -1.423510 1.231464 -2.890148
v -1.423510 1.173836 -2.896425
v -1.423510 1.119020 -2.915825
v -1.423510 1.069826 -2.946638
v -1.423510 1.028784 -2.987723
v -1.136326 1.119020 -2.915825
v -1.136326 1.069826 -2.946638
v -1.136326 1.173836 -2.896425
v -1.136326 1.289372 -2.896425
v -1.136326 1.231464 -2.890148
v -1.136326 1.393102 -2.946638
v -1.136326 1.344189 -2.915825
v -1.136326 1.434144 -2.987723
v -1.136326 1.028784 -2.987723
v -1.136326 1.119020 -3.383158
v -1.136326 1.490928 -3.149206
v -1.136326 1.173836 -3.401988
v -1.136326 1.289372 -3.401988
v -1.136326 1.231464 -3.408835
v -1.136326 1.344189 -3.383158
v -1.136326 1.465066 -3.036795
v -1.568194 1.465066 -3.262188
v -1.423510 1.434144 -3.311261
v -1.568194 1.434144 -3.311261
v -1.136326 1.434144 -3.311261
v -1.136326 1.393102 -3.352345
v -1.568194 1.484462 -3.207409
v -1.568194 1.547712 -3.222245
v -1.568194 1.524099 -3.290148
v -0.929902 1.524099 -3.290148
v -0.929902 1.547712 -3.222245
v -0.929902 1.484462 -3.207409
v -0.929902 1.465066 -3.262188
v -1.136326 1.465066 -3.262188
v -1.136326 1.484462 -3.207409
v -1.423510 1.393102 -3.352345
v -1.423510 1.289372 -3.401988
v -1.423510 1.344189 -3.383158
v -1.423510 1.173836 -3.401988
v -1.423510 1.119020 -3.383158
v -1.568194 1.119020 -3.383158
v -0.929902 1.119020 -3.383158
v -0.929902 1.393102 -3.352345
v -0.929902 1.344189 -3.383158
v -0.929902 1.434144 -3.311261
v -0.929902 1.485587 -3.351203
v -0.929902 1.434425 -3.402559
v -1.568194 1.393102 -3.352345
v -1.568194 1.344189 -3.383158
v -1.568194 1.485587 -3.351203
v -1.568194 1.434425 -3.402559
v -0.929902 1.091753 -3.442502
v -0.929902 1.160343 -3.465897
v -1.568194 1.160343 -3.465897
v -1.568194 1.091753 -3.442502
v -1.568194 1.232588 -3.473886
v -0.929902 1.232588 -3.473886
v -0.929902 1.289372 -3.401988
v -0.929902 1.231464 -3.408835
v -0.929902 1.173836 -3.401988
v -1.568194 1.173836 -3.401988
v -1.568194 1.231464 -3.408835
v -1.423510 1.231464 -3.408835
v -0.929902 1.372862 -3.441360
v -0.929902 1.304552 -3.465326
v -1.568194 1.289372 -3.401988
v -1.568194 1.304552 -3.465326
v -1.568194 1.372862 -3.441360
v -1.105784 0.874351 -2.324701
v -1.105784 0.866551 -2.245788
v -1.105784 0.843490 -2.169195
v -1.105784 0.806015 -2.099566
v -1.153873 0.961678 -0.112802
v -1.153873 0.955573 -0.075666
v -1.153873 0.979482 -0.147617
v -1.405900 0.961678 -0.112802
v -1.405900 0.955573 -0.075666
v -1.405900 1.006952 -0.175469
v -1.405900 1.041544 -0.194036
v -1.405900 0.979482 -0.147617
v -1.405900 0.961678 -0.036209
v -1.405900 1.080035 -0.198678
v -1.405900 1.118527 -0.194036
v -1.405900 1.153119 -0.175469
v -1.153873 1.153119 -0.175469
v -1.153873 1.118527 -0.194036
v -1.153873 1.080035 -0.198678
v -1.153873 1.041544 -0.194036
v -1.153873 1.006952 -0.175469
v -1.153873 1.153119 0.026457
v -1.405900 1.153119 0.026457
v -1.153873 1.118527 0.042704
v -1.405900 1.118527 0.042704
v -1.153873 1.080035 0.049667
v -1.405900 1.080035 0.049667
v -1.153873 1.041544 0.042704
v -1.405900 1.041544 0.042704
v -1.405900 1.006952 0.026457
v -1.405900 0.979482 -0.001395
v -1.153873 1.006952 0.026457
v -1.153873 0.979482 -0.001395
v -1.153873 0.961678 -0.036209
v -1.556684 0.639732 2.818855
v -1.556684 0.569950 2.834250
v -1.556684 0.537127 2.848849
v -1.556684 0.479756 2.891318
v -1.556684 0.745648 2.832923
v -1.556684 0.675589 2.818589
v -1.556684 0.455759 2.918126
v -1.002814 0.455759 2.918126
v -1.002814 0.462655 2.961391
v -0.993550 0.181041 2.720911
v -1.568194 0.181041 2.720911
v -1.568194 0.238136 2.689855
v -0.993550 0.238136 2.689855
v -1.105784 0.390150 -1.823996
v -1.105784 0.314338 -1.801003
v -1.105784 0.244380 -1.763447
v -1.105784 0.469182 -1.831661
v -1.105784 0.182911 -1.712861
v -1.105784 0.132565 -1.651545
v -1.454120 0.244380 -1.763447
v -1.454120 0.182911 -1.712861
v -1.454120 0.624318 -1.801003
v -1.454120 0.694276 -1.763447
v -1.454120 0.095098 -1.581798
v -1.454120 0.548213 -1.823996
v -1.454120 0.469182 -1.831661
v -1.454120 0.390150 -1.823996
v -1.454120 0.314338 -1.801003
v -1.105784 0.694276 -1.763447
v -1.113271 0.482939 -1.830128
v -1.113271 0.548213 -1.823996
v -1.113271 0.516893 -1.924401
v -1.113271 0.482939 -1.921335
v -1.113271 0.624318 -1.801003
v -1.454120 0.132565 -1.651545
v -1.105784 0.095098 -1.581798
v -1.105784 0.095098 -1.271386
v -1.105784 0.132565 -1.201639
v -1.105784 0.182911 -1.140323
v -1.454120 0.095098 -1.271386
v -1.454120 0.132565 -1.201639
v -1.454120 0.182911 -1.140323
v -1.454120 0.694275 -0.192200
v -1.454120 0.624325 -0.154290
v -1.454120 0.548379 -0.131544
v -1.454120 0.469185 -0.123962
v -1.454120 0.390242 -0.131544
v -1.105784 0.182890 -0.242024
v -1.105784 0.244346 -0.192200
v -1.105784 0.314296 -0.154290
v -1.105784 0.390242 -0.131544
v -1.105784 0.548379 -0.131544
v -1.105784 0.624325 -0.154290
v -1.105784 0.694275 -0.192200
v -1.454120 0.314296 -0.154290
v -1.454120 0.244346 -0.192200
v -1.454120 0.182890 -0.242024
v -1.454120 0.244346 -0.865915
v -1.454120 0.182890 -0.815007
v -1.105784 0.182890 -0.815007
v -1.105784 0.244346 -0.865915
v -1.105784 0.390242 -0.925488
v -1.105784 0.314296 -0.902742
v -1.105784 0.469185 -0.934153
v -1.454120 0.548379 -0.925488
v -1.454120 0.624325 -0.902742
v -1.454120 0.694275 -0.865915
v -1.454120 0.469185 -0.934153
v -1.454120 0.390242 -0.925488
v -1.454120 0.314296 -0.902742
v -1.105784 0.694275 -0.865915
v -1.113271 0.482926 -1.022971
v -1.113271 0.482926 -0.931987
v -1.113271 0.624325 -0.902742
v -1.113271 0.548379 -0.925488
v -1.113271 0.504160 -1.025137
v -1.454120 0.244346 0.032011
v -1.454120 0.182890 0.082919
v -1.105784 0.182890 0.082919
v -1.105784 0.244346 0.032011
v -1.105784 0.314296 -0.004816
v -1.454120 0.314296 -0.004816
v -1.105784 0.390242 -0.027562
v -1.105784 0.469185 -0.036227
v -1.105784 0.694275 0.033094
v -1.454120 0.694275 0.033094
v -1.454120 0.624325 -0.004816
v -1.113271 0.624325 -0.004816
v -1.454120 0.548379 -0.027562
v -1.113271 0.548379 -0.027562
v -1.454120 0.469185 -0.036227
v -1.454120 0.390242 -0.027562
v -1.113271 0.518650 -0.128294
v -1.113271 0.482926 -0.034061
v -1.113271 0.482926 -0.125045
v -0.993356 0.400387 3.265713
v -1.568194 0.400387 3.265713
v -1.568194 0.453544 3.227917
v -1.556603 0.483777 3.262249
v -1.568194 0.483777 3.262249
v -1.556603 0.453544 3.227917
v -1.556603 0.402879 3.085869
v -1.002801 0.402879 3.085869
v -1.556603 0.406865 3.121460
v -1.002801 0.406865 3.121460
v -1.556603 0.519824 3.290595
v -1.556603 0.560356 3.312013
v -1.556603 0.604211 3.326186
v -1.556603 0.649726 3.331855
v -0.689409 0.462680 3.188232
v -1.002801 0.462680 3.188232
v -1.002801 0.498727 3.235162
v -0.689409 0.498727 3.235162
v -1.002801 0.432281 3.074845
v -0.689409 0.432281 3.074845
v -1.002801 0.440088 3.133429
v -0.689409 0.440088 3.133429
v -1.002801 0.453544 3.227917
v -0.689409 0.718000 3.294060
v -0.689409 0.659195 3.301619
v -0.689409 0.600556 3.294060
v -0.689409 0.545738 3.271382
v -0.993356 0.453544 3.227917
v -1.002801 0.483777 3.262249
v -0.993356 0.483777 3.262249
v -1.568194 0.533944 3.371856
v -1.568194 0.588928 3.389494
v -0.993356 0.588928 3.389494
v -0.993356 0.533944 3.371856
v -1.568194 0.560356 3.312013
v -1.568194 0.604211 3.326186
v -1.568194 0.519824 3.290595
v -1.002801 0.545738 3.271382
v -1.002801 0.600556 3.294060
v -0.993356 0.604211 3.326186
v -0.993356 0.560356 3.312013
v -0.993356 0.519824 3.290595
v -1.002801 0.560356 3.312013
v -1.002801 0.519824 3.290595
v -1.002801 0.604211 3.326186
v -1.568194 0.437929 3.308548
v -1.568194 0.483112 3.344454
v -0.993356 0.483112 3.344454
v -0.993356 0.437929 3.308548
v -0.929819 0.704046 3.394218
v -1.568194 0.704046 3.394218
v -0.993356 0.671321 3.396423
v -0.993356 0.646238 3.397053
v -1.568194 0.646238 3.397053
v -0.929819 0.671321 3.396423
v -0.929819 0.671321 3.331540
v -0.993356 0.671321 3.331540
v -0.993356 0.649726 3.331855
v -0.929819 0.695740 3.329651
v -1.002801 0.695740 3.329651
v -1.002801 0.649726 3.331855
v -1.002801 0.659195 3.301619
v -1.002801 0.718000 3.294060
v -1.002801 0.740425 3.319257
v -1.568194 0.695740 3.329651
v -1.568194 0.649726 3.331855
v -1.454119 0.064994 -2.283045
v -1.454119 0.065079 -1.522818
v -1.568194 0.065491 2.173270
v -1.568194 0.064989 -2.325050
v -1.454119 0.065100 -1.330544
v -1.568194 0.001197 2.173270
v -1.568194 -0.000029 -2.329616
v -1.105784 0.065200 -0.433621
v -1.105784 0.065279 0.275390
v -1.105784 0.095098 0.214310
v -1.105784 0.132524 0.144290
v -1.454119 0.132524 0.144290
v -1.454119 0.095098 0.214310
v -1.454119 0.095098 0.524282
v -1.105784 0.095097 0.524282
v -1.105784 0.065300 0.463246
v -1.454119 0.095098 -0.683688
v -1.454119 0.095098 -0.373716
v -1.105784 0.065100 -1.330544
v -1.105784 0.065179 -0.623738
v -1.105784 0.095098 -0.683688
v -1.105784 0.132524 -0.753708
v -1.454119 0.132524 -0.753708
v -1.105784 0.132523 -0.303696
v -1.105784 0.095097 -0.373716
v -1.454119 0.132523 -0.303696
v -0.993550 0.001197 2.173270
v -0.993550 -0.000029 -2.329616
v -1.454119 0.065379 1.169372
v -1.105784 0.065379 1.169372
v -1.105784 0.132523 0.594302
v -1.454119 0.132523 0.594302
v -1.105784 0.095097 1.112310
v -1.105784 0.132523 1.042291
v -1.454119 0.132523 1.042291
v -1.454119 0.095097 1.112310
v -1.105784 0.132522 1.492302
v -1.105784 0.095096 1.422284
v -1.454119 0.132522 1.492302
v -1.105784 0.065401 1.365265
v -1.454119 0.065401 1.365265
v -1.454119 0.182889 1.553674
v -1.556620 0.917591 3.055600
v -1.405900 1.035798 1.776108
v -1.568194 1.490847 -3.149432
v -1.568194 0.911578 3.120687
v -1.568194 1.555885 -3.145174
v -1.568194 0.976044 3.132437
v -1.153902 1.042102 1.707871
v -1.136421 1.483668 -3.071731
v -1.153902 1.202895 -0.032585
v -1.153902 1.180633 -0.001600
v -1.153902 1.198299 -0.113135
v -1.405900 1.180633 -0.001600
v -1.405900 1.198299 -0.113135
v -1.405900 1.202895 -0.032584
v -1.405900 1.180634 -0.147805
v -1.153902 1.180634 -0.147805
v -1.405900 1.042102 1.707871
v -1.002678 0.917591 3.055600
v -0.929902 0.911578 3.120687
v -0.929902 1.490847 -3.149432
v -1.153902 1.035798 1.776108
v -0.929902 0.976044 3.132437
v -0.929902 1.555885 -3.145174
v -1.423580 1.483668 -3.071731
v -1.153902 1.172834 -1.976317
v -1.405900 1.172834 -1.976317
v -1.153902 1.172834 -1.775084
v -1.405900 1.172834 -1.775084
v -1.405900 1.145319 -1.948803
v -1.405900 1.127654 -1.914133
v -1.405900 1.127654 -1.837269
v -1.405900 1.121567 -1.875702
v -1.405900 1.145319 -1.802599
v -1.153902 1.145320 -1.802599
v -1.153902 1.121567 -1.875702
v -1.153902 1.127654 -1.837269
v -1.153902 1.145320 -1.948803
v -1.153902 1.127654 -1.914133
v -1.105784 0.105884 2.351053
v -1.105784 0.182888 2.451676
v -1.105784 0.095095 2.323391
v -1.105784 0.065491 2.173270
v -1.105784 0.065485 2.119041
v -1.105784 0.244260 2.502043
v -1.105784 0.314279 2.539468
v -1.105784 0.390255 2.562515
v -1.105784 0.469266 2.570297
v -1.105784 0.694272 2.502043
v -1.105784 0.624253 2.539470
v -1.105784 0.548277 2.562517
v -1.105784 0.843438 2.320285
v -1.105784 0.866485 2.244309
v -1.105784 0.806012 2.390304
v -1.105784 0.874267 2.165298
v -1.105784 0.866485 2.086287
v -1.105784 0.755645 2.451676
v -1.454119 0.755645 2.451676
v -1.454119 0.694272 2.502043
v -1.454119 0.806012 2.390304
v -1.454119 0.866485 2.244309
v -1.454119 0.843438 2.320285
v -1.454119 0.624253 2.539470
v -1.454119 0.548277 2.562517
v -1.454119 0.469266 2.570297
v -1.454119 0.390255 2.562515
v -1.454119 0.314279 2.539468
v -1.454119 0.244260 2.502043
v -1.454119 0.182888 2.451676
v -1.105784 0.806012 1.940293
v -1.105784 0.755645 1.878919
v -1.105784 0.843438 2.010311
v -1.454119 0.755645 1.878919
v -1.454119 0.548279 1.664515
v -1.105784 0.548279 1.664515
v -1.105784 0.516214 1.667674
v -1.105784 0.482816 1.670963
v -1.105784 0.469267 1.672297
v -1.105784 0.390256 1.664515
v -1.454119 0.390256 1.664515
v -1.454119 0.469267 1.672297
v -1.105784 0.482816 1.667674
v -1.568194 0.032271 2.339737
v -0.993550 0.032271 2.339737
v -0.993550 0.095095 2.323391
v -0.993550 0.065491 2.173270
v -1.454119 0.095095 2.323391
v -1.568194 0.095095 2.323391
v -1.454119 0.105884 2.351053
v -1.105784 0.663961 0.175741
v -1.105784 0.663961 0.016350
v -1.113277 0.663961 0.016350
v -1.113277 0.663961 -0.128568
v -1.105784 0.663961 -0.881648
v -1.105784 0.663961 -0.720829
v -1.113277 0.663961 -0.881648
v -1.113277 0.663961 -1.025136
v -1.105784 0.663961 0.914350
v -1.105784 0.663961 1.072743
v -1.113277 0.663961 0.914350
v -1.113277 0.663961 0.768435
v -1.105784 0.663961 -1.779650
v -1.105784 0.663961 -1.620093
v -1.113277 0.663961 -1.779650
v -1.113277 0.663961 -1.924401
v -0.993550 0.671181 -3.009302
v -0.993550 0.671180 -3.101728
v -0.993550 0.195789 -2.707302
v -0.993550 0.237228 -2.654781
v -0.993550 0.107880 -2.623492
v -0.993550 0.158449 -2.582373
v -0.993550 0.054954 -2.536399
v -0.993550 0.110565 -2.504514
v -0.993550 0.064989 -2.325050
v -1.105784 0.065079 -1.522818
v -1.105784 0.064994 -2.283045
v -0.993550 0.015812 -2.439854
v -0.993550 0.077985 -2.420291
v -1.105784 0.064989 -2.325050
v -1.105784 0.077985 -2.420291
v -1.105784 0.482816 -0.720829
v -1.105784 0.482816 -0.932366
v -1.105784 0.504157 -1.025136
v -1.105784 0.482816 -1.023036
v -1.105784 0.482816 -1.025136
v -1.105784 0.482816 -1.830368
v -1.105784 0.482816 -1.620093
v -1.105784 0.516988 -1.924401
v -1.105784 0.482816 -1.921036
v -1.105784 0.482816 -1.924401
v -0.929901 0.671181 -3.009302
v -0.929901 0.671180 -3.101728
v -1.105784 0.482816 1.072743
v -1.105784 0.482816 0.863632
v -1.105784 0.528786 0.768435
v -1.105784 0.482816 0.772963
v -1.105784 0.482816 0.768435
v -1.105784 0.482816 0.175741
v -1.105784 0.482816 -0.034369
v -1.105784 0.518683 -0.128568
v -1.105784 0.482816 -0.125036
v -1.105784 0.482816 -0.128568
v -1.454119 0.806015 -2.099696
v -1.454119 0.755648 -2.038323
v -1.454119 0.694276 -1.987957
v -1.454119 0.866488 -2.245690
v -1.454119 0.843441 -2.169713
v -1.454119 0.624257 -1.950531
v -1.454119 0.548281 -1.927484
v -1.454119 0.469270 -1.919703
v -1.454119 0.390259 -1.927484
v -1.454119 0.314283 -1.950531
v -1.454119 0.874270 -2.324702
v -1.454119 0.843441 -2.479688
v -1.454119 0.866488 -2.403713
v -1.105784 0.314283 -1.950531
v -1.105784 0.390259 -1.927484
v -1.105784 0.843441 -2.479688
v -1.105784 0.806015 -2.549708
v -1.105784 0.755649 -2.611080
v -1.105784 0.866488 -2.403713
v -1.105784 0.548281 -1.927484
v -1.105784 0.624257 -1.950531
v -1.105784 0.694276 -1.987957
v -1.454119 0.244264 -1.987957
v -1.454119 0.182892 -2.038323
v -1.105784 0.182892 -2.038323
v -1.105784 0.244264 -1.987957
v -1.454119 0.755649 -2.611080
v -1.454119 0.806015 -2.549708
v -1.568194 0.671180 -3.101728
v -1.568194 0.671181 -3.009302
v -1.454119 0.806012 1.492304
v -1.454119 0.755646 1.553676
v -1.454119 0.866485 1.346309
v -1.454119 0.843438 1.422284
v -1.454119 0.866485 1.188286
v -1.454119 0.874267 1.267298
v -1.105784 0.755646 1.553676
v -1.105784 0.806012 1.492304
v -1.105784 0.843438 1.422284
v -1.105784 0.866485 1.346309
v -1.105784 0.874267 1.267298
v -1.105784 0.866485 1.188286
v -1.105784 0.755646 0.980919
v -1.454119 0.755646 0.980919
v -1.105784 0.843438 1.112311
v -1.105784 0.806013 1.042293
v -1.454119 0.806013 1.042293
v -1.454119 0.843438 1.112311
v -1.105784 0.843439 0.524284
v -1.105784 0.866486 0.448310
v -1.105784 0.806014 0.594304
v -1.105784 0.874269 0.369298
v -1.105784 0.866486 0.290286
v -1.105784 0.843440 0.214311
v -1.105784 0.755647 0.655676
v -1.105784 0.469268 0.774297
v -1.454119 0.755647 0.655676
v -1.454119 0.806014 0.594304
v -1.454119 0.843439 0.524284
v -1.454119 0.866486 0.448310
v -1.454119 0.874269 0.369298
v -1.454119 0.866486 0.290286
v -1.556620 0.836672 2.888809
v -1.556620 0.778503 2.847193
v -1.002678 0.778503 2.847193
v -1.002678 0.808781 3.246886
v -1.002678 0.745648 2.832852
v -1.556620 0.860854 2.915273
v -1.556620 0.740425 3.319202
v -1.556620 0.695669 3.329662
v -1.556620 0.908395 3.010963
v -1.556620 0.782569 3.300931
v -1.556620 0.897068 2.976952
v -1.002678 0.772705 3.271353
v -1.002678 0.782569 3.300931
v -1.568194 0.782569 3.300931
v -0.929902 0.782569 3.300931
v -1.568194 0.760258 3.381325
v -0.929902 0.760258 3.381325
v -1.568194 0.740425 3.319202
v -0.689409 0.808781 3.246881
v -0.689409 0.772705 3.271353
v -0.929902 0.740425 3.319202
v -1.454119 0.806015 -1.651706
v -1.454119 0.755648 -1.713078
v -1.105784 0.755648 -1.713078
v -1.105784 0.806015 -1.651706
v -1.105784 0.755648 -2.038323
v -1.105784 0.843441 -1.581686
v -1.454119 0.843441 -1.581686
v -1.454119 0.866487 -1.505712
v -1.105784 0.866487 -1.505712
v -1.454119 0.874270 -1.426700
v -1.105784 0.874270 -1.426700
v -1.105784 0.866488 -1.347689
v -1.454119 0.866488 -1.347689
v -1.454119 0.806015 -1.201694
v -1.454119 0.843441 -1.271714
v -1.105784 0.843441 -1.271714
v -1.105784 0.806015 -1.201694
v -1.454119 0.755647 -1.140322
v -1.105784 0.755647 -1.140322
v -1.454119 0.843439 -0.683688
v -1.454119 0.806014 -0.753706
v -1.105784 0.806014 -0.753706
v -1.105784 0.843439 -0.683688
v -1.454119 0.866486 -0.607712
v -1.105784 0.866486 -0.607712
v -1.454119 0.755647 -0.815078
v -1.105784 0.755647 -0.815078
v -1.454119 0.866486 -0.449689
v -1.454119 0.874268 -0.528700
v -1.105784 0.874268 -0.528700
v -1.105784 0.866486 -0.449689
v -1.105784 0.843439 -0.373714
v -1.454119 0.843439 -0.373714
v -1.105784 0.806014 0.144292
v -1.454119 0.843440 0.214311
v -1.454119 0.806014 0.144292
v -1.454119 0.755647 0.082920
v -1.105784 0.755647 0.082920
v -1.105784 0.806013 -0.303696
v -1.105784 0.755647 -0.242322
v -1.454119 0.755647 -0.242322
v -1.454119 0.806013 -0.303696
v -1.002678 0.569884 2.834138
v -1.002678 0.639733 2.818756
v -1.002678 0.537242 2.848959
v -1.002678 0.479688 2.891422
v -1.002678 0.675581 2.818494
v -1.556620 0.420588 2.980438
v -1.002678 0.420588 2.980438
v -0.689409 0.462745 2.961391
v -1.002678 0.440077 3.016117
v -0.689409 0.440077 3.016117
v -0.689409 0.484731 2.936677
v -1.002678 0.484730 2.936677
v -1.002678 0.409761 3.014611
v -1.556620 0.409761 3.014611
v -1.568194 0.368970 3.212876
v -0.993550 0.368970 3.212876
v -1.002678 0.409175 3.135006
v -1.556620 0.409175 3.135006
v -1.568194 0.429552 3.188007
v -1.556620 0.429552 3.188007
v -0.993550 0.429552 3.188007
v -1.002678 0.429552 3.188007
v -1.105784 0.469270 -1.919703
v -1.454119 0.694275 -1.089955
v -1.454119 0.624256 -1.052530
v -1.454119 0.548280 -1.029483
v -1.454119 0.469269 -1.021701
v -1.454119 0.390257 -1.029484
v -1.105784 0.244263 -1.089957
v -1.105784 0.314282 -1.052530
v -1.105784 0.390257 -1.029484
v -1.105784 0.469269 -1.021701
v -1.105784 0.548280 -1.029483
v -1.105784 0.624256 -1.052530
v -1.105784 0.694275 -1.089955
v -1.454119 0.244263 -1.089957
v -1.454119 0.314282 -1.052530
v -1.105784 0.469268 -0.123701
vn -0.0000 0.8819 -0.4714
vn -0.0000 0.8819 0.4714
vn -0.0000 0.8869 0.4619
vn -0.0000 0.8948 -0.4465
vn 0.0001 0.8951 -0.4459
vn -0.0000 1.0000 -0.0003
vn -0.0000 -1.0000 0.0001
vn 1.0000 -0.0000 -0.0000
vn -0.0009 -1.0000 0.0001
vn 0.0002 -1.0000 0.0001
vn -0.0005 -1.0000 0.0001
vn 0.0001 -1.0000 0.0001
vn -0.0000 0.8869 -0.4619
vn -0.0000 0.8986 0.4387
vn 0.0011 0.9011 0.4336
vn -0.0000 0.8948 0.4465
vn -0.0000 0.8986 -0.4387
vn 0.0012 0.9013 -0.4332
vn -1.0000 -0.0000 -0.0000
vn -0.0000 0.4636 0.8860
vn -0.0000 0.1444 0.9895
vn -0.0000 -0.1444 0.9895
vn -0.0000 -0.4752 -0.8799
vn -0.0000 -0.4752 0.8799
vn -0.0000 -0.6890 0.7247
vn -0.0000 0.4631 -0.8863
vn -0.0000 -0.1444 -0.9895
vn -0.0000 0.1444 -0.9895
vn -0.0000 0.9958 0.0920
vn -0.0000 -0.9384 0.3457
vn -0.0000 -0.9958 -0.0920
vn -0.0000 -0.8910 0.4540
vn -0.0000 -0.8121 -0.5835
vn -0.0000 -0.6890 -0.7247
vn -0.0000 -0.8389 -0.5443
vn 0.0051 0.9958 0.0917
vn 0.0001 0.9958 0.0920
vn 0.0034 0.9958 0.0916
vn -0.0298 0.9954 0.0916
vn -0.0468 0.9947 0.0916
vn -0.0005 0.9958 0.0920
vn -0.0000 -0.9339 0.3575
vn -0.0000 -0.8953 0.4455
vn 0.0306 -0.9995 -0.0000
vn -0.0096 1.0000 -0.0000
vn -0.0000 0.2929 0.9561
vn -0.3411 -0.9400 -0.0000
vn -0.0000 -0.0000 -1.0000
vn -0.0000 -0.0000 1.0000
vn -0.0094 1.0000 -0.0000
vn -0.0094 1.0000 0.0016
vn -0.0000 0.4729 0.8811
vn -0.0000 -0.1052 0.9944
vn -0.0000 0.0978 0.9952
vn -0.0000 -0.0962 0.9954
vn -0.0003 -0.0978 0.9952
vn 0.0007 -0.0980 -0.9952
vn -0.0007 -0.1052 -0.9944
vn -0.0347 0.8397 -0.5420
vn -0.0000 -0.0979 -0.9952
vn -0.0196 0.9998 0.0016
vn -0.0000 1.0000 -0.0000
vn -0.0000 0.0980 -0.9952
vn -0.0000 0.9573 0.2890
vn -0.0001 -1.0000 -0.0000
vn -0.0000 -0.9662 0.2579
vn -0.0000 0.7733 -0.6340
vn -0.0000 0.8270 -0.5622
vn 1.0000 -0.0006 0.0002
vn 1.0000 -0.0005 0.0002
vn -0.0000 -0.9925 0.1225
vn -0.0003 -0.9924 0.1229
vn -0.0000 0.9668 -0.2557
vn -0.0000 0.9795 0.2012
vn -0.0000 0.9935 -0.1137
vn -1.0000 -0.0009 -0.0034
vn -1.0000 -0.0007 -0.0033
vn -1.0000 -0.0000 0.0032
vn -1.0000 0.0008 0.0037
vn 0.0022 -0.0980 -0.9952
vn -1.0000 -0.0017 -0.0004
vn -1.0000 -0.0007 0.0002
vn 1.0000 0.0002 -0.0000
vn -1.0000 -0.0008 0.0004
vn -1.0000 -0.0007 0.0006
vn -1.0000 -0.0003 -0.0002
vn -1.0000 -0.0002 -0.0002
vn -1.0000 0.0003 -0.0000
vn -1.0000 0.0011 0.0016
vn -1.0000 0.0001 -0.0002
vn -1.0000 -0.0012 -0.0010
vn -1.0000 0.0021 0.0017
vn -1.0000 0.0002 -0.0001
vn -1.0000 -0.0009 -0.0014
vn -1.0000 -0.0000 -0.0002
vn -1.0000 -0.0004 -0.0001
vn -1.0000 -0.0006 0.0001
vn -1.0000 -0.0005 -0.0001
vn -1.0000 -0.0001 -0.0002
vn -0.0000 0.6325 0.7745
vn -0.0000 -0.4708 0.8823
vn 0.0001 -0.4712 0.8820
vn -1.0000 -0.0011 -0.0041
vn -0.0000 0.7732 0.6341
vn -0.0000 -0.4716 0.8818
vn -0.0000 -0.4717 0.8818
vn -0.0000 -0.9991 -0.0415
vn 0.0295 -0.9996 -0.0000
vn -0.0000 -0.2941 0.9558
vn -0.0000 -0.0975 -0.9952
vn -0.0000 -0.6331 0.7741
vn 1.0000 0.0001 -0.0000
vn -0.3412 -0.9400 -0.0000
vn -0.0093 1.0000 -0.0000
vn 0.0020 -0.0000 -1.0000
vn 0.0005 0.0015 -1.0000
vn -0.0008 -0.0000 1.0000
vn -0.0003 -0.0007 1.0000
vn 0.0029 -0.0000 -1.0000
vn 0.0008 0.0022 -1.0000
vn -0.0002 -0.0000 1.0000
vn 0.0025 -0.0000 -1.0000
vn 0.0007 0.0019 -1.0000
vn -0.0005 -0.0000 1.0000
vn -0.0002 -0.0005 1.0000
vn -0.3414 -0.9399 -0.0000
vn 0.0019 0.0001 1.0000
vn 0.0007 0.0018 1.0000
vn 0.0006 -0.0000 1.0000
vn 0.0296 -0.9996 -0.0000
vn 0.0307 -0.9995 -0.0000
vn -0.0000 -0.9992 -0.0411
vn -0.0000 -0.9991 -0.0419
vn -0.0001 -1.0000 0.0001
vn -0.0000 -0.9908 -0.1352
vn -0.0003 0.6900 0.7238
vn -0.0003 0.6901 0.7237
vn -0.0001 0.8546 0.5193
vn -0.0000 0.8551 0.5185
vn -0.0000 -0.6336 0.7736
vn -0.0000 -0.4732 0.8809
vn 0.0016 -0.6767 -0.7362
vn -0.0013 -0.6744 -0.7383
vn -0.0014 -0.6356 -0.7721
vn -0.0013 -0.8518 -0.5239
vn 0.0015 -0.8536 -0.5209
vn -0.0000 0.9573 -0.2890
vn -0.0000 0.9821 -0.1882
vn -0.0000 -0.9327 -0.3608
vn -0.0010 -0.9322 -0.3619
vn -0.0000 0.1010 0.9949
vn -0.0000 -0.2875 0.9578
vn -0.0003 -0.6327 -0.7744
vn -0.0000 -0.1005 0.9949
vn -0.0000 -0.1006 0.9949
vn -0.0010 -0.6329 -0.7742
vn -0.0000 0.2875 0.9578
vn -0.0000 0.4076 0.9131
vn -0.0000 -0.6744 -0.7383
vn -0.0000 -0.6744 -0.7384
vn -0.0000 -0.6356 -0.7721
vn -0.0000 -0.8536 -0.5209
vn -0.0000 0.6383 0.7698
vn -0.0003 0.6385 0.7696
vn -0.0000 -0.6327 -0.7744
vn -0.0011 -1.0000 0.0030
vn 1.0000 -0.0008 0.0001
vn -0.0000 0.9898 0.1425
vn 0.0001 0.9898 0.1422
vn -0.0011 -0.9907 -0.1363
vn -0.0000 -0.9905 -0.1376
vn -0.0000 -0.9323 -0.3616
vn -0.0000 0.7727 -0.6347
vn -0.0000 0.8823 -0.4707
vn -0.0000 0.9267 0.3757
vn 0.0001 0.9270 0.3750
vn -0.0000 -0.6324 -0.7746
vn -0.0000 0.7730 -0.6344
vn -0.0000 0.6319 -0.7750
vn -0.0000 0.4733 -0.8809
vn -0.0000 0.2913 0.9566
vn -0.0000 0.0972 0.9953
vn -0.0000 -0.4733 -0.8809
vn -0.0003 -0.1042 -0.9946
vn 0.0011 -0.0969 -0.9953
vn -0.0000 -0.0984 -0.9951
vn 0.0002 0.0972 -0.9953
vn -0.0000 0.0983 -0.9952
vn -0.0236 0.5249 -0.8508
vn 0.0003 -0.0980 -0.9952
vn -0.0000 0.2913 -0.9566
vn 0.0229 -0.1266 0.9917
vn -0.0000 -0.1389 0.9903
vn -0.0000 0.4733 0.8809
vn -0.0000 -0.2913 -0.9566
vn -0.0000 -0.0880 0.9961
vn -0.0017 -0.0969 0.9953
vn -0.0000 -0.4789 0.8779
vn -0.0008 -0.4733 0.8809
vn -0.0000 -0.2913 0.9566
vn 0.0146 0.9999 -0.0000
vn 0.0007 -0.0987 -0.9951
vn -0.0021 -0.0001 1.0000
vn -0.0000 0.2903 -0.9569
vn 0.0002 0.7730 -0.6344
vn -0.0000 0.7735 -0.6337
vn -0.0000 -0.4660 0.8848
vn -0.0000 -0.4659 0.8848
vn -0.0000 -0.6332 -0.7740
vn -0.0000 0.7707 0.6373
vn -0.0000 -0.2900 -0.9570
vn -0.0000 0.6327 -0.7744
vn 0.0002 0.6319 -0.7750
vn -0.0000 -0.6362 0.7715
vn -0.0000 0.6391 0.7691
vn -0.0010 0.9957 0.0931
vn 1.0000 0.0012 0.0003
vn 1.0000 0.0006 0.0003
vn -0.0000 -0.9664 -0.2569
vn -0.0000 0.9034 0.4288
vn -0.0029 0.9660 0.2587
vn -0.0000 0.9671 0.2542
vn 1.0000 -0.0019 0.0004
vn 0.0061 0.9956 0.0931
vn -0.0001 -0.9488 0.3160
vn -0.0004 -0.9502 0.3116
vn -0.0002 -0.8623 0.5063
vn -0.0002 -0.8625 0.5061
vn -0.0000 -0.6895 -0.7243
vn 0.0184 0.9658 0.2586
vn -0.0003 -0.9794 0.2018
vn -0.0000 -0.9788 0.2050
vn -0.0000 0.8893 -0.4574
vn -1.0000 0.0022 -0.0002
vn -1.0000 0.0004 -0.0003
vn -0.0000 -0.7728 0.6347
vn -0.0001 -0.7730 0.6344
vn -0.0000 0.9874 0.1580
vn -0.0000 0.9885 -0.1513
vn -1.0000 0.0007 -0.0002
vn -1.0000 0.0005 -0.0003
vn 1.0000 0.0013 0.0006
vn 1.0000 0.0003 0.0002
vn 1.0000 0.0002 0.0002
vn -1.0000 0.0040 0.0023
vn -1.0000 -0.0036 -0.0020
vn -1.0000 0.0018 0.0005
vn 0.0010 -0.7382 0.6746
vn -0.0003 -0.7506 0.6607
vn -0.0000 -0.5621 -0.8271
vn -0.0000 0.5450 0.8384
vn -0.0000 0.8181 0.5751
vn -0.0000 0.7035 0.7107
vn -1.0000 0.0022 0.0033
vn -1.0000 0.0030 0.0030
vn -0.0000 -0.5614 -0.8276
vn -0.0000 -0.5613 -0.8276
vn -0.0000 -0.3951 -0.9187
vn -0.0000 -0.3951 -0.9186
vn -0.0000 0.7035 0.7106
vn -0.0000 0.5451 0.8384
vn -1.0000 0.0026 -0.0009
vn -0.0000 -0.8092 -0.5876
vn -0.0000 -0.9020 -0.4317
vn -1.0000 0.0029 0.0020
vn -1.0000 0.0024 0.0011
vn -0.0000 -0.9569 -0.2903
vn -0.0000 -0.7730 -0.6344
vn -0.0000 0.1760 0.9844
vn -0.0000 -0.9952 0.0980
vn -0.0000 -0.9952 -0.0980
vn -0.0000 -0.8819 -0.4714
vn -0.0000 -0.1760 0.9844
vn -0.0000 0.7067 -0.7075
vn -0.0000 0.7067 0.7075
vn -0.0000 0.7068 0.7075
vn -0.0000 0.8893 0.4574
vn -0.0000 0.4432 0.8964
vn 0.0001 -0.9952 -0.0976
vn -0.0002 -0.9953 0.0971
vn 1.0000 -0.0016 0.0005
vn 1.0000 -0.0005 0.0003
vn 0.0004 -0.8819 0.4714
vn -0.0000 -0.8828 0.4697
vn -0.0003 -0.9569 0.2903
vn 0.0003 -0.9562 0.2926
vn 1.0000 -0.0033 0.0003
vn 1.0000 -0.0011 0.0003
vn -0.0000 -0.5819 0.8133
vn 0.0012 -0.5746 0.8185
vn -0.0000 -0.8819 0.4714
vn -0.0000 -0.9569 0.2903
vn -0.0000 -0.8893 0.4574
vn -0.0000 -0.9001 0.4356
vn -0.0000 -0.7067 -0.7075
vn -0.0000 -0.7068 0.7075
vn -0.0000 -0.7067 0.7075
vn -0.0000 -0.4432 0.8964
vn -0.0000 -0.7413 -0.6712
vn -1.0000 -0.0060 -0.0006
vn -1.0000 -0.0089 -0.0014
vn 1.0000 -0.0078 -0.0007
vn 0.9999 -0.0115 -0.0018
vn -0.0000 0.4432 -0.8964
vn -0.0000 -0.4432 -0.8964
vn -0.0000 0.1760 -0.9844
vn -0.0000 -0.1760 -0.9844
vn -0.0000 0.5330 -0.8461
vn -0.0000 0.7075 -0.7067
vn -0.0000 0.8460 -0.5331
vn -0.0000 -0.7084 0.7058
vn -0.0000 -0.8458 0.5335
vn -0.0000 0.9940 -0.1095
vn 0.0003 0.9939 -0.1104
vn -0.0000 -0.9445 0.3285
vn -0.0000 -0.9944 0.1055
vn -0.0000 0.9427 -0.3338
vn -0.0000 -0.6525 -0.7578
vn -0.0000 -0.5308 -0.8475
vn -0.0000 0.3228 0.9465
vn -0.0000 0.3249 -0.9458
vn -0.0000 0.1174 -0.9931
vn -0.0000 -0.3311 0.9436
vn -0.0000 -0.1181 0.9930
vn -0.0000 -0.5332 0.8460
vn -0.0000 -0.1180 -0.9930
vn -0.0000 -0.3249 -0.9458
vn -0.0000 0.1099 0.9939
vn -0.0000 0.5332 0.8460
vn -0.0000 -0.8827 -0.4700
vn -0.0000 -0.7730 0.6344
vn -0.0000 0.5308 -0.8475
vn -0.0000 0.3336 -0.9427
vn -0.0000 0.9938 -0.1115
vn -0.0000 0.9939 0.1104
vn -0.0000 -0.6522 -0.7580
vn -0.0000 0.9442 0.3295
vn -0.0000 0.9329 0.3602
vn -0.0000 0.9442 -0.3295
vn -0.0000 0.6437 0.7653
vn -0.0013 -0.6525 -0.7578
vn -0.0000 -0.6523 -0.7580
vn 0.0002 -0.6523 -0.7580
vn -0.0000 -0.1078 -0.9942
vn -0.0000 -0.8460 -0.5331
vn -1.0000 -0.0090 -0.0021
vn 0.0005 0.9956 0.0933
vn 1.0000 0.0066 0.0015
vn -0.0007 0.9956 0.0933
vn -0.0004 0.9939 -0.1104
vn -0.0000 -0.7075 -0.7067
vn -0.0000 0.1083 -0.9941
vn -0.0000 -0.5330 -0.8461
vn -0.0000 -0.3336 -0.9427
vn -0.0000 -0.4251 -0.9051
vn -0.0000 -0.1780 -0.9840
vn -0.0000 0.8903 0.4553
vn -0.0000 -0.7140 -0.7002
vn -0.0000 0.1780 -0.9840
vn -0.0000 -0.4729 0.8811
vn -0.0000 -0.1197 0.9928
vn -0.0000 -0.7090 0.7052
vn -0.0000 0.1197 0.9928
vn -1.0000 -0.0021 0.0011
vn -1.0000 0.0004 -0.0008
vn -0.0000 0.7120 0.7022
vn -1.0000 -0.0001 -0.0001
vn -1.0000 -0.0000 -0.0003
vn -1.0000 -0.0000 -0.0004
vn -0.0000 0.9882 -0.1529
vn -0.0000 0.8903 -0.4553
vn -1.0000 -0.0001 0.0001
vn -0.0000 0.7120 -0.7022
vn -0.0000 0.4251 -0.9051
vn -1.0000 -0.0000 0.0002
vn -1.0000 -0.0013 -0.0002
vn -1.0000 0.0001 0.0002
vn -1.0000 -0.0001 -0.0000
vn 0.0001 -0.9569 -0.2903
vn 0.0006 -0.9575 -0.2883
vn -0.0000 -0.7723 -0.6352
vn 0.0002 -0.7730 -0.6344
vn 0.0002 -0.9951 0.0990
vn 0.0008 -0.8819 -0.4714
vn 0.0002 -0.8806 -0.4739
vn 0.0002 -0.9952 -0.0980
vn 0.0002 -0.9952 -0.0984
vn -0.0000 0.9877 -0.1564
vn -0.0000 0.9877 0.1564
vn -0.0000 0.7071 0.7071
vn -0.0000 0.8910 0.4540
vn -0.0000 0.7071 -0.7071
vn -0.0000 0.8910 -0.4540
vn -0.0000 0.9868 0.1622
vn -0.0000 -0.9335 0.3587
vn -0.0000 0.9342 -0.3568
vn -0.0089 -0.9333 0.3589
vn 1.0000 0.0042 0.0013
vn 1.0000 -0.0016 -0.0014
vn 1.0000 -0.0010 -0.0022
vn 1.0000 0.0001 -0.0003
vn 1.0000 -0.0007 -0.0009
vn 1.0000 -0.0003 -0.0006
vn 1.0000 -0.0000 -0.0003
vn 1.0000 -0.0001 -0.0004
vn -0.0000 -0.9315 0.3636
vn -0.0000 0.4714 -0.8819
vn -0.0000 0.6344 -0.7730
vn -0.0000 -0.9316 0.3634
vn -0.0001 -0.9316 0.3636
vn -0.0000 0.9316 -0.3636
vn 0.0113 -0.9333 0.3589
vn 0.0001 -0.9316 0.3636
vn 0.0002 0.2151 0.9766
vn 0.0002 0.2154 0.9765
vn -0.0003 0.5937 0.8047
vn -0.0001 0.5950 0.8037
vn 0.0002 0.4134 0.9105
vn -0.0003 0.4064 0.9137
vn -0.0000 -0.0980 -0.9952
vn -0.0000 -0.2903 -0.9569
vn -0.0000 -0.4714 -0.8819
vn -0.0000 -0.6344 -0.7730
vn 0.0001 -0.2008 0.9796
vn 0.0002 -0.2004 0.9797
vn -1.0000 -0.0026 0.0014
vn -0.0000 0.7471 0.6647
vn -0.0002 0.7458 0.6662
vn -1.0000 0.0050 -0.0006
vn -1.0000 0.0052 -0.0008
vn -1.0000 -0.0030 0.0005
vn -0.0000 0.9239 0.3827
vn -0.0003 0.9244 0.3814
vn -0.0000 -0.4000 0.9165
vn 0.0001 -0.3984 0.9172
vn 0.0002 0.0073 1.0000
vn 0.0002 0.0074 1.0000
vn -0.0000 0.7447 0.6673
vn -0.0000 0.7451 0.6669
vn -0.0000 0.8709 0.4915
vn -0.0000 0.7729 0.6346
vn -0.0000 0.8809 0.4732
vn -0.0000 0.7729 -0.6346
vn -0.0000 0.6345 -0.7729
vn -0.0000 0.8912 0.4536
vn -0.0000 0.8809 -0.4732
vn -0.0000 0.8919 -0.4523
vn -0.0000 -0.0935 0.9956
vn -0.0006 -0.0965 0.9953
vn -0.0000 -0.1107 0.9939
vn 0.0303 -0.0944 0.9951
vn -0.0000 0.4730 0.8811
vn -0.0000 0.2902 0.9570
vn -0.0000 -0.6344 0.7730
vn -0.0000 0.6354 0.7722
vn -0.0000 0.6354 0.7721
vn -0.0000 -0.4742 0.8804
vn -0.0002 -0.4730 0.8811
vn 0.0013 -0.0980 -0.9952
vn -0.0000 -0.4712 0.8820
vn -0.0000 -0.4714 0.8819
vn -0.0000 -0.2892 0.9573
vn -0.0000 -0.0977 -0.9952
vn 0.0164 0.9999 -0.0000
vn -0.0000 0.0965 0.9953
vn 0.0211 -0.6202 -0.7841
vn -0.0008 -0.0980 -0.9952
vn 0.0007 -0.0899 -0.9959
vn -0.0000 0.7730 0.6344
vn -0.0000 0.6379 0.7701
vn -0.0000 0.4659 0.8849
vn -0.0000 -0.4835 0.8753
vn -0.0000 -0.2869 0.9580
vn -0.0000 -0.4710 0.8821
vn 0.0008 -0.4765 0.8792
vn -0.0000 -0.6303 0.7764
vn -0.0000 -0.4607 0.8876
vn -0.0000 -0.0988 0.9951
vn -0.0019 -0.1088 0.9941
vn -0.0000 -0.4698 0.8828
vn -0.0006 -0.4659 0.8849
vn 0.0002 -0.0980 -0.9952
vn -0.0005 -0.1015 -0.9948
vn 0.0147 0.9999 -0.0000
vn -0.0001 -0.0000 1.0000
vn 0.0001 -0.0980 -0.9952
vn -0.0000 -0.1557 0.9878
vn 0.0388 -0.1350 0.9901
vn -0.0000 0.1091 0.9940
vn -0.0000 0.0988 -0.9951
vn 0.0007 0.0956 -0.9954
vn -0.0000 0.2869 -0.9580
vn -0.0000 0.2869 0.9580
vn -0.0000 -0.1087 -0.9941
vn 0.0016 -0.0906 -0.9959
vn 0.0007 -0.0953 -0.9954
vn -0.0000 -0.0779 -0.9970
vn 0.0008 -0.0981 -0.9952
vn -0.0360 -0.0996 -0.9944
vn 0.0366 0.0019 0.9993
vn -0.0000 -0.2869 -0.9580
vn -0.0000 -0.4765 -0.8792
vn -0.0000 -0.6326 -0.7745
vn -0.0000 0.6298 -0.7768
vn -0.0000 0.4765 -0.8792
vn -0.0000 0.7745 -0.6325
vn -0.0000 -0.6379 0.7701
vn -0.0074 0.0916 -0.9958
vn -0.0000 -0.0981 -0.9952
vn 0.0482 -0.1299 0.9904
vn -0.0000 0.7726 0.6348
vn -0.0000 -0.2236 -0.9747
vn -0.0000 -0.0251 -0.9997
vn 0.0010 -0.0490 -0.9988
vn -0.0000 -0.6181 0.7861
vn -0.0000 -0.0672 -0.9977
vn -0.0000 0.0771 0.9970
vn -0.0000 0.0772 0.9970
vn -0.0000 0.0479 0.9989
vn -0.1603 0.0144 0.9870
vn -0.0000 0.1308 -0.9914
vn -0.0000 0.6221 -0.7829
vn -0.0000 0.4745 -0.8802
vn -0.0000 0.7520 -0.6591
vn 0.0007 0.2277 0.9737
vn -0.0000 0.2266 0.9740
vn -0.0000 -0.3075 0.9515
vn -0.0000 0.3978 0.9175
vn 0.0007 0.3988 0.9170
vn -0.0000 -0.1236 0.9923
vn -0.0000 0.2277 0.9737
vn 0.0004 0.2276 0.9738
vn -0.0007 0.0478 0.9989
vn -0.0000 0.0477 0.9989
vn -0.0000 0.1278 -0.9918
vn -1.0000 -0.0017 0.0005
vn -1.0000 -0.0014 0.0002
vn -0.0000 -0.1275 -0.9918
vn -1.0000 0.0025 -0.0008
vn -1.0000 0.0016 -0.0015
vn -0.0000 -0.3834 -0.9236
vn -0.0000 -0.3833 -0.9236
vn -0.0000 -0.4672 0.8842
vn -0.0000 -0.6915 0.7224
vn -0.0000 0.7931 -0.6092
vn 1.0000 -0.0000 -0.0002
vn 1.0000 0.0003 0.0012
vn -0.0000 0.9913 0.1316
vn -1.0000 0.0001 -0.0021
vn -1.0000 -0.0007 -0.0018
vn -1.0000 -0.0039 0.0015
vn -0.9999 -0.0035 0.0096
vn -0.0000 0.9912 -0.1321
vn -0.0000 0.9245 -0.3811
vn -0.0000 -0.8571 0.5152
vn -0.0000 0.9954 0.0961
vn -0.0000 -0.7505 0.6609
vn -0.0000 0.8595 -0.5111
vn -0.0000 0.9533 0.3020
vn 1.0000 0.0004 0.0003
vn -0.0000 0.9938 -0.1113
vn -0.0000 0.9858 -0.1680
vn -0.0000 0.3055 -0.9522
vn -0.0000 0.3054 -0.9522
vn -0.0000 0.3823 -0.9241
vn -0.0000 0.6103 -0.7921
vn -1.0000 -0.0037 -0.0009
vn -1.0000 -0.0037 0.0015
vn -1.0000 0.0012 0.0029
vn -1.0000 0.0024 0.0034
s 0
f 548//1 566//1 565//1
f 548//1 565//1 549//1
f 569//2 570//2 567//2
f 569//2 567//2 568//2
f 567//3 570//3 563//3
f 567//3 563//3 564//3
f 552//4 559//4 542//4
f 552//5 542//5 3//5
f 561//6 562//6 541//6
f 561//6 541//6 540//6
f 550//7 564//7 563//7
f 550//7 563//7 4//7
f 5//8 575//8 563//8
f 5//8 563//8 570//8
f 537//9 1//9 3//9
f 537//10 3//10 2//10
f 537//11 2//11 4//11
f 537//12 4//12 563//12
f 5//1 573//1 571//1
f 5//1 571//1 572//1
f 574//13 575//13 5//13
f 574//13 5//13 572//13
f 570//8 576//8 573//8
f 570//8 573//8 5//8
f 552//1 560//1 558//1
f 552//1 558//1 559//1
f 542//7 543//7 2//7
f 542//7 2//7 3//7
f 546//2 547//2 544//2
f 546//2 544//2 545//2
f 543//14 544//14 547//14
f 543//15 547//15 2//15
f 537//7 538//7 535//7
f 537//7 535//7 536//7
f 537//7 536//7 539//7
f 537//7 539//7 1//7
f 540//8 541//8 538//8
f 540//8 538//8 537//8
f 553//7 554//7 1//7
f 553//7 1//7 539//7
f 555//2 556//2 557//2
f 555//2 557//2 551//2
f 554//16 555//16 551//16
f 554//16 551//16 1//16
f 548//17 549//17 550//17
f 548//18 550//18 4//18
f 1//8 551//8 552//8
f 1//8 552//8 3//8
f 2//8 547//8 548//8
f 2//8 548//8 4//8
f 20//19 22//19 12//19
f 20//19 12//19 11//19
f 30//19 31//19 12//19
f 30//19 12//19 22//19
f 12//19 24//19 19//19
f 12//19 19//19 17//19
f 33//20 602//20 601//20
f 33//20 601//20 31//20
f 32//21 33//21 31//21
f 32//21 31//21 30//21
f 23//22 32//22 30//22
f 23//22 30//22 22//22
f 12//19 28//19 29//19
f 12//19 29//19 24//19
f 19//23 24//23 25//23
f 19//23 25//23 18//23
f 21//24 23//24 22//24
f 21//24 22//24 20//24
f 14//25 21//25 20//25
f 14//25 20//25 11//25
f 25//8 15//8 18//8
f 26//8 27//8 15//8
f 26//8 15//8 25//8
f 15//8 23//8 21//8
f 15//8 21//8 14//8
f 12//19 610//19 603//19
f 12//19 603//19 28//19
f 15//8 33//8 32//8
f 15//8 32//8 23//8
f 15//8 605//8 602//8
f 15//8 602//8 33//8
f 601//19 613//19 12//19
f 601//19 12//19 31//19
f 12//19 613//19 614//19
f 12//19 614//19 611//19
f 12//19 611//19 612//19
f 12//19 612//19 610//19
f 607//8 15//8 609//8
f 28//26 603//26 604//26
f 28//26 604//26 27//26
f 24//27 29//27 26//27
f 24//27 26//27 25//27
f 29//28 28//28 27//28
f 29//28 27//28 26//28
f 604//8 609//8 15//8
f 604//8 15//8 27//8
f 15//8 607//8 608//8
f 15//8 608//8 606//8
f 605//8 15//8 606//8
f 595//29 596//29 584//29
f 595//29 584//29 594//29
f 579//29 578//29 593//29
f 579//29 593//29 590//29
f 589//30 587//30 6//30
f 589//30 6//30 7//30
f 599//31 598//31 582//31
f 599//31 582//31 581//31
f 595//19 598//19 599//19
f 595//19 599//19 596//19
f 594//29 584//29 597//29
f 589//32 591//32 592//32
f 589//32 592//32 587//32
f 583//29 584//29 585//29
f 581//8 582//8 580//8
f 581//8 580//8 579//8
f 579//29 580//29 577//29
f 579//29 577//29 578//29
f 586//33 588//33 590//33
f 586//33 590//33 585//33
f 7//8 590//8 588//8
f 7//8 588//8 589//8
f 6//19 587//19 586//19
f 6//19 586//19 585//19
f 17//34 19//34 18//34
f 17//34 18//34 15//34
f 8//35 17//35 15//35
f 8//35 15//35 16//35
f 9//19 12//19 17//19
f 9//19 17//19 8//19
f 6//29 8//29 16//29
f 6//29 16//29 7//29
f 579//36 590//36 7//36
f 579//37 7//37 16//37
f 579//38 16//38 10//38
f 579//29 10//29 600//29
f 10//8 16//8 13//8
f 8//39 584//39 9//39
f 9//29 584//29 600//29
f 9//29 600//29 10//29
f 6//40 585//40 584//40
f 6//41 584//41 8//41
f 13//8 16//8 15//8
f 13//8 15//8 14//8
f 10//42 13//42 12//42
f 10//42 12//42 9//42
f 13//43 14//43 11//43
f 13//43 11//43 12//43
f 41//44 65//44 71//44
f 41//44 71//44 37//44
f 34//45 70//45 69//45
f 34//45 69//45 44//45
f 51//46 50//46 59//46
f 51//46 59//46 43//46
f 69//47 70//47 71//47
f 69//47 71//47 65//47
f 71//48 70//48 34//48
f 71//48 34//48 37//48
f 69//49 651//49 657//49
f 69//50 657//50 652//50
f 72//7 575//7 574//7
f 72//7 574//7 619//7
f 651//49 69//49 65//49
f 651//49 65//49 66//49
f 44//51 69//51 652//51
f 55//52 59//52 50//52
f 55//52 50//52 48//52
f 42//53 44//53 67//53
f 42//53 67//53 52//53
f 52//54 51//54 43//54
f 52//54 43//54 42//54
f 61//8 62//8 66//8
f 67//55 63//55 53//55
f 67//56 53//56 52//56
f 67//8 68//8 64//8
f 67//8 64//8 63//8
f 68//57 656//57 649//57
f 68//58 649//58 64//58
f 656//59 68//59 652//59
f 656//60 652//60 653//60
f 44//61 652//61 68//61
f 44//62 68//62 67//62
f 655//63 656//63 653//63
f 655//63 653//63 654//63
f 60//64 58//64 49//64
f 60//64 49//64 38//64
f 78//8 663//8 658//8
f 78//8 658//8 74//8
f 74//8 540//8 537//8
f 74//8 537//8 78//8
f 76//65 537//65 72//65
f 662//66 663//66 78//66
f 662//66 78//66 77//66
f 39//8 76//8 72//8
f 39//8 72//8 38//8
f 39//67 644//67 616//67
f 39//67 616//67 35//67
f 615//68 664//68 39//68
f 615//68 39//68 35//68
f 76//8 39//8 77//8
f 664//69 662//69 77//69
f 664//70 77//70 39//70
f 77//71 78//71 537//71
f 77//72 537//72 76//72
f 575//7 72//7 537//7
f 575//7 537//7 563//7
f 658//73 659//73 73//73
f 658//73 73//73 74//73
f 38//74 72//74 619//74
f 38//74 619//74 60//74
f 58//2 57//2 46//2
f 58//2 46//2 49//2
f 73//75 561//75 540//75
f 73//75 540//75 74//75
f 659//76 660//76 75//76
f 659//77 75//77 73//77
f 661//78 561//78 73//78
f 661//79 73//79 75//79
f 660//66 617//66 36//66
f 660//66 36//66 75//66
f 36//71 618//71 661//71
f 36//71 661//71 75//71
f 651//49 66//49 64//49
f 651//80 64//80 650//80
f 638//8 639//8 38//8
f 638//8 38//8 634//8
f 640//8 641//8 38//8
f 640//8 38//8 639//8
f 38//8 635//8 633//8
f 38//8 633//8 634//8
f 38//8 636//8 637//8
f 38//8 637//8 635//8
f 642//8 643//8 38//8
f 642//8 38//8 641//8
f 37//81 646//81 40//81
f 37//19 40//19 41//19
f 37//82 631//82 647//82
f 38//8 643//8 644//8
f 38//83 644//83 39//83
f 37//84 647//84 645//84
f 37//85 645//85 646//85
f 632//86 629//86 37//86
f 632//87 37//87 624//87
f 34//88 619//88 618//88
f 34//89 618//89 36//89
f 620//90 621//90 34//90
f 620//90 34//90 616//90
f 35//91 616//91 34//91
f 35//92 34//92 615//92
f 617//93 615//93 34//93
f 617//94 34//94 36//94
f 622//95 623//95 34//95
f 622//90 34//90 621//90
f 37//86 629//86 627//86
f 37//96 627//96 628//96
f 630//97 631//97 37//97
f 630//98 37//98 628//98
f 34//99 625//99 624//99
f 34//95 624//95 37//95
f 626//99 625//99 34//99
f 626//95 34//95 623//95
f 34//19 44//19 42//19
f 34//19 42//19 43//19
f 56//100 55//100 48//100
f 56//100 48//100 47//100
f 54//101 62//101 61//101
f 54//102 61//102 45//102
f 60//103 619//103 34//103
f 60//19 34//19 58//19
f 57//104 56//104 47//104
f 57//104 47//104 46//104
f 45//105 61//105 41//105
f 45//106 41//106 40//106
f 65//107 41//107 61//107
f 65//108 61//108 66//108
f 64//8 66//8 62//8
f 64//8 62//8 63//8
f 53//109 63//109 62//109
f 53//109 62//109 54//109
f 649//110 650//110 64//110
f 59//19 55//19 34//19
f 59//19 34//19 43//19
f 49//8 46//8 636//8
f 49//8 636//8 38//8
f 50//8 51//8 636//8
f 50//8 636//8 48//8
f 40//111 646//111 648//111
f 40//111 648//111 45//111
f 47//8 48//8 636//8
f 47//8 636//8 46//8
f 52//8 53//8 636//8
f 52//8 636//8 51//8
f 56//19 57//19 34//19
f 56//19 34//19 55//19
f 57//19 58//19 34//19
f 54//8 636//8 53//8
f 45//112 648//112 636//112
f 45//8 636//8 54//8
f 85//49 680//49 703//49
f 85//49 703//49 89//49
f 85//113 89//113 90//113
f 85//113 90//113 86//113
f 701//114 89//114 704//114
f 681//62 706//62 707//62
f 681//62 707//62 682//62
f 89//49 703//49 705//49
f 89//114 705//114 704//114
f 702//115 678//115 86//115
f 702//116 86//116 90//116
f 81//117 672//117 698//117
f 81//118 698//118 88//118
f 696//119 670//119 82//119
f 696//120 82//120 87//120
f 697//114 88//114 699//114
f 89//114 701//114 702//114
f 89//114 702//114 90//114
f 88//121 698//121 700//121
f 88//114 700//114 699//114
f 92//114 709//114 708//114
f 92//114 708//114 91//114
f 93//114 714//114 713//114
f 93//114 713//114 94//114
f 713//122 665//122 79//122
f 713//123 79//123 94//123
f 80//124 668//124 715//124
f 80//125 715//125 93//125
f 93//121 715//121 717//121
f 93//114 717//114 716//114
f 714//114 93//114 716//114
f 80//113 93//113 94//113
f 80//113 94//113 79//113
f 92//126 91//126 84//126
f 92//126 84//126 83//126
f 708//48 674//48 84//48
f 708//48 84//48 91//48
f 83//127 676//127 710//127
f 83//128 710//128 92//128
f 92//129 710//129 712//129
f 92//114 712//114 711//114
f 709//114 92//114 711//114
f 85//107 677//107 679//107
f 85//130 679//130 680//130
f 86//131 678//131 677//131
f 86//131 677//131 85//131
f 683//19 684//19 681//19
f 683//19 681//19 682//19
f 687//19 688//19 686//19
f 687//19 686//19 685//19
f 685//19 686//19 684//19
f 685//19 684//19 683//19
f 83//132 673//132 675//132
f 83//130 675//130 676//130
f 80//107 666//107 667//107
f 80//130 667//130 668//130
f 79//131 665//131 666//131
f 79//131 666//131 80//131
f 82//131 670//131 669//131
f 82//131 669//131 81//131
f 84//131 674//131 673//131
f 84//131 673//131 83//131
f 81//133 669//133 671//133
f 81//130 671//130 672//130
f 618//134 619//134 689//134
f 618//7 689//7 661//7
f 693//19 692//19 562//19
f 693//19 562//19 689//19
f 692//19 693//19 688//19
f 692//19 688//19 687//19
f 694//135 695//135 693//135
f 694//135 693//135 689//135
f 88//114 697//114 696//114
f 88//114 696//114 87//114
f 81//113 88//113 87//113
f 81//113 87//113 82//113
f 689//19 562//19 561//19
f 689//19 561//19 661//19
f 689//134 574//134 564//134
f 689//7 564//7 550//7
f 619//7 574//7 689//7
f 689//7 550//7 543//7
f 689//7 543//7 542//7
f 689//7 553//7 690//7
f 689//7 690//7 691//7
f 554//7 553//7 689//7
f 554//7 689//7 542//7
f 685//136 683//136 121//136
f 685//137 121//137 122//137
f 687//138 685//138 122//138
f 687//139 122//139 110//139
f 103//140 735//140 744//140
f 103//140 744//140 116//140
f 116//141 118//141 104//141
f 116//141 104//141 103//141
f 684//142 686//142 123//142
f 684//143 123//143 98//143
f 98//19 100//19 124//19
f 98//144 124//144 684//144
f 123//19 99//19 98//19
f 686//145 688//145 99//145
f 686//146 99//146 123//146
f 109//147 115//147 113//147
f 109//147 113//147 107//147
f 115//148 691//148 535//148
f 115//148 535//148 113//148
f 109//19 694//19 691//19
f 109//19 691//19 115//19
f 688//149 693//149 695//149
f 688//150 695//150 99//150
f 97//8 117//8 118//8
f 97//8 118//8 116//8
f 97//8 120//8 119//8
f 97//8 119//8 117//8
f 744//8 745//8 97//8
f 744//8 97//8 116//8
f 745//8 729//8 97//8
f 125//8 126//8 122//8
f 125//8 122//8 121//8
f 119//151 120//151 102//151
f 119//151 102//151 101//151
f 118//152 117//152 105//152
f 118//152 105//152 104//152
f 684//153 124//153 681//153
f 117//154 119//154 101//154
f 117//155 101//155 105//155
f 125//156 747//156 129//156
f 121//8 746//8 747//8
f 121//8 747//8 125//8
f 120//157 130//157 100//157
f 120//157 100//157 102//157
f 100//158 130//158 129//158
f 100//158 129//158 124//158
f 125//159 128//159 127//159
f 125//160 127//160 126//160
f 128//161 125//161 129//161
f 128//8 129//8 130//8
f 110//8 122//8 126//8
f 110//8 126//8 114//8
f 114//162 126//162 127//162
f 114//162 127//162 97//162
f 682//163 746//163 121//163
f 682//164 121//164 683//164
f 747//165 681//165 124//165
f 747//165 124//165 129//165
f 130//8 120//8 97//8
f 128//8 130//8 97//8
f 128//8 97//8 127//8
f 705//19 101//19 102//19
f 705//19 102//19 100//19
f 734//19 735//19 705//19
f 734//19 705//19 733//19
f 705//19 100//19 98//19
f 705//19 98//19 99//19
f 99//19 731//19 732//19
f 99//19 732//19 705//19
f 739//19 736//19 738//19
f 705//19 735//19 103//19
f 705//19 103//19 104//19
f 705//19 703//19 736//19
f 705//19 736//19 733//19
f 737//19 738//19 736//19
f 737//19 736//19 703//19
f 723//8 724//8 95//8
f 723//8 95//8 720//8
f 725//8 726//8 95//8
f 725//8 95//8 724//8
f 719//8 720//8 95//8
f 719//8 95//8 718//8
f 95//8 721//8 722//8
f 95//8 722//8 718//8
f 97//8 729//8 730//8
f 97//8 730//8 728//8
f 96//8 721//8 95//8
f 726//8 727//8 95//8
f 97//8 728//8 721//8
f 97//8 721//8 96//8
f 705//19 104//19 105//19
f 705//19 105//19 101//19
f 95//166 535//166 538//166
f 113//167 535//167 95//167
f 113//8 95//8 107//8
f 111//168 541//168 562//168
f 111//169 562//169 692//169
f 95//170 538//170 112//170
f 95//171 112//171 96//171
f 112//8 538//8 541//8
f 112//8 541//8 111//8
f 694//7 689//7 691//7
f 112//172 114//172 97//172
f 112//172 97//172 96//172
f 114//8 112//8 111//8
f 114//8 111//8 110//8
f 106//173 741//173 742//173
f 106//173 742//173 108//173
f 108//174 109//174 107//174
f 108//174 107//174 106//174
f 740//8 741//8 95//8
f 740//8 95//8 727//8
f 95//112 741//112 106//112
f 95//8 106//8 107//8
f 108//19 742//19 694//19
f 108//19 694//19 109//19
f 692//175 687//175 110//175
f 692//176 110//176 111//176
f 695//19 743//19 731//19
f 695//19 731//19 99//19
f 743//19 695//19 694//19
f 743//19 694//19 742//19
f 164//177 774//177 772//177
f 164//177 772//177 156//177
f 547//8 775//8 774//8
f 547//8 774//8 164//8
f 157//178 565//178 566//178
f 157//178 566//178 161//178
f 161//179 162//179 158//179
f 161//179 158//179 157//179
f 162//180 163//180 159//180
f 162//180 159//180 158//180
f 167//8 168//8 547//8
f 167//8 547//8 166//8
f 163//8 547//8 168//8
f 165//8 166//8 547//8
f 165//8 547//8 164//8
f 547//8 777//8 776//8
f 547//8 776//8 775//8
f 547//8 779//8 778//8
f 547//8 778//8 777//8
f 713//19 543//19 550//19
f 713//19 550//19 549//19
f 769//19 770//19 665//19
f 769//19 665//19 767//19
f 771//19 665//19 770//19
f 665//19 768//19 766//19
f 665//19 766//19 767//19
f 665//19 710//19 154//19
f 665//19 154//19 155//19
f 155//19 156//19 665//19
f 773//19 712//19 713//19
f 713//19 549//19 565//19
f 713//19 565//19 157//19
f 160//19 773//19 713//19
f 160//19 713//19 159//19
f 772//19 768//19 665//19
f 772//19 665//19 156//19
f 158//19 159//19 713//19
f 158//19 713//19 157//19
f 152//181 153//181 144//181
f 152//181 144//181 145//181
f 151//182 152//182 145//182
f 151//182 145//182 146//182
f 165//183 164//183 156//183
f 165//183 156//183 155//183
f 166//184 172//184 173//184
f 166//185 173//185 167//185
f 166//186 154//186 172//186
f 168//187 167//187 773//187
f 168//188 773//188 160//188
f 167//189 173//189 711//189
f 167//190 711//190 773//190
f 163//191 168//191 160//191
f 163//191 160//191 159//191
f 146//192 709//192 171//192
f 146//193 171//193 151//193
f 142//194 144//194 153//194
f 142//194 153//194 143//194
f 166//195 165//195 155//195
f 166//195 155//195 154//195
f 171//196 169//196 150//196
f 171//197 150//197 151//197
f 149//198 170//198 675//198
f 149//199 675//199 148//199
f 150//200 169//200 170//200
f 150//200 170//200 149//200
f 547//8 163//8 162//8
f 547//8 162//8 161//8
f 566//8 548//8 547//8
f 566//8 547//8 161//8
f 171//8 173//8 172//8
f 171//8 172//8 169//8
f 709//201 711//201 173//201
f 709//201 173//201 171//201
f 675//112 170//112 676//112
f 172//8 676//8 170//8
f 172//8 170//8 169//8
f 172//202 154//202 710//202
f 172//203 710//203 676//203
f 665//19 713//19 712//19
f 665//19 712//19 710//19
f 139//19 138//19 674//19
f 756//19 757//19 674//19
f 756//19 674//19 755//19
f 754//19 755//19 674//19
f 754//19 674//19 138//19
f 136//8 570//8 655//8
f 137//8 576//8 570//8
f 137//8 570//8 136//8
f 137//180 136//180 133//180
f 137//180 133//180 132//180
f 136//204 655//204 654//204
f 136//204 654//204 133//204
f 674//19 651//19 650//19
f 674//19 650//19 139//19
f 758//19 759//19 674//19
f 758//19 674//19 757//19
f 657//19 651//19 674//19
f 657//19 674//19 708//19
f 656//8 655//8 570//8
f 656//8 570//8 649//8
f 654//19 653//19 708//19
f 654//19 708//19 133//19
f 653//19 657//19 708//19
f 132//19 133//19 708//19
f 132//19 708//19 131//19
f 708//19 572//19 571//19
f 708//19 571//19 131//19
f 708//19 564//19 574//19
f 708//19 574//19 572//19
f 570//8 752//8 753//8
f 570//8 753//8 750//8
f 135//8 649//8 570//8
f 135//8 570//8 134//8
f 570//8 750//8 751//8
f 570//8 751//8 748//8
f 573//205 576//205 131//205
f 573//206 131//206 571//206
f 570//8 748//8 749//8
f 570//8 749//8 134//8
f 762//19 674//19 759//19
f 761//8 764//8 570//8
f 761//8 570//8 148//8
f 674//19 762//19 763//19
f 674//19 763//19 760//19
f 147//19 673//19 674//19
f 147//19 674//19 760//19
f 708//19 568//19 567//19
f 708//19 567//19 564//19
f 570//8 152//8 151//8
f 570//8 151//8 150//8
f 153//8 152//8 570//8
f 153//8 570//8 143//8
f 570//8 150//8 149//8
f 570//8 149//8 148//8
f 570//8 569//8 141//8
f 570//8 141//8 143//8
f 570//8 764//8 765//8
f 570//8 765//8 752//8
f 148//207 675//207 673//207
f 148//208 673//208 147//208
f 134//209 749//209 754//209
f 134//209 754//209 138//209
f 141//210 569//210 568//210
f 141//210 568//210 140//210
f 139//211 650//211 649//211
f 139//211 649//211 135//211
f 576//212 137//212 132//212
f 576//213 132//213 131//213
f 138//183 139//183 135//183
f 138//183 135//183 134//183
f 140//19 568//19 708//19
f 140//19 708//19 142//19
f 147//214 760//214 761//214
f 147//214 761//214 148//214
f 708//19 709//19 146//19
f 708//19 146//19 145//19
f 140//215 142//215 143//215
f 140//215 143//215 141//215
f 708//19 145//19 144//19
f 708//19 144//19 142//19
f 218//216 595//216 594//216
f 598//19 595//19 226//19
f 598//19 226//19 223//19
f 788//217 228//217 229//217
f 788//218 229//218 222//218
f 224//219 582//219 598//219
f 224//219 598//219 223//219
f 219//220 227//220 225//220
f 219//220 225//220 226//220
f 226//221 595//221 218//221
f 226//222 218//222 219//222
f 228//223 788//223 577//223
f 228//224 577//224 580//224
f 788//225 790//225 216//225
f 788//226 216//226 217//226
f 790//227 785//227 215//227
f 790//228 215//228 216//228
f 233//229 234//229 231//229
f 233//229 231//229 232//229
f 228//230 580//230 230//230
f 228//222 230//222 229//222
f 230//8 580//8 582//8
f 230//8 582//8 224//8
f 577//231 788//231 217//231
f 577//232 217//232 594//232
f 192//233 203//233 196//233
f 192//233 196//233 193//233
f 178//234 782//234 783//234
f 178//235 783//235 215//235
f 784//19 783//19 782//19
f 175//236 648//236 646//236
f 175//237 646//237 645//237
f 190//238 197//238 202//238
f 190//238 202//238 189//238
f 203//239 202//239 197//239
f 203//239 197//239 196//239
f 783//240 217//240 216//240
f 783//241 216//241 215//241
f 786//8 787//8 788//8
f 789//8 786//8 788//8
f 789//242 788//242 220//242
f 788//243 222//243 221//243
f 788//244 221//244 220//244
f 783//245 218//245 594//245
f 783//246 594//246 217//246
f 218//247 783//247 219//247
f 785//248 780//248 178//248
f 785//249 178//249 215//249
f 232//250 236//250 235//250
f 232//250 235//250 233//250
f 237//251 792//251 794//251
f 237//251 794//251 245//251
f 225//19 238//19 223//19
f 225//19 223//19 226//19
f 244//19 238//19 225//19
f 227//252 243//252 244//252
f 227//252 244//252 225//252
f 245//253 244//253 243//253
f 245//253 243//253 237//253
f 783//254 791//254 237//254
f 783//255 237//255 243//255
f 244//19 245//19 231//19
f 244//19 231//19 238//19
f 235//8 795//8 797//8
f 235//8 797//8 793//8
f 798//256 799//256 791//256
f 798//257 791//257 783//257
f 800//19 796//19 236//19
f 800//19 236//19 794//19
f 245//19 794//19 232//19
f 245//19 232//19 231//19
f 236//19 232//19 794//19
f 236//258 796//258 795//258
f 236//259 795//259 235//259
f 221//260 241//260 240//260
f 221//260 240//260 220//260
f 793//261 789//261 220//261
f 793//251 220//251 240//251
f 234//8 240//8 241//8
f 234//8 241//8 239//8
f 237//262 791//262 792//262
f 234//263 239//263 238//263
f 234//263 238//263 231//263
f 223//264 238//264 239//264
f 223//264 239//264 224//264
f 233//8 793//8 240//8
f 233//8 240//8 234//8
f 241//8 242//8 239//8
f 222//252 242//252 241//252
f 222//252 241//252 221//252
f 783//265 243//265 227//265
f 783//266 227//266 219//266
f 235//8 793//8 233//8
f 224//8 239//8 242//8
f 224//8 242//8 230//8
f 229//220 230//220 242//220
f 229//220 242//220 222//220
f 198//19 210//19 209//19
f 198//19 209//19 184//19
f 757//267 756//267 751//267
f 757//267 751//267 750//267
f 755//268 754//268 749//268
f 755//268 749//268 748//268
f 181//269 182//269 179//269
f 181//269 179//269 180//269
f 759//270 758//270 753//270
f 759//270 753//270 752//270
f 758//271 757//271 750//271
f 758//271 750//271 753//271
f 748//272 751//272 756//272
f 748//272 756//272 755//272
f 182//273 184//273 183//273
f 182//273 183//273 179//273
f 193//274 194//274 191//274
f 193//274 191//274 192//274
f 195//8 188//8 187//8
f 195//8 187//8 180//8
f 179//8 183//8 195//8
f 179//8 195//8 180//8
f 187//275 188//275 185//275
f 187//276 185//276 186//276
f 188//277 190//277 189//277
f 188//277 189//277 185//277
f 180//278 187//278 186//278
f 180//278 186//278 181//278
f 630//271 628//271 636//271
f 630//279 636//279 177//279
f 631//270 630//270 177//270
f 631//280 177//280 176//280
f 636//281 648//281 175//281
f 636//282 175//282 174//282
f 577//29 594//29 597//29
f 577//29 597//29 578//29
f 645//283 647//283 174//283
f 645//284 174//284 175//284
f 647//285 631//285 176//285
f 647//286 176//286 174//286
f 176//287 177//287 636//287
f 176//288 636//288 174//288
f 780//289 781//289 782//289
f 780//290 782//290 178//290
f 765//291 764//291 763//291
f 765//291 763//291 762//291
f 762//292 759//292 752//292
f 762//292 752//292 765//292
f 635//272 637//272 627//272
f 635//272 627//272 629//272
f 628//267 627//267 637//267
f 628//267 637//267 636//267
f 629//268 632//268 633//268
f 629//268 633//268 635//268
f 188//8 195//8 190//8
f 213//293 211//293 210//293
f 213//293 210//293 198//293
f 198//294 583//294 593//294
f 198//294 593//294 213//294
f 214//295 208//295 207//295
f 214//295 207//295 195//295
f 195//8 206//8 205//8
f 195//8 205//8 204//8
f 211//296 212//296 209//296
f 211//297 209//297 210//297
f 184//298 209//298 212//298
f 184//298 212//298 183//298
f 195//299 578//299 597//299
f 195//299 597//299 214//299
f 213//8 195//8 211//8
f 208//19 214//19 198//19
f 208//19 198//19 201//19
f 214//300 597//300 583//300
f 214//301 583//301 198//301
f 212//8 211//8 195//8
f 212//8 195//8 183//8
f 206//8 195//8 207//8
f 593//302 578//302 195//302
f 593//303 195//303 213//303
f 200//19 201//19 198//19
f 200//19 198//19 199//19
f 198//19 202//19 203//19
f 198//19 203//19 192//19
f 186//19 185//19 198//19
f 186//19 198//19 181//19
f 195//8 196//8 197//8
f 195//8 197//8 190//8
f 196//8 195//8 193//8
f 191//19 199//19 198//19
f 191//19 198//19 192//19
f 198//19 184//19 182//19
f 198//19 182//19 181//19
f 194//304 204//304 199//304
f 194//304 199//304 191//304
f 206//305 207//305 208//305
f 206//305 208//305 201//305
f 195//8 204//8 194//8
f 195//8 194//8 193//8
f 189//19 202//19 198//19
f 189//19 198//19 185//19
f 204//306 205//306 200//306
f 204//306 200//306 199//306
f 205//307 206//307 201//307
f 205//307 201//307 200//307
f 301//19 317//19 316//19
f 301//19 316//19 304//19
f 314//19 316//19 317//19
f 314//19 317//19 318//19
f 314//19 318//19 315//19
f 314//308 315//308 291//308
f 314//308 291//308 297//308
f 316//309 314//309 297//309
f 316//309 297//309 296//309
f 304//310 316//310 296//310
f 304//310 296//310 305//310
f 307//309 319//309 295//309
f 307//309 295//309 294//309
f 322//8 321//8 319//8
f 322//8 319//8 320//8
f 321//311 322//311 318//311
f 321//311 318//311 317//311
f 300//312 321//312 317//312
f 300//312 317//312 301//312
f 309//308 320//308 319//308
f 309//308 319//308 307//308
f 295//8 321//8 300//8
f 295//8 300//8 293//8
f 319//8 321//8 295//8
f 596//313 303//313 306//313
f 596//314 306//314 287//314
f 287//19 306//19 305//19
f 287//19 305//19 296//19
f 304//19 303//19 302//19
f 304//19 302//19 301//19
f 301//315 302//315 299//315
f 301//315 299//315 300//315
f 302//316 599//316 581//316
f 302//316 581//316 299//316
f 305//317 306//317 303//317
f 305//317 303//317 304//317
f 303//19 596//19 599//19
f 303//19 599//19 302//19
f 263//8 250//8 246//8
f 263//318 246//318 258//318
f 312//319 311//319 263//319
f 312//319 263//319 258//319
f 261//319 286//319 313//319
f 261//319 313//319 262//319
f 263//8 307//8 294//8
f 263//8 294//8 269//8
f 263//8 308//8 309//8
f 263//8 309//8 307//8
f 310//8 263//8 311//8
f 325//320 326//320 323//320
f 325//320 323//320 324//320
f 330//19 329//19 336//19
f 330//19 336//19 328//19
f 315//321 329//321 289//321
f 315//321 289//321 291//321
f 308//321 337//321 320//321
f 308//321 320//321 309//321
f 326//8 312//8 258//8
f 326//8 258//8 259//8
f 335//19 336//19 329//19
f 335//19 329//19 315//19
f 335//19 315//19 318//19
f 334//322 333//322 337//322
f 334//322 337//322 308//322
f 339//323 338//323 336//323
f 339//323 336//323 335//323
f 328//324 336//324 338//324
f 328//324 338//324 327//324
f 322//325 339//325 335//325
f 322//325 335//325 318//325
f 337//8 338//8 339//8
f 337//8 339//8 320//8
f 339//8 322//8 320//8
f 338//8 337//8 333//8
f 338//8 333//8 327//8
f 330//326 331//326 288//326
f 330//326 288//326 290//326
f 331//327 313//327 286//327
f 331//327 286//327 288//327
f 313//19 331//19 324//19
f 313//19 324//19 323//19
f 324//328 328//328 327//328
f 324//328 327//328 325//328
f 260//329 323//329 326//329
f 260//329 326//329 259//329
f 329//322 330//322 290//322
f 329//322 290//322 289//322
f 331//19 330//19 328//19
f 331//19 328//19 324//19
f 263//8 310//8 334//8
f 263//8 334//8 308//8
f 325//8 332//8 312//8
f 325//8 312//8 326//8
f 327//8 333//8 332//8
f 327//8 332//8 325//8
f 262//19 313//19 323//19
f 262//19 323//19 260//19
f 311//327 312//327 332//327
f 311//327 332//327 310//327
f 333//326 334//326 310//326
f 333//326 310//326 332//326
f 264//330 600//330 584//330
f 264//330 584//330 292//330
f 264//8 263//8 267//8
f 263//8 269//8 268//8
f 263//8 268//8 267//8
f 270//8 271//8 263//8
f 270//8 263//8 266//8
f 707//19 262//19 260//19
f 735//331 734//331 745//331
f 735//331 745//331 744//331
f 265//8 266//8 263//8
f 265//8 263//8 264//8
f 272//8 273//8 263//8
f 272//8 263//8 271//8
f 276//8 263//8 275//8
f 277//332 278//332 275//332
f 277//332 275//332 274//332
f 279//333 277//333 274//333
f 279//333 274//333 273//333
f 274//8 275//8 263//8
f 274//8 263//8 273//8
f 263//8 276//8 257//8
f 263//8 257//8 253//8
f 263//8 253//8 252//8
f 263//8 252//8 250//8
f 251//8 250//8 252//8
f 254//334 255//334 252//334
f 254//334 252//334 253//334
f 251//335 252//335 255//335
f 251//335 255//335 248//335
f 247//336 681//336 747//336
f 247//336 747//336 246//336
f 250//337 251//337 248//337
f 250//337 248//337 249//337
f 246//338 250//338 249//338
f 246//338 249//338 247//338
f 253//339 257//339 256//339
f 253//339 256//339 254//339
f 746//340 682//340 259//340
f 681//341 247//341 261//341
f 681//342 261//342 262//342
f 706//342 681//342 262//342
f 706//19 262//19 707//19
f 258//343 246//343 747//343
f 258//8 747//8 746//8
f 258//8 746//8 259//8
f 259//340 682//340 707//340
f 259//340 707//340 260//340
f 280//344 281//344 272//344
f 280//344 272//344 271//344
f 292//345 284//345 265//345
f 292//345 265//345 264//345
f 294//310 295//310 293//310
f 294//310 293//310 269//310
f 287//19 296//19 297//19
f 287//19 297//19 291//19
f 281//19 280//19 287//19
f 281//19 287//19 279//19
f 283//19 282//19 287//19
f 283//19 287//19 280//19
f 285//19 278//19 287//19
f 285//19 287//19 256//19
f 292//19 287//19 282//19
f 292//19 282//19 284//19
f 293//8 300//8 299//8
f 293//8 299//8 298//8
f 581//8 579//8 298//8
f 581//8 298//8 299//8
f 287//346 292//346 584//346
f 287//347 584//347 596//347
f 600//348 264//348 267//348
f 600//349 267//349 579//349
f 269//317 293//317 298//317
f 269//317 298//317 268//317
f 268//313 298//313 579//313
f 268//350 579//350 267//350
f 284//351 282//351 266//351
f 284//351 266//351 265//351
f 278//309 285//309 276//309
f 278//309 276//309 275//309
f 257//310 276//310 285//310
f 257//310 285//310 256//310
f 281//352 279//352 273//352
f 281//352 273//352 272//352
f 282//353 283//353 270//353
f 282//353 270//353 266//353
f 283//354 280//354 271//354
f 283//354 271//354 270//354
f 287//19 288//19 286//19
f 287//19 286//19 261//19
f 248//19 255//19 287//19
f 248//19 287//19 249//19
f 254//19 256//19 287//19
f 254//19 287//19 255//19
f 277//19 279//19 287//19
f 277//19 287//19 278//19
f 287//19 289//19 290//19
f 287//19 290//19 288//19
f 289//19 287//19 291//19
f 261//19 247//19 249//19
f 261//19 249//19 287//19
f 361//355 363//355 364//355
f 361//355 364//355 362//355
f 363//356 365//356 366//356
f 363//356 366//356 364//356
f 351//357 347//357 344//357
f 351//357 344//357 346//357
f 362//358 588//358 586//358
f 362//358 586//358 361//358
f 365//359 367//359 368//359
f 365//359 368//359 366//359
f 364//8 588//8 362//8
f 352//8 588//8 370//8
f 369//8 370//8 588//8
f 369//8 588//8 368//8
f 366//8 368//8 588//8
f 366//8 588//8 364//8
f 360//52 359//52 350//52
f 360//52 350//52 349//52
f 357//360 356//360 355//360
f 357//360 355//360 354//360
f 358//361 357//361 354//361
f 358//361 354//361 353//361
f 589//8 588//8 591//8
f 356//362 592//362 591//362
f 356//362 591//362 355//362
f 359//363 358//363 353//363
f 359//363 353//363 350//363
f 587//364 592//364 356//364
f 587//365 356//365 357//365
f 346//366 360//366 349//366
f 346//366 349//366 351//366
f 587//99 359//99 360//99
f 587//367 360//367 346//367
f 358//368 359//368 587//368
f 358//369 587//369 357//369
f 767//267 766//267 776//267
f 767//267 776//267 777//267
f 768//268 772//268 774//268
f 768//268 774//268 775//268
f 769//271 767//271 777//271
f 769//271 777//271 778//271
f 766//272 768//272 775//272
f 766//272 775//272 776//272
f 760//331 763//331 764//331
f 760//331 764//331 761//331
f 841//268 842//268 839//268
f 841//268 839//268 840//268
f 832//272 839//272 842//272
f 832//272 842//272 833//272
f 836//331 837//331 838//331
f 836//331 838//331 834//331
f 348//370 352//370 373//370
f 348//370 373//370 345//370
f 770//270 769//270 778//270
f 770//270 778//270 779//270
f 372//371 373//371 352//371
f 372//371 352//371 370//371
f 587//372 372//372 371//372
f 587//372 371//372 367//372
f 371//373 372//373 370//373
f 371//373 370//373 369//373
f 367//374 371//374 369//374
f 367//374 369//374 368//374
f 587//375 367//375 365//375
f 587//375 365//375 363//375
f 835//291 836//291 834//291
f 835//291 834//291 771//291
f 771//292 770//292 779//292
f 771//292 779//292 835//292
f 361//376 586//376 587//376
f 361//377 587//377 363//377
f 373//372 372//372 587//372
f 373//378 587//378 345//378
f 722//379 721//379 341//379
f 722//380 341//380 342//380
f 343//381 805//381 719//381
f 343//382 719//382 718//382
f 728//270 730//270 736//270
f 728//383 736//383 340//383
f 718//384 722//384 342//384
f 718//385 342//385 343//385
f 736//19 739//19 805//19
f 736//19 805//19 343//19
f 804//291 806//291 807//291
f 804//291 807//291 801//291
f 806//292 809//292 808//292
f 806//292 808//292 807//292
f 341//19 736//19 343//19
f 341//19 343//19 342//19
f 340//19 736//19 341//19
f 721//386 728//386 340//386
f 721//387 340//387 341//387
f 612//388 611//388 608//388
f 612//388 608//388 607//388
f 606//389 608//389 611//389
f 606//389 611//389 614//389
f 602//390 605//390 613//390
f 602//390 613//390 601//390
f 605//391 606//391 614//391
f 605//391 614//391 613//391
f 603//392 610//392 609//392
f 603//392 609//392 604//392
f 734//291 733//291 729//291
f 734//291 729//291 745//291
f 733//292 736//292 730//292
f 733//292 730//292 729//292
f 607//393 609//393 610//393
f 607//393 610//393 612//393
f 803//331 804//331 801//331
f 803//331 801//331 802//331
f 587//367 346//367 344//367
f 587//378 344//378 345//378
f 347//394 348//394 345//394
f 347//394 345//394 344//394
f 831//267 832//267 833//267
f 831//267 833//267 828//267
f 590//29 593//29 583//29
f 590//29 583//29 585//29
f 588//8 351//8 349//8
f 588//8 349//8 350//8
f 353//8 354//8 588//8
f 353//8 588//8 350//8
f 355//8 591//8 588//8
f 355//8 588//8 354//8
f 351//8 588//8 347//8
f 588//8 352//8 348//8
f 588//8 348//8 347//8
f 825//270 830//270 829//270
f 825//270 829//270 824//270
f 816//272 817//272 814//272
f 816//272 814//272 815//272
f 812//267 816//267 815//267
f 812//267 815//267 813//267
f 809//270 811//270 810//270
f 809//270 810//270 808//270
f 811//271 812//271 813//271
f 811//271 813//271 810//271
f 817//268 819//268 818//268
f 817//268 818//268 814//268
f 821//331 826//331 827//331
f 821//331 827//331 822//331
f 830//271 831//271 828//271
f 830//271 828//271 829//271
f 822//291 823//291 820//291
f 822//291 820//291 821//291
f 823//292 825//292 824//292
f 823//292 824//292 820//292
f 859//395 860//395 385//395
f 859//395 385//395 386//395
f 857//396 858//396 383//396
f 857//396 383//396 384//396
f 862//395 861//395 385//395
f 862//397 385//397 860//397
f 861//8 857//8 384//8
f 861//8 384//8 385//8
f 856//398 848//398 380//398
f 856//399 380//399 377//399
f 378//400 781//400 856//400
f 378//401 856//401 379//401
f 785//8 790//8 856//8
f 785//8 856//8 780//8
f 856//402 377//402 376//402
f 856//403 376//403 375//403
f 374//404 379//404 856//404
f 374//405 856//405 375//405
f 383//19 858//19 863//19
f 383//19 863//19 386//19
f 385//406 664//406 615//406
f 385//406 615//406 386//406
f 384//8 658//8 663//8
f 384//8 663//8 385//8
f 621//407 620//407 643//407
f 621//407 643//407 642//407
f 620//408 616//408 644//408
f 620//408 644//408 643//408
f 663//409 662//409 664//409
f 663//410 664//410 385//410
f 383//411 659//411 658//411
f 383//411 658//411 384//411
f 386//395 863//395 864//395
f 386//412 864//412 859//412
f 660//19 659//19 383//19
f 660//19 383//19 386//19
f 615//409 617//409 660//409
f 615//413 660//413 386//413
f 780//8 856//8 781//8
f 843//414 844//414 374//414
f 843//415 374//415 375//415
f 622//204 621//204 642//204
f 622//204 642//204 641//204
f 846//416 845//416 376//416
f 846//417 376//417 377//417
f 845//418 843//418 375//418
f 845//419 375//419 376//419
f 626//420 623//420 640//420
f 626//420 640//420 639//420
f 625//421 626//421 639//421
f 625//421 639//421 638//421
f 624//422 625//422 638//422
f 624//422 638//422 634//422
f 641//63 640//63 623//63
f 641//63 623//63 622//63
f 634//423 633//423 632//423
f 634//423 632//423 624//423
f 847//424 784//424 378//424
f 847//425 378//425 379//425
f 849//19 855//19 851//19
f 849//426 851//426 382//426
f 850//427 853//427 854//427
f 850//428 854//428 382//428
f 854//429 846//429 381//429
f 854//430 381//430 382//430
f 849//431 382//431 381//431
f 851//432 852//432 850//432
f 851//433 850//433 382//433
f 784//434 782//434 781//434
f 784//435 781//435 378//435
f 844//436 847//436 379//436
f 844//437 379//437 374//437
f 381//438 846//438 377//438
f 381//439 377//439 380//439
f 380//440 848//440 849//440
f 380//440 849//440 381//440
f 411//19 412//19 702//19
f 411//19 702//19 410//19
f 871//19 872//19 702//19
f 871//19 702//19 412//19
f 397//8 808//8 810//8
f 397//8 810//8 813//8
f 807//8 808//8 397//8
f 807//8 397//8 801//8
f 700//19 698//19 678//19
f 700//19 678//19 702//19
f 875//19 876//19 678//19
f 875//19 678//19 698//19
f 873//19 874//19 702//19
f 873//19 702//19 872//19
f 874//19 700//19 702//19
f 397//8 813//8 815//8
f 397//8 815//8 814//8
f 397//8 408//8 394//8
f 397//8 394//8 393//8
f 743//408 742//408 741//408
f 743//408 741//408 740//408
f 394//441 408//441 392//441
f 394//441 392//441 391//441
f 408//442 397//442 409//442
f 408//442 409//442 392//442
f 867//8 868//8 397//8
f 867//8 397//8 866//8
f 869//8 870//8 397//8
f 869//8 397//8 868//8
f 691//7 690//7 536//7
f 691//7 536//7 535//7
f 818//8 866//8 397//8
f 818//8 397//8 814//8
f 879//8 397//8 870//8
f 397//8 879//8 878//8
f 397//8 878//8 415//8
f 414//443 415//443 412//443
f 414//443 412//443 411//443
f 415//444 878//444 871//444
f 415//444 871//444 412//444
f 702//19 690//19 553//19
f 702//19 553//19 410//19
f 409//19 690//19 702//19
f 409//19 702//19 392//19
f 397//8 415//8 414//8
f 397//8 414//8 413//8
f 413//8 539//8 536//8
f 413//8 536//8 397//8
f 397//445 536//445 690//445
f 397//445 690//445 409//445
f 816//19 812//19 678//19
f 816//19 678//19 817//19
f 811//19 809//19 678//19
f 811//19 678//19 812//19
f 678//19 877//19 819//19
f 678//19 819//19 817//19
f 876//19 877//19 678//19
f 413//446 414//446 411//446
f 413//446 411//446 410//446
f 553//447 539//447 413//447
f 553//447 413//447 410//447
f 806//19 678//19 809//19
f 819//423 877//423 866//423
f 819//423 866//423 818//423
f 731//407 743//407 740//407
f 731//407 740//407 727//407
f 727//204 726//204 732//204
f 727//204 732//204 731//204
f 678//19 806//19 804//19
f 678//19 804//19 803//19
f 402//19 677//19 678//19
f 402//19 678//19 803//19
f 403//448 404//448 398//448
f 403//449 398//449 399//449
f 403//450 399//450 390//450
f 403//451 390//451 701//451
f 401//452 393//452 389//452
f 401//452 389//452 388//452
f 400//453 401//453 388//453
f 400//453 388//453 387//453
f 402//454 803//454 802//454
f 402//454 802//454 396//454
f 391//19 392//19 702//19
f 391//19 702//19 389//19
f 393//455 394//455 391//455
f 393//456 391//456 389//456
f 388//19 389//19 702//19
f 388//19 702//19 387//19
f 702//19 701//19 390//19
f 702//19 390//19 387//19
f 401//8 400//8 397//8
f 401//8 397//8 393//8
f 802//8 801//8 397//8
f 802//8 397//8 396//8
f 397//8 398//8 395//8
f 397//8 395//8 396//8
f 397//8 400//8 399//8
f 397//8 399//8 398//8
f 679//112 407//112 680//112
f 395//457 407//457 679//457
f 395//458 679//458 396//458
f 405//8 680//8 407//8
f 405//8 407//8 404//8
f 405//459 737//459 703//459
f 405//49 703//49 680//49
f 805//423 739//423 720//423
f 805//423 720//423 719//423
f 723//422 720//422 739//422
f 723//422 739//422 738//422
f 396//460 679//460 677//460
f 396//461 677//461 402//461
f 398//462 404//462 407//462
f 398//462 407//462 395//462
f 724//463 737//463 405//463
f 701//464 704//464 406//464
f 701//464 406//464 403//464
f 865//19 705//19 732//19
f 399//465 400//465 387//465
f 399//465 387//465 390//465
f 403//8 406//8 405//8
f 403//8 405//8 404//8
f 725//466 406//466 704//466
f 725//420 704//420 865//420
f 738//421 737//421 724//421
f 738//421 724//421 723//421
f 726//63 725//63 865//63
f 726//63 865//63 732//63
f 406//467 725//467 724//467
f 406//468 724//468 405//468
f 713//19 456//19 454//19
f 713//19 454//19 453//19
f 713//19 714//19 457//19
f 713//19 457//19 456//19
f 451//469 546//469 545//469
f 451//469 545//469 452//469
f 452//470 453//470 450//470
f 452//470 450//470 451//470
f 453//471 454//471 455//471
f 453//471 455//471 450//471
f 452//19 545//19 713//19
f 452//19 713//19 453//19
f 459//472 667//472 666//472
f 459//472 666//472 458//472
f 462//473 463//473 461//473
f 462//473 461//473 460//473
f 460//474 461//474 667//474
f 460//475 667//475 459//475
f 458//476 838//476 837//476
f 458//476 837//476 459//476
f 458//19 666//19 665//19
f 458//19 665//19 838//19
f 867//422 866//422 877//422
f 867//422 877//422 876//422
f 449//8 672//8 447//8
f 449//8 447//8 448//8
f 671//112 447//112 672//112
f 440//477 671//477 669//477
f 440//477 669//477 444//477
f 446//478 448//478 438//478
f 446//479 438//479 441//479
f 439//480 447//480 671//480
f 439//481 671//481 440//481
f 449//8 448//8 446//8
f 449//8 446//8 445//8
f 445//482 869//482 868//482
f 445//483 868//483 449//483
f 868//420 875//420 449//420
f 868//421 867//421 876//421
f 868//421 876//421 875//421
f 697//484 699//484 445//484
f 697//484 445//484 446//484
f 698//485 672//485 449//485
f 698//486 449//486 875//486
f 544//19 543//19 713//19
f 544//19 713//19 545//19
f 467//487 464//487 457//487
f 467//488 457//488 714//488
f 464//489 465//489 456//489
f 464//489 456//489 457//489
f 462//479 464//479 467//479
f 462//478 467//478 463//478
f 467//8 468//8 466//8
f 467//8 466//8 463//8
f 714//484 716//484 468//484
f 714//484 468//484 467//484
f 880//490 424//490 420//490
f 880//491 420//491 419//491
f 424//492 423//492 428//492
f 424//492 428//492 420//492
f 454//493 456//493 465//493
f 454//493 465//493 455//493
f 418//494 425//494 466//494
f 418//495 466//495 468//495
f 418//496 468//496 419//496
f 419//497 468//497 716//497
f 419//498 716//498 880//498
f 667//112 461//112 668//112
f 835//8 779//8 547//8
f 835//8 547//8 836//8
f 547//8 462//8 460//8
f 547//8 460//8 459//8
f 547//8 546//8 451//8
f 547//8 451//8 450//8
f 665//19 771//19 834//19
f 665//19 834//19 838//19
f 837//8 836//8 547//8
f 837//8 547//8 459//8
f 547//8 465//8 464//8
f 547//8 464//8 462//8
f 466//8 668//8 461//8
f 466//8 461//8 463//8
f 466//499 425//499 715//499
f 466//500 715//500 668//500
f 426//501 425//501 418//501
f 426//501 418//501 417//501
f 455//8 465//8 547//8
f 455//8 547//8 450//8
f 427//502 426//502 417//502
f 427//502 417//502 416//502
f 438//473 448//473 447//473
f 438//473 447//473 439//473
f 830//19 825//19 670//19
f 830//19 670//19 831//19
f 823//19 670//19 825//19
f 832//19 831//19 670//19
f 832//19 670//19 839//19
f 840//19 839//19 670//19
f 840//19 670//19 427//19
f 426//19 427//19 670//19
f 416//503 841//503 840//503
f 416//503 840//503 427//503
f 430//504 429//504 422//504
f 430//504 422//504 421//504
f 429//505 428//505 423//505
f 429//505 423//505 422//505
f 560//8 552//8 551//8
f 560//8 551//8 430//8
f 428//8 551//8 420//8
f 429//8 430//8 551//8
f 429//8 551//8 428//8
f 670//19 715//19 425//19
f 670//19 425//19 426//19
f 551//8 828//8 833//8
f 551//8 833//8 842//8
f 551//8 824//8 829//8
f 551//8 829//8 828//8
f 419//8 420//8 551//8
f 419//8 551//8 418//8
f 551//8 842//8 841//8
f 551//8 841//8 416//8
f 417//8 418//8 551//8
f 417//8 551//8 416//8
f 551//8 821//8 820//8
f 551//8 820//8 824//8
f 880//19 717//19 696//19
f 717//19 715//19 670//19
f 717//19 670//19 696//19
f 424//19 880//19 696//19
f 424//19 696//19 423//19
f 696//19 559//19 558//19
f 696//19 558//19 421//19
f 422//19 423//19 696//19
f 422//19 696//19 421//19
f 421//506 558//506 560//506
f 421//506 560//506 430//506
f 873//204 872//204 879//204
f 873//204 879//204 870//204
f 870//63 869//63 874//63
f 870//63 874//63 873//63
f 444//19 669//19 670//19
f 444//19 670//19 827//19
f 444//507 827//507 826//507
f 444//507 826//507 440//507
f 822//19 827//19 670//19
f 822//19 670//19 823//19
f 869//508 445//508 699//508
f 869//509 699//509 874//509
f 446//487 441//487 437//487
f 446//510 437//510 697//510
f 434//471 436//471 443//471
f 434//471 443//471 431//471
f 441//489 442//489 435//489
f 441//489 435//489 437//489
f 872//407 871//407 878//407
f 872//407 878//407 879//407
f 442//493 443//493 436//493
f 442//493 436//493 435//493
f 826//8 821//8 551//8
f 826//8 551//8 440//8
f 432//511 557//511 556//511
f 432//511 556//511 433//511
f 696//19 435//19 436//19
f 696//19 436//19 434//19
f 433//470 434//470 431//470
f 433//470 431//470 432//470
f 696//19 554//19 542//19
f 696//19 542//19 559//19
f 696//19 556//19 555//19
f 696//19 555//19 554//19
f 696//19 697//19 437//19
f 696//19 437//19 435//19
f 443//8 442//8 551//8
f 443//8 551//8 431//8
f 551//8 557//8 432//8
f 551//8 432//8 431//8
f 551//8 442//8 441//8
f 551//8 441//8 438//8
f 433//19 556//19 696//19
f 433//19 696//19 434//19
f 439//8 440//8 551//8
f 439//8 551//8 438//8
f 519//512 795//512 796//512
f 519//512 796//512 518//512
f 520//513 521//513 522//513
f 520//514 522//514 519//514
f 479//515 505//515 473//515
f 479//515 473//515 472//515
f 470//8 471//8 514//8
f 505//8 499//8 515//8
f 505//8 515//8 473//8
f 518//516 523//516 520//516
f 518//516 520//516 519//516
f 527//517 528//517 525//517
f 527//518 525//518 524//518
f 528//519 529//519 526//519
f 528//520 526//520 525//520
f 520//19 525//19 526//19
f 520//19 526//19 521//19
f 500//521 522//521 521//521
f 500//521 521//521 501//521
f 524//62 525//62 520//62
f 524//62 520//62 523//62
f 516//522 517//522 514//522
f 516//522 514//522 515//522
f 502//523 516//523 515//523
f 502//523 515//523 499//523
f 497//19 512//19 506//19
f 497//19 506//19 485//19
f 511//19 513//19 507//19
f 506//19 512//19 511//19
f 506//19 511//19 507//19
f 470//524 514//524 517//524
f 470//524 517//524 469//524
f 498//515 510//515 512//515
f 498//515 512//515 497//515
f 473//8 515//8 514//8
f 473//8 514//8 471//8
f 516//19 502//19 510//19
f 516//19 510//19 498//19
f 517//19 516//19 498//19
f 517//19 498//19 496//19
f 469//19 517//19 496//19
f 533//8 797//8 795//8
f 533//8 795//8 519//8
f 534//8 533//8 519//8
f 534//8 519//8 522//8
f 527//525 800//525 532//525
f 527//526 532//526 528//526
f 513//527 511//527 509//527
f 513//527 509//527 508//527
f 800//528 794//528 792//528
f 800//529 792//529 532//529
f 504//8 534//8 522//8
f 504//8 522//8 500//8
f 789//528 793//528 797//528
f 789//528 797//528 786//528
f 481//527 504//527 503//527
f 481//527 503//527 480//527
f 482//530 534//530 504//530
f 482//530 504//530 481//530
f 786//531 797//531 533//531
f 786//532 533//532 787//532
f 787//533 533//533 534//533
f 787//534 534//534 482//534
f 508//530 526//530 529//530
f 508//530 529//530 513//530
f 494//535 507//535 530//535
f 494//535 530//535 493//535
f 521//19 526//19 508//19
f 521//19 508//19 501//19
f 796//536 800//536 527//536
f 796//537 527//537 518//537
f 518//19 527//19 524//19
f 518//19 524//19 523//19
f 493//538 530//538 531//538
f 493//538 531//538 492//538
f 532//539 792//539 791//539
f 532//540 791//540 531//540
f 513//19 529//19 530//19
f 513//19 530//19 507//19
f 528//19 532//19 531//19
f 791//541 799//541 492//541
f 791//542 492//542 531//542
f 528//19 531//19 530//19
f 528//19 530//19 529//19
f 511//543 512//543 510//543
f 511//543 510//543 509//543
f 853//544 798//544 783//544
f 853//544 783//544 854//544
f 485//545 486//545 483//545
f 485//545 483//545 484//545
f 856//8 790//8 788//8
f 856//546 788//546 475//546
f 862//8 860//8 788//8
f 862//405 788//405 474//405
f 788//547 860//547 477//547
f 788//8 477//8 475//8
f 852//548 851//548 487//548
f 852//548 487//548 488//548
f 489//19 487//19 476//19
f 489//19 476//19 478//19
f 487//549 851//549 855//549
f 487//550 855//550 476//550
f 859//551 864//551 489//551
f 859//552 489//552 478//552
f 489//553 490//553 488//553
f 489//553 488//553 487//553
f 490//554 489//554 484//554
f 490//554 484//554 483//554
f 861//555 862//555 474//555
f 861//555 474//555 471//555
f 476//556 855//556 856//556
f 476//556 856//556 475//556
f 471//557 474//557 472//557
f 471//557 472//557 473//557
f 469//558 858//558 857//558
f 469//558 857//558 470//558
f 470//8 857//8 861//8
f 470//8 861//8 471//8
f 855//559 849//559 848//559
f 855//559 848//559 856//559
f 788//8 481//8 480//8
f 788//8 480//8 479//8
f 788//560 787//560 482//560
f 788//8 482//8 481//8
f 788//8 479//8 472//8
f 788//8 472//8 474//8
f 475//561 477//561 478//561
f 475//561 478//561 476//561
f 477//562 860//562 859//562
f 477//562 859//562 478//562
f 501//563 502//563 499//563
f 501//564 499//564 500//564
f 503//8 504//8 500//8
f 503//8 500//8 499//8
f 491//555 864//555 863//555
f 491//555 863//555 496//555
f 491//19 497//19 485//19
f 491//19 485//19 484//19
f 496//557 498//557 497//557
f 496//557 497//557 491//557
f 505//8 503//8 499//8
f 501//19 508//19 509//19
f 501//19 509//19 502//19
f 510//19 502//19 509//19
f 495//565 506//565 507//565
f 495//565 507//565 494//565
f 480//543 503//543 505//543
f 480//543 505//543 479//543
f 506//566 495//566 486//566
f 506//566 486//566 485//566
f 495//19 494//19 853//19
f 495//19 853//19 486//19
f 853//19 490//19 483//19
f 853//19 483//19 486//19
f 853//19 494//19 493//19
f 853//19 493//19 492//19
f 864//567 491//567 484//567
f 864//568 484//568 489//568
f 799//19 798//19 853//19
f 799//19 853//19 492//19
f 853//19 850//19 488//19
f 853//19 488//19 490//19
f 783//19 784//19 847//19
f 783//19 847//19 844//19
f 863//569 858//569 469//569
f 863//570 469//570 496//570
f 783//19 844//19 843//19
f 783//19 843//19 845//19
f 488//19 850//19 852//19
f 845//19 846//19 854//19
f 845//19 854//19 783//19
o Chassis_havok_s_rightTrack_1
v 1.454120 0.624185 0.005285
v 1.454120 0.694224 -0.032387
v 1.454120 0.755558 -0.082616
v 1.118161 0.482722 0.124580
v 1.118161 0.548210 0.132114
v 1.105945 0.482722 0.124580
v 1.105945 0.469268 0.123324
v 1.118161 0.548210 0.027888
v 1.118161 0.482722 0.034167
v 1.105945 0.469268 0.035423
v 1.118161 0.624185 0.005285
v 1.454120 0.624185 0.154717
v 1.118161 0.624185 0.154717
v 1.454120 0.755558 0.242619
v 1.454120 0.694224 0.192389
v 1.454120 0.806010 0.304150
v 1.454120 0.843404 0.374471
v 1.454120 0.866552 0.449815
v 1.454120 0.866552 0.608037
v 1.454120 0.874268 0.528926
v 1.454120 0.843404 0.683381
v 1.454120 0.806010 0.753702
v 1.454120 0.624185 0.903134
v 1.454120 0.694224 0.865462
v 1.454120 0.755558 0.815233
v 1.118161 0.624185 0.903134
v 1.118161 0.548210 0.925738
v 1.118161 0.624185 1.052567
v 1.118161 0.548210 1.029963
v 1.118161 0.482722 1.023685
v 1.118161 0.482722 0.932016
v 1.105945 0.482722 1.023685
v 1.105945 0.469268 1.022429
v 1.105945 0.469268 0.933272
v 0.412140 0.490042 1.120376
v 1.105945 0.482722 0.932016
v 0.412140 0.490042 0.815233
v 0.909969 0.670482 1.120376
v 1.105945 0.663953 0.815233
v 0.909969 0.670482 0.815233
v 0.412140 0.490042 -0.081360
v 0.412140 0.490042 0.222527
v 1.105945 0.482722 0.034167
v 0.909969 0.670482 -0.081360
v 0.909969 0.670482 0.222527
v 1.105945 0.663953 0.222527
v 1.118161 0.663953 1.073914
v 1.118161 0.663953 0.881787
v 1.105945 0.694224 1.090239
v 1.105945 0.755558 1.140468
v 1.105945 0.663953 0.881787
v 1.105945 0.694224 0.865462
v 1.105945 0.663953 1.073914
v 1.105945 0.755558 0.815233
v 1.105945 0.866552 0.449815
v 1.105945 0.874268 0.528926
v 1.105945 0.866552 0.608037
v 1.105945 0.843404 0.374471
v 1.105945 0.806010 0.753702
v 1.105945 0.843404 0.683381
v 1.105945 0.806010 0.304150
v 1.105945 0.806010 -0.144147
v 1.105945 0.755558 -0.082616
v 1.105945 0.694224 -0.032387
v 1.105945 0.755558 0.242619
v 1.105945 0.694224 0.192389
v 1.105945 0.663953 -0.016062
v 1.118161 0.663953 -0.016062
v 1.118161 0.663953 0.176065
v 1.105945 0.663953 0.176065
v 1.153902 1.186051 0.151109
v 1.153902 1.180567 0.010853
v 1.405900 1.180567 0.010853
v 1.405900 1.196079 0.042911
v 1.153902 1.196079 0.042911
v 1.405900 1.180567 0.157119
v 1.153902 1.180567 0.157119
v 1.153902 1.153146 -0.015195
v 1.405900 1.153146 0.185171
v 1.405900 1.362326 -1.758373
v 1.405900 1.352455 -1.652179
v 1.405900 1.041584 0.203203
v 1.405900 1.041584 -0.033228
v 1.153902 1.118518 0.203203
v 1.405900 1.118518 0.203203
v 1.405900 1.079973 0.209214
v 1.153902 1.079973 0.209214
v 1.153902 1.041584 0.203203
v 1.153902 1.153146 0.185171
v 1.153902 1.041584 -0.033228
v 1.153902 1.079973 -0.039239
v 1.153902 1.118518 -0.033228
v 1.405900 1.079973 -0.039239
v 1.405900 1.118518 -0.033228
v 1.405900 1.153146 -0.015195
v 1.153902 1.352455 -1.652179
v 1.153902 1.362326 -1.758373
v 1.405900 1.319080 -1.816479
v 1.153902 1.319080 -1.816479
v 1.153902 1.284295 -1.834512
v 1.405900 1.284295 -1.834512
v 1.153902 1.245906 -1.840523
v 1.405900 1.245906 -1.840523
v 1.405900 1.346500 -1.788428
v 1.153902 1.346500 -1.788428
v 1.405900 1.284295 -1.598081
v 1.153902 1.284295 -1.598081
v 1.153902 1.319080 -1.616113
v 1.405900 1.319080 -1.616113
v 1.405900 1.245906 -1.592070
v 1.153902 1.245906 -1.592070
v 1.153902 1.207517 -1.834512
v 1.153902 1.207517 -1.598081
v 1.153902 1.346500 -1.642161
v 1.405900 1.207517 -1.834512
v 1.405900 1.207517 -1.598081
v 1.405900 1.346500 -1.642161
v 1.405900 1.172889 -1.816479
v 1.405900 1.145312 -1.788428
v 1.405900 1.127606 -1.754365
v 1.405900 1.121495 -1.716296
v 1.153902 1.145312 -1.788428
v 1.153902 1.172889 -1.816479
v 1.153902 1.127606 -1.754365
v 1.153902 1.121495 -1.716296
v 1.153902 1.127606 -1.678227
v 1.405900 1.127606 -1.678227
v 1.405900 1.145312 -1.642161
v 1.405900 1.172889 -1.616113
v 1.153902 1.145312 -1.642161
v 1.153902 1.172889 -1.616113
v 1.105840 0.755454 2.610987
v 1.454220 0.755454 2.610987
v 1.454220 0.694158 2.661486
v 1.105840 0.694158 2.661486
v 1.454220 0.624046 2.699053
v 1.105840 0.624046 2.699053
v 1.105840 0.805834 2.550019
v 1.454220 0.805834 2.550019
v 1.105840 0.843619 2.479813
v 1.454220 0.843619 2.479813
v 1.454220 0.866290 2.245793
v 1.454220 0.390199 2.721839
v 1.454220 0.469128 2.729845
v 1.454220 0.548476 2.721839
v 1.454220 0.805834 2.099839
v 1.454220 0.843619 2.170045
v 1.105840 0.843619 2.170045
v 1.105840 0.866290 2.245793
v 1.454220 0.866290 2.404065
v 1.105840 0.866290 2.404065
v 1.105840 0.874267 2.324621
v 1.454220 0.874267 2.324621
v 1.105840 0.548476 2.721839
v 1.105840 0.244097 2.661486
v 1.105840 0.182802 2.610987
v 1.105840 0.132422 2.550019
v 1.105840 0.116468 2.526001
v 1.105840 0.095057 2.479813
v 1.105840 0.078263 2.402833
v 1.105840 0.071966 2.245793
v 1.105840 0.314209 2.699053
v 1.105840 0.390199 2.721839
v 1.105840 0.469128 2.729845
v 1.454220 0.182802 2.610987
v 1.454220 0.244097 2.661486
v 1.454220 0.132422 2.550019
v 1.454220 0.314209 2.699053
v 1.454220 0.132422 2.099839
v 1.105840 0.095057 2.170045
v 1.454220 0.095057 2.170045
v 1.454220 0.116468 2.526001
v 1.454220 0.071966 2.245793
v 1.454220 0.078263 2.402833
v 1.454220 0.095057 2.479813
v 0.993550 0.014869 2.415766
v 1.568194 0.014869 2.415766
v 0.993550 0.032082 2.496441
v 1.568194 0.032082 2.496441
v 0.993550 0.095057 2.479813
v 0.993550 0.078263 2.402833
v 1.454220 0.065668 2.329548
v 1.568194 0.078263 2.402833
v 1.568194 0.095057 2.479813
v 0.993512 0.671121 -3.037029
v 1.568194 0.095785 -2.450347
v 1.454068 0.242559 -2.507385
v 1.105767 0.242559 -2.507385
v 0.993512 0.671121 -2.945360
v 0.993512 0.095785 -2.450347
v 0.993512 0.146121 -2.408586
v 0.929901 0.671121 -3.037029
v 0.929901 0.671121 -2.945360
v 1.105767 0.146121 -2.408586
v 1.568194 0.146121 -2.408586
v 1.454068 0.146121 -2.408586
v 1.454068 0.314065 -2.538960
v 1.105767 0.314065 -2.538960
v 1.454068 0.390274 -2.562387
v 1.105767 0.390274 -2.562387
v 1.105767 0.469306 -2.570535
v 1.454068 0.469306 -2.570535
v 1.454068 0.548339 -2.562387
v 1.105767 0.548339 -2.562387
v 1.105767 0.624078 -2.538960
v 1.105767 0.694172 -2.502292
v 1.454068 0.624078 -2.538960
v 1.454068 0.694172 -2.502292
v 1.454068 0.755798 -2.451365
v 1.105767 0.755798 -2.451365
v 1.136325 0.978782 -3.207126
v 1.105767 0.077909 -2.265990
v 1.105767 0.806134 -2.390252
v 1.105767 0.866349 -2.244600
v 1.454068 0.843298 -2.319973
v 1.454068 0.806134 -2.390252
v 1.454068 0.866349 -2.244600
v 1.454068 0.874347 -2.165154
v 1.454068 0.107075 -2.343399
v 1.454068 0.077909 -2.265990
v 1.105767 0.843298 -2.319973
v 1.105767 0.874347 -2.165154
v 1.568194 0.015812 -2.285342
v 0.993512 0.015812 -2.285342
v 1.105767 0.065207 -2.173302
v 0.993512 0.077909 -2.265990
v 1.105767 0.107075 -2.343399
v 0.993512 0.107075 -2.343399
v 1.568194 0.077909 -2.265990
v 1.568194 0.051565 -2.374974
v 0.993512 0.051565 -2.374974
v 1.568194 0.107075 -2.343399
v 1.105784 0.065301 0.435830
v 1.105784 0.065180 -0.273210
v 1.454120 0.065180 -0.273210
v 1.454120 0.065301 0.435830
v 1.105784 0.095116 0.374175
v 1.454120 0.095116 0.374175
v 1.105784 0.065180 -0.464783
v 1.454120 0.065180 -0.464783
v 1.105784 0.095116 -1.112167
v 1.454120 0.095116 -0.524237
v 1.105784 0.095116 -0.524237
v 1.105784 0.095116 -0.213756
v 1.105784 0.132475 -0.594700
v 1.105784 0.065301 0.622999
v 1.454120 0.065301 0.622999
v 1.105784 0.095116 0.684655
v 1.454120 0.314282 -0.891968
v 1.454120 0.244310 -0.929402
v 1.105784 0.244310 -0.929402
v 1.454120 0.182855 -0.980048
v 1.105784 0.182855 -0.980048
v 1.454120 0.314282 -0.742233
v 1.454120 0.132475 -1.041704
v 1.105784 0.132475 -1.041704
v 1.454120 0.132475 -0.594700
v 1.454120 0.182855 -0.656356
v 1.105784 0.182855 -0.656356
v 1.454120 0.244310 -0.704800
v 1.105784 0.132475 -0.143293
v 1.454120 0.132475 -0.143293
v 1.454120 0.182855 -0.083839
v 1.105784 0.182855 -0.083839
v 1.105784 0.244310 -0.033193
v 1.454120 0.244310 -0.033193
v 1.454120 0.314282 0.004241
v 1.105784 0.182855 1.140467
v 1.105784 0.244310 1.089821
v 1.105784 0.314282 1.052387
v 1.454120 0.244310 0.865218
v 1.454120 0.314282 0.902652
v 1.454120 0.132475 0.752917
v 1.454120 0.182855 0.814572
v 1.105784 0.182855 0.814572
v 1.105784 0.132475 0.752917
v 1.105784 0.244310 0.865218
v 1.105784 0.132475 0.303711
v 1.454120 0.132475 0.303711
v 1.454120 0.182855 0.242055
v 1.105784 0.182855 0.242055
v 1.454120 0.244310 0.191410
v 1.454120 0.314282 0.153976
v 1.105947 0.469269 -0.862025
v 1.105947 0.482723 -0.863057
v 1.118164 0.482723 -0.863057
v 1.105947 0.482723 -0.773249
v 1.118164 0.482723 -0.773249
v 1.105947 0.469269 -0.774281
v 1.105947 0.663954 -0.914671
v 1.105947 0.663954 -0.721635
v 0.909973 0.670483 -0.977640
v 1.105947 0.663954 -0.977640
v 1.118164 0.663954 -0.721635
v 1.118164 0.663954 -0.914671
v 1.118164 0.624186 -0.892993
v 1.118164 0.624186 -0.743313
v 1.105947 0.663954 -0.673118
v 1.105947 0.866553 -1.188225
v 1.105947 0.806011 -1.041642
v 1.105947 0.755559 -0.980737
v 1.105947 0.843405 -1.111837
v 1.105947 0.694225 -0.930155
v 1.105947 0.874269 -1.266679
v 1.105947 0.874269 -0.369627
v 1.105947 0.866553 -0.448080
v 1.105947 0.806011 -0.594664
v 1.105947 0.694225 -0.706151
v 1.105947 0.755559 -0.655569
v 1.105947 0.843405 -0.524469
v 0.909973 0.670483 -0.673118
v 0.412148 0.490043 -0.673118
v 0.412148 0.490043 -0.977640
v 1.454120 0.866553 -1.346164
v 1.454120 0.874269 -1.266679
v 1.454120 0.866553 -1.188225
v 1.454120 0.806011 -1.041642
v 1.454120 0.843405 -1.111837
v 1.454120 0.624186 -0.892993
v 1.454120 0.694225 -0.930155
v 1.454120 0.755559 -0.980737
v 1.454120 0.755559 -0.655569
v 1.454120 0.694225 -0.706151
v 1.454120 0.806011 -0.594664
v 1.454120 0.624186 -0.743313
v 1.454120 0.843405 -0.524469
v 1.454120 0.866553 -0.448080
v 1.454120 0.874269 -0.369627
v 1.454120 0.866553 -0.290142
v 1.118164 0.548211 -0.766023
v 1.118164 0.548211 -0.870283
v 1.136326 1.434270 -2.987833
v 1.136326 1.393189 -2.946919
v 1.136326 1.069904 -3.352236
v 1.136326 1.465081 -3.036929
v 1.136326 1.490758 -3.149305
v 1.136326 1.484455 -3.207129
v 1.136326 1.465081 -3.261681
v 1.136326 1.119155 -2.915825
v 1.136326 1.069904 -2.946919
v 1.423510 1.119155 -2.915825
v 1.423510 1.069904 -2.946919
v 1.423510 1.434270 -2.987833
v 1.423510 1.393189 -2.946919
v 1.423510 1.490758 -3.149305
v 1.423510 1.173775 -3.402423
v 1.423510 1.119155 -3.382785
v 1.423510 1.231663 -3.408969
v 1.423510 1.289317 -3.402423
v 1.423510 1.344171 -3.382785
v 1.423510 1.393189 -3.352236
v 1.423510 1.434270 -3.311322
v 1.423510 1.465081 -3.036929
v 1.423510 1.465081 -3.261681
v 1.568194 1.465081 -3.261681
v 1.568194 1.434270 -3.311322
v 0.929902 1.465081 -3.261681
v 0.929902 1.484455 -3.207129
v 0.929902 1.547712 -3.222404
v 0.929902 1.524136 -3.290047
v 1.568194 1.524136 -3.290047
v 1.568194 1.547712 -3.222404
v 1.423510 1.484455 -3.207129
v 1.568194 1.484455 -3.207129
v 1.136326 1.344171 -3.382785
v 0.929902 1.344171 -3.382785
v 0.929902 1.393189 -3.352236
v 1.136326 1.393189 -3.352236
v 1.136326 1.434270 -3.311322
v 1.136326 1.289317 -3.402423
v 1.136326 1.173775 -3.402423
v 1.136326 1.119155 -3.382785
v 0.929902 1.119155 -3.382785
v 1.568194 1.119155 -3.382785
v 0.929902 1.434270 -3.311322
v 0.929902 1.485622 -3.351145
v 0.929902 1.434270 -3.402969
v 1.568194 1.393189 -3.352236
v 1.568194 1.344171 -3.382785
v 1.568194 1.485622 -3.351145
v 1.568194 1.434270 -3.402969
v 0.929902 1.091845 -3.442246
v 1.568194 1.091845 -3.442246
v 1.568194 1.160470 -3.466248
v 0.929902 1.160470 -3.466248
v 1.568194 1.232597 -3.473886
v 0.929902 1.232597 -3.473886
v 1.568194 1.289317 -3.402423
v 1.568194 1.231663 -3.408969
v 1.568194 1.173775 -3.402423
v 0.929902 1.173775 -3.402423
v 0.929902 1.231663 -3.408969
v 1.136326 1.231663 -3.408969
v 0.929902 1.289317 -3.402423
v 0.929902 1.304489 -3.465703
v 0.929902 1.372881 -3.441700
v 1.568194 1.372881 -3.441700
v 1.568194 1.304489 -3.465703
v 1.118162 0.624170 1.801329
v 1.118162 0.624170 1.950963
v 1.118162 0.663829 1.971964
v 1.118162 0.663829 1.779672
v 1.105945 0.663829 1.971964
v 1.105945 0.663829 1.779672
v 1.105945 0.694335 1.988372
v 1.105945 0.694335 1.763265
v 1.105945 0.663829 1.714699
v 1.105945 0.755785 1.713387
v 0.909969 0.670366 1.714699
v 1.105945 0.244143 1.763265
v 1.105945 0.182694 1.713387
v 1.105945 0.482967 1.714699
v 1.105945 0.314309 1.801329
v 1.105945 0.390140 1.824300
v 1.105945 0.469457 1.831519
v 1.105945 0.482967 1.830206
v 1.118162 0.482967 1.830206
v 1.118162 0.482967 1.921430
v 1.105945 0.482967 1.921430
v 1.105945 0.244143 1.988372
v 1.105945 0.314309 1.950963
v 1.105945 0.390140 1.927337
v 1.105945 0.469457 1.920118
v 0.412141 0.489940 2.019217
v 0.412141 0.489940 1.714699
v 0.909969 0.670366 2.019217
v 1.105945 0.095096 1.582129
v 1.105945 0.132576 1.651696
v 1.105945 0.866480 1.506000
v 1.105945 0.805903 1.651696
v 1.105945 0.843382 1.582129
v 1.105945 0.874325 1.426589
v 1.454120 0.182694 1.713387
v 1.454120 0.244143 1.763265
v 1.454120 0.694335 1.763265
v 1.454120 0.624170 1.801329
v 1.454120 0.548339 1.824300
v 1.454120 0.469457 1.831519
v 1.454120 0.390140 1.824300
v 1.454120 0.314309 1.801329
v 1.454120 0.132576 1.651696
v 1.454120 0.755785 1.713387
v 1.454120 0.805903 1.651696
v 1.118162 0.548339 1.927337
v 1.118162 0.548339 1.824300
v 1.454120 0.866480 1.347834
v 1.454120 0.866480 1.506000
v 1.454120 0.874325 1.426589
v 1.454120 0.843382 1.582129
v 1.405762 0.913984 1.761296
v 1.153794 0.913984 1.761296
v 1.153794 0.875632 1.767859
v 1.405762 0.875632 1.767859
v 1.153794 0.841203 1.986403
v 1.405762 0.841203 1.986403
v 1.405762 0.813311 1.958839
v 1.153794 0.813311 1.958839
v 1.153794 0.875632 2.004123
v 1.405762 0.875632 2.004123
v 1.153794 0.913984 2.010029
v 1.405762 0.913984 2.010029
v 1.153794 0.952335 2.004123
v 1.405762 0.952335 2.004123
v 1.405762 0.795879 1.924055
v 1.153794 0.795879 1.924055
v 1.405762 0.789778 1.885991
v 1.153794 0.789778 1.885991
v 1.153794 0.987200 1.986403
v 1.405762 0.987200 1.986403
v 1.153794 0.795879 1.847270
v 1.153794 0.813311 1.812486
v 1.153794 0.841203 1.784922
v 1.153794 0.952335 1.767859
v 1.153794 0.987200 1.784922
v 1.405762 0.813311 1.812486
v 1.405762 0.795879 1.847270
v 1.405762 0.841203 1.784922
v 1.405762 0.952335 1.767859
v 1.405762 0.987200 1.784922
v 1.002679 0.569770 2.834263
v 1.556620 0.569770 2.834263
v 1.002679 0.537168 2.848931
v 1.556620 0.537168 2.848931
v 1.002679 0.479619 2.891525
v 1.556620 0.479619 2.891525
v 1.556620 0.745628 2.832853
v 1.002679 0.745628 2.832853
v 1.556620 0.778478 2.847239
v 1.002679 0.778478 2.847239
v 1.556620 0.455908 2.918323
v 1.556620 0.420588 2.980380
v 1.556620 0.409721 3.014511
v 1.556620 0.402805 3.085877
v 1.556620 0.897033 2.976995
v 1.002679 0.897033 2.976995
v 1.002679 0.860973 2.915220
v 1.556620 0.860973 2.915220
v 1.002679 0.836767 2.888704
v 1.556620 0.836767 2.888704
v 1.002679 0.908395 3.010844
v 1.556620 0.908395 3.010844
v 1.002679 0.402805 3.085877
v 1.002679 0.406757 3.121419
v 1.002679 0.409721 3.014511
v 1.002679 0.420588 2.980380
v 1.002679 0.455908 2.918323
v 1.105947 0.095099 -1.422141
v 1.105947 0.182838 -1.553771
v 1.105947 0.390122 -1.664134
v 1.105947 0.314447 -1.641142
v 1.454120 0.469087 -1.672181
v 1.105947 0.469087 -1.672181
v 1.105947 0.469087 -1.760126
v 1.118164 0.482979 -1.761276
v 1.454120 0.469087 -1.760126
v 1.105947 0.244255 -1.603779
v 1.105947 0.482979 -1.671031
v 1.105947 0.244255 -1.828528
v 1.454120 0.244255 -1.828528
v 1.454120 0.182838 -1.878536
v 1.105947 0.182838 -1.878536
v 1.105947 0.314447 -1.791166
v 1.454120 0.314447 -1.791166
v 1.105947 0.390122 -1.768174
v 1.454120 0.390122 -1.768174
v 1.105947 0.132388 -1.940040
v 1.454120 0.132388 -1.940040
v 1.454120 0.548418 -1.768174
v 1.454120 0.624093 -1.791166
v 1.454120 0.694285 -1.828528
v 1.454120 0.755702 -1.878536
v 0.412148 0.489925 -1.877387
v 0.412148 0.489925 -1.572740
v 1.105947 0.482979 -1.761276
v 0.909973 0.670522 -1.877387
v 0.909973 0.670522 -1.572740
v 1.105947 0.663941 -1.619874
v 1.105947 0.663941 -1.812434
v 1.118164 0.663941 -1.812434
v 1.118164 0.663941 -1.619874
v 1.118164 0.624093 -1.641142
v 1.118164 0.548418 -1.664134
v 1.118164 0.482979 -1.671031
v 1.105947 0.694285 -1.603779
v 1.118164 0.624093 -1.791166
v 1.118164 0.548418 -1.768174
v 1.105947 0.694285 -1.828528
v 1.105947 0.755702 -1.878536
v 1.105947 0.843441 -2.010167
v 1.105947 0.755702 -1.553771
v 0.689409 0.717951 3.293834
v 0.689409 0.772665 3.271377
v 0.689409 0.806369 3.245436
v 0.689409 0.600426 3.293834
v 0.689409 0.659298 3.301578
v 0.929902 0.671335 3.331391
v 0.689409 0.462766 3.188132
v 0.689409 0.498877 3.235369
v 0.689409 0.440005 3.133539
v 0.689409 0.545712 3.271377
v 0.929902 0.880342 3.206330
v 0.689409 0.484214 2.935301
v 0.689409 0.440005 3.016222
v 0.689409 0.462766 2.961242
v 0.689409 0.432346 3.074687
v 1.002814 0.782541 3.300832
v 1.002814 0.820619 3.275415
v 1.568194 0.820619 3.275415
v 1.556684 0.820619 3.275415
v 1.556684 0.782541 3.300832
v 1.568194 0.782541 3.300832
v 1.002814 0.519827 3.290620
v 1.002814 0.483940 3.262026
v 1.002814 0.560371 3.312179
v 1.556684 0.853767 3.243644
v 1.556684 0.880339 3.206200
v 1.556684 0.695700 3.329653
v 1.556684 0.740353 3.319214
v 1.556684 0.649677 3.331922
v 1.556684 0.604202 3.326022
v 1.568194 0.961153 3.188045
v 1.568194 0.936498 3.240013
v 1.568194 0.902803 3.286535
v 1.568194 0.899789 3.164897
v 1.568194 0.880339 3.206200
v 1.568194 0.853767 3.243644
v 1.568194 0.861437 3.326703
v 1.568194 0.813223 3.358474
v 1.568194 0.740353 3.319214
v 1.568194 0.760351 3.381394
v 1.568194 0.703918 3.394330
v 1.002814 0.740353 3.319214
v 1.568194 0.646390 3.397053
v 0.993550 0.646390 3.397053
v 1.568194 0.695700 3.329653
v 1.568194 0.649677 3.331922
v 0.993550 0.649677 3.331922
v 1.002814 0.649677 3.331922
v 0.993550 0.588861 3.389564
v 1.568194 0.588861 3.389564
v 1.568194 0.534072 3.371863
v 0.993550 0.534072 3.371863
v 1.002814 0.604202 3.326022
v 0.993550 0.483118 3.344630
v 1.568194 0.483118 3.344630
v 1.568194 0.437917 3.308775
v 0.993550 0.437917 3.308775
v 0.993550 0.400387 3.265884
v 1.568194 0.400387 3.265884
v 1.002814 0.453532 3.227758
v 1.556684 0.560371 3.312179
v 1.556684 0.483940 3.262026
v 1.556684 0.519827 3.290620
v 1.556684 0.453532 3.227758
v 1.556684 0.429425 3.188045
v 1.568194 0.483940 3.262026
v 1.568194 0.453532 3.227758
v 1.568194 0.519827 3.290620
v 1.568194 0.604202 3.326022
v 1.568194 0.560371 3.312179
v 0.993550 0.604202 3.326022
v 0.993550 0.560371 3.312179
v 0.993550 0.519827 3.290620
v 0.993550 0.453532 3.227758
v 0.993550 0.483940 3.262026
v 1.454120 0.095098 -0.214167
v 1.454120 0.548280 0.028064
v 1.454120 0.806013 -0.144147
v 1.454120 0.469269 0.123844
v 1.454120 0.548280 0.131627
v 1.105784 0.390258 0.131627
v 1.454120 0.390258 0.131627
v 1.454120 0.390256 0.028064
v 1.105784 0.390256 0.028064
v 1.454120 0.469268 0.035846
v 1.454120 0.095098 0.683831
v 1.454120 0.548280 0.926062
v 1.454120 0.624254 1.052674
v 1.454120 0.548280 1.029627
v 1.454120 0.469268 1.021846
v 1.105784 0.390256 1.029627
v 1.454120 0.390256 1.029627
v 1.454120 0.390256 0.926062
v 1.105784 0.390256 0.926062
v 1.454120 0.469268 0.933844
v 1.105784 0.482816 0.815670
v 1.105784 0.482816 1.119978
v 1.105784 0.663961 1.119978
v 1.105784 0.482816 -0.081334
v 1.105784 0.482816 0.222976
v 1.105784 0.663961 -0.081334
v 1.105784 0.314281 0.903015
v 1.105784 0.314281 0.005017
v 1.105784 0.314282 0.154673
v 1.105784 0.244263 0.192100
v 1.454120 0.694274 1.090101
v 1.454120 0.755646 1.140468
v 1.454120 0.806013 1.201840
v 1.105784 0.806013 1.201840
v 1.454120 0.843438 1.271858
v 1.105784 0.843438 1.271858
v 1.105784 0.866485 1.347835
v 1.105784 0.843439 -0.214167
v 1.454120 0.843439 -0.214167
v 1.105784 0.866486 -0.290142
v 1.405900 0.979399 0.157947
v 1.153902 0.979399 0.157947
v 1.153902 1.006913 0.185462
v 1.405900 1.006914 0.185462
v 1.405900 0.961734 0.123277
v 1.153902 0.961734 0.123277
v 1.153902 0.955647 0.084844
v 1.405900 0.955647 0.084844
v 1.405900 0.961734 0.046413
v 1.153902 0.961734 0.046413
v 1.153902 0.979399 0.011743
v 1.405900 0.979399 0.011743
v 1.405900 1.006914 -0.015771
v 1.153902 1.006914 -0.015771
v 0.929902 1.490847 -3.149432
v 0.929902 0.911578 3.120687
v 1.002679 0.917591 3.055600
v 1.153902 1.019382 1.953790
v 0.929902 1.555885 -3.145174
v 0.929902 0.976044 3.132437
v 1.153902 1.029696 1.842148
v 1.405900 1.185980 0.150505
v 1.423580 1.483668 -3.071731
v 1.568194 0.911578 3.120687
v 1.568194 1.490847 -3.149432
v 1.568194 0.976044 3.132437
v 1.568194 1.555885 -3.145174
v 1.556620 0.917591 3.055600
v 1.405900 1.019382 1.953790
v 1.405900 1.029696 1.842148
v 1.153902 1.014714 1.812743
v 1.405900 1.014714 1.812743
v 1.153902 1.014714 1.958947
v 1.405900 1.014714 1.958947
v 1.136421 1.483668 -3.071731
v 1.136421 1.344063 -2.915825
v 1.423580 1.344063 -2.915825
v 1.423580 1.289259 -2.896649
v 1.136421 1.289259 -2.896649
v 1.423580 1.231563 -2.890149
v 1.136421 1.231563 -2.890149
v 1.423580 1.173868 -2.896649
v 1.136421 1.173868 -2.896649
v 1.002679 0.639733 2.818756
v 1.556620 0.639733 2.818756
v 1.556620 0.675581 2.818494
v 1.002679 0.675581 2.818494
v 1.105784 0.806012 2.099840
v 1.105784 0.755645 2.038468
v 1.454120 0.755645 2.038468
v 1.105784 0.482816 2.019218
v 1.105784 0.663961 2.019218
v 1.105784 0.065491 2.329711
v 1.105784 0.065485 2.278586
v 1.105784 0.132522 2.099838
v 1.454120 0.694273 1.988101
v 1.454120 0.624254 1.950674
v 1.454120 0.548279 1.927628
v 1.454120 0.469268 1.919846
v 1.454120 0.390256 1.927627
v 1.454120 0.314281 1.950674
v 1.454120 0.244262 1.988099
v 1.454120 0.182889 2.038466
v 1.105784 0.182889 2.038466
v 1.568194 0.001197 2.329711
v 0.993550 0.001197 2.329711
v 0.993550 0.065491 2.329711
v 1.568194 0.065491 2.329711
v 1.454120 0.065485 2.278586
v 0.993550 0.197240 2.856114
v 1.568194 0.197240 2.856114
v 0.993550 0.254221 2.824983
v 1.568194 0.254221 2.824983
v 0.929902 1.030285 -3.403902
v 1.568194 1.030285 -3.403902
v 1.423580 1.008500 -3.289435
v 1.568194 1.069904 -3.352148
v 1.423580 1.069904 -3.352148
v 1.136421 1.008500 -3.289435
v 0.929902 1.069904 -3.352148
v 1.423580 0.997958 -3.261930
v 1.136421 0.997958 -3.261930
v 1.423580 0.978782 -3.207128
v 1.136421 0.972281 -3.149432
v 1.423580 0.972281 -3.149432
v 1.136421 0.978782 -3.091736
v 1.423580 0.978782 -3.091736
v 1.136421 1.028848 -2.987772
v 1.423580 1.028848 -2.987772
v 1.423580 0.997958 -3.036933
v 1.136421 0.997958 -3.036933
v 1.105784 0.482816 -1.877168
v 1.105784 0.064994 -2.123493
v 1.105784 0.095099 -2.010169
v 1.105784 0.663961 -1.877168
v 1.454120 0.064989 -2.173678
v 1.454120 0.866488 -2.086142
v 1.454120 0.806015 -1.940149
v 1.454120 0.843441 -2.010167
v 1.105784 0.866488 -2.086142
v 1.105784 0.806015 -1.940149
v 0.993550 -0.000029 -2.178245
v 1.568194 -0.000029 -2.178245
v 0.993550 0.064989 -2.173678
v 1.568194 0.064989 -2.173678
v 1.454120 0.064994 -2.123493
v 1.454120 0.095099 -2.010169
v 1.454120 0.072052 -2.086143
v 1.105784 0.072052 -2.086143
v 1.454120 0.065402 1.524813
v 1.105784 0.065402 1.524813
v 1.105784 0.065101 -1.170993
v 1.454120 0.065101 -1.170993
v 1.454120 0.095098 -1.112167
v 1.105784 0.065080 -1.363273
v 1.105784 0.065379 1.328917
v 1.454120 0.065379 1.328917
v 1.454120 0.095098 -1.422142
v 1.454120 0.065080 -1.363273
v 1.454120 0.095097 1.271858
v 1.105784 0.095097 1.271858
v 1.105784 0.314282 -0.892982
v 1.105784 0.390257 -0.869937
v 1.454120 0.390257 -0.869937
v 1.454120 0.390258 -0.766371
v 1.105784 0.390258 -0.766371
v 1.105784 0.314282 -0.743325
v 1.105784 0.482816 -0.977902
v 1.105784 0.132524 -1.492159
v 1.105784 0.482816 -1.572858
v 1.454120 0.314283 -1.641325
v 1.454120 0.390259 -1.664372
v 1.454120 0.244264 -1.603900
v 1.454120 0.182892 -1.553533
v 1.454120 0.132524 -1.492159
v 1.454120 0.469269 -0.862154
v 1.454120 0.548280 -0.869936
v 1.105784 0.244263 -0.705898
v 1.105784 0.482816 -0.673594
v 1.454120 0.469269 -0.774154
v 1.454120 0.548280 -0.766371
v 1.454120 0.182890 1.140466
v 1.105784 0.132523 1.201838
v 1.454120 0.132523 1.201838
v 1.454120 0.244262 1.090100
v 1.454120 0.314282 1.052674
v 1.454120 0.095096 1.581831
v 1.105784 0.663961 -1.572858
v 1.105784 0.866487 -1.346165
v 1.105784 0.806015 -1.492159
v 1.454120 0.843441 -1.422140
v 1.454120 0.806015 -1.492159
v 1.454120 0.755648 -1.553532
v 1.454120 0.694276 -1.603899
v 1.454120 0.624257 -1.641324
v 1.454120 0.548281 -1.664371
v 1.105784 0.843441 -1.422140
v 1.002679 0.806335 3.245548
v 0.981440 0.484150 2.935300
v 1.556620 0.911578 3.120687
v 1.556620 0.899852 3.164898
v 1.556620 0.406813 3.121419
v 1.002679 0.911578 3.120687
v 0.993550 0.368970 3.212876
v 1.568194 0.368970 3.212876
v 1.556620 0.412109 3.151892
v 1.002679 0.412109 3.151892
v 1.568194 0.429552 3.188007
v 0.993550 0.429552 3.188007
v 1.002679 0.429552 3.188007
v 1.002679 0.462745 2.961391
v 1.002679 0.440077 3.016117
v 1.002679 0.432345 3.074845
v 1.002679 0.440077 3.133573
v 1.002679 0.717980 3.294022
v 1.002679 0.772705 3.271353
v 1.002679 0.600524 3.294022
v 1.002679 0.659252 3.301753
v 0.929902 0.695669 3.329662
v 0.929902 0.740425 3.319202
v 0.929902 0.760258 3.381325
v 0.929902 0.703975 3.394314
v 0.929900 0.671258 3.396368
v 0.929902 0.782569 3.300931
v 0.929902 0.813285 3.358507
v 0.993550 0.671258 3.396368
v 0.993550 0.671256 3.331390
v 1.002679 0.695669 3.329662
v 1.002679 0.462745 3.188299
v 1.002679 0.498805 3.235293
v 1.002679 0.545799 3.271353
v 0.929902 0.961153 3.187956
v 0.929902 0.936490 3.239919
v 0.929902 0.899852 3.164898
v 0.929902 0.853681 3.243546
v 1.002679 0.853681 3.243546
v 1.002679 0.880342 3.206297
v 1.002679 0.899852 3.164898
v 0.929902 0.820734 3.275436
v 0.929902 0.902854 3.286638
v 0.929902 0.861337 3.326599
vn -0.0000 -0.8829 -0.4695
vn -0.0000 -0.9559 -0.2937
vn -0.0000 -0.7733 -0.6341
vn -0.0000 -0.9953 0.0971
vn -0.0000 -0.9953 -0.0971
vn -0.0000 -0.9559 0.2937
vn 1.0000 -0.0000 -0.0000
vn -0.0000 -0.6336 -0.7737
vn -0.0000 -0.4747 -0.8802
vn -0.0334 -0.9994 0.0001
vn -0.0333 -0.9994 -0.0000
vn 0.0001 -0.4714 0.8819
vn -0.0002 -0.4730 0.8811
vn 0.0004 -0.4745 0.8802
vn -0.0000 -0.4730 -0.8811
vn -0.0001 -0.4737 -0.8807
vn -0.0000 -0.7725 0.6351
vn 0.0002 -0.7730 0.6344
vn -0.0000 -0.8819 0.4714
vn 1.0000 -0.0029 0.0050
vn 1.0000 -0.0024 0.0030
vn -0.0000 -1.0000 -0.0000
vn -0.0000 -0.4747 0.8802
vn 1.0000 -0.0019 0.0035
vn -0.0001 -0.4737 0.8807
vn -0.0000 -0.4730 0.8811
vn -0.0000 0.9877 -0.1564
vn -0.0000 0.7071 0.7071
vn -0.0000 0.8910 0.4540
vn -1.0000 -0.0000 -0.0000
vn -0.0000 0.9877 0.1564
vn -0.0000 -0.7733 0.6341
vn -0.0000 -0.8829 0.4695
vn -0.0000 -0.6336 0.7737
vn -0.0000 -0.8819 -0.4714
vn 0.9999 0.0099 0.0030
vn -0.0000 0.7071 -0.7071
vn -0.0000 0.8910 -0.4540
vn 1.0000 -0.0013 -0.0025
vn 1.0000 -0.0018 -0.0022
vn 1.0000 -0.0020 -0.0019
vn 1.0000 -0.0018 -0.0015
vn 0.0010 -0.2852 -0.9585
vn -0.0000 -0.2892 -0.9573
vn 0.0015 -0.0980 0.9952
vn 0.0010 -0.0954 0.9954
vn -0.0000 -0.1354 0.9908
vn 0.0017 -0.0929 0.9957
vn -0.0000 0.0980 0.9952
vn 0.0017 0.0907 0.9959
vn 0.0010 -0.2903 0.9569
vn -0.0002 -0.2852 0.9585
vn -0.0000 -0.0546 0.9985
vn -0.0015 -0.0929 0.9957
vn -0.0015 0.1045 0.9945
vn -0.0017 -0.0980 0.9952
vn 0.0015 -0.1143 0.9934
vn 0.0006 -0.2852 -0.9585
vn -0.0000 -0.2874 -0.9578
vn 0.0014 -0.2910 0.9567
vn -0.0000 -0.2852 0.9585
vn 0.0012 0.0980 -0.9952
vn -0.0000 0.0927 -0.9957
vn 0.0010 -0.0980 -0.9952
vn 0.0005 -0.0954 -0.9954
vn 0.0012 -0.0940 -0.9956
vn 0.0016 0.0980 -0.9952
vn -0.0000 0.0909 -0.9959
vn 1.0000 -0.0009 -0.0000
vn 1.0000 -0.0019 -0.0016
vn -0.0000 -0.0929 -0.9957
vn 1.0000 -0.0001 -0.0014
vn -0.0000 1.0000 -0.0000
vn 1.0000 -0.0018 0.0019
vn 1.0000 -0.0002 0.0016
vn 0.0004 -0.6344 0.7730
vn 0.0002 -0.6336 0.7737
vn 1.0000 -0.0019 0.0019
vn 1.0000 -0.0002 0.0017
vn 0.0104 0.9999 -0.0010
vn 0.0106 0.9999 -0.0000
vn -0.0020 -0.0000 -1.0000
vn -0.0006 0.0015 -1.0000
vn 0.0001 0.0024 1.0000
vn -0.0006 0.0017 1.0000
vn 0.0015 -0.0980 -0.9952
vn 0.0010 -0.0954 -0.9954
vn 0.0016 -0.0944 -0.9955
vn 0.0104 0.9999 -0.0000
vn 0.0108 0.9999 0.0008
vn -0.0001 -0.0000 1.0000
vn -0.0000 0.0001 1.0000
vn -0.0001 -0.0025 -1.0000
vn 0.0006 -0.0017 -1.0000
vn 0.3408 -0.9402 -0.0000
vn 0.0104 0.9999 -0.0009
vn -0.0000 -0.3303 -0.9439
vn -0.0000 0.1547 0.9880
vn -0.0000 0.1120 -0.9937
vn -0.0000 -0.1120 -0.9937
vn -0.0000 0.9958 0.0920
vn -0.0000 -0.1547 0.9880
vn -0.0000 -0.7151 0.6990
vn -0.0000 -0.4602 0.8878
vn -0.0423 0.9948 0.0925
vn 0.0146 0.9957 0.0919
vn -0.0000 0.9958 0.0919
vn -0.0000 -0.4602 -0.8878
vn -0.0000 -0.1547 -0.9880
vn -0.0000 0.4619 -0.8869
vn -0.0000 0.1547 -0.9880
vn -0.0000 0.8977 -0.4407
vn -0.0000 0.6867 -0.7270
vn -0.0000 -0.6887 -0.7250
vn -0.0000 -0.8596 -0.5109
vn -0.0000 -0.8848 0.4659
vn -0.0000 0.7131 0.7011
vn -0.0000 0.8873 0.4612
vn -0.0000 0.9874 -0.1585
vn -0.0000 0.4619 0.8869
vn -0.0000 0.9874 0.1585
vn -0.0049 0.9957 0.0923
vn -0.0269 0.9953 0.0934
vn -0.0000 -0.7414 -0.6711
vn -0.0000 -0.1541 -0.9881
vn -0.0000 -0.8910 0.4540
vn 0.0005 0.9958 0.0920
vn -0.0000 0.9958 0.0921
vn 0.0035 0.9958 0.0919
vn -0.0171 0.9956 0.0925
vn -0.0000 -0.9002 0.4356
vn -0.0017 -0.7739 -0.6333
vn -0.0000 -0.7387 -0.6740
vn -0.0017 0.9958 0.0921
vn -0.0000 -0.9958 -0.0920
vn -0.0001 0.9958 0.0920
vn -0.0000 -0.1541 0.9881
vn 1.0000 -0.0000 -0.0001
vn -0.0000 -0.4619 0.8869
vn -0.0000 0.4497 0.8932
vn -0.0000 -0.6887 0.7250
vn -0.0000 0.4555 -0.8902
vn -0.0000 0.4556 -0.8902
vn -0.0000 -0.4619 -0.8869
vn -0.0000 -0.7151 -0.6990
vn -1.0000 0.0002 0.0002
vn -1.0000 -0.0020 -0.0000
vn -0.0000 0.7730 0.6344
vn 0.0002 0.7724 0.6351
vn -0.0000 0.8330 -0.5533
vn -0.0000 0.9780 -0.2087
vn -0.0000 -0.9770 0.2131
vn -0.0000 0.9876 -0.1569
vn -0.0000 0.1009 -0.9949
vn -0.0000 -0.1004 -0.9949
vn -0.0000 -0.2887 -0.9574
vn 0.0003 0.8822 0.4708
vn -0.0000 0.8828 0.4698
vn 1.0000 0.0035 0.0011
vn -0.0000 0.4723 -0.8814
vn -0.0000 0.2872 -0.9579
vn -0.0000 0.9088 -0.4173
vn -0.0000 -0.9082 0.4185
vn -0.0000 0.9565 0.2916
vn -0.0000 0.9810 0.1939
vn -0.0000 0.7709 -0.6370
vn -0.0009 -0.9081 0.4187
vn -0.0000 -0.9073 0.4206
vn 0.0009 -0.9081 0.4187
vn -0.0018 -0.9851 0.1721
vn -0.0000 -0.9856 0.1694
vn -0.0000 -0.9851 0.1721
vn -0.0016 -1.0000 0.0036
vn -0.9999 -0.0117 0.0020
vn -0.9999 0.0128 -0.0005
vn -0.0000 -0.9950 -0.0999
vn -0.0000 -0.9580 0.2867
vn -0.0000 -0.7741 0.6331
vn -0.0004 -0.7730 0.6344
vn -0.0000 -0.9949 0.1007
vn -0.0000 -0.9580 -0.2867
vn -0.0000 -0.7709 -0.6370
vn -0.0000 -0.8806 -0.4739
vn -0.0000 -0.6359 -0.7718
vn -0.0000 -0.4723 -0.8814
vn -0.0000 0.0073 1.0000
vn -0.0000 -0.8815 0.4722
vn -0.0004 -0.8806 0.4739
vn -0.0000 0.6359 -0.7718
vn 1.0000 -0.0001 -0.0004
vn 1.0000 0.0012 0.0020
vn -1.0000 -0.0001 0.0001
vn -1.0000 0.0007 0.0011
vn -1.0000 -0.0000 0.0002
vn -1.0000 0.0001 0.0002
vn -1.0000 -0.0000 0.0001
vn 1.0000 -0.0001 -0.0001
vn 1.0000 -0.0003 -0.0000
vn 1.0000 -0.0002 -0.0001
vn 1.0000 -0.0034 0.0010
vn 1.0000 0.0003 -0.0005
vn 1.0000 0.0001 -0.0000
vn 1.0000 -0.0005 -0.0007
vn 1.0000 0.0001 -0.0001
vn 1.0000 0.0011 -0.0001
vn -0.0000 -0.9951 -0.0990
vn -0.0000 -0.9950 0.1002
vn 1.0000 -0.0025 -0.0003
vn 0.0020 -1.0000 -0.0043
vn 0.0024 -0.9903 -0.1386
vn -0.0000 -0.9907 -0.1358
vn -0.0000 0.9892 0.1463
vn -1.0000 0.0008 0.0007
vn -0.0000 -0.9563 0.2925
vn -0.0000 -0.7719 0.6358
vn -1.0000 -0.0001 -0.0000
vn -0.0000 -0.8840 0.4675
vn -0.0000 -0.9358 -0.3526
vn -0.0000 0.8625 0.5060
vn -0.0000 -0.8579 -0.5139
vn -0.0000 -0.9903 -0.1386
vn -0.0000 -1.0000 0.0001
vn 1.0000 -0.0000 -0.0004
vn 1.0000 0.0001 -0.0003
vn -0.0000 0.9288 0.3705
vn -0.0000 0.9826 -0.1857
vn -0.0000 -0.1026 0.9947
vn -0.0000 0.1026 0.9947
vn -0.0000 0.4039 0.9148
vn -0.0000 0.2938 0.9559
vn -0.0000 -0.2955 0.9553
vn -0.0000 -0.6370 0.7708
vn -0.0000 -0.4635 0.8861
vn -0.0000 0.7140 0.7002
vn -0.0000 0.7142 0.6999
vn 0.0015 0.7147 0.6994
vn 0.0010 -0.7146 -0.6995
vn -0.0000 -0.7144 -0.6997
vn -0.0047 -0.7145 -0.6996
vn -0.0000 -0.7149 -0.6992
vn -0.0067 -0.7156 -0.6985
vn 0.0018 -0.7146 -0.6996
vn -0.0000 -0.7156 -0.6985
vn -0.0000 0.7146 0.6996
vn -1.0000 -0.0001 0.0006
vn -0.0000 0.9338 0.3579
vn 0.9999 -0.0143 -0.0033
vn -0.0000 -0.7140 -0.7001
vn 0.0003 -0.7141 -0.7001
vn -0.0000 0.9439 0.3303
vn -0.0000 0.9937 -0.1120
vn -0.0000 0.9439 -0.3303
vn -0.0000 -0.7141 -0.7000
vn -0.0000 0.9937 0.1120
vn -0.0000 0.8467 -0.5320
vn -0.0001 0.7732 0.6341
vn -0.0000 0.8819 0.4714
vn -0.0001 0.6344 0.7730
vn -0.0005 0.6360 0.7717
vn -0.0006 0.4714 0.8819
vn -0.0007 0.4717 0.8817
vn -0.0000 0.8845 -0.4665
vn -0.0005 0.8835 -0.4684
vn -0.0000 0.7629 -0.6465
vn -0.0020 0.4717 -0.8817
vn -0.0000 0.4793 -0.8777
vn -0.0000 0.2992 -0.9542
vn -0.0021 0.2903 -0.9569
vn -0.0000 0.6360 -0.7717
vn -0.0000 0.2903 0.9569
vn 0.0019 0.2822 0.9594
vn -0.0000 0.8795 -0.4759
vn -0.0011 0.8772 -0.4801
vn -0.0000 0.8835 0.4684
vn 0.0018 0.4714 0.8819
vn 0.0017 0.4717 0.8817
vn -0.0000 0.4753 -0.8798
vn -0.0009 0.4717 -0.8818
vn -0.0000 0.7744 -0.6327
vn -0.0000 0.7744 0.6327
vn 0.0015 0.6311 0.7757
vn -0.0000 0.6360 0.7717
vn -0.0010 0.2903 -0.9569
vn -0.0000 0.2945 -0.9557
vn -0.0000 0.2870 0.9579
vn -0.0008 0.2903 0.9569
vn -0.0001 -1.0000 0.0001
vn -0.0012 -1.0000 0.0002
vn 0.0028 -1.0000 -0.0000
vn 0.0017 -1.0000 -0.0000
vn 0.0001 -1.0000 0.0001
vn 0.0012 -1.0000 0.0002
vn -0.0027 -1.0000 -0.0000
vn -0.0017 -1.0000 -0.0000
vn -0.0002 -1.0000 0.0001
vn -0.0000 1.0000 -0.0003
vn -0.0000 0.8909 -0.4543
vn -0.0000 0.8908 -0.4545
vn -0.0000 0.8932 0.4497
vn -0.0005 0.8932 -0.4497
vn -0.0000 0.8920 -0.4520
vn -0.0000 -1.0000 0.0002
vn -0.0000 0.9003 0.4353
vn -0.0025 0.6279 0.7783
vn -0.0000 0.6191 0.7853
vn -0.0028 0.4714 0.8819
vn -0.0028 0.4717 0.8817
vn -0.0000 0.4617 -0.8870
vn 0.0026 0.4717 -0.8817
vn -0.0000 0.2785 -0.9604
vn 0.0028 0.2903 -0.9569
vn -0.0000 0.8869 0.4619
vn -0.0010 0.8981 -0.4399
vn -0.0000 0.9003 -0.4353
vn -0.0000 0.8834 -0.4686
vn -0.0000 0.8835 -0.4684
vn -0.0030 0.3028 0.9531
vn -0.0000 -0.9569 -0.2903
vn 0.0002 -0.9567 -0.2911
vn -0.0000 -0.8826 0.4702
vn 0.0002 -0.9952 -0.0975
vn -0.0000 -0.9953 -0.0966
vn -0.0000 -0.9952 0.0979
vn -0.0000 -0.9952 -0.0979
vn -0.0000 -0.9567 0.2910
vn 0.0002 -0.9569 0.2903
vn 0.0002 -0.9953 0.0966
vn -0.0000 -0.9952 0.0974
vn -0.0000 -0.7701 -0.6379
vn -0.0000 -0.6362 -0.7715
vn -0.0000 -0.8826 -0.4702
vn -0.0000 -0.9570 -0.2900
vn 0.0015 -0.4687 -0.8834
vn -0.0000 -0.4786 -0.8780
vn -0.0000 -0.4553 -0.8903
vn -0.0000 -0.4554 -0.8903
vn -0.0000 -0.4554 0.8903
vn 0.0011 -0.2907 0.9568
vn -0.0000 -0.2864 0.9581
vn 0.0010 -0.2864 -0.9581
vn -0.0000 -0.2907 -0.9568
vn 0.0015 -0.4687 0.8834
vn -0.0000 -0.4786 0.8780
vn -0.0004 -0.0762 -0.9971
vn -0.0000 -0.7701 0.6379
vn -0.0012 -0.0980 0.9952
vn 0.0011 -0.1097 0.9940
vn -0.0000 -0.9570 0.2900
vn -0.0000 -0.6362 0.7715
vn -0.0004 0.0980 -0.9952
vn -0.0000 0.0996 -0.9950
vn -0.0012 -0.0980 -0.9952
vn 0.0011 -0.1097 -0.9940
vn -0.0000 -0.0673 0.9977
vn -0.0004 -0.0765 0.9971
vn -0.0004 0.0996 0.9950
vn 1.0000 -0.0009 0.0003
vn 1.0000 0.0005 -0.0002
vn 1.0000 -0.0011 -0.0010
vn 0.9999 -0.0105 -0.0010
vn 0.9999 -0.0105 0.0010
vn 1.0000 0.0002 -0.0003
vn 1.0000 -0.0000 -0.0003
vn -0.0000 -0.0765 -0.9971
vn 1.0000 -0.0001 0.0016
vn 0.0004 -0.0010 1.0000
vn -0.0000 -0.0014 1.0000
vn 1.0000 0.0011 0.0010
vn 1.0000 -0.0005 0.0002
vn 1.0000 -0.0002 0.0003
vn -0.0007 0.0018 -1.0000
vn 0.0001 0.0026 -1.0000
vn 0.3408 -0.9401 -0.0000
vn -0.0000 -0.7103 0.7039
vn -0.0000 0.5289 -0.8487
vn -0.0000 -0.8459 0.5333
vn -0.0000 -0.8460 0.5333
vn -0.0000 0.1128 -0.9936
vn -0.0000 -0.1124 -0.9937
vn -0.0000 0.5287 0.8488
vn -0.0000 0.3301 0.9439
vn -0.0000 0.3302 0.9439
vn -0.0000 0.1053 0.9944
vn -0.0004 -0.5282 -0.8491
vn -0.0000 -0.5271 -0.8498
vn -0.0000 -0.5282 -0.8491
vn -0.0000 0.7057 -0.7086
vn -0.0000 0.8496 -0.5274
vn -0.0000 -0.1131 0.9936
vn -0.0000 -0.5336 0.8457
vn -0.0000 -0.3312 0.9436
vn -0.0000 0.3371 -0.9415
vn -0.0000 -0.3383 -0.9410
vn -1.0000 -0.0007 0.0011
vn -0.0000 -0.5348 -0.8450
vn -0.0000 0.7054 -0.7089
vn -0.0000 0.7053 -0.7089
vn -0.0000 -0.7057 -0.7086
vn -1.0000 0.0008 0.0013
vn -1.0000 -0.0000 0.0003
vn -1.0000 -0.0001 -0.0001
vn 1.0000 -0.0001 -0.0002
vn 1.0000 0.0013 -0.0010
vn 1.0000 -0.0000 -0.0002
vn 1.0000 -0.0018 0.0002
vn -0.0000 0.5338 -0.8456
vn -0.0000 0.3308 -0.9437
vn 1.0000 0.0023 -0.0000
vn 1.0000 0.0004 -0.0002
vn 1.0000 0.0018 0.0004
vn 1.0000 0.0008 -0.0001
vn -0.0000 -0.9944 0.1052
vn -0.0000 0.9423 -0.3347
vn -0.0000 -0.9443 0.3291
vn -1.0000 0.0065 0.0015
vn -0.0005 0.9958 0.0910
vn -0.0000 -0.8821 -0.4711
vn -0.0007 0.9939 -0.1101
vn -0.0000 0.9941 -0.1083
vn 1.0000 0.0025 0.0010
vn -0.0003 -0.7150 -0.6991
vn -0.0000 0.8496 -0.5273
vn -1.0000 0.0001 0.0004
vn -1.0000 -0.0020 -0.0010
vn -1.0000 -0.0006 -0.0011
vn -0.0000 -0.8470 -0.5316
vn -0.0000 0.9939 -0.1101
vn 0.0005 0.9941 -0.1084
vn 1.0000 -0.0089 -0.0020
vn 0.0004 0.9958 0.0910
vn -0.0000 -0.7761 -0.6305
vn -0.0000 -0.6302 -0.7764
vn -0.0000 -0.9952 -0.0983
vn -0.0000 -0.9570 0.2902
vn -0.0000 -0.9569 0.2903
vn -0.0000 -0.8804 -0.4743
vn -0.0000 0.1687 0.9857
vn -0.0000 -0.1522 -0.9883
vn -0.0000 0.8940 -0.4481
vn -0.0000 0.8940 -0.4480
vn -0.0000 0.9874 -0.1583
vn -0.0000 0.7029 -0.7113
vn -0.0000 0.4576 -0.8891
vn -0.0000 0.1522 -0.9883
vn -0.0000 -0.9951 0.0991
vn -0.0004 0.8869 -0.4619
vn -0.0000 0.8879 -0.4600
vn -0.0000 0.7761 -0.6305
vn -0.0000 0.8812 -0.4727
vn -0.0004 0.8804 -0.4743
vn -1.0000 0.0006 0.0006
vn -1.0000 0.0005 0.0009
vn -1.0000 -0.0004 0.0023
vn -1.0000 0.0002 0.0014
vn -1.0000 0.0035 -0.0018
vn -0.9999 -0.0047 0.0096
vn 1.0000 -0.0015 0.0007
vn 1.0000 -0.0002 -0.0011
vn 1.0000 0.0018 -0.0057
vn -1.0000 0.0006 0.0003
vn -1.0000 0.0006 0.0001
vn -0.0000 0.7029 0.7113
vn -0.0000 -0.4396 0.8982
vn -0.0000 -0.1687 0.9857
vn -0.0000 -0.7110 0.7032
vn -0.0000 0.4441 0.8960
vn -0.0000 0.8940 0.4481
vn -0.0000 0.8940 0.4480
vn -0.0000 0.9878 0.1557
vn 1.0000 -0.0004 -0.0004
vn 1.0000 -0.0004 -0.0007
vn -1.0000 0.0003 -0.0006
vn -1.0000 0.0004 -0.0004
vn -1.0000 -0.0001 -0.0009
vn -1.0000 0.0001 -0.0007
vn -1.0000 0.0006 -0.0001
vn -1.0000 0.0005 -0.0002
vn 1.0000 -0.0002 0.0004
vn 1.0000 -0.0003 0.0003
vn 1.0000 0.0001 0.0007
vn 1.0000 -0.0001 0.0006
vn 1.0000 -0.0004 0.0001
vn 1.0000 -0.0004 0.0002
vn 1.0000 0.0004 0.0009
vn -0.0000 -0.7064 -0.7079
vn -0.0000 -0.4531 -0.8915
vn 1.0000 -0.0005 -0.0002
vn 1.0000 -0.0005 -0.0001
vn 1.0000 -0.0045 -0.0006
vn -1.0000 0.0058 0.0007
vn 0.0006 -0.4735 0.8808
vn 0.0100 0.9999 -0.0000
vn 0.0101 0.9999 -0.0000
vn 0.0103 0.9999 0.0016
vn 1.0000 -0.0003 -0.0001
vn 1.0000 0.0002 -0.0007
vn -0.0327 -0.9995 -0.0000
vn -0.0368 -0.9993 0.0027
vn -0.0000 -0.0000 -1.0000
vn -0.0000 -0.0000 1.0000
vn 0.9999 -0.0103 -0.0010
vn 1.0000 -0.0054 -0.0000
vn 1.0000 -0.0001 -0.0003
vn 1.0000 -0.0010 -0.0010
vn 0.3407 -0.9402 -0.0000
vn 1.0000 -0.0009 0.0043
vn -0.0000 -0.4737 0.8807
vn 1.0000 -0.0018 0.0034
vn 0.9999 -0.0080 -0.0066
vn 1.0000 0.0004 0.0019
vn 1.0000 0.0004 0.0013
vn 1.0000 0.0005 0.0010
vn 1.0000 0.0001 0.0016
vn -0.0000 -0.0967 -0.9953
vn -0.0009 -0.2903 0.9569
vn 0.0009 -0.2975 0.9547
vn 0.0007 -0.0980 0.9952
vn -0.0009 -0.0900 0.9959
vn -0.0000 -0.1148 0.9934
vn 0.0007 -0.0967 0.9953
vn -0.0000 0.0906 -0.9959
vn -0.0000 0.4769 -0.8790
vn -0.0000 0.4768 -0.8790
vn 0.0004 -0.4768 -0.8790
vn -0.0000 -0.4793 -0.8777
vn 0.0005 -0.6344 0.7730
vn -0.0000 -0.6327 0.7744
vn 0.0004 -0.4714 0.8819
vn 0.0009 -0.4680 0.8837
vn -0.0000 -0.2899 -0.9571
vn -0.0000 -0.0900 -0.9959
vn 0.0002 -0.0911 -0.9958
vn -0.0000 0.2899 -0.9571
vn -0.0000 -0.4738 -0.8806
vn -0.0000 -0.4737 -0.8807
vn -0.0000 0.6302 -0.7764
vn 0.0005 0.4714 0.8819
vn 0.0008 0.4705 0.8824
vn 0.0008 0.2903 0.9569
vn -0.0009 0.2975 0.9547
vn -0.0009 0.0980 0.9952
vn 0.0008 0.0906 0.9959
vn -0.0000 0.6344 0.7730
vn 0.0004 0.6331 0.7741
vn -0.0001 0.9937 -0.1121
vn -0.0000 0.9939 -0.1105
vn -0.0000 -0.9005 0.4349
vn 0.0001 -0.9005 0.4349
vn -0.0000 0.9953 0.0965
vn -0.0000 0.9010 -0.4337
vn -0.0000 0.9529 0.3034
vn 0.8363 0.4106 0.3633
vn 0.7650 0.6360 -0.1010
vn -0.0000 0.8691 0.4946
vn -0.0000 0.9849 -0.1730
vn -0.0001 0.9852 -0.1712
vn -0.0000 0.7489 0.6627
vn -0.0008 -0.9004 0.4350
vn 0.8723 0.2909 0.3931
vn 0.9746 -0.1854 0.1258
vn -0.0000 0.4103 0.9120
vn -0.0000 0.2164 0.9763
vn -0.0000 0.5949 0.8038
vn -0.0000 -0.4012 0.9160
vn -0.0000 -0.4011 0.9160
vn -0.0000 -0.2008 0.9796
vn -0.0000 -0.5797 0.8149
vn -0.0000 -0.9480 0.3182
vn -0.0000 -0.9795 0.2013
vn -0.0000 -0.7385 0.6742
vn -0.0000 -0.7386 0.6742
vn -0.0000 -0.8636 0.5041
vn 0.0003 -0.4685 0.8835
vn -0.0000 -0.0822 0.9966
vn -0.0000 -0.0825 0.9966
vn 0.0006 -0.4714 0.8819
vn 0.0007 -0.4709 0.8822
vn -0.0000 -0.1048 -0.9945
vn -0.0008 -0.1009 -0.9949
vn -0.0000 -0.4709 -0.8822
vn 0.0001 -0.4699 -0.8827
vn 0.3410 -0.9401 -0.0000
vn -0.0340 -0.9994 0.0003
vn -0.0335 -0.9994 -0.0000
vn -0.0011 -0.0000 1.0000
vn -0.0003 0.0008 1.0000
vn -0.0006 -0.0000 -1.0000
vn -0.0002 0.0005 -1.0000
vn 0.0006 -0.2903 0.9569
vn 0.0007 -0.2907 0.9568
vn 0.0007 -0.1048 0.9945
vn -0.0007 -0.0981 0.9952
vn -0.0335 -0.9994 -0.0002
vn -0.0336 -0.9994 -0.0000
vn 1.0000 -0.0028 0.0050
vn 1.0000 -0.0024 0.0029
vn -0.0000 -0.4686 0.8834
vn 1.0000 -0.0018 0.0035
vn 0.0002 -0.6344 0.7730
vn -0.0006 -0.6314 0.7755
vn 0.9998 -0.0194 -0.0081
vn 1.0000 -0.0018 -0.0042
vn -0.0000 -0.6314 -0.7755
vn -0.0000 -0.4686 -0.8834
vn -0.0000 -0.0824 -0.9966
vn -0.0000 -0.7746 0.6325
vn -0.0006 -0.7730 0.6344
vn -0.0000 -0.7746 -0.6325
vn 0.0102 0.9999 0.0017
vn -0.0006 0.6344 0.7730
vn 0.0003 0.6314 0.7755
vn 0.0003 0.4714 0.8819
vn 0.0007 0.4699 0.8827
vn 0.0006 0.0986 0.9951
vn -0.0000 0.1014 0.9948
vn -0.0000 -0.0825 -0.9966
vn 1.0000 -0.0001 0.0017
vn 1.0000 0.0002 0.0016
vn 0.9999 0.0065 0.0079
vn 1.0000 0.0006 0.0010
vn 1.0000 0.0004 0.0014
vn -0.0000 0.8909 0.4543
vn -0.0006 0.7745 0.6325
vn 0.0006 0.2903 0.9569
vn 0.0005 0.2907 0.9568
vn 0.9735 0.2027 0.1061
vn -0.0000 0.6314 -0.7755
vn -0.0000 0.7732 -0.6342
vn 0.0096 1.0000 -0.0014
vn 0.0102 0.9999 -0.0000
vn -0.0000 0.1014 -0.9948
vn 0.9999 0.0081 -0.0066
vn 1.0000 0.0006 -0.0016
vn -0.0000 0.4699 -0.8827
vn -0.0000 0.2907 -0.9568
vn -0.0000 0.8829 -0.4695
vn -0.0000 0.9569 -0.2903
vn 1.0000 0.0005 -0.0009
vn 1.0000 0.0005 -0.0007
vn 1.0000 0.0004 -0.0012
vn 1.0000 0.0001 -0.0014
vn -0.0003 -0.6936 0.7203
vn -0.0002 -0.6935 0.7204
vn -0.0002 0.7730 0.6344
vn 0.0002 0.7707 0.6372
vn -0.0001 0.9239 0.3827
vn -0.0001 0.9240 0.3825
vn 0.0002 0.9046 0.4263
vn -0.0000 0.9047 0.4260
vn -0.0000 0.8132 0.5820
vn 0.0003 0.8129 0.5824
vn -0.0002 0.9914 -0.1305
vn 0.0001 0.9916 -0.1291
vn -0.0001 0.9914 0.1305
vn -0.0002 0.9915 0.1299
vn 1.0000 -0.0001 -0.0000
vn 0.0012 1.0000 -0.0000
vn -0.0000 1.0000 0.0012
vn -0.0000 -0.6088 -0.7933
vn 0.0002 -0.6099 -0.7924
vn -0.0000 -0.3827 -0.9239
vn 0.0006 -0.3797 -0.9251
vn 0.0006 -0.1305 -0.9914
vn 0.0005 -0.1309 -0.9914
vn 0.0006 0.1305 -0.9914
vn 0.0006 0.1304 -0.9915
vn 0.0004 0.3827 -0.9239
vn -0.0002 0.3797 -0.9251
vn -0.0000 0.7934 -0.6088
vn 0.0004 0.7945 -0.6073
vn -0.0000 0.0706 0.9975
vn 0.0001 0.0709 0.9975
vn -0.0002 0.6088 -0.7934
vn -0.0001 0.6095 -0.7928
vn 0.0003 0.9239 -0.3827
vn -0.0002 0.9230 -0.3848
vn -1.0000 0.0058 -0.0010
vn 0.0114 -0.9018 0.4319
vn -1.0000 -0.0036 0.0022
vn -1.0000 -0.0013 0.0012
vn -1.0000 -0.0001 0.0005
vn -1.0000 -0.0006 0.0008
vn -1.0000 -0.0003 0.0006
vn -0.0000 -0.6232 0.7821
vn -0.0000 -0.7480 0.6637
vn 0.0111 -0.8562 0.5165
vn -0.0000 -0.8548 0.5189
vn 1.0000 -0.0000 -0.0034
vn -0.0000 0.1291 -0.9916
vn 1.0000 0.0014 -0.0044
vn -0.0000 0.3074 -0.9516
vn 1.0000 -0.0035 -0.0022
vn -0.0000 0.2277 0.9737
vn 0.0001 0.2276 0.9738
vn -0.0000 0.7526 -0.6585
vn -0.0000 0.8603 -0.5099
vn -0.0000 0.6215 -0.7834
vn -0.0000 0.4714 -0.8819
vn -0.0000 -0.4695 0.8829
vn -0.0000 -0.8563 0.5165
vn -0.0000 -0.8563 0.5166
vn 1.0000 0.0034 -0.0026
vn 1.0000 0.0035 -0.0031
vn 1.0000 0.0006 -0.0043
vn -0.0000 -0.1287 0.9917
vn -0.0000 -0.3012 0.9536
vn 1.0000 0.0028 -0.0036
vn -0.0000 0.9666 0.2564
vn 0.0052 0.9662 0.2576
vn 0.0049 0.9042 0.4272
vn -0.0002 -0.8116 -0.5843
vn 0.0001 -0.8099 -0.5866
vn -0.0000 0.8155 0.5787
vn -0.0000 0.6920 0.7219
vn -0.0000 -0.9660 -0.2587
vn -0.0000 -0.9659 -0.2591
vn 1.0000 0.0027 -0.0035
vn 1.0000 0.0027 -0.0034
vn 1.0000 0.0016 -0.0039
vn 1.0000 0.0022 -0.0041
vn -0.0000 0.5552 0.8317
vn 0.0011 0.5555 0.8315
vn 0.0013 0.5552 0.8317
vn 1.0000 -0.0025 -0.0037
vn -1.0000 -0.0000 0.0004
vn 0.0001 -0.9034 -0.4288
vn 0.0001 -0.9035 -0.4286
vn -1.0000 0.0001 0.0001
vn -1.0000 -0.0001 0.0015
vn -0.0000 -0.0627 -0.9980
vn -0.0000 -0.0626 -0.9980
vn -0.0000 -0.0275 -0.9996
vn -0.0009 -0.0473 -0.9989
vn 0.0014 0.3978 0.9175
vn 0.0003 0.3994 0.9168
vn 1.0000 -0.0016 -0.0039
vn 1.0000 -0.0017 -0.0040
vn 0.1225 0.0244 0.9922
vn -0.0000 0.0491 0.9988
vn -0.0000 0.0493 0.9988
vn -0.0000 0.0492 0.9988
vn -0.0000 0.2276 0.9737
vn -0.0000 -0.2249 -0.9744
vn 0.0001 -0.2234 -0.9747
vn 0.0002 -0.6935 -0.7205
vn -0.0002 -0.6966 -0.7174
vn -0.0001 -0.5532 -0.8331
vn 0.0002 -0.5502 -0.8350
vn 1.0000 -0.0002 -0.0044
vn 1.0000 -0.0025 -0.0033
vn -0.0000 0.6955 0.7185
vn 0.0013 0.6940 0.7200
vn -0.0000 0.3995 0.9168
vn -0.0000 0.3994 0.9168
vn 0.0002 -0.3953 -0.9186
vn -0.0001 -0.3978 -0.9175
s 0
f 902//571 939//571 940//571
f 902//571 940//571 901//571
f 901//572 940//572 937//572
f 901//572 937//572 899//572
f 905//573 934//573 939//573
f 905//573 939//573 902//573
f 900//574 936//574 935//574
f 900//574 935//574 898//574
f 899//575 937//575 936//575
f 899//575 936//575 900//575
f 898//576 935//576 938//576
f 898//576 938//576 897//576
f 934//577 919//577 939//577
f 938//577 935//577 941//577
f 936//577 937//577 935//577
f 904//578 932//578 934//578
f 904//578 934//578 905//578
f 919//577 941//577 935//577
f 919//577 935//577 937//577
f 937//577 940//577 939//577
f 937//577 939//577 919//577
f 1541//577 1542//577 1539//577
f 904//579 928//579 931//579
f 904//579 931//579 932//579
f 920//580 933//580 1528//580
f 920//581 1528//581 918//581
f 931//581 933//581 920//581
f 931//581 920//581 919//581
f 1518//582 1536//582 927//582
f 1518//583 927//583 908//583
f 927//584 1536//584 929//584
f 903//585 906//585 928//585
f 903//586 928//586 904//586
f 1538//587 1539//587 930//587
f 1538//588 930//588 1537//588
f 1540//589 1541//589 1539//589
f 1540//589 1539//589 1538//589
f 930//590 1539//590 1528//590
f 930//591 1528//591 929//591
f 933//592 931//592 928//592
f 933//592 928//592 927//592
f 933//593 927//593 929//593
f 933//594 929//594 1528//594
f 919//577 934//577 932//577
f 919//577 932//577 931//577
f 926//577 941//577 919//577
f 881//585 891//585 948//585
f 881//586 948//586 882//586
f 882//579 948//579 947//579
f 882//579 947//579 944//579
f 892//595 895//595 949//595
f 892//596 949//596 893//596
f 1553//597 1552//597 1551//597
f 1553//597 1551//597 1550//597
f 1558//598 1559//598 1556//598
f 1558//598 1556//598 1557//598
f 1557//599 1556//599 1555//599
f 1557//599 1555//599 1554//599
f 949//600 948//600 891//600
f 949//600 891//600 893//600
f 948//592 949//592 950//592
f 948//592 950//592 947//592
f 946//577 926//577 950//577
f 946//593 950//593 949//593
f 949//593 895//593 946//593
f 924//581 950//581 926//581
f 924//581 926//581 925//581
f 924//581 1531//581 947//581
f 924//581 947//581 950//581
f 1554//601 1555//601 1552//601
f 1554//601 1552//601 1553//601
f 896//602 941//602 945//602
f 896//602 945//602 894//602
f 897//603 938//603 941//603
f 897//603 941//603 896//603
f 894//604 945//604 946//604
f 894//604 946//604 895//604
f 942//573 1508//573 883//573
f 942//573 883//573 943//573
f 1543//605 1544//605 1508//605
f 1543//605 1508//605 942//605
f 882//578 944//578 943//578
f 882//578 943//578 883//578
f 1543//606 942//606 1545//606
f 1548//607 1549//607 1546//607
f 1548//607 1546//607 1547//607
f 1550//608 1551//608 1547//608
f 1550//608 1547//608 1546//608
f 926//577 946//577 945//577
f 926//577 945//577 941//577
f 944//609 947//609 1531//609
f 944//610 1531//610 943//610
f 1531//611 1545//611 942//611
f 1531//612 942//612 943//612
f 1516//600 1517//600 903//600
f 1516//600 903//600 904//600
f 1516//600 904//600 905//600
f 1516//600 905//600 902//600
f 1517//613 907//613 906//613
f 1517//614 906//614 903//614
f 1516//600 898//600 897//600
f 1516//600 897//600 896//600
f 1516//600 899//600 900//600
f 1516//600 900//600 898//600
f 1516//600 902//600 901//600
f 1516//600 901//600 899//600
f 910//615 1520//615 1519//615
f 910//616 1519//616 909//616
f 1520//617 910//617 912//617
f 1520//618 912//618 913//618
f 1521//619 1522//619 1520//619
f 1521//620 1520//620 913//620
f 909//621 1519//621 1518//621
f 909//622 1518//622 908//622
f 909//600 908//600 906//600
f 909//600 906//600 907//600
f 907//600 911//600 910//600
f 907//600 910//600 909//600
f 892//600 1510//600 1516//600
f 892//600 1516//600 895//600
f 1509//623 884//623 886//623
f 1509//624 886//624 887//624
f 1511//619 1512//619 1509//619
f 1511//625 1509//625 887//625
f 888//600 889//600 884//600
f 888//600 884//600 885//600
f 1506//600 1507//600 881//600
f 1506//600 881//600 882//600
f 883//600 1508//600 1506//600
f 883//600 1506//600 882//600
f 884//626 1509//626 1510//626
f 884//627 1510//627 885//627
f 1507//628 888//628 891//628
f 1507//629 891//629 881//629
f 885//630 1510//630 892//630
f 885//631 892//631 893//631
f 1516//600 896//600 894//600
f 1516//600 894//600 895//600
f 890//632 1515//632 1513//632
f 890//633 1513//633 1514//633
f 1507//634 1515//634 889//634
f 1507//635 889//635 888//635
f 890//636 889//636 1515//636
f 914//637 1525//637 1523//637
f 914//638 1523//638 1524//638
f 927//600 928//600 906//600
f 927//600 906//600 908//600
f 919//639 1526//639 1530//639
f 919//639 1530//639 926//639
f 1514//577 1533//577 1529//577
f 1514//640 1529//640 890//640
f 916//641 911//641 914//641
f 916//642 914//642 1526//642
f 916//643 912//643 910//643
f 916//643 910//643 911//643
f 1524//577 1532//577 1526//577
f 1524//640 1526//640 914//640
f 1530//644 1511//644 887//644
f 1530//645 887//645 886//645
f 885//600 893//600 891//600
f 885//600 891//600 888//600
f 929//646 1536//646 1537//646
f 929//647 1537//647 930//647
f 923//641 889//641 890//641
f 923//642 890//642 1529//642
f 884//643 889//643 923//643
f 884//643 923//643 886//643
f 1530//577 1535//577 1534//577
f 1530//577 1534//577 1511//577
f 1527//648 1521//648 913//648
f 1527//649 913//649 912//649
f 915//650 1527//650 912//650
f 915//651 912//651 916//651
f 918//652 1528//652 1527//652
f 918//653 1527//653 915//653
f 1526//654 919//654 920//654
f 1526//655 920//655 917//655
f 1517//656 1525//656 911//656
f 1517//657 911//657 907//657
f 914//658 911//658 1525//658
f 1526//659 917//659 915//659
f 1526//660 915//660 916//660
f 1529//661 1531//661 924//661
f 1529//662 924//662 921//662
f 925//663 926//663 1530//663
f 925//664 1530//664 922//664
f 924//665 925//665 922//665
f 924//665 922//665 921//665
f 920//665 918//665 915//665
f 920//665 915//665 917//665
f 922//660 923//660 1529//660
f 922//659 1529//659 921//659
f 922//666 1530//666 886//666
f 922//651 886//651 923//651
f 986//600 989//600 997//600
f 986//600 997//600 961//600
f 1583//667 1584//667 1581//667
f 1583//667 1581//667 1582//667
f 961//600 996//600 990//600
f 961//600 990//600 986//600
f 983//600 995//600 961//600
f 983//600 961//600 981//600
f 978//600 981//600 961//600
f 992//668 995//668 983//668
f 992//668 983//668 982//668
f 998//600 999//600 961//600
f 998//600 961//600 995//600
f 1587//669 1588//669 1586//669
f 1587//669 1586//669 1585//669
f 1585//670 1586//670 1584//670
f 1585//670 1584//670 1583//670
f 1568//671 1580//671 977//671
f 1568//671 977//671 960//671
f 994//577 988//577 987//577
f 994//577 987//577 976//577
f 982//672 983//672 981//672
f 982//672 981//672 980//672
f 984//673 985//673 979//673
f 984//673 979//673 978//673
f 980//674 981//674 978//674
f 980//674 978//674 979//674
f 976//675 977//675 1580//675
f 976//676 1580//676 955//676
f 954//677 961//677 976//677
f 954//677 976//677 955//677
f 979//577 976//577 980//577
f 991//577 993//577 976//577
f 991//577 976//577 987//577
f 976//577 992//577 982//577
f 976//577 982//577 980//577
f 988//678 989//678 986//678
f 988//678 986//678 987//678
f 990//679 991//679 987//679
f 990//679 987//679 986//679
f 1009//680 1011//680 993//680
f 1009//680 993//680 996//680
f 996//681 993//681 991//681
f 996//681 991//681 990//681
f 1010//682 1008//682 1007//682
f 1010//682 1007//682 1006//682
f 1011//577 1010//577 976//577
f 1011//577 976//577 993//577
f 1008//683 1010//683 1011//683
f 1008//683 1011//683 1009//683
f 994//684 997//684 989//684
f 994//684 989//684 988//684
f 961//685 997//685 994//685
f 961//685 994//685 976//685
f 977//686 985//686 984//686
f 977//686 984//686 960//686
f 984//600 978//600 961//600
f 984//600 961//600 960//600
f 976//577 979//577 985//577
f 976//577 985//577 977//577
f 976//577 1010//577 1006//577
f 976//577 1006//577 1005//577
f 998//687 1003//687 1002//687
f 998//687 1002//687 999//687
f 999//688 1002//688 1004//688
f 999//688 1004//688 1000//688
f 976//577 1005//577 1004//577
f 976//577 1004//577 1002//577
f 1000//600 1001//600 961//600
f 1000//600 961//600 999//600
f 976//577 1002//577 1003//577
f 976//577 1003//577 992//577
f 1007//600 1008//600 961//600
f 1007//600 961//600 1001//600
f 961//600 1008//600 1009//600
f 961//600 1009//600 996//600
f 1006//689 1007//689 1001//689
f 1006//689 1001//689 1005//689
f 1003//690 998//690 995//690
f 1003//690 995//690 992//690
f 1000//691 1004//691 1005//691
f 1000//691 1005//691 1001//691
f 1560//692 951//692 955//692
f 1560//677 955//677 1580//677
f 954//600 1553//600 1550//600
f 954//600 1550//600 1546//600
f 954//600 1557//600 1554//600
f 954//600 1554//600 1553//600
f 954//600 1546//600 1549//600
f 954//600 1549//600 962//600
f 1567//671 1573//671 1569//671
f 1567//693 1569//693 954//693
f 1573//671 1567//671 1574//671
f 1574//694 1579//694 1578//694
f 1574//694 1578//694 1563//694
f 966//695 967//695 964//695
f 966//695 964//695 965//695
f 1566//696 1576//696 1577//696
f 1566//696 1577//696 1575//696
f 1558//600 1557//600 954//600
f 1558//600 954//600 963//600
f 1575//697 1567//697 951//697
f 1575//698 951//698 1566//698
f 961//699 954//699 1569//699
f 961//700 1569//700 960//700
f 954//701 955//701 952//701
f 954//701 952//701 953//701
f 951//702 1567//702 956//702
f 951//703 956//703 957//703
f 1566//704 951//704 1560//704
f 1566//671 1560//671 1563//671
f 1562//671 1563//671 1560//671
f 1562//671 1560//671 1561//671
f 1564//577 1565//577 1561//577
f 1564//577 1561//577 1560//577
f 1571//600 1572//600 1570//600
f 1571//600 1570//600 1569//600
f 1564//705 1572//705 1571//705
f 1564//705 1571//705 1565//705
f 1569//671 1570//671 1568//671
f 1569//706 1568//706 960//706
f 951//577 958//577 952//577
f 951//577 952//577 955//577
f 956//600 1567//600 954//600
f 956//600 954//600 959//600
f 971//707 973//707 974//707
f 971//707 974//707 972//707
f 973//668 971//668 970//668
f 973//668 970//668 963//668
f 957//577 969//577 964//577
f 957//708 964//708 951//708
f 1548//577 1547//577 951//577
f 1548//577 951//577 968//577
f 967//577 968//577 951//577
f 967//577 951//577 964//577
f 954//600 974//600 973//600
f 954//600 973//600 963//600
f 953//600 975//600 974//600
f 953//600 974//600 954//600
f 972//709 974//709 975//709
f 972//709 975//709 958//709
f 1559//710 1558//710 963//710
f 1559//710 963//710 970//710
f 958//711 975//711 953//711
f 958//711 953//711 952//711
f 951//577 1547//577 1551//577
f 951//577 1551//577 1552//577
f 1549//712 1548//712 968//712
f 1549//713 968//713 962//713
f 966//600 965//600 954//600
f 966//600 954//600 962//600
f 965//714 964//714 969//714
f 965//714 969//714 959//714
f 962//681 968//681 967//681
f 962//681 967//681 966//681
f 959//715 969//715 957//715
f 959//715 957//715 956//715
f 958//577 951//577 972//577
f 951//577 1552//577 1555//577
f 951//577 1555//577 1556//577
f 971//577 972//577 951//577
f 971//577 951//577 970//577
f 959//600 954//600 965//600
f 951//577 1556//577 1559//577
f 951//577 1559//577 970//577
f 1047//716 1607//716 1608//716
f 1047//717 1608//717 1049//717
f 1053//600 1052//600 1047//600
f 1053//600 1047//600 1051//600
f 1608//718 1609//718 1600//718
f 1608//719 1600//719 1049//719
f 1037//720 1047//720 1052//720
f 1037//720 1052//720 1038//720
f 1053//600 1054//600 1055//600
f 1053//600 1055//600 1052//600
f 1056//721 1058//721 1059//721
f 1056//721 1059//721 1057//721
f 1039//722 1060//722 1061//722
f 1039//722 1061//722 1040//722
f 1049//600 1051//600 1047//600
f 1610//723 1611//723 1056//723
f 1610//723 1056//723 1057//723
f 1023//724 1043//724 1044//724
f 1023//724 1044//724 1024//724
f 1024//725 1044//725 1034//725
f 1024//725 1034//725 1025//725
f 1022//600 1047//600 1045//600
f 1022//600 1045//600 1046//600
f 1022//600 1046//600 1048//600
f 1022//600 1048//600 1023//600
f 1025//726 1034//726 1017//726
f 1025//726 1017//726 1016//726
f 1049//727 1600//727 1050//727
f 1049//728 1050//728 1051//728
f 1050//729 1600//729 1041//729
f 1042//730 1048//730 1046//730
f 1042//730 1046//730 1035//730
f 1048//731 1042//731 1043//731
f 1048//731 1043//731 1023//731
f 1615//732 1616//732 1059//732
f 1615//732 1059//732 1058//732
f 1052//733 1618//733 1617//733
f 1052//733 1617//733 1038//733
f 1041//734 1053//734 1051//734
f 1041//734 1051//734 1050//734
f 1041//735 1599//735 1614//735
f 1041//735 1614//735 1053//735
f 1036//736 1045//736 1047//736
f 1036//736 1047//736 1037//736
f 1064//737 1618//737 1052//737
f 1064//738 1052//738 1055//738
f 1059//600 1616//600 1618//600
f 1059//600 1618//600 1064//600
f 1038//739 1617//739 1060//739
f 1038//738 1060//738 1039//738
f 1617//577 1615//577 1058//577
f 1617//577 1058//577 1060//577
f 1056//577 1611//577 1612//577
f 1056//577 1612//577 1061//577
f 1062//740 1613//740 1063//740
f 1062//741 1063//741 1054//741
f 1612//742 1598//742 1040//742
f 1612//742 1040//742 1061//742
f 1056//577 1061//577 1060//577
f 1056//577 1060//577 1058//577
f 1062//743 1614//743 1613//743
f 1064//600 1063//600 1057//600
f 1064//600 1057//600 1059//600
f 1613//600 1610//600 1057//600
f 1613//600 1057//600 1063//600
f 1614//744 1062//744 1054//744
f 1614//745 1054//745 1053//745
f 1063//722 1064//722 1055//722
f 1063//722 1055//722 1054//722
f 1032//746 1033//746 1030//746
f 1032//746 1030//746 1031//746
f 1032//577 1031//577 1029//577
f 1022//747 1029//747 1028//747
f 1022//747 1028//747 1027//747
f 1594//748 1595//748 1026//748
f 1594//749 1026//749 1593//749
f 1033//750 1032//750 1029//750
f 1033//750 1029//750 1022//750
f 1019//600 1021//600 1022//600
f 1019//600 1022//600 1013//600
f 1030//600 1033//600 1022//600
f 1030//600 1022//600 1021//600
f 1031//751 1030//751 1021//751
f 1031//751 1021//751 1020//751
f 1022//600 1016//600 1014//600
f 1022//600 1014//600 1013//600
f 1018//752 1019//752 1013//752
f 1018//752 1013//752 1012//752
f 1020//753 1021//753 1019//753
f 1020//753 1019//753 1018//753
f 1014//754 1015//754 1012//754
f 1014//754 1012//754 1013//754
f 1016//755 1017//755 1015//755
f 1016//755 1015//755 1014//755
f 1591//756 1592//756 1589//756
f 1591//756 1589//756 1590//756
f 1562//671 1573//671 1574//671
f 1562//671 1574//671 1563//671
f 1027//757 1028//757 1593//757
f 1027//758 1593//758 1026//758
f 1024//600 1025//600 1022//600
f 1024//600 1022//600 1023//600
f 1016//600 1022//600 1025//600
f 1044//708 1043//708 1596//708
f 1044//708 1596//708 1034//708
f 1035//759 1046//759 1045//759
f 1035//759 1045//759 1036//759
f 1041//760 1600//760 1596//760
f 1041//761 1596//761 1599//761
f 1596//708 1043//708 1042//708
f 1596//708 1042//708 1035//708
f 1595//762 1601//762 1047//762
f 1595//763 1047//763 1026//763
f 1604//764 1605//764 1047//764
f 1604//764 1047//764 1603//764
f 1606//765 1607//765 1047//765
f 1606//765 1047//765 1605//765
f 1027//600 1026//600 1047//600
f 1027//600 1047//600 1022//600
f 1602//766 1603//766 1047//766
f 1602//762 1047//762 1601//762
f 1597//767 1020//767 1018//767
f 1597//767 1018//767 1012//767
f 1597//768 1029//768 1031//768
f 1597//769 1031//769 1020//769
f 1596//708 1597//708 1012//708
f 1596//767 1012//767 1015//767
f 1017//708 1034//708 1596//708
f 1017//708 1596//708 1015//708
f 1593//770 1028//770 1029//770
f 1593//771 1029//771 1597//771
f 1040//772 1596//772 1039//772
f 1598//577 1599//577 1596//577
f 1598//773 1596//773 1040//773
f 1036//774 1037//774 1596//774
f 1036//774 1596//774 1035//774
f 1038//772 1039//772 1596//772
f 1038//772 1596//772 1037//772
f 1101//577 1094//577 1093//577
f 1102//775 1645//775 1094//775
f 1642//776 1645//776 1102//776
f 1642//776 1102//776 1098//776
f 1098//777 1102//777 1094//777
f 1098//777 1094//777 1097//777
f 1090//577 1093//577 1086//577
f 1105//778 1092//778 1638//778
f 1105//779 1638//779 1649//779
f 1105//780 1649//780 1106//780
f 1105//781 1106//781 1092//781
f 1645//577 1646//577 1640//577
f 1645//767 1640//767 1094//767
f 1647//782 1648//782 1103//782
f 1647//782 1103//782 1104//782
f 1077//765 1641//765 1079//765
f 1100//783 1641//783 1077//783
f 1100//600 1077//600 1099//600
f 1641//766 1088//766 1087//766
f 1641//766 1087//766 1083//766
f 1641//766 1083//766 1082//766
f 1641//766 1082//766 1079//766
f 1076//600 1099//600 1077//600
f 1076//600 1077//600 1067//600
f 1101//784 1095//784 1097//784
f 1101//784 1097//784 1094//784
f 1096//785 1093//785 1090//785
f 1096//785 1090//785 1089//785
f 1641//786 1096//786 1089//786
f 1641//766 1089//766 1088//766
f 1095//787 1101//787 1093//787
f 1095//787 1093//787 1096//787
f 1112//788 1109//788 1100//788
f 1112//788 1100//788 1099//788
f 1066//600 1110//600 1112//600
f 1066//600 1112//600 1075//600
f 1111//789 1110//789 1066//789
f 1111//789 1066//789 1070//789
f 1075//790 1112//790 1099//790
f 1075//790 1099//790 1076//790
f 1112//600 1110//600 1103//600
f 1112//600 1103//600 1109//600
f 1108//577 1111//577 1070//577
f 1108//577 1070//577 1071//577
f 1104//577 1111//577 1108//577
f 1104//577 1108//577 1106//577
f 1074//790 1107//790 1108//790
f 1074//790 1108//790 1071//790
f 1107//577 1074//577 1092//577
f 1650//791 1641//791 1100//791
f 1650//791 1100//791 1109//791
f 1641//792 1650//792 1651//792
f 1106//788 1108//788 1107//788
f 1106//788 1107//788 1092//788
f 1106//793 1649//793 1647//793
f 1106//794 1647//794 1104//794
f 1648//600 1650//600 1109//600
f 1648//600 1109//600 1103//600
f 1654//577 1638//577 1639//577
f 1110//795 1111//795 1104//795
f 1110//795 1104//795 1103//795
f 1651//600 1653//600 1652//600
f 1651//600 1652//600 1641//600
f 1638//796 1654//796 1653//796
f 1638//796 1653//796 1651//796
f 1641//600 1643//600 1644//600
f 1641//600 1644//600 1642//600
f 1083//797 1084//797 1081//797
f 1083//797 1081//797 1082//797
f 1082//798 1081//798 1080//798
f 1082//798 1080//798 1079//798
f 1077//799 1078//799 1068//799
f 1077//799 1068//799 1067//799
f 1079//800 1080//800 1078//800
f 1079//800 1078//800 1077//800
f 1085//577 1086//577 1084//577
f 1087//801 1085//801 1084//801
f 1087//801 1084//801 1083//801
f 1089//802 1090//802 1086//802
f 1089//802 1086//802 1088//802
f 1081//577 1084//577 1080//577
f 1085//803 1087//803 1088//803
f 1085//803 1088//803 1086//803
f 1070//804 1066//804 1065//804
f 1069//577 1071//577 1070//577
f 1069//577 1070//577 1065//577
f 1066//805 1620//805 1619//805
f 1066//806 1619//806 1065//806
f 1068//807 1069//807 1621//807
f 1068//808 1621//808 1067//808
f 1072//643 1073//643 1069//643
f 1072//643 1069//643 1065//643
f 1067//809 1621//809 1623//809
f 1067//808 1623//808 1622//808
f 1075//600 1622//600 1620//600
f 1075//600 1620//600 1066//600
f 1074//810 1071//810 1069//810
f 1074//811 1069//811 1068//811
f 1067//812 1622//812 1075//812
f 1067//813 1075//813 1076//813
f 1068//577 1078//577 1074//577
f 1637//577 1639//577 1638//577
f 1637//774 1638//774 1092//774
f 1072//814 1065//814 1619//814
f 1072//577 1619//577 1625//577
f 1637//577 1092//577 1074//577
f 1637//577 1074//577 1078//577
f 1080//577 1084//577 1637//577
f 1080//577 1637//577 1078//577
f 1641//786 1097//786 1095//786
f 1641//786 1095//786 1096//786
f 1641//815 1642//815 1098//815
f 1641//786 1098//786 1097//786
f 1086//577 1093//577 1637//577
f 1086//577 1637//577 1084//577
f 1094//577 1640//577 1637//577
f 1094//577 1637//577 1093//577
f 1624//816 1627//816 1626//816
f 1624//816 1626//816 1621//816
f 1091//817 1627//817 1629//817
f 1624//818 1621//818 1069//818
f 1624//819 1069//819 1625//819
f 1091//820 1628//820 1626//820
f 1091//820 1626//820 1627//820
f 1631//821 1632//821 1630//821
f 1631//821 1630//821 1629//821
f 1636//822 1635//822 1632//822
f 1636//822 1632//822 1631//822
f 1625//823 1069//823 1073//823
f 1625//577 1073//577 1072//577
f 1629//824 1630//824 1628//824
f 1629//824 1628//824 1091//824
f 1635//825 1636//825 1633//825
f 1635//825 1633//825 1634//825
f 1147//600 1513//600 1506//600
f 1147//600 1506//600 1146//600
f 1143//600 1146//600 1506//600
f 1143//600 1506//600 1142//600
f 1688//718 1689//718 1687//718
f 1688//826 1687//826 1148//826
f 1144//577 1141//577 1124//577
f 1144//577 1124//577 1529//577
f 1529//577 1533//577 1145//577
f 1529//577 1145//577 1144//577
f 1515//600 1507//600 1506//600
f 1515//600 1506//600 1513//600
f 1688//577 1148//577 1149//577
f 1688//577 1149//577 1527//577
f 1150//577 1521//577 1527//577
f 1150//577 1527//577 1149//577
f 1692//600 1519//600 1520//600
f 1692//600 1520//600 1522//600
f 1689//827 1688//827 1666//827
f 1689//827 1666//827 1665//827
f 1148//828 1687//828 1690//828
f 1148//829 1690//829 1149//829
f 1149//830 1690//830 1691//830
f 1149//831 1691//831 1150//831
f 1119//577 1125//577 1529//577
f 1119//577 1529//577 1124//577
f 1506//600 1686//600 1685//600
f 1506//600 1685//600 1670//600
f 1134//600 1506//600 1670//600
f 1141//832 1142//832 1506//832
f 1141//833 1506//833 1124//833
f 1125//577 1684//577 1529//577
f 1125//577 1139//577 1683//577
f 1125//577 1683//577 1684//577
f 1144//834 1143//834 1142//834
f 1144//834 1142//834 1141//834
f 1533//835 1147//835 1146//835
f 1533//836 1146//836 1145//836
f 1514//837 1513//837 1147//837
f 1514//838 1147//838 1533//838
f 1140//600 1138//600 1506//600
f 1140//600 1506//600 1134//600
f 1506//600 1138//600 1137//600
f 1506//600 1137//600 1122//600
f 1145//839 1146//839 1143//839
f 1145//839 1143//839 1144//839
f 1512//840 1511//840 1534//840
f 1512//841 1534//841 1163//841
f 1156//842 1153//842 1516//842
f 1156//843 1516//843 1128//843
f 1158//577 1530//577 1526//577
f 1159//844 1158//844 1117//844
f 1159//844 1117//844 1118//844
f 1117//577 1158//577 1113//577
f 1163//845 1534//845 1535//845
f 1163//846 1535//846 1162//846
f 1163//600 1516//600 1512//600
f 1516//600 1163//600 1162//600
f 1516//600 1162//600 1160//600
f 1516//600 1160//600 1159//600
f 1516//600 1159//600 1118//600
f 1158//577 1161//577 1535//577
f 1158//577 1535//577 1530//577
f 1113//577 1158//577 1526//577
f 1113//577 1526//577 1128//577
f 1516//600 1510//600 1509//600
f 1516//600 1509//600 1512//600
f 1155//577 1156//577 1128//577
f 1155//577 1128//577 1526//577
f 1526//577 1532//577 1157//577
f 1526//577 1157//577 1155//577
f 1151//847 1157//847 1532//847
f 1151//848 1532//848 1152//848
f 1516//600 1523//600 1525//600
f 1516//600 1525//600 1517//600
f 1152//600 1523//600 1516//600
f 1152//600 1516//600 1151//600
f 1516//600 1153//600 1154//600
f 1516//600 1154//600 1151//600
f 1153//849 1156//849 1155//849
f 1153//849 1155//849 1154//849
f 1160//850 1161//850 1158//850
f 1160//850 1158//850 1159//850
f 1162//851 1535//851 1161//851
f 1162//852 1161//852 1160//852
f 1152//853 1532//853 1524//853
f 1152//854 1524//854 1523//854
f 1522//855 1521//855 1150//855
f 1522//856 1150//856 1691//856
f 1154//839 1155//839 1157//839
f 1154//839 1157//839 1151//839
f 1649//792 1126//792 1661//792
f 1649//857 1661//857 1656//857
f 1649//858 1114//858 1113//858
f 1649//859 1113//859 1126//859
f 1649//792 1657//792 1119//792
f 1649//860 1119//860 1114//860
f 1123//577 1125//577 1119//577
f 1114//577 1119//577 1124//577
f 1657//577 1660//577 1121//577
f 1663//600 1664//600 1658//600
f 1663//600 1658//600 1659//600
f 1115//600 1506//600 1122//600
f 1115//600 1122//600 1120//600
f 1127//792 1662//792 1661//792
f 1127//792 1661//792 1126//792
f 1662//792 1127//792 1650//792
f 1662//861 1650//861 1655//861
f 1116//862 1115//862 1650//862
f 1116//863 1650//863 1127//863
f 1120//792 1658//792 1650//792
f 1120//864 1650//864 1115//864
f 1649//865 1599//865 1598//865
f 1649//792 1598//792 1612//792
f 1599//792 1649//792 1656//792
f 1649//577 1612//577 1611//577
f 1649//577 1611//577 1647//577
f 1611//866 1610//866 1648//866
f 1611//866 1648//866 1647//866
f 1614//792 1655//792 1650//792
f 1614//792 1650//792 1613//792
f 1610//600 1613//600 1650//600
f 1610//600 1650//600 1648//600
f 1659//867 1658//867 1657//867
f 1659//868 1657//868 1121//868
f 1122//869 1123//869 1119//869
f 1122//869 1119//869 1120//869
f 1114//870 1124//870 1506//870
f 1114//871 1506//871 1115//871
f 1115//872 1116//872 1113//872
f 1115//872 1113//872 1114//872
f 1116//873 1118//873 1117//873
f 1116//873 1117//873 1113//873
f 1119//792 1657//792 1658//792
f 1119//792 1658//792 1120//792
f 1678//600 1679//600 1659//600
f 1678//600 1659//600 1676//600
f 1659//600 1679//600 1680//600
f 1659//600 1680//600 1663//600
f 1681//600 1682//600 1659//600
f 1681//600 1659//600 1669//600
f 1133//577 1136//577 1121//577
f 1133//577 1121//577 1673//577
f 1673//577 1667//577 1131//577
f 1673//577 1131//577 1133//577
f 1676//600 1659//600 1677//600
f 1137//844 1125//844 1123//844
f 1137//844 1123//844 1122//844
f 1140//874 1683//874 1139//874
f 1140//875 1139//875 1138//875
f 1134//876 1672//876 1683//876
f 1134//877 1683//877 1140//877
f 1129//600 1669//600 1659//600
f 1129//600 1659//600 1130//600
f 1659//600 1135//600 1132//600
f 1659//600 1132//600 1130//600
f 1138//850 1139//850 1125//850
f 1138//850 1125//850 1137//850
f 1127//600 1516//600 1118//600
f 1127//600 1118//600 1116//600
f 1130//878 1131//878 1667//878
f 1130//879 1667//879 1129//879
f 1668//880 1669//880 1129//880
f 1668//881 1129//881 1667//881
f 1665//882 1666//882 1661//882
f 1665//882 1661//882 1662//882
f 1128//883 1516//883 1127//883
f 1128//884 1127//884 1126//884
f 1126//577 1113//577 1128//577
f 1136//885 1135//885 1659//885
f 1136//886 1659//886 1121//886
f 1660//577 1674//577 1673//577
f 1660//577 1673//577 1121//577
f 1674//577 1675//577 1673//577
f 1132//839 1133//839 1131//839
f 1132//839 1131//839 1130//839
f 1670//840 1671//840 1672//840
f 1670//887 1672//887 1134//887
f 1135//849 1136//849 1133//849
f 1135//849 1133//849 1132//849
f 1506//600 1209//600 1208//600
f 1506//600 1208//600 1207//600
f 1506//600 1508//600 1544//600
f 1506//600 1544//600 1209//600
f 1205//600 1686//600 1506//600
f 1205//600 1506//600 1203//600
f 1506//600 1207//600 1206//600
f 1506//600 1206//600 1204//600
f 1544//888 1543//888 1545//888
f 1544//889 1545//889 1209//889
f 1187//890 1204//890 1206//890
f 1187//890 1206//890 1190//890
f 1209//891 1545//891 1185//891
f 1209//892 1185//892 1208//892
f 1186//893 1207//893 1208//893
f 1186//893 1208//893 1185//893
f 1506//600 1204//600 1202//600
f 1506//600 1202//600 1203//600
f 1184//894 1195//894 1196//894
f 1184//894 1196//894 1179//894
f 1702//895 1696//895 1194//895
f 1702//896 1194//896 1694//896
f 1700//600 1701//600 1659//600
f 1700//600 1659//600 1699//600
f 1694//897 1194//897 1195//897
f 1694//898 1195//898 1184//898
f 1180//899 1197//899 1201//899
f 1180//899 1201//899 1181//899
f 1181//900 1201//900 1200//900
f 1181//900 1200//900 1183//900
f 1182//901 1198//901 1197//901
f 1182//901 1197//901 1180//901
f 1179//902 1196//902 1198//902
f 1179//902 1198//902 1182//902
f 1175//903 1200//903 1199//903
f 1175//904 1199//904 1176//904
f 1200//905 1175//905 1170//905
f 1200//906 1170//906 1183//906
f 1176//600 1211//600 1210//600
f 1176//600 1210//600 1177//600
f 1168//600 1210//600 1211//600
f 1168//600 1211//600 1166//600
f 1174//907 1203//907 1188//907
f 1210//908 1686//908 1205//908
f 1210//909 1205//909 1177//909
f 1682//910 1211//910 1176//910
f 1682//911 1176//911 1199//911
f 1205//912 1203//912 1174//912
f 1205//913 1174//913 1177//913
f 1164//914 1166//914 1681//914
f 1189//915 1202//915 1204//915
f 1189//915 1204//915 1187//915
f 1168//916 1685//916 1686//916
f 1168//917 1686//917 1210//917
f 1190//918 1206//918 1207//918
f 1190//918 1207//918 1186//918
f 1188//919 1203//919 1202//919
f 1188//919 1202//919 1189//919
f 1164//920 1681//920 1669//920
f 1164//921 1669//921 1668//921
f 1682//922 1681//922 1166//922
f 1682//923 1166//923 1211//923
f 1685//924 1168//924 1167//924
f 1685//925 1167//925 1169//925
f 1671//619 1670//619 1685//619
f 1671//926 1685//926 1169//926
f 1180//577 1181//577 1173//577
f 1180//577 1173//577 1179//577
f 1182//577 1180//577 1179//577
f 1531//577 1529//577 1684//577
f 1531//927 1684//927 1178//927
f 1173//928 1695//928 1694//928
f 1173//929 1694//929 1179//929
f 1184//930 1179//930 1694//930
f 1185//931 1545//931 1186//931
f 1173//577 1181//577 1183//577
f 1173//577 1183//577 1170//577
f 1693//932 1695//932 1173//932
f 1675//933 1693//933 1173//933
f 1675//639 1173//639 1673//639
f 1165//643 1167//643 1168//643
f 1165//643 1168//643 1166//643
f 1672//577 1671//577 1684//577
f 1672//577 1684//577 1683//577
f 1668//577 1667//577 1673//577
f 1668//640 1673//640 1164//640
f 1165//934 1166//934 1164//934
f 1165//642 1164//642 1673//642
f 1176//600 1177//600 1174//600
f 1176//600 1174//600 1175//600
f 1175//592 1174//592 1171//592
f 1175//592 1171//592 1170//592
f 1684//648 1671//648 1169//648
f 1684//935 1169//935 1167//935
f 1172//581 1173//581 1170//581
f 1172//581 1170//581 1171//581
f 1696//600 1697//600 1659//600
f 1696//600 1659//600 1194//600
f 1659//600 1196//600 1195//600
f 1659//600 1195//600 1194//600
f 1673//659 1193//659 1192//659
f 1673//660 1192//660 1165//660
f 1192//666 1684//666 1167//666
f 1192//651 1167//651 1165//651
f 1659//600 1200//600 1201//600
f 1659//600 1201//600 1197//600
f 1698//600 1699//600 1659//600
f 1698//600 1659//600 1697//600
f 1659//600 1197//600 1198//600
f 1659//600 1198//600 1196//600
f 1659//600 1682//600 1199//600
f 1659//600 1199//600 1200//600
f 1172//936 1193//936 1673//936
f 1172//937 1673//937 1173//937
f 1178//577 1188//577 1189//577
f 1178//577 1189//577 1187//577
f 1171//907 1174//907 1188//907
f 1171//577 1188//577 1178//577
f 1186//938 1545//938 1531//938
f 1186//939 1531//939 1187//939
f 1178//940 1187//940 1531//940
f 1178//581 1191//581 1172//581
f 1178//581 1172//581 1171//581
f 1684//941 1192//941 1191//941
f 1684//942 1191//942 1178//942
f 1190//577 1186//577 1187//577
f 1192//943 1193//943 1172//943
f 1192//943 1172//943 1191//943
f 1258//600 1260//600 1261//600
f 1258//600 1261//600 1259//600
f 1257//944 1261//944 1260//944
f 1257//944 1260//944 1256//944
f 1258//600 1236//600 1260//600
f 1231//945 1258//945 1259//945
f 1231//945 1259//945 1230//945
f 1241//600 1260//600 1236//600
f 1241//600 1236//600 1235//600
f 1256//946 1260//946 1241//946
f 1256//947 1241//947 1240//947
f 1229//948 1268//948 1269//948
f 1229//948 1269//948 1228//948
f 1228//949 1269//949 1270//949
f 1228//949 1270//949 1226//949
f 1619//950 1620//950 1263//950
f 1619//950 1263//950 1262//950
f 1264//951 1265//951 1262//951
f 1264//952 1262//952 1263//952
f 1266//953 1267//953 1265//953
f 1266//953 1265//953 1264//953
f 1214//954 1625//954 1253//954
f 1214//955 1253//955 1252//955
f 1622//956 1623//956 1227//956
f 1622//956 1227//956 1254//956
f 1251//577 1214//577 1252//577
f 1214//577 1248//577 1249//577
f 1214//577 1249//577 1218//577
f 1214//577 1250//577 1245//577
f 1214//577 1245//577 1248//577
f 1255//957 1249//957 1248//957
f 1255//957 1248//957 1247//957
f 1257//577 1256//577 1247//577
f 1257//577 1247//577 1246//577
f 1232//957 1236//957 1258//957
f 1232//957 1258//957 1231//957
f 1247//577 1256//577 1255//577
f 1249//958 1255//958 1237//958
f 1249//958 1237//958 1218//958
f 1255//577 1256//577 1240//577
f 1255//577 1240//577 1237//577
f 1275//577 1274//577 1272//577
f 1275//577 1272//577 1267//577
f 1277//600 1278//600 1268//600
f 1277//600 1268//600 1259//600
f 1276//577 1257//577 1246//577
f 1273//948 1272//948 1274//948
f 1273//948 1274//948 1250//948
f 1274//577 1275//577 1276//577
f 1274//577 1276//577 1246//577
f 1277//600 1259//600 1261//600
f 1278//959 1275//959 1267//959
f 1278//959 1267//959 1266//959
f 1276//960 1277//960 1261//960
f 1276//960 1261//960 1257//960
f 1275//961 1278//961 1277//961
f 1275//961 1277//961 1276//961
f 1269//600 1268//600 1278//600
f 1269//600 1278//600 1266//600
f 1230//962 1259//962 1268//962
f 1230//962 1268//962 1229//962
f 1263//600 1620//600 1622//600
f 1263//600 1622//600 1254//600
f 1252//963 1253//963 1271//963
f 1252//963 1271//963 1251//963
f 1270//600 1269//600 1266//600
f 1270//600 1266//600 1264//600
f 1226//963 1270//963 1254//963
f 1226//963 1254//963 1227//963
f 1254//600 1270//600 1264//600
f 1254//600 1264//600 1263//600
f 1272//949 1273//949 1251//949
f 1272//949 1251//949 1271//949
f 1625//577 1619//577 1262//577
f 1625//577 1262//577 1253//577
f 1250//962 1274//962 1246//962
f 1250//962 1246//962 1245//962
f 1267//577 1272//577 1271//577
f 1267//577 1271//577 1265//577
f 1214//577 1251//577 1273//577
f 1214//577 1273//577 1250//577
f 1265//577 1271//577 1253//577
f 1265//577 1253//577 1262//577
f 1227//964 1623//964 1225//964
f 1227//600 1225//600 1226//600
f 1225//600 1229//600 1228//600
f 1225//600 1228//600 1226//600
f 1582//965 1581//965 1213//965
f 1582//965 1213//965 1224//965
f 1634//966 1633//966 1220//966
f 1634//967 1220//967 1222//967
f 1212//968 1223//968 1224//968
f 1212//968 1224//968 1213//968
f 1229//600 1225//600 1230//600
f 1221//969 1587//969 1225//969
f 1221//600 1225//600 1222//600
f 1585//970 1583//970 1225//970
f 1585//764 1225//764 1587//764
f 1632//786 1635//786 1225//786
f 1632//786 1225//786 1630//786
f 1623//600 1621//600 1626//600
f 1623//971 1626//971 1225//971
f 1628//786 1630//786 1225//786
f 1628//786 1225//786 1626//786
f 1581//972 1584//972 1214//972
f 1581//973 1214//973 1213//973
f 1586//974 1588//974 1214//974
f 1586//974 1214//974 1584//974
f 1214//577 1218//577 1217//577
f 1214//577 1217//577 1216//577
f 1214//577 1215//577 1212//577
f 1214//577 1212//577 1213//577
f 1215//577 1214//577 1216//577
f 1214//975 1588//975 1219//975
f 1214//577 1219//577 1220//577
f 1219//976 1221//976 1222//976
f 1219//976 1222//976 1220//976
f 1588//977 1587//977 1221//977
f 1588//977 1221//977 1219//977
f 1633//978 1214//978 1220//978
f 1636//928 1631//928 1214//928
f 1636//979 1214//979 1633//979
f 1629//980 1627//980 1214//980
f 1629//981 1214//981 1631//981
f 1572//982 1564//982 1239//982
f 1572//982 1239//982 1242//982
f 1243//983 1244//983 1235//983
f 1243//983 1235//983 1234//983
f 1240//984 1241//984 1242//984
f 1240//984 1242//984 1239//984
f 1225//985 1233//985 1568//985
f 1225//986 1568//986 1570//986
f 1215//987 1580//987 1568//987
f 1215//987 1568//987 1233//987
f 1225//988 1570//988 1244//988
f 1225//989 1244//989 1243//989
f 1214//990 1627//990 1624//990
f 1214//991 1624//991 1625//991
f 1247//945 1248//945 1245//945
f 1247//945 1245//945 1246//945
f 1244//600 1570//600 1572//600
f 1244//600 1572//600 1242//600
f 1225//600 1243//600 1234//600
f 1225//600 1234//600 1232//600
f 1235//600 1244//600 1242//600
f 1235//600 1242//600 1241//600
f 1233//600 1225//600 1224//600
f 1233//600 1224//600 1223//600
f 1234//958 1235//958 1236//958
f 1234//992 1236//992 1232//992
f 1225//600 1232//600 1231//600
f 1225//600 1231//600 1230//600
f 1225//993 1583//993 1582//993
f 1225//994 1582//994 1224//994
f 1225//762 1635//762 1634//762
f 1225//995 1634//995 1222//995
f 1215//996 1233//996 1223//996
f 1215//996 1223//996 1212//996
f 1237//577 1240//577 1239//577
f 1237//577 1239//577 1238//577
f 1564//577 1560//577 1238//577
f 1564//577 1238//577 1239//577
f 1217//997 1238//997 1560//997
f 1217//998 1560//998 1216//998
f 1580//999 1215//999 1216//999
f 1580//1000 1216//1000 1560//1000
f 1218//983 1237//983 1238//983
f 1218//983 1238//983 1217//983
f 1309//888 1327//888 1329//888
f 1309//888 1329//888 1311//888
f 1310//1001 1323//1001 1322//1001
f 1310//1001 1322//1001 1288//1001
f 1288//1002 1322//1002 1315//1002
f 1288//1002 1315//1002 1286//1002
f 1312//1003 1328//1003 1327//1003
f 1312//1003 1327//1003 1309//1003
f 1541//1004 1540//1004 1326//1004
f 1541//1005 1326//1005 1542//1005
f 1311//1006 1329//1006 1323//1006
f 1311//1006 1323//1006 1310//1006
f 1332//1007 1333//1007 1330//1007
f 1332//1007 1330//1007 1331//1007
f 1342//1008 1343//1008 1341//1008
f 1342//1008 1341//1008 1340//1008
f 1344//1009 1345//1009 1337//1009
f 1344//1010 1337//1010 1336//1010
f 1346//1011 1347//1011 1345//1011
f 1346//1011 1345//1011 1344//1011
f 1336//1012 1337//1012 1334//1012
f 1336//1012 1334//1012 1335//1012
f 1338//1013 1339//1013 1335//1013
f 1338//1013 1335//1013 1334//1013
f 1340//1014 1341//1014 1339//1014
f 1340//1014 1339//1014 1338//1014
f 1542//1015 1326//1015 1328//1015
f 1542//1015 1328//1015 1312//1015
f 1690//600 1687//600 1692//600
f 1690//600 1692//600 1691//600
f 1689//600 1665//600 1692//600
f 1689//600 1692//600 1687//600
f 1665//600 1662//600 1655//600
f 1665//600 1655//600 1692//600
f 1692//600 1538//600 1537//600
f 1692//600 1537//600 1536//600
f 1518//600 1519//600 1692//600
f 1518//600 1692//600 1536//600
f 1691//600 1692//600 1522//600
f 1540//600 1538//600 1692//600
f 1540//600 1692//600 1326//600
f 1307//1016 1692//1016 1655//1016
f 1307//1017 1655//1017 1656//1017
f 1291//1018 1313//1018 1321//1018
f 1291//1018 1321//1018 1308//1018
f 1308//1019 1321//1019 1692//1019
f 1308//1020 1692//1020 1307//1020
f 1692//600 1327//600 1328//600
f 1692//600 1328//600 1326//600
f 1329//600 1327//600 1692//600
f 1329//600 1692//600 1323//600
f 1655//792 1614//792 1599//792
f 1655//792 1599//792 1656//792
f 1357//1021 1355//1021 1575//1021
f 1357//1022 1575//1022 1333//1022
f 1575//1023 1358//1023 1330//1023
f 1575//1024 1330//1024 1333//1024
f 1358//1025 1575//1025 1577//1025
f 1358//1026 1577//1026 1359//1026
f 1331//1027 1576//1027 1566//1027
f 1331//1028 1566//1028 1332//1028
f 1354//1029 1576//1029 1331//1029
f 1354//577 1331//577 1353//577
f 1575//1030 1355//1030 1356//1030
f 1575//1031 1356//1031 1346//1031
f 1351//1032 1355//1032 1357//1032
f 1351//1032 1357//1032 1352//1032
f 1353//1033 1358//1033 1359//1033
f 1353//1033 1359//1033 1354//1033
f 1358//1034 1353//1034 1331//1034
f 1358//1034 1331//1034 1330//1034
f 1577//1035 1576//1035 1354//1035
f 1577//1035 1354//1035 1359//1035
f 1352//1036 1357//1036 1333//1036
f 1352//1036 1333//1036 1332//1036
f 1350//1037 1356//1037 1355//1037
f 1350//1038 1355//1038 1351//1038
f 1356//1039 1350//1039 1347//1039
f 1356//1039 1347//1039 1346//1039
f 1566//1040 1351//1040 1352//1040
f 1566//1041 1352//1041 1332//1041
f 1335//1042 1339//1042 1575//1042
f 1335//1043 1575//1043 1336//1043
f 1341//1044 1343//1044 1575//1044
f 1341//1045 1575//1045 1339//1045
f 1575//1046 1346//1046 1344//1046
f 1575//1047 1344//1047 1336//1047
f 1566//1048 1338//1048 1334//1048
f 1566//1049 1334//1049 1337//1049
f 1566//1050 1342//1050 1340//1050
f 1566//1051 1340//1051 1338//1051
f 1345//1052 1347//1052 1566//1052
f 1345//1053 1566//1053 1337//1053
f 1348//1054 1342//1054 1566//1054
f 1578//1055 1579//1055 1349//1055
f 1578//1055 1349//1055 1348//1055
f 1348//1056 1349//1056 1343//1056
f 1348//1056 1343//1056 1342//1056
f 1350//1057 1351//1057 1566//1057
f 1350//1058 1566//1058 1347//1058
f 1566//577 1563//577 1578//577
f 1566//1059 1578//1059 1348//1059
f 1349//995 1575//995 1343//995
f 1579//600 1574//600 1575//600
f 1579//1060 1575//1060 1349//1060
f 1281//1061 1601//1061 1285//1061
f 1292//1062 1305//1062 1304//1062
f 1292//1063 1304//1063 1296//1063
f 1304//1064 1596//1064 1299//1064
f 1304//1062 1299//1062 1296//1062
f 1661//1065 1688//1065 1292//1065
f 1661//1066 1292//1066 1307//1066
f 1597//1067 1306//1067 1289//1067
f 1597//1068 1289//1068 1283//1068
f 1306//1069 1597//1069 1596//1069
f 1306//1069 1596//1069 1304//1069
f 1289//1070 1305//1070 1292//1070
f 1289//1070 1292//1070 1287//1070
f 1291//577 1308//577 1307//577
f 1291//577 1307//577 1292//577
f 1287//577 1309//577 1310//577
f 1287//577 1310//577 1288//577
f 1311//577 1310//577 1309//577
f 1312//1071 1309//1071 1542//1071
f 1656//1072 1661//1072 1307//1072
f 1688//1073 1527//1073 1292//1073
f 1287//928 1539//928 1542//928
f 1287//1074 1542//1074 1309//1074
f 1289//1075 1306//1075 1304//1075
f 1289//1075 1304//1075 1305//1075
f 1287//577 1288//577 1286//577
f 1287//577 1286//577 1284//577
f 1594//577 1593//577 1597//577
f 1594//1076 1597//1076 1285//1076
f 1289//581 1287//581 1284//581
f 1289//581 1284//581 1283//581
f 1281//600 1282//600 1279//600
f 1281//600 1279//600 1280//600
f 1283//592 1284//592 1282//592
f 1283//592 1282//592 1281//592
f 1283//1077 1281//1077 1285//1077
f 1283//1078 1285//1078 1597//1078
f 1292//577 1293//577 1290//577
f 1292//577 1290//577 1291//577
f 1600//1079 1609//1079 1300//1079
f 1600//1080 1300//1080 1596//1080
f 1301//1081 1302//1081 1596//1081
f 1301//1082 1596//1082 1300//1082
f 1596//1083 1302//1083 1303//1083
f 1596//645 1303//645 1299//645
f 1292//577 1295//577 1294//577
f 1292//577 1294//577 1293//577
f 1295//577 1292//577 1296//577
f 1295//1084 1296//1084 1297//1084
f 1296//643 1299//643 1298//643
f 1296//643 1298//643 1297//643
f 1324//1085 1603//1085 1602//1085
f 1324//1086 1602//1086 1280//1086
f 1298//1087 1604//1087 1603//1087
f 1298//1088 1603//1088 1324//1088
f 1604//1089 1298//1089 1299//1089
f 1604//1090 1299//1090 1303//1090
f 1295//1091 1318//1091 1319//1091
f 1295//1091 1319//1091 1294//1091
f 1295//1084 1297//1084 1318//1084
f 1293//1092 1320//1092 1314//1092
f 1293//1093 1314//1093 1290//1093
f 1279//600 1325//600 1324//600
f 1279//600 1324//600 1280//600
f 1282//1094 1315//1094 1316//1094
f 1282//1095 1316//1095 1279//1095
f 1285//1096 1601//1096 1595//1096
f 1285//1097 1595//1097 1594//1097
f 1602//1098 1601//1098 1281//1098
f 1602//1099 1281//1099 1280//1099
f 1298//600 1324//600 1325//600
f 1298//600 1325//600 1297//600
f 1317//1100 1325//1100 1279//1100
f 1317//1100 1279//1100 1316//1100
f 1297//1101 1325//1101 1317//1101
f 1297//1102 1317//1102 1318//1102
f 1294//1103 1319//1103 1320//1103
f 1294//1103 1320//1103 1293//1103
f 1315//1104 1282//1104 1284//1104
f 1315//1105 1284//1105 1286//1105
f 1692//600 1317//600 1316//600
f 1692//600 1316//600 1315//600
f 1692//600 1319//600 1318//600
f 1692//600 1318//600 1317//600
f 1528//932 1539//932 1287//932
f 1527//933 1528//933 1287//933
f 1527//933 1287//933 1292//933
f 1290//1106 1314//1106 1313//1106
f 1290//1106 1313//1106 1291//1106
f 1320//600 1319//600 1692//600
f 1320//600 1692//600 1314//600
f 1300//1107 1607//1107 1606//1107
f 1300//1108 1606//1108 1301//1108
f 1301//1109 1606//1109 1605//1109
f 1301//1110 1605//1110 1302//1110
f 1302//1111 1605//1111 1604//1111
f 1302//1112 1604//1112 1303//1112
f 1692//600 1321//600 1313//600
f 1692//600 1313//600 1314//600
f 1322//600 1323//600 1692//600
f 1322//600 1692//600 1315//600
f 1609//1113 1608//1113 1607//1113
f 1609//1114 1607//1114 1300//1114
f 1383//1115 1707//1115 1373//1115
f 1383//1116 1373//1116 1382//1116
f 1712//1117 1617//1117 1618//1117
f 1712//1117 1618//1117 1711//1117
f 1618//600 1710//600 1713//600
f 1618//1118 1713//1118 1711//1118
f 1372//1119 1384//1119 1382//1119
f 1372//1119 1382//1119 1373//1119
f 1710//600 1618//600 1616//600
f 1710//1120 1616//1120 1615//1120
f 1710//1120 1615//1120 1709//1120
f 1375//577 1380//577 1703//577
f 1375//577 1703//577 1376//577
f 1381//600 1374//600 1705//600
f 1562//577 1708//577 1703//577
f 1562//577 1703//577 1380//577
f 1708//671 1562//671 1561//671
f 1378//577 1376//577 1703//577
f 1378//577 1703//577 1369//577
f 1371//1121 1385//1121 1384//1121
f 1371//1121 1384//1121 1372//1121
f 1386//1122 1364//1122 1704//1122
f 1386//1123 1704//1123 1716//1123
f 1385//577 1386//577 1716//577
f 1382//577 1718//577 1719//577
f 1382//577 1719//577 1383//577
f 1384//577 1717//577 1718//577
f 1384//577 1718//577 1382//577
f 1383//577 1719//577 1712//577
f 1385//577 1716//577 1717//577
f 1385//577 1717//577 1384//577
f 1370//1124 1386//1124 1385//1124
f 1370//1124 1385//1124 1371//1124
f 1383//1125 1712//1125 1711//1125
f 1383//1126 1711//1126 1707//1126
f 1386//1127 1370//1127 1365//1127
f 1386//1127 1365//1127 1364//1127
f 1617//1128 1712//1128 1715//1128
f 1617//1117 1715//1117 1714//1117
f 1617//577 1714//577 1709//577
f 1617//577 1709//577 1615//577
f 1703//577 1589//577 1592//577
f 1703//577 1592//577 1367//577
f 1360//577 1589//577 1703//577
f 1360//577 1703//577 1362//577
f 1367//577 1369//577 1703//577
f 1372//600 1373//600 1705//600
f 1372//600 1705//600 1371//600
f 1370//600 1371//600 1705//600
f 1370//600 1705//600 1365//600
f 1704//1129 1364//1129 1362//1129
f 1704//1130 1362//1130 1703//1130
f 1362//1131 1363//1131 1361//1131
f 1362//1131 1361//1131 1360//1131
f 1590//1132 1589//1132 1360//1132
f 1590//1132 1360//1132 1361//1132
f 1364//1133 1365//1133 1363//1133
f 1364//1133 1363//1133 1362//1133
f 1368//1134 1369//1134 1367//1134
f 1368//1135 1367//1135 1366//1135
f 1592//1136 1591//1136 1366//1136
f 1592//1136 1366//1136 1367//1136
f 1373//600 1707//600 1706//600
f 1373//600 1706//600 1705//600
f 1379//1137 1378//1137 1369//1137
f 1379//1137 1369//1137 1368//1137
f 1381//1138 1380//1138 1375//1138
f 1381//1138 1375//1138 1374//1138
f 1705//600 1379//600 1368//600
f 1705//600 1368//600 1366//600
f 1573//600 1381//600 1705//600
f 1573//671 1705//671 1569//671
f 1377//600 1379//600 1705//600
f 1377//600 1705//600 1374//600
f 1381//1139 1573//1139 1562//1139
f 1381//1139 1562//1139 1380//1139
f 1705//600 1590//600 1361//600
f 1705//600 1361//600 1363//600
f 1363//600 1365//600 1705//600
f 1591//600 1590//600 1705//600
f 1591//600 1705//600 1366//600
f 1378//1140 1379//1140 1377//1140
f 1378//1141 1377//1141 1376//1141
f 1376//1142 1377//1142 1374//1142
f 1376//1142 1374//1142 1375//1142
f 1420//1143 1699//1143 1424//1143
f 1408//911 1426//911 1425//911
f 1408//911 1425//911 1409//911
f 1391//1144 1423//1144 1397//1144
f 1391//1145 1397//1145 1392//1145
f 1700//1146 1699//1146 1420//1146
f 1700//1147 1420//1147 1421//1147
f 1425//600 1426//600 1422//600
f 1425//600 1422//600 1421//600
f 1425//600 1421//600 1420//600
f 1425//600 1420//600 1419//600
f 1394//1148 1426//1148 1408//1148
f 1394//1149 1408//1149 1395//1149
f 1409//1150 1425//1150 1419//1150
f 1409//1151 1419//1151 1410//1151
f 1412//1152 1415//1152 1416//1152
f 1412//1152 1416//1152 1413//1152
f 1415//1153 1417//1153 1693//1153
f 1415//1154 1693//1154 1416//1154
f 1637//1155 1640//1155 1415//1155
f 1637//1156 1415//1156 1412//1156
f 1416//1157 1693//1157 1675//1157
f 1416//1158 1675//1158 1413//1158
f 1422//1159 1701//1159 1700//1159
f 1422//1160 1700//1160 1421//1160
f 1701//1161 1422//1161 1423//1161
f 1701//1162 1423//1162 1391//1162
f 1415//1163 1640//1163 1418//1163
f 1415//1164 1418//1164 1417//1164
f 1419//592 1420//592 1417//592
f 1419//592 1417//592 1418//592
f 1423//600 1422//600 1426//600
f 1423//600 1426//600 1394//600
f 1430//1165 1695//1165 1693//1165
f 1430//1166 1693//1166 1424//1166
f 1417//1167 1420//1167 1424//1167
f 1417//1168 1424//1168 1693//1168
f 1696//589 1702//589 1695//589
f 1696//589 1695//589 1697//589
f 1424//1169 1699//1169 1698//1169
f 1424//1170 1698//1170 1430//1170
f 1429//1171 1646//1171 1645//1171
f 1702//577 1694//577 1695//577
f 1428//1172 1640//1172 1646//1172
f 1640//610 1428//610 1427//610
f 1640//609 1427//609 1418//609
f 1410//1173 1427//1173 1428//1173
f 1410//1173 1428//1173 1411//1173
f 1410//1174 1419//1174 1418//1174
f 1410//1174 1418//1174 1427//1174
f 1414//1175 1394//1175 1393//1175
f 1414//642 1393//642 1637//642
f 1414//643 1397//643 1423//643
f 1414//643 1423//643 1394//643
f 1645//888 1642//888 1644//888
f 1645//888 1644//888 1429//888
f 1697//1176 1695//1176 1430//1176
f 1697//1177 1430//1177 1698//1177
f 1646//1178 1643//1178 1411//1178
f 1646//1178 1411//1178 1428//1178
f 1429//605 1644//605 1643//605
f 1429//605 1643//605 1646//605
f 1413//1179 1675//1179 1397//1179
f 1413//1062 1397//1062 1414//1062
f 1388//1180 1679//1180 1678//1180
f 1388//1181 1678//1181 1396//1181
f 1396//1182 1678//1182 1676//1182
f 1396//1183 1676//1183 1390//1183
f 1389//1184 1677//1184 1391//1184
f 1389//1185 1391//1185 1392//1185
f 1393//1186 1394//1186 1395//1186
f 1392//1187 1397//1187 1675//1187
f 1392//1188 1675//1188 1389//1188
f 1659//600 1701//600 1391//600
f 1659//600 1391//600 1677//600
f 1674//1189 1388//1189 1396//1189
f 1674//1080 1396//1080 1675//1080
f 1675//1190 1396//1190 1390//1190
f 1675//1191 1390//1191 1389//1191
f 1660//792 1638//792 1651//792
f 1660//792 1651//792 1664//792
f 1664//1192 1663//1192 1387//1192
f 1664//1192 1387//1192 1660//1192
f 1664//792 1651//792 1650//792
f 1664//792 1650//792 1658//792
f 1660//792 1657//792 1649//792
f 1660//792 1649//792 1638//792
f 1674//718 1680//718 1679//718
f 1674//1193 1679//1193 1388//1193
f 1390//1194 1676//1194 1677//1194
f 1390//1195 1677//1195 1389//1195
f 1387//1196 1674//1196 1660//1196
f 1680//827 1674//827 1387//827
f 1680//827 1387//827 1663//827
f 1400//1197 1401//1197 1398//1197
f 1400//1197 1398//1197 1399//1197
f 1395//600 1408//600 1641//600
f 1395//600 1641//600 1405//600
f 1405//600 1641//600 1403//600
f 1407//1198 1406//1198 1401//1198
f 1407//1198 1401//1198 1400//1198
f 1409//600 1410//600 1641//600
f 1409//600 1641//600 1408//600
f 1411//600 1643//600 1641//600
f 1411//600 1641//600 1410//600
f 1413//1199 1414//1199 1637//1199
f 1413//1200 1637//1200 1412//1200
f 1399//600 1403//600 1641//600
f 1399//600 1641//600 1400//600
f 1641//600 1652//600 1407//600
f 1641//600 1407//600 1400//600
f 1405//1201 1404//1201 1393//1201
f 1405//1201 1393//1201 1395//1201
f 1401//1202 1406//1202 1639//1202
f 1401//1203 1639//1203 1637//1203
f 1402//1204 1403//1204 1399//1204
f 1402//1204 1399//1204 1398//1204
f 1404//1205 1405//1205 1403//1205
f 1404//1205 1403//1205 1402//1205
f 1652//1206 1639//1206 1406//1206
f 1652//1206 1406//1206 1407//1206
f 1653//1207 1654//1207 1639//1207
f 1653//1207 1639//1207 1652//1207
f 1637//1208 1402//1208 1398//1208
f 1637//1209 1398//1209 1401//1209
f 1404//1210 1402//1210 1637//1210
f 1404//1211 1637//1211 1393//1211
f 1704//1212 1703//1212 1433//1212
f 1704//1213 1433//1213 1442//1213
f 1745//577 1744//577 1740//577
f 1745//577 1740//577 1738//577
f 1444//1214 1716//1214 1704//1214
f 1444//1215 1704//1215 1442//1215
f 1443//1216 1717//1216 1716//1216
f 1443//1217 1716//1217 1444//1217
f 1441//1218 1742//1218 1743//1218
f 1441//1219 1743//1219 1739//1219
f 1740//1220 1741//1220 1742//1220
f 1740//1221 1742//1221 1441//1221
f 1730//577 1729//577 1746//577
f 1744//577 1745//577 1746//577
f 1744//577 1746//577 1729//577
f 1437//577 1439//577 1442//577
f 1437//577 1442//577 1438//577
f 1440//577 1438//577 1442//577
f 1440//577 1442//577 1434//577
f 1444//577 1445//577 1443//577
f 1445//577 1444//577 1442//577
f 1445//577 1442//577 1439//577
f 1439//1222 1719//1222 1718//1222
f 1439//1223 1718//1223 1445//1223
f 1445//1224 1718//1224 1717//1224
f 1445//1225 1717//1225 1443//1225
f 1435//577 1434//577 1442//577
f 1435//577 1442//577 1431//577
f 1442//577 1433//577 1432//577
f 1442//577 1432//577 1431//577
f 1727//1226 1728//1226 1436//1226
f 1727//577 1436//577 1724//577
f 1726//577 1727//577 1724//577
f 1726//577 1724//577 1725//577
f 1731//1227 1732//1227 1436//1227
f 1731//1228 1436//1228 1728//1228
f 1725//577 1729//577 1730//577
f 1725//577 1730//577 1726//577
f 1703//1229 1721//1229 1432//1229
f 1703//1230 1432//1230 1433//1230
f 1432//1231 1721//1231 1720//1231
f 1432//1232 1720//1232 1431//1232
f 1431//1233 1720//1233 1723//1233
f 1431//1234 1723//1234 1435//1234
f 1435//1235 1723//1235 1722//1235
f 1435//1236 1722//1236 1434//1236
f 1441//577 1739//577 1737//577
f 1441//577 1737//577 1738//577
f 1434//1237 1722//1237 1736//1237
f 1434//1238 1736//1238 1440//1238
f 1739//577 1561//577 1565//577
f 1739//577 1565//577 1737//577
f 1740//577 1441//577 1738//577
f 1438//1239 1735//1239 1734//1239
f 1438//1240 1734//1240 1437//1240
f 1732//1241 1733//1241 1724//1241
f 1732//1242 1724//1242 1436//1242
f 1440//1243 1736//1243 1735//1243
f 1440//1244 1735//1244 1438//1244
f 1437//1245 1734//1245 1719//1245
f 1437//1246 1719//1246 1439//1246
f 1495//1247 1707//1247 1711//1247
f 1495//1248 1711//1248 1713//1248
f 1497//600 1710//600 1489//600
f 1497//600 1489//600 1496//600
f 1707//1249 1495//1249 1494//1249
f 1707//1250 1494//1250 1492//1250
f 1460//1251 1707//1251 1491//1251
f 1707//1252 1492//1252 1493//1252
f 1707//1253 1493//1253 1491//1253
f 1492//1254 1496//1254 1498//1254
f 1492//1254 1498//1254 1493//1254
f 1486//600 1498//600 1496//600
f 1486//600 1496//600 1489//600
f 1494//1255 1497//1255 1496//1255
f 1494//1255 1496//1255 1492//1255
f 1497//600 1713//600 1710//600
f 1495//1256 1713//1256 1497//1256
f 1495//1257 1497//1257 1494//1257
f 1715//1258 1734//1258 1490//1258
f 1480//1259 1479//1259 1474//1259
f 1480//1259 1474//1259 1473//1259
f 1454//1260 1722//1260 1483//1260
f 1481//1261 1482//1261 1479//1261
f 1481//1261 1479//1261 1480//1261
f 1733//1262 1720//1262 1472//1262
f 1724//1263 1733//1263 1472//1263
f 1724//1264 1472//1264 1725//1264
f 1489//1265 1488//1265 1487//1265
f 1489//1265 1487//1265 1486//1265
f 1734//577 1715//577 1712//577
f 1734//577 1712//577 1719//577
f 1710//1266 1709//1266 1488//1266
f 1710//1266 1488//1266 1489//1266
f 1486//1267 1487//1267 1484//1267
f 1486//1267 1484//1267 1485//1267
f 1485//1268 1484//1268 1482//1268
f 1485//1268 1482//1268 1481//1268
f 1499//600 1500//600 1481//600
f 1499//600 1481//600 1480//600
f 1488//577 1709//577 1504//577
f 1488//577 1504//577 1505//577
f 1504//577 1709//577 1714//577
f 1484//577 1487//577 1503//577
f 1454//1269 1502//1269 1503//1269
f 1454//1269 1503//1269 1452//1269
f 1484//577 1503//577 1502//577
f 1484//577 1502//577 1482//577
f 1505//577 1503//577 1487//577
f 1505//577 1487//577 1488//577
f 1452//1254 1503//1254 1505//1254
f 1452//1254 1505//1254 1453//1254
f 1453//1255 1505//1255 1504//1255
f 1453//1255 1504//1255 1490//1255
f 1714//1270 1715//1270 1490//1270
f 1714//1271 1490//1271 1504//1271
f 1490//1272 1734//1272 1735//1272
f 1490//1273 1735//1273 1453//1273
f 1483//1274 1722//1274 1723//1274
f 1483//1274 1723//1274 1478//1274
f 1493//1269 1498//1269 1500//1269
f 1493//1269 1500//1269 1491//1269
f 1500//600 1498//600 1485//600
f 1500//600 1485//600 1481//600
f 1460//1275 1499//1275 1476//1275
f 1460//1275 1476//1275 1459//1275
f 1476//600 1499//600 1480//600
f 1476//600 1480//600 1473//600
f 1491//1276 1500//1276 1499//1276
f 1491//1276 1499//1276 1460//1276
f 1483//1276 1501//1276 1502//1276
f 1483//1276 1502//1276 1454//1276
f 1501//1275 1483//1275 1478//1275
f 1501//1275 1478//1275 1477//1275
f 1479//577 1501//577 1477//577
f 1479//577 1477//577 1474//577
f 1485//600 1498//600 1486//600
f 1482//577 1502//577 1501//577
f 1482//577 1501//577 1479//577
f 1723//577 1720//577 1733//577
f 1723//1277 1733//1277 1478//1277
f 1569//1278 1705//1278 1706//1278
f 1569//1279 1706//1279 1464//1279
f 1464//600 1465//600 1462//600
f 1464//600 1462//600 1461//600
f 1464//1280 1706//1280 1456//1280
f 1464//1219 1456//1219 1465//1219
f 1463//1281 1745//1281 1738//1281
f 1463//1282 1738//1282 1462//1282
f 1461//600 1571//600 1569//600
f 1461//600 1569//600 1464//600
f 1455//1283 1466//1283 1465//1283
f 1455//1283 1465//1283 1456//1283
f 1708//577 1743//577 1703//577
f 1466//1284 1455//1284 1449//1284
f 1466//1284 1449//1284 1448//1284
f 1462//600 1465//600 1463//600
f 1466//600 1467//600 1463//600
f 1466//600 1463//600 1465//600
f 1565//1285 1571//1285 1461//1285
f 1565//1286 1461//1286 1737//1286
f 1453//1287 1735//1287 1736//1287
f 1453//1288 1736//1288 1452//1288
f 1736//1289 1722//1289 1454//1289
f 1736//1290 1454//1290 1452//1290
f 1450//1291 1451//1291 1448//1291
f 1450//1291 1448//1291 1449//1291
f 1447//1292 1744//1292 1729//1292
f 1447//1293 1729//1293 1446//1293
f 1447//1294 1446//1294 1721//1294
f 1707//1295 1460//1295 1459//1295
f 1707//970 1459//970 1457//970
f 1462//1296 1738//1296 1737//1296
f 1462//1297 1737//1297 1461//1297
f 1707//765 1457//765 1458//765
f 1707//765 1458//765 1450//765
f 1449//1298 1455//1298 1707//1298
f 1449//765 1707//765 1450//765
f 1456//1299 1706//1299 1707//1299
f 1456//1298 1707//1298 1455//1298
f 1742//577 1741//577 1703//577
f 1742//577 1703//577 1743//577
f 1731//1300 1728//1300 1727//1300
f 1731//1301 1727//1301 1471//1301
f 1469//600 1475//600 1471//600
f 1469//600 1471//600 1470//600
f 1473//1302 1474//1302 1731//1302
f 1473//1303 1731//1303 1471//1303
f 1446//1304 1729//1304 1725//1304
f 1446//1305 1725//1305 1472//1305
f 1472//1306 1720//1306 1721//1306
f 1472//1307 1721//1307 1446//1307
f 1477//577 1732//577 1731//577
f 1477//577 1731//577 1474//577
f 1733//1308 1732//1308 1477//1308
f 1733//1309 1477//1309 1478//1309
f 1459//1310 1476//1310 1475//1310
f 1459//1311 1475//1311 1457//1311
f 1475//600 1476//600 1473//600
f 1475//600 1473//600 1471//600
f 1457//1312 1475//1312 1469//1312
f 1457//1312 1469//1312 1458//1312
f 1471//1313 1727//1313 1726//1313
f 1471//1314 1726//1314 1470//1314
f 1467//1315 1746//1315 1745//1315
f 1467//1316 1745//1316 1463//1316
f 1468//1317 1730//1317 1746//1317
f 1468//1318 1746//1318 1467//1318
f 1703//1319 1741//1319 1447//1319
f 1703//1320 1447//1320 1721//1320
f 1708//1278 1561//1278 1739//1278
f 1708//1278 1739//1278 1743//1278
f 1741//1321 1740//1321 1744//1321
f 1741//1322 1744//1322 1447//1322
f 1458//1323 1469//1323 1451//1323
f 1458//1324 1451//1324 1450//1324
f 1470//1325 1726//1325 1730//1325
f 1470//1326 1730//1326 1468//1326
f 1451//600 1469//600 1470//600
f 1451//600 1470//600 1468//600
f 1448//600 1468//600 1467//600
f 1448//600 1467//600 1466//600
f 1448//600 1451//600 1468//600
o Turret_02_havok_s_armor_3_0
v -1.087146 2.056988 -0.303504
v -1.029777 2.046610 -0.092245
v -1.077967 1.967346 -0.089083
v -1.141073 1.973663 -0.300974
v -1.020598 2.141516 -0.303504
v -0.968966 2.127679 -0.090348
v -0.890944 2.214313 -0.085920
v -0.947165 2.031720 0.105098
v -0.890944 2.106171 0.107628
v -0.818658 2.185134 0.113953
v -0.990766 1.959374 0.108893
v -1.174348 1.977273 -0.523618
v -1.113536 2.061199 -0.524883
v -1.043546 2.145276 -0.524883
v 1.141073 1.973663 -0.300974
v 1.087146 2.056988 -0.303504
v 1.113536 2.061199 -0.524883
v 1.174348 1.977273 -0.523618
v 1.043546 2.145276 -0.524883
v 1.020598 2.141516 -0.303504
v 0.818658 2.185134 0.113953
v 0.890944 2.214313 -0.085920
v 0.890944 2.106171 0.107628
v 0.728015 2.267256 0.122176
v 1.077967 1.967346 -0.089083
v 1.029777 2.046610 -0.092245
v 0.968966 2.127679 -0.090348
v 0.990766 1.959374 0.108893
v 0.947165 2.031720 0.105098
v -1.117037 1.885122 -0.081929
v -1.186792 1.885122 -0.296809
v -0.937125 2.231485 -0.300678
v -0.886061 2.254305 -0.173925
v -0.827937 2.277273 -0.074804
v -0.857524 1.848417 -0.112455
v -0.981114 1.848417 -0.258556
v -0.981114 1.885122 -0.258556
v -0.857524 1.885122 -0.112455
v -0.855928 1.829119 -0.392961
v -0.855928 1.848417 -0.392961
v -0.742746 1.848417 -0.212834
v -0.742746 1.829119 -0.212834
v -0.592320 1.848417 -0.062408
v -0.592320 1.829119 -0.062408
v -0.712820 1.885122 0.012327
v -0.712820 1.848417 0.012327
v -1.022244 1.885122 0.117302
v -0.792331 2.079465 0.286371
v -0.745523 2.178336 0.229029
v -0.726885 2.147476 0.292951
v -0.842591 2.014419 0.284016
v -0.880768 1.950246 0.288143
v -0.906232 1.885122 0.298303
v -0.755887 2.299658 0.012218
v -0.723849 2.268980 0.128185
v -0.691143 2.312381 0.098995
v -0.657760 2.345212 0.085616
v -0.745767 2.215304 0.175291
v -0.716294 2.171462 0.274912
v -0.638031 2.220711 0.302119
v -1.080544 1.885122 -0.422378
v -1.080544 1.848417 -0.422378
v -1.153367 1.848417 -0.599888
v -1.153367 1.885122 -0.599888
v -1.225796 1.885122 -0.520973
v -1.173527 1.977029 -0.749724
v -1.228916 1.885122 -0.753007
v -1.197791 1.885122 -0.786715
v -1.197791 1.848417 -0.786715
v -1.212605 1.874546 -0.919991
v -1.212717 1.848417 -0.978258
v -0.926190 1.829119 -0.593757
v -0.926190 1.848417 -0.593757
v -0.950008 1.848417 -0.805154
v -0.950008 1.829119 -0.805154
v -0.926188 1.829119 -1.016551
v -0.926188 1.848417 -1.016551
v -0.955787 2.233859 -0.524199
v -1.038858 2.141131 -0.748263
v -0.949907 2.226253 -0.748803
v -0.867682 2.303466 -0.674404
v -0.848053 2.306760 -0.757861
v -0.782996 2.352129 -0.757310
v -1.111199 2.059555 -0.748424
v 0.981113 1.885122 -0.258556
v 1.080544 1.885122 -0.422378
v 1.080544 1.848417 -0.422378
v 0.981113 1.848417 -0.258556
v 1.153367 1.848417 -0.599888
v 1.153367 1.885122 -0.599888
v 1.186792 1.885122 -0.296809
v 1.225796 1.885122 -0.520973
v 1.173527 1.977029 -0.749724
v 1.228916 1.885122 -0.753007
v 1.197792 1.885122 -0.786715
v 1.197792 1.848417 -0.786715
v 1.212605 1.874546 -0.919991
v 1.212717 1.848417 -0.978258
v 0.855928 1.848417 -0.392961
v 0.926190 1.848417 -0.593757
v 0.926190 1.829119 -0.593757
v 0.855928 1.829119 -0.392961
v 0.926188 1.848417 -1.016551
v 0.926188 1.829119 -1.016551
v 0.950008 1.829119 -0.805154
v 0.950008 1.848417 -0.805154
v 0.955787 2.233859 -0.524199
v 0.937125 2.231485 -0.300678
v 0.949907 2.226253 -0.748803
v 1.038858 2.141131 -0.748263
v 0.867682 2.303466 -0.674404
v 0.848053 2.306760 -0.752541
v 0.782996 2.352129 -0.757310
v 1.111199 2.059555 -0.748424
v 0.827937 2.277273 -0.074804
v 0.755887 2.299658 0.012218
v 0.688990 2.321695 0.076410
v 0.580169 2.368040 0.127744
v 0.857524 1.885122 -0.112455
v 0.857524 1.848417 -0.112455
v 0.742746 1.848417 -0.212834
v 0.742746 1.829119 -0.212834
v 0.592320 1.848417 -0.062408
v 0.592320 1.829119 -0.062408
v 0.712820 1.848417 0.012327
v 0.712820 1.885122 0.012327
v 1.117037 1.885122 -0.081929
v 0.886062 2.254305 -0.173925
v 1.022244 1.885122 0.117302
v 0.644534 2.217881 0.302243
v 0.543317 2.285819 0.311740
v 0.424428 2.348123 0.319451
v 0.465799 2.429546 0.134784
v 0.792331 2.079465 0.286371
v 0.726886 2.147476 0.292951
v 0.880768 1.950246 0.288143
v 0.842591 2.014419 0.284016
v 0.906232 1.885122 0.298303
v -0.454681 2.386090 0.232333
v -0.424428 2.348123 0.319451
v -0.543317 2.285819 0.311740
v -0.541622 2.336306 0.243545
v -0.530797 2.387783 0.175291
v -0.451975 2.432143 0.143315
v -0.545184 2.398363 0.146046
v -0.569947 2.290557 0.280981
vn -0.6935 -0.6334 -0.3433
vn -0.7058 -0.6184 -0.3455
vn -0.6449 -0.6738 -0.3606
vn -0.6437 -0.6743 -0.3619
vn -0.7978 -0.6028 0.0128
vn -0.8098 -0.5867 0.0036
vn -0.7824 -0.6160 -0.0916
vn -0.7644 -0.6364 -0.1032
vn -0.7479 -0.6633 0.0280
vn -0.7685 -0.6397 0.0127
vn -0.7071 -0.0000 -0.7071
vn -0.6531 -0.0000 -0.7573
vn -0.8467 -0.0000 -0.5320
vn -0.5862 -0.7247 -0.3622
vn -0.5185 -0.7367 -0.4341
vn -0.7635 -0.0000 -0.6458
vn -0.5740 -0.8115 0.1100
vn -0.9830 0.1666 -0.0766
vn -0.9939 -0.0000 -0.1105
vn -0.9439 -0.0000 -0.3303
vn -0.9729 -0.0000 -0.2313
vn -0.8614 -0.4852 -0.1499
vn -0.8773 -0.4595 -0.1386
vn -0.8566 -0.5158 -0.0115
vn -0.8732 -0.4874 0.0037
vn -0.6912 -0.7221 0.0279
vn -0.7096 -0.7033 0.0424
vn -0.6631 -0.7473 0.0427
vn -0.6182 -0.7764 0.1226
vn -0.7324 -0.6774 -0.0683
vn -0.7081 -0.7009 -0.0853
vn -0.9937 -0.0000 0.1120
vn -0.9937 -0.0000 -0.1120
vn -0.7788 -0.3821 -0.4974
vn -0.7768 -0.3857 -0.4979
vn -0.7070 -0.5293 -0.4691
vn -0.7131 -0.5226 -0.4673
vn -0.7408 -0.4715 -0.4785
vn -0.7407 -0.4715 -0.4786
vn -0.6606 -0.5909 -0.4630
vn -0.6208 -0.6399 -0.4529
vn -0.6066 -0.6490 -0.4592
vn 0.2927 -0.8440 -0.4493
vn 0.5117 -0.6639 -0.5453
vn 0.4705 -0.7147 -0.5175
vn 0.3728 -0.7683 -0.5203
vn 0.3037 -0.8500 -0.4305
vn -0.6736 -0.5799 -0.4583
vn 0.3608 -0.7538 -0.5491
vn 0.4310 -0.7628 -0.4821
vn -0.4385 -0.7819 -0.4430
vn -0.4465 -0.7802 -0.4381
vn -0.7319 -0.6485 -0.2092
vn -0.7190 -0.6603 -0.2170
vn -0.7915 -0.5718 -0.2159
vn -0.7050 -0.6595 -0.2606
vn -0.7816 -0.5810 -0.2270
vn -0.7634 -0.6010 -0.2368
vn -0.8232 -0.5104 -0.2486
vn -0.8079 -0.5306 -0.2564
vn -0.8488 -0.4512 -0.2755
vn -0.8606 -0.4323 -0.2692
vn -0.7060 -0.6182 -0.3454
vn -0.5302 -0.7295 -0.4322
vn -0.5169 -0.7338 -0.4408
vn -0.7514 -0.5553 -0.3564
vn -0.7880 -0.4942 -0.3672
vn -0.7882 -0.4939 -0.3671
vn -0.8183 -0.4227 -0.3894
vn -0.8340 -0.3970 -0.3833
vn -0.8020 -0.5831 -0.1293
vn -0.8329 -0.5424 -0.1096
vn 0.6736 -0.5799 -0.4583
vn 0.6858 -0.5567 -0.4687
vn 0.6606 -0.5909 -0.4630
vn 0.8184 -0.4227 -0.3894
vn 0.8340 -0.3970 -0.3833
vn 0.6935 -0.6334 -0.3433
vn 0.7058 -0.6184 -0.3455
vn 0.7880 -0.4942 -0.3672
vn 0.7882 -0.4939 -0.3671
vn 0.6483 -0.6725 -0.3570
vn 0.6449 -0.6738 -0.3606
vn 0.6154 -0.7032 -0.3561
vn 0.5902 -0.7356 -0.3325
vn 0.7788 -0.3821 -0.4974
vn 0.7768 -0.3857 -0.4979
vn 0.7070 -0.5293 -0.4691
vn 0.7131 -0.5226 -0.4673
vn 0.7408 -0.4715 -0.4785
vn 0.7407 -0.4715 -0.4786
vn 0.7060 -0.6182 -0.3454
vn 0.7319 -0.6485 -0.2092
vn 0.7190 -0.6603 -0.2170
vn 0.7915 -0.5718 -0.2159
vn 0.7050 -0.6595 -0.2606
vn 0.7816 -0.5810 -0.2270
vn 0.7634 -0.6010 -0.2368
vn 0.8079 -0.5306 -0.2564
vn 0.8232 -0.5104 -0.2486
vn 0.8488 -0.4512 -0.2755
vn 0.8606 -0.4323 -0.2692
vn 0.6531 -0.0000 -0.7573
vn 0.7514 -0.5553 -0.3564
vn 0.7071 -0.0000 -0.7071
vn 0.7635 -0.0000 -0.6458
vn 0.8467 -0.0000 -0.5320
vn 0.6631 -0.7473 0.0427
vn 0.6222 -0.7742 0.1158
vn 0.5685 -0.8164 0.1015
vn 0.6912 -0.7221 0.0279
vn 0.7096 -0.7033 0.0424
vn 0.9937 -0.0000 -0.1120
vn 0.7324 -0.6774 -0.0683
vn 0.7081 -0.7009 -0.0853
vn -0.8549 -0.0000 -0.5189
vn -0.9252 -0.0000 -0.3796
vn 0.7978 -0.6028 0.0128
vn 0.8098 -0.5867 0.0036
vn 0.7644 -0.6364 -0.1032
vn 0.7824 -0.6160 -0.0916
vn 0.7479 -0.6633 0.0280
vn 0.7685 -0.6397 0.0127
vn 0.9937 -0.0000 0.1120
vn 0.9252 -0.0000 -0.3796
vn 0.8020 -0.5831 -0.1293
vn 0.8329 -0.5424 -0.1096
vn 0.8549 -0.0000 -0.5189
vn 0.6338 -0.6359 -0.4404
vn 0.6320 -0.6407 -0.4360
vn 0.6081 -0.6309 -0.4819
vn 0.5782 -0.6379 -0.5087
vn 0.9830 0.1666 -0.0766
vn 0.9939 -0.0000 -0.1105
vn 0.9439 -0.0000 -0.3303
vn 0.9729 -0.0000 -0.2313
vn 0.8614 -0.4852 -0.1499
vn 0.8773 -0.4595 -0.1386
vn 0.8566 -0.5158 -0.0115
vn 0.8732 -0.4874 0.0037
s 0
f 1767//1327 1861//1327 1768//1327
f 1767//1328 1768//1328 1769//1328
f 1862//1329 1861//1329 1767//1329
f 1862//1330 1767//1330 1770//1330
f 1763//1331 1860//1331 1839//1331
f 1763//1332 1839//1332 1764//1332
f 1762//1333 1766//1333 1765//1333
f 1762//1334 1765//1334 1763//1334
f 1765//1335 1856//1335 1860//1335
f 1765//1336 1860//1336 1763//1336
f 1868//1337 1870//1337 1869//1337
f 1868//1337 1869//1337 1867//1337
f 1866//1338 1871//1338 1872//1338
f 1866//1338 1872//1338 1865//1338
f 1848//1339 1868//1339 1867//1339
f 1848//1339 1867//1339 1845//1339
f 1863//1340 1862//1340 1770//1340
f 1863//1341 1770//1341 1864//1341
f 1834//1342 1866//1342 1865//1342
f 1834//1342 1865//1342 1831//1342
f 1859//1343 1858//1343 1857//1343
f 1843//1344 1844//1344 1842//1344
f 1843//1345 1842//1345 1841//1345
f 1847//1346 1848//1346 1845//1346
f 1847//1346 1845//1346 1846//1346
f 1836//1347 1841//1347 1842//1347
f 1836//1347 1842//1347 1835//1347
f 1764//1348 1838//1348 1837//1348
f 1764//1349 1837//1349 1761//1349
f 1839//1350 1840//1350 1838//1350
f 1839//1351 1838//1351 1764//1351
f 1855//1352 1856//1352 1765//1352
f 1855//1353 1765//1353 1853//1353
f 1855//1354 1853//1354 1857//1354
f 1855//1355 1857//1355 1858//1355
f 1766//1356 1854//1356 1853//1356
f 1766//1357 1853//1357 1765//1357
f 1851//1358 1852//1358 1849//1358
f 1851//1358 1849//1358 1850//1358
f 1846//1359 1852//1359 1851//1359
f 1846//1359 1851//1359 1847//1359
f 1884//1360 1882//1360 1774//1360
f 1884//1361 1774//1361 1875//1361
f 1883//1362 1880//1362 1769//1362
f 1883//1363 1769//1363 1775//1363
f 1882//1364 1883//1364 1775//1364
f 1882//1365 1775//1365 1774//1365
f 1767//1366 1880//1366 1881//1366
f 1767//1367 1881//1367 1770//1367
f 1881//1368 1876//1368 1770//1368
f 1890//1369 1889//1369 1891//1369
f 1887//1370 1806//1370 1892//1370
f 1887//1371 1892//1371 1888//1371
f 1885//1372 1888//1372 1889//1372
f 1885//1373 1889//1373 1890//1373
f 1769//1374 1880//1374 1767//1374
f 1887//1375 1888//1375 1885//1375
f 1887//1376 1885//1376 1886//1376
f 1877//1377 1878//1377 1879//1377
f 1877//1378 1879//1378 1864//1378
f 1773//1379 1768//1379 1854//1379
f 1773//1380 1854//1380 1766//1380
f 1874//1381 1854//1381 1768//1381
f 1874//1382 1768//1382 1861//1382
f 1772//1383 1773//1383 1766//1383
f 1772//1384 1766//1384 1762//1384
f 1771//1385 1772//1385 1762//1385
f 1771//1386 1762//1386 1761//1386
f 1761//1387 1837//1387 1873//1387
f 1761//1388 1873//1388 1771//1388
f 1773//1389 1769//1389 1768//1389
f 1876//1390 1877//1390 1864//1390
f 1876//1391 1864//1391 1770//1391
f 1773//1392 1772//1392 1775//1392
f 1773//1392 1775//1392 1769//1392
f 1774//1393 1775//1393 1772//1393
f 1774//1394 1772//1394 1771//1394
f 1771//1395 1873//1395 1875//1395
f 1771//1396 1875//1396 1774//1396
f 1763//1397 1764//1397 1761//1397
f 1763//1398 1761//1398 1762//1398
f 1755//1399 1756//1399 1794//1399
f 1756//1400 1795//1400 1796//1400
f 1756//1401 1796//1401 1794//1401
f 1793//1402 1776//1402 1749//1402
f 1793//1403 1749//1403 1757//1403
f 1753//1404 1780//1404 1756//1404
f 1753//1405 1756//1405 1755//1405
f 1748//1406 1754//1406 1757//1406
f 1748//1407 1757//1407 1749//1407
f 1800//1408 1801//1408 1756//1408
f 1800//1409 1756//1409 1780//1409
f 1802//1410 1801//1410 1800//1410
f 1802//1411 1800//1411 1803//1411
f 1757//1412 1798//1412 1799//1412
f 1757//1413 1799//1413 1793//1413
f 1755//1414 1794//1414 1797//1414
f 1755//1415 1797//1415 1754//1415
f 1754//1416 1797//1416 1798//1416
f 1754//1417 1798//1417 1757//1417
f 1752//1418 1753//1418 1755//1418
f 1778//1419 1753//1419 1752//1419
f 1778//1420 1752//1420 1751//1420
f 1753//1421 1778//1421 1779//1421
f 1753//1422 1779//1422 1780//1422
f 1751//1423 1752//1423 1748//1423
f 1751//1424 1748//1424 1747//1424
f 1749//1425 1750//1425 1747//1425
f 1749//1426 1747//1426 1748//1426
f 1776//1427 1777//1427 1750//1427
f 1776//1428 1750//1428 1749//1428
f 1784//1429 1791//1429 1792//1429
f 1784//1429 1792//1429 1781//1429
f 1752//1430 1755//1430 1754//1430
f 1752//1430 1754//1430 1748//1430
f 1789//1431 1790//1431 1788//1431
f 1789//1431 1788//1431 1787//1431
f 1783//1432 1784//1432 1781//1432
f 1783//1432 1781//1432 1782//1432
f 1787//1433 1788//1433 1785//1433
f 1787//1433 1785//1433 1786//1433
f 1827//1434 1824//1434 1826//1434
f 1827//1435 1826//1435 1828//1435
f 1829//1436 1827//1436 1828//1436
f 1760//1437 1825//1437 1826//1437
f 1760//1438 1826//1438 1824//1438
f 1821//1439 1820//1439 1819//1439
f 1821//1439 1819//1439 1818//1439
f 1824//1440 1778//1440 1751//1440
f 1824//1441 1751//1441 1760//1441
f 1833//1442 1834//1442 1831//1442
f 1833//1442 1831//1442 1832//1442
f 1832//1443 1836//1443 1835//1443
f 1832//1443 1835//1443 1833//1443
f 1812//1444 1830//1444 1759//1444
f 1812//1445 1759//1445 1758//1445
f 1747//1446 1759//1446 1760//1446
f 1747//1447 1760//1447 1751//1447
f 1830//1448 1825//1448 1760//1448
f 1830//1449 1760//1449 1759//1449
f 1822//1450 1823//1450 1820//1450
f 1822//1450 1820//1450 1821//1450
f 1808//1451 1809//1451 1810//1451
f 1808//1451 1810//1451 1807//1451
f 1750//1452 1758//1452 1759//1452
f 1750//1453 1759//1453 1747//1453
f 1782//1454 1808//1454 1807//1454
f 1782//1454 1807//1454 1783//1454
f 1804//1455 1795//1455 1756//1455
f 1804//1456 1756//1456 1801//1456
f 1796//1457 1795//1457 1805//1457
f 1796//1458 1805//1458 1806//1458
f 1815//1459 1817//1459 1816//1459
f 1815//1460 1816//1460 1814//1460
f 1818//1461 1819//1461 1786//1461
f 1818//1461 1786//1461 1785//1461
f 1809//1462 1815//1462 1814//1462
f 1809//1462 1814//1462 1810//1462
f 1777//1463 1811//1463 1758//1463
f 1777//1464 1758//1464 1750//1464
f 1811//1465 1813//1465 1812//1465
f 1811//1466 1812//1466 1758//1466
o Turret_02_havok_s_armor_5_1
v -0.165570 2.519635 0.136833
v 0.000019 2.529564 0.139716
v 0.165609 2.519635 0.136833
v -0.308464 2.445014 0.231027
v 0.000019 2.565671 0.035910
v 0.000019 2.590871 -0.070779
v 0.000019 2.598995 -0.636907
v 0.000019 2.584853 -0.752247
v -0.147821 2.431110 0.325275
v 0.000000 2.442477 0.325253
v 0.147821 2.431110 0.325275
v -0.284937 2.504920 0.110130
v -0.291069 2.398607 0.323811
v -0.371906 2.463928 0.127950
v 0.424428 2.348124 0.319451
v 0.291069 2.398607 0.323811
v 0.310343 2.472593 0.130164
v 0.465800 2.429546 0.134783
v -0.142484 2.561562 -0.005736
v -0.090948 2.580963 -0.072867
v -0.206068 2.534270 0.054196
v 0.142484 2.561562 -0.005736
v -0.424428 2.348124 0.319451
v -0.454681 2.386089 0.232333
v -0.451975 2.432144 0.143315
v -0.587428 2.398362 0.103802
v -0.562104 2.398362 0.120722
v -0.672494 2.398362 0.231112
v -0.647170 2.398362 0.103801
v -0.672494 2.398362 0.120722
v -0.689415 2.398362 0.146046
v -0.695356 2.398362 0.175917
v -0.689415 2.398362 0.205788
v -0.545183 2.398362 0.146046
v -0.627086 2.398362 0.249921
v -0.545183 2.398362 0.205788
v -0.587428 2.398362 0.248032
v -0.188411 2.648362 -0.077666
v -0.092273 2.648362 -0.173724
v -0.083254 2.648361 -0.167539
v -0.182385 2.648361 -0.068408
v 0.182385 2.648361 -0.068408
v 0.083254 2.648361 -0.167539
v 0.089389 2.648362 -0.171637
v 0.186483 2.648362 -0.074543
v -0.680746 2.648361 -0.167539
v -0.671727 2.648362 -0.173725
v -0.575589 2.648362 -0.077666
v -0.581615 2.648361 -0.068409
v 0.577517 2.648362 -0.074543
v 0.674611 2.648362 -0.171637
v 0.680746 2.648361 -0.167539
v 0.581615 2.648361 -0.068409
v 0.450656 2.648362 -0.021995
v 0.452095 2.648361 -0.014760
v 0.311905 2.648361 -0.014760
v 0.313343 2.648362 -0.021995
v -0.449980 2.648363 -0.025680
v -0.314020 2.648362 -0.025680
v -0.311905 2.648361 -0.014760
v -0.452095 2.648361 -0.014760
v 0.090949 2.580963 -0.072867
v 0.052071 2.595829 -0.147301
v -0.052070 2.595829 -0.147301
v -0.320079 2.705361 -0.055856
v -0.118094 2.705361 -0.190817
v -0.205664 2.705361 -0.103248
v -0.182385 2.648361 -0.665899
v -0.083254 2.648361 -0.566769
v -0.092273 2.648362 -0.560583
v -0.188411 2.648363 -0.656641
v -0.311905 2.648361 -0.719548
v -0.314020 2.648363 -0.708628
v -0.680745 2.648361 -0.566769
v -0.581615 2.648361 -0.665899
v -0.575589 2.648363 -0.656642
v -0.671727 2.648362 -0.560584
v -0.449980 2.648363 -0.708628
v -0.452095 2.648361 -0.719548
v -0.734394 2.648361 -0.297058
v -0.723756 2.648362 -0.299231
v -0.734394 2.648361 -0.437250
v -0.723756 2.648362 -0.435077
v -0.558336 2.705361 -0.631060
v -0.645906 2.705361 -0.543490
v -0.693298 2.705361 -0.305233
v -0.693298 2.705361 -0.429075
v -0.443921 2.705361 -0.678452
v -0.320079 2.705361 -0.678452
v -0.205664 2.705361 -0.631060
v -0.118094 2.705361 -0.543490
v -0.645906 2.705361 -0.190818
v -0.558336 2.705361 -0.103248
v -0.443921 2.705361 -0.055856
v 0.000000 2.614925 -0.291577
v 0.000000 2.612754 -0.443461
v -0.045562 2.600807 -0.594045
v 0.045562 2.600807 -0.594045
v -0.029606 2.648361 -0.437250
v -0.040244 2.648362 -0.435077
v -0.040244 2.648362 -0.299231
v -0.029606 2.648361 -0.297058
v 0.068557 2.648360 -0.524005
v 0.036841 2.648362 -0.435810
v 0.029606 2.648361 -0.437250
v 0.083255 2.648361 -0.566769
v 0.029606 2.648361 -0.297058
v 0.036841 2.648362 -0.298498
v -0.070702 2.705361 -0.429075
v -0.070702 2.705361 -0.305233
v -0.134443 2.583758 -0.718592
v 0.134443 2.583758 -0.718592
v 0.114451 2.678361 -0.188384
v 0.641787 2.678361 -0.527157
v 0.203229 2.678361 -0.099605
v 0.066404 2.678361 -0.304378
v 0.066404 2.678361 -0.429930
v 0.319224 2.678361 -0.051558
v 0.444776 2.678361 -0.051558
v 0.641787 2.648362 -0.557154
v 0.122213 2.648362 -0.557154
v 0.452095 2.648361 -0.719548
v 0.581615 2.648361 -0.665899
v 0.182385 2.648361 -0.665899
v 0.311905 2.648361 -0.719548
v 0.095385 2.678361 -0.510579
v 0.122213 2.678361 -0.527157
v 0.560771 2.678361 -0.099605
v 0.697595 2.678361 -0.304378
v 0.649549 2.678361 -0.188384
v 0.734394 2.648361 -0.437250
v 0.727158 2.648362 -0.435810
v 0.695443 2.648360 -0.524005
v 0.680746 2.648361 -0.566769
v 0.734394 2.648361 -0.297058
v 0.727159 2.648362 -0.298498
v 0.668615 2.678361 -0.510579
v 0.697595 2.678361 -0.429930
v -0.486203 2.518361 -1.031570
v -0.341561 2.518361 -1.176212
v -0.305647 2.518361 -1.152214
v -0.281649 2.518361 -1.116299
v -0.383926 2.518361 -1.184638
v -0.426290 2.518361 -1.176212
v -0.462205 2.518361 -1.152214
v -0.486202 2.518361 -1.116299
v -0.494629 2.518361 -1.073935
v -0.273222 2.518361 -1.073935
v -0.281649 2.518361 -1.031570
v -0.345499 2.518361 -0.971658
v -0.426290 2.518361 -0.971658
v 0.633963 2.498361 -1.079124
v 0.657701 2.498361 -1.043599
v 0.455368 2.498361 -0.959791
v 0.598439 2.498361 -1.102861
v 0.514630 2.498361 -1.102861
v 0.556534 2.498361 -1.111197
v 0.479105 2.498361 -1.079124
v 0.455368 2.498361 -1.043599
v 0.447033 2.498361 -1.001695
v 0.666036 2.498361 -1.001695
v 0.657701 2.498361 -0.959791
v 0.598439 2.498361 -0.900529
v 0.514630 2.498361 -0.900529
v -0.199803 2.567076 -0.778312
v -0.190805 2.555233 -0.867609
v 0.000044 2.568853 -0.866177
v 0.190805 2.555233 -0.867609
v 0.199803 2.567076 -0.778312
v 0.376293 2.517103 -0.859840
v -0.278745 2.546321 -0.825005
v -0.376293 2.517103 -0.859840
vn -0.0000 -1.0000 -0.0000
vn 0.0004 -1.0000 -0.0002
vn -0.0001 -1.0000 0.0001
vn -0.0001 -1.0000 -0.0000
vn 0.0643 -0.9921 -0.1081
vn -0.0644 -0.9921 -0.1081
vn -0.0271 -0.9971 0.0709
vn 0.0271 -0.9971 0.0709
vn -0.0004 -1.0000 -0.0002
vn 0.0001 -1.0000 0.0001
vn 0.0529 -0.9938 0.0983
vn 0.0385 -0.9918 0.1216
vn -0.0529 -0.9938 0.0983
vn -0.0385 -0.9918 0.1216
vn 0.0001 -1.0000 -0.0000
vn 0.0001 -1.0000 -0.0001
vn -0.0002 -1.0000 -0.0000
vn 0.0695 -0.9880 0.1380
vn 0.0698 -0.9879 0.1387
vn 0.0598 -0.9765 0.2073
vn 0.1697 -0.9746 0.1464
vn 0.2052 -0.9527 0.2243
vn -0.0000 -1.0000 0.0001
vn -0.2051 -0.9673 0.1490
vn -0.0695 -0.9880 0.1380
vn -0.0698 -0.9879 0.1387
vn -0.0598 -0.9765 0.2073
vn -0.0001 -1.0000 -0.0001
vn 0.3444 -0.8627 -0.3703
vn 0.2579 -0.8613 -0.4378
vn -0.1051 -0.9585 -0.2648
vn -0.0622 -0.9427 -0.3279
vn 0.3262 -0.8199 -0.4706
vn 0.3257 -0.8198 -0.4711
vn 0.2001 -0.8608 -0.4680
vn 0.3346 -0.8687 -0.3653
vn 0.2003 -0.8928 -0.4034
vn 0.1770 -0.8843 -0.4321
vn 0.0694 -0.9031 -0.4239
vn 0.0615 -0.9011 -0.4291
vn -0.0694 -0.9031 -0.4239
vn -0.0615 -0.9011 -0.4291
vn -0.3400 -0.8667 -0.3650
vn -0.2282 -0.8709 -0.4351
vn 0.1741 -0.9515 -0.2538
vn 0.1709 -0.9524 -0.2524
vn -0.3106 -0.9244 -0.2215
vn 0.0901 -0.9731 -0.2121
vn 0.1106 -0.9673 -0.2285
vn -0.2038 -0.8786 -0.4320
vn -0.3028 -0.8798 -0.3663
vn 0.1051 -0.9585 -0.2649
vn 0.0622 -0.9427 -0.3279
vn -0.0000 -1.0000 -0.0001
vn 0.1104 -0.9841 -0.1389
vn -0.0901 -0.9731 -0.2121
vn -0.1106 -0.9672 -0.2285
vn -0.1104 -0.9841 -0.1389
s 0
f 2014//1467 2015//1467 2012//1467
f 2014//1467 2012//1467 2013//1467
f 1998//1467 2016//1467 2014//1467
f 1998//1467 2014//1467 2013//1467
f 2006//1467 2011//1467 2010//1467
f 2006//1467 2010//1467 2007//1467
f 2005//1467 2006//1467 2007//1467
f 2008//1467 2009//1467 2006//1467
f 2008//1467 2006//1467 2005//1467
f 2017//1467 2014//1467 2016//1467
f 2006//1467 2021//1467 2022//1467
f 2006//1467 2022//1467 2020//1467
f 2025//1468 2026//1468 2023//1468
f 2025//1469 2023//1469 2024//1469
f 2011//1467 2006//1467 2020//1467
f 1995//1467 1998//1467 2013//1467
f 2009//1467 2018//1467 2019//1467
f 2009//1467 2019//1467 2006//1467
f 1991//1470 1994//1470 1993//1470
f 1991//1470 1993//1470 1992//1470
f 1931//1470 1993//1470 1994//1470
f 1931//1470 1994//1470 1932//1470
f 1961//1470 1991//1470 1992//1470
f 1961//1470 1992//1470 1962//1470
f 1898//1471 1956//1471 1987//1471
f 1898//1472 1987//1472 1955//1472
f 1899//1473 1990//1473 1988//1473
f 1899//1474 1988//1474 1989//1474
f 1997//1475 1998//1475 1995//1475
f 1997//1476 1995//1476 1996//1476
f 1899//1477 1989//1477 2003//1477
f 1899//1478 2003//1478 1900//1478
f 2004//1479 1990//1479 1899//1479
f 2004//1480 1899//1480 1900//1480
f 2001//1467 2002//1467 1958//1467
f 2001//1467 1958//1467 1983//1467
f 1996//1481 2000//1481 1999//1481
f 1996//1481 1999//1481 1997//1481
f 1935//1482 1999//1482 2000//1482
f 1935//1482 2000//1482 1936//1482
f 2023//1483 2027//1483 2028//1483
f 2023//1470 2028//1470 2024//1470
f 2055//1467 2056//1467 2046//1467
f 2055//1467 2046//1467 2054//1467
f 2057//1484 2058//1484 2059//1484
f 2057//1485 2059//1485 1900//1485
f 2053//1467 2054//1467 2046//1467
f 2053//1467 2046//1467 2045//1467
f 2048//1467 2046//1467 2050//1467
f 2046//1467 2052//1467 2051//1467
f 2046//1467 2051//1467 2050//1467
f 2057//1486 1900//1486 2003//1486
f 2058//1487 2057//1487 2063//1487
f 2058//1488 2063//1488 2064//1488
f 1965//1489 1970//1489 1971//1489
f 1965//1489 1971//1489 1964//1489
f 2061//1490 2060//1490 2062//1490
f 2059//1491 2060//1491 2061//1491
f 2059//1492 2061//1492 1900//1492
f 2061//1493 2004//1493 1900//1493
f 2033//1467 2034//1467 2031//1467
f 2033//1467 2031//1467 2032//1467
f 2031//1467 2036//1467 2035//1467
f 2031//1467 2035//1467 2032//1467
f 2026//1467 2025//1467 2012//1467
f 2026//1467 2012//1467 2015//1467
f 1943//1494 2028//1494 2027//1494
f 1943//1494 2027//1494 1944//1494
f 2029//1467 2030//1467 2021//1467
f 2029//1467 2021//1467 2006//1467
f 2036//1467 2031//1467 2037//1467
f 2046//1467 2047//1467 2044//1467
f 2046//1467 2044//1467 2045//1467
f 2046//1467 2048//1467 2049//1467
f 2046//1467 2049//1467 2047//1467
f 2042//1467 2043//1467 2031//1467
f 2042//1467 2031//1467 2041//1467
f 2031//1467 2039//1467 2038//1467
f 2031//1467 2038//1467 2037//1467
f 2040//1467 2041//1467 2031//1467
f 2040//1467 2031//1467 2034//1467
f 1986//1467 1985//1467 1958//1467
f 1986//1467 1958//1467 1957//1467
f 1920//1467 1921//1467 1918//1467
f 1920//1467 1918//1467 1919//1467
f 1920//1467 1923//1467 1922//1467
f 1920//1467 1922//1467 1921//1467
f 1906//1495 1896//1495 1916//1495
f 1906//1496 1916//1496 1917//1496
f 1897//1497 1914//1497 1895//1497
f 1897//1498 1895//1498 1894//1498
f 1915//1499 1916//1499 1896//1499
f 1915//1500 1896//1500 1905//1500
f 1920//1467 1925//1467 1924//1467
f 1920//1467 1924//1467 1923//1467
f 1936//1482 1937//1482 1934//1482
f 1936//1482 1934//1482 1935//1482
f 1940//1467 1941//1467 1938//1467
f 1940//1482 1938//1482 1939//1482
f 1932//1494 1933//1494 1930//1494
f 1932//1494 1930//1494 1931//1494
f 1926//1467 1927//1467 1920//1467
f 1926//1467 1920//1467 1919//1467
f 1926//1467 1928//1467 1929//1467
f 1926//1467 1929//1467 1927//1467
f 1901//1501 1905//1501 1896//1501
f 1906//1502 1904//1502 1896//1502
f 1896//1503 1904//1503 1893//1503
f 1896//1504 1893//1504 1901//1504
f 1894//1505 1902//1505 1901//1505
f 1894//1506 1901//1506 1893//1506
f 1903//1507 1902//1507 1894//1507
f 1903//1508 1894//1508 1895//1508
f 1907//1509 1908//1509 1909//1509
f 1907//1510 1909//1510 1910//1510
f 1893//1511 1904//1511 1913//1511
f 1893//1512 1913//1512 1911//1512
f 1895//1513 1914//1513 1909//1513
f 1897//1514 1911//1514 1912//1514
f 1897//1515 1912//1515 1898//1515
f 1908//1516 1903//1516 1895//1516
f 1908//1517 1895//1517 1909//1517
f 1893//1518 1911//1518 1897//1518
f 1893//1519 1897//1519 1894//1519
f 1944//1494 1945//1494 1942//1494
f 1944//1494 1942//1494 1943//1494
f 1972//1481 1973//1481 1939//1481
f 1972//1481 1939//1481 1938//1481
f 1974//1481 1975//1481 1973//1481
f 1974//1481 1973//1481 1972//1481
f 1967//1489 1971//1489 1970//1489
f 1967//1476 1970//1476 1968//1476
f 1963//1489 1965//1489 1964//1489
f 1963//1489 1964//1489 1960//1489
f 1968//1476 1969//1476 1966//1476
f 1968//1476 1966//1476 1967//1476
f 1975//1481 1974//1481 1966//1481
f 1975//1481 1966//1481 1969//1481
f 1982//1467 1983//1467 1958//1467
f 1982//1467 1958//1467 1981//1467
f 1958//1467 1985//1467 1984//1467
f 1958//1467 1984//1467 1978//1467
f 1980//1467 1981//1467 1958//1467
f 1980//1467 1958//1467 1976//1467
f 1976//1467 1958//1467 1977//1467
f 1958//1467 1978//1467 1979//1467
f 1958//1467 1979//1467 1977//1467
f 1947//1520 1948//1520 1949//1520
f 1947//1520 1949//1520 1946//1520
f 1950//1520 1953//1520 1941//1520
f 1950//1520 1941//1520 1940//1520
f 1952//1520 1953//1520 1950//1520
f 1952//1520 1950//1520 1951//1520
f 1945//1494 1947//1494 1946//1494
f 1945//1494 1946//1494 1942//1494
f 1937//1482 1949//1482 1948//1482
f 1937//1482 1948//1482 1934//1482
f 1933//1520 1952//1520 1951//1520
f 1933//1520 1951//1520 1930//1520
f 1957//1467 1958//1467 1959//1467
f 1962//1469 1963//1469 1960//1469
f 1962//1469 1960//1469 1961//1469
f 1898//1521 1912//1521 1956//1521
f 1954//1522 1914//1522 1897//1522
f 1954//1523 1897//1523 1898//1523
f 1955//1524 1954//1524 1898//1524
o Turret_02_havok_s_armor_10_2
v -1.080544 1.848417 -0.422378
v -0.855927 1.848417 -0.392961
v -0.926189 1.848417 -0.593757
v -1.153368 1.848417 -0.599888
v -0.981113 1.848417 -0.258556
v -0.742746 1.848417 -0.212834
v -0.857524 1.848417 -0.112455
v -0.712821 1.848417 0.012327
v -0.592320 1.848417 -0.062408
v -0.550564 1.848417 0.112717
v -0.412193 1.848417 0.050773
v 0.000001 1.848417 0.144854
v -0.211397 1.848417 0.121035
v -0.189711 1.848417 0.231097
v 0.000001 1.848417 0.246172
v 0.189712 1.848417 0.231097
v 0.211397 1.848417 0.121035
v 0.374752 1.848417 0.186244
v 0.412193 1.848417 0.050773
v -0.374752 1.848417 0.186244
v 0.742746 1.848417 -0.212834
v 0.857525 1.848417 -0.112455
v 0.981113 1.848417 -0.258556
v 0.855927 1.848417 -0.392961
v 0.592320 1.848417 -0.062408
v 0.712821 1.848417 0.012327
v 0.550564 1.848417 0.112717
v 1.080544 1.848417 -0.422378
v 1.153368 1.848417 -0.599888
v 0.926189 1.848417 -0.593757
v 0.950008 1.848417 -0.805154
v 1.197792 1.848417 -0.786715
v 1.142077 1.848417 -1.195687
v 0.855927 1.848417 -1.217347
v 0.926189 1.848417 -1.016551
v 1.212717 1.848417 -0.978258
v 1.032469 1.848417 -1.386652
v 0.742746 1.848417 -1.397474
v 0.877567 1.848417 -1.569209
v 0.592320 1.848417 -1.547900
v 0.707753 1.848406 -1.717105
v 0.412193 1.848417 -1.661081
v -0.707753 1.848406 -1.717105
v 0.000001 1.848417 -1.755162
v 0.548133 1.848417 -1.864912
v -0.548133 1.848417 -1.864912
v 0.211397 1.848417 -1.731343
v -0.592320 1.848417 -1.547900
v -0.412193 1.848417 -1.661081
v -0.877567 1.848417 -1.569209
v -0.211397 1.848417 -1.731343
v -1.142075 1.848417 -1.195687
v -1.212717 1.848417 -0.978258
v -0.926189 1.848417 -1.016551
v -0.855927 1.848417 -1.217347
v -0.742745 1.848417 -1.397474
v -1.032469 1.848417 -1.386652
v -1.197792 1.848417 -0.786715
v -0.950008 1.848417 -0.805154
vn -0.0000 1.0000 -0.0000
vn -0.0000 1.0000 -0.0001
vn -0.0000 1.0000 0.0001
vn -0.0000 1.0000 -0.0003
s 0
f 2105//1525 2106//1525 2104//1525
f 2105//1526 2104//1526 2103//1526
f 2103//1525 2104//1525 2102//1525
f 2103//1525 2102//1525 2101//1525
f 2109//1525 2111//1525 2106//1525
f 2109//1525 2106//1525 2105//1525
f 2109//1527 2110//1527 2107//1527
f 2109//1526 2107//1526 2108//1526
f 2099//1525 2100//1525 2097//1525
f 2099//1525 2097//1525 2098//1525
f 2093//1525 2096//1525 2095//1525
f 2093//1525 2095//1525 2094//1525
f 2101//1525 2102//1525 2098//1525
f 2101//1525 2098//1525 2097//1525
f 2100//1525 2099//1525 2095//1525
f 2100//1525 2095//1525 2096//1525
f 2114//1525 2121//1525 2120//1525
f 2114//1525 2120//1525 2112//1525
f 2119//1525 2120//1525 2121//1525
f 2119//1525 2121//1525 2116//1525
f 2123//1525 2122//1525 2068//1525
f 2123//1525 2068//1525 2067//1525
f 2117//1525 2122//1525 2123//1525
f 2117//1525 2123//1525 2118//1525
f 2107//1526 2114//1526 2112//1526
f 2107//1525 2112//1525 2113//1525
f 2108//1525 2111//1525 2109//1525
f 2118//1525 2119//1525 2116//1525
f 2118//1525 2116//1525 2117//1525
f 2115//1528 2108//1528 2107//1528
f 2115//1526 2107//1526 2113//1526
f 2078//1525 2079//1525 2076//1525
f 2078//1525 2076//1525 2077//1525
f 2074//1525 2075//1525 2073//1525
f 2074//1525 2073//1525 2072//1525
f 2082//1525 2083//1525 2081//1525
f 2082//1525 2081//1525 2080//1525
f 2080//1525 2081//1525 2076//1525
f 2080//1525 2076//1525 2079//1525
f 2065//1525 2069//1525 2066//1525
f 2067//1525 2068//1525 2065//1525
f 2067//1525 2065//1525 2066//1525
f 2072//1525 2073//1525 2070//1525
f 2072//1525 2070//1525 2071//1525
f 2069//1525 2071//1525 2070//1525
f 2069//1525 2070//1525 2066//1525
f 2091//1525 2083//1525 2082//1525
f 2091//1525 2090//1525 2089//1525
f 2091//1525 2089//1525 2083//1525
f 2092//1525 2088//1525 2087//1525
f 2092//1525 2093//1525 2094//1525
f 2092//1525 2094//1525 2088//1525
f 2074//1525 2084//1525 2075//1525
f 2084//1525 2078//1525 2077//1525
f 2084//1525 2077//1525 2075//1525
f 2085//1525 2089//1525 2090//1525
f 2085//1525 2090//1525 2086//1525
f 2087//1525 2088//1525 2085//1525
f 2087//1525 2085//1525 2086//1525
o Turret_02_havok_s_armor_9_3
v 0.285496 1.885122 0.789982
v 0.189711 1.885122 0.231097
v 0.000001 1.885122 0.246172
v 0.000001 1.885122 0.835846
v 0.465094 1.885122 0.713074
v 0.374751 1.885122 0.186244
v 0.773659 1.885122 0.458817
v 0.550565 1.885122 0.112717
v 0.625703 1.885122 0.599203
v 0.906232 1.885122 0.298303
v 1.022244 1.885122 0.117303
v 0.712820 1.885122 0.012327
v 0.857524 1.885122 -0.112455
v 1.117037 1.885122 -0.081929
v -0.773660 1.885122 0.458817
v -0.625703 1.885122 0.599203
v -0.374751 1.885122 0.186244
v -0.550565 1.885122 0.112717
v -0.465094 1.885122 0.713074
v -0.906232 1.885122 0.298303
v -0.712820 1.885122 0.012327
v -1.022244 1.885122 0.117303
v -0.189711 1.885122 0.231097
v -0.285496 1.885122 0.789982
v -0.857524 1.885122 -0.112455
v -1.117037 1.885122 -0.081929
v -0.981114 1.885122 -0.258556
v -1.186792 1.885122 -0.296809
v -1.225796 1.885122 -0.520973
v -1.080544 1.885122 -0.422378
v -1.153367 1.885122 -0.599888
v -1.228916 1.885122 -0.753007
v -1.197791 1.885122 -0.786715
v -1.212605 1.874546 -0.919991
v 1.225796 1.885122 -0.520973
v 1.153367 1.885122 -0.599888
v 1.080544 1.885122 -0.422378
v 1.186792 1.885122 -0.296809
v 0.981113 1.885122 -0.258556
v 1.228916 1.885122 -0.753007
v 1.197792 1.885122 -0.786715
v 1.212605 1.874546 -0.919991
vn -0.0000 1.0000 -0.0000
vn 0.0763 0.9946 -0.0704
vn -0.0763 0.9946 -0.0704
s 0
f 2153//1529 2154//1529 2152//1529
f 2153//1529 2152//1529 2151//1529
f 2153//1529 2151//1529 2150//1529
f 2154//1529 2156//1529 2155//1529
f 2154//1529 2155//1529 2152//1529
f 2142//1529 2147//1529 2146//1529
f 2142//1529 2146//1529 2140//1529
f 2148//1529 2149//1529 2145//1529
f 2148//1529 2145//1529 2144//1529
f 2150//1529 2151//1529 2149//1529
f 2150//1529 2149//1529 2148//1529
f 2163//1529 2164//1529 2159//1529
f 2163//1529 2159//1529 2158//1529
f 2164//1530 2163//1530 2165//1530
f 2137//1529 2161//1529 2162//1529
f 2137//1529 2162//1529 2136//1529
f 2155//1531 2156//1531 2157//1531
f 2160//1529 2161//1529 2158//1529
f 2160//1529 2158//1529 2159//1529
f 2160//1529 2162//1529 2161//1529
f 2128//1529 2132//1529 2129//1529
f 2133//1529 2134//1529 2135//1529
f 2133//1529 2135//1529 2131//1529
f 2133//1529 2131//1529 2130//1529
f 2126//1529 2127//1529 2124//1529
f 2126//1529 2124//1529 2125//1529
f 2128//1529 2129//1529 2125//1529
f 2128//1529 2125//1529 2124//1529
f 2129//1529 2132//1529 2130//1529
f 2129//1529 2130//1529 2131//1529
f 2144//1529 2145//1529 2143//1529
f 2144//1529 2143//1529 2141//1529
f 2143//1529 2138//1529 2141//1529
f 2146//1529 2147//1529 2127//1529
f 2146//1529 2127//1529 2126//1529
f 2134//1529 2137//1529 2136//1529
f 2134//1529 2136//1529 2135//1529
f 2140//1529 2141//1529 2138//1529
f 2140//1529 2138//1529 2139//1529
f 2139//1529 2142//1529 2140//1529
o Turret_02_havok_s_armor_8_4
v 0.412193 1.829119 -1.661081
v 0.211396 1.829119 -1.731343
v -0.926189 1.829119 -0.593757
v 0.592320 1.829119 -1.547900
v -0.412193 1.829119 -1.661081
v -0.592320 1.829119 -1.547900
v -0.211396 1.829119 -1.731343
v -0.742745 1.829119 -1.397474
v -0.855927 1.829119 -1.217347
v -0.926189 1.829119 -1.016551
v -0.950008 1.829119 -0.805154
v 0.742745 1.829119 -1.397474
v 0.855927 1.829119 -1.217347
v 0.950008 1.829119 -0.805154
v 0.926189 1.829119 -1.016551
v 0.855927 1.829119 -0.392961
v 0.926189 1.829119 -0.593757
v 0.412193 1.829119 0.050773
v 0.592321 1.829119 -0.062408
v 0.211396 1.829119 0.121035
v -0.211396 1.829119 0.121035
v 0.000000 1.829119 0.144854
v -0.412193 1.829119 0.050773
v -0.592321 1.829119 -0.062408
v -0.742746 1.829119 -0.212834
v -0.855927 1.829119 -0.392961
v 0.742746 1.829119 -0.212834
v 0.000000 1.829119 -1.755162
v 0.163077 2.139475 -2.003422
v 0.159582 2.291854 -1.975092
v -0.164111 2.291854 -1.975092
v -0.167706 2.139475 -2.003422
vn -0.0000 1.0000 -0.0000
vn -0.0000 -0.1828 0.9832
s 0
f 2168//1532 2189//1532 2188//1532
f 2168//1532 2188//1532 2186//1532
f 2168//1532 2186//1532 2187//1532
f 2168//1532 2187//1532 2185//1532
f 2168//1532 2185//1532 2183//1532
f 2168//1532 2183//1532 2184//1532
f 2168//1532 2191//1532 2190//1532
f 2168//1532 2190//1532 2189//1532
f 2196//1533 2197//1533 2194//1533
f 2196//1533 2194//1533 2195//1533
f 2193//1532 2172//1532 2168//1532
f 2193//1532 2168//1532 2167//1532
f 2168//1532 2184//1532 2192//1532
f 2168//1532 2192//1532 2181//1532
f 2173//1532 2174//1532 2168//1532
f 2173//1532 2168//1532 2171//1532
f 2168//1532 2172//1532 2170//1532
f 2168//1532 2170//1532 2171//1532
f 2168//1532 2169//1532 2166//1532
f 2168//1532 2166//1532 2167//1532
f 2175//1532 2176//1532 2168//1532
f 2175//1532 2168//1532 2174//1532
f 2168//1532 2181//1532 2182//1532
f 2168//1532 2182//1532 2179//1532
f 2168//1532 2179//1532 2180//1532
f 2168//1532 2180//1532 2178//1532
f 2168//1532 2178//1532 2177//1532
f 2168//1532 2177//1532 2169//1532
o Turret_02_havok_s_armor_1_5
v 0.412193 1.829119 -1.661081
v 0.592320 1.829119 -1.547900
v 0.592320 1.848417 -1.547900
v 0.412193 1.848417 -1.661081
v -0.592320 1.848417 -1.547900
v -0.592320 1.829119 -1.547900
v -0.412193 1.829119 -1.661081
v -0.412193 1.848417 -1.661081
v -0.211397 1.829119 -1.731343
v -0.211397 1.848417 -1.731343
v -0.000000 1.829119 -1.755162
v 0.211397 1.829119 -1.731343
v 0.211397 1.848417 -1.731343
v -0.000000 1.848417 -1.755162
v -0.316853 1.912657 -1.860409
v -0.548133 1.848417 -1.864912
v 0.548133 1.848417 -1.864912
v 0.316853 1.912657 -1.860409
v -0.545618 1.912657 -1.860409
v 0.394643 1.964897 -1.844098
v 0.545617 1.912657 -1.860409
v 0.541045 1.964897 -1.844098
v -0.521823 2.186468 -1.753235
v -0.430779 2.110130 -1.801454
v -0.433801 2.251667 -1.772730
v -0.492268 2.251434 -1.713884
v -0.531324 2.110130 -1.801454
v -0.533671 2.040143 -1.821958
v -0.376082 2.321533 -1.776324
v -0.541046 1.964897 -1.844098
v -0.394643 1.964897 -1.844098
v 0.433802 2.251667 -1.772730
v 0.521823 2.186468 -1.752612
v 0.492267 2.251434 -1.713884
v 0.376083 2.321533 -1.776324
v 0.430779 2.110130 -1.801454
v 0.531699 2.110130 -1.801454
v 0.537357 2.040143 -1.821958
vn 0.6223 -0.4824 0.6164
vn -0.0000 -0.2823 0.9593
vn 0.0004 -0.2816 0.9595
vn 0.3381 -0.1802 0.9237
vn 0.5689 -0.5997 0.5628
vn -0.0000 -0.5340 0.8455
vn -0.0000 -0.2811 0.9597
vn -0.0000 -0.2980 0.9546
vn -0.0004 -0.2816 0.9595
vn -0.5707 -0.5962 0.5646
vn -0.6223 -0.4824 0.6164
vn -0.3438 -0.1797 0.9217
vn -0.0000 -0.5389 0.8423
vn -0.0000 -0.0699 0.9976
vn 0.3303 -0.0000 0.9439
vn -0.1120 -0.0000 0.9937
vn -0.5320 -0.0000 0.8467
vn 0.5320 -0.0000 0.8467
vn 0.1120 -0.0000 0.9937
vn -0.3303 -0.0000 0.9439
s 0
f 2222//1534 2226//1534 2223//1534
f 2225//1535 2227//1535 2228//1535
f 2225//1536 2228//1536 2221//1536
f 2220//1537 2221//1537 2222//1537
f 2220//1538 2222//1538 2223//1538
f 2221//1539 2220//1539 2224//1539
f 2221//1540 2224//1540 2225//1540
f 2228//1541 2227//1541 2216//1541
f 2228//1541 2216//1541 2212//1541
f 2235//1542 2233//1542 2217//1542
f 2235//1535 2217//1535 2219//1535
f 2235//1540 2234//1540 2233//1540
f 2229//1543 2230//1543 2231//1543
f 2229//1544 2231//1544 2232//1544
f 2230//1545 2229//1545 2233//1545
f 2230//1546 2233//1546 2234//1546
f 2218//1547 2215//1547 2214//1547
f 2206//1548 2207//1548 2205//1548
f 2206//1548 2205//1548 2204//1548
f 2210//1549 2211//1549 2208//1549
f 2210//1549 2208//1549 2209//1549
f 2200//1550 2201//1550 2198//1550
f 2200//1550 2198//1550 2199//1550
f 2204//1551 2205//1551 2202//1551
f 2204//1551 2202//1551 2203//1551
f 2208//1552 2211//1552 2207//1552
f 2208//1552 2207//1552 2206//1552
f 2213//1547 2212//1547 2216//1547
f 2218//1541 2219//1541 2217//1541
f 2218//1541 2217//1541 2215//1541
f 2201//1553 2210//1553 2209//1553
f 2201//1553 2209//1553 2198//1553
f 2214//1547 2215//1547 2212//1547
f 2214//1547 2212//1547 2213//1547
o Turret_02_havok_s_armor_2_6
v -0.340366 2.173337 -2.003422
v -0.167706 2.139475 -2.003421
v -0.164111 2.291854 -1.975092
v -0.333071 2.291854 -1.975092
v -0.248027 2.053057 -2.016222
v 0.163078 2.139475 -2.003422
v 0.248027 2.053057 -2.016222
v 0.159582 2.291854 -1.975092
v 0.000000 2.394343 -1.955167
v -0.126764 2.384957 -1.955167
v -0.240238 2.352313 -1.961241
v 0.340366 2.173337 -2.003422
v 0.333071 2.291854 -1.975092
v 0.240238 2.352313 -1.961241
v 0.126764 2.384957 -1.955167
vn 0.0236 -0.1237 0.9920
vn -0.0000 -0.2325 0.9726
vn 0.0347 -0.1819 0.9827
vn -0.0159 -0.2146 0.9766
vn -0.0087 -0.2122 0.9772
vn -0.0000 -0.2233 0.9747
vn 0.0089 -0.2127 0.9771
vn -0.0244 -0.1243 0.9919
vn -0.0357 -0.1819 0.9827
vn 0.0127 -0.1717 0.9851
vn -0.0000 -0.2093 0.9779
vn -0.0000 -0.1465 0.9892
s 0
f 2247//1554 2241//1554 2242//1554
f 2247//1555 2248//1555 2243//1555
f 2247//1556 2243//1556 2241//1556
f 2243//1557 2250//1557 2244//1557
f 2249//1558 2250//1558 2243//1558
f 2249//1559 2243//1559 2248//1559
f 2238//1560 2245//1560 2246//1560
f 2238//1559 2246//1559 2239//1559
f 2236//1561 2240//1561 2237//1561
f 2238//1555 2239//1555 2236//1555
f 2238//1562 2236//1562 2237//1562
f 2243//1563 2244//1563 2245//1563
f 2243//1564 2245//1564 2238//1564
f 2240//1565 2242//1565 2241//1565
f 2240//1565 2241//1565 2237//1565
o Turret_02_havok_s_armor_4_7
v 0.720546 1.995691 0.442404
v 0.753683 1.940585 0.447429
v 0.611562 1.930451 0.586461
v 0.584316 1.975844 0.579761
v 0.546024 2.019127 0.578086
v 0.675626 2.049741 0.443074
v 0.454713 1.919261 0.702712
v 0.434095 1.954098 0.693666
v 0.404640 1.986190 0.688976
v 0.366348 2.015960 0.687301
v 0.250000 1.948186 0.771055
v 0.225700 1.966554 0.767035
v 0.268410 1.927706 0.777085
v 0.196981 1.983023 0.764690
v 0.266937 2.068321 0.689311
v 0.320692 2.043618 0.687636
v 0.280928 1.905537 0.785125
v 0.284610 2.174732 0.596847
v 0.244846 2.303101 0.476911
v 0.357511 2.263619 0.472556
v 0.366348 2.141162 0.591151
v 0.459131 2.214636 0.465185
v 0.437040 2.102736 0.585456
v 0.618189 2.105269 0.448770
v 0.497423 2.061775 0.580431
v 0.546024 2.160797 0.456475
v -0.071797 2.114981 0.695341
v -0.098306 2.219070 0.602877
v 0.000368 2.225193 0.603547
v 0.000368 2.118570 0.696011
v 0.098306 2.219070 0.602877
v 0.071797 2.114981 0.695341
v 0.043814 2.022294 0.762679
v 0.000368 2.024194 0.762679
v -0.043814 2.022294 0.762679
v 0.141016 2.105058 0.694001
v 0.194036 2.201757 0.600867
v 0.206554 2.089223 0.691991
v 0.124080 2.328648 0.478921
v 0.000368 2.337727 0.479591
v 0.163108 1.996958 0.763014
v 0.085788 2.017015 0.762679
v 0.126289 2.008570 0.762679
v -0.085788 2.017015 0.762679
v -0.141016 2.105058 0.694001
v -0.194036 2.201757 0.600867
v -0.206554 2.089223 0.691991
v -0.266937 2.068321 0.689311
v -0.320692 2.043618 0.687636
v -0.366348 2.141162 0.591151
v -0.284610 2.174732 0.596847
v -0.366348 2.015960 0.687301
v -0.437040 2.102736 0.585456
v -0.124080 2.328648 0.478921
v -0.244846 2.303101 0.476911
v -0.357511 2.263619 0.472556
v -0.225700 1.966554 0.767035
v -0.196981 1.983023 0.764690
v -0.163108 1.996958 0.763014
v -0.126289 2.008570 0.762679
v -0.250000 1.948186 0.771055
v -0.268410 1.927706 0.777085
v -0.280928 1.905537 0.785125
v -0.404640 1.986190 0.688976
v -0.434095 1.954098 0.693666
v -0.454713 1.919261 0.702712
v -0.546024 2.019127 0.578086
v -0.497423 2.061775 0.580431
v -0.584316 1.975844 0.579761
v -0.611562 1.930451 0.586461
v -0.753683 1.940585 0.447429
v -0.720546 1.995691 0.442404
v -0.675627 2.049741 0.443074
v -0.618189 2.105269 0.448770
v -0.546024 2.160797 0.456475
v -0.459131 2.214636 0.465185
v 0.773659 1.885122 0.458817
v 0.625702 1.885122 0.599202
v 0.465094 1.885122 0.713074
v 0.285496 1.885122 0.789981
v 0.000000 1.885122 0.835846
v -0.285496 1.885122 0.789981
v -0.465094 1.885122 0.713074
v -0.625702 1.885122 0.599202
v -0.773660 1.885122 0.458817
v 0.543318 2.285819 0.311740
v 0.424428 2.348123 0.319451
v 0.291070 2.398607 0.323811
v 0.147822 2.431110 0.325275
v 0.000000 2.442477 0.325253
v 0.189711 1.885122 0.231097
v 0.189711 1.848417 0.231097
v 0.000000 1.848417 0.246172
v 0.000000 1.885122 0.246172
v 0.644534 2.217881 0.302243
v 0.726885 2.147475 0.292951
v 0.842591 2.014418 0.284016
v 0.880768 1.950246 0.288143
v 0.906232 1.885122 0.298303
v 0.792331 2.079465 0.286371
v -0.726885 2.147475 0.292951
v -0.638032 2.220711 0.302119
v -0.543318 2.285819 0.311740
v -0.842591 2.014418 0.284016
v -0.880768 1.950246 0.288143
v -0.906232 1.885122 0.298303
v -0.792331 2.079465 0.286371
v -0.424428 2.348123 0.319451
v -0.291069 2.398607 0.323811
v -0.147821 2.431110 0.325275
v 0.550564 1.848417 0.112717
v 0.374752 1.848417 0.186244
v 0.374752 1.885122 0.186244
v 0.550564 1.885122 0.112717
v -0.189711 1.848417 0.231097
v -0.374752 1.848417 0.186244
v -0.374752 1.885122 0.186244
v -0.189711 1.885122 0.231097
v -0.412193 1.829119 0.050773
v -0.412193 1.848417 0.050773
v -0.211396 1.848417 0.121035
v -0.211396 1.829119 0.121035
v 0.211397 1.848417 0.121035
v 0.211397 1.829119 0.121035
v 0.000000 1.829119 0.144854
v 0.000000 1.848417 0.144854
v 0.412193 1.848417 0.050773
v 0.412193 1.829119 0.050773
v 0.592320 1.829119 -0.062408
v 0.592320 1.848417 -0.062408
v 0.712821 1.848417 0.012327
v 0.712821 1.885122 0.012327
v -0.712821 1.885122 0.012327
v -0.550564 1.885122 0.112717
v -0.550564 1.848417 0.112717
v -0.712821 1.848417 0.012327
v -0.592320 1.829119 -0.062408
v -0.592320 1.848417 -0.062408
vn -0.4128 -0.7185 -0.5598
vn -0.4730 -0.6711 -0.5708
vn -0.3900 -0.7234 -0.5697
vn -0.3094 -0.7689 -0.5596
vn -0.2916 -0.7695 -0.5681
vn 0.3661 -0.6609 -0.6551
vn 0.3980 -0.6340 -0.6630
vn 0.5872 -0.4799 -0.6518
vn 0.5559 -0.5170 -0.6509
vn 0.5054 -0.5666 -0.6508
vn 0.5158 -0.5517 -0.6554
vn 0.4454 -0.6132 -0.6524
vn 0.4598 -0.5971 -0.6573
vn -0.5734 -0.5966 -0.5616
vn -0.5995 -0.5616 -0.5703
vn -0.5591 -0.5114 -0.6526
vn -0.6865 -0.4454 -0.5747
vn -0.6765 -0.4593 -0.5756
vn -0.4967 -0.6614 -0.5620
vn -0.5375 -0.6191 -0.5725
vn -0.1887 -0.8066 -0.5602
vn -0.1798 -0.8054 -0.5649
vn -0.0634 -0.8257 -0.5605
vn -0.0636 -0.8258 -0.5603
vn -0.0792 -0.0000 -0.9969
vn 0.2979 -0.4818 -0.8241
vn 0.3594 -0.4280 -0.8292
vn 0.3317 -0.4815 -0.8112
vn 0.3656 -0.3704 -0.8539
vn 0.3903 -0.2948 -0.8722
vn 0.2413 -0.5360 -0.8090
vn 0.2602 -0.5107 -0.8194
vn 0.1897 -0.5582 -0.8077
vn 0.2193 -0.5282 -0.8203
vn 0.3240 -0.4632 -0.8249
vn 0.2688 -0.5314 -0.8034
vn 0.3471 -0.4396 -0.8284
vn 0.3025 -0.5092 -0.8057
vn 0.5352 -0.3791 -0.7549
vn 0.5302 -0.3898 -0.7529
vn 0.6154 -0.4303 -0.6604
vn 0.5980 -0.4562 -0.6590
vn 0.6398 -0.3689 -0.6743
vn 0.6309 -0.3860 -0.6730
vn 0.5203 -0.4219 -0.7425
vn 0.4859 -0.4776 -0.7320
vn 0.4649 -0.4892 -0.7380
vn 0.4001 -0.5556 -0.7289
vn 0.4189 -0.5268 -0.7396
vn 0.4918 -0.4636 -0.7371
vn 0.4495 -0.5188 -0.7272
vn 0.0792 -0.0000 -0.9969
vn 0.3303 -0.0000 -0.9439
vn -0.1120 -0.0000 -0.9937
vn 0.2356 -0.0000 -0.9719
vn 0.0634 -0.8257 -0.5605
vn 0.0633 -0.8257 -0.5606
vn -0.3858 -0.0000 -0.9226
vn -0.2356 -0.0000 -0.9719
vn 0.5261 -0.0000 -0.8504
vn 0.3858 -0.0000 -0.9226
vn 0.5320 -0.0000 -0.8467
vn -0.5262 -0.0000 -0.8504
vn -0.5261 -0.0000 -0.8504
vn 0.1120 -0.0000 -0.9937
vn -0.3303 -0.0000 -0.9439
vn -0.5320 -0.0000 -0.8467
vn 0.5080 -0.6565 -0.5576
vn 0.5404 -0.6240 -0.5644
vn 0.5591 -0.5114 -0.6526
vn 0.6865 -0.4454 -0.5747
vn 0.6765 -0.4593 -0.5756
vn 0.5616 -0.6115 -0.5574
vn 0.5995 -0.5616 -0.5703
vn -0.7157 -0.3721 -0.5911
vn -0.7124 -0.3780 -0.5913
vn -0.6613 -0.4904 -0.5676
vn -0.6347 -0.5204 -0.5714
vn -0.6210 -0.5428 -0.5654
vn 0.3900 -0.7234 -0.5697
vn 0.3094 -0.7689 -0.5596
vn 0.2916 -0.7695 -0.5681
vn 0.1887 -0.8066 -0.5602
vn 0.1798 -0.8054 -0.5649
vn 0.4128 -0.7185 -0.5598
vn 0.4730 -0.6711 -0.5708
vn 0.7157 -0.3721 -0.5911
vn 0.7124 -0.3780 -0.5913
vn 0.6613 -0.4904 -0.5676
vn 0.6347 -0.5204 -0.5714
vn 0.6210 -0.5428 -0.5654
vn -0.4001 -0.5556 -0.7289
vn -0.4649 -0.4892 -0.7380
vn -0.4189 -0.5268 -0.7396
vn 0.0396 -0.6547 -0.7549
vn 0.0459 -0.6569 -0.7526
vn -0.2973 -0.5976 -0.7446
vn -0.2977 -0.5973 -0.7447
vn -0.5054 -0.5666 -0.6508
vn -0.5158 -0.5517 -0.6554
vn -0.4598 -0.5971 -0.6573
vn -0.4454 -0.6132 -0.6524
vn -0.3655 -0.5625 -0.7416
vn -0.3543 -0.5760 -0.7367
vn -0.1757 -0.6312 -0.7554
vn -0.2206 -0.6285 -0.7459
vn -0.2453 -0.6123 -0.7516
vn -0.1454 -0.7261 -0.6721
vn -0.1653 -0.7292 -0.6640
vn -0.1331 -0.6487 -0.7493
vn -0.1071 -0.6449 -0.7567
vn -0.0462 -0.6568 -0.7526
vn -0.0400 -0.6546 -0.7549
vn -0.0252 -0.5768 -0.8165
vn -0.0368 -0.5801 -0.8137
vn 0.0248 -0.5768 -0.8165
vn 0.0364 -0.5802 -0.8137
vn -0.5352 -0.3791 -0.7549
vn -0.5302 -0.3898 -0.7529
vn -0.4495 -0.5188 -0.7272
vn -0.4918 -0.4636 -0.7371
vn -0.2688 -0.5314 -0.8034
vn -0.3240 -0.4632 -0.8249
vn -0.4859 -0.4776 -0.7320
vn -0.5202 -0.4219 -0.7425
vn -0.5980 -0.4562 -0.6590
vn -0.6154 -0.4303 -0.6604
vn -0.6398 -0.3689 -0.6743
vn -0.6309 -0.3860 -0.6730
vn -0.5559 -0.5170 -0.6509
vn -0.5872 -0.4800 -0.6518
vn -0.3656 -0.3704 -0.8539
vn -0.3903 -0.2948 -0.8722
vn -0.3220 -0.6705 -0.6684
vn -0.2710 -0.7006 -0.6600
vn -0.3980 -0.6340 -0.6630
vn -0.3661 -0.6609 -0.6551
vn -0.3317 -0.4815 -0.8112
vn -0.3594 -0.4280 -0.8292
vn -0.3025 -0.5092 -0.8057
vn -0.3471 -0.4396 -0.8284
vn -0.2602 -0.5107 -0.8194
vn -0.2413 -0.5360 -0.8090
vn -0.2979 -0.4818 -0.8241
vn 0.1653 -0.7292 -0.6640
vn 0.1454 -0.7261 -0.6721
vn 0.0577 -0.7420 -0.6679
vn 0.0504 -0.7395 -0.6713
vn 0.2710 -0.7006 -0.6600
vn 0.3220 -0.6705 -0.6684
vn 0.3543 -0.5760 -0.7367
vn 0.3655 -0.5625 -0.7416
vn 0.0719 -0.5719 -0.8171
vn 0.2973 -0.5976 -0.7446
vn 0.2977 -0.5973 -0.7447
vn 0.2453 -0.6123 -0.7516
vn 0.2206 -0.6285 -0.7459
vn 0.1531 -0.2610 -0.9531
vn 0.1340 -0.4039 -0.9049
vn 0.1664 -0.5511 -0.8177
vn 0.1594 -0.5562 -0.8156
vn 0.1176 -0.5639 -0.8174
vn 0.0979 -0.5732 -0.8136
vn 0.1372 -0.3912 -0.9100
vn 0.1396 -0.3843 -0.9126
vn 0.2391 -0.7014 -0.6715
vn 0.1235 -0.4088 -0.9042
vn 0.1423 -0.3784 -0.9146
vn 0.1215 -0.4112 -0.9034
vn 0.0911 -0.4371 -0.8948
vn -0.0573 -0.4555 -0.8884
vn -0.0204 -0.4655 -0.8848
vn -0.1372 -0.3912 -0.9100
vn -0.1396 -0.3844 -0.9126
vn -0.1531 -0.2610 -0.9531
vn -0.1340 -0.4039 -0.9049
vn -0.0911 -0.4371 -0.8948
vn -0.1215 -0.4112 -0.9034
vn -0.2391 -0.7014 -0.6715
vn -0.0581 -0.7419 -0.6680
vn -0.0508 -0.7394 -0.6713
vn -0.1235 -0.4088 -0.9042
vn -0.1423 -0.3784 -0.9146
vn -0.0719 -0.5719 -0.8171
vn 0.1331 -0.6487 -0.7493
vn 0.1071 -0.6449 -0.7567
vn 0.1757 -0.6312 -0.7554
vn -0.1176 -0.5639 -0.8174
vn -0.0979 -0.5732 -0.8136
vn 0.0573 -0.4555 -0.8884
vn 0.0200 -0.4655 -0.8848
vn -0.2193 -0.5282 -0.8203
vn -0.1897 -0.5582 -0.8077
vn -0.1664 -0.5511 -0.8177
vn -0.1594 -0.5562 -0.8156
s 0
f 2272//1566 2337//1566 2336//1566
f 2272//1567 2336//1567 2276//1567
f 2270//1568 2337//1568 2272//1568
f 2338//1569 2337//1569 2270//1569
f 2338//1570 2270//1570 2269//1570
f 2326//1571 2306//1571 2300//1571
f 2326//1572 2300//1572 2303//1572
f 2319//1573 2322//1573 2323//1573
f 2319//1574 2323//1574 2317//1574
f 2324//1575 2325//1575 2318//1575
f 2324//1576 2318//1576 2317//1576
f 2325//1577 2326//1577 2303//1577
f 2325//1578 2303//1578 2318//1578
f 2274//1579 2345//1579 2346//1579
f 2274//1580 2346//1580 2256//1580
f 2274//1581 2256//1581 2255//1581
f 2347//1582 2348//1582 2252//1582
f 2347//1583 2252//1583 2251//1583
f 2276//1584 2336//1584 2345//1584
f 2276//1585 2345//1585 2274//1585
f 2339//1586 2338//1586 2269//1586
f 2339//1587 2269//1587 2289//1587
f 2340//1588 2339//1588 2289//1588
f 2340//1589 2289//1589 2290//1589
f 2343//1590 2344//1590 2341//1590
f 2343//1590 2341//1590 2342//1590
f 2302//1591 2299//1591 2307//1591
f 2313//1592 2316//1592 2315//1592
f 2313//1593 2315//1593 2312//1593
f 2332//1594 2333//1594 2316//1594
f 2332//1595 2316//1595 2313//1595
f 2308//1596 2307//1596 2299//1596
f 2308//1597 2299//1597 2298//1597
f 2309//1598 2308//1598 2298//1598
f 2309//1599 2298//1599 2297//1599
f 2311//1600 2314//1600 2302//1600
f 2311//1601 2302//1601 2307//1601
f 2312//1602 2315//1602 2314//1602
f 2312//1603 2314//1603 2311//1603
f 2333//1604 2334//1604 2320//1604
f 2333//1605 2320//1605 2316//1605
f 2320//1606 2321//1606 2322//1606
f 2320//1607 2322//1607 2319//1607
f 2334//1608 2335//1608 2321//1608
f 2334//1609 2321//1609 2320//1609
f 2316//1610 2320//1610 2319//1610
f 2316//1611 2319//1611 2315//1611
f 2314//1612 2317//1612 2318//1612
f 2314//1613 2318//1613 2302//1613
f 2318//1614 2303//1614 2302//1614
f 2315//1615 2319//1615 2317//1615
f 2315//1616 2317//1616 2314//1616
f 2343//1617 2365//1617 2368//1617
f 2343//1617 2368//1617 2344//1617
f 2371//1618 2372//1618 2369//1618
f 2371//1618 2369//1618 2370//1618
f 2375//1619 2376//1619 2373//1619
f 2375//1619 2373//1619 2374//1619
f 2367//1620 2368//1620 2365//1620
f 2367//1620 2365//1620 2366//1620
f 2304//1621 2360//1621 2340//1621
f 2304//1622 2340//1622 2290//1622
f 2363//1623 2364//1623 2361//1623
f 2363//1623 2361//1623 2362//1623
f 2341//1624 2363//1624 2362//1624
f 2341//1624 2362//1624 2342//1624
f 2385//1625 2386//1625 2383//1625
f 2385//1625 2383//1625 2384//1625
f 2366//1626 2385//1626 2384//1626
f 2366//1626 2384//1626 2367//1626
f 2387//1627 2388//1627 2370//1627
f 2387//1627 2370//1627 2369//1627
f 2364//1628 2382//1628 2381//1628
f 2364//1629 2381//1629 2361//1629
f 2376//1630 2375//1630 2372//1630
f 2376//1630 2372//1630 2371//1630
f 2373//1631 2377//1631 2378//1631
f 2373//1631 2378//1631 2374//1631
f 2377//1632 2380//1632 2379//1632
f 2377//1632 2379//1632 2378//1632
f 2352//1633 2353//1633 2325//1633
f 2352//1634 2325//1634 2324//1634
f 2323//1635 2324//1635 2317//1635
f 2321//1636 2355//1636 2354//1636
f 2321//1637 2354//1637 2322//1637
f 2351//1638 2352//1638 2324//1638
f 2351//1639 2324//1639 2323//1639
f 2348//1640 2349//1640 2327//1640
f 2348//1641 2327//1641 2252//1641
f 2350//1642 2347//1642 2251//1642
f 2350//1643 2251//1643 2256//1643
f 2350//1644 2256//1644 2346//1644
f 2358//1645 2306//1645 2326//1645
f 2306//1646 2358//1646 2359//1646
f 2306//1647 2359//1647 2305//1647
f 2305//1648 2359//1648 2360//1648
f 2305//1649 2360//1649 2304//1649
f 2353//1650 2358//1650 2326//1650
f 2353//1651 2326//1651 2325//1651
f 2335//1652 2356//1652 2355//1652
f 2335//1653 2355//1653 2321//1653
f 2322//1654 2354//1654 2357//1654
f 2322//1655 2357//1655 2323//1655
f 2357//1656 2351//1656 2323//1656
f 2259//1657 2260//1657 2275//1657
f 2259//1658 2275//1658 2255//1658
f 2273//1659 2275//1659 2260//1659
f 2279//1660 2280//1660 2277//1660
f 2279//1661 2277//1661 2278//1661
f 2265//1662 2268//1662 2271//1662
f 2265//1663 2271//1663 2266//1663
f 2275//1664 2276//1664 2274//1664
f 2275//1665 2274//1665 2255//1665
f 2276//1666 2275//1666 2273//1666
f 2276//1667 2273//1667 2272//1667
f 2266//1668 2271//1668 2273//1668
f 2266//1669 2273//1669 2260//1669
f 2286//1670 2287//1670 2288//1670
f 2288//1671 2287//1671 2268//1671
f 2288//1672 2268//1672 2265//1672
f 2287//1673 2281//1673 2289//1673
f 2287//1674 2289//1674 2269//1674
f 2281//1675 2287//1675 2286//1675
f 2281//1676 2286//1676 2282//1676
f 2279//1677 2281//1677 2282//1677
f 2279//1678 2282//1678 2280//1678
f 2283//1679 2284//1679 2280//1679
f 2283//1680 2280//1680 2282//1680
f 2280//1681 2284//1681 2285//1681
f 2280//1682 2285//1682 2277//1682
f 2253//1683 2328//1683 2329//1683
f 2253//1684 2329//1684 2257//1684
f 2258//1685 2259//1685 2255//1685
f 2258//1686 2255//1686 2254//1686
f 2261//1687 2262//1687 2260//1687
f 2261//1688 2260//1688 2259//1688
f 2257//1689 2258//1689 2254//1689
f 2257//1690 2254//1690 2253//1690
f 2253//1691 2254//1691 2251//1691
f 2253//1692 2251//1692 2252//1692
f 2252//1693 2327//1693 2328//1693
f 2252//1694 2328//1694 2253//1694
f 2254//1695 2255//1695 2256//1695
f 2254//1696 2256//1696 2251//1696
f 2257//1697 2329//1697 2330//1697
f 2257//1698 2330//1698 2267//1698
f 2270//1699 2271//1699 2268//1699
f 2270//1700 2268//1700 2269//1700
f 2272//1701 2273//1701 2271//1701
f 2272//1702 2271//1702 2270//1702
f 2267//1703 2263//1703 2258//1703
f 2267//1704 2258//1704 2257//1704
f 2263//1705 2261//1705 2259//1705
f 2263//1706 2259//1706 2258//1706
f 2264//1707 2265//1707 2266//1707
f 2264//1708 2266//1708 2262//1708
f 2266//1709 2260//1709 2262//1709
f 2296//1710 2305//1710 2304//1710
f 2296//1711 2304//1711 2278//1711
f 2278//1712 2304//1712 2290//1712
f 2278//1713 2290//1713 2279//1713
f 2306//1714 2305//1714 2301//1714
f 2306//1715 2301//1715 2300//1715
f 2299//1716 2302//1716 2303//1716
f 2299//1717 2303//1717 2300//1717
f 2277//1718 2285//1718 2294//1718
f 2300//1719 2301//1719 2298//1719
f 2300//1720 2298//1720 2299//1720
f 2297//1721 2298//1721 2301//1721
f 2297//1722 2301//1722 2296//1722
f 2331//1723 2332//1723 2313//1723
f 2331//1724 2313//1724 2312//1724
f 2310//1725 2309//1725 2297//1725
f 2310//1726 2297//1726 2295//1726
f 2294//1727 2310//1727 2295//1727
f 2294//1728 2295//1728 2277//1728
f 2331//1729 2312//1729 2311//1729
f 2331//1730 2311//1730 2307//1730
f 2305//1731 2296//1731 2301//1731
f 2308//1732 2309//1732 2331//1732
f 2308//1733 2331//1733 2307//1733
f 2331//1734 2309//1734 2310//1734
f 2331//1735 2310//1735 2294//1735
f 2283//1736 2292//1736 2331//1736
f 2283//1737 2331//1737 2284//1737
f 2261//1738 2263//1738 2331//1738
f 2261//1739 2331//1739 2262//1739
f 2267//1740 2330//1740 2331//1740
f 2267//1741 2331//1741 2263//1741
f 2331//1742 2292//1742 2293//1742
f 2331//1743 2293//1743 2291//1743
f 2287//1744 2269//1744 2268//1744
f 2290//1745 2289//1745 2281//1745
f 2290//1746 2281//1746 2279//1746
f 2331//1747 2291//1747 2264//1747
f 2331//1748 2264//1748 2262//1748
f 2283//1749 2282//1749 2292//1749
f 2295//1750 2296//1750 2278//1750
f 2295//1751 2278//1751 2277//1751
f 2296//1752 2295//1752 2297//1752
f 2286//1753 2293//1753 2292//1753
f 2286//1754 2292//1754 2282//1754
f 2331//1755 2294//1755 2285//1755
f 2331//1756 2285//1756 2284//1756
f 2291//1757 2288//1757 2265//1757
f 2291//1758 2265//1758 2264//1758
f 2288//1759 2291//1759 2293//1759
f 2288//1760 2293//1760 2286//1760
o Turret_02_havok_s_armor_17_8
v -0.750117 2.456871 -0.608099
v -0.813570 2.434300 -0.438708
v -0.867681 2.303466 -0.674404
v -0.782996 2.352129 -0.757311
v -0.692909 2.393724 -0.818055
v -0.623947 2.503673 -0.726351
v -0.937125 2.231485 -0.300678
v -0.955787 2.233859 -0.524199
v -0.808457 2.434683 -0.280465
v -0.549408 2.452911 -0.866755
v -0.481357 2.478417 -0.874553
v -0.461798 2.544886 -0.779970
v -0.376293 2.517103 -0.859840
v -0.278745 2.546321 -0.825005
v -0.199803 2.567077 -0.778311
v -0.297917 2.579270 -0.757611
v -0.045562 2.600807 -0.594045
v -0.070407 2.615595 -0.576829
v -0.163897 2.603136 -0.684209
v -0.134444 2.583758 -0.718592
v 0.692909 2.393724 -0.818055
v 0.782997 2.352129 -0.757311
v 0.623947 2.503673 -0.726351
v 0.613319 2.424828 -0.862398
v 0.461798 2.544886 -0.779970
v 0.504336 2.470912 -0.870259
v 0.297917 2.579270 -0.757611
v 0.199803 2.567077 -0.778311
v 0.376294 2.517103 -0.859840
v 0.163897 2.603136 -0.684209
v 0.070407 2.615595 -0.576829
v 0.045562 2.600807 -0.594045
v 0.134444 2.583758 -0.718592
v 0.022905 2.624510 -0.439338
v 0.000000 2.612754 -0.443460
v -0.022905 2.624510 -0.439338
v 0.955787 2.233859 -0.524199
v 0.812734 2.434300 -0.438708
v 0.750117 2.456871 -0.608099
v 0.867681 2.303466 -0.674404
v 0.937125 2.231485 -0.300678
v 0.808457 2.434683 -0.280465
vn 0.2498 -0.9193 0.3041
vn 0.2861 -0.8910 0.3525
vn 0.0373 -0.9283 0.3700
vn 0.1322 -0.9077 0.3983
vn -0.2457 -0.8034 0.5425
vn -0.3712 -0.7963 0.4776
vn -0.3632 -0.7935 0.4883
vn -0.1257 -0.8875 0.4433
vn -0.0030 -0.8554 0.5179
vn -0.8265 -0.5579 -0.0749
vn -0.8456 -0.5333 -0.0216
vn -0.6043 -0.7086 0.3643
vn -0.6842 -0.6592 0.3120
vn -0.7540 -0.6406 0.1454
vn -0.7565 -0.6237 0.1965
vn 0.4193 -0.8862 0.1972
vn 0.3980 -0.8963 0.1956
vn -0.4182 -0.8856 0.2019
vn -0.4002 -0.8961 0.1922
vn -0.5325 -0.7136 0.4552
vn -0.5916 -0.7019 0.3967
vn 0.7696 -0.6167 0.1656
vn 0.3626 -0.7961 0.4845
vn 0.3557 -0.8025 0.4790
vn 0.8281 -0.5555 -0.0750
vn 0.8457 -0.5329 -0.0260
vn 0.7379 -0.6476 0.1901
vn 0.6842 -0.6592 0.3120
vn 0.6109 -0.6968 0.3760
vn 0.5851 -0.7187 0.3756
vn -0.2498 -0.9193 0.3041
vn -0.2861 -0.8910 0.3525
vn -0.0373 -0.9283 0.3700
vn -0.1322 -0.9077 0.3983
vn 0.1209 -0.8778 0.4635
vn -0.0202 -0.9005 0.4345
vn 0.4702 -0.7203 0.5100
vn 0.2273 -0.8182 0.5280
vn 0.1134 -0.8944 0.4326
s 0
f 2420//1761 2421//1761 2418//1761
f 2420//1762 2418//1762 2419//1762
f 2416//1763 2415//1763 2418//1763
f 2416//1764 2418//1764 2421//1764
f 2414//1765 2413//1765 2417//1765
f 2413//1766 2414//1766 2412//1766
f 2413//1767 2412//1767 2411//1767
f 2417//1768 2413//1768 2415//1768
f 2417//1769 2415//1769 2416//1769
f 2426//1770 2425//1770 2429//1770
f 2426//1771 2429//1771 2430//1771
f 2427//1772 2411//1772 2410//1772
f 2427//1773 2410//1773 2428//1773
f 2427//1774 2428//1774 2425//1774
f 2427//1775 2425//1775 2426//1775
f 2422//1776 2423//1776 2420//1776
f 2422//1777 2420//1777 2419//1777
f 2423//1778 2424//1778 2406//1778
f 2423//1779 2406//1779 2405//1779
f 2411//1780 2412//1780 2409//1780
f 2411//1781 2409//1781 2410//1781
f 2396//1782 2391//1782 2390//1782
f 2399//1783 2400//1783 2394//1783
f 2399//1784 2394//1784 2398//1784
f 2395//1785 2396//1785 2390//1785
f 2395//1786 2390//1786 2397//1786
f 2389//1787 2390//1787 2391//1787
f 2389//1788 2391//1788 2392//1788
f 2393//1789 2394//1789 2389//1789
f 2393//1790 2389//1790 2392//1790
f 2407//1791 2408//1791 2405//1791
f 2407//1792 2405//1792 2406//1792
f 2407//1793 2404//1793 2403//1793
f 2407//1794 2403//1794 2408//1794
f 2404//1795 2400//1795 2402//1795
f 2404//1796 2402//1796 2403//1796
f 2393//1797 2398//1797 2394//1797
f 2400//1798 2399//1798 2401//1798
f 2400//1799 2401//1799 2402//1799
o Turret_02_havok_s_armor_18_9
v -0.755887 2.299658 0.012218
v -0.739159 2.452289 -0.130388
v -0.619034 2.468035 -0.011810
v -0.657760 2.345212 0.085616
v -0.827936 2.277273 -0.074805
v -0.461508 2.508086 0.044072
v -0.587428 2.398362 0.103802
v -0.562104 2.398362 0.120722
v -0.451975 2.432144 0.143315
v -0.647171 2.398362 0.103801
v -0.672494 2.398362 0.120722
v -0.691144 2.312381 0.098995
v -0.689415 2.398362 0.146046
v -0.886062 2.254305 -0.173925
v -0.808457 2.434683 -0.280465
v -0.937125 2.231485 -0.300678
v -0.672494 2.398362 0.231112
v -0.716294 2.171462 0.274912
v -0.745524 2.178336 0.229029
v -0.689415 2.398362 0.205788
v -0.745767 2.215304 0.175291
v -0.695356 2.398362 0.175917
v -0.723848 2.268980 0.128185
v -0.627086 2.398362 0.249921
v -0.638031 2.220711 0.302119
v -0.569947 2.290557 0.280981
v -0.587428 2.398362 0.248032
v -0.541623 2.336307 0.243545
v -0.530797 2.387783 0.175291
v -0.545184 2.398362 0.205788
v -0.545184 2.398362 0.146046
v 0.739159 2.452289 -0.130388
v 0.755887 2.299658 0.012218
v 0.688991 2.321694 0.076410
v 0.619034 2.468035 -0.011810
v 0.827937 2.277273 -0.074805
v 0.580169 2.368040 0.127744
v 0.465800 2.429546 0.134783
v 0.461508 2.508086 0.044072
v 0.310343 2.472593 0.130163
v 0.301442 2.557972 0.031262
v 0.142484 2.561561 -0.005736
v 0.808457 2.434683 -0.280465
v 0.886062 2.254305 -0.173925
v 0.937125 2.231485 -0.300678
v -0.206068 2.534270 0.054197
v -0.301441 2.557972 0.031262
v -0.169314 2.592382 -0.047225
v -0.142484 2.561561 -0.005736
v -0.284937 2.504921 0.110131
v -0.090948 2.580963 -0.072867
v -0.073473 2.615069 -0.160999
v -0.052071 2.595830 -0.147301
v -0.371905 2.463928 0.127950
v 0.090948 2.580963 -0.072867
v 0.169314 2.592382 -0.047225
v 0.052071 2.595830 -0.147301
v 0.073473 2.615069 -0.160999
v -0.024438 2.628674 -0.295936
v 0.000000 2.614925 -0.291576
v 0.024438 2.628674 -0.295936
v -0.022905 2.624510 -0.439338
v 0.000000 2.612754 -0.443460
v 0.022905 2.624510 -0.439338
vn -0.8301 -0.5013 -0.2441
vn -0.7955 -0.5230 -0.3060
vn -0.7886 -0.5094 -0.3444
vn -0.0763 -0.8347 -0.5455
vn -0.1408 -0.8362 -0.5301
vn -0.0866 -0.8505 -0.5187
vn 0.1355 -0.7439 -0.6544
vn -0.3894 -0.7054 -0.5923
vn -0.4059 -0.6856 -0.6043
vn -0.7212 -0.5135 -0.4650
vn -0.1838 -0.7522 -0.6328
vn -0.1879 -0.7469 -0.6378
vn -0.5354 -0.6088 -0.5854
vn -0.2571 -0.8830 -0.3927
vn -0.4590 -0.7942 -0.3983
vn 0.4412 -0.8627 -0.2473
vn 0.5270 -0.7968 -0.2957
vn -0.4412 -0.8627 -0.2473
vn -0.5270 -0.7968 -0.2957
vn 0.4548 -0.8905 0.0127
vn 0.4929 -0.8698 0.0200
vn -0.4548 -0.8905 0.0127
vn -0.4929 -0.8698 0.0200
vn 0.3916 -0.7815 -0.4857
vn 0.2348 -0.9223 -0.3068
vn 0.2490 -0.7787 -0.5759
vn 0.1911 -0.7696 -0.6093
vn -0.2722 -0.8483 -0.4542
vn 0.1085 -0.8303 -0.5466
vn 0.2722 -0.8483 -0.4542
vn 0.1893 -0.7709 -0.6081
vn -0.5988 -0.6036 -0.5264
vn -0.6665 -0.5467 -0.5069
vn 0.7917 -0.3054 0.5290
vn 0.6039 -0.3159 0.7318
vn 0.5167 -0.3675 0.7733
vn 0.8301 -0.5013 -0.2441
vn 0.7955 -0.5230 -0.3060
vn 0.7886 -0.5094 -0.3444
vn 0.5947 -0.6063 -0.5280
vn -0.0000 -0.3237 0.9462
vn 0.7212 -0.5135 -0.4650
vn 0.6409 -0.5908 -0.4901
vn 0.6118 -0.5748 -0.5434
vn 0.3449 -0.7291 -0.5911
vn 0.3755 -0.7369 -0.5620
vn 0.3839 -0.7407 -0.5513
vn 0.8026 -0.2613 -0.5363
vn 0.7965 -0.2592 -0.5463
vn -0.9053 -0.2575 -0.3378
vn -0.5924 -0.8056 -0.0000
vn -0.0454 -0.2987 -0.9533
vn -0.5187 -0.3257 -0.7905
vn 0.3269 -0.9195 -0.2184
vn -0.6398 -0.4259 -0.6398
vn -0.0093 -0.2814 -0.9596
vn 0.9539 -0.2632 0.1440
vn 0.9470 -0.2601 -0.1884
vn 0.9476 -0.2611 -0.1839
vn 0.4658 -0.2758 -0.8408
vn 0.3711 -0.2446 -0.8958
vn 0.8210 -0.2867 0.4937
vn 0.9425 -0.2767 0.1875
s 0
f 2475//1800 2474//1800 2473//1800
f 2462//1801 2473//1801 2474//1801
f 2462//1802 2474//1802 2466//1802
f 2480//1803 2477//1803 2476//1803
f 2478//1804 2479//1804 2476//1804
f 2478//1805 2476//1805 2477//1805
f 2471//1806 2470//1806 2472//1806
f 2468//1807 2469//1807 2465//1807
f 2468//1808 2465//1808 2467//1808
f 2466//1809 2463//1809 2462//1809
f 2470//1810 2471//1810 2469//1810
f 2470//1811 2469//1811 2468//1811
f 2465//1812 2464//1812 2467//1812
f 2481//1813 2478//1813 2482//1813
f 2481//1814 2482//1814 2483//1814
f 2490//1815 2491//1815 2488//1815
f 2490//1816 2488//1816 2487//1816
f 2482//1817 2489//1817 2490//1817
f 2482//1818 2490//1818 2483//1818
f 2490//1819 2493//1819 2494//1819
f 2490//1820 2494//1820 2491//1820
f 2492//1821 2493//1821 2490//1821
f 2492//1822 2490//1822 2489//1822
f 2487//1823 2488//1823 2486//1823
f 2487//1824 2486//1824 2485//1824
f 2477//1825 2480//1825 2484//1825
f 2477//1826 2484//1826 2436//1826
f 2481//1827 2479//1827 2478//1827
f 2486//1828 2471//1828 2472//1828
f 2486//1829 2472//1829 2485//1829
f 2439//1830 2436//1830 2484//1830
f 2464//1831 2465//1831 2462//1831
f 2464//1832 2462//1832 2463//1832
f 2441//1833 2443//1833 2442//1833
f 2441//1834 2442//1834 2434//1834
f 2441//1835 2434//1835 2440//1835
f 2446//1836 2445//1836 2444//1836
f 2444//1837 2445//1837 2432//1837
f 2444//1838 2432//1838 2435//1838
f 2434//1839 2433//1839 2437//1839
f 2434//1840 2437//1840 2440//1840
f 2435//1841 2432//1841 2431//1841
f 2433//1842 2434//1842 2431//1842
f 2433//1843 2431//1843 2432//1843
f 2436//1844 2439//1844 2438//1844
f 2436//1845 2438//1845 2437//1845
f 2436//1846 2437//1846 2433//1846
f 2449//1847 2450//1847 2447//1847
f 2449//1848 2447//1848 2448//1848
f 2459//1849 2458//1849 2460//1849
f 2459//1850 2460//1850 2461//1850
f 2456//1851 2454//1851 2457//1851
f 2456//1852 2457//1852 2458//1852
f 2439//1853 2461//1853 2438//1853
f 2457//1854 2460//1854 2458//1854
f 2455//1855 2454//1855 2456//1855
f 2451//1856 2453//1856 2452//1856
f 2451//1857 2452//1857 2450//1857
f 2451//1858 2450//1858 2449//1858
f 2454//1859 2455//1859 2448//1859
f 2454//1860 2448//1860 2447//1860
f 2453//1861 2442//1861 2443//1861
f 2453//1862 2443//1862 2452//1862
o Turret_02_havok_s_armor_19_10
v -0.558404 2.680362 -0.631020
v -0.575680 2.663361 -0.656707
v -0.450124 2.663361 -0.708628
v -0.443954 2.680362 -0.678568
v -0.314079 2.663361 -0.708628
v -0.319940 2.680362 -0.678568
v -0.646016 2.680362 -0.543574
v -0.118187 2.680362 -0.543574
v -0.205798 2.680362 -0.631020
v -0.188523 2.663361 -0.656707
v -0.092273 2.663361 -0.560517
v -0.671621 2.663361 -0.560517
v -0.693215 2.680362 -0.429075
v -0.723756 2.663361 -0.435087
v -0.461798 2.544886 -0.779970
v -0.452096 2.648361 -0.719548
v -0.581615 2.648361 -0.665899
v -0.623947 2.503673 -0.726351
v -0.297918 2.579270 -0.757611
v -0.311905 2.648361 -0.719548
v -0.575589 2.648363 -0.656642
v -0.449979 2.648363 -0.708628
v -0.558336 2.705361 -0.631060
v -0.443920 2.705361 -0.678452
v -0.314020 2.648363 -0.708628
v -0.320079 2.705361 -0.678452
v -0.645906 2.705361 -0.543490
v -0.188411 2.648363 -0.656641
v -0.092273 2.648362 -0.560583
v -0.118094 2.705361 -0.543490
v -0.205663 2.705361 -0.631060
v -0.070407 2.615595 -0.576829
v -0.083255 2.648361 -0.566769
v -0.182385 2.648361 -0.665899
v -0.163897 2.603136 -0.684209
v -0.040244 2.663361 -0.435077
v -0.070702 2.680362 -0.429075
v -0.040244 2.648362 -0.435077
v -0.070702 2.705361 -0.429075
v -0.680745 2.648361 -0.566769
v -0.750116 2.456871 -0.608099
v -0.671727 2.648362 -0.560583
v -0.723756 2.648362 -0.435077
v -0.693298 2.705361 -0.429075
v -0.723756 2.663361 -0.299231
v -0.693299 2.680362 -0.305233
v -0.723756 2.648362 -0.299231
v -0.693299 2.705361 -0.305233
v -0.734394 2.648361 -0.437250
v -0.813571 2.434300 -0.438708
v -0.734394 2.648361 -0.297058
v -0.808457 2.434683 -0.280465
v 0.581615 2.648361 -0.665899
v 0.452096 2.648361 -0.719548
v 0.461798 2.544886 -0.779970
v 0.623947 2.503673 -0.726351
v 0.311904 2.648361 -0.719548
v 0.297918 2.579270 -0.757611
v 0.680745 2.648361 -0.566769
v 0.750116 2.456871 -0.608099
v 0.182385 2.648361 -0.665899
v 0.163897 2.603136 -0.684209
v 0.083255 2.648361 -0.566769
v 0.070407 2.615595 -0.576829
v 0.122213 2.678361 -0.527157
v 0.122213 2.648362 -0.557154
v 0.641787 2.648362 -0.557154
v 0.641787 2.678361 -0.527157
v 0.697596 2.678361 -0.429930
v 0.668615 2.678361 -0.510579
v 0.695443 2.648360 -0.524004
v 0.727158 2.648362 -0.435810
v 0.068557 2.648360 -0.524004
v 0.095384 2.678361 -0.510579
v 0.066405 2.678361 -0.429930
v 0.036842 2.648362 -0.435810
v 0.022905 2.624510 -0.439338
v 0.029606 2.648361 -0.437249
v -0.022905 2.624510 -0.439338
v -0.029606 2.648361 -0.437249
v 0.734394 2.648361 -0.437250
v 0.812734 2.434300 -0.438708
v 0.808457 2.434683 -0.280465
v 0.734394 2.648361 -0.297058
vn 0.9437 -0.3294 -0.0297
vn 0.9379 -0.3469 -0.0000
vn 0.8526 -0.3851 0.3532
vn 0.8965 -0.3336 0.2914
vn -0.3813 -0.4492 0.8080
vn -0.3317 -0.4987 0.8008
vn -0.6319 -0.4489 0.6319
vn -0.7032 -0.3839 0.5984
vn -0.0000 -0.4825 0.8759
vn 0.0123 -0.5034 0.8640
vn 0.7068 -0.0081 0.7074
vn 0.7080 0.0074 0.7062
vn 0.4874 -0.8732 0.0003
vn 0.4864 -0.8738 -0.0000
vn 0.9239 -0.0054 0.3827
vn 0.9245 0.0031 0.3811
vn 1.0000 -0.0000 -0.0000
vn 0.3482 -0.8707 0.3473
vn 0.3449 -0.8727 0.3456
vn 1.0000 0.0033 0.0007
vn 0.8866 -0.2812 0.3672
vn 0.8447 -0.4294 0.3197
vn 0.4003 -0.6480 0.6480
vn 0.4004 -0.6479 0.6480
vn -0.8866 -0.2812 0.3672
vn -0.8447 -0.4294 0.3197
vn -0.9440 -0.3291 -0.0247
vn -0.9391 -0.3437 -0.0000
vn -0.8526 -0.3851 0.3532
vn -0.8986 -0.3308 0.2881
vn 0.6675 -0.7049 0.2401
vn 0.6678 -0.7046 0.2400
vn 0.6496 -0.4442 0.6171
vn 0.6129 -0.4987 0.6129
vn 0.3381 -0.4686 0.8161
vn 0.3435 -0.5056 0.7915
vn -0.0000 -0.7071 0.7071
vn -0.4004 -0.6480 0.6479
vn -0.4004 -0.6479 0.6480
vn -0.6675 -0.7048 0.2401
vn -0.6678 -0.7046 0.2400
vn 0.9238 0.0003 0.3829
vn 0.9234 -0.0082 0.3838
vn -0.0000 -0.0047 1.0000
vn -0.0000 -0.0000 1.0000
vn 0.7071 -0.0008 0.7071
vn 0.7064 -0.0055 0.7078
vn -0.7068 -0.0022 0.7074
vn -0.7069 -0.0031 0.7073
vn -0.3459 -0.8721 0.3461
vn -0.3449 -0.8727 0.3456
vn -0.0000 -0.8704 0.4923
vn -0.0123 -0.5034 0.8640
vn 0.3813 -0.4492 0.8080
vn 0.3317 -0.4987 0.8008
vn 0.1885 -0.8709 0.4538
vn 0.1868 -0.8724 0.4517
vn 0.3827 -0.0048 0.9239
vn 0.3837 0.0004 0.9235
vn 0.3824 0.0063 0.9240
vn 0.3821 0.0037 0.9241
vn -0.3824 -0.0015 0.9240
vn -0.3821 0.0012 0.9241
vn -0.1868 -0.8724 0.4517
vn -0.1896 -0.8700 0.4551
vn -0.3827 0.0035 0.9239
vn -0.3845 -0.0064 0.9231
vn 0.4495 -0.8735 0.1868
vn 0.4543 -0.8709 0.1873
vn 0.6319 -0.4489 0.6319
vn 0.7032 -0.3839 0.5984
vn -0.3381 -0.4686 0.8161
vn -0.3435 -0.5056 0.7915
vn -0.6243 -0.4987 0.6014
vn -0.6339 -0.4432 0.6339
vn -0.7071 0.0002 0.7071
vn -0.7064 0.0049 0.7078
vn -0.4505 -0.8730 0.1868
vn -0.9239 -0.0000 0.3827
vn -0.9237 0.0021 0.3831
vn -0.9237 -0.0000 0.3831
vn -0.9238 -0.0017 0.3830
s 0
f 2545//1863 2546//1863 2544//1863
f 2545//1864 2544//1864 2543//1864
f 2535//1865 2534//1865 2543//1865
f 2535//1866 2543//1866 2544//1866
f 2549//1867 2550//1867 2547//1867
f 2549//1868 2547//1868 2548//1868
f 2553//1869 2547//1869 2550//1869
f 2553//1870 2550//1870 2554//1870
f 2548//1871 2551//1871 2552//1871
f 2548//1872 2552//1872 2549//1872
f 2506//1873 2536//1873 2515//1873
f 2506//1874 2515//1874 2496//1874
f 2507//1875 2540//1875 2539//1875
f 2507//1876 2539//1876 2508//1876
f 2501//1877 2521//1877 2538//1877
f 2501//1878 2538//1878 2507//1878
f 2539//1879 2541//1879 2537//1879
f 2539//1879 2537//1879 2508//1879
f 2501//1880 2506//1880 2496//1880
f 2501//1881 2496//1881 2495//1881
f 2538//1879 2542//1879 2540//1879
f 2538//1882 2540//1882 2507//1882
f 2557//1883 2572//1883 2571//1883
f 2557//1884 2571//1884 2558//1884
f 2568//1885 2567//1885 2560//1885
f 2568//1886 2560//1886 2559//1886
f 2573//1887 2574//1887 2527//1887
f 2573//1888 2527//1888 2526//1888
f 2576//1889 2577//1889 2578//1889
f 2576//1890 2578//1890 2575//1890
f 2575//1891 2553//1891 2554//1891
f 2575//1892 2554//1892 2576//1892
f 2569//1893 2570//1893 2567//1893
f 2569//1894 2567//1894 2568//1894
f 2557//1895 2558//1895 2556//1895
f 2557//1896 2556//1896 2555//1896
f 2551//1897 2555//1897 2556//1897
f 2551//1898 2556//1898 2552//1898
f 2561//1899 2562//1899 2559//1899
f 2561//1899 2559//1899 2560//1899
f 2565//1900 2564//1900 2562//1900
f 2565//1901 2562//1901 2561//1901
f 2565//1902 2566//1902 2563//1902
f 2565//1903 2563//1903 2564//1903
f 2508//1904 2537//1904 2536//1904
f 2508//1905 2536//1905 2506//1905
f 2500//1906 2520//1906 2518//1906
f 2500//1906 2518//1906 2498//1906
f 2497//1907 2516//1907 2519//1907
f 2497//1907 2519//1907 2499//1907
f 2495//1908 2517//1908 2521//1908
f 2495//1909 2521//1909 2501//1909
f 2504//1910 2522//1910 2523//1910
f 2504//1911 2523//1911 2505//1911
f 2504//1912 2505//1912 2502//1912
f 2504//1913 2502//1913 2503//1913
f 2499//1914 2500//1914 2498//1914
f 2499//1914 2498//1914 2497//1914
f 2513//1871 2514//1871 2510//1871
f 2513//1915 2510//1915 2509//1915
f 2511//1916 2512//1916 2509//1916
f 2511//1917 2509//1917 2510//1917
f 2497//1918 2498//1918 2495//1918
f 2497//1919 2495//1919 2496//1919
f 2498//1920 2518//1920 2517//1920
f 2498//1921 2517//1921 2495//1921
f 2496//1922 2515//1922 2516//1922
f 2496//1923 2516//1923 2497//1923
f 2499//1924 2519//1924 2522//1924
f 2499//1925 2522//1925 2504//1925
f 2499//1926 2504//1926 2503//1926
f 2499//1927 2503//1927 2500//1927
f 2503//1928 2525//1928 2520//1928
f 2503//1929 2520//1929 2500//1929
f 2507//1930 2508//1930 2506//1930
f 2507//1931 2506//1931 2501//1931
f 2512//1932 2511//1932 2534//1932
f 2512//1933 2534//1933 2535//1933
f 2529//1934 2528//1934 2514//1934
f 2529//1935 2514//1935 2513//1935
f 2528//1936 2529//1936 2526//1936
f 2528//1937 2526//1937 2527//1937
f 2502//1938 2524//1938 2525//1938
f 2502//1939 2525//1939 2503//1939
f 2505//1940 2530//1940 2531//1940
f 2505//1940 2531//1940 2502//1940
f 2531//1941 2533//1941 2524//1941
f 2531//1942 2524//1942 2502//1942
f 2532//1943 2530//1943 2505//1943
f 2532//1944 2505//1944 2523//1944
o Turret_02_havok_s_armor_20_11
v -0.117984 2.680362 -0.190733
v -0.092379 2.663361 -0.173791
v -0.188320 2.663361 -0.077601
v -0.205595 2.680362 -0.103288
v -0.070784 2.680362 -0.305233
v -0.449921 2.663361 -0.025680
v -0.444060 2.680362 -0.055739
v -0.320046 2.680362 -0.055739
v -0.313876 2.663361 -0.025680
v -0.558202 2.680362 -0.103288
v -0.575477 2.663361 -0.077601
v -0.671727 2.663361 -0.173791
v -0.645814 2.680362 -0.190733
v -0.040244 2.663361 -0.299221
v -0.182385 2.648361 -0.068408
v -0.083254 2.648361 -0.167539
v -0.073473 2.615069 -0.160999
v -0.169315 2.592382 -0.047225
v -0.092273 2.648362 -0.173724
v -0.188411 2.648362 -0.077666
v -0.118094 2.705361 -0.190817
v -0.205664 2.705361 -0.103248
v -0.070702 2.705361 -0.305233
v -0.449980 2.648363 -0.025680
v -0.314021 2.648362 -0.025680
v -0.443921 2.705361 -0.055856
v -0.320079 2.705361 -0.055856
v -0.558337 2.705361 -0.103248
v -0.301441 2.557972 0.031261
v -0.461508 2.508086 0.044072
v -0.452095 2.648361 -0.014760
v -0.311904 2.648361 -0.014760
v -0.581616 2.648361 -0.068409
v -0.619033 2.468035 -0.011810
v -0.680745 2.648361 -0.167539
v -0.739158 2.452289 -0.130388
v -0.734394 2.648361 -0.297059
v -0.808457 2.434683 -0.280465
v -0.671727 2.648362 -0.173725
v -0.575590 2.648362 -0.077666
v -0.645906 2.705361 -0.190818
v -0.723756 2.663361 -0.299231
v -0.693298 2.680361 -0.305233
v -0.723756 2.648362 -0.299231
v -0.693298 2.705361 -0.305233
v 0.301441 2.557972 0.031261
v 0.311904 2.648361 -0.014760
v 0.452095 2.648361 -0.014760
v 0.461508 2.508086 0.044072
v 0.169315 2.592382 -0.047225
v 0.182385 2.648361 -0.068408
v 0.581616 2.648361 -0.068409
v 0.619033 2.468035 -0.011810
v 0.186483 2.648362 -0.074543
v 0.203229 2.678361 -0.099605
v 0.319223 2.678361 -0.051558
v 0.313343 2.648362 -0.021995
v 0.444776 2.678361 -0.051558
v 0.450657 2.648362 -0.021995
v 0.577517 2.648362 -0.074543
v 0.560771 2.678361 -0.099605
v 0.089389 2.648362 -0.171637
v 0.114451 2.678361 -0.188383
v 0.680745 2.648361 -0.167539
v 0.739158 2.452289 -0.130388
v 0.734394 2.648361 -0.297059
v 0.808457 2.434683 -0.280465
v 0.649549 2.678361 -0.188383
v 0.697596 2.678361 -0.304378
v 0.727158 2.648362 -0.298498
v 0.674611 2.648362 -0.171637
v 0.697596 2.678361 -0.429930
v 0.727158 2.648362 -0.435810
v -0.040244 2.648362 -0.299231
v -0.029605 2.648361 -0.297058
v -0.024438 2.628674 -0.295936
v 0.036841 2.648362 -0.298498
v 0.066404 2.678361 -0.304378
v 0.083254 2.648361 -0.167539
v 0.073473 2.615069 -0.160999
v 0.024438 2.628674 -0.295936
v 0.029605 2.648361 -0.297058
v -0.070702 2.680361 -0.429075
v -0.040244 2.663361 -0.435077
v -0.070702 2.705361 -0.429075
v -0.029606 2.648361 -0.437249
v -0.022905 2.624510 -0.439338
v -0.040244 2.648362 -0.435077
v 0.036841 2.648362 -0.435810
v 0.066405 2.678361 -0.429930
v 0.022905 2.624510 -0.439338
v 0.029606 2.648361 -0.437249
vn -0.8711 -0.3302 -0.3635
vn -0.8726 -0.3285 -0.3615
vn -0.6852 -0.3274 -0.6506
vn -0.6635 -0.3459 -0.6635
vn 0.5037 -0.7019 -0.5037
vn 0.5037 -0.7019 -0.5036
vn -0.5036 -0.7019 -0.5036
vn -0.7123 -0.7019 -0.0000
vn -0.6580 -0.7019 -0.2726
vn -0.3908 -0.3485 -0.8519
vn -0.3537 -0.3818 -0.8539
vn 0.3504 -0.4019 -0.8460
vn 0.3639 -0.4557 -0.8123
vn -0.0476 -0.3890 -0.9200
vn -0.0000 -0.4537 -0.8911
vn -0.2726 -0.7019 -0.6580
vn -0.0000 -0.7019 -0.7123
vn 0.2726 -0.7019 -0.6580
vn -1.0000 -0.0000 -0.0000
vn -0.9628 -0.2703 -0.0024
vn -0.9672 -0.2539 -0.0000
vn -1.0000 -0.0000 -0.0007
vn -1.0000 0.0033 -0.0000
vn 0.6681 -0.3275 -0.6681
vn 0.6621 -0.3955 -0.6366
vn 0.9628 -0.2703 -0.0024
vn 0.9672 -0.2539 -0.0000
vn 0.7123 -0.7019 -0.0000
vn -0.8932 -0.2555 -0.3700
vn -0.8772 -0.3268 -0.3517
vn -0.9238 0.0003 -0.3830
vn -0.9234 -0.0082 -0.3838
vn -0.4495 -0.8735 -0.1868
vn -0.4543 -0.8709 -0.1873
vn -0.4874 -0.8732 -0.0003
vn -0.4864 -0.8738 -0.0000
vn 0.8932 -0.2555 -0.3700
vn 0.8772 -0.3268 -0.3517
vn 0.6580 -0.7019 -0.2726
vn 0.6581 -0.7019 -0.2726
vn 0.9239 -0.0000 -0.3827
vn 0.9237 0.0021 -0.3831
vn 0.3827 0.0035 -0.9239
vn 0.3845 -0.0064 -0.9231
vn -0.0000 -0.0047 -1.0000
vn -0.0000 -0.0000 -1.0000
vn -0.3827 -0.0048 -0.9239
vn -0.3837 0.0004 -0.9235
vn -0.3824 0.0064 -0.9240
vn -0.3821 0.0037 -0.9241
vn -0.1886 -0.8709 -0.4538
vn -0.1868 -0.8724 -0.4517
vn -0.7068 -0.0081 -0.7074
vn -0.7080 0.0074 -0.7062
vn -0.3449 -0.8727 -0.3456
vn -0.3482 -0.8707 -0.3473
vn -0.6621 -0.3955 -0.6366
vn -0.6681 -0.3275 -0.6681
vn -0.0000 -0.8704 -0.4923
vn -0.9239 -0.0054 -0.3827
vn -0.9245 0.0031 -0.3811
vn -0.7071 -0.0008 -0.7071
vn -0.7064 -0.0055 -0.7078
vn 0.1868 -0.8724 -0.4517
vn 0.1896 -0.8700 -0.4551
vn 0.7071 0.0002 -0.7071
vn 0.7064 0.0049 -0.7078
vn 0.7068 -0.0022 -0.7074
vn 0.7069 -0.0031 -0.7073
vn 0.9237 -0.0000 -0.3831
vn 0.9238 -0.0017 -0.3830
vn 0.4505 -0.8730 -0.1868
vn 0.4506 -0.8730 -0.1868
vn 0.3824 -0.0015 -0.9240
vn 0.3821 0.0012 -0.9241
vn 0.3908 -0.3485 -0.8519
vn 0.3537 -0.3818 -0.8539
vn -0.3639 -0.4557 -0.8124
vn -0.3504 -0.4019 -0.8460
vn 0.0476 -0.3890 -0.9200
vn 0.3459 -0.8721 -0.3461
vn 0.3449 -0.8727 -0.3456
vn 0.8711 -0.3302 -0.3635
vn 0.8726 -0.3285 -0.3615
vn 0.6852 -0.3274 -0.6506
vn 0.6635 -0.3459 -0.6635
s 0
f 2644//1945 2645//1945 2643//1945
f 2644//1946 2643//1946 2642//1946
f 2642//1947 2643//1947 2631//1947
f 2642//1948 2631//1948 2630//1948
f 2640//1949 2641//1949 2633//1949
f 2640//1950 2633//1950 2632//1950
f 2639//1951 2646//1951 2649//1951
f 2639//1951 2649//1951 2638//1951
f 2647//1952 2650//1952 2651//1952
f 2647//1952 2651//1952 2648//1952
f 2648//1953 2649//1953 2646//1953
f 2648//1953 2646//1953 2647//1953
f 2630//1954 2631//1954 2627//1954
f 2630//1955 2627//1955 2626//1955
f 2628//1956 2629//1956 2625//1956
f 2628//1957 2625//1957 2624//1957
f 2626//1958 2627//1958 2624//1958
f 2626//1959 2624//1959 2625//1959
f 2636//1960 2639//1960 2638//1960
f 2636//1960 2638//1960 2637//1960
f 2636//1961 2637//1961 2635//1961
f 2636//1961 2635//1961 2634//1961
f 2634//1962 2635//1962 2632//1962
f 2634//1962 2632//1962 2633//1962
f 2662//1963 2666//1963 2652//1963
f 2662//1963 2652//1963 2592//1963
f 2664//1964 2665//1964 2654//1964
f 2664//1965 2654//1965 2653//1965
f 2663//1966 2661//1966 2583//1966
f 2663//1967 2583//1967 2601//1967
f 2658//1968 2657//1968 2629//1968
f 2658//1969 2629//1969 2628//1969
f 2659//1970 2669//1970 2670//1970
f 2659//1971 2670//1971 2660//1971
f 2667//1972 2668//1972 2656//1972
f 2667//1972 2656//1972 2655//1972
f 2594//1973 2653//1973 2654//1973
f 2594//1974 2654//1974 2595//1974
f 2592//1975 2652//1975 2597//1975
f 2592//1976 2597//1976 2580//1976
f 2583//1977 2592//1977 2580//1977
f 2583//1978 2580//1978 2579//1978
f 2583//1979 2661//1979 2662//1979
f 2583//1980 2662//1980 2592//1980
f 2659//1981 2660//1981 2657//1981
f 2659//1982 2657//1982 2658//1982
f 2655//1983 2656//1983 2641//1983
f 2655//1984 2641//1984 2640//1984
f 2621//1985 2623//1985 2619//1985
f 2621//1986 2619//1986 2591//1986
f 2588//1987 2606//1987 2604//1987
f 2588//1988 2604//1988 2585//1988
f 2585//1989 2604//1989 2605//1989
f 2585//1989 2605//1989 2586//1989
f 2587//1990 2603//1990 2602//1990
f 2587//1990 2602//1990 2584//1990
f 2586//1991 2605//1991 2600//1991
f 2586//1992 2600//1992 2582//1992
f 2581//1993 2598//1993 2603//1993
f 2581//1994 2603//1994 2587//1994
f 2587//1995 2586//1995 2582//1995
f 2587//1996 2582//1996 2581//1996
f 2580//1997 2597//1997 2598//1997
f 2580//1998 2598//1998 2581//1998
f 2581//1999 2582//1999 2579//1999
f 2581//2000 2579//2000 2580//2000
f 2595//2001 2596//2001 2593//2001
f 2595//2002 2593//2002 2594//2002
f 2586//2003 2587//2003 2584//2003
f 2586//2003 2584//2003 2585//2003
f 2579//2004 2599//2004 2601//2004
f 2579//2005 2601//2005 2583//2005
f 2582//2006 2600//2006 2599//2006
f 2582//2007 2599//2007 2579//2007
f 2584//2008 2589//2008 2588//2008
f 2584//2009 2588//2009 2585//2009
f 2591//2010 2619//2010 2606//2010
f 2591//2011 2606//2011 2588//2011
f 2589//2012 2618//2012 2617//2012
f 2589//2013 2617//2013 2590//2013
f 2622//2014 2620//2014 2590//2014
f 2622//2015 2590//2015 2617//2015
f 2590//2016 2620//2016 2621//2016
f 2590//2017 2621//2017 2591//2017
f 2584//2018 2602//2018 2618//2018
f 2584//2019 2618//2019 2589//2019
f 2608//2020 2612//2020 2611//2020
f 2608//2021 2611//2021 2609//2021
f 2596//2022 2607//2022 2610//2022
f 2596//2023 2610//2023 2593//2023
f 2607//2024 2608//2024 2609//2024
f 2607//1959 2609//1959 2610//1959
f 2589//2025 2590//2025 2591//2025
f 2589//2026 2591//2026 2588//2026
f 2614//2027 2616//2027 2615//2027
f 2614//2028 2615//2028 2613//2028
f 2612//2029 2614//2029 2613//2029
f 2612//2030 2613//2030 2611//2030
o Turret_02_havok_s_armor_21_12
v -0.383926 2.454899 -1.208774
v -0.383926 2.518361 -1.184638
v -0.426290 2.518361 -1.176211
v -0.439487 2.431977 -1.209462
v -0.350073 2.468144 -1.201715
v -0.341561 2.518361 -1.176211
v -0.290947 2.488239 -1.169721
v -0.305646 2.518361 -1.152214
v -0.260432 2.501705 -1.125098
v -0.281649 2.518361 -1.116299
v -0.252735 2.511202 -1.074232
v -0.273222 2.518361 -1.073935
v -0.268939 2.514984 -1.026079
v -0.281649 2.518361 -1.031570
v -0.486203 2.518361 -1.116299
v -0.521428 2.417163 -1.128535
v -0.486344 2.418439 -1.180675
v -0.462205 2.518361 -1.152214
v -0.494630 2.518361 -1.073935
v -0.528696 2.426229 -1.076265
v -0.515821 2.440547 -1.019981
v -0.486203 2.518361 -1.031570
v -0.345500 2.518361 -0.971658
v -0.339350 2.511580 -0.958086
v -0.426290 2.518361 -0.971658
v -0.434825 2.482066 -0.949811
v 0.447033 2.498361 -1.001695
v 0.455368 2.498361 -0.959790
v 0.429874 2.484133 -0.948538
v 0.418927 2.479350 -1.000728
v 0.657700 2.498361 -0.959790
v 0.706005 2.360170 -0.930770
v 0.613319 2.424828 -0.862398
v 0.598439 2.498361 -0.900529
v 0.504336 2.470912 -0.870259
v 0.514630 2.498361 -0.900529
v 0.498879 2.424216 -1.137426
v 0.554926 2.391305 -1.157294
v 0.556534 2.498361 -1.111196
v 0.514630 2.498361 -1.102861
v 0.479105 2.498361 -1.079124
v 0.455440 2.448530 -1.102308
v 0.455368 2.498361 -1.043599
v 0.427781 2.467626 -1.053440
v 0.725499 2.334887 -0.982568
v 0.666036 2.498361 -1.001695
v 0.657701 2.498361 -1.043599
v 0.723858 2.318305 -1.052760
v 0.683318 2.325824 -1.123700
v 0.633964 2.498361 -1.079124
v 0.618065 2.357317 -1.156067
v 0.598439 2.498361 -1.102861
vn 0.4219 -0.7384 -0.5261
vn 0.3396 -0.8771 -0.3396
vn 0.1746 -0.4463 0.8777
vn 0.0921 -0.3950 0.9141
vn 0.4657 -0.5454 0.6969
vn 0.3912 -0.4558 0.7995
vn 0.5588 -0.8283 -0.0413
vn 0.4546 -0.8861 -0.0904
vn -0.7051 -0.3731 -0.6030
vn -0.6300 -0.4542 -0.6300
vn -0.1395 -0.4779 -0.8672
vn -0.0000 -0.7408 -0.6717
vn 0.6106 -0.6787 0.4080
vn 0.6134 -0.5534 0.5634
vn -0.7769 -0.3563 0.5191
vn -0.8345 -0.3291 0.4420
vn -0.5174 -0.3641 0.7744
vn -0.5468 -0.3526 0.7594
vn -0.2172 -0.3708 0.9029
vn -0.1799 -0.3868 0.9045
vn 0.6733 -0.6897 0.2665
vn 0.5594 -0.8214 0.1113
vn -0.9318 -0.3477 0.1039
vn -0.9303 -0.3167 0.1850
vn -0.9190 -0.3545 -0.1728
vn -0.9157 -0.3583 -0.1821
vn -0.5618 -0.6032 0.5662
vn -0.4943 -0.8041 0.3303
vn -0.3283 -0.9423 0.0653
vn -0.5390 -0.8095 0.2327
vn -0.2374 -0.9703 -0.0472
vn -0.3301 -0.9432 -0.0370
vn 0.1432 -0.3745 0.9161
vn 0.1828 -0.3495 0.9189
vn -0.1769 -0.4217 0.8893
vn -0.0558 -0.3549 0.9332
vn -0.3368 -0.3803 0.8613
vn -0.4435 -0.6022 0.6638
vn 0.7825 -0.3380 0.5229
vn 0.7852 -0.3362 0.5201
vn -0.2731 -0.9043 -0.3281
vn -0.1758 -0.9664 -0.1874
vn 0.0904 -0.5291 -0.8437
vn -0.0000 -0.8946 -0.4470
vn 0.7094 -0.3602 -0.6057
vn 0.6085 -0.5094 -0.6085
vn 0.5617 -0.3493 0.7500
vn 0.5150 -0.3753 0.7707
vn 0.9197 -0.3448 0.1877
vn 0.9213 -0.3429 0.1833
vn 0.9099 -0.3733 -0.1810
vn 0.9315 -0.3412 -0.1263
s 0
f 2706//2031 2705//2031 2699//2031
f 2706//2032 2699//2032 2698//2032
f 2709//2033 2710//2033 2707//2033
f 2709//2034 2707//2034 2708//2034
f 2710//2035 2711//2035 2712//2035
f 2710//2036 2712//2036 2707//2036
f 2699//2037 2700//2037 2697//2037
f 2699//2038 2697//2038 2698//2038
f 2701//2039 2702//2039 2703//2039
f 2701//2040 2703//2040 2704//2040
f 2704//2041 2703//2041 2705//2041
f 2704//2042 2705//2042 2706//2042
f 2711//2043 2713//2043 2714//2043
f 2711//2044 2714//2044 2712//2044
f 2717//2045 2720//2045 2719//2045
f 2717//2046 2719//2046 2718//2046
f 2720//2047 2722//2047 2721//2047
f 2720//2048 2721//2048 2719//2048
f 2708//2049 2721//2049 2722//2049
f 2708//2050 2722//2050 2709//2050
f 2700//2051 2714//2051 2713//2051
f 2700//2052 2713//2052 2697//2052
f 2717//2053 2718//2053 2715//2053
f 2717//2054 2715//2054 2716//2054
f 2716//2055 2715//2055 2702//2055
f 2716//2056 2702//2056 2701//2056
f 2678//2057 2677//2057 2679//2057
f 2678//2058 2679//2058 2680//2058
f 2681//2059 2682//2059 2680//2059
f 2681//2060 2680//2060 2679//2060
f 2683//2061 2684//2061 2682//2061
f 2683//2062 2682//2062 2681//2062
f 2673//2063 2674//2063 2671//2063
f 2673//2064 2671//2064 2672//2064
f 2675//2065 2676//2065 2672//2065
f 2675//2066 2672//2066 2671//2066
f 2676//2067 2675//2067 2677//2067
f 2676//2068 2677//2068 2678//2068
f 2687//2069 2688//2069 2685//2069
f 2687//2070 2685//2070 2686//2070
f 2683//2071 2694//2071 2693//2071
f 2683//2072 2693//2072 2684//2072
f 2694//2073 2696//2073 2695//2073
f 2694//2074 2695//2074 2693//2074
f 2696//2075 2691//2075 2692//2075
f 2696//2076 2692//2076 2695//2076
f 2688//2077 2687//2077 2674//2077
f 2688//2078 2674//2078 2673//2078
f 2689//2079 2690//2079 2686//2079
f 2689//2080 2686//2080 2685//2080
f 2689//2081 2692//2081 2691//2081
f 2689//2082 2691//2082 2690//2082
o Turret_02_havok_s_armor_6_13
v -0.248027 2.053057 -2.016222
v -0.316853 1.912657 -1.860409
v 0.316853 1.912657 -1.860409
v 0.248027 2.053057 -2.016222
v -0.433801 2.251667 -1.772730
v -0.430779 2.110130 -1.801454
v -0.340366 2.173338 -2.003422
v -0.333071 2.291854 -1.975092
v -0.394643 1.964897 -1.844098
v 0.433801 2.251667 -1.772730
v 0.333071 2.291854 -1.975092
v 0.340366 2.173338 -2.003422
v 0.430779 2.110130 -1.801454
v 0.376083 2.321533 -1.776324
v 0.394643 1.964897 -1.844098
v -0.000000 2.435784 -1.798449
v -0.139563 2.423199 -1.796017
v -0.126764 2.384957 -1.955167
v -0.000000 2.394343 -1.955167
v 0.126764 2.384957 -1.955167
v 0.139563 2.423199 -1.796017
v -0.240238 2.352313 -1.961241
v -0.264855 2.381363 -1.787007
v 0.264855 2.381363 -1.787007
v 0.240238 2.352313 -1.961241
v -0.376083 2.321533 -1.776324
vn 0.3232 -0.9250 0.1999
vn 0.2559 -0.9351 0.2453
vn -0.0913 -0.9666 0.2396
vn -0.0714 -0.9643 0.2550
vn 0.0714 -0.9643 0.2550
vn 0.0913 -0.9666 0.2396
vn -0.5111 -0.8332 0.2111
vn -0.4781 -0.8477 0.2300
vn 0.7521 -0.6083 0.2536
vn 0.4781 -0.8477 0.2300
vn 0.5111 -0.8332 0.2111
vn -0.3232 -0.9250 0.1999
vn -0.2559 -0.9351 0.2453
vn -0.4969 0.5240 0.6917
vn -0.5970 0.3833 0.7048
vn 0.8969 0.0964 0.4317
vn 0.9179 -0.0600 0.3922
vn 0.8964 -0.1545 0.4155
vn -0.0000 0.7429 0.6694
vn 0.4969 0.5240 0.6917
vn 0.5970 0.3833 0.7048
vn -0.8969 0.0964 0.4317
vn -0.7521 -0.6083 0.2536
vn -0.8964 -0.1545 0.4155
vn -0.9179 -0.0600 0.3922
s 0
f 2739//2083 2745//2083 2744//2083
f 2739//2084 2744//2084 2740//2084
f 2742//2085 2743//2085 2738//2085
f 2742//2086 2738//2086 2741//2086
f 2740//2087 2741//2087 2738//2087
f 2740//2088 2738//2088 2739//2088
f 2746//2089 2747//2089 2733//2089
f 2746//2090 2733//2090 2736//2090
f 2748//2091 2727//2091 2730//2091
f 2745//2092 2748//2092 2730//2092
f 2745//2093 2730//2093 2744//2093
f 2747//2094 2746//2094 2743//2094
f 2747//2095 2743//2095 2742//2095
f 2726//2096 2725//2096 2737//2096
f 2726//2097 2737//2097 2734//2097
f 2729//2098 2728//2098 2731//2098
f 2727//2099 2728//2099 2729//2099
f 2727//2100 2729//2100 2730//2100
f 2725//2101 2726//2101 2723//2101
f 2725//2101 2723//2101 2724//2101
f 2731//2102 2724//2102 2723//2102
f 2731//2103 2723//2103 2729//2103
f 2737//2104 2735//2104 2734//2104
f 2732//2105 2736//2105 2733//2105
f 2732//2106 2733//2106 2734//2106
f 2732//2107 2734//2107 2735//2107
o Turret_02_havok_s_armor_7_14
v -0.691502 1.926689 -1.710782
v -0.677989 1.978167 -1.706358
v -0.657720 2.041260 -1.698087
v -0.608400 2.116897 -1.717765
v 0.677989 1.978167 -1.706358
v 0.657720 2.041260 -1.698087
v 0.691502 1.926689 -1.710782
v 0.600292 2.116897 -1.717765
v -0.548133 1.848417 -1.864912
v -0.545617 1.912657 -1.860409
v -0.707752 1.848406 -1.717105
v -0.541045 1.964897 -1.844098
v -0.533671 2.040143 -1.821958
v -0.531324 2.110130 -1.801454
v -0.521823 2.186468 -1.753235
v -0.633624 2.198456 -1.564719
v -0.492267 2.251434 -1.713884
v -0.539305 2.275028 -1.580011
v -0.769160 2.058444 -1.541303
v -0.806483 1.997411 -1.548234
v -0.836817 1.940300 -1.554561
v -0.877568 1.848417 -1.569209
v -0.709417 2.124877 -1.551031
v -0.376083 2.321533 -1.776324
v -0.426073 2.348208 -1.594979
v -0.264855 2.381364 -1.787007
v -0.294849 2.409722 -1.603064
v -0.151022 2.449651 -1.610714
v -0.139563 2.423199 -1.796017
v 0.000000 2.463520 -1.613092
v 0.000000 2.435784 -1.798449
v 0.806483 1.997411 -1.548234
v 0.769160 2.058444 -1.541303
v 0.836817 1.940300 -1.554561
v 0.707753 1.848406 -1.717105
v 0.877568 1.848417 -1.569209
v 0.541045 1.964897 -1.844098
v 0.545617 1.912657 -1.860409
v 0.537358 2.040143 -1.821958
v 0.531699 2.110130 -1.801454
v 0.548133 1.848417 -1.864912
v 0.521823 2.186468 -1.752612
v 0.633624 2.198456 -1.564719
v 0.492267 2.251434 -1.713884
v 0.539305 2.275028 -1.580011
v 0.709417 2.124877 -1.551031
v 0.426073 2.348208 -1.594979
v 0.376083 2.321533 -1.776324
v 0.294849 2.409722 -1.603064
v 0.264855 2.381364 -1.787007
v 0.151022 2.449651 -1.610714
v 0.139563 2.423199 -1.796017
vn -0.6963 -0.2338 0.6786
vn -0.6612 -0.3024 0.6865
vn -0.6729 -0.3400 0.6569
vn -0.7404 -0.2434 0.6265
vn -0.7103 -0.0769 0.6997
vn -0.6662 -0.1964 0.7194
vn -0.6686 -0.2743 0.6912
vn -0.6840 -0.2388 0.6893
vn -0.7560 -0.3179 0.5722
vn -0.6568 -0.4687 0.5907
vn -0.6479 -0.4149 0.6388
vn -0.7370 -0.2475 0.6290
vn -0.7083 -0.2017 0.6765
vn -0.6073 -0.3805 0.6974
vn -0.6679 -0.4605 0.5847
vn -0.6960 -0.5597 0.4498
vn -0.4787 -0.8526 0.2095
vn -0.4238 -0.8719 0.2451
vn -0.3229 -0.9339 0.1533
vn -0.2720 -0.9434 0.1898
vn -0.0927 -0.9849 0.1463
vn -0.0914 -0.9849 0.1474
vn -0.6009 -0.7501 0.2760
vn -0.5431 -0.7734 0.3271
vn -0.6853 -0.5768 0.4446
vn -0.6249 -0.7012 0.3432
vn -0.7445 -0.4331 0.5080
vn -0.6671 -0.5221 0.5314
vn -0.6598 -0.5940 0.4602
vn 0.0914 -0.9849 0.1474
vn 0.6304 -0.4691 0.6185
vn 0.6657 -0.6074 0.4334
vn 0.6843 -0.5795 0.4427
vn 0.6249 -0.7012 0.3432
vn 0.7560 -0.3179 0.5722
vn 0.6568 -0.4687 0.5907
vn 0.7086 -0.2202 0.6704
vn 0.6800 -0.2656 0.6834
vn 0.6662 -0.1964 0.7194
vn 0.7103 -0.0769 0.6997
vn 0.6686 -0.2743 0.6912
vn 0.6840 -0.2388 0.6893
vn 0.6796 -0.2676 0.6830
vn 0.6612 -0.3024 0.6865
vn 0.6479 -0.4149 0.6388
vn 0.7370 -0.2475 0.6290
vn 0.4787 -0.8526 0.2095
vn 0.4238 -0.8719 0.2451
vn 0.3229 -0.9339 0.1533
vn 0.2720 -0.9434 0.1898
vn 0.0927 -0.9849 0.1463
vn 0.6009 -0.7501 0.2760
vn 0.5431 -0.7734 0.3271
vn 0.7083 -0.2017 0.6765
vn 0.6073 -0.3805 0.6974
vn 0.7822 -0.3820 0.4922
vn 0.6671 -0.5221 0.5314
vn 0.6669 -0.6064 0.4331
s 0
f 2754//2108 2787//2108 2785//2108
f 2754//2109 2785//2109 2753//2109
f 2787//2110 2754//2110 2756//2110
f 2787//2111 2756//2111 2788//2111
f 2755//2112 2786//2112 2789//2112
f 2755//2113 2789//2113 2783//2113
f 2753//2114 2785//2114 2786//2114
f 2753//2115 2786//2115 2755//2115
f 2781//2116 2754//2116 2753//2116
f 2781//2117 2753//2117 2780//2117
f 2755//2118 2782//2118 2780//2118
f 2755//2119 2780//2119 2753//2119
f 2782//2120 2755//2120 2783//2120
f 2782//2121 2783//2121 2784//2121
f 2790//2122 2788//2122 2756//2122
f 2790//2123 2756//2123 2791//2123
f 2797//2124 2798//2124 2796//2124
f 2797//2125 2796//2125 2795//2125
f 2799//2126 2800//2126 2798//2126
f 2799//2127 2798//2127 2797//2127
f 2800//2128 2799//2128 2778//2128
f 2800//2129 2778//2129 2779//2129
f 2795//2130 2796//2130 2792//2130
f 2795//2131 2792//2131 2793//2131
f 2792//2132 2790//2132 2791//2132
f 2792//2133 2791//2133 2793//2133
f 2794//2134 2756//2134 2754//2134
f 2794//2135 2754//2135 2781//2135
f 2756//2136 2794//2136 2791//2136
f 2779//2137 2778//2137 2777//2137
f 2752//2138 2762//2138 2763//2138
f 2752//2139 2763//2139 2764//2139
f 2764//2140 2763//2140 2765//2140
f 2764//2141 2765//2141 2766//2141
f 2750//2142 2751//2142 2767//2142
f 2750//2143 2767//2143 2768//2143
f 2761//2144 2762//2144 2752//2144
f 2761//2145 2752//2145 2751//2145
f 2749//2146 2759//2146 2757//2146
f 2749//2147 2757//2147 2758//2147
f 2758//2148 2760//2148 2750//2148
f 2758//2149 2750//2149 2749//2149
f 2760//2150 2761//2150 2751//2150
f 2760//2151 2751//2151 2750//2151
f 2768//2152 2769//2152 2749//2152
f 2768//2153 2749//2153 2750//2153
f 2772//2154 2774//2154 2775//2154
f 2772//2155 2775//2155 2773//2155
f 2774//2156 2777//2156 2776//2156
f 2774//2157 2776//2157 2775//2157
f 2778//2158 2776//2158 2777//2158
f 2765//2159 2772//2159 2773//2159
f 2765//2160 2773//2160 2766//2160
f 2759//2161 2749//2161 2769//2161
f 2759//2162 2769//2162 2770//2162
f 2751//2163 2752//2163 2771//2163
f 2751//2164 2771//2164 2767//2164
f 2771//2165 2752//2165 2764//2165
o Turret_02_havok_s_armor_11_15
v 0.742746 1.829119 -1.397474
v 0.855927 1.829119 -1.217347
v 0.855927 1.848417 -1.217347
v 0.742746 1.848417 -1.397474
v 0.926189 1.848417 -1.016551
v 0.926189 1.829119 -1.016551
v 0.592320 1.829119 -1.547900
v 0.592320 1.848417 -1.547900
v 0.919401 2.015856 -1.363838
v 0.806483 1.997411 -1.548234
v 0.836817 1.940300 -1.554561
v 0.965743 1.952389 -1.369496
v 0.863106 2.080501 -1.364847
v 0.769159 2.058444 -1.541303
v 0.877568 1.848417 -1.569209
v 1.032469 1.848417 -1.386652
v -0.855927 1.848417 -1.217347
v -0.855927 1.829119 -1.217347
v -0.742746 1.829119 -1.397474
v -0.742746 1.848417 -1.397474
v -0.926189 1.848417 -1.016551
v -0.926189 1.829119 -1.016551
v -0.592320 1.829119 -1.547900
v -0.592320 1.848417 -1.547900
v -0.965743 1.952389 -1.369496
v -1.032469 1.848417 -1.386652
v -0.877567 1.848417 -1.569209
v -0.836817 1.940300 -1.554561
v -0.919401 2.015856 -1.363838
v -0.806483 1.997411 -1.548234
v 0.426074 2.348208 -1.594979
v 0.469971 2.377625 -1.398893
v 0.324834 2.438132 -1.407075
v 0.294849 2.409722 -1.603064
v 0.165668 2.478372 -1.408982
v 0.151022 2.449651 -1.610714
v 0.000000 2.492283 -1.409108
v 0.000000 2.463520 -1.613092
v -0.165667 2.478372 -1.408982
v -0.151022 2.449651 -1.610714
v -0.426074 2.348208 -1.594979
v -0.294849 2.409722 -1.603064
v -0.324834 2.438132 -1.407075
v -0.469971 2.377625 -1.398893
v 0.539305 2.275028 -1.580011
v 0.597305 2.304593 -1.389165
v 0.633624 2.198456 -1.564719
v 0.704682 2.226584 -1.379120
v 0.709417 2.124877 -1.551031
v 0.792388 2.150422 -1.370354
v -0.597305 2.304593 -1.389165
v -0.704682 2.226584 -1.379120
v -0.633624 2.198456 -1.564719
v -0.539305 2.275028 -1.580011
v -0.792388 2.150422 -1.370354
v -0.709417 2.124877 -1.551031
v -0.769159 2.058444 -1.541303
v -0.863106 2.080501 -1.364847
vn 0.2433 -0.9539 0.1755
vn 0.2719 -0.9498 0.1550
vn -0.4938 -0.8240 0.2777
vn -0.5490 -0.7998 0.2429
vn -0.5744 -0.7477 0.3332
vn -0.6299 -0.7155 0.3023
vn -0.0927 -0.9859 0.1390
vn -0.0829 -0.9858 0.1464
vn 0.0829 -0.9858 0.1464
vn 0.0927 -0.9859 0.1390
vn 0.3859 -0.8957 0.2208
vn 0.4262 -0.8837 0.1933
vn -0.6270 -0.6779 0.3838
vn -0.6829 -0.6368 0.3580
vn 0.4938 -0.8240 0.2777
vn 0.5490 -0.7998 0.2429
vn 0.6527 -0.6266 0.4258
vn 0.7081 -0.5772 0.4068
vn 0.7360 -0.5017 0.4546
vn 0.6701 -0.5762 0.4680
vn -0.7081 -0.5772 0.4068
vn -0.6527 -0.6266 0.4258
vn 0.6299 -0.7155 0.3023
vn 0.5744 -0.7477 0.3332
vn 0.6270 -0.6779 0.3838
vn 0.6829 -0.6368 0.3580
vn -0.6749 -0.5378 0.5053
vn -0.7413 -0.4490 0.4989
vn -0.7360 -0.5017 0.4546
vn -0.6701 -0.5762 0.4680
vn -0.7349 -0.4118 0.5389
vn -0.6550 -0.5120 0.5557
vn -0.8467 -0.0000 0.5320
vn -0.9439 -0.0000 0.3303
vn -0.7071 -0.0000 0.7071
vn 0.8467 -0.0000 0.5320
vn 0.7413 -0.4490 0.4989
vn 0.6749 -0.5378 0.5053
vn -0.4262 -0.8837 0.1933
vn -0.3859 -0.8957 0.2208
vn -0.2719 -0.9498 0.1550
vn -0.2433 -0.9539 0.1755
vn 0.9439 -0.0000 0.3303
vn 0.7071 -0.0000 0.7071
vn 0.6550 -0.5120 0.5557
vn 0.7349 -0.4118 0.5389
s 0
f 2839//2166 2843//2166 2842//2166
f 2839//2167 2842//2167 2840//2167
f 2845//2168 2846//2168 2832//2168
f 2845//2169 2832//2169 2831//2169
f 2847//2170 2848//2170 2846//2170
f 2847//2171 2846//2171 2845//2171
f 2837//2172 2838//2172 2836//2172
f 2837//2173 2836//2173 2835//2173
f 2837//2174 2839//2174 2840//2174
f 2837//2175 2840//2175 2838//2175
f 2843//2176 2844//2176 2841//2176
f 2843//2177 2841//2177 2842//2177
f 2849//2178 2850//2178 2848//2178
f 2849//2179 2848//2179 2847//2179
f 2844//2180 2851//2180 2854//2180
f 2844//2181 2854//2181 2841//2181
f 2855//2182 2858//2182 2857//2182
f 2855//2183 2857//2183 2856//2183
f 2830//2184 2857//2184 2858//2184
f 2830//2185 2858//2185 2829//2185
f 2850//2186 2849//2186 2814//2186
f 2850//2187 2814//2187 2813//2187
f 2853//2188 2854//2188 2851//2188
f 2853//2189 2851//2189 2852//2189
f 2852//2190 2855//2190 2856//2190
f 2852//2191 2856//2191 2853//2191
f 2811//2192 2812//2192 2809//2192
f 2811//2193 2809//2193 2810//2193
f 2813//2194 2814//2194 2810//2194
f 2813//2195 2810//2195 2809//2195
f 2812//2196 2811//2196 2815//2196
f 2812//2197 2815//2197 2816//2197
f 2803//2198 2804//2198 2801//2198
f 2803//2198 2801//2198 2802//2198
f 2802//2199 2806//2199 2805//2199
f 2802//2199 2805//2199 2803//2199
f 2804//2200 2808//2200 2807//2200
f 2804//2200 2807//2200 2801//2200
f 2819//2201 2820//2201 2817//2201
f 2819//2201 2817//2201 2818//2201
f 2828//2202 2830//2202 2829//2202
f 2828//2203 2829//2203 2825//2203
f 2833//2204 2834//2204 2831//2204
f 2833//2205 2831//2205 2832//2205
f 2835//2206 2836//2206 2834//2206
f 2835//2207 2834//2207 2833//2207
f 2821//2208 2822//2208 2818//2208
f 2821//2208 2818//2208 2817//2208
f 2823//2209 2824//2209 2820//2209
f 2823//2209 2820//2209 2819//2209
f 2825//2210 2826//2210 2827//2210
f 2825//2211 2827//2211 2828//2211
o Turret_02_havok_s_armor_12_16
v -0.506135 2.408239 -1.192583
v -0.645052 2.334658 -1.186551
v -0.597305 2.304593 -1.389165
v -0.469970 2.377625 -1.398893
v -0.704682 2.226584 -1.379120
v -0.763413 2.255159 -1.180392
v -0.861308 2.176406 -1.175203
v -0.792388 2.150423 -1.370354
v -0.940447 2.101875 -1.172038
v -0.863106 2.080502 -1.364847
v -0.439487 2.431977 -1.209462
v -0.324833 2.438132 -1.407075
v -0.350073 2.468144 -1.201715
v -0.383926 2.454899 -1.208774
v -0.165667 2.478372 -1.408982
v -0.178176 2.507816 -1.200929
v -0.919401 2.015856 -1.363838
v -1.005382 2.032387 -1.172602
v -0.965743 1.952389 -1.369496
v -1.061229 1.962538 -1.178599
v -1.032468 1.848417 -1.386652
v -1.142076 1.848417 -1.195687
v 0.506135 2.408239 -1.192583
v 0.469970 2.377625 -1.398893
v 0.597305 2.304593 -1.389165
v 0.645052 2.334658 -1.186551
v 0.704682 2.226584 -1.379120
v 0.763413 2.255159 -1.180392
v 0.792388 2.150423 -1.370354
v 0.861308 2.176406 -1.175203
v 0.863106 2.080502 -1.364847
v 0.940448 2.101875 -1.172038
v 0.919401 2.015856 -1.363838
v 1.005382 2.032387 -1.172602
v 0.965743 1.952389 -1.369496
v 1.061229 1.962538 -1.178599
v 1.032468 1.848417 -1.386652
v 1.142076 1.848417 -1.195687
v 0.349529 2.471244 -1.198203
v 0.324834 2.438132 -1.407075
v 0.178176 2.507816 -1.200929
v 0.165668 2.478372 -1.408982
v 0.000001 2.492283 -1.409108
v 0.000051 2.526583 -1.202674
vn -0.6799 -0.6383 0.3609
vn -0.7086 -0.6116 0.3520
vn -0.7047 -0.5964 0.3842
vn -0.7314 -0.5677 0.3779
vn -0.6526 -0.6786 0.3370
vn -0.6772 -0.6592 0.3269
vn -0.5459 -0.7914 0.2751
vn -0.5841 -0.7715 0.2521
vn -0.6056 -0.7323 0.3114
vn -0.6436 -0.7075 0.2919
vn 0.0827 -0.9831 0.1633
vn 0.1050 -0.9838 0.1455
vn -0.0827 -0.9831 0.1634
vn -0.1051 -0.9838 0.1455
vn -0.2440 -0.9581 0.1503
vn -0.2081 -0.9619 0.1771
vn -0.7142 -0.5673 0.4099
vn -0.7403 -0.5410 0.3991
vn -0.3869 -0.9026 0.1888
vn -0.3719 -0.9065 0.1997
vn -0.4628 -0.8545 0.2359
vn -0.4983 -0.8406 0.2121
vn 0.6526 -0.6786 0.3370
vn 0.6772 -0.6592 0.3269
vn 0.3867 -0.9011 0.1963
vn 0.3733 -0.9059 0.1999
vn 0.6056 -0.7323 0.3114
vn 0.6436 -0.7075 0.2919
vn 0.4983 -0.8406 0.2121
vn 0.4628 -0.8545 0.2359
vn 0.5459 -0.7914 0.2751
vn 0.5841 -0.7715 0.2521
vn 0.7047 -0.5964 0.3842
vn 0.7314 -0.5677 0.3779
vn 0.7142 -0.5673 0.4099
vn 0.7403 -0.5410 0.3991
vn 0.6799 -0.6383 0.3609
vn 0.7086 -0.6116 0.3520
vn 0.3726 -0.9088 0.1879
vn 0.3267 -0.9286 0.1759
vn 0.2440 -0.9581 0.1503
vn 0.2210 -0.9608 0.1676
s 0
f 2891//2212 2892//2212 2890//2212
f 2891//2213 2890//2213 2889//2213
f 2893//2214 2894//2214 2892//2214
f 2893//2215 2892//2215 2891//2215
f 2889//2216 2890//2216 2888//2216
f 2889//2217 2888//2217 2887//2217
f 2885//2218 2886//2218 2884//2218
f 2885//2219 2884//2219 2883//2219
f 2887//2220 2888//2220 2886//2220
f 2887//2221 2886//2221 2885//2221
f 2873//2222 2901//2222 2902//2222
f 2873//2223 2902//2223 2874//2223
f 2902//2224 2901//2224 2900//2224
f 2902//2225 2900//2225 2899//2225
f 2899//2226 2900//2226 2898//2226
f 2899//2227 2898//2227 2897//2227
f 2895//2228 2896//2228 2894//2228
f 2895//2229 2894//2229 2893//2229
f 2897//2230 2898//2230 2882//2230
f 2897//2231 2882//2231 2881//2231
f 2883//2232 2884//2232 2881//2232
f 2883//2233 2881//2233 2882//2233
f 2865//2234 2867//2234 2868//2234
f 2865//2235 2868//2235 2866//2235
f 2862//2236 2870//2236 2869//2236
f 2862//2237 2869//2237 2859//2237
f 2864//2238 2865//2238 2866//2238
f 2864//2239 2866//2239 2863//2239
f 2861//2240 2862//2240 2859//2240
f 2861//2241 2859//2241 2860//2241
f 2860//2242 2864//2242 2863//2242
f 2860//2243 2863//2243 2861//2243
f 2876//2244 2878//2244 2877//2244
f 2876//2245 2877//2245 2875//2245
f 2878//2246 2880//2246 2879//2246
f 2878//2247 2879//2247 2877//2247
f 2867//2248 2876//2248 2875//2248
f 2867//2249 2875//2249 2868//2249
f 2872//2250 2869//2250 2870//2250
f 2872//2251 2870//2251 2871//2251
f 2870//2252 2873//2252 2874//2252
f 2870//2253 2874//2253 2871//2253
o Turret_02_havok_s_armor_13_17
v -0.809057 2.284702 -0.969959
v -0.914239 2.201880 -0.967127
v -0.861307 2.176406 -1.175203
v -0.763414 2.255159 -1.180392
v -0.940447 2.101875 -1.172038
v -1.000375 2.123031 -0.965661
v -0.682003 2.366027 -0.973192
v -0.645052 2.334657 -1.186551
v -0.506135 2.408239 -1.192583
v -0.521428 2.417163 -1.128535
v -0.528695 2.426229 -1.076265
v -0.538503 2.438197 -0.976296
v -0.515821 2.440547 -1.019981
v -0.434825 2.482066 -0.949811
v -0.486344 2.418439 -1.180675
v -0.439487 2.431977 -1.209462
v -1.005382 2.032387 -1.172602
v -1.070825 2.047641 -0.966299
v -1.132310 1.971172 -0.970408
v -1.061229 1.962538 -1.178599
v -1.212717 1.848417 -0.978258
v -1.142075 1.848417 -1.195687
v 0.809057 2.284702 -0.969959
v 0.723858 2.318305 -1.052760
v 0.763414 2.255159 -1.180392
v 0.725499 2.334887 -0.982568
v 0.706005 2.360170 -0.930770
v 0.683319 2.325824 -1.123700
v 0.645052 2.334657 -1.186551
v 0.554926 2.391305 -1.157294
v 0.506135 2.408239 -1.192583
v 0.618066 2.357317 -1.156067
v 0.498879 2.424216 -1.137426
v 0.861308 2.176406 -1.175203
v 0.914240 2.201880 -0.967127
v 0.940447 2.101875 -1.172038
v 1.000375 2.123031 -0.965661
v 1.005382 2.032387 -1.172602
v 1.070825 2.047641 -0.966299
v 1.061229 1.962538 -1.178599
v 1.132310 1.971172 -0.970408
v 1.142077 1.848417 -1.195687
v 1.212717 1.848417 -0.978258
vn -0.4444 -0.8744 0.1948
vn -0.5003 -0.8457 0.1857
vn -0.4653 -0.8562 0.2246
vn -0.4633 -0.8559 0.2299
vn -0.5265 -0.8246 0.2071
vn -0.5265 -0.8252 0.2047
vn -0.5484 -0.8045 0.2281
vn -0.5515 -0.8039 0.2228
vn -0.7412 -0.6109 0.2784
vn -0.7381 -0.6141 0.2795
vn -0.8001 -0.5407 0.2599
vn -0.7617 -0.5822 0.2842
vn -0.7021 -0.6584 0.2714
vn -0.7021 -0.6583 0.2714
vn -0.6037 -0.7582 0.2464
vn -0.6163 -0.7504 0.2390
vn -0.6539 -0.7095 0.2626
vn -0.6682 -0.6987 0.2555
vn -0.5430 -0.8073 0.2311
vn 0.4633 -0.8559 0.2299
vn 0.4736 -0.8558 0.2079
vn 0.4784 -0.8516 0.2142
vn 0.4468 -0.8820 0.1494
vn 0.5523 -0.8057 0.2141
vn 0.5289 -0.8171 0.2294
vn 0.6163 -0.7504 0.2390
vn 0.6037 -0.7582 0.2464
vn 0.6539 -0.7095 0.2626
vn 0.6682 -0.6987 0.2555
vn 0.7412 -0.6109 0.2784
vn 0.7381 -0.6141 0.2795
vn 0.8001 -0.5407 0.2599
vn 0.7617 -0.5822 0.2842
vn 0.7021 -0.6584 0.2714
vn 0.7021 -0.6583 0.2714
vn 0.3768 -0.9146 0.1465
vn 0.3565 -0.9244 0.1354
vn 0.3452 -0.9148 0.2099
vn 0.3686 -0.9139 0.1702
s 0
f 2935//2254 2933//2254 2932//2254
f 2930//2255 2934//2255 2931//2255
f 2931//2256 2934//2256 2932//2256
f 2931//2257 2932//2257 2933//2257
f 2928//2258 2926//2258 2925//2258
f 2928//2259 2925//2259 2929//2259
f 2927//2260 2926//2260 2930//2260
f 2927//2261 2930//2261 2931//2261
f 2942//2262 2943//2262 2941//2262
f 2942//2263 2941//2263 2940//2263
f 2944//2264 2945//2264 2943//2264
f 2944//2265 2943//2265 2942//2265
f 2940//2266 2941//2266 2939//2266
f 2940//2267 2939//2267 2938//2267
f 2936//2268 2937//2268 2925//2268
f 2936//2269 2925//2269 2927//2269
f 2938//2270 2939//2270 2937//2270
f 2938//2271 2937//2271 2936//2271
f 2925//2272 2926//2272 2927//2272
f 2910//2273 2911//2273 2912//2273
f 2910//2274 2912//2274 2909//2274
f 2909//2275 2912//2275 2913//2275
f 2909//2276 2913//2276 2914//2276
f 2906//2277 2910//2277 2909//2277
f 2906//2278 2909//2278 2903//2278
f 2905//2279 2906//2279 2903//2279
f 2905//2280 2903//2280 2904//2280
f 2904//2281 2908//2281 2907//2281
f 2904//2282 2907//2282 2905//2282
f 2920//2283 2921//2283 2922//2283
f 2920//2284 2922//2284 2919//2284
f 2921//2285 2923//2285 2924//2285
f 2921//2286 2924//2286 2922//2286
f 2908//2287 2920//2287 2919//2287
f 2908//2288 2919//2288 2907//2288
f 2914//2289 2913//2289 2915//2289
f 2914//2290 2915//2290 2916//2290
f 2917//2291 2912//2291 2911//2291
f 2917//2292 2911//2292 2918//2292
o Turret_02_havok_s_armor_14_18
v 0.848053 2.306760 -0.752541
v 0.809058 2.284702 -0.969960
v 0.914239 2.201880 -0.967127
v 0.949907 2.226253 -0.748803
v 1.000375 2.123031 -0.965661
v 1.038858 2.141131 -0.748263
v 0.782996 2.352129 -0.757311
v 0.706005 2.360170 -0.930770
v 0.692909 2.393724 -0.818055
v 0.613318 2.424828 -0.862398
v 1.070824 2.047641 -0.966299
v 1.111199 2.059555 -0.748424
v 1.132309 1.971172 -0.970408
v 1.173527 1.977029 -0.749724
v 1.212605 1.874546 -0.919991
v 1.228916 1.885122 -0.753007
v 1.212717 1.848417 -0.978258
v -0.848053 2.306760 -0.757861
v -0.949907 2.226253 -0.748803
v -0.914239 2.201880 -0.967127
v -0.809058 2.284702 -0.969960
v -1.038858 2.141131 -0.748263
v -1.000375 2.123031 -0.965661
v -0.682003 2.366028 -0.973192
v -0.692909 2.393724 -0.818055
v -0.782996 2.352129 -0.757311
v -1.070824 2.047641 -0.966299
v -1.111199 2.059555 -0.748424
v -1.173527 1.977029 -0.749724
v -1.132309 1.971172 -0.970408
v -1.228916 1.885122 -0.753007
v -1.212605 1.874546 -0.919991
v -1.212717 1.848417 -0.978258
v -0.178175 2.507816 -1.200929
v 0.000050 2.526583 -1.202674
v 0.000044 2.568853 -0.866176
v -0.190805 2.555233 -0.867608
v 0.178175 2.507816 -1.200929
v 0.190805 2.555233 -0.867608
v -0.260432 2.501705 -1.125098
v -0.268940 2.514984 -1.026079
v -0.252735 2.511202 -1.074232
v -0.339350 2.511580 -0.958086
v -0.376294 2.517103 -0.859840
v -0.290947 2.488239 -1.169721
v -0.350073 2.468144 -1.201715
v 0.349529 2.471245 -1.198203
v 0.376294 2.517103 -0.859840
v 0.429873 2.484133 -0.948538
v 0.504337 2.470912 -0.870259
v 0.427781 2.467626 -1.053440
v 0.418927 2.479350 -1.000728
v 0.455440 2.448530 -1.102308
v 0.506136 2.408240 -1.192583
v 0.498879 2.424216 -1.137426
v -0.549409 2.452911 -0.866755
v -0.538504 2.438197 -0.976296
v -0.481358 2.478417 -0.874553
v -0.434825 2.482066 -0.949811
vn 0.1730 -0.9726 0.1554
vn 0.2047 -0.9680 0.1449
vn 0.2049 -0.9699 0.1316
vn 0.1928 -0.9695 0.1512
vn 0.2090 -0.9665 0.1488
vn 0.2197 -0.9560 0.1943
vn 0.2060 -0.9677 0.1455
vn 0.8046 -0.5425 0.2417
vn 0.0694 -0.9873 0.1431
vn 0.1051 -0.9867 0.1239
vn -0.0694 -0.9873 0.1431
vn -0.1052 -0.9867 0.1239
vn -0.2051 -0.9676 0.1474
vn -0.2087 -0.9671 0.1455
vn 0.4461 -0.8801 0.1626
vn 0.4283 -0.8839 0.1879
vn 0.3223 -0.9340 0.1540
vn 0.3044 -0.9378 0.1672
vn 0.3469 -0.9224 0.1698
vn 0.3624 -0.9183 0.1594
vn -0.3712 -0.9038 0.2129
vn -0.3626 -0.9136 0.1840
vn -0.3229 -0.9341 0.1521
vn -0.3245 -0.9337 0.1510
vn -0.3322 -0.9304 0.1550
vn -0.3258 -0.9330 0.1528
vn -0.3469 -0.9234 0.1645
vn -0.7368 -0.6538 0.1723
vn -0.7175 -0.6721 0.1830
vn -0.7861 -0.5963 0.1626
vn -0.7626 -0.6226 0.1754
vn -0.7991 -0.5782 0.1646
vn -0.8489 -0.5157 0.1156
vn -0.5140 -0.8367 0.1893
vn -0.4534 -0.8673 0.2055
vn -0.6135 -0.7675 0.1859
vn -0.6108 -0.7693 0.1876
vn -0.6807 -0.7102 0.1796
vn -0.6648 -0.7227 0.1893
vn -0.5691 -0.7934 0.2158
vn -0.5358 -0.8250 0.1798
vn -0.8046 -0.5425 0.2417
vn 0.7368 -0.6538 0.1723
vn 0.7175 -0.6721 0.1830
vn 0.7861 -0.5963 0.1626
vn 0.7626 -0.6226 0.1754
vn 0.7991 -0.5782 0.1646
vn 0.8489 -0.5157 0.1156
vn 0.5609 -0.8065 0.1870
vn 0.6103 -0.7685 0.1921
vn 0.6194 -0.7627 0.1863
vn 0.6807 -0.7102 0.1796
vn 0.6648 -0.7227 0.1893
vn 0.5187 -0.8313 0.2000
vn 0.5331 -0.8256 0.1849
s 0
f 2987//2293 2985//2293 2982//2293
f 2987//2294 2982//2294 2986//2294
f 2982//2295 2989//2295 2988//2295
f 2982//2296 2988//2296 2986//2296
f 2979//2297 2985//2297 2990//2297
f 2979//2298 2990//2298 2991//2298
f 2979//2299 2982//2299 2985//2299
f 2978//2300 2975//2300 2977//2300
f 2981//2301 2982//2301 2979//2301
f 2981//2302 2979//2302 2980//2302
f 2983//2303 2984//2303 2981//2303
f 2983//2304 2981//2304 2980//2304
f 2992//2305 2993//2305 2984//2305
f 2992//2306 2984//2306 2983//2306
f 2969//2307 3002//2307 3001//2307
f 2969//2308 3001//2308 2970//2308
f 2989//2309 3003//2309 3004//2309
f 2989//2310 3004//2310 2988//2310
f 3002//2311 3004//2311 3003//2311
f 3002//2312 3003//2312 3001//2312
f 2992//2313 2999//2313 3000//2313
f 2992//2314 3000//2314 2998//2314
f 2993//2315 2992//2315 2994//2315
f 2993//2316 2994//2316 2995//2316
f 2997//2317 2994//2317 2992//2317
f 2997//2318 2992//2318 2996//2318
f 2996//2319 2992//2319 2998//2319
f 2956//2320 2957//2320 2951//2320
f 2956//2321 2951//2321 2950//2321
f 2958//2322 2959//2322 2957//2322
f 2958//2323 2957//2323 2956//2323
f 2959//2324 2958//2324 2960//2324
f 2959//2325 2960//2325 2961//2325
f 2953//2326 2952//2326 2954//2326
f 2953//2327 2954//2327 2955//2327
f 2948//2328 2949//2328 2946//2328
f 2948//2329 2946//2329 2947//2329
f 2950//2330 2951//2330 2949//2330
f 2950//2331 2949//2331 2948//2331
f 2946//2332 2952//2332 2953//2332
f 2946//2333 2953//2333 2947//2333
f 2962//2334 2960//2334 2958//2334
f 2967//2335 2973//2335 2972//2335
f 2967//2336 2972//2336 2968//2336
f 2973//2337 2974//2337 2975//2337
f 2973//2338 2975//2338 2972//2338
f 2977//2339 2975//2339 2974//2339
f 2977//2340 2974//2340 2976//2340
f 2963//2341 2966//2341 2971//2341
f 2965//2342 2966//2342 2963//2342
f 2965//2343 2963//2343 2964//2343
f 2964//2344 2967//2344 2968//2344
f 2964//2345 2968//2345 2965//2345
f 2970//2346 2971//2346 2966//2346
f 2970//2347 2966//2347 2969//2347
o Turret_02_havok_s_surveyingDevice_19
v -0.432337 2.617236 -1.128887
v -0.331762 2.617236 -1.128887
v -0.432337 2.617236 -1.057683
v -0.331762 2.617236 -1.057683
v -0.412832 2.617236 -1.031311
v -0.351268 2.617236 -1.031311
v 0.600233 2.570323 -1.020103
v 0.513068 2.570323 -1.020103
v 0.513068 2.549027 -0.983183
v 0.600233 2.549027 -0.983183
v -0.186081 2.764827 -0.586948
v -0.297628 2.764827 -0.613979
v -0.304942 2.764827 -0.584970
v -0.309819 2.731197 -0.565851
v -0.193395 2.764827 -0.557939
v -0.197662 2.731197 -0.538820
v -0.363458 2.725293 -0.528271
v -0.460986 2.725293 -0.508492
v -0.467691 2.757342 -0.539479
v -0.369554 2.757342 -0.559258
v -0.468910 2.757342 -0.547391
v -0.370773 2.757342 -0.567169
v -0.524988 2.730775 -0.522338
v -0.617639 2.730775 -0.454430
v -0.629830 2.764405 -0.470253
v -0.647507 2.764405 -0.494647
v -0.537179 2.764405 -0.538820
v -0.554856 2.764405 -0.562554
v -0.432181 2.518361 -1.128887
v -0.331819 2.518361 -1.128887
v -0.432181 2.518361 -1.057582
v -0.331819 2.518361 -1.057582
v -0.350987 2.518361 -1.031200
v -0.413013 2.518361 -1.031200
v 0.600233 2.498361 -1.019978
v 0.512836 2.498361 -1.019978
v 0.512836 2.498361 -0.982976
v 0.600233 2.498361 -0.982976
v -0.186057 2.705593 -0.587102
v -0.297798 2.705593 -0.614289
v -0.309618 2.705593 -0.565707
v -0.197878 2.705593 -0.538520
v -0.363202 2.705593 -0.527973
v -0.461257 2.705593 -0.508343
v -0.469109 2.705593 -0.547565
v -0.371054 2.705593 -0.567194
v -0.525234 2.705593 -0.522545
v -0.617891 2.705593 -0.454430
v -0.647507 2.705593 -0.494716
v -0.554849 2.705593 -0.562831
vn -0.9805 -0.0098 0.1963
vn -0.9814 -0.0010 0.1920
vn -0.0000 -1.0000 -0.0000
vn -0.5923 0.0124 -0.8057
vn -0.5911 0.0059 -0.8065
vn -0.9883 0.0053 0.1523
vn 0.1963 -0.0041 0.9805
vn 0.1976 -0.0015 0.9803
vn -0.1963 -0.0174 -0.9804
vn -0.1988 -0.0047 -0.9800
vn -0.9716 0.0054 -0.2364
vn -0.1405 -0.7032 -0.6969
vn -0.1416 -0.7019 -0.6981
vn 0.9804 -0.0150 -0.1963
vn 0.9785 0.0054 -0.2062
vn -0.8020 -0.0029 0.5973
vn -0.8057 0.0030 0.5923
vn -0.8046 -0.0007 0.5938
vn 0.9883 -0.0033 -0.1523
vn 0.8098 0.0007 -0.5868
vn 0.8057 -0.0081 -0.5923
vn 0.8007 0.0085 -0.5990
vn 0.5923 -0.0009 0.8057
vn 0.5912 -0.0037 0.8066
vn -0.5115 -0.5106 -0.6911
vn -0.5048 -0.5205 -0.6887
vn -0.9723 0.0002 -0.2338
vn -0.9695 -0.0160 -0.2445
vn -0.8090 -0.0030 -0.5878
vn -0.8040 -0.0001 -0.5947
vn -0.0000 -0.0041 -1.0000
vn -0.0000 0.0017 1.0000
vn 0.8090 0.0007 -0.5878
vn 0.8040 -0.0021 -0.5947
vn 1.0000 0.0016 -0.0000
vn -0.0000 -0.0000 1.0000
vn -0.0000 -0.0011 -1.0000
vn -1.0000 0.0006 -0.0000
vn 0.9716 0.0089 0.2364
vn 0.2364 -0.0134 -0.9716
vn 0.2343 -0.0036 -0.9722
vn 0.2025 -0.5033 -0.8401
vn 0.2031 -0.5060 -0.8383
vn 0.9702 -0.0029 0.2423
vn 0.9696 -0.0041 0.2445
vn -1.0000 -0.0000 -0.0000
vn 1.0000 -0.0046 -0.0000
vn 1.0000 -0.0032 -0.0019
vn -0.2364 -0.0044 0.9716
vn -0.2355 -0.0026 0.9719
vn -0.0000 -0.8662 -0.4996
s 0
f 3050//2348 3047//2348 3021//2348
f 3050//2349 3021//2349 3024//2349
f 3025//2350 3026//2350 3024//2350
f 3025//2350 3024//2350 3023//2350
f 3027//2351 3051//2351 3052//2351
f 3027//2352 3052//2352 3028//2352
f 3026//2353 3050//2353 3024//2353
f 3025//2354 3049//2354 3050//2354
f 3025//2355 3050//2355 3026//2355
f 3021//2356 3047//2356 3048//2356
f 3021//2357 3048//2357 3022//2357
f 3046//2358 3020//2358 3043//2358
f 3022//2359 3023//2359 3024//2359
f 3022//2360 3024//2360 3021//2360
f 3022//2361 3048//2361 3049//2361
f 3022//2362 3049//2362 3023//2362
f 3032//2363 3054//2363 3031//2363
f 3054//2364 3051//2364 3027//2364
f 3054//2365 3027//2365 3031//2365
f 3008//2350 3007//2350 3005//2350
f 3008//2350 3005//2350 3006//2350
f 3025//2366 3023//2366 3049//2366
f 3032//2350 3031//2350 3029//2350
f 3032//2350 3029//2350 3030//2350
f 3030//2367 3029//2367 3053//2367
f 3028//2368 3052//2368 3053//2368
f 3028//2369 3053//2369 3029//2369
f 3030//2370 3053//2370 3054//2370
f 3030//2371 3054//2371 3032//2371
f 3028//2372 3029//2372 3031//2372
f 3028//2373 3031//2373 3027//2373
f 3015//2374 3043//2374 3020//2374
f 3015//2375 3020//2375 3019//2375
f 3036//2376 3037//2376 3010//2376
f 3036//2377 3010//2377 3008//2377
f 3008//2350 3010//2350 3009//2350
f 3008//2350 3009//2350 3007//2350
f 3014//2378 3042//2378 3041//2378
f 3014//2378 3041//2378 3013//2378
f 3012//2379 3040//2379 3039//2379
f 3012//2379 3039//2379 3011//2379
f 3038//2380 3035//2380 3007//2380
f 3038//2381 3007//2381 3009//2381
f 3007//2382 3035//2382 3033//2382
f 3007//2382 3033//2382 3005//2382
f 3005//2383 3033//2383 3034//2383
f 3005//2383 3034//2383 3006//2383
f 3037//2384 3038//2384 3009//2384
f 3037//2384 3009//2384 3010//2384
f 3034//2385 3036//2385 3008//2385
f 3034//2385 3008//2385 3006//2385
f 3015//2350 3019//2350 3017//2350
f 3015//2350 3017//2350 3016//2350
f 3044//2386 3018//2386 3045//2386
f 3020//2387 3046//2387 3045//2387
f 3020//2388 3045//2388 3018//2388
f 3019//2389 3020//2389 3018//2389
f 3019//2390 3018//2390 3017//2390
f 3017//2391 3018//2391 3044//2391
f 3017//2392 3044//2392 3016//2392
f 3039//2393 3042//2393 3014//2393
f 3039//2393 3014//2393 3011//2393
f 3013//2394 3041//2394 3040//2394
f 3013//2395 3040//2395 3012//2395
f 3016//2396 3044//2396 3043//2396
f 3016//2397 3043//2397 3015//2397
f 3011//2398 3014//2398 3013//2398
f 3011//2398 3013//2398 3012//2398
o Hull_havok_s_armor_13_0
v 0.352952 0.469260 2.645556
v 0.929112 0.469260 2.645556
v 0.929112 0.677987 2.436118
v -0.930790 0.469260 2.645556
v -0.354629 0.469260 2.645556
v -0.930790 0.677987 2.436118
vn -0.0000 0.7083 0.7059
s 0
f 3058//2399 3059//2399 3060//2399
f 3055//2399 3056//2399 3057//2399
o Hull_havok_s_armor_8_1
v 0.370681 1.829274 -0.013777
v 0.190107 1.829274 0.049409
v -0.667945 1.829274 -0.250836
v 0.532668 1.829274 -0.115560
v -0.000000 1.829274 0.070829
v -0.190107 1.829274 0.049409
v -0.370681 1.829274 -0.013777
v -0.532668 1.829274 -0.115560
v 0.667945 1.829274 -0.250836
v -0.832913 1.829274 -0.593398
v -0.769727 1.829274 -0.412823
v 0.370681 1.829274 -1.553232
v 0.532668 1.829274 -1.451449
v 0.190107 1.829274 -1.616417
v 0.667944 1.829274 -1.316172
v 0.769727 1.829274 -1.154186
v 0.832913 1.829274 -0.973611
v 0.854333 1.829274 -0.783505
v 0.832913 1.829274 -0.593398
v 0.769727 1.829274 -0.412823
v -0.190107 1.829274 -1.616417
v -0.000000 1.829274 -1.637837
v -0.370681 1.829274 -1.553232
v -0.532668 1.829274 -1.451449
v -0.667944 1.829274 -1.316172
v -0.832913 1.829274 -0.973611
v -0.769727 1.829274 -1.154186
v -0.854333 1.829274 -0.783505
vn -0.0000 -1.0000 -0.0000
s 0
f 3063//2400 3081//2400 3082//2400
f 3063//2400 3082//2400 3074//2400
f 3063//2400 3079//2400 3080//2400
f 3063//2400 3080//2400 3069//2400
f 3078//2400 3079//2400 3063//2400
f 3078//2400 3063//2400 3077//2400
f 3081//2400 3063//2400 3083//2400
f 3088//2400 3086//2400 3063//2400
f 3088//2400 3063//2400 3070//2400
f 3063//2400 3086//2400 3087//2400
f 3063//2400 3087//2400 3085//2400
f 3063//2400 3085//2400 3084//2400
f 3063//2400 3084//2400 3083//2400
f 3076//2400 3077//2400 3063//2400
f 3076//2400 3063//2400 3075//2400
f 3067//2400 3068//2400 3063//2400
f 3067//2400 3063//2400 3066//2400
f 3065//2400 3066//2400 3063//2400
f 3065//2400 3063//2400 3062//2400
f 3063//2400 3064//2400 3061//2400
f 3063//2400 3061//2400 3062//2400
f 3064//2400 3063//2400 3069//2400
f 3075//2400 3063//2400 3073//2400
f 3063//2400 3074//2400 3072//2400
f 3063//2400 3072//2400 3073//2400
f 3070//2400 3063//2400 3071//2400
o Hull_havok_s_armor_1_2
v -0.930344 1.352780 -3.440092
v -0.000839 1.396790 -3.473528
v -0.347474 1.750816 -2.759303
v -0.931216 1.641650 -2.895769
v -0.000833 1.829271 -2.660132
v -0.375443 1.829282 -2.610795
v 0.928666 1.352886 -3.439888
v 0.537446 1.733550 -2.766871
v 0.929537 1.641651 -2.895773
v 0.908793 1.699804 -2.781663
v 1.409111 1.829273 -2.474521
v 1.464647 1.634934 -2.822948
v 0.873800 1.829282 -2.544971
v 0.571269 1.829262 -2.584833
v -1.410788 1.829273 -2.474521
v -1.466580 1.634934 -2.822948
v -1.073400 1.684837 -2.788224
v -1.030402 1.829292 -2.524560
vn -0.0623 -0.8786 0.4735
vn -0.0621 -0.8795 0.4719
vn 0.0728 -0.8885 0.4530
vn 0.0636 -0.8942 0.4432
vn 0.0621 -0.8795 0.4718
vn 0.0690 -0.8759 0.4775
vn -0.0758 -0.8759 0.4765
vn -0.0435 -0.8933 0.4473
vn 0.0626 -0.8775 0.4754
vn 0.0654 -0.8811 0.4685
vn 0.0555 -0.8819 0.4681
vn 0.0586 -0.8828 0.4660
vn -0.0528 -0.8820 0.4682
vn -0.0635 -0.8938 0.4439
vn -0.0586 -0.8831 0.4655
vn -0.0638 -0.8812 0.4685
s 0
f 3102//2401 3093//2401 3096//2401
f 3101//2402 3098//2402 3099//2402
f 3105//2403 3104//2403 3092//2403
f 3105//2404 3092//2404 3091//2404
f 3105//2405 3106//2405 3103//2405
f 3105//2406 3103//2406 3104//2406
f 3097//2407 3100//2407 3099//2407
f 3097//2408 3099//2408 3098//2408
f 3093//2409 3094//2409 3091//2409
f 3093//2410 3091//2410 3090//2410
f 3091//2411 3092//2411 3089//2411
f 3091//2412 3089//2412 3090//2412
f 3096//2413 3095//2413 3097//2413
f 3096//2414 3097//2414 3098//2414
f 3090//2415 3095//2415 3096//2415
f 3090//2416 3096//2416 3093//2416
o Hull_havok_s_armor_2_3
v -0.930344 1.352780 -3.440092
v -0.930790 0.677996 -2.926769
v -0.354629 0.469260 -2.767982
v -0.000838 1.396790 -3.473528
v 0.929112 0.677996 -2.926769
v 0.928666 1.352886 -3.439888
v 0.352952 0.469260 -2.767982
vn -0.0000 0.6054 0.7959
vn -0.0002 0.6052 0.7960
s 0
f 3113//2417 3110//2417 3109//2417
f 3110//2417 3113//2417 3111//2417
f 3110//2418 3111//2418 3112//2418
f 3109//2417 3110//2417 3107//2417
f 3109//2417 3107//2417 3108//2417
o Hull_havok_s_armor_3_4
v -0.930790 0.677996 -2.926769
v -0.931216 1.641650 -2.895768
v -0.930790 1.053346 3.480507
v -0.930790 0.677987 2.436118
v -0.930790 0.469260 2.920774
v -0.930790 0.469260 2.645556
v 0.929537 1.641651 -2.895774
v 0.929112 0.677996 -2.926769
v 0.929112 0.677987 2.436118
v 0.929112 1.053346 3.480507
v 0.929112 0.469260 2.645556
v 0.929112 0.469260 2.920774
v -0.930344 1.352780 -3.440092
v 0.928666 1.352887 -3.439889
vn -1.0000 -0.0000 -0.0000
vn 1.0000 0.0004 0.0014
vn -1.0000 0.0004 0.0014
vn 1.0000 -0.0000 -0.0000
vn 1.0000 0.0004 -0.0000
vn -1.0000 0.0001 -0.0001
vn -1.0000 0.0004 -0.0000
s 0
f 3124//2419 3125//2419 3123//2419
f 3124//2419 3123//2419 3122//2419
f 3126//2420 3115//2420 3114//2420
f 3127//2421 3121//2421 3120//2421
f 3116//2422 3117//2422 3114//2422
f 3116//2423 3114//2423 3115//2423
f 3116//2422 3118//2422 3119//2422
f 3116//2422 3119//2422 3117//2422
f 3122//2424 3123//2424 3120//2424
f 3122//2425 3120//2425 3121//2425
o Hull_havok_s_armor_4_5
v 1.574113 1.053347 3.480507
v 0.929113 1.053347 3.480507
v -1.575789 1.099259 3.524846
v 1.574113 1.099259 3.524846
v -0.930789 1.053347 3.480507
v -1.575789 1.053347 3.480507
v -1.410788 1.829274 2.830130
v 1.574113 1.253835 3.377647
v -1.575789 1.253835 3.377647
v 1.409112 1.829274 2.830129
v -0.930789 0.469260 2.920774
v 0.929113 0.469260 2.920774
vn -0.0000 -0.6893 -0.7245
vn -0.0000 0.6919 -0.7220
vn -0.0000 -0.6896 -0.7242
vn -0.0000 0.6947 -0.7193
vn -0.0001 -0.6896 -0.7242
s 0
f 3135//2426 3134//2426 3137//2426
f 3129//2427 3139//2427 3138//2427
f 3129//2427 3138//2427 3132//2427
f 3130//2428 3136//2428 3131//2428
f 3130//2429 3131//2429 3128//2429
f 3130//2429 3128//2429 3129//2429
f 3132//2429 3133//2429 3130//2429
f 3132//2429 3130//2429 3129//2429
f 3131//2426 3136//2426 3134//2426
f 3131//2430 3134//2430 3135//2430
o Hull_havok_s_armor_10_6
v -0.930790 0.469260 2.645555
v -0.930790 0.469260 2.920774
v -0.354629 0.469260 2.645555
v 0.352952 0.469260 -2.767982
v -0.354629 0.469260 -2.767982
v 0.352952 0.469260 2.645555
v 0.929112 0.469260 2.920774
v 0.929112 0.469260 2.645555
vn -0.0000 1.0000 -0.0000
s 0
f 3141//2431 3146//2431 3145//2431
f 3141//2431 3145//2431 3142//2431
f 3147//2431 3145//2431 3146//2431
f 3140//2431 3141//2431 3142//2431
f 3142//2431 3145//2431 3143//2431
f 3142//2431 3143//2431 3144//2431
o Hull_havok_s_armor_9_7
v 0.929113 1.053346 3.480507
v 1.574113 1.053346 3.480507
v 1.574113 1.253837 1.304226
v -1.575789 1.253837 1.304226
v -1.575789 1.053346 3.480507
v -0.930789 1.053346 3.480507
v 1.464647 1.634934 -2.822948
v 0.929538 1.641651 -2.895773
v -1.466580 1.634934 -2.822948
v -0.931216 1.641650 -2.895768
vn -0.0000 0.9958 0.0919
vn 0.0007 0.9958 0.0919
vn -0.0007 0.9958 0.0919
vn -0.0000 0.9958 0.0917
s 0
f 3154//2432 3155//2432 3148//2432
f 3154//2433 3148//2433 3150//2433
f 3153//2432 3157//2432 3156//2432
f 3153//2434 3156//2434 3151//2434
f 3148//2435 3149//2435 3150//2435
f 3151//2435 3152//2435 3153//2435
o Hull_havok_s_armor_6_8
v 0.537446 1.733550 -2.766871
v 0.908793 1.699804 -2.781663
v 0.873972 1.829274 -2.724914
v 0.571266 1.829274 -2.724914
v -0.347474 1.750816 -2.759303
v -0.375438 1.829274 -2.724914
v -1.030407 1.829274 -2.724914
v -1.073400 1.684837 -2.788224
vn -0.0000 -0.4015 0.9159
vn -0.0000 -0.4014 0.9159
s 0
f 3164//2436 3165//2436 3162//2436
f 3164//2437 3162//2437 3163//2437
f 3160//2437 3161//2437 3158//2437
f 3160//2437 3158//2437 3159//2437
o Hull_havok_s_armor_5_9
v 0.532668 1.829274 -0.115560
v 0.667945 1.829274 -0.250837
v 1.409111 1.829274 2.830129
v -1.410789 1.829274 2.830130
v 0.190107 1.829274 0.049408
v 0.370681 1.829274 -0.013778
v -0.190107 1.829274 0.049408
v -0.000000 1.829274 0.070829
v -0.370681 1.829274 -0.013778
v -0.532668 1.829274 -0.115560
v -0.667945 1.829274 -0.250837
v 0.832914 1.829274 -0.593398
v 1.409111 1.829274 -2.474522
v 0.769728 1.829274 -0.412823
v -1.410789 1.829274 -2.474522
v -0.832912 1.829274 -0.973612
v -0.769728 1.829274 -0.412823
v -0.832914 1.829274 -0.593398
v -0.854334 1.829274 -0.783505
v 0.370681 1.829274 -1.553232
v 0.190107 1.829274 -1.616418
v -1.030401 1.829292 -2.524560
v -0.375442 1.829282 -2.610796
v 0.571269 1.829262 -2.584833
v 0.873800 1.829282 -2.544972
v -1.030407 1.829274 -2.724914
v -0.375437 1.829274 -2.724914
v -0.000833 1.829271 -2.660134
v 0.873971 1.829274 -2.724914
v 0.571266 1.829274 -2.724914
v -0.000000 1.829274 -1.637838
v -0.190107 1.829274 -1.616418
v -0.370681 1.829274 -1.553232
v -0.532668 1.829274 -1.451449
v -0.667945 1.829274 -1.316172
v -0.769727 1.829274 -1.154186
v 0.832913 1.829274 -0.973612
v 0.769727 1.829274 -1.154186
v 0.667945 1.829274 -1.316172
v 0.854333 1.829274 -0.783505
v 0.532668 1.829274 -1.451449
vn -0.0000 -1.0000 -0.0001
vn -0.0000 -1.0000 -0.0004
vn -0.0000 -1.0000 -0.0000
vn 0.0001 -1.0000 -0.0000
vn -0.0000 -1.0000 0.0001
vn -0.0000 -1.0000 0.0005
s 0
f 3187//2438 3190//2438 3178//2438
f 3187//2439 3178//2439 3180//2439
f 3180//2440 3186//2440 3196//2440
f 3180//2440 3196//2440 3197//2440
f 3189//2438 3195//2438 3194//2438
f 3189//2441 3194//2441 3190//2441
f 3191//2442 3192//2442 3188//2442
f 3191//2442 3188//2442 3187//2442
f 3189//2442 3188//2442 3193//2442
f 3180//2440 3197//2440 3198//2440
f 3180//2440 3198//2440 3199//2440
f 3178//2440 3177//2440 3205//2440
f 3178//2440 3205//2440 3202//2440
f 3206//2440 3185//2440 3178//2440
f 3206//2440 3178//2440 3204//2440
f 3178//2440 3202//2440 3203//2440
f 3178//2440 3203//2440 3204//2440
f 3201//2440 3181//2440 3180//2440
f 3201//2440 3180//2440 3200//2440
f 3199//2440 3200//2440 3180//2440
f 3189//2443 3190//2443 3187//2443
f 3189//2440 3187//2440 3188//2440
f 3172//2440 3169//2440 3174//2440
f 3175//2440 3174//2440 3169//2440
f 3175//2440 3169//2440 3176//2440
f 3173//2440 3170//2440 3169//2440
f 3173//2440 3169//2440 3172//2440
f 3166//2440 3167//2440 3168//2440
f 3166//2440 3168//2440 3169//2440
f 3171//2440 3166//2440 3169//2440
f 3171//2440 3169//2440 3170//2440
f 3168//2440 3177//2440 3178//2440
f 3169//2440 3181//2440 3184//2440
f 3169//2440 3184//2440 3183//2440
f 3185//2440 3186//2440 3180//2440
f 3185//2440 3180//2440 3178//2440
f 3182//2440 3176//2440 3169//2440
f 3182//2440 3169//2440 3183//2440
f 3168//2440 3167//2440 3179//2440
f 3168//2440 3179//2440 3177//2440
f 3180//2440 3181//2440 3169//2440
o Hull_havok_s_armor_11_10
v -1.073400 1.684837 -2.788224
v -1.030407 1.829274 -2.724914
v -1.030402 1.829292 -2.524560
v 0.873801 1.829282 -2.544971
v 0.873972 1.829274 -2.724914
v 0.908793 1.699804 -2.781663
v 0.537446 1.733550 -2.766871
v 0.571266 1.829274 -2.724914
v 0.571268 1.829262 -2.584833
v -0.375443 1.829282 -2.610795
v -0.375438 1.829274 -2.724914
v -0.347474 1.750816 -2.759303
vn 0.9429 -0.3331 -0.0000
vn -0.9420 -0.3357 -0.0000
vn 0.9584 -0.2853 -0.0000
vn -0.9658 -0.2594 -0.0009
s 0
f 3213//2444 3214//2444 3215//2444
f 3216//2445 3217//2445 3218//2445
f 3207//2446 3208//2446 3209//2446
f 3210//2447 3211//2447 3212//2447
o Hull_havok_s_armor_7_11
v -1.575789 1.253837 1.304226
v -1.466580 1.634934 -2.822948
v -1.410788 1.829274 -2.474522
v -1.410788 1.829274 2.830131
v -1.575789 1.053346 3.480507
v -1.575789 1.253835 3.377647
v -1.575789 1.099259 3.524846
v 1.409112 1.829274 -2.474522
v 1.464647 1.634934 -2.822948
v 1.574113 1.253837 1.304226
v 1.409112 1.829274 2.830129
v 1.574113 1.253835 3.377647
v 1.574113 1.053346 3.480507
v 1.574113 1.099259 3.524846
vn -0.9613 -0.2756 -0.0000
vn -1.0000 -0.0000 -0.0000
vn 0.9613 -0.2756 -0.0000
vn 0.9612 -0.2759 -0.0000
vn 1.0000 -0.0000 -0.0000
vn -0.9615 -0.2749 0.0001
s 0
f 3228//2448 3230//2448 3229//2448
f 3231//2449 3232//2449 3230//2449
f 3231//2449 3230//2449 3228//2449
f 3219//2450 3222//2450 3224//2450
f 3221//2450 3222//2450 3219//2450
f 3221//2451 3219//2451 3220//2451
f 3224//2452 3225//2452 3223//2452
f 3224//2452 3223//2452 3219//2452
f 3228//2448 3229//2448 3226//2448
f 3228//2453 3226//2453 3227//2453
o Hull_havok_s_armor_12_12
v 0.352952 0.469260 -2.767982
v 0.352952 0.469260 2.645556
v 0.929112 0.677987 2.436117
v 0.929112 0.677996 -2.926769
v -0.930790 0.677987 2.436117
v -0.354629 0.469260 2.645556
v -0.354629 0.469260 -2.767982
v -0.930790 0.677996 -2.926769
vn 0.3406 0.9402 -0.0000
vn -0.3406 0.9402 -0.0000
s 0
f 3239//2454 3240//2454 3237//2454
f 3239//2454 3237//2454 3238//2454
f 3235//2455 3236//2455 3233//2455
f 3235//2455 3233//2455 3234//2455
o Hull_havok_s_surveyingDevice_13
v -0.851102 1.888185 -2.708006
v -0.992077 1.888185 -2.656738
v -0.834716 1.849573 -2.662686
v -0.975691 1.849573 -2.611418
v -0.413767 1.888185 -2.656738
v -0.430153 1.849573 -2.611418
v -0.571128 1.849573 -2.662686
v -0.554742 1.888185 -2.708006
v -0.627914 1.849573 -2.659853
v -0.627914 1.888185 -2.708006
v -0.777930 1.849573 -2.659853
v -0.777930 1.888185 -2.708006
v -0.851121 1.829274 -2.708005
v -0.992077 1.829273 -2.656701
v -0.834639 1.829274 -2.662721
v -0.975595 1.829273 -2.611418
v -0.571205 1.829273 -2.662722
v -0.430249 1.829273 -2.611418
v -0.413767 1.829273 -2.656702
v -0.554723 1.829273 -2.708006
v -0.627921 1.829273 -2.708006
v -0.627921 1.829273 -2.659816
v -0.777923 1.829273 -2.659816
v -0.777923 1.829273 -2.708006
vn -1.0000 0.0003 -0.0000
vn -1.0000 0.0001 0.0001
vn 0.9397 -0.0042 0.3420
vn 0.9403 0.0003 0.3403
vn -0.3420 -0.0001 0.9397
vn -0.3418 0.0006 0.9398
vn -0.0000 -0.7802 -0.6256
vn 1.0000 0.0003 -0.0000
vn 1.0000 0.0001 0.0001
vn -0.0000 -0.0000 1.0000
vn -0.0000 -0.0019 -1.0000
vn -0.9397 0.0044 -0.3420
vn -0.9404 -0.0002 -0.3402
vn -0.3420 0.0004 -0.9397
vn -0.3418 -0.0016 -0.9398
vn -0.9397 -0.0042 0.3420
vn -0.9403 0.0003 0.3403
vn 0.3420 0.0006 0.9397
vn 0.3418 -0.0001 0.9398
vn 0.9397 0.0044 -0.3420
vn 0.9404 -0.0002 -0.3402
vn 0.3420 -0.0016 -0.9397
vn 0.3418 0.0004 -0.9398
vn 0.2137 -0.7804 -0.5876
vn -0.2137 -0.7804 -0.5876
s 0
f 3261//2456 3262//2456 3249//2456
f 3261//2457 3249//2457 3250//2457
f 3247//2458 3257//2458 3260//2458
f 3247//2459 3260//2459 3248//2459
f 3248//2460 3260//2460 3259//2460
f 3248//2461 3259//2461 3245//2461
f 3251//2462 3252//2462 3250//2462
f 3251//2462 3250//2462 3249//2462
f 3251//2463 3263//2463 3264//2463
f 3251//2464 3264//2464 3252//2464
f 3252//2465 3264//2465 3261//2465
f 3252//2465 3261//2465 3250//2465
f 3249//2466 3262//2466 3263//2466
f 3249//2466 3263//2466 3251//2466
f 3259//2467 3258//2467 3246//2467
f 3259//2468 3246//2468 3245//2468
f 3243//2469 3255//2469 3256//2469
f 3243//2470 3256//2470 3244//2470
f 3253//2471 3255//2471 3243//2471
f 3253//2472 3243//2472 3241//2472
f 3242//2473 3254//2473 3253//2473
f 3242//2474 3253//2474 3241//2474
f 3244//2475 3256//2475 3254//2475
f 3244//2476 3254//2476 3242//2476
f 3246//2477 3258//2477 3257//2477
f 3246//2478 3257//2478 3247//2478
f 3247//2479 3248//2479 3245//2479
f 3247//2479 3245//2479 3246//2479
f 3241//2480 3243//2480 3244//2480
f 3241//2480 3244//2480 3242//2480
o Gun_04_havok_s_gun_0
v -0.091134 2.137633 -2.383471
v -0.101757 2.163066 -2.383471
v -0.105243 2.190305 -2.383471
v -0.101757 2.217545 -2.383471
v -0.074368 2.115813 -2.383471
v -0.091134 2.242978 -2.383471
v -0.074368 2.264797 -2.383471
v -0.027224 2.292037 -2.383471
v -0.052622 2.281474 -2.383471
v 0.000000 2.295511 -2.383471
v 0.027224 2.292037 -2.383471
v -0.091134 2.242978 -1.643097
v -0.074368 2.264797 -1.643097
v -0.101757 2.217545 -1.643097
v -0.052622 2.281474 -1.643097
v -0.027224 2.292037 -1.643097
v 0.000000 2.295511 -1.643097
v 0.000000 2.084961 -1.643097
v -0.027224 2.088574 -1.643097
v 0.027224 2.088574 -1.643097
v -0.052622 2.099136 -1.643097
v -0.091134 2.137633 -1.643097
v -0.074368 2.115813 -1.643097
v 0.091134 2.242978 -1.643097
v 0.074368 2.264797 -1.643097
v 0.101758 2.217545 -1.643097
v 0.105244 2.190305 -1.643097
v 0.074368 2.115813 -1.643097
v 0.052622 2.099136 -1.643097
v 0.027224 2.292037 -1.643097
v 0.052622 2.281474 -1.643097
v -0.105243 2.190305 -1.643097
v -0.101757 2.163066 -1.643097
v 0.173304 2.047020 -1.643097
v -0.166497 2.047020 -1.643097
v -0.166497 2.331506 -1.643097
v -0.166497 2.047020 -0.844035
v 0.173304 2.047020 -0.844035
v -0.166497 2.331506 -0.844035
v 0.173304 2.331506 -0.844035
v -0.016207 2.129901 -3.131273
v -0.000027 2.127783 -3.131273
v -0.000027 2.132372 -5.046272
v -0.014972 2.134373 -5.046272
v 0.016153 2.129901 -3.131273
v 0.014977 2.134373 -5.046272
v 0.028980 2.140139 -5.046272
v 0.031275 2.136138 -3.131273
v -0.031269 2.136138 -3.131273
v -0.040978 2.231278 -5.046272
v -0.028975 2.240456 -5.046272
v -0.014972 2.246222 -5.046272
v -0.050156 2.219275 -5.046272
v -0.000027 2.248223 -5.046272
v 0.014977 2.246222 -5.046272
v 0.028980 2.240456 -5.046272
v -0.055922 2.175323 -5.046272
v -0.057923 2.190327 -5.046272
v -0.055922 2.205272 -5.046272
v -0.050156 2.161320 -5.046272
v 0.057928 2.190327 -5.046272
v 0.055927 2.175323 -5.046272
v 0.060399 2.174147 -3.131273
v 0.062517 2.190327 -3.131273
v 0.055927 2.205272 -5.046272
v 0.060399 2.206507 -3.131273
v 0.050161 2.161320 -5.046272
v 0.040983 2.149317 -5.046272
v 0.044219 2.146081 -3.131273
v 0.054162 2.159025 -3.131273
v 0.040983 2.231278 -5.046272
v 0.050161 2.219275 -5.046272
v 0.054162 2.221570 -3.131273
v 0.067815 2.172154 -5.199593
v 0.060817 2.155209 -5.199593
v 0.060817 2.155209 -5.066273
v 0.070216 2.190266 -5.199593
v 0.049635 2.140665 -5.199593
v 0.035091 2.129483 -5.199593
v 0.018146 2.122485 -5.199593
v 0.000034 2.120084 -5.199593
v -0.018145 2.122485 -5.199593
v -0.016362 2.129208 -5.221014
v -0.031592 2.135520 -5.221014
v -0.035091 2.129483 -5.199593
v 0.060817 2.225391 -5.199593
v 0.067815 2.208446 -5.199593
v 0.067815 2.208446 -5.066273
v 0.049635 2.239935 -5.199593
v 0.000034 2.260516 -5.199593
v -0.018145 2.258115 -5.199593
v 0.018146 2.258115 -5.199593
v -0.016362 2.251391 -5.221014
v 0.000034 2.253518 -5.221014
v 0.016362 2.251391 -5.221014
v 0.035091 2.251117 -5.199593
v -0.060817 2.155209 -5.199593
v -0.049634 2.140665 -5.199593
v -0.067814 2.172154 -5.199593
v -0.070216 2.190266 -5.199593
v -0.067814 2.208446 -5.199593
v -0.067814 2.208446 -5.066273
v -0.044695 2.145605 -5.221014
v -0.054780 2.158708 -5.221014
v -0.061091 2.173938 -5.221014
v -0.063218 2.190266 -5.221014
v -0.061091 2.206662 -5.221014
v -0.049634 2.239935 -5.199593
v -0.060817 2.225391 -5.199593
v -0.054780 2.221892 -5.221014
v -0.044695 2.234995 -5.221014
v -0.035091 2.251117 -5.199593
v -0.035091 2.251117 -5.066273
v -0.031592 2.245080 -5.221014
v 0.055809 2.190266 -5.354616
v 0.053957 2.175859 -5.354616
v 0.061092 2.173938 -5.221014
v 0.063218 2.190266 -5.221014
v 0.053957 2.204741 -5.354616
v 0.061092 2.206662 -5.221014
v 0.044695 2.145605 -5.221014
v 0.054780 2.158708 -5.221014
v 0.048331 2.162413 -5.354616
v 0.039482 2.150819 -5.354616
v 0.027888 2.141969 -5.354616
v 0.031592 2.135520 -5.221014
v 0.014441 2.136343 -5.354616
v -0.014441 2.136343 -5.354616
v 0.000034 2.134491 -5.354616
v 0.039482 2.229781 -5.354616
v 0.044695 2.234995 -5.221014
v 0.031592 2.245080 -5.221014
v 0.027888 2.238631 -5.354616
v 0.014441 2.244256 -5.354616
v 0.048331 2.218187 -5.354616
v 0.054780 2.221892 -5.221014
v 0.000034 2.127082 -5.221014
v 0.016362 2.129208 -5.221014
v -0.027887 2.141969 -5.354616
v -0.039481 2.150819 -5.354616
v -0.048331 2.162413 -5.354616
v -0.053957 2.175859 -5.354616
v -0.055809 2.190266 -5.354616
v -0.053957 2.204741 -5.354616
v -0.054141 2.159041 -3.131272
v -0.060386 2.174119 -3.131272
v -0.062517 2.190300 -3.131272
v -0.060386 2.206480 -3.131272
v -0.054141 2.221558 -3.131272
v -0.044206 2.146094 -3.131272
v -0.052637 2.099129 -2.383471
v -0.044206 2.234506 -3.131272
v -0.016180 2.250686 -3.131272
v -0.031258 2.244441 -3.131272
v 0.000000 2.252817 -3.131272
v 0.031259 2.244441 -3.131272
v 0.044206 2.234506 -3.131272
v 0.052638 2.281470 -2.383471
v 0.016181 2.250686 -3.131272
v 0.000000 2.085025 -2.383471
v -0.027247 2.088612 -2.383471
v 0.027247 2.088612 -2.383471
v 0.091171 2.242937 -2.383471
v 0.074441 2.264740 -2.383471
v 0.101688 2.217546 -2.383471
v 0.105275 2.190299 -2.383471
v 0.101688 2.163053 -2.383471
v 0.101687 2.163053 -1.642727
v 0.074441 2.115859 -2.383471
v 0.091170 2.137662 -1.642727
v 0.091171 2.137662 -2.383471
v 0.052638 2.099129 -2.383471
v 0.173304 2.331506 -1.642727
v -0.028961 2.140137 -5.046272
v -0.040958 2.149342 -5.046272
v -0.030983 2.120084 -5.046272
v -0.075000 2.168392 -5.046272
v 0.037782 2.120084 -5.046272
v -0.075000 2.223298 -5.046272
v -0.037996 2.260516 -5.046272
v 0.029783 2.260516 -5.046272
v 0.075000 2.157301 -5.046272
v 0.075000 2.213676 -5.046272
v 0.067823 2.172127 -5.066272
v 0.070216 2.190300 -5.066272
v 0.049650 2.140650 -5.066272
v 0.035108 2.129491 -5.066272
v 0.018173 2.122477 -5.066272
v 0.037782 2.120084 -5.066272
v 0.075000 2.157301 -5.066272
v 0.075000 2.213676 -5.066272
v 0.000000 2.120972 -5.066272
v -0.018173 2.122477 -5.066272
v -0.030983 2.120084 -5.066272
v 0.060809 2.225408 -5.066272
v 0.049434 2.239560 -5.066272
v 0.029783 2.260516 -5.066272
v 0.000000 2.259446 -5.066272
v -0.018173 2.258123 -5.066272
v 0.018173 2.258123 -5.066272
v 0.035108 2.251109 -5.066272
v -0.037996 2.260516 -5.066272
v -0.060808 2.155192 -5.066272
v -0.048867 2.140886 -5.066272
v -0.067823 2.172127 -5.066272
v -0.070216 2.190300 -5.066272
v -0.035108 2.129491 -5.066272
v -0.049650 2.239950 -5.066272
v -0.060808 2.225408 -5.066272
v -0.075000 2.168392 -5.066272
v -0.075000 2.223298 -5.066272
v -0.027915 2.238650 -5.354616
v -0.014450 2.244228 -5.354616
v 0.000000 2.246130 -5.354616
v -0.048350 2.218215 -5.354616
v -0.039478 2.229778 -5.354616
vn -0.0025 -0.0019 1.0000
vn -0.0031 -0.0013 1.0000
vn 0.9227 0.3854 -0.0000
vn 0.9919 0.1269 -0.0000
vn -0.0020 -0.0026 1.0000
vn -0.0015 -0.0037 1.0000
vn -0.0000 -0.0000 1.0000
vn -0.0043 -0.0006 1.0000
vn -0.0461 0.0196 0.9987
vn -0.3840 -0.9233 -0.0000
vn -0.3839 -0.9234 -0.0000
vn -0.6088 0.7934 -0.0000
vn -0.6086 0.7935 -0.0000
vn -0.9239 0.3827 -0.0000
vn -0.1266 -0.9920 -0.0000
vn 0.9919 -0.1269 -0.0000
vn -0.3827 0.9239 -0.0000
vn -0.3840 0.9233 -0.0000
vn -0.6088 -0.7934 -0.0000
vn -0.6086 -0.7935 -0.0000
vn -0.0011 -0.0038 1.0000
vn -1.0000 -0.0000 -0.0000
vn 1.0000 -0.0000 -0.0000
vn -0.0000 -1.0000 -0.0000
vn -0.0000 1.0000 -0.0000
vn -0.0077 -0.0111 0.9999
vn 0.0031 -0.0013 1.0000
vn -0.0000 -0.0000 -1.0000
vn 0.0034 -0.0267 0.9996
vn -0.0008 -0.0064 1.0000
vn 0.1303 -0.9899 0.0567
vn 0.1264 -0.9904 0.0565
vn 0.3821 -0.9224 0.0566
vn 0.3834 -0.9219 0.0566
vn 0.7917 -0.6083 0.0566
vn 0.6078 -0.7921 0.0566
vn 0.6076 -0.7922 0.0566
vn -0.3821 -0.9224 0.0566
vn -0.1303 -0.9899 0.0565
vn -0.1264 -0.9904 0.0566
vn -0.6078 -0.7921 0.0566
vn -0.3833 -0.9219 0.0566
vn 0.9899 -0.1303 0.0566
vn 0.9903 -0.1267 0.0567
vn 0.9899 0.1303 0.0567
vn 0.9903 0.1267 0.0566
vn 0.9224 0.3821 0.0566
vn 0.9212 0.3848 0.0567
vn 0.9224 -0.3821 0.0567
vn 0.7921 -0.6078 0.0566
vn 0.9213 -0.3848 0.0566
vn 0.6080 0.7919 0.0566
vn 0.7921 0.6078 0.0566
vn 0.7917 0.6083 0.0566
vn 0.7929 -0.6093 -0.0000
vn -0.7934 -0.6087 -0.0000
vn -0.7929 -0.6093 -0.0000
vn 0.6090 0.7932 -0.0000
vn 0.6086 0.7935 -0.0000
vn 0.7929 0.6093 -0.0000
vn -0.9239 -0.3827 -0.0000
vn -0.9227 -0.3854 0.0001
vn -0.7934 0.6088 -0.0000
vn -0.7927 0.6096 -0.0000
vn -0.9916 0.1294 -0.0000
vn -0.9914 0.1305 -0.0000
vn -0.9914 -0.1305 0.0001
vn -0.9919 -0.1269 -0.0000
vn 0.3840 -0.9233 -0.0000
vn 0.6086 -0.7935 -0.0000
vn 0.9227 -0.3854 -0.0000
vn 0.1266 -0.9920 -0.0000
vn 0.3827 0.9239 -0.0000
vn 0.3840 0.9233 -0.0000
vn -0.1305 0.9914 -0.0000
vn -0.1316 0.9913 0.0001
vn 0.1305 0.9914 0.0001
vn 0.1316 0.9913 -0.0000
vn -0.7925 -0.6099 0.0024
vn -0.7944 -0.6074 0.0024
vn -0.9247 0.3807 0.0024
vn -0.9245 0.3813 0.0024
vn -0.7930 0.6092 0.0024
vn -0.7944 0.6074 0.0024
vn -0.6088 -0.7934 0.0024
vn -0.6074 -0.7944 0.0024
vn -0.9239 -0.3826 0.0024
vn -0.9247 -0.3807 0.0024
vn -0.9915 -0.1298 0.0024
vn -0.9912 -0.1327 0.0024
vn -0.9915 0.1298 0.0024
vn -0.9912 0.1322 0.0024
vn -0.6078 0.7921 0.0566
vn -0.6082 0.7918 0.0566
vn -0.9899 -0.1303 0.0566
vn -0.9900 -0.1296 0.0566
vn -0.9230 0.3807 0.0566
vn -0.7921 0.6078 0.0566
vn -0.9224 0.3821 0.0566
vn -0.7918 0.6082 0.0566
vn -0.3821 0.9224 0.0566
vn -0.3807 0.9230 0.0566
vn -0.9899 0.1303 0.0566
vn -0.9900 0.1296 0.0566
vn -0.6092 0.7930 0.0024
vn -0.6074 0.7944 0.0024
vn -0.9224 -0.3821 0.0566
vn -0.9224 -0.3820 0.0566
vn -0.7921 -0.6078 0.0566
vn -0.7912 -0.6089 0.0566
vn 0.3820 0.9224 0.0566
vn 0.1303 0.9899 0.0566
vn 0.1296 0.9900 0.0566
vn -0.0000 -0.0003 -1.0000
vn 0.6088 -0.7934 0.0024
vn 0.6074 -0.7944 0.0024
vn 0.3821 0.9224 0.0566
vn 0.6089 0.7912 0.0566
vn -0.1303 0.9899 0.0566
vn -0.1296 0.9900 0.0566
vn -0.3813 0.9245 0.0024
vn -0.3807 0.9247 0.0024
vn -0.1298 0.9915 0.0024
vn -0.1322 0.9912 0.0024
vn 0.1327 0.9912 0.0024
vn 0.1298 0.9915 0.0024
vn 0.3810 0.9246 0.0024
vn 0.3826 0.9239 0.0024
vn 0.6088 0.7934 0.0024
vn 0.6099 0.7925 0.0024
vn 0.3827 -0.9239 0.0024
vn 0.3807 -0.9247 0.0024
vn 0.9239 0.3827 0.0024
vn 0.9247 0.3807 0.0024
vn 0.7933 0.6088 0.0024
vn 0.7931 0.6091 0.0024
vn -0.0000 0.0001 -1.0000
vn 0.9239 -0.3827 0.0024
vn 0.9247 -0.3807 0.0024
vn -0.1305 -0.9914 0.0024
vn -0.1322 -0.9912 0.0024
vn 0.1305 -0.9914 0.0024
vn 0.1327 -0.9912 0.0024
vn 0.7934 -0.6087 0.0024
vn 0.7944 -0.6074 0.0024
vn 0.9914 -0.1305 0.0024
vn 0.9912 -0.1327 0.0024
vn 0.9914 0.1305 0.0024
vn 0.9912 0.1322 0.0024
vn -0.3827 -0.9239 0.0024
vn -0.3807 -0.9247 0.0024
vn -0.6058 -0.7937 0.0551
vn -0.6090 -0.7913 0.0546
vn -0.3854 -0.9211 0.0547
vn -0.3823 -0.9224 0.0551
vn 0.1303 -0.9900 0.0547
vn 0.1284 -0.9902 0.0549
vn -0.0000 0.0001 1.0000
vn -0.0000 -0.0001 1.0000
vn -0.7937 -0.6058 0.0551
vn -0.7913 -0.6090 0.0546
vn -0.9211 -0.3854 0.0551
vn -0.9224 -0.3823 0.0548
vn -0.1285 -0.9902 0.0548
vn -0.1290 -0.9901 0.0547
vn -0.9901 0.1290 0.0549
vn -0.9903 0.1273 0.0547
vn -0.9902 -0.1284 0.0547
vn -0.9904 -0.1267 0.0549
vn -0.7541 0.5804 0.3073
vn -0.7543 0.5800 0.3077
vn 0.0001 -0.0000 1.0000
vn 0.7091 -0.7051 -0.0000
vn -0.7937 0.6058 0.0546
vn -0.7913 0.6090 0.0551
vn -0.9211 0.3854 0.0551
vn -0.9224 0.3823 0.0548
vn -0.6090 0.7913 0.0551
vn -0.6058 0.7937 0.0546
vn -0.8794 0.3644 0.3063
vn -0.8796 0.3632 0.3072
vn -0.9434 0.1229 0.3082
vn -0.9436 0.1251 0.3066
vn -0.9440 -0.1224 0.3065
vn -0.9432 -0.1246 0.3081
vn 0.9211 0.3854 0.0551
vn 0.9224 0.3823 0.0548
vn 0.6058 0.7937 0.0551
vn 0.6090 0.7913 0.0546
vn 0.9904 -0.1267 0.0549
vn 0.9902 -0.1284 0.0547
vn 0.6078 -0.7922 0.0548
vn 0.6090 -0.7913 0.0547
vn 0.3821 -0.9225 0.0549
vn 0.3823 -0.9224 0.0549
vn 0.7922 -0.6078 0.0549
vn 0.7913 -0.6090 0.0547
vn 0.9219 -0.3836 0.0549
vn 0.9224 -0.3823 0.0548
vn 0.9903 0.1273 0.0547
vn 0.9901 0.1290 0.0549
vn 0.7937 0.6058 0.0551
vn 0.7913 0.6090 0.0546
vn -0.3632 -0.8796 0.3072
vn -0.3644 -0.8794 0.3063
vn 0.1284 0.9902 0.0549
vn 0.1267 0.9904 0.0547
vn -0.1290 0.9901 0.0549
vn -0.1273 0.9903 0.0547
vn -0.7540 -0.5803 0.3077
vn -0.7544 -0.5800 0.3073
vn -0.8791 -0.3643 0.3073
vn -0.8798 -0.3633 0.3064
vn -0.5804 -0.7541 0.3073
vn -0.5800 -0.7543 0.3077
vn -0.3643 0.8791 0.3073
vn -0.3633 0.8798 0.3064
vn 0.1224 0.9440 0.3065
vn 0.1246 0.9432 0.3081
vn -0.1229 0.9439 0.3065
vn -0.1250 0.9431 0.3081
vn -0.3823 0.9224 0.0548
vn -0.3854 0.9211 0.0551
vn 0.3854 0.9211 0.0551
vn 0.3823 0.9224 0.0548
vn -0.5803 0.7540 0.3077
vn -0.5800 0.7544 0.3073
vn -0.7795 -0.6265 -0.0000
vn -0.7928 -0.6095 -0.0029
vn -0.7195 -0.6945 -0.0000
vn -0.0001 -0.0000 1.0000
vn 0.3643 0.8791 0.3073
vn 0.3633 0.8798 0.3064
vn -0.9243 -0.3818 -0.0000
vn -0.9243 -0.3817 -0.0000
vn -0.9914 -0.1312 -0.0000
vn -0.9914 -0.1309 -0.0000
vn -0.1229 -0.9434 0.3082
vn -0.1251 -0.9436 0.3066
vn -0.6276 -0.7785 -0.0031
vn -0.6095 -0.7928 -0.0000
vn -0.3827 -0.9239 -0.0000
vn -0.3817 -0.9243 0.0001
vn 0.0726 -0.9973 -0.0080
vn 0.1309 -0.9914 0.0001
vn -0.0726 -0.9974 0.0001
vn -0.1314 -0.9913 -0.0080
vn 0.1224 -0.9434 0.3082
vn 0.1246 -0.9437 0.3066
vn -0.6088 0.7933 -0.0000
vn -0.6095 0.7928 0.0002
vn -0.3827 0.9239 0.0001
vn -0.3817 0.9243 -0.0000
vn -0.9239 0.3826 -0.0000
vn -0.9243 0.3817 0.0001
vn -0.9914 0.1305 0.0001
vn -0.9913 0.1314 -0.0000
vn -0.7935 0.6086 0.0002
vn -0.7928 0.6095 -0.0000
vn 0.0825 0.9966 0.0001
vn 0.1309 0.9914 -0.0066
vn -0.0825 0.9966 -0.0067
vn -0.1314 0.9913 0.0001
vn -0.7071 0.7071 -0.0000
vn 0.7540 -0.5803 0.3077
vn 0.7544 -0.5800 0.3073
vn 0.8791 -0.3643 0.3073
vn 0.8798 -0.3633 0.3064
vn 0.6095 -0.7928 0.0002
vn 0.6378 0.7702 -0.0049
vn 0.6095 0.7928 -0.0000
vn 0.7934 -0.6088 0.0002
vn 0.7928 -0.6095 -0.0000
vn 0.9243 -0.3818 -0.0000
vn 0.9243 -0.3817 -0.0000
vn 0.7392 0.6735 -0.0000
vn 0.3826 -0.9239 0.0001
vn 0.3817 -0.9243 -0.0000
vn 0.5804 -0.7541 0.3073
vn 0.5800 -0.7543 0.3077
vn 0.3632 -0.8796 0.3072
vn 0.3644 -0.8794 0.3063
vn 0.9239 0.3827 0.0001
vn 0.9243 0.3817 -0.0000
vn 0.9914 0.1305 -0.0000
vn 0.9913 0.1314 0.0001
vn 0.9914 -0.1312 -0.0000
vn 0.9914 -0.1309 -0.0000
vn 0.7677 0.6408 -0.0000
vn 0.7927 0.6095 -0.0056
vn 0.9434 0.1229 0.3082
vn 0.9436 0.1251 0.3066
vn 0.9440 -0.1224 0.3065
vn 0.9432 -0.1246 0.3081
vn 0.3817 0.9243 0.0001
vn 0.7541 0.5804 0.3073
vn 0.7543 0.5800 0.3077
vn 0.8794 0.3644 0.3063
vn 0.8796 0.3632 0.3072
vn 0.5803 0.7540 0.3077
vn 0.5800 0.7544 0.3073
s 0
f 3437//2481 3289//2481 3288//2481
f 3437//2482 3288//2482 3290//2482
f 3266//2483 3297//2483 3286//2483
f 3266//2483 3286//2483 3265//2483
f 3267//2484 3296//2484 3297//2484
f 3267//2484 3297//2484 3266//2484
f 3295//2485 3289//2485 3437//2485
f 3295//2486 3437//2486 3294//2486
f 3299//2487 3298//2487 3283//2487
f 3293//2487 3284//2487 3298//2487
f 3293//2487 3298//2487 3292//2487
f 3437//2488 3290//2488 3291//2488
f 3437//2489 3291//2489 3432//2489
f 3422//2490 3295//2490 3294//2490
f 3422//2491 3294//2491 3275//2491
f 3292//2492 3433//2492 3436//2492
f 3292//2493 3436//2493 3293//2493
f 3435//2494 3434//2494 3432//2494
f 3435//2494 3432//2494 3431//2494
f 3275//2495 3294//2495 3281//2495
f 3275//2495 3281//2495 3274//2495
f 3268//2496 3278//2496 3296//2496
f 3268//2496 3296//2496 3267//2496
f 3293//2497 3436//2497 3426//2497
f 3293//2498 3426//2498 3284//2498
f 3295//2499 3422//2499 3428//2499
f 3295//2500 3428//2500 3289//2500
f 3300//2501 3280//2501 3437//2501
f 3299//2487 3283//2487 3285//2487
f 3299//2487 3285//2487 3287//2487
f 3299//2487 3287//2487 3286//2487
f 3299//2487 3286//2487 3297//2487
f 3276//2487 3277//2487 3300//2487
f 3276//2487 3300//2487 3278//2487
f 3282//2487 3283//2487 3298//2487
f 3282//2487 3298//2487 3284//2487
f 3304//2502 3437//2502 3298//2502
f 3304//2502 3298//2502 3302//2502
f 3300//2503 3303//2503 3301//2503
f 3300//2503 3301//2503 3299//2503
f 3300//2504 3437//2504 3304//2504
f 3300//2504 3304//2504 3303//2504
f 3301//2505 3302//2505 3298//2505
f 3301//2505 3298//2505 3299//2505
f 3434//2506 3292//2506 3298//2506
f 3434//2507 3298//2507 3437//2507
f 3299//2487 3297//2487 3300//2487
f 3303//2508 3304//2508 3302//2508
f 3303//2508 3302//2508 3301//2508
f 3296//2487 3278//2487 3300//2487
f 3296//2487 3300//2487 3297//2487
f 3437//2509 3280//2509 3281//2509
f 3437//2510 3281//2510 3294//2510
f 3300//2487 3277//2487 3279//2487
f 3300//2487 3279//2487 3280//2487
f 3272//2511 3417//2511 3419//2511
f 3272//2512 3419//2512 3274//2512
f 3273//2513 3418//2513 3417//2513
f 3273//2514 3417//2514 3272//2514
f 3271//2515 3270//2515 3416//2515
f 3271//2516 3416//2516 3418//2516
f 3271//2517 3418//2517 3273//2517
f 3423//2518 3420//2518 3275//2518
f 3274//2519 3419//2519 3423//2519
f 3274//2520 3423//2520 3275//2520
f 3420//2521 3421//2521 3422//2521
f 3420//2522 3422//2522 3275//2522
f 3267//2523 3411//2523 3412//2523
f 3267//2524 3412//2524 3268//2524
f 3266//2525 3410//2525 3411//2525
f 3266//2526 3411//2526 3267//2526
f 3265//2527 3409//2527 3410//2527
f 3265//2528 3410//2528 3266//2528
f 3412//2529 3413//2529 3268//2529
f 3413//2530 3416//2530 3270//2530
f 3413//2531 3270//2531 3268//2531
f 3414//2532 3269//2532 3415//2532
f 3269//2533 3414//2533 3409//2533
f 3269//2534 3409//2534 3265//2534
f 3271//2535 3277//2535 3276//2535
f 3271//2535 3276//2535 3270//2535
f 3289//2536 3428//2536 3427//2536
f 3289//2537 3427//2537 3288//2537
f 3285//2538 3415//2538 3269//2538
f 3285//2539 3269//2539 3287//2539
f 3265//2540 3286//2540 3287//2540
f 3265//2540 3287//2540 3269//2540
f 3288//2541 3427//2541 3429//2541
f 3288//2542 3429//2542 3290//2542
f 3434//2543 3435//2543 3433//2543
f 3434//2544 3433//2544 3292//2544
f 3431//2545 3432//2545 3291//2545
f 3431//2546 3291//2546 3430//2546
f 3290//2547 3429//2547 3430//2547
f 3290//2548 3430//2548 3291//2548
f 3272//2549 3280//2549 3279//2549
f 3272//2549 3279//2549 3273//2549
f 3273//2550 3279//2550 3277//2550
f 3273//2550 3277//2550 3271//2550
f 3270//2551 3276//2551 3278//2551
f 3270//2551 3278//2551 3268//2551
f 3274//2552 3281//2552 3280//2552
f 3274//2552 3280//2552 3272//2552
f 3283//2553 3425//2553 3415//2553
f 3283//2554 3415//2554 3285//2554
f 3284//2555 3426//2555 3424//2555
f 3284//2556 3424//2556 3282//2556
f 3282//2557 3424//2557 3425//2557
f 3282//2558 3425//2558 3283//2558
f 3337//2559 3421//2559 3335//2559
f 3337//2560 3335//2560 3336//2560
f 3326//2561 3331//2561 3334//2561
f 3326//2562 3334//2562 3327//2562
f 3333//2563 3334//2563 3331//2563
f 3333//2564 3331//2564 3332//2564
f 3447//2508 3329//2508 3336//2508
f 3447//2508 3336//2508 3445//2508
f 3421//2565 3420//2565 3320//2565
f 3421//2566 3320//2566 3335//2566
f 3330//2567 3337//2567 3336//2567
f 3330//2568 3336//2568 3329//2568
f 3447//2508 3326//2508 3325//2508
f 3447//2508 3325//2508 3329//2508
f 3441//2508 3321//2508 3324//2508
f 3441//2508 3324//2508 3439//2508
f 3443//2508 3317//2508 3323//2508
f 3443//2508 3323//2508 3322//2508
f 3321//2508 3441//2508 3443//2508
f 3321//2508 3443//2508 3322//2508
f 3326//2508 3447//2508 3446//2508
f 3326//2508 3446//2508 3331//2508
f 3328//2569 3330//2569 3329//2569
f 3328//2570 3329//2570 3325//2570
f 3327//2571 3328//2571 3325//2571
f 3327//2572 3325//2572 3326//2572
f 3335//2508 3320//2508 3445//2508
f 3335//2508 3445//2508 3336//2508
f 3312//2573 3436//2573 3433//2573
f 3312//2574 3433//2574 3333//2574
f 3328//2575 3430//2575 3429//2575
f 3328//2576 3429//2576 3330//2576
f 3327//2577 3334//2577 3431//2577
f 3333//2578 3433//2578 3435//2578
f 3435//2579 3431//2579 3334//2579
f 3435//2580 3334//2580 3333//2580
f 3309//2581 3426//2581 3436//2581
f 3309//2582 3436//2582 3312//2582
f 3327//2583 3431//2583 3430//2583
f 3327//2584 3430//2584 3328//2584
f 3446//2508 3311//2508 3332//2508
f 3446//2508 3332//2508 3331//2508
f 3311//2508 3446//2508 3442//2508
f 3311//2508 3442//2508 3310//2508
f 3312//2585 3333//2585 3332//2585
f 3312//2586 3332//2586 3311//2586
f 3330//2587 3429//2587 3427//2587
f 3330//2588 3427//2588 3337//2588
f 3421//2521 3428//2521 3422//2521
f 3337//2589 3427//2589 3428//2589
f 3337//2590 3428//2590 3421//2590
f 3444//2508 3445//2508 3319//2508
f 3444//2508 3319//2508 3318//2508
f 3305//2591 3313//2591 3425//2591
f 3425//2592 3424//2592 3306//2592
f 3425//2593 3306//2593 3305//2593
f 3442//2594 3308//2594 3307//2594
f 3442//2508 3307//2508 3310//2508
f 3418//2595 3416//2595 3314//2595
f 3418//2596 3314//2596 3315//2596
f 3415//2597 3425//2597 3313//2597
f 3415//2598 3313//2598 3414//2598
f 3424//2599 3426//2599 3309//2599
f 3424//2600 3309//2600 3306//2600
f 3440//2508 3438//2508 3308//2508
f 3440//2508 3308//2508 3442//2508
f 3309//2601 3312//2601 3311//2601
f 3309//2602 3311//2602 3310//2602
f 3306//2603 3309//2603 3310//2603
f 3306//2604 3310//2604 3307//2604
f 3307//2605 3308//2605 3305//2605
f 3307//2606 3305//2606 3306//2606
f 3440//2508 3441//2508 3438//2508
f 3308//2607 3438//2607 3313//2607
f 3308//2608 3313//2608 3305//2608
f 3438//2609 3439//2609 3414//2609
f 3438//2610 3414//2610 3313//2610
f 3417//2611 3418//2611 3315//2611
f 3417//2612 3315//2612 3316//2612
f 3443//2508 3444//2508 3317//2508
f 3321//2613 3410//2613 3409//2613
f 3321//2614 3409//2614 3324//2614
f 3409//2615 3414//2615 3439//2615
f 3409//2616 3439//2616 3324//2616
f 3320//2508 3319//2508 3445//2508
f 3316//2508 3315//2508 3444//2508
f 3316//2617 3444//2617 3318//2617
f 3444//2508 3315//2508 3314//2508
f 3444//2508 3314//2508 3317//2508
f 3413//2618 3412//2618 3323//2618
f 3413//2619 3323//2619 3317//2619
f 3423//2620 3419//2620 3318//2620
f 3423//2621 3318//2621 3319//2621
f 3419//2622 3417//2622 3316//2622
f 3419//2623 3316//2623 3318//2623
f 3416//2624 3413//2624 3317//2624
f 3416//2625 3317//2625 3314//2625
f 3412//2626 3411//2626 3322//2626
f 3412//2627 3322//2627 3323//2627
f 3411//2628 3410//2628 3321//2628
f 3411//2629 3321//2629 3322//2629
f 3420//2630 3423//2630 3319//2630
f 3420//2631 3319//2631 3320//2631
f 3396//2632 3397//2632 3394//2632
f 3396//2633 3394//2633 3395//2633
f 3359//2634 3398//2634 3397//2634
f 3359//2635 3397//2635 3396//2635
f 3477//2636 3478//2636 3358//2636
f 3477//2637 3358//2637 3357//2637
f 3379//2638 3383//2638 3476//2638
f 3379//2487 3476//2487 3380//2487
f 3476//2487 3391//2487 3389//2487
f 3476//2487 3389//2487 3388//2487
f 3476//2487 3392//2487 3393//2487
f 3476//2487 3393//2487 3391//2487
f 3398//2639 3478//2639 3476//2639
f 3398//2487 3476//2487 3397//2487
f 3394//2640 3399//2640 3400//2640
f 3394//2641 3400//2641 3395//2641
f 3400//2642 3399//2642 3383//2642
f 3400//2643 3383//2643 3384//2643
f 3358//2644 3478//2644 3398//2644
f 3358//2645 3398//2645 3359//2645
f 3399//2639 3476//2639 3383//2639
f 3476//2487 3399//2487 3394//2487
f 3476//2487 3394//2487 3397//2487
f 3476//2487 3388//2487 3387//2487
f 3476//2487 3387//2487 3380//2487
f 3381//2646 3382//2646 3379//2646
f 3381//2647 3379//2647 3380//2647
f 3382//2648 3384//2648 3383//2648
f 3382//2649 3383//2649 3379//2649
f 3339//2650 3386//2650 3385//2650
f 3339//2651 3385//2651 3342//2651
f 3377//2487 3463//2487 3466//2487
f 3377//2652 3466//2652 3472//2652
f 3475//2652 3470//2652 3366//2652
f 3475//2487 3366//2487 3473//2487
f 3443//2653 3475//2653 3466//2653
f 3443//2653 3466//2653 3444//2653
f 3387//2654 3388//2654 3385//2654
f 3387//2655 3385//2655 3386//2655
f 3380//2656 3387//2656 3386//2656
f 3380//2657 3386//2657 3381//2657
f 3389//2658 3390//2658 3385//2658
f 3389//2659 3385//2659 3388//2659
f 3338//2660 3381//2660 3386//2660
f 3338//2661 3386//2661 3339//2661
f 3341//2662 3382//2662 3381//2662
f 3341//2663 3381//2663 3338//2663
f 3351//2664 3384//2664 3382//2664
f 3351//2665 3382//2665 3341//2665
f 3476//2487 3406//2487 3405//2487
f 3476//2487 3405//2487 3404//2487
f 3476//2487 3408//2487 3407//2487
f 3476//2487 3407//2487 3406//2487
f 3408//2487 3476//2487 3479//2487
f 3368//2666 3405//2666 3406//2666
f 3368//2667 3406//2667 3369//2667
f 3348//2668 3403//2668 3404//2668
f 3348//2669 3404//2669 3367//2669
f 3476//2487 3404//2487 3403//2487
f 3476//2487 3403//2487 3392//2487
f 3370//2670 3407//2670 3408//2670
f 3370//2671 3408//2671 3371//2671
f 3480//2672 3476//2672 3378//2672
f 3480//2673 3378//2673 3375//2673
f 3476//2674 3477//2674 3357//2674
f 3476//2675 3357//2675 3378//2675
f 3374//2676 3479//2676 3480//2676
f 3374//2677 3480//2677 3375//2677
f 3408//2678 3479//2678 3374//2678
f 3408//2679 3374//2679 3371//2679
f 3369//2680 3406//2680 3407//2680
f 3369//2681 3407//2681 3370//2681
f 3404//2682 3405//2682 3368//2682
f 3404//2683 3368//2683 3367//2683
f 3396//2684 3360//2684 3356//2684
f 3396//2685 3356//2685 3359//2685
f 3347//2686 3401//2686 3393//2686
f 3347//2687 3393//2687 3392//2687
f 3393//2688 3401//2688 3402//2688
f 3393//2689 3402//2689 3391//2689
f 3353//2690 3395//2690 3400//2690
f 3353//2691 3400//2691 3350//2691
f 3350//2692 3400//2692 3384//2692
f 3350//2693 3384//2693 3351//2693
f 3360//2694 3396//2694 3395//2694
f 3360//2695 3395//2695 3353//2695
f 3343//2696 3390//2696 3402//2696
f 3343//2697 3402//2697 3344//2697
f 3401//2698 3347//2698 3346//2698
f 3401//2699 3346//2699 3345//2699
f 3344//2700 3402//2700 3401//2700
f 3344//2701 3401//2701 3345//2701
f 3391//2702 3402//2702 3390//2702
f 3391//2703 3390//2703 3389//2703
f 3392//2704 3403//2704 3348//2704
f 3392//2705 3348//2705 3347//2705
f 3342//2706 3385//2706 3390//2706
f 3342//2707 3390//2707 3343//2707
f 3475//2487 3473//2487 3466//2487
f 3350//2708 3459//2708 3460//2708
f 3350//2709 3460//2709 3353//2709
f 3445//2710 3461//2710 3455//2710
f 3445//2710 3455//2710 3447//2710
f 3352//2711 3449//2711 3455//2711
f 3352//2711 3455//2711 3459//2711
f 3347//2712 3348//2712 3349//2712
f 3347//2713 3349//2713 3346//2713
f 3351//2714 3352//2714 3459//2714
f 3351//2715 3459//2715 3350//2715
f 3341//2716 3449//2716 3352//2716
f 3341//2717 3352//2717 3351//2717
f 3354//2718 3358//2718 3359//2718
f 3354//2719 3359//2719 3356//2719
f 3353//2720 3460//2720 3465//2720
f 3353//2721 3465//2721 3360//2721
f 3360//2722 3465//2722 3464//2722
f 3360//2723 3464//2723 3356//2723
f 3354//2724 3462//2724 3463//2724
f 3354//2725 3463//2725 3355//2725
f 3356//2726 3464//2726 3462//2726
f 3356//2727 3462//2727 3354//2727
f 3357//2728 3358//2728 3354//2728
f 3357//2729 3354//2729 3355//2729
f 3458//2505 3440//2505 3442//2505
f 3458//2505 3442//2505 3453//2505
f 3343//2730 3451//2730 3450//2730
f 3343//2731 3450//2731 3342//2731
f 3344//2732 3452//2732 3451//2732
f 3344//2733 3451//2733 3343//2733
f 3451//2487 3452//2487 3453//2487
f 3451//2487 3453//2487 3454//2487
f 3339//2734 3340//2734 3448//2734
f 3339//2735 3448//2735 3338//2735
f 3338//2736 3448//2736 3449//2736
f 3338//2737 3449//2737 3341//2737
f 3342//2738 3450//2738 3340//2738
f 3342//2739 3340//2739 3339//2739
f 3454//2487 3455//2487 3448//2487
f 3346//2740 3457//2740 3456//2740
f 3346//2741 3456//2741 3345//2741
f 3345//2742 3456//2742 3452//2742
f 3345//2743 3452//2743 3344//2743
f 3454//2487 3448//2487 3340//2487
f 3454//2711 3340//2711 3450//2711
f 3453//2744 3442//2744 3446//2744
f 3453//2744 3446//2744 3454//2744
f 3446//2502 3447//2502 3455//2502
f 3446//2502 3455//2502 3454//2502
f 3374//2745 3375//2745 3372//2745
f 3374//2746 3372//2746 3373//2746
f 3371//2747 3374//2747 3373//2747
f 3371//2748 3373//2748 3365//2748
f 3376//2550 3377//2550 3472//2550
f 3376//2749 3472//2749 3372//2749
f 3362//2750 3468//2750 3471//2750
f 3362//2751 3471//2751 3349//2751
f 3372//2752 3472//2752 3473//2752
f 3372//2753 3473//2753 3373//2753
f 3373//2754 3473//2754 3366//2754
f 3373//2755 3366//2755 3365//2755
f 3474//2756 3441//2756 3440//2756
f 3474//2756 3440//2756 3458//2756
f 3474//2503 3475//2503 3443//2503
f 3474//2503 3443//2503 3441//2503
f 3474//2487 3467//2487 3469//2487
f 3474//2487 3469//2487 3475//2487
f 3355//2757 3463//2757 3377//2757
f 3355//2758 3377//2758 3376//2758
f 3375//2759 3378//2759 3376//2759
f 3375//2760 3376//2760 3372//2760
f 3355//2761 3376//2761 3378//2761
f 3355//2762 3378//2762 3357//2762
f 3471//2487 3458//2487 3457//2487
f 3363//2763 3469//2763 3467//2763
f 3363//2764 3467//2764 3361//2764
f 3364//2765 3470//2765 3469//2765
f 3364//2766 3469//2766 3363//2766
f 3365//2767 3366//2767 3470//2767
f 3365//2768 3470//2768 3364//2768
f 3444//2504 3466//2504 3461//2504
f 3444//2504 3461//2504 3445//2504
f 3465//2638 3461//2638 3464//2638
f 3361//2769 3467//2769 3468//2769
f 3361//2770 3468//2770 3362//2770
f 3369//2771 3370//2771 3364//2771
f 3369//2772 3364//2772 3363//2772
f 3370//2773 3371//2773 3365//2773
f 3370//2774 3365//2774 3364//2774
f 3349//2553 3471//2553 3457//2553
f 3349//2775 3457//2775 3346//2775
f 3367//2776 3368//2776 3361//2776
f 3367//2777 3361//2777 3362//2777
f 3368//2778 3369//2778 3363//2778
f 3368//2779 3363//2779 3361//2779
f 3348//2780 3367//2780 3362//2780
f 3348//2781 3362//2781 3349//2781
o Gun_04_havok_s_armor_6_1
v -0.160059 2.116105 -2.361509
v -0.138892 2.083796 -2.360953
v -0.173072 2.152245 -2.361408
v -0.177584 2.190382 -2.360926
v -0.173072 2.228354 -2.360716
v -0.110784 2.056650 -2.359461
v -0.039473 2.024175 -2.355270
v -0.077123 2.036665 -2.357115
v 0.000087 2.019845 -2.354572
v 0.039473 2.024175 -2.355270
v -0.160059 2.264493 -2.360397
v -0.138892 2.296802 -2.359285
v -0.110784 2.323948 -2.357793
v -0.077123 2.343933 -2.356308
v -0.039473 2.356423 -2.355040
v 0.000087 2.360753 -2.354572
v 0.160060 2.116105 -2.361509
v 0.138892 2.083796 -2.360953
v 0.173073 2.152245 -2.361408
v 0.177584 2.190382 -2.360926
v 0.173073 2.228354 -2.360716
v 0.110784 2.056650 -2.359461
v 0.077124 2.036665 -2.357115
v 0.138892 2.296802 -2.359285
v 0.160060 2.264493 -2.360397
v 0.110784 2.323948 -2.357793
v 0.077124 2.343933 -2.356308
v 0.039473 2.356423 -2.355040
v -0.226688 2.100308 -2.165350
v -0.199915 2.058913 -2.170315
v -0.236809 2.143245 -2.163010
v -0.238019 2.190015 -2.159327
v -0.232762 2.232876 -2.159645
v -0.112599 2.104335 -2.387155
v -0.129756 2.130476 -2.387155
v -0.140408 2.159619 -2.387155
v -0.089796 2.082503 -2.387155
v -0.144020 2.190299 -2.387155
v -0.140409 2.220980 -2.387155
v -0.053959 2.002525 -2.155778
v -0.110785 2.005312 -2.162061
v 0.000000 2.002010 -2.153025
v -0.062488 2.066077 -2.387155
v -0.032047 2.055880 -2.387155
v 0.000000 2.052423 -2.387155
v 0.032048 2.055880 -2.387155
v -0.162290 2.023572 -2.165656
v -0.191640 2.313867 -2.158899
v -0.217572 2.274632 -2.161121
v -0.112599 2.276266 -2.387155
v -0.089796 2.298095 -2.387155
v -0.062488 2.314521 -2.387155
v -0.032047 2.324718 -2.387155
v 0.000000 2.328175 -2.387155
v -0.129756 2.250122 -2.387155
v -0.154549 2.348249 -2.147357
v -0.106525 2.370012 -2.132677
v -0.053374 2.377135 -2.123343
v 0.000000 2.380272 -2.117826
v 0.199916 2.058913 -2.170315
v 0.226688 2.100308 -2.165350
v 0.236809 2.143245 -2.163010
v 0.238019 2.190015 -2.159327
v 0.232763 2.232876 -2.159645
v 0.129756 2.130476 -2.387155
v 0.112599 2.104335 -2.387155
v 0.140409 2.159619 -2.387155
v 0.089796 2.082503 -2.387155
v 0.144020 2.190299 -2.387155
v 0.140409 2.220980 -2.387155
v 0.062488 2.066077 -2.387155
v 0.162290 2.023572 -2.165656
v 0.110786 2.005312 -2.162061
v 0.053960 2.002525 -2.155778
v 0.217572 2.274632 -2.161121
v 0.191640 2.313867 -2.158899
v 0.089796 2.298095 -2.387155
v 0.112599 2.276266 -2.387155
v 0.062488 2.314521 -2.387155
v 0.032048 2.324718 -2.387155
v 0.129756 2.250122 -2.387155
v 0.154549 2.348249 -2.147357
v 0.106525 2.370012 -2.132677
v 0.053374 2.377135 -2.123343
vn -0.6075 0.0715 0.7911
vn -0.6146 0.0628 0.7863
vn -0.6175 -0.0727 0.7832
vn -0.6138 -0.0773 0.7857
vn -0.4431 0.4628 0.7678
vn -0.4118 0.4693 0.7811
vn -0.3484 0.5793 0.7369
vn -0.2909 0.5794 0.7614
vn -0.6342 0.7142 0.2962
vn -0.6561 0.6955 0.2931
vn -0.3096 0.9203 0.2393
vn -0.2155 0.6432 0.7348
vn -0.1886 0.6740 0.7142
vn -0.9297 0.2024 0.3078
vn -0.8892 0.3193 0.3277
vn -0.8136 0.4883 0.3157
vn -0.7896 0.5229 0.3210
vn 0.0500 -0.9954 0.0821
vn 0.1072 -0.9897 0.0949
vn -0.9579 0.0022 0.2872
vn -0.9451 0.1079 0.3085
vn -0.5720 0.2091 0.7931
vn -0.5768 0.2055 0.7906
vn -0.5174 0.3396 0.7855
vn -0.5057 0.3449 0.7908
vn -0.9516 -0.1146 0.2851
vn -0.3069 0.9435 0.1247
vn -0.0303 0.9860 0.1637
vn -0.5873 -0.2147 0.7804
vn -0.5840 -0.2172 0.7821
vn -0.5371 -0.3525 0.7664
vn -0.5138 -0.3634 0.7771
vn -0.0760 -0.7050 0.7051
vn -0.0687 -0.7020 0.7089
vn -0.6265 -0.7487 0.2168
vn -0.6686 -0.7052 0.2360
vn -0.0500 -0.9954 0.0820
vn -0.1077 -0.9896 0.0949
vn -0.1158 -0.9887 0.0953
vn -0.3068 -0.9399 0.1499
vn -0.3680 -0.9168 0.1553
vn -0.4936 -0.8463 0.2004
vn -0.7995 -0.5430 0.2567
vn -0.8038 -0.5355 0.2592
vn -0.0040 0.9941 0.1082
vn -0.1073 0.9904 0.0876
vn -0.4866 0.8455 0.2199
vn -0.9059 -0.3197 0.2777
vn -0.9036 -0.3278 0.2756
vn -0.2235 -0.6673 0.7105
vn -0.1952 -0.6619 0.7237
vn -0.3534 -0.5876 0.7279
vn -0.3164 -0.5883 0.7442
vn -0.4582 -0.4786 0.7490
vn -0.4285 -0.4855 0.7620
vn 0.3069 0.9435 0.1247
vn 0.0303 0.9860 0.1637
vn 0.6075 0.0715 0.7911
vn 0.6146 0.0628 0.7863
vn 0.6175 -0.0727 0.7832
vn 0.6138 -0.0773 0.7857
vn 0.4866 0.8455 0.2199
vn 0.2155 0.6432 0.7348
vn 0.1886 0.6740 0.7142
vn 0.3484 0.5793 0.7369
vn 0.2909 0.5794 0.7614
vn 0.0040 0.9941 0.1082
vn 0.1069 0.9904 0.0877
vn 0.9579 0.0022 0.2872
vn 0.9451 0.1079 0.3085
vn 0.9297 0.2024 0.3078
vn 0.8892 0.3193 0.3277
vn 0.8136 0.4883 0.3157
vn 0.7896 0.5229 0.3210
vn 0.9516 -0.1146 0.2851
vn 0.4431 0.4628 0.7678
vn 0.4118 0.4693 0.7811
vn 0.5720 0.2091 0.7931
vn 0.5768 0.2055 0.7906
vn 0.5174 0.3396 0.7855
vn 0.5057 0.3449 0.7908
vn 0.0753 0.6983 0.7119
vn 0.0648 0.7058 0.7055
vn 0.5371 -0.3525 0.7664
vn 0.5138 -0.3634 0.7771
vn 0.0761 -0.7052 0.7049
vn 0.0685 -0.7020 0.7089
vn 0.2235 -0.6673 0.7105
vn 0.1952 -0.6619 0.7237
vn 0.5873 -0.2147 0.7804
vn 0.5840 -0.2172 0.7821
vn 0.1158 -0.9887 0.0953
vn 0.3068 -0.9399 0.1499
vn 0.3680 -0.9168 0.1553
vn 0.4936 -0.8463 0.2004
vn 0.6265 -0.7487 0.2168
vn 0.6686 -0.7052 0.2360
vn 0.6342 0.7142 0.2962
vn 0.6561 0.6955 0.2931
vn 0.3096 0.9203 0.2393
vn -0.0753 0.6983 0.7119
vn -0.0651 0.7056 0.7056
vn 0.7992 -0.5428 0.2583
vn 0.8042 -0.5358 0.2573
vn 0.3534 -0.5876 0.7279
vn 0.3164 -0.5883 0.7442
vn 0.4582 -0.4786 0.7490
vn 0.4285 -0.4855 0.7620
vn 0.9063 -0.3199 0.2762
vn 0.9032 -0.3277 0.2773
s 0
f 3549//2782 3547//2782 3499//2782
f 3549//2783 3499//2783 3500//2783
f 3501//2784 3550//2784 3549//2784
f 3501//2785 3549//2785 3500//2785
f 3546//2786 3548//2786 3502//2786
f 3546//2787 3502//2787 3498//2787
f 3548//2788 3551//2788 3503//2788
f 3548//2789 3503//2789 3502//2789
f 3552//2790 3540//2790 3498//2790
f 3552//2791 3498//2791 3502//2791
f 3552//2792 3502//2792 3553//2792
f 3503//2793 3551//2793 3526//2793
f 3503//2794 3526//2794 3490//2794
f 3541//2795 3542//2795 3499//2795
f 3541//2796 3499//2796 3497//2796
f 3540//2797 3541//2797 3497//2797
f 3540//2798 3497//2798 3498//2798
f 3496//2799 3539//2799 3538//2799
f 3496//2800 3538//2800 3495//2800
f 3542//2801 3543//2801 3500//2801
f 3542//2802 3500//2802 3499//2802
f 3547//2803 3545//2803 3497//2803
f 3547//2804 3497//2804 3499//2804
f 3545//2805 3546//2805 3498//2805
f 3545//2806 3498//2806 3497//2806
f 3543//2807 3544//2807 3501//2807
f 3543//2807 3501//2807 3500//2807
f 3503//2808 3490//2808 3554//2808
f 3503//2809 3554//2809 3553//2809
f 3505//2810 3561//2810 3550//2810
f 3505//2811 3550//2811 3501//2811
f 3504//2812 3558//2812 3561//2812
f 3504//2813 3561//2813 3505//2813
f 3496//2814 3534//2814 3560//2814
f 3496//2815 3560//2815 3508//2815
f 3556//2816 3562//2816 3506//2816
f 3556//2817 3506//2817 3504//2817
f 3564//2818 3539//2818 3496//2818
f 3564//2819 3496//2819 3508//2819
f 3563//2820 3564//2820 3508//2820
f 3563//2821 3508//2821 3507//2821
f 3562//2822 3563//2822 3507//2822
f 3562//2823 3507//2823 3506//2823
f 3555//2824 3556//2824 3504//2824
f 3555//2825 3504//2825 3505//2825
f 3522//2826 3554//2826 3490//2826
f 3522//2827 3490//2827 3489//2827
f 3503//2828 3553//2828 3502//2828
f 3544//2829 3555//2829 3505//2829
f 3544//2830 3505//2830 3501//2830
f 3508//2831 3560//2831 3559//2831
f 3508//2832 3559//2832 3507//2832
f 3507//2833 3559//2833 3557//2833
f 3507//2834 3557//2834 3506//2834
f 3506//2835 3557//2835 3558//2835
f 3506//2836 3558//2836 3504//2836
f 3520//2837 3487//2837 3488//2837
f 3520//2838 3488//2838 3521//2838
f 3483//2839 3516//2839 3518//2839
f 3483//2840 3518//2840 3484//2840
f 3518//2841 3519//2841 3485//2841
f 3518//2842 3485//2842 3484//2842
f 3488//2843 3486//2843 3521//2843
f 3524//2844 3523//2844 3488//2844
f 3524//2845 3488//2845 3487//2845
f 3488//2846 3523//2846 3517//2846
f 3488//2847 3517//2847 3486//2847
f 3487//2848 3520//2848 3522//2848
f 3487//2849 3522//2849 3489//2849
f 3484//2850 3512//2850 3511//2850
f 3484//2851 3511//2851 3483//2851
f 3483//2852 3511//2852 3509//2852
f 3483//2853 3509//2853 3481//2853
f 3481//2854 3509//2854 3510//2854
f 3481//2855 3510//2855 3482//2855
f 3513//2856 3512//2856 3484//2856
f 3513//2856 3484//2856 3485//2856
f 3486//2857 3517//2857 3514//2857
f 3486//2858 3514//2858 3482//2858
f 3481//2859 3515//2859 3516//2859
f 3481//2860 3516//2860 3483//2860
f 3482//2861 3514//2861 3515//2861
f 3482//2862 3515//2862 3481//2862
f 3525//2863 3524//2863 3487//2863
f 3525//2864 3487//2864 3489//2864
f 3535//2865 3530//2865 3492//2865
f 3535//2866 3492//2866 3491//2866
f 3533//2867 3534//2867 3496//2867
f 3533//2868 3496//2868 3495//2868
f 3532//2869 3533//2869 3495//2869
f 3532//2870 3495//2870 3494//2870
f 3519//2871 3535//2871 3491//2871
f 3519//2872 3491//2872 3485//2872
f 3495//2873 3538//2873 3537//2873
f 3495//2874 3537//2874 3494//2874
f 3494//2875 3537//2875 3536//2875
f 3494//2876 3536//2876 3493//2876
f 3493//2877 3536//2877 3528//2877
f 3493//2878 3528//2878 3492//2878
f 3482//2879 3510//2879 3527//2879
f 3486//2880 3482//2880 3527//2880
f 3486//2881 3527//2881 3521//2881
f 3490//2882 3526//2882 3525//2882
f 3490//2883 3525//2883 3489//2883
f 3528//2884 3529//2884 3491//2884
f 3528//2885 3491//2885 3492//2885
f 3531//2886 3532//2886 3494//2886
f 3531//2887 3494//2887 3493//2887
f 3530//2888 3531//2888 3493//2888
f 3530//2889 3493//2889 3492//2889
f 3529//2890 3513//2890 3485//2890
f 3529//2891 3485//2891 3491//2891
o Gun_04_havok_s_armor_1_2
v -0.343428 2.129590 -2.081838
v -0.447230 2.099170 -1.958144
v -0.418717 2.032257 -1.974913
v -0.325017 2.071274 -2.092760
v -0.356536 1.961463 -1.990929
v -0.266703 1.912077 -1.995810
v -0.279720 2.007274 -2.097895
v -0.344717 2.186997 -2.071828
v -0.335771 2.252442 -2.073900
v -0.441033 2.274284 -1.949611
v -0.452206 2.184493 -1.949511
v -0.220197 1.965479 -2.092067
v -0.174050 1.897173 -1.990940
v -0.144775 1.952580 -2.086274
v -0.085498 1.895866 -1.985511
v -0.069104 1.954993 -2.078056
v 0.000000 1.894850 -1.982645
v 0.000000 1.956059 -2.074212
v 0.343428 2.129590 -2.081838
v 0.325018 2.071274 -2.092760
v 0.418717 2.032257 -1.974913
v 0.447230 2.099170 -1.958144
v 0.356536 1.961463 -1.990929
v 0.344717 2.186997 -2.071828
v 0.452206 2.184493 -1.949511
v 0.279720 2.007274 -2.097895
v 0.266704 1.912077 -1.995810
v 0.174051 1.897173 -1.990940
v 0.220197 1.965479 -2.092067
v 0.144775 1.952580 -2.086274
v 0.069104 1.954993 -2.078056
v 0.085498 1.895866 -1.985511
v 0.129756 2.250122 -2.387155
v 0.112599 2.276265 -2.387155
v 0.032048 2.055880 -2.387155
v 0.062489 2.066078 -2.387155
v 0.089796 2.082503 -2.387155
v 0.140409 2.220980 -2.387155
v 0.144020 2.190299 -2.387155
v 0.140409 2.159619 -2.387155
v 0.112599 2.104335 -2.387155
v 0.129756 2.130476 -2.387155
v 0.089796 2.298095 -2.387155
v 0.062489 2.314521 -2.387155
v 0.000000 2.052423 -2.387155
v 0.032048 2.324718 -2.387155
v 0.000000 2.328175 -2.387155
v -0.032047 2.324718 -2.387155
v -0.032047 2.055880 -2.387155
v -0.112599 2.104335 -2.387155
v -0.089796 2.082503 -2.387155
v -0.062488 2.314521 -2.387155
v -0.062488 2.066078 -2.387155
v -0.089796 2.298095 -2.387155
v -0.112599 2.276265 -2.387155
v -0.129756 2.130476 -2.387155
v -0.129756 2.250122 -2.387155
v -0.140409 2.220980 -2.387155
v -0.144020 2.190299 -2.387155
v -0.140408 2.159619 -2.387155
v 0.262973 2.367215 -2.064756
v 0.381075 2.384881 -1.941930
v 0.336367 2.424105 -1.937923
v 0.286228 2.452744 -1.932324
v 0.199939 2.407192 -2.049408
v 0.225682 2.471915 -1.922485
v 0.306643 2.316128 -2.071995
v 0.414966 2.336323 -1.947472
v 0.335772 2.252442 -2.073900
v 0.441034 2.274284 -1.949611
v 0.154804 2.480438 -1.907558
v 0.131225 2.422300 -2.032048
v 0.063568 2.425443 -2.019852
v 0.077225 2.483736 -1.897078
v 0.000000 2.426293 -2.016269
v 0.000000 2.485349 -1.892217
v -0.077225 2.483736 -1.897078
v -0.063568 2.425443 -2.019852
v -0.336367 2.424105 -1.937923
v -0.381075 2.384881 -1.941930
v -0.262973 2.367215 -2.064756
v -0.286227 2.452744 -1.932324
v -0.199939 2.407192 -2.049408
v -0.225682 2.471915 -1.922485
v -0.131224 2.422300 -2.032048
v -0.154804 2.480438 -1.907558
v -0.306643 2.316128 -2.071995
v -0.414966 2.336323 -1.947472
vn -0.0000 -0.0000 1.0000
vn -0.5074 -0.6376 0.5796
vn -0.3674 -0.7506 0.5493
vn -0.6128 -0.4977 0.6138
vn -0.5548 -0.5613 0.6142
vn -0.3471 -0.7589 0.5510
vn -0.1941 -0.8574 0.4766
vn -0.6963 -0.3148 0.6450
vn -0.6842 -0.3324 0.6491
vn 0.0190 -0.9045 0.4260
vn 0.0764 -0.8819 0.4652
vn 0.3471 -0.7589 0.5510
vn 0.1941 -0.8574 0.4766
vn -0.0331 -0.9080 0.4178
vn -0.0193 -0.9040 0.4271
vn 0.6842 -0.3324 0.6491
vn 0.6963 -0.3148 0.6450
vn 0.6128 -0.4977 0.6138
vn 0.5548 -0.5613 0.6142
vn 0.5074 -0.6376 0.5796
vn 0.3674 -0.7506 0.5493
vn -0.0190 -0.9045 0.4260
vn -0.0764 -0.8819 0.4652
vn -0.7533 -0.0823 0.6525
vn -0.7489 -0.0924 0.6562
vn 0.0193 -0.9040 0.4271
vn 0.0331 -0.9080 0.4178
vn 0.0082 -0.9029 0.4298
vn 0.0120 -0.9038 0.4278
vn -0.0120 -0.9038 0.4278
vn -0.0082 -0.9029 0.4298
vn -0.0841 0.8464 0.5259
vn -0.0178 0.8668 0.4983
vn 0.4257 0.6882 0.5875
vn -0.0437 0.8306 0.5552
vn -0.0080 0.8433 0.5374
vn -0.6398 0.4157 0.6464
vn -0.7388 0.1502 0.6569
vn -0.7576 0.1190 0.6418
vn 0.1044 0.8456 0.5235
vn 0.1087 0.8461 0.5219
vn 0.6398 0.4157 0.6464
vn 0.7576 0.1190 0.6418
vn 0.7388 0.1502 0.6569
vn 0.6496 0.4083 0.6414
vn 0.4125 0.6919 0.5926
vn 0.7512 -0.0229 0.6597
vn 0.7738 -0.0919 0.6267
vn 0.7489 -0.0924 0.6562
vn 0.7533 -0.0823 0.6525
vn -0.7512 -0.0229 0.6597
vn -0.7738 -0.0919 0.6267
vn -0.1044 0.8456 0.5235
vn -0.1087 0.8461 0.5219
vn -0.6496 0.4083 0.6414
vn -0.4125 0.6919 0.5926
vn -0.4257 0.6882 0.5875
vn 0.0080 0.8433 0.5374
vn 0.0437 0.8306 0.5552
vn 0.0841 0.8464 0.5259
vn 0.0178 0.8668 0.4983
s 0
f 3623//2892 3624//2892 3620//2892
f 3623//2892 3620//2892 3622//2892
f 3621//2892 3622//2892 3620//2892
f 3621//2892 3620//2892 3619//2892
f 3625//2893 3626//2893 3627//2893
f 3625//2894 3627//2894 3628//2894
f 3631//2895 3632//2895 3626//2895
f 3631//2896 3626//2896 3625//2896
f 3629//2897 3625//2897 3628//2897
f 3629//2898 3628//2898 3630//2898
f 3618//2892 3619//2892 3620//2892
f 3618//2892 3620//2892 3614//2892
f 3611//2892 3612//2892 3613//2892
f 3611//2892 3613//2892 3609//2892
f 3610//2892 3599//2892 3608//2892
f 3612//2892 3616//2892 3614//2892
f 3612//2892 3614//2892 3615//2892
f 3618//2892 3614//2892 3616//2892
f 3612//2892 3615//2892 3617//2892
f 3612//2892 3617//2892 3613//2892
f 3633//2899 3634//2899 3632//2899
f 3633//2900 3632//2900 3631//2900
f 3649//2901 3650//2901 3648//2901
f 3649//2902 3648//2902 3647//2902
f 3646//2903 3645//2903 3647//2903
f 3646//2904 3647//2904 3648//2904
f 3650//2905 3649//2905 3642//2905
f 3650//2906 3642//2906 3641//2906
f 3573//2907 3651//2907 3652//2907
f 3573//2908 3652//2908 3574//2908
f 3644//2909 3652//2909 3651//2909
f 3644//2910 3651//2910 3645//2910
f 3643//2911 3644//2911 3645//2911
f 3643//2912 3645//2912 3646//2912
f 3630//2913 3635//2913 3636//2913
f 3630//2914 3636//2914 3629//2914
f 3634//2915 3633//2915 3588//2915
f 3634//2916 3588//2916 3589//2916
f 3635//2917 3638//2917 3637//2917
f 3635//2918 3637//2918 3636//2918
f 3638//2919 3640//2919 3639//2919
f 3638//2920 3639//2920 3637//2920
f 3641//2921 3642//2921 3639//2921
f 3641//2922 3639//2922 3640//2922
f 3579//2923 3580//2923 3578//2923
f 3579//2924 3578//2924 3577//2924
f 3570//2925 3576//2925 3571//2925
f 3581//2926 3582//2926 3580//2926
f 3581//2927 3580//2927 3579//2927
f 3587//2928 3585//2928 3584//2928
f 3585//2929 3586//2929 3583//2929
f 3585//2930 3583//2930 3584//2930
f 3577//2931 3578//2931 3576//2931
f 3577//2932 3576//2932 3570//2932
f 3568//2933 3567//2933 3569//2933
f 3567//2934 3568//2934 3565//2934
f 3567//2935 3565//2935 3566//2935
f 3571//2936 3568//2936 3569//2936
f 3571//2937 3569//2937 3570//2937
f 3572//2938 3575//2938 3566//2938
f 3572//2939 3566//2939 3565//2939
f 3574//2940 3575//2940 3572//2940
f 3574//2941 3572//2941 3573//2941
f 3586//2942 3589//2942 3588//2942
f 3586//2943 3588//2943 3583//2943
f 3601//2892 3604//2892 3603//2892
f 3601//2892 3603//2892 3602//2892
f 3600//2892 3601//2892 3602//2892
f 3600//2892 3602//2892 3597//2892
f 3601//2892 3605//2892 3606//2892
f 3601//2892 3606//2892 3604//2892
f 3610//2892 3611//2892 3609//2892
f 3610//2892 3609//2892 3599//2892
f 3607//2892 3608//2892 3599//2892
f 3607//2892 3599//2892 3598//2892
f 3599//2892 3600//2892 3597//2892
f 3599//2892 3597//2892 3598//2892
f 3593//2944 3594//2944 3592//2944
f 3593//2945 3592//2945 3591//2945
f 3587//2946 3584//2946 3590//2946
f 3587//2947 3590//2947 3591//2947
f 3593//2948 3591//2948 3590//2948
f 3581//2949 3596//2949 3595//2949
f 3581//2950 3595//2950 3582//2950
f 3594//2951 3595//2951 3596//2951
f 3594//2952 3596//2952 3592//2952
o Gun_04_havok_s_armor_4_3
v -0.278356 2.246280 -2.022685
v -0.242174 2.295389 -2.019331
v -0.280549 2.116168 -2.031587
v -0.103475 2.354623 -2.015262
v -0.240803 2.038708 -2.036906
v -0.119922 2.014575 -2.038548
v 0.103476 2.354623 -2.015262
v 0.119922 2.014575 -2.038548
v 0.000137 2.360023 -2.014892
v 0.278356 2.246280 -2.022685
v 0.242174 2.295389 -2.019331
v 0.280549 2.116168 -2.031587
v 0.240804 2.038708 -2.036906
v -0.412394 2.281425 -1.846986
v -0.424567 2.187866 -1.843191
v -0.391330 2.320954 -1.846784
v -0.358998 2.357640 -1.843664
v -0.319730 2.387372 -1.839176
v -0.415794 2.084042 -1.882658
v -0.273080 2.412794 -1.834682
v -0.217815 2.433699 -1.830097
v -0.153304 2.447283 -1.825490
v -0.356901 1.970123 -1.926465
v -0.405281 2.031369 -1.907161
v -0.272599 1.937697 -1.925559
v -0.177616 1.930530 -1.915032
v 0.089893 1.924794 -1.908396
v -0.089893 1.924794 -1.908396
v -0.079593 2.453009 -1.820385
v 0.000000 2.454437 -1.817676
v 0.079593 2.453009 -1.820385
v 0.424568 2.187866 -1.843191
v 0.412394 2.281425 -1.846986
v 0.391330 2.320954 -1.846784
v 0.319730 2.387372 -1.839176
v 0.358999 2.357640 -1.843664
v 0.415794 2.084042 -1.882658
v 0.273081 2.412794 -1.834682
v 0.153304 2.447283 -1.825490
v 0.217815 2.433699 -1.830097
v 0.405281 2.031369 -1.907161
v 0.356901 1.970123 -1.926465
v 0.272599 1.937697 -1.925559
v 0.177616 1.930530 -1.915032
vn 0.7829 0.0556 -0.6196
vn 0.7472 0.1800 -0.6397
vn 0.4619 0.6935 -0.5529
vn 0.5822 0.5630 -0.5867
vn 0.1504 0.8722 -0.4654
vn 0.2662 0.8161 -0.5129
vn 0.3610 0.7584 -0.5426
vn 0.3154 0.7760 -0.5462
vn 0.0015 0.9020 -0.4318
vn 0.0451 0.8940 -0.4458
vn -0.0385 0.8939 -0.4466
vn 0.6991 0.3756 -0.6084
vn 0.6185 0.4973 -0.6084
vn 0.7852 0.0772 -0.6144
vn -0.0001 0.0683 -0.9977
vn 0.0111 -0.8243 -0.5661
vn -0.0001 0.0686 -0.9976
vn 0.0001 0.0683 -0.9977
vn 0.0001 0.0682 -0.9977
vn 0.7478 0.1515 -0.6464
vn 0.6018 -0.2348 -0.7633
vn 0.0385 0.8939 -0.4466
vn 0.1511 -0.7103 -0.6875
vn -0.0000 -0.8268 -0.5626
vn 0.5867 -0.2481 -0.7708
vn 0.2539 -0.6792 -0.6886
vn -0.1504 0.8722 -0.4654
vn -0.2662 0.8161 -0.5129
vn -0.3610 0.7584 -0.5426
vn -0.3154 0.7760 -0.5462
vn -0.5867 -0.2481 -0.7708
vn -0.2539 -0.6792 -0.6886
vn -0.7478 0.1515 -0.6464
vn -0.6018 -0.2348 -0.7633
vn -0.6991 0.3756 -0.6084
vn -0.6185 0.4973 -0.6084
vn -0.7852 0.0772 -0.6144
vn -0.7829 0.0556 -0.6196
vn -0.7472 0.1800 -0.6397
vn -0.4619 0.6935 -0.5529
vn -0.5822 0.5630 -0.5867
vn -0.0000 -0.8231 -0.5678
vn -0.0000 0.0683 -0.9977
vn -0.0015 0.9020 -0.4318
vn -0.0450 0.8940 -0.4458
vn -0.0111 -0.8243 -0.5661
vn -0.1511 -0.7103 -0.6875
vn -0.0000 -0.8267 -0.5626
vn -0.0004 0.0683 -0.9977
vn -0.0002 0.0683 -0.9977
s 0
f 3664//2953 3662//2953 3684//2953
f 3664//2954 3684//2954 3689//2954
f 3663//2955 3687//2955 3688//2955
f 3663//2956 3688//2956 3686//2956
f 3659//2957 3691//2957 3692//2957
f 3659//2958 3692//2958 3690//2958
f 3690//2959 3687//2959 3663//2959
f 3690//2960 3663//2960 3659//2960
f 3661//2961 3682//2961 3683//2961
f 3661//2962 3683//2962 3659//2962
f 3681//2963 3656//2963 3674//2963
f 3686//2964 3685//2964 3662//2964
f 3686//2965 3662//2965 3663//2965
f 3684//2966 3662//2966 3685//2966
f 3663//2967 3660//2967 3659//2967
f 3696//2968 3679//2968 3660//2968
f 3665//2969 3660//2969 3664//2969
f 3662//2970 3664//2970 3660//2970
f 3662//2971 3660//2971 3663//2971
f 3664//2972 3689//2972 3693//2972
f 3664//2973 3693//2973 3694//2973
f 3683//2974 3691//2974 3659//2974
f 3660//2975 3665//2975 3695//2975
f 3660//2976 3695//2976 3696//2976
f 3665//2977 3664//2977 3694//2977
f 3665//2978 3694//2978 3695//2978
f 3673//2979 3674//2979 3656//2979
f 3673//2980 3656//2980 3672//2980
f 3654//2981 3670//2981 3672//2981
f 3654//2982 3672//2982 3656//2982
f 3675//2983 3655//2983 3657//2983
f 3675//2984 3657//2984 3677//2984
f 3676//2985 3671//2985 3655//2985
f 3676//2986 3655//2986 3675//2986
f 3653//2987 3666//2987 3668//2987
f 3653//2988 3668//2988 3654//2988
f 3666//2989 3653//2989 3667//2989
f 3667//2990 3653//2990 3655//2990
f 3667//2991 3655//2991 3671//2991
f 3669//2992 3670//2992 3654//2992
f 3669//2993 3654//2993 3668//2993
f 3679//2994 3680//2994 3658//2994
f 3679//2994 3658//2994 3660//2994
f 3661//2995 3658//2995 3656//2995
f 3681//2996 3682//2996 3661//2996
f 3681//2997 3661//2997 3656//2997
f 3658//2998 3680//2998 3678//2998
f 3658//2970 3657//2970 3654//2970
f 3658//2970 3654//2970 3656//2970
f 3677//2999 3657//2999 3658//2999
f 3677//3000 3658//3000 3678//3000
f 3658//2995 3661//2995 3659//2995
f 3658//2995 3659//2995 3660//2995
f 3654//3001 3657//3001 3655//3001
f 3654//3002 3655//3002 3653//3002
o Gun_04_havok_s_armor_2_4
v -0.279720 2.007274 -2.097895
v -0.199916 2.058913 -2.170315
v -0.226688 2.100308 -2.165350
v -0.325017 2.071274 -2.092760
v -0.236809 2.143245 -2.163010
v -0.343428 2.129590 -2.081838
v -0.238019 2.190015 -2.159327
v -0.232762 2.232876 -2.159645
v -0.335771 2.252443 -2.073900
v -0.344717 2.186997 -2.071828
v -0.217572 2.274632 -2.161121
v -0.191640 2.313867 -2.158899
v -0.262973 2.367215 -2.064756
v -0.306643 2.316127 -2.071995
v -0.162290 2.023572 -2.165656
v -0.220197 1.965479 -2.092067
v -0.144775 1.952580 -2.086274
v -0.069103 1.954992 -2.078056
v -0.053959 2.002525 -2.155778
v -0.110785 2.005312 -2.162062
v 0.000000 1.956059 -2.074212
v 0.000000 2.002010 -2.153025
v -0.154549 2.348248 -2.147357
v -0.199939 2.407192 -2.049408
v -0.106525 2.370012 -2.132677
v -0.131224 2.422300 -2.032048
v -0.053374 2.377135 -2.123343
v -0.063568 2.425443 -2.019852
v 0.000000 2.380272 -2.117826
v 0.000000 2.426293 -2.016269
v 0.226688 2.100308 -2.165350
v 0.199916 2.058913 -2.170315
v 0.279720 2.007274 -2.097895
v 0.325018 2.071274 -2.092760
v 0.236809 2.143245 -2.163010
v 0.343428 2.129590 -2.081838
v 0.238019 2.190015 -2.159327
v 0.344717 2.186997 -2.071828
v 0.335772 2.252443 -2.073900
v 0.232763 2.232876 -2.159645
v 0.262973 2.367215 -2.064756
v 0.191640 2.313867 -2.158899
v 0.217572 2.274632 -2.161121
v 0.306643 2.316127 -2.071995
v 0.162290 2.023572 -2.165656
v 0.144775 1.952580 -2.086274
v 0.220197 1.965479 -2.092067
v 0.110786 2.005312 -2.162062
v 0.053960 2.002525 -2.155778
v 0.069104 1.954992 -2.078056
v 0.154549 2.348248 -2.147357
v 0.199940 2.407192 -2.049408
v 0.131225 2.422300 -2.032048
v 0.106525 2.370012 -2.132677
v 0.053374 2.377135 -2.123343
v 0.063568 2.425443 -2.019852
vn -0.4780 -0.5100 0.7151
vn -0.5875 -0.4272 0.6873
vn -0.6420 -0.2075 0.7381
vn -0.5798 -0.2880 0.7622
vn -0.4082 0.5324 0.7415
vn -0.0782 0.7516 0.6549
vn -0.6342 -0.0444 0.7719
vn -0.6111 -0.1226 0.7820
vn -0.5093 0.2956 0.8082
vn -0.5506 0.2610 0.7929
vn -0.6019 0.0407 0.7975
vn -0.5739 0.0909 0.8138
vn -0.6301 -0.0715 0.7732
vn -0.6339 -0.0622 0.7709
vn -0.3228 0.5655 0.7589
vn -0.0732 -0.8775 0.4739
vn -0.1887 -0.8003 0.5691
vn 0.0336 -0.9069 0.4200
vn -0.0362 -0.8831 0.4678
vn -0.0094 -0.9057 0.4237
vn 0.0111 -0.9108 0.4127
vn -0.3231 -0.7372 0.5934
vn -0.3902 -0.6424 0.6596
vn 0.0155 0.8543 0.5195
vn 0.0856 0.8354 0.5429
vn -0.2227 0.7506 0.6221
vn 0.0419 0.8560 0.5153
vn 0.0174 0.8638 0.5036
vn 0.4780 -0.5100 0.7152
vn 0.5875 -0.4272 0.6873
vn 0.6420 -0.2074 0.7381
vn 0.5798 -0.2880 0.7622
vn 0.4082 0.5324 0.7415
vn 0.0782 0.7516 0.6549
vn 0.6342 -0.0444 0.7719
vn 0.6111 -0.1226 0.7820
vn 0.5093 0.2956 0.8082
vn 0.5506 0.2610 0.7929
vn 0.6019 0.0407 0.7975
vn 0.5739 0.0909 0.8138
vn 0.6339 -0.0622 0.7709
vn 0.6301 -0.0715 0.7732
vn 0.3228 0.5655 0.7589
vn 0.0732 -0.8775 0.4739
vn 0.1887 -0.8003 0.5691
vn -0.0336 -0.9069 0.4200
vn 0.0362 -0.8831 0.4678
vn -0.0111 -0.9108 0.4127
vn 0.0094 -0.9057 0.4237
vn 0.3231 -0.7372 0.5934
vn 0.3902 -0.6424 0.6596
vn -0.0155 0.8543 0.5195
vn -0.0856 0.8354 0.5429
vn 0.2227 0.7506 0.6221
vn -0.0174 0.8638 0.5036
vn -0.0419 0.8560 0.5153
s 0
f 3739//3003 3740//3003 3737//3003
f 3739//3004 3737//3004 3738//3004
f 3740//3005 3739//3005 3736//3005
f 3740//3006 3736//3006 3735//3006
f 3743//3007 3728//3007 3741//3007
f 3743//3008 3741//3008 3742//3008
f 3734//3009 3733//3009 3731//3009
f 3734//3010 3731//3010 3732//3010
f 3729//3011 3730//3011 3727//3011
f 3729//3012 3727//3012 3728//3012
f 3730//3013 3732//3013 3731//3013
f 3730//3014 3731//3014 3727//3014
f 3735//3015 3736//3015 3733//3015
f 3735//3016 3733//3016 3734//3016
f 3743//3017 3729//3017 3728//3017
f 3748//3018 3749//3018 3750//3018
f 3748//3019 3750//3019 3747//3019
f 3749//3020 3752//3020 3751//3020
f 3749//3021 3751//3021 3750//3021
f 3725//3022 3751//3022 3752//3022
f 3725//3023 3752//3023 3726//3023
f 3737//3024 3748//3024 3747//3024
f 3737//3025 3747//3025 3738//3025
f 3744//3026 3745//3026 3746//3026
f 3744//3027 3746//3027 3742//3027
f 3744//3028 3742//3028 3741//3028
f 3717//3029 3746//3029 3745//3029
f 3717//3030 3745//3030 3718//3030
f 3709//3031 3710//3031 3707//3031
f 3709//3032 3707//3032 3708//3032
f 3704//3033 3707//3033 3710//3033
f 3704//3034 3710//3034 3705//3034
f 3711//3035 3698//3035 3712//3035
f 3711//3036 3712//3036 3713//3036
f 3701//3037 3703//3037 3706//3037
f 3701//3038 3706//3038 3702//3038
f 3699//3039 3700//3039 3697//3039
f 3699//3040 3697//3040 3698//3040
f 3701//3041 3702//3041 3700//3041
f 3701//3042 3700//3042 3699//3042
f 3705//3043 3706//3043 3703//3043
f 3705//3044 3703//3044 3704//3044
f 3697//3045 3712//3045 3698//3045
f 3721//3046 3722//3046 3720//3046
f 3721//3047 3720//3047 3719//3047
f 3723//3048 3724//3048 3722//3048
f 3723//3049 3722//3049 3721//3049
f 3725//3050 3726//3050 3724//3050
f 3725//3051 3724//3051 3723//3051
f 3719//3052 3720//3052 3709//3052
f 3719//3053 3709//3053 3708//3053
f 3714//3054 3715//3054 3716//3054
f 3714//3055 3716//3055 3713//3055
f 3713//3056 3716//3056 3711//3056
f 3717//3057 3718//3057 3715//3057
f 3717//3058 3715//3058 3714//3058
o Gun_04_havok_s_armor_3_5
v -0.418717 2.032257 -1.974913
v -0.434907 2.022439 -1.916402
v -0.376934 1.955712 -1.936873
v -0.356536 1.961463 -1.990929
v -0.447230 2.099170 -1.958144
v -0.462582 2.082784 -1.892657
v -0.462677 2.301969 -1.858015
v -0.483205 2.191025 -1.851683
v -0.452205 2.184493 -1.949511
v -0.441034 2.274284 -1.949611
v -0.186915 1.879572 -1.939617
v -0.174050 1.897173 -1.990941
v -0.266703 1.912077 -1.995810
v -0.281008 1.898652 -1.944712
v -0.091283 1.875133 -1.934186
v -0.085498 1.895866 -1.985511
v 0.000000 1.894850 -1.982645
v 0.091284 1.875133 -1.934186
v -0.414966 2.336323 -1.947472
v -0.438950 2.352813 -1.861020
v -0.381075 2.384881 -1.941930
v -0.404046 2.400204 -1.860706
v -0.336367 2.424105 -1.937923
v -0.360035 2.439046 -1.857203
v -0.286227 2.452744 -1.932324
v -0.306301 2.469234 -1.850864
v -0.241525 2.489973 -1.843809
v -0.225682 2.471915 -1.922485
v -0.154804 2.480438 -1.907558
v -0.167092 2.500329 -1.837159
v -0.077224 2.483736 -1.897078
v -0.084849 2.502451 -1.830253
v 0.000000 2.485349 -1.892217
v 0.000000 2.501241 -1.827971
v 0.418717 2.032257 -1.974913
v 0.356537 1.961463 -1.990929
v 0.376934 1.955712 -1.936873
v 0.434907 2.022439 -1.916402
v 0.462583 2.082784 -1.892657
v 0.447230 2.099170 -1.958144
v 0.452206 2.184493 -1.949511
v 0.483206 2.191025 -1.851683
v 0.462677 2.301969 -1.858015
v 0.441034 2.274284 -1.949611
v 0.174051 1.897173 -1.990941
v 0.085498 1.895866 -1.985511
v 0.186915 1.879572 -1.939617
v 0.266704 1.912077 -1.995810
v 0.281008 1.898652 -1.944712
v 0.438951 2.352813 -1.861020
v 0.414966 2.336323 -1.947472
v 0.381075 2.384881 -1.941930
v 0.404047 2.400204 -1.860706
v 0.360035 2.439046 -1.857203
v 0.336367 2.424105 -1.937923
v 0.306301 2.469234 -1.850864
v 0.286227 2.452744 -1.932324
v 0.241525 2.489973 -1.843809
v 0.225682 2.471915 -1.922485
v 0.167093 2.500329 -1.837159
v 0.154804 2.480438 -1.907558
v 0.084849 2.502451 -1.830253
v 0.077225 2.483736 -1.897078
vn 0.0015 0.9273 0.3744
vn -0.0251 0.9437 0.3299
vn 0.0092 0.9275 0.3737
vn -0.4666 0.8146 0.3446
vn -0.5077 0.8153 0.2783
vn -0.1744 0.9392 0.2956
vn -0.1307 0.9273 0.3508
vn -0.9082 0.3029 0.2887
vn -0.9021 0.3089 0.3014
vn -0.7631 0.5689 0.3066
vn -0.7431 0.5754 0.3416
vn -0.9535 0.0252 0.3005
vn -0.9645 0.0897 0.2485
vn -0.9577 -0.1189 0.2622
vn -0.9385 -0.1561 0.3078
vn -0.0561 -0.9582 0.2805
vn -0.1123 -0.9633 0.2437
vn -0.2518 -0.9310 0.2644
vn -0.2697 -0.9287 0.2544
vn 0.0209 -0.9634 0.2674
vn -0.0052 -0.9707 0.2401
vn -0.0044 -0.9628 0.2702
vn -0.0020 -0.9622 0.2722
vn -0.7614 -0.5629 0.3215
vn -0.7598 -0.5667 0.3189
vn -0.8673 -0.3861 0.3143
vn -0.8697 -0.3764 0.3193
vn -0.4518 -0.8462 0.2826
vn -0.4432 -0.8492 0.2871
vn -0.6102 -0.7275 0.3136
vn -0.6149 -0.7248 0.3106
vn -0.0092 0.9275 0.3737
vn 0.0251 0.9437 0.3299
vn 0.1745 0.9392 0.2956
vn 0.1307 0.9273 0.3508
vn 0.4666 0.8146 0.3446
vn 0.5077 0.8153 0.2783
vn -0.0000 0.9263 0.3769
vn -0.0015 0.9273 0.3744
vn 0.9082 0.3029 0.2887
vn 0.9021 0.3089 0.3014
vn 0.7431 0.5754 0.3416
vn 0.7631 0.5689 0.3066
vn 0.9535 0.0252 0.3005
vn 0.9645 0.0897 0.2485
vn 0.9577 -0.1189 0.2622
vn 0.9385 -0.1561 0.3078
vn 0.0561 -0.9582 0.2805
vn 0.1123 -0.9633 0.2437
vn 0.2518 -0.9310 0.2644
vn 0.2696 -0.9287 0.2544
vn 0.0052 -0.9707 0.2401
vn -0.0209 -0.9634 0.2674
vn 0.0044 -0.9628 0.2702
vn 0.0020 -0.9622 0.2722
vn 0.7614 -0.5629 0.3215
vn 0.7598 -0.5667 0.3189
vn 0.8673 -0.3861 0.3143
vn 0.8697 -0.3764 0.3193
vn 0.4518 -0.8462 0.2826
vn 0.4432 -0.8492 0.2871
vn 0.6102 -0.7276 0.3136
vn 0.6149 -0.7248 0.3106
s 0
f 3770//3059 3798//3059 3769//3059
f 3770//3060 3799//3060 3797//3060
f 3770//3061 3797//3061 3798//3061
f 3788//3062 3800//3062 3801//3062
f 3788//3063 3801//3063 3789//3063
f 3799//3064 3801//3064 3800//3064
f 3799//3065 3800//3065 3797//3065
f 3790//3066 3791//3066 3792//3066
f 3790//3067 3792//3067 3787//3067
f 3789//3068 3790//3068 3787//3068
f 3789//3069 3787//3069 3788//3069
f 3794//3070 3793//3070 3792//3070
f 3794//3071 3792//3071 3791//3071
f 3795//3072 3796//3072 3793//3072
f 3795//3073 3793//3073 3794//3073
f 3812//3074 3813//3074 3811//3074
f 3812//3075 3811//3075 3810//3075
f 3810//3076 3811//3076 3809//3076
f 3810//3077 3809//3077 3808//3077
f 3815//3078 3814//3078 3786//3078
f 3815//3079 3786//3079 3785//3079
f 3814//3080 3815//3080 3813//3080
f 3814//3081 3813//3081 3812//3081
f 3802//3082 3805//3082 3804//3082
f 3802//3083 3804//3083 3803//3083
f 3795//3084 3802//3084 3803//3084
f 3795//3085 3803//3085 3796//3085
f 3808//3086 3809//3086 3807//3086
f 3808//3087 3807//3087 3806//3087
f 3806//3088 3807//3088 3804//3088
f 3806//3089 3804//3089 3805//3089
f 3767//3090 3768//3090 3764//3090
f 3767//3091 3764//3091 3763//3091
f 3765//3092 3766//3092 3763//3092
f 3765//3093 3763//3093 3764//3093
f 3766//3094 3765//3094 3756//3094
f 3766//3095 3756//3095 3755//3095
f 3767//3096 3770//3096 3769//3096
f 3767//3097 3769//3097 3768//3097
f 3757//3098 3758//3098 3754//3098
f 3757//3099 3754//3099 3753//3099
f 3755//3100 3756//3100 3753//3100
f 3755//3101 3753//3101 3754//3101
f 3757//3102 3761//3102 3760//3102
f 3757//3103 3760//3103 3758//3103
f 3761//3104 3762//3104 3759//3104
f 3761//3105 3759//3105 3760//3105
f 3780//3106 3781//3106 3782//3106
f 3780//3107 3782//3107 3779//3107
f 3777//3108 3780//3108 3779//3108
f 3777//3109 3779//3109 3778//3109
f 3783//3110 3785//3110 3786//3110
f 3783//3111 3786//3111 3784//3111
f 3781//3112 3783//3112 3784//3112
f 3781//3113 3784//3113 3782//3113
f 3773//3114 3774//3114 3772//3114
f 3773//3115 3772//3115 3771//3115
f 3771//3116 3772//3116 3759//3116
f 3771//3117 3759//3117 3762//3117
f 3775//3118 3777//3118 3778//3118
f 3775//3119 3778//3119 3776//3119
f 3773//3120 3775//3120 3776//3120
f 3773//3121 3776//3121 3774//3121
o Gun_04_havok_s_armor_5_6
v -0.412394 2.281425 -1.846986
v -0.424567 2.187867 -1.843191
v -0.483205 2.191025 -1.851683
v -0.462677 2.301969 -1.858015
v -0.391330 2.320954 -1.846784
v -0.438950 2.352813 -1.861020
v -0.415794 2.084042 -1.882658
v -0.462582 2.082784 -1.892657
v -0.376934 1.955712 -1.936873
v -0.434907 2.022439 -1.916402
v -0.405281 2.031369 -1.907161
v -0.356901 1.970123 -1.926465
v -0.272598 1.937697 -1.925559
v -0.177616 1.930531 -1.915032
v -0.186915 1.879572 -1.939617
v -0.281008 1.898652 -1.944712
v -0.089892 1.924794 -1.908396
v -0.091283 1.875133 -1.934186
v 0.186915 1.879572 -1.939617
v 0.177616 1.930531 -1.915032
v 0.272599 1.937697 -1.925559
v 0.281008 1.898652 -1.944712
v 0.091284 1.875133 -1.934186
v 0.089893 1.924794 -1.908396
v 0.405281 2.031369 -1.907161
v 0.434907 2.022439 -1.916402
v 0.376934 1.955712 -1.936873
v 0.356901 1.970123 -1.926465
v 0.415794 2.084042 -1.882658
v 0.462583 2.082784 -1.892657
v 0.424568 2.187867 -1.843191
v 0.483206 2.191025 -1.851683
v 0.412394 2.281425 -1.846986
v 0.462677 2.301969 -1.858015
v -0.360035 2.439046 -1.857203
v -0.306301 2.469234 -1.850864
v -0.319730 2.387372 -1.839176
v -0.358998 2.357640 -1.843664
v -0.273080 2.412794 -1.834682
v -0.241525 2.489973 -1.843809
v -0.217814 2.433699 -1.830097
v -0.404046 2.400204 -1.860706
v -0.167092 2.500329 -1.837159
v -0.153304 2.447283 -1.825490
v -0.084849 2.502451 -1.830253
v -0.079593 2.453009 -1.820385
v 0.000000 2.501241 -1.827971
v 0.000000 2.454437 -1.817676
v 0.084849 2.502451 -1.830253
v 0.079593 2.453009 -1.820385
v 0.319730 2.387372 -1.839176
v 0.306301 2.469234 -1.850864
v 0.360035 2.439046 -1.857203
v 0.358999 2.357640 -1.843664
v 0.273081 2.412794 -1.834682
v 0.217815 2.433699 -1.830097
v 0.241525 2.489973 -1.843809
v 0.153304 2.447283 -1.825490
v 0.167093 2.500329 -1.837159
v 0.391330 2.320954 -1.846784
v 0.438951 2.352813 -1.861020
v 0.404047 2.400204 -1.860706
vn 0.0823 -0.1866 -0.9790
vn 0.0870 -0.1924 -0.9775
vn 0.1090 -0.1864 -0.9764
vn 0.1135 -0.1898 -0.9752
vn -0.0236 -0.1932 -0.9809
vn -0.0371 -0.2147 -0.9760
vn 0.0371 -0.2147 -0.9760
vn 0.0236 -0.1932 -0.9809
vn 0.1470 -0.1752 -0.9735
vn 0.1637 -0.1816 -0.9696
vn 0.1851 -0.1686 -0.9681
vn 0.1972 -0.1388 -0.9705
vn 0.2157 -0.1575 -0.9637
vn 0.2407 -0.1303 -0.9618
vn -0.1918 -0.1469 -0.9704
vn -0.1782 -0.0899 -0.9799
vn -0.0870 -0.1924 -0.9775
vn -0.0823 -0.1866 -0.9790
vn -0.2407 -0.1303 -0.9618
vn -0.2157 -0.1575 -0.9637
vn -0.1972 -0.1388 -0.9705
vn -0.1851 -0.1686 -0.9681
vn -0.2286 -0.1569 -0.9608
vn -0.2101 -0.1719 -0.9625
vn -0.1090 -0.1864 -0.9764
vn -0.1135 -0.1898 -0.9752
vn -0.1470 -0.1752 -0.9735
vn -0.1637 -0.1816 -0.9696
vn 0.2286 -0.1569 -0.9608
vn 0.2101 -0.1719 -0.9625
vn 0.1326 0.4133 -0.9009
vn 0.1310 0.4113 -0.9020
vn 0.1435 0.4408 -0.8860
vn 0.1776 0.4298 -0.8853
vn 0.1656 0.4053 -0.8990
vn 0.1706 0.4099 -0.8960
vn 0.0968 0.4566 -0.8844
vn 0.0709 0.4229 -0.9034
vn 0.1918 -0.1469 -0.9704
vn 0.1782 -0.0899 -0.9799
vn 0.1786 -0.0890 -0.9799
vn 0.1400 -0.0583 -0.9884
vn 0.1671 0.4140 -0.8948
vn 0.1562 0.4112 -0.8981
vn 0.1854 0.3628 -0.9132
vn 0.1526 0.3752 -0.9143
vn -0.1706 0.4099 -0.8960
vn -0.1656 0.4053 -0.8990
vn -0.1776 0.4298 -0.8853
vn -0.1435 0.4408 -0.8860
vn -0.1786 -0.0890 -0.9799
vn -0.1400 -0.0583 -0.9884
vn -0.1526 0.3752 -0.9143
vn -0.1854 0.3628 -0.9132
vn -0.0968 0.4566 -0.8844
vn -0.0709 0.4229 -0.9034
vn -0.1326 0.4133 -0.9009
vn -0.1310 0.4113 -0.9020
vn -0.1671 0.4140 -0.8948
vn -0.1562 0.4112 -0.8981
vn -0.0000 0.4609 -0.8875
s 0
f 3860//3122 3861//3122 3859//3122
f 3860//3123 3859//3123 3858//3123
f 3858//3124 3859//3124 3856//3124
f 3858//3125 3856//3125 3855//3125
f 3862//3126 3864//3126 3865//3126
f 3862//3127 3865//3127 3863//3127
f 3862//3128 3863//3128 3861//3128
f 3862//3129 3861//3129 3860//3129
f 3855//3130 3856//3130 3854//3130
f 3855//3131 3854//3131 3851//3131
f 3851//3132 3854//3132 3852//3132
f 3821//3133 3857//3133 3820//3133
f 3857//3134 3850//3134 3853//3134
f 3857//3135 3853//3135 3820//3135
f 3875//3136 3876//3136 3849//3136
f 3875//3137 3849//3137 3848//3137
f 3864//3138 3874//3138 3873//3138
f 3864//3139 3873//3139 3865//3139
f 3877//3140 3875//3140 3869//3140
f 3877//3141 3869//3141 3868//3141
f 3876//3142 3875//3142 3877//3142
f 3866//3143 3870//3143 3867//3143
f 3868//3144 3869//3144 3866//3144
f 3868//3145 3866//3145 3867//3145
f 3871//3146 3873//3146 3874//3146
f 3871//3147 3874//3147 3872//3147
f 3870//3148 3871//3148 3872//3148
f 3870//3149 3872//3149 3867//3149
f 3852//3150 3853//3150 3850//3150
f 3852//3151 3850//3151 3851//3151
f 3830//3152 3831//3152 3828//3152
f 3830//3153 3828//3153 3829//3153
f 3822//3154 3826//3154 3825//3154
f 3822//3155 3825//3155 3823//3155
f 3827//3156 3828//3156 3831//3156
f 3827//3157 3831//3157 3824//3157
f 3829//3158 3832//3158 3833//3158
f 3829//3159 3833//3159 3830//3159
f 3819//3160 3821//3160 3820//3160
f 3819//3161 3820//3161 3816//3161
f 3818//3162 3819//3162 3816//3162
f 3818//3163 3816//3163 3817//3163
f 3826//3164 3827//3164 3824//3164
f 3826//3165 3824//3165 3825//3165
f 3817//3166 3822//3166 3823//3166
f 3817//3167 3823//3167 3818//3167
f 3843//3168 3842//3168 3837//3168
f 3843//3169 3837//3169 3836//3169
f 3844//3170 3845//3170 3841//3170
f 3844//3171 3841//3171 3840//3171
f 3848//3172 3849//3172 3847//3172
f 3848//3173 3847//3173 3846//3173
f 3846//3174 3847//3174 3845//3174
f 3846//3175 3845//3175 3844//3175
f 3838//3176 3839//3176 3835//3176
f 3838//3177 3835//3177 3834//3177
f 3836//3178 3837//3178 3834//3178
f 3836//3179 3834//3179 3835//3179
f 3842//3180 3843//3180 3840//3180
f 3842//3181 3840//3181 3841//3181
f 3832//3182 3839//3182 3838//3182
f 3832//3182 3838//3182 3833//3182
